op_name,pe,freq_mhz,energy_consumed_uj,executiontime_ns,average_waittime_ns
POTRF(0),0,240,10537128,491832320,0
TRSM(1;0),0,240,32120115,1476915200,0
TRSM(2;0),0,240,32562207,1476883456,0
TRSM(3;0),0,240,32086840,1476908032,0
TRSM(4;0),0,240,32515899,1476941824,0
TRSM(5;0),0,240,32674603,1476915200,0
TRSM(6;0),0,240,32699057,1476936704,0
TRSM(7;0),0,240,32727442,1476914176,0
SYRK(4;0),0,240,30235295,1363446784,0
GEMM(5;4;0),0,240,59697241,2727611392,0
GEMM(6;4;0),0,240,59838636,2727618560,0
GEMM(7;4;0),0,240,59553495,2727621632,0
SYRK(4;1),0,240,342536627,16166135808,119165384294
GEMM(5;4;1),0,240,352086379,16294975488,21709
GEMM(6;4;1),0,240,357504095,16631384064,22528
GEMM(7;4;1),0,240,348932967,16450609152,22528
SYRK(4;2),0,240,380875132,17633589248,34498528461
GEMM(5;4;2),0,240,381678518,17270180864,21709
GEMM(6;4;2),0,240,374886347,17669014528,21914
GEMM(7;4;2),0,240,339419470,16125227008,22118
SYRK(4;3),0,240,29599677,1363610624,3388246221
GEMM(5;4;3),0,240,346564238,16161798144,113314202
GEMM(6;4;3),0,240,372355104,17100160000,22528
GEMM(7;4;3),0,240,255605878,12086743040,22118
POTRF(4),0,240,10557362,491836416,0
TRSM(5;4),0,240,32043829,1476935680,0
TRSM(6;4),0,240,32536519,1476897792,0
TRSM(7;4),0,240,31997018,1476917248,0
POTRF(0),0,240,10524263,491824128,0
TRSM(1;0),0,240,32059886,1476904960,0
TRSM(2;0),0,240,32507206,1476897792,0
TRSM(3;0),0,240,32044510,1476912128,0
TRSM(4;0),0,240,32486080,1476942848,0
TRSM(5;0),0,240,32633619,1476911104,0
TRSM(6;0),0,240,32635829,1476919296,0
TRSM(7;0),0,240,32702932,1476905984,0
SYRK(4;0),0,240,30218942,1363447808,0
GEMM(5;4;0),0,240,59811611,2727657472,0
GEMM(6;4;0),0,240,59570912,2727603200,0
GEMM(7;4;0),0,240,59669145,2727650304,0
SYRK(4;1),0,240,352721119,16381353984,119165384294
GEMM(5;4;1),0,240,355758400,16616611840,21709
GEMM(6;4;1),0,240,363266935,16805452800,22528
GEMM(7;4;1),0,240,359269393,17004694528,22528
SYRK(4;2),0,240,382955215,17571535872,34498528461
GEMM(5;4;2),0,240,383784184,17714392064,21709
GEMM(6;4;2),0,240,368548321,17479797760,21914
GEMM(7;4;2),0,240,330326122,15493716992,22118
SYRK(4;3),0,240,29599820,1363599360,3388246221
GEMM(5;4;3),0,240,357804428,16470162432,113314202
GEMM(6;4;3),0,240,368457485,17097334784,22528
GEMM(7;4;3),0,240,264028982,12475792384,22118
POTRF(4),0,240,10523191,491827200,0
TRSM(5;4),0,240,32113152,1476933632,0
TRSM(6;4),0,240,32557030,1476898816,0
TRSM(7;4),0,240,32002703,1476914176,0
POTRF(0),0,240,10381895,491820032,0
TRSM(1;0),0,240,32131539,1476919296,0
TRSM(2;0),0,240,32526018,1476893696,0
TRSM(3;0),0,240,32011946,1476915200,0
TRSM(4;0),0,240,32513951,1476924416,0
TRSM(5;0),0,240,32646648,1476920320,0
TRSM(6;0),0,240,32634176,1476918272,0
TRSM(7;0),0,240,32696237,1476922368,0
SYRK(4;0),0,240,30192794,1363446784,0
GEMM(5;4;0),0,240,59841196,2727628800,0
GEMM(6;4;0),0,240,59616180,2727608320,0
GEMM(7;4;0),0,240,59666072,2727621632,0
SYRK(4;1),0,240,359435691,16848605184,119165384294
GEMM(5;4;1),0,240,374862618,16717825024,21709
GEMM(6;4;1),0,240,344756132,16754380800,22528
GEMM(7;4;1),0,240,339425893,16110505984,22528
SYRK(4;2),0,240,383540159,17824944128,34498528461
GEMM(5;4;2),0,240,369805652,16959514624,21709
GEMM(6;4;2),0,240,365167914,17131560960,21914
GEMM(7;4;2),0,240,321496186,15053693952,22118
SYRK(4;3),0,240,29555011,1363609600,3388246221
GEMM(5;4;3),0,240,362545790,16744382464,113314202
GEMM(6;4;3),0,240,375069440,17319469056,22528
GEMM(7;4;3),0,240,301116315,14371520512,22118
POTRF(4),0,240,10550467,491840512,0
TRSM(5;4),0,240,32107358,1476925440,0
TRSM(6;4),0,240,32549037,1476905984,0
TRSM(7;4),0,240,31017788,1476914176,0
POTRF(0),0,240,10452171,491821056,0
TRSM(1;0),0,240,32055762,1476917248,0
TRSM(2;0),0,240,32537927,1476888576,0
TRSM(3;0),0,240,32056151,1476902912,0
TRSM(4;0),0,240,32489807,1476935680,0
TRSM(5;0),0,240,32615655,1476922368,0
TRSM(6;0),0,240,32665321,1476920320,0
TRSM(7;0),0,240,32708694,1476907008,0
SYRK(4;0),0,240,30206887,1363447808,0
GEMM(5;4;0),0,240,59814049,2727630848,0
GEMM(6;4;0),0,240,59678607,2727593984,0
GEMM(7;4;0),0,240,59484726,2727621632,0
SYRK(4;1),0,240,370021192,17266796544,119165384294
GEMM(5;4;1),0,240,363347587,17117767680,21709
GEMM(6;4;1),0,240,371692753,17124468736,22528
GEMM(7;4;1),0,240,351188890,16775108608,22528
SYRK(4;2),0,240,381625469,17648292864,34498528461
GEMM(5;4;2),0,240,369542978,16950771712,21709
GEMM(6;4;2),0,240,367702146,17409170432,21914
GEMM(7;4;2),0,240,340197491,16011059200,22118
SYRK(4;3),0,240,29770672,1363617792,3388246221
GEMM(5;4;3),0,240,359876729,16561060864,113314202
GEMM(6;4;3),0,240,366330766,17117410304,22528
GEMM(7;4;3),0,240,271762640,12781767680,22118
POTRF(4),0,240,10626486,491837440,0
TRSM(5;4),0,240,31979708,1476919296,0
TRSM(6;4),0,240,32555042,1476899840,0
TRSM(7;4),0,240,32013646,1476923392,0
POTRF(0),0,240,10489606,491811840,0
TRSM(1;0),0,240,32039187,1476925440,0
TRSM(2;0),0,240,32503008,1476893696,0
TRSM(3;0),0,240,32034858,1476904960,0
TRSM(4;0),0,240,32518767,1476922368,0
TRSM(5;0),0,240,32641826,1476923392,0
TRSM(6;0),0,240,32645754,1476943872,0
TRSM(7;0),0,240,32687428,1476911104,0
SYRK(4;0),0,240,30205197,1363446784,0
GEMM(5;4;0),0,240,59762634,2727634944,0
GEMM(6;4;0),0,240,59615103,2727604224,0
GEMM(7;4;0),0,240,59595363,2727623680,0
SYRK(4;1),0,240,372797409,17240156160,119165384294
GEMM(5;4;1),0,240,359281893,17214305280,21709
GEMM(6;4;1),0,240,382498558,17440289792,22528
GEMM(7;4;1),0,240,357248363,16939067392,22528
SYRK(4;2),0,240,373730381,17657711616,34498528461
GEMM(5;4;2),0,240,377237808,17243864064,21709
GEMM(6;4;2),0,240,376292346,17724490752,21914
GEMM(7;4;2),0,240,344876664,16140411904,22118
SYRK(4;3),0,240,29555003,1363613696,3388246221
GEMM(5;4;3),0,240,358632683,16789743616,113314202
GEMM(6;4;3),0,240,364957922,16629274624,22528
GEMM(7;4;3),0,240,298374321,14186474496,22118
POTRF(4),0,240,10631426,491825152,0
TRSM(5;4),0,240,31971617,1476923392,0
TRSM(6;4),0,240,32612013,1476908032,0
TRSM(7;4),0,240,31927464,1476914176,0
POTRF(0),0,315,8001968,374732800,0
TRSM(1;0),0,315,24857172,1125296128,0
TRSM(2;0),0,315,25330447,1125288960,0
TRSM(3;0),0,315,24830050,1125315584,0
TRSM(4;0),0,315,25188294,1125306368,0
TRSM(5;0),0,315,25365603,1125331968,0
TRSM(6;0),0,315,25365840,1125327872,0
TRSM(7;0),0,315,25356666,1125299200,0
SYRK(4;0),0,315,23285572,1038818304,0
GEMM(5;4;0),0,315,46360819,2078188544,0
GEMM(6;4;0),0,315,46495399,2078182400,0
GEMM(7;4;0),0,315,46286259,2078198784,0
SYRK(4;1),0,315,372439899,16733374464,115837199565
GEMM(5;4;1),0,315,351687778,16395781120,16998
GEMM(6;4;1),0,315,350039289,16102348800,17613
GEMM(7;4;1),0,315,354698217,16814877696,17818
SYRK(4;2),0,315,378742012,17603238912,31807450317
GEMM(5;4;2),0,315,376894697,17523046400,17408
GEMM(6;4;2),0,315,379592863,17403339776,17408
GEMM(7;4;2),0,315,339184488,15818311680,17408
SYRK(4;3),0,315,22830511,1038996480,2577969766
GEMM(5;4;3),0,315,346251779,15813134336,86320333
GEMM(6;4;3),0,315,349926954,16042953728,17818
GEMM(7;4;3),0,315,264510856,12475862016,18227
POTRF(4),0,315,8134829,374734848,0
TRSM(5;4),0,315,24896313,1125315584,0
TRSM(6;4),0,315,25294257,1125315584,0
TRSM(7;4),0,315,24696950,1125299200,0
POTRF(0),0,315,8153066,374742016,0
TRSM(1;0),0,315,24644516,1125293056,0
TRSM(2;0),0,315,25367489,1125292032,0
TRSM(3;0),0,315,24774552,1125302272,0
TRSM(4;0),0,315,25112509,1125291008,0
TRSM(5;0),0,315,25255577,1125326848,0
TRSM(6;0),0,315,25286470,1125332992,0
TRSM(7;0),0,315,25268621,1125305344,0
SYRK(4;0),0,315,23489517,1038818304,0
GEMM(5;4;0),0,315,46184471,2078191616,0
GEMM(6;4;0),0,315,46290973,2078175232,0
GEMM(7;4;0),0,315,46283011,2078196736,0
SYRK(4;1),0,315,364981612,16546366464,115837199565
GEMM(5;4;1),0,315,353592989,16513927168,16998
GEMM(6;4;1),0,315,345289201,16337930240,17613
GEMM(7;4;1),0,315,360461776,16595986432,17818
SYRK(4;2),0,315,404758036,18096538624,31807450317
GEMM(5;4;2),0,315,374764579,18025724928,17408
GEMM(6;4;2),0,315,379844118,17552381952,17408
GEMM(7;4;2),0,315,321361941,14794804224,17408
SYRK(4;3),0,315,23134520,1038990336,2577969766
GEMM(5;4;3),0,315,376824820,17292736512,86320333
GEMM(6;4;3),0,315,366263469,16924294144,17818
GEMM(7;4;3),0,315,294768079,13778156544,18227
POTRF(4),0,315,8218134,374737920,0
TRSM(5;4),0,315,24744936,1125311488,0
TRSM(6;4),0,315,25309947,1125313536,0
TRSM(7;4),0,315,24765983,1125314560,0
POTRF(0),0,315,8184161,374739968,0
TRSM(1;0),0,315,24769635,1125317632,0
TRSM(2;0),0,315,25288355,1125301248,0
TRSM(3;0),0,315,24785521,1125304320,0
TRSM(4;0),0,315,25166615,1125306368,0
TRSM(5;0),0,315,25312186,1125316608,0
TRSM(6;0),0,315,25311252,1125319680,0
TRSM(7;0),0,315,25306575,1125312512,0
SYRK(4;0),0,315,23526699,1038818304,0
GEMM(5;4;0),0,315,46202643,2078193664,0
GEMM(6;4;0),0,315,46317559,2078190592,0
GEMM(7;4;0),0,315,46250301,2078191616,0
SYRK(4;1),0,315,341907080,15869490176,115837199565
GEMM(5;4;1),0,315,349765012,16118799360,16998
GEMM(6;4;1),0,315,350210702,16360007680,17613
GEMM(7;4;1),0,315,347108234,16240865280,17818
SYRK(4;2),0,315,397650522,18214921216,31807450317
GEMM(5;4;2),0,315,374609885,17618260992,17408
GEMM(6;4;2),0,315,383479010,17553669120,17408
GEMM(7;4;2),0,315,324862403,15188081664,17408
SYRK(4;3),0,315,22830749,1038999552,2577969766
GEMM(5;4;3),0,315,371107119,16990128128,86320333
GEMM(6;4;3),0,315,366111081,16947732480,17818
GEMM(7;4;3),0,315,293625114,13714333696,18227
POTRF(4),0,315,8335741,374732800,0
TRSM(5;4),0,315,24746927,1125316608,0
TRSM(6;4),0,315,25291440,1125306368,0
TRSM(7;4),0,315,24761482,1125314560,0
POTRF(0),0,315,8182509,374736896,0
TRSM(1;0),0,315,24737282,1125309440,0
TRSM(2;0),0,315,25258791,1125299200,0
TRSM(3;0),0,315,24791788,1125312512,0
TRSM(4;0),0,315,25090682,1125296128,0
TRSM(5;0),0,315,25254788,1125328896,0
TRSM(6;0),0,315,25270616,1125312512,0
TRSM(7;0),0,315,25283846,1125302272,0
SYRK(4;0),0,315,23502234,1038818304,0
GEMM(5;4;0),0,315,46159538,2078203904,0
GEMM(6;4;0),0,315,46296603,2078191616,0
GEMM(7;4;0),0,315,46241598,2078188544,0
SYRK(4;1),0,315,364904242,16502205440,115837199565
GEMM(5;4;1),0,315,348106503,16462380032,16998
GEMM(6;4;1),0,315,366600157,16619591680,17613
GEMM(7;4;1),0,315,347495714,16385187840,17818
SYRK(4;2),0,315,392167703,17852746752,31807450317
GEMM(5;4;2),0,315,385586428,17812413440,17408
GEMM(6;4;2),0,315,380065930,17652925440,17408
GEMM(7;4;2),0,315,322281746,15085936640,17408
SYRK(4;3),0,315,22939271,1039007744,2577969766
GEMM(5;4;3),0,315,355663366,16094489600,86320333
GEMM(6;4;3),0,315,356387925,16758949888,17818
GEMM(7;4;3),0,315,284902407,13194927104,18227
POTRF(4),0,315,7049478,374736896,0
TRSM(5;4),0,315,24836390,1125325824,0
TRSM(6;4),0,315,25276383,1125305344,0
TRSM(7;4),0,315,24770244,1125309440,0
POTRF(0),0,315,8311824,374742016,0
TRSM(1;0),0,315,24724675,1125307392,0
TRSM(2;0),0,315,25269489,1125279744,0
TRSM(3;0),0,315,24802908,1125304320,0
TRSM(4;0),0,315,25142204,1125293056,0
TRSM(5;0),0,315,25285927,1125321728,0
TRSM(6;0),0,315,25307916,1125315584,0
TRSM(7;0),0,315,25265505,1125303296,0
SYRK(4;0),0,315,23516675,1038818304,0
GEMM(5;4;0),0,315,46161619,2078195712,0
GEMM(6;4;0),0,315,46259981,2078171136,0
GEMM(7;4;0),0,315,46259931,2078208000,0
SYRK(4;1),0,315,359275301,16477042688,115837199565
GEMM(5;4;1),0,315,363059876,16635319296,16998
GEMM(6;4;1),0,315,344168279,16183949312,17613
GEMM(7;4;1),0,315,358241625,16540958720,17818
SYRK(4;2),0,315,389106799,17984972800,31807450317
GEMM(5;4;2),0,315,394609201,17856458752,17408
GEMM(6;4;2),0,315,382818880,17930288128,17408
GEMM(7;4;2),0,315,345308515,16275394560,17408
SYRK(4;3),0,315,22975980,1039000576,2577969766
GEMM(5;4;3),0,315,355314679,16531982336,86320333
GEMM(6;4;3),0,315,363778951,16675904512,17818
GEMM(7;4;3),0,315,309017753,14332852224,18227
POTRF(4),0,315,7219153,374736896,0
TRSM(5;4),0,315,24734188,1125306368,0
TRSM(6;4),0,315,25279727,1125284864,0
TRSM(7;4),0,315,24748090,1125302272,0
POTRF(0),0,390,6821190,302685184,0
TRSM(1;0),0,390,20319404,908929024,0
TRSM(2;0),0,390,20827315,908922880,0
TRSM(3;0),0,390,20375374,908932096,0
TRSM(4;0),0,390,20710059,908949504,0
TRSM(5;0),0,390,20792670,908954624,0
TRSM(6;0),0,390,20836655,908944384,0
TRSM(7;0),0,390,20838258,908947456,0
SYRK(4;0),0,390,19307862,839046144,0
GEMM(5;4;0),0,390,37922643,1678553088,0
GEMM(6;4;0),0,390,38212273,1678532608,0
GEMM(7;4;0),0,390,38033167,1678558208,0
SYRK(4;1),0,390,358904874,16814028800,119460724122
GEMM(5;4;1),0,390,367755102,16629337088,14336
GEMM(6;4;1),0,390,356366266,16658258944,14950
GEMM(7;4;1),0,390,364154303,16627231744,14950
SYRK(4;2),0,390,387912107,17732720640,31133470515
GEMM(5;4;2),0,390,377104473,17046435840,14541
GEMM(6;4;2),0,390,367775816,17150185472,14950
GEMM(7;4;2),0,390,334383225,15245620224,14950
SYRK(4;3),0,390,18923653,839258112,2080060621
GEMM(5;4;3),0,390,361517717,15897843712,69689754
GEMM(6;4;3),0,390,342389895,16213421056,14746
GEMM(7;4;3),0,390,299701549,13745735680,15155
POTRF(4),0,390,7195780,302675968,0
TRSM(5;4),0,390,20374758,908944384,0
TRSM(6;4),0,390,20843305,908940288,0
TRSM(7;4),0,390,20383293,908936192,0
POTRF(0),0,390,6753123,302683136,0
TRSM(1;0),0,390,20434841,908932096,0
TRSM(2;0),0,390,20846638,908922880,0
TRSM(3;0),0,390,20439818,908935168,0
TRSM(4;0),0,390,20719526,908961792,0
TRSM(5;0),0,390,20828081,908957696,0
TRSM(6;0),0,390,20804817,908950528,0
TRSM(7;0),0,390,20841011,908966912,0
SYRK(4;0),0,390,19281762,839045120,0
GEMM(5;4;0),0,390,38156274,1678556160,0
GEMM(6;4;0),0,390,38027797,1678530560,0
GEMM(7;4;0),0,390,38120029,1678556160,0
SYRK(4;1),0,390,372671850,16544274432,119460724122
GEMM(5;4;1),0,390,379823697,17128022016,14336
GEMM(6;4;1),0,390,360316029,16884286464,14950
GEMM(7;4;1),0,390,354204184,16329587712,14950
SYRK(4;2),0,390,390058779,17759341568,31133470515
GEMM(5;4;2),0,390,384425244,17555329024,14541
GEMM(6;4;2),0,390,362804539,16587754496,14950
GEMM(7;4;2),0,390,341600656,15816217600,14950
SYRK(4;3),0,390,19000578,839241728,2080060621
GEMM(5;4;3),0,390,354647180,16252913664,69689754
GEMM(6;4;3),0,390,357384442,16144184320,14746
GEMM(7;4;3),0,390,261815307,12074208256,15155
POTRF(4),0,390,6932199,302681088,0
TRSM(5;4),0,390,20383554,908950528,0
TRSM(6;4),0,390,20872440,908925952,0
TRSM(7;4),0,390,20393627,908937216,0
POTRF(0),0,390,6743631,302683136,0
TRSM(1;0),0,390,20422886,908938240,0
TRSM(2;0),0,390,20864592,908921856,0
TRSM(3;0),0,390,20430358,908924928,0
TRSM(4;0),0,390,20724659,908960768,0
TRSM(5;0),0,390,20846883,908959744,0
TRSM(6;0),0,390,20865338,908958720,0
TRSM(7;0),0,390,20865104,908951552,0
SYRK(4;0),0,390,19327517,839045120,0
GEMM(5;4;0),0,390,38173411,1678553088,0
GEMM(6;4;0),0,390,37995953,1678521344,0
GEMM(7;4;0),0,390,37098620,1678540800,0
SYRK(4;1),0,390,360233605,16516399104,119460724122
GEMM(5;4;1),0,390,364783229,16270921728,14336
GEMM(6;4;1),0,390,359294346,16841506816,14950
GEMM(7;4;1),0,390,365424462,16830744576,14950
SYRK(4;2),0,390,384699459,17673579520,31133470515
GEMM(5;4;2),0,390,369812668,16982113280,14541
GEMM(6;4;2),0,390,379031117,17130441728,14950
GEMM(7;4;2),0,390,345833312,16095647744,14950
SYRK(4;3),0,390,19434831,839252992,2080060621
GEMM(5;4;3),0,390,374538036,17017896960,69689754
GEMM(6;4;3),0,390,369914384,16928380928,14746
GEMM(7;4;3),0,390,295877658,13614221312,15155
POTRF(4),0,390,6116350,302684160,0
TRSM(5;4),0,390,20389940,908954624,0
TRSM(6;4),0,390,20863028,908930048,0
TRSM(7;4),0,390,20427514,908932096,0
POTRF(0),0,390,6670421,302681088,0
TRSM(1;0),0,390,20467494,908925952,0
TRSM(2;0),0,390,20864639,908921856,0
TRSM(3;0),0,390,20373826,908921856,0
TRSM(4;0),0,390,20705195,908959744,0
TRSM(5;0),0,390,20814297,908955648,0
TRSM(6;0),0,390,20828685,908957696,0
TRSM(7;0),0,390,20838120,908952576,0
SYRK(4;0),0,390,19301486,839044096,0
GEMM(5;4;0),0,390,38141796,1678544896,0
GEMM(6;4;0),0,390,38028212,1678527488,0
GEMM(7;4;0),0,390,38052094,1678535680,0
SYRK(4;1),0,390,362291556,16710226944,119460724122
GEMM(5;4;1),0,390,355389997,16339659776,14336
GEMM(6;4;1),0,390,360363796,16330589184,14950
GEMM(7;4;1),0,390,354726403,16500004864,14950
SYRK(4;2),0,390,393610416,17798305792,31133470515
GEMM(5;4;2),0,390,380787950,17527310336,14541
GEMM(6;4;2),0,390,364839513,16591466496,14950
GEMM(7;4;2),0,390,330472913,15242731520,14950
SYRK(4;3),0,390,19818870,839265280,2080060621
GEMM(5;4;3),0,390,369879625,16912004096,69689754
GEMM(6;4;3),0,390,363690368,16642631680,14746
GEMM(7;4;3),0,390,300288509,13820711936,15155
POTRF(4),0,390,6491201,302682112,0
TRSM(5;4),0,390,20392131,908949504,0
TRSM(6;4),0,390,20857762,908924928,0
TRSM(7;4),0,390,20388740,908944384,0
POTRF(0),0,390,6663371,302688256,0
TRSM(1;0),0,390,20433774,908928000,0
TRSM(2;0),0,390,20845879,908916736,0
TRSM(3;0),0,390,20440475,908929024,0
TRSM(4;0),0,390,20695557,908958720,0
TRSM(5;0),0,390,20810861,908960768,0
TRSM(6;0),0,390,20817778,908938240,0
TRSM(7;0),0,390,20836666,908971008,0
SYRK(4;0),0,390,19279061,839047168,0
GEMM(5;4;0),0,390,38156767,1678537728,0
GEMM(6;4;0),0,390,38016972,1678526464,0
GEMM(7;4;0),0,390,36853728,1678543872,0
SYRK(4;1),0,390,360920847,16709344256,119460724122
GEMM(5;4;1),0,390,370291650,16677881856,14336
GEMM(6;4;1),0,390,364156930,17148612608,14950
GEMM(7;4;1),0,390,370037655,16803912704,14950
SYRK(4;2),0,390,385768277,17653381120,31133470515
GEMM(5;4;2),0,390,368742091,17028245504,14541
GEMM(6;4;2),0,390,380132049,17238131712,14950
GEMM(7;4;2),0,390,347971207,15977084928,14950
SYRK(4;3),0,390,18872086,839248896,2080060621
GEMM(5;4;3),0,390,356139962,16125426688,69689754
GEMM(6;4;3),0,390,349575755,15945526272,14746
GEMM(7;4;3),0,390,292349989,13478500352,15155
POTRF(4),0,390,6469512,302686208,0
TRSM(5;4),0,390,20383955,908944384,0
TRSM(6;4),0,390,20872719,908935168,0
TRSM(7;4),0,390,20397311,908935168,0
POTRF(0),0,465,5545561,253872128,0
TRSM(1;0),0,465,17563082,762353664,0
TRSM(2;0),0,465,17861739,762355712,0
TRSM(3;0),0,465,17327986,762350592,0
TRSM(4;0),0,465,17628893,762392576,0
TRSM(5;0),0,465,17681952,762374144,0
TRSM(6;0),0,465,17711995,762375168,0
TRSM(7;0),0,465,17748726,762384384,0
SYRK(4;0),0,465,16442627,703715328,0
GEMM(5;4;0),0,465,32416680,1407824896,0
GEMM(6;4;0),0,465,32456843,1407802368,0
GEMM(7;4;0),0,465,31832882,1407810560,0
SYRK(4;1),0,465,365787212,16421192704,118683697357
GEMM(5;4;1),0,465,348168908,16080786432,12698
GEMM(6;4;1),0,465,369859402,16566785024,13107
GEMM(7;4;1),0,465,355654476,16367232000,13312
SYRK(4;2),0,465,397691949,18028621824,30740091085
GEMM(5;4;2),0,465,379524856,17382910976,12288
GEMM(6;4;2),0,465,384812857,17299730432,12902
GEMM(7;4;2),0,465,322964621,14838084608,13107
SYRK(4;3),0,465,16112728,703962112,1743988736
GEMM(5;4;3),0,465,378529534,17352167424,58407526
GEMM(6;4;3),0,465,356719475,16426772480,13312
GEMM(7;4;3),0,465,241244519,10955747328,12698
POTRF(4),0,465,6282944,253872128,0
TRSM(5;4),0,465,17300320,762365952,0
TRSM(6;4),0,465,17873566,762342400,0
TRSM(7;4),0,465,17325396,762359808,0
POTRF(0),0,465,5667766,253870080,0
TRSM(1;0),0,465,17418721,762359808,0
TRSM(2;0),0,465,17872156,762347520,0
TRSM(3;0),0,465,17363166,762357760,0
TRSM(4;0),0,465,17623208,762390528,0
TRSM(5;0),0,465,17695597,762382336,0
TRSM(6;0),0,465,17704878,762380288,0
TRSM(7;0),0,465,17712534,762377216,0
SYRK(4;0),0,465,16441565,703715328,0
GEMM(5;4;0),0,465,32403170,1407831040,0
GEMM(6;4;0),0,465,32482014,1407796224,0
GEMM(7;4;0),0,465,32347544,1407830016,0
SYRK(4;1),0,465,370833834,16745527296,118683697357
GEMM(5;4;1),0,465,354470912,16302222336,12698
GEMM(6;4;1),0,465,366066617,16497932288,13107
GEMM(7;4;1),0,465,358329870,16409132032,13312
SYRK(4;2),0,465,399688938,18250278912,30740091085
GEMM(5;4;2),0,465,395222680,18007511040,12288
GEMM(6;4;2),0,465,391041021,17643350016,12902
GEMM(7;4;2),0,465,342944191,15787355136,13107
SYRK(4;3),0,465,16307310,703950848,1743988736
GEMM(5;4;3),0,465,367301948,16453480448,58407526
GEMM(6;4;3),0,465,364069356,16782866432,13312
GEMM(7;4;3),0,465,265668548,12050354176,12698
POTRF(4),0,465,6313566,253877248,0
TRSM(5;4),0,465,17333721,762368000,0
TRSM(6;4),0,465,17890865,762351616,0
TRSM(7;4),0,465,17345374,762356736,0
POTRF(0),0,465,5750999,253870080,0
TRSM(1;0),0,465,17297524,762357760,0
TRSM(2;0),0,465,17906864,762351616,0
TRSM(3;0),0,465,17363351,762354688,0
TRSM(4;0),0,465,17634283,762395648,0
TRSM(5;0),0,465,17687707,762384384,0
TRSM(6;0),0,465,17742906,762381312,0
TRSM(7;0),0,465,17763483,762379264,0
SYRK(4;0),0,465,16448704,703715328,0
GEMM(5;4;0),0,465,32432514,1407827968,0
GEMM(6;4;0),0,465,32489956,1407799296,0
GEMM(7;4;0),0,465,31564527,1407830016,0
SYRK(4;1),0,465,373430578,16942170112,118683697357
GEMM(5;4;1),0,465,378845389,17077752832,12698
GEMM(6;4;1),0,465,363191521,16636576768,13107
GEMM(7;4;1),0,465,355306616,16364128256,13312
SYRK(4;2),0,465,405697645,18361586688,30740091085
GEMM(5;4;2),0,465,368489735,16817880064,12288
GEMM(6;4;2),0,465,392397528,17802588160,12902
GEMM(7;4;2),0,465,345692629,15757238272,13107
SYRK(4;3),0,465,16028314,703971328,1743988736
GEMM(5;4;3),0,465,377038589,17245476864,58407526
GEMM(6;4;3),0,465,376192662,16821209088,13312
GEMM(7;4;3),0,465,311818626,14419617792,12698
POTRF(4),0,465,5913536,253875200,0
TRSM(5;4),0,465,17354442,762362880,0
TRSM(6;4),0,465,17875441,762359808,0
TRSM(7;4),0,465,17349258,762361856,0
POTRF(0),0,465,5895717,253871104,0
TRSM(1;0),0,465,17276305,762361856,0
TRSM(2;0),0,465,17758608,762349568,0
TRSM(3;0),0,465,16068280,762360832,0
TRSM(4;0),0,465,18975142,762388480,0
TRSM(5;0),0,465,17682396,762389504,0
TRSM(6;0),0,465,17704341,762378240,0
TRSM(7;0),0,465,17712197,762381312,0
SYRK(4;0),0,465,16447421,703715328,0
GEMM(5;4;0),0,465,32425329,1407820800,0
GEMM(6;4;0),0,465,32463016,1407803392,0
GEMM(7;4;0),0,465,32357923,1407812608,0
SYRK(4;1),0,465,373833955,16845594624,118683697357
GEMM(5;4;1),0,465,369039350,16917323776,12698
GEMM(6;4;1),0,465,354539122,16219018240,13107
GEMM(7;4;1),0,465,372773221,16978457600,13312
SYRK(4;2),0,465,396672484,18154016768,30740091085
GEMM(5;4;2),0,465,388270989,17730222080,12288
GEMM(6;4;2),0,465,397941403,17932958720,12902
GEMM(7;4;2),0,465,325473277,14896731136,13107
SYRK(4;3),0,465,15958659,703974400,1743988736
GEMM(5;4;3),0,465,377316162,17293903872,58407526
GEMM(6;4;3),0,465,368781856,16473261056,13312
GEMM(7;4;3),0,465,309986968,14335578112,12698
POTRF(4),0,465,6328925,253871104,0
TRSM(5;4),0,465,17339246,762354688,0
TRSM(6;4),0,465,17882423,762353664,0
TRSM(7;4),0,465,17342385,762354688,0
POTRF(0),0,465,5736295,253870080,0
TRSM(1;0),0,465,17336842,762359808,0
TRSM(2;0),0,465,17856279,762346496,0
TRSM(3;0),0,465,17378592,762356736,0
TRSM(4;0),0,465,17612269,762402816,0
TRSM(5;0),0,465,17681323,762373120,0
TRSM(6;0),0,465,17739385,762374144,0
TRSM(7;0),0,465,17723607,762378240,0
SYRK(4;0),0,465,16468449,703715328,0
GEMM(5;4;0),0,465,32414044,1407811584,0
GEMM(6;4;0),0,465,31527905,1407795200,0
GEMM(7;4;0),0,465,33192937,1407823872,0
SYRK(4;1),0,465,363821342,16432404480,118683697357
GEMM(5;4;1),0,465,363101501,16598536192,12698
GEMM(6;4;1),0,465,368202799,16626210816,13107
GEMM(7;4;1),0,465,361135126,16614892544,13312
SYRK(4;2),0,465,391551714,17941935104,30740091085
GEMM(5;4;2),0,465,391729631,17704015872,12288
GEMM(6;4;2),0,465,403519456,17670330368,12902
GEMM(7;4;2),0,465,319693800,15316049920,13107
SYRK(4;3),0,465,15999067,703952896,1743988736
GEMM(5;4;3),0,465,359790445,16136175616,58407526
GEMM(6;4;3),0,465,355662931,16220928000,13312
GEMM(7;4;3),0,465,274507826,12586686464,12698
POTRF(4),0,465,5778259,253872128,0
TRSM(5;4),0,465,17420374,762365952,0
TRSM(6;4),0,465,17883558,762360832,0
TRSM(7;4),0,465,17319974,762361856,0
POTRF(0),0,540,4861042,218613760,0
TRSM(1;0),0,540,15172361,656489472,0
TRSM(2;0),0,540,15580304,656485376,0
TRSM(3;0),0,540,15152724,656494592,0
TRSM(4;0),0,540,15131217,656531456,0
TRSM(5;0),0,540,15390078,656493568,0
TRSM(6;0),0,540,15669613,656509952,0
TRSM(7;0),0,540,15439699,656524288,0
SYRK(4;0),0,540,14305055,605976576,0
GEMM(5;4;0),0,540,28178834,1212291072,0
GEMM(6;4;0),0,540,28211079,1212282880,0
GEMM(7;4;0),0,540,28136481,1212293120,0
SYRK(4;1),0,540,366769201,16462264320,119239666893
GEMM(5;4;1),0,540,360247803,16341186560,10854
GEMM(6;4;1),0,540,371901876,16604725248,11674
GEMM(7;4;1),0,540,358209735,16733965312,11674
SYRK(4;2),0,540,392316213,17747686400,30924312781
GEMM(5;4;2),0,540,389042621,17724001280,11264
GEMM(6;4;2),0,540,392559472,17850758144,11469
GEMM(7;4;2),0,540,347800141,15762100224,11264
SYRK(4;3),0,540,14703628,606744576,1500901376
GEMM(5;4;3),0,540,399702876,17856258048,49804493
GEMM(6;4;3),0,540,368975944,16887256064,11469
GEMM(7;4;3),0,540,308969161,14137700352,11674
POTRF(4),0,540,4524156,218619904,0
TRSM(5;4),0,540,15157689,656501760,0
TRSM(6;4),0,540,15579379,656488448,0
TRSM(7;4),0,540,15062054,656496640,0
POTRF(0),0,540,4879079,218624000,0
TRSM(1;0),0,540,15034265,656494592,0
TRSM(2;0),0,540,15576197,656492544,0
TRSM(3;0),0,540,15073612,656500736,0
TRSM(4;0),0,540,15299837,656531456,0
TRSM(5;0),0,540,15355588,656497664,0
TRSM(6;0),0,540,15366938,656521216,0
TRSM(7;0),0,540,15405965,656531456,0
SYRK(4;0),0,540,14277541,605976576,0
GEMM(5;4;0),0,540,28157476,1212292096,0
GEMM(6;4;0),0,540,27597392,1212295168,0
GEMM(7;4;0),0,540,27115537,1212282880,0
SYRK(4;1),0,540,370523363,16763293696,119239666893
GEMM(5;4;1),0,540,357999431,16190311424,10854
GEMM(6;4;1),0,540,348302744,15717557248,11674
GEMM(7;4;1),0,540,343170414,15769369600,11674
SYRK(4;2),0,540,404428758,18072519680,30924312781
GEMM(5;4;2),0,540,400212351,18111827968,11264
GEMM(6;4;2),0,540,392179046,17562552320,11469
GEMM(7;4;2),0,540,320236118,14852124672,11264
SYRK(4;3),0,540,14781378,606745600,1500901376
GEMM(5;4;3),0,540,366340001,16405078016,49804493
GEMM(6;4;3),0,540,356273950,16175892480,11469
GEMM(7;4;3),0,540,285222598,13118455808,11674
POTRF(4),0,540,4880390,218617856,0
TRSM(5;4),0,540,15048554,656500736,0
TRSM(6;4),0,540,15577290,656489472,0
TRSM(7;4),0,540,15064690,656493568,0
POTRF(0),0,540,4815293,218613760,0
TRSM(1;0),0,540,15164174,656494592,0
TRSM(2;0),0,540,15569476,656489472,0
TRSM(3;0),0,540,15087897,656491520,0
TRSM(4;0),0,540,15306750,656527360,0
TRSM(5;0),0,540,15378036,656492544,0
TRSM(6;0),0,540,15386774,656526336,0
TRSM(7;0),0,540,15385043,656516096,0
SYRK(4;0),0,540,14288078,605977600,0
GEMM(5;4;0),0,540,28155435,1212302336,0
GEMM(6;4;0),0,540,28151904,1212273664,0
GEMM(7;4;0),0,540,28161879,1212286976,0
SYRK(4;1),0,540,367868076,16458454016,119239666893
GEMM(5;4;1),0,540,344447247,15645137920,10854
GEMM(6;4;1),0,540,356813097,16162905088,11674
GEMM(7;4;1),0,540,350470142,15991615488,11674
SYRK(4;2),0,540,405052408,17990455296,30924312781
GEMM(5;4;2),0,540,388946054,17548060672,11264
GEMM(6;4;2),0,540,387178443,17821627392,11469
GEMM(7;4;2),0,540,329809185,14994703360,11264
SYRK(4;3),0,540,13939168,606696448,1500901376
GEMM(5;4;3),0,540,374003581,16595245056,49804493
GEMM(6;4;3),0,540,349167204,16026765312,11469
GEMM(7;4;3),0,540,289659744,13224916992,11674
POTRF(4),0,540,5025651,218622976,0
TRSM(5;4),0,540,15044493,656499712,0
TRSM(6;4),0,540,15589307,656484352,0
TRSM(7;4),0,540,15081822,656495616,0
POTRF(0),0,540,4857474,218612736,0
TRSM(1;0),0,540,15142938,656497664,0
TRSM(2;0),0,540,15556471,656487424,0
TRSM(3;0),0,540,15111786,656493568,0
TRSM(4;0),0,540,15304814,656524288,0
TRSM(5;0),0,540,15346802,656498688,0
TRSM(6;0),0,540,15404190,656515072,0
TRSM(7;0),0,540,15391838,656525312,0
SYRK(4;0),0,540,14294589,605977600,0
GEMM(5;4;0),0,540,28149775,1212307456,0
GEMM(6;4;0),0,540,28183299,1212278784,0
GEMM(7;4;0),0,540,28150097,1212304384,0
SYRK(4;1),0,540,350191673,17041935360,119239666893
GEMM(5;4;1),0,540,358855850,16207860736,10854
GEMM(6;4;1),0,540,367136024,16821931008,11674
GEMM(7;4;1),0,540,371338230,16777990144,11674
SYRK(4;2),0,540,407273578,18124766208,30924312781
GEMM(5;4;2),0,540,390559891,17932786688,11264
GEMM(6;4;2),0,540,394198882,17781662720,11469
GEMM(7;4;2),0,540,355616601,16152751104,11264
SYRK(4;3),0,540,14633583,606679040,1500901376
GEMM(5;4;3),0,540,382071565,17173049344,49804493
GEMM(6;4;3),0,540,365708094,16500838400,11469
GEMM(7;4;3),0,540,318557895,14726663168,11674
POTRF(4),0,540,5348602,218620928,0
TRSM(5;4),0,540,15174975,656496640,0
TRSM(6;4),0,540,15569867,656490496,0
TRSM(7;4),0,540,15056057,656500736,0
POTRF(0),0,540,5100156,218618880,0
TRSM(1;0),0,540,15043593,656502784,0
TRSM(2;0),0,540,15574715,656491520,0
TRSM(3;0),0,540,15100480,656491520,0
TRSM(4;0),0,540,15306222,656537600,0
TRSM(5;0),0,540,15379491,656495616,0
TRSM(6;0),0,540,15391412,656514048,0
TRSM(7;0),0,540,15391851,656520192,0
SYRK(4;0),0,540,14264044,605977600,0
GEMM(5;4;0),0,540,28143407,1212302336,0
GEMM(6;4;0),0,540,28142184,1212277760,0
GEMM(7;4;0),0,540,28144459,1212308480,0
SYRK(4;1),0,540,349850513,16761897984,119239666893
GEMM(5;4;1),0,540,357238705,16256854016,10854
GEMM(6;4;1),0,540,357339467,16092822528,11674
GEMM(7;4;1),0,540,351575090,16154649600,11674
SYRK(4;2),0,540,402147927,18139742208,30924312781
GEMM(5;4;2),0,540,393699382,18092809216,11264
GEMM(6;4;2),0,540,373892641,16935149568,11469
GEMM(7;4;2),0,540,346643300,15759847424,11264
SYRK(4;3),0,540,14480207,606621696,1500901376
GEMM(5;4;3),0,540,383608485,17248028672,49804493
GEMM(6;4;3),0,540,357358018,16364985344,11469
GEMM(7;4;3),0,540,267749581,12123124736,11674
POTRF(4),0,540,5148677,218620928,0
TRSM(5;4),0,540,15053780,656500736,0
TRSM(6;4),0,540,15593331,656490496,0
TRSM(7;4),0,540,15086888,656492544,0
POTRF(0),0,615,4535656,191965184,0
TRSM(1;0),0,615,13382730,576454656,0
TRSM(2;0),0,615,13862660,576454656,0
TRSM(3;0),0,615,13521480,576453632,0
TRSM(4;0),0,615,13388324,576481280,0
TRSM(5;0),0,615,13388346,576482304,0
TRSM(6;0),0,615,13387897,576462848,0
TRSM(7;0),0,615,14589933,576481280,0
SYRK(4;0),0,615,12744689,532077568,0
GEMM(5;4;0),0,615,25108146,1064456192,0
GEMM(6;4;0),0,615,25092686,1064453120,0
GEMM(7;4;0),0,615,25061272,1064450048,0
SYRK(4;1),0,615,379360539,16865053696,118955700224
GEMM(5;4;1),0,615,367830882,16808104960,10240
GEMM(6;4;1),0,615,359821995,16114690048,10854
GEMM(7;4;1),0,615,348256704,15850424320,10854
SYRK(4;2),0,615,388424831,17393395712,29563374182
GEMM(5;4;2),0,615,385507207,17189620736,10240
GEMM(6;4;2),0,615,380365163,17160220672,10445
GEMM(7;4;2),0,615,346916733,15849860096,10240
SYRK(4;3),0,615,20222438,633829376,1398691021
GEMM(5;4;3),0,615,385504323,16749542400,10240
GEMM(6;4;3),0,615,365597247,17032397824,10650
GEMM(7;4;3),0,615,248589461,11447707648,10854
POTRF(4),0,615,4422249,191963136,0
TRSM(5;4),0,615,13477786,576456704,0
TRSM(6;4),0,615,13864617,576453632,0
TRSM(7;4),0,615,13467346,576456704,0
POTRF(0),0,615,4284061,191963136,0
TRSM(1;0),0,615,13498538,576453632,0
TRSM(2;0),0,615,13830479,576450560,0
TRSM(3;0),0,615,13489178,576454656,0
TRSM(4;0),0,615,13624597,576475136,0
TRSM(5;0),0,615,13708755,576487424,0
TRSM(6;0),0,615,13714529,576476160,0
TRSM(7;0),0,615,13720676,576482304,0
SYRK(4;0),0,615,12721146,532077568,0
GEMM(5;4;0),0,615,25083198,1064449024,0
GEMM(6;4;0),0,615,25048910,1064434688,0
GEMM(7;4;0),0,615,25059820,1064460288,0
SYRK(4;1),0,615,369379567,16690038784,118955700224
GEMM(5;4;1),0,615,364462416,16273529856,10240
GEMM(6;4;1),0,615,359199835,16434642944,10854
GEMM(7;4;1),0,615,361092871,16207012864,10854
SYRK(4;2),0,615,390783701,17396494336,29563374182
GEMM(5;4;2),0,615,383263252,17491863552,10240
GEMM(6;4;2),0,615,388571520,17444368384,10445
GEMM(7;4;2),0,615,335148759,15030376448,10240
SYRK(4;3),0,615,16048574,632829952,1398691021
GEMM(5;4;3),0,615,380412811,16955375616,10240
GEMM(6;4;3),0,615,365878504,16628575232,10650
GEMM(7;4;3),0,615,217393298,9749716992,10854
POTRF(4),0,615,3645418,191966208,0
TRSM(5;4),0,615,13409803,576457728,0
TRSM(6;4),0,615,13876743,576451584,0
TRSM(7;4),0,615,13245179,576456704,0
POTRF(0),0,615,4597013,191961088,0
TRSM(1;0),0,615,13421092,576454656,0
TRSM(2;0),0,615,13843088,576449536,0
TRSM(3;0),0,615,13511303,576456704,0
TRSM(4;0),0,615,13641077,576481280,0
TRSM(5;0),0,615,13700913,576485376,0
TRSM(6;0),0,615,13716868,576480256,0
TRSM(7;0),0,615,13723318,576485376,0
SYRK(4;0),0,615,12734133,532077568,0
GEMM(5;4;0),0,615,25111398,1064455168,0
GEMM(6;4;0),0,615,25071209,1064438784,0
GEMM(7;4;0),0,615,25083737,1064445952,0
SYRK(4;1),0,615,377707177,16921048064,118955700224
GEMM(5;4;1),0,615,353394527,15855882240,10240
GEMM(6;4;1),0,615,370471452,16586891264,10854
GEMM(7;4;1),0,615,365385110,16735553536,10854
SYRK(4;2),0,615,391961142,17465966592,29563374182
GEMM(5;4;2),0,615,387162635,17383293952,10240
GEMM(6;4;2),0,615,366789199,16720022528,10445
GEMM(7;4;2),0,615,351323584,15855118336,10240
SYRK(4;3),0,615,18034099,642363392,1398691021
GEMM(5;4;3),0,615,364996206,16340961280,10240
GEMM(6;4;3),0,615,369294958,16408160256,10650
GEMM(7;4;3),0,615,238051345,11099554816,10854
POTRF(4),0,615,4485362,191966208,0
TRSM(5;4),0,615,13401705,576457728,0
TRSM(6;4),0,615,13886332,576447488,0
TRSM(7;4),0,615,13461497,576451584,0
POTRF(0),0,615,4372177,191963136,0
TRSM(1;0),0,615,13413156,576454656,0
TRSM(2;0),0,615,13842406,576449536,0
TRSM(3;0),0,615,13496665,576455680,0
TRSM(4;0),0,615,13618414,576486400,0
TRSM(5;0),0,615,13690847,576479232,0
TRSM(6;0),0,615,13712385,576474112,0
TRSM(7;0),0,615,13726837,576485376,0
SYRK(4;0),0,615,12719255,532076544,0
GEMM(5;4;0),0,615,25100829,1064452096,0
GEMM(6;4;0),0,615,25075161,1064443904,0
GEMM(7;4;0),0,615,25053784,1064451072,0
SYRK(4;1),0,615,378575005,16744177664,118955700224
GEMM(5;4;1),0,615,371812193,17073133568,10240
GEMM(6;4;1),0,615,377764464,17012788224,10854
GEMM(7;4;1),0,615,378751103,17101281280,10854
SYRK(4;2),0,615,386896722,17311940608,29563374182
GEMM(5;4;2),0,615,381415503,16945808384,10240
GEMM(6;4;2),0,615,372707261,16865808384,10445
GEMM(7;4;2),0,615,342494779,15716792320,10240
SYRK(4;3),0,615,16446258,643009536,1398691021
GEMM(5;4;3),0,615,358558227,16244554752,10240
GEMM(6;4;3),0,615,369540156,16519841792,10650
GEMM(7;4;3),0,615,242798313,10955191296,10854
POTRF(4),0,615,4763161,191963136,0
TRSM(5;4),0,615,13368594,576462848,0
TRSM(6;4),0,615,13851895,576453632,0
TRSM(7;4),0,615,13484523,576455680,0
POTRF(0),0,615,4361214,191962112,0
TRSM(1;0),0,615,13387332,576457728,0
TRSM(2;0),0,615,13860719,576449536,0
TRSM(3;0),0,615,13504347,576453632,0
TRSM(4;0),0,615,13611395,576488448,0
TRSM(5;0),0,615,13704741,576476160,0
TRSM(6;0),0,615,13695520,576477184,0
TRSM(7;0),0,615,13693751,576485376,0
SYRK(4;0),0,615,12712675,532078592,0
GEMM(5;4;0),0,615,25084230,1064457216,0
GEMM(6;4;0),0,615,25074900,1064435712,0
GEMM(7;4;0),0,615,25081427,1064451072,0
SYRK(4;1),0,615,373720149,16826061824,118955700224
GEMM(5;4;1),0,615,372386496,16690292736,10240
GEMM(6;4;1),0,615,360093857,16486924288,10854
GEMM(7;4;1),0,615,360136228,16179335168,10854
SYRK(4;2),0,615,392663894,17442253824,29563374182
GEMM(5;4;2),0,615,378338538,17221498880,10240
GEMM(6;4;2),0,615,389307563,17328112640,10445
GEMM(7;4;2),0,615,353376212,16135622656,10240
SYRK(4;3),0,615,15871290,635785216,1398691021
GEMM(5;4;3),0,615,388307261,17167918080,10240
GEMM(6;4;3),0,615,373351225,17052184576,10650
GEMM(7;4;3),0,615,255044004,11567842304,10854
POTRF(4),0,615,4675994,191968256,0
TRSM(5;4),0,615,13418112,576457728,0
TRSM(6;4),0,615,13856522,576451584,0
TRSM(7;4),0,615,13463119,576454656,0
POTRF(0),0,690,3957655,171105280,0
TRSM(1;0),0,690,12105887,513813504,0
TRSM(2;0),0,690,12506521,513811456,0
TRSM(3;0),0,690,12284753,513810432,0
TRSM(4;0),0,690,12374280,513846272,0
TRSM(5;0),0,690,12395001,513839104,0
TRSM(6;0),0,690,12370826,513826816,0
TRSM(7;0),0,690,12374497,513833984,0
SYRK(4;0),0,690,11481461,474244096,0
GEMM(5;4;0),0,690,22579730,948753408,0
GEMM(6;4;0),0,690,22647898,948743168,0
GEMM(7;4;0),0,690,22592181,948751360,0
SYRK(4;1),0,690,365042039,16162938880,120035387802
GEMM(5;4;1),0,690,359480903,16379716608,9421
GEMM(6;4;1),0,690,361575331,15873489920,9830
GEMM(7;4;1),0,690,344051929,15929978880,10035
SYRK(4;2),0,690,384951996,16996656128,29706575872
GEMM(5;4;2),0,690,395095210,17549077504,9626
GEMM(6;4;2),0,690,390495582,17611900928,9421
GEMM(7;4;2),0,690,345238535,15636769792,9216
SYRK(4;3),0,690,35431064,1417459712,1412211098
GEMM(5;4;3),0,690,376759361,16461507584,9421
GEMM(6;4;3),0,690,359398200,16344714240,9626
GEMM(7;4;3),0,690,288322733,13086574592,10240
POTRF(4),0,690,3983178,171105280,0
TRSM(5;4),0,690,12111575,513816576,0
TRSM(6;4),0,690,12514601,513809408,0
TRSM(7;4),0,690,12242957,513811456,0
POTRF(0),0,690,3958543,171109376,0
TRSM(1;0),0,690,12085599,513814528,0
TRSM(2;0),0,690,12520104,513808384,0
TRSM(3;0),0,690,12254301,513811456,0
TRSM(4;0),0,690,12348048,513852416,0
TRSM(5;0),0,690,12397548,513848320,0
TRSM(6;0),0,690,12382885,513831936,0
TRSM(7;0),0,690,12394225,513833984,0
SYRK(4;0),0,690,11475286,474243072,0
GEMM(5;4;0),0,690,22575591,948762624,0
GEMM(6;4;0),0,690,22620022,948738048,0
GEMM(7;4;0),0,690,22616283,948751360,0
SYRK(4;1),0,690,363515424,16334863360,120035387802
GEMM(5;4;1),0,690,373520363,16724935680,9421
GEMM(6;4;1),0,690,349311639,15611776000,9830
GEMM(7;4;1),0,690,371636517,16893617152,10035
SYRK(4;2),0,690,401103031,17676177408,29706575872
GEMM(5;4;2),0,690,370314610,16707783680,9626
GEMM(6;4;2),0,690,384140220,16907621376,9421
GEMM(7;4;2),0,690,344081800,15846302720,9216
SYRK(4;3),0,690,48609739,1897337856,1412211098
GEMM(5;4;3),0,690,354925207,15800127488,9421
GEMM(6;4;3),0,690,367787688,16537565184,9626
GEMM(7;4;3),0,690,246978375,11212295168,10240
POTRF(4),0,690,3947948,171099136,0
TRSM(5;4),0,690,12094246,513816576,0
TRSM(6;4),0,690,12526853,513812480,0
TRSM(7;4),0,690,12230680,513812480,0
POTRF(0),0,690,4014637,171104256,0
TRSM(1;0),0,690,12087529,513812480,0
TRSM(2;0),0,690,12509841,513812480,0
TRSM(3;0),0,690,12286952,513818624,0
TRSM(4;0),0,690,12339939,513846272,0
TRSM(5;0),0,690,12348390,513840128,0
TRSM(6;0),0,690,12438860,513824768,0
TRSM(7;0),0,690,12437014,513829888,0
SYRK(4;0),0,690,11513221,474244096,0
GEMM(5;4;0),0,690,22604029,948750336,0
GEMM(6;4;0),0,690,22646417,948747264,0
GEMM(7;4;0),0,690,22564675,948745216,0
SYRK(4;1),0,690,382480222,16997330944,120035387802
GEMM(5;4;1),0,690,371687603,16673428480,9421
GEMM(6;4;1),0,690,357180034,15997283328,9830
GEMM(7;4;1),0,690,368389642,16449496064,10035
SYRK(4;2),0,690,392986902,17158177792,29706575872
GEMM(5;4;2),0,690,374056457,16720586752,9626
GEMM(6;4;2),0,690,354752365,16174623744,9421
GEMM(7;4;2),0,690,351076478,15809931264,9216
SYRK(4;3),0,690,41068700,1666043904,1412211098
GEMM(5;4;3),0,690,375739887,16687079424,9421
GEMM(6;4;3),0,690,358228473,16029920256,9626
GEMM(7;4;3),0,690,296125893,13397266432,10240
POTRF(4),0,690,4044766,171099136,0
TRSM(5;4),0,690,12013147,513820672,0
TRSM(6;4),0,690,12554860,513810432,0
TRSM(7;4),0,690,12239620,513816576,0
POTRF(0),0,690,4020730,171105280,0
TRSM(1;0),0,690,12191414,513813504,0
TRSM(2;0),0,690,12529060,513806336,0
TRSM(3;0),0,690,12276171,513818624,0
TRSM(4;0),0,690,12342478,513850368,0
TRSM(5;0),0,690,12382549,513839104,0
TRSM(6;0),0,690,12411113,513827840,0
TRSM(7;0),0,690,12380742,513823744,0
SYRK(4;0),0,690,11484694,474244096,0
GEMM(5;4;0),0,690,22560683,948747264,0
GEMM(6;4;0),0,690,22613363,948740096,0
GEMM(7;4;0),0,690,22600814,948746240,0
SYRK(4;1),0,690,387602875,17115232256,120035387802
GEMM(5;4;1),0,690,360572576,16162838528,9421
GEMM(6;4;1),0,690,372796082,16654976000,9830
GEMM(7;4;1),0,690,372950534,16829220864,10035
SYRK(4;2),0,690,377620422,16739606528,29706575872
GEMM(5;4;2),0,690,382101325,16979038208,9626
GEMM(6;4;2),0,690,395343265,16974108672,9421
GEMM(7;4;2),0,690,333563006,15878843392,9216
SYRK(4;3),0,690,42970555,1679342592,1412211098
GEMM(5;4;3),0,690,363478437,16357441536,9421
GEMM(6;4;3),0,690,377551880,16788751360,9626
GEMM(7;4;3),0,690,271994543,12268331008,10240
POTRF(4),0,690,3787626,171109376,0
TRSM(5;4),0,690,12193615,513814528,0
TRSM(6;4),0,690,12534706,513813504,0
TRSM(7;4),0,690,12242330,513814528,0
POTRF(0),0,690,3952403,171108352,0
TRSM(1;0),0,690,12083309,513812480,0
TRSM(2;0),0,690,12529203,513809408,0
TRSM(3;0),0,690,12248331,513813504,0
TRSM(4;0),0,690,12327088,513856512,0
TRSM(5;0),0,690,12375967,513833984,0
TRSM(6;0),0,690,12385667,513819648,0
TRSM(7;0),0,690,12378344,513839104,0
SYRK(4;0),0,690,11467724,474243072,0
GEMM(5;4;0),0,690,22561734,948753408,0
GEMM(6;4;0),0,690,22574806,948736000,0
GEMM(7;4;0),0,690,22610950,948750336,0
SYRK(4;1),0,690,371449912,16734258176,120035387802
GEMM(5;4;1),0,690,350195749,15639894016,9421
GEMM(6;4;1),0,690,369199779,16582897664,9830
GEMM(7;4;1),0,690,364579531,16501250048,10035
SYRK(4;2),0,690,375134315,16574452736,29706575872
GEMM(5;4;2),0,690,371869165,16983516160,9626
GEMM(6;4;2),0,690,388963926,16590044160,9421
GEMM(7;4;2),0,690,335960541,15785153536,9216
SYRK(4;3),0,690,42571350,1722930176,1412211098
GEMM(5;4;3),0,690,362334918,16147005440,9421
GEMM(6;4;3),0,690,355996388,15816002560,9626
GEMM(7;4;3),0,690,291533402,13274941440,10240
POTRF(4),0,690,3968161,171105280,0
TRSM(5;4),0,690,12113901,513819648,0
TRSM(6;4),0,690,12534241,513810432,0
TRSM(7;4),0,690,12232214,513818624,0
POTRF(0),0,765,3636741,154338304,0
TRSM(1;0),0,765,11084193,463463424,0
TRSM(2;0),0,765,11434989,463453184,0
TRSM(3;0),0,765,11245177,463457280,0
TRSM(4;0),0,765,11335564,463491072,0
TRSM(5;0),0,765,11375203,463494144,0
TRSM(6;0),0,765,11374458,463482880,0
TRSM(7;0),0,765,11397437,463458304,0
SYRK(4;0),0,765,10545874,427748352,0
GEMM(5;4;0),0,765,20717995,855733248,0
GEMM(6;4;0),0,765,20696378,855724032,0
GEMM(7;4;0),0,765,20676984,855731200,0
SYRK(4;1),0,765,366333295,16596132864,116176815514
GEMM(5;4;1),0,765,365335955,16455507968,8602
GEMM(6;4;1),0,765,357520505,15762722816,9421
GEMM(7;4;1),0,765,351257693,15804265472,9216
SYRK(4;2),0,765,399461473,17579793408,28939943322
GEMM(5;4;2),0,765,395623840,17127461888,9011
GEMM(6;4;2),0,765,377687661,17012233216,9216
GEMM(7;4;2),0,765,348465738,15868686336,9011
SYRK(4;3),0,765,77886437,3134893056,1402246144
GEMM(5;4;3),0,765,373743202,16655715328,9011
GEMM(6;4;3),0,765,368814479,16444488704,9216
GEMM(7;4;3),0,765,259016353,11641695232,9216
POTRF(4),0,765,3639091,154337280,0
TRSM(5;4),0,765,11067279,463465472,0
TRSM(6;4),0,765,11450075,463460352,0
TRSM(7;4),0,765,11181278,463460352,0
POTRF(0),0,765,3711289,154336256,0
TRSM(1;0),0,765,11073505,463459328,0
TRSM(2;0),0,765,11438997,463456256,0
TRSM(3;0),0,765,11270643,463457280,0
TRSM(4;0),0,765,11229180,463490048,0
TRSM(5;0),0,765,11360613,463483904,0
TRSM(6;0),0,765,11361923,463481856,0
TRSM(7;0),0,765,11379134,463460352,0
SYRK(4;0),0,765,10498693,427749376,0
GEMM(5;4;0),0,765,20644744,855734272,0
GEMM(6;4;0),0,765,20634641,855730176,0
GEMM(7;4;0),0,765,20612248,855732224,0
SYRK(4;1),0,765,381881187,16730629120,116176815514
GEMM(5;4;1),0,765,361989252,15889800192,8602
GEMM(6;4;1),0,765,358857415,16083033088,9421
GEMM(7;4;1),0,765,362620051,16276390912,9216
SYRK(4;2),0,765,400734650,17746791424,28939943322
GEMM(5;4;2),0,765,391647851,17332806656,9011
GEMM(6;4;2),0,765,391047032,17219258368,9216
GEMM(7;4;2),0,765,351514958,15942152192,9011
SYRK(4;3),0,765,75245938,2861180928,1402246144
GEMM(5;4;3),0,765,357449265,16072912896,9011
GEMM(6;4;3),0,765,349365297,15641534464,9216
GEMM(7;4;3),0,765,236582099,10587294720,9216
POTRF(4),0,765,3630951,154337280,0
TRSM(5;4),0,765,11060321,463459328,0
TRSM(6;4),0,765,11453710,463456256,0
TRSM(7;4),0,765,11189822,463462400,0
POTRF(0),0,765,3578140,154337280,0
TRSM(1;0),0,765,11112298,463460352,0
TRSM(2;0),0,765,11449420,463454208,0
TRSM(3;0),0,765,11209939,463461376,0
TRSM(4;0),0,765,11288576,463497216,0
TRSM(5;0),0,765,11346228,463481856,0
TRSM(6;0),0,765,11379179,463476736,0
TRSM(7;0),0,765,11359202,463461376,0
SYRK(4;0),0,765,10511944,427749376,0
GEMM(5;4;0),0,765,20661926,855734272,0
GEMM(6;4;0),0,765,20666554,855725056,0
GEMM(7;4;0),0,765,20647459,855729152,0
SYRK(4;1),0,765,368597104,16511635456,116176815514
GEMM(5;4;1),0,765,360706597,16270514176,8602
GEMM(6;4;1),0,765,367520054,16198993920,9421
GEMM(7;4;1),0,765,364050539,16228621312,9216
SYRK(4;2),0,765,400692072,17477317632,28939943322
GEMM(5;4;2),0,765,376274893,16430532608,9011
GEMM(6;4;2),0,765,376964727,17315276800,9216
GEMM(7;4;2),0,765,353475892,15779228672,9011
SYRK(4;3),0,765,78128937,3191502848,1402246144
GEMM(5;4;3),0,765,363336589,16255367168,9011
GEMM(6;4;3),0,765,366100762,16237061120,9216
GEMM(7;4;3),0,765,240986410,10814937088,9216
POTRF(4),0,765,3581378,154336256,0
TRSM(5;4),0,765,11104081,463464448,0
TRSM(6;4),0,765,11462851,463461376,0
TRSM(7;4),0,765,11178843,463457280,0
POTRF(0),0,765,3691873,154339328,0
TRSM(1;0),0,765,11055686,463459328,0
TRSM(2;0),0,765,11447121,463459328,0
TRSM(3;0),0,765,11234033,463454208,0
TRSM(4;0),0,765,11299061,463497216,0
TRSM(5;0),0,765,11351867,463489024,0
TRSM(6;0),0,765,11358281,463481856,0
TRSM(7;0),0,765,11386492,463460352,0
SYRK(4;0),0,765,10509643,427749376,0
GEMM(5;4;0),0,765,20655625,855729152,0
GEMM(6;4;0),0,765,20675573,855727104,0
GEMM(7;4;0),0,765,20637448,855730176,0
SYRK(4;1),0,765,377388799,16461230080,116176815514
GEMM(5;4;1),0,765,368818949,16726696960,8602
GEMM(6;4;1),0,765,362500158,15934377984,9421
GEMM(7;4;1),0,765,362518038,16290100224,9216
SYRK(4;2),0,765,388398462,17028848640,28939943322
GEMM(5;4;2),0,765,365497166,16246589440,9011
GEMM(6;4;2),0,765,373042520,16638534656,9216
GEMM(7;4;2),0,765,350992600,15761047552,9011
SYRK(4;3),0,765,73798435,2968160256,1402246144
GEMM(5;4;3),0,765,374562300,16842527744,9011
GEMM(6;4;3),0,765,358820123,15963288576,9216
GEMM(7;4;3),0,765,209140425,9266456576,9216
POTRF(4),0,765,3612483,154337280,0
TRSM(5;4),0,765,11087234,463463424,0
TRSM(6;4),0,765,11431458,463457280,0
TRSM(7;4),0,765,11187574,463462400,0
POTRF(0),0,765,3616393,154337280,0
TRSM(1;0),0,765,11090157,463462400,0
TRSM(2;0),0,765,11428616,463456256,0
TRSM(3;0),0,765,11199482,463463424,0
TRSM(4;0),0,765,11292535,463495168,0
TRSM(5;0),0,765,11361059,463481856,0
TRSM(6;0),0,765,11393427,463483904,0
TRSM(7;0),0,765,11362468,463461376,0
SYRK(4;0),0,765,10489724,427749376,0
GEMM(5;4;0),0,765,20676315,855730176,0
GEMM(6;4;0),0,765,20659959,855728128,0
GEMM(7;4;0),0,765,20645243,855730176,0
SYRK(4;1),0,765,371463333,16749204480,116176815514
GEMM(5;4;1),0,765,369625565,16204179456,8602
GEMM(6;4;1),0,765,369747094,16721180672,9421
GEMM(7;4;1),0,765,363314313,16205021184,9216
SYRK(4;2),0,765,389696479,16932186112,28939943322
GEMM(5;4;2),0,765,378370837,16827962368,9011
GEMM(6;4;2),0,765,375307685,17058275328,9216
GEMM(7;4;2),0,765,337679667,14953878528,9011
SYRK(4;3),0,765,67884730,2705125376,1402246144
GEMM(5;4;3),0,765,367180882,16339142656,9011
GEMM(6;4;3),0,765,361962108,16175694848,9216
GEMM(7;4;3),0,765,236836724,10605245440,9216
POTRF(4),0,765,3625807,154337280,0
TRSM(5;4),0,765,11052993,463464448,0
TRSM(6;4),0,765,11448994,463459328,0
TRSM(7;4),0,765,11183707,463463424,0
POTRF(0),0,795,3727253,148511744,0
TRSM(1;0),0,795,10690129,445977600,0
TRSM(2;0),0,795,11071509,445976576,0
TRSM(3;0),0,795,10849896,445976576,0
TRSM(4;0),0,795,10907122,445978624,0
TRSM(5;0),0,795,10994177,445981696,0
TRSM(6;0),0,795,10978006,446001152,0
TRSM(7;0),0,795,10983271,445999104,0
SYRK(4;0),0,795,10165802,411608064,0
GEMM(5;4;0),0,795,19954413,823434240,0
GEMM(6;4;0),0,795,19944615,823431168,0
GEMM(7;4;0),0,795,19940771,823435264,0
SYRK(4;1),0,795,367798261,16157191168,116852344218
GEMM(5;4;1),0,795,365962609,16198116352,8602
GEMM(6;4;1),0,795,355120360,15862347776,9216
GEMM(7;4;1),0,795,347290547,15527707648,9216
SYRK(4;2),0,795,429493111,17930558464,27696446054
GEMM(5;4;2),0,795,381343481,17768434688,8602
GEMM(6;4;2),0,795,386160413,17254839296,8602
GEMM(7;4;2),0,795,360198851,16069576704,9011
SYRK(4;3),0,795,80448809,3167114240,1394683290
GEMM(5;4;3),0,795,368369036,16477537280,9011
GEMM(6;4;3),0,795,335027197,14887024640,9216
GEMM(7;4;3),0,795,219898735,9876423680,9216
POTRF(4),0,795,3497294,148516864,0
TRSM(5;4),0,795,10682951,445978624,0
TRSM(6;4),0,795,11068880,445976576,0
TRSM(7;4),0,795,10814119,445984768,0
POTRF(0),0,795,3637928,148516864,0
TRSM(1;0),0,795,10648232,445976576,0
TRSM(2;0),0,795,11081317,445977600,0
TRSM(3;0),0,795,10865182,445979648,0
TRSM(4;0),0,795,10891317,445978624,0
TRSM(5;0),0,795,10951045,445980672,0
TRSM(6;0),0,795,10969267,445992960,0
TRSM(7;0),0,795,10995598,446002176,0
SYRK(4;0),0,795,10157444,411608064,0
GEMM(5;4;0),0,795,19990086,823437312,0
GEMM(6;4;0),0,795,19980369,823431168,0
GEMM(7;4;0),0,795,19963742,823436288,0
SYRK(4;1),0,795,378193512,16672999424,116852344218
GEMM(5;4;1),0,795,376021699,16824185856,8602
GEMM(6;4;1),0,795,362712623,15977184256,9216
GEMM(7;4;1),0,795,374848182,16822750208,9216
SYRK(4;2),0,795,400886277,17497694208,27696446054
GEMM(5;4;2),0,795,391877445,17275612160,8602
GEMM(6;4;2),0,795,382102254,17069228032,8602
GEMM(7;4;2),0,795,348751182,15777134592,9011
SYRK(4;3),0,795,98756675,3450245120,1394683290
GEMM(5;4;3),0,795,378767237,16925739008,9011
GEMM(6;4;3),0,795,345698852,15890448384,9216
GEMM(7;4;3),0,795,230327823,10307011584,9216
POTRF(4),0,795,3511892,148515840,0
TRSM(5;4),0,795,10709025,445976576,0
TRSM(6;4),0,795,11051312,445978624,0
TRSM(7;4),0,795,10804283,445978624,0
POTRF(0),0,795,3459864,148519936,0
TRSM(1;0),0,795,10688989,445974528,0
TRSM(2;0),0,795,11061319,445977600,0
TRSM(3;0),0,795,10843236,445975552,0
TRSM(4;0),0,795,10907961,445978624,0
TRSM(5;0),0,795,10996737,445979648,0
TRSM(6;0),0,795,11019409,445993984,0
TRSM(7;0),0,795,10985821,446003200,0
SYRK(4;0),0,795,10177484,411608064,0
GEMM(5;4;0),0,795,19968355,823437312,0
GEMM(6;4;0),0,795,19938073,823432192,0
GEMM(7;4;0),0,795,19981546,823436288,0
SYRK(4;1),0,795,350355412,16044527616,116852344218
GEMM(5;4;1),0,795,368075327,16552411136,8602
GEMM(6;4;1),0,795,361766257,16017933312,9216
GEMM(7;4;1),0,795,363085633,16113752064,9216
SYRK(4;2),0,795,403351533,17706940416,27696446054
GEMM(5;4;2),0,795,395943610,17672875008,8602
GEMM(6;4;2),0,795,393504666,17338371072,8602
GEMM(7;4;2),0,795,338077605,15154257920,9011
SYRK(4;3),0,795,86076915,3509914624,1394683290
GEMM(5;4;3),0,795,379735124,16666748928,9011
GEMM(6;4;3),0,795,355045614,15888871424,9216
GEMM(7;4;3),0,795,251913199,11357523968,9216
POTRF(4),0,795,3277199,148515840,0
TRSM(5;4),0,795,10926391,445978624,0
TRSM(6;4),0,795,11075194,445974528,0
TRSM(7;4),0,795,10801639,445979648,0
POTRF(0),0,795,3488897,148510720,0
TRSM(1;0),0,795,10672342,445979648,0
TRSM(2;0),0,795,11070018,445974528,0
TRSM(3;0),0,795,10872330,445981696,0
TRSM(4;0),0,795,10882664,445977600,0
TRSM(5;0),0,795,10973495,445983744,0
TRSM(6;0),0,795,10981529,446000128,0
TRSM(7;0),0,795,10966913,446003200,0
SYRK(4;0),0,795,10144484,411608064,0
GEMM(5;4;0),0,795,19969698,823435264,0
GEMM(6;4;0),0,795,19967814,823431168,0
GEMM(7;4;0),0,795,19982050,823434240,0
SYRK(4;1),0,795,368466759,16211969024,116852344218
GEMM(5;4;1),0,795,372896818,15951846400,8602
GEMM(6;4;1),0,795,359869213,16493083648,9216
GEMM(7;4;1),0,795,373360929,16676978688,9216
SYRK(4;2),0,795,409405118,17859750912,27696446054
GEMM(5;4;2),0,795,405406752,17879779328,8602
GEMM(6;4;2),0,795,401892033,17821735936,8602
GEMM(7;4;2),0,795,336334599,15150567424,9011
SYRK(4;3),0,795,88733951,3448164352,1394683290
GEMM(5;4;3),0,795,387991730,17170301952,9011
GEMM(6;4;3),0,795,361313135,16393146368,9216
GEMM(7;4;3),0,795,256594457,11384768512,9216
POTRF(4),0,795,3415796,148512768,0
TRSM(5;4),0,795,10815017,445982720,0
TRSM(6;4),0,795,11068819,445975552,0
TRSM(7;4),0,795,10792722,445979648,0
POTRF(0),0,795,3483424,148519936,0
TRSM(1;0),0,795,10689378,445977600,0
TRSM(2;0),0,795,11069759,445976576,0
TRSM(3;0),0,795,10845596,445976576,0
TRSM(4;0),0,795,10920947,445979648,0
TRSM(5;0),0,795,10997697,445981696,0
TRSM(6;0),0,795,10993821,445989888,0
TRSM(7;0),0,795,11006296,446002176,0
SYRK(4;0),0,795,10164837,411608064,0
GEMM(5;4;0),0,795,19999892,823436288,0
GEMM(6;4;0),0,795,19992685,823433216,0
GEMM(7;4;0),0,795,19969771,823434240,0
SYRK(4;1),0,795,368720182,16305990656,116852344218
GEMM(5;4;1),0,795,356924362,15793080320,8602
GEMM(6;4;1),0,795,361100106,15967124480,9216
GEMM(7;4;1),0,795,360867913,16187852800,9216
SYRK(4;2),0,795,401525994,17626705920,27696446054
GEMM(5;4;2),0,795,390632402,17022846976,8602
GEMM(6;4;2),0,795,400535766,17852637184,8602
GEMM(7;4;2),0,795,333680281,15077943296,9011
SYRK(4;3),0,795,81124864,3329128448,1394683290
GEMM(5;4;3),0,795,357792968,15787220992,9011
GEMM(6;4;3),0,795,342337521,15225336832,9216
GEMM(7;4;3),0,795,228921137,10324071424,9216
POTRF(4),0,795,3503491,148514816,0
TRSM(5;4),0,795,10692234,445981696,0
TRSM(6;4),0,795,11071869,445977600,0
TRSM(7;4),0,795,10817637,445971456,0
POTRF(0),0,840,3463679,140567552,0
TRSM(1;0),0,840,10192041,422104064,0
TRSM(2;0),0,840,10567593,422100992,0
TRSM(3;0),0,840,10395343,422100992,0
TRSM(4;0),0,840,10433242,422103040,0
TRSM(5;0),0,840,10500916,422132736,0
TRSM(6;0),0,840,10502697,422126592,0
TRSM(7;0),0,840,10504453,422132736,0
SYRK(4;0),0,840,9710171,389557248,0
GEMM(5;4;0),0,840,19078966,779327488,0
GEMM(6;4;0),0,840,19066659,779321344,0
GEMM(7;4;0),0,840,19069923,779324416,0
SYRK(4;1),0,840,360825395,15996125184,116241338163
GEMM(5;4;1),0,840,361919010,16106306560,8192
GEMM(6;4;1),0,840,361609955,15972038656,8397
GEMM(7;4;1),0,840,353638264,15800140800,8397
SYRK(4;2),0,840,414350101,17967457280,27643883315
GEMM(5;4;2),0,840,402027005,17639921664,8192
GEMM(6;4;2),0,840,397751111,17853292544,8397
GEMM(7;4;2),0,840,350968911,15735528448,8397
SYRK(4;3),0,840,95517012,3913656320,1394302157
GEMM(5;4;3),0,840,366914058,16221233152,8602
GEMM(6;4;3),0,840,347479580,15313500160,8806
GEMM(7;4;3),0,840,201986455,9128231936,8806
POTRF(4),0,840,3288996,140563456,0
TRSM(5;4),0,840,10252056,422102016,0
TRSM(6;4),0,840,10534558,422105088,0
TRSM(7;4),0,840,10347504,422105088,0
POTRF(0),0,840,3295422,140563456,0
TRSM(1;0),0,840,10223182,422104064,0
TRSM(2;0),0,840,10544499,422102016,0
TRSM(3;0),0,840,10384596,422102016,0
TRSM(4;0),0,840,10393435,422105088,0
TRSM(5;0),0,840,10456454,422124544,0
TRSM(6;0),0,840,10451870,422113280,0
TRSM(7;0),0,840,10453521,422129664,0
SYRK(4;0),0,840,9696073,389557248,0
GEMM(5;4;0),0,840,19042388,779326464,0
GEMM(6;4;0),0,840,19024961,779321344,0
GEMM(7;4;0),0,840,18958285,779323392,0
SYRK(4;1),0,840,362887790,16165300224,116241338163
GEMM(5;4;1),0,840,346039633,15251120128,8192
GEMM(6;4;1),0,840,351858627,15602189312,8397
GEMM(7;4;1),0,840,358041842,15991202816,8397
SYRK(4;2),0,840,418870571,18021783552,27643883315
GEMM(5;4;2),0,840,394226225,17580736512,8192
GEMM(6;4;2),0,840,393612748,17364347904,8397
GEMM(7;4;2),0,840,338928059,15238634496,8397
SYRK(4;3),0,840,107334924,4375735296,1394302157
GEMM(5;4;3),0,840,366034434,16307014656,8602
GEMM(6;4;3),0,840,353549629,15590868992,8806
GEMM(7;4;3),0,840,232164793,10361289728,8806
POTRF(4),0,840,3257268,140562432,0
TRSM(5;4),0,840,10273679,422103040,0
TRSM(6;4),0,840,10558374,422100992,0
TRSM(7;4),0,840,10324212,422104064,0
POTRF(0),0,840,3449737,140560384,0
TRSM(1;0),0,840,10220221,422100992,0
TRSM(2;0),0,840,10551345,422104064,0
TRSM(3;0),0,840,10382073,422104064,0
TRSM(4;0),0,840,10374155,422102016,0
TRSM(5;0),0,840,9557388,422129664,0
TRSM(6;0),0,840,11337737,422126592,0
TRSM(7;0),0,840,10458221,422129664,0
SYRK(4;0),0,840,9701358,389557248,0
GEMM(5;4;0),0,840,19061799,779326464,0
GEMM(6;4;0),0,840,19035780,779321344,0
GEMM(7;4;0),0,840,19011579,779324416,0
SYRK(4;1),0,840,371758742,16134381568,116241338163
GEMM(5;4;1),0,840,348074708,15562039296,8192
GEMM(6;4;1),0,840,359731229,16048798720,8397
GEMM(7;4;1),0,840,360745557,16148572160,8397
SYRK(4;2),0,840,407977496,17750057984,27643883315
GEMM(5;4;2),0,840,398132378,17611718656,8192
GEMM(6;4;2),0,840,398723055,17659749376,8397
GEMM(7;4;2),0,840,346072617,15307198464,8397
SYRK(4;3),0,840,94580064,3824876544,1394302157
GEMM(5;4;3),0,840,369712209,16292732928,8602
GEMM(6;4;3),0,840,333467813,14838029312,8806
GEMM(7;4;3),0,840,201748633,9042998272,8806
POTRF(4),0,840,3340332,140564480,0
TRSM(5;4),0,840,10219406,422102016,0
TRSM(6;4),0,840,10560954,422104064,0
TRSM(7;4),0,840,10354472,422108160,0
POTRF(0),0,840,3211150,140561408,0
TRSM(1;0),0,840,10313655,422096896,0
TRSM(2;0),0,840,10539305,422106112,0
TRSM(3;0),0,840,9896664,422105088,0
TRSM(4;0),0,840,10783474,422099968,0
TRSM(5;0),0,840,10572475,422125568,0
TRSM(6;0),0,840,10482577,422123520,0
TRSM(7;0),0,840,10486480,422133760,0
SYRK(4;0),0,840,9728034,389557248,0
GEMM(5;4;0),0,840,19084546,779323392,0
GEMM(6;4;0),0,840,19040952,779321344,0
GEMM(7;4;0),0,840,19034863,779325440,0
SYRK(4;1),0,840,361353081,16162618368,116241338163
GEMM(5;4;1),0,840,363528810,16000305152,8192
GEMM(6;4;1),0,840,353929706,15723000832,8397
GEMM(7;4;1),0,840,363466441,16118392832,8397
SYRK(4;2),0,840,411607906,17815461888,27643883315
GEMM(5;4;2),0,840,391804887,17327285248,8192
GEMM(6;4;2),0,840,393487209,17364381696,8397
GEMM(7;4;2),0,840,336909861,15186001920,8397
SYRK(4;3),0,840,104280260,4213657600,1394302157
GEMM(5;4;3),0,840,368711302,16280403968,8602
GEMM(6;4;3),0,840,337493896,15096414208,8806
GEMM(7;4;3),0,840,225917194,10072065024,8806
POTRF(4),0,840,3319476,140568576,0
TRSM(5;4),0,840,10197266,422105088,0
TRSM(6;4),0,840,10553255,422106112,0
TRSM(7;4),0,840,10332013,422103040,0
POTRF(0),0,840,3459741,140564480,0
TRSM(1;0),0,840,10206251,422102016,0
TRSM(2;0),0,840,10544531,422100992,0
TRSM(3;0),0,840,10376407,422102016,0
TRSM(4;0),0,840,10396762,422104064,0
TRSM(5;0),0,840,10466902,422126592,0
TRSM(6;0),0,840,10495030,422124544,0
TRSM(7;0),0,840,10483054,422128640,0
SYRK(4;0),0,840,9690138,389557248,0
GEMM(5;4;0),0,840,19068981,779326464,0
GEMM(6;4;0),0,840,19010083,779321344,0
GEMM(7;4;0),0,840,18995271,779325440,0
SYRK(4;1),0,840,358579175,15948831744,116241338163
GEMM(5;4;1),0,840,352705129,15594333184,8192
GEMM(6;4;1),0,840,351219391,15539992576,8397
GEMM(7;4;1),0,840,357687883,15972622336,8397
SYRK(4;2),0,840,405384560,17624268800,27643883315
GEMM(5;4;2),0,840,395211079,17264349184,8192
GEMM(6;4;2),0,840,396547144,17314306048,8397
GEMM(7;4;2),0,840,328028808,15111817216,8397
SYRK(4;3),0,840,95827148,3914428416,1394302157
GEMM(5;4;3),0,840,372695399,16463750144,8602
GEMM(6;4;3),0,840,343942958,15430340608,8806
GEMM(7;4;3),0,840,201741910,8874016768,8806
POTRF(4),0,840,3342697,140564480,0
TRSM(5;4),0,840,10208152,422100992,0
TRSM(6;4),0,840,10542760,422104064,0
TRSM(7;4),0,840,9850492,422107136,0
POTRF(0),0,915,3186548,129040384,0
TRSM(1;0),0,915,9713323,387509248,0
TRSM(2;0),0,915,9752798,387519488,0
TRSM(3;0),0,915,9624887,387514368,0
TRSM(4;0),0,915,9676167,387559424,0
TRSM(5;0),0,915,9692281,387551232,0
TRSM(6;0),0,915,9804051,387548160,0
TRSM(7;0),0,915,9789611,387537920,0
SYRK(4;0),0,915,9085522,357626880,0
GEMM(5;4;0),0,915,17805628,715459584,0
GEMM(6;4;0),0,915,17797738,715453440,0
GEMM(7;4;0),0,915,17729260,715459584,0
SYRK(4;1),0,915,366964690,15931167744,112866124800
GEMM(5;4;1),0,915,356402883,15767046144,7578
GEMM(6;4;1),0,915,352414038,15477304320,8192
GEMM(7;4;1),0,915,348905431,15410065408,8192
SYRK(4;2),0,915,407460150,17423159296,28035204710
GEMM(5;4;2),0,915,398473005,17358176256,7987
GEMM(6;4;2),0,915,402092314,17863433216,8192
GEMM(7;4;2),0,915,360706207,15859198976,7578
SYRK(4;3),0,915,129407825,5267966976,1363823411
GEMM(5;4;3),0,915,365514647,16114788352,7782
GEMM(6;4;3),0,915,368888011,15210307584,7987
GEMM(7;4;3),0,915,206343905,10082109440,8192
POTRF(4),0,915,3060107,129043456,0
TRSM(5;4),0,915,9475672,387510272,0
TRSM(6;4),0,915,9935698,387526656,0
TRSM(7;4),0,915,9668728,387516416,0
POTRF(0),0,915,3117736,129043456,0
TRSM(1;0),0,915,9505051,387512320,0
TRSM(2;0),0,915,9814680,387520512,0
TRSM(3;0),0,915,9684738,387515392,0
TRSM(4;0),0,915,9738706,387547136,0
TRSM(5;0),0,915,9802480,387544064,0
TRSM(6;0),0,915,9762020,387544064,0
TRSM(7;0),0,915,9773354,387537920,0
SYRK(4;0),0,915,9018232,357625856,0
GEMM(5;4;0),0,915,17747857,715460608,0
GEMM(6;4;0),0,915,17462601,715456512,0
GEMM(7;4;0),0,915,17572142,715457536,0
SYRK(4;1),0,915,370146179,15709423616,112866124800
GEMM(5;4;1),0,915,343825548,15100119040,7578
GEMM(6;4;1),0,915,348137382,15351929856,8192
GEMM(7;4;1),0,915,343360969,15146921984,8192
SYRK(4;2),0,915,412238333,17612358656,28035204710
GEMM(5;4;2),0,915,398352626,17465234432,7987
GEMM(6;4;2),0,915,386196015,17055468544,8192
GEMM(7;4;2),0,915,351901410,15621391360,7578
SYRK(4;3),0,915,121916423,4935473152,1363823411
GEMM(5;4;3),0,915,363699249,16036675584,7782
GEMM(6;4;3),0,915,335032512,14823202816,7987
GEMM(7;4;3),0,915,163052336,7106255872,8192
POTRF(4),0,915,3097679,129043456,0
TRSM(5;4),0,915,9500727,387508224,0
TRSM(6;4),0,915,9837338,387520512,0
TRSM(7;4),0,915,9698043,387516416,0
POTRF(0),0,915,3176142,129042432,0
TRSM(1;0),0,915,9555308,387509248,0
TRSM(2;0),0,915,9953873,387526656,0
TRSM(3;0),0,915,9579544,387519488,0
TRSM(4;0),0,915,9733943,387551232,0
TRSM(5;0),0,915,9806504,387539968,0
TRSM(6;0),0,915,9755636,387539968,0
TRSM(7;0),0,915,9778798,387533824,0
SYRK(4;0),0,915,9067888,357626880,0
GEMM(5;4;0),0,915,17755517,715460608,0
GEMM(6;4;0),0,915,17752550,715457536,0
GEMM(7;4;0),0,915,17667138,715456512,0
SYRK(4;1),0,915,363241535,15661228032,112866124800
GEMM(5;4;1),0,915,349774661,15287755776,7578
GEMM(6;4;1),0,915,347117185,15409347584,8192
GEMM(7;4;1),0,915,345872829,15138704384,8192
SYRK(4;2),0,915,415437622,17770328064,28035204710
GEMM(5;4;2),0,915,390783978,17123353600,7987
GEMM(6;4;2),0,915,396083033,17456039936,8192
GEMM(7;4;2),0,915,356263718,15792820224,7578
SYRK(4;3),0,915,124457099,4972548096,1363823411
GEMM(5;4;3),0,915,361227163,16024643584,7782
GEMM(6;4;3),0,915,333475334,14724086784,7987
GEMM(7;4;3),0,915,156030650,6778805248,8192
POTRF(4),0,915,2865267,129043456,0
TRSM(5;4),0,915,9632031,387506176,0
TRSM(6;4),0,915,9835734,387523584,0
TRSM(7;4),0,915,9731252,387521536,0
POTRF(0),0,915,3213950,129040384,0
TRSM(1;0),0,915,9276561,387516416,0
TRSM(2;0),0,915,10098642,387519488,0
TRSM(3;0),0,915,9666183,387518464,0
TRSM(4;0),0,915,9720161,387550208,0
TRSM(5;0),0,915,9783528,387543040,0
TRSM(6;0),0,915,9770179,387543040,0
TRSM(7;0),0,915,9750583,387543040,0
SYRK(4;0),0,915,9063343,357626880,0
GEMM(5;4;0),0,915,17752939,715458560,0
GEMM(6;4;0),0,915,17725657,715456512,0
GEMM(7;4;0),0,915,17681325,715459584,0
SYRK(4;1),0,915,360028967,15617363968,112866124800
GEMM(5;4;1),0,915,359308186,15705109504,7578
GEMM(6;4;1),0,915,364861775,15948530688,8192
GEMM(7;4;1),0,915,347388733,15487932416,8192
SYRK(4;2),0,915,409576619,17640551424,28035204710
GEMM(5;4;2),0,915,397577620,17300102144,7987
GEMM(6;4;2),0,915,396052503,17379864576,8192
GEMM(7;4;2),0,915,337806278,15012322304,7578
SYRK(4;3),0,915,123873946,4948685824,1363823411
GEMM(5;4;3),0,915,385447415,16990659584,7782
GEMM(6;4;3),0,915,364659786,16098944000,7987
GEMM(7;4;3),0,915,214797733,9431180288,8192
POTRF(4),0,915,3041989,129043456,0
TRSM(5;4),0,915,9467879,387510272,0
TRSM(6;4),0,915,9946541,387526656,0
TRSM(7;4),0,915,9666082,387511296,0
POTRF(0),0,915,3187025,129039360,0
TRSM(1;0),0,915,9452415,387508224,0
TRSM(2;0),0,915,9840055,387524608,0
TRSM(3;0),0,915,9790199,387520512,0
TRSM(4;0),0,915,9717662,387549184,0
TRSM(5;0),0,915,9761644,387549184,0
TRSM(6;0),0,915,9785478,387544064,0
TRSM(7;0),0,915,9766698,387536896,0
SYRK(4;0),0,915,9073972,357625856,0
GEMM(5;4;0),0,915,17774953,715460608,0
GEMM(6;4;0),0,915,17755032,715457536,0
GEMM(7;4;0),0,915,17688979,715458560,0
SYRK(4;1),0,915,363050144,15894501376,112866124800
GEMM(5;4;1),0,915,367350318,15844220928,7578
GEMM(6;4;1),0,915,368515839,16474801152,8192
GEMM(7;4;1),0,915,351970993,15313418240,8192
SYRK(4;2),0,915,424504437,17777426432,28035204710
GEMM(5;4;2),0,915,403356051,17277137920,7987
GEMM(6;4;2),0,915,387112437,17790330880,8192
GEMM(7;4;2),0,915,341385438,15005378560,7578
SYRK(4;3),0,915,122722330,5012286464,1363823411
GEMM(5;4;3),0,915,365435927,16082163712,7782
GEMM(6;4;3),0,915,352616565,15432597504,7987
GEMM(7;4;3),0,915,216451915,9587506176,8192
POTRF(4),0,915,2880402,129042432,0
TRSM(5;4),0,915,9678549,387511296,0
TRSM(6;4),0,915,9848138,387517440,0
TRSM(7;4),0,915,9710567,387519488,0
POTRF(0),0,990,2910850,119265280,0
TRSM(1;0),0,990,8730891,358159360,0
TRSM(2;0),0,990,9102821,358179840,0
TRSM(3;0),0,990,8908229,358167552,0
TRSM(4;0),0,990,8949693,358195200,0
TRSM(5;0),0,990,9031127,358203392,0
TRSM(6;0),0,990,9022628,358184960,0
TRSM(7;0),0,990,9010271,358169600,0
SYRK(4;0),0,990,8333646,330532864,0
GEMM(5;4;0),0,990,16245379,661286912,0
GEMM(6;4;0),0,990,16234667,661281792,0
GEMM(7;4;0),0,990,16192223,661283840,0
SYRK(4;1),0,990,351902270,15604580352,107556995686
GEMM(5;4;1),0,990,350668886,15416550400,6963
GEMM(6;4;1),0,990,337681339,14816247808,7373
GEMM(7;4;1),0,990,332550464,14745921536,7782
SYRK(4;2),0,990,384488182,16656695296,27514947789
GEMM(5;4;2),0,990,365425594,16088311808,7168
GEMM(6;4;2),0,990,373363976,16189010944,7373
GEMM(7;4;2),0,990,349352727,15425794048,7578
SYRK(4;3),0,990,152488335,5804722176,1338939802
GEMM(5;4;3),0,990,358715585,16259420160,6963
GEMM(6;4;3),0,990,336028197,14669635584,7782
GEMM(7;4;3),0,990,155470736,6831224832,7578
POTRF(4),0,990,2865627,119266304,0
TRSM(5;4),0,990,8933784,358156288,0
TRSM(6;4),0,990,9212018,358177792,0
TRSM(7;4),0,990,9082158,358168576,0
POTRF(0),0,990,2949093,119271424,0
TRSM(1;0),0,990,8807093,358157312,0
TRSM(2;0),0,990,9457633,358166528,0
TRSM(3;0),0,990,8935450,358175744,0
TRSM(4;0),0,990,9097348,358189056,0
TRSM(5;0),0,990,9138678,358192128,0
TRSM(6;0),0,990,9137528,358191104,0
TRSM(7;0),0,990,9123601,358170624,0
SYRK(4;0),0,990,8458345,330533888,0
GEMM(5;4;0),0,990,16564841,661283840,0
GEMM(6;4;0),0,990,16570070,661283840,0
GEMM(7;4;0),0,990,16574121,661283840,0
SYRK(4;1),0,990,368979719,15626427392,107556995686
GEMM(5;4;1),0,990,353165798,15386159104,6963
GEMM(6;4;1),0,990,345732066,15018695680,7373
GEMM(7;4;1),0,990,341220719,14901051392,7782
SYRK(4;2),0,990,392721330,16845365248,27514947789
GEMM(5;4;2),0,990,383854061,16553712640,7168
GEMM(6;4;2),0,990,381354338,16078523392,7373
GEMM(7;4;2),0,990,331037158,14985059328,7578
SYRK(4;3),0,990,153516673,6228477952,1338939802
GEMM(5;4;3),0,990,378844658,16721355776,6963
GEMM(6;4;3),0,990,356172069,15306735616,7782
GEMM(7;4;3),0,990,165332757,7255491584,7578
POTRF(4),0,990,2842586,119265280,0
TRSM(5;4),0,990,8994104,358165504,0
TRSM(6;4),0,990,9099115,358174720,0
TRSM(7;4),0,990,9192544,358171648,0
POTRF(0),0,990,2659451,119265280,0
TRSM(1;0),0,990,8927971,358163456,0
TRSM(2;0),0,990,9344184,358170624,0
TRSM(3;0),0,990,9161817,358167552,0
TRSM(4;0),0,990,9148615,358193152,0
TRSM(5;0),0,990,9184518,358185984,0
TRSM(6;0),0,990,9187141,358188032,0
TRSM(7;0),0,990,9177185,358172672,0
SYRK(4;0),0,990,8483947,330533888,0
GEMM(5;4;0),0,990,16635944,661283840,0
GEMM(6;4;0),0,990,16613610,661284864,0
GEMM(7;4;0),0,990,16566630,661282816,0
SYRK(4;1),0,990,367686656,16061588480,107556995686
GEMM(5;4;1),0,990,351201132,15335989248,6963
GEMM(6;4;1),0,990,344689331,14717625344,7373
GEMM(7;4;1),0,990,333746064,14753357824,7782
SYRK(4;2),0,990,394204984,16728593408,27514947789
GEMM(5;4;2),0,990,392953137,17083762688,7168
GEMM(6;4;2),0,990,380734759,16372271104,7373
GEMM(7;4;2),0,990,347808547,15467365376,7578
SYRK(4;3),0,990,150505584,6043954176,1338939802
GEMM(5;4;3),0,990,377490893,16497398784,6963
GEMM(6;4;3),0,990,336341910,14662924288,7782
GEMM(7;4;3),0,990,151683874,6616056832,7578
POTRF(4),0,990,2922379,119268352,0
TRSM(5;4),0,990,8889956,358159360,0
TRSM(6;4),0,990,9311093,358179840,0
TRSM(7;4),0,990,9090697,358169600,0
POTRF(0),0,990,2906685,119267328,0
TRSM(1;0),0,990,8963040,358158336,0
TRSM(2;0),0,990,9034978,358173696,0
TRSM(3;0),0,990,9284761,358164480,0
TRSM(4;0),0,990,9167149,358185984,0
TRSM(5;0),0,990,9205634,358181888,0
TRSM(6;0),0,990,9227346,358182912,0
TRSM(7;0),0,990,9222017,358168576,0
SYRK(4;0),0,990,8412295,330533888,0
GEMM(5;4;0),0,990,15794485,661278720,0
GEMM(6;4;0),0,990,17522071,661278720,0
GEMM(7;4;0),0,990,16602222,661281792,0
SYRK(4;1),0,990,355493588,15542012928,107556995686
GEMM(5;4;1),0,990,342736136,14743542784,6963
GEMM(6;4;1),0,990,343368243,14786827264,7373
GEMM(7;4;1),0,990,351608686,15485324288,7782
SYRK(4;2),0,990,392031140,16742188032,27514947789
GEMM(5;4;2),0,990,384838474,16703439872,7168
GEMM(6;4;2),0,990,390044763,16338415616,7373
GEMM(7;4;2),0,990,341076530,15503010816,7578
SYRK(4;3),0,990,152634177,6080625664,1338939802
GEMM(5;4;3),0,990,386761989,16903717888,6963
GEMM(6;4;3),0,990,334500885,14559904768,7782
GEMM(7;4;3),0,990,164557477,7204898816,7578
POTRF(4),0,990,3028996,119268352,0
TRSM(5;4),0,990,8865333,358162432,0
TRSM(6;4),0,990,9152917,358175744,0
TRSM(7;4),0,990,9190220,358166528,0
POTRF(0),0,990,2982439,119269376,0
TRSM(1;0),0,990,8734400,358156288,0
TRSM(2;0),0,990,9358763,358176768,0
TRSM(3;0),0,990,9223458,358165504,0
TRSM(4;0),0,990,9125081,358187008,0
TRSM(5;0),0,990,9182981,358187008,0
TRSM(6;0),0,990,9191948,358193152,0
TRSM(7;0),0,990,9182336,358176768,0
SYRK(4;0),0,990,8510052,330532864,0
GEMM(5;4;0),0,990,16661220,661284864,0
GEMM(6;4;0),0,990,16652685,661281792,0
GEMM(7;4;0),0,990,16617360,661282816,0
SYRK(4;1),0,990,364464571,15271813120,107556995686
GEMM(5;4;1),0,990,344651192,15073069056,6963
GEMM(6;4;1),0,990,340156183,14783043584,7373
GEMM(7;4;1),0,990,354707912,15462450176,7782
SYRK(4;2),0,990,393513287,16634179584,27514947789
GEMM(5;4;2),0,990,370327082,16170677248,7168
GEMM(6;4;2),0,990,400664547,17001400320,7373
GEMM(7;4;2),0,990,345148576,15433458688,7578
SYRK(4;3),0,990,151105376,6194227200,1338939802
GEMM(5;4;3),0,990,375384537,16243378176,6963
GEMM(6;4;3),0,990,339714424,14758495232,7782
GEMM(7;4;3),0,990,173631895,7603812352,7578
POTRF(4),0,990,3011051,119269376,0
TRSM(5;4),0,990,8923451,358163456,0
TRSM(6;4),0,990,9225561,358183936,0
TRSM(7;4),0,990,9144672,358167552,0
POTRF(0),0,1065,3529024,139890688,0
TRSM(1;0),0,1065,10471602,431293440,0
TRSM(2;0),0,1065,10803088,426148864,0
TRSM(3;0),0,1065,10751182,432492544,0
TRSM(4;0),0,1065,10690784,427290624,0
TRSM(5;0),0,1065,10845067,431010816,0
TRSM(6;0),0,1065,10838380,429803520,0
TRSM(7;0),0,1065,10779788,428557312,0
SYRK(4;0),0,1065,9996203,398428160,0
GEMM(5;4;0),0,1065,19294422,767169536,0
GEMM(6;4;0),0,1065,19247845,764774400,0
GEMM(7;4;0),0,1065,19381405,776572928,0
SYRK(4;1),0,1065,370660918,16063036416,100087883571
GEMM(5;4;1),0,1065,352345566,15324115968,8192
GEMM(6;4;1),0,1065,369504754,16035438592,9216
GEMM(7;4;1),0,1065,342005108,14914429952,8602
SYRK(4;2),0,1065,402975428,17296588800,26661979341
GEMM(5;4;2),0,1065,412319153,17379158016,8192
GEMM(6;4;2),0,1065,397937807,17677014016,8602
GEMM(7;4;2),0,1065,360931228,16058684416,8602
SYRK(4;3),0,1065,180006408,7459692544,1313195827
GEMM(5;4;3),0,1065,425304403,17387335680,7782
GEMM(6;4;3),0,1065,341338504,15982312448,8192
GEMM(7;4;3),0,1065,187982656,8237824000,8806
POTRF(4),0,1065,3359768,139904000,0
TRSM(5;4),0,1065,10484333,431197184,0
TRSM(6;4),0,1065,10818153,425791488,0
TRSM(7;4),0,1065,10691115,432297984,0
POTRF(0),0,1065,3345472,136645632,0
TRSM(1;0),0,1065,10512577,431035392,0
TRSM(2;0),0,1065,10835757,429096960,0
TRSM(3;0),0,1065,10665793,428071936,0
TRSM(4;0),0,1065,10767357,431148032,0
TRSM(5;0),0,1065,10734031,425435136,0
TRSM(6;0),0,1065,10843141,432099328,0
TRSM(7;0),0,1065,10752468,426546176,0
SYRK(4;0),0,1065,9998964,397828096,0
GEMM(5;4;0),0,1065,19354932,774236160,0
GEMM(6;4;0),0,1065,19356559,772566016,0
GEMM(7;4;0),0,1065,19249884,764819456,0
SYRK(4;1),0,1065,359716064,15657354240,100087883571
GEMM(5;4;1),0,1065,352614874,15377270784,8192
GEMM(6;4;1),0,1065,339600856,14742747136,9216
GEMM(7;4;1),0,1065,352836874,15388691456,8602
SYRK(4;2),0,1065,407096103,17207818240,26661979341
GEMM(5;4;2),0,1065,398049135,17336293376,8192
GEMM(6;4;2),0,1065,401760394,17254508544,8602
GEMM(7;4;2),0,1065,354591362,15759807488,8602
SYRK(4;3),0,1065,180839908,7393768448,1313195827
GEMM(5;4;3),0,1065,402461027,17404427264,7782
GEMM(6;4;3),0,1065,342307595,15068978176,8192
GEMM(7;4;3),0,1065,184347412,8052482048,8806
POTRF(4),0,1065,3386247,141601792,0
TRSM(5;4),0,1065,10518597,430495744,0
TRSM(6;4),0,1065,10805956,426013696,0
TRSM(7;4),0,1065,10717661,431714304,0
POTRF(0),0,1065,3393138,139326464,0
TRSM(1;0),0,1065,10528574,431232000,0
TRSM(2;0),0,1065,10782821,425717760,0
TRSM(3;0),0,1065,10749736,432075776,0
TRSM(4;0),0,1065,10754346,427551744,0
TRSM(5;0),0,1065,10834959,429782016,0
TRSM(6;0),0,1065,10850094,430117888,0
TRSM(7;0),0,1065,10770909,427095040,0
SYRK(4;0),0,1065,10007716,398473216,0
GEMM(5;4;0),0,1065,19299835,766750720,0
GEMM(6;4;0),0,1065,19426407,775054336,0
GEMM(7;4;0),0,1065,19191295,763824128,0
SYRK(4;1),0,1065,362287733,15839944704,100087883571
GEMM(5;4;1),0,1065,337654940,14657353728,8192
GEMM(6;4;1),0,1065,334649695,14569584640,9216
GEMM(7;4;1),0,1065,354834518,15451041792,8602
SYRK(4;2),0,1065,409811123,17212291072,26661979341
GEMM(5;4;2),0,1065,392789009,17262260224,8192
GEMM(6;4;2),0,1065,395653332,16997856256,8602
GEMM(7;4;2),0,1065,350215874,15599993856,8602
SYRK(4;3),0,1065,176042399,7231319040,1313195827
GEMM(5;4;3),0,1065,404656772,17576524800,7782
GEMM(6;4;3),0,1065,348705695,15301498880,8192
GEMM(7;4;3),0,1065,163276163,7075336192,8806
POTRF(4),0,1065,3528989,145881088,0
TRSM(5;4),0,1065,10237640,425216000,0
TRSM(6;4),0,1065,11111418,432400384,0
TRSM(7;4),0,1065,10633738,427650048,0
POTRF(0),0,1065,3393006,139279360,0
TRSM(1;0),0,1065,10506348,431712256,0
TRSM(2;0),0,1065,10804327,425832448,0
TRSM(3;0),0,1065,10634393,425781248,0
TRSM(4;0),0,1065,10810183,431995904,0
TRSM(5;0),0,1065,10778327,426534912,0
TRSM(6;0),0,1065,10856143,431560704,0
TRSM(7;0),0,1065,10801583,428676096,0
SYRK(4;0),0,1065,9920831,392718336,0
GEMM(5;4;0),0,1065,19265854,764422144,0
GEMM(6;4;0),0,1065,19284676,764346368,0
GEMM(7;4;0),0,1065,19227725,765053952,0
SYRK(4;1),0,1065,366682570,15865917440,100087883571
GEMM(5;4;1),0,1065,366159948,15703974912,8192
GEMM(6;4;1),0,1065,365907367,15946285056,9216
GEMM(7;4;1),0,1065,363609869,15974443008,8602
SYRK(4;2),0,1065,399785383,17169991680,26661979341
GEMM(5;4;2),0,1065,418989331,17253006336,8192
GEMM(6;4;2),0,1065,381905808,17587277824,8602
GEMM(7;4;2),0,1065,359434013,15566617600,8602
SYRK(4;3),0,1065,183878066,7517553664,1313195827
GEMM(5;4;3),0,1065,403882270,17428978688,7782
GEMM(6;4;3),0,1065,373074493,16368024576,8192
GEMM(7;4;3),0,1065,162292686,7170008064,8806
POTRF(4),0,1065,3472380,144978944,0
TRSM(5;4),0,1065,10380341,427860992,0
TRSM(6;4),0,1065,10938835,429512704,0
TRSM(7;4),0,1065,10669372,430461952,0
POTRF(0),0,1065,3137650,138222592,0
TRSM(1;0),0,1065,10637865,431648768,0
TRSM(2;0),0,1065,10823954,426547200,0
TRSM(3;0),0,1065,10699246,431578112,0
TRSM(4;0),0,1065,10716756,428457984,0
TRSM(5;0),0,1065,10807702,429268992,0
TRSM(6;0),0,1065,10845859,430915584,0
TRSM(7;0),0,1065,10734247,426266624,0
SYRK(4;0),0,1065,10004239,398655488,0
GEMM(5;4;0),0,1065,19291804,767319040,0
GEMM(6;4;0),0,1065,19398695,775117824,0
GEMM(7;4;0),0,1065,19376144,775755776,0
SYRK(4;1),0,1065,365961228,15913507840,100087883571
GEMM(5;4;1),0,1065,361942260,15500771328,8192
GEMM(6;4;1),0,1065,332095188,14551274496,9216
GEMM(7;4;1),0,1065,348004345,15210727424,8602
SYRK(4;2),0,1065,404991047,17489087488,26661979341
GEMM(5;4;2),0,1065,412520464,17615546368,8192
GEMM(6;4;2),0,1065,397796440,17563367424,8602
GEMM(7;4;2),0,1065,359117190,15749276672,8602
SYRK(4;3),0,1065,191673547,7659314176,1313195827
GEMM(5;4;3),0,1065,405046023,17736948736,7782
GEMM(6;4;3),0,1065,346431809,15352104960,8192
GEMM(7;4;3),0,1065,181929429,7889914880,8806
POTRF(4),0,1065,3363930,144627712,0
TRSM(5;4),0,1065,10387230,428050432,0
TRSM(6;4),0,1065,10943625,429271040,0
TRSM(7;4),0,1065,10668611,430900224,0
POTRF(0),0,1140,3258315,136272896,0
TRSM(1;0),0,1140,10610099,431787008,0
TRSM(2;0),0,1140,10804030,428139520,0
TRSM(3;0),0,1140,10663556,429611008,0
TRSM(4;0),0,1140,10755330,430321664,0
TRSM(5;0),0,1140,10747268,426941440,0
TRSM(6;0),0,1140,10829320,431663104,0
TRSM(7;0),0,1140,10731130,425494528,0
SYRK(4;0),0,1140,10034618,399188992,0
GEMM(5;4;0),0,1140,19550218,785799168,0
GEMM(6;4;0),0,1140,19646899,792159232,0
GEMM(7;4;0),0,1140,19395647,775780352,0
SYRK(4;1),0,1140,342655880,14733063168,100461092454
GEMM(5;4;1),0,1140,328354458,14196011008,8192
GEMM(6;4;1),0,1140,346527567,14982962176,9011
GEMM(7;4;1),0,1140,335416874,14682780672,8806
SYRK(4;2),0,1140,411735502,17389897728,26463084954
GEMM(5;4;2),0,1140,397214858,17480270848,8397
GEMM(6;4;2),0,1140,399162361,17314539520,8602
GEMM(7;4;2),0,1140,350359656,15425108992,9011
SYRK(4;3),0,1140,200496926,8097869824,1290336666
GEMM(5;4;3),0,1140,402377746,17264073728,8192
GEMM(6;4;3),0,1140,359426933,16089239552,8602
GEMM(7;4;3),0,1140,172856580,7678413824,9011
POTRF(4),0,1140,3435933,141788160,0
TRSM(5;4),0,1140,10504112,430178304,0
TRSM(6;4),0,1140,10791398,426133504,0
TRSM(7;4),0,1140,10709842,431583232,0
POTRF(0),0,1140,3365794,136345600,0
TRSM(1;0),0,1140,10606383,431272960,0
TRSM(2;0),0,1140,10842164,428244992,0
TRSM(3;0),0,1140,10673656,428682240,0
TRSM(4;0),0,1140,10775406,430647296,0
TRSM(5;0),0,1140,10743372,425897984,0
TRSM(6;0),0,1140,10851439,431874048,0
TRSM(7;0),0,1140,10739141,426013696,0
SYRK(4;0),0,1140,10012232,398566400,0
GEMM(5;4;0),0,1140,19473579,781249536,0
GEMM(6;4;0),0,1140,19233578,764616704,0
GEMM(7;4;0),0,1140,19491335,782572544,0
SYRK(4;1),0,1140,334033172,14301618176,100461092454
GEMM(5;4;1),0,1140,329232719,14206814208,8192
GEMM(6;4;1),0,1140,338069915,14818232320,9011
GEMM(7;4;1),0,1140,326453225,14147578880,8806
SYRK(4;2),0,1140,398523713,17305038848,26463084954
GEMM(5;4;2),0,1140,396224639,17064286208,8397
GEMM(6;4;2),0,1140,402876791,17454921728,8602
GEMM(7;4;2),0,1140,346450775,15293338624,9011
SYRK(4;3),0,1140,196228483,8067915776,1290336666
GEMM(5;4;3),0,1140,396965555,17224026112,8192
GEMM(6;4;3),0,1140,367322157,16144633856,8602
GEMM(7;4;3),0,1140,179061213,7836816384,9011
POTRF(4),0,1140,3566557,145032192,0
TRSM(5;4),0,1140,10448772,427529216,0
TRSM(6;4),0,1140,10870747,429568000,0
TRSM(7;4),0,1140,10651513,430513152,0
POTRF(0),0,1140,3399765,139881472,0
TRSM(1;0),0,1140,10519270,431122432,0
TRSM(2;0),0,1140,10803042,425846784,0
TRSM(3;0),0,1140,10748323,432258048,0
TRSM(4;0),0,1140,10707130,427095040,0
TRSM(5;0),0,1140,10832335,430766080,0
TRSM(6;0),0,1140,10822709,429480960,0
TRSM(7;0),0,1140,10763133,427791360,0
SYRK(4;0),0,1140,10004570,398331904,0
GEMM(5;4;0),0,1140,19403686,780066816,0
GEMM(6;4;0),0,1140,19788591,795549696,0
GEMM(7;4;0),0,1140,19361174,775472128,0
SYRK(4;1),0,1140,357078332,15249723392,100461092454
GEMM(5;4;1),0,1140,343076154,14898273280,8192
GEMM(6;4;1),0,1140,336186278,14415348736,9011
GEMM(7;4;1),0,1140,323311707,14221796352,8806
SYRK(4;2),0,1140,401307877,17078542336,26463084954
GEMM(5;4;2),0,1140,394049553,17263836160,8397
GEMM(6;4;2),0,1140,403308280,17310163968,8602
GEMM(7;4;2),0,1140,354465945,15689278464,9011
SYRK(4;3),0,1140,201516232,8056915968,1290336666
GEMM(5;4;3),0,1140,394709112,17417801728,8192
GEMM(6;4;3),0,1140,395276426,16140338176,8602
GEMM(7;4;3),0,1140,153218779,7910020096,9011
POTRF(4),0,1140,3476263,145875968,0
TRSM(5;4),0,1140,10270646,426849280,0
TRSM(6;4),0,1140,11048175,430708736,0
TRSM(7;4),0,1140,10642756,429273088,0
POTRF(0),0,1140,3324735,139588608,0
TRSM(1;0),0,1140,10432969,431413248,0
TRSM(2;0),0,1140,10798611,425783296,0
TRSM(3;0),0,1140,10746167,432269312,0
TRSM(4;0),0,1140,10737372,427402240,0
TRSM(5;0),0,1140,10818543,430107648,0
TRSM(6;0),0,1140,10822455,429763584,0
TRSM(7;0),0,1140,10751740,427368448,0
SYRK(4;0),0,1140,9993119,398432256,0
GEMM(5;4;0),0,1140,19301098,767762432,0
GEMM(6;4;0),0,1140,19562543,785690624,0
GEMM(7;4;0),0,1140,19220393,764843008,0
SYRK(4;1),0,1140,348758330,14924265472,100461092454
GEMM(5;4;1),0,1140,350802022,15246077952,8192
GEMM(6;4;1),0,1140,326585921,14254533632,9011
GEMM(7;4;1),0,1140,327277158,14203483136,8806
SYRK(4;2),0,1140,404838930,17348063232,26463084954
GEMM(5;4;2),0,1140,396050230,17046739968,8397
GEMM(6;4;2),0,1140,392442406,17250881536,8602
GEMM(7;4;2),0,1140,357190948,15738629120,9011
SYRK(4;3),0,1140,192279278,8062661632,1290336666
GEMM(5;4;3),0,1140,397983658,17336826880,8192
GEMM(6;4;3),0,1140,368753333,16092103680,8602
GEMM(7;4;3),0,1140,151937582,6568780800,9011
POTRF(4),0,1140,3499588,145343488,0
TRSM(5;4),0,1140,10395543,425473024,0
TRSM(6;4),0,1140,10888137,432060416,0
TRSM(7;4),0,1140,10612830,425825280,0
POTRF(0),0,1140,3320626,139722752,0
TRSM(1;0),0,1140,10447946,431143936,0
TRSM(2;0),0,1140,10797000,425540608,0
TRSM(3;0),0,1140,10742099,432122880,0
TRSM(4;0),0,1140,10721425,427114496,0
TRSM(5;0),0,1140,10834873,430130176,0
TRSM(6;0),0,1140,10828953,429566976,0
TRSM(7;0),0,1140,10758873,427310080,0
SYRK(4;0),0,1140,10014399,398272512,0
GEMM(5;4;0),0,1140,19290867,766843904,0
GEMM(6;4;0),0,1140,19274846,764148736,0
GEMM(7;4;0),0,1140,19187505,764560384,0
SYRK(4;1),0,1140,347069700,14886907904,100461092454
GEMM(5;4;1),0,1140,345541545,15060124672,8192
GEMM(6;4;1),0,1140,331859844,14420033536,9011
GEMM(7;4;1),0,1140,337661680,14683117568,8806
SYRK(4;2),0,1140,401526183,17348656128,26463084954
GEMM(5;4;2),0,1140,419265702,17408456704,8397
GEMM(6;4;2),0,1140,384853485,17292579840,8602
GEMM(7;4;2),0,1140,344049961,15077533696,9011
SYRK(4;3),0,1140,194001874,8226470912,1290336666
GEMM(5;4;3),0,1140,402892049,17408846848,8192
GEMM(6;4;3),0,1140,355569437,15278702592,8602
GEMM(7;4;3),0,1140,149132191,6591790080,9011
POTRF(4),0,1140,3393509,146270208,0
TRSM(5;4),0,1140,10418051,426195968,0
TRSM(6;4),0,1140,10908804,430892032,0
TRSM(7;4),0,1140,10609649,428579840,0
POTRF(0),0,1215,3429757,136218624,0
TRSM(1;0),0,1215,10405086,431081472,0
TRSM(2;0),0,1215,10814422,428326912,0
TRSM(3;0),0,1215,10617232,428631040,0
TRSM(4;0),0,1215,10704338,430540800,0
TRSM(5;0),0,1215,10593619,425594880,0
TRSM(6;0),0,1215,10881369,431953920,0
TRSM(7;0),0,1215,10770597,425911296,0
SYRK(4;0),0,1215,10049725,398512128,0
GEMM(5;4;0),0,1215,19343940,768954368,0
GEMM(6;4;0),0,1215,19237606,763910144,0
GEMM(7;4;0),0,1215,19377988,775344128,0
SYRK(4;1),0,1215,358834690,14955546624,96129043456
GEMM(5;4;1),0,1215,332596968,15086526464,8397
GEMM(6;4;1),0,1215,320847922,13996356608,8806
GEMM(7;4;1),0,1215,333935053,14604002304,8806
SYRK(4;2),0,1215,397879638,16949912576,24644504781
GEMM(5;4;2),0,1215,386214420,16851031040,8397
GEMM(6;4;2),0,1215,402886196,17360337920,8397
GEMM(7;4;2),0,1215,335332955,14920586240,8192
SYRK(4;3),0,1215,216170980,8955163648,1285102182
GEMM(5;4;3),0,1215,405007404,17496370176,8192
GEMM(6;4;3),0,1215,362478446,15974140928,8602
GEMM(7;4;3),0,1215,175071750,7678683136,8806
POTRF(4),0,1215,3509145,144881664,0
TRSM(5;4),0,1215,10361843,425752576,0
TRSM(6;4),0,1215,10949664,431833088,0
TRSM(7;4),0,1215,10608618,425379840,0
POTRF(0),0,1215,3395411,139880448,0
TRSM(1;0),0,1215,10520251,431098880,0
TRSM(2;0),0,1215,10807549,425728000,0
TRSM(3;0),0,1215,10758956,432324608,0
TRSM(4;0),0,1215,10737908,427205632,0
TRSM(5;0),0,1215,10850630,430642176,0
TRSM(6;0),0,1215,10838444,429552640,0
TRSM(7;0),0,1215,10788418,427814912,0
SYRK(4;0),0,1215,10007531,398275584,0
GEMM(5;4;0),0,1215,17780942,778075136,0
GEMM(6;4;0),0,1215,21301227,786632704,0
GEMM(7;4;0),0,1215,19427985,775720960,0
SYRK(4;1),0,1215,344405680,14805004288,96129043456
GEMM(5;4;1),0,1215,331594358,14390407168,8397
GEMM(6;4;1),0,1215,340791390,14759130112,8806
GEMM(7;4;1),0,1215,316624863,13925709824,8806
SYRK(4;2),0,1215,390115397,16796344320,24644504781
GEMM(5;4;2),0,1215,386130542,16727019520,8397
GEMM(6;4;2),0,1215,393325744,16997064704,8397
GEMM(7;4;2),0,1215,352785309,15429952512,8192
SYRK(4;3),0,1215,216052582,8861213696,1285102182
GEMM(5;4;3),0,1215,410031525,17829730304,8192
GEMM(6;4;3),0,1215,372015391,16304375808,8602
GEMM(7;4;3),0,1215,175629683,7687034880,8806
POTRF(4),0,1215,3571164,145110016,0
TRSM(5;4),0,1215,10448042,427592704,0
TRSM(6;4),0,1215,10870468,429618176,0
TRSM(7;4),0,1215,10659130,430225408,0
POTRF(0),0,1215,3159523,138451968,0
TRSM(1;0),0,1215,10594473,431105024,0
TRSM(2;0),0,1215,10814334,426236928,0
TRSM(3;0),0,1215,10732510,431414272,0
TRSM(4;0),0,1215,10729308,427714560,0
TRSM(5;0),0,1215,10801367,428872704,0
TRSM(6;0),0,1215,10842986,430441472,0
TRSM(7;0),0,1215,10739522,425926656,0
SYRK(4;0),0,1215,10021417,398501888,0
GEMM(5;4;0),0,1215,19653471,789705728,0
GEMM(6;4;0),0,1215,19734558,793682944,0
GEMM(7;4;0),0,1215,19542332,786044928,0
SYRK(4;1),0,1215,341726548,14812307456,96129043456
GEMM(5;4;1),0,1215,328409494,14244478976,8397
GEMM(6;4;1),0,1215,330052818,14272460800,8806
GEMM(7;4;1),0,1215,350856282,15359930368,8806
SYRK(4;2),0,1215,388492093,16608510976,24644504781
GEMM(5;4;2),0,1215,395007720,17033946112,8397
GEMM(6;4;2),0,1215,411611846,17236761600,8397
GEMM(7;4;2),0,1215,323388445,14817773568,8192
SYRK(4;3),0,1215,214912981,8729834496,1285102182
GEMM(5;4;3),0,1215,395266876,17325855744,8192
GEMM(6;4;3),0,1215,354688722,15618240512,8602
GEMM(7;4;3),0,1215,174773013,7499450368,8806
POTRF(4),0,1215,3512415,145778688,0
TRSM(5;4),0,1215,10415343,424530944,0
TRSM(6;4),0,1215,10924435,432424960,0
TRSM(7;4),0,1215,10632909,426640384,0
POTRF(0),0,1215,3416144,140334080,0
TRSM(1;0),0,1215,10502313,430722048,0
TRSM(2;0),0,1215,10799115,425760768,0
TRSM(3;0),0,1215,10742234,431839232,0
TRSM(4;0),0,1215,10694900,426615808,0
TRSM(5;0),0,1215,10833633,430746624,0
TRSM(6;0),0,1215,10818309,428787712,0
TRSM(7;0),0,1215,10794901,427581440,0
SYRK(4;0),0,1215,9995039,397801472,0
GEMM(5;4;0),0,1215,19654510,788146176,0
GEMM(6;4;0),0,1215,19736190,794628096,0
GEMM(7;4;0),0,1215,19432668,777739264,0
SYRK(4;1),0,1215,346503746,15050593280,96129043456
GEMM(5;4;1),0,1215,327160244,14143583232,8397
GEMM(6;4;1),0,1215,342527243,14833392640,8806
GEMM(7;4;1),0,1215,321662314,14023969792,8806
SYRK(4;2),0,1215,388550709,16607635456,24644504781
GEMM(5;4;2),0,1215,390237858,16698995712,8397
GEMM(6;4;2),0,1215,380127426,16663075840,8397
GEMM(7;4;2),0,1215,344960454,15030959104,8192
SYRK(4;3),0,1215,213092562,8815015936,1285102182
GEMM(5;4;3),0,1215,406008301,17689481216,8192
GEMM(6;4;3),0,1215,368698251,16016705536,8602
GEMM(7;4;3),0,1215,166510484,7261424640,8806
POTRF(4),0,1215,3444837,145462272,0
TRSM(5;4),0,1215,10416355,424672256,0
TRSM(6;4),0,1215,10921603,432101376,0
TRSM(7;4),0,1215,10658198,426094592,0
POTRF(0),0,1215,3368728,136043520,0
TRSM(1;0),0,1215,10446590,431686656,0
TRSM(2;0),0,1215,10819084,427232256,0
TRSM(3;0),0,1215,10695219,429542400,0
TRSM(4;0),0,1215,10749663,429388800,0
TRSM(5;0),0,1215,10746945,426492928,0
TRSM(6;0),0,1215,10830309,431423488,0
TRSM(7;0),0,1215,10728375,424857600,0
SYRK(4;0),0,1215,10029807,399117312,0
GEMM(5;4;0),0,1215,19497049,779295744,0
GEMM(6;4;0),0,1215,19423581,774487040,0
GEMM(7;4;0),0,1215,19352270,774572032,0
SYRK(4;1),0,1215,356620709,15069947904,96129043456
GEMM(5;4;1),0,1215,342833042,15029806080,8397
GEMM(6;4;1),0,1215,336247702,14442660864,8806
GEMM(7;4;1),0,1215,327773369,14398528512,8806
SYRK(4;2),0,1215,392454727,16809582592,24644504781
GEMM(5;4;2),0,1215,393077816,16971486208,8397
GEMM(6;4;2),0,1215,386834623,16731792384,8397
GEMM(7;4;2),0,1215,352526205,15577128960,8192
SYRK(4;3),0,1215,215405271,8826005504,1285102182
GEMM(5;4;3),0,1215,402840056,17609875456,8192
GEMM(6;4;3),0,1215,375358083,16334403584,8602
GEMM(7;4;3),0,1215,174570454,7604520960,8806
POTRF(4),0,1215,3463595,145731584,0
TRSM(5;4),0,1215,10491271,424298496,0
TRSM(6;4),0,1215,10835703,432327680,0
TRSM(7;4),0,1215,10642002,426744832,0
POTRF(0),0,1290,3419892,142875648,0
TRSM(1;0),0,1290,10477732,430026752,0
TRSM(2;0),0,1290,10805128,427657216,0
TRSM(3;0),0,1290,10721645,431784960,0
TRSM(4;0),0,1290,10724249,425436160,0
TRSM(5;0),0,1290,10864323,432577536,0
TRSM(6;0),0,1290,10751044,427558912,0
TRSM(7;0),0,1290,10826375,430497792,0
SYRK(4;0),0,1290,9999307,397476864,0
GEMM(5;4;0),0,1290,19277641,766252032,0
GEMM(6;4;0),0,1290,19294787,765515776,0
GEMM(7;4;0),0,1290,18217324,776139776,0
SYRK(4;1),0,1290,343136320,14727967744,92035900416
GEMM(5;4;1),0,1290,322331485,14069729280,8192
GEMM(6;4;1),0,1290,347442530,15074091008,8806
GEMM(7;4;1),0,1290,336423860,14510134272,8602
SYRK(4;2),0,1290,407280831,17384376320,23739909530
GEMM(5;4;2),0,1290,397337099,17368343552,8397
GEMM(6;4;2),0,1290,406208112,17512120320,8806
GEMM(7;4;2),0,1290,345671919,15260129280,8602
SYRK(4;3),0,1290,224191082,9306142720,1270241280
GEMM(5;4;3),0,1290,393921756,17260246016,7987
GEMM(6;4;3),0,1290,369427176,15921991680,8397
GEMM(7;4;3),0,1290,161841166,7199428608,9011
POTRF(4),0,1290,3470776,144782336,0
TRSM(5;4),0,1290,10372114,425930752,0
TRSM(6;4),0,1290,11007369,431840256,0
TRSM(7;4),0,1290,10597690,425326592,0
POTRF(0),0,1290,3395892,139855872,0
TRSM(1;0),0,1290,10499309,431124480,0
TRSM(2;0),0,1290,10814823,425838592,0
TRSM(3;0),0,1290,10776380,432454656,0
TRSM(4;0),0,1290,10784697,427334656,0
TRSM(5;0),0,1290,10852570,430430208,0
TRSM(6;0),0,1290,10861976,429605888,0
TRSM(7;0),0,1290,10786849,427442176,0
SYRK(4;0),0,1290,10020378,398329856,0
GEMM(5;4;0),0,1290,19325796,766602240,0
GEMM(6;4;0),0,1290,19482841,775558144,0
GEMM(7;4;0),0,1290,19251557,764565504,0
SYRK(4;1),0,1290,332396386,14547005440,92035900416
GEMM(5;4;1),0,1290,339341472,14824059904,8192
GEMM(6;4;1),0,1290,336310114,14602855424,8806
GEMM(7;4;1),0,1290,334638703,14499436544,8602
SYRK(4;2),0,1290,411252146,17658519552,23739909530
GEMM(5;4;2),0,1290,390968262,17174461440,8397
GEMM(6;4;2),0,1290,399162315,17204125696,8806
GEMM(7;4;2),0,1290,349532127,15301069824,8602
SYRK(4;3),0,1290,223274310,9211570176,1270241280
GEMM(5;4;3),0,1290,383685162,16986550272,7987
GEMM(6;4;3),0,1290,364023234,15759213568,8397
GEMM(7;4;3),0,1290,169947375,7324216320,9011
POTRF(4),0,1290,3482398,145397760,0
TRSM(5;4),0,1290,10300963,425464832,0
TRSM(6;4),0,1290,11033870,432430080,0
TRSM(7;4),0,1290,10141772,426327040,0
POTRF(0),0,1290,3364603,136522752,0
TRSM(1;0),0,1290,10464716,432021504,0
TRSM(2;0),0,1290,10827281,427617280,0
TRSM(3;0),0,1290,10720582,430060544,0
TRSM(4;0),0,1290,10773031,429722624,0
TRSM(5;0),0,1290,10766521,427299840,0
TRSM(6;0),0,1290,10855623,431438848,0
TRSM(7;0),0,1290,10752420,425669632,0
SYRK(4;0),0,1290,10060888,399026176,0
GEMM(5;4;0),0,1290,19371198,768866304,0
GEMM(6;4;0),0,1290,19037007,764176384,0
GEMM(7;4;0),0,1290,19473238,764122112,0
SYRK(4;1),0,1290,349033449,15006958592,92035900416
GEMM(5;4;1),0,1290,321989316,14191179776,8192
GEMM(6;4;1),0,1290,327236004,14137070592,8806
GEMM(7;4;1),0,1290,327396140,14246228992,8602
SYRK(4;2),0,1290,410665467,17471850496,23739909530
GEMM(5;4;2),0,1290,414646896,17829111808,8397
GEMM(6;4;2),0,1290,396733924,17505520640,8806
GEMM(7;4;2),0,1290,344508542,14918121472,8602
SYRK(4;3),0,1290,225277472,9349022720,1270241280
GEMM(5;4;3),0,1290,396256466,17205027840,7987
GEMM(6;4;3),0,1290,363810054,15899171840,8397
GEMM(7;4;3),0,1290,165504223,7215209472,9011
POTRF(4),0,1290,3318672,141597696,0
TRSM(5;4),0,1290,10548148,429389824,0
TRSM(6;4),0,1290,10907646,430556160,0
TRSM(7;4),0,1290,10604148,426567680,0
POTRF(0),0,1290,3276268,136699904,0
TRSM(1;0),0,1290,10610141,431524864,0
TRSM(2;0),0,1290,10830660,428208128,0
TRSM(3;0),0,1290,10701521,429211648,0
TRSM(4;0),0,1290,10799005,430629888,0
TRSM(5;0),0,1290,10750914,426550272,0
TRSM(6;0),0,1290,10880288,431872000,0
TRSM(7;0),0,1290,10760738,426142720,0
SYRK(4;0),0,1290,10073506,399207424,0
GEMM(5;4;0),0,1290,19347735,769590272,0
GEMM(6;4;0),0,1290,19465565,775024640,0
GEMM(7;4;0),0,1290,19361856,775272448,0
SYRK(4;1),0,1290,345651426,15003415552,92035900416
GEMM(5;4;1),0,1290,323102992,14063211520,8192
GEMM(6;4;1),0,1290,345097535,15083253760,8806
GEMM(7;4;1),0,1290,332343973,14409385984,8602
SYRK(4;2),0,1290,410444094,17465042944,23739909530
GEMM(5;4;2),0,1290,400827324,17509751808,8397
GEMM(6;4;2),0,1290,389250260,16966900736,8806
GEMM(7;4;2),0,1290,348793864,15157434368,8602
SYRK(4;3),0,1290,224229839,9333028864,1270241280
GEMM(5;4;3),0,1290,396486991,17265233920,7987
GEMM(6;4;3),0,1290,371123766,15949645824,8397
GEMM(7;4;3),0,1290,164957401,7383772160,9011
POTRF(4),0,1290,3474646,145855488,0
TRSM(5;4),0,1290,10430798,426680320,0
TRSM(6;4),0,1290,10893857,430440448,0
TRSM(7;4),0,1290,10653299,429386752,0
POTRF(0),0,1290,3357363,136628224,0
TRSM(1;0),0,1290,10512554,431130624,0
TRSM(2;0),0,1290,10843092,428728320,0
TRSM(3;0),0,1290,10669326,428361728,0
TRSM(4;0),0,1290,10787432,431130624,0
TRSM(5;0),0,1290,10746650,425740288,0
TRSM(6;0),0,1290,10886429,432167936,0
TRSM(7;0),0,1290,10766075,426283008,0
SYRK(4;0),0,1290,9581498,398103552,0
GEMM(5;4;0),0,1290,19809325,769835008,0
GEMM(6;4;0),0,1290,19315301,764339200,0
GEMM(7;4;0),0,1290,19247100,763902976,0
SYRK(4;1),0,1290,356165918,15295286272,92035900416
GEMM(5;4;1),0,1290,327429509,14210334720,8192
GEMM(6;4;1),0,1290,344372811,14978270208,8806
GEMM(7;4;1),0,1290,339079428,14680629248,8602
SYRK(4;2),0,1290,405735120,17383264256,23739909530
GEMM(5;4;2),0,1290,420345323,17610389504,8397
GEMM(6;4;2),0,1290,387617998,17460567040,8806
GEMM(7;4;2),0,1290,337542942,14886738944,8602
SYRK(4;3),0,1290,227163944,9371296768,1270241280
GEMM(5;4;3),0,1290,395219835,17271913472,7987
GEMM(6;4;3),0,1290,364095442,15920781312,8397
GEMM(7;4;3),0,1290,165353779,7270402048,9011
POTRF(4),0,1290,3561681,145771520,0
TRSM(5;4),0,1290,10404310,424635392,0
TRSM(6;4),0,1290,10926211,432455680,0
TRSM(7;4),0,1290,10649696,427037696,0
POTRF(0),0,1365,3289526,136845312,0
TRSM(1;0),0,1365,10714170,431562752,0
TRSM(2;0),0,1365,10821891,428381184,0
TRSM(3;0),0,1365,10696973,429170688,0
TRSM(4;0),0,1365,10823109,430662656,0
TRSM(5;0),0,1365,10756305,426012672,0
TRSM(6;0),0,1365,10857215,431734784,0
TRSM(7;0),0,1365,10765503,425816064,0
SYRK(4;0),0,1365,10062349,398645248,0
GEMM(5;4;0),0,1365,19625078,785905664,0
GEMM(6;4;0),0,1365,19596313,781762560,0
GEMM(7;4;0),0,1365,19731499,795911168,0
SYRK(4;1),0,1365,342400015,14769912832,88979662438
GEMM(5;4;1),0,1365,333774821,14454004736,8192
GEMM(6;4;1),0,1365,333170422,14636363776,9011
GEMM(7;4;1),0,1365,324072012,14054978560,8602
SYRK(4;2),0,1365,410702764,17321914368,23033233818
GEMM(5;4;2),0,1365,405042301,17801806848,8397
GEMM(6;4;2),0,1365,410555320,17739924480,8602
GEMM(7;4;2),0,1365,331720830,14623230976,9011
SYRK(4;3),0,1365,231714121,9764029440,1264762880
GEMM(5;4;3),0,1365,400112545,17216545792,8192
GEMM(6;4;3),0,1365,359420061,15768085504,8806
GEMM(7;4;3),0,1365,146360310,6444441600,8806
POTRF(4),0,1365,3483888,146251776,0
TRSM(5;4),0,1365,10528439,425911296,0
TRSM(6;4),0,1365,10809833,431422464,0
TRSM(7;4),0,1365,10650987,427986944,0
POTRF(0),0,1365,3394548,139953152,0
TRSM(1;0),0,1365,10503108,431296512,0
TRSM(2;0),0,1365,10796125,425347072,0
TRSM(3;0),0,1365,10782293,432352256,0
TRSM(4;0),0,1365,10745241,427036672,0
TRSM(5;0),0,1365,10860107,430592000,0
TRSM(6;0),0,1365,10888803,429626368,0
TRSM(7;0),0,1365,10804017,427749376,0
SYRK(4;0),0,1365,10031239,398251008,0
GEMM(5;4;0),0,1365,19374419,767246336,0
GEMM(6;4;0),0,1365,19508694,775897088,0
GEMM(7;4;0),0,1365,19447133,775827456,0
SYRK(4;1),0,1365,347410540,14747608064,88979662438
GEMM(5;4;1),0,1365,323385817,14275842048,8192
GEMM(6;4;1),0,1365,336687019,14344759296,9011
GEMM(7;4;1),0,1365,326553367,14342692864,8602
SYRK(4;2),0,1365,402333948,17178012672,23033233818
GEMM(5;4;2),0,1365,406109745,17437178880,8397
GEMM(6;4;2),0,1365,390309016,17283903488,8602
GEMM(7;4;2),0,1365,345692274,15044689920,9011
SYRK(4;3),0,1365,234511828,9885315072,1264762880
GEMM(5;4;3),0,1365,395171953,17158744064,8192
GEMM(6;4;3),0,1365,362871084,15729704960,8806
GEMM(7;4;3),0,1365,156999479,6904636416,8806
POTRF(4),0,1365,3384268,143232000,0
TRSM(5;4),0,1365,10444331,426959872,0
TRSM(6;4),0,1365,10968023,431250432,0
TRSM(7;4),0,1365,10576578,424962048,0
POTRF(0),0,1365,3314379,140164096,0
TRSM(1;0),0,1365,10458498,430966784,0
TRSM(2;0),0,1365,10797839,425662464,0
TRSM(3;0),0,1365,10760192,432078848,0
TRSM(4;0),0,1365,10724328,427167744,0
TRSM(5;0),0,1365,10867323,430916608,0
TRSM(6;0),0,1365,10859145,429301760,0
TRSM(7;0),0,1365,10826233,428081152,0
SYRK(4;0),0,1365,10034052,398166016,0
GEMM(5;4;0),0,1365,19311921,766173184,0
GEMM(6;4;0),0,1365,19307712,764001280,0
GEMM(7;4;0),0,1365,19407271,775256064,0
SYRK(4;1),0,1365,346670060,15092922368,88979662438
GEMM(5;4;1),0,1365,344809463,15042697216,8192
GEMM(6;4;1),0,1365,341907527,14768706560,9011
GEMM(7;4;1),0,1365,338588613,14759271424,8602
SYRK(4;2),0,1365,408218589,17369835520,23033233818
GEMM(5;4;2),0,1365,420004293,17873304576,8397
GEMM(6;4;2),0,1365,383918523,16986564608,8602
GEMM(7;4;2),0,1365,339531653,14887301120,9011
SYRK(4;3),0,1365,235851105,9771678720,1264762880
GEMM(5;4;3),0,1365,405479618,17593843712,8192
GEMM(6;4;3),0,1365,352380912,15533539328,8806
GEMM(7;4;3),0,1365,157980268,6911651840,8806
POTRF(4),0,1365,3431444,144186368,0
TRSM(5;4),0,1365,10393643,426408960,0
TRSM(6;4),0,1365,10969545,431593472,0
TRSM(7;4),0,1365,10595387,424881152,0
POTRF(0),0,1365,2991101,136607744,0
TRSM(1;0),0,1365,10689005,431338496,0
TRSM(2;0),0,1365,10836538,428502016,0
TRSM(3;0),0,1365,10694594,428820480,0
TRSM(4;0),0,1365,10816937,430959616,0
TRSM(5;0),0,1365,10760169,426332160,0
TRSM(6;0),0,1365,10890879,432135168,0
TRSM(7;0),0,1365,10772343,426150912,0
SYRK(4;0),0,1365,10060405,398667776,0
GEMM(5;4;0),0,1365,19392520,770255872,0
GEMM(6;4;0),0,1365,19493849,775602176,0
GEMM(7;4;0),0,1365,19234846,764858368,0
SYRK(4;1),0,1365,359425833,15222637568,88979662438
GEMM(5;4;1),0,1365,328391302,14527876096,8192
GEMM(6;4;1),0,1365,346027696,15071843328,9011
GEMM(7;4;1),0,1365,318075704,14006633472,8602
SYRK(4;2),0,1365,385255633,16614519808,23033233818
GEMM(5;4;2),0,1365,377610820,16496110592,8397
GEMM(6;4;2),0,1365,386822420,16705511424,8602
GEMM(7;4;2),0,1365,351299989,15400524800,9011
SYRK(4;3),0,1365,234948777,9843475456,1264762880
GEMM(5;4;3),0,1365,401000488,17429600256,8192
GEMM(6;4;3),0,1365,362454356,15702253568,8806
GEMM(7;4;3),0,1365,152637300,6832418816,8806
POTRF(4),0,1365,3704325,146352128,0
TRSM(5;4),0,1365,10335392,426140672,0
TRSM(6;4),0,1365,10913454,431228928,0
TRSM(7;4),0,1365,10638597,428473344,0
POTRF(0),0,1365,3475720,140995584,0
TRSM(1;0),0,1365,10534555,430959616,0
TRSM(2;0),0,1365,10796936,425790464,0
TRSM(3;0),0,1365,10756655,431673344,0
TRSM(4;0),0,1365,10758695,426569728,0
TRSM(5;0),0,1365,10875679,431472640,0
TRSM(6;0),0,1365,10822950,428515328,0
TRSM(7;0),0,1365,10791655,428525568,0
SYRK(4;0),0,1365,10017277,397725696,0
GEMM(5;4;0),0,1365,19301296,765933568,0
GEMM(6;4;0),0,1365,19477703,775222272,0
GEMM(7;4;0),0,1365,19292170,764986368,0
SYRK(4;1),0,1365,346569308,14931746816,88979662438
GEMM(5;4;1),0,1365,344832170,14574393344,8192
GEMM(6;4;1),0,1365,331429874,14791712768,9011
GEMM(7;4;1),0,1365,322410141,14136766464,8602
SYRK(4;2),0,1365,382502477,16509348864,23033233818
GEMM(5;4;2),0,1365,384505998,16751694848,8397
GEMM(6;4;2),0,1365,393382614,16774337536,8602
GEMM(7;4;2),0,1365,347036893,15279166464,9011
SYRK(4;3),0,1365,234719117,9764875264,1264762880
GEMM(5;4;3),0,1365,401136590,17307676672,8192
GEMM(6;4;3),0,1365,363660635,16077565952,8806
GEMM(7;4;3),0,1365,156827921,6844841984,8806
POTRF(4),0,1365,3474344,145124352,0
TRSM(5;4),0,1365,10356974,425598976,0
TRSM(6;4),0,1365,10976165,432117760,0
TRSM(7;4),0,1365,10624739,425963520,0
POTRF(0),0,1440,3452079,140001280,0
TRSM(1;0),0,1440,10535599,431356928,0
TRSM(2;0),0,1440,10807070,426060800,0
TRSM(3;0),0,1440,10781025,432486400,0
TRSM(4;0),0,1440,10782093,427305984,0
TRSM(5;0),0,1440,10858150,430987264,0
TRSM(6;0),0,1440,10848951,429543424,0
TRSM(7;0),0,1440,10796224,428138496,0
SYRK(4;0),0,1440,10028196,398491648,0
GEMM(5;4;0),0,1440,19484290,775359488,0
GEMM(6;4;0),0,1440,19532905,779742208,0
GEMM(7;4;0),0,1440,19567627,786360320,0
SYRK(4;1),0,1440,345069550,14760634368,90013873357
GEMM(5;4;1),0,1440,330026610,14596082688,8192
GEMM(6;4;1),0,1440,332592582,14273499136,9011
GEMM(7;4;1),0,1440,331400343,14490849280,9011
SYRK(4;2),0,1440,408346318,17473843200,22738888704
GEMM(5;4;2),0,1440,409239942,17533340672,8192
GEMM(6;4;2),0,1440,390695613,17325134848,8397
GEMM(7;4;2),0,1440,335939959,14588830720,8602
SYRK(4;3),0,1440,244694109,10160800768,1260254618
GEMM(5;4;3),0,1440,396149226,17258593280,8192
GEMM(6;4;3),0,1440,357825305,15404930048,8602
GEMM(7;4;3),0,1440,144671455,6470662144,9216
POTRF(4),0,1440,3581674,145855488,0
TRSM(5;4),0,1440,10232593,424741888,0
TRSM(6;4),0,1440,11122412,432459776,0
TRSM(7;4),0,1440,10664877,427081728,0
POTRF(0),0,1440,3350523,136504320,0
TRSM(1;0),0,1440,10518408,430810112,0
TRSM(2;0),0,1440,10863385,429218816,0
TRSM(3;0),0,1440,10677551,428213248,0
TRSM(4;0),0,1440,10814778,431333376,0
TRSM(5;0),0,1440,10760930,425637888,0
TRSM(6;0),0,1440,10885749,432405504,0
TRSM(7;0),0,1440,10772431,426597376,0
SYRK(4;0),0,1440,10059224,398255104,0
GEMM(5;4;0),0,1440,19402656,770439168,0
GEMM(6;4;0),0,1440,19463395,774957056,0
GEMM(7;4;0),0,1440,19396217,775564288,0
SYRK(4;1),0,1440,339891680,14669898752,90013873357
GEMM(5;4;1),0,1440,338170349,14586694656,8192
GEMM(6;4;1),0,1440,325993263,14117014528,9011
GEMM(7;4;1),0,1440,332744759,14551398400,9011
SYRK(4;2),0,1440,401265983,17154933760,22738888704
GEMM(5;4;2),0,1440,395691594,17262300160,8192
GEMM(6;4;2),0,1440,410378279,17189378048,8397
GEMM(7;4;2),0,1440,344014337,15639016448,8602
SYRK(4;3),0,1440,239065658,9996065792,1260254618
GEMM(5;4;3),0,1440,396729181,17352483840,8192
GEMM(6;4;3),0,1440,362118639,15551688704,8602
GEMM(7;4;3),0,1440,146440679,6498503680,9216
POTRF(4),0,1440,3440475,143068160,0
TRSM(5;4),0,1440,10414483,427560960,0
TRSM(6;4),0,1440,10968583,431469568,0
TRSM(7;4),0,1440,10571588,425231360,0
POTRF(0),0,1440,3419610,136744960,0
TRSM(1;0),0,1440,10591936,431719424,0
TRSM(2;0),0,1440,10821910,427326464,0
TRSM(3;0),0,1440,10747685,430590976,0
TRSM(4;0),0,1440,10803890,429250560,0
TRSM(5;0),0,1440,10812921,428070912,0
TRSM(6;0),0,1440,10836839,431230976,0
TRSM(7;0),0,1440,10757642,425608192,0
SYRK(4;0),0,1440,10061158,399097856,0
GEMM(5;4;0),0,1440,19515358,778880000,0
GEMM(6;4;0),0,1440,19312731,764711936,0
GEMM(7;4;0),0,1440,19265914,765508608,0
SYRK(4;1),0,1440,329461737,14305160192,90013873357
GEMM(5;4;1),0,1440,337562377,14560068608,8192
GEMM(6;4;1),0,1440,336592179,14643106816,9011
GEMM(7;4;1),0,1440,338838730,14775218176,9011
SYRK(4;2),0,1440,411261558,17491135488,22738888704
GEMM(5;4;2),0,1440,393631683,17173062656,8192
GEMM(6;4;2),0,1440,404508938,17441697792,8397
GEMM(7;4;2),0,1440,349095442,15342786560,8602
SYRK(4;3),0,1440,245022799,10219680768,1260254618
GEMM(5;4;3),0,1440,398288229,17429414912,8192
GEMM(6;4;3),0,1440,360974992,15658814464,8602
GEMM(7;4;3),0,1440,146538822,6377213952,9216
POTRF(4),0,1440,3548582,145465344,0
TRSM(5;4),0,1440,10366430,424554496,0
TRSM(6;4),0,1440,10991964,432047104,0
TRSM(7;4),0,1440,10657897,426319872,0
POTRF(0),0,1440,3450514,141264896,0
TRSM(1;0),0,1440,10545036,430780416,0
TRSM(2;0),0,1440,10804389,425683968,0
TRSM(3;0),0,1440,10766927,431713280,0
TRSM(4;0),0,1440,10754663,426293248,0
TRSM(5;0),0,1440,10882126,431256576,0
TRSM(6;0),0,1440,10854697,428412928,0
TRSM(7;0),0,1440,10816329,428375040,0
SYRK(4;0),0,1440,10025921,397739008,0
GEMM(5;4;0),0,1440,19354760,766176256,0
GEMM(6;4;0),0,1440,19526733,775762944,0
GEMM(7;4;0),0,1440,19540529,781356032,0
SYRK(4;1),0,1440,329534286,14163978240,90013873357
GEMM(5;4;1),0,1440,339278063,14540241920,8192
GEMM(6;4;1),0,1440,317323152,14008012800,9011
GEMM(7;4;1),0,1440,323996838,13994024960,9011
SYRK(4;2),0,1440,402149240,17313426432,22738888704
GEMM(5;4;2),0,1440,409189536,17748514816,8192
GEMM(6;4;2),0,1440,394323915,17201973248,8397
GEMM(7;4;2),0,1440,352401740,15303015424,8602
SYRK(4;3),0,1440,248079437,10248855552,1260254618
GEMM(5;4;3),0,1440,387148430,16936910848,8192
GEMM(6;4;3),0,1440,348866916,15083312128,8602
GEMM(7;4;3),0,1440,138471867,6156489728,9216
POTRF(4),0,1440,3447549,143483904,0
TRSM(5;4),0,1440,10437536,426938368,0
TRSM(6;4),0,1440,10957218,431490048,0
TRSM(7;4),0,1440,9790611,425001984,0
POTRF(0),0,1440,3295366,140547072,0
TRSM(1;0),0,1440,10493803,430630912,0
TRSM(2;0),0,1440,10811632,425533440,0
TRSM(3;0),0,1440,10786835,431762432,0
TRSM(4;0),0,1440,10737030,426264576,0
TRSM(5;0),0,1440,10897317,430951424,0
TRSM(6;0),0,1440,10824030,428423168,0
TRSM(7;0),0,1440,10801548,427801600,0
SYRK(4;0),0,1440,10024199,397837312,0
GEMM(5;4;0),0,1440,19747529,791421952,0
GEMM(6;4;0),0,1440,19771948,791314432,0
GEMM(7;4;0),0,1440,19632842,790987776,0
SYRK(4;1),0,1440,354402053,15115545600,90013873357
GEMM(5;4;1),0,1440,336038817,14520840192,8192
GEMM(6;4;1),0,1440,329885907,14326755328,9011
GEMM(7;4;1),0,1440,330590025,14427937792,9011
SYRK(4;2),0,1440,404991822,17405647872,22738888704
GEMM(5;4;2),0,1440,398105256,17363723264,8192
GEMM(6;4;2),0,1440,414634271,17964843008,8397
GEMM(7;4;2),0,1440,353560227,15406850048,8602
SYRK(4;3),0,1440,244039784,10246619136,1260254618
GEMM(5;4;3),0,1440,399716790,17381768192,8192
GEMM(6;4;3),0,1440,366818159,15811972096,8602
GEMM(7;4;3),0,1440,145356671,6546079744,9216
POTRF(4),0,1440,3418652,144107520,0
TRSM(5;4),0,1440,10415937,426647552,0
TRSM(6;4),0,1440,10994553,431532032,0
TRSM(7;4),0,1440,10617555,424975360,0
POTRF(0),0,1515,3508956,138019840,0
TRSM(1;0),0,1515,10447214,431153152,0
TRSM(2;0),0,1515,10808558,426021888,0
TRSM(3;0),0,1515,10750434,431248384,0
TRSM(4;0),0,1515,10758469,427991040,0
TRSM(5;0),0,1515,10801852,428773376,0
TRSM(6;0),0,1515,10851668,430572544,0
TRSM(7;0),0,1515,10729610,425534464,0
SYRK(4;0),0,1515,10034247,398226432,0
GEMM(5;4;0),0,1515,19623965,785677312,0
GEMM(6;4;0),0,1515,19719889,790317056,0
GEMM(7;4;0),0,1515,19556147,786323456,0
SYRK(4;1),0,1515,353476759,15195909120,89970448794
GEMM(5;4;1),0,1515,348733533,15274407936,8397
GEMM(6;4;1),0,1515,340721301,14849399808,9011
GEMM(7;4;1),0,1515,336951838,14601054208,9011
SYRK(4;2),0,1515,385815173,16669771776,22914220851
GEMM(5;4;2),0,1515,388078577,16910668800,8602
GEMM(6;4;2),0,1515,398775127,17112701952,8806
GEMM(7;4;2),0,1515,350894433,15325617152,8397
SYRK(4;3),0,1515,253540409,10550749184,1255065600
GEMM(5;4;3),0,1515,398075289,17258234880,8397
GEMM(6;4;3),0,1515,350838571,15205869568,9011
GEMM(7;4;3),0,1515,132868009,5899293696,8397
POTRF(4),0,1515,3348615,141841408,0
TRSM(5;4),0,1515,10493310,428387328,0
TRSM(6;4),0,1515,10917151,430797824,0
TRSM(7;4),0,1515,8643974,425534464,0
POTRF(0),0,1515,3238345,139916288,0
TRSM(1;0),0,1515,10548371,431032320,0
TRSM(2;0),0,1515,10636885,425661440,0
TRSM(3;0),0,1515,10955623,432267264,0
TRSM(4;0),0,1515,10769093,427071488,0
TRSM(5;0),0,1515,10870071,430771200,0
TRSM(6;0),0,1515,10841463,429329408,0
TRSM(7;0),0,1515,10798255,427897856,0
SYRK(4;0),0,1515,10039603,398241792,0
GEMM(5;4;0),0,1515,19334758,767163392,0
GEMM(6;4;0),0,1515,19749746,791972864,0
GEMM(7;4;0),0,1515,19561560,785477632,0
SYRK(4;1),0,1515,340072614,14684048384,89970448794
GEMM(5;4;1),0,1515,342428847,14639385600,8397
GEMM(6;4;1),0,1515,319782146,14116172800,9011
GEMM(7;4;1),0,1515,324390871,14023389184,9011
SYRK(4;2),0,1515,404553421,17200029696,22914220851
GEMM(5;4;2),0,1515,405574668,17632873472,8602
GEMM(6;4;2),0,1515,412154123,17873053696,8806
GEMM(7;4;2),0,1515,353610631,15359642624,8397
SYRK(4;3),0,1515,252458595,10521360384,1255065600
GEMM(5;4;3),0,1515,395472060,17230547968,8397
GEMM(6;4;3),0,1515,367498593,15440761856,9011
GEMM(7;4;3),0,1515,118745707,5739561984,8397
POTRF(4),0,1515,3469644,145288192,0
TRSM(5;4),0,1515,10388920,425169920,0
TRSM(6;4),0,1515,10972950,432279552,0
TRSM(7;4),0,1515,10658551,425907200,0
POTRF(0),0,1515,3392263,136479744,0
TRSM(1;0),0,1515,10596292,431790080,0
TRSM(2;0),0,1515,10815652,427595776,0
TRSM(3;0),0,1515,10683312,429563904,0
TRSM(4;0),0,1515,10785774,429682688,0
TRSM(5;0),0,1515,10803090,427064320,0
TRSM(6;0),0,1515,10891194,431655936,0
TRSM(7;0),0,1515,10768720,425294848,0
SYRK(4;0),0,1515,10070805,399112192,0
GEMM(5;4;0),0,1515,19339219,768521216,0
GEMM(6;4;0),0,1515,19659935,786255872,0
GEMM(7;4;0),0,1515,19401918,775047168,0
SYRK(4;1),0,1515,337138576,14602516480,89970448794
GEMM(5;4;1),0,1515,343808223,14952240128,8397
GEMM(6;4;1),0,1515,335281057,14576276480,9011
GEMM(7;4;1),0,1515,327456522,14231389184,9011
SYRK(4;2),0,1515,407255242,17393630208,22914220851
GEMM(5;4;2),0,1515,404505039,17296631808,8602
GEMM(6;4;2),0,1515,396158008,17408992256,8806
GEMM(7;4;2),0,1515,337988470,14718058496,8397
SYRK(4;3),0,1515,251395493,10497218560,1255065600
GEMM(5;4;3),0,1515,394530076,17175067648,8397
GEMM(6;4;3),0,1515,350084169,15305822208,9011
GEMM(7;4;3),0,1515,144861111,6269821952,8397
POTRF(4),0,1515,3277979,140154880,0
TRSM(5;4),0,1515,10607741,430456832,0
TRSM(6;4),0,1515,10862999,428787712,0
TRSM(7;4),0,1515,10646797,427407360,0
POTRF(0),0,1515,3447691,138386432,0
TRSM(1;0),0,1515,10624050,431422464,0
TRSM(2;0),0,1515,10812658,426311680,0
TRSM(3;0),0,1515,10744424,431623168,0
TRSM(4;0),0,1515,10763377,428112896,0
TRSM(5;0),0,1515,10803200,429122560,0
TRSM(6;0),0,1515,10851486,430756864,0
TRSM(7;0),0,1515,10773054,426283008,0
SYRK(4;0),0,1515,10051581,398522368,0
GEMM(5;4;0),0,1515,19349655,766864384,0
GEMM(6;4;0),0,1515,19282361,763825152,0
GEMM(7;4;0),0,1515,19237980,763760640,0
SYRK(4;1),0,1515,336796887,14634217472,89970448794
GEMM(5;4;1),0,1515,331041913,14280846336,8397
GEMM(6;4;1),0,1515,330555220,14328321024,9011
GEMM(7;4;1),0,1515,340559345,14793620480,9011
SYRK(4;2),0,1515,407042239,17399851008,22914220851
GEMM(5;4;2),0,1515,407198296,17716567040,8602
GEMM(6;4;2),0,1515,405645115,17506682880,8806
GEMM(7;4;2),0,1515,346002349,15222121472,8397
SYRK(4;3),0,1515,253149359,10515122176,1255065600
GEMM(5;4;3),0,1515,393268344,17169686528,8397
GEMM(6;4;3),0,1515,361662049,15616125952,9011
GEMM(7;4;3),0,1515,137695474,6133125120,8397
POTRF(4),0,1515,3558676,145262592,0
TRSM(5;4),0,1515,10214841,425457664,0
TRSM(6;4),0,1515,11036361,432068608,0
TRSM(7;4),0,1515,10648354,425928704,0
POTRF(0),0,1515,3273703,140827648,0
TRSM(1;0),0,1515,10539208,431122432,0
TRSM(2;0),0,1515,10804241,425769984,0
TRSM(3;0),0,1515,10768438,432037888,0
TRSM(4;0),0,1515,10732715,426727424,0
TRSM(5;0),0,1515,10885321,430858240,0
TRSM(6;0),0,1515,10855275,428987392,0
TRSM(7;0),0,1515,10828869,428280832,0
SYRK(4;0),0,1515,10041090,398106624,0
GEMM(5;4;0),0,1515,19218175,766878720,0
GEMM(6;4;0),0,1515,19497344,765207552,0
GEMM(7;4;0),0,1515,18631463,765565952,0
SYRK(4;1),0,1515,335122546,14471157760,89970448794
GEMM(5;4;1),0,1515,324401465,13966177280,8397
GEMM(6;4;1),0,1515,342481480,14730561536,9011
GEMM(7;4;1),0,1515,320363678,14119073792,9011
SYRK(4;2),0,1515,401980953,17383469056,22914220851
GEMM(5;4;2),0,1515,409986007,17649039360,8602
GEMM(6;4;2),0,1515,398778450,17162146816,8806
GEMM(7;4;2),0,1515,344874772,15027457024,8397
SYRK(4;3),0,1515,256000151,10612443136,1255065600
GEMM(5;4;3),0,1515,396301661,17400650752,8397
GEMM(6;4;3),0,1515,368661137,15786621952,9011
GEMM(7;4;3),0,1515,140645926,6236582912,8397
POTRF(4),0,1515,3283206,140370944,0
TRSM(5;4),0,1515,10622566,430486528,0
TRSM(6;4),0,1515,10884810,429117440,0
TRSM(7;4),0,1515,10657980,427459584,0
POTRF(0),0,1590,3296923,136673280,0
TRSM(1;0),0,1590,10438701,431799296,0
TRSM(2;0),0,1590,10831130,428020736,0
TRSM(3;0),0,1590,10710213,429632512,0
TRSM(4;0),0,1590,10786147,430240768,0
TRSM(5;0),0,1590,10801649,427002880,0
TRSM(6;0),0,1590,10862841,431745024,0
TRSM(7;0),0,1590,10756426,425371648,0
SYRK(4;0),0,1590,10066875,399254528,0
GEMM(5;4;0),0,1590,19549289,780301312,0
GEMM(6;4;0),0,1590,19657320,787065856,0
GEMM(7;4;0),0,1590,19404009,776121344,0
SYRK(4;1),0,1590,339954804,14519017472,90121181184
GEMM(5;4;1),0,1590,341192322,14865841152,8192
GEMM(6;4;1),0,1590,326646767,14004585472,8602
GEMM(7;4;1),0,1590,349077586,15290982400,8602
SYRK(4;2),0,1590,403657501,17292831744,22776988467
GEMM(5;4;2),0,1590,399506287,17296942080,8192
GEMM(6;4;2),0,1590,406416944,17698442240,8397
GEMM(7;4;2),0,1590,341840392,14839270400,8602
SYRK(4;3),0,1590,265941153,10953480192,1247223603
GEMM(5;4;3),0,1590,393892553,17366164480,8397
GEMM(6;4;3),0,1590,363122603,15182732288,9011
GEMM(7;4;3),0,1590,116976730,5637701632,8806
POTRF(4),0,1590,3539210,145327104,0
TRSM(5;4),0,1590,10361533,424825856,0
TRSM(6;4),0,1590,10992989,431925248,0
TRSM(7;4),0,1590,10670780,425914368,0
POTRF(0),0,1590,3474122,142203904,0
TRSM(1;0),0,1590,10512992,429859840,0
TRSM(2;0),0,1590,10810742,426586112,0
TRSM(3;0),0,1590,10767961,431388672,0
TRSM(4;0),0,1590,10785394,425708544,0
TRSM(5;0),0,1590,10915228,432008192,0
TRSM(6;0),0,1590,10827318,427743232,0
TRSM(7;0),0,1590,10844347,429453312,0
SYRK(4;0),0,1590,10015034,397452288,0
GEMM(5;4;0),0,1590,19504244,775992320,0
GEMM(6;4;0),0,1590,19694784,786041856,0
GEMM(7;4;0),0,1590,19401889,775394304,0
SYRK(4;1),0,1590,360123653,15326309376,90121181184
GEMM(5;4;1),0,1590,336820112,14590776320,8192
GEMM(6;4;1),0,1590,337294427,14748451840,8602
GEMM(7;4;1),0,1590,337181051,14536887296,8602
SYRK(4;2),0,1590,401974242,17238033408,22776988467
GEMM(5;4;2),0,1590,407492843,17623312384,8192
GEMM(6;4;2),0,1590,392606379,17139763200,8397
GEMM(7;4;2),0,1590,332526211,14418375680,8602
SYRK(4;3),0,1590,259770944,10795437056,1247223603
GEMM(5;4;3),0,1590,396645498,16986337280,8397
GEMM(6;4;3),0,1590,341490372,14975040512,9011
GEMM(7;4;3),0,1590,133023188,5869321216,8806
POTRF(4),0,1590,3370120,142490624,0
TRSM(5;4),0,1590,10476519,427772928,0
TRSM(6;4),0,1590,10964564,431319040,0
TRSM(7;4),0,1590,10607924,425598976,0
POTRF(0),0,1590,3371593,136740864,0
TRSM(1;0),0,1590,10467510,431529984,0
TRSM(2;0),0,1590,10823805,426992640,0
TRSM(3;0),0,1590,10764036,430651392,0
TRSM(4;0),0,1590,10793814,429078528,0
TRSM(5;0),0,1590,10790477,427517952,0
TRSM(6;0),0,1590,10863306,431109120,0
TRSM(7;0),0,1590,10742827,425094144,0
SYRK(4;0),0,1590,10050865,398695424,0
GEMM(5;4;0),0,1590,19714848,790384640,0
GEMM(6;4;0),0,1590,19821145,792468480,0
GEMM(7;4;0),0,1590,19628229,785205248,0
SYRK(4;1),0,1590,348063797,14853055488,90121181184
GEMM(5;4;1),0,1590,322750681,14004148224,8192
GEMM(6;4;1),0,1590,346076637,15019420672,8602
GEMM(7;4;1),0,1590,338540461,14631436288,8602
SYRK(4;2),0,1590,391441514,16814714880,22776988467
GEMM(5;4;2),0,1590,397993845,17243788288,8192
GEMM(6;4;2),0,1590,393346950,16756630528,8397
GEMM(7;4;2),0,1590,334777269,14773382144,8602
SYRK(4;3),0,1590,259022649,10714992640,1247223603
GEMM(5;4;3),0,1590,392887343,17300678656,8397
GEMM(6;4;3),0,1590,351981960,15053688832,9011
GEMM(7;4;3),0,1590,134364297,5972675584,8806
POTRF(4),0,1590,3293271,138235904,0
TRSM(5;4),0,1590,10601042,431390720,0
TRSM(6;4),0,1590,10900275,430714880,0
TRSM(7;4),0,1590,10678542,430162944,0
POTRF(0),0,1590,3540891,143506432,0
TRSM(1;0),0,1590,10505345,428751872,0
TRSM(2;0),0,1590,10822244,427708416,0
TRSM(3;0),0,1590,10751473,431042560,0
TRSM(4;0),0,1590,10715602,424954880,0
TRSM(5;0),0,1590,10898240,432082944,0
TRSM(6;0),0,1590,10795513,426746880,0
TRSM(7;0),0,1590,10864604,430416896,0
SYRK(4;0),0,1590,10021253,397193216,0
GEMM(5;4;0),0,1590,19659256,786472960,0
GEMM(6;4;0),0,1590,19747234,790957056,0
GEMM(7;4;0),0,1590,19702311,790945792,0
SYRK(4;1),0,1590,371055340,15210177536,90121181184
GEMM(5;4;1),0,1590,325625717,14907285504,8192
GEMM(6;4;1),0,1590,337188042,14659633152,8602
GEMM(7;4;1),0,1590,334586451,14391346176,8602
SYRK(4;2),0,1590,391741091,16799697920,22776988467
GEMM(5;4;2),0,1590,405594236,17454651392,8192
GEMM(6;4;2),0,1590,393439308,17328726016,8397
GEMM(7;4;2),0,1590,338460997,14565575680,8602
SYRK(4;3),0,1590,263134574,10973885440,1247223603
GEMM(5;4;3),0,1590,409340550,17500716032,8397
GEMM(6;4;3),0,1590,359531941,15902172160,9011
GEMM(7;4;3),0,1590,136604129,5951142912,8806
POTRF(4),0,1590,3278383,141601792,0
TRSM(5;4),0,1590,10594101,428760064,0
TRSM(6;4),0,1590,10924824,430692352,0
TRSM(7;4),0,1590,10594819,425912320,0
POTRF(0),0,1590,3359501,136243200,0
TRSM(1;0),0,1590,10529400,431145984,0
TRSM(2;0),0,1590,10863711,428775424,0
TRSM(3;0),0,1590,10712101,428913664,0
TRSM(4;0),0,1590,10827927,431120384,0
TRSM(5;0),0,1590,10562187,426129408,0
TRSM(6;0),0,1590,8994852,432135168,0
TRSM(7;0),0,1590,12431938,426155008,0
SYRK(4;0),0,1590,10524867,398414848,0
GEMM(5;4;0),0,1590,19717893,791733248,0
GEMM(6;4;0),0,1590,19821547,796234752,0
GEMM(7;4;0),0,1590,19636879,787367936,0
SYRK(4;1),0,1590,346245347,14797785088,90121181184
GEMM(5;4;1),0,1590,326800871,14195971072,8192
GEMM(6;4;1),0,1590,343720078,14826994688,8602
GEMM(7;4;1),0,1590,323394716,14113713152,8602
SYRK(4;2),0,1590,390471314,16851304448,22776988467
GEMM(5;4;2),0,1590,378785127,16482758656,8192
GEMM(6;4;2),0,1590,402048517,17173274624,8397
GEMM(7;4;2),0,1590,336825757,14777126912,8602
SYRK(4;3),0,1590,264706629,10994821120,1247223603
GEMM(5;4;3),0,1590,411708546,17626416128,8397
GEMM(6;4;3),0,1590,332902759,14849558528,9011
GEMM(7;4;3),0,1590,134320887,5891599360,8806
POTRF(4),0,1590,3304210,142171136,0
TRSM(5;4),0,1590,10558496,427932672,0
TRSM(6;4),0,1590,10916992,430779392,0
TRSM(7;4),0,1590,10592761,425009152,0
POTRF(0),0,1665,3258719,140512256,0
TRSM(1;0),0,1665,10566663,431251456,0
TRSM(2;0),0,1665,10812740,425732096,0
TRSM(3;0),0,1665,10792453,432220160,0
TRSM(4;0),0,1665,10740447,427115520,0
TRSM(5;0),0,1665,10828335,430386176,0
TRSM(6;0),0,1665,10808890,428974080,0
TRSM(7;0),0,1665,10767433,427459584,0
SYRK(4;0),0,1665,10000368,398155776,0
GEMM(5;4;0),0,1665,19325378,767199232,0
GEMM(6;4;0),0,1665,19299428,764814336,0
GEMM(7;4;0),0,1665,19239744,765071360,0
SYRK(4;1),0,1665,373972710,16237386752,92554946355
GEMM(5;4;1),0,1665,357663211,15421998080,8397
GEMM(6;4;1),0,1665,348961335,15215754240,9216
GEMM(7;4;1),0,1665,353967180,15512023040,9011
SYRK(4;2),0,1665,409441965,17461079040,23683473203
GEMM(5;4;2),0,1665,401098709,17364468736,8192
GEMM(6;4;2),0,1665,414585788,17984403456,9011
GEMM(7;4;2),0,1665,346480633,15242483712,8806
SYRK(4;3),0,1665,273081809,11425933312,1248520806
GEMM(5;4;3),0,1665,419049502,18193991680,8192
GEMM(6;4;3),0,1665,363572199,15965519872,9011
GEMM(7;4;3),0,1665,133837456,5733104640,8806
POTRF(4),0,1665,3462807,144335872,0
TRSM(5;4),0,1665,10445689,424913920,0
TRSM(6;4),0,1665,10934568,431885312,0
TRSM(7;4),0,1665,10666680,425895936,0
POTRF(0),0,1665,3455400,138613760,0
TRSM(1;0),0,1665,10602656,435386368,0
TRSM(2;0),0,1665,10913517,430488576,0
TRSM(3;0),0,1665,10782039,434073600,0
TRSM(4;0),0,1665,10809333,429730816,0
TRSM(5;0),0,1665,10851345,430937088,0
TRSM(6;0),0,1665,10857546,430431232,0
TRSM(7;0),0,1665,10883446,434110464,0
SYRK(4;0),0,1665,10037285,400600064,0
GEMM(5;4;0),0,1665,19818357,801384448,0
GEMM(6;4;0),0,1665,19634455,788259840,0
GEMM(7;4;0),0,1665,19782766,800894976,0
SYRK(4;1),0,1665,367505407,15840186368,92554946355
GEMM(5;4;1),0,1665,357715880,15309262848,8397
GEMM(6;4;1),0,1665,320233222,14019766272,9216
GEMM(7;4;1),0,1665,326866934,14226260992,9011
SYRK(4;2),0,1665,411352990,17572322304,23683473203
GEMM(5;4;2),0,1665,405196147,17417571328,8192
GEMM(6;4;2),0,1665,402082893,17556427776,9011
GEMM(7;4;2),0,1665,338431750,14633108480,8806
SYRK(4;3),0,1665,276762500,11558498304,1248520806
GEMM(5;4;3),0,1665,417341884,18251368448,8192
GEMM(6;4;3),0,1665,368953502,15982883840,9011
GEMM(7;4;3),0,1665,134693520,5738537984,8806
POTRF(4),0,1665,3395541,142868480,0
TRSM(5;4),0,1665,10514739,427327488,0
TRSM(6;4),0,1665,10957014,431160320,0
TRSM(7;4),0,1665,10608518,425107456,0
POTRF(0),0,1665,2998554,136741888,0
TRSM(1;0),0,1665,10725691,431099904,0
TRSM(2;0),0,1665,10867210,428145664,0
TRSM(3;0),0,1665,10725155,428700672,0
TRSM(4;0),0,1665,10846808,430916608,0
TRSM(5;0),0,1665,10785992,425800704,0
TRSM(6;0),0,1665,10911055,431751168,0
TRSM(7;0),0,1665,10798591,425982976,0
SYRK(4;0),0,1665,10075280,398285824,0
GEMM(5;4;0),0,1665,19606133,780600320,0
GEMM(6;4;0),0,1665,19383770,763848704,0
GEMM(7;4;0),0,1665,19300472,764228608,0
SYRK(4;1),0,1665,375181408,15999163392,92554946355
GEMM(5;4;1),0,1665,365415235,16086696960,8397
GEMM(6;4;1),0,1665,371136573,15819022336,9216
GEMM(7;4;1),0,1665,364015694,15951053824,9011
SYRK(4;2),0,1665,388321990,16766171136,23683473203
GEMM(5;4;2),0,1665,397367119,17083692032,8192
GEMM(6;4;2),0,1665,392919801,17025901568,9011
GEMM(7;4;2),0,1665,337403017,14572168192,8806
SYRK(4;3),0,1665,268849093,11173039104,1248520806
GEMM(5;4;3),0,1665,397083864,17358969856,8192
GEMM(6;4;3),0,1665,357492202,15360312320,9011
GEMM(7;4;3),0,1665,122686250,5390033920,8806
POTRF(4),0,1665,3403158,143444992,0
TRSM(5;4),0,1665,10444311,426930176,0
TRSM(6;4),0,1665,10999272,431607808,0
TRSM(7;4),0,1665,10605209,425527296,0
POTRF(0),0,1665,3338883,138580992,0
TRSM(1;0),0,1665,10581506,431552512,0
TRSM(2;0),0,1665,10836676,426100736,0
TRSM(3;0),0,1665,10772537,431319040,0
TRSM(4;0),0,1665,10773613,427966464,0
TRSM(5;0),0,1665,10821172,428940288,0
TRSM(6;0),0,1665,10922415,430871552,0
TRSM(7;0),0,1665,10801011,425965568,0
SYRK(4;0),0,1665,10065290,398493696,0
GEMM(5;4;0),0,1665,19518673,773932032,0
GEMM(6;4;0),0,1665,19667440,785037312,0
GEMM(7;4;0),0,1665,19423976,773557248,0
SYRK(4;1),0,1665,362804884,15798831104,92554946355
GEMM(5;4;1),0,1665,331330355,14327429120,8397
GEMM(6;4;1),0,1665,348605569,15092567040,9216
GEMM(7;4;1),0,1665,350588366,15143760896,9011
SYRK(4;2),0,1665,393145662,16938717184,23683473203
GEMM(5;4;2),0,1665,412543757,17557079040,8192
GEMM(6;4;2),0,1665,399434535,17464933376,9011
GEMM(7;4;2),0,1665,333593941,14705289216,8806
SYRK(4;3),0,1665,269918689,11292699648,1248520806
GEMM(5;4;3),0,1665,397851632,17386675200,8192
GEMM(6;4;3),0,1665,355544074,15310452736,9011
GEMM(7;4;3),0,1665,130079322,5751260160,8806
POTRF(4),0,1665,3298077,139494400,0
TRSM(5;4),0,1665,10631406,431033344,0
TRSM(6;4),0,1665,10863177,427927552,0
TRSM(7;4),0,1665,10717127,428687360,0
POTRF(0),0,1665,3160016,140653568,0
TRSM(1;0),0,1665,10634427,430647296,0
TRSM(2;0),0,1665,10814402,425700352,0
TRSM(3;0),0,1665,10784916,431903744,0
TRSM(4;0),0,1665,10786564,426576896,0
TRSM(5;0),0,1665,10683925,431001600,0
TRSM(6;0),0,1665,10334231,428452864,0
TRSM(7;0),0,1665,11562480,428251136,0
SYRK(4;0),0,1665,10032916,397605888,0
GEMM(5;4;0),0,1665,19524482,776954880,0
GEMM(6;4;0),0,1665,19374485,764421120,0
GEMM(7;4;0),0,1665,19287102,764436480,0
SYRK(4;1),0,1665,349136272,15075861504,92554946355
GEMM(5;4;1),0,1665,327833882,14221496320,8397
GEMM(6;4;1),0,1665,325304206,14062324736,9216
GEMM(7;4;1),0,1665,318604720,14013011968,9011
SYRK(4;2),0,1665,396038328,16889264128,23683473203
GEMM(5;4;2),0,1665,396252914,17122499584,8192
GEMM(6;4;2),0,1665,392725026,17134662656,9011
GEMM(7;4;2),0,1665,353762793,15392607232,8806
SYRK(4;3),0,1665,272791817,11303344128,1248520806
GEMM(5;4;3),0,1665,395650986,17399335936,8192
GEMM(6;4;3),0,1665,354294470,15362012160,9011
GEMM(7;4;3),0,1665,131681735,5668653056,8806
POTRF(4),0,1665,3301798,140101632,0
TRSM(5;4),0,1665,10619531,430637056,0
TRSM(6;4),0,1665,10877312,428922880,0
TRSM(7;4),0,1665,10691283,427807744,0
POTRF(0),0,1740,3430126,141037568,0
TRSM(1;0),0,1740,10471345,430629888,0
TRSM(2;0),0,1740,10824460,424658944,0
TRSM(3;0),0,1740,10675596,426707968,0
TRSM(4;0),0,1740,10836287,431480832,0
TRSM(5;0),0,1740,10528799,425400320,0
TRSM(6;0),0,1740,10434427,432436224,0
TRSM(7;0),0,1740,10312143,427368448,0
SYRK(4;0),0,1740,9565331,396418048,0
GEMM(5;4;0),0,1740,21278495,782696448,0
GEMM(6;4;0),0,1740,19566136,775399424,0
GEMM(7;4;0),0,1740,19328188,764638208,0
SYRK(4;1),0,1740,340446108,14665608192,90211935642
GEMM(5;4;1),0,1740,337670331,14467748864,8397
GEMM(6;4;1),0,1740,344580282,14956419072,9011
GEMM(7;4;1),0,1740,343593219,15064336384,9011
SYRK(4;2),0,1740,388128779,16438871040,23186769715
GEMM(5;4;2),0,1740,388864629,16924911616,8397
GEMM(6;4;2),0,1740,387952298,16707033088,8397
GEMM(7;4;2),0,1740,342951461,14936776704,8602
SYRK(4;3),0,1740,277779749,11638963200,1244871066
GEMM(5;4;3),0,1740,406824555,17645369344,8192
GEMM(6;4;3),0,1740,359508425,15545658368,8806
GEMM(7;4;3),0,1740,124179894,5506685952,8602
POTRF(4),0,1740,3478613,140999680,0
TRSM(5;4),0,1740,10402279,429659136,0
TRSM(6;4),0,1740,10899565,429731840,0
TRSM(7;4),0,1740,10642067,426977280,0
POTRF(0),0,1740,3431597,141560832,0
TRSM(1;0),0,1740,10529362,430704640,0
TRSM(2;0),0,1740,10798915,426209280,0
TRSM(3;0),0,1740,10769566,431689728,0
TRSM(4;0),0,1740,10741748,426267648,0
TRSM(5;0),0,1740,10909878,431646720,0
TRSM(6;0),0,1740,10829071,428189696,0
TRSM(7;0),0,1740,10827907,429077504,0
SYRK(4;0),0,1740,10049987,397917184,0
GEMM(5;4;0),0,1740,19349004,765735936,0
GEMM(6;4;0),0,1740,19355633,764151808,0
GEMM(7;4;0),0,1740,19279191,764108800,0
SYRK(4;1),0,1740,351625490,15240651776,90211935642
GEMM(5;4;1),0,1740,343972563,14996415488,8397
GEMM(6;4;1),0,1740,344945071,14687964160,9011
GEMM(7;4;1),0,1740,327119035,14339861504,9011
SYRK(4;2),0,1740,393894484,16557380608,23186769715
GEMM(5;4;2),0,1740,394912999,17268517888,8397
GEMM(6;4;2),0,1740,387416496,16554174464,8397
GEMM(7;4;2),0,1740,338308411,14879413248,8602
SYRK(4;3),0,1740,275738937,11528353792,1244871066
GEMM(5;4;3),0,1740,406803789,17423278080,8192
GEMM(6;4;3),0,1740,337719471,14759772160,8806
GEMM(7;4;3),0,1740,121103367,5385894912,8602
POTRF(4),0,1740,3430185,138671104,0
TRSM(5;4),0,1740,10498117,431483904,0
TRSM(6;4),0,1740,10847558,426962944,0
TRSM(7;4),0,1740,10708821,430673920,0
POTRF(0),0,1740,3472597,138242048,0
TRSM(1;0),0,1740,10574699,431306752,0
TRSM(2;0),0,1740,10827557,426353664,0
TRSM(3;0),0,1740,10762761,431290368,0
TRSM(4;0),0,1740,10789640,428064768,0
TRSM(5;0),0,1740,10830207,428755968,0
TRSM(6;0),0,1740,10915471,430777344,0
TRSM(7;0),0,1740,10793854,425802752,0
SYRK(4;0),0,1740,10067840,398296064,0
GEMM(5;4;0),0,1740,19577150,778705920,0
GEMM(6;4;0),0,1740,19717707,785448960,0
GEMM(7;4;0),0,1740,19646225,784786432,0
SYRK(4;1),0,1740,353119664,15113092096,90211935642
GEMM(5;4;1),0,1740,336243400,14546424832,8397
GEMM(6;4;1),0,1740,328912346,14423486464,9011
GEMM(7;4;1),0,1740,331193341,14252076032,9011
SYRK(4;2),0,1740,390888191,16614010880,23186769715
GEMM(5;4;2),0,1740,380811268,16603368448,8397
GEMM(6;4;2),0,1740,380579987,16438497280,8397
GEMM(7;4;2),0,1740,336872557,14586562560,8602
SYRK(4;3),0,1740,276630718,11584411648,1244871066
GEMM(5;4;3),0,1740,403421477,17352983552,8192
GEMM(6;4;3),0,1740,355300583,15500361728,8806
GEMM(7;4;3),0,1740,121909207,5393694720,8602
POTRF(4),0,1740,3194340,138733568,0
TRSM(5;4),0,1740,10720744,431380480,0
TRSM(6;4),0,1740,10848738,427767808,0
TRSM(7;4),0,1740,10710388,429499392,0
POTRF(0),0,1740,3387797,137268224,0
TRSM(1;0),0,1740,10470836,431591424,0
TRSM(2;0),0,1740,10823593,426574848,0
TRSM(3;0),0,1740,10747198,430711808,0
TRSM(4;0),0,1740,10779881,428535808,0
TRSM(5;0),0,1740,10827031,428376064,0
TRSM(6;0),0,1740,10906767,431172608,0
TRSM(7;0),0,1740,10799266,425795584,0
SYRK(4;0),0,1740,10063647,398571520,0
GEMM(5;4;0),0,1740,19662532,785392640,0
GEMM(6;4;0),0,1740,19563511,779122688,0
GEMM(7;4;0),0,1740,19426807,773150720,0
SYRK(4;1),0,1740,348805471,14874258432,90211935642
GEMM(5;4;1),0,1740,332162087,14241127424,8397
GEMM(6;4;1),0,1740,344340710,15043719168,9011
GEMM(7;4;1),0,1740,344680744,14863977472,9011
SYRK(4;2),0,1740,388430233,16601094144,23186769715
GEMM(5;4;2),0,1740,403593417,17169778688,8397
GEMM(6;4;2),0,1740,391431234,17031269376,8397
GEMM(7;4;2),0,1740,335830382,14717746176,8602
SYRK(4;3),0,1740,279865065,11691772928,1244871066
GEMM(5;4;3),0,1740,403462586,17523308544,8192
GEMM(6;4;3),0,1740,357051118,15565367296,8806
GEMM(7;4;3),0,1740,128872933,5544530944,8602
POTRF(4),0,1740,3229197,140354560,0
TRSM(5;4),0,1740,10697639,430174208,0
TRSM(6;4),0,1740,10897164,429204480,0
TRSM(7;4),0,1740,10675986,427355136,0
POTRF(0),0,1740,3315927,140584960,0
TRSM(1;0),0,1740,10493057,430798848,0
TRSM(2;0),0,1740,10815019,425769984,0
TRSM(3;0),0,1740,10785505,431832064,0
TRSM(4;0),0,1740,10775030,426620928,0
TRSM(5;0),0,1740,10866506,430954496,0
TRSM(6;0),0,1740,10841128,428856320,0
TRSM(7;0),0,1740,10825034,428470272,0
SYRK(4;0),0,1740,10034257,398045184,0
GEMM(5;4;0),0,1740,19513407,776716288,0
GEMM(6;4;0),0,1740,19496730,775189504,0
GEMM(7;4;0),0,1740,19448315,775362560,0
SYRK(4;1),0,1740,330231468,14243014656,90211935642
GEMM(5;4;1),0,1740,330356921,14091132928,8397
GEMM(6;4;1),0,1740,329439487,14502217728,9011
GEMM(7;4;1),0,1740,347343825,14994822144,9011
SYRK(4;2),0,1740,385373179,16676418560,23186769715
GEMM(5;4;2),0,1740,377572861,16340067328,8397
GEMM(6;4;2),0,1740,402431785,17196564480,8397
GEMM(7;4;2),0,1740,335661879,14850337792,8602
SYRK(4;3),0,1740,275364527,11448816640,1244871066
GEMM(5;4;3),0,1740,396203606,17321306112,8192
GEMM(6;4;3),0,1740,344704641,15059841024,8806
GEMM(7;4;3),0,1740,127855155,5488768000,8602
POTRF(4),0,1740,3400208,143293440,0
TRSM(5;4),0,1740,10452488,427215872,0
TRSM(6;4),0,1740,10985748,431259648,0
TRSM(7;4),0,1740,10601215,425199616,0
POTRF(0),0,1815,3292579,140212224,0
TRSM(1;0),0,1815,10510218,430684160,0
TRSM(2;0),0,1815,10819144,425658368,0
TRSM(3;0),0,1815,10796158,431724544,0
TRSM(4;0),0,1815,10780037,426633216,0
TRSM(5;0),0,1815,10900747,430601216,0
TRSM(6;0),0,1815,10856535,428883968,0
TRSM(7;0),0,1815,10802977,427678720,0
SYRK(4;0),0,1815,10035791,397603840,0
GEMM(5;4;0),0,1815,19693580,787946496,0
GEMM(6;4;0),0,1815,19484850,770812928,0
GEMM(7;4;0),0,1815,19392814,768212992,0
SYRK(4;1),0,1815,343711241,14692921344,91059741491
GEMM(5;4;1),0,1815,324224925,14211805184,8397
GEMM(6;4;1),0,1815,333623834,14389161984,9216
GEMM(7;4;1),0,1815,335325006,14406787072,8602
SYRK(4;2),0,1815,391077920,16627603456,23762368102
GEMM(5;4;2),0,1815,383727961,16656995328,8397
GEMM(6;4;2),0,1815,393115934,17075810304,8602
GEMM(7;4;2),0,1815,343739701,14858810368,8397
SYRK(4;3),0,1815,285262189,11832493056,1241872998
GEMM(5;4;3),0,1815,414922098,17678060544,7782
GEMM(6;4;3),0,1815,337971838,15101800448,8806
GEMM(7;4;3),0,1815,112640683,4900658176,8602
POTRF(4),0,1815,3233198,138407936,0
TRSM(5;4),0,1815,10697518,431222784,0
TRSM(6;4),0,1815,10849822,426745856,0
TRSM(7;4),0,1815,10708752,430301184,0
POTRF(0),0,1815,3378100,136653824,0
TRSM(1;0),0,1815,10561497,431704064,0
TRSM(2;0),0,1815,10855870,427774976,0
TRSM(3;0),0,1815,10754019,430152704,0
TRSM(4;0),0,1815,10807227,429418496,0
TRSM(5;0),0,1815,10798262,427355136,0
TRSM(6;0),0,1815,10880216,431322112,0
TRSM(7;0),0,1815,10804068,425553920,0
SYRK(4;0),0,1815,10078710,399002624,0
GEMM(5;4;0),0,1815,19434807,768983040,0
GEMM(6;4;0),0,1815,19374334,764488704,0
GEMM(7;4;0),0,1815,19281785,764573696,0
SYRK(4;1),0,1815,353928484,15012908032,91059741491
GEMM(5;4;1),0,1815,332501818,14478332928,8397
GEMM(6;4;1),0,1815,329283479,14079039488,9216
GEMM(7;4;1),0,1815,331465346,14423789568,8602
SYRK(4;2),0,1815,391631991,16629549056,23762368102
GEMM(5;4;2),0,1815,375906231,16362551296,8397
GEMM(6;4;2),0,1815,388945607,16738993152,8602
GEMM(7;4;2),0,1815,356122960,15500290048,8397
SYRK(4;3),0,1815,278478951,11712548864,1241872998
GEMM(5;4;3),0,1815,402010942,17428810752,7782
GEMM(6;4;3),0,1815,363595308,15617436672,8806
GEMM(7;4;3),0,1815,114150052,5025398784,8602
POTRF(4),0,1815,3250492,138809344,0
TRSM(5;4),0,1815,10695291,431423488,0
TRSM(6;4),0,1815,10862477,427117568,0
TRSM(7;4),0,1815,10715865,430682112,0
POTRF(0),0,1815,3358140,136299520,0
TRSM(1;0),0,1815,10539800,430503936,0
TRSM(2;0),0,1815,10885539,429197312,0
TRSM(3;0),0,1815,10709877,428116992,0
TRSM(4;0),0,1815,10894300,434631680,0
TRSM(5;0),0,1815,10927604,432378880,0
TRSM(6;0),0,1815,10906991,432095232,0
TRSM(7;0),0,1815,10906114,433851392,0
SYRK(4;0),0,1815,10047418,397250560,0
GEMM(5;4;0),0,1815,19660732,785599488,0
GEMM(6;4;0),0,1815,19535227,776454144,0
GEMM(7;4;0),0,1815,19258261,764937216,0
SYRK(4;1),0,1815,342618893,14556386304,91059741491
GEMM(5;4;1),0,1815,334265213,14403267584,8397
GEMM(6;4;1),0,1815,334029183,14566145024,9216
GEMM(7;4;1),0,1815,340250804,14588014592,8602
SYRK(4;2),0,1815,393467374,16729538560,23762368102
GEMM(5;4;2),0,1815,392219397,17116709888,8397
GEMM(6;4;2),0,1815,384191340,16391738368,8602
GEMM(7;4;2),0,1815,345508040,15081961472,8397
SYRK(4;3),0,1815,283019678,11773225984,1241872998
GEMM(5;4;3),0,1815,393065980,17256630272,7782
GEMM(6;4;3),0,1815,359265894,15553613824,8806
GEMM(7;4;3),0,1815,119400942,5128641536,8602
POTRF(4),0,1815,3368538,142453760,0
TRSM(5;4),0,1815,10503496,427783168,0
TRSM(6;4),0,1815,10958915,431044608,0
TRSM(7;4),0,1815,10589077,425381888,0
POTRF(0),0,1815,3255605,140071936,0
TRSM(1;0),0,1815,10571716,430546944,0
TRSM(2;0),0,1815,10839613,425748480,0
TRSM(3;0),0,1815,10791267,431938560,0
TRSM(4;0),0,1815,10764446,426928128,0
TRSM(5;0),0,1815,10903711,430376960,0
TRSM(6;0),0,1815,10881902,429140992,0
TRSM(7;0),0,1815,10815104,427512832,0
SYRK(4;0),0,1815,10057860,398073856,0
GEMM(5;4;0),0,1815,19396995,765747200,0
GEMM(6;4;0),0,1815,19621196,780862464,0
GEMM(7;4;0),0,1815,19343305,768032768,0
SYRK(4;1),0,1815,333761752,14343903232,91059741491
GEMM(5;4;1),0,1815,348019219,15096101888,8397
GEMM(6;4;1),0,1815,334201400,14245037056,9216
GEMM(7;4;1),0,1815,344323556,15015106560,8602
SYRK(4;2),0,1815,385997361,16598132736,23762368102
GEMM(5;4;2),0,1815,373796934,16368049152,8397
GEMM(6;4;2),0,1815,402068844,17132051456,8602
GEMM(7;4;2),0,1815,348758270,15245710336,8397
SYRK(4;3),0,1815,282128110,11747962880,1241872998
GEMM(5;4;3),0,1815,407165335,17453929472,7782
GEMM(6;4;3),0,1815,354608544,15441258496,8806
GEMM(7;4;3),0,1815,118434085,5337589760,8602
POTRF(4),0,1815,3215223,138289152,0
TRSM(5;4),0,1815,10702244,431184896,0
TRSM(6;4),0,1815,10834548,426707968,0
TRSM(7;4),0,1815,10719595,429788160,0
POTRF(0),0,1815,3371647,136675328,0
TRSM(1;0),0,1815,10476362,431655936,0
TRSM(2;0),0,1815,10837694,427468800,0
TRSM(3;0),0,1815,10743748,430065664,0
TRSM(4;0),0,1815,10827736,429315072,0
TRSM(5;0),0,1815,10830291,427746304,0
TRSM(6;0),0,1815,10894864,431513600,0
TRSM(7;0),0,1815,10780175,425671680,0
SYRK(4;0),0,1815,10082326,398784512,0
GEMM(5;4;0),0,1815,19412056,768471040,0
GEMM(6;4;0),0,1815,19653859,783857664,0
GEMM(7;4;0),0,1815,19312377,766491648,0
SYRK(4;1),0,1815,345799656,14855840768,91059741491
GEMM(5;4;1),0,1815,327501092,14172385280,8397
GEMM(6;4;1),0,1815,334788829,14346593280,9216
GEMM(7;4;1),0,1815,331064127,14381731840,8602
SYRK(4;2),0,1815,390365416,16713469952,23762368102
GEMM(5;4;2),0,1815,385145431,16713539584,8397
GEMM(6;4;2),0,1815,403143597,17274844160,8602
GEMM(7;4;2),0,1815,349922499,15281806336,8397
SYRK(4;3),0,1815,284038197,11787667456,1241872998
GEMM(5;4;3),0,1815,398715602,17494525952,7782
GEMM(6;4;3),0,1815,355219463,15293497344,8806
GEMM(7;4;3),0,1815,118050165,5114677248,8602
POTRF(4),0,1815,3315336,141053952,0
TRSM(5;4),0,1815,10578932,429353984,0
TRSM(6;4),0,1815,10906233,429845504,0
TRSM(7;4),0,1815,10634328,426289152,0
POTRF(0),0,2040,3466301,139370496,0
TRSM(1;0),0,2040,10368513,434438144,0
TRSM(2;0),0,2040,10716261,428660736,0
TRSM(3;0),0,2040,10617762,433722368,0
TRSM(4;0),0,2040,10662273,430138368,0
TRSM(5;0),0,2040,10727613,431499264,0
TRSM(6;0),0,2040,10744515,432447488,0
TRSM(7;0),0,2040,10663690,428968960,0
SYRK(4;0),0,2040,9914874,400450560,0
GEMM(5;4;0),0,2040,19154571,772884480,0
GEMM(6;4;0),0,2040,19125545,769523712,0
GEMM(7;4;0),0,2040,19058286,770501632,0
SYRK(4;1),0,2040,337915282,14655291392,92188988006
GEMM(5;4;1),0,2040,331948954,14454779904,8192
GEMM(6;4;1),0,2040,321323829,14259137536,9011
GEMM(7;4;1),0,2040,321203571,14205491200,9011
SYRK(4;2),0,2040,384052451,16636163072,22808704205
GEMM(5;4;2),0,2040,386503972,16747980800,8806
GEMM(6;4;2),0,2040,384651672,17003747328,8602
GEMM(7;4;2),0,2040,336867904,14782382080,8602
SYRK(4;3),0,2040,307960363,12936071168,1234532557
GEMM(5;4;3),0,2040,417034126,18180500480,8192
GEMM(6;4;3),0,2040,353130305,15591212032,9011
GEMM(7;4;3),0,2040,109094331,4898056192,8397
POTRF(4),0,2040,3383837,140987392,0
TRSM(5;4),0,2040,10497034,431407104,0
TRSM(6;4),0,2040,10781262,426186752,0
TRSM(7;4),0,2040,10689786,432464896,0
POTRF(0),0,2040,3344390,137292800,0
TRSM(1;0),0,2040,10504384,431141888,0
TRSM(2;0),0,2040,10842777,429730816,0
TRSM(3;0),0,2040,10642252,428072960,0
TRSM(4;0),0,2040,10770412,431525888,0
TRSM(5;0),0,2040,10718333,425991168,0
TRSM(6;0),0,2040,10849515,432661504,0
TRSM(7;0),0,2040,10761201,427157504,0
SYRK(4;0),0,2040,10007050,397529088,0
GEMM(5;4;0),0,2040,19376804,772259840,0
GEMM(6;4;0),0,2040,19318762,766655488,0
GEMM(7;4;0),0,2040,19244771,766317568,0
SYRK(4;1),0,2040,346064627,15064864768,92188988006
GEMM(5;4;1),0,2040,336124075,14480721920,8192
GEMM(6;4;1),0,2040,337314386,14546983936,9011
GEMM(7;4;1),0,2040,332745342,14692340736,9011
SYRK(4;2),0,2040,387176481,16637875200,22808704205
GEMM(5;4;2),0,2040,402840000,17362230272,8806
GEMM(6;4;2),0,2040,395521642,17081064448,8602
GEMM(7;4;2),0,2040,342502193,15016668160,8602
SYRK(4;3),0,2040,310842096,12986902528,1234532557
GEMM(5;4;3),0,2040,401266724,17656565760,8192
GEMM(6;4;3),0,2040,365196561,15820490752,9011
GEMM(7;4;3),0,2040,114484642,4884004864,8397
POTRF(4),0,2040,3396146,141678592,0
TRSM(5;4),0,2040,10533141,430415872,0
TRSM(6;4),0,2040,10819026,424609792,0
TRSM(7;4),0,2040,10643970,427741184,0
POTRF(0),0,2040,3399193,139630592,0
TRSM(1;0),0,2040,10539067,431087616,0
TRSM(2;0),0,2040,10824696,425492480,0
TRSM(3;0),0,2040,10790924,432202752,0
TRSM(4;0),0,2040,10759246,427503616,0
TRSM(5;0),0,2040,10868715,430269440,0
TRSM(6;0),0,2040,10875907,429622272,0
TRSM(7;0),0,2040,10820357,427411456,0
SYRK(4;0),0,2040,10048290,398057472,0
GEMM(5;4;0),0,2040,19392939,766629888,0
GEMM(6;4;0),0,2040,19355578,764297216,0
GEMM(7;4;0),0,2040,19279394,765457408,0
SYRK(4;1),0,2040,354298975,15216371712,92188988006
GEMM(5;4;1),0,2040,338913609,14839395328,8192
GEMM(6;4;1),0,2040,333671203,14195654656,9011
GEMM(7;4;1),0,2040,329772498,14495695872,9011
SYRK(4;2),0,2040,391983719,16659009536,22808704205
GEMM(5;4;2),0,2040,386852833,16949328896,8806
GEMM(6;4;2),0,2040,397032960,17073657856,8602
GEMM(7;4;2),0,2040,341073297,14764746752,8602
SYRK(4;3),0,2040,302912984,12725891072,1234532557
GEMM(5;4;3),0,2040,413130674,17663177728,8192
GEMM(6;4;3),0,2040,357002284,15735038976,9011
GEMM(7;4;3),0,2040,109425475,4746351616,8397
POTRF(4),0,2040,3419088,139219968,0
TRSM(5;4),0,2040,10500299,431273984,0
TRSM(6;4),0,2040,10862234,425344000,0
TRSM(7;4),0,2040,10599479,425195520,0
POTRF(0),0,2040,3395496,144412672,0
TRSM(1;0),0,2040,10503992,427934720,0
TRSM(2;0),0,2040,10862873,428418048,0
TRSM(3;0),0,2040,10753563,430423040,0
TRSM(4;0),0,2040,10709676,425118720,0
TRSM(5;0),0,2040,10885049,431538176,0
TRSM(6;0),0,2040,10806842,426014720,0
TRSM(7;0),0,2040,10894459,430911488,0
SYRK(4;0),0,2040,10030852,396468224,0
GEMM(5;4;0),0,2040,19523307,774813696,0
GEMM(6;4;0),0,2040,19387375,763649024,0
GEMM(7;4;0),0,2040,19318244,764078080,0
SYRK(4;1),0,2040,329546185,14156683264,92188988006
GEMM(5;4;1),0,2040,323390414,14066289664,8192
GEMM(6;4;1),0,2040,342388692,14632725504,9011
GEMM(7;4;1),0,2040,333166427,14500105216,9011
SYRK(4;2),0,2040,395326659,16732035072,22808704205
GEMM(5;4;2),0,2040,396967023,17055491072,8806
GEMM(6;4;2),0,2040,383077228,16742373376,8602
GEMM(7;4;2),0,2040,354565953,15327795200,8602
SYRK(4;3),0,2040,316063542,12942565376,1234532557
GEMM(5;4;3),0,2040,408969231,18067917824,8192
GEMM(6;4;3),0,2040,360411191,15585687552,9011
GEMM(7;4;3),0,2040,106753359,4610945024,8397
POTRF(4),0,2040,3281071,138434560,0
TRSM(5;4),0,2040,10664992,431624192,0
TRSM(6;4),0,2040,10870171,427334656,0
TRSM(7;4),0,2040,10732842,429759488,0
POTRF(0),0,2040,3518629,142311424,0
TRSM(1;0),0,2040,10535737,429321216,0
TRSM(2;0),0,2040,10844661,426730496,0
TRSM(3;0),0,2040,10763234,431190016,0
TRSM(4;0),0,2040,10730503,425322496,0
TRSM(5;0),0,2040,10926278,431997952,0
TRSM(6;0),0,2040,10853399,427462656,0
TRSM(7;0),0,2040,10870764,429374464,0
SYRK(4;0),0,2040,10054503,397001728,0
GEMM(5;4;0),0,2040,19120352,775080960,0
GEMM(6;4;0),0,2040,20268736,794846208,0
GEMM(7;4;0),0,2040,19332541,765636608,0
SYRK(4;1),0,2040,354818305,15308617728,92188988006
GEMM(5;4;1),0,2040,330826453,14151981056,8192
GEMM(6;4;1),0,2040,346153643,14924175360,9011
GEMM(7;4;1),0,2040,330041630,14298653696,9011
SYRK(4;2),0,2040,378706146,16348917760,22808704205
GEMM(5;4;2),0,2040,398198094,17114968064,8806
GEMM(6;4;2),0,2040,386803677,16797958144,8602
GEMM(7;4;2),0,2040,349341412,15077551104,8602
SYRK(4;3),0,2040,310257586,12900539392,1234532557
GEMM(5;4;3),0,2040,413256970,17950341120,8192
GEMM(6;4;3),0,2040,369087555,16038164480,9011
GEMM(7;4;3),0,2040,113703486,4936247296,8397
POTRF(4),0,2040,3474063,139103232,0
TRSM(5;4),0,2040,10496432,430957568,0
TRSM(6;4),0,2040,10896332,428140544,0
TRSM(7;4),0,2040,10747844,428922880,0
SYRK(1;0),1,240,28986391,1363621888,1968727040
GEMM(2;1;0),1,240,342903905,16287328256,113293312
GEMM(3;1;0),1,240,326409762,15709663232,21709
GEMM(4;1;0),1,240,348889473,16373037056,21709
GEMM(5;1;0),1,240,346737979,16559126528,22118
GEMM(6;1;0),1,240,341675048,15792425984,21709
GEMM(7;1;0),1,240,327710284,16088679424,22118
SYRK(5;0),1,240,327430528,15135411200,18637
GEMM(6;5;0),1,240,302790505,14904854528,22323
GEMM(7;5;0),1,240,57408260,2727880704,21914
POTRF(1),1,240,10248643,491834368,0
TRSM(2;1),1,240,31363673,1476923392,0
TRSM(3;1),1,240,31811335,1476908032,0
TRSM(4;1),1,240,31353926,1476903936,0
TRSM(5;1),1,240,31684875,1476963328,0
TRSM(6;1),1,240,31943658,1476918272,0
TRSM(7;1),1,240,31923209,1476946944,0
SYRK(5;1),1,240,29688214,1363446784,0
GEMM(6;5;1),1,240,57112569,2727647232,0
GEMM(7;5;1),1,240,59793023,2727625728,0
SYRK(5;2),1,240,366050722,17434839040,91905789542
GEMM(6;5;2),1,240,354564438,17423187968,22118
GEMM(7;5;2),1,240,367880493,17784155136,22323
SYRK(5;3),1,240,344388086,16124213248,19330460058
GEMM(6;5;3),1,240,355984419,17064251392,21709
GEMM(7;5;3),1,240,250552026,12107013120,22323
SYRK(5;4),1,240,28979929,1363616768,2016558285
GEMM(6;5;4),1,240,358685007,16844609536,113299866
GEMM(7;5;4),1,240,324251835,15905391616,22528
POTRF(5),1,240,10469102,491826176,0
TRSM(6;5),1,240,31304489,1476907008,0
TRSM(7;5),1,240,31819637,1476928512,0
SYRK(1;0),1,240,28886885,1363610624,1968727040
GEMM(2;1;0),1,240,343124369,16292715520,113293312
GEMM(3;1;0),1,240,345938683,16232176640,21709
GEMM(4;1;0),1,240,357976903,16787638272,21709
GEMM(5;1;0),1,240,345174065,16706059264,22118
GEMM(6;1;0),1,240,344799269,16083736576,21709
GEMM(7;1;0),1,240,334249203,16272630784,22118
SYRK(5;0),1,240,317523459,14990186496,18637
GEMM(6;5;0),1,240,320958641,15420099584,22323
GEMM(7;5;0),1,240,57410765,2727869440,21914
POTRF(1),1,240,10295943,491842560,0
TRSM(2;1),1,240,31347926,1476892672,0
TRSM(3;1),1,240,31841823,1476907008,0
TRSM(4;1),1,240,31472565,1476883456,0
TRSM(5;1),1,240,31868859,1476930560,0
TRSM(6;1),1,240,31982272,1476938752,0
TRSM(7;1),1,240,30694038,1476935680,0
SYRK(5;1),1,240,30594242,1363446784,0
GEMM(6;5;1),1,240,58738240,2727613440,0
GEMM(7;5;1),1,240,58450191,2727613440,0
SYRK(5;2),1,240,366758185,17610468352,91905789542
GEMM(6;5;2),1,240,373771529,17499068416,22118
GEMM(7;5;2),1,240,349646097,17110033408,22323
SYRK(5;3),1,240,351499707,16431062016,19330460058
GEMM(6;5;3),1,240,356881366,17052469248,21709
GEMM(7;5;3),1,240,258974177,12510775296,22323
SYRK(5;4),1,240,28904198,1363614720,2016558285
GEMM(6;5;4),1,240,357822216,16821267456,113299866
GEMM(7;5;4),1,240,324648120,15685147648,22528
POTRF(5),1,240,10447534,491847680,0
TRSM(6;5),1,240,31291191,1476911104,0
TRSM(7;5),1,240,31816142,1476922368,0
SYRK(1;0),1,240,28885036,1363610624,1968727040
GEMM(2;1;0),1,240,335803796,16326075392,113293312
GEMM(3;1;0),1,240,355262046,16139070464,21709
GEMM(4;1;0),1,240,333348644,16641997824,21709
GEMM(5;1;0),1,240,361536992,16823816192,22118
GEMM(6;1;0),1,240,347304278,16539200512,21709
GEMM(7;1;0),1,240,339540213,16438892544,22118
SYRK(5;0),1,240,315126614,14442862592,18637
GEMM(6;5;0),1,240,325721647,16040664064,22323
GEMM(7;5;0),1,240,57402357,2727884800,21914
POTRF(1),1,240,10384036,491836416,0
TRSM(2;1),1,240,31238432,1476898816,0
TRSM(3;1),1,240,31865565,1476914176,0
TRSM(4;1),1,240,31381609,1476887552,0
TRSM(5;1),1,240,31716022,1476950016,0
TRSM(6;1),1,240,31902079,1476936704,0
TRSM(7;1),1,240,31909493,1476934656,0
SYRK(5;1),1,240,29685058,1363447808,0
GEMM(6;5;1),1,240,58432658,2727611392,0
GEMM(7;5;1),1,240,58642812,2727641088,0
SYRK(5;2),1,240,366247679,17459433472,91905789542
GEMM(6;5;2),1,240,349621340,16867594240,22118
GEMM(7;5;2),1,240,356615736,17416153088,22323
SYRK(5;3),1,240,357282853,16706045952,19330460058
GEMM(6;5;3),1,240,361506399,17274667008,21709
GEMM(7;5;3),1,240,299732827,14410219520,22323
SYRK(5;4),1,240,28916896,1363612672,2016558285
GEMM(6;5;4),1,240,347310514,16653228032,113299866
GEMM(7;5;4),1,240,309590470,14939332608,22528
POTRF(5),1,240,10341554,491840512,0
TRSM(6;5),1,240,31294715,1476931584,0
TRSM(7;5),1,240,31827270,1476915200,0
SYRK(1;0),1,240,28903052,1363605504,1968727040
GEMM(2;1;0),1,240,346295861,16476625920,113293312
GEMM(3;1;0),1,240,345365045,16269288448,21709
GEMM(4;1;0),1,240,333294444,16065223680,21709
GEMM(5;1;0),1,240,342178603,16215781376,22118
GEMM(6;1;0),1,240,351128127,16648219648,21709
GEMM(7;1;0),1,240,335543479,15960857600,22118
SYRK(5;0),1,240,327272677,15314664448,18637
GEMM(6;5;0),1,240,307402132,15015790592,22323
GEMM(7;5;0),1,240,57475110,2727888896,21914
POTRF(1),1,240,10302681,491842560,0
TRSM(2;1),1,240,31350982,1476890624,0
TRSM(3;1),1,240,31818110,1476902912,0
TRSM(4;1),1,240,31347387,1476876288,0
TRSM(5;1),1,240,31698181,1476955136,0
TRSM(6;1),1,240,31902323,1476928512,0
TRSM(7;1),1,240,31983858,1476942848,0
SYRK(5;1),1,240,29705508,1363448832,0
GEMM(6;5;1),1,240,58370839,2727635968,0
GEMM(7;5;1),1,240,58548026,2727615488,0
SYRK(5;2),1,240,364238060,17373546496,91905789542
GEMM(6;5;2),1,240,364721324,17146151936,22118
GEMM(7;5;2),1,240,355863348,17380661248,22323
SYRK(5;3),1,240,346516467,16526018560,19330460058
GEMM(6;5;3),1,240,359800579,17076629504,21709
GEMM(7;5;3),1,240,269272508,12804460544,22323
SYRK(5;4),1,240,28902662,1363623936,2016558285
GEMM(6;5;4),1,240,353290204,16753915904,113299866
GEMM(7;5;4),1,240,302504150,14755192832,22528
POTRF(5),1,240,10424519,491842560,0
TRSM(6;5),1,240,31283429,1476935680,0
TRSM(7;5),1,240,31827188,1476925440,0
SYRK(1;0),1,240,28852430,1363602432,1968727040
GEMM(2;1;0),1,240,343166146,16565564416,113293312
GEMM(3;1;0),1,240,344231652,16207301632,21709
GEMM(4;1;0),1,240,343387272,16404126720,21709
GEMM(5;1;0),1,240,340905806,16108372992,22118
GEMM(6;1;0),1,240,346368681,16379274240,21709
GEMM(7;1;0),1,240,349143076,16775346176,22118
SYRK(5;0),1,240,324368983,15002714112,18637
GEMM(6;5;0),1,240,322230300,15792150528,22323
GEMM(7;5;0),1,240,57395735,2727884800,21914
POTRF(1),1,240,10347727,491826176,0
TRSM(2;1),1,240,31293407,1476901888,0
TRSM(3;1),1,240,31839395,1476895744,0
TRSM(4;1),1,240,31333056,1476898816,0
TRSM(5;1),1,240,31665393,1476943872,0
TRSM(6;1),1,240,31865069,1476923392,0
TRSM(7;1),1,240,31907568,1476927488,0
SYRK(5;1),1,240,29662917,1363447808,0
GEMM(6;5;1),1,240,58368751,2727615488,0
GEMM(7;5;1),1,240,58533855,2727627776,0
SYRK(5;2),1,240,358333055,17142187008,91905789542
GEMM(6;5;2),1,240,377597044,17821590528,22118
GEMM(7;5;2),1,240,361974729,17532186624,22323
SYRK(5;3),1,240,357178958,16749790208,19330460058
GEMM(6;5;3),1,240,348744865,16580403200,21709
GEMM(7;5;3),1,240,294523505,14236000256,22323
SYRK(5;4),1,240,28987007,1363612672,2016558285
GEMM(6;5;4),1,240,344554724,16644210688,113299866
GEMM(7;5;4),1,240,307430864,14602906624,22528
POTRF(5),1,240,10559475,491836416,0
TRSM(6;5),1,240,31257314,1476911104,0
TRSM(7;5),1,240,31836089,1476911104,0
SYRK(1;0),1,315,22405719,1039002624,1500064768
GEMM(2;1;0),1,315,329105245,15510257664,86294528
GEMM(3;1;0),1,315,334091991,15829668864,17613
GEMM(4;1;0),1,315,328432290,15166375936,18022
GEMM(5;1;0),1,315,324558993,15338178560,17818
GEMM(6;1;0),1,315,330785482,15709026304,17613
GEMM(7;1;0),1,315,320794165,15251292160,17408
SYRK(5;0),1,315,311460819,14262743040,14950
GEMM(6;5;0),1,315,302816850,14731031552,17613
GEMM(7;5;0),1,315,44408345,2078502912,17613
POTRF(1),1,315,7939320,374744064,0
TRSM(2;1),1,315,24248833,1125292032,0
TRSM(3;1),1,315,24756656,1125307392,0
TRSM(4;1),1,315,24374455,1125305344,0
TRSM(5;1),1,315,24538442,1125349376,0
TRSM(6;1),1,315,24673055,1125319680,0
TRSM(7;1),1,315,24713633,1125302272,0
SYRK(5;1),1,315,22943807,1038819328,0
GEMM(6;5;1),1,315,45274046,2078185472,0
GEMM(7;5;1),1,315,45190798,2078189568,0
SYRK(5;2),1,315,369999501,17317314560,90048586547
GEMM(6;5;2),1,315,362313158,17461421056,17408
GEMM(7;5;2),1,315,367846268,17460277248,17408
SYRK(5;3),1,315,338095343,15773618176,18181636096
GEMM(6;5;3),1,315,335421904,16018408448,17408
GEMM(7;5;3),1,315,261295872,12509275136,18227
SYRK(5;4),1,315,22417133,1039006720,1533927629
GEMM(6;5;4),1,315,337546986,15830987776,86303949
GEMM(7;5;4),1,315,304115660,14781272064,17408
POTRF(5),1,315,8402906,374742016,0
TRSM(6;5),1,315,24207781,1125313536,0
TRSM(7;5),1,315,24723897,1125315584,0
SYRK(1;0),1,315,22474790,1039003648,1500064768
GEMM(2;1;0),1,315,339579922,15977113600,86294528
GEMM(3;1;0),1,315,325193412,15344379904,17613
GEMM(4;1;0),1,315,331695384,15542797312,18022
GEMM(5;1;0),1,315,336301288,15963891712,17818
GEMM(6;1;0),1,315,329314665,15750477824,17613
GEMM(7;1;0),1,315,333429363,15651847168,17408
SYRK(5;0),1,315,337119852,15352553472,14950
GEMM(6;5;0),1,315,318008049,15550054400,17613
GEMM(7;5;0),1,315,44454029,2078498816,17613
POTRF(1),1,315,7997259,374740992,0
TRSM(2;1),1,315,24211669,1125298176,0
TRSM(3;1),1,315,24764608,1125304320,0
TRSM(4;1),1,315,24372146,1125294080,0
TRSM(5;1),1,315,24548118,1125339136,0
TRSM(6;1),1,315,24649874,1125324800,0
TRSM(7;1),1,315,24710419,1125296128,0
SYRK(5;1),1,315,22943500,1038818304,0
GEMM(6;5;1),1,315,45285633,2078172160,0
GEMM(7;5;1),1,315,45193656,2078189568,0
SYRK(5;2),1,315,375584552,17918544896,90048586547
GEMM(6;5;2),1,315,372497932,17772037120,17408
GEMM(7;5;2),1,315,365328296,17623152640,17408
SYRK(5;3),1,315,373756949,17253171200,18181636096
GEMM(6;5;3),1,315,354892074,16888226816,17408
GEMM(7;5;3),1,315,288801306,13819292672,18227
SYRK(5;4),1,315,22380722,1039016960,1533927629
GEMM(6;5;4),1,315,343164834,15877200896,86303949
GEMM(7;5;4),1,315,300443798,14525275136,17408
POTRF(5),1,315,7554457,374737920,0
TRSM(6;5),1,315,24208069,1125296128,0
TRSM(7;5),1,315,24747176,1125327872,0
SYRK(1;0),1,315,22365269,1039008768,1500064768
GEMM(2;1;0),1,315,334430221,15597020160,86294528
GEMM(3;1;0),1,315,332783677,15599896576,17613
GEMM(4;1;0),1,315,308750700,14754834432,18022
GEMM(5;1;0),1,315,325923797,15208016896,17818
GEMM(6;1;0),1,315,329950624,15546935296,17613
GEMM(7;1;0),1,315,330279609,15685222400,17408
SYRK(5;0),1,315,312975055,14545342464,14950
GEMM(6;5;0),1,315,322153633,15487596544,17613
GEMM(7;5;0),1,315,44145108,2078504960,17613
POTRF(1),1,315,7996398,374745088,0
TRSM(2;1),1,315,24206933,1125287936,0
TRSM(3;1),1,315,24752583,1125309440,0
TRSM(4;1),1,315,24355188,1125296128,0
TRSM(5;1),1,315,24592746,1125335040,0
TRSM(6;1),1,315,24709899,1125321728,0
TRSM(7;1),1,315,23433065,1125313536,0
SYRK(5;1),1,315,24237017,1038818304,0
GEMM(6;5;1),1,315,45211837,2078178304,0
GEMM(7;5;1),1,315,45207163,2078199808,0
SYRK(5;2),1,315,381263184,17993017344,90048586547
GEMM(6;5;2),1,315,362719873,17502551040,17408
GEMM(7;5;2),1,315,377025940,17794791424,17408
SYRK(5;3),1,315,367403505,16954681344,18181636096
GEMM(6;5;3),1,315,351454509,16912290816,17408
GEMM(7;5;3),1,315,290641180,13751703552,18227
SYRK(5;4),1,315,22471686,1039013888,1533927629
GEMM(6;5;4),1,315,329070376,15788992512,86303949
GEMM(7;5;4),1,315,300184891,14209092608,17408
POTRF(5),1,315,7859893,374742016,0
TRSM(6;5),1,315,24260409,1125304320,0
TRSM(7;5),1,315,24715238,1125305344,0
SYRK(1;0),1,315,22394968,1039003648,1500064768
GEMM(2;1;0),1,315,336260611,15757000704,86294528
GEMM(3;1;0),1,315,320559349,15231783936,17613
GEMM(4;1;0),1,315,326643247,15385234432,18022
GEMM(5;1;0),1,315,329758107,15656181760,17818
GEMM(6;1;0),1,315,325427278,15394746368,17613
GEMM(7;1;0),1,315,318682002,15094051840,17408
SYRK(5;0),1,315,296316302,14040231936,14950
GEMM(6;5;0),1,315,318639917,14966418432,17613
GEMM(7;5;0),1,315,44359903,2078509056,17613
POTRF(1),1,315,7981713,374748160,0
TRSM(2;1),1,315,24196543,1125291008,0
TRSM(3;1),1,315,24728998,1125304320,0
TRSM(4;1),1,315,24368201,1125311488,0
TRSM(5;1),1,315,24636111,1125344256,0
TRSM(6;1),1,315,24687504,1125338112,0
TRSM(7;1),1,315,24678207,1125302272,0
SYRK(5;1),1,315,22898988,1038821376,0
GEMM(6;5;1),1,315,45245633,2078180352,0
GEMM(7;5;1),1,315,45171461,2078200832,0
SYRK(5;2),1,315,380262512,17628370944,90048586547
GEMM(6;5;2),1,315,369710011,17710219264,17408
GEMM(7;5;2),1,315,387858772,17893006336,17408
SYRK(5;3),1,315,342551672,16058481664,18181636096
GEMM(6;5;3),1,315,355892644,16723719168,17408
GEMM(7;5;3),1,315,276714581,13234384896,18227
SYRK(5;4),1,315,23122865,1039005696,1533927629
GEMM(6;5;4),1,315,338976676,16118686720,86303949
GEMM(7;5;4),1,315,314997131,15020733440,17408
POTRF(5),1,315,7060010,374732800,0
TRSM(6;5),1,315,24196769,1125304320,0
TRSM(7;5),1,315,24711407,1125315584,0
SYRK(1;0),1,315,22382571,1039015936,1500064768
GEMM(2;1;0),1,315,334301187,15814051840,86294528
GEMM(3;1;0),1,315,324820716,15229453312,17613
GEMM(4;1;0),1,315,327079194,15752264704,18022
GEMM(5;1;0),1,315,332848697,15252531200,17818
GEMM(6;1;0),1,315,331988510,15795022848,17613
GEMM(7;1;0),1,315,336579763,16072431616,17408
SYRK(5;0),1,315,313903130,14797575168,14950
GEMM(6;5;0),1,315,315375977,14944879616,17613
GEMM(7;5;0),1,315,44541871,2078509056,17613
POTRF(1),1,315,7988613,374742016,0
TRSM(2;1),1,315,24205815,1125294080,0
TRSM(3;1),1,315,24731863,1125297152,0
TRSM(4;1),1,315,24240640,1125295104,0
TRSM(5;1),1,315,24467686,1125357568,0
TRSM(6;1),1,315,24641164,1125332992,0
TRSM(7;1),1,315,24699393,1125317632,0
SYRK(5;1),1,315,22913038,1038818304,0
GEMM(6;5;1),1,315,45263538,2078180352,0
GEMM(7;5;1),1,315,44778749,2078206976,0
SYRK(5;2),1,315,380550974,17892377600,90048586547
GEMM(6;5;2),1,315,384858531,17882014720,17408
GEMM(7;5;2),1,315,366226107,17975497728,17408
SYRK(5;3),1,315,354659382,16492508160,18181636096
GEMM(6;5;3),1,315,350966147,16642204672,17408
GEMM(7;5;3),1,315,298948757,14366910464,18227
SYRK(5;4),1,315,23193531,1039015936,1533927629
GEMM(6;5;4),1,315,334204037,16051176448,86303949
GEMM(7;5;4),1,315,303374774,14310217728,17408
POTRF(5),1,315,7530123,374738944,0
TRSM(6;5),1,315,24189653,1125323776,0
TRSM(7;5),1,315,24728669,1125314560,0
SYRK(1;0),1,390,17673947,809181184,1211565261
GEMM(2;1;0),1,390,335955236,16318125056,100312064
GEMM(3;1;0),1,390,337200582,15603264512,14746
GEMM(4;1;0),1,390,330863433,15522160640,14541
GEMM(5;1;0),1,390,352679597,16368284672,14541
GEMM(6;1;0),1,390,347125261,16230797312,14336
GEMM(7;1;0),1,390,334739993,16156627968,14746
SYRK(5;0),1,390,316008814,14787842048,12083
GEMM(6;5;0),1,390,331736910,15518409728,14746
GEMM(7;5;0),1,390,34708954,1638175744,14950
POTRF(1),1,390,6326526,292114432,0
TRSM(2;1),1,390,19310019,882816000,0
TRSM(3;1),1,390,19843844,883020800,0
TRSM(4;1),1,390,19487795,882998272,0
TRSM(5;1),1,390,19589977,882792448,0
TRSM(6;1),1,390,19684475,882839552,0
TRSM(7;1),1,390,19732078,882891776,0
SYRK(5;1),1,390,18126832,808498176,0
GEMM(6;5;1),1,390,36525408,1637953536,0
GEMM(7;5;1),1,390,36520250,1638748160,0
SYRK(5;2),1,390,355275595,17431959552,91968178790
GEMM(6;5;2),1,390,363506063,17131132928,14541
GEMM(7;5;2),1,390,368251430,17318339584,14541
SYRK(5;3),1,390,348612093,15864272896,17872823296
GEMM(6;5;3),1,390,338139005,16190871552,13926
GEMM(7;5;3),1,390,290748683,13773747200,14746
SYRK(5;4),1,390,17884444,808672256,1237677670
GEMM(6;5;4),1,390,339545755,16228273152,100397875
GEMM(7;5;4),1,390,319860957,15017240576,14746
POTRF(5),1,390,5929757,292110336,0
TRSM(6;5),1,390,19311725,882713600,0
TRSM(7;5),1,390,19815698,882654208,0
SYRK(1;0),1,390,17654731,808523776,1211565261
GEMM(2;1;0),1,390,334003174,15865837568,100312064
GEMM(3;1;0),1,390,324287987,15184060416,14746
GEMM(4;1;0),1,390,336712868,15695920128,14541
GEMM(5;1;0),1,390,332049110,15298091008,14541
GEMM(6;1;0),1,390,345055884,16343371776,14336
GEMM(7;1;0),1,390,332968107,15729892352,14746
SYRK(5;0),1,390,318945548,14593100800,12083
GEMM(6;5;0),1,390,308402727,14809669632,14746
GEMM(7;5;0),1,390,35063717,1638170624,14950
POTRF(1),1,390,6317106,292064256,0
TRSM(2;1),1,390,19322858,882714624,0
TRSM(3;1),1,390,19851951,882766848,0
TRSM(4;1),1,390,19509683,882845696,0
TRSM(5;1),1,390,19742072,882855936,0
TRSM(6;1),1,390,19810319,882899968,0
TRSM(7;1),1,390,19777370,882978816,0
SYRK(5;1),1,390,18105337,808207360,0
GEMM(6;5;1),1,390,36568353,1638026240,0
GEMM(7;5;1),1,390,36498693,1637481472,0
SYRK(5;2),1,390,387421022,17672803328,91968178790
GEMM(6;5;2),1,390,358260579,17338827776,14541
GEMM(7;5;2),1,390,350702354,16657565696,14541
SYRK(5;3),1,390,352631084,16218710016,17872823296
GEMM(6;5;3),1,390,342369650,16125421568,13926
GEMM(7;5;3),1,390,253516246,12102768640,14746
SYRK(5;4),1,390,17658535,808590336,1237677670
GEMM(6;5;4),1,390,352058063,16258017280,100397875
GEMM(7;5;4),1,390,316774872,15098639360,14746
POTRF(5),1,390,6230046,291959808,0
TRSM(6;5),1,390,19344107,882696192,0
TRSM(7;5),1,390,19808177,882695168,0
SYRK(1;0),1,390,18247866,808510464,1211565261
GEMM(2;1;0),1,390,339029950,15974094848,100312064
GEMM(3;1;0),1,390,325023603,15304705024,14746
GEMM(4;1;0),1,390,331244029,15491377152,14541
GEMM(5;1;0),1,390,343805629,15914919936,14541
GEMM(6;1;0),1,390,341706315,16153317376,14336
GEMM(7;1;0),1,390,333366710,15805024256,14746
SYRK(5;0),1,390,326478166,15119374336,12083
GEMM(6;5;0),1,390,317603022,15033451520,14746
GEMM(7;5;0),1,390,35629280,1637903360,14950
POTRF(1),1,390,6245138,291981312,0
TRSM(2;1),1,390,19412070,882620416,0
TRSM(3;1),1,390,19858595,882854912,0
TRSM(4;1),1,390,19525862,882788352,0
TRSM(5;1),1,390,19636953,882829312,0
TRSM(6;1),1,390,19712618,882740224,0
TRSM(7;1),1,390,19733200,882747392,0
SYRK(5;1),1,390,18104919,808204288,0
GEMM(6;5;1),1,390,36541610,1637834752,0
GEMM(7;5;1),1,390,36517653,1637605376,0
SYRK(5;2),1,390,375089113,17377085440,91968178790
GEMM(6;5;2),1,390,365549681,16889543680,14541
GEMM(7;5;2),1,390,364269304,17479832576,14541
SYRK(5;3),1,390,370217525,16984348672,17872823296
GEMM(6;5;3),1,390,354465223,16910375936,13926
GEMM(7;5;3),1,390,289883642,13640715264,14746
SYRK(5;4),1,390,17658109,808514560,1237677670
GEMM(6;5;4),1,390,349306274,16298209280,100397875
GEMM(7;5;4),1,390,320312808,15113166848,14746
POTRF(5),1,390,5642199,292030464,0
TRSM(6;5),1,390,19346118,882803712,0
TRSM(7;5),1,390,19861656,882883584,0
SYRK(1;0),1,390,18131286,808364032,1211565261
GEMM(2;1;0),1,390,342991174,16328154112,100312064
GEMM(3;1;0),1,390,330712740,15584248832,14746
GEMM(4;1;0),1,390,346172100,16047461376,14541
GEMM(5;1;0),1,390,348676721,16160888832,14541
GEMM(6;1;0),1,390,334938552,15999020032,14336
GEMM(7;1;0),1,390,338148914,15830603776,14746
SYRK(5;0),1,390,327891910,14952955904,12083
GEMM(6;5;0),1,390,307051312,14857611264,14746
GEMM(7;5;0),1,390,35436033,1638639616,14950
POTRF(1),1,390,6316119,291998720,0
TRSM(2;1),1,390,19333303,882865152,0
TRSM(3;1),1,390,19868284,883236864,0
TRSM(4;1),1,390,19433411,883091456,0
TRSM(5;1),1,390,19630174,883055616,0
TRSM(6;1),1,390,19708367,883020800,0
TRSM(7;1),1,390,19771210,883129344,0
SYRK(5;1),1,390,18106352,808159232,0
GEMM(6;5;1),1,390,36547948,1638575104,0
GEMM(7;5;1),1,390,36516478,1638285312,0
SYRK(5;2),1,390,371214907,17630318592,91968178790
GEMM(6;5;2),1,390,368148389,17295133696,14541
GEMM(7;5;2),1,390,359935388,16925339648,14541
SYRK(5;3),1,390,365544952,16881878016,17872823296
GEMM(6;5;3),1,390,350111248,16620048384,13926
GEMM(7;5;3),1,390,294260039,13849619456,14746
SYRK(5;4),1,390,17678400,808441856,1237677670
GEMM(6;5;4),1,390,348500884,16599788544,100397875
GEMM(7;5;4),1,390,317605355,14942980096,14746
POTRF(5),1,390,6162616,292100096,0
TRSM(6;5),1,390,19351139,883215360,0
TRSM(7;5),1,390,19827943,882999296,0
SYRK(1;0),1,390,17667720,808507392,1211565261
GEMM(2;1;0),1,390,346478664,16137538560,100312064
GEMM(3;1;0),1,390,344230776,15824408576,14746
GEMM(4;1;0),1,390,336128969,16049341440,14541
GEMM(5;1;0),1,390,347574287,16071579648,14541
GEMM(6;1;0),1,390,349334688,16537911296,14336
GEMM(7;1;0),1,390,344649889,16122628096,14746
SYRK(5;0),1,390,303935254,14325287936,12083
GEMM(6;5;0),1,390,316486425,14856525824,14746
GEMM(7;5;0),1,390,34969631,1637697536,14950
POTRF(1),1,390,6315876,291984384,0
TRSM(2;1),1,390,19340161,882656256,0
TRSM(3;1),1,390,19850719,882717696,0
TRSM(4;1),1,390,19401946,882725888,0
TRSM(5;1),1,390,19618417,882711552,0
TRSM(6;1),1,390,19656704,882671616,0
TRSM(7;1),1,390,19731525,882838528,0
SYRK(5;1),1,390,18102048,808035328,0
GEMM(6;5;1),1,390,36571646,1637939200,0
GEMM(7;5;1),1,390,36526277,1638126592,0
SYRK(5;2),1,390,357281121,17309872128,91968178790
GEMM(6;5;2),1,390,365291560,17099163648,14541
GEMM(7;5;2),1,390,368194882,17310758912,14541
SYRK(5;3),1,390,348767382,16092298240,17872823296
GEMM(6;5;3),1,390,345423245,15920750592,13926
GEMM(7;5;3),1,390,276314908,13507399680,14746
SYRK(5;4),1,390,17622845,808488960,1237677670
GEMM(6;5;4),1,390,357430101,16405860352,100397875
GEMM(7;5;4),1,390,323482916,15477838848,14746
POTRF(5),1,390,5182804,291955712,0
TRSM(6;5),1,390,19312714,882939904,0
TRSM(7;5),1,390,19843802,882992128,0
SYRK(1;0),1,465,17125825,703982592,1016252211
GEMM(2;1;0),1,465,335808607,15943626752,58379059
GEMM(3;1;0),1,465,338504645,15627447296,13107
GEMM(4;1;0),1,465,327256775,15596764160,13107
GEMM(5;1;0),1,465,340870031,15682561024,12902
GEMM(6;1;0),1,465,333870322,15666212864,13107
GEMM(7;1;0),1,465,334516339,15438788608,12698
SYRK(5;0),1,465,314934552,14678185984,11059
GEMM(6;5;0),1,465,330178081,15562320896,12902
GEMM(7;5;0),1,465,30919726,1408159744,13107
POTRF(1),1,465,5485595,253871104,0
TRSM(2;1),1,465,16947099,762352640,0
TRSM(3;1),1,465,17402445,762358784,0
TRSM(4;1),1,465,16960656,762365952,0
TRSM(5;1),1,465,17135462,762402816,0
TRSM(6;1),1,465,17158389,762373120,0
TRSM(7;1),1,465,17227946,762391552,0
SYRK(5;1),1,465,15957083,703715328,0
GEMM(6;5;1),1,465,31520860,1407804416,0
GEMM(7;5;1),1,465,31273402,1407811584,0
SYRK(5;2),1,465,384966320,17815157760,92024427110
GEMM(6;5;2),1,465,369198086,17341242368,12902
GEMM(7;5;2),1,465,362826014,17237186560,12698
SYRK(5;3),1,465,377894978,17319729152,17282047181
GEMM(6;5;3),1,465,347110353,16406408192,12902
GEMM(7;5;3),1,465,234013312,10987923456,13312
SYRK(5;4),1,465,19531576,703982592,1035234099
GEMM(6;5;4),1,465,335647275,16085522432,58380902
GEMM(7;5;4),1,465,318397134,14895301632,12698
POTRF(5),1,465,6493059,253879296,0
TRSM(6;5),1,465,16854920,762370048,0
TRSM(7;5),1,465,17372477,762375168,0
SYRK(1;0),1,465,15628538,703972352,1016252211
GEMM(2;1;0),1,465,337831153,15935880192,58379059
GEMM(3;1;0),1,465,318850709,14926473216,13107
GEMM(4;1;0),1,465,332900330,15588200448,13107
GEMM(5;1;0),1,465,342785895,15462980608,12902
GEMM(6;1;0),1,465,331724806,15923001344,13107
GEMM(7;1;0),1,465,340597040,15672589312,12698
SYRK(5;0),1,465,328610575,15121587200,11059
GEMM(6;5;0),1,465,307691367,14598551552,12902
GEMM(7;5;0),1,465,30631829,1408158720,13107
POTRF(1),1,465,5560734,253877248,0
TRSM(2;1),1,465,16872611,762356736,0
TRSM(3;1),1,465,17412484,762366976,0
TRSM(4;1),1,465,16941029,762353664,0
TRSM(5;1),1,465,17116569,762404864,0
TRSM(6;1),1,465,17140903,762377216,0
TRSM(7;1),1,465,17205771,762397696,0
SYRK(5;1),1,465,15969780,703716352,0
GEMM(6;5;1),1,465,31514405,1407804416,0
GEMM(7;5;1),1,465,31489986,1407815680,0
SYRK(5;2),1,465,390204723,17987790848,92024427110
GEMM(6;5;2),1,465,385545896,17983590400,12902
GEMM(7;5;2),1,465,373095341,17676617728,12698
SYRK(5;3),1,465,359899654,16414839808,17282047181
GEMM(6;5;3),1,465,355835219,16770011136,12902
GEMM(7;5;3),1,465,256953531,12083053568,13312
SYRK(5;4),1,465,18157627,703990784,1035234099
GEMM(6;5;4),1,465,335002412,15931130880,58380902
GEMM(7;5;4),1,465,317771021,14751050752,12698
POTRF(5),1,465,5356505,253870080,0
TRSM(6;5),1,465,16862715,762364928,0
TRSM(7;5),1,465,17378063,762360832,0
SYRK(1;0),1,465,16274961,703987712,1016252211
GEMM(2;1;0),1,465,341670759,15787530240,58379059
GEMM(3;1;0),1,465,328549851,15303898112,13107
GEMM(4;1;0),1,465,326354348,15264879616,13107
GEMM(5;1;0),1,465,330208904,15259077632,12902
GEMM(6;1;0),1,465,328695450,15034222592,13107
GEMM(7;1;0),1,465,327365305,15770550272,12698
SYRK(5;0),1,465,313606616,14525528064,11059
GEMM(6;5;0),1,465,322584410,15074484224,12902
GEMM(7;5;0),1,465,30877114,1408163840,13107
POTRF(1),1,465,5549561,253874176,0
TRSM(2;1),1,465,16893057,762353664,0
TRSM(3;1),1,465,17394396,762352640,0
TRSM(4;1),1,465,16903079,762355712,0
TRSM(5;1),1,465,17116354,762402816,0
TRSM(6;1),1,465,17151549,762375168,0
TRSM(7;1),1,465,17227111,762402816,0
SYRK(5;1),1,465,16000923,703716352,0
GEMM(6;5;1),1,465,31560055,1407801344,0
GEMM(7;5;1),1,465,31586702,1407826944,0
SYRK(5;2),1,465,393854471,18058974208,92024427110
GEMM(6;5;2),1,465,363153037,16826217472,12902
GEMM(7;5;2),1,465,373376299,17782378496,12698
SYRK(5;3),1,465,374921538,17213802496,17282047181
GEMM(6;5;3),1,465,365879604,16798514176,12902
GEMM(7;5;3),1,465,298366543,14449101824,13312
SYRK(5;4),1,465,15451866,703978496,1035234099
GEMM(6;5;4),1,465,339219343,15992075264,58380902
GEMM(7;5;4),1,465,308634893,14404512768,12698
POTRF(5),1,465,4920877,253876224,0
TRSM(6;5),1,465,16862152,762368000,0
TRSM(7;5),1,465,17372215,762366976,0
SYRK(1;0),1,465,15530153,703968256,1016252211
GEMM(2;1;0),1,465,334145867,16089604096,58379059
GEMM(3;1;0),1,465,349254924,15928204288,13107
GEMM(4;1;0),1,465,344470885,16110179328,13107
GEMM(5;1;0),1,465,341950986,15524859904,12902
GEMM(6;1;0),1,465,331822239,15891655680,13107
GEMM(7;1;0),1,465,331958751,15584188416,12698
SYRK(5;0),1,465,318067663,14442291200,11059
GEMM(6;5;0),1,465,311975270,14989136896,12902
GEMM(7;5;0),1,465,30940521,1408157696,13107
POTRF(1),1,465,5537482,253881344,0
TRSM(2;1),1,465,16881945,762359808,0
TRSM(3;1),1,465,17395602,762362880,0
TRSM(4;1),1,465,16906393,762353664,0
TRSM(5;1),1,465,17096911,762414080,0
TRSM(6;1),1,465,17147128,762395648,0
TRSM(7;1),1,465,17191123,762389504,0
SYRK(5;1),1,465,15961233,703716352,0
GEMM(6;5;1),1,465,31504427,1407801344,0
GEMM(7;5;1),1,465,31500924,1407807488,0
SYRK(5;2),1,465,374001955,17867204608,92024427110
GEMM(6;5;2),1,465,382432412,18013420544,12902
GEMM(7;5;2),1,465,380832196,17735027712,12698
SYRK(5;3),1,465,374635333,17258909696,17282047181
GEMM(6;5;3),1,465,355599179,16465832960,12902
GEMM(7;5;3),1,465,299567114,14361841664,13312
SYRK(5;4),1,465,16893792,703981568,1035234099
GEMM(6;5;4),1,465,338056493,16044162048,58380902
GEMM(7;5;4),1,465,319952615,14971167744,12698
POTRF(5),1,465,6063572,253870080,0
TRSM(6;5),1,465,16865115,762357760,0
TRSM(7;5),1,465,17380539,762363904,0
SYRK(1;0),1,465,15528690,703979520,1016252211
GEMM(2;1;0),1,465,335490121,15928685568,58379059
GEMM(3;1;0),1,465,331119557,15399910400,13107
GEMM(4;1;0),1,465,329791112,15370985472,13107
GEMM(5;1;0),1,465,341956353,15911702528,12902
GEMM(6;1;0),1,465,330427681,15308239872,13107
GEMM(7;1;0),1,465,336053807,15530781696,12698
SYRK(5;0),1,465,315963845,14879776768,11059
GEMM(6;5;0),1,465,323683614,15033031680,12902
GEMM(7;5;0),1,465,30017723,1408157696,13107
POTRF(1),1,465,5567164,253877248,0
TRSM(2;1),1,465,16863595,762352640,0
TRSM(3;1),1,465,17406252,762360832,0
TRSM(4;1),1,465,16953861,762353664,0
TRSM(5;1),1,465,17115774,762397696,0
TRSM(6;1),1,465,17135126,762373120,0
TRSM(7;1),1,465,17227148,762402816,0
SYRK(5;1),1,465,16003849,703716352,0
GEMM(6;5;1),1,465,31579092,1407805440,0
GEMM(7;5;1),1,465,31545978,1407805440,0
SYRK(5;2),1,465,374964309,17581408256,92024427110
GEMM(6;5;2),1,465,385866253,17779364864,12902
GEMM(7;5;2),1,465,377887382,17946700800,12698
SYRK(5;3),1,465,350943235,16103739392,17282047181
GEMM(6;5;3),1,465,343753862,16204744704,12902
GEMM(7;5;3),1,465,272036486,12620668928,13312
SYRK(5;4),1,465,15603897,703971328,1035234099
GEMM(6;5;4),1,465,345627450,16182888448,58380902
GEMM(7;5;4),1,465,332947694,15518900224,12698
POTRF(5),1,465,5783464,253876224,0
TRSM(6;5),1,465,16890108,762359808,0
TRSM(7;5),1,465,17371971,762373120,0
SYRK(1;0),1,540,13572828,606683136,875121254
GEMM(2;1;0),1,540,331181300,15394964480,49778483
GEMM(3;1;0),1,540,340772713,15598464000,11469
GEMM(4;1;0),1,540,326408747,15201220608,11674
GEMM(5;1;0),1,540,323655558,14948780032,11674
GEMM(6;1;0),1,540,319445211,14829757440,11674
GEMM(7;1;0),1,540,322047597,15099530240,11674
SYRK(5;0),1,540,314928185,14424790016,9626
GEMM(6;5;0),1,540,319967303,14936248320,11674
GEMM(7;5;0),1,540,27231993,1212657664,11674
POTRF(1),1,540,4851107,218626048,0
TRSM(2;1),1,540,14711789,656489472,0
TRSM(3;1),1,540,15258856,656496640,0
TRSM(4;1),1,540,14869815,656492544,0
TRSM(5;1),1,540,14979745,656531456,0
TRSM(6;1),1,540,14975305,656528384,0
TRSM(7;1),1,540,15055889,656502784,0
SYRK(5;1),1,540,13932233,605977600,0
GEMM(6;5;1),1,540,27536984,1212281856,0
GEMM(7;5;1),1,540,27507297,1212295168,0
SYRK(5;2),1,540,382546217,17572114432,91971771187
GEMM(6;5;2),1,540,391412510,17987553280,11674
GEMM(7;5;2),1,540,368667361,17553694720,11674
SYRK(5;3),1,540,392364905,17819592704,17164115968
GEMM(6;5;3),1,540,358951365,16874509312,11264
GEMM(7;5;3),1,540,304936285,14172761088,11469
SYRK(5;4),1,540,14050797,606686208,889545114
GEMM(6;5;4),1,540,346515140,15927301120,49759232
GEMM(7;5;4),1,540,310858833,14711830528,11674
POTRF(5),1,540,4777959,218620928,0
TRSM(6;5),1,540,14723291,656496640,0
TRSM(7;5),1,540,15226021,656504832,0
SYRK(1;0),1,540,16264925,606759936,875121254
GEMM(2;1;0),1,540,334197887,15751829504,49778483
GEMM(3;1;0),1,540,347071194,15834193920,11469
GEMM(4;1;0),1,540,339018694,15802340352,11674
GEMM(5;1;0),1,540,339386665,15529381888,11674
GEMM(6;1;0),1,540,327891161,15431207936,11674
GEMM(7;1;0),1,540,337109146,15549896704,11674
SYRK(5;0),1,540,315100315,14260140032,9626
GEMM(6;5;0),1,540,331188632,15718624256,11674
GEMM(7;5;0),1,540,26802718,1212640256,11674
POTRF(1),1,540,4853178,218627072,0
TRSM(2;1),1,540,14715305,656488448,0
TRSM(3;1),1,540,15255556,656497664,0
TRSM(4;1),1,540,14849472,656492544,0
TRSM(5;1),1,540,14868097,656529408,0
TRSM(6;1),1,540,13821841,656517120,0
TRSM(7;1),1,540,16220439,656496640,0
SYRK(5;1),1,540,13899270,605977600,0
GEMM(6;5;1),1,540,27505150,1212280832,0
GEMM(7;5;1),1,540,27510416,1212304384,0
SYRK(5;2),1,540,404737043,17969288192,91971771187
GEMM(6;5;2),1,540,365249458,17920230400,11674
GEMM(7;5;2),1,540,380511777,17625986048,11674
SYRK(5;3),1,540,357646324,16368519168,17164115968
GEMM(6;5;3),1,540,343923555,16158135296,11264
GEMM(7;5;3),1,540,285306998,13158998016,11469
SYRK(5;4),1,540,13876563,606802944,889545114
GEMM(6;5;4),1,540,345359225,16051307520,49759232
GEMM(7;5;4),1,540,326258117,15073589248,11674
POTRF(5),1,540,4767051,218625024,0
TRSM(6;5),1,540,14714415,656494592,0
TRSM(7;5),1,540,15216702,656516096,0
SYRK(1;0),1,540,14822918,606753792,875121254
GEMM(2;1;0),1,540,336883622,15965507584,49778483
GEMM(3;1;0),1,540,343101798,15938121728,11469
GEMM(4;1;0),1,540,345139421,15626960896,11674
GEMM(5;1;0),1,540,345292276,16021582848,11674
GEMM(6;1;0),1,540,332765549,15231797248,11674
GEMM(7;1;0),1,540,338029415,16073138176,11674
SYRK(5;0),1,540,307630452,14107927552,9626
GEMM(6;5;0),1,540,340556157,15798356992,11674
GEMM(7;5;0),1,540,26162622,1212643328,11674
POTRF(1),1,540,4843908,218626048,0
TRSM(2;1),1,540,14739378,656491520,0
TRSM(3;1),1,540,15243965,656499712,0
TRSM(4;1),1,540,14865305,656497664,0
TRSM(5;1),1,540,14987292,656521216,0
TRSM(6;1),1,540,14978925,656516096,0
TRSM(7;1),1,540,15015552,656492544,0
SYRK(5;1),1,540,13913748,605978624,0
GEMM(6;5;1),1,540,27512950,1212285952,0
GEMM(7;5;1),1,540,27497034,1212282880,0
SYRK(5;2),1,540,384640819,17718341632,91971771187
GEMM(6;5;2),1,540,379078079,17666664448,11674
GEMM(7;5;2),1,540,385269263,17841573888,11674
SYRK(5;3),1,540,364381605,16562694144,17164115968
GEMM(6;5;3),1,540,341340722,16019311616,11264
GEMM(7;5;3),1,540,283726921,13250813952,11469
SYRK(5;4),1,540,16000095,606748672,889545114
GEMM(6;5;4),1,540,339028137,15987256320,49759232
GEMM(7;5;4),1,540,330228016,15286193152,11674
POTRF(5),1,540,4258171,218625024,0
TRSM(6;5),1,540,14758795,656501760,0
TRSM(7;5),1,540,15239358,656499712,0
SYRK(1;0),1,540,15777246,606676992,875121254
GEMM(2;1;0),1,540,341579609,15856575488,49778483
GEMM(3;1;0),1,540,324284252,15202415616,11469
GEMM(4;1;0),1,540,324577263,14957359104,11674
GEMM(5;1;0),1,540,355534872,16142032896,11674
GEMM(6;1;0),1,540,337804326,15602259968,11674
GEMM(7;1;0),1,540,333328095,15888318464,11674
SYRK(5;0),1,540,324072067,14568352768,9626
GEMM(6;5;0),1,540,322961957,15354500096,11674
GEMM(7;5;0),1,540,27390877,1212641280,11674
POTRF(1),1,540,4855456,218625024,0
TRSM(2;1),1,540,14731494,656493568,0
TRSM(3;1),1,540,15250057,656494592,0
TRSM(4;1),1,540,14433038,656494592,0
TRSM(5;1),1,540,13752983,656547840,0
TRSM(6;1),1,540,16420254,656517120,0
TRSM(7;1),1,540,14999111,656496640,0
SYRK(5;1),1,540,13901270,605979648,0
GEMM(6;5;1),1,540,27504529,1212276736,0
GEMM(7;5;1),1,540,27468876,1212279808,0
SYRK(5;2),1,540,399618389,18000061440,91971771187
GEMM(6;5;2),1,540,380807802,17803522048,11674
GEMM(7;5;2),1,540,383442483,18031824896,11674
SYRK(5;3),1,540,374427483,17140335616,17164115968
GEMM(6;5;3),1,540,352373793,16487715840,11264
GEMM(7;5;3),1,540,316399988,14756975616,11469
SYRK(5;4),1,540,13559300,606711808,889545114
GEMM(6;5;4),1,540,349314982,16081192960,49759232
GEMM(7;5;4),1,540,319329945,15053028352,11674
POTRF(5),1,540,4825742,218619904,0
TRSM(6;5),1,540,14738733,656493568,0
TRSM(7;5),1,540,15227894,656496640,0
SYRK(1;0),1,540,15314317,606711808,875121254
GEMM(2;1;0),1,540,341994794,15990755328,49778483
GEMM(3;1;0),1,540,348218507,15510542336,11469
GEMM(4;1;0),1,540,330724625,15821479936,11674
GEMM(5;1;0),1,540,350155967,15991674880,11674
GEMM(6;1;0),1,540,338812850,15866427392,11674
GEMM(7;1;0),1,540,328894088,15296608256,11674
SYRK(5;0),1,540,319833958,14845730816,9626
GEMM(6;5;0),1,540,319977207,14852510720,11674
GEMM(7;5;0),1,540,26595055,1212644352,11674
POTRF(1),1,540,4853451,218625024,0
TRSM(2;1),1,540,14737329,656493568,0
TRSM(3;1),1,540,15246616,656489472,0
TRSM(4;1),1,540,14679360,656495616,0
TRSM(5;1),1,540,14920856,656547840,0
TRSM(6;1),1,540,15075756,656508928,0
TRSM(7;1),1,540,15012065,656495616,0
SYRK(5;1),1,540,13926899,605977600,0
GEMM(6;5;1),1,540,27514397,1212283904,0
GEMM(7;5;1),1,540,27487190,1212286976,0
SYRK(5;2),1,540,400731024,18123341824,91971771187
GEMM(6;5;2),1,540,381120782,17915495424,11674
GEMM(7;5;2),1,540,361965849,16911368192,11674
SYRK(5;3),1,540,378202431,17213973504,17164115968
GEMM(6;5;3),1,540,349584958,16354429952,11264
GEMM(7;5;3),1,540,259748950,12153052160,11469
SYRK(5;4),1,540,16053940,606732288,889545114
GEMM(6;5;4),1,540,342168065,15890786304,49759232
GEMM(7;5;4),1,540,312592786,14636010496,11674
POTRF(5),1,540,3844467,218624000,0
TRSM(6;5),1,540,14721628,656494592,0
TRSM(7;5),1,540,15228393,656498688,0
SYRK(1;0),1,615,27463853,817990656,768468173
GEMM(2;1;0),1,615,327320194,15460951040,10445
GEMM(3;1;0),1,615,339036849,15559845888,10445
GEMM(4;1;0),1,615,338985390,15507388416,11059
GEMM(5;1;0),1,615,328610488,15221380096,11059
GEMM(6;1;0),1,615,340432262,15357928448,10650
GEMM(7;1;0),1,615,343155191,15977968640,10650
SYRK(5;0),1,615,335934063,15123811328,8806
GEMM(6;5;0),1,615,303089967,14351650816,10445
GEMM(7;5;0),1,615,23896299,1064823808,10650
POTRF(1),1,615,4311677,191970304,0
TRSM(2;1),1,615,13106203,576447488,0
TRSM(3;1),1,615,13588588,576460800,0
TRSM(4;1),1,615,13219212,576456704,0
TRSM(5;1),1,615,13277462,576499712,0
TRSM(6;1),1,615,13303013,576456704,0
TRSM(7;1),1,615,13365033,576491520,0
SYRK(5;1),1,615,11991743,532078592,0
GEMM(6;5;1),1,615,24550002,1064443904,0
GEMM(7;5;1),1,615,24682897,1064459264,0
SYRK(5;2),1,615,375198413,17332033536,92040457421
GEMM(6;5;2),1,615,380225927,17198101504,10240
GEMM(7;5;2),1,615,366610717,17183938560,10445
SYRK(5;3),1,615,385860343,16598910976,17133058253
GEMM(6;5;3),1,615,351505501,17026912256,10240
GEMM(7;5;3),1,615,247625482,11632198656,10650
SYRK(5;4),1,615,19739604,648838144,797712998
GEMM(6;5;4),1,615,349411342,16127738880,10854
GEMM(7;5;4),1,615,305249420,14195627008,10650
POTRF(5),1,615,3887215,191965184,0
TRSM(6;5),1,615,13121258,576455680,0
TRSM(7;5),1,615,13534135,576462848,0
SYRK(1;0),1,615,16776567,649571328,768468173
GEMM(2;1;0),1,615,340685148,15654445056,10445
GEMM(3;1;0),1,615,330275814,15035778048,10445
GEMM(4;1;0),1,615,333928626,15433881600,11059
GEMM(5;1;0),1,615,324955996,15125221376,11059
GEMM(6;1;0),1,615,349705935,15859920896,10650
GEMM(7;1;0),1,615,322270633,14941665280,10650
SYRK(5;0),1,615,311047084,14115411968,8806
GEMM(6;5;0),1,615,314458258,14659874816,10445
GEMM(7;5;0),1,615,23747192,1064834048,10650
POTRF(1),1,615,4310159,191973376,0
TRSM(2;1),1,615,13140336,576452608,0
TRSM(3;1),1,615,13568582,576454656,0
TRSM(4;1),1,615,13250413,576455680,0
TRSM(5;1),1,615,13305385,576488448,0
TRSM(6;1),1,615,13313061,576454656,0
TRSM(7;1),1,615,13341503,576479232,0
SYRK(5;1),1,615,12393145,532077568,0
GEMM(6;5;1),1,615,24436252,1064449024,0
GEMM(7;5;1),1,615,24479397,1064452096,0
SYRK(5;2),1,615,385879107,17469950976,92040457421
GEMM(6;5;2),1,615,372431731,17463666688,10240
GEMM(7;5;2),1,615,375686378,17360795648,10445
SYRK(5;3),1,615,372680459,16805312512,17133058253
GEMM(6;5;3),1,615,359471766,16638137344,10240
GEMM(7;5;3),1,615,209342828,9915857920,10650
SYRK(5;4),1,615,18984895,648628224,797712998
GEMM(6;5;4),1,615,345673384,16033654784,10854
GEMM(7;5;4),1,615,311026287,14335924224,10650
POTRF(5),1,615,4284041,191967232,0
TRSM(6;5),1,615,13129547,576459776,0
TRSM(7;5),1,615,13546988,576462848,0
SYRK(1;0),1,615,16260173,650593280,768468173
GEMM(2;1;0),1,615,340316297,15639600128,10445
GEMM(3;1;0),1,615,340116431,15575611392,10445
GEMM(4;1;0),1,615,339681460,15647988736,11059
GEMM(5;1;0),1,615,343421357,15732316160,11059
GEMM(6;1;0),1,615,333430538,15255621632,10650
GEMM(7;1;0),1,615,330698739,15278036992,10650
SYRK(5;0),1,615,312882229,14334991360,8806
GEMM(6;5;0),1,615,336688198,15590798336,10445
GEMM(7;5;0),1,615,24013390,1064819712,10650
POTRF(1),1,615,4304929,191970304,0
TRSM(2;1),1,615,13135430,576453632,0
TRSM(3;1),1,615,13580987,576457728,0
TRSM(4;1),1,615,13251400,576452608,0
TRSM(5;1),1,615,13328476,576488448,0
TRSM(6;1),1,615,13326542,576456704,0
TRSM(7;1),1,615,13332329,576498688,0
SYRK(5;1),1,615,12386567,532077568,0
GEMM(6;5;1),1,615,24443293,1064438784,0
GEMM(7;5;1),1,615,24462231,1064451072,0
SYRK(5;2),1,615,382625489,17486176256,92040457421
GEMM(6;5;2),1,615,378684263,17328703488,10240
GEMM(7;5;2),1,615,360428341,16736258048,10445
SYRK(5;3),1,615,360033283,16213804032,17133058253
GEMM(6;5;3),1,615,366022977,16387075072,10240
GEMM(7;5;3),1,615,229190108,11285585920,10650
SYRK(5;4),1,615,21828058,649071616,797712998
GEMM(6;5;4),1,615,348205507,16085070848,10854
GEMM(7;5;4),1,615,323521547,15130140672,10650
POTRF(5),1,615,4413824,191971328,0
TRSM(6;5),1,615,13123528,576457728,0
TRSM(7;5),1,615,13532964,576460800,0
SYRK(1;0),1,615,21262797,633666560,768468173
GEMM(2;1;0),1,615,340587591,15811543040,10445
GEMM(3;1;0),1,615,331213855,15371948032,10445
GEMM(4;1;0),1,615,337563733,15508703232,11059
GEMM(5;1;0),1,615,337861708,15407933440,11059
GEMM(6;1;0),1,615,337072006,15681655808,10650
GEMM(7;1;0),1,615,326475935,14955967488,10650
SYRK(5;0),1,615,329100351,14965025792,8806
GEMM(6;5;0),1,615,336413707,15555533824,10445
GEMM(7;5;0),1,615,22787615,1064830976,10650
POTRF(1),1,615,4304745,191970304,0
TRSM(2;1),1,615,13128349,576455680,0
TRSM(3;1),1,615,13586074,576462848,0
TRSM(4;1),1,615,13218300,576454656,0
TRSM(5;1),1,615,13282143,576498688,0
TRSM(6;1),1,615,13322104,576453632,0
TRSM(7;1),1,615,13338837,576487424,0
SYRK(5;1),1,615,12359088,532078592,0
GEMM(6;5;1),1,615,24436416,1064438784,0
GEMM(7;5;1),1,615,24456411,1064451072,0
SYRK(5;2),1,615,371680763,17224297472,92040457421
GEMM(6;5;2),1,615,368093451,17039342592,10240
GEMM(7;5;2),1,615,364481184,16793530368,10445
SYRK(5;3),1,615,359525137,16121303040,17133058253
GEMM(6;5;3),1,615,356612473,16510141440,10240
GEMM(7;5;3),1,615,236895107,11125827584,10650
SYRK(5;4),1,615,18386734,654383104,797712998
GEMM(6;5;4),1,615,350755955,15977192448,10854
GEMM(7;5;4),1,615,321702255,15109481472,10650
POTRF(5),1,615,4369131,191970304,0
TRSM(6;5),1,615,13102607,576452608,0
TRSM(7;5),1,615,13562765,576464896,0
SYRK(1;0),1,615,19980794,653297664,768468173
GEMM(2;1;0),1,615,337392359,15707943936,10445
GEMM(3;1;0),1,615,339299990,15685366784,10445
GEMM(4;1;0),1,615,347390945,15819346944,11059
GEMM(5;1;0),1,615,342051344,15710683136,11059
GEMM(6;1;0),1,615,323566798,14888617984,10650
GEMM(7;1;0),1,615,330286088,15323147264,10650
SYRK(5;0),1,615,316019489,14267614208,8806
GEMM(6;5;0),1,615,327464898,15261172736,10445
GEMM(7;5;0),1,615,23704596,1064839168,10650
POTRF(1),1,615,4310834,191971328,0
TRSM(2;1),1,615,13088553,576450560,0
TRSM(3;1),1,615,13597197,576459776,0
TRSM(4;1),1,615,13206358,576446464,0
TRSM(5;1),1,615,13276441,576495616,0
TRSM(6;1),1,615,13301239,576459776,0
TRSM(7;1),1,615,13318211,576481280,0
SYRK(5;1),1,615,12358668,532078592,0
GEMM(6;5;1),1,615,24437329,1064454144,0
GEMM(7;5;1),1,615,24456940,1064462336,0
SYRK(5;2),1,615,382551908,17350957056,92040457421
GEMM(6;5;2),1,615,366143499,17255904256,10240
GEMM(7;5;2),1,615,375614881,17452210176,10445
SYRK(5;3),1,615,375537579,17044579328,17133058253
GEMM(6;5;3),1,615,369067023,17038424064,10240
GEMM(7;5;3),1,615,250042235,11734302720,10650
SYRK(5;4),1,615,20178291,651827200,797712998
GEMM(6;5;4),1,615,348521232,16063266816,10854
GEMM(7;5;4),1,615,329980730,15396240384,10650
POTRF(5),1,615,4466498,191975424,0
TRSM(6;5),1,615,13111111,576460800,0
TRSM(7;5),1,615,13543707,576461824,0
SYRK(1;0),1,690,44632316,1823315968,684940902
GEMM(2;1;0),1,690,331595073,15136896000,9830
GEMM(3;1;0),1,690,331777485,15183964160,10035
GEMM(4;1;0),1,690,333524015,15387312128,9626
GEMM(5;1;0),1,690,341412136,15543002112,9830
GEMM(6;1;0),1,690,343457853,15719250944,9626
GEMM(7;1;0),1,690,342710974,15524983808,9830
SYRK(5;0),1,690,333721799,15103312896,8397
GEMM(6;5;0),1,690,297170532,13804484608,9421
GEMM(7;5;0),1,690,21500526,949153792,9830
POTRF(1),1,690,3880863,171111424,0
TRSM(2;1),1,690,11838663,513815552,0
TRSM(3;1),1,690,12292829,513819648,0
TRSM(4;1),1,690,12123142,513818624,0
TRSM(5;1),1,690,12136983,513846272,0
TRSM(6;1),1,690,12145416,513829888,0
TRSM(7;1),1,690,12129735,513833984,0
SYRK(5;1),1,690,11238555,474244096,0
GEMM(6;5;1),1,690,22076824,948751360,0
GEMM(7;5;1),1,690,22069474,948755456,0
SYRK(5;2),1,690,381855045,17202230272,91956737638
GEMM(6;5;2),1,690,377857241,17521051648,9626
GEMM(7;5;2),1,690,385052925,17633588224,10035
SYRK(5;3),1,690,361130500,15877168128,17037140992
GEMM(6;5;3),1,690,353543416,16450358272,9830
GEMM(7;5;3),1,690,305696858,14340679680,10035
SYRK(5;4),1,690,60505356,1919027200,813433446
GEMM(6;5;4),1,690,324064166,15534989312,9830
GEMM(7;5;4),1,690,302963701,13926625280,10035
POTRF(5),1,690,3904572,171106304,0
TRSM(6;5),1,690,11848558,513820672,0
TRSM(7;5),1,690,12267011,513818624,0
SYRK(1;0),1,690,49891591,1943684096,684940902
GEMM(2;1;0),1,690,332519772,15307149312,9830
GEMM(3;1;0),1,690,336392499,15511030784,10035
GEMM(4;1;0),1,690,337599763,15388728320,9626
GEMM(5;1;0),1,690,340741514,15448644608,9830
GEMM(6;1;0),1,690,339129956,15413033984,9626
GEMM(7;1;0),1,690,333526648,15433292800,9830
SYRK(5;0),1,690,342576416,15331653632,8397
GEMM(6;5;0),1,690,297324523,13874714624,9421
GEMM(7;5;0),1,690,21474869,949145600,9830
POTRF(1),1,690,3843104,171108352,0
TRSM(2;1),1,690,11900169,513810432,0
TRSM(3;1),1,690,12257761,513821696,0
TRSM(4;1),1,690,12102771,513818624,0
TRSM(5;1),1,690,12134276,513843200,0
TRSM(6;1),1,690,12085258,513836032,0
TRSM(7;1),1,690,12150690,513836032,0
SYRK(5;1),1,690,11247908,474245120,0
GEMM(6;5;1),1,690,22066321,948743168,0
GEMM(7;5;1),1,690,22035579,948745216,0
SYRK(5;2),1,690,396290719,17849106432,91956737638
GEMM(6;5;2),1,690,360185060,16661983232,9626
GEMM(7;5;2),1,690,367423476,16949766144,10035
SYRK(5;3),1,690,357731348,15794123776,17037140992
GEMM(6;5;3),1,690,361366182,16647691264,9830
GEMM(7;5;3),1,690,261975162,12361975808,10035
SYRK(5;4),1,690,48269107,1933607936,813433446
GEMM(6;5;4),1,690,346091952,15949002752,9830
GEMM(7;5;4),1,690,301470041,13860547584,10035
POTRF(5),1,690,3868354,171118592,0
TRSM(6;5),1,690,11833032,513821696,0
TRSM(7;5),1,690,12246889,513828864,0
SYRK(1;0),1,690,48595216,1897606144,684940902
GEMM(2;1;0),1,690,337665806,15540279296,9830
GEMM(3;1;0),1,690,340215237,15480425472,10035
GEMM(4;1;0),1,690,336607459,15625407488,9626
GEMM(5;1;0),1,690,349981626,15800806400,9830
GEMM(6;1;0),1,690,339063400,15413613568,9626
GEMM(7;1;0),1,690,341999000,15873074176,9830
SYRK(5;0),1,690,342026171,15116601344,8397
GEMM(6;5;0),1,690,303099185,14295215104,9421
GEMM(7;5;0),1,690,21487956,949154816,9830
POTRF(1),1,690,3880651,171122688,0
TRSM(2;1),1,690,11831723,513812480,0
TRSM(3;1),1,690,12273653,513820672,0
TRSM(4;1),1,690,12075626,513817600,0
TRSM(5;1),1,690,12085285,513859584,0
TRSM(6;1),1,690,12058544,513832960,0
TRSM(7;1),1,690,12067909,513843200,0
SYRK(5;1),1,690,11175127,474244096,0
GEMM(6;5;1),1,690,22036804,948746240,0
GEMM(7;5;1),1,690,22008523,948755456,0
SYRK(5;2),1,690,379799279,17328635904,91956737638
GEMM(6;5;2),1,690,361092498,16777707520,9626
GEMM(7;5;2),1,690,351690950,16077934592,10035
SYRK(5;3),1,690,369930562,16440853504,17037140992
GEMM(6;5;3),1,690,360483006,16135852032,9830
GEMM(7;5;3),1,690,300765297,14561452032,10035
SYRK(5;4),1,690,52201587,1949921280,813433446
GEMM(6;5;4),1,690,335350209,15470655488,9830
GEMM(7;5;4),1,690,286463183,13308551168,10035
POTRF(5),1,690,3897380,171109376,0
TRSM(6;5),1,690,11852842,513816576,0
TRSM(7;5),1,690,12231153,513823744,0
SYRK(1;0),1,690,50654463,1947518976,684940902
GEMM(2;1;0),1,690,334932466,15456352256,9830
GEMM(3;1;0),1,690,343779800,15639925760,10035
GEMM(4;1;0),1,690,328928813,15256338432,9626
GEMM(5;1;0),1,690,343285130,15497621504,9830
GEMM(6;1;0),1,690,335101838,15306354688,9626
GEMM(7;1;0),1,690,335201852,15308741632,9830
SYRK(5;0),1,690,328872144,14837811200,8397
GEMM(6;5;0),1,690,291297967,13557033984,9421
GEMM(7;5;0),1,690,21489412,949144576,9830
POTRF(1),1,690,3878948,171114496,0
TRSM(2;1),1,690,11852333,513806336,0
TRSM(3;1),1,690,12271868,513816576,0
TRSM(4;1),1,690,12062449,513816576,0
TRSM(5;1),1,690,12114064,513848320,0
TRSM(6;1),1,690,12093396,513850368,0
TRSM(7;1),1,690,12070750,513841152,0
SYRK(5;1),1,690,10404255,474243072,0
GEMM(6;5;1),1,690,22764405,948748288,0
GEMM(7;5;1),1,690,21985827,948745216,0
SYRK(5;2),1,690,365315161,16844851200,91956737638
GEMM(6;5;2),1,690,371268997,17028717568,9626
GEMM(7;5;2),1,690,371653875,16975464448,10035
SYRK(5;3),1,690,359427937,15974047744,17037140992
GEMM(6;5;3),1,690,367165336,17077583872,9830
GEMM(7;5;3),1,690,288568662,13400183808,10035
SYRK(5;4),1,690,47167536,1982129152,813433446
GEMM(6;5;4),1,690,346821649,15562873856,9830
GEMM(7;5;4),1,690,284609565,13411575808,10035
POTRF(5),1,690,3876205,171107328,0
TRSM(6;5),1,690,11836240,513819648,0
TRSM(7;5),1,690,12267516,513823744,0
SYRK(1;0),1,690,53138816,2026595328,684940902
GEMM(2;1;0),1,690,342721663,15800925184,9830
GEMM(3;1;0),1,690,339185873,15735748608,10035
GEMM(4;1;0),1,690,345144491,15714759680,9626
GEMM(5;1;0),1,690,345782739,15583647744,9830
GEMM(6;1;0),1,690,341492380,15628974080,9626
GEMM(7;1;0),1,690,330926214,15278213120,9830
SYRK(5;0),1,690,331149728,14733182976,8397
GEMM(6;5;0),1,690,291599136,13654803456,9421
GEMM(7;5;0),1,690,21478764,949194752,9830
POTRF(1),1,690,3898185,171109376,0
TRSM(2;1),1,690,11856583,513810432,0
TRSM(3;1),1,690,12275467,513820672,0
TRSM(4;1),1,690,12076683,513815552,0
TRSM(5;1),1,690,12106142,513850368,0
TRSM(6;1),1,690,12084975,513833984,0
TRSM(7;1),1,690,12115524,513845248,0
SYRK(5;1),1,690,11229814,474243072,0
GEMM(6;5;1),1,690,22074286,948754432,0
GEMM(7;5;1),1,690,22003689,948749312,0
SYRK(5;2),1,690,363556704,16744214528,91956737638
GEMM(6;5;2),1,690,378478953,16996450304,9626
GEMM(7;5;2),1,690,353532776,16583411712,10035
SYRK(5;3),1,690,368520663,15987106816,17037140992
GEMM(6;5;3),1,690,341658596,15952318464,9830
GEMM(7;5;3),1,690,305418434,14379418624,10035
SYRK(5;4),1,690,48095524,2019560448,813433446
GEMM(6;5;4),1,690,342093922,15818773504,9830
GEMM(7;5;4),1,690,290409291,13206311936,10035
POTRF(5),1,690,3902735,171104256,0
TRSM(6;5),1,690,11850194,513812480,0
TRSM(7;5),1,690,12264708,513824768,0
SYRK(1;0),1,765,66046864,2877104128,617780838
GEMM(2;1;0),1,765,326486438,14563220480,9421
GEMM(3;1;0),1,765,324812331,15000758272,9216
GEMM(4;1;0),1,765,334337524,14915123200,9216
GEMM(5;1;0),1,765,323893705,14620037120,9216
GEMM(6;1;0),1,765,321630118,14861108224,9011
GEMM(7;1;0),1,765,323644945,14814915584,9216
SYRK(5;0),1,765,323678582,14580952064,7373
GEMM(6;5;0),1,765,274517830,12532517888,9216
GEMM(7;5;0),1,765,19588030,856147968,9216
POTRF(1),1,765,3563952,154342400,0
TRSM(2;1),1,765,10829778,463456256,0
TRSM(3;1),1,765,11216207,463468544,0
TRSM(4;1),1,765,10968512,463463424,0
TRSM(5;1),1,765,10850150,463462400,0
TRSM(6;1),1,765,10850730,463486976,0
TRSM(7;1),1,765,10850803,463490048,0
SYRK(5;1),1,765,10014071,427749376,0
GEMM(6;5;1),1,765,21141970,855726080,0
GEMM(7;5;1),1,765,20162717,855731200,0
SYRK(5;2),1,765,399129621,17783272448,91093461197
GEMM(6;5;2),1,765,377499786,17093166080,9011
GEMM(7;5;2),1,765,368535214,17021818880,9216
SYRK(5;3),1,765,384413102,16597357568,16885249229
GEMM(6;5;3),1,765,363433232,16840990720,9011
GEMM(7;5;3),1,765,290369023,13779579904,9216
SYRK(5;4),1,765,79282868,3133659136,811971174
GEMM(6;5;4),1,765,330225609,15163487232,9216
GEMM(7;5;4),1,765,255906433,11846284288,9216
POTRF(5),1,765,3549563,154337280,0
TRSM(6;5),1,765,10841307,463461376,0
TRSM(7;5),1,765,11224500,463465472,0
SYRK(1;0),1,765,80188489,3045790720,617780838
GEMM(2;1;0),1,765,338608652,15293630464,9421
GEMM(3;1;0),1,765,325893675,14929542144,9216
GEMM(4;1;0),1,765,322400711,14752123904,9216
GEMM(5;1;0),1,765,323265810,14854676480,9216
GEMM(6;1;0),1,765,320844681,14746019840,9011
GEMM(7;1;0),1,765,340888845,15145712640,9216
SYRK(5;0),1,765,341775453,15277790208,7373
GEMM(6;5;0),1,765,270952231,12740850688,9216
GEMM(7;5;0),1,765,19617316,856136704,9216
POTRF(1),1,765,3555443,154344448,0
TRSM(2;1),1,765,10847701,463461376,0
TRSM(3;1),1,765,11207199,463469568,0
TRSM(4;1),1,765,11075829,463461376,0
TRSM(5;1),1,765,11075723,463468544,0
TRSM(6;1),1,765,11069472,463480832,0
TRSM(7;1),1,765,11072793,463489024,0
SYRK(5;1),1,765,10285689,427750400,0
GEMM(6;5;1),1,765,20190778,855728128,0
GEMM(7;5;1),1,765,20183896,855727104,0
SYRK(5;2),1,765,397629398,17895606272,91093461197
GEMM(6;5;2),1,765,377163182,17327757312,9011
GEMM(7;5;2),1,765,378504521,17266713600,9216
SYRK(5;3),1,765,360128327,15831185408,16885249229
GEMM(6;5;3),1,765,356361940,16260498432,9011
GEMM(7;5;3),1,765,263432370,12413139968,9216
SYRK(5;4),1,765,76398777,3103922176,811971174
GEMM(6;5;4),1,765,324271527,14996744192,9216
GEMM(7;5;4),1,765,260810719,11861390336,9216
POTRF(5),1,765,3540793,154337280,0
TRSM(6;5),1,765,10851637,463464448,0
TRSM(7;5),1,765,11178459,463470592,0
SYRK(1;0),1,765,79785901,3036908544,617780838
GEMM(2;1;0),1,765,323200757,14843384832,9421
GEMM(3;1;0),1,765,329622483,14877348864,9216
GEMM(4;1;0),1,765,315936076,14749237248,9216
GEMM(5;1;0),1,765,331229304,14832964608,9216
GEMM(6;1;0),1,765,328801431,14737952768,9011
GEMM(7;1;0),1,765,323705898,15045924864,9216
SYRK(5;0),1,765,327404012,14374416384,7373
GEMM(6;5;0),1,765,262427690,12309366784,9216
GEMM(7;5;0),1,765,19603045,856132608,9216
POTRF(1),1,765,3562323,154341376,0
TRSM(2;1),1,765,10808678,463457280,0
TRSM(3;1),1,765,11244991,463471616,0
TRSM(4;1),1,765,11066260,463466496,0
TRSM(5;1),1,765,11091728,463468544,0
TRSM(6;1),1,765,11108020,463484928,0
TRSM(7;1),1,765,11129744,463485952,0
SYRK(5;1),1,765,10316273,427750400,0
GEMM(6;5;1),1,765,20165469,855728128,0
GEMM(7;5;1),1,765,20144866,855732224,0
SYRK(5;2),1,765,393264805,17598913536,91093461197
GEMM(6;5;2),1,765,362102883,16488508416,9011
GEMM(7;5;2),1,765,376333500,17278512128,9216
SYRK(5;3),1,765,372976902,16371124224,16885249229
GEMM(6;5;3),1,765,351943133,16520296448,9011
GEMM(7;5;3),1,765,283858432,12952577024,9216
SYRK(5;4),1,765,79486039,3116713984,811971174
GEMM(6;5;4),1,765,323389586,14951319552,9216
GEMM(7;5;4),1,765,260458076,11993103360,9216
POTRF(5),1,765,3533596,154343424,0
TRSM(6;5),1,765,10835630,463460352,0
TRSM(7;5),1,765,11187045,463469568,0
SYRK(1;0),1,765,69877404,3025110016,617780838
GEMM(2;1;0),1,765,331696304,14897000448,9421
GEMM(3;1;0),1,765,352450613,15038175232,9216
GEMM(4;1;0),1,765,314361077,15113043968,9216
GEMM(5;1;0),1,765,322409669,15020400640,9216
GEMM(6;1;0),1,765,328828143,14827598848,9011
GEMM(7;1;0),1,765,332019461,15182992384,9216
SYRK(5;0),1,765,324336195,14404536320,7373
GEMM(6;5;0),1,765,272724300,12578014208,9216
GEMM(7;5;0),1,765,19609801,856154112,9216
POTRF(1),1,765,3547967,154343424,0
TRSM(2;1),1,765,10838548,463457280,0
TRSM(3;1),1,765,11219466,463464448,0
TRSM(4;1),1,765,11029937,463461376,0
TRSM(5;1),1,765,11060865,463469568,0
TRSM(6;1),1,765,11081497,463495168,0
TRSM(7;1),1,765,11095540,463505408,0
SYRK(5;1),1,765,10280752,427749376,0
GEMM(6;5;1),1,765,20199894,855730176,0
GEMM(7;5;1),1,765,20195709,855732224,0
SYRK(5;2),1,765,373050522,17156504576,91093461197
GEMM(6;5;2),1,765,349515735,16266448896,9011
GEMM(7;5;2),1,765,365335211,16672506880,9216
SYRK(5;3),1,765,378066175,16664893440,16885249229
GEMM(6;5;3),1,765,356362470,16597224448,9011
GEMM(7;5;3),1,765,241505290,11119988736,9216
SYRK(5;4),1,765,78363441,3026416640,811971174
GEMM(6;5;4),1,765,319229323,14991176704,9216
GEMM(7;5;4),1,765,260361741,11803377664,9216
POTRF(5),1,765,3545006,154336256,0
TRSM(6;5),1,765,10845202,463463424,0
TRSM(7;5),1,765,11213984,463471616,0
SYRK(1;0),1,765,79924412,3130559488,617780838
GEMM(2;1;0),1,765,324215916,14885194752,9421
GEMM(3;1;0),1,765,319520191,14770881536,9216
GEMM(4;1;0),1,765,319995345,14473281536,9216
GEMM(5;1;0),1,765,340983685,15067054080,9216
GEMM(6;1;0),1,765,341982348,14889476096,9011
GEMM(7;1;0),1,765,310319911,14917106688,9216
SYRK(5;0),1,765,339407671,15371123712,7373
GEMM(6;5;0),1,765,255392646,11807733760,9216
GEMM(7;5;0),1,765,19607326,856159232,9216
POTRF(1),1,765,3555719,154343424,0
TRSM(2;1),1,765,10827282,463457280,0
TRSM(3;1),1,765,11219290,463467520,0
TRSM(4;1),1,765,11040251,463464448,0
TRSM(5;1),1,765,11069410,463469568,0
TRSM(6;1),1,765,11071939,463480832,0
TRSM(7;1),1,765,11077225,463499264,0
SYRK(5;1),1,765,10265138,427749376,0
GEMM(6;5;1),1,765,20201922,855729152,0
GEMM(7;5;1),1,765,20190056,855731200,0
SYRK(5;2),1,765,381985456,17098355712,91093461197
GEMM(6;5;2),1,765,366597627,16826241024,9011
GEMM(7;5;2),1,765,373777624,17088860160,9216
SYRK(5;3),1,765,363018466,15958860800,16885249229
GEMM(6;5;3),1,765,366973609,16843397120,9011
GEMM(7;5;3),1,765,264528034,12364725248,9216
SYRK(5;4),1,765,77072757,3139140608,811971174
GEMM(6;5;4),1,765,338106768,15345490944,9216
GEMM(7;5;4),1,765,254505856,11862839296,9216
POTRF(5),1,765,3550010,154337280,0
TRSM(6;5),1,765,10830205,463462400,0
TRSM(7;5),1,765,11194295,463464448,0
SYRK(1;0),1,795,92398682,3548022784,594492006
GEMM(2;1;0),1,795,314672305,14714702848,9011
GEMM(3;1;0),1,795,323648197,14405952512,9011
GEMM(4;1;0),1,795,325150321,14710668288,9216
GEMM(5;1;0),1,795,317820767,14726450176,9011
GEMM(6;1;0),1,795,349019222,14971315200,8806
GEMM(7;1;0),1,795,314307473,15077946368,8602
SYRK(5;0),1,795,336694907,14770810880,7373
GEMM(6;5;0),1,795,247925553,11604131840,9011
GEMM(7;5;0),1,795,18896722,819760128,9011
POTRF(1),1,795,3366225,145991680,0
TRSM(2;1),1,795,10390868,441552896,0
TRSM(3;1),1,795,10808302,441710592,0
TRSM(4;1),1,795,10660108,441624576,0
TRSM(5;1),1,795,10708990,441621504,0
TRSM(6;1),1,795,10665527,441788416,0
TRSM(7;1),1,795,10669529,441654272,0
SYRK(5;1),1,795,9769949,404128768,0
GEMM(6;5;1),1,795,19617541,819521536,0
GEMM(7;5;1),1,795,19616725,819478528,0
SYRK(5;2),1,795,404550389,18062613504,89647289958
GEMM(6;5;2),1,795,382607082,17729204224,8806
GEMM(7;5;2),1,795,379543284,17328316416,9011
SYRK(5;3),1,795,379449595,15968338944,16638811546
GEMM(6;5;3),1,795,329405711,15787200512,8806
GEMM(7;5;3),1,795,258091220,11990384640,9216
SYRK(5;4),1,795,92720509,3772790784,810783539
GEMM(6;5;4),1,795,335406305,15178269696,8602
GEMM(7;5;4),1,795,255258743,11909895168,8806
POTRF(5),1,795,3362597,146038784,0
TRSM(6;5),1,795,10395547,441480192,0
TRSM(7;5),1,795,10729200,441576448,0
SYRK(1;0),1,795,90943599,3522995200,594492006
GEMM(2;1;0),1,795,336108165,15384734720,9011
GEMM(3;1;0),1,795,349163425,15017378816,9011
GEMM(4;1;0),1,795,312233157,15023987712,9216
GEMM(5;1;0),1,795,342075377,15471446016,9011
GEMM(6;1;0),1,795,331225407,14923813888,8806
GEMM(7;1;0),1,795,327247480,15008680960,8602
SYRK(5;0),1,795,349113895,15351652352,7373
GEMM(6;5;0),1,795,260744503,12246987776,9011
GEMM(7;5;0),1,795,18879492,819193856,9011
POTRF(1),1,795,3368224,145980416,0
TRSM(2;1),1,795,10402934,441351168,0
TRSM(3;1),1,795,10799818,441401344,0
TRSM(4;1),1,795,10601163,441328640,0
TRSM(5;1),1,795,10640215,441384960,0
TRSM(6;1),1,795,10639786,441378816,0
TRSM(7;1),1,795,10654467,441355264,0
SYRK(5;1),1,795,9786262,404009984,0
GEMM(6;5;1),1,795,19638708,818778112,0
GEMM(7;5;1),1,795,19532590,818668544,0
SYRK(5;2),1,795,398573177,17652485120,89647289958
GEMM(6;5;2),1,795,375873378,17342061568,8806
GEMM(7;5;2),1,795,376747597,17038773248,9011
SYRK(5;3),1,795,378825139,16448204800,16638811546
GEMM(6;5;3),1,795,370777065,16994316288,8806
GEMM(7;5;3),1,795,264165571,12469339136,9216
SYRK(5;4),1,795,90976123,3649729536,810783539
GEMM(6;5;4),1,795,323068860,15040953344,8602
GEMM(7;5;4),1,795,260386561,11752183808,8806
POTRF(5),1,795,3392620,145930240,0
TRSM(6;5),1,795,10425522,441331712,0
TRSM(7;5),1,795,10766968,441404416,0
SYRK(1;0),1,795,90131371,3476402176,594492006
GEMM(2;1;0),1,795,324875924,14879138816,9011
GEMM(3;1;0),1,795,329076643,14852668416,9011
GEMM(4;1;0),1,795,338834539,15351545856,9216
GEMM(5;1;0),1,795,330181873,14989044736,9011
GEMM(6;1;0),1,795,327102422,14943580160,8806
GEMM(7;1;0),1,795,335628166,15140076544,8602
SYRK(5;0),1,795,321374570,14494058496,7373
GEMM(6;5;0),1,795,262025239,11978570752,9011
GEMM(7;5;0),1,795,18892074,819194880,9011
POTRF(1),1,795,3363846,146021376,0
TRSM(2;1),1,795,10421959,441329664,0
TRSM(3;1),1,795,10780235,441459712,0
TRSM(4;1),1,795,9543772,441433088,0
TRSM(5;1),1,795,11859850,441420800,0
TRSM(6;1),1,795,10641575,441418752,0
TRSM(7;1),1,795,10654097,441499648,0
SYRK(5;1),1,795,9686144,404025344,0
GEMM(6;5;1),1,795,19726148,818928640,0
GEMM(7;5;1),1,795,19636374,818780160,0
SYRK(5;2),1,795,398004063,17871990784,89647289958
GEMM(6;5;2),1,795,387645357,17697786880,8806
GEMM(7;5;2),1,795,380641309,17390688256,9011
SYRK(5;3),1,795,377382051,16623295488,16638811546
GEMM(6;5;3),1,795,352703561,16183488512,8806
GEMM(7;5;3),1,795,303994910,13956734976,9216
SYRK(5;4),1,795,87827366,3531209728,810783539
GEMM(6;5;4),1,795,326787919,14940061696,8602
GEMM(7;5;4),1,795,262389263,12095728640,8806
POTRF(5),1,795,3381462,146013184,0
TRSM(6;5),1,795,10446449,441539584,0
TRSM(7;5),1,795,10771397,441510912,0
SYRK(1;0),1,795,91018947,3573796864,594492006
GEMM(2;1;0),1,795,329606922,15024698368,9011
GEMM(3;1;0),1,795,340749565,15354273792,9011
GEMM(4;1;0),1,795,323884046,14845402112,9216
GEMM(5;1;0),1,795,330628242,14853520384,9011
GEMM(6;1;0),1,795,330792812,14792390656,8806
GEMM(7;1;0),1,795,328910320,15130564608,8602
SYRK(5;0),1,795,331813399,14714390528,7373
GEMM(6;5;0),1,795,247540334,11631560704,9011
GEMM(7;5;0),1,795,18894605,819596288,9011
POTRF(1),1,795,3384171,145958912,0
TRSM(2;1),1,795,10376030,441465856,0
TRSM(3;1),1,795,10815168,441500672,0
TRSM(4;1),1,795,10633440,441508864,0
TRSM(5;1),1,795,10723926,441503744,0
TRSM(6;1),1,795,10736850,441622528,0
TRSM(7;1),1,795,10751795,441499648,0
SYRK(5;1),1,795,9805938,403952640,0
GEMM(6;5;1),1,795,19667739,819213312,0
GEMM(7;5;1),1,795,19565661,819293184,0
SYRK(5;2),1,795,402751084,18093771776,89647289958
GEMM(6;5;2),1,795,396339414,17856394240,8806
GEMM(7;5;2),1,795,384969771,17821950976,9011
SYRK(5;3),1,795,372757204,16410768384,16638811546
GEMM(6;5;3),1,795,381335090,17326048256,8806
GEMM(7;5;3),1,795,300317386,14001261568,9216
SYRK(5;4),1,795,84151468,3647154176,810783539
GEMM(6;5;4),1,795,342875129,15326135296,8602
GEMM(7;5;4),1,795,245558408,11390397440,8806
POTRF(5),1,795,3390905,146079744,0
TRSM(6;5),1,795,10384126,441327616,0
TRSM(7;5),1,795,10761490,441525248,0
SYRK(1;0),1,795,86291281,3507544064,594492006
GEMM(2;1;0),1,795,323686783,14814871552,9011
GEMM(3;1;0),1,795,341758874,14791359488,9011
GEMM(4;1;0),1,795,316703514,15021853696,9216
GEMM(5;1;0),1,795,336522956,15129312256,9011
GEMM(6;1;0),1,795,333489098,14887271424,8806
GEMM(7;1;0),1,795,329329086,15125253120,8602
SYRK(5;0),1,795,331081001,14726835200,7373
GEMM(6;5;0),1,795,260227204,12090657792,9011
GEMM(7;5;0),1,795,18883850,819380224,9011
POTRF(1),1,795,3387367,145980416,0
TRSM(2;1),1,795,10410761,441470976,0
TRSM(3;1),1,795,10786048,441413632,0
TRSM(4;1),1,795,10634156,441403392,0
TRSM(5;1),1,795,10631126,441458688,0
TRSM(6;1),1,795,10703196,441427968,0
TRSM(7;1),1,795,10687161,441404416,0
SYRK(5;1),1,795,9789070,403977216,0
GEMM(6;5;1),1,795,19635394,819022848,0
GEMM(7;5;1),1,795,19568835,819207168,0
SYRK(5;2),1,795,392790717,17756022784,89647289958
GEMM(6;5;2),1,795,383716671,17025952768,8806
GEMM(7;5;2),1,795,385005443,17905451008,9011
SYRK(5;3),1,795,362327436,15796764672,16638811546
GEMM(6;5;3),1,795,343342295,15770537984,8806
GEMM(7;5;3),1,795,266315254,12441321472,9216
SYRK(5;4),1,795,93128679,3708689408,810783539
GEMM(6;5;4),1,795,324547653,15152439296,8602
GEMM(7;5;4),1,795,260043886,11745815552,8806
POTRF(5),1,795,3389175,145991680,0
TRSM(6;5),1,795,10440522,441468928,0
TRSM(7;5),1,795,10754638,441490432,0
SYRK(1;0),1,840,97218640,3884572672,562668954
GEMM(2;1;0),1,840,319681395,14762908672,8806
GEMM(3;1;0),1,840,343930732,15084710912,8602
GEMM(4;1;0),1,840,318749562,14761804800,8602
GEMM(5;1;0),1,840,341986095,15219344384,9011
GEMM(6;1;0),1,840,336221801,15024369664,8806
GEMM(7;1;0),1,840,327986557,15173113856,9011
SYRK(5;0),1,840,345144082,15163130880,7578
GEMM(6;5;0),1,840,235195466,11045243904,8806
GEMM(7;5;0),1,840,18063851,779777024,8397
POTRF(1),1,840,3286422,140567552,0
TRSM(2;1),1,840,10000346,422102016,0
TRSM(3;1),1,840,10341706,422113280,0
TRSM(4;1),1,840,10244092,422109184,0
TRSM(5;1),1,840,10221351,422144000,0
TRSM(6;1),1,840,10240020,422125568,0
TRSM(7;1),1,840,10240927,422144000,0
SYRK(5;1),1,840,9503971,389557248,0
GEMM(6;5;1),1,840,18653470,779324416,0
GEMM(7;5;1),1,840,18614941,779325440,0
SYRK(5;2),1,840,400115444,18073249792,88414555546
GEMM(6;5;2),1,840,390061671,17703589888,8602
GEMM(7;5;2),1,840,390380553,17838589952,8602
SYRK(5;3),1,840,377973973,16127860736,16546947072
GEMM(6;5;3),1,840,350520072,16269434880,8602
GEMM(7;5;3),1,840,245891597,11518221312,8602
SYRK(5;4),1,840,98536516,4125492224,800191078
GEMM(6;5;4),1,840,332370573,14961171456,8602
GEMM(7;5;4),1,840,229074440,10618933248,8397
POTRF(5),1,840,3264016,140564480,0
TRSM(6;5),1,840,9996000,422105088,0
TRSM(7;5),1,840,10317206,422117376,0
SYRK(1;0),1,840,104266271,4281324544,562668954
GEMM(2;1;0),1,840,329735978,14960081920,8806
GEMM(3;1;0),1,840,322196523,14510695424,8602
GEMM(4;1;0),1,840,322044296,14754744320,8602
GEMM(5;1;0),1,840,329921398,14615369728,9011
GEMM(6;1;0),1,840,311637471,14124146688,8806
GEMM(7;1;0),1,840,328597371,15061340160,9011
SYRK(5;0),1,840,335393157,14728347648,7578
GEMM(6;5;0),1,840,235873195,10899395584,8806
GEMM(7;5;0),1,840,18049624,779753472,8397
POTRF(1),1,840,3289290,140565504,0
TRSM(2;1),1,840,10001397,422099968,0
TRSM(3;1),1,840,10326124,422117376,0
TRSM(4;1),1,840,10279592,422107136,0
TRSM(5;1),1,840,10251662,422130688,0
TRSM(6;1),1,840,10224742,422131712,0
TRSM(7;1),1,840,10240099,422141952,0
SYRK(5;1),1,840,9503169,389557248,0
GEMM(6;5;1),1,840,18658440,779323392,0
GEMM(7;5;1),1,840,18584505,779326464,0
SYRK(5;2),1,840,412653562,18175951872,88414555546
GEMM(6;5;2),1,840,377092501,17578889216,8602
GEMM(7;5;2),1,840,383180486,17334273024,8602
SYRK(5;3),1,840,381658760,16749787136,16546947072
GEMM(6;5;3),1,840,364427454,16345636864,8602
GEMM(7;5;3),1,840,272763785,12881003520,8602
SYRK(5;4),1,840,93884888,4085542912,800191078
GEMM(6;5;4),1,840,332098931,15060125696,8602
GEMM(7;5;4),1,840,236562855,10667344896,8397
POTRF(5),1,840,3255453,140565504,0
TRSM(6;5),1,840,9998260,422097920,0
TRSM(7;5),1,840,10292054,422114304,0
SYRK(1;0),1,840,108174356,4321443840,562668954
GEMM(2;1;0),1,840,322078172,14935591936,8806
GEMM(3;1;0),1,840,343601912,15285244928,8602
GEMM(4;1;0),1,840,334639527,15209038848,8602
GEMM(5;1;0),1,840,337098444,15045715968,9011
GEMM(6;1;0),1,840,331979113,15173869568,8806
GEMM(7;1;0),1,840,338095109,15293420544,9011
SYRK(5;0),1,840,325914996,14466712576,7578
GEMM(6;5;0),1,840,247237540,11324795904,8806
GEMM(7;5;0),1,840,18064560,779747328,8397
POTRF(1),1,840,3261433,140570624,0
TRSM(2;1),1,840,9991650,422104064,0
TRSM(3;1),1,840,10365850,422116352,0
TRSM(4;1),1,840,10225836,422112256,0
TRSM(5;1),1,840,10214216,422138880,0
TRSM(6;1),1,840,10238069,422142976,0
TRSM(7;1),1,840,10271827,422140928,0
SYRK(5;1),1,840,9535091,389558272,0
GEMM(6;5;1),1,840,18643975,779325440,0
GEMM(7;5;1),1,840,18591429,779324416,0
SYRK(5;2),1,840,398282699,17860078592,88414555546
GEMM(6;5;2),1,840,395890352,17654788096,8602
GEMM(7;5;2),1,840,384434168,17673003008,8602
SYRK(5;3),1,840,373011603,16175070208,16546947072
GEMM(6;5;3),1,840,342371079,15608185856,8602
GEMM(7;5;3),1,840,245828444,11555965952,8602
SYRK(5;4),1,840,104288764,4187375616,800191078
GEMM(6;5;4),1,840,319423697,14775650304,8602
GEMM(7;5;4),1,840,250147952,11363175424,8397
POTRF(5),1,840,3255024,140564480,0
TRSM(6;5),1,840,9976132,422097920,0
TRSM(7;5),1,840,10342761,422115328,0
SYRK(1;0),1,840,99201283,4044934144,562668954
GEMM(2;1;0),1,840,317861451,14515154944,8806
GEMM(3;1;0),1,840,335411418,14982106112,8602
GEMM(4;1;0),1,840,315478536,14285046784,8602
GEMM(5;1;0),1,840,315743434,14411965440,9011
GEMM(6;1;0),1,840,339363039,14859910144,8806
GEMM(7;1;0),1,840,325285790,15006735360,9011
SYRK(5;0),1,840,338426163,15027748864,7578
GEMM(6;5;0),1,840,236915917,10966329344,8806
GEMM(7;5;0),1,840,18064727,779767808,8397
POTRF(1),1,840,3271148,140567552,0
TRSM(2;1),1,840,9999286,422100992,0
TRSM(3;1),1,840,10364001,422112256,0
TRSM(4;1),1,840,10224713,422107136,0
TRSM(5;1),1,840,10189238,422149120,0
TRSM(6;1),1,840,10235613,422132736,0
TRSM(7;1),1,840,10234964,422128640,0
SYRK(5;1),1,840,9527860,389557248,0
GEMM(6;5;1),1,840,18652634,779325440,0
GEMM(7;5;1),1,840,18605082,779325440,0
SYRK(5;2),1,840,397056364,18024462336,88414555546
GEMM(6;5;2),1,840,382432903,17289496576,8602
GEMM(7;5;2),1,840,384117338,17430528000,8602
SYRK(5;3),1,840,374936814,16510398464,16546947072
GEMM(6;5;3),1,840,353708111,16071965696,8602
GEMM(7;5;3),1,840,267355680,12420334592,8602
SYRK(5;4),1,840,101203519,4223182848,800191078
GEMM(6;5;4),1,840,337273210,15333100544,8602
GEMM(7;5;4),1,840,248222774,11358149632,8397
POTRF(5),1,840,3273186,140564480,0
TRSM(6;5),1,840,10000828,422102016,0
TRSM(7;5),1,840,10290551,422114304,0
SYRK(1;0),1,840,103481617,4065328128,562668954
GEMM(2;1;0),1,840,329432063,15315171328,8806
GEMM(3;1;0),1,840,332611079,14805664768,8602
GEMM(4;1;0),1,840,330426247,14948211712,8602
GEMM(5;1;0),1,840,320374322,14656985088,9011
GEMM(6;1;0),1,840,336035610,14760956928,8806
GEMM(7;1;0),1,840,328423191,15064979456,9011
SYRK(5;0),1,840,335901908,14783902720,7578
GEMM(6;5;0),1,840,234933914,10963434496,8806
GEMM(7;5;0),1,840,18060033,779770880,8397
POTRF(1),1,840,3264349,140567552,0
TRSM(2;1),1,840,9984300,422097920,0
TRSM(3;1),1,840,10360513,422115328,0
TRSM(4;1),1,840,10258931,422110208,0
TRSM(5;1),1,840,10247654,422128640,0
TRSM(6;1),1,840,10252856,422117376,0
TRSM(7;1),1,840,10254601,422139904,0
SYRK(5;1),1,840,9531425,389557248,0
GEMM(6;5;1),1,840,18649851,779324416,0
GEMM(7;5;1),1,840,18601102,779325440,0
SYRK(5;2),1,840,389457367,17755875328,88414555546
GEMM(6;5;2),1,840,383364514,17331125248,8602
GEMM(7;5;2),1,840,382105769,17271374848,8602
SYRK(5;3),1,840,374794042,16293889024,16546947072
GEMM(6;5;3),1,840,349322344,16183526400,8602
GEMM(7;5;3),1,840,253024987,11545555968,8602
SYRK(5;4),1,840,104678335,4303827968,800191078
GEMM(6;5;4),1,840,338505681,15505136640,8602
GEMM(7;5;4),1,840,241361529,11015966720,8397
POTRF(5),1,840,3249603,140562432,0
TRSM(6;5),1,840,9986299,422103040,0
TRSM(7;5),1,840,10300792,422117376,0
SYRK(1;0),1,915,125016174,5167170560,516523008
GEMM(2;1;0),1,915,321372975,14523483136,8192
GEMM(3;1;0),1,915,318392291,14329032704,7987
GEMM(4;1;0),1,915,331085756,14768624640,7987
GEMM(5;1;0),1,915,321364315,14385532928,7987
GEMM(6;1;0),1,915,330659383,14484478976,8192
GEMM(7;1;0),1,915,315296363,14304784384,7987
SYRK(5;0),1,915,328646055,14412947456,6963
GEMM(6;5;0),1,915,197534034,9128301568,8192
GEMM(7;5;0),1,915,16640173,715904000,7987
POTRF(1),1,915,3089979,129046528,0
TRSM(2;1),1,915,9349047,387515392,0
TRSM(3;1),1,915,9677563,387537920,0
TRSM(4;1),1,915,9548724,387528704,0
TRSM(5;1),1,915,9541893,387560448,0
TRSM(6;1),1,915,9539989,387534848,0
TRSM(7;1),1,915,9539760,387521536,0
SYRK(5;1),1,915,8852200,357626880,0
GEMM(6;5;1),1,915,17372465,715462656,0
GEMM(7;5;1),1,915,17335710,715461632,0
SYRK(5;2),1,915,395005267,17582305280,87806627635
GEMM(6;5;2),1,915,391133002,17347421184,7782
GEMM(7;5;2),1,915,388852057,17889084416,7578
SYRK(5;3),1,915,384804170,16510552064,16682160128
GEMM(6;5;3),1,915,350283671,15948139520,7987
GEMM(7;5;3),1,915,293073807,13570345984,8192
SYRK(5;4),1,915,115923692,4790711296,775891968
GEMM(6;5;4),1,915,322489709,14489452544,7987
GEMM(7;5;4),1,915,212529307,9742389248,8192
POTRF(5),1,915,3022924,129042432,0
TRSM(6;5),1,915,9417805,387509248,0
TRSM(7;5),1,915,9654515,387537920,0
SYRK(1;0),1,915,126059296,4868079616,516523008
GEMM(2;1;0),1,915,300120266,14085454848,8192
GEMM(3;1;0),1,915,323276782,14106687488,7987
GEMM(4;1;0),1,915,326611409,14884171776,7987
GEMM(5;1;0),1,915,334331091,14760484864,7987
GEMM(6;1;0),1,915,339786969,14934062080,8192
GEMM(7;1;0),1,915,318005827,14434758656,7987
SYRK(5;0),1,915,327157793,14638987264,6963
GEMM(6;5;0),1,915,215859834,9773676544,8192
GEMM(7;5;0),1,915,16812970,715908096,7987
POTRF(1),1,915,3035813,129051648,0
TRSM(2;1),1,915,9295931,387510272,0
TRSM(3;1),1,915,9756607,387531776,0
TRSM(4;1),1,915,9591158,387526656,0
TRSM(5;1),1,915,9577871,387558400,0
TRSM(6;1),1,915,9537940,387543040,0
TRSM(7;1),1,915,9544128,387527680,0
SYRK(5;1),1,915,8842840,357625856,0
GEMM(6;5;1),1,915,17383667,715461632,0
GEMM(7;5;1),1,915,17348921,715462656,0
SYRK(5;2),1,915,402565362,17800237056,87806627635
GEMM(6;5;2),1,915,380719029,17397856256,7782
GEMM(7;5;2),1,915,383442319,17057308672,7578
SYRK(5;3),1,915,370272701,16095762432,16682160128
GEMM(6;5;3),1,915,361484534,16052134912,7987
GEMM(7;5;3),1,915,213690437,10106544128,8192
SYRK(5;4),1,915,121935452,5067378688,775891968
GEMM(6;5;4),1,915,317948784,14356732928,7987
GEMM(7;5;4),1,915,214686320,9755706368,8192
POTRF(5),1,915,3013159,129045504,0
TRSM(6;5),1,915,9458101,387514368,0
TRSM(7;5),1,915,9603236,387535872,0
SYRK(1;0),1,915,121212327,4821314560,516523008
GEMM(2;1;0),1,915,310977789,14305456128,8192
GEMM(3;1;0),1,915,325661200,14235468800,7987
GEMM(4;1;0),1,915,321121006,14489583616,7987
GEMM(5;1;0),1,915,329470612,14746075136,7987
GEMM(6;1;0),1,915,317685787,14310480896,8192
GEMM(7;1;0),1,915,333372757,14811932672,7987
SYRK(5;0),1,915,336703519,14448102400,6963
GEMM(6;5;0),1,915,199679860,9625468928,8192
GEMM(7;5;0),1,915,16769981,715920384,7987
POTRF(1),1,915,2808391,129049600,0
TRSM(2;1),1,915,9495680,387511296,0
TRSM(3;1),1,915,9646798,387536896,0
TRSM(4;1),1,915,9590385,387526656,0
TRSM(5;1),1,915,9584100,387555328,0
TRSM(6;1),1,915,9363311,387533824,0
TRSM(7;1),1,915,9096938,387524608,0
SYRK(5;1),1,915,9479618,357626880,0
GEMM(6;5;1),1,915,16668308,715459584,0
GEMM(7;5;1),1,915,17974579,715459584,0
SYRK(5;2),1,915,403501068,17951089664,87806627635
GEMM(6;5;2),1,915,376247515,17107098624,7782
GEMM(7;5;2),1,915,390585045,17438635008,7578
SYRK(5;3),1,915,369467923,15982519296,16682160128
GEMM(6;5;3),1,915,361985561,15981359104,7987
GEMM(7;5;3),1,915,205025288,9886789632,8192
SYRK(5;4),1,915,121753217,4953063424,775891968
GEMM(6;5;4),1,915,322092161,14558837760,7987
GEMM(7;5;4),1,915,211330386,9695198208,8192
POTRF(5),1,915,2923183,129044480,0
TRSM(6;5),1,915,9457800,387515392,0
TRSM(7;5),1,915,9667929,387537920,0
SYRK(1;0),1,915,116609070,4970592256,516523008
GEMM(2;1;0),1,915,312486028,13920556032,8192
GEMM(3;1;0),1,915,334770233,14882768896,7987
GEMM(4;1;0),1,915,337084957,14545209344,7987
GEMM(5;1;0),1,915,306790678,14233722880,7987
GEMM(6;1;0),1,915,325117525,14693899264,8192
GEMM(7;1;0),1,915,324546647,14471880704,7987
SYRK(5;0),1,915,318670522,13992107008,6963
GEMM(6;5;0),1,915,212422262,9744506880,8192
GEMM(7;5;0),1,915,16778383,715918336,7987
POTRF(1),1,915,2987663,129051648,0
TRSM(2;1),1,915,9289375,387506176,0
TRSM(3;1),1,915,9769906,387534848,0
TRSM(4;1),1,915,9561249,387527680,0
TRSM(5;1),1,915,9561219,387551232,0
TRSM(6;1),1,915,9585178,387542016,0
TRSM(7;1),1,915,9579582,387525632,0
SYRK(5;1),1,915,8876594,357625856,0
GEMM(6;5;1),1,915,17390699,715461632,0
GEMM(7;5;1),1,915,17329759,715461632,0
SYRK(5;2),1,915,395199136,17710297088,87806627635
GEMM(6;5;2),1,915,404691390,17372548096,7782
GEMM(7;5;2),1,915,367703618,17378371584,7578
SYRK(5;3),1,915,378483628,16355652608,16682160128
GEMM(6;5;3),1,915,390237112,17149634560,7987
GEMM(7;5;3),1,915,277390343,13317372928,8192
SYRK(5;4),1,915,122829335,5077959680,775891968
GEMM(6;5;4),1,915,315804020,14346347520,7987
GEMM(7;5;4),1,915,215702941,9731376128,8192
POTRF(5),1,915,3037700,129043456,0
TRSM(6;5),1,915,9307486,387512320,0
TRSM(7;5),1,915,9676642,387535872,0
SYRK(1;0),1,915,115379559,4904462336,516523008
GEMM(2;1;0),1,915,317663633,14156291072,8192
GEMM(3;1;0),1,915,313379154,14251420672,7987
GEMM(4;1;0),1,915,330303327,14545503232,7987
GEMM(5;1;0),1,915,324320392,14442080256,7987
GEMM(6;1;0),1,915,311637969,14035876864,8192
GEMM(7;1;0),1,915,319325944,14344546304,7987
SYRK(5;0),1,915,344500362,15027640320,6963
GEMM(6;5;0),1,915,206396828,9491697664,8192
GEMM(7;5;0),1,915,16660600,715896832,7987
POTRF(1),1,915,3050022,129043456,0
TRSM(2;1),1,915,9474671,387512320,0
TRSM(3;1),1,915,9638029,387535872,0
TRSM(4;1),1,915,9597847,387522560,0
TRSM(5;1),1,915,9575596,387553280,0
TRSM(6;1),1,915,9557649,387534848,0
TRSM(7;1),1,915,9554719,387524608,0
SYRK(5;1),1,915,8866178,357626880,0
GEMM(6;5;1),1,915,17404747,715460608,0
GEMM(7;5;1),1,915,17343930,715462656,0
SYRK(5;2),1,915,398897542,17895015424,87806627635
GEMM(6;5;2),1,915,417174447,17302381568,7782
GEMM(7;5;2),1,915,360336308,17761869824,7578
SYRK(5;3),1,915,369328688,15904388096,16682160128
GEMM(6;5;3),1,915,365245155,16397942784,7987
GEMM(7;5;3),1,915,284948367,13167062016,8192
SYRK(5;4),1,915,120808999,5021016064,775891968
GEMM(6;5;4),1,915,327519059,14791517184,7987
GEMM(7;5;4),1,915,210199843,9538879488,8192
POTRF(5),1,915,3036204,129043456,0
TRSM(6;5),1,915,9394926,387513344,0
TRSM(7;5),1,915,9622335,387534848,0
SYRK(1;0),1,990,123049177,5163374592,477402522
GEMM(2;1;0),1,990,301598746,13574860800,7373
GEMM(3;1;0),1,990,307004761,13772459008,7168
GEMM(4;1;0),1,990,300198927,13480406016,7373
GEMM(5;1;0),1,990,303365391,13847721984,7578
GEMM(6;1;0),1,990,310276251,13981882368,7578
GEMM(7;1;0),1,990,321645332,13833123840,7168
SYRK(5;0),1,990,281900892,13100720128,6349
GEMM(6;5;0),1,990,187543059,8482478080,7168
GEMM(7;5;0),1,990,15759426,661747712,7578
POTRF(1),1,990,2714055,119271424,0
TRSM(2;1),1,990,8684516,358156288,0
TRSM(3;1),1,990,8988554,358181888,0
TRSM(4;1),1,990,8883716,358170624,0
TRSM(5;1),1,990,8807371,358198272,0
TRSM(6;1),1,990,8923036,358188032,0
TRSM(7;1),1,990,8871203,358175744,0
SYRK(5;1),1,990,8218921,330533888,0
GEMM(6;5;1),1,990,16112297,661288960,0
GEMM(7;5;1),1,990,16049262,661282816,0
SYRK(5;2),1,990,391236749,16865678336,85851598438
GEMM(6;5;2),1,990,352636944,16096355328,7373
GEMM(7;5;2),1,990,356186170,16208449536,7373
SYRK(5;3),1,990,374534818,16070364160,16487746150
GEMM(6;5;3),1,990,362023848,16523587584,7168
GEMM(7;5;3),1,990,230850815,10338707456,7782
SYRK(5;4),1,990,135618900,5306912768,751136358
GEMM(6;5;4),1,990,293870576,13538378752,7578
GEMM(7;5;4),1,990,180652462,8140361728,7168
POTRF(5),1,990,2608241,119267328,0
TRSM(6;5),1,990,8738609,358157312,0
TRSM(7;5),1,990,9144162,358187008,0
SYRK(1;0),1,990,134093450,5424821248,477402522
GEMM(2;1;0),1,990,303000775,13559087104,7373
GEMM(3;1;0),1,990,316064545,13875543040,7168
GEMM(4;1;0),1,990,301829099,13570383872,7373
GEMM(5;1;0),1,990,312996684,13831252992,7578
GEMM(6;1;0),1,990,316695624,14005043200,7578
GEMM(7;1;0),1,990,309632237,13745636352,7168
SYRK(5;0),1,990,303893779,13186392064,6349
GEMM(6;5;0),1,990,187743499,8653342720,7168
GEMM(7;5;0),1,990,15763877,661743616,7578
POTRF(1),1,990,2751902,119272448,0
TRSM(2;1),1,990,8749643,358151168,0
TRSM(3;1),1,990,9037541,358180864,0
TRSM(4;1),1,990,9043464,358170624,0
TRSM(5;1),1,990,8941528,358198272,0
TRSM(6;1),1,990,8963503,358195200,0
TRSM(7;1),1,990,8953809,358172672,0
SYRK(5;1),1,990,8283647,330533888,0
GEMM(6;5;1),1,990,16274174,661289984,0
GEMM(7;5;1),1,990,16202826,661283840,0
SYRK(5;2),1,990,389328712,17058779136,85851598438
GEMM(6;5;2),1,990,368162160,16592059392,7373
GEMM(7;5;2),1,990,362508289,16064611328,7373
SYRK(5;3),1,990,392177984,16688864256,16487746150
GEMM(6;5;3),1,990,380481365,16914451456,7168
GEMM(7;5;3),1,990,244515646,11276784640,7782
SYRK(5;4),1,990,131204936,5353904128,751136358
GEMM(6;5;4),1,990,308676027,13974809600,7578
GEMM(7;5;4),1,990,193081400,8544711680,7168
POTRF(5),1,990,2743632,119267328,0
TRSM(6;5),1,990,8663182,358159360,0
TRSM(7;5),1,990,9172545,358192128,0
SYRK(1;0),1,990,136932662,5463719936,477402522
GEMM(2;1;0),1,990,299560053,13656799232,7373
GEMM(3;1;0),1,990,323764237,13999956992,7168
GEMM(4;1;0),1,990,312426683,13864741888,7373
GEMM(5;1;0),1,990,324317654,14242854912,7578
GEMM(6;1;0),1,990,300838542,13573625856,7578
GEMM(7;1;0),1,990,312299886,13748290560,7168
SYRK(5;0),1,990,305868212,13406333952,6349
GEMM(6;5;0),1,990,193700075,8659733504,7168
GEMM(7;5;0),1,990,15608303,661737472,7578
POTRF(1),1,990,2979481,119271424,0
TRSM(2;1),1,990,8689131,358156288,0
TRSM(3;1),1,990,9197682,358185984,0
TRSM(4;1),1,990,8983405,358165504,0
TRSM(5;1),1,990,8939280,358206464,0
TRSM(6;1),1,990,8971238,358199296,0
TRSM(7;1),1,990,8997331,358173696,0
SYRK(5;1),1,990,8314089,330532864,0
GEMM(6;5;1),1,990,16311051,661287936,0
GEMM(7;5;1),1,990,16266011,661284864,0
SYRK(5;2),1,990,396284763,16926576640,85851598438
GEMM(6;5;2),1,990,374217220,17079612416,7373
GEMM(7;5;2),1,990,365567836,16352067584,7373
SYRK(5;3),1,990,384527686,16481284096,16487746150
GEMM(6;5;3),1,990,364695620,16507508736,7168
GEMM(7;5;3),1,990,228648480,10198956032,7782
SYRK(5;4),1,990,135826065,5505615872,751136358
GEMM(6;5;4),1,990,304400678,13769155584,7578
GEMM(7;5;4),1,990,190620448,8499986432,7168
POTRF(5),1,990,2950170,119268352,0
TRSM(6;5),1,990,8652891,358157312,0
TRSM(7;5),1,990,9060926,358192128,0
SYRK(1;0),1,990,130956507,5282216960,477402522
GEMM(2;1;0),1,990,315886447,14087037952,7373
GEMM(3;1;0),1,990,318922931,14010860544,7168
GEMM(4;1;0),1,990,314059637,13944872960,7373
GEMM(5;1;0),1,990,329397842,14440662016,7578
GEMM(6;1;0),1,990,318873835,14263781376,7578
GEMM(7;1;0),1,990,309493388,13839120384,7168
SYRK(5;0),1,990,305159164,13079837696,6349
GEMM(6;5;0),1,990,171607782,7846889472,7168
GEMM(7;5;0),1,990,15810115,661724160,7578
POTRF(1),1,990,2895604,119273472,0
TRSM(2;1),1,990,8695494,358154240,0
TRSM(3;1),1,990,9025505,358190080,0
TRSM(4;1),1,990,9089840,358168576,0
TRSM(5;1),1,990,8972509,358196224,0
TRSM(6;1),1,990,8972807,358198272,0
TRSM(7;1),1,990,8964161,358170624,0
SYRK(5;1),1,990,8332512,330533888,0
GEMM(6;5;1),1,990,16297058,661287936,0
GEMM(7;5;1),1,990,16244415,661282816,0
SYRK(5;2),1,990,386168955,16895320064,85851598438
GEMM(6;5;2),1,990,373048109,16720523264,7373
GEMM(7;5;2),1,990,372455466,16358254592,7373
SYRK(5;3),1,990,389319978,16588398592,16487746150
GEMM(6;5;3),1,990,380853423,16881963008,7168
GEMM(7;5;3),1,990,229307284,10646834176,7782
SYRK(5;4),1,990,135814298,5617246208,751136358
GEMM(6;5;4),1,990,309994283,13876736000,7578
GEMM(7;5;4),1,990,177238138,7942414336,7168
POTRF(5),1,990,2957509,119267328,0
TRSM(6;5),1,990,8597230,358163456,0
TRSM(7;5),1,990,9030815,358192128,0
SYRK(1;0),1,990,136429603,5537781760,477402522
GEMM(2;1;0),1,990,307663637,13673737216,7373
GEMM(3;1;0),1,990,321932525,14225306624,7168
GEMM(4;1;0),1,990,314816907,13887247360,7373
GEMM(5;1;0),1,990,324511336,14205227008,7578
GEMM(6;1;0),1,990,309363477,13668579328,7578
GEMM(7;1;0),1,990,300903321,13667442688,7168
SYRK(5;0),1,990,305322990,13005369344,6349
GEMM(6;5;0),1,990,183714162,8454387712,7168
GEMM(7;5;0),1,990,15623252,661751808,7578
POTRF(1),1,990,2990609,119269376,0
TRSM(2;1),1,990,8817216,358155264,0
TRSM(3;1),1,990,8968146,358179840,0
TRSM(4;1),1,990,9060979,358165504,0
TRSM(5;1),1,990,8980273,358197248,0
TRSM(6;1),1,990,8986272,358183936,0
TRSM(7;1),1,990,8982096,358165504,0
SYRK(5;1),1,990,8330239,330534912,0
GEMM(6;5;1),1,990,16307068,661288960,0
GEMM(7;5;1),1,990,16295925,661285888,0
SYRK(5;2),1,990,382756028,16866904064,85851598438
GEMM(6;5;2),1,990,373845537,16139273216,7373
GEMM(7;5;2),1,990,374260542,17032247296,7373
SYRK(5;3),1,990,380003147,16362324992,16487746150
GEMM(6;5;3),1,990,362198804,16376587264,7168
GEMM(7;5;3),1,990,258358801,11430193152,7782
SYRK(5;4),1,990,133929610,5463013376,751136358
GEMM(6;5;4),1,990,303439109,13581346816,7578
GEMM(7;5;4),1,990,184670956,8344884224,7168
POTRF(5),1,990,2985925,119270400,0
TRSM(6;5),1,990,8681872,358157312,0
TRSM(7;5),1,990,9081701,358191104,0
SYRK(1;0),1,1065,91182738,3475153920,570044211
GEMM(2;1;0),1,1065,295476002,13108699136,7168
GEMM(3;1;0),1,1065,312518338,13295972352,6963
GEMM(4;1;0),1,1065,304981144,13247442944,7168
GEMM(5;1;0),1,1065,299485328,12999866368,6758
GEMM(6;1;0),1,1065,312682131,13494658048,7168
GEMM(7;1;0),1,1065,299586237,12925329408,6963
SYRK(5;0),1,1065,261388937,10918335488,5939
GEMM(6;5;0),1,1065,183693580,8297440256,6963
GEMM(7;5;0),1,1065,15166255,615792640,7168
POTRF(1),1,1065,2671627,110874624,0
TRSM(2;1),1,1065,8425602,332955648,0
TRSM(3;1),1,1065,8573038,332989440,0
TRSM(4;1),1,1065,8626182,332978176,0
TRSM(5;1),1,1065,8575680,332992512,0
TRSM(6;1),1,1065,8578546,332965888,0
TRSM(7;1),1,1065,8603357,332975104,0
SYRK(5;1),1,1065,7946145,307257344,0
GEMM(6;5;1),1,1065,15586349,614756352,0
GEMM(7;5;1),1,1065,15525516,614748160,0
SYRK(5;2),1,1065,402833088,17278069760,86196550451
GEMM(6;5;2),1,1065,404524789,17507136512,6963
GEMM(7;5;2),1,1065,401359361,17682581504,6963
SYRK(5;3),1,1065,405895728,16952005632,16951383040
GEMM(6;5;3),1,1065,402792477,17653173248,6758
GEMM(7;5;3),1,1065,307657463,13773512704,7168
SYRK(5;4),1,1065,91110036,3538393088,928886989
GEMM(6;5;4),1,1065,300428675,13166617600,6758
GEMM(7;5;4),1,1065,189466938,8315312128,7168
POTRF(5),1,1065,2623381,110870528,0
TRSM(6;5),1,1065,8464054,332961792,0
TRSM(7;5),1,1065,8536561,332993536,0
SYRK(1;0),1,1065,93142950,3564238848,570044211
GEMM(2;1;0),1,1065,306897057,13550156800,7168
GEMM(3;1;0),1,1065,311805298,13499691008,6963
GEMM(4;1;0),1,1065,318585541,13611045888,7168
GEMM(5;1;0),1,1065,320525135,13768498176,6758
GEMM(6;1;0),1,1065,314857133,13731330048,7168
GEMM(7;1;0),1,1065,303662726,13154048000,6963
SYRK(5;0),1,1065,256672860,10947052544,5939
GEMM(6;5;0),1,1065,189345386,8281867264,6963
GEMM(7;5;0),1,1065,15067090,615769088,7168
POTRF(1),1,1065,2851417,110872576,0
TRSM(2;1),1,1065,8169880,332955648,0
TRSM(3;1),1,1065,8786071,332997632,0
TRSM(4;1),1,1065,8658638,332971008,0
TRSM(5;1),1,1065,8598979,333003776,0
TRSM(6;1),1,1065,8585742,332966912,0
TRSM(7;1),1,1065,8596992,332976128,0
SYRK(5;1),1,1065,7972234,307257344,0
GEMM(6;5;1),1,1065,15577971,614757376,0
GEMM(7;5;1),1,1065,15502390,614752256,0
SYRK(5;2),1,1065,402179758,17330239488,86196550451
GEMM(6;5;2),1,1065,397904041,17365115904,6963
GEMM(7;5;2),1,1065,399252719,17251050496,6963
SYRK(5;3),1,1065,411329176,17197652992,16951383040
GEMM(6;5;3),1,1065,397164519,17342351360,6758
GEMM(7;5;3),1,1065,285000266,12688680960,7168
SYRK(5;4),1,1065,92920835,3454666752,928886989
GEMM(6;5;4),1,1065,289699907,12806610944,6758
GEMM(7;5;4),1,1065,183385386,8113963008,7168
POTRF(5),1,1065,2755615,110871552,0
TRSM(6;5),1,1065,8266190,332967936,0
TRSM(7;5),1,1065,8551179,332992512,0
SYRK(1;0),1,1065,85204295,3435298816,570044211
GEMM(2;1;0),1,1065,304627573,13102979072,7168
GEMM(3;1;0),1,1065,299657335,13117571072,6963
GEMM(4;1;0),1,1065,308424360,13002785792,7168
GEMM(5;1;0),1,1065,307278298,13280700416,6758
GEMM(6;1;0),1,1065,302605817,13131553792,7168
GEMM(7;1;0),1,1065,293267142,12791077888,6963
SYRK(5;0),1,1065,253573143,10793772032,5939
GEMM(6;5;0),1,1065,185402511,8136820736,6963
GEMM(7;5;0),1,1065,14960048,615761920,7168
POTRF(1),1,1065,2632249,110878720,0
TRSM(2;1),1,1065,8309550,332954624,0
TRSM(3;1),1,1065,8899175,332984320,0
TRSM(4;1),1,1065,8573205,332974080,0
TRSM(5;1),1,1065,8552000,333001728,0
TRSM(6;1),1,1065,8567967,332959744,0
TRSM(7;1),1,1065,8575274,332972032,0
SYRK(5;1),1,1065,7939419,307256320,0
GEMM(6;5;1),1,1065,15585244,614755328,0
GEMM(7;5;1),1,1065,15565604,614749184,0
SYRK(5;2),1,1065,403790945,17340027904,86196550451
GEMM(6;5;2),1,1065,397531686,17245355008,6963
GEMM(7;5;2),1,1065,390437520,17044745216,6963
SYRK(5;3),1,1065,405038237,16863086592,16951383040
GEMM(6;5;3),1,1065,401484196,17488099328,6758
GEMM(7;5;3),1,1065,270272249,12140845056,7168
SYRK(5;4),1,1065,80523940,3307715584,928886989
GEMM(6;5;4),1,1065,300705937,12969073664,6758
GEMM(7;5;4),1,1065,191301754,8363936768,7168
POTRF(5),1,1065,2762852,110872576,0
TRSM(6;5),1,1065,8225620,332966912,0
TRSM(7;5),1,1065,8493288,332989440,0
SYRK(1;0),1,1065,92364773,3524381696,570044211
GEMM(2;1;0),1,1065,310714017,13444285440,7168
GEMM(3;1;0),1,1065,309158589,13548746752,6963
GEMM(4;1;0),1,1065,303215765,13139293184,7168
GEMM(5;1;0),1,1065,318514999,13682156544,6758
GEMM(6;1;0),1,1065,313168158,13575951360,7168
GEMM(7;1;0),1,1065,303319609,13191041024,6963
SYRK(5;0),1,1065,253253960,10624405504,5939
GEMM(6;5;0),1,1065,190509802,8428821504,6963
GEMM(7;5;0),1,1065,15167786,615772160,7168
POTRF(1),1,1065,2720592,110875648,0
TRSM(2;1),1,1065,8398811,332958720,0
TRSM(3;1),1,1065,8567647,332987392,0
TRSM(4;1),1,1065,8644070,332971008,0
TRSM(5;1),1,1065,8610380,332995584,0
TRSM(6;1),1,1065,8588019,332967936,0
TRSM(7;1),1,1065,8593524,332973056,0
SYRK(5;1),1,1065,7958539,307257344,0
GEMM(6;5;1),1,1065,15597046,614756352,0
GEMM(7;5;1),1,1065,15515444,614752256,0
SYRK(5;2),1,1065,397216670,17207866368,86196550451
GEMM(6;5;2),1,1065,407763353,17306628096,6963
GEMM(7;5;2),1,1065,408893427,17582057472,6963
SYRK(5;3),1,1065,421971258,17327503360,16951383040
GEMM(6;5;3),1,1065,398893579,17727818752,6758
GEMM(7;5;3),1,1065,285888293,12741019648,7168
SYRK(5;4),1,1065,88999145,3548975104,928886989
GEMM(6;5;4),1,1065,315144914,13686983680,6758
GEMM(7;5;4),1,1065,206300907,9059734528,7168
POTRF(5),1,1065,2856063,110871552,0
TRSM(6;5),1,1065,8254581,332965888,0
TRSM(7;5),1,1065,8503208,332997632,0
SYRK(1;0),1,1065,96424337,3722156032,570044211
GEMM(2;1;0),1,1065,320238458,14106535936,7168
GEMM(3;1;0),1,1065,325684026,13888115712,6963
GEMM(4;1;0),1,1065,328906115,14193976320,7168
GEMM(5;1;0),1,1065,322342646,13980208128,6758
GEMM(6;1;0),1,1065,325944521,13948751872,7168
GEMM(7;1;0),1,1065,309802338,13648430080,6963
SYRK(5;0),1,1065,284568285,12013858816,5939
GEMM(6;5;0),1,1065,201689339,8874873856,6963
GEMM(7;5;0),1,1065,15092145,615832576,7168
POTRF(1),1,1065,2693446,110871552,0
TRSM(2;1),1,1065,8410547,332959744,0
TRSM(3;1),1,1065,8580466,332991488,0
TRSM(4;1),1,1065,8654215,332975104,0
TRSM(5;1),1,1065,8554460,332997632,0
TRSM(6;1),1,1065,8601127,332966912,0
TRSM(7;1),1,1065,8583435,332969984,0
SYRK(5;1),1,1065,7947435,307257344,0
GEMM(6;5;1),1,1065,15585218,614755328,0
GEMM(7;5;1),1,1065,15513341,614750208,0
SYRK(5;2),1,1065,403289324,17562731520,86196550451
GEMM(6;5;2),1,1065,402267919,17576662016,6963
GEMM(7;5;2),1,1065,406526146,17564644352,6963
SYRK(5;3),1,1065,414968002,17587323904,16951383040
GEMM(6;5;3),1,1065,408696195,17702405120,6758
GEMM(7;5;3),1,1065,287825337,12659164160,7168
SYRK(5;4),1,1065,92439974,3647523840,928886989
GEMM(6;5;4),1,1065,310023243,13619775488,6758
GEMM(7;5;4),1,1065,215791896,9347426304,7168
POTRF(5),1,1065,2758286,110871552,0
TRSM(6;5),1,1065,8266040,332961792,0
TRSM(7;5),1,1065,8532055,332993536,0
SYRK(1;0),1,1140,94062825,3584242688,569642803
GEMM(2;1;0),1,1140,335024347,13579063296,6758
GEMM(3;1;0),1,1140,315781455,13535238144,6963
GEMM(4;1;0),1,1140,314268356,13654841344,6758
GEMM(5;1;0),1,1140,312422262,13372951552,6554
GEMM(6;1;0),1,1140,322801488,13722725376,6758
GEMM(7;1;0),1,1140,315260644,13519191040,6349
SYRK(5;0),1,1140,273803631,11408290816,5734
GEMM(6;5;0),1,1140,213501926,9320212480,6554
GEMM(7;5;0),1,1140,15183522,594491392,6758
POTRF(1),1,1140,2354006,104036352,0
TRSM(2;1),1,1140,8207104,312271872,0
TRSM(3;1),1,1140,8257754,311961600,0
TRSM(4;1),1,1140,8242442,311091200,0
TRSM(5;1),1,1140,8197789,311128064,0
TRSM(6;1),1,1140,8221432,311098368,0
TRSM(7;1),1,1140,8220519,311122944,0
SYRK(5;1),1,1140,7604894,287049728,0
GEMM(6;5;1),1,1140,15021273,577137664,0
GEMM(7;5;1),1,1140,14975732,577102848,0
SYRK(5;2),1,1140,449112645,17452628992,82906306765
GEMM(6;5;2),1,1140,397160266,17495470080,6554
GEMM(7;5;2),1,1140,381425989,17251031040,6349
SYRK(5;3),1,1140,443050985,17130539008,16683593523
GEMM(6;5;3),1,1140,383596535,17470708736,6349
GEMM(7;5;3),1,1140,313178863,13830674432,6758
SYRK(5;4),1,1140,96367435,3746553856,958325146
GEMM(6;5;4),1,1140,309086256,13379415040,6758
GEMM(7;5;4),1,1140,208043230,8839921664,6554
POTRF(5),1,1140,2609071,104121344,0
TRSM(6;5),1,1140,8016638,312100864,0
TRSM(7;5),1,1140,8067787,311771136,0
SYRK(1;0),1,1140,87784779,3458726912,569642803
GEMM(2;1;0),1,1140,318294522,13428660224,6758
GEMM(3;1;0),1,1140,354736310,13487867904,6963
GEMM(4;1;0),1,1140,274878495,13157547008,6758
GEMM(5;1;0),1,1140,313718389,13460322304,6554
GEMM(6;1;0),1,1140,334899196,13740370944,6758
GEMM(7;1;0),1,1140,306019062,13325648896,6349
SYRK(5;0),1,1140,279141784,11684500480,5734
GEMM(6;5;0),1,1140,203686768,8924536832,6554
GEMM(7;5;0),1,1140,14745326,593961984,6758
POTRF(1),1,1140,2723892,103882752,0
TRSM(2;1),1,1140,7880979,312206336,0
TRSM(3;1),1,1140,8266998,311520256,0
TRSM(4;1),1,1140,8455937,311098368,0
TRSM(5;1),1,1140,8273357,311126016,0
TRSM(6;1),1,1140,8283221,311114752,0
TRSM(7;1),1,1140,8276864,311119872,0
SYRK(5;1),1,1140,7653194,287049728,0
GEMM(6;5;1),1,1140,15056305,576914432,0
GEMM(7;5;1),1,1140,14966698,576923648,0
SYRK(5;2),1,1140,423331357,17365771264,82906306765
GEMM(6;5;2),1,1140,401071662,17087249408,6554
GEMM(7;5;2),1,1140,405000443,17434348544,6349
SYRK(5;3),1,1140,453464001,16818795520,16683593523
GEMM(6;5;3),1,1140,397251455,17696997376,6349
GEMM(7;5;3),1,1140,297562246,14062243840,6758
SYRK(5;4),1,1140,92535825,3525995520,958325146
GEMM(6;5;4),1,1140,303736542,13258035200,6758
GEMM(7;5;4),1,1140,208551743,8800697344,6554
POTRF(5),1,1140,2703429,103683072,0
TRSM(6;5),1,1140,7860660,312355840,0
TRSM(7;5),1,1140,8166551,311249920,0
SYRK(1;0),1,1140,97996963,3567346688,569642803
GEMM(2;1;0),1,1140,309823901,13385745408,6758
GEMM(3;1;0),1,1140,325228560,13727773696,6963
GEMM(4;1;0),1,1140,326105477,13884913664,6758
GEMM(5;1;0),1,1140,348331124,13973143552,6554
GEMM(6;1;0),1,1140,304940358,13571717120,6758
GEMM(7;1;0),1,1140,289051933,12443427840,6349
SYRK(5;0),1,1140,255747864,10730463232,5734
GEMM(6;5;0),1,1140,181167077,7948549120,6554
GEMM(7;5;0),1,1140,15050689,593953792,6758
POTRF(1),1,1140,2677625,103690240,0
TRSM(2;1),1,1140,7945291,312310784,0
TRSM(3;1),1,1140,8161304,311240704,0
TRSM(4;1),1,1140,8396412,311094272,0
TRSM(5;1),1,1140,8250348,311121920,0
TRSM(6;1),1,1140,8226977,311100416,0
TRSM(7;1),1,1140,8236879,311119872,0
SYRK(5;1),1,1140,7618117,287050752,0
GEMM(6;5;1),1,1140,15031980,577144832,0
GEMM(7;5;1),1,1140,14963031,576914432,0
SYRK(5;2),1,1140,413351728,17171108864,82906306765
GEMM(6;5;2),1,1140,407839674,17212459008,6554
GEMM(7;5;2),1,1140,396174589,17342882816,6349
SYRK(5;3),1,1140,460112942,17237038080,16683593523
GEMM(6;5;3),1,1140,371179441,17489344512,6349
GEMM(7;5;3),1,1140,317816823,14102056960,6758
SYRK(5;4),1,1140,87884374,3526605824,958325146
GEMM(6;5;4),1,1140,311444697,13194002432,6758
GEMM(7;5;4),1,1140,202752297,8740760576,6554
POTRF(5),1,1140,2669977,103643136,0
TRSM(6;5),1,1140,7830986,312379392,0
TRSM(7;5),1,1140,8439230,311966720,0
SYRK(1;0),1,1140,93185217,3531873280,569642803
GEMM(2;1;0),1,1140,325612123,13834776576,6758
GEMM(3;1;0),1,1140,317744354,13222083584,6963
GEMM(4;1;0),1,1140,316498277,13627142144,6758
GEMM(5;1;0),1,1140,325701235,13621158912,6554
GEMM(6;1;0),1,1140,316313999,13456238592,6758
GEMM(7;1;0),1,1140,292139381,12704473088,6349
SYRK(5;0),1,1140,271491135,11185819648,5734
GEMM(6;5;0),1,1140,186722267,8325101568,6554
GEMM(7;5;0),1,1140,15011775,594280448,6758
POTRF(1),1,1140,2699431,103798784,0
TRSM(2;1),1,1140,7858398,312535040,0
TRSM(3;1),1,1140,8373005,311118848,0
TRSM(4;1),1,1140,8264047,311098368,0
TRSM(5;1),1,1140,8198187,311115776,0
TRSM(6;1),1,1140,8224373,311098368,0
TRSM(7;1),1,1140,8258669,311120896,0
SYRK(5;1),1,1140,7638720,287049728,0
GEMM(6;5;1),1,1140,15025830,576920576,0
GEMM(7;5;1),1,1140,14979647,576975872,0
SYRK(5;2),1,1140,420725133,17436839936,82906306765
GEMM(6;5;2),1,1140,399067253,16973330432,6554
GEMM(7;5;2),1,1140,396538478,17299068928,6349
SYRK(5;3),1,1140,458157655,17008263168,16683593523
GEMM(6;5;3),1,1140,380255200,17540294656,6349
GEMM(7;5;3),1,1140,281150141,12811563008,6758
SYRK(5;4),1,1140,93364491,3598032896,958325146
GEMM(6;5;4),1,1140,309787783,13486499840,6758
GEMM(7;5;4),1,1140,221197762,9338887168,6554
POTRF(5),1,1140,2358847,103629824,0
TRSM(6;5),1,1140,8208710,312514560,0
TRSM(7;5),1,1140,8213017,311171072,0
SYRK(1;0),1,1140,92772468,3536817152,569642803
GEMM(2;1;0),1,1140,321649446,13456336896,6758
GEMM(3;1;0),1,1140,301695727,13022134272,6963
GEMM(4;1;0),1,1140,312633155,13302822912,6758
GEMM(5;1;0),1,1140,325486281,13625112576,6554
GEMM(6;1;0),1,1140,315059617,13533034496,6758
GEMM(7;1;0),1,1140,303100146,12970555392,6349
SYRK(5;0),1,1140,272361176,11346588672,5734
GEMM(6;5;0),1,1140,200822524,8742068224,6554
GEMM(7;5;0),1,1140,14590350,594370560,6758
POTRF(1),1,1140,2612279,103689216,0
TRSM(2;1),1,1140,7915268,312295424,0
TRSM(3;1),1,1140,8497944,312000512,0
TRSM(4;1),1,1140,8254213,311099392,0
TRSM(5;1),1,1140,8213779,311116800,0
TRSM(6;1),1,1140,8232326,311093248,0
TRSM(7;1),1,1140,8227108,311121920,0
SYRK(5;1),1,1140,7624545,287049728,0
GEMM(6;5;1),1,1140,15042011,577051648,0
GEMM(7;5;1),1,1140,14995190,576821248,0
SYRK(5;2),1,1140,415567310,17448223744,82906306765
GEMM(6;5;2),1,1140,411597750,17343772672,6554
GEMM(7;5;2),1,1140,403170500,17299659776,6349
SYRK(5;3),1,1140,453168052,17331278848,16683593523
GEMM(6;5;3),1,1140,385287127,17600237568,6349
GEMM(7;5;3),1,1140,265915634,11876584448,6758
SYRK(5;4),1,1140,93032976,3568337920,958325146
GEMM(6;5;4),1,1140,297580253,12924592128,6758
GEMM(7;5;4),1,1140,203666738,8651130880,6554
POTRF(5),1,1140,2670658,103804928,0
TRSM(6;5),1,1140,7919940,312258560,0
TRSM(7;5),1,1140,8150375,311435264,0
SYRK(1;0),1,1215,109598767,4000719872,569346253
GEMM(2;1;0),1,1215,314865717,12848873472,5939
GEMM(3;1;0),1,1215,314602388,13199989760,6144
GEMM(4;1;0),1,1215,317482940,13039883264,5939
GEMM(5;1;0),1,1215,323231179,13301324800,6144
GEMM(6;1;0),1,1215,317963946,13019482112,6144
GEMM(7;1;0),1,1215,309318905,12689463296,6144
SYRK(5;0),1,1215,265341121,10746366976,5120
GEMM(6;5;0),1,1215,183940239,7570384896,6349
GEMM(7;5;0),1,1215,15175312,591509504,6144
POTRF(1),1,1215,2637321,97183744,0
TRSM(2;1),1,1215,7618870,291863552,0
TRSM(3;1),1,1215,7987722,291902464,0
TRSM(4;1),1,1215,8227842,291873792,0
TRSM(5;1),1,1215,8006830,291896320,0
TRSM(6;1),1,1215,8011444,291901440,0
TRSM(7;1),1,1215,8045293,291900416,0
SYRK(5;1),1,1215,7436765,269327360,0
GEMM(6;5;1),1,1215,14572762,538925056,0
GEMM(7;5;1),1,1215,14544323,538919936,0
SYRK(5;2),1,1215,418952690,16938517504,81154838528
GEMM(6;5;2),1,1215,408912187,16968498176,6144
GEMM(7;5;2),1,1215,417853704,17351912448,6144
SYRK(5;3),1,1215,436348686,17282420736,16400458752
GEMM(6;5;3),1,1215,430229737,17765808128,6144
GEMM(7;5;3),1,1215,339220744,14351036416,6554
SYRK(5;4),1,1215,89213789,3330849792,983340851
GEMM(6;5;4),1,1215,313169946,12830968832,6144
GEMM(7;5;4),1,1215,187384000,7915460608,6144
POTRF(5),1,1215,2543757,97185792,0
TRSM(6;5),1,1215,7825906,291866624,0
TRSM(7;5),1,1215,7821232,291888128,0
SYRK(1;0),1,1215,104454088,3387711488,569346253
GEMM(2;1;0),1,1215,291785615,12576905216,5939
GEMM(3;1;0),1,1215,317513462,13031711744,6144
GEMM(4;1;0),1,1215,320329900,13099498496,5939
GEMM(5;1;0),1,1215,320097460,13083844608,6144
GEMM(6;1;0),1,1215,320732985,12998713344,6144
GEMM(7;1;0),1,1215,298240288,12326593536,6144
SYRK(5;0),1,1215,247985251,9958677504,5120
GEMM(6;5;0),1,1215,178202262,7545167872,6349
GEMM(7;5;0),1,1215,15110902,591513600,6144
POTRF(1),1,1215,2659333,97184768,0
TRSM(2;1),1,1215,7769225,291867648,0
TRSM(3;1),1,1215,7839681,291894272,0
TRSM(4;1),1,1215,8269274,291881984,0
TRSM(5;1),1,1215,8010540,291905536,0
TRSM(6;1),1,1215,8011828,291905536,0
TRSM(7;1),1,1215,8021022,291901440,0
SYRK(5;1),1,1215,7420548,269329408,0
GEMM(6;5;1),1,1215,14570872,538927104,0
GEMM(7;5;1),1,1215,14471600,538919936,0
SYRK(5;2),1,1215,403985656,16818020352,81154838528
GEMM(6;5;2),1,1215,415699634,16742850560,6144
GEMM(7;5;2),1,1215,408103294,16971203584,6144
SYRK(5;3),1,1215,440226190,17495558144,16400458752
GEMM(6;5;3),1,1215,431337573,17784971264,6144
GEMM(7;5;3),1,1215,349723561,14697171968,6554
SYRK(5;4),1,1215,89569486,3346533376,983340851
GEMM(6;5;4),1,1215,309196613,12680167424,6144
GEMM(7;5;4),1,1215,190147564,8011118592,6144
POTRF(5),1,1215,2290747,97248256,0
TRSM(6;5),1,1215,7793625,292128768,0
TRSM(7;5),1,1215,8043946,291884032,0
SYRK(1;0),1,1215,93415715,3396429824,569346253
GEMM(2;1;0),1,1215,308299500,12936544256,5939
GEMM(3;1;0),1,1215,313908811,12854375424,6144
GEMM(4;1;0),1,1215,326901527,13056174080,5939
GEMM(5;1;0),1,1215,308756080,12900150272,6144
GEMM(6;1;0),1,1215,327242340,13228004352,6144
GEMM(7;1;0),1,1215,297124534,12324194304,6144
SYRK(5;0),1,1215,261165622,10500750336,5120
GEMM(6;5;0),1,1215,202662829,8459642880,6349
GEMM(7;5;0),1,1215,15600814,591749120,6144
POTRF(1),1,1215,2335367,97182720,0
TRSM(2;1),1,1215,7897460,291864576,0
TRSM(3;1),1,1215,8017324,291897344,0
TRSM(4;1),1,1215,8114611,291881984,0
TRSM(5;1),1,1215,8059077,291900416,0
TRSM(6;1),1,1215,8021736,291902464,0
TRSM(7;1),1,1215,8035021,291903488,0
SYRK(5;1),1,1215,7463739,269329408,0
GEMM(6;5;1),1,1215,14584894,538924032,0
GEMM(7;5;1),1,1215,14545185,538915840,0
SYRK(5;2),1,1215,412862541,16544873472,81154838528
GEMM(6;5;2),1,1215,416106885,17163695104,6144
GEMM(7;5;2),1,1215,416921469,17196763136,6144
SYRK(5;3),1,1215,427594748,16874260480,16400458752
GEMM(6;5;3),1,1215,425159996,17626124288,6144
GEMM(7;5;3),1,1215,330279092,13969783808,6554
SYRK(5;4),1,1215,87996660,3317342208,983340851
GEMM(6;5;4),1,1215,313448846,12590627840,6144
GEMM(7;5;4),1,1215,184617540,8022069248,6144
POTRF(5),1,1215,2715912,97254400,0
TRSM(6;5),1,1215,7610955,292062208,0
TRSM(7;5),1,1215,8054160,291890176,0
SYRK(1;0),1,1215,96204577,3502314496,569346253
GEMM(2;1;0),1,1215,329098415,13057949696,5939
GEMM(3;1;0),1,1215,310696404,13204358144,6144
GEMM(4;1;0),1,1215,317806700,13124246528,5939
GEMM(5;1;0),1,1215,318952030,13012999168,6144
GEMM(6;1;0),1,1215,323654200,13162483712,6144
GEMM(7;1;0),1,1215,302978137,12553346048,6144
SYRK(5;0),1,1215,259645011,10484111360,5120
GEMM(6;5;0),1,1215,193763100,8092353536,6349
GEMM(7;5;0),1,1215,15312115,591553536,6144
POTRF(1),1,1215,2450246,97184768,0
TRSM(2;1),1,1215,7865732,291862528,0
TRSM(3;1),1,1215,8033021,291898368,0
TRSM(4;1),1,1215,8098634,291876864,0
TRSM(5;1),1,1215,8002426,291904512,0
TRSM(6;1),1,1215,7974270,291897344,0
TRSM(7;1),1,1215,7984209,291907584,0
SYRK(5;1),1,1215,7409095,269329408,0
GEMM(6;5;1),1,1215,14576429,538926080,0
GEMM(7;5;1),1,1215,14478872,538920960,0
SYRK(5;2),1,1215,412252969,16696128512,81154838528
GEMM(6;5;2),1,1215,396043262,16644312064,6144
GEMM(7;5;2),1,1215,405707354,16645237760,6144
SYRK(5;3),1,1215,437474409,17384115200,16400458752
GEMM(6;5;3),1,1215,430865611,17731613696,6144
GEMM(7;5;3),1,1215,331539338,13960993792,6554
SYRK(5;4),1,1215,81034807,3203472384,983340851
GEMM(6;5;4),1,1215,309048096,12579672064,6144
GEMM(7;5;4),1,1215,192785381,8022141952,6144
POTRF(5),1,1215,2613977,97185792,0
TRSM(6;5),1,1215,7820194,291869696,0
TRSM(7;5),1,1215,8010820,291893248,0
SYRK(1;0),1,1215,99476780,3623339008,569346253
GEMM(2;1;0),1,1215,336748746,13156221952,5939
GEMM(3;1;0),1,1215,299039620,13286619136,6144
GEMM(4;1;0),1,1215,325877152,13246118912,5939
GEMM(5;1;0),1,1215,324515938,13234360320,6144
GEMM(6;1;0),1,1215,334527442,13482007552,6144
GEMM(7;1;0),1,1215,307870480,12742528000,6144
SYRK(5;0),1,1215,258457189,10372381696,5120
GEMM(6;5;0),1,1215,188909596,7956891648,6349
GEMM(7;5;0),1,1215,15562082,592782336,6144
POTRF(1),1,1215,2323380,97238016,0
TRSM(2;1),1,1215,7851973,292151296,0
TRSM(3;1),1,1215,8036776,292088832,0
TRSM(4;1),1,1215,8054619,291878912,0
TRSM(5;1),1,1215,7963022,291909632,0
TRSM(6;1),1,1215,7978164,291901440,0
TRSM(7;1),1,1215,8003293,291912704,0
SYRK(5;1),1,1215,7412500,269328384,0
GEMM(6;5;1),1,1215,14557543,538925056,0
GEMM(7;5;1),1,1215,14550889,538919936,0
SYRK(5;2),1,1215,413758112,16831468544,81154838528
GEMM(6;5;2),1,1215,413769139,16964105216,6144
GEMM(7;5;2),1,1215,407222156,16761253888,6144
SYRK(5;3),1,1215,436547245,17290281984,16400458752
GEMM(6;5;3),1,1215,431078232,17750668288,6144
GEMM(7;5;3),1,1215,346668475,14630081536,6554
SYRK(5;4),1,1215,90871424,3408754688,983340851
GEMM(6;5;4),1,1215,304954552,12687533056,6144
GEMM(7;5;4),1,1215,187995292,7729496064,6144
POTRF(5),1,1215,2531215,97180672,0
TRSM(6;5),1,1215,7905549,291872768,0
TRSM(7;5),1,1215,7946743,291891200,0
SYRK(1;0),1,1290,95413330,3452109824,569723290
GEMM(2;1;0),1,1290,311812470,12760412160,5939
GEMM(3;1;0),1,1290,330594046,12846900224,5734
GEMM(4;1;0),1,1290,320993946,12998037504,5939
GEMM(5;1;0),1,1290,329164831,13040949248,5734
GEMM(6;1;0),1,1290,325847821,13070620672,5939
GEMM(7;1;0),1,1290,308311622,12410899456,6144
SYRK(5;0),1,1290,249965120,9747418112,4506
GEMM(6;5;0),1,1290,176402972,7331379200,5939
GEMM(7;5;0),1,1290,15803552,593800192,5939
POTRF(1),1,1290,2412664,91540480,0
TRSM(2;1),1,1290,7451310,274950144,0
TRSM(3;1),1,1290,7951353,274969600,0
TRSM(4;1),1,1290,7691946,274966528,0
TRSM(5;1),1,1290,7735004,274974720,0
TRSM(6;1),1,1290,7868344,274980864,0
TRSM(7;1),1,1290,7791297,274980864,0
SYRK(5;1),1,1290,7188509,253673472,0
GEMM(6;5;1),1,1290,14072234,507543552,0
GEMM(7;5;1),1,1290,13976530,507540480,0
SYRK(5;2),1,1290,446013828,17513450496,80353634099
GEMM(6;5;2),1,1290,429102761,17386752000,5734
GEMM(7;5;2),1,1290,432880256,17511160832,5939
SYRK(5;3),1,1290,440889884,17206856704,16291484877
GEMM(6;5;3),1,1290,431196950,17206402048,5530
GEMM(7;5;3),1,1290,352863423,14566061056,6144
SYRK(5;4),1,1290,90351507,3268206592,1005798605
GEMM(6;5;4),1,1290,302402573,12165006336,5939
GEMM(7;5;4),1,1290,178053891,7283784704,5734
POTRF(5),1,1290,2629783,91537408,0
TRSM(6;5),1,1290,7447705,274956288,0
TRSM(7;5),1,1290,7688480,274974720,0
SYRK(1;0),1,1290,91265835,3267883008,569723290
GEMM(2;1;0),1,1290,327625910,12697103360,5939
GEMM(3;1;0),1,1290,300927425,12401991680,5734
GEMM(4;1;0),1,1290,314050177,12657324032,5939
GEMM(5;1;0),1,1290,309499621,12437493760,5734
GEMM(6;1;0),1,1290,318405261,12796263424,5939
GEMM(7;1;0),1,1290,300642538,11894796288,6144
SYRK(5;0),1,1290,242539259,9618036736,4506
GEMM(6;5;0),1,1290,174489648,7040688128,5939
GEMM(7;5;0),1,1290,15871189,593896448,5939
POTRF(1),1,1290,2594352,91537408,0
TRSM(2;1),1,1290,7530156,274948096,0
TRSM(3;1),1,1290,7839303,274972672,0
TRSM(4;1),1,1290,6312405,274966528,0
TRSM(5;1),1,1290,9210040,274983936,0
TRSM(6;1),1,1290,7785955,274979840,0
TRSM(7;1),1,1290,7754623,274993152,0
SYRK(5;1),1,1290,7202648,253674496,0
GEMM(6;5;1),1,1290,14087930,507542528,0
GEMM(7;5;1),1,1290,14015198,507533312,0
SYRK(5;2),1,1290,457153282,17717182464,80353634099
GEMM(6;5;2),1,1290,413463326,17118353408,5734
GEMM(7;5;2),1,1290,430307184,17254198272,5939
SYRK(5;3),1,1290,437756210,16929585152,16291484877
GEMM(6;5;3),1,1290,426270494,17051314176,5530
GEMM(7;5;3),1,1290,354430266,14590701568,6144
SYRK(5;4),1,1290,88757173,3251808256,1005798605
GEMM(6;5;4),1,1290,296665506,12089167872,5939
GEMM(7;5;4),1,1290,182982271,7276281856,5734
POTRF(5),1,1290,2376857,91538432,0
TRSM(6;5),1,1290,7543983,274955264,0
TRSM(7;5),1,1290,7703198,274979840,0
SYRK(1;0),1,1290,87704965,3282601984,569723290
GEMM(2;1;0),1,1290,315036336,12491217920,5939
GEMM(3;1;0),1,1290,314236355,12548456448,5734
GEMM(4;1;0),1,1290,317343097,12596874240,5939
GEMM(5;1;0),1,1290,322011325,12794621952,5734
GEMM(6;1;0),1,1290,317888545,12928539648,5939
GEMM(7;1;0),1,1290,302198231,12014953472,6144
SYRK(5;0),1,1290,243574400,9629520896,4506
GEMM(6;5;0),1,1290,173524343,7046265856,5939
GEMM(7;5;0),1,1290,15508835,593148928,5939
POTRF(1),1,1290,2237963,91536384,0
TRSM(2;1),1,1290,7459155,274945024,0
TRSM(3;1),1,1290,8051926,274973696,0
TRSM(4;1),1,1290,7643797,274970624,0
TRSM(5;1),1,1290,7849063,274971648,0
TRSM(6;1),1,1290,7847771,274980864,0
TRSM(7;1),1,1290,7752402,274997248,0
SYRK(5;1),1,1290,7167869,253673472,0
GEMM(6;5;1),1,1290,14076685,507542528,0
GEMM(7;5;1),1,1290,13968657,507539456,0
SYRK(5;2),1,1290,446670970,17565057024,80353634099
GEMM(6;5;2),1,1290,444365952,17803348992,5734
GEMM(7;5;2),1,1290,429397823,17487936512,5939
SYRK(5;3),1,1290,440036931,17109831680,16291484877
GEMM(6;5;3),1,1290,432555682,17328446464,5530
GEMM(7;5;3),1,1290,353817733,14515670016,6144
SYRK(5;4),1,1290,92826115,3409009664,1005798605
GEMM(6;5;4),1,1290,303383256,12234870784,5939
GEMM(7;5;4),1,1290,182047822,7362780160,5734
POTRF(5),1,1290,2192150,91539456,0
TRSM(6;5),1,1290,7522778,274957312,0
TRSM(7;5),1,1290,7643132,274980864,0
SYRK(1;0),1,1290,92976744,3348614144,569723290
GEMM(2;1;0),1,1290,314783713,12609654784,5939
GEMM(3;1;0),1,1290,318173947,12643182592,5734
GEMM(4;1;0),1,1290,310412765,12479651840,5939
GEMM(5;1;0),1,1290,313347871,12436477952,5734
GEMM(6;1;0),1,1290,316785398,12615160832,5939
GEMM(7;1;0),1,1290,296030211,12139752448,6144
SYRK(5;0),1,1290,251194604,9426892800,4506
GEMM(6;5;0),1,1290,171431938,7351759872,5939
GEMM(7;5;0),1,1290,16089169,592295936,5939
POTRF(1),1,1290,2332748,91540480,0
TRSM(2;1),1,1290,7407513,274945024,0
TRSM(3;1),1,1290,7826354,274983936,0
TRSM(4;1),1,1290,7945367,274967552,0
TRSM(5;1),1,1290,7764256,274970624,0
TRSM(6;1),1,1290,7751166,274992128,0
TRSM(7;1),1,1290,7749741,274999296,0
SYRK(5;1),1,1290,7206322,253675520,0
GEMM(6;5;1),1,1290,14076931,507540480,0
GEMM(7;5;1),1,1290,13961387,507546624,0
SYRK(5;2),1,1290,451840221,17547662336,80353634099
GEMM(6;5;2),1,1290,441530894,17519857664,5734
GEMM(7;5;2),1,1290,409514930,16983730176,5939
SYRK(5;3),1,1290,438689190,17060627456,16291484877
GEMM(6;5;3),1,1290,438862152,17505996800,5530
GEMM(7;5;3),1,1290,355362649,14658796544,6144
SYRK(5;4),1,1290,91163014,3296169984,1005798605
GEMM(6;5;4),1,1290,314812817,12396009472,5939
GEMM(7;5;4),1,1290,171046199,7287583744,5734
POTRF(5),1,1290,2363233,91537408,0
TRSM(6;5),1,1290,7717718,274960384,0
TRSM(7;5),1,1290,7467398,274973696,0
SYRK(1;0),1,1290,96797727,3270754304,569723290
GEMM(2;1;0),1,1290,306417310,12544046080,5939
GEMM(3;1;0),1,1290,325133055,12898075648,5734
GEMM(4;1;0),1,1290,314145949,12635863040,5939
GEMM(5;1;0),1,1290,317741068,12615365632,5734
GEMM(6;1;0),1,1290,318556281,12598553600,5939
GEMM(7;1;0),1,1290,292849234,11952562176,6144
SYRK(5;0),1,1290,252299796,10011009024,4506
GEMM(6;5;0),1,1290,189221106,7637377024,5939
GEMM(7;5;0),1,1290,15652000,593874944,5939
POTRF(1),1,1290,2369970,91534336,0
TRSM(2;1),1,1290,7675078,274947072,0
TRSM(3;1),1,1290,7596197,274978816,0
TRSM(4;1),1,1290,7866143,274963456,0
TRSM(5;1),1,1290,7871408,274970624,0
TRSM(6;1),1,1290,7740325,274984960,0
TRSM(7;1),1,1290,7734297,274982912,0
SYRK(5;1),1,1290,7168355,253674496,0
GEMM(6;5;1),1,1290,14059153,507528192,0
GEMM(7;5;1),1,1290,13969650,507526144,0
SYRK(5;2),1,1290,443393514,17408297984,80353634099
GEMM(6;5;2),1,1290,446054750,17645938688,5734
GEMM(7;5;2),1,1290,419934279,17454899200,5939
SYRK(5;3),1,1290,443918762,17232013312,16291484877
GEMM(6;5;3),1,1290,432220374,17310848000,5530
GEMM(7;5;3),1,1290,353900618,14582423552,6144
SYRK(5;4),1,1290,94698838,3440238592,1005798605
GEMM(6;5;4),1,1290,309117290,12368206848,5939
GEMM(7;5;4),1,1290,180932169,7466558464,5734
POTRF(5),1,1290,2231357,91539456,0
TRSM(6;5),1,1290,7506926,274954240,0
TRSM(7;5),1,1290,7648004,274980864,0
SYRK(1;0),1,1365,84253543,3184850944,570106470
GEMM(2;1;0),1,1365,316076750,12208086016,5530
GEMM(3;1;0),1,1365,315588219,12268203008,5325
GEMM(4;1;0),1,1365,320142413,12418570240,5530
GEMM(5;1;0),1,1365,318409334,12369503232,5325
GEMM(6;1;0),1,1365,312767059,12241582080,5734
GEMM(7;1;0),1,1365,295978937,11742873600,5325
SYRK(5;0),1,1365,249207955,9501545472,4915
GEMM(6;5;0),1,1365,171434819,6778522624,5939
GEMM(7;5;0),1,1365,16171799,586260480,5530
POTRF(1),1,1365,2276768,86606848,0
TRSM(2;1),1,1365,7442122,260151296,0
TRSM(3;1),1,1365,7714404,260189184,0
TRSM(4;1),1,1365,7539797,260187136,0
TRSM(5;1),1,1365,7670550,260174848,0
TRSM(6;1),1,1365,7516657,260163584,0
TRSM(7;1),1,1365,7746888,260186112,0
SYRK(5;1),1,1365,7253418,239805440,0
GEMM(6;5;1),1,1365,13964719,480481280,0
GEMM(7;5;1),1,1365,13684862,480405504,0
SYRK(5;2),1,1365,461201744,17460294656,79822496563
GEMM(6;5;2),1,1365,438976589,17799250944,5530
GEMM(7;5;2),1,1365,452704556,17724310528,5530
SYRK(5;3),1,1365,448024320,16867020800,16239018394
GEMM(6;5;3),1,1365,444276828,17512865792,5325
GEMM(7;5;3),1,1365,352052226,14103792640,5530
SYRK(5;4),1,1365,89330036,3179982848,1023884493
GEMM(6;5;4),1,1365,296005591,11656281088,5325
GEMM(7;5;4),1,1365,178186803,7061484544,5530
POTRF(5),1,1365,2587804,86532096,0
TRSM(6;5),1,1365,7349788,260188160,0
TRSM(7;5),1,1365,7467026,260164608,0
SYRK(1;0),1,1365,93894357,3195630592,570106470
GEMM(2;1;0),1,1365,299585102,11973707776,5530
GEMM(3;1;0),1,1365,315419308,12133189632,5325
GEMM(4;1;0),1,1365,315018897,12277653504,5530
GEMM(5;1;0),1,1365,300555879,11951608832,5325
GEMM(6;1;0),1,1365,316240318,12134251520,5734
GEMM(7;1;0),1,1365,292900367,11493893120,5325
SYRK(5;0),1,1365,262331791,10017674240,4915
GEMM(6;5;0),1,1365,192221369,7663883264,5939
GEMM(7;5;0),1,1365,16035145,586626048,5530
POTRF(1),1,1365,2490098,86586368,0
TRSM(2;1),1,1365,7270150,260168704,0
TRSM(3;1),1,1365,7616366,260211712,0
TRSM(4;1),1,1365,7828661,260177920,0
TRSM(5;1),1,1365,7530502,260199424,0
TRSM(6;1),1,1365,7863644,260170752,0
TRSM(7;1),1,1365,7776957,260145152,0
SYRK(5;1),1,1365,6962527,239839232,0
GEMM(6;5;1),1,1365,13808490,480374784,0
GEMM(7;5;1),1,1365,13774002,480307200,0
SYRK(5;2),1,1365,446601462,17254951936,79822496563
GEMM(6;5;2),1,1365,440506676,17424186368,5530
GEMM(7;5;2),1,1365,438960082,17310605312,5530
SYRK(5;3),1,1365,450257241,17076028416,16239018394
GEMM(6;5;3),1,1365,440414818,17259843584,5325
GEMM(7;5;3),1,1365,363337448,14626292736,5530
SYRK(5;4),1,1365,80759195,3023431680,1023884493
GEMM(6;5;4),1,1365,306222451,11572112384,5325
GEMM(7;5;4),1,1365,157367208,6557597696,5530
POTRF(5),1,1365,2419334,86557696,0
TRSM(6;5),1,1365,7429826,260088832,0
TRSM(7;5),1,1365,7548482,260098048,0
SYRK(1;0),1,1365,95416310,3246544896,570106470
GEMM(2;1;0),1,1365,317190987,12653516800,5530
GEMM(3;1;0),1,1365,323374985,12491333632,5325
GEMM(4;1;0),1,1365,312966271,12447374336,5530
GEMM(5;1;0),1,1365,328951320,12602068992,5325
GEMM(6;1;0),1,1365,323877383,12462479360,5734
GEMM(7;1;0),1,1365,295901226,11794164736,5325
SYRK(5;0),1,1365,243041729,9346476032,4915
GEMM(6;5;0),1,1365,182806956,7195852800,5939
GEMM(7;5;0),1,1365,16019107,586168320,5530
POTRF(1),1,1365,2411827,86580224,0
TRSM(2;1),1,1365,7564255,260152320,0
TRSM(3;1),1,1365,7497566,260169728,0
TRSM(4;1),1,1365,7725957,260175872,0
TRSM(5;1),1,1365,7763912,260170752,0
TRSM(6;1),1,1365,7695778,260205568,0
TRSM(7;1),1,1365,7405737,260190208,0
SYRK(5;1),1,1365,5967393,239788032,0
GEMM(6;5;1),1,1365,15169072,480481280,0
GEMM(7;5;1),1,1365,13731859,480437248,0
SYRK(5;2),1,1365,444594611,17392998400,79822496563
GEMM(6;5;2),1,1365,458532026,17931794432,5530
GEMM(7;5;2),1,1365,432783522,16875629568,5530
SYRK(5;3),1,1365,456895706,17189144576,16239018394
GEMM(6;5;3),1,1365,451983690,17701764096,5325
GEMM(7;5;3),1,1365,351177269,14207003648,5530
SYRK(5;4),1,1365,88636413,3224118272,1023884493
GEMM(6;5;4),1,1365,298506239,11860113408,5325
GEMM(7;5;4),1,1365,189512982,7297944576,5530
POTRF(5),1,1365,2283957,86572032,0
TRSM(6;5),1,1365,7456350,260143104,0
TRSM(7;5),1,1365,7674729,260112384,0
SYRK(1;0),1,1365,92167796,3141956608,570106470
GEMM(2;1;0),1,1365,308474357,12278883328,5530
GEMM(3;1;0),1,1365,323462909,12497915904,5325
GEMM(4;1;0),1,1365,318001170,12381978624,5530
GEMM(5;1;0),1,1365,312208133,12129983488,5325
GEMM(6;1;0),1,1365,314980013,12337913856,5734
GEMM(7;1;0),1,1365,304488959,11921689600,5325
SYRK(5;0),1,1365,241526255,9168476160,4915
GEMM(6;5;0),1,1365,171814911,6901410816,5939
GEMM(7;5;0),1,1365,16002690,586278912,5530
POTRF(1),1,1365,2176597,86578176,0
TRSM(2;1),1,1365,7348103,260111360,0
TRSM(3;1),1,1365,7846717,260108288,0
TRSM(4;1),1,1365,7854740,260076544,0
TRSM(5;1),1,1365,7448544,260124672,0
TRSM(6;1),1,1365,7590985,260132864,0
TRSM(7;1),1,1365,7647878,260139008,0
SYRK(5;1),1,1365,7226904,239787008,0
GEMM(6;5;1),1,1365,13800305,480287744,0
GEMM(7;5;1),1,1365,13782894,480269312,0
SYRK(5;2),1,1365,431573080,16611578880,79822496563
GEMM(6;5;2),1,1365,443241425,16516449280,5530
GEMM(7;5;2),1,1365,405929572,16762988544,5530
SYRK(5;3),1,1365,452211548,17190086656,16239018394
GEMM(6;5;3),1,1365,450920874,17530318848,5325
GEMM(7;5;3),1,1365,356847483,14377288704,5530
SYRK(5;4),1,1365,82163078,3076792320,1023884493
GEMM(6;5;4),1,1365,298342425,11573910528,5325
GEMM(7;5;4),1,1365,171084747,6764087296,5530
POTRF(5),1,1365,2554491,86567936,0
TRSM(6;5),1,1365,7242060,260136960,0
TRSM(7;5),1,1365,7647555,260080640,0
SYRK(1;0),1,1365,90100094,3167764480,570106470
GEMM(2;1;0),1,1365,305193394,12019258368,5530
GEMM(3;1;0),1,1365,308339574,12072978432,5325
GEMM(4;1;0),1,1365,326232958,12567448576,5530
GEMM(5;1;0),1,1365,313219610,12180286464,5325
GEMM(6;1;0),1,1365,318219865,12350111744,5734
GEMM(7;1;0),1,1365,292649332,11639197696,5325
SYRK(5;0),1,1365,230008858,8730423296,4915
GEMM(6;5;0),1,1365,170489563,6805803008,5939
GEMM(7;5;0),1,1365,16313868,588663808,5530
POTRF(1),1,1365,2309727,86597632,0
TRSM(2;1),1,1365,7442132,260191232,0
TRSM(3;1),1,1365,7729568,260170752,0
TRSM(4;1),1,1365,7360966,260120576,0
TRSM(5;1),1,1365,7895860,260150272,0
TRSM(6;1),1,1365,7637449,260139008,0
TRSM(7;1),1,1365,7650115,260126720,0
SYRK(5;1),1,1365,7065097,239794176,0
GEMM(6;5;1),1,1365,13464292,480285696,0
GEMM(7;5;1),1,1365,12721199,480308224,0
SYRK(5;2),1,1365,431194813,16605145088,79822496563
GEMM(6;5;2),1,1365,427452909,16725338112,5530
GEMM(7;5;2),1,1365,430055557,16811214848,5530
SYRK(5;3),1,1365,455480094,17081810944,16239018394
GEMM(6;5;3),1,1365,439420913,17579092992,5325
GEMM(7;5;3),1,1365,372011807,14619880448,5530
SYRK(5;4),1,1365,92336972,3250065408,1023884493
GEMM(6;5;4),1,1365,307834184,12015576064,5325
GEMM(7;5;4),1,1365,186308709,7511546880,5530
POTRF(5),1,1365,2458284,86590464,0
TRSM(6;5),1,1365,7407801,260213760,0
TRSM(7;5),1,1365,7521326,260196352,0
SYRK(1;0),1,1440,93999923,3205587968,570039091
GEMM(2;1;0),1,1440,343243626,12486311936,5325
GEMM(3;1;0),1,1440,325424832,12715435008,5325
GEMM(4;1;0),1,1440,326471670,12613358592,5120
GEMM(5;1;0),1,1440,339017146,12594495488,5120
GEMM(6;1;0),1,1440,335063504,12569307136,5325
GEMM(7;1;0),1,1440,315429885,12020568064,5325
SYRK(5;0),1,1440,253809276,9455520768,4506
GEMM(6;5;0),1,1440,179401482,6918541312,5530
GEMM(7;5;0),1,1440,16771178,588969984,5325
POTRF(1),1,1440,2830532,82001920,0
TRSM(2;1),1,1440,7195622,246295552,0
TRSM(3;1),1,1440,7381850,246307840,0
TRSM(4;1),1,1440,7683780,246303744,0
TRSM(5;1),1,1440,7610213,246323200,0
TRSM(6;1),1,1440,7530676,246295552,0
TRSM(7;1),1,1440,7653540,246319104,0
SYRK(5;1),1,1440,6978295,227246080,0
GEMM(6;5;1),1,1440,13508470,454816768,0
GEMM(7;5;1),1,1440,13469583,454804480,0
SYRK(5;2),1,1440,468196816,17535802368,78994708890
GEMM(6;5;2),1,1440,462588867,17567120384,5325
GEMM(7;5;2),1,1440,457465836,17227881472,5120
SYRK(5;3),1,1440,469078458,17174746112,16487197901
GEMM(6;5;3),1,1440,453539283,17123689472,5120
GEMM(7;5;3),1,1440,367207970,14281928704,5325
SYRK(5;4),1,1440,89750351,3109541888,1040371302
GEMM(6;5;4),1,1440,302810139,11531000832,5120
GEMM(7;5;4),1,1440,180783779,6893219840,5325
POTRF(5),1,1440,2463973,81997824,0
TRSM(6;5),1,1440,7115770,246298624,0
TRSM(7;5),1,1440,7484875,246308864,0
SYRK(1;0),1,1440,96748464,3251788800,570039091
GEMM(2;1;0),1,1440,324625883,12493019136,5325
GEMM(3;1;0),1,1440,335111206,12348262400,5325
GEMM(4;1;0),1,1440,319706352,12349262848,5120
GEMM(5;1;0),1,1440,332250297,12457164800,5120
GEMM(6;1;0),1,1440,330704602,12504585216,5325
GEMM(7;1;0),1,1440,310689803,11611642880,5325
SYRK(5;0),1,1440,235221036,8848207872,4506
GEMM(6;5;0),1,1440,197047183,7443886080,5530
GEMM(7;5;0),1,1440,17343677,588347392,5325
POTRF(1),1,1440,2214504,82002944,0
TRSM(2;1),1,1440,7354421,246291456,0
TRSM(3;1),1,1440,7625761,246308864,0
TRSM(4;1),1,1440,7563711,246310912,0
TRSM(5;1),1,1440,7591111,246317056,0
TRSM(6;1),1,1440,7336513,246300672,0
TRSM(7;1),1,1440,7667735,246313984,0
SYRK(5;1),1,1440,7050292,227245056,0
GEMM(6;5;1),1,1440,13479650,454815744,0
GEMM(7;5;1),1,1440,13669749,454807552,0
SYRK(5;2),1,1440,450224514,17214971904,78994708890
GEMM(6;5;2),1,1440,446827488,17266243584,5325
GEMM(7;5;2),1,1440,452099053,17172224000,5120
SYRK(5;3),1,1440,457519297,16895441920,16487197901
GEMM(6;5;3),1,1440,455808324,17142480896,5120
GEMM(7;5;3),1,1440,377743695,14644187136,5325
SYRK(5;4),1,1440,89461839,3113843712,1040371302
GEMM(6;5;4),1,1440,308552132,11780084736,5120
GEMM(7;5;4),1,1440,192132385,7244813312,5325
POTRF(5),1,1440,2219300,81999872,0
TRSM(6;5),1,1440,7287974,246291456,0
TRSM(7;5),1,1440,7324673,246315008,0
SYRK(1;0),1,1440,100008783,3381693440,570039091
GEMM(2;1;0),1,1440,326512553,12346707968,5325
GEMM(3;1;0),1,1440,332786050,12544724992,5325
GEMM(4;1;0),1,1440,331655394,12455951360,5120
GEMM(5;1;0),1,1440,337079542,12729699328,5120
GEMM(6;1;0),1,1440,340955924,12760841216,5325
GEMM(7;1;0),1,1440,310676465,11844512768,5325
SYRK(5;0),1,1440,258900072,9518026752,4506
GEMM(6;5;0),1,1440,191898869,7457812480,5530
GEMM(7;5;0),1,1440,16918005,588551168,5325
POTRF(1),1,1440,2550531,81999872,0
TRSM(2;1),1,1440,7278872,246288384,0
TRSM(3;1),1,1440,7401715,246303744,0
TRSM(4;1),1,1440,7811960,246305792,0
TRSM(5;1),1,1440,7401234,246319104,0
TRSM(6;1),1,1440,7782937,246301696,0
TRSM(7;1),1,1440,7330571,246316032,0
SYRK(5;1),1,1440,7135059,227246080,0
GEMM(6;5;1),1,1440,13559583,454812672,0
GEMM(7;5;1),1,1440,13518039,454806528,0
SYRK(5;2),1,1440,482441645,17560032256,78994708890
GEMM(6;5;2),1,1440,449320103,17127844864,5325
GEMM(7;5;2),1,1440,454096455,17456897024,5120
SYRK(5;3),1,1440,467789197,17118132224,16487197901
GEMM(6;5;3),1,1440,463253498,17438570496,5120
GEMM(7;5;3),1,1440,371515379,14414882816,5325
SYRK(5;4),1,1440,90976636,3075488768,1040371302
GEMM(6;5;4),1,1440,300967673,11526928384,5120
GEMM(7;5;4),1,1440,183428110,6988209152,5325
POTRF(5),1,1440,2380757,81999872,0
TRSM(6;5),1,1440,7195494,246299648,0
TRSM(7;5),1,1440,7554560,246308864,0
SYRK(1;0),1,1440,101023031,3358206976,570039091
GEMM(2;1;0),1,1440,335116440,12642360320,5325
GEMM(3;1;0),1,1440,327043571,12353406976,5325
GEMM(4;1;0),1,1440,337442278,12851737600,5120
GEMM(5;1;0),1,1440,337694988,12747822080,5120
GEMM(6;1;0),1,1440,329598809,12333579264,5325
GEMM(7;1;0),1,1440,319525884,12047249408,5325
SYRK(5;0),1,1440,249163682,9089281024,4506
GEMM(6;5;0),1,1440,179555746,7040193536,5530
GEMM(7;5;0),1,1440,16889206,588645376,5325
POTRF(1),1,1440,2467540,82000896,0
TRSM(2;1),1,1440,7348368,246288384,0
TRSM(3;1),1,1440,7668491,246254592,0
TRSM(4;1),1,1440,7423172,246296576,0
TRSM(5;1),1,1440,7795794,246317056,0
TRSM(6;1),1,1440,7354670,246305792,0
TRSM(7;1),1,1440,7798822,246318080,0
SYRK(5;1),1,1440,7076116,227245056,0
GEMM(6;5;1),1,1440,13641617,454815744,0
GEMM(7;5;1),1,1440,13513884,454804480,0
SYRK(5;2),1,1440,461726460,17318786048,78994708890
GEMM(6;5;2),1,1440,468112121,17740698624,5325
GEMM(7;5;2),1,1440,453995773,17203611648,5120
SYRK(5;3),1,1440,467871938,17128743936,16487197901
GEMM(6;5;3),1,1440,451773477,16955284480,5120
GEMM(7;5;3),1,1440,346034156,13622484992,5325
SYRK(5;4),1,1440,94484064,3162976256,1040371302
GEMM(6;5;4),1,1440,299554993,11485473792,5120
GEMM(7;5;4),1,1440,179458445,6836874240,5325
POTRF(5),1,1440,2303853,82000896,0
TRSM(6;5),1,1440,7352997,246300672,0
TRSM(7;5),1,1440,7434913,246306816,0
SYRK(1;0),1,1440,91143918,3256031232,570039091
GEMM(2;1;0),1,1440,329423382,12212197376,5325
GEMM(3;1;0),1,1440,322338203,12177117184,5325
GEMM(4;1;0),1,1440,333727555,12517447680,5120
GEMM(5;1;0),1,1440,320646303,12241238016,5120
GEMM(6;1;0),1,1440,333256995,12080811008,5325
GEMM(7;1;0),1,1440,297888203,11687585792,5325
SYRK(5;0),1,1440,242145883,9054832640,4506
GEMM(6;5;0),1,1440,184876123,6926268416,5530
GEMM(7;5;0),1,1440,17192377,588720128,5325
POTRF(1),1,1440,1918901,82002944,0
TRSM(2;1),1,1440,7341117,246288384,0
TRSM(3;1),1,1440,7592360,246301696,0
TRSM(4;1),1,1440,7407867,246301696,0
TRSM(5;1),1,1440,7491911,246327296,0
TRSM(6;1),1,1440,7710451,246305792,0
TRSM(7;1),1,1440,7516787,246324224,0
SYRK(5;1),1,1440,6903499,227246080,0
GEMM(6;5;1),1,1440,13755454,454817792,0
GEMM(7;5;1),1,1440,13458918,454806528,0
SYRK(5;2),1,1440,471251518,17392096256,78994708890
GEMM(6;5;2),1,1440,466404583,17451124736,5325
GEMM(7;5;2),1,1440,461738233,17951755264,5120
SYRK(5;3),1,1440,465585014,17039707136,16487197901
GEMM(6;5;3),1,1440,470818987,17675390976,5120
GEMM(7;5;3),1,1440,372415435,14554047488,5325
SYRK(5;4),1,1440,89354866,3073850368,1040371302
GEMM(6;5;4),1,1440,308127924,11744794624,5120
GEMM(7;5;4),1,1440,185179810,7029552128,5325
POTRF(5),1,1440,2476641,82000896,0
TRSM(6;5),1,1440,7253945,246298624,0
TRSM(7;5),1,1440,7636585,246317056,0
SYRK(1;0),1,1515,97819882,3256274944,570013082
GEMM(2;1;0),1,1515,342074534,12645464064,4915
GEMM(3;1;0),1,1515,343992289,12655550464,5120
GEMM(4;1;0),1,1515,337771201,12343186432,4710
GEMM(5;1;0),1,1515,350770372,12686133248,5120
GEMM(6;1;0),1,1515,346583315,12784798720,5120
GEMM(7;1;0),1,1515,325246249,12023832576,5120
SYRK(5;0),1,1515,262459266,9318278144,4096
GEMM(6;5;0),1,1515,198284240,7497594880,5120
GEMM(7;5;0),1,1515,17134335,587615232,5120
POTRF(1),1,1515,2270501,77948928,0
TRSM(2;1),1,1515,7212927,234165248,0
TRSM(3;1),1,1515,7545991,234194944,0
TRSM(4;1),1,1515,7203020,234173440,0
TRSM(5;1),1,1515,7734073,234179584,0
TRSM(6;1),1,1515,7196394,234191872,0
TRSM(7;1),1,1515,7569648,234182656,0
SYRK(5;1),1,1515,6881859,216003584,0
GEMM(6;5;1),1,1515,13379160,432242688,0
GEMM(7;5;1),1,1515,13411218,432226304,0
SYRK(5;2),1,1515,460633128,16707736576,79580024832
GEMM(6;5;2),1,1515,459743741,16917587968,4915
GEMM(7;5;2),1,1515,461114899,17131656192,4915
SYRK(5;3),1,1515,482758786,17117411328,16338985984
GEMM(6;5;3),1,1515,464391904,17333273600,5120
GEMM(7;5;3),1,1515,371143383,13742006272,5325
SYRK(5;4),1,1515,94149358,3275195392,1058366259
GEMM(6;5;4),1,1515,316200527,11535940608,5120
GEMM(7;5;4),1,1515,184535965,6894140416,4915
POTRF(5),1,1515,2447459,77967360,0
TRSM(6;5),1,1515,7265336,234168320,0
TRSM(7;5),1,1515,7402259,234185728,0
SYRK(1;0),1,1515,96251623,3215584256,570013082
GEMM(2;1;0),1,1515,338265321,12462968832,4915
GEMM(3;1;0),1,1515,342159633,12575219712,5120
GEMM(4;1;0),1,1515,340952602,12234875904,4710
GEMM(5;1;0),1,1515,334610943,12351845376,5120
GEMM(6;1;0),1,1515,339479938,12403014656,5120
GEMM(7;1;0),1,1515,314211301,11633486848,5120
SYRK(5;0),1,1515,265139265,9400254464,4096
GEMM(6;5;0),1,1515,188531027,7179566080,5120
GEMM(7;5;0),1,1515,18010632,587561984,5120
POTRF(1),1,1515,1983710,77949952,0
TRSM(2;1),1,1515,7249484,234169344,0
TRSM(3;1),1,1515,7489399,234175488,0
TRSM(4;1),1,1515,7583866,234173440,0
TRSM(5;1),1,1515,7261587,234174464,0
TRSM(6;1),1,1515,7461265,234193920,0
TRSM(7;1),1,1515,7525266,234176512,0
SYRK(5;1),1,1515,6678795,216005632,0
GEMM(6;5;1),1,1515,13625284,432214016,0
GEMM(7;5;1),1,1515,13296450,432196608,0
SYRK(5;2),1,1515,484906623,17264891904,79580024832
GEMM(6;5;2),1,1515,474699967,17558842368,4915
GEMM(7;5;2),1,1515,481825469,17896525824,4915
SYRK(5;3),1,1515,472740111,16912745472,16338985984
GEMM(6;5;3),1,1515,470788059,17300117504,5120
GEMM(7;5;3),1,1515,371552056,13999287296,5325
SYRK(5;4),1,1515,97472402,3229175808,1058366259
GEMM(6;5;4),1,1515,317124192,11749834752,5120
GEMM(7;5;4),1,1515,185771590,6905107456,4915
POTRF(5),1,1515,2256190,77958144,0
TRSM(6;5),1,1515,7090784,234172416,0
TRSM(7;5),1,1515,7485118,234182656,0
SYRK(1;0),1,1515,105232229,3413655552,570013082
GEMM(2;1;0),1,1515,327653667,12165997568,4915
GEMM(3;1;0),1,1515,349119472,12422534144,5120
GEMM(4;1;0),1,1515,328862959,12354067456,4710
GEMM(5;1;0),1,1515,341857930,12498508800,5120
GEMM(6;1;0),1,1515,333484997,12198588416,5120
GEMM(7;1;0),1,1515,315832983,11765442560,5120
SYRK(5;0),1,1515,247258644,8780707840,4096
GEMM(6;5;0),1,1515,182344168,6861761536,5120
GEMM(7;5;0),1,1515,17674706,587343872,5120
POTRF(1),1,1515,2193659,77948928,0
TRSM(2;1),1,1515,7342589,234166272,0
TRSM(3;1),1,1515,7204413,234176512,0
TRSM(4;1),1,1515,7696607,234179584,0
TRSM(5;1),1,1515,7254826,234188800,0
TRSM(6;1),1,1515,7653568,234200064,0
TRSM(7;1),1,1515,7329677,234180608,0
SYRK(5;1),1,1515,6971757,216008704,0
GEMM(6;5;1),1,1515,13285750,432212992,0
GEMM(7;5;1),1,1515,13296950,432224256,0
SYRK(5;2),1,1515,491721726,17440107520,79580024832
GEMM(6;5;2),1,1515,470873228,17315510272,4915
GEMM(7;5;2),1,1515,467124629,17450452992,4915
SYRK(5;3),1,1515,476674931,17019660288,16338985984
GEMM(6;5;3),1,1515,448914591,16868876288,5120
GEMM(7;5;3),1,1515,397690771,14635163648,5325
SYRK(5;4),1,1515,98324853,3274830848,1058366259
GEMM(6;5;4),1,1515,327633315,12091204608,5120
GEMM(7;5;4),1,1515,193302376,7234209792,4915
POTRF(5),1,1515,2436445,77946880,0
TRSM(6;5),1,1515,7271607,234176512,0
TRSM(7;5),1,1515,7477886,234184704,0
SYRK(1;0),1,1515,99688374,3318870016,570013082
GEMM(2;1;0),1,1515,337358404,12537790464,4915
GEMM(3;1;0),1,1515,342665143,12349438976,5120
GEMM(4;1;0),1,1515,329757265,12237764608,4710
GEMM(5;1;0),1,1515,334681683,12104289280,5120
GEMM(6;1;0),1,1515,341644279,12549399552,5120
GEMM(7;1;0),1,1515,314610633,11681292288,5120
SYRK(5;0),1,1515,254946097,8996619264,4096
GEMM(6;5;0),1,1515,194547055,7333088256,5120
GEMM(7;5;0),1,1515,17399785,587083776,5120
POTRF(1),1,1515,2341611,77948928,0
TRSM(2;1),1,1515,7084907,234162176,0
TRSM(3;1),1,1515,7319472,234171392,0
TRSM(4;1),1,1515,7635640,234169344,0
TRSM(5;1),1,1515,7229103,234167296,0
TRSM(6;1),1,1515,7650529,234189824,0
TRSM(7;1),1,1515,7545691,234121216,0
SYRK(5;1),1,1515,6555003,216012800,0
GEMM(6;5;1),1,1515,13410183,432195584,0
GEMM(7;5;1),1,1515,13572032,432194560,0
SYRK(5;2),1,1515,485605651,17462552576,79580024832
GEMM(6;5;2),1,1515,483867196,17733532672,4915
GEMM(7;5;2),1,1515,467273475,17468296192,4915
SYRK(5;3),1,1515,476587297,16849148928,16338985984
GEMM(6;5;3),1,1515,475214547,17437891584,5120
GEMM(7;5;3),1,1515,385098668,14426978304,5325
SYRK(5;4),1,1515,98382322,3269874688,1058366259
GEMM(6;5;4),1,1515,327181467,12052314112,5120
GEMM(7;5;4),1,1515,199866212,7444515840,4915
POTRF(5),1,1515,2206351,77948928,0
TRSM(6;5),1,1515,7142174,234163200,0
TRSM(7;5),1,1515,7286544,234176512,0
SYRK(1;0),1,1515,112580590,3279269888,570013082
GEMM(2;1;0),1,1515,333190025,12768400384,4915
GEMM(3;1;0),1,1515,346035009,12754497536,5120
GEMM(4;1;0),1,1515,339937194,12489231360,4710
GEMM(5;1;0),1,1515,348954955,12524821504,5120
GEMM(6;1;0),1,1515,343829227,12531097600,5120
GEMM(7;1;0),1,1515,321120974,11914535936,5120
SYRK(5;0),1,1515,264291545,9487500288,4096
GEMM(6;5;0),1,1515,202300578,7505539072,5120
GEMM(7;5;0),1,1515,17966590,587694080,5120
POTRF(1),1,1515,1924738,77947904,0
TRSM(2;1),1,1515,7265408,234165248,0
TRSM(3;1),1,1515,7537519,234187776,0
TRSM(4;1),1,1515,7254760,234179584,0
TRSM(5;1),1,1515,7708058,234173440,0
TRSM(6;1),1,1515,7358063,234181632,0
TRSM(7;1),1,1515,7564448,234172416,0
SYRK(5;1),1,1515,6670248,216015872,0
GEMM(6;5;1),1,1515,13481016,432223232,0
GEMM(7;5;1),1,1515,13516225,432225280,0
SYRK(5;2),1,1515,478741661,17505603584,79580024832
GEMM(6;5;2),1,1515,485791514,17570667520,4915
GEMM(7;5;2),1,1515,459619376,17120275456,4915
SYRK(5;3),1,1515,485670065,17200114688,16338985984
GEMM(6;5;3),1,1515,473458939,17358902272,5120
GEMM(7;5;3),1,1515,390966627,14753236992,5325
SYRK(5;4),1,1515,93830561,3151877120,1058366259
GEMM(6;5;4),1,1515,317316431,11493721088,5120
GEMM(7;5;4),1,1515,183106733,6980490240,4915
POTRF(5),1,1515,2339212,77949952,0
TRSM(6;5),1,1515,7242241,234178560,0
TRSM(7;5),1,1515,6943983,234194944,0
SYRK(1;0),1,1590,109512787,3367641088,569674752
GEMM(2;1;0),1,1590,357510025,12777827328,4710
GEMM(3;1;0),1,1590,371731209,12771290112,4506
GEMM(4;1;0),1,1590,349472801,12634101760,4915
GEMM(5;1;0),1,1590,351533106,12331490304,4710
GEMM(6;1;0),1,1590,357420456,12446313472,4915
GEMM(7;1;0),1,1590,338115720,12166420480,4915
SYRK(5;0),1,1590,275186520,9539387392,4301
GEMM(6;5;0),1,1590,198753579,7117926400,5120
GEMM(7;5;0),1,1590,18456455,587277312,5120
POTRF(1),1,1590,2194530,74268672,0
TRSM(2;1),1,1590,7169626,223093760,0
TRSM(3;1),1,1590,7531654,223098880,0
TRSM(4;1),1,1590,7158794,223100928,0
TRSM(5;1),1,1590,7643700,223112192,0
TRSM(6;1),1,1590,7337030,223125504,0
TRSM(7;1),1,1590,7422401,223100928,0
SYRK(5;1),1,1590,6901048,205812736,0
GEMM(6;5;1),1,1590,13274353,411829248,0
GEMM(7;5;1),1,1590,13233053,411827200,0
SYRK(5;2),1,1590,505044940,17341578240,79999758541
GEMM(6;5;2),1,1590,493615229,17254154240,4301
GEMM(7;5;2),1,1590,493300818,17758206976,4506
SYRK(5;3),1,1590,506949546,17176978432,15887100518
GEMM(6;5;3),1,1590,477768973,17021650944,4710
GEMM(7;5;3),1,1590,392090056,14220785664,5120
SYRK(5;4),1,1590,93332264,3170177024,1071470592
GEMM(6;5;4),1,1590,328769085,11546176512,4710
GEMM(7;5;4),1,1590,196929023,6988868608,4915
POTRF(5),1,1590,2283098,74266624,0
TRSM(6;5),1,1590,7195274,223101952,0
TRSM(7;5),1,1590,7143260,223114240,0
SYRK(1;0),1,1590,98926998,3126518784,569674752
GEMM(2;1;0),1,1590,345642802,12203247616,4710
GEMM(3;1;0),1,1590,352449443,12514740224,4506
GEMM(4;1;0),1,1590,350401754,12259624960,4915
GEMM(5;1;0),1,1590,351681236,12269722624,4710
GEMM(6;1;0),1,1590,358126710,12489819136,4915
GEMM(7;1;0),1,1590,324311828,11609323520,4915
SYRK(5;0),1,1590,269397305,9305185280,4301
GEMM(6;5;0),1,1590,205713717,7423299584,5120
GEMM(7;5;0),1,1590,18052433,587938816,5120
POTRF(1),1,1590,2380606,74266624,0
TRSM(2;1),1,1590,7246454,223092736,0
TRSM(3;1),1,1590,7162135,223105024,0
TRSM(4;1),1,1590,7574839,223097856,0
TRSM(5;1),1,1590,7334460,223118336,0
TRSM(6;1),1,1590,7536428,223116288,0
TRSM(7;1),1,1590,7062177,223098880,0
SYRK(5;1),1,1590,7018241,205813760,0
GEMM(6;5;1),1,1590,13247000,411823104,0
GEMM(7;5;1),1,1590,13043699,411801600,0
SYRK(5;2),1,1590,499644629,17251810304,79999758541
GEMM(6;5;2),1,1590,514119334,17660969984,4301
GEMM(7;5;2),1,1590,464611634,17069532160,4506
SYRK(5;3),1,1590,484579565,16662760448,15887100518
GEMM(6;5;3),1,1590,486607311,17145220096,4710
GEMM(7;5;3),1,1590,390581826,14096063488,5120
SYRK(5;4),1,1590,108353798,3201950720,1071470592
GEMM(6;5;4),1,1590,327376381,11978450944,4710
GEMM(7;5;4),1,1590,212759374,7538681856,4915
POTRF(5),1,1590,2058328,74267648,0
TRSM(6;5),1,1590,7215572,223097856,0
TRSM(7;5),1,1590,7398392,223112192,0
SYRK(1;0),1,1590,105551326,3390504960,569674752
GEMM(2;1;0),1,1590,348107236,12303915008,4710
GEMM(3;1;0),1,1590,359550138,12556491776,4506
GEMM(4;1;0),1,1590,360605881,12717725696,4915
GEMM(5;1;0),1,1590,366174279,12728194048,4710
GEMM(6;1;0),1,1590,346917679,12468670464,4915
GEMM(7;1;0),1,1590,337636622,11820383232,4915
SYRK(5;0),1,1590,275394064,9507814400,4301
GEMM(6;5;0),1,1590,198746890,7135922176,5120
GEMM(7;5;0),1,1590,18585165,587698176,5120
POTRF(1),1,1590,2117492,74267648,0
TRSM(2;1),1,1590,7028327,223094784,0
TRSM(3;1),1,1590,7363707,223111168,0
TRSM(4;1),1,1590,7348648,223102976,0
TRSM(5;1),1,1590,7653986,223120384,0
TRSM(6;1),1,1590,7341877,223111168,0
TRSM(7;1),1,1590,7370948,223112192,0
SYRK(5;1),1,1590,6804379,205814784,0
GEMM(6;5;1),1,1590,13524089,411814912,0
GEMM(7;5;1),1,1590,13132523,411822080,0
SYRK(5;2),1,1590,491666731,16903022592,79999758541
GEMM(6;5;2),1,1590,489227089,17211777024,4301
GEMM(7;5;2),1,1590,463035925,16743852032,4506
SYRK(5;3),1,1590,495830387,16917632000,15887100518
GEMM(6;5;3),1,1590,487254736,17137081344,4710
GEMM(7;5;3),1,1590,392496152,14259210240,5120
SYRK(5;4),1,1590,106422998,3335646208,1071470592
GEMM(6;5;4),1,1590,338631599,12108092416,4710
GEMM(7;5;4),1,1590,200307289,7155672064,4915
POTRF(5),1,1590,2558355,74267648,0
TRSM(6;5),1,1590,6914213,223095808,0
TRSM(7;5),1,1590,7465989,223106048,0
SYRK(1;0),1,1590,106902231,3416242176,569674752
GEMM(2;1;0),1,1590,356053765,12548632576,4710
GEMM(3;1;0),1,1590,352880849,12331595776,4506
GEMM(4;1;0),1,1590,358531583,12691725312,4915
GEMM(5;1;0),1,1590,349877897,12316098560,4710
GEMM(6;1;0),1,1590,365321960,12587756544,4915
GEMM(7;1;0),1,1590,332580898,11996727296,4915
SYRK(5;0),1,1590,275506637,9476011008,4301
GEMM(6;5;0),1,1590,202292848,7308461056,5120
GEMM(7;5;0),1,1590,18031364,588985344,5120
POTRF(1),1,1590,2458226,74268672,0
TRSM(2;1),1,1590,7279382,223093760,0
TRSM(3;1),1,1590,7513531,223107072,0
TRSM(4;1),1,1590,7319105,223059968,0
TRSM(5;1),1,1590,7331340,223121408,0
TRSM(6;1),1,1590,7352276,223129600,0
TRSM(7;1),1,1590,7455885,223110144,0
SYRK(5;1),1,1590,6646550,205813760,0
GEMM(6;5;1),1,1590,13272334,411887616,0
GEMM(7;5;1),1,1590,13556016,411846656,0
SYRK(5;2),1,1590,485683724,16850107392,79999758541
GEMM(6;5;2),1,1590,495839383,17444595712,4301
GEMM(7;5;2),1,1590,484982697,17319165952,4506
SYRK(5;3),1,1590,510028237,17312886784,15887100518
GEMM(6;5;3),1,1590,497410030,17588933632,4710
GEMM(7;5;3),1,1590,406366280,14698363904,5120
SYRK(5;4),1,1590,106308971,3309969408,1071470592
GEMM(6;5;4),1,1590,334782427,11688620032,4710
GEMM(7;5;4),1,1590,201112315,7486011392,4915
POTRF(5),1,1590,2100180,74267648,0
TRSM(6;5),1,1590,7246579,223096832,0
TRSM(7;5),1,1590,7169498,223115264,0
SYRK(1;0),1,1590,98536437,3140197376,569674752
GEMM(2;1;0),1,1590,346081927,12327646208,4710
GEMM(3;1;0),1,1590,354462025,12337661952,4506
GEMM(4;1;0),1,1590,342894099,12149086208,4915
GEMM(5;1;0),1,1590,358046966,12182179840,4710
GEMM(6;1;0),1,1590,339768671,12208512000,4915
GEMM(7;1;0),1,1590,331233806,11912376320,4915
SYRK(5;0),1,1590,271891056,9192706048,4301
GEMM(6;5;0),1,1590,207297727,7486466048,5120
GEMM(7;5;0),1,1590,17913330,587934720,5120
POTRF(1),1,1590,2031294,74268672,0
TRSM(2;1),1,1590,7247450,223093760,0
TRSM(3;1),1,1590,7325520,223112192,0
TRSM(4;1),1,1590,7297849,223105024,0
TRSM(5;1),1,1590,7568804,223115264,0
TRSM(6;1),1,1590,7129955,223120384,0
TRSM(7;1),1,1590,7696611,223111168,0
SYRK(5;1),1,1590,6609990,205814784,0
GEMM(6;5;1),1,1590,13348733,411817984,0
GEMM(7;5;1),1,1590,13209355,411797504,0
SYRK(5;2),1,1590,479087050,16878911488,79999758541
GEMM(6;5;2),1,1590,478360659,16473497600,4301
GEMM(7;5;2),1,1590,477742782,17207213056,4506
SYRK(5;3),1,1590,507761992,17240239104,15887100518
GEMM(6;5;3),1,1590,494267585,17479428096,4710
GEMM(7;5;3),1,1590,385900052,13918684160,5120
SYRK(5;4),1,1590,106892403,3322727424,1071470592
GEMM(6;5;4),1,1590,339156163,11900183552,4710
GEMM(7;5;4),1,1590,191557852,7115840512,4915
POTRF(5),1,1590,2365506,74268672,0
TRSM(6;5),1,1590,7131426,223102976,0
TRSM(7;5),1,1590,7228512,223105024,0
SYRK(1;0),1,1665,113127757,3536359424,570999194
GEMM(2;1;0),1,1665,396577216,13354773504,4506
GEMM(3;1;0),1,1665,416342426,13974046720,5120
GEMM(4;1;0),1,1665,411448424,13821323264,4506
GEMM(5;1;0),1,1665,414272676,13768665088,4915
GEMM(6;1;0),1,1665,402442570,13685144576,4710
GEMM(7;1;0),1,1665,380217906,12945844224,4915
SYRK(5;0),1,1665,291285983,9603115008,3891
GEMM(6;5;0),1,1665,220789573,7620967424,4301
GEMM(7;5;0),1,1665,18659320,587360256,4506
POTRF(1),1,1665,2336045,70923264,0
TRSM(2;1),1,1665,7153267,213033984,0
TRSM(3;1),1,1665,7613486,213050368,0
TRSM(4;1),1,1665,7515976,213002240,0
TRSM(5;1),1,1665,7151967,213060608,0
TRSM(6;1),1,1665,7622238,213018624,0
TRSM(7;1),1,1665,7213502,213067776,0
SYRK(5;1),1,1665,6861243,196540416,0
GEMM(6;5;1),1,1665,13344519,393391104,0
GEMM(7;5;1),1,1665,13178927,393355264,0
SYRK(5;2),1,1665,524104730,17483759616,82948460954
GEMM(6;5;2),1,1665,506108454,17353986048,4915
GEMM(7;5;2),1,1665,536284410,18036268032,4301
SYRK(5;3),1,1665,546536409,17925552128,16100871987
GEMM(6;5;3),1,1665,532995862,18102788096,4301
GEMM(7;5;3),1,1665,422365090,14558117888,5120
SYRK(5;4),1,1665,126463015,3422152704,1086670029
GEMM(6;5;4),1,1665,363879865,13020420096,4506
GEMM(7;5;4),1,1665,231427747,7728732160,4301
POTRF(5),1,1665,2316280,70924288,0
TRSM(6;5),1,1665,7283198,213041152,0
TRSM(7;5),1,1665,7478211,213056512,0
SYRK(1;0),1,1665,114593244,3410898944,570999194
GEMM(2;1;0),1,1665,410204948,13934980096,4506
GEMM(3;1;0),1,1665,412945962,13950598144,5120
GEMM(4;1;0),1,1665,421489517,14211796992,4506
GEMM(5;1;0),1,1665,415460285,13631782912,4915
GEMM(6;1;0),1,1665,377857457,12891279360,4710
GEMM(7;1;0),1,1665,381588879,12718868480,4915
SYRK(5;0),1,1665,312176040,10244091904,3891
GEMM(6;5;0),1,1665,212594634,7468405760,4301
GEMM(7;5;0),1,1665,19401041,587390976,4506
POTRF(1),1,1665,2428098,70924288,0
TRSM(2;1),1,1665,6953661,213033984,0
TRSM(3;1),1,1665,7676269,213048320,0
TRSM(4;1),1,1665,7552085,213048320,0
TRSM(5;1),1,1665,7178246,213055488,0
TRSM(6;1),1,1665,7744813,213057536,0
TRSM(7;1),1,1665,7168188,213064704,0
SYRK(5;1),1,1665,7151909,196538368,0
GEMM(6;5;1),1,1665,13224699,393410560,0
GEMM(7;5;1),1,1665,13355209,393397248,0
SYRK(5;2),1,1665,529217406,17591013376,82948460954
GEMM(6;5;2),1,1665,510905460,17422332928,4915
GEMM(7;5;2),1,1665,520856045,17567259648,4301
SYRK(5;3),1,1665,552388236,17902902272,16100871987
GEMM(6;5;3),1,1665,536962190,18178969600,4301
GEMM(7;5;3),1,1665,428375521,14719158272,5120
SYRK(5;4),1,1665,114490577,3482251264,1086670029
GEMM(6;5;4),1,1665,339284360,11590664192,4506
GEMM(7;5;4),1,1665,206811571,6999405568,4301
POTRF(5),1,1665,2277863,70921216,0
TRSM(6;5),1,1665,7372102,213038080,0
TRSM(7;5),1,1665,7593208,213053440,0
SYRK(1;0),1,1665,102145370,3252372480,570999194
GEMM(2;1;0),1,1665,368639674,12261935104,4506
GEMM(3;1;0),1,1665,373902520,12418763776,5120
GEMM(4;1;0),1,1665,366910779,12422064128,4506
GEMM(5;1;0),1,1665,371341659,12449576960,4915
GEMM(6;1;0),1,1665,371209957,12535396352,4710
GEMM(7;1;0),1,1665,345366518,11666520064,4915
SYRK(5;0),1,1665,263951525,8604247040,3891
GEMM(6;5;0),1,1665,190983252,6595345408,4301
GEMM(7;5;0),1,1665,19156971,586356736,4506
POTRF(1),1,1665,2261510,70922240,0
TRSM(2;1),1,1665,7394854,213037056,0
TRSM(3;1),1,1665,7599118,213047296,0
TRSM(4;1),1,1665,7436843,213009408,0
TRSM(5;1),1,1665,7301442,213063680,0
TRSM(6;1),1,1665,6146722,213069824,0
TRSM(7;1),1,1665,8744015,213068800,0
SYRK(5;1),1,1665,6963550,196537344,0
GEMM(6;5;1),1,1665,13472167,393413632,0
GEMM(7;5;1),1,1665,13140511,393401344,0
SYRK(5;2),1,1665,504332725,16847006720,82948460954
GEMM(6;5;2),1,1665,513859507,17048852480,4915
GEMM(7;5;2),1,1665,494922202,17026958336,4301
SYRK(5;3),1,1665,522565924,17026165760,16100871987
GEMM(6;5;3),1,1665,508595282,17398787072,4301
GEMM(7;5;3),1,1665,415281678,14130941952,5120
SYRK(5;4),1,1665,115525220,3155399680,1086670029
GEMM(6;5;4),1,1665,328576530,11601052672,4506
GEMM(7;5;4),1,1665,201925554,6858187776,4301
POTRF(5),1,1665,2592775,70923264,0
TRSM(6;5),1,1665,6959548,213036032,0
TRSM(7;5),1,1665,7482372,213052416,0
SYRK(1;0),1,1665,108071988,3269143552,570999194
GEMM(2;1;0),1,1665,353255230,12121787392,4506
GEMM(3;1;0),1,1665,374657109,12444020736,5120
GEMM(4;1;0),1,1665,374172277,12463009792,4506
GEMM(5;1;0),1,1665,371517999,12395244544,4915
GEMM(6;1;0),1,1665,374942833,12482796544,4710
GEMM(7;1;0),1,1665,334763426,11626378240,4915
SYRK(5;0),1,1665,283224915,9187398656,3891
GEMM(6;5;0),1,1665,194129758,6678536192,4301
GEMM(7;5;0),1,1665,19657811,587283456,4506
POTRF(1),1,1665,1960584,70924288,0
TRSM(2;1),1,1665,7171602,213035008,0
TRSM(3;1),1,1665,7240752,213049344,0
TRSM(4;1),1,1665,7398819,213046272,0
TRSM(5;1),1,1665,7753233,213063680,0
TRSM(6;1),1,1665,7374116,213021696,0
TRSM(7;1),1,1665,7381178,213067776,0
SYRK(5;1),1,1665,6947631,196539392,0
GEMM(6;5;1),1,1665,13340758,393401344,0
GEMM(7;5;1),1,1665,13240195,393358336,0
SYRK(5;2),1,1665,514996189,17008149504,82948460954
GEMM(6;5;2),1,1665,523604913,17572293632,4915
GEMM(7;5;2),1,1665,509003451,17428469760,4301
SYRK(5;3),1,1665,525338684,17092721664,16100871987
GEMM(6;5;3),1,1665,508380697,17510289408,4301
GEMM(7;5;3),1,1665,423130382,14408664064,5120
SYRK(5;4),1,1665,106853675,3227214848,1086670029
GEMM(6;5;4),1,1665,337831079,11603162112,4506
GEMM(7;5;4),1,1665,196589439,6615803904,4301
POTRF(5),1,1665,2357956,70922240,0
TRSM(6;5),1,1665,7416510,213033984,0
TRSM(7;5),1,1665,7476047,213051392,0
SYRK(1;0),1,1665,106334909,3220282368,570999194
GEMM(2;1;0),1,1665,369538913,12391940096,4506
GEMM(3;1;0),1,1665,373358105,12447864832,5120
GEMM(4;1;0),1,1665,368666322,12471161856,4506
GEMM(5;1;0),1,1665,375875311,12732383232,4915
GEMM(6;1;0),1,1665,373025910,12351473664,4710
GEMM(7;1;0),1,1665,341856878,11676541952,4915
SYRK(5;0),1,1665,271362191,8934754304,3891
GEMM(6;5;0),1,1665,200656443,6918627328,4301
GEMM(7;5;0),1,1665,19605566,587856896,4506
POTRF(1),1,1665,2225058,70922240,0
TRSM(2;1),1,1665,6910738,213033984,0
TRSM(3;1),1,1665,7694854,213005312,0
TRSM(4;1),1,1665,7399540,213045248,0
TRSM(5;1),1,1665,7525156,213061632,0
TRSM(6;1),1,1665,7406837,213064704,0
TRSM(7;1),1,1665,7423772,213062656,0
SYRK(5;1),1,1665,6941669,196539392,0
GEMM(6;5;1),1,1665,13241096,393400320,0
GEMM(7;5;1),1,1665,13398784,393392128,0
SYRK(5;2),1,1665,513771533,17006373888,82948460954
GEMM(6;5;2),1,1665,528129932,17056236544,4915
GEMM(7;5;2),1,1665,480506273,17173272576,4301
SYRK(5;3),1,1665,524269731,17161553920,16100871987
GEMM(6;5;3),1,1665,514394848,17442976768,4301
GEMM(7;5;3),1,1665,417794374,14399195136,5120
SYRK(5;4),1,1665,104642506,3119656960,1086670029
GEMM(6;5;4),1,1665,339500187,11689295872,4506
GEMM(7;5;4),1,1665,195784432,6588062720,4301
POTRF(5),1,1665,2361046,70921216,0
TRSM(6;5),1,1665,7302952,213038080,0
TRSM(7;5),1,1665,7341121,213047296,0
SYRK(1;0),1,1740,110576510,3254495232,570765312
GEMM(2;1;0),1,1740,369281156,12256811008,4506
GEMM(3;1;0),1,1740,383192467,12413422592,4915
GEMM(4;1;0),1,1740,382519118,12490077184,4096
GEMM(5;1;0),1,1740,390246596,12678557696,4301
GEMM(6;1;0),1,1740,382755693,12572462080,4506
GEMM(7;1;0),1,1740,364763334,12016570368,4301
SYRK(5;0),1,1740,292926811,9210160128,3891
GEMM(6;5;0),1,1740,211660213,7072203776,4506
GEMM(7;5;0),1,1740,19410270,586348544,4710
POTRF(1),1,1740,1876966,67878912,0
TRSM(2;1),1,1740,7338110,203882496,0
TRSM(3;1),1,1740,7578481,203891712,0
TRSM(4;1),1,1740,7404802,203877376,0
TRSM(5;1),1,1740,7346425,203902976,0
TRSM(6;1),1,1740,7591363,203859968,0
TRSM(7;1),1,1740,7460269,203881472,0
SYRK(5;1),1,1740,6573195,188070912,0
GEMM(6;5;1),1,1740,13347675,376350720,0
GEMM(7;5;1),1,1740,13284060,376350720,0
SYRK(5;2),1,1740,507110289,16557053952,80559638733
GEMM(6;5;2),1,1740,533725698,16877177856,4506
GEMM(7;5;2),1,1740,491466574,16724651008,4506
SYRK(5;3),1,1740,548121585,17357532160,15979172045
GEMM(6;5;3),1,1740,538965421,17659532288,4301
GEMM(7;5;3),1,1740,435643272,14587866112,4506
SYRK(5;4),1,1740,109707625,3234786304,1098542080
GEMM(6;5;4),1,1740,356127912,11778247680,4506
GEMM(7;5;4),1,1740,218966875,7217776640,4506
POTRF(5),1,1740,2190536,67869696,0
TRSM(6;5),1,1740,7318518,203886592,0
TRSM(7;5),1,1740,7330012,203897856,0
SYRK(1;0),1,1740,110869418,3326802944,570765312
GEMM(2;1;0),1,1740,382853459,12550887424,4506
GEMM(3;1;0),1,1740,390206648,12614377472,4915
GEMM(4;1;0),1,1740,382149251,12436013056,4096
GEMM(5;1;0),1,1740,396151799,12805346304,4301
GEMM(6;1;0),1,1740,385404076,12631475200,4506
GEMM(7;1;0),1,1740,368516432,12069811200,4301
SYRK(5;0),1,1740,295177681,9425947648,3891
GEMM(6;5;0),1,1740,217603772,7167175680,4506
GEMM(7;5;0),1,1740,18523462,586825728,4710
POTRF(1),1,1740,2636892,67867648,0
TRSM(2;1),1,1740,7344830,203878400,0
TRSM(3;1),1,1740,7241565,203889664,0
TRSM(4;1),1,1740,7425873,203887616,0
TRSM(5;1),1,1740,7634285,203862016,0
TRSM(6;1),1,1740,7518743,203893760,0
TRSM(7;1),1,1740,7177521,203885568,0
SYRK(5;1),1,1740,7045451,188071936,0
GEMM(6;5;1),1,1740,13390382,376305664,0
GEMM(7;5;1),1,1740,13151087,376331264,0
SYRK(5;2),1,1740,513077267,16617053184,80559638733
GEMM(6;5;2),1,1740,535948925,17269518336,4506
GEMM(7;5;2),1,1740,490918575,16568150016,4506
SYRK(5;3),1,1740,539231651,17031258112,15979172045
GEMM(6;5;3),1,1740,534452632,17560001536,4301
GEMM(7;5;3),1,1740,411829621,13771921408,4506
SYRK(5;4),1,1740,108440324,3325593600,1098542080
GEMM(6;5;4),1,1740,365609658,11927963648,4506
GEMM(7;5;4),1,1740,217800016,7172443136,4506
POTRF(5),1,1740,2122988,67870720,0
TRSM(6;5),1,1740,6945661,203881472,0
TRSM(7;5),1,1740,7512802,203894784,0
SYRK(1;0),1,1740,111818358,3235173376,570765312
GEMM(2;1;0),1,1740,368259521,12190229504,4506
GEMM(3;1;0),1,1740,381704669,12261146624,4915
GEMM(4;1;0),1,1740,377967328,12360018944,4096
GEMM(5;1;0),1,1740,374635386,12278989824,4301
GEMM(6;1;0),1,1740,379880119,12372342784,4506
GEMM(7;1;0),1,1740,352785424,11520495616,4301
SYRK(5;0),1,1740,294877844,9269732352,3891
GEMM(6;5;0),1,1740,199792236,6710373376,4506
GEMM(7;5;0),1,1740,19637312,586459136,4710
POTRF(1),1,1740,2007670,67881984,0
TRSM(2;1),1,1740,7374874,203879424,0
TRSM(3;1),1,1740,7569857,203890688,0
TRSM(4;1),1,1740,7400853,203882496,0
TRSM(5;1),1,1740,7297157,203905024,0
TRSM(6;1),1,1740,7587811,203907072,0
TRSM(7;1),1,1740,7141776,203886592,0
SYRK(5;1),1,1740,7172271,188071936,0
GEMM(6;5;1),1,1740,13310680,376343552,0
GEMM(7;5;1),1,1740,13181155,376310784,0
SYRK(5;2),1,1740,520427257,16657373184,80559638733
GEMM(6;5;2),1,1740,506471993,16652859392,4506
GEMM(7;5;2),1,1740,492937294,16379614208,4506
SYRK(5;3),1,1740,542536684,17061016576,15979172045
GEMM(6;5;3),1,1740,538305367,17578714112,4301
GEMM(7;5;3),1,1740,430514301,14458753024,4506
SYRK(5;4),1,1740,110230226,3267123200,1098542080
GEMM(6;5;4),1,1740,371607196,12038753280,4506
GEMM(7;5;4),1,1740,225697725,7649330176,4506
POTRF(5),1,1740,2405243,67876864,0
TRSM(6;5),1,1740,7369762,203887616,0
TRSM(7;5),1,1740,7202550,203893760,0
SYRK(1;0),1,1740,115741968,3305276416,570765312
GEMM(2;1;0),1,1740,377083535,12516591616,4506
GEMM(3;1;0),1,1740,386185436,12595601408,4915
GEMM(4;1;0),1,1740,394711765,12766850048,4096
GEMM(5;1;0),1,1740,387643615,12593105920,4301
GEMM(6;1;0),1,1740,385041063,12460495872,4506
GEMM(7;1;0),1,1740,359901682,11836019712,4301
SYRK(5;0),1,1740,301756517,9536433152,3891
GEMM(6;5;0),1,1740,206142374,6927188992,4506
GEMM(7;5;0),1,1740,19775065,586204160,4710
POTRF(1),1,1740,2165158,67879936,0
TRSM(2;1),1,1740,7225397,203838464,0
TRSM(3;1),1,1740,7568917,203887616,0
TRSM(4;1),1,1740,7184069,203847680,0
TRSM(5;1),1,1740,7735725,203902976,0
TRSM(6;1),1,1740,7151743,203872256,0
TRSM(7;1),1,1740,7725700,203882496,0
SYRK(5;1),1,1740,6568399,188070912,0
GEMM(6;5;1),1,1740,13349823,376354816,0
GEMM(7;5;1),1,1740,13638875,376352768,0
SYRK(5;2),1,1740,508319435,16627720192,80559638733
GEMM(6;5;2),1,1740,534564598,17184385024,4506
GEMM(7;5;2),1,1740,514875447,17047544832,4506
SYRK(5;3),1,1740,545199607,17317136384,15979172045
GEMM(6;5;3),1,1740,541035185,17587819520,4301
GEMM(7;5;3),1,1740,438086216,14686128128,4506
SYRK(5;4),1,1740,104750135,3085075456,1098542080
GEMM(6;5;4),1,1740,356324565,11808636928,4506
GEMM(7;5;4),1,1740,224343621,7314430976,4506
POTRF(5),1,1740,2400759,67868672,0
TRSM(6;5),1,1740,7098718,203886592,0
TRSM(7;5),1,1740,7414764,203892736,0
SYRK(1;0),1,1740,117474290,3408286720,570765312
GEMM(2;1;0),1,1740,403789879,12686622720,4506
GEMM(3;1;0),1,1740,372337630,12707200000,4915
GEMM(4;1;0),1,1740,388002235,12688374784,4096
GEMM(5;1;0),1,1740,390255652,12625410048,4301
GEMM(6;1;0),1,1740,395453198,12777448448,4506
GEMM(7;1;0),1,1740,361662767,11906092032,4301
SYRK(5;0),1,1740,294295627,9475111936,3891
GEMM(6;5;0),1,1740,218846018,7202251776,4506
GEMM(7;5;0),1,1740,19936647,586917888,4710
POTRF(1),1,1740,2268430,67877888,0
TRSM(2;1),1,1740,7310547,203884544,0
TRSM(3;1),1,1740,7256840,203891712,0
TRSM(4;1),1,1740,7549680,203889664,0
TRSM(5;1),1,1740,7275886,203899904,0
TRSM(6;1),1,1740,7786180,203897856,0
TRSM(7;1),1,1740,7177657,203881472,0
SYRK(5;1),1,1740,7178770,188071936,0
GEMM(6;5;1),1,1740,13211771,376344576,0
GEMM(7;5;1),1,1740,13237399,376310784,0
SYRK(5;2),1,1740,515778124,16653349888,80559638733
GEMM(6;5;2),1,1740,497136837,16394222592,4506
GEMM(7;5;2),1,1740,520541177,17210927104,4506
SYRK(5;3),1,1740,537094264,16917817344,15979172045
GEMM(6;5;3),1,1740,534916409,17536532480,4301
GEMM(7;5;3),1,1740,423167780,14135242752,4506
SYRK(5;4),1,1740,106150832,3220245504,1098542080
GEMM(6;5;4),1,1740,351722903,11544711168,4506
GEMM(7;5;4),1,1740,221186582,7232320512,4506
POTRF(5),1,1740,2337309,67885056,0
TRSM(6;5),1,1740,7272828,203888640,0
TRSM(7;5),1,1740,7216076,203895808,0
SYRK(1;0),1,1815,116251050,3387676672,568995635
GEMM(2;1;0),1,1815,423605787,12730658816,4301
GEMM(3;1;0),1,1815,382777465,12475101184,4096
GEMM(4;1;0),1,1815,409209740,12573514752,4301
GEMM(5;1;0),1,1815,411298392,12944937984,4710
GEMM(6;1;0),1,1815,418636348,12747450368,4301
GEMM(7;1;0),1,1815,378802463,11990274048,4301
SYRK(5;0),1,1815,326596183,9775975424,3277
GEMM(6;5;0),1,1815,234689453,7554287616,4915
GEMM(7;5;0),1,1815,20251369,586356736,4096
POTRF(1),1,1815,2536601,65064960,0
TRSM(2;1),1,1815,7226247,195452928,0
TRSM(3;1),1,1815,7214306,195465216,0
TRSM(4;1),1,1815,7384548,195466240,0
TRSM(5;1),1,1815,7797078,195480576,0
TRSM(6;1),1,1815,7166895,195462144,0
TRSM(7;1),1,1815,7764557,195399680,0
SYRK(5;1),1,1815,6727680,180298752,0
GEMM(6;5;1),1,1815,13575810,360790016,0
GEMM(7;5;1),1,1815,13467630,360757248,0
SYRK(5;2),1,1815,548805309,16716140544,80522295706
GEMM(6;5;2),1,1815,515851388,16584866816,4096
GEMM(7;5;2),1,1815,546948391,17112880128,4096
SYRK(5;3),1,1815,575819074,17329746944,16395385856
GEMM(6;5;3),1,1815,565896326,17687822336,4096
GEMM(7;5;3),1,1815,428902088,13758971904,4096
SYRK(5;4),1,1815,124749966,3471333376,1110279987
GEMM(6;5;4),1,1815,388015940,12128278528,4301
GEMM(7;5;4),1,1815,223176603,7231537152,4506
POTRF(5),1,1815,2086327,65063936,0
TRSM(6;5),1,1815,7334115,195464192,0
TRSM(7;5),1,1815,7175015,195473408,0
SYRK(1;0),1,1815,117329446,3354510336,568995635
GEMM(2;1;0),1,1815,391114548,12291408896,4301
GEMM(3;1;0),1,1815,413599675,12708818944,4096
GEMM(4;1;0),1,1815,395796552,12550586368,4301
GEMM(5;1;0),1,1815,402623641,12409158656,4710
GEMM(6;1;0),1,1815,411486489,12799195136,4301
GEMM(7;1;0),1,1815,382270975,12069716992,4301
SYRK(5;0),1,1815,313878664,9556078592,3277
GEMM(6;5;0),1,1815,226563268,7218597888,4915
GEMM(7;5;0),1,1815,20181789,586921984,4096
POTRF(1),1,1815,2399135,65067008,0
TRSM(2;1),1,1815,7108555,195457024,0
TRSM(3;1),1,1815,7604734,195470336,0
TRSM(4;1),1,1815,7354637,195423232,0
TRSM(5;1),1,1815,7495105,195485696,0
TRSM(6;1),1,1815,7304656,195467264,0
TRSM(7;1),1,1815,7580189,195490816,0
SYRK(5;1),1,1815,6695693,180297728,0
GEMM(6;5;1),1,1815,13292515,360806400,0
GEMM(7;5;1),1,1815,13219072,360767488,0
SYRK(5;2),1,1815,556109865,16670883840,80522295706
GEMM(6;5;2),1,1815,513409133,16307772416,4096
GEMM(7;5;2),1,1815,529135195,16795115520,4096
SYRK(5;3),1,1815,565759396,17025777664,16395385856
GEMM(6;5;3),1,1815,555127642,17559186432,4096
GEMM(7;5;3),1,1815,451320242,14460645376,4096
SYRK(5;4),1,1815,123632385,3426364416,1110279987
GEMM(6;5;4),1,1815,383195073,12115392512,4301
GEMM(7;5;4),1,1815,228518745,7308751872,4506
POTRF(5),1,1815,2465024,65064960,0
TRSM(6;5),1,1815,7238366,195460096,0
TRSM(7;5),1,1815,7426929,195475456,0
SYRK(1;0),1,1815,114923653,3198819328,568995635
GEMM(2;1;0),1,1815,397715267,12538480640,4301
GEMM(3;1;0),1,1815,397979858,12379826176,4096
GEMM(4;1;0),1,1815,403032790,12630560768,4301
GEMM(5;1;0),1,1815,404501396,12566107136,4710
GEMM(6;1;0),1,1815,398953034,12421793792,4301
GEMM(7;1;0),1,1815,377722542,11926409216,4301
SYRK(5;0),1,1815,306909758,9404133376,3277
GEMM(6;5;0),1,1815,233698157,7351410688,4915
GEMM(7;5;0),1,1815,20275875,587355136,4096
POTRF(1),1,1815,2244505,65065984,0
TRSM(2;1),1,1815,7412739,195461120,0
TRSM(3;1),1,1815,7436652,195465216,0
TRSM(4;1),1,1815,7448395,195469312,0
TRSM(5;1),1,1815,7254348,195477504,0
TRSM(6;1),1,1815,7741585,195463168,0
TRSM(7;1),1,1815,7126955,195479552,0
SYRK(5;1),1,1815,7168098,180298752,0
GEMM(6;5;1),1,1815,13175959,360782848,0
GEMM(7;5;1),1,1815,13192718,360758272,0
SYRK(5;2),1,1815,541791398,16746326016,80522295706
GEMM(6;5;2),1,1815,557746848,17133142016,4096
GEMM(7;5;2),1,1815,502595680,16409070592,4096
SYRK(5;3),1,1815,565988613,17111707648,16395385856
GEMM(6;5;3),1,1815,555312982,17515933696,4096
GEMM(7;5;3),1,1815,447887452,14350496768,4096
SYRK(5;4),1,1815,115640746,3359270912,1110279987
GEMM(6;5;4),1,1815,379502280,11786724352,4301
GEMM(7;5;4),1,1815,233418770,7505426432,4506
POTRF(5),1,1815,2329797,65068032,0
TRSM(6;5),1,1815,7155607,195460096,0
TRSM(7;5),1,1815,7234737,195469312,0
SYRK(1;0),1,1815,116606631,3310807040,568995635
GEMM(2;1;0),1,1815,400301525,12624926720,4301
GEMM(3;1;0),1,1815,402501767,12458248192,4096
GEMM(4;1;0),1,1815,403946450,12593518592,4301
GEMM(5;1;0),1,1815,408182809,12717821952,4710
GEMM(6;1;0),1,1815,399781678,12565383168,4301
GEMM(7;1;0),1,1815,381784755,11957415936,4301
SYRK(5;0),1,1815,306374469,9328090112,3277
GEMM(6;5;0),1,1815,229076749,7312146432,4915
GEMM(7;5;0),1,1815,20420543,586915840,4096
POTRF(1),1,1815,1968130,65064960,0
TRSM(2;1),1,1815,7431358,195458048,0
TRSM(3;1),1,1815,7577777,195472384,0
TRSM(4;1),1,1815,7450041,195465216,0
TRSM(5;1),1,1815,7194165,195486720,0
TRSM(6;1),1,1815,7659583,195421184,0
TRSM(7;1),1,1815,7258572,195475456,0
SYRK(5;1),1,1815,7011383,180298752,0
GEMM(6;5;1),1,1815,13329542,360822784,0
GEMM(7;5;1),1,1815,13486678,360801280,0
SYRK(5;2),1,1815,530919879,16607451136,80522295706
GEMM(6;5;2),1,1815,527979489,16354390016,4096
GEMM(7;5;2),1,1815,542600135,17166200832,4096
SYRK(5;3),1,1815,566021313,17083132928,16395385856
GEMM(6;5;3),1,1815,557855056,17573276672,4096
GEMM(7;5;3),1,1815,454530000,14588230656,4096
SYRK(5;4),1,1815,112045300,3284090880,1110279987
GEMM(6;5;4),1,1815,383178474,11892874240,4301
GEMM(7;5;4),1,1815,228219769,7298810880,4506
POTRF(5),1,1815,2411593,65064960,0
TRSM(6;5),1,1815,7181415,195420160,0
TRSM(7;5),1,1815,7405051,195478528,0
SYRK(1;0),1,1815,121817566,3344742400,568995635
GEMM(2;1;0),1,1815,390988865,12482530304,4301
GEMM(3;1;0),1,1815,395072797,12226421760,4096
GEMM(4;1;0),1,1815,399221253,12617056256,4301
GEMM(5;1;0),1,1815,414072546,12642446336,4710
GEMM(6;1;0),1,1815,416786904,12826628096,4301
GEMM(7;1;0),1,1815,376952164,12153502720,4301
SYRK(5;0),1,1815,319826580,9533249536,3277
GEMM(6;5;0),1,1815,223625781,7309444096,4915
GEMM(7;5;0),1,1815,20467498,586763264,4096
POTRF(1),1,1815,2327050,65064960,0
TRSM(2;1),1,1815,7310940,195422208,0
TRSM(3;1),1,1815,7610575,195470336,0
TRSM(4;1),1,1815,7438989,195471360,0
TRSM(5;1),1,1815,7240911,195490816,0
TRSM(6;1),1,1815,7690698,195467264,0
TRSM(7;1),1,1815,7178905,195487744,0
SYRK(5;1),1,1815,7135669,180299776,0
GEMM(6;5;1),1,1815,13309430,360776704,0
GEMM(7;5;1),1,1815,13268846,360759296,0
SYRK(5;2),1,1815,543905848,16737019904,80522295706
GEMM(6;5;2),1,1815,542422936,16688547840,4096
GEMM(7;5;2),1,1815,541381734,17300028416,4096
SYRK(5;3),1,1815,562270552,17128060928,16395385856
GEMM(6;5;3),1,1815,551893927,17642919936,4096
GEMM(7;5;3),1,1815,453348168,14185151488,4096
SYRK(5;4),1,1815,112232443,3203433472,1110279987
GEMM(6;5;4),1,1815,390949055,12244787200,4301
GEMM(7;5;4),1,1815,243835651,7769752576,4506
POTRF(5),1,1815,2438914,65065984,0
TRSM(6;5),1,1815,7060745,195462144,0
TRSM(7;5),1,1815,7334433,195477504,0
SYRK(1;0),1,2040,125930927,3309710336,571356365
GEMM(2;1;0),1,2040,418919824,12609859584,4096
GEMM(3;1;0),1,2040,431395983,12667049984,4096
GEMM(4;1;0),1,2040,417492579,12380060672,4096
GEMM(5;1;0),1,2040,441531902,12838739968,4096
GEMM(6;1;0),1,2040,429700107,12496907264,4301
GEMM(7;1;0),1,2040,420690479,12303056896,3891
SYRK(5;0),1,2040,361190894,10076172288,3482
GEMM(6;5;0),1,2040,254941484,7639706624,4096
GEMM(7;5;0),1,2040,21236300,585633792,4096
POTRF(1),1,2040,2513066,57897984,0
TRSM(2;1),1,2040,7255821,173938688,0
TRSM(3;1),1,2040,7455412,173947904,0
TRSM(4;1),1,2040,7093349,173973504,0
TRSM(5;1),1,2040,7288119,173978624,0
TRSM(6;1),1,2040,7706328,173939712,0
TRSM(7;1),1,2040,7143438,173971456,0
SYRK(5;1),1,2040,6833612,160437248,0
GEMM(6;5;1),1,2040,12980906,321017856,0
GEMM(7;5;1),1,2040,13028449,321009664,0
SYRK(5;2),1,2040,589384986,16708131840,79887504794
GEMM(6;5;2),1,2040,598178345,16757410816,4096
GEMM(7;5;2),1,2040,597400282,17018194944,3891
SYRK(5;3),1,2040,668353978,17945646080,16167278797
GEMM(6;5;3),1,2040,672345144,18413099008,3891
GEMM(7;5;3),1,2040,519531166,14501625856,4096
SYRK(5;4),1,2040,138992947,3440529408,1139648512
GEMM(6;5;4),1,2040,434298797,11890752512,4096
GEMM(7;5;4),1,2040,275347497,7674544128,3891
POTRF(5),1,2040,2553676,57888768,0
TRSM(6;5),1,2040,7226592,173897728,0
TRSM(7;5),1,2040,7985531,173915136,0
SYRK(1;0),1,2040,139306500,3340481536,571356365
GEMM(2;1;0),1,2040,449149219,12455774208,4096
GEMM(3;1;0),1,2040,468840264,12560934912,4096
GEMM(4;1;0),1,2040,462848220,12702843904,4096
GEMM(5;1;0),1,2040,466344608,12674874368,4096
GEMM(6;1;0),1,2040,473738686,12715831296,4301
GEMM(7;1;0),1,2040,464223319,12526303232,3891
SYRK(5;0),1,2040,390788328,10284424192,3482
GEMM(6;5;0),1,2040,285253260,7884401664,4096
GEMM(7;5;0),1,2040,24204358,586706944,4096
POTRF(1),1,2040,2346364,57890816,0
TRSM(2;1),1,2040,7478579,173901824,0
TRSM(3;1),1,2040,7691234,173925376,0
TRSM(4;1),1,2040,7865324,173930496,0
TRSM(5;1),1,2040,7713044,173934592,0
TRSM(6;1),1,2040,7533395,173903872,0
TRSM(7;1),1,2040,7720079,173928448,0
SYRK(5;1),1,2040,7346319,160414720,0
GEMM(6;5;1),1,2040,13602392,320994304,0
GEMM(7;5;1),1,2040,13379106,320980992,0
SYRK(5;2),1,2040,608512672,16668284928,79887504794
GEMM(6;5;2),1,2040,634848963,17402852352,4096
GEMM(7;5;2),1,2040,625614877,17076161536,3891
SYRK(5;3),1,2040,681633854,17841648640,16167278797
GEMM(6;5;3),1,2040,646106900,17793600512,3891
GEMM(7;5;3),1,2040,533654569,14967133184,4096
SYRK(5;4),1,2040,143323781,3535857664,1139648512
GEMM(6;5;4),1,2040,446757711,12339291136,4096
GEMM(7;5;4),1,2040,297410851,8137537536,3891
POTRF(5),1,2040,2295991,57892864,0
TRSM(6;5),1,2040,7676908,173926400,0
TRSM(7;5),1,2040,7465873,173940736,0
SYRK(1;0),1,2040,132886756,3317823488,571356365
GEMM(2;1;0),1,2040,457050064,12485553152,4096
GEMM(3;1;0),1,2040,455440532,12325559296,4096
GEMM(4;1;0),1,2040,473021015,12741532672,4096
GEMM(5;1;0),1,2040,462512968,12627716096,4096
GEMM(6;1;0),1,2040,465368421,12447832064,4301
GEMM(7;1;0),1,2040,446243974,12350854144,3891
SYRK(5;0),1,2040,393129839,10495987712,3482
GEMM(6;5;0),1,2040,284887132,7827618816,4096
GEMM(7;5;0),1,2040,23450142,586379264,4096
POTRF(1),1,2040,2641938,57892864,0
TRSM(2;1),1,2040,7572367,173922304,0
TRSM(3;1),1,2040,8001395,173937664,0
TRSM(4;1),1,2040,7733770,173929472,0
TRSM(5;1),1,2040,7635259,173931520,0
TRSM(6;1),1,2040,7862912,173939712,0
TRSM(7;1),1,2040,7498294,173932544,0
SYRK(5;1),1,2040,7444687,160416768,0
GEMM(6;5;1),1,2040,13735469,320983040,0
GEMM(7;5;1),1,2040,13617320,320972800,0
SYRK(5;2),1,2040,624993727,16749126656,79887504794
GEMM(6;5;2),1,2040,627903436,16908302336,4096
GEMM(7;5;2),1,2040,613287058,17098940416,3891
SYRK(5;3),1,2040,665703870,17658464256,16167278797
GEMM(6;5;3),1,2040,655336415,17846203392,3891
GEMM(7;5;3),1,2040,526908789,14622572544,4096
SYRK(5;4),1,2040,142000337,3465582592,1139648512
GEMM(6;5;4),1,2040,432233034,11936225280,4096
GEMM(7;5;4),1,2040,276273127,7516858368,3891
POTRF(5),1,2040,2515428,57892864,0
TRSM(6;5),1,2040,7215059,173934592,0
TRSM(7;5),1,2040,7897317,173942784,0
SYRK(1;0),1,2040,142082036,3466018816,571356365
GEMM(2;1;0),1,2040,450004789,12336425984,4096
GEMM(3;1;0),1,2040,461201373,12554959872,4096
GEMM(4;1;0),1,2040,469880909,12558281728,4096
GEMM(5;1;0),1,2040,458060661,12429445120,4096
GEMM(6;1;0),1,2040,473054151,12749685760,4301
GEMM(7;1;0),1,2040,433306100,11852450816,3891
SYRK(5;0),1,2040,385175606,10302808064,3482
GEMM(6;5;0),1,2040,298191873,8099884032,4096
GEMM(7;5;0),1,2040,23436120,585940992,4096
POTRF(1),1,2040,2240949,57894912,0
TRSM(2;1),1,2040,7730087,173925376,0
TRSM(3;1),1,2040,7569735,173939712,0
TRSM(4;1),1,2040,8012376,173894656,0
TRSM(5;1),1,2040,7861572,173930496,0
TRSM(6;1),1,2040,7412211,173838336,0
TRSM(7;1),1,2040,8199006,173928448,0
SYRK(5;1),1,2040,7114596,160416768,0
GEMM(6;5;1),1,2040,14077766,320988160,0
GEMM(7;5;1),1,2040,13672577,320979968,0
SYRK(5;2),1,2040,615377318,16788636672,79887504794
GEMM(6;5;2),1,2040,635963964,17067532288,4096
GEMM(7;5;2),1,2040,607475001,16665531392,3891
SYRK(5;3),1,2040,689666030,18045843456,16167278797
GEMM(6;5;3),1,2040,655486719,17850078208,3891
GEMM(7;5;3),1,2040,526482375,14568281088,4096
SYRK(5;4),1,2040,133125983,3274167296,1139648512
GEMM(6;5;4),1,2040,449612763,11980094464,4096
GEMM(7;5;4),1,2040,266741615,7630456832,3891
POTRF(5),1,2040,2681482,57891840,0
TRSM(6;5),1,2040,7551387,173926400,0
TRSM(7;5),1,2040,7933913,173942784,0
SYRK(1;0),1,2040,146864751,3343679488,571356365
GEMM(2;1;0),1,2040,442269999,12397756416,4096
GEMM(3;1;0),1,2040,463305340,12441844736,4096
GEMM(4;1;0),1,2040,461808409,12467664896,4096
GEMM(5;1;0),1,2040,460678348,12631863296,4096
GEMM(6;1;0),1,2040,468822710,12422393856,4301
GEMM(7;1;0),1,2040,437492903,12019527680,3891
SYRK(5;0),1,2040,377457262,10017872896,3482
GEMM(6;5;0),1,2040,268651926,7355415552,4096
GEMM(7;5;0),1,2040,24145295,586221568,4096
POTRF(1),1,2040,2413114,57891840,0
TRSM(2;1),1,2040,7336302,173924352,0
TRSM(3;1),1,2040,7987798,173937664,0
TRSM(4;1),1,2040,7788392,173926400,0
TRSM(5;1),1,2040,7697581,173929472,0
TRSM(6;1),1,2040,7720327,173906944,0
TRSM(7;1),1,2040,7906363,173896704,0
SYRK(5;1),1,2040,7014376,160415744,0
GEMM(6;5;1),1,2040,14033032,320975872,0
GEMM(7;5;1),1,2040,13640294,320970752,0
SYRK(5;2),1,2040,615060535,16349350912,79887504794
GEMM(6;5;2),1,2040,628923522,17180626944,4096
GEMM(7;5;2),1,2040,613625172,16811944960,3891
SYRK(5;3),1,2040,673676334,17718680576,16167278797
GEMM(6;5;3),1,2040,673269157,18383115264,3891
GEMM(7;5;3),1,2040,541373664,14982942720,4096
SYRK(5;4),1,2040,139902200,3376714752,1139648512
GEMM(6;5;4),1,2040,440283376,12235754496,4096
GEMM(7;5;4),1,2040,281827137,7583350784,3891
POTRF(5),1,2040,2532191,57894912,0
TRSM(6;5),1,2040,7543637,173929472,0
TRSM(7;5),1,2040,7779463,173944832,0
SYRK(2;0),2,240,343146284,16245914624,3445704294
GEMM(3;2;0),2,240,328121371,15670643712,21504
GEMM(4;2;0),2,240,339007686,16369281024,22323
GEMM(5;2;0),2,240,340627994,16518808576,21914
GEMM(6;2;0),2,240,344809037,15765568512,22118
GEMM(7;2;0),2,240,321958322,16021391360,21914
SYRK(6;0),2,240,316675648,15165423616,18227
GEMM(7;6;0),2,240,311077447,15008906240,21709
SYRK(2;1),2,240,28750547,1363600384,4773513626
GEMM(3;2;1),2,240,348797881,16597328896,113325670
GEMM(4;2;1),2,240,327048772,15716573184,22118
GEMM(5;2;1),2,240,345382643,16597982208,22528
GEMM(6;2;1),2,240,355021739,16969530368,21709
GEMM(7;2;1),2,240,299584770,13929771008,22528
SYRK(6;1),2,240,301929854,15076034560,18637
GEMM(7;6;1),2,240,56973882,2727881728,22118
POTRF(2),2,240,10315412,491834368,0
TRSM(3;2),2,240,30904804,1476908032,0
TRSM(4;2),2,240,31626374,1476886528,0
TRSM(5;2),2,240,30949704,1476910080,0
TRSM(6;2),2,240,31338832,1476947968,0
TRSM(7;2),2,240,31640459,1476931584,0
SYRK(6;2),2,240,29312585,1363446784,0
GEMM(7;6;2),2,240,57869345,2727636992,0
SYRK(6;3),2,240,347665236,16823022592,65962892902
GEMM(7;6;3),2,240,354099341,17089245184,21914
SYRK(6;4),2,240,351164895,16806453248,14664810291
GEMM(7;6;4),2,240,327328387,15909369856,21709
SYRK(6;5),2,240,28847005,1363617792,2005023949
GEMM(7;6;5),2,240,303349124,14908579840,113333658
POTRF(6),2,240,10173423,491832320,0
TRSM(7;6),2,240,30912618,1476909056,0
SYRK(2;0),2,240,342437827,16262026240,3445704294
GEMM(3;2;0),2,240,350533060,16187248640,21504
GEMM(4;2;0),2,240,346150523,16775834624,22323
GEMM(5;2;0),2,240,341776125,16705256448,21914
GEMM(6;2;0),2,240,341994633,16044554240,22118
GEMM(7;2;0),2,240,330925372,16261761024,21914
SYRK(6;0),2,240,315657670,15046607872,18227
GEMM(7;6;0),2,240,316258824,15436622848,21709
SYRK(2;1),2,240,28692424,1363607552,4773513626
GEMM(3;2;1),2,240,337984921,15907992576,113325670
GEMM(4;2;1),2,240,343152452,16525432832,22118
GEMM(5;2;1),2,240,357297418,17012658176,22528
GEMM(6;2;1),2,240,350782659,16722489344,21709
GEMM(7;2;1),2,240,320122393,15119295488,22528
SYRK(6;1),2,240,305852145,15229589504,18637
GEMM(7;6;1),2,240,56418984,2727875584,22118
POTRF(2),2,240,10223027,491846656,0
TRSM(3;2),2,240,30873534,1476907008,0
TRSM(4;2),2,240,31529847,1476898816,0
TRSM(5;2),2,240,31129675,1476912128,0
TRSM(6;2),2,240,31413989,1476947968,0
TRSM(7;2),2,240,31544300,1476934656,0
SYRK(6;2),2,240,29270330,1363444736,0
GEMM(7;6;2),2,240,57840109,2727645184,0
SYRK(6;3),2,240,363360745,16872195072,65962892902
GEMM(7;6;3),2,240,343023105,17010490368,21914
SYRK(6;4),2,240,357523195,16784917504,14664810291
GEMM(7;6;4),2,240,318778540,15688004608,21709
SYRK(6;5),2,240,28653210,1363612672,2005023949
GEMM(7;6;5),2,240,242020270,11620024320,113333658
POTRF(6),2,240,10150418,491838464,0
TRSM(7;6),2,240,30822867,1476915200,0
SYRK(2;0),2,240,342320805,16289176576,3445704294
GEMM(3;2;0),2,240,355516524,16078513152,21504
GEMM(4;2;0),2,240,330988993,16620263424,22323
GEMM(5;2;0),2,240,348728206,16810883072,21914
GEMM(6;2;0),2,240,346671961,16532432896,22118
GEMM(7;2;0),2,240,339713276,16405580800,21914
SYRK(6;0),2,240,300913659,14476693504,18227
GEMM(7;6;0),2,240,332806985,16105010176,21709
SYRK(2;1),2,240,28691171,1363591168,4773513626
GEMM(3;2;1),2,240,349106420,16949997568,113325670
GEMM(4;2;1),2,240,353400078,16902448128,22118
GEMM(5;2;1),2,240,350280665,16725318656,22528
GEMM(6;2;1),2,240,340546705,16318898176,21709
GEMM(7;2;1),2,240,300617297,14153789440,22528
SYRK(6;1),2,240,298474245,14804459520,18637
GEMM(7;6;1),2,240,57002644,2727866368,22118
POTRF(2),2,240,10238458,491825152,0
TRSM(3;2),2,240,31003721,1476893696,0
TRSM(4;2),2,240,31540707,1476890624,0
TRSM(5;2),2,240,30736904,1476910080,0
TRSM(6;2),2,240,31636765,1476937728,0
TRSM(7;2),2,240,31506162,1476935680,0
SYRK(6;2),2,240,29294864,1363446784,0
GEMM(7;6;2),2,240,57866297,2727630848,0
SYRK(6;3),2,240,362499899,17046201344,65962892902
GEMM(7;6;3),2,240,349467920,17512555520,21914
SYRK(6;4),2,240,346871142,16618548224,14664810291
GEMM(7;6;4),2,240,307014489,14940235776,21709
SYRK(6;5),2,240,28688197,1363604480,2005023949
GEMM(7;6;5),2,240,311832281,15117539328,113333658
POTRF(6),2,240,10179147,491850752,0
TRSM(7;6),2,240,30939609,1476910080,0
SYRK(2;0),2,240,346393045,16438813696,3445704294
GEMM(3;2;0),2,240,336493370,16238676992,21504
GEMM(4;2;0),2,240,333308152,16023630848,22323
GEMM(5;2;0),2,240,341518799,16180921344,21914
GEMM(6;2;0),2,240,345449717,16632407040,22118
GEMM(7;2;0),2,240,326877261,15940007936,21914
SYRK(6;0),2,240,323243744,15360071680,18227
GEMM(7;6;0),2,240,313036428,15087074304,21709
SYRK(2;1),2,240,28646808,1363607552,4773513626
GEMM(3;2;1),2,240,364032497,17186248704,113325670
GEMM(4;2;1),2,240,357816205,17544686592,22118
GEMM(5;2;1),2,240,355096848,16868277248,22528
GEMM(6;2;1),2,240,352910124,17096108032,21709
GEMM(7;2;1),2,240,318041939,14638161920,22528
SYRK(6;1),2,240,303145657,15228354560,18637
GEMM(7;6;1),2,240,56940178,2727873536,22118
POTRF(2),2,240,10246232,491837440,0
TRSM(3;2),2,240,30928493,1476910080,0
TRSM(4;2),2,240,31350419,1476888576,0
TRSM(5;2),2,240,31216900,1476917248,0
TRSM(6;2),2,240,31397518,1476942848,0
TRSM(7;2),2,240,31553262,1476945920,0
SYRK(6;2),2,240,29298642,1363446784,0
GEMM(7;6;2),2,240,57805106,2727648256,0
SYRK(6;3),2,240,366889010,17160730624,65962892902
GEMM(7;6;3),2,240,340379731,16829510656,21914
SYRK(6;4),2,240,353990058,16715278336,14664810291
GEMM(7;6;4),2,240,298563422,14762361856,21709
SYRK(6;5),2,240,28590891,1363612672,2005023949
GEMM(7;6;5),2,240,316860436,15159017472,113333658
POTRF(6),2,240,10064275,491839488,0
TRSM(7;6),2,240,30852319,1476891648,0
SYRK(2;0),2,240,346876109,16529301504,3445704294
GEMM(3;2;0),2,240,331931091,16123943936,21504
GEMM(4;2;0),2,240,343624663,16375971840,22323
GEMM(5;2;0),2,240,342060716,16077252608,21914
GEMM(6;2;0),2,240,331753723,16313640960,22118
GEMM(7;2;0),2,240,349159970,16741756928,21914
SYRK(6;0),2,240,318351328,14982654976,18227
GEMM(7;6;0),2,240,328523635,15998148608,21709
SYRK(2;1),2,240,28656528,1363597312,4773513626
GEMM(3;2;1),2,240,360436848,17191170048,113325670
GEMM(4;2;1),2,240,354883079,17198057472,22118
GEMM(5;2;1),2,240,373070144,17604013056,22528
GEMM(6;2;1),2,240,355023975,17170629632,21709
GEMM(7;2;1),2,240,305145913,14859374592,22528
SYRK(6;1),2,240,314429869,15067282432,18637
GEMM(7;6;1),2,240,55968627,2727874560,22118
POTRF(2),2,240,10129306,491824128,0
TRSM(3;2),2,240,30981319,1476918272,0
TRSM(4;2),2,240,31548418,1476886528,0
TRSM(5;2),2,240,31070488,1476920320,0
TRSM(6;2),2,240,31422901,1476938752,0
TRSM(7;2),2,240,31520162,1476929536,0
SYRK(6;2),2,240,29321215,1363446784,0
GEMM(7;6;2),2,240,56497480,2727625728,0
SYRK(6;3),2,240,353636339,16962566144,65962892902
GEMM(7;6;3),2,240,348639622,17107231744,21914
SYRK(6;4),2,240,344019951,16601456640,14664810291
GEMM(7;6;4),2,240,303131998,14598220800,21709
SYRK(6;5),2,240,28597822,1363600384,2005023949
GEMM(7;6;5),2,240,309442860,15100847104,113333658
POTRF(6),2,240,10416329,491840512,0
TRSM(7;6),2,240,31002229,1476910080,0
SYRK(2;0),2,315,324493963,15476168704,2625460224
GEMM(3;2;0),2,315,334264002,15787741184,17613
GEMM(4;2;0),2,315,315745835,15136588800,17408
GEMM(5;2;0),2,315,320151616,15309511680,17613
GEMM(6;2;0),2,315,337050181,15680011264,17818
GEMM(7;2;0),2,315,317394368,15229842432,17408
SYRK(6;0),2,315,297258945,14308325376,14746
GEMM(7;6;0),2,315,307724395,14816739328,17203
SYRK(2;1),2,315,22188109,1038995456,3629484032
GEMM(3;2;1),2,315,344561194,15997728768,86324224
GEMM(4;2;1),2,315,346090075,16894479360,17408
GEMM(5;2;1),2,315,340484758,16032607232,17818
GEMM(6;2;1),2,315,350093154,16606115840,17408
GEMM(7;2;1),2,315,308240199,14885610496,17818
SYRK(6;1),2,315,243070429,11721338880,14336
GEMM(7;6;1),2,315,44473750,2078479360,16998
POTRF(2),2,315,7886021,374744064,0
TRSM(3;2),2,315,23988810,1125296128,0
TRSM(4;2),2,315,24515235,1125292032,0
TRSM(5;2),2,315,24082117,1125292032,0
TRSM(6;2),2,315,24332711,1125319680,0
TRSM(7;2),2,315,24162299,1125326848,0
SYRK(6;2),2,315,22132394,1038819328,0
GEMM(7;6;2),2,315,44276527,2078189568,0
SYRK(6;3),2,315,329858980,16272379904,67104426394
GEMM(7;6;3),2,315,337983859,16187392000,16794
SYRK(6;4),2,315,332152471,15798421504,14790728909
GEMM(7;6;4),2,315,304747203,14788228096,16998
SYRK(6;5),2,315,22674223,1039006720,1526047539
GEMM(7;6;5),2,315,312647770,15048793088,86330778
POTRF(6),2,315,6967148,374742016,0
TRSM(7;6),2,315,23909753,1125297152,0
SYRK(2;0),2,315,338503037,15947303936,2625460224
GEMM(3;2;0),2,315,316351124,15314189312,17613
GEMM(4;2;0),2,315,332136258,15521604608,17408
GEMM(5;2;0),2,315,336486572,15941622784,17613
GEMM(6;2;0),2,315,327234014,15731141632,17818
GEMM(7;2;0),2,315,333167111,15637478400,17408
SYRK(6;0),2,315,314842549,15396715520,14746
GEMM(7;6;0),2,315,324418167,15598670848,17203
SYRK(2;1),2,315,22179595,1038992384,3629484032
GEMM(3;2;1),2,315,336526066,16042007552,86324224
GEMM(4;2;1),2,315,357194068,16930765824,17408
GEMM(5;2;1),2,315,339492910,16279482368,17818
GEMM(6;2;1),2,315,344015601,16106274816,17408
GEMM(7;2;1),2,315,317923117,15327176704,17818
SYRK(6;1),2,315,259819349,12484581376,14336
GEMM(7;6;1),2,315,43119885,2078488576,16998
POTRF(2),2,315,7906359,374739968,0
TRSM(3;2),2,315,23973945,1125298176,0
TRSM(4;2),2,315,24470816,1125289984,0
TRSM(5;2),2,315,22913630,1125314560,0
TRSM(6;2),2,315,25432308,1125324800,0
TRSM(7;2),2,315,24368461,1125337088,0
SYRK(6;2),2,315,22643091,1038818304,0
GEMM(7;6;2),2,315,44771633,2078199808,0
SYRK(6;3),2,315,355030698,17323654144,67104426394
GEMM(7;6;3),2,315,346357909,16802075648,16794
SYRK(6;4),2,315,336088725,15843655680,14790728909
GEMM(7;6;4),2,315,299135483,14539875328,16998
SYRK(6;5),2,315,22335758,1038998528,1526047539
GEMM(7;6;5),2,315,320146660,15330693120,86330778
POTRF(6),2,315,7126636,374738944,0
TRSM(7;6),2,315,23898490,1125305344,0
SYRK(2;0),2,315,327181298,15564588032,2625460224
GEMM(3;2;0),2,315,333618887,15576778752,17613
GEMM(4;2;0),2,315,300016214,14732986368,17408
GEMM(5;2;0),2,315,319956801,15187972096,17613
GEMM(6;2;0),2,315,330817659,15521557504,17818
GEMM(7;2;0),2,315,327689905,15632498688,17408
SYRK(6;0),2,315,306355454,14584408064,14746
GEMM(7;6;0),2,315,321763409,15567177728,17203
SYRK(2;1),2,315,22140261,1038998528,3629484032
GEMM(3;2;1),2,315,337986038,15770719232,86324224
GEMM(4;2;1),2,315,329529726,15946043392,17408
GEMM(5;2;1),2,315,350071849,16424902656,17818
GEMM(6;2;1),2,315,331754678,16066441216,17408
GEMM(7;2;1),2,315,313494396,14632432640,17818
SYRK(6;1),2,315,312068851,15224014848,14336
GEMM(7;6;1),2,315,43904812,2078493696,16998
POTRF(2),2,315,7824433,374731776,0
TRSM(3;2),2,315,24015369,1125295104,0
TRSM(4;2),2,315,24507399,1125283840,0
TRSM(5;2),2,315,24060761,1125308416,0
TRSM(6;2),2,315,24291931,1125335040,0
TRSM(7;2),2,315,24354623,1125337088,0
SYRK(6;2),2,315,22649113,1038819328,0
GEMM(7;6;2),2,315,44803882,2078196736,0
SYRK(6;3),2,315,351762650,17312795648,67104426394
GEMM(7;6;3),2,315,344398697,16506710016,16794
SYRK(6;4),2,315,327947843,15757205504,14790728909
GEMM(7;6;4),2,315,296407129,14216602624,16998
SYRK(6;5),2,315,22155776,1039003648,1526047539
GEMM(7;6;5),2,315,308455044,14854401024,86330778
POTRF(6),2,315,7753826,374737920,0
TRSM(7;6),2,315,23957962,1125308416,0
SYRK(2;0),2,315,334729727,15724448768,2625460224
GEMM(3;2;0),2,315,317645315,15206003712,17613
GEMM(4;2;0),2,315,319909610,15375443968,17408
GEMM(5;2;0),2,315,333945324,15628813312,17613
GEMM(6;2;0),2,315,319394720,15369782272,17818
GEMM(7;2;0),2,315,312292454,15076447232,17408
SYRK(6;0),2,315,295739656,14067664896,14746
GEMM(7;6;0),2,315,314814533,15026487296,17203
SYRK(2;1),2,315,22127191,1038998528,3629484032
GEMM(3;2;1),2,315,342351543,15984280576,86324224
GEMM(4;2;1),2,315,349364226,16717267968,17408
GEMM(5;2;1),2,315,348087185,16259530752,17818
GEMM(6;2;1),2,315,349446837,16927181824,17408
GEMM(7;2;1),2,315,285265250,13790244864,17818
SYRK(6;1),2,315,306900859,14812825600,14336
GEMM(7;6;1),2,315,43708916,2078495744,16998
POTRF(2),2,315,8029267,374738944,0
TRSM(3;2),2,315,24054317,1125298176,0
TRSM(4;2),2,315,24543496,1125286912,0
TRSM(5;2),2,315,23995169,1125304320,0
TRSM(6;2),2,315,24301269,1125328896,0
TRSM(7;2),2,315,24370873,1125321728,0
SYRK(6;2),2,315,22654075,1038819328,0
GEMM(7;6;2),2,315,44743388,2078183424,0
SYRK(6;3),2,315,344492281,16550900736,67104426394
GEMM(7;6;3),2,315,345179869,16709988352,16794
SYRK(6;4),2,315,339369860,16083799040,14790728909
GEMM(7;6;4),2,315,311816897,15022415872,16998
SYRK(6;5),2,315,22165626,1039006720,1526047539
GEMM(7;6;5),2,315,241805142,11519717376,86330778
POTRF(6),2,315,7782730,374742016,0
TRSM(7;6),2,315,23971252,1125309440,0
SYRK(2;0),2,315,330697930,15781135360,2625460224
GEMM(3;2;0),2,315,318354517,15215154176,17613
GEMM(4;2;0),2,315,327529036,15733449728,17408
GEMM(5;2;0),2,315,324533579,15205455872,17613
GEMM(6;2;0),2,315,331846217,15803631616,17818
GEMM(7;2;0),2,315,332067244,16047987712,17408
SYRK(6;0),2,315,318745510,14862918656,14746
GEMM(7;6;0),2,315,306851815,14962095104,17203
SYRK(2;1),2,315,22198724,1039000576,3629484032
GEMM(3;2;1),2,315,353822273,16863175680,86324224
GEMM(4;2;1),2,315,348426750,16548926464,17408
GEMM(5;2;1),2,315,346834096,15851479040,17818
GEMM(6;2;1),2,315,344082916,16986722304,17408
GEMM(7;2;1),2,315,308747178,14550190080,17818
SYRK(6;1),2,315,307304979,14918299648,14336
GEMM(7;6;1),2,315,44254306,2078476288,16998
POTRF(2),2,315,7626720,374742016,0
TRSM(3;2),2,315,24193671,1125309440,0
TRSM(4;2),2,315,24492564,1125295104,0
TRSM(5;2),2,315,24060337,1125313536,0
TRSM(6;2),2,315,24296594,1125327872,0
TRSM(7;2),2,315,24368928,1125330944,0
SYRK(6;2),2,315,22625885,1038820352,0
GEMM(7;6;2),2,315,44722150,2078195712,0
SYRK(6;3),2,315,355384401,16897915904,67104426394
GEMM(7;6;3),2,315,341809908,16552107008,16794
SYRK(6;4),2,315,337551672,16018182144,14790728909
GEMM(7;6;4),2,315,295593515,14316193792,16998
SYRK(6;5),2,315,22166438,1038998528,1526047539
GEMM(7;6;5),2,315,320496468,15413698560,86330778
POTRF(6),2,315,7115453,374731776,0
TRSM(7;6),2,315,23953619,1125301248,0
SYRK(2;0),2,390,346515323,16289390592,2120591155
GEMM(3;2;0),2,390,332124904,15587884032,14950
GEMM(4;2;0),2,390,327467334,15501851648,14746
GEMM(5;2;0),2,390,340528595,16359061504,14746
GEMM(6;2;0),2,390,343627323,16225713152,14541
GEMM(7;2;0),2,390,350109425,16137378816,14950
SYRK(6;0),2,390,312447416,14829118464,12288
GEMM(7;6;0),2,390,321371276,15545411584,14336
SYRK(2;1),2,390,18150228,839261184,2846776115
GEMM(3;2;1),2,390,358478980,16552250368,43684864
GEMM(4;2;1),2,390,347813982,16739926016,14541
GEMM(5;2;1),2,390,354121935,16586244096,14950
GEMM(6;2;1),2,390,355259509,16813633536,14950
GEMM(7;2;1),2,390,287793452,13401233408,14541
SYRK(6;1),2,390,243126017,11879522304,12493
GEMM(7;6;1),2,390,34799627,1678861312,14336
POTRF(2),2,390,6476046,302688256,0
TRSM(3;2),2,390,19653415,908925952,0
TRSM(4;2),2,390,20201669,908923904,0
TRSM(5;2),2,390,19653371,908931072,0
TRSM(6;2),2,390,19681226,908960768,0
TRSM(7;2),2,390,19681226,908960768,0
SYRK(6;2),2,390,19162546,839045120,0
GEMM(7;6;2),2,390,36724635,1678537728,0
SYRK(6;3),2,390,352744367,16325735424,66220018278
GEMM(7;6;3),2,390,334869833,16330034176,14746
SYRK(6;4),2,390,345969795,16198928384,14285297050
GEMM(7;6;4),2,390,313845066,15029769216,14336
SYRK(6;5),2,390,18159646,839269376,1194102374
GEMM(7;6;5),2,390,312515195,15044023296,43598234
POTRF(6),2,390,6178075,302693376,0
TRSM(7;6),2,390,19731105,908930048,0
SYRK(2;0),2,390,340811165,15838363648,2120591155
GEMM(3;2;0),2,390,313968053,15171564544,14950
GEMM(4;2;0),2,390,331736366,15671676928,14746
GEMM(5;2;0),2,390,323676283,15287406592,14746
GEMM(6;2;0),2,390,345565534,16315835392,14541
GEMM(7;2;0),2,390,333923304,15711072256,14950
SYRK(6;0),2,390,308815912,14634372096,12288
GEMM(7;6;0),2,390,314565778,14854358016,14336
SYRK(2;1),2,390,18411311,839247872,2846776115
GEMM(3;2;1),2,390,347640618,15968678912,43684864
GEMM(4;2;1),2,390,348248818,16956684288,14541
GEMM(5;2;1),2,390,373505622,17329003520,14950
GEMM(6;2;1),2,390,348828295,16491744256,14950
GEMM(7;2;1),2,390,308368478,14227293184,14541
SYRK(6;1),2,390,305088601,15007177728,12493
GEMM(7;6;1),2,390,35628127,1678856192,14336
POTRF(2),2,390,6537172,302678016,0
TRSM(3;2),2,390,19590630,908918784,0
TRSM(4;2),2,390,20381464,908916736,0
TRSM(5;2),2,390,19577917,908934144,0
TRSM(6;2),2,390,19963179,908967936,0
TRSM(7;2),2,390,20016304,908949504,0
SYRK(6;2),2,390,18568052,839045120,0
GEMM(7;6;2),2,390,36716305,1678535680,0
SYRK(6;3),2,390,355440438,16543537152,66220018278
GEMM(7;6;3),2,390,333553791,16126665728,14746
SYRK(6;4),2,390,347417668,16227802112,14285297050
GEMM(7;6;4),2,390,315788802,15111579648,14336
SYRK(6;5),2,390,18288984,839254016,1194102374
GEMM(7;6;5),2,390,289279847,13719255040,43598234
POTRF(6),2,390,6292870,302691328,0
TRSM(7;6),2,390,19570397,908933120,0
SYRK(2;0),2,390,341337149,15944068096,2120591155
GEMM(3;2;0),2,390,324280958,15273541632,14950
GEMM(4;2;0),2,390,325412291,15469696000,14746
GEMM(5;2;0),2,390,332677903,15900396544,14746
GEMM(6;2;0),2,390,347267492,16133749760,14541
GEMM(7;2;0),2,390,331601386,15807732736,14950
SYRK(6;0),2,390,326365457,15145074688,12288
GEMM(7;6;0),2,390,311140123,15091125248,14336
SYRK(2;1),2,390,18444643,839243776,2846776115
GEMM(3;2;1),2,390,345925234,16163690496,43684864
GEMM(4;2;1),2,390,330274397,15872315392,14541
GEMM(5;2;1),2,390,383784735,17021265920,14950
GEMM(6;2;1),2,390,332363724,16829359104,14950
GEMM(7;2;1),2,390,324501325,14798984192,14541
SYRK(6;1),2,390,304554426,14974477312,12493
GEMM(7;6;1),2,390,36182672,1678880768,14336
POTRF(2),2,390,6480929,302688256,0
TRSM(3;2),2,390,19594273,908932096,0
TRSM(4;2),2,390,20208716,908917760,0
TRSM(5;2),2,390,19740339,908936192,0
TRSM(6;2),2,390,19967881,908961792,0
TRSM(7;2),2,390,20007874,908945408,0
SYRK(6;2),2,390,18592511,839045120,0
GEMM(7;6;2),2,390,36733077,1678544896,0
SYRK(6;3),2,390,361524595,17149285376,66220018278
GEMM(7;6;3),2,390,353065189,16831332352,14746
SYRK(6;4),2,390,348167380,16265042944,14285297050
GEMM(7;6;4),2,390,315726462,15124091904,14336
SYRK(6;5),2,390,18213149,839254016,1194102374
GEMM(7;6;5),2,390,301131749,14271463424,43598234
POTRF(6),2,390,7299183,302685184,0
TRSM(7;6),2,390,19646468,908937216,0
SYRK(2;0),2,390,347644491,16298494976,2120591155
GEMM(3;2;0),2,390,329994707,15573093376,14950
GEMM(4;2;0),2,390,340892544,16014146560,14746
GEMM(5;2;0),2,390,340344839,16138049536,14746
GEMM(6;2;0),2,390,336144911,15983185920,14541
GEMM(7;2;0),2,390,336701267,15809182720,14950
SYRK(6;0),2,390,314650102,14993325056,12288
GEMM(7;6;0),2,390,311860061,14914653184,14336
SYRK(2;1),2,390,21937475,839236608,2846776115
GEMM(3;2;1),2,390,355158590,16720506880,43684864
GEMM(4;2;1),2,390,343873652,16430216192,14541
GEMM(5;2;1),2,390,345841664,16233893888,14950
GEMM(6;2;1),2,390,349595853,16586875904,14950
GEMM(7;2;1),2,390,286922187,13134974976,14541
SYRK(6;1),2,390,304652374,15013954560,12493
GEMM(7;6;1),2,390,36112632,1678850048,14336
POTRF(2),2,390,6336224,302687232,0
TRSM(3;2),2,390,19746752,908920832,0
TRSM(4;2),2,390,20266959,908914688,0
TRSM(5;2),2,390,19667138,908932096,0
TRSM(6;2),2,390,19969688,908958720,0
TRSM(7;2),2,390,20017606,908961792,0
SYRK(6;2),2,390,18562443,839046144,0
GEMM(7;6;2),2,390,36611604,1678552064,0
SYRK(6;3),2,390,351718438,16963731456,66220018278
GEMM(7;6;3),2,390,348575269,16760184832,14746
SYRK(6;4),2,390,349727529,16567918592,14285297050
GEMM(7;6;4),2,390,314639393,14957301760,14336
SYRK(6;5),2,390,19053259,839265280,1194102374
GEMM(7;6;5),2,390,305044681,14701924352,43598234
POTRF(6),2,390,7061168,302691328,0
TRSM(7;6),2,390,19647197,908931072,0
SYRK(2;0),2,390,342000796,16106983424,2120591155
GEMM(3;2;0),2,390,340413749,15811712000,14950
GEMM(4;2;0),2,390,333960387,16026368000,14746
GEMM(5;2;0),2,390,336978285,16049639424,14746
GEMM(6;2;0),2,390,355363192,16515055616,14541
GEMM(7;2;0),2,390,343019511,16096531456,14950
SYRK(6;0),2,390,298361140,14382953472,12288
GEMM(7;6;0),2,390,313472049,14902346752,14336
SYRK(2;1),2,390,19479663,839252992,2846776115
GEMM(3;2;1),2,390,357879458,16823857152,43684864
GEMM(4;2;1),2,390,348927206,16536699904,14541
GEMM(5;2;1),2,390,373874333,17195976704,14950
GEMM(6;2;1),2,390,347698417,17056317440,14950
GEMM(7;2;1),2,390,305965923,14226582528,14541
SYRK(6;1),2,390,307881045,14808283136,12493
GEMM(7;6;1),2,390,34622293,1678854144,14336
POTRF(2),2,390,6434510,302687232,0
TRSM(3;2),2,390,19859491,908924928,0
TRSM(4;2),2,390,20207622,908918784,0
TRSM(5;2),2,390,17865431,908937216,0
TRSM(6;2),2,390,21748213,908953600,0
TRSM(7;2),2,390,19997087,908951552,0
SYRK(6;2),2,390,18569486,839045120,0
GEMM(7;6;2),2,390,36744204,1678536704,0
SYRK(6;3),2,390,348681794,16301376512,66220018278
GEMM(7;6;3),2,390,336458796,16114106368,14746
SYRK(6;4),2,390,352029225,16375883776,14285297050
GEMM(7;6;4),2,390,321401820,15486629888,14336
SYRK(6;5),2,390,21681718,839261184,1194102374
GEMM(7;6;5),2,390,310928637,14976459776,43598234
POTRF(6),2,390,5812636,302680064,0
TRSM(7;6),2,390,19612377,908922880,0
SYRK(2;0),2,465,335788483,15917407232,1778619187
GEMM(3;2;0),2,465,336446939,15620970496,13107
GEMM(4;2;0),2,465,327753515,15582670848,12902
GEMM(5;2;0),2,465,335697517,15678025728,13107
GEMM(6;2;0),2,465,332374517,15647543296,13107
GEMM(7;2;0),2,465,323753162,15439588352,12902
SYRK(6;0),2,465,318855210,14697175040,10650
GEMM(7;6;0),2,465,327203918,15586355200,12698
SYRK(2;1),2,465,16172407,703965184,2455793459
GEMM(3;2;1),2,465,353444792,16400445440,58410598
GEMM(4;2;1),2,465,338589019,16189473792,12902
GEMM(5;2;1),2,465,354562426,16490196992,13107
GEMM(6;2;1),2,465,351229771,16480369664,13107
GEMM(7;2;1),2,465,280987087,13472436224,13107
SYRK(6;1),2,465,320263006,15048099840,10650
GEMM(7;6;1),2,465,31599024,1408169984,12698
POTRF(2),2,465,5542218,253872128,0
TRSM(3;2),2,465,16538738,762355712,0
TRSM(4;2),2,465,17341836,762347520,0
TRSM(5;2),2,465,16844600,762360832,0
TRSM(6;2),2,465,16965598,762386432,0
TRSM(7;2),2,465,17042271,762380288,0
SYRK(6;2),2,465,15137524,703714304,0
GEMM(7;6;2),2,465,29643615,1407831040,0
SYRK(6;3),2,465,366728749,17166141440,67534783283
GEMM(7;6;3),2,465,341206875,16326804480,12493
SYRK(6;4),2,465,340538600,16055812096,13721749914
GEMM(7;6;4),2,465,313102820,14908244992,12698
SYRK(6;5),2,465,15603910,703978496,1032532582
GEMM(7;6;5),2,465,313030481,14726426624,58401382
POTRF(6),2,465,5343598,253870080,0
TRSM(7;6),2,465,16660720,762357760,0
SYRK(2;0),2,465,339120123,15906572288,1778619187
GEMM(3;2;0),2,465,315138946,14914826240,13107
GEMM(4;2;0),2,465,329904571,15567851520,12902
GEMM(5;2;0),2,465,335634743,15433320448,13107
GEMM(6;2;0),2,465,330536178,15912093696,13107
GEMM(7;2;0),2,465,333244151,15672754176,12902
SYRK(6;0),2,465,324112630,15142724608,10650
GEMM(7;6;0),2,465,310930813,14649735168,12698
SYRK(2;1),2,465,15641523,703968256,2455793459
GEMM(3;2;1),2,465,359281302,16801459200,58410598
GEMM(4;2;1),2,465,349194430,16336793600,12902
GEMM(5;2;1),2,465,348368762,16507101184,13107
GEMM(6;2;1),2,465,353443365,16161301504,13107
GEMM(7;2;1),2,465,317462756,15005026304,13107
SYRK(6;1),2,465,304585617,14697244672,10650
GEMM(7;6;1),2,465,30492154,1408166912,12698
POTRF(2),2,465,5412151,253876224,0
TRSM(3;2),2,465,16845702,762354688,0
TRSM(4;2),2,465,17173828,762356736,0
TRSM(5;2),2,465,16839529,762353664,0
TRSM(6;2),2,465,16961610,762383360,0
TRSM(7;2),2,465,17050470,762396672,0
SYRK(6;2),2,465,15786316,703715328,0
GEMM(7;6;2),2,465,31170513,1407808512,0
SYRK(6;3),2,465,373025794,16826938368,67534783283
GEMM(7;6;3),2,465,338957607,16708433920,12493
SYRK(6;4),2,465,340553916,15902018560,13721749914
GEMM(7;6;4),2,465,309852629,14765505536,12698
SYRK(6;5),2,465,15523721,703981568,1032532582
GEMM(7;6;5),2,465,302116900,14194506752,58401382
POTRF(6),2,465,4839650,253872128,0
TRSM(7;6),2,465,16774016,762357760,0
SYRK(2;0),2,465,338042492,15759760384,1778619187
GEMM(3;2;0),2,465,324670205,15295677440,13107
GEMM(4;2;0),2,465,325606752,15250195456,12902
GEMM(5;2;0),2,465,321777987,15252058112,13107
GEMM(6;2;0),2,465,334732335,15010996224,13107
GEMM(7;2;0),2,465,324613902,15763619840,12902
SYRK(6;0),2,465,308882992,14558019584,10650
GEMM(7;6;0),2,465,317559228,15102754816,12698
SYRK(2;1),2,465,15362291,703948800,2455793459
GEMM(3;2;1),2,465,367513467,17010783232,58410598
GEMM(4;2;1),2,465,352373250,17115576320,12902
GEMM(5;2;1),2,465,362641875,16867728384,13107
GEMM(6;2;1),2,465,349651390,16329729024,13107
GEMM(7;2;1),2,465,293421476,14023164928,13107
SYRK(6;1),2,465,317686715,14912303104,10650
GEMM(7;6;1),2,465,30592402,1408162816,12698
POTRF(2),2,465,5345804,253879296,0
TRSM(3;2),2,465,16866881,762350592,0
TRSM(4;2),2,465,17342887,762346496,0
TRSM(5;2),2,465,16756972,762357760,0
TRSM(6;2),2,465,16960943,762392576,0
TRSM(7;2),2,465,17027499,762375168,0
SYRK(6;2),2,465,15777642,703714304,0
GEMM(7;6;2),2,465,31196451,1407812608,0
SYRK(6;3),2,465,373684573,17434995712,67534783283
GEMM(7;6;3),2,465,353905942,16835783680,12493
SYRK(6;4),2,465,341724234,15962437632,13721749914
GEMM(7;6;4),2,465,299794301,14418658304,12698
SYRK(6;5),2,465,15424926,703974400,1032532582
GEMM(7;6;5),2,465,318949680,15267047424,58401382
POTRF(6),2,465,5505384,253880320,0
TRSM(7;6),2,465,16790332,762356736,0
SYRK(2;0),2,465,344701185,16062135296,1778619187
GEMM(3;2;0),2,465,340841930,15896544256,13107
GEMM(4;2;0),2,465,346557075,16082320384,12902
GEMM(5;2;0),2,465,334107363,15512200192,13107
GEMM(6;2;0),2,465,327360724,15888906240,13107
GEMM(7;2;0),2,465,327624723,15564571648,12902
SYRK(6;0),2,465,311660622,14475316224,10650
GEMM(7;6;0),2,465,316118279,15043013632,12698
SYRK(2;1),2,465,19096299,703961088,2455793459
GEMM(3;2;1),2,465,360288379,16931855360,58410598
GEMM(4;2;1),2,465,350641659,16910528512,12902
GEMM(5;2;1),2,465,352026324,16370649088,13107
GEMM(6;2;1),2,465,363224150,16855028736,13107
GEMM(7;2;1),2,465,282749967,13623866368,13107
SYRK(6;1),2,465,324051122,15212216320,10650
GEMM(7;6;1),2,465,30690109,1408147456,12698
POTRF(2),2,465,5489321,253877248,0
TRSM(3;2),2,465,16716910,762354688,0
TRSM(4;2),2,465,17359917,762347520,0
TRSM(5;2),2,465,16206175,762363904,0
TRSM(6;2),2,465,17436124,762387456,0
TRSM(7;2),2,465,17027096,762397696,0
SYRK(6;2),2,465,15790023,703714304,0
GEMM(7;6;2),2,465,31180136,1407812608,0
SYRK(6;3),2,465,370048965,17357629440,67534783283
GEMM(7;6;3),2,465,348541702,16698929152,12493
SYRK(6;4),2,465,338950538,16013152256,13721749914
GEMM(7;6;4),2,465,318015380,14985213952,12698
SYRK(6;5),2,465,16248211,703979520,1032532582
GEMM(7;6;5),2,465,313318562,14858696704,58401382
POTRF(6),2,465,4940390,253872128,0
TRSM(7;6),2,465,16633229,762352640,0
SYRK(2;0),2,465,340846022,15895964672,1778619187
GEMM(3;2;0),2,465,327955972,15376238592,13107
GEMM(4;2;0),2,465,327624765,15360461824,12902
GEMM(5;2;0),2,465,334347416,15886927872,13107
GEMM(6;2;0),2,465,329545393,15299759104,13107
GEMM(7;2;0),2,465,325575415,15513067520,12902
SYRK(6;0),2,465,323217406,14918752256,10650
GEMM(7;6;0),2,465,314328976,15075702784,12698
SYRK(2;1),2,465,15604911,703968256,2455793459
GEMM(3;2;1),2,465,351025946,16502514688,58410598
GEMM(4;2;1),2,465,351379068,16513045504,12902
GEMM(5;2;1),2,465,363097395,16339921920,13107
GEMM(6;2;1),2,465,348670916,16993899520,13107
GEMM(7;2;1),2,465,309727292,14537060352,13107
SYRK(6;1),2,465,219382980,10584526848,10650
GEMM(7;6;1),2,465,29843884,1408140288,12698
POTRF(2),2,465,5375386,253871104,0
TRSM(3;2),2,465,16913155,762352640,0
TRSM(4;2),2,465,17283443,762342400,0
TRSM(5;2),2,465,16749416,762365952,0
TRSM(6;2),2,465,16967717,762380288,0
TRSM(7;2),2,465,17025254,762385408,0
SYRK(6;2),2,465,15779850,703715328,0
GEMM(7;6;2),2,465,31163208,1407836160,0
SYRK(6;3),2,465,352129961,16351986688,67534783283
GEMM(7;6;3),2,465,339789667,16319665152,12493
SYRK(6;4),2,465,348325516,16152076288,13721749914
GEMM(7;6;4),2,465,323360517,15532882944,12698
SYRK(6;5),2,465,15190462,703982592,1032532582
GEMM(7;6;5),2,465,299300145,14188221440,58401382
POTRF(6),2,465,4003581,253869056,0
TRSM(7;6),2,465,16881449,762358784,0
SYRK(2;0),2,540,333182733,15366740992,1531625472
GEMM(3;2;0),2,540,336411403,15596966912,11469
GEMM(4;2;0),2,540,319732872,15189198848,11469
GEMM(5;2;0),2,540,325773976,14932960256,11469
GEMM(6;2;0),2,540,314335167,14817625088,11469
GEMM(7;2;0),2,540,321998008,15088906240,11469
SYRK(6;0),2,540,310965587,14460892160,9830
GEMM(7;6;0),2,540,319255143,14961434624,11264
SYRK(2;1),2,540,13576035,606949376,2110074880
GEMM(3;2;1),2,540,353229734,16354181120,49545011
GEMM(4;2;1),2,540,347628202,16290905088,11469
GEMM(5;2;1),2,540,357293512,16149823488,11264
GEMM(6;2;1),2,540,356462113,17275914240,11264
GEMM(7;2;1),2,540,314625074,14588733440,11674
SYRK(6;1),2,540,326291405,15273896960,9830
GEMM(7;6;1),2,540,26742814,1212650496,11264
POTRF(2),2,540,4762648,218621952,0
TRSM(3;2),2,540,14669135,656490496,0
TRSM(4;2),2,540,15157339,656482304,0
TRSM(5;2),2,540,14667151,656497664,0
TRSM(6;2),2,540,14827240,656532480,0
TRSM(7;2),2,540,14874604,656528384,0
SYRK(6;2),2,540,13790183,605977600,0
GEMM(7;6;2),2,540,27193945,1212304384,0
SYRK(6;3),2,540,359066325,17533578240,68017726259
GEMM(7;6;3),2,540,358904467,16829546496,11264
SYRK(6;4),2,540,346236156,15897739264,14235467366
GEMM(7;6;4),2,540,306858438,14726886400,11264
SYRK(6;5),2,540,13542898,606978048,889859072
GEMM(7;6;5),2,540,321792552,15244432384,49617510
POTRF(6),2,540,4123002,218619904,0
TRSM(7;6),2,540,14676363,656484352,0
SYRK(2;0),2,540,342187373,15724984320,1531625472
GEMM(3;2;0),2,540,333705386,15815650304,11469
GEMM(4;2;0),2,540,338514651,15796418560,11469
GEMM(5;2;0),2,540,332794811,15527288832,11469
GEMM(6;2;0),2,540,325891028,15409273856,11469
GEMM(7;2;0),2,540,334395432,15543619584,11469
SYRK(6;0),2,540,307465764,14292594688,9830
GEMM(7;6;0),2,540,336910333,15745808384,11264
SYRK(2;1),2,540,13553478,606956544,2110074880
GEMM(3;2;1),2,540,360968459,16433226752,49545011
GEMM(4;2;1),2,540,339103148,16412581888,11469
GEMM(5;2;1),2,540,347158956,15791305728,11264
GEMM(6;2;1),2,540,333252645,15785337856,11264
GEMM(7;2;1),2,540,302743270,14216359936,11674
SYRK(6;1),2,540,316706571,14784754688,9830
GEMM(7;6;1),2,540,26722124,1212649472,11264
POTRF(2),2,540,4583945,218622976,0
TRSM(3;2),2,540,14872347,656484352,0
TRSM(4;2),2,540,15154625,656488448,0
TRSM(5;2),2,540,14631134,656496640,0
TRSM(6;2),2,540,13195495,656528384,0
TRSM(7;2),2,540,16513365,656521216,0
SYRK(6;2),2,540,13813193,605976576,0
GEMM(7;6;2),2,540,27223730,1212294144,0
SYRK(6;3),2,540,349812827,16538590208,68017726259
GEMM(7;6;3),2,540,342779834,16306450432,11264
SYRK(6;4),2,540,340001631,16022707200,14235467366
GEMM(7;6;4),2,540,322700810,15089060864,11264
SYRK(6;5),2,540,13593307,606948352,889859072
GEMM(7;6;5),2,540,318352344,15021158400,49617510
POTRF(6),2,540,4091450,218624000,0
TRSM(7;6),2,540,14632465,656489472,0
SYRK(2;0),2,540,346349626,15936498688,1531625472
GEMM(3;2;0),2,540,335615567,15924288512,11469
GEMM(4;2;0),2,540,332003412,15616470016,11469
GEMM(5;2;0),2,540,345290863,16012462080,11469
GEMM(6;2;0),2,540,332664685,15223071744,11469
GEMM(7;2;0),2,540,339880425,16063025152,11469
SYRK(6;0),2,540,306541729,14127078400,9830
GEMM(7;6;0),2,540,332805116,15838713856,11264
SYRK(2;1),2,540,13719295,606983168,2110074880
GEMM(3;2;1),2,540,355506458,16369832960,49545011
GEMM(4;2;1),2,540,334611009,15659225088,11469
GEMM(5;2;1),2,540,351949388,16174433280,11264
GEMM(6;2;1),2,540,331769457,15970085888,11264
GEMM(7;2;1),2,540,307173321,14261682176,11674
SYRK(6;1),2,540,273302692,12735282176,9830
GEMM(7;6;1),2,540,26446843,1212638208,11264
POTRF(2),2,540,4908599,218624000,0
TRSM(3;2),2,540,14597334,656489472,0
TRSM(4;2),2,540,15175435,656483328,0
TRSM(5;2),2,540,14617272,656492544,0
TRSM(6;2),2,540,14823753,656509952,0
TRSM(7;2),2,540,14875917,656521216,0
SYRK(6;2),2,540,13810824,605977600,0
GEMM(7;6;2),2,540,27206650,1212304384,0
SYRK(6;3),2,540,361664895,16632672256,68017726259
GEMM(7;6;3),2,540,342330675,16168073216,11264
SYRK(6;4),2,540,339778676,15957942272,14235467366
GEMM(7;6;4),2,540,327361150,15299361792,11264
SYRK(6;5),2,540,13787291,606857216,889859072
GEMM(7;6;5),2,540,314677835,14719015936,49617510
POTRF(6),2,540,4764428,218618880,0
TRSM(7;6),2,540,14671756,656497664,0
SYRK(2;0),2,540,346072378,15824723968,1531625472
GEMM(3;2;0),2,540,317276772,15186260992,11469
GEMM(4;2;0),2,540,327389868,14951863296,11469
GEMM(5;2;0),2,540,345349995,16131601408,11469
GEMM(6;2;0),2,540,333741269,15594131456,11469
GEMM(7;2;0),2,540,334871223,15875280896,11469
SYRK(6;0),2,540,318331866,14606954496,9830
GEMM(7;6;0),2,540,325148586,15379590144,11264
SYRK(2;1),2,540,13419855,606939136,2110074880
GEMM(3;2;1),2,540,374343706,17172525056,49545011
GEMM(4;2;1),2,540,344973968,16270062592,11469
GEMM(5;2;1),2,540,365954209,16605766656,11264
GEMM(6;2;1),2,540,354421564,17015211008,11264
GEMM(7;2;1),2,540,317585564,14743873536,11674
SYRK(6;1),2,540,313125886,14816473088,9830
GEMM(7;6;1),2,540,27820134,1212646400,11264
POTRF(2),2,540,4725564,218620928,0
TRSM(3;2),2,540,14732523,656493568,0
TRSM(4;2),2,540,15144987,656481280,0
TRSM(5;2),2,540,14656986,656494592,0
TRSM(6;2),2,540,14808221,656539648,0
TRSM(7;2),2,540,14879834,656515072,0
SYRK(6;2),2,540,13787613,605977600,0
GEMM(7;6;2),2,540,27210585,1212285952,0
SYRK(6;3),2,540,377459650,17336102912,68017726259
GEMM(7;6;3),2,540,350245464,16635412480,11264
SYRK(6;4),2,540,344063527,16050915328,14235467366
GEMM(7;6;4),2,540,317008045,15067565056,11264
SYRK(6;5),2,540,16198804,606888960,889859072
GEMM(7;6;5),2,540,244042005,11649324032,49617510
POTRF(6),2,540,5917712,218618880,0
TRSM(7;6),2,540,14546751,656494592,0
SYRK(2;0),2,540,344089085,15961823232,1531625472
GEMM(3;2;0),2,540,347340090,15496049664,11469
GEMM(4;2;0),2,540,324694218,15804782592,11469
GEMM(5;2;0),2,540,345640715,15980514304,11469
GEMM(6;2;0),2,540,332605975,15850509312,11469
GEMM(7;2;0),2,540,331689989,15284988928,11469
SYRK(6;0),2,540,315312811,14887151616,9830
GEMM(7;6;0),2,540,318622293,14885670912,11264
SYRK(2;1),2,540,13558434,606978048,2110074880
GEMM(3;2;1),2,540,364585802,16904723456,49545011
GEMM(4;2;1),2,540,346432970,16277139456,11469
GEMM(5;2;1),2,540,347653613,15940436992,11264
GEMM(6;2;1),2,540,340282795,16346258432,11264
GEMM(7;2;1),2,540,300123284,13836711936,11674
SYRK(6;1),2,540,311173156,14684752896,9830
GEMM(7;6;1),2,540,26990935,1212641280,11264
POTRF(2),2,540,4706036,218617856,0
TRSM(3;2),2,540,14705993,656481280,0
TRSM(4;2),2,540,15155665,656481280,0
TRSM(5;2),2,540,14659194,656494592,0
TRSM(6;2),2,540,14815957,656518144,0
TRSM(7;2),2,540,14892555,656518144,0
SYRK(6;2),2,540,13788996,605976576,0
GEMM(7;6;2),2,540,27213010,1212281856,0
SYRK(6;3),2,540,366041117,17412071424,68017726259
GEMM(7;6;3),2,540,346143434,16370747392,11264
SYRK(6;4),2,540,339363975,15862667264,14235467366
GEMM(7;6;4),2,540,309466104,14650720256,11264
SYRK(6;5),2,540,13411038,606812160,889859072
GEMM(7;6;5),2,540,318549014,14947744768,49617510
POTRF(6),2,540,4847506,218620928,0
TRSM(7;6),2,540,14812421,656489472,0
SYRK(2;0),2,615,337207282,15239605248,1344915456
GEMM(3;2;0),2,615,336200164,15513816064,10240
GEMM(4;2;0),2,615,330758442,15603801088,10854
GEMM(5;2;0),2,615,322875718,15146511360,10854
GEMM(6;2;0),2,615,340517363,15342195712,10445
GEMM(7;2;0),2,615,339057680,16019516416,10240
SYRK(6;0),2,615,329420445,15201662976,9011
GEMM(7;6;0),2,615,311905499,14678381568,10035
SYRK(2;1),2,615,18760745,643807232,1872138445
GEMM(3;2;1),2,615,364446570,16944742400,10650
GEMM(4;2;1),2,615,364646380,16876157952,10650
GEMM(5;2;1),2,615,350377395,16175951872,10650
GEMM(6;2;1),2,615,338945344,15810780160,10650
GEMM(7;2;1),2,615,287539309,13472337920,10650
SYRK(6;1),2,615,306645370,14185081856,9011
GEMM(7;6;1),2,615,23733990,1064824832,10240
POTRF(2),2,615,4234476,191969280,0
TRSM(3;2),2,615,12983536,576445440,0
TRSM(4;2),2,615,13582272,576449536,0
TRSM(5;2),2,615,13111238,576452608,0
TRSM(6;2),2,615,13204604,576484352,0
TRSM(7;2),2,615,13253985,576454656,0
SYRK(6;2),2,615,12292720,532077568,0
GEMM(7;6;2),2,615,24222133,1064455168,0
SYRK(6;3),2,615,376594335,16904748032,66695412736
GEMM(7;6;3),2,615,344211738,17050269696,10240
SYRK(6;4),2,615,350069457,16012847104,11707055718
GEMM(7;6;4),2,615,303947676,14351940608,10240
SYRK(6;5),2,615,21035773,649596928,797791027
GEMM(7;6;5),2,615,313517557,14823748608,10650
POTRF(6),2,615,4383229,191967232,0
TRSM(7;6),2,615,12914254,576452608,0
SYRK(2;0),2,615,342370521,15545275392,1344915456
GEMM(3;2;0),2,615,320560563,15025000448,10240
GEMM(4;2;0),2,615,332410505,15438459904,10854
GEMM(5;2;0),2,615,326041657,15093445632,10854
GEMM(6;2;0),2,615,341325797,15850247168,10445
GEMM(7;2;0),2,615,319818599,14953809920,10240
SYRK(6;0),2,615,311617545,14208190464,9011
GEMM(7;6;0),2,615,311729954,14751378432,10035
SYRK(2;1),2,615,18903515,640632832,1872138445
GEMM(3;2;1),2,615,363903629,16793186304,10650
GEMM(4;2;1),2,615,350296444,16212531200,10650
GEMM(5;2;1),2,615,357712758,16474223616,10650
GEMM(6;2;1),2,615,338522347,16048502784,10650
GEMM(7;2;1),2,615,311625073,14351627264,10650
SYRK(6;1),2,615,316218441,14721769472,9011
GEMM(7;6;1),2,615,23645937,1064826880,10240
POTRF(2),2,615,4215317,191969280,0
TRSM(3;2),2,615,13052582,576448512,0
TRSM(4;2),2,615,13576884,576450560,0
TRSM(5;2),2,615,13107782,576453632,0
TRSM(6;2),2,615,13203767,576485376,0
TRSM(7;2),2,615,13265961,576450560,0
SYRK(6;2),2,615,12309043,532077568,0
GEMM(7;6;2),2,615,24204741,1064457216,0
SYRK(6;3),2,615,366080331,17071883264,66695412736
GEMM(7;6;3),2,615,349890196,16588688384,10240
SYRK(6;4),2,615,342327550,15939380224,11707055718
GEMM(7;6;4),2,615,310724704,14473410560,10240
SYRK(6;5),2,615,19352626,646409216,797791027
GEMM(7;6;5),2,615,318044280,14984612864,10650
POTRF(6),2,615,4522334,191962112,0
TRSM(7;6),2,615,12969201,576451584,0
SYRK(2;0),2,615,341458929,15555747840,1344915456
GEMM(3;2;0),2,615,331945719,15517241344,10240
GEMM(4;2;0),2,615,339855832,15665783808,10854
GEMM(5;2;0),2,615,337462113,15726728192,10854
GEMM(6;2;0),2,615,328891759,15224507392,10445
GEMM(7;2;0),2,615,324105434,15277363200,10240
SYRK(6;0),2,615,316895376,14437763072,9011
GEMM(7;6;0),2,615,333659381,15692025856,10035
SYRK(2;1),2,615,15620658,641313792,1872138445
GEMM(3;2;1),2,615,370215599,16909185024,10650
GEMM(4;2;1),2,615,340663953,15957507072,10650
GEMM(5;2;1),2,615,363142250,16434262016,10650
GEMM(6;2;1),2,615,351501054,16705184768,10650
GEMM(7;2;1),2,615,314234334,14614023168,10650
SYRK(6;1),2,615,281187185,13045462016,9011
GEMM(7;6;1),2,615,23422505,1064832000,10240
POTRF(2),2,615,4317403,191966208,0
TRSM(3;2),2,615,13021000,576447488,0
TRSM(4;2),2,615,13505486,576447488,0
TRSM(5;2),2,615,13104075,576452608,0
TRSM(6;2),2,615,13208659,576484352,0
TRSM(7;2),2,615,13235191,576451584,0
SYRK(6;2),2,615,12298198,532077568,0
GEMM(7;6;2),2,615,24203775,1064452096,0
SYRK(6;3),2,615,351379216,16381297664,66695412736
GEMM(7;6;3),2,615,347832085,16521968640,10240
SYRK(6;4),2,615,345481638,15993825280,11707055718
GEMM(7;6;4),2,615,328782359,15264259072,10240
SYRK(6;5),2,615,17930034,640141312,797791027
GEMM(7;6;5),2,615,301444420,14118308864,10650
POTRF(6),2,615,4272183,191963136,0
TRSM(7;6),2,615,12913318,576443392,0
SYRK(2;0),2,615,348508222,15684335616,1344915456
GEMM(3;2;0),2,615,325118262,15396396032,10240
GEMM(4;2;0),2,615,334927632,15488835584,10854
GEMM(5;2;0),2,615,335248377,15366315008,10854
GEMM(6;2;0),2,615,329713277,15676001280,10445
GEMM(7;2;0),2,615,325375628,14945908736,10240
SYRK(6;0),2,615,325607196,15050208256,9011
GEMM(7;6;0),2,615,334024028,15672663040,10035
SYRK(2;1),2,615,15051966,645222400,1872138445
GEMM(3;2;1),2,615,364014461,16949410816,10650
GEMM(4;2;1),2,615,370674783,16883212288,10650
GEMM(5;2;1),2,615,373822474,16985624576,10650
GEMM(6;2;1),2,615,362808537,17255412736,10650
GEMM(7;2;1),2,615,309549128,14431529984,10650
SYRK(6;1),2,615,293849325,13608428544,9011
GEMM(7;6;1),2,615,23068184,1064839168,10240
POTRF(2),2,615,4062976,191968256,0
TRSM(3;2),2,615,13170380,576449536,0
TRSM(4;2),2,615,13561953,576444416,0
TRSM(5;2),2,615,13096562,576450560,0
TRSM(6;2),2,615,13199401,576484352,0
TRSM(7;2),2,615,13271340,576450560,0
SYRK(6;2),2,615,12291275,532076544,0
GEMM(7;6;2),2,615,24194061,1064452096,0
SYRK(6;3),2,615,347608424,16360918016,66695412736
GEMM(7;6;3),2,615,353159926,16469159936,10240
SYRK(6;4),2,615,348955993,15883955200,11707055718
GEMM(7;6;4),2,615,322738635,15253772288,10240
SYRK(6;5),2,615,15967063,637414400,797791027
GEMM(7;6;5),2,615,317544113,14811980800,10650
POTRF(6),2,615,4318327,191967232,0
TRSM(7;6),2,615,13066455,576447488,0
SYRK(2;0),2,615,335524433,15626113024,1344915456
GEMM(3;2;0),2,615,339744887,15659558912,10240
GEMM(4;2;0),2,615,341798512,15807386624,10854
GEMM(5;2;0),2,615,337741909,15714307072,10854
GEMM(6;2;0),2,615,322655311,14885911552,10445
GEMM(7;2;0),2,615,340289289,15280832512,10240
SYRK(6;0),2,615,301062611,14377522176,9011
GEMM(7;6;0),2,615,326654529,15354950656,10035
SYRK(2;1),2,615,21822576,648357888,1872138445
GEMM(3;2;1),2,615,365514184,16978626560,10650
GEMM(4;2;1),2,615,357716645,16670993408,10650
GEMM(5;2;1),2,615,357078872,16511074304,10650
GEMM(6;2;1),2,615,344092159,16182028288,10650
GEMM(7;2;1),2,615,249102148,11510719488,10650
SYRK(6;1),2,615,304067567,14072790016,9011
GEMM(7;6;1),2,615,23802381,1064829952,10240
POTRF(2),2,615,4212732,191972352,0
TRSM(3;2),2,615,13116495,576447488,0
TRSM(4;2),2,615,13495588,576449536,0
TRSM(5;2),2,615,13108380,576454656,0
TRSM(6;2),2,615,13203761,576485376,0
TRSM(7;2),2,615,13254443,576452608,0
SYRK(6;2),2,615,12292801,532077568,0
GEMM(7;6;2),2,615,24188674,1064456192,0
SYRK(6;3),2,615,367359370,17193251840,66695412736
GEMM(7;6;3),2,615,361227709,16990453760,10240
SYRK(6;4),2,615,349740753,15971139584,11707055718
GEMM(7;6;4),2,615,328322683,15534309376,10240
SYRK(6;5),2,615,18685408,647644160,797791027
GEMM(7;6;5),2,615,312794448,14665980928,10650
POTRF(6),2,615,3929508,191968256,0
TRSM(7;6),2,615,12993504,576452608,0
SYRK(2;0),2,690,330747422,15243530240,1198751539
GEMM(3;2;0),2,690,327630769,14959636480,9830
GEMM(4;2;0),2,690,345501244,15492307968,9626
GEMM(5;2;0),2,690,323847990,15543642112,10035
GEMM(6;2;0),2,690,358216403,15679276032,9421
GEMM(7;2;0),2,690,318081252,15481559040,10035
SYRK(6;0),2,690,325134292,14798311424,8192
GEMM(7;6;0),2,690,330978827,15382704128,9421
SYRK(2;1),2,690,40716017,1594112000,1767395328
GEMM(3;2;1),2,690,348207640,16127486976,9421
GEMM(4;2;1),2,690,352570362,16219692032,9830
GEMM(5;2;1),2,690,352317058,15950189568,10035
GEMM(6;2;1),2,690,338085925,15772715008,9626
GEMM(7;2;1),2,690,310795072,14388978688,9626
SYRK(6;1),2,690,284549815,13211545600,8397
GEMM(7;6;1),2,690,21425142,949126144,9626
POTRF(2),2,690,3674098,171101184,0
TRSM(3;2),2,690,11939613,513807360,0
TRSM(4;2),2,690,12208367,513804288,0
TRSM(5;2),2,690,11949728,513814528,0
TRSM(6;2),2,690,12004507,513805312,0
TRSM(7;2),2,690,12015105,513838080,0
SYRK(6;2),2,690,11172283,474243072,0
GEMM(7;6;2),2,690,21984663,948751360,0
SYRK(6;3),2,690,366263185,16501722112,66135527629
GEMM(7;6;3),2,690,343064232,16460843008,9421
SYRK(6;4),2,690,341226386,15609158656,14190384333
GEMM(7;6;4),2,690,325373937,15125562368,9421
SYRK(6;5),2,690,40264641,1747657728,815910093
GEMM(7;6;5),2,690,285275322,13219672064,9421
POTRF(6),2,690,3860099,171106304,0
TRSM(7;6),2,690,11660181,513810432,0
SYRK(2;0),2,690,345050088,15448205312,1198751539
GEMM(3;2;0),2,690,349706812,15501707264,9830
GEMM(4;2;0),2,690,317011402,15301002240,9626
GEMM(5;2;0),2,690,339686248,15604726784,10035
GEMM(6;2;0),2,690,330424824,15314792448,9421
GEMM(7;2;0),2,690,334336716,15375516672,10035
SYRK(6;0),2,690,327113704,15060668416,8192
GEMM(7;6;0),2,690,328217472,15399619584,9421
SYRK(2;1),2,690,44146093,1705618432,1767395328
GEMM(3;2;1),2,690,345046260,16184808448,9421
GEMM(4;2;1),2,690,361593183,16668817408,9830
GEMM(5;2;1),2,690,341549885,15688151040,10035
GEMM(6;2;1),2,690,365644156,16741151744,9626
GEMM(7;2;1),2,690,332608575,15416713216,9626
SYRK(6;1),2,690,287043516,13195390976,8397
GEMM(7;6;1),2,690,21483293,949154816,9626
POTRF(2),2,690,3858098,171102208,0
TRSM(3;2),2,690,11786169,513807360,0
TRSM(4;2),2,690,12116392,513805312,0
TRSM(5;2),2,690,11922592,513816576,0
TRSM(6;2),2,690,11991240,513806336,0
TRSM(7;2),2,690,12037453,513848320,0
SYRK(6;2),2,690,11155193,474243072,0
GEMM(7;6;2),2,690,21927285,948754432,0
SYRK(6;3),2,690,338228249,16103459840,66135527629
GEMM(7;6;3),2,690,354155706,16656460800,9421
SYRK(6;4),2,690,352501687,16048097280,14190384333
GEMM(7;6;4),2,690,320608349,15051194368,9421
SYRK(6;5),2,690,38715675,1576702976,815910093
GEMM(7;6;5),2,690,281285731,13117279232,9421
POTRF(6),2,690,3680279,171105280,0
TRSM(7;6),2,690,11902896,513810432,0
SYRK(2;0),2,690,342993165,15515045888,1198751539
GEMM(3;2;0),2,690,335079245,15421898752,9830
GEMM(4;2;0),2,690,343128875,15834135552,9626
GEMM(5;2;0),2,690,341456832,15782286336,10035
GEMM(6;2;0),2,690,335595905,15409315840,9421
GEMM(7;2;0),2,690,339546580,15741396992,10035
SYRK(6;0),2,690,326391242,14840388608,8192
GEMM(7;6;0),2,690,336674426,15850635264,9421
SYRK(2;1),2,690,51764715,1963073536,1767395328
GEMM(3;2;1),2,690,365159675,16814091264,9421
GEMM(4;2;1),2,690,350082962,16539225088,9830
GEMM(5;2;1),2,690,349086607,16000599040,10035
GEMM(6;2;1),2,690,363913774,16293341184,9626
GEMM(7;2;1),2,690,311429222,14609801216,9626
SYRK(6;1),2,690,277660736,12963459072,8397
GEMM(7;6;1),2,690,21159886,949131264,9626
POTRF(2),2,690,3851143,171104256,0
TRSM(3;2),2,690,11768416,513807360,0
TRSM(4;2),2,690,12215128,513808384,0
TRSM(5;2),2,690,11934679,513807360,0
TRSM(6;2),2,690,11987523,513813504,0
TRSM(7;2),2,690,12011687,513848320,0
SYRK(6;2),2,690,11142053,474244096,0
GEMM(7;6;2),2,690,21921603,948751360,0
SYRK(6;3),2,690,370836153,16880330752,66135527629
GEMM(7;6;3),2,690,348398779,16148851712,9421
SYRK(6;4),2,690,347662809,15640472576,14190384333
GEMM(7;6;4),2,690,301101432,14443421696,9421
SYRK(6;5),2,690,47907441,1898898432,815910093
GEMM(7;6;5),2,690,275693177,12971669504,9421
POTRF(6),2,690,3857616,171110400,0
TRSM(7;6),2,690,11745379,513812480,0
SYRK(2;0),2,690,348513702,15748341760,1198751539
GEMM(3;2;0),2,690,337916865,15597381632,9830
GEMM(4;2;0),2,690,326199622,15135295488,9626
GEMM(5;2;0),2,690,337330536,15635517440,10035
GEMM(6;2;0),2,690,328024756,15156356096,9421
GEMM(7;2;0),2,690,338391084,15261393920,10035
SYRK(6;0),2,690,310856700,14474958848,8192
GEMM(7;6;0),2,690,325553833,15150653440,9421
SYRK(2;1),2,690,49680596,1850152960,1767395328
GEMM(3;2;1),2,690,362811613,16756118528,9421
GEMM(4;2;1),2,690,349765645,16280462336,9830
GEMM(5;2;1),2,690,366845552,16674640896,10035
GEMM(6;2;1),2,690,359495404,16638607360,9626
GEMM(7;2;1),2,690,310418942,14531581952,9626
SYRK(6;1),2,690,270911323,12528456704,8397
GEMM(7;6;1),2,690,21435440,949130240,9626
POTRF(2),2,690,3650280,171105280,0
TRSM(3;2),2,690,11996564,513811456,0
TRSM(4;2),2,690,12227579,513806336,0
TRSM(5;2),2,690,11917495,513814528,0
TRSM(6;2),2,690,11997509,513809408,0
TRSM(7;2),2,690,12032623,513828864,0
SYRK(6;2),2,690,11177211,474243072,0
GEMM(7;6;2),2,690,22004096,948753408,0
SYRK(6;3),2,690,355091993,16404020224,66135527629
GEMM(7;6;3),2,690,360067670,17070163968,9421
SYRK(6;4),2,690,348195479,15611528192,14190384333
GEMM(7;6;4),2,690,310716904,14700639232,9421
SYRK(6;5),2,690,34423897,1472057344,815910093
GEMM(7;6;5),2,690,282032849,13054578688,9421
POTRF(6),2,690,3861184,171103232,0
TRSM(7;6),2,690,11720597,513812480,0
SYRK(2;0),2,690,357361264,15997011968,1198751539
GEMM(3;2;0),2,690,343758162,15796789248,9830
GEMM(4;2;0),2,690,333597780,15783924736,9626
GEMM(5;2;0),2,690,338933620,15412874240,10035
GEMM(6;2;0),2,690,335281911,15654110208,9421
GEMM(7;2;0),2,690,334836896,15256299520,10035
SYRK(6;0),2,690,313678925,14353138688,8192
GEMM(7;6;0),2,690,325472965,15257348096,9421
SYRK(2;1),2,690,47725637,1874670592,1767395328
GEMM(3;2;1),2,690,359529769,16488570880,9421
GEMM(4;2;1),2,690,337729175,15620101120,9830
GEMM(5;2;1),2,690,353874712,16540427264,10035
GEMM(6;2;1),2,690,360135614,16384529408,9626
GEMM(7;2;1),2,690,257480640,12078066688,9626
SYRK(6;1),2,690,280476336,12887636992,8397
GEMM(7;6;1),2,690,21277817,949143552,9626
POTRF(2),2,690,3897264,171106304,0
TRSM(3;2),2,690,11801897,513806336,0
TRSM(4;2),2,690,12192130,513809408,0
TRSM(5;2),2,690,11933194,513809408,0
TRSM(6;2),2,690,11989391,513801216,0
TRSM(7;2),2,690,12014796,513855488,0
SYRK(6;2),2,690,11190449,474244096,0
GEMM(7;6;2),2,690,22000827,948754432,0
SYRK(6;3),2,690,361883422,16393223168,66135527629
GEMM(7;6;3),2,690,338485491,15877831680,9421
SYRK(6;4),2,690,348249906,16028662784,14190384333
GEMM(7;6;4),2,690,309041643,14372320256,9421
SYRK(6;5),2,690,30433889,1286762496,815910093
GEMM(7;6;5),2,690,286617490,13279379456,9421
POTRF(6),2,690,3943695,171101184,0
TRSM(7;6),2,690,11827154,513816576,0
SYRK(2;0),2,765,325250478,14507801600,1081244262
GEMM(3;2;0),2,765,320521031,14907257856,9216
GEMM(4;2;0),2,765,337433961,15137296384,8806
GEMM(5;2;0),2,765,325076715,14746978304,9011
GEMM(6;2;0),2,765,308027250,14660432896,8806
GEMM(7;2;0),2,765,318480450,14475459584,9011
SYRK(6;0),2,765,316089615,14439463936,7373
GEMM(7;6;0),2,765,329863779,15236113408,8806
SYRK(2;1),2,765,81328942,3168989184,1667266970
GEMM(3;2;1),2,765,360972592,16079647744,9216
GEMM(4;2;1),2,765,343262939,16435326976,8806
GEMM(5;2;1),2,765,351157132,15944293376,9216
GEMM(6;2;1),2,765,339423097,15624760320,9421
GEMM(7;2;1),2,765,316670925,14389613568,9216
SYRK(6;1),2,765,253479771,11840607232,7782
GEMM(7;6;1),2,765,19357827,856164352,8602
POTRF(2),2,765,3472725,154337280,0
TRSM(3;2),2,765,10853209,463463424,0
TRSM(4;2),2,765,11166252,463455232,0
TRSM(5;2),2,765,10918765,463465472,0
TRSM(6;2),2,765,10942884,463485952,0
TRSM(7;2),2,765,11015593,463492096,0
SYRK(6;2),2,765,10204369,427749376,0
GEMM(7;6;2),2,765,20003571,855732224,0
SYRK(6;3),2,765,386870878,16990431232,66511059763
GEMM(7;6;3),2,765,353549012,16881131520,8806
SYRK(6;4),2,765,338629037,15200790528,12897869619
GEMM(7;6;4),2,765,304318820,14285271040,8806
SYRK(6;5),2,765,63488670,2534311936,810650419
GEMM(7;6;5),2,765,260051018,12210400256,9216
POTRF(6),2,765,3519939,154334208,0
TRSM(7;6),2,765,10734417,463460352,0
SYRK(2;0),2,765,342704122,15188228096,1081244262
GEMM(3;2;0),2,765,327786988,15287170048,9216
GEMM(4;2;0),2,765,320615771,14676939776,8806
GEMM(5;2;0),2,765,326066315,14934734848,9011
GEMM(6;2;0),2,765,315775627,14451434496,8806
GEMM(7;2;0),2,765,328504738,14949730304,9011
SYRK(6;0),2,765,337483206,15199149056,7373
GEMM(7;6;0),2,765,328867612,15445352448,8806
SYRK(2;1),2,765,82402708,3124379648,1667266970
GEMM(3;2;1),2,765,349270251,16135184384,9216
GEMM(4;2;1),2,765,344658036,15908166656,8806
GEMM(5;2;1),2,765,371011053,16219074560,9216
GEMM(6;2;1),2,765,323314947,15531490304,9421
GEMM(7;2;1),2,765,314866924,14625656832,9216
SYRK(6;1),2,765,258555141,11864919040,7782
GEMM(7;6;1),2,765,19589301,856144896,8602
POTRF(2),2,765,3514540,154341376,0
TRSM(3;2),2,765,10686411,463459328,0
TRSM(4;2),2,765,11164201,463458304,0
TRSM(5;2),2,765,10908224,463457280,0
TRSM(6;2),2,765,10958378,463498240,0
TRSM(7;2),2,765,10994469,463496192,0
SYRK(6;2),2,765,10188429,427748352,0
GEMM(7;6;2),2,765,20029063,855730176,0
SYRK(6;3),2,765,355778293,16246052864,66511059763
GEMM(7;6;3),2,765,353234264,16260935680,8806
SYRK(6;4),2,765,336647244,15025773568,12897869619
GEMM(7;6;4),2,765,303159056,14280382464,8806
SYRK(6;5),2,765,74922231,3104602112,810650419
GEMM(7;6;5),2,765,209938255,9879619584,9216
POTRF(6),2,765,3523852,154337280,0
TRSM(7;6),2,765,10801737,463460352,0
SYRK(2;0),2,765,333852015,14932365312,1081244262
GEMM(3;2;0),2,765,325639444,14910572544,9216
GEMM(4;2;0),2,765,320009289,14776019968,8806
GEMM(5;2;0),2,765,323672030,14727818240,9011
GEMM(6;2;0),2,765,321067591,14941601792,8806
GEMM(7;2;0),2,765,329685255,14843340800,9011
SYRK(6;0),2,765,307796294,14044290048,7373
GEMM(7;6;0),2,765,319954999,14974026752,8806
SYRK(2;1),2,765,67088434,2849998848,1667266970
GEMM(3;2;1),2,765,361528125,16198536192,9216
GEMM(4;2;1),2,765,347895334,16266793984,8806
GEMM(5;2;1),2,765,363299053,16199966720,9216
GEMM(6;2;1),2,765,344498372,16234212352,9421
GEMM(7;2;1),2,765,324635767,14776897536,9216
SYRK(6;1),2,765,212515178,9906173952,7782
GEMM(7;6;1),2,765,19916883,856175616,8602
POTRF(2),2,765,3338481,154342400,0
TRSM(3;2),2,765,10931714,463454208,0
TRSM(4;2),2,765,11168202,463455232,0
TRSM(5;2),2,765,10923557,463456256,0
TRSM(6;2),2,765,10957079,463501312,0
TRSM(7;2),2,765,11000701,463482880,0
SYRK(6;2),2,765,10203372,427749376,0
GEMM(7;6;2),2,765,20022185,855732224,0
SYRK(6;3),2,765,367295314,16673811456,66511059763
GEMM(7;6;3),2,765,361962833,16636905472,8806
SYRK(6;4),2,765,335296472,15003010048,12897869619
GEMM(7;6;4),2,765,304248351,14401557504,8806
SYRK(6;5),2,765,76077730,3186455552,810650419
GEMM(7;6;5),2,765,252445320,11790350336,9216
POTRF(6),2,765,3439962,154335232,0
TRSM(7;6),2,765,10835259,463460352,0
SYRK(2;0),2,765,338996974,15029220352,1081244262
GEMM(3;2;0),2,765,320233853,14744933376,9216
GEMM(4;2;0),2,765,328649827,15198930944,8806
GEMM(5;2;0),2,765,328239783,15146169344,9011
GEMM(6;2;0),2,765,330820135,14929474560,8806
GEMM(7;2;0),2,765,330220255,14969607168,9011
SYRK(6;0),2,765,312438592,14185854976,7373
GEMM(7;6;0),2,765,321057722,15225242624,8806
SYRK(2;1),2,765,85391985,3275538432,1667266970
GEMM(3;2;1),2,765,355023687,16348739584,9216
GEMM(4;2;1),2,765,353361354,16385381376,8806
GEMM(5;2;1),2,765,350433316,15867845632,9216
GEMM(6;2;1),2,765,351250614,16018791424,9421
GEMM(7;2;1),2,765,333986655,14914125824,9216
SYRK(6;1),2,765,233520290,11510043648,7782
GEMM(7;6;1),2,765,19723108,856148992,8602
POTRF(2),2,765,3540073,154343424,0
TRSM(3;2),2,765,10754008,463456256,0
TRSM(4;2),2,765,11174008,463455232,0
TRSM(5;2),2,765,10557076,463457280,0
TRSM(6;2),2,765,11276807,463496192,0
TRSM(7;2),2,765,10707138,463477760,0
SYRK(6;2),2,765,10526758,427749376,0
GEMM(7;6;2),2,765,20014414,855732224,0
SYRK(6;3),2,765,376744637,17093467136,66511059763
GEMM(7;6;3),2,765,356457999,16591342592,8806
SYRK(6;4),2,765,334771625,14923665408,12897869619
GEMM(7;6;4),2,765,300756038,14242272256,8806
SYRK(6;5),2,765,60181902,2422772736,810650419
GEMM(7;6;5),2,765,244978798,11494822912,9216
POTRF(6),2,765,3446295,154337280,0
TRSM(7;6),2,765,10774705,463462400,0
SYRK(2;0),2,765,330392223,15014417408,1081244262
GEMM(3;2;0),2,765,331946576,14992471040,9216
GEMM(4;2;0),2,765,320986777,14615667712,8806
GEMM(5;2;0),2,765,330462491,14561388544,9011
GEMM(6;2;0),2,765,322137080,15228303360,8806
GEMM(7;2;0),2,765,317118693,14715683840,9011
SYRK(6;0),2,765,327594608,14893156352,7373
GEMM(7;6;0),2,765,316785534,14633905152,8806
SYRK(2;1),2,765,82786833,3311050752,1667266970
GEMM(3;2;1),2,765,346007287,16110799872,9216
GEMM(4;2;1),2,765,364691963,16562496512,8806
GEMM(5;2;1),2,765,356041659,16444596224,9216
GEMM(6;2;1),2,765,345458821,15786834944,9421
GEMM(7;2;1),2,765,325624128,14990476288,9216
SYRK(6;1),2,765,195006026,8897781760,7782
GEMM(7;6;1),2,765,19595995,856163328,8602
POTRF(2),2,765,3496238,154342400,0
TRSM(3;2),2,765,10830870,463456256,0
TRSM(4;2),2,765,11156235,463453184,0
TRSM(5;2),2,765,10916437,463461376,0
TRSM(6;2),2,765,10961220,463497216,0
TRSM(7;2),2,765,11005347,463485952,0
SYRK(6;2),2,765,10201448,427748352,0
GEMM(7;6;2),2,765,20024362,855731200,0
SYRK(6;3),2,765,360844002,16390571008,66511059763
GEMM(7;6;3),2,765,365998629,16922622976,8806
SYRK(6;4),2,765,341145324,15246312448,12897869619
GEMM(7;6;4),2,765,307212020,14445358080,8806
SYRK(6;5),2,765,79778829,3227141120,810650419
GEMM(7;6;5),2,765,250381313,11817924608,9216
POTRF(6),2,765,3339004,154342400,0
TRSM(7;6),2,765,10790827,463456256,0
SYRK(2;0),2,795,336136411,14933713920,1040506880
GEMM(3;2;0),2,795,319740886,14581649408,8602
GEMM(4;2;0),2,795,321099363,14697881600,8806
GEMM(5;2;0),2,795,335197194,14794745856,8806
GEMM(6;2;0),2,795,309061445,14649396224,9011
GEMM(7;2;0),2,795,327604040,14978156544,9011
SYRK(6;0),2,795,311947970,14310097920,7373
GEMM(7;6;0),2,795,323964464,14927861760,8397
SYRK(2;1),2,795,89841352,3595224064,1617500774
GEMM(3;2;1),2,795,352527948,16076736512,9011
GEMM(4;2;1),2,795,346291907,15797407744,8602
GEMM(5;2;1),2,795,341714936,15763224576,9216
GEMM(6;2;1),2,795,334487552,15056969728,9216
GEMM(7;2;1),2,795,319317807,15070843904,8806
SYRK(6;1),2,795,247936709,11246752768,7373
GEMM(7;6;1),2,795,19047181,823863296,8397
POTRF(2),2,795,3361761,148514816,0
TRSM(3;2),2,795,10446245,445976576,0
TRSM(4;2),2,795,10802009,445976576,0
TRSM(5;2),2,795,10534646,445978624,0
TRSM(6;2),2,795,10602616,446021632,0
TRSM(7;2),2,795,10641116,445977600,0
SYRK(6;2),2,795,9870882,411607040,0
GEMM(7;6;2),2,795,19346251,823441408,0
SYRK(6;3),2,795,371835492,16536978432,67870027571
GEMM(7;6;3),2,795,328555458,15579507712,8397
SYRK(6;4),2,795,346906118,15368776704,13358547558
GEMM(7;6;4),2,795,314094916,14832189440,8602
SYRK(6;5),2,795,89179750,3651994624,801717658
GEMM(7;6;5),2,795,243174529,11461822464,9011
POTRF(6),2,795,3406616,148517888,0
TRSM(7;6),2,795,10372034,445975552,0
SYRK(2;0),2,795,333120781,15156753408,1040506880
GEMM(3;2;0),2,795,345026179,15481884672,8602
GEMM(4;2;0),2,795,324215535,14842746880,8806
GEMM(5;2;0),2,795,334086198,15077100544,8806
GEMM(6;2;0),2,795,335519382,15456458752,9011
GEMM(7;2;0),2,795,322696317,14863739904,9011
SYRK(6;0),2,795,332857790,15063949312,7373
GEMM(7;6;0),2,795,331933047,15354593280,8397
SYRK(2;1),2,795,98745065,3835406336,1617500774
GEMM(3;2;1),2,795,361111576,16708007936,9011
GEMM(4;2;1),2,795,356743599,16286608384,8602
GEMM(5;2;1),2,795,366888161,16456127488,9216
GEMM(6;2;1),2,795,343722927,16083181568,9216
GEMM(7;2;1),2,795,271765322,12323847168,8806
SYRK(6;1),2,795,239408779,11181054976,7373
GEMM(7;6;1),2,795,18948388,823871488,8397
POTRF(2),2,795,3416407,148514816,0
TRSM(3;2),2,795,10387239,445974528,0
TRSM(4;2),2,795,10815348,445975552,0
TRSM(5;2),2,795,10589400,445980672,0
TRSM(6;2),2,795,10613922,446010368,0
TRSM(7;2),2,795,10649527,445980672,0
SYRK(6;2),2,795,9867563,411607040,0
GEMM(7;6;2),2,795,19357508,823439360,0
SYRK(6;3),2,795,372478052,16879399936,67870027571
GEMM(7;6;3),2,795,368717493,17042426880,8397
SYRK(6;4),2,795,335352622,15171115008,13358547558
GEMM(7;6;4),2,795,313379472,14611496960,8602
SYRK(6;5),2,795,80384147,3245645824,801717658
GEMM(7;6;5),2,795,228097847,10776457216,9011
POTRF(6),2,795,3319614,148516864,0
TRSM(7;6),2,795,10427631,445979648,0
SYRK(2;0),2,795,335539543,15180734464,1040506880
GEMM(3;2;0),2,795,335791466,14870937600,8602
GEMM(4;2;0),2,795,320379699,14689556480,8806
GEMM(5;2;0),2,795,334524376,15563630592,8806
GEMM(6;2;0),2,795,324362130,14861650944,9011
GEMM(7;2;0),2,795,324710917,14971034624,9011
SYRK(6;0),2,795,315991396,14246743040,7373
GEMM(7;6;0),2,795,325259673,15065675776,8397
SYRK(2;1),2,795,86416858,3374548992,1617500774
GEMM(3;2;1),2,795,372598112,16141430784,9011
GEMM(4;2;1),2,795,328111930,15998802944,8602
GEMM(5;2;1),2,795,360804263,16164561920,9216
GEMM(6;2;1),2,795,334016814,15596576768,9216
GEMM(7;2;1),2,795,275554886,12690121728,8806
SYRK(6;1),2,795,215812246,9982446592,7373
GEMM(7;6;1),2,795,19016187,823868416,8397
POTRF(2),2,795,3418192,148521984,0
TRSM(3;2),2,795,10382303,445982720,0
TRSM(4;2),2,795,10822683,445969408,0
TRSM(5;2),2,795,10571893,445979648,0
TRSM(6;2),2,795,10594527,446009344,0
TRSM(7;2),2,795,10649904,445981696,0
SYRK(6;2),2,795,9854751,411608064,0
GEMM(7;6;2),2,795,19388846,823437312,0
SYRK(6;3),2,795,381334051,17090291712,67870027571
GEMM(7;6;3),2,795,346697069,16174833664,8397
SYRK(6;4),2,795,331862711,14972936192,13358547558
GEMM(7;6;4),2,795,322109336,14933848064,8602
SYRK(6;5),2,795,86585718,3561837568,801717658
GEMM(7;6;5),2,795,177156728,8424350720,9011
POTRF(6),2,795,3414662,148516864,0
TRSM(7;6),2,795,10377987,445976576,0
SYRK(2;0),2,795,337185137,14977827840,1040506880
GEMM(3;2;0),2,795,341586738,15212706816,8602
GEMM(4;2;0),2,795,322141306,15336406016,8806
GEMM(5;2;0),2,795,328297000,14812416000,8806
GEMM(6;2;0),2,795,318283319,14662971392,9011
GEMM(7;2;0),2,795,324545613,14955245568,9011
SYRK(6;0),2,795,320374730,14452147200,7373
GEMM(7;6;0),2,795,321205431,14854265856,8397
SYRK(2;1),2,795,73905248,3305901056,1617500774
GEMM(3;2;1),2,795,354927024,16007333888,9011
GEMM(4;2;1),2,795,362356961,16340677632,8602
GEMM(5;2;1),2,795,357238952,16638328832,9216
GEMM(6;2;1),2,795,349820165,15618561024,9216
GEMM(7;2;1),2,795,295043685,13519687680,8806
SYRK(6;1),2,795,238942096,11158559744,7373
GEMM(7;6;1),2,795,18853822,823874560,8397
POTRF(2),2,795,3417456,148514816,0
TRSM(3;2),2,795,10400499,445975552,0
TRSM(4;2),2,795,10799595,445981696,0
TRSM(5;2),2,795,10579917,445986816,0
TRSM(6;2),2,795,10591266,446017536,0
TRSM(7;2),2,795,10652073,445981696,0
SYRK(6;2),2,795,9872420,411608064,0
GEMM(7;6;2),2,795,19378486,823438336,0
SYRK(6;3),2,795,377879123,16834438144,67870027571
GEMM(7;6;3),2,795,369173150,17330179072,8397
SYRK(6;4),2,795,348298002,15377915904,13358547558
GEMM(7;6;4),2,795,300402730,14325905408,8602
SYRK(6;5),2,795,68626885,2752003072,801717658
GEMM(7;6;5),2,795,241049836,11324653568,9011
POTRF(6),2,795,3344758,148516864,0
TRSM(7;6),2,795,10445115,445973504,0
SYRK(2;0),2,795,332679717,15078476800,1040506880
GEMM(3;2;0),2,795,327297757,14672667648,8602
GEMM(4;2;0),2,795,326669569,14998594560,8806
GEMM(5;2;0),2,795,325109150,14943077376,8806
GEMM(6;2;0),2,795,340420836,15300687872,9011
GEMM(7;2;0),2,795,321301653,14738020352,9011
SYRK(6;0),2,795,323110984,14289177600,7373
GEMM(7;6;0),2,795,322160904,15416806400,8397
SYRK(2;1),2,795,94660174,3824257024,1617500774
GEMM(3;2;1),2,795,342397563,15560341504,9011
GEMM(4;2;1),2,795,342082683,15955935232,8602
GEMM(5;2;1),2,795,347679112,15871427584,9216
GEMM(6;2;1),2,795,362685016,16334440448,9216
GEMM(7;2;1),2,795,297369987,13733138432,8806
SYRK(6;1),2,795,186494824,8637350912,7373
GEMM(7;6;1),2,795,18881890,823873536,8397
POTRF(2),2,795,3370888,148517888,0
TRSM(3;2),2,795,10457011,445977600,0
TRSM(4;2),2,795,10797987,445977600,0
TRSM(5;2),2,795,10556692,445978624,0
TRSM(6;2),2,795,10610669,446018560,0
TRSM(7;2),2,795,10635220,445979648,0
SYRK(6;2),2,795,9868312,411608064,0
GEMM(7;6;2),2,795,19364569,823442432,0
SYRK(6;3),2,795,365167515,16124233728,67870027571
GEMM(7;6;3),2,795,335419473,15850728448,8397
SYRK(6;4),2,795,343544009,15390790656,13358547558
GEMM(7;6;4),2,795,311330362,14556027904,8602
SYRK(6;5),2,795,70702336,2927860736,801717658
GEMM(7;6;5),2,795,246026756,11477862400,9011
POTRF(6),2,795,3321967,148512768,0
TRSM(7;6),2,795,10433380,445975552,0
SYRK(2;0),2,840,325778130,14556725248,984757862
GEMM(3;2;0),2,840,329219897,15059418112,8602
GEMM(4;2;0),2,840,331663965,15099625472,8602
GEMM(5;2;0),2,840,329928014,14612698112,8397
GEMM(6;2;0),2,840,336323023,15378023424,8192
GEMM(7;2;0),2,840,324164185,15064123392,8397
SYRK(6;0),2,840,327574661,14799196160,7373
GEMM(7;6;0),2,840,325056372,14891652096,8192
SYRK(2;1),2,840,101025987,4099717120,1579268506
GEMM(3;2;1),2,840,350711270,15810507776,8397
GEMM(4;2;1),2,840,342529716,15895666688,8397
GEMM(5;2;1),2,840,347661765,15845229568,8806
GEMM(6;2;1),2,840,333923812,15149025280,8602
GEMM(7;2;1),2,840,275289555,12628542464,8806
SYRK(6;1),2,840,232902653,10606132224,7578
GEMM(7;6;1),2,840,18139953,774466560,8397
POTRF(2),2,840,3013284,138671104,0
TRSM(3;2),2,840,9977903,417972224,0
TRSM(4;2),2,840,10256411,418094080,0
TRSM(5;2),2,840,10008882,417910784,0
TRSM(6;2),2,840,10074721,417947648,0
TRSM(7;2),2,840,9751615,417933312,0
SYRK(6;2),2,840,9642479,385508352,0
GEMM(7;6;2),2,840,18446058,773715968,0
SYRK(6;3),2,840,371354459,16581652480,67973059584
GEMM(7;6;3),2,840,344414504,16224580608,8192
SYRK(6;4),2,840,343120187,15031305216,12360167424
GEMM(7;6;4),2,840,292406287,14014945280,8192
SYRK(6;5),2,840,93283551,4106719232,800604570
GEMM(7;6;5),2,840,236786741,10827777024,8397
POTRF(6),2,840,3101452,138664960,0
TRSM(7;6),2,840,9918340,417878016,0
SYRK(2;0),2,840,338829862,15268272128,984757862
GEMM(3;2;0),2,840,320489629,14712235008,8602
GEMM(4;2;0),2,840,328164443,14789380096,8602
GEMM(5;2;0),2,840,322204274,14555039744,8397
GEMM(6;2;0),2,840,317490861,14408192000,8192
GEMM(7;2;0),2,840,315079421,14433655808,8397
SYRK(6;0),2,840,316430985,14287522816,7373
GEMM(7;6;0),2,840,322074671,14822008832,8192
SYRK(2;1),2,840,102241415,3950496768,1579268506
GEMM(3;2;1),2,840,339498211,15690772480,8397
GEMM(4;2;1),2,840,332198322,15147516928,8397
GEMM(5;2;1),2,840,358944396,16145510400,8806
GEMM(6;2;1),2,840,332841015,15528803328,8602
GEMM(7;2;1),2,840,293978897,13296822272,8806
SYRK(6;1),2,840,234588441,10708203520,7578
GEMM(7;6;1),2,840,17839057,774226944,8397
POTRF(2),2,840,3295136,138661888,0
TRSM(3;2),2,840,9781139,417929216,0
TRSM(4;2),2,840,10237754,417986560,0
TRSM(5;2),2,840,10042799,417737728,0
TRSM(6;2),2,840,10066171,417808384,0
TRSM(7;2),2,840,9085652,417844224,0
SYRK(6;2),2,840,9772765,385521664,0
GEMM(7;6;2),2,840,18907269,773566464,0
SYRK(6;3),2,840,376409715,17030052864,67973059584
GEMM(7;6;3),2,840,356259152,16416061440,8192
SYRK(6;4),2,840,331292675,14964876288,12360167424
GEMM(7;6;4),2,840,306164374,14186998784,8192
SYRK(6;5),2,840,97332025,4145830912,800604570
GEMM(7;6;5),2,840,226043082,10486506496,8397
POTRF(6),2,840,3166761,138595328,0
TRSM(7;6),2,840,9789456,417807360,0
SYRK(2;0),2,840,345926616,15424740352,984757862
GEMM(3;2;0),2,840,320998240,14663922688,8602
GEMM(4;2;0),2,840,342831217,15605999616,8602
GEMM(5;2;0),2,840,336273153,15206397952,8397
GEMM(6;2;0),2,840,332578534,15032832000,8192
GEMM(7;2;0),2,840,329864501,15069445120,8397
SYRK(6;0),2,840,315679895,14300435456,7373
GEMM(7;6;0),2,840,327357546,15095546880,8192
SYRK(2;1),2,840,103623682,4144455680,1579268506
GEMM(3;2;1),2,840,345734602,15699529728,8397
GEMM(4;2;1),2,840,341429204,15678659584,8397
GEMM(5;2;1),2,840,367143690,16236770304,8806
GEMM(6;2;1),2,840,312534117,14803685376,8602
GEMM(7;2;1),2,840,298032140,13768698880,8806
SYRK(6;1),2,840,221147881,9952372736,7578
GEMM(7;6;1),2,840,18175522,774466560,8397
POTRF(2),2,840,3096384,138638336,0
TRSM(3;2),2,840,9976823,417948672,0
TRSM(4;2),2,840,10241222,418095104,0
TRSM(5;2),2,840,10030189,417973248,0
TRSM(6;2),2,840,10074787,417894400,0
TRSM(7;2),2,840,10084743,417928192,0
SYRK(6;2),2,840,9317269,385575936,0
GEMM(7;6;2),2,840,18451743,773703680,0
SYRK(6;3),2,840,367600779,16643103744,67973059584
GEMM(7;6;3),2,840,343505700,15655394304,8192
SYRK(6;4),2,840,338285300,15004269568,12360167424
GEMM(7;6;4),2,840,314262381,14662603776,8192
SYRK(6;5),2,840,74655152,3220755456,800604570
GEMM(7;6;5),2,840,237461678,10898077696,8397
POTRF(6),2,840,3057905,138648576,0
TRSM(7;6),2,840,9887629,417996800,0
SYRK(2;0),2,840,328869222,15011898368,984757862
GEMM(3;2;0),2,840,318019978,14276816896,8602
GEMM(4;2;0),2,840,331764526,15044122624,8602
GEMM(5;2;0),2,840,315158734,14128372736,8397
GEMM(6;2;0),2,840,317652590,14496009216,8192
GEMM(7;2;0),2,840,330884377,14894328832,8397
SYRK(6;0),2,840,321914116,14922529792,7373
GEMM(7;6;0),2,840,321438758,14665817088,8192
SYRK(2;1),2,840,106679446,4348130304,1579268506
GEMM(3;2;1),2,840,343103473,15595853824,8397
GEMM(4;2;1),2,840,344567805,15940175872,8397
GEMM(5;2;1),2,840,362024486,16105654272,8806
GEMM(6;2;1),2,840,317343628,14682769408,8602
GEMM(7;2;1),2,840,284324710,13099122688,8806
SYRK(6;1),2,840,238210527,10758483968,7578
GEMM(7;6;1),2,840,17910529,774217728,8397
POTRF(2),2,840,3241564,138641408,0
TRSM(3;2),2,840,9874702,417986560,0
TRSM(4;2),2,840,10245863,418137088,0
TRSM(5;2),2,840,10052893,417954816,0
TRSM(6;2),2,840,10063459,418086912,0
TRSM(7;2),2,840,10066296,417989632,0
SYRK(6;2),2,840,9330296,385579008,0
GEMM(7;6;2),2,840,18427455,773911552,0
SYRK(6;3),2,840,375399781,16942217216,67973059584
GEMM(7;6;3),2,840,344425985,16014483456,8192
SYRK(6;4),2,840,345348857,15183910912,12360167424
GEMM(7;6;4),2,840,319728943,15070323712,8192
SYRK(6;5),2,840,80888566,3455460352,800604570
GEMM(7;6;5),2,840,229884022,10598930432,8397
POTRF(6),2,840,3313430,138690560,0
TRSM(7;6),2,840,9775792,417964032,0
SYRK(2;0),2,840,344667486,15159919616,984757862
GEMM(3;2;0),2,840,323356095,15174528000,8602
GEMM(4;2;0),2,840,334002394,15046387712,8602
GEMM(5;2;0),2,840,315870041,14544017408,8397
GEMM(6;2;0),2,840,335715517,14854450176,8192
GEMM(7;2;0),2,840,315985844,14519536640,8397
SYRK(6;0),2,840,321921289,14516982784,7373
GEMM(7;6;0),2,840,323731938,14890774528,8192
SYRK(2;1),2,840,100415355,3880263680,1579268506
GEMM(3;2;1),2,840,340830310,15591267328,8397
GEMM(4;2;1),2,840,336686720,15424599040,8397
GEMM(5;2;1),2,840,345753114,15784481792,8806
GEMM(6;2;1),2,840,351130017,16012683264,8602
GEMM(7;2;1),2,840,311425260,13970989056,8806
SYRK(6;1),2,840,202928261,9552942080,7578
GEMM(7;6;1),2,840,17813666,774650880,8397
POTRF(2),2,840,3121921,138678272,0
TRSM(3;2),2,840,9980968,418118656,0
TRSM(4;2),2,840,10231168,418148352,0
TRSM(5;2),2,840,10055087,418063360,0
TRSM(6;2),2,840,10062144,418012160,0
TRSM(7;2),2,840,10080576,418037760,0
SYRK(6;2),2,840,9315379,385630208,0
GEMM(7;6;2),2,840,18431647,773965824,0
SYRK(6;3),2,840,372052966,16788939776,67973059584
GEMM(7;6;3),2,840,349874324,16161516544,8192
SYRK(6;4),2,840,336486224,15517442048,12360167424
GEMM(7;6;4),2,840,323164290,14648220672,8192
SYRK(6;5),2,840,88133426,3721704448,800604570
GEMM(7;6;5),2,840,230678950,10699780096,8397
POTRF(6),2,840,3210601,138672128,0
TRSM(7;6),2,840,9805102,418020352,0
SYRK(2;0),2,915,322195554,14273595392,904064000
GEMM(3;2;0),2,915,322513197,14752092160,7987
GEMM(4;2;0),2,915,319093917,14353516544,7987
GEMM(5;2;0),2,915,322953126,14806214656,8192
GEMM(6;2;0),2,915,319839419,14354029568,8192
GEMM(7;2;0),2,915,322842777,14421499904,7987
SYRK(6;0),2,915,304504177,13653471232,6758
GEMM(7;6;0),2,915,308641978,14225934336,7782
SYRK(2;1),2,915,126352794,5103690752,1497108685
GEMM(3;2;1),2,915,336608254,15350988800,7987
GEMM(4;2;1),2,915,351864462,15903096832,8192
GEMM(5;2;1),2,915,345420088,15369298944,8192
GEMM(6;2;1),2,915,304376895,14107188224,8192
GEMM(7;2;1),2,915,340507321,15112040448,7987
SYRK(6;1),2,915,210600618,9908486144,7168
GEMM(7;6;1),2,915,16937990,715897856,7782
POTRF(2),2,915,2869564,129046528,0
TRSM(3;2),2,915,9282375,387509248,0
TRSM(4;2),2,915,9787582,387517440,0
TRSM(5;2),2,915,9396237,387523584,0
TRSM(6;2),2,915,9440895,387555328,0
TRSM(7;2),2,915,9466942,387515392,0
SYRK(6;2),2,915,8776046,357625856,0
GEMM(7;6;2),2,915,17154618,715459584,0
SYRK(6;3),2,915,381056121,16797802496,67819987149
GEMM(7;6;3),2,915,347218449,16040280064,7578
SYRK(6;4),2,915,321162179,14526929920,12377766707
GEMM(7;6;4),2,915,305143956,13845682176,7373
SYRK(6;5),2,915,114455433,5036557312,778475315
GEMM(7;6;5),2,915,203850235,9258317824,7782
POTRF(6),2,915,3012505,129042432,0
TRSM(7;6),2,915,9177083,387512320,0
SYRK(2;0),2,915,325580442,14421134336,904064000
GEMM(3;2;0),2,915,314635950,14130772992,7987
GEMM(4;2;0),2,915,316323888,14227083264,7987
GEMM(5;2;0),2,915,325403440,15026262016,8192
GEMM(6;2;0),2,915,333039943,14657818624,8192
GEMM(7;2;0),2,915,330242830,14902745088,7987
SYRK(6;0),2,915,315009941,14352092160,6758
GEMM(7;6;0),2,915,309118649,14118473728,7782
SYRK(2;1),2,915,114174670,4939461632,1497108685
GEMM(3;2;1),2,915,344436758,15148696576,7987
GEMM(4;2;1),2,915,332263981,15122203648,8192
GEMM(5;2;1),2,915,331786290,15265946624,8192
GEMM(6;2;1),2,915,310389575,14035716096,8192
GEMM(7;2;1),2,915,295002689,13045254144,7987
SYRK(6;1),2,915,155496169,7276328960,7168
GEMM(7;6;1),2,915,16541875,715925504,7782
POTRF(2),2,915,2965373,129047552,0
TRSM(3;2),2,915,9237418,387510272,0
TRSM(4;2),2,915,9691854,387527680,0
TRSM(5;2),2,915,9412422,387516416,0
TRSM(6;2),2,915,9425637,387555328,0
TRSM(7;2),2,915,9457690,387521536,0
SYRK(6;2),2,915,8783753,357624832,0
GEMM(7;6;2),2,915,17173807,715462656,0
SYRK(6;3),2,915,364145923,16420390912,67819987149
GEMM(7;6;3),2,915,353796520,16125089792,7578
SYRK(6;4),2,915,329417664,14756595712,12377766707
GEMM(7;6;4),2,915,298542239,13774051328,7373
SYRK(6;5),2,915,124003009,5159353344,778475315
GEMM(7;6;5),2,915,212509710,9964969984,7782
POTRF(6),2,915,3027934,129043456,0
TRSM(7;6),2,915,9226312,387507200,0
SYRK(2;0),2,915,335147416,14667364352,904064000
GEMM(3;2;0),2,915,305716835,14096210944,7987
GEMM(4;2;0),2,915,322811376,14453979136,7987
GEMM(5;2;0),2,915,323976458,14404133888,8192
GEMM(6;2;0),2,915,323080233,14655985664,8192
GEMM(7;2;0),2,915,317221873,14361585664,7987
SYRK(6;0),2,915,313519445,14196582400,6758
GEMM(7;6;0),2,915,312317714,14309776384,7782
SYRK(2;1),2,915,115955009,4864177152,1497108685
GEMM(3;2;1),2,915,339843804,15170410496,7987
GEMM(4;2;1),2,915,341271869,15472849920,8192
GEMM(5;2;1),2,915,334390484,15064110080,8192
GEMM(6;2;1),2,915,336957494,15291883520,8192
GEMM(7;2;1),2,915,298164360,13557097472,7987
SYRK(6;1),2,915,211552544,9785138176,7168
GEMM(7;6;1),2,915,16574865,715906048,7782
POTRF(2),2,915,3027832,129046528,0
TRSM(3;2),2,915,9231712,387509248,0
TRSM(4;2),2,915,9608155,387531776,0
TRSM(5;2),2,915,9403995,387515392,0
TRSM(6;2),2,915,9421674,387555328,0
TRSM(7;2),2,915,9456440,387513344,0
SYRK(6;2),2,915,8757234,357625856,0
GEMM(7;6;2),2,915,17137046,715459584,0
SYRK(6;3),2,915,375368511,16380557312,67819987149
GEMM(7;6;3),2,915,342349942,16012017664,7578
SYRK(6;4),2,915,335779706,14812267520,12377766707
GEMM(7;6;4),2,915,295668591,13744002048,7373
SYRK(6;5),2,915,123160729,5166303232,778475315
GEMM(7;6;5),2,915,219121210,10223918080,7782
POTRF(6),2,915,2884644,129043456,0
TRSM(7;6),2,915,9428670,387510272,0
SYRK(2;0),2,915,321779949,14527850496,904064000
GEMM(3;2;0),2,915,321636593,14118554624,7987
GEMM(4;2;0),2,915,328367975,14925480960,7987
GEMM(5;2;0),2,915,319059597,14476682240,8192
GEMM(6;2;0),2,915,316197757,14217229312,8192
GEMM(7;2;0),2,915,323877329,14739592192,7987
SYRK(6;0),2,915,305493758,13618695168,6758
GEMM(7;6;0),2,915,309033296,14183074816,7782
SYRK(2;1),2,915,120129577,5022217216,1497108685
GEMM(3;2;1),2,915,348418880,15726393344,7987
GEMM(4;2;1),2,915,348845095,15695062016,8192
GEMM(5;2;1),2,915,341940416,15525406720,8192
GEMM(6;2;1),2,915,314515666,14261398528,8192
GEMM(7;2;1),2,915,299374177,13748318208,7987
SYRK(6;1),2,915,212595147,9519794176,7168
GEMM(7;6;1),2,915,16743793,715907072,7782
POTRF(2),2,915,2934399,129048576,0
TRSM(3;2),2,915,9043648,387508224,0
TRSM(4;2),2,915,9796026,387522560,0
TRSM(5;2),2,915,9408585,387521536,0
TRSM(6;2),2,915,9426865,387556352,0
TRSM(7;2),2,915,9438251,387521536,0
SYRK(6;2),2,915,8771564,357626880,0
GEMM(7;6;2),2,915,17165749,715460608,0
SYRK(6;3),2,915,372868946,16739233792,67819987149
GEMM(7;6;3),2,915,382271336,17182602240,7578
SYRK(6;4),2,915,328018366,14801161216,12377766707
GEMM(7;6;4),2,915,303407527,13706990592,7373
SYRK(6;5),2,915,116037473,4816326656,778475315
GEMM(7;6;5),2,915,215982818,10093632512,7782
POTRF(6),2,915,3032274,129046528,0
TRSM(7;6),2,915,9185670,387506176,0
SYRK(2;0),2,915,324847293,14294874112,904064000
GEMM(3;2;0),2,915,313334181,14282947584,7987
GEMM(4;2;0),2,915,325117852,14523837440,7987
GEMM(5;2;0),2,915,322089321,14613138432,8192
GEMM(6;2;0),2,915,313781808,14073694208,8192
GEMM(7;2;0),2,915,314527890,14235046912,7987
SYRK(6;0),2,915,327213706,14369618944,6758
GEMM(7;6;0),2,915,300189056,14159057920,7782
SYRK(2;1),2,915,114207593,4797399040,1497108685
GEMM(3;2;1),2,915,347668963,15546021888,7987
GEMM(4;2;1),2,915,362946703,16467299328,8192
GEMM(5;2;1),2,915,353356442,15818923008,8192
GEMM(6;2;1),2,915,344827089,15435086848,8192
GEMM(7;2;1),2,915,325323589,15033892864,7987
SYRK(6;1),2,915,220096725,10138609664,7168
GEMM(7;6;1),2,915,16793455,715912192,7782
POTRF(2),2,915,2866061,129045504,0
TRSM(3;2),2,915,9361168,387511296,0
TRSM(4;2),2,915,9671394,387521536,0
TRSM(5;2),2,915,9403390,387519488,0
TRSM(6;2),2,915,9419501,387561472,0
TRSM(7;2),2,915,9432067,387520512,0
SYRK(6;2),2,915,8774812,357625856,0
GEMM(7;6;2),2,915,17178829,715460608,0
SYRK(6;3),2,915,363123918,16273646592,67819987149
GEMM(7;6;3),2,915,360671473,16446279680,7578
SYRK(6;4),2,915,334458460,14780029952,12377766707
GEMM(7;6;4),2,915,301567446,13922442240,7373
SYRK(6;5),2,915,102972545,4219393024,778475315
GEMM(7;6;5),2,915,207429060,9751050240,7782
POTRF(6),2,915,3015561,129041408,0
TRSM(7;6),2,915,9403486,387506176,0
SYRK(2;0),2,990,301619738,13511544832,835614515
GEMM(3;2;0),2,990,312376207,13847237632,7782
GEMM(4;2;0),2,990,301270312,13587980288,7578
GEMM(5;2;0),2,990,310081267,13697342464,7987
GEMM(6;2;0),2,990,314619050,13856822272,7373
GEMM(7;2;0),2,990,308307397,13968912384,7373
SYRK(6;0),2,990,285369718,13016999936,6144
GEMM(7;6;0),2,990,291222263,13118761984,7168
SYRK(2;1),2,990,139038639,5961203712,1412660224
GEMM(3;2;1),2,990,352615334,15476697088,7168
GEMM(4;2;1),2,990,323222529,14651346944,7373
GEMM(5;2;1),2,990,336430529,14707030016,7782
GEMM(6;2;1),2,990,307012725,13942633472,7782
GEMM(7;2;1),2,990,318549434,14398055424,7578
SYRK(6;1),2,990,197273847,8948354048,6554
GEMM(7;6;1),2,990,15309325,661739520,7168
POTRF(2),2,990,2939570,119269376,0
TRSM(3;2),2,990,8805600,358157312,0
TRSM(4;2),2,990,8838188,358178816,0
TRSM(5;2),2,990,9022442,358167552,0
TRSM(6;2),2,990,8850715,358194176,0
TRSM(7;2),2,990,8881502,358198272,0
SYRK(6;2),2,990,8229679,330533888,0
GEMM(7;6;2),2,990,16139718,661284864,0
SYRK(6;3),2,990,373346917,16416773120,64989201408
GEMM(7;6;3),2,990,365767642,16564617216,7168
SYRK(6;4),2,990,318659123,13824659456,11138814566
GEMM(7;6;4),2,990,271442370,12529944576,7168
SYRK(6;5),2,990,113656305,4679331840,751026995
GEMM(7;6;5),2,990,196660372,9105020928,7373
POTRF(6),2,990,2844230,119266304,0
TRSM(7;6),2,990,8640188,358165504,0
SYRK(2;0),2,990,318982022,13846962176,835614515
GEMM(3;2;0),2,990,308620809,13757620224,7782
GEMM(4;2;0),2,990,309409841,13819404288,7578
GEMM(5;2;0),2,990,300651448,13770427392,7987
GEMM(6;2;0),2,990,313572737,13648214016,7373
GEMM(7;2;0),2,990,314306684,14073225216,7373
SYRK(6;0),2,990,286243229,12859701248,6144
GEMM(7;6;0),2,990,298433611,13445110784,7168
SYRK(2;1),2,990,148778759,6098083840,1412660224
GEMM(3;2;1),2,990,342792057,15226857472,7168
GEMM(4;2;1),2,990,338629395,14918117376,7373
GEMM(5;2;1),2,990,328115498,15114944512,7782
GEMM(6;2;1),2,990,335510699,14872352768,7782
GEMM(7;2;1),2,990,314996281,13983560704,7578
SYRK(6;1),2,990,198934427,9178988544,6554
GEMM(7;6;1),2,990,15764366,661781504,7168
POTRF(2),2,990,2651684,119269376,0
TRSM(3;2),2,990,8661584,358161408,0
TRSM(4;2),2,990,9218903,358177792,0
TRSM(5;2),2,990,8832933,358169600,0
TRSM(6;2),2,990,8913449,358202368,0
TRSM(7;2),2,990,8891844,358201344,0
SYRK(6;2),2,990,8241164,330533888,0
GEMM(7;6;2),2,990,16137078,661285888,0
SYRK(6;3),2,990,389975819,17063009280,64989201408
GEMM(7;6;3),2,990,371886506,16935096320,7168
SYRK(6;4),2,990,321015726,13957447680,11138814566
GEMM(7;6;4),2,990,288457852,13284878336,7168
SYRK(6;5),2,990,131540151,5600918528,751026995
GEMM(7;6;5),2,990,201541053,9189991424,7373
POTRF(6),2,990,2871898,119266304,0
TRSM(7;6),2,990,8587361,358156288,0
SYRK(2;0),2,990,314892244,14012601344,835614515
GEMM(3;2;0),2,990,312845496,13589748736,7782
GEMM(4;2;0),2,990,303815446,13850781696,7578
GEMM(5;2;0),2,990,326150056,14288292864,7987
GEMM(6;2;0),2,990,306606159,13906079744,7373
GEMM(7;2;0),2,990,313918315,13749259264,7373
SYRK(6;0),2,990,291106928,13130490880,6144
GEMM(7;6;0),2,990,299929411,13458611200,7168
SYRK(2;1),2,990,151758188,5969079296,1412660224
GEMM(3;2;1),2,990,344503332,15726269440,7168
GEMM(4;2;1),2,990,329531353,14752565248,7373
GEMM(5;2;1),2,990,334306262,14845898752,7782
GEMM(6;2;1),2,990,302210714,13631436800,7782
GEMM(7;2;1),2,990,309155918,13919599616,7578
SYRK(6;1),2,990,202305901,9009811456,6554
GEMM(7;6;1),2,990,15457583,661768192,7168
POTRF(2),2,990,2884057,119270400,0
TRSM(3;2),2,990,8703810,358154240,0
TRSM(4;2),2,990,8880753,358180864,0
TRSM(5;2),2,990,8993896,358162432,0
TRSM(6;2),2,990,8875802,358189056,0
TRSM(7;2),2,990,8872835,358195200,0
SYRK(6;2),2,990,8245484,330532864,0
GEMM(7;6;2),2,990,16179913,661283840,0
SYRK(6;3),2,990,384827297,16850782208,64989201408
GEMM(7;6;3),2,990,362694425,16550744064,7168
SYRK(6;4),2,990,321373613,14077730816,11138814566
GEMM(7;6;4),2,990,283233773,13065791488,7168
SYRK(6;5),2,990,131850241,5636994048,751026995
GEMM(7;6;5),2,990,202840626,9220588544,7373
POTRF(6),2,990,2826739,119266304,0
TRSM(7;6),2,990,8636565,358161408,0
SYRK(2;0),2,990,319689372,13952184320,835614515
GEMM(3;2;0),2,990,320357905,14109426688,7782
GEMM(4;2;0),2,990,312225544,14001886208,7578
GEMM(5;2;0),2,990,309669981,13960758272,7987
GEMM(6;2;0),2,990,326159522,14435150848,7373
GEMM(7;2;0),2,990,319094842,14173165568,7373
SYRK(6;0),2,990,289059109,13095847936,6144
GEMM(7;6;0),2,990,276247165,12435668992,7168
SYRK(2;1),2,990,148135731,5976202240,1412660224
GEMM(3;2;1),2,990,321664541,14591960064,7168
GEMM(4;2;1),2,990,331294443,14958286848,7373
GEMM(5;2;1),2,990,351907548,15329138688,7782
GEMM(6;2;1),2,990,309249628,13943459840,7782
GEMM(7;2;1),2,990,249994849,11351640064,7578
SYRK(6;1),2,990,204541344,9183296512,6554
GEMM(7;6;1),2,990,15691162,661741568,7168
POTRF(2),2,990,2935666,119270400,0
TRSM(3;2),2,990,8649191,358158336,0
TRSM(4;2),2,990,8955611,358172672,0
TRSM(5;2),2,990,8956594,358166528,0
TRSM(6;2),2,990,8868087,358200320,0
TRSM(7;2),2,990,8891875,358203392,0
SYRK(6;2),2,990,8241713,330533888,0
GEMM(7;6;2),2,990,16120100,661284864,0
SYRK(6;3),2,990,397917737,16968344576,64989201408
GEMM(7;6;3),2,990,360416693,16876181504,7168
SYRK(6;4),2,990,319867206,14284328960,11138814566
GEMM(7;6;4),2,990,278050090,12519280640,7168
SYRK(6;5),2,990,124843853,5232161792,751026995
GEMM(7;6;5),2,990,151406856,7018178560,7373
POTRF(6),2,990,2866909,119266304,0
TRSM(7;6),2,990,8538417,358159360,0
SYRK(2;0),2,990,321884701,13992284160,835614515
GEMM(3;2;0),2,990,308450434,13827998720,7782
GEMM(4;2;0),2,990,320794841,14184030208,7578
GEMM(5;2;0),2,990,313716320,14073162752,7987
GEMM(6;2;0),2,990,320790357,14165641216,7373
GEMM(7;2;0),2,990,300406703,13427630080,7373
SYRK(6;0),2,990,290201711,12847989760,6144
GEMM(7;6;0),2,990,286952037,13174402048,7168
SYRK(2;1),2,990,140930630,5842606080,1412660224
GEMM(3;2;1),2,990,332393790,14976731136,7168
GEMM(4;2;1),2,990,335756283,14851747840,7373
GEMM(5;2;1),2,990,345813942,15195136000,7782
GEMM(6;2;1),2,990,324346361,14693459968,7782
GEMM(7;2;1),2,990,274328880,12269863936,7578
SYRK(6;1),2,990,190572085,8706913280,6554
GEMM(7;6;1),2,990,15495817,661743616,7168
POTRF(2),2,990,2879685,119270400,0
TRSM(3;2),2,990,8517272,358161408,0
TRSM(4;2),2,990,9091345,358177792,0
TRSM(5;2),2,990,8976455,358167552,0
TRSM(6;2),2,990,8870768,358197248,0
TRSM(7;2),2,990,8889441,358182912,0
SYRK(6;2),2,990,8242249,330532864,0
GEMM(7;6;2),2,990,16150063,661284864,0
SYRK(6;3),2,990,376478945,16669037568,64989201408
GEMM(7;6;3),2,990,359670595,16454891520,7168
SYRK(6;4),2,990,319821135,14098634752,11138814566
GEMM(7;6;4),2,990,277903472,12658609152,7168
SYRK(6;5),2,990,105958982,4513167360,751026995
GEMM(7;6;5),2,990,195286863,8867079168,7373
POTRF(6),2,990,2953929,119267328,0
TRSM(7;6),2,990,8479661,358160384,0
SYRK(2;0),2,1065,311349716,13041785856,996714086
GEMM(3;2;0),2,1065,319091444,13246266368,6963
GEMM(4;2;0),2,1065,290249346,13304836096,6963
GEMM(5;2;0),2,1065,307233147,13235294208,7168
GEMM(6;2;0),2,1065,300855622,13154274304,7168
GEMM(7;2;0),2,1065,310017037,13400327168,6963
SYRK(6;0),2,1065,248511764,10779079680,5734
GEMM(7;6;0),2,1065,250643341,10992441344,6963
SYRK(2;1),2,1065,163704828,6668147712,1241664102
GEMM(3;2;1),2,1065,347820186,15082468352,6758
GEMM(4;2;1),2,1065,379934437,16113393664,6963
GEMM(5;2;1),2,1065,349155878,15359795200,7168
GEMM(6;2;1),2,1065,330868409,14669731840,6963
GEMM(7;2;1),2,1065,267439260,11293083648,7168
SYRK(6;1),2,1065,167028467,7533685760,5734
GEMM(7;6;1),2,1065,14903452,615601152,6554
POTRF(2),2,1065,2847722,110874624,0
TRSM(3;2),2,1065,8253153,332948480,0
TRSM(4;2),2,1065,8489209,332963840,0
TRSM(5;2),2,1065,8702267,332954624,0
TRSM(6;2),2,1065,8494073,332950528,0
TRSM(7;2),2,1065,8492720,332979200,0
SYRK(6;2),2,1065,7883923,307256320,0
GEMM(7;6;2),2,1065,15467920,614747136,0
SYRK(6;3),2,1065,405279791,17200058368,67865553715
GEMM(7;6;3),2,1065,396924789,17656353792,6758
SYRK(6;4),2,1065,318279994,13531139072,13498236928
GEMM(7;6;4),2,1065,242942700,10880328704,6963
SYRK(6;5),2,1065,132374384,5481838592,623808102
GEMM(7;6;5),2,1065,168428517,7490347008,6758
POTRF(6),2,1065,2525147,110870528,0
TRSM(7;6),2,1065,8335220,332949504,0
SYRK(2;0),2,1065,322185424,13582167040,996714086
GEMM(3;2;0),2,1065,308479373,13583721472,6963
GEMM(4;2;0),2,1065,312344297,13376930816,6963
GEMM(5;2;0),2,1065,323347019,13806500864,7168
GEMM(6;2;0),2,1065,311892345,13881479168,7168
GEMM(7;2;0),2,1065,311005804,13488782336,6963
SYRK(6;0),2,1065,253727579,10746939392,5734
GEMM(7;6;0),2,1065,247941767,11033738240,6963
SYRK(2;1),2,1065,159560821,6400858112,1241664102
GEMM(3;2;1),2,1065,354785427,15289627648,6758
GEMM(4;2;1),2,1065,336935482,14869198848,6963
GEMM(5;2;1),2,1065,349510736,14999310336,7168
GEMM(6;2;1),2,1065,338390403,14834811904,6963
GEMM(7;2;1),2,1065,331532060,14486467584,7168
SYRK(6;1),2,1065,194484766,8391908352,5734
GEMM(7;6;1),2,1065,14916367,615599104,6554
POTRF(2),2,1065,2834236,110869504,0
TRSM(3;2),2,1065,8235856,332946432,0
TRSM(4;2),2,1065,8604834,332953600,0
TRSM(5;2),2,1065,8696819,332951552,0
TRSM(6;2),2,1065,8499723,332949504,0
TRSM(7;2),2,1065,8508672,332979200,0
SYRK(6;2),2,1065,7899534,307257344,0
GEMM(7;6;2),2,1065,15429338,614748160,0
SYRK(6;3),2,1065,406493070,17538977792,67865553715
GEMM(7;6;3),2,1065,398854782,17305866240,6758
SYRK(6;4),2,1065,309577607,13142469632,13498236928
GEMM(7;6;4),2,1065,236786928,10621877248,6963
SYRK(6;5),2,1065,143566381,5876347904,623808102
GEMM(7;6;5),2,1065,161738664,7281979392,6758
POTRF(6),2,1065,2838485,110869504,0
TRSM(7;6),2,1065,8071101,332941312,0
SYRK(2;0),2,1065,299424691,13045092352,996714086
GEMM(3;2;0),2,1065,304651630,13185841152,6963
GEMM(4;2;0),2,1065,305632122,12984455168,6963
GEMM(5;2;0),2,1065,303373854,13024248832,7168
GEMM(6;2;0),2,1065,306134353,13475894272,7168
GEMM(7;2;0),2,1065,304123415,12977111040,6963
SYRK(6;0),2,1065,244432642,10698779648,5734
GEMM(7;6;0),2,1065,246350702,10792873984,6963
SYRK(2;1),2,1065,162105195,6597125120,1241664102
GEMM(3;2;1),2,1065,345131133,14890929152,6758
GEMM(4;2;1),2,1065,329670671,14336244736,6963
GEMM(5;2;1),2,1065,369735231,15314944000,7168
GEMM(6;2;1),2,1065,329810277,14982434816,6963
GEMM(7;2;1),2,1065,270875226,11598198784,7168
SYRK(6;1),2,1065,188551166,8521891840,5734
GEMM(7;6;1),2,1065,15134308,615613440,6554
POTRF(2),2,1065,2585804,110874624,0
TRSM(3;2),2,1065,8346933,332946432,0
TRSM(4;2),2,1065,8824580,332959744,0
TRSM(5;2),2,1065,8470648,332954624,0
TRSM(6;2),2,1065,8497484,332949504,0
TRSM(7;2),2,1065,8513320,332985344,0
SYRK(6;2),2,1065,7906593,307256320,0
GEMM(7;6;2),2,1065,15410185,614745088,0
SYRK(6;3),2,1065,397525552,17197285376,67865553715
GEMM(7;6;3),2,1065,402515479,17516704768,6758
SYRK(6;4),2,1065,310587774,13219204096,13498236928
GEMM(7;6;4),2,1065,240911897,10813895680,6963
SYRK(6;5),2,1065,144988990,6185709568,623808102
GEMM(7;6;5),2,1065,195674318,8509303808,6758
POTRF(6),2,1065,2480249,110870528,0
TRSM(7;6),2,1065,8422940,332949504,0
SYRK(2;0),2,1065,309141175,13259795456,996714086
GEMM(3;2;0),2,1065,321485031,13610094592,6963
GEMM(4;2;0),2,1065,301474249,13328679936,6963
GEMM(5;2;0),2,1065,317975849,13451070464,7168
GEMM(6;2;0),2,1065,313690873,13553015808,7168
GEMM(7;2;0),2,1065,311872387,13534430208,6963
SYRK(6;0),2,1065,247878749,10840203264,5734
GEMM(7;6;0),2,1065,249712640,10972903424,6963
SYRK(2;1),2,1065,166527015,6402470912,1241664102
GEMM(3;2;1),2,1065,360201099,15904623616,6758
GEMM(4;2;1),2,1065,369564859,15613698048,6963
GEMM(5;2;1),2,1065,377257364,16134242304,7168
GEMM(6;2;1),2,1065,332305531,15073829888,6963
GEMM(7;2;1),2,1065,323459578,14342053888,7168
SYRK(6;1),2,1065,178047892,7648807936,5734
GEMM(7;6;1),2,1065,14818101,615688192,6554
POTRF(2),2,1065,2834882,110870528,0
TRSM(3;2),2,1065,8204281,332948480,0
TRSM(4;2),2,1065,8762058,332959744,0
TRSM(5;2),2,1065,8462718,332957696,0
TRSM(6;2),2,1065,8514018,332946432,0
TRSM(7;2),2,1065,8509384,332973056,0
SYRK(6;2),2,1065,7907455,307256320,0
GEMM(7;6;2),2,1065,15448253,614749184,0
SYRK(6;3),2,1065,425390386,17651102720,67865553715
GEMM(7;6;3),2,1065,393746144,17750233088,6758
SYRK(6;4),2,1065,319679706,13899148288,13498236928
GEMM(7;6;4),2,1065,269163442,11789020160,6963
SYRK(6;5),2,1065,152330998,6259149824,623808102
GEMM(7;6;5),2,1065,192883350,8623446016,6758
POTRF(6),2,1065,2733313,110870528,0
TRSM(7;6),2,1065,8173910,332947456,0
SYRK(2;0),2,1065,334931327,14191766528,996714086
GEMM(3;2;0),2,1065,319180779,13903026176,6963
GEMM(4;2;0),2,1065,328588292,14135028736,6963
GEMM(5;2;0),2,1065,325085638,14204337152,7168
GEMM(6;2;0),2,1065,319026854,13798893568,7168
GEMM(7;2;0),2,1065,323176838,13784423424,6963
SYRK(6;0),2,1065,270929440,12011563008,5734
GEMM(7;6;0),2,1065,268643029,11740498944,6963
SYRK(2;1),2,1065,163612297,6505732096,1241664102
GEMM(3;2;1),2,1065,353064417,15227421696,6758
GEMM(4;2;1),2,1065,348343674,15318030336,6963
GEMM(5;2;1),2,1065,351816442,14977183744,7168
GEMM(6;2;1),2,1065,306638588,13821316096,6963
GEMM(7;2;1),2,1065,303430807,12994273280,7168
SYRK(6;1),2,1065,140280289,6169284608,5734
GEMM(7;6;1),2,1065,14805980,615621632,6554
POTRF(2),2,1065,2734473,110870528,0
TRSM(3;2),2,1065,8239273,332946432,0
TRSM(4;2),2,1065,8878576,332965888,0
TRSM(5;2),2,1065,8453893,332956672,0
TRSM(6;2),2,1065,8490724,332953600,0
TRSM(7;2),2,1065,8511856,332979200,0
SYRK(6;2),2,1065,7887696,307256320,0
GEMM(7;6;2),2,1065,15464259,614746112,0
SYRK(6;3),2,1065,419337713,17878746112,67865553715
GEMM(7;6;3),2,1065,402213831,17781943296,6758
SYRK(6;4),2,1065,325637289,14030401536,13498236928
GEMM(7;6;4),2,1065,274023016,11977076736,6963
SYRK(6;5),2,1065,142330930,5929947136,623808102
GEMM(7;6;5),2,1065,164725592,7286854656,6758
POTRF(6),2,1065,2805212,110871552,0
TRSM(7;6),2,1065,8118230,332946432,0
SYRK(2;0),2,1140,322790026,13667562496,996421837
GEMM(3;2;0),2,1140,314280021,13314489344,6758
GEMM(4;2;0),2,1140,317887197,13738676224,6349
GEMM(5;2;0),2,1140,333203982,13558407168,6758
GEMM(6;2;0),2,1140,300077963,13544519680,6554
GEMM(7;2;0),2,1140,323439325,13876486144,6758
SYRK(6;0),2,1140,261604579,11408464896,5530
GEMM(7;6;0),2,1140,279434639,11991782400,6144
SYRK(2;1),2,1140,166531361,6790652928,1178903142
GEMM(3;2;1),2,1140,323140131,14006873088,6349
GEMM(4;2;1),2,1140,345329628,14733034496,6349
GEMM(5;2;1),2,1140,358015847,14899940352,6758
GEMM(6;2;1),2,1140,325203258,14225002496,6554
GEMM(7;2;1),2,1140,309426081,13287095296,6554
SYRK(6;1),2,1140,172178856,7601821696,5325
GEMM(7;6;1),2,1140,14664547,598455296,6349
POTRF(2),2,1140,2561760,103602176,0
TRSM(3;2),2,1140,7924048,311276544,0
TRSM(4;2),2,1140,7957212,311267328,0
TRSM(5;2),2,1140,8294502,311261184,0
TRSM(6;2),2,1140,8039419,311306240,0
TRSM(7;2),2,1140,8073314,311298048,0
SYRK(6;2),2,1140,7476801,287092736,0
GEMM(7;6;2),2,1140,14689079,574435328,0
SYRK(6;3),2,1140,437574641,17432628224,67433780019
GEMM(7;6;3),2,1140,370788582,17502482432,6144
SYRK(6;4),2,1140,329404232,13913117696,14086143181
GEMM(7;6;4),2,1140,260619329,11455851520,6349
SYRK(6;5),2,1140,157037706,6591449088,582460621
GEMM(7;6;5),2,1140,147433138,6386864128,6144
POTRF(6),2,1140,2419357,103588864,0
TRSM(7;6),2,1140,8006076,311270400,0
SYRK(2;0),2,1140,327467516,13493528576,996421837
GEMM(3;2;0),2,1140,304075782,13234300928,6758
GEMM(4;2;0),2,1140,306486179,13384769536,6349
GEMM(5;2;0),2,1140,311465359,13502753792,6758
GEMM(6;2;0),2,1140,323043927,13490227200,6554
GEMM(7;2;0),2,1140,319851670,13722207232,6758
SYRK(6;0),2,1140,264777282,11445918720,5530
GEMM(7;6;0),2,1140,272531831,11800456192,6144
SYRK(2;1),2,1140,146673942,5982547968,1178903142
GEMM(3;2;1),2,1140,328271430,13983050752,6349
GEMM(4;2;1),2,1140,338097439,14602718208,6349
GEMM(5;2;1),2,1140,348698184,14500257792,6758
GEMM(6;2;1),2,1140,321690521,14443138048,6554
GEMM(7;2;1),2,1140,338038459,14026994688,6554
SYRK(6;1),2,1140,145908599,6636957696,5325
GEMM(7;6;1),2,1140,15155584,598420480,6349
POTRF(2),2,1140,2573175,103591936,0
TRSM(3;2),2,1140,7924453,311262208,0
TRSM(4;2),2,1140,8042724,311284736,0
TRSM(5;2),2,1140,8194456,311264256,0
TRSM(6;2),2,1140,8056842,311309312,0
TRSM(7;2),2,1140,8069218,311296000,0
SYRK(6;2),2,1140,7470402,287081472,0
GEMM(7;6;2),2,1140,14671660,574365696,0
SYRK(6;3),2,1140,421348420,17185555456,67433780019
GEMM(7;6;3),2,1140,389500937,17693277184,6144
SYRK(6;4),2,1140,342002536,13597333504,14086143181
GEMM(7;6;4),2,1140,238155541,11390022656,6349
SYRK(6;5),2,1140,133396201,5481153536,582460621
GEMM(7;6;5),2,1140,140751696,6198136832,6144
POTRF(6),2,1140,2684462,103592960,0
TRSM(7;6),2,1140,7736847,311248896,0
SYRK(2;0),2,1140,314255143,13475968000,996421837
GEMM(3;2;0),2,1140,316737716,13437952000,6758
GEMM(4;2;0),2,1140,329874168,13881191424,6349
GEMM(5;2;0),2,1140,322552081,13872901120,6758
GEMM(6;2;0),2,1140,322288168,14010644480,6554
GEMM(7;2;0),2,1140,290479778,12700701696,6758
SYRK(6;0),2,1140,253816173,10750870528,5530
GEMM(7;6;0),2,1140,241122450,10508594176,6144
SYRK(2;1),2,1140,171234951,6729871360,1178903142
GEMM(3;2;1),2,1140,338747675,14803402752,6349
GEMM(4;2;1),2,1140,348175850,14582367232,6349
GEMM(5;2;1),2,1140,319152723,14198772736,6758
GEMM(6;2;1),2,1140,338541731,14268306432,6554
GEMM(7;2;1),2,1140,267787259,11427954688,6554
SYRK(6;1),2,1140,169919914,7576790016,5325
GEMM(7;6;1),2,1140,15188030,597979136,6349
POTRF(2),2,1140,2661095,103586816,0
TRSM(3;2),2,1140,7833280,311240704,0
TRSM(4;2),2,1140,8042808,311254016,0
TRSM(5;2),2,1140,8250063,311252992,0
TRSM(6;2),2,1140,8060651,311317504,0
TRSM(7;2),2,1140,8069928,311284736,0
SYRK(6;2),2,1140,7504161,287083520,0
GEMM(7;6;2),2,1140,14690949,574375936,0
SYRK(6;3),2,1140,427135422,17544350720,67433780019
GEMM(7;6;3),2,1140,392652341,17543274496,6144
SYRK(6;4),2,1140,330411360,13695805440,14086143181
GEMM(7;6;4),2,1140,248506727,11169674240,6349
SYRK(6;5),2,1140,134148824,5420628992,582460621
GEMM(7;6;5),2,1140,149201763,6659178496,6144
POTRF(6),2,1140,2677939,103593984,0
TRSM(7;6),2,1140,7717332,311268352,0
SYRK(2;0),2,1140,318674363,13683483648,996421837
GEMM(3;2;0),2,1140,313232048,13447029760,6758
GEMM(4;2;0),2,1140,313582607,13295533056,6349
GEMM(5;2;0),2,1140,324805519,13862299648,6758
GEMM(6;2;0),2,1140,309610513,13534861312,6554
GEMM(7;2;0),2,1140,308822397,12870503424,6758
SYRK(6;0),2,1140,255513091,11165108224,5530
GEMM(7;6;0),2,1140,253436224,11055027200,6144
SYRK(2;1),2,1140,166237488,6783370240,1178903142
GEMM(3;2;1),2,1140,347232122,14929160192,6349
GEMM(4;2;1),2,1140,344220476,14729754624,6349
GEMM(5;2;1),2,1140,334150610,14173858816,6758
GEMM(6;2;1),2,1140,326397138,14323662848,6554
GEMM(7;2;1),2,1140,287754849,11901878272,6554
SYRK(6;1),2,1140,148470647,6761776128,5325
GEMM(7;6;1),2,1140,14632593,598231040,6349
POTRF(2),2,1140,2686495,103596032,0
TRSM(3;2),2,1140,7815726,311260160,0
TRSM(4;2),2,1140,8349243,311259136,0
TRSM(5;2),2,1140,7951101,311263232,0
TRSM(6;2),2,1140,8058592,311296000,0
TRSM(7;2),2,1140,8075999,311314432,0
SYRK(6;2),2,1140,7493792,287081472,0
GEMM(7;6;2),2,1140,14698188,574435328,0
SYRK(6;3),2,1140,457626918,17277368320,67433780019
GEMM(7;6;3),2,1140,355371551,17541815296,6144
SYRK(6;4),2,1140,323701556,13897840640,14086143181
GEMM(7;6;4),2,1140,276265891,11929924608,6349
SYRK(6;5),2,1140,158928664,6435846144,582460621
GEMM(7;6;5),2,1140,175732127,7827348480,6144
POTRF(6),2,1140,2691306,103595008,0
TRSM(7;6),2,1140,7712816,311260160,0
SYRK(2;0),2,1140,323681598,13632031744,996421837
GEMM(3;2;0),2,1140,300859285,13037705216,6758
GEMM(4;2;0),2,1140,307976164,13096330240,6349
GEMM(5;2;0),2,1140,321828748,13675922432,6758
GEMM(6;2;0),2,1140,310312053,13505132544,6554
GEMM(7;2;0),2,1140,309419205,13235286016,6758
SYRK(6;0),2,1140,274489643,11184139264,5530
GEMM(7;6;0),2,1140,254111704,11574708224,6144
SYRK(2;1),2,1140,156292824,6516285440,1178903142
GEMM(3;2;1),2,1140,353446686,14987274240,6349
GEMM(4;2;1),2,1140,339180372,14610298880,6349
GEMM(5;2;1),2,1140,342180511,14404830208,6758
GEMM(6;2;1),2,1140,313558670,13769793536,6554
GEMM(7;2;1),2,1140,321546458,13533999104,6554
SYRK(6;1),2,1140,147231118,6608250880,5325
GEMM(7;6;1),2,1140,15024385,597739520,6349
POTRF(2),2,1140,2605094,103593984,0
TRSM(3;2),2,1140,7883276,311269376,0
TRSM(4;2),2,1140,8045250,311283712,0
TRSM(5;2),2,1140,8199347,311288832,0
TRSM(6;2),2,1140,8050875,311325696,0
TRSM(7;2),2,1140,8056092,311312384,0
SYRK(6;2),2,1140,7479401,287079424,0
GEMM(7;6;2),2,1140,14688382,574396416,0
SYRK(6;3),2,1140,416796429,17587528704,67433780019
GEMM(7;6;3),2,1140,403561609,17653450752,6144
SYRK(6;4),2,1140,315384128,13416117248,14086143181
GEMM(7;6;4),2,1140,252861285,11133298688,6349
SYRK(6;5),2,1140,138404392,5721149440,582460621
GEMM(7;6;5),2,1140,143755082,6293793792,6144
POTRF(6),2,1140,2467377,103586816,0
TRSM(7;6),2,1140,7950544,311246848,0
SYRK(2;0),2,1215,326055768,13174012928,995965133
GEMM(3;2;0),2,1215,311046423,12826870784,6144
GEMM(4;2;0),2,1215,320948919,13466656768,6144
GEMM(5;2;0),2,1215,316207596,13146619904,6144
GEMM(6;2;0),2,1215,312849716,13075525632,6144
GEMM(7;2;0),2,1215,316487569,13006503936,6144
SYRK(6;0),2,1215,266685926,10855719936,5120
GEMM(7;6;0),2,1215,241816700,10262266880,5939
SYRK(2;1),2,1215,182071738,7074026496,1145735987
GEMM(3;2;1),2,1215,363976201,14966248448,6144
GEMM(4;2;1),2,1215,341325920,14380920832,5939
GEMM(5;2;1),2,1215,351932152,14444848128,6144
GEMM(6;2;1),2,1215,307838951,12909364224,6349
GEMM(7;2;1),2,1215,286590811,12148507648,6144
SYRK(6;1),2,1215,153110489,6278358016,5120
GEMM(7;6;1),2,1215,15218502,597045248,6144
POTRF(2),2,1215,2686411,97256448,0
TRSM(3;2),2,1215,7720937,292373504,0
TRSM(4;2),2,1215,8087991,292686848,0
TRSM(5;2),2,1215,7790431,292554752,0
TRSM(6;2),2,1215,7848926,292596736,0
TRSM(7;2),2,1215,7858720,292560896,0
SYRK(6;2),2,1215,7272235,269724672,0
GEMM(7;6;2),2,1215,14274281,538869760,0
SYRK(6;3),2,1215,443226045,17513102336,65946465485
GEMM(7;6;3),2,1215,408459786,17687425024,5734
SYRK(6;4),2,1215,324739275,13205215232,15202164736
GEMM(7;6;4),2,1215,242001502,10283904000,6144
SYRK(6;5),2,1215,168205987,6638441472,545802650
GEMM(7;6;5),2,1215,126843215,5514385408,5734
POTRF(6),2,1215,2391811,97275904,0
TRSM(7;6),2,1215,7628787,292372480,0
SYRK(2;0),2,1215,311274680,12639286272,995965133
GEMM(3;2;0),2,1215,309383020,12748141568,6144
GEMM(4;2;0),2,1215,323313862,13265197056,6144
GEMM(5;2;0),2,1215,316587742,13108128768,6144
GEMM(6;2;0),2,1215,306271930,12818630656,6144
GEMM(7;2;0),2,1215,311384768,13021493248,6144
SYRK(6;0),2,1215,240521572,9882769408,5120
GEMM(7;6;0),2,1215,234851329,9936830464,5939
SYRK(2;1),2,1215,187304020,7319848960,1145735987
GEMM(3;2;1),2,1215,343643208,14329508864,6144
GEMM(4;2;1),2,1215,352415079,14583401472,5939
GEMM(5;2;1),2,1215,338946338,14182891520,6144
GEMM(6;2;1),2,1215,316993359,13078175744,6349
GEMM(7;2;1),2,1215,300315457,12503495680,6144
SYRK(6;1),2,1215,142982241,6016059392,5120
GEMM(7;6;1),2,1215,15717088,597326848,6144
POTRF(2),2,1215,2146273,97266688,0
TRSM(3;2),2,1215,7791912,292371456,0
TRSM(4;2),2,1215,8081725,292790272,0
TRSM(5;2),2,1215,7868239,292638720,0
TRSM(6;2),2,1215,7842817,292649984,0
TRSM(7;2),2,1215,7863899,292691968,0
SYRK(6;2),2,1215,7263896,269815808,0
GEMM(7;6;2),2,1215,14327554,538865664,0
SYRK(6;3),2,1215,426410732,17703309312,65946465485
GEMM(7;6;3),2,1215,423616061,17820889088,5734
SYRK(6;4),2,1215,311549584,12875915264,15202164736
GEMM(7;6;4),2,1215,253564134,10573882368,6144
SYRK(6;5),2,1215,137718034,5296239616,545802650
GEMM(7;6;5),2,1215,138604230,6065918976,5734
POTRF(6),2,1215,2423837,97273856,0
TRSM(7;6),2,1215,7558683,292334592,0
SYRK(2;0),2,1215,316843659,12779736064,995965133
GEMM(3;2;0),2,1215,312541407,12926742528,6144
GEMM(4;2;0),2,1215,305680884,12879795200,6144
GEMM(5;2;0),2,1215,321175851,13134894080,6144
GEMM(6;2;0),2,1215,306775797,13056202752,6144
GEMM(7;2;0),2,1215,320079516,12855941120,6144
SYRK(6;0),2,1215,249348254,10323980288,5120
GEMM(7;6;0),2,1215,260754092,11110773760,5939
SYRK(2;1),2,1215,174835437,7105300480,1145735987
GEMM(3;2;1),2,1215,346703756,14214250496,6144
GEMM(4;2;1),2,1215,344783825,14191265792,5939
GEMM(5;2;1),2,1215,372164175,15178681344,6144
GEMM(6;2;1),2,1215,334863983,14254352384,6349
GEMM(7;2;1),2,1215,290891027,11910993920,6144
SYRK(6;1),2,1215,142594595,6144934912,5120
GEMM(7;6;1),2,1215,14969638,597122048,6144
POTRF(2),2,1215,2553909,97272832,0
TRSM(3;2),2,1215,7817460,292362240,0
TRSM(4;2),2,1215,7969842,292777984,0
TRSM(5;2),2,1215,7849313,292620288,0
TRSM(6;2),2,1215,7852062,292595712,0
TRSM(7;2),2,1215,7864369,292683776,0
SYRK(6;2),2,1215,7271924,269775872,0
GEMM(7;6;2),2,1215,14310752,538870784,0
SYRK(6;3),2,1215,425293297,17181820928,65946465485
GEMM(7;6;3),2,1215,415103451,17642872832,5734
SYRK(6;4),2,1215,322594388,13133964288,15202164736
GEMM(7;6;4),2,1215,238950738,10208573440,6144
SYRK(6;5),2,1215,151281343,5968888832,545802650
GEMM(7;6;5),2,1215,150931681,6468653056,5734
POTRF(6),2,1215,2370044,97297408,0
TRSM(7;6),2,1215,7651392,292358144,0
SYRK(2;0),2,1215,323584012,13041357824,995965133
GEMM(3;2;0),2,1215,314476469,13108752384,6144
GEMM(4;2;0),2,1215,315795192,13292746752,6144
GEMM(5;2;0),2,1215,318393628,12985683968,6144
GEMM(6;2;0),2,1215,316309832,13162473472,6144
GEMM(7;2;0),2,1215,317293458,13048736768,6144
SYRK(6;0),2,1215,244437269,10227565568,5120
GEMM(7;6;0),2,1215,254568692,10739289088,5939
SYRK(2;1),2,1215,193160153,7380696064,1145735987
GEMM(3;2;1),2,1215,340925269,14228914176,6144
GEMM(4;2;1),2,1215,349049570,14690009088,5939
GEMM(5;2;1),2,1215,340108098,13966667776,6144
GEMM(6;2;1),2,1215,335995824,14203308032,6349
GEMM(7;2;1),2,1215,266006168,10744505344,6144
SYRK(6;1),2,1215,127383575,5528670208,5120
GEMM(7;6;1),2,1215,14918221,597085184,6144
POTRF(2),2,1215,2598437,97251328,0
TRSM(3;2),2,1215,7729959,292343808,0
TRSM(4;2),2,1215,7968098,292722688,0
TRSM(5;2),2,1215,7854420,292531200,0
TRSM(6;2),2,1215,7871247,292586496,0
TRSM(7;2),2,1215,7865897,292588544,0
SYRK(6;2),2,1215,7278459,269777920,0
GEMM(7;6;2),2,1215,14312214,538863616,0
SYRK(6;3),2,1215,438080848,17589998592,65946465485
GEMM(7;6;3),2,1215,412977682,17751727104,5734
SYRK(6;4),2,1215,315164502,12837657600,15202164736
GEMM(7;6;4),2,1215,243235894,10378737664,6144
SYRK(6;5),2,1215,141403584,5608335360,545802650
GEMM(7;6;5),2,1215,157648766,6698766336,5734
POTRF(6),2,1215,2322864,97258496,0
TRSM(7;6),2,1215,7756857,292353024,0
SYRK(2;0),2,1215,325440479,13274303488,995965133
GEMM(3;2;0),2,1215,326650945,13349797888,6144
GEMM(4;2;0),2,1215,315351544,13218020352,6144
GEMM(5;2;0),2,1215,318971717,13094707200,6144
GEMM(6;2;0),2,1215,319493431,13548327936,6144
GEMM(7;2;0),2,1215,322293954,13208121344,6144
SYRK(6;0),2,1215,246008213,10325520384,5120
GEMM(7;6;0),2,1215,253189887,10493388800,5939
SYRK(2;1),2,1215,188662389,7469937664,1145735987
GEMM(3;2;1),2,1215,355786080,14839587840,6144
GEMM(4;2;1),2,1215,367831536,14585851904,5939
GEMM(5;2;1),2,1215,339626475,14407855104,6144
GEMM(6;2;1),2,1215,300766559,12733840384,6349
GEMM(7;2;1),2,1215,317431759,12889827328,6144
SYRK(6;1),2,1215,162151963,7064522752,5120
GEMM(7;6;1),2,1215,14915718,597407744,6144
POTRF(2),2,1215,2436575,97272832,0
TRSM(3;2),2,1215,7740795,292384768,0
TRSM(4;2),2,1215,8038737,292788224,0
TRSM(5;2),2,1215,7838160,292567040,0
TRSM(6;2),2,1215,7834402,292590592,0
TRSM(7;2),2,1215,7867024,292613120,0
SYRK(6;2),2,1215,7282289,269729792,0
GEMM(7;6;2),2,1215,14287711,538878976,0
SYRK(6;3),2,1215,434120593,17561692160,65946465485
GEMM(7;6;3),2,1215,419361579,17748066304,5734
SYRK(6;4),2,1215,329247639,13225953280,15202164736
GEMM(7;6;4),2,1215,233974445,10011689984,6144
SYRK(6;5),2,1215,141705337,5677320192,545802650
GEMM(7;6;5),2,1215,148082492,6244062208,5734
POTRF(6),2,1215,2298585,97293312,0
TRSM(7;6),2,1215,7542403,292463616,0
SYRK(2;0),2,1290,325523088,12886971392,997304934
GEMM(3;2;0),2,1290,312610393,12737892352,5734
GEMM(4;2;0),2,1290,314681678,12937249792,5734
GEMM(5;2;0),2,1290,322395996,12988047360,5939
GEMM(6;2;0),2,1290,320756657,13066838016,6144
GEMM(7;2;0),2,1290,319881691,13041679360,5939
SYRK(6;0),2,1290,239979332,9768706048,4710
GEMM(7;6;0),2,1290,234637445,9642082304,5530
SYRK(2;1),2,1290,203098327,7655652352,1122860646
GEMM(3;2;1),2,1290,344015426,14001439744,5530
GEMM(4;2;1),2,1290,358152506,14878651392,5939
GEMM(5;2;1),2,1290,365177055,14622013440,6144
GEMM(6;2;1),2,1290,328302967,13632550912,5734
GEMM(7;2;1),2,1290,244001523,10004648960,6144
SYRK(6;1),2,1290,155713809,6213897216,4915
GEMM(7;6;1),2,1290,15240483,598841344,5939
POTRF(2),2,1290,2346415,91613184,0
TRSM(3;2),2,1290,7450561,275418112,0
TRSM(4;2),2,1290,7656495,275647488,0
TRSM(5;2),2,1290,7867062,275555328,0
TRSM(6;2),2,1290,7607902,275563520,0
TRSM(7;2),2,1290,7613218,275590144,0
SYRK(6;2),2,1290,7050531,254223360,0
GEMM(7;6;2),2,1290,13853094,509870080,0
SYRK(6;3),2,1290,431665056,17416796160,67634943590
GEMM(7;6;3),2,1290,421846771,17253906432,5939
SYRK(6;4),2,1290,313238394,12674188288,15498647552
GEMM(7;6;4),2,1290,228884345,9454862336,5325
SYRK(6;5),2,1290,149183378,5819980800,523764326
GEMM(7;6;5),2,1290,124373374,5240713216,5530
POTRF(6),2,1290,2542217,91620352,0
TRSM(7;6),2,1290,7439644,275501056,0
SYRK(2;0),2,1290,312814138,12489378816,997304934
GEMM(3;2;0),2,1290,303902144,12503150592,5734
GEMM(4;2;0),2,1290,315340162,12679048192,5734
GEMM(5;2;0),2,1290,304585271,12532073472,5939
GEMM(6;2;0),2,1290,317345242,12556621824,6144
GEMM(7;2;0),2,1290,308696511,12562468864,5939
SYRK(6;0),2,1290,237089241,9664131072,4710
GEMM(7;6;0),2,1290,223516225,9234385920,5530
SYRK(2;1),2,1290,190936350,7479042048,1122860646
GEMM(3;2;1),2,1290,364826217,14640125952,5530
GEMM(4;2;1),2,1290,359588219,14728547328,5939
GEMM(5;2;1),2,1290,352014352,14154635264,6144
GEMM(6;2;1),2,1290,330553086,13744788480,5734
GEMM(7;2;1),2,1290,256182568,10060975104,6144
SYRK(6;1),2,1290,141967852,6068384768,4915
GEMM(7;6;1),2,1290,15714704,599098368,5939
POTRF(2),2,1290,2264384,91591680,0
TRSM(3;2),2,1290,7457651,275454976,0
TRSM(4;2),2,1290,7764324,275636224,0
TRSM(5;2),2,1290,7606878,275528704,0
TRSM(6;2),2,1290,7600604,275590144,0
TRSM(7;2),2,1290,7618711,275675136,0
SYRK(6;2),2,1290,7035832,254296064,0
GEMM(7;6;2),2,1290,13868041,509933568,0
SYRK(6;3),2,1290,428795663,17202835456,67634943590
GEMM(7;6;3),2,1290,412713442,17043674112,5939
SYRK(6;4),2,1290,317542478,12732436480,15498647552
GEMM(7;6;4),2,1290,222086165,9296006144,5325
SYRK(6;5),2,1290,146001369,5637989376,523764326
GEMM(7;6;5),2,1290,120006917,5099809792,5530
POTRF(6),2,1290,2385021,91621376,0
TRSM(7;6),2,1290,7438027,275402752,0
SYRK(2;0),2,1290,318002303,12508492800,997304934
GEMM(3;2;0),2,1290,294999124,12291428352,5734
GEMM(4;2;0),2,1290,314047024,12760116224,5734
GEMM(5;2;0),2,1290,321229040,12735201280,5939
GEMM(6;2;0),2,1290,306574513,12798804992,6144
GEMM(7;2;0),2,1290,312306246,12677339136,5939
SYRK(6;0),2,1290,244797735,9766771712,4710
GEMM(7;6;0),2,1290,222158371,9206030336,5530
SYRK(2;1),2,1290,205118793,7764444160,1122860646
GEMM(3;2;1),2,1290,345253268,14015056896,5530
GEMM(4;2;1),2,1290,349329539,14442117120,5939
GEMM(5;2;1),2,1290,353214218,14353315840,6144
GEMM(6;2;1),2,1290,331758932,13503698944,5734
GEMM(7;2;1),2,1290,306797506,12422525952,6144
SYRK(6;1),2,1290,129319165,5384734720,4915
GEMM(7;6;1),2,1290,15535139,597715968,5939
POTRF(2),2,1290,2581352,91616256,0
TRSM(3;2),2,1290,7415620,275395584,0
TRSM(4;2),2,1290,7768792,275630080,0
TRSM(5;2),2,1290,7717675,275571712,0
TRSM(6;2),2,1290,7607163,275550208,0
TRSM(7;2),2,1290,7620963,275545088,0
SYRK(6;2),2,1290,7043977,254336000,0
GEMM(7;6;2),2,1290,13834835,509754368,0
SYRK(6;3),2,1290,430044938,17310341120,67634943590
GEMM(7;6;3),2,1290,423860809,17336782848,5939
SYRK(6;4),2,1290,324400217,12864459776,15498647552
GEMM(7;6;4),2,1290,226508156,9552827392,5325
SYRK(6;5),2,1290,153717852,5997432832,523764326
GEMM(7;6;5),2,1290,130615367,5474937856,5530
POTRF(6),2,1290,2179358,91604992,0
TRSM(7;6),2,1290,7446562,275411968,0
SYRK(2;0),2,1290,311100103,12658909184,997304934
GEMM(3;2;0),2,1290,320628554,12644486144,5734
GEMM(4;2;0),2,1290,300904499,12301128704,5734
GEMM(5;2;0),2,1290,303489939,12637323264,5939
GEMM(6;2;0),2,1290,311653672,12570659840,6144
GEMM(7;2;0),2,1290,320596031,12609635328,5939
SYRK(6;0),2,1290,224767368,9415107584,4710
GEMM(7;6;0),2,1290,235074278,9622630400,5530
SYRK(2;1),2,1290,206911966,7925419008,1122860646
GEMM(3;2;1),2,1290,346163559,13941747712,5530
GEMM(4;2;1),2,1290,366492269,15076021248,5939
GEMM(5;2;1),2,1290,357381195,14402546688,6144
GEMM(6;2;1),2,1290,298514272,12495206400,5734
GEMM(7;2;1),2,1290,260932111,10471335936,6144
SYRK(6;1),2,1290,151021147,6207826944,4915
GEMM(7;6;1),2,1290,15321323,598883328,5939
POTRF(2),2,1290,2331755,91581440,0
TRSM(3;2),2,1290,7480074,275386368,0
TRSM(4;2),2,1290,7670399,275513344,0
TRSM(5;2),2,1290,7728263,275520512,0
TRSM(6;2),2,1290,7459750,275502080,0
TRSM(7;2),2,1290,7458950,275472384,0
SYRK(6;2),2,1290,7324691,254166016,0
GEMM(7;6;2),2,1290,13215228,509820928,0
SYRK(6;3),2,1290,427542918,17271703552,67634943590
GEMM(7;6;3),2,1290,430452629,17563809792,5939
SYRK(6;4),2,1290,322156615,12798812160,15498647552
GEMM(7;6;4),2,1290,226251344,9592026112,5325
SYRK(6;5),2,1290,172266309,6796866560,523764326
GEMM(7;6;5),2,1290,154976303,6416713728,5530
POTRF(6),2,1290,2272685,91590656,0
TRSM(7;6),2,1290,7418961,275441664,0
SYRK(2;0),2,1290,315692251,12520385536,997304934
GEMM(3;2;0),2,1290,307549314,12630891520,5734
GEMM(4;2;0),2,1290,315600544,12842591232,5734
GEMM(5;2;0),2,1290,310216840,12751237120,5939
GEMM(6;2;0),2,1290,312508396,12379482112,6144
GEMM(7;2;0),2,1290,310697000,12606595072,5939
SYRK(6;0),2,1290,243479187,9798160384,4710
GEMM(7;6;0),2,1290,238991546,10043723776,5530
SYRK(2;1),2,1290,210812869,7968640000,1122860646
GEMM(3;2;1),2,1290,349392190,14184404992,5530
GEMM(4;2;1),2,1290,368465835,14964462592,5939
GEMM(5;2;1),2,1290,345817897,14520310784,6144
GEMM(6;2;1),2,1290,322791317,12816581632,5734
GEMM(7;2;1),2,1290,313101859,12849260544,6144
SYRK(6;1),2,1290,140679786,5810508800,4915
GEMM(7;6;1),2,1290,15320608,598007808,5939
POTRF(2),2,1290,2356035,91587584,0
TRSM(3;2),2,1290,7503560,275526656,0
TRSM(4;2),2,1290,7675637,275650560,0
TRSM(5;2),2,1290,7844508,275562496,0
TRSM(6;2),2,1290,7619366,275622912,0
TRSM(7;2),2,1290,7614459,275572736,0
SYRK(6;2),2,1290,7056208,254245888,0
GEMM(7;6;2),2,1290,13833269,510027776,0
SYRK(6;3),2,1290,425618428,17472386048,67634943590
GEMM(7;6;3),2,1290,415529805,17303499776,5939
SYRK(6;4),2,1290,325051526,12899313664,15498647552
GEMM(7;6;4),2,1290,233097435,9787348992,5325
SYRK(6;5),2,1290,160919221,6309538816,523764326
GEMM(7;6;5),2,1290,112993165,4753248256,5530
POTRF(6),2,1290,2611921,91641856,0
TRSM(7;6),2,1290,7310724,275470336,0
SYRK(2;0),2,1365,314782010,11953661952,996840858
GEMM(3;2;0),2,1365,314690820,12470466560,5325
GEMM(4;2;0),2,1365,313613795,12292803584,5325
GEMM(5;2;0),2,1365,316659701,12404775936,5734
GEMM(6;2;0),2,1365,309594077,12332556288,5734
GEMM(7;2;0),2,1365,316349248,12191649792,5120
SYRK(6;0),2,1365,243517698,9495815168,4506
GEMM(7;6;0),2,1365,224666033,8983694336,5120
SYRK(2;1),2,1365,218089261,7905014784,1095289651
GEMM(3;2;1),2,1365,361554291,14297296896,5325
GEMM(4;2;1),2,1365,372437217,14722763776,5325
GEMM(5;2;1),2,1365,359441239,14151917568,5939
GEMM(6;2;1),2,1365,322354578,12756241408,5734
GEMM(7;2;1),2,1365,293946119,11573670912,5325
SYRK(6;1),2,1365,128004741,4999777280,4710
GEMM(7;6;1),2,1365,16508070,591142912,5120
POTRF(2),2,1365,2355485,86506496,0
TRSM(3;2),2,1365,7279879,259815424,0
TRSM(4;2),2,1365,7608788,259830784,0
TRSM(5;2),2,1365,7471428,259825664,0
TRSM(6;2),2,1365,6928482,259855360,0
TRSM(7;2),2,1365,6804650,259856384,0
SYRK(6;2),2,1365,6277955,239742976,0
GEMM(7;6;2),2,1365,12561592,479703040,0
SYRK(6;3),2,1365,449643518,17089686528,66701270835
GEMM(7;6;3),2,1365,433173334,17515633664,5120
SYRK(6;4),2,1365,312835097,12202135552,15379288064
GEMM(7;6;4),2,1365,230565715,9107864576,5325
SYRK(6;5),2,1365,177860715,6696176640,503260570
GEMM(7;6;5),2,1365,135148980,5487168512,5120
POTRF(6),2,1365,2481513,86533120,0
TRSM(7;6),2,1365,7205189,259817472,0
SYRK(2;0),2,1365,313354512,11958719488,996840858
GEMM(3;2;0),2,1365,301225016,12026593280,5325
GEMM(4;2;0),2,1365,317766979,12339137536,5325
GEMM(5;2;0),2,1365,311054757,12086498304,5734
GEMM(6;2;0),2,1365,300246998,12023884800,5734
GEMM(7;2;0),2,1365,313992332,11958394880,5120
SYRK(6;0),2,1365,248523921,9841810432,4506
GEMM(7;6;0),2,1365,252460807,10018151424,5120
SYRK(2;1),2,1365,212656922,7878523904,1095289651
GEMM(3;2;1),2,1365,365811076,14423296000,5325
GEMM(4;2;1),2,1365,363941734,14246619136,5325
GEMM(5;2;1),2,1365,369689669,14487149568,5939
GEMM(6;2;1),2,1365,314894146,12569624576,5734
GEMM(7;2;1),2,1365,256229430,10063760384,5325
SYRK(6;1),2,1365,143786535,5583469568,4710
GEMM(7;6;1),2,1365,16068799,591965184,5120
POTRF(2),2,1365,2151912,86506496,0
TRSM(3;2),2,1365,7235341,259818496,0
TRSM(4;2),2,1365,7421344,259830784,0
TRSM(5;2),2,1365,7677418,259828736,0
TRSM(6;2),2,1365,7461591,259859456,0
TRSM(7;2),2,1365,7458282,259856384,0
SYRK(6;2),2,1365,6890453,239740928,0
GEMM(7;6;2),2,1365,13499458,479689728,0
SYRK(6;3),2,1365,451260378,17201254400,66701270835
GEMM(7;6;3),2,1365,425671327,17290067968,5120
SYRK(6;4),2,1365,311439283,12005412864,15379288064
GEMM(7;6;4),2,1365,213066609,8559175680,5325
SYRK(6;5),2,1365,161357366,6157617152,503260570
GEMM(7;6;5),2,1365,127864010,5098462208,5120
POTRF(6),2,1365,2316611,86528000,0
TRSM(7;6),2,1365,7246939,259825664,0
SYRK(2;0),2,1365,323338787,12390473728,996840858
GEMM(3;2;0),2,1365,321856181,12739251200,5325
GEMM(4;2;0),2,1365,317090794,12406490112,5325
GEMM(5;2;0),2,1365,319005664,12445095936,5734
GEMM(6;2;0),2,1365,318672673,12550238208,5734
GEMM(7;2;0),2,1365,319252958,12535999488,5120
SYRK(6;0),2,1365,236266309,9253360640,4506
GEMM(7;6;0),2,1365,233990632,9331088384,5120
SYRK(2;1),2,1365,211994719,8184614912,1095289651
GEMM(3;2;1),2,1365,391622241,15009510400,5325
GEMM(4;2;1),2,1365,373103915,14798707712,5325
GEMM(5;2;1),2,1365,381788192,14701115392,5939
GEMM(6;2;1),2,1365,339108201,13445587968,5734
GEMM(7;2;1),2,1365,286877914,11330973696,5325
SYRK(6;1),2,1365,125527959,5060114432,4710
GEMM(7;6;1),2,1365,16138322,591912960,5120
POTRF(2),2,1365,2509517,86508544,0
TRSM(3;2),2,1365,7189732,259818496,0
TRSM(4;2),2,1365,7442666,259831808,0
TRSM(5;2),2,1365,7711748,259825664,0
TRSM(6;2),2,1365,7436748,259856384,0
TRSM(7;2),2,1365,7474171,259851264,0
SYRK(6;2),2,1365,6917484,239737856,0
GEMM(7;6;2),2,1365,12860779,479688704,0
SYRK(6;3),2,1365,452414672,17423028224,66701270835
GEMM(7;6;3),2,1365,440335143,17702010880,5120
SYRK(6;4),2,1365,329344157,12487730176,15379288064
GEMM(7;6;4),2,1365,227118016,9306445824,5325
SYRK(6;5),2,1365,168600829,6290283520,503260570
GEMM(7;6;5),2,1365,120869599,4987944960,5120
POTRF(6),2,1365,2675869,86508544,0
TRSM(7;6),2,1365,7196152,259818496,0
SYRK(2;0),2,1365,324346658,12268729344,996840858
GEMM(3;2;0),2,1365,306423089,12297764864,5325
GEMM(4;2;0),2,1365,321238813,12480753664,5325
GEMM(5;2;0),2,1365,316899958,12336994304,5734
GEMM(6;2;0),2,1365,304422289,12141731840,5734
GEMM(7;2;0),2,1365,326165011,12473919488,5120
SYRK(6;0),2,1365,231183724,9139412992,4506
GEMM(7;6;0),2,1365,226644519,9032985600,5120
SYRK(2;1),2,1365,221249274,8279173120,1095289651
GEMM(3;2;1),2,1365,364531766,14479269888,5325
GEMM(4;2;1),2,1365,389780818,15140200448,5325
GEMM(5;2;1),2,1365,365390870,14280386560,5939
GEMM(6;2;1),2,1365,335979166,13337027584,5734
GEMM(7;2;1),2,1365,282384429,11146705920,5325
SYRK(6;1),2,1365,148044304,5751964672,4710
GEMM(7;6;1),2,1365,15892083,590604288,5120
POTRF(2),2,1365,2486755,86508544,0
TRSM(3;2),2,1365,7292915,259819520,0
TRSM(4;2),2,1365,7422168,259779584,0
TRSM(5;2),2,1365,7635866,259823616,0
TRSM(6;2),2,1365,7451283,259866624,0
TRSM(7;2),2,1365,7463656,259864576,0
SYRK(6;2),2,1365,6921269,239738880,0
GEMM(7;6;2),2,1365,13508222,479688704,0
SYRK(6;3),2,1365,446375816,17391355904,66701270835
GEMM(7;6;3),2,1365,439829383,17476780032,5120
SYRK(6;4),2,1365,315718387,12172933120,15379288064
GEMM(7;6;4),2,1365,214685102,8653445120,5325
SYRK(6;5),2,1365,149071015,5537592320,503260570
GEMM(7;6;5),2,1365,113957982,4694585344,5120
POTRF(6),2,1365,2532378,86539264,0
TRSM(7;6),2,1365,7189151,259815424,0
SYRK(2;0),2,1365,313876604,11959148544,996840858
GEMM(3;2;0),2,1365,300448422,12100004864,5325
GEMM(4;2;0),2,1365,321816418,12390154240,5325
GEMM(5;2;0),2,1365,317665651,12335096832,5734
GEMM(6;2;0),2,1365,310707091,12187368448,5734
GEMM(7;2;0),2,1365,317439607,12432014336,5120
SYRK(6;0),2,1365,218337596,8721460224,4506
GEMM(7;6;0),2,1365,222905277,8820741120,5120
SYRK(2;1),2,1365,219720563,8216045568,1095289651
GEMM(3;2;1),2,1365,372334792,14577213440,5325
GEMM(4;2;1),2,1365,379531313,14843319296,5325
GEMM(5;2;1),2,1365,361428420,14135142400,5939
GEMM(6;2;1),2,1365,304389836,11937047552,5734
GEMM(7;2;1),2,1365,273396049,11058027520,5325
SYRK(6;1),2,1365,128809202,4962810880,4710
GEMM(7;6;1),2,1365,16134219,592310272,5120
POTRF(2),2,1365,2120927,86506496,0
TRSM(3;2),2,1365,7342691,259814400,0
TRSM(4;2),2,1365,7541699,259828736,0
TRSM(5;2),2,1365,7590742,259825664,0
TRSM(6;2),2,1365,7454304,259856384,0
TRSM(7;2),2,1365,7493589,259844096,0
SYRK(6;2),2,1365,6932227,239738880,0
GEMM(7;6;2),2,1365,13542726,479693824,0
SYRK(6;3),2,1365,446741216,17324475392,66701270835
GEMM(7;6;3),2,1365,439479928,17590609920,5120
SYRK(6;4),2,1365,320535923,12582881280,15379288064
GEMM(7;6;4),2,1365,245203844,9607360512,5325
SYRK(6;5),2,1365,171079868,6501699584,503260570
GEMM(7;6;5),2,1365,141856471,5670410240,5120
POTRF(6),2,1365,2234427,86505472,0
TRSM(7;6),2,1365,7414024,259822592,0
SYRK(2;0),2,1440,324193386,12197900288,996817920
GEMM(3;2;0),2,1440,322804844,12599697408,5325
GEMM(4;2;0),2,1440,328621402,12752413696,5325
GEMM(5;2;0),2,1440,333799387,12746770432,5120
GEMM(6;2;0),2,1440,329960618,12530979840,5120
GEMM(7;2;0),2,1440,325658580,12549553152,5120
SYRK(6;0),2,1440,248028199,9569619968,4301
GEMM(7;6;0),2,1440,228388671,9044677632,5120
SYRK(2;1),2,1440,223712807,8317788160,1078284288
GEMM(3;2;1),2,1440,382416850,14482725888,5120
GEMM(4;2;1),2,1440,366203318,14470792192,5120
GEMM(5;2;1),2,1440,383017445,14425909248,5734
GEMM(6;2;1),2,1440,332600910,12982222848,5325
GEMM(7;2;1),2,1440,289732210,11056569344,5325
SYRK(6;1),2,1440,130903872,5278747648,4710
GEMM(7;6;1),2,1440,16146768,591755264,5120
POTRF(2),2,1440,2239455,82023424,0
TRSM(3;2),2,1440,7166432,246463488,0
TRSM(4;2),2,1440,7352459,246465536,0
TRSM(5;2),2,1440,7321757,246462464,0
TRSM(6;2),2,1440,7263616,246511616,0
TRSM(7;2),2,1440,7259044,246488064,0
SYRK(6;2),2,1440,6737281,227282944,0
GEMM(7;6;2),2,1440,13194929,454718464,0
SYRK(6;3),2,1440,456800133,17373705216,67796170547
GEMM(7;6;3),2,1440,442591823,17159438336,5120
SYRK(6;4),2,1440,310288894,12060870656,15298392269
GEMM(7;6;4),2,1440,231211353,8884766720,4915
SYRK(6;5),2,1440,159798907,5883564032,484813619
GEMM(7;6;5),2,1440,117978158,4718072832,5120
POTRF(6),2,1440,2140801,82019328,0
TRSM(7;6),2,1440,6932137,246456320,0
SYRK(2;0),2,1440,328772923,12442512384,996817920
GEMM(3;2;0),2,1440,318423445,12421463040,5325
GEMM(4;2;0),2,1440,325997786,12374868992,5325
GEMM(5;2;0),2,1440,316737454,12173455360,5120
GEMM(6;2;0),2,1440,333136996,12742163456,5120
GEMM(7;2;0),2,1440,318811371,12266890240,5120
SYRK(6;0),2,1440,223761249,8837939200,4301
GEMM(7;6;0),2,1440,244427927,9460710400,5120
SYRK(2;1),2,1440,227770858,8379525120,1078284288
GEMM(3;2;1),2,1440,376644048,14371058688,5120
GEMM(4;2;1),2,1440,365354563,14168585216,5120
GEMM(5;2;1),2,1440,382775779,14627616768,5734
GEMM(6;2;1),2,1440,306489556,11959533568,5325
GEMM(7;2;1),2,1440,279759662,10795820032,5325
SYRK(6;1),2,1440,133673205,5288343552,4710
GEMM(7;6;1),2,1440,16418761,590531584,5120
POTRF(2),2,1440,2405244,82027520,0
TRSM(3;2),2,1440,7189060,246462464,0
TRSM(4;2),2,1440,7335016,246466560,0
TRSM(5;2),2,1440,7237455,246456320,0
TRSM(6;2),2,1440,6634404,246489088,0
TRSM(7;2),2,1440,6634597,246496256,0
SYRK(6;2),2,1440,6117513,227284992,0
GEMM(7;6;2),2,1440,12239935,454752256,0
SYRK(6;3),2,1440,455122729,17089667072,67796170547
GEMM(7;6;3),2,1440,437420353,17188104192,5120
SYRK(6;4),2,1440,317566434,12151714816,15298392269
GEMM(7;6;4),2,1440,240855170,9398398976,4915
SYRK(6;5),2,1440,184864707,6892030976,484813619
GEMM(7;6;5),2,1440,126098780,4979960832,5120
POTRF(6),2,1440,2326084,82018304,0
TRSM(7;6),2,1440,6980051,246468608,0
SYRK(2;0),2,1440,331202284,12444998656,996817920
GEMM(3;2;0),2,1440,327330704,12521044992,5325
GEMM(4;2;0),2,1440,327437160,12549267456,5325
GEMM(5;2;0),2,1440,321550129,12610074624,5120
GEMM(6;2;0),2,1440,329276265,12715210752,5120
GEMM(7;2;0),2,1440,329284016,12349911040,5120
SYRK(6;0),2,1440,249812908,9619321856,4301
GEMM(7;6;0),2,1440,245140942,9643145216,5120
SYRK(2;1),2,1440,207733906,7852817408,1078284288
GEMM(3;2;1),2,1440,386264353,14472871936,5120
GEMM(4;2;1),2,1440,370648139,14542681088,5120
GEMM(5;2;1),2,1440,393139487,14786324480,5734
GEMM(6;2;1),2,1440,295132082,11635040256,5325
GEMM(7;2;1),2,1440,297807390,11376018432,5325
SYRK(6;1),2,1440,128426935,5125548032,4710
GEMM(7;6;1),2,1440,16597567,590820352,5120
POTRF(2),2,1440,2247952,82027520,0
TRSM(3;2),2,1440,7167407,246455296,0
TRSM(4;2),2,1440,7343345,246457344,0
TRSM(5;2),2,1440,7326553,246455296,0
TRSM(6;2),2,1440,7266162,246475776,0
TRSM(7;2),2,1440,7269972,246472704,0
SYRK(6;2),2,1440,6745930,227280896,0
GEMM(7;6;2),2,1440,13180110,454712320,0
SYRK(6;3),2,1440,452832725,17281539072,67796170547
GEMM(7;6;3),2,1440,444891431,17470589952,5120
SYRK(6;4),2,1440,323695288,12106187776,15298392269
GEMM(7;6;4),2,1440,223702800,8896155648,4915
SYRK(6;5),2,1440,196370545,7199102976,484813619
GEMM(7;6;5),2,1440,116916229,4760304640,5120
POTRF(6),2,1440,2249246,82018304,0
TRSM(7;6),2,1440,7140596,246452224,0
SYRK(2;0),2,1440,327799317,12424483840,996817920
GEMM(3;2;0),2,1440,326108534,12677128192,5325
GEMM(4;2;0),2,1440,325401727,12588985344,5325
GEMM(5;2;0),2,1440,339369516,12816776192,5120
GEMM(6;2;0),2,1440,327535211,12497164288,5120
GEMM(7;2;0),2,1440,318128936,12477177856,5120
SYRK(6;0),2,1440,240892370,9157985280,4301
GEMM(7;6;0),2,1440,236652488,9236710400,5120
SYRK(2;1),2,1440,212319737,7757361152,1078284288
GEMM(3;2;1),2,1440,380381042,14529835008,5120
GEMM(4;2;1),2,1440,364843419,14006781952,5120
GEMM(5;2;1),2,1440,378539461,13971625984,5734
GEMM(6;2;1),2,1440,293374084,11994321920,5325
GEMM(7;2;1),2,1440,298901647,11378494464,5325
SYRK(6;1),2,1440,117881562,4855549952,4710
GEMM(7;6;1),2,1440,16301891,591135744,5120
POTRF(2),2,1440,2224782,82019328,0
TRSM(3;2),2,1440,7150731,246460416,0
TRSM(4;2),2,1440,7278440,246451200,0
TRSM(5;2),2,1440,7383416,246463488,0
TRSM(6;2),2,1440,7263214,246511616,0
TRSM(7;2),2,1440,7283540,246478848,0
SYRK(6;2),2,1440,6754650,227295232,0
GEMM(7;6;2),2,1440,13143715,454723584,0
SYRK(6;3),2,1440,453877532,17336386560,67796170547
GEMM(7;6;3),2,1440,432397528,16972915712,5120
SYRK(6;4),2,1440,315089824,12077239296,15298392269
GEMM(7;6;4),2,1440,226084536,8819954688,4915
SYRK(6;5),2,1440,188867438,7131162624,484813619
GEMM(7;6;5),2,1440,106380251,4146849792,5120
POTRF(6),2,1440,2530869,82027520,0
TRSM(7;6),2,1440,6877069,246462464,0
SYRK(2;0),2,1440,314295747,12032044032,996817920
GEMM(3;2;0),2,1440,328089449,12356523008,5325
GEMM(4;2;0),2,1440,314837602,12253822976,5325
GEMM(5;2;0),2,1440,330486086,12525295616,5120
GEMM(6;2;0),2,1440,311381545,12071393280,5120
GEMM(7;2;0),2,1440,320853380,12223455232,5120
SYRK(6;0),2,1440,232837425,9025146880,4301
GEMM(7;6;0),2,1440,229564294,9077769216,5120
SYRK(2;1),2,1440,237804227,8679037952,1078284288
GEMM(3;2;1),2,1440,379151525,14498787328,5120
GEMM(4;2;1),2,1440,368848856,14352164864,5120
GEMM(5;2;1),2,1440,375193947,14417884160,5734
GEMM(6;2;1),2,1440,340625613,13148465152,5325
GEMM(7;2;1),2,1440,274087421,10655287296,5325
SYRK(6;1),2,1440,131845200,5113455616,4710
GEMM(7;6;1),2,1440,16251845,591259648,5120
POTRF(2),2,1440,2546645,82018304,0
TRSM(3;2),2,1440,7046177,246453248,0
TRSM(4;2),2,1440,7192442,246460416,0
TRSM(5;2),2,1440,7524131,246472704,0
TRSM(6;2),2,1440,7244640,246498304,0
TRSM(7;2),2,1440,7282111,246510592,0
SYRK(6;2),2,1440,6741381,227284992,0
GEMM(7;6;2),2,1440,13114533,454708224,0
SYRK(6;3),2,1440,459626134,17266926592,67796170547
GEMM(7;6;3),2,1440,450372172,17709011968,5120
SYRK(6;4),2,1440,325543563,12173562880,15298392269
GEMM(7;6;4),2,1440,227214996,9086787584,4915
SYRK(6;5),2,1440,186836197,6881704960,484813619
GEMM(7;6;5),2,1440,130861178,5237676032,5120
POTRF(6),2,1440,1972067,82034688,0
TRSM(7;6),2,1440,7075202,246469632,0
SYRK(2;0),2,1515,337390458,12360356864,996320666
GEMM(3;2;0),2,1515,341071169,12771985408,4915
GEMM(4;2;0),2,1515,329410561,12556208128,5120
GEMM(5;2;0),2,1515,330369184,12365437952,5120
GEMM(6;2;0),2,1515,350746084,12891870208,5120
GEMM(7;2;0),2,1515,331789011,12629601280,4915
SYRK(6;0),2,1515,250149127,9201034240,4506
GEMM(7;6;0),2,1515,254971746,9848410112,4710
SYRK(2;1),2,1515,252519905,8929292288,1060671078
GEMM(3;2;1),2,1515,403883582,15240547328,4915
GEMM(4;2;1),2,1515,390981941,14722149376,4915
GEMM(5;2;1),2,1515,399404930,14705723392,5325
GEMM(6;2;1),2,1515,342320112,13244591104,5120
GEMM(7;2;1),2,1515,319543029,11947413504,5120
SYRK(6;1),2,1515,121322155,4522991616,4096
GEMM(7;6;1),2,1515,16948972,591118336,4710
POTRF(2),2,1515,2157291,77946880,0
TRSM(3;2),2,1515,7097656,234112000,0
TRSM(4;2),2,1515,7348775,234166272,0
TRSM(5;2),2,1515,7248285,234805248,0
TRSM(6;2),2,1515,7151523,235153408,0
TRSM(7;2),2,1515,7185716,235185152,0
SYRK(6;2),2,1515,6656110,216964096,0
GEMM(7;6;2),2,1515,12991731,432165888,0
SYRK(6;3),2,1515,465787881,17285579776,67561416294
GEMM(7;6;3),2,1515,461493192,17342835712,4710
SYRK(6;4),2,1515,335957593,12306672640,15368160461
GEMM(7;6;4),2,1515,226149521,8811546624,4915
SYRK(6;5),2,1515,196591494,7187806208,468978278
GEMM(7;6;5),2,1515,135846825,5176461312,4915
POTRF(6),2,1515,2497332,77946880,0
TRSM(7;6),2,1515,7049573,234167296,0
SYRK(2;0),2,1515,334807534,12191666176,996320666
GEMM(3;2;0),2,1515,336394686,12587224064,4915
GEMM(4;2;0),2,1515,324548814,12450801664,5120
GEMM(5;2;0),2,1515,332102544,12203596800,5120
GEMM(6;2;0),2,1515,331975582,12366872576,5120
GEMM(7;2;0),2,1515,325860629,12314298368,4915
SYRK(6;0),2,1515,249954534,9293683712,4506
GEMM(7;6;0),2,1515,246770551,9461528576,4710
SYRK(2;1),2,1515,239746305,8546586624,1060671078
GEMM(3;2;1),2,1515,395949551,14592435200,4915
GEMM(4;2;1),2,1515,369324659,14184501248,4915
GEMM(5;2;1),2,1515,384129464,14115619840,5325
GEMM(6;2;1),2,1515,327310212,12559633408,5120
GEMM(7;2;1),2,1515,290680048,10943478784,5120
SYRK(6;1),2,1515,134428018,4989692928,4096
GEMM(7;6;1),2,1515,16679842,590915584,4710
POTRF(2),2,1515,2266166,77948928,0
TRSM(3;2),2,1515,7080374,234162176,0
TRSM(4;2),2,1515,12892963,235004928,0
TRSM(5;2),2,1515,13086380,235265024,0
TRSM(6;2),2,1515,1113545,235209728,0
TRSM(7;2),2,1515,1789494,235200512,0
SYRK(6;2),2,1515,6662819,217188352,0
GEMM(7;6;2),2,1515,12951201,434276352,0
SYRK(6;3),2,1515,456544397,17088930816,67561416294
GEMM(7;6;3),2,1515,459561722,17305670656,4710
SYRK(6;4),2,1515,334016748,12407118848,15368160461
GEMM(7;6;4),2,1515,237202351,8889400320,4915
SYRK(6;5),2,1515,174788269,6368181248,468978278
GEMM(7;6;5),2,1515,114978838,4419505152,4915
POTRF(6),2,1515,2498861,77950976,0
TRSM(7;6),2,1515,6871528,234158080,0
SYRK(2;0),2,1515,338911189,12358445056,996320666
GEMM(3;2;0),2,1515,329254391,12388419584,4915
GEMM(4;2;0),2,1515,330371962,12353466368,5120
GEMM(5;2;0),2,1515,334451210,12434286592,5120
GEMM(6;2;0),2,1515,332628866,12360397824,5120
GEMM(7;2;0),2,1515,325736347,12285875200,4915
SYRK(6;0),2,1515,233186657,8741070848,4506
GEMM(7;6;0),2,1515,233572872,8952706048,4710
SYRK(2;1),2,1515,239817940,8380161024,1060671078
GEMM(3;2;1),2,1515,390524012,14733079552,4915
GEMM(4;2;1),2,1515,394002002,14863362048,4915
GEMM(5;2;1),2,1515,393402331,14004820992,5325
GEMM(6;2;1),2,1515,325861254,13240913920,5120
GEMM(7;2;1),2,1515,261944583,9459776512,5120
SYRK(6;1),2,1515,110768702,4408534016,4096
GEMM(7;6;1),2,1515,16883202,590653440,4710
POTRF(2),2,1515,2178254,77945856,0
TRSM(3;2),2,1515,7109886,234159104,0
TRSM(4;2),2,1515,7361644,234162176,0
TRSM(5;2),2,1515,7254084,234810368,0
TRSM(6;2),2,1515,7165751,235267072,0
TRSM(7;2),2,1515,7183509,235266048,0
SYRK(6;2),2,1515,6653637,217131008,0
GEMM(7;6;2),2,1515,12987420,434256896,0
SYRK(6;3),2,1515,467501609,17255659520,67561416294
GEMM(7;6;3),2,1515,443070407,16854317056,4710
SYRK(6;4),2,1515,342869444,12626467840,15368160461
GEMM(7;6;4),2,1515,245300597,9386314752,4915
SYRK(6;5),2,1515,150044589,5445163008,468978278
GEMM(7;6;5),2,1515,105660255,4019283968,4915
POTRF(6),2,1515,2301176,77945856,0
TRSM(7;6),2,1515,6836000,234168320,0
SYRK(2;0),2,1515,340517826,12348888064,996320666
GEMM(3;2;0),2,1515,330064108,12555597824,4915
GEMM(4;2;0),2,1515,329672732,12345129984,5120
GEMM(5;2;0),2,1515,321638416,12054465536,5120
GEMM(6;2;0),2,1515,332633769,12316698624,5120
GEMM(7;2;0),2,1515,331988077,12503706624,4915
SYRK(6;0),2,1515,237089648,8838307840,4506
GEMM(7;6;0),2,1515,251426212,9558842368,4710
SYRK(2;1),2,1515,241932769,8568842240,1060671078
GEMM(3;2;1),2,1515,368893762,14097083392,4915
GEMM(4;2;1),2,1515,392081615,14443336704,4915
GEMM(5;2;1),2,1515,395880172,14743800832,5325
GEMM(6;2;1),2,1515,304069943,11685714944,5120
GEMM(7;2;1),2,1515,303732590,11411734528,5120
SYRK(6;1),2,1515,140419695,5170309120,4096
GEMM(7;6;1),2,1515,16571672,590840832,4710
POTRF(2),2,1515,2225050,77947904,0
TRSM(3;2),2,1515,7104550,234162176,0
TRSM(4;2),2,1515,7348246,234161152,0
TRSM(5;2),2,1515,7263971,234886144,0
TRSM(6;2),2,1515,7167440,235186176,0
TRSM(7;2),2,1515,7182569,235238400,0
SYRK(6;2),2,1515,6653288,216433664,0
GEMM(7;6;2),2,1515,13025462,432165888,0
SYRK(6;3),2,1515,458651589,17037820928,67561416294
GEMM(7;6;3),2,1515,457099256,17419692032,4710
SYRK(6;4),2,1515,344910589,12527866880,15368160461
GEMM(7;6;4),2,1515,251176789,9651597312,4915
SYRK(6;5),2,1515,171040590,6164533248,468978278
GEMM(7;6;5),2,1515,129418807,4992546816,4915
POTRF(6),2,1515,2483333,77946880,0
TRSM(7;6),2,1515,7108986,234171392,0
SYRK(2;0),2,1515,345929866,12438511616,996320666
GEMM(3;2;0),2,1515,342945664,12868572160,4915
GEMM(4;2;0),2,1515,332198914,12691547136,5120
GEMM(5;2;0),2,1515,331791844,12409839616,5120
GEMM(6;2;0),2,1515,341050461,12667544576,5120
GEMM(7;2;0),2,1515,328414921,12382782464,4915
SYRK(6;0),2,1515,251948092,9373715456,4506
GEMM(7;6;0),2,1515,257236061,9835240448,4710
SYRK(2;1),2,1515,220935247,8148730880,1060671078
GEMM(3;2;1),2,1515,383093070,14043756544,4915
GEMM(4;2;1),2,1515,397349083,14891009024,4915
GEMM(5;2;1),2,1515,378169983,14107976704,5325
GEMM(6;2;1),2,1515,338253614,12909966336,5120
GEMM(7;2;1),2,1515,289212574,10938183680,5120
SYRK(6;1),2,1515,132127237,4801226752,4096
GEMM(7;6;1),2,1515,16823364,590992384,4710
POTRF(2),2,1515,2235462,77948928,0
TRSM(3;2),2,1515,7090068,234157056,0
TRSM(4;2),2,1515,7121331,235138048,0
TRSM(5;2),2,1515,7406828,235145216,0
TRSM(6;2),2,1515,7167239,235181056,0
TRSM(7;2),2,1515,7197796,235148288,0
SYRK(6;2),2,1515,6662696,217137152,0
GEMM(7;6;2),2,1515,13013838,434123776,0
SYRK(6;3),2,1515,476836593,17405782016,67561416294
GEMM(7;6;3),2,1515,454222913,17393205248,4710
SYRK(6;4),2,1515,331060753,12112963584,15368160461
GEMM(7;6;4),2,1515,230197154,8925815808,4915
SYRK(6;5),2,1515,197552664,7108875264,468978278
GEMM(7;6;5),2,1515,110394021,4326963200,4915
POTRF(6),2,1515,2478845,77948928,0
TRSM(7;6),2,1515,6983602,234167296,0
SYRK(2;0),2,1590,357896863,12717283328,997320704
GEMM(3;2;0),2,1590,356007153,12835009536,4915
GEMM(4;2;0),2,1590,345132734,12519406592,5120
GEMM(5;2;0),2,1590,343815937,12634362880,4710
GEMM(6;2;0),2,1590,343210717,12322978816,4915
GEMM(7;2;0),2,1590,349004570,12593541120,4915
SYRK(6;0),2,1590,261119350,9416623104,4096
GEMM(7;6;0),2,1590,257638774,9526524928,4096
SYRK(2;1),2,1590,255688279,8846332928,1045459968
GEMM(3;2;1),2,1590,399844583,14662214656,4915
GEMM(4;2;1),2,1590,390380249,14144184320,4915
GEMM(5;2;1),2,1590,416107069,15041673216,5120
GEMM(6;2;1),2,1590,344667246,12584749056,4915
GEMM(7;2;1),2,1590,309019885,11048370176,5120
SYRK(6;1),2,1590,121094908,4440088576,4096
GEMM(7;6;1),2,1590,17911466,591297536,5120
POTRF(2),2,1590,2013487,74267648,0
TRSM(3;2),2,1590,7071758,223088640,0
TRSM(4;2),2,1590,7094180,223099904,0
TRSM(5;2),2,1590,7317595,223096832,0
TRSM(6;2),2,1590,7116932,223125504,0
TRSM(7;2),2,1590,7104983,223090688,0
SYRK(6;2),2,1590,6638568,205810688,0
GEMM(7;6;2),2,1590,12752696,411880448,0
SYRK(6;3),2,1590,485102158,17341343744,66520132813
GEMM(7;6;3),2,1590,461833321,17043854336,4506
SYRK(6;4),2,1590,341678171,12127066112,15331424461
GEMM(7;6;4),2,1590,239048084,8990873600,4710
SYRK(6;5),2,1590,213134105,7420959744,453972787
GEMM(7;6;5),2,1590,109241877,4154945536,4915
POTRF(6),2,1590,2369178,74269696,0
TRSM(7;6),2,1590,6862803,223046656,0
SYRK(2;0),2,1590,345217958,12064742400,997320704
GEMM(3;2;0),2,1590,341040958,12355161088,4915
GEMM(4;2;0),2,1590,338923391,12504770560,5120
GEMM(5;2;0),2,1590,340436625,12195531776,4710
GEMM(6;2;0),2,1590,340007790,12222911488,4915
GEMM(7;2;0),2,1590,340986437,12425605120,4915
SYRK(6;0),2,1590,253031445,9141490688,4096
GEMM(7;6;0),2,1590,265431825,9703751680,4096
SYRK(2;1),2,1590,277870170,9492830208,1045459968
GEMM(3;2;1),2,1590,396122309,14384451584,4915
GEMM(4;2;1),2,1590,411200813,14973002752,4915
GEMM(5;2;1),2,1590,411330068,14619307008,5120
GEMM(6;2;1),2,1590,313180134,11601253376,4915
GEMM(7;2;1),2,1590,290949898,10440380416,5120
SYRK(6;1),2,1590,127878222,4886302720,4096
GEMM(7;6;1),2,1590,17616477,591727616,5120
POTRF(2),2,1590,2404719,74268672,0
TRSM(3;2),2,1590,6840228,223090688,0
TRSM(4;2),2,1590,7392581,223094784,0
TRSM(5;2),2,1590,7234448,222999552,0
TRSM(6;2),2,1590,7139313,223129600,0
TRSM(7;2),2,1590,7168692,223115264,0
SYRK(6;2),2,1590,6579322,205810688,0
GEMM(7;6;2),2,1590,12876174,411879424,0
SYRK(6;3),2,1590,477255734,16835649536,66520132813
GEMM(7;6;3),2,1590,463676414,17149786112,4506
SYRK(6;4),2,1590,350471133,12428979200,15331424461
GEMM(7;6;4),2,1590,261480569,9702737920,4710
SYRK(6;5),2,1590,206231158,7145782272,453972787
GEMM(7;6;5),2,1590,129677300,4909980672,4915
POTRF(6),2,1590,2177589,74270720,0
TRSM(7;6),2,1590,7048278,223092736,0
SYRK(2;0),2,1590,346157259,12338050048,997320704
GEMM(3;2;0),2,1590,358035412,12558376960,4915
GEMM(4;2;0),2,1590,343893059,12708513792,5120
GEMM(5;2;0),2,1590,355219253,12682650624,4710
GEMM(6;2;0),2,1590,347741847,12590730240,4915
GEMM(7;2;0),2,1590,336634864,12300739584,4915
SYRK(6;0),2,1590,254687219,9336924160,4096
GEMM(7;6;0),2,1590,262369095,9526379520,4096
SYRK(2;1),2,1590,255471450,9047437312,1045459968
GEMM(3;2;1),2,1590,399737471,14149827584,4915
GEMM(4;2;1),2,1590,408370978,14902526976,4915
GEMM(5;2;1),2,1590,408975454,14652498944,5120
GEMM(6;2;1),2,1590,346848533,12904350720,4915
GEMM(7;2;1),2,1590,297605061,10425253888,5120
SYRK(6;1),2,1590,127593394,4950365184,4096
GEMM(7;6;1),2,1590,18132225,591769600,5120
POTRF(2),2,1590,2144731,74267648,0
TRSM(3;2),2,1590,7126471,223090688,0
TRSM(4;2),2,1590,7316490,223098880,0
TRSM(5;2),2,1590,7159390,223097856,0
TRSM(6;2),2,1590,7046679,223127552,0
TRSM(7;2),2,1590,6890422,223115264,0
SYRK(6;2),2,1590,6191100,205809664,0
GEMM(7;6;2),2,1590,13528291,411882496,0
SYRK(6;3),2,1590,481368601,17147952128,66520132813
GEMM(7;6;3),2,1590,465497536,17141696512,4506
SYRK(6;4),2,1590,357099391,12562598912,15331424461
GEMM(7;6;4),2,1590,253135717,9448933376,4710
SYRK(6;5),2,1590,178870549,6076097536,453972787
GEMM(7;6;5),2,1590,104146293,4048147456,4915
POTRF(6),2,1590,2195166,74270720,0
TRSM(7;6),2,1590,6863919,223093760,0
SYRK(2;0),2,1590,354841453,12571031552,997320704
GEMM(3;2;0),2,1590,345967028,12425534464,4915
GEMM(4;2;0),2,1590,347014974,12648809472,5120
GEMM(5;2;0),2,1590,350318569,12369138688,4710
GEMM(6;2;0),2,1590,342772976,12447693824,4915
GEMM(7;2;0),2,1590,332642127,12616936448,4915
SYRK(6;0),2,1590,264286182,9332715520,4096
GEMM(7;6;0),2,1590,264859834,9674390528,4096
SYRK(2;1),2,1590,268758102,9259317248,1045459968
GEMM(3;2;1),2,1590,421430503,15133327360,4915
GEMM(4;2;1),2,1590,393085096,14495271936,4915
GEMM(5;2;1),2,1590,399752992,14222956544,5120
GEMM(6;2;1),2,1590,355853675,13183669248,4915
GEMM(7;2;1),2,1590,329541914,11983431680,5120
SYRK(6;1),2,1590,114034006,4113072128,4096
GEMM(7;6;1),2,1590,17438690,591283200,5120
POTRF(2),2,1590,2469180,74269696,0
TRSM(3;2),2,1590,6932425,223089664,0
TRSM(4;2),2,1590,7361245,223099904,0
TRSM(5;2),2,1590,7208939,223088640,0
TRSM(6;2),2,1590,7134546,223133696,0
TRSM(7;2),2,1590,7140473,223125504,0
SYRK(6;2),2,1590,6600552,205809664,0
GEMM(7;6;2),2,1590,12864996,411880448,0
SYRK(6;3),2,1590,493189045,17474706432,66520132813
GEMM(7;6;3),2,1590,479920300,17620782080,4506
SYRK(6;4),2,1590,345191281,12307271680,15331424461
GEMM(7;6;4),2,1590,257869076,9589697536,4710
SYRK(6;5),2,1590,192480266,6577369088,453972787
GEMM(7;6;5),2,1590,107575534,4173392896,4915
POTRF(6),2,1590,2188400,74268672,0
TRSM(7;6),2,1590,6854972,223098880,0
SYRK(2;0),2,1590,337795422,12113890304,997320704
GEMM(3;2;0),2,1590,350491557,12547597312,4915
GEMM(4;2;0),2,1590,337815306,12103843840,5120
GEMM(5;2;0),2,1590,326669886,12070242304,4710
GEMM(6;2;0),2,1590,340237325,12219672576,4915
GEMM(7;2;0),2,1590,344511517,12460190720,4915
SYRK(6;0),2,1590,254554890,9210106880,4096
GEMM(7;6;0),2,1590,262657898,9623676928,4096
SYRK(2;1),2,1590,262412599,8992289792,1045459968
GEMM(3;2;1),2,1590,392323363,14154106880,4915
GEMM(4;2;1),2,1590,408492901,14881861632,4915
GEMM(5;2;1),2,1590,395940462,14253854720,5120
GEMM(6;2;1),2,1590,325798721,11980274688,4915
GEMM(7;2;1),2,1590,280068629,10315482112,5120
SYRK(6;1),2,1590,136514445,4884999168,4096
GEMM(7;6;1),2,1590,17935846,591480832,5120
POTRF(2),2,1590,2138464,74268672,0
TRSM(3;2),2,1590,7092841,223095808,0
TRSM(4;2),2,1590,7296773,223054848,0
TRSM(5;2),2,1590,7190263,223088640,0
TRSM(6;2),2,1590,7133445,223126528,0
TRSM(7;2),2,1590,7155335,223125504,0
SYRK(6;2),2,1590,6463865,205810688,0
GEMM(7;6;2),2,1590,12999860,411883520,0
SYRK(6;3),2,1590,479003536,17372904448,66520132813
GEMM(7;6;3),2,1590,480788395,17488691200,4506
SYRK(6;4),2,1590,352606000,12559987712,15331424461
GEMM(7;6;4),2,1590,249560254,9191226368,4710
SYRK(6;5),2,1590,167225220,5937760256,453972787
GEMM(7;6;5),2,1590,133467541,4841212928,4915
POTRF(6),2,1590,2333709,74265600,0
TRSM(7;6),2,1590,7009795,223094784,0
SYRK(2;0),2,1665,404972933,13481290752,998250496
GEMM(3;2;0),2,1665,385222835,13682363392,4710
GEMM(4;2;0),2,1665,393659444,13737512960,4915
GEMM(5;2;0),2,1665,407515491,13985383424,4710
GEMM(6;2;0),2,1665,388756903,13626986496,4506
GEMM(7;2;0),2,1665,397611957,13711694848,4506
SYRK(6;0),2,1665,272529026,9523919872,3891
GEMM(7;6;0),2,1665,285694014,9975014400,4710
SYRK(2;1),2,1665,305914445,10439087104,1030739558
GEMM(3;2;1),2,1665,452845449,15266572288,4506
GEMM(4;2;1),2,1665,445825005,15468268544,4915
GEMM(5;2;1),2,1665,439014952,15262802944,4915
GEMM(6;2;1),2,1665,386347282,13724197888,4915
GEMM(7;2;1),2,1665,298153710,10118276096,5120
SYRK(6;1),2,1665,130142897,4702722048,3891
GEMM(7;6;1),2,1665,18533125,590934016,4506
POTRF(2),2,1665,2025710,70923264,0
TRSM(3;2),2,1665,7096119,213030912,0
TRSM(4;2),2,1665,7084527,213035008,0
TRSM(5;2),2,1665,7396683,213030912,0
TRSM(6;2),2,1665,6968046,213068800,0
TRSM(7;2),2,1665,7327777,213065728,0
SYRK(6;2),2,1665,6569903,196537344,0
GEMM(7;6;2),2,1665,12834129,393389056,0
SYRK(6;3),2,1665,516495817,18079332352,67222573056
GEMM(7;6;3),2,1665,513677456,18095569920,4506
SYRK(6;4),2,1665,402619129,13614799872,15579914240
GEMM(7;6;4),2,1665,281465804,9968951296,4506
SYRK(6;5),2,1665,248132528,8224504832,440696627
GEMM(7;6;5),2,1665,101835052,3770763264,4301
POTRF(6),2,1665,2558491,70924288,0
TRSM(7;6),2,1665,7082312,213033984,0
SYRK(2;0),2,1665,407276105,13625221120,998250496
GEMM(3;2;0),2,1665,398436344,13957305344,4710
GEMM(4;2;0),2,1665,415022567,14269602816,4915
GEMM(5;2;0),2,1665,406520337,13957056512,4710
GEMM(6;2;0),2,1665,371674416,13051721728,4506
GEMM(7;2;0),2,1665,371383035,12846958592,4506
SYRK(6;0),2,1665,299889761,10314229760,3891
GEMM(7;6;0),2,1665,278667047,9854553088,4710
SYRK(2;1),2,1665,302020618,10048784384,1030739558
GEMM(3;2;1),2,1665,460266628,15445744640,4506
GEMM(4;2;1),2,1665,398952915,14254603264,4915
GEMM(5;2;1),2,1665,411104902,14112072704,4915
GEMM(6;2;1),2,1665,365340671,12981528576,4915
GEMM(7;2;1),2,1665,299123199,10338430976,5120
SYRK(6;1),2,1665,127306742,4359960576,3891
GEMM(7;6;1),2,1665,18225311,591118336,4506
POTRF(2),2,1665,2597455,70922240,0
TRSM(3;2),2,1665,6806733,212986880,0
TRSM(4;2),2,1665,7375980,213038080,0
TRSM(5;2),2,1665,7347405,213030912,0
TRSM(6;2),2,1665,7164986,213028864,0
TRSM(7;2),2,1665,7160110,213052416,0
SYRK(6;2),2,1665,6624841,196537344,0
GEMM(7;6;2),2,1665,12775901,393377792,0
SYRK(6;3),2,1665,518834190,18089048064,67222573056
GEMM(7;6;3),2,1665,514928120,18148362240,4506
SYRK(6;4),2,1665,367763421,12595664896,15579914240
GEMM(7;6;4),2,1665,254223575,8889331712,4506
SYRK(6;5),2,1665,214579123,7135344640,440696627
GEMM(7;6;5),2,1665,118608599,4275461120,4301
POTRF(6),2,1665,2478103,70924288,0
TRSM(7;6),2,1665,6870998,213029888,0
SYRK(2;0),2,1665,353464095,12228578304,998250496
GEMM(3;2;0),2,1665,359760659,12339206144,4710
GEMM(4;2;0),2,1665,354783582,12441669632,4915
GEMM(5;2;0),2,1665,382270659,12591663104,4710
GEMM(6;2;0),2,1665,347694470,12432099328,4506
GEMM(7;2;0),2,1665,359732795,12363299840,4506
SYRK(6;0),2,1665,244661392,8602118144,3891
GEMM(7;6;0),2,1665,247725828,8620958720,4710
SYRK(2;1),2,1665,303348421,9988450304,1030739558
GEMM(3;2;1),2,1665,476828792,16248866816,4506
GEMM(4;2;1),2,1665,447124686,15742597120,4915
GEMM(5;2;1),2,1665,470900100,15985904640,4915
GEMM(6;2;1),2,1665,346025574,12504896512,4915
GEMM(7;2;1),2,1665,384293568,13164005376,5120
SYRK(6;1),2,1665,140220282,4992282624,3891
GEMM(7;6;1),2,1665,18657576,590743552,4506
POTRF(2),2,1665,1990519,70924288,0
TRSM(3;2),2,1665,7089840,213025792,0
TRSM(4;2),2,1665,7361072,212992000,0
TRSM(5;2),2,1665,7192630,213029888,0
TRSM(6;2),2,1665,7156391,213006336,0
TRSM(7;2),2,1665,6994403,213048320,0
SYRK(6;2),2,1665,6697074,196538368,0
GEMM(7;6;2),2,1665,12840214,393374720,0
SYRK(6;3),2,1665,510739748,17239140352,67222573056
GEMM(7;6;3),2,1665,491450446,17391099904,4506
SYRK(6;4),2,1665,362149461,12161592320,15579914240
GEMM(7;6;4),2,1665,247856066,8866922496,4506
SYRK(6;5),2,1665,219556635,7394240512,440696627
GEMM(7;6;5),2,1665,103967720,3668740096,4301
POTRF(6),2,1665,2100549,70923264,0
TRSM(7;6),2,1665,6962750,213031936,0
SYRK(2;0),2,1665,361462148,12053124096,998250496
GEMM(3;2;0),2,1665,359875718,12468807680,4710
GEMM(4;2;0),2,1665,348307758,12349222912,4915
GEMM(5;2;0),2,1665,360712491,12349827072,4710
GEMM(6;2;0),2,1665,365854557,12595692544,4506
GEMM(7;2;0),2,1665,352746674,12375478272,4506
SYRK(6;0),2,1665,265067735,9021645824,3891
GEMM(7;6;0),2,1665,250014414,8868690944,4710
SYRK(2;1),2,1665,305743153,10098692096,1030739558
GEMM(3;2;1),2,1665,414927035,14356989952,4506
GEMM(4;2;1),2,1665,432840290,15154020352,4915
GEMM(5;2;1),2,1665,448382404,15006146560,4915
GEMM(6;2;1),2,1665,341902241,12372385792,4915
GEMM(7;2;1),2,1665,321140854,11114044416,5120
SYRK(6;1),2,1665,131790371,4707645440,3891
GEMM(7;6;1),2,1665,18393806,590979072,4506
POTRF(2),2,1665,2206481,70923264,0
TRSM(3;2),2,1665,7151509,213025792,0
TRSM(4;2),2,1665,7364868,213037056,0
TRSM(5;2),2,1665,7113685,213027840,0
TRSM(6;2),2,1665,7173924,213065728,0
TRSM(7;2),2,1665,7047142,213020672,0
SYRK(6;2),2,1665,6733740,196538368,0
GEMM(7;6;2),2,1665,12793122,393384960,0
SYRK(6;3),2,1665,497098910,17266722816,67222573056
GEMM(7;6;3),2,1665,493794111,17494953984,4506
SYRK(6;4),2,1665,362565297,12212246528,15579914240
GEMM(7;6;4),2,1665,239515562,8646916096,4506
SYRK(6;5),2,1665,181058723,6035550208,440696627
GEMM(7;6;5),2,1665,95006027,3418803200,4301
POTRF(6),2,1665,2376044,70921216,0
TRSM(7;6),2,1665,6912618,213022720,0
SYRK(2;0),2,1665,362928988,12221805568,998250496
GEMM(3;2;0),2,1665,359964841,12499274752,4710
GEMM(4;2;0),2,1665,354570049,12389018624,4915
GEMM(5;2;0),2,1665,367753745,12685448192,4710
GEMM(6;2;0),2,1665,361267993,12524045312,4506
GEMM(7;2;0),2,1665,357559246,12413839360,4506
SYRK(6;0),2,1665,255773622,8683366400,3891
GEMM(7;6;0),2,1665,255644392,9141556224,4710
SYRK(2;1),2,1665,286495186,9484602368,1030739558
GEMM(3;2;1),2,1665,415138546,14160880640,4506
GEMM(4;2;1),2,1665,398060741,14213082112,4915
GEMM(5;2;1),2,1665,416253012,14157223936,4915
GEMM(6;2;1),2,1665,343395555,12030676992,4915
GEMM(7;2;1),2,1665,338387923,11827953664,5120
SYRK(6;1),2,1665,132663738,4649570304,3891
GEMM(7;6;1),2,1665,18634869,590381056,4506
POTRF(2),2,1665,2320364,70923264,0
TRSM(3;2),2,1665,7079889,213025792,0
TRSM(4;2),2,1665,7069839,213042176,0
TRSM(5;2),2,1665,7286688,213038080,0
TRSM(6;2),2,1665,7080385,213055488,0
TRSM(7;2),2,1665,7344100,213019648,0
SYRK(6;2),2,1665,6576520,196538368,0
GEMM(7;6;2),2,1665,12772105,393388032,0
SYRK(6;3),2,1665,505025857,17334303744,67222573056
GEMM(7;6;3),2,1665,487011484,17441504256,4506
SYRK(6;4),2,1665,361994350,12131167232,15579914240
GEMM(7;6;4),2,1665,237921141,8679283712,4506
SYRK(6;5),2,1665,168493945,5548398592,440696627
GEMM(7;6;5),2,1665,131538584,4723566592,4301
POTRF(6),2,1665,2025375,70921216,0
TRSM(7;6),2,1665,7085419,213026816,0
SYRK(2;0),2,1740,358601169,11997447168,996617011
GEMM(3;2;0),2,1740,380277615,12470178816,4506
GEMM(4;2;0),2,1740,380051797,12510184448,4506
GEMM(5;2;0),2,1740,375700014,12684513280,4506
GEMM(6;2;0),2,1740,374504062,12525251584,4506
GEMM(7;2;0),2,1740,381165187,12618975232,4506
SYRK(6;0),2,1740,277005188,9275265024,4096
GEMM(7;6;0),2,1740,273984236,9296097280,4301
SYRK(2;1),2,1740,287985558,9461393408,1019425587
GEMM(3;2;1),2,1740,440588686,14358355968,4096
GEMM(4;2;1),2,1740,449298136,14980913152,4301
GEMM(5;2;1),2,1740,459453192,15225815040,4710
GEMM(6;2;1),2,1740,374720014,12800378880,4710
GEMM(7;2;1),2,1740,341481615,11454240768,4915
SYRK(6;1),2,1740,134269935,4371087360,3891
GEMM(7;6;1),2,1740,19537237,591273984,4301
POTRF(2),2,1740,2069565,67867648,0
TRSM(3;2),2,1740,7137099,203859968,0
TRSM(4;2),2,1740,7073451,203837440,0
TRSM(5;2),2,1740,7330657,203822080,0
TRSM(6;2),2,1740,7008880,203858944,0
TRSM(7;2),2,1740,7313035,203882496,0
SYRK(6;2),2,1740,6753937,188064768,0
GEMM(7;6;2),2,1740,12979381,376475648,0
SYRK(6;3),2,1740,536784985,17531877376,65495540941
GEMM(7;6;3),2,1740,525698649,17660768256,4301
SYRK(6;4),2,1740,377082426,12462653440,15458532147
GEMM(7;6;4),2,1740,272795908,9182199808,4096
SYRK(6;5),2,1740,193055064,6181616640,429584179
GEMM(7;6;5),2,1740,102445204,3549942784,4301
POTRF(6),2,1740,2195042,67867648,0
TRSM(7;6),2,1740,6724312,203859968,0
SYRK(2;0),2,1740,380223419,12449262592,996617011
GEMM(3;2;0),2,1740,388686795,12596726784,4506
GEMM(4;2;0),2,1740,369649773,12574749696,4506
GEMM(5;2;0),2,1740,387958157,12666597376,4506
GEMM(6;2;0),2,1740,378059321,12590493696,4506
GEMM(7;2;0),2,1740,372900629,12550571008,4506
SYRK(6;0),2,1740,287283635,9655520256,4096
GEMM(7;6;0),2,1740,275405161,9357054976,4301
SYRK(2;1),2,1740,305464448,9988518912,1019425587
GEMM(3;2;1),2,1740,459945281,14928571392,4096
GEMM(4;2;1),2,1740,434956488,14728571904,4301
GEMM(5;2;1),2,1740,442510425,14481855488,4710
GEMM(6;2;1),2,1740,360605816,12127134720,4710
GEMM(7;2;1),2,1740,306918362,10495578112,4915
SYRK(6;1),2,1740,124810671,4075162624,3891
GEMM(7;6;1),2,1740,18684446,591616000,4301
POTRF(2),2,1740,2220154,67866624,0
TRSM(3;2),2,1740,7187438,203850752,0
TRSM(4;2),2,1740,7292279,203821056,0
TRSM(5;2),2,1740,7257964,203855872,0
TRSM(6;2),2,1740,7006594,203893760,0
TRSM(7;2),2,1740,7338072,203887616,0
SYRK(6;2),2,1740,6603653,188065792,0
GEMM(7;6;2),2,1740,12556966,376469504,0
SYRK(6;3),2,1740,530343123,17172468736,65495540941
GEMM(7;6;3),2,1740,514644967,17588625408,4301
SYRK(6;4),2,1740,390719103,12483757056,15458532147
GEMM(7;6;4),2,1740,267244616,9355453440,4096
SYRK(6;5),2,1740,256567290,8144173056,429584179
GEMM(7;6;5),2,1740,115170516,4095147008,4301
POTRF(6),2,1740,2050522,67867648,0
TRSM(7;6),2,1740,7120321,203855872,0
SYRK(2;0),2,1740,369353629,11994406912,996617011
GEMM(3;2;0),2,1740,368773014,12296857600,4506
GEMM(4;2;0),2,1740,369280355,12455446528,4506
GEMM(5;2;0),2,1740,366082824,12292183040,4506
GEMM(6;2;0),2,1740,367337108,12271093760,4506
GEMM(7;2;0),2,1740,355421397,12142065664,4506
SYRK(6;0),2,1740,283151866,9276026880,4096
GEMM(7;6;0),2,1740,259636050,8883726336,4301
SYRK(2;1),2,1740,314851099,9979196416,1019425587
GEMM(3;2;1),2,1740,437312517,14656306176,4096
GEMM(4;2;1),2,1740,424336015,14372019200,4301
GEMM(5;2;1),2,1740,417950906,14196710400,4710
GEMM(6;2;1),2,1740,387638274,12970513408,4710
GEMM(7;2;1),2,1740,316954283,10481339392,4915
SYRK(6;1),2,1740,110762811,3908700160,3891
GEMM(7;6;1),2,1740,19664738,591588352,4301
POTRF(2),2,1740,2142804,67881984,0
TRSM(3;2),2,1740,6792579,203929600,0
TRSM(4;2),2,1740,7239879,203920384,0
TRSM(5;2),2,1740,7025673,203930624,0
TRSM(6;2),2,1740,7511086,203953152,0
TRSM(7;2),2,1740,6968443,203920384,0
SYRK(6;2),2,1740,6746593,188080128,0
GEMM(7;6;2),2,1740,12631295,376361984,0
SYRK(6;3),2,1740,521459052,17255649280,65495540941
GEMM(7;6;3),2,1740,516629338,17586259968,4301
SYRK(6;4),2,1740,388651599,12611152896,15458532147
GEMM(7;6;4),2,1740,278898988,9757741056,4096
SYRK(6;5),2,1740,220797687,7021787136,429584179
GEMM(7;6;5),2,1740,111669800,4008141824,4301
POTRF(6),2,1740,2661471,67875840,0
TRSM(7;6),2,1740,6650814,203930624,0
SYRK(2;0),2,1740,376264502,12470733824,996617011
GEMM(3;2;0),2,1740,383792197,12642223104,4506
GEMM(4;2;0),2,1740,372946404,12604638208,4506
GEMM(5;2;0),2,1740,382717773,12761761792,4506
GEMM(6;2;0),2,1740,368395942,12373776384,4506
GEMM(7;2;0),2,1740,371114968,12477147136,4506
SYRK(6;0),2,1740,283556865,9454083072,4096
GEMM(7;6;0),2,1740,269075491,9166999552,4301
SYRK(2;1),2,1740,295727031,9708407808,1019425587
GEMM(3;2;1),2,1740,432966507,14200907776,4096
GEMM(4;2;1),2,1740,442940942,14987727872,4301
GEMM(5;2;1),2,1740,455199861,14941538304,4710
GEMM(6;2;1),2,1740,332838840,11538441216,4710
GEMM(7;2;1),2,1740,313651105,10392940544,4915
SYRK(6;1),2,1740,132871877,4662799360,3891
GEMM(7;6;1),2,1740,18593197,591178752,4301
POTRF(2),2,1740,2160028,67884032,0
TRSM(3;2),2,1740,6790840,203915264,0
TRSM(4;2),2,1740,7237141,203911168,0
TRSM(5;2),2,1740,7335704,203930624,0
TRSM(6;2),2,1740,7108403,203970560,0
TRSM(7;2),2,1740,7032557,203959296,0
SYRK(6;2),2,1740,6426634,188078080,0
GEMM(7;6;2),2,1740,13008971,376376320,0
SYRK(6;3),2,1740,535519961,17505166336,65495540941
GEMM(7;6;3),2,1740,515683929,17599028224,4301
SYRK(6;4),2,1740,376478555,12193441792,15458532147
GEMM(7;6;4),2,1740,274709024,9427206144,4096
SYRK(6;5),2,1740,243902968,7830419456,429584179
GEMM(7;6;5),2,1740,121546066,4204974080,4301
POTRF(6),2,1740,2087016,67865600,0
TRSM(7;6),2,1740,6899481,203859968,0
SYRK(2;0),2,1740,387877720,12507758592,996617011
GEMM(3;2;0),2,1740,378650824,12907866112,4506
GEMM(4;2;0),2,1740,374747311,12655138816,4506
GEMM(5;2;0),2,1740,395926508,12513848320,4506
GEMM(6;2;0),2,1740,362350518,12748438528,4506
GEMM(7;2;0),2,1740,374850151,12646824960,4506
SYRK(6;0),2,1740,280751304,9321739264,4096
GEMM(7;6;0),2,1740,279978147,9589341184,4301
SYRK(2;1),2,1740,289915513,9075841024,1019425587
GEMM(3;2;1),2,1740,421332763,14000335872,4096
GEMM(4;2;1),2,1740,415643646,14335583232,4301
GEMM(5;2;1),2,1740,449377703,14942608384,4710
GEMM(6;2;1),2,1740,396990072,13362232320,4710
GEMM(7;2;1),2,1740,341948988,11468009472,4915
SYRK(6;1),2,1740,131548959,4587408384,3891
GEMM(7;6;1),2,1740,18950855,591351808,4301
POTRF(2),2,1740,2225428,67871744,0
TRSM(3;2),2,1740,7105435,203919360,0
TRSM(4;2),2,1740,7167772,203913216,0
TRSM(5;2),2,1740,7246277,203926528,0
TRSM(6;2),2,1740,7030249,203909120,0
TRSM(7;2),2,1740,7228162,203942912,0
SYRK(6;2),2,1740,6580381,188084224,0
GEMM(7;6;2),2,1740,12697677,376392704,0
SYRK(6;3),2,1740,511378354,17126634496,65495540941
GEMM(7;6;3),2,1740,521035583,17546306560,4301
SYRK(6;4),2,1740,371976308,12062367744,15458532147
GEMM(7;6;4),2,1740,270365724,9347992576,4096
SYRK(6;5),2,1740,254827047,8146498560,429584179
GEMM(7;6;5),2,1740,102224797,3674534912,4301
POTRF(6),2,1740,2179005,67881984,0
TRSM(7;6),2,1740,6982818,203922432,0
SYRK(2;0),2,1815,403497338,12589432832,996213555
GEMM(3;2;0),2,1815,378371748,12642066432,4301
GEMM(4;2;0),2,1815,398256303,12584723456,4301
GEMM(5;2;0),2,1815,410912844,12828944384,4710
GEMM(6;2;0),2,1815,378375519,12763161600,4301
GEMM(7;2;0),2,1815,387534402,12542407680,4710
SYRK(6;0),2,1815,300314509,9603014656,3686
GEMM(7;6;0),2,1815,304968142,10040516608,4301
SYRK(2;1),2,1815,318220073,9648411648,1006979891
GEMM(3;2;1),2,1815,442842691,14412310528,4301
GEMM(4;2;1),2,1815,437809124,14270386176,4506
GEMM(5;2;1),2,1815,435800493,14318896128,4710
GEMM(6;2;1),2,1815,404738349,13029505024,4506
GEMM(7;2;1),2,1815,389317443,12303992832,4301
SYRK(6;1),2,1815,130667552,4461348864,4096
GEMM(7;6;1),2,1815,18981233,591535104,4096
POTRF(2),2,1815,2508011,65067008,0
TRSM(3;2),2,1815,7074890,195464192,0
TRSM(4;2),2,1815,7013257,195470336,0
TRSM(5;2),2,1815,7278017,195466240,0
TRSM(6;2),2,1815,7302008,195464192,0
TRSM(7;2),2,1815,7129759,195508224,0
SYRK(6;2),2,1815,6383218,180296704,0
GEMM(7;6;2),2,1815,12703765,360942592,0
SYRK(6;3),2,1815,551371596,17542695936,65924915405
GEMM(7;6;3),2,1815,541205441,17697758208,4096
SYRK(6;4),2,1815,407623162,12718878720,15422637670
GEMM(7;6;4),2,1815,282985828,9525754880,4096
SYRK(6;5),2,1815,256686465,7912895488,418798592
GEMM(7;6;5),2,1815,121928546,4228393984,4096
POTRF(6),2,1815,2585388,65063936,0
TRSM(7;6),2,1815,7007768,195465216,0
SYRK(2;0),2,1815,397745839,12410723328,996213555
GEMM(3;2;0),2,1815,388976209,12625121280,4301
GEMM(4;2;0),2,1815,381670982,12554790912,4301
GEMM(5;2;0),2,1815,388807985,12395799552,4710
GEMM(6;2;0),2,1815,393748531,12638575616,4301
GEMM(7;2;0),2,1815,389857423,12636445696,4710
SYRK(6;0),2,1815,296547108,9612789760,3686
GEMM(7;6;0),2,1815,288671686,9497176064,4301
SYRK(2;1),2,1815,328486485,10126036992,1006979891
GEMM(3;2;1),2,1815,445140837,14255323136,4301
GEMM(4;2;1),2,1815,443471291,14343734272,4506
GEMM(5;2;1),2,1815,437521641,14219480064,4710
GEMM(6;2;1),2,1815,381907852,12395827200,4506
GEMM(7;2;1),2,1815,366274938,11830292480,4301
SYRK(6;1),2,1815,107448797,3665549312,4096
GEMM(7;6;1),2,1815,19742413,591039488,4096
POTRF(2),2,1815,2021554,65060864,0
TRSM(3;2),2,1815,7087509,195466240,0
TRSM(4;2),2,1815,7386932,195479552,0
TRSM(5;2),2,1815,7163677,195463168,0
TRSM(6;2),2,1815,6979939,195505152,0
TRSM(7;2),2,1815,7170669,195499008,0
SYRK(6;2),2,1815,6724946,180295680,0
GEMM(7;6;2),2,1815,12659872,360931328,0
SYRK(6;3),2,1815,547620776,17183463424,65924915405
GEMM(7;6;3),2,1815,525806519,17593336832,4096
SYRK(6;4),2,1815,404656501,12675858432,15422637670
GEMM(7;6;4),2,1815,286934049,9588070400,4096
SYRK(6;5),2,1815,224714214,6966384640,418798592
GEMM(7;6;5),2,1815,109703117,3722286080,4096
POTRF(6),2,1815,2198699,65064960,0
TRSM(7;6),2,1815,6940730,195469312,0
SYRK(2;0),2,1815,386873686,12422649856,996213555
GEMM(3;2;0),2,1815,391505151,12478651392,4301
GEMM(4;2;0),2,1815,389564181,12501150720,4301
GEMM(5;2;0),2,1815,388412753,12705763328,4710
GEMM(6;2;0),2,1815,390126792,12389794816,4301
GEMM(7;2;0),2,1815,382321730,12357193728,4710
SYRK(6;0),2,1815,292669119,9522147328,3686
GEMM(7;6;0),2,1815,290804693,9454442496,4301
SYRK(2;1),2,1815,319355229,9666464768,1006979891
GEMM(3;2;1),2,1815,440651816,14338895872,4301
GEMM(4;2;1),2,1815,448104924,14575944704,4506
GEMM(5;2;1),2,1815,452514388,14473859072,4710
GEMM(6;2;1),2,1815,398861292,13027179520,4506
GEMM(7;2;1),2,1815,377222318,12216948736,4301
SYRK(6;1),2,1815,129806315,4312900608,4096
GEMM(7;6;1),2,1815,19128717,590832640,4096
POTRF(2),2,1815,2435276,65061888,0
TRSM(3;2),2,1815,6738458,195472384,0
TRSM(4;2),2,1815,7453123,195475456,0
TRSM(5;2),2,1815,7217033,195470336,0
TRSM(6;2),2,1815,7033425,195507200,0
TRSM(7;2),2,1815,6939388,195460096,0
SYRK(6;2),2,1815,6958486,180297728,0
GEMM(7;6;2),2,1815,12613858,360942592,0
SYRK(6;3),2,1815,540725540,17309744128,65924915405
GEMM(7;6;3),2,1815,531871534,17483314176,4096
SYRK(6;4),2,1815,395104491,12433822720,15422637670
GEMM(7;6;4),2,1815,287229874,9630974976,4096
SYRK(6;5),2,1815,259512126,7981437952,418798592
GEMM(7;6;5),2,1815,123862014,4264382464,4096
POTRF(6),2,1815,2225443,65064960,0
TRSM(7;6),2,1815,6626408,195464192,0
SYRK(2;0),2,1815,403158415,12532047872,996213555
GEMM(3;2;0),2,1815,390998578,12485404672,4301
GEMM(4;2;0),2,1815,380984509,12631971840,4301
GEMM(5;2;0),2,1815,386194360,12551763968,4710
GEMM(6;2;0),2,1815,399876672,12767247360,4301
GEMM(7;2;0),2,1815,385219123,12444615680,4710
SYRK(6;0),2,1815,290403913,9294532608,3686
GEMM(7;6;0),2,1815,291378965,9573873664,4301
SYRK(2;1),2,1815,312161019,9502942208,1006979891
GEMM(3;2;1),2,1815,464555585,14928583680,4301
GEMM(4;2;1),2,1815,436361881,14289561600,4506
GEMM(5;2;1),2,1815,475147416,14919644160,4710
GEMM(6;2;1),2,1815,363706413,12328280064,4506
GEMM(7;2;1),2,1815,333783723,10471921664,4301
SYRK(6;1),2,1815,111855743,3923496960,4096
GEMM(7;6;1),2,1815,19535719,591227904,4096
POTRF(2),2,1815,2437082,65065984,0
TRSM(3;2),2,1815,7137187,195461120,0
TRSM(4;2),2,1815,7390878,195400704,0
TRSM(5;2),2,1815,7086929,195471360,0
TRSM(6;2),2,1815,7330899,195505152,0
TRSM(7;2),2,1815,7145655,195491840,0
SYRK(6;2),2,1815,6488632,180295680,0
GEMM(7;6;2),2,1815,12466319,360929280,0
SYRK(6;3),2,1815,546916894,17285555200,65924915405
GEMM(7;6;3),2,1815,532413663,17601763328,4096
SYRK(6;4),2,1815,390697667,12481328128,15422637670
GEMM(7;6;4),2,1815,287734561,9407966208,4096
SYRK(6;5),2,1815,251342500,7907332096,418798592
GEMM(7;6;5),2,1815,130858182,4294845440,4096
POTRF(6),2,1815,1817895,65063936,0
TRSM(7;6),2,1815,7006195,195469312,0
SYRK(2;0),2,1815,391720423,12358863872,996213555
GEMM(3;2;0),2,1815,381633261,12466903040,4301
GEMM(4;2;0),2,1815,388928567,12519155712,4301
GEMM(5;2;0),2,1815,387814550,12438564864,4710
GEMM(6;2;0),2,1815,399541166,12919990272,4301
GEMM(7;2;0),2,1815,391322252,12789940224,4710
SYRK(6;0),2,1815,295821002,9513701376,3686
GEMM(7;6;0),2,1815,293074674,9542779904,4301
SYRK(2;1),2,1815,317448229,9791261696,1006979891
GEMM(3;2;1),2,1815,437519188,14096863232,4301
GEMM(4;2;1),2,1815,451374473,14613832704,4506
GEMM(5;2;1),2,1815,448270814,14407317504,4710
GEMM(6;2;1),2,1815,345841054,11533387776,4506
GEMM(7;2;1),2,1815,342517310,10688054272,4301
SYRK(6;1),2,1815,127711657,4409061376,4096
GEMM(7;6;1),2,1815,18880015,590799872,4096
POTRF(2),2,1815,2481942,65064960,0
TRSM(3;2),2,1815,7088220,195476480,0
TRSM(4;2),2,1815,7007381,195470336,0
TRSM(5;2),2,1815,7426190,195465216,0
TRSM(6;2),2,1815,7271520,195501056,0
TRSM(7;2),2,1815,6716249,195493888,0
SYRK(6;2),2,1815,6918225,180297728,0
GEMM(7;6;2),2,1815,12440080,360914944,0
SYRK(6;3),2,1815,543345534,17324679168,65924915405
GEMM(7;6;3),2,1815,534545520,17581922304,4096
SYRK(6;4),2,1815,388471669,12509547520,15422637670
GEMM(7;6;4),2,1815,309965499,10122428416,4096
SYRK(6;5),2,1815,263056708,8127409152,418798592
GEMM(7;6;5),2,1815,124332758,4258149376,4096
POTRF(6),2,1815,2179322,65063936,0
TRSM(7;6),2,1815,7018314,195465216,0
SYRK(2;0),2,2040,438380981,12625866752,999211622
GEMM(3;2;0),2,2040,418852240,12591990784,3891
GEMM(4;2;0),2,2040,416239976,12483397632,4096
GEMM(5;2;0),2,2040,432915408,12684388352,3891
GEMM(6;2;0),2,2040,420271405,12581557248,4096
GEMM(7;2;0),2,2040,433052292,12618273792,4096
SYRK(6;0),2,2040,343793603,9980173312,3482
GEMM(7;6;0),2,2040,343516018,10170025984,3686
SYRK(2;1),2,2040,373958370,10297664512,976310886
GEMM(3;2;1),2,2040,495467280,14492425216,3891
GEMM(4;2;1),2,2040,481455482,14309396480,3891
GEMM(5;2;1),2,2040,488777608,14045658112,4301
GEMM(6;2;1),2,2040,373912905,11167481856,4096
GEMM(7;2;1),2,2040,344940688,9801408512,4096
SYRK(6;1),2,2040,128853806,4006796288,3686
GEMM(7;6;1),2,2040,23193044,590511104,3891
POTRF(2),2,2040,2255357,57907200,0
TRSM(3;2),2,2040,6805159,173998080,0
TRSM(4;2),2,2040,7512139,174114816,0
TRSM(5;2),2,2040,7305054,174049280,0
TRSM(6;2),2,2040,6985921,174087168,0
TRSM(7;2),2,2040,7207055,174096384,0
SYRK(6;2),2,2040,6667408,160552960,0
GEMM(7;6;2),2,2040,13027810,321051648,0
SYRK(6;3),2,2040,641029159,18082522112,66162010522
GEMM(7;6;3),2,2040,618580454,18429125632,3891
SYRK(6;4),2,2040,436317237,12471123968,15956011418
GEMM(7;6;4),2,2040,338346864,9948376064,4096
SYRK(6;5),2,2040,272990028,7692952576,392051712
GEMM(7;6;5),2,2040,113996388,3352538112,4096
POTRF(6),2,2040,2035256,57890816,0
TRSM(7;6),2,2040,7001599,173928448,0
SYRK(2;0),2,2040,438948634,12499906560,999211622
GEMM(3;2;0),2,2040,452285437,12649915392,3891
GEMM(4;2;0),2,2040,417691403,12613288960,4096
GEMM(5;2;0),2,2040,436470740,12563635200,3891
GEMM(6;2;0),2,2040,441931537,12708571136,4096
GEMM(7;2;0),2,2040,443465993,12705323008,4096
SYRK(6;0),2,2040,362285907,10487768064,3482
GEMM(7;6;0),2,2040,354162968,10331718656,3686
SYRK(2;1),2,2040,387060174,10643942400,976310886
GEMM(3;2;1),2,2040,496609186,14420264960,3891
GEMM(4;2;1),2,2040,497177012,14484965376,3891
GEMM(5;2;1),2,2040,517132545,14688572416,4301
GEMM(6;2;1),2,2040,396837345,11620723712,4096
GEMM(7;2;1),2,2040,394966833,11448280064,4096
SYRK(6;1),2,2040,105167512,3187128320,3686
GEMM(7;6;1),2,2040,22139086,591363072,3891
POTRF(2),2,2040,2140016,57918464,0
TRSM(3;2),2,2040,7348891,174048256,0
TRSM(4;2),2,2040,7135035,174120960,0
TRSM(5;2),2,2040,7440096,174062592,0
TRSM(6;2),2,2040,7251996,174092288,0
TRSM(7;2),2,2040,7248414,174124032,0
SYRK(6;2),2,2040,6685475,160587776,0
GEMM(7;6;2),2,2040,12587983,321069056,0
SYRK(6;3),2,2040,639139128,18024170496,66162010522
GEMM(7;6;3),2,2040,589215048,17809557504,3891
SYRK(6;4),2,2040,449487916,12750196736,15956011418
GEMM(7;6;4),2,2040,363367106,10675517440,4096
SYRK(6;5),2,2040,253486568,7029279744,392051712
GEMM(7;6;5),2,2040,128139340,3870730240,4096
POTRF(6),2,2040,2437296,57915392,0
TRSM(7;6),2,2040,7029483,174060544,0
SYRK(2;0),2,2040,451280927,12443072512,999211622
GEMM(3;2;0),2,2040,414092426,12328360960,3891
GEMM(4;2;0),2,2040,436825294,12528386048,4096
GEMM(5;2;0),2,2040,442232687,12685416448,3891
GEMM(6;2;0),2,2040,435926397,12601062400,4096
GEMM(7;2;0),2,2040,439940522,12550311936,4096
SYRK(6;0),2,2040,361756448,10480963584,3482
GEMM(7;6;0),2,2040,354033393,10417832960,3686
SYRK(2;1),2,2040,380097614,10637101056,976310886
GEMM(3;2;1),2,2040,517899804,14751555584,3891
GEMM(4;2;1),2,2040,493668027,14393609216,3891
GEMM(5;2;1),2,2040,506349322,14376614912,4301
GEMM(6;2;1),2,2040,422591350,12602207232,4096
GEMM(7;2;1),2,2040,418747623,11780140032,4096
SYRK(6;1),2,2040,100604711,3190768640,3686
GEMM(7;6;1),2,2040,22178718,590424064,3891
POTRF(2),2,2040,2611358,57919488,0
TRSM(3;2),2,2040,7118227,174010368,0
TRSM(4;2),2,2040,7492340,174091264,0
TRSM(5;2),2,2040,7136841,174057472,0
TRSM(6;2),2,2040,7360776,174102528,0
TRSM(7;2),2,2040,7199683,174117888,0
SYRK(6;2),2,2040,6705139,160585728,0
GEMM(7;6;2),2,2040,12466383,321095680,0
SYRK(6;3),2,2040,630515413,17790228480,66162010522
GEMM(7;6;3),2,2040,603749801,17876992000,3891
SYRK(6;4),2,2040,432944677,12423725056,15956011418
GEMM(7;6;4),2,2040,342515601,9908572160,4096
SYRK(6;5),2,2040,301858295,8377036800,392051712
GEMM(7;6;5),2,2040,124220453,3767772160,4096
POTRF(6),2,2040,2180972,57918464,0
TRSM(7;6),2,2040,6812698,174055424,0
SYRK(2;0),2,2040,439430571,12458556416,999211622
GEMM(3;2;0),2,2040,423957345,12415200256,3891
GEMM(4;2;0),2,2040,441866052,12687088640,4096
GEMM(5;2;0),2,2040,436684906,12431618048,3891
GEMM(6;2;0),2,2040,430857116,12606237696,4096
GEMM(7;2;0),2,2040,438215337,12508151808,4096
SYRK(6;0),2,2040,352355955,9977092096,3482
GEMM(7;6;0),2,2040,359158756,10680735744,3686
SYRK(2;1),2,2040,353596243,9825138688,976310886
GEMM(3;2;1),2,2040,493104920,14071343104,3891
GEMM(4;2;1),2,2040,496074344,14464703488,3891
GEMM(5;2;1),2,2040,506027600,14451600384,4301
GEMM(6;2;1),2,2040,433257308,12949062656,4096
GEMM(7;2;1),2,2040,380461497,10699622400,4096
SYRK(6;1),2,2040,122766432,3705062400,3686
GEMM(7;6;1),2,2040,21798022,590922752,3891
POTRF(2),2,2040,2748196,57920512,0
TRSM(3;2),2,2040,6829179,174040064,0
TRSM(4;2),2,2040,7502511,174116864,0
TRSM(5;2),2,2040,7156918,174098432,0
TRSM(6;2),2,2040,7287118,174116864,0
TRSM(7;2),2,2040,7070759,174108672,0
SYRK(6;2),2,2040,6715742,160580608,0
GEMM(7;6;2),2,2040,12987407,321067008,0
SYRK(6;3),2,2040,650786955,18181563392,66162010522
GEMM(7;6;3),2,2040,599825498,17878164480,3891
SYRK(6;4),2,2040,438425835,12395809792,15956011418
GEMM(7;6;4),2,2040,336092948,9902501888,4096
SYRK(6;5),2,2040,304096237,8364121088,392051712
GEMM(7;6;5),2,2040,121272681,3714146304,4096
POTRF(6),2,2040,2102575,57894912,0
TRSM(7;6),2,2040,7048586,173923328,0
SYRK(2;0),2,2040,447422412,12485246976,999211622
GEMM(3;2;0),2,2040,423710248,12367921152,3891
GEMM(4;2;0),2,2040,422285083,12380848128,4096
GEMM(5;2;0),2,2040,451187511,12799163392,3891
GEMM(6;2;0),2,2040,419879100,12311990272,4096
GEMM(7;2;0),2,2040,445923235,12479081472,4096
SYRK(6;0),2,2040,336349751,9906106368,3482
GEMM(7;6;0),2,2040,335414887,9781055488,3686
SYRK(2;1),2,2040,389050705,10909383680,976310886
GEMM(3;2;1),2,2040,502266435,14244250624,3891
GEMM(4;2;1),2,2040,505901194,14864566272,3891
GEMM(5;2;1),2,2040,504189665,14208126976,4301
GEMM(6;2;1),2,2040,430681590,12763423744,4096
GEMM(7;2;1),2,2040,393926459,11448720384,4096
SYRK(6;1),2,2040,105566280,2993789952,3686
GEMM(7;6;1),2,2040,21696083,590854144,3891
POTRF(2),2,2040,2553278,57906176,0
TRSM(3;2),2,2040,7149565,174064640,0
TRSM(4;2),2,2040,7211320,174064640,0
TRSM(5;2),2,2040,7006648,174113792,0
TRSM(6;2),2,2040,7519141,174087168,0
TRSM(7;2),2,2040,7397554,174114816,0
SYRK(6;2),2,2040,6671200,160553984,0
GEMM(7;6;2),2,2040,12785279,321095680,0
SYRK(6;3),2,2040,634446421,17900486656,66162010522
GEMM(7;6;3),2,2040,623235338,18346072064,3891
SYRK(6;4),2,2040,452829380,12625631232,15956011418
GEMM(7;6;4),2,2040,331806939,9984053248,4096
SYRK(6;5),2,2040,246790910,6799023104,392051712
GEMM(7;6;5),2,2040,109309020,3342559232,4096
POTRF(6),2,2040,2667467,57923584,0
TRSM(7;6),2,2040,6733804,174063616,0
SYRK(3;0),3,240,351543527,16115376128,4922714522
GEMM(4;3;0),3,240,340624106,16152290304,21914
GEMM(5;3;0),3,240,348788263,16155071488,22528
GEMM(6;3;0),3,240,338874874,16166854656,22528
GEMM(7;3;0),3,240,337396804,15847996416,22323
SYRK(7;0),3,240,340094516,16093737984,18637
SYRK(3;1),3,240,351784223,16567579648,35560585011
GEMM(4;3;1),3,240,332316282,15673573376,21709
GEMM(5;3;1),3,240,360333836,16582310912,22528
GEMM(6;3;1),3,240,361545307,16946467840,22323
GEMM(7;3;1),3,240,289648250,13928644608,22323
SYRK(7;1),3,240,323546134,15152104448,18842
SYRK(3;2),3,240,29263791,1363615744,4728719565
GEMM(4;3;2),3,240,376127779,17670176768,113286349
GEMM(5;3;2),3,240,373534100,17311503360,21914
GEMM(6;3;2),3,240,374253215,17669987328,21914
GEMM(7;3;2),3,240,334935203,16093588480,22118
SYRK(7;2),3,240,29051013,1363621888,18432
POTRF(3),3,240,10488126,491831296,0
TRSM(4;3),3,240,31711995,1476916224,0
TRSM(5;3),3,240,32253333,1476919296,0
TRSM(6;3),3,240,31943278,1476891648,0
TRSM(7;3),3,240,32282314,1476921344,0
SYRK(7;3),3,240,28955512,1363447808,0
SYRK(7;4),3,240,348754791,16745894912,47384153702
SYRK(7;5),3,240,316708805,14883189760,17391858893
SYRK(7;6),3,240,29302276,1363617792,1997188096
POTRF(7),3,240,10481737,491828224,0
SYRK(3;0),3,240,349586658,16027689984,4922714522
GEMM(4;3;0),3,240,351500443,16664562688,21914
GEMM(5;3;0),3,240,358540051,16753257472,22528
GEMM(6;3;0),3,240,340442580,16092205056,22528
GEMM(7;3;0),3,240,356550272,16664244224,22323
SYRK(7;0),3,240,334965659,15799572480,18637
SYRK(3;1),3,240,337518703,15866448896,35560585011
GEMM(4;3;1),3,240,347532888,16485490688,21709
GEMM(5;3;1),3,240,366425853,16997696512,22528
GEMM(6;3;1),3,240,356236707,16683274240,22323
GEMM(7;3;1),3,240,318282350,15150860288,22323
SYRK(7;1),3,240,325243007,15302707200,18842
SYRK(3;2),3,240,29299900,1363614720,4728719565
GEMM(4;3;2),3,240,374407333,17608282112,113286349
GEMM(5;3;2),3,240,375486861,17736608768,21914
GEMM(6;3;2),3,240,368831094,17527186432,21914
GEMM(7;3;2),3,240,329111323,15449688064,22118
SYRK(7;2),3,240,29280332,1363615744,18432
POTRF(3),3,240,10496867,491834368,0
TRSM(4;3),3,240,31728385,1476903936,0
TRSM(5;3),3,240,32255341,1476909056,0
TRSM(6;3),3,240,31879829,1476907008,0
TRSM(7;3),3,240,32286465,1476953088,0
SYRK(7;3),3,240,30020073,1363447808,0
SYRK(7;4),3,240,346494521,16613803008,47384153702
SYRK(7;5),3,240,247240916,11592664064,17391858893
SYRK(7;6),3,240,29277478,1363609600,1997188096
POTRF(7),3,240,10475351,491854848,0
SYRK(3;0),3,240,336992015,15860952064,4922714522
GEMM(4;3;0),3,240,352530757,16493103104,21914
GEMM(5;3;0),3,240,349791150,16742200320,22528
GEMM(6;3;0),3,240,375763853,16631537664,22528
GEMM(7;3;0),3,240,331818647,16498726912,22323
SYRK(7;0),3,240,338865948,16008909824,18637
SYRK(3;1),3,240,368104962,16914450432,35560585011
GEMM(4;3;1),3,240,357282962,16858292224,21709
GEMM(5;3;1),3,240,353038539,16698537984,22528
GEMM(6;3;1),3,240,344684364,16277782528,22323
GEMM(7;3;1),3,240,302302199,14153071616,22323
SYRK(7;1),3,240,314916337,14919145472,18842
SYRK(3;2),3,240,29201310,1363622912,4728719565
GEMM(4;3;2),3,240,382010798,17856360448,113286349
GEMM(5;3;2),3,240,363197125,16987660288,21914
GEMM(6;3;2),3,240,366664307,17136815104,21914
GEMM(7;3;2),3,240,315968820,15040576512,22118
SYRK(7;2),3,240,29294164,1363611648,18432
POTRF(3),3,240,10494646,491845632,0
TRSM(4;3),3,240,31718587,1476878336,0
TRSM(5;3),3,240,32270581,1476922368,0
TRSM(6;3),3,240,31880054,1476907008,0
TRSM(7;3),3,240,32205272,1476961280,0
SYRK(7;3),3,240,29996079,1363447808,0
SYRK(7;4),3,240,329479371,16353761280,47384153702
SYRK(7;5),3,240,321872959,15089344512,17391858893
SYRK(7;6),3,240,29378417,1363621888,1997188096
POTRF(7),3,240,10511508,491842560,0
SYRK(3;0),3,240,352810189,16476536832,4922714522
GEMM(4;3;0),3,240,342183602,16067799040,21914
GEMM(5;3;0),3,240,336916732,15960719360,22528
GEMM(6;3;0),3,240,351258201,16521359360,22528
GEMM(7;3;0),3,240,350292643,16173006848,22323
SYRK(7;0),3,240,334518961,16114590720,18637
SYRK(3;1),3,240,373680117,17157425152,35560585011
GEMM(4;3;1),3,240,368494959,17518525440,21709
GEMM(5;3;1),3,240,363368819,16829846528,22528
GEMM(6;3;1),3,240,358625441,17094312960,22323
GEMM(7;3;1),3,240,310481260,14623626240,22323
SYRK(7;1),3,240,325818178,15310127104,18842
SYRK(3;2),3,240,29279258,1363634176,4728719565
GEMM(4;3;2),3,240,369192986,17684701184,113286349
GEMM(5;3;2),3,240,368487665,17001293824,21914
GEMM(6;3;2),3,240,367425156,17394488320,21914
GEMM(7;3;2),3,240,337518300,16000237568,22118
SYRK(7;2),3,240,29272639,1363615744,18432
POTRF(3),3,240,10489298,491832320,0
TRSM(4;3),3,240,31718722,1476892672,0
TRSM(5;3),3,240,32227239,1476927488,0
TRSM(6;3),3,240,31857873,1476903936,0
TRSM(7;3),3,240,32203470,1476938752,0
SYRK(7;3),3,240,29976361,1363446784,0
SYRK(7;4),3,240,349984631,16585791488,47384153702
SYRK(7;5),3,240,317120630,15131118592,17391858893
SYRK(7;6),3,240,29279142,1363622912,1997188096
POTRF(7),3,240,10475794,491835392,0
SYRK(3;0),3,240,340497640,16188695552,4922714522
GEMM(4;3;0),3,240,349555898,16215092224,21914
GEMM(5;3;0),3,240,343580375,16437905408,22528
GEMM(6;3;0),3,240,351797025,16335210496,22528
GEMM(7;3;0),3,240,344694163,16323670016,22323
SYRK(7;0),3,240,347201448,16330555392,18637
SYRK(3;1),3,240,365913507,17157386240,35560585011
GEMM(4;3;1),3,240,366294391,17179981824,21709
GEMM(5;3;1),3,240,380015624,17576032256,22528
GEMM(6;3;1),3,240,357303128,17148766208,22323
GEMM(7;3;1),3,240,317162932,14874904576,22323
SYRK(7;1),3,240,322668885,15122727936,18842
SYRK(3;2),3,240,29313058,1363613696,4728719565
GEMM(4;3;2),3,240,377642029,17690973184,113286349
GEMM(5;3;2),3,240,373832592,17278728192,21914
GEMM(6;3;2),3,240,378132214,17739321344,21914
GEMM(7;3;2),3,240,336147021,16115597312,22118
SYRK(7;2),3,240,29311888,1363609600,18432
POTRF(3),3,240,10493118,491826176,0
TRSM(4;3),3,240,31718306,1476890624,0
TRSM(5;3),3,240,32254718,1476901888,0
TRSM(6;3),3,240,31888643,1476900864,0
TRSM(7;3),3,240,32205529,1476933632,0
SYRK(7;3),3,240,30026203,1363447808,0
SYRK(7;4),3,240,339513845,16191255552,47384153702
SYRK(7;5),3,240,318430585,15067725824,17391858893
SYRK(7;6),3,240,29275535,1363614720,1997188096
POTRF(7),3,240,10482976,491835392,0
SYRK(3;0),3,315,336722274,15442178048,3750893773
GEMM(4;3;0),3,315,326922223,15458947072,17613
GEMM(5;3;0),3,315,325815160,15335579648,17408
GEMM(6;3;0),3,315,334949860,15397166080,17613
GEMM(7;3;0),3,315,330485830,15400334336,17613
SYRK(7;0),3,315,323464676,15376509952,14541
SYRK(3;1),3,315,350770828,15970472960,33633557299
GEMM(4;3;1),3,315,358620479,16875694080,17408
GEMM(5;3;1),3,315,343333797,16003564544,18227
GEMM(6;3;1),3,315,352265442,16609485824,17613
GEMM(7;3;1),3,315,320433956,14904012800,18022
SYRK(7;1),3,315,252338056,11749048320,14746
SYRK(3;2),3,315,23031285,1039007744,3599444787
GEMM(4;3;2),3,315,379809184,17631331328,86284288
GEMM(5;3;2),3,315,376649124,17553020928,18022
GEMM(6;3;2),3,315,373259105,17432020992,18022
GEMM(7;3;2),3,315,335487367,15774921728,17613
SYRK(7;2),3,315,22612980,1039019008,14541
POTRF(3),3,315,8100022,374749184,0
TRSM(4;3),3,315,24531279,1125294080,0
TRSM(5;3),3,315,25040387,1125314560,0
TRSM(6;3),3,315,24715497,1125299200,0
TRSM(7;3),3,315,24941605,1125337088,0
SYRK(7;3),3,315,23226670,1038818304,0
SYRK(7;4),3,315,327759752,15654117376,47175127040
SYRK(7;5),3,315,323319503,15028535296,16332811469
SYRK(7;6),3,315,22613021,1039027200,1522360115
POTRF(7),3,315,8084535,374746112,0
SYRK(3;0),3,315,333380633,15728258048,3750893773
GEMM(4;3;0),3,315,323513806,15307325440,17613
GEMM(5;3;0),3,315,344479740,15795309568,17408
GEMM(6;3;0),3,315,341498458,15866044416,17613
GEMM(7;3;0),3,315,335479582,15678637056,17613
SYRK(7;0),3,315,329967850,15592658944,14541
SYRK(3;1),3,315,345324452,16009304064,33633557299
GEMM(4;3;1),3,315,361216344,16900638720,17408
GEMM(5;3;1),3,315,352188082,16256187392,18227
GEMM(6;3;1),3,315,341516053,16077949952,17613
GEMM(7;3;1),3,315,330374183,15358100480,18022
SYRK(7;1),3,315,268600798,12551042048,14746
SYRK(3;2),3,315,22605531,1039026176,3599444787
GEMM(4;3;2),3,315,401231465,18127549440,86284288
GEMM(5;3;2),3,315,378266398,18052922368,18022
GEMM(6;3;2),3,315,378285144,17564459008,18022
GEMM(7;3;2),3,315,312677117,14765787136,17613
SYRK(7;2),3,315,22879076,1039011840,14541
POTRF(3),3,315,8098313,374743040,0
TRSM(4;3),3,315,24543519,1125306368,0
TRSM(5;3),3,315,25061336,1125306368,0
TRSM(6;3),3,315,24633537,1125296128,0
TRSM(7;3),3,315,24820545,1125347328,0
SYRK(7;3),3,315,23169431,1038819328,0
SYRK(7;4),3,315,338799051,15778978816,47175127040
SYRK(7;5),3,315,327673263,15311479808,16332811469
SYRK(7;6),3,315,22615043,1039004672,1522360115
POTRF(7),3,315,8083969,374755328,0
SYRK(3;0),3,315,326897307,15426053120,3750893773
GEMM(4;3;0),3,315,335307826,15482095616,17613
GEMM(5;3;0),3,315,313318787,14653113344,17408
GEMM(6;3;0),3,315,332969295,15321038848,17613
GEMM(7;3;0),3,315,339361313,15652574208,17613
SYRK(7;0),3,315,321949389,15545751552,14541
SYRK(3;1),3,315,339070737,15740805120,33633557299
GEMM(4;3;1),3,315,341463266,15926882304,17408
GEMM(5;3;1),3,315,353203894,16404776960,18227
GEMM(6;3;1),3,315,340750533,16034379776,17613
GEMM(7;3;1),3,315,311878867,14648230912,18022
SYRK(7;1),3,315,328713027,15292229632,14746
SYRK(3;2),3,315,22607750,1039019008,3599444787
GEMM(4;3;2),3,315,383207819,18247463936,86284288
GEMM(5;3;2),3,315,384263987,17641015296,18022
GEMM(6;3;2),3,315,373095593,17583657984,18022
GEMM(7;3;2),3,315,325451547,15138641920,17613
SYRK(7;2),3,315,22165477,1039004672,14541
POTRF(3),3,315,8104246,374739968,0
TRSM(4;3),3,315,24517682,1125313536,0
TRSM(5;3),3,315,25061724,1125321728,0
TRSM(6;3),3,315,24642302,1125297152,0
TRSM(7;3),3,315,23656775,1125344256,0
SYRK(7;3),3,315,24271090,1038818304,0
SYRK(7;4),3,315,326284279,15406253056,47175127040
SYRK(7;5),3,315,318659280,14825535488,16332811469
SYRK(7;6),3,315,22625458,1039015936,1522360115
POTRF(7),3,315,8107820,374738944,0
SYRK(3;0),3,315,332820665,15438825472,3750893773
GEMM(4;3;0),3,315,328671348,15311410176,17613
GEMM(5;3;0),3,315,333412424,15560968192,17408
GEMM(6;3;0),3,315,333788777,15525091328,17613
GEMM(7;3;0),3,315,326405845,15313551360,17613
SYRK(7;0),3,315,317835924,15004938240,14541
SYRK(3;1),3,315,343901375,15956134912,33633557299
GEMM(4;3;1),3,315,357694822,16693067776,17408
GEMM(5;3;1),3,315,353041278,16233147392,18227
GEMM(6;3;1),3,315,355847186,16937072640,17613
GEMM(7;3;1),3,315,294111152,13781087232,18022
SYRK(7;1),3,315,318161750,14872154112,14746
SYRK(3;2),3,315,22691469,1039020032,3599444787
GEMM(4;3;2),3,315,382641423,17882210304,86284288
GEMM(5;3;2),3,315,386383291,17839958016,18022
GEMM(6;3;2),3,315,381647387,17667929088,18022
GEMM(7;3;2),3,315,319737494,15051283456,17613
SYRK(7;2),3,315,22052514,1039019008,14541
POTRF(3),3,315,8093534,374738944,0
TRSM(4;3),3,315,24520983,1125299200,0
TRSM(5;3),3,315,25070049,1125307392,0
TRSM(6;3),3,315,24697674,1125305344,0
TRSM(7;3),3,315,24921125,1125334016,0
SYRK(7;3),3,315,23199975,1038819328,0
SYRK(7;4),3,315,337933082,15827024896,47175127040
SYRK(7;5),3,315,244208719,11495800832,16332811469
SYRK(7;6),3,315,22613361,1039009792,1522360115
POTRF(7),3,315,8087682,374750208,0
SYRK(3;0),3,315,330313823,15486767104,3750893773
GEMM(4;3;0),3,315,334994158,15553751040,17613
GEMM(5;3;0),3,315,324656741,15419448320,17408
GEMM(6;3;0),3,315,339627813,15416966144,17613
GEMM(7;3;0),3,315,332504624,15569514496,17613
SYRK(7;0),3,315,341907039,16208049152,14541
SYRK(3;1),3,315,363356928,16834411520,33633557299
GEMM(4;3;1),3,315,358041331,16523235328,17408
GEMM(5;3;1),3,315,343604481,15825217536,18227
GEMM(6;3;1),3,315,357344771,16986429440,17613
GEMM(7;3;1),3,315,311049996,14554876928,18022
SYRK(7;1),3,315,322057626,14969034752,14746
SYRK(3;2),3,315,22661685,1039017984,3599444787
GEMM(4;3;2),3,315,387566201,18014683136,86284288
GEMM(5;3;2),3,315,385491728,17882281984,18022
GEMM(6;3;2),3,315,383196475,17944595456,18022
GEMM(7;3;2),3,315,342662979,16243777536,17613
SYRK(7;2),3,315,22274410,1039024128,14541
POTRF(3),3,315,8096043,374737920,0
TRSM(4;3),3,315,24519508,1125308416,0
TRSM(5;3),3,315,25058882,1125312512,0
TRSM(6;3),3,315,24715123,1125298176,0
TRSM(7;3),3,315,24930196,1125337088,0
SYRK(7;3),3,315,23177057,1038819328,0
SYRK(7;4),3,315,330919380,15684212736,47175127040
SYRK(7;5),3,315,331592246,15394563072,16332811469
SYRK(7;6),3,315,22662404,1039022080,1522360115
POTRF(7),3,315,8192006,374737920,0
SYRK(3;0),3,390,337020927,15892489216,3029576499
GEMM(4;3;0),3,390,339846507,15671983104,14746
GEMM(5;3;0),3,390,339343627,15623467008,14541
GEMM(6;3;0),3,390,347780045,16355340288,14746
GEMM(7;3;0),3,390,358153741,16294036480,14950
SYRK(7;0),3,390,338478653,16032109568,12698
SYRK(3;1),3,390,364774126,16522022912,32811830272
GEMM(4;3;1),3,390,355507577,16733578240,15155
GEMM(5;3;1),3,390,360294069,16563405824,15155
GEMM(6;3;1),3,390,358796900,16791515136,15155
GEMM(7;3;1),3,390,287513841,13437522944,14950
SYRK(7;1),3,390,257978509,11911147520,12493
SYRK(3;2),3,390,18573437,839271424,2906800538
GEMM(4;3;2),3,390,385828413,17766004736,69661696
GEMM(5;3;2),3,390,368693913,17076420608,14541
GEMM(6;3;2),3,390,373414844,17170594816,14950
GEMM(7;3;2),3,390,321853709,15195412480,14541
SYRK(7;2),3,390,18088380,839286784,12493
POTRF(3),3,390,6631624,302689280,0
TRSM(4;3),3,390,20081263,908916736,0
TRSM(5;3),3,390,20611616,908932096,0
TRSM(6;3),3,390,20275293,908940288,0
TRSM(7;3),3,390,20450402,908956672,0
SYRK(7;3),3,390,19042084,839045120,0
SYRK(7;4),3,390,334286910,15883780096,46535487283
SYRK(7;5),3,390,319312091,15026682880,16521027584
SYRK(7;6),3,390,18629593,839268352,1229095526
POTRF(7),3,390,6606866,302687232,0
SYRK(3;0),3,390,337155617,15762902016,3029576499
GEMM(4;3;0),3,390,327710573,15183003648,14746
GEMM(5;3;0),3,390,334668120,15545094144,14541
GEMM(6;3;0),3,390,337564969,15639827456,14746
GEMM(7;3;0),3,390,343848757,16052747264,14950
SYRK(7;0),3,390,342587542,15915904000,12698
SYRK(3;1),3,390,351083250,15938026496,32811830272
GEMM(4;3;1),3,390,365007052,16948905984,15155
GEMM(5;3;1),3,390,368906406,17328006144,15155
GEMM(6;3;1),3,390,355863867,16456082432,15155
GEMM(7;3;1),3,390,310786099,14248619008,14950
SYRK(7;1),3,390,319891112,15043919872,12493
SYRK(3;2),3,390,21881810,839266304,2906800538
GEMM(4;3;2),3,390,379808592,17788883968,69661696
GEMM(5;3;2),3,390,372842082,17564818432,14541
GEMM(6;3;2),3,390,361224145,16616738816,14950
GEMM(7;3;2),3,390,337063967,15778258944,14541
SYRK(7;2),3,390,18780776,839273472,12493
POTRF(3),3,390,6635196,302694400,0
TRSM(4;3),3,390,20099173,908928000,0
TRSM(5;3),3,390,20628711,908932096,0
TRSM(6;3),3,390,20254479,908921856,0
TRSM(7;3),3,390,20431651,908968960,0
SYRK(7;3),3,390,19055230,839045120,0
SYRK(7;4),3,390,345949643,16028608512,46535487283
SYRK(7;5),3,390,291870029,13703048192,16521027584
SYRK(7;6),3,390,18631066,839266304,1229095526
POTRF(7),3,390,6646567,302687232,0
SYRK(3;0),3,390,343812316,15790494720,3029576499
GEMM(4;3;0),3,390,332948227,15323900928,14746
GEMM(5;3;0),3,390,334388972,15490630656,14541
GEMM(6;3;0),3,390,341132947,16027319296,14746
GEMM(7;3;0),3,390,346023529,15955813376,14950
SYRK(7;0),3,390,340429476,15840904192,12698
SYRK(3;1),3,390,349530355,16136636416,32811830272
GEMM(4;3;1),3,390,336937441,15843047424,15155
GEMM(5;3;1),3,390,384717381,17021639680,15155
GEMM(6;3;1),3,390,351607802,16823762944,15155
GEMM(7;3;1),3,390,314012149,14798477312,14950
SYRK(7;1),3,390,324404020,15020460032,12493
SYRK(3;2),3,390,18503338,839264256,2906800538
GEMM(4;3;2),3,390,387366717,17701976064,69661696
GEMM(5;3;2),3,390,361313741,17014658048,14541
GEMM(6;3;2),3,390,370165286,17132524544,14950
GEMM(7;3;2),3,390,346340751,16058727424,14541
SYRK(7;2),3,390,18184930,839285760,12493
POTRF(3),3,390,6635177,302696448,0
TRSM(4;3),3,390,20095557,908920832,0
TRSM(5;3),3,390,20628018,908943360,0
TRSM(6;3),3,390,20212162,908917760,0
TRSM(7;3),3,390,20379354,908976128,0
SYRK(7;3),3,390,18961710,839046144,0
SYRK(7;4),3,390,346038540,16075059200,46535487283
SYRK(7;5),3,390,306172713,14253181952,16521027584
SYRK(7;6),3,390,18636403,839266304,1229095526
POTRF(7),3,390,6614936,302682112,0
SYRK(3;0),3,390,348759164,15995968512,3029576499
GEMM(4;3;0),3,390,340377353,15581645824,14746
GEMM(5;3;0),3,390,351257960,16277241856,14541
GEMM(6;3;0),3,390,341010346,16111927296,14746
GEMM(7;3;0),3,390,345022701,15743538176,14950
SYRK(7;0),3,390,336697932,15772253184,12698
SYRK(3;1),3,390,360136070,16693790720,32811830272
GEMM(4;3;1),3,390,353394488,16409260032,15155
GEMM(5;3;1),3,390,354278503,16218918912,15155
GEMM(6;3;1),3,390,352246993,16566977536,15155
GEMM(7;3;1),3,390,287500632,13160884224,14950
SYRK(7;1),3,390,319981051,15052380160,12493
SYRK(3;2),3,390,18534416,839272448,2906800538
GEMM(4;3;2),3,390,388870186,17824697344,69661696
GEMM(5;3;2),3,390,379270452,17549744128,14541
GEMM(6;3;2),3,390,351427733,16620705792,14950
GEMM(7;3;2),3,390,328846029,15190762496,14541
SYRK(7;2),3,390,18236423,839267328,12493
POTRF(3),3,390,6624610,302687232,0
TRSM(4;3),3,390,20086164,908923904,0
TRSM(5;3),3,390,20618471,908939264,0
TRSM(6;3),3,390,20208398,908930048,0
TRSM(7;3),3,390,20380690,908959744,0
SYRK(7;3),3,390,18956291,839047168,0
SYRK(7;4),3,390,342816170,16269763584,46535487283
SYRK(7;5),3,390,316889624,14683686912,16521027584
SYRK(7;6),3,390,18515218,839274496,1229095526
POTRF(7),3,390,6647001,302694400,0
SYRK(3;0),3,390,348588419,16002257920,3029576499
GEMM(4;3;0),3,390,344543584,15971522560,14746
GEMM(5;3;0),3,390,332030830,15784674304,14541
GEMM(6;3;0),3,390,353874527,16348274688,14746
GEMM(7;3;0),3,390,350959432,16279516160,14950
SYRK(7;0),3,390,349573201,16119762944,12698
SYRK(3;1),3,390,370267815,16792008704,32811830272
GEMM(4;3;1),3,390,352888182,16520236032,15155
GEMM(5;3;1),3,390,383897558,17204417536,15155
GEMM(6;3;1),3,390,354558041,17025087488,15155
GEMM(7;3;1),3,390,304077203,14248203264,14950
SYRK(7;1),3,390,320913926,14841416704,12493
SYRK(3;2),3,390,18510862,839266304,2906800538
GEMM(4;3;2),3,390,380862601,17680601088,69661696
GEMM(5;3;2),3,390,367334807,17052795904,14541
GEMM(6;3;2),3,390,374449926,17262126080,14950
GEMM(7;3;2),3,390,338238326,15932994560,14541
SYRK(7;2),3,390,18538500,839254016,12493
POTRF(3),3,390,6625385,302687232,0
TRSM(4;3),3,390,20094587,908919808,0
TRSM(5;3),3,390,20610828,908941312,0
TRSM(6;3),3,390,20238341,908937216,0
TRSM(7;3),3,390,20439691,908963840,0
SYRK(7;3),3,390,19046848,839046144,0
SYRK(7;4),3,390,345421513,16322415616,46535487283
SYRK(7;5),3,390,321153302,14959321088,16521027584
SYRK(7;6),3,390,18533004,839266304,1229095526
POTRF(7),3,390,6752350,302674944,0
SYRK(3;0),3,465,346775256,15650332672,2541031424
GEMM(4;3;0),3,465,339316076,15667996672,12902
GEMM(5;3;0),3,465,336828383,15602437120,13107
GEMM(6;3;0),3,465,340330296,15623857152,12698
GEMM(7;3;0),3,465,335195853,15630231552,12902
SYRK(7;0),3,465,339538585,15605182464,11264
SYRK(3;1),3,465,356698903,16374656000,32399611085
GEMM(4;3;1),3,465,349097149,16167995392,12698
GEMM(5;3;1),3,465,360526581,16490531840,13312
GEMM(6;3;1),3,465,354976847,16459614208,13312
GEMM(7;3;1),3,465,291324049,13478233088,12902
SYRK(7;1),3,465,328589545,15097003008,10854
SYRK(3;2),3,465,18604300,703985664,2436975821
GEMM(4;3;2),3,465,389577602,18057197568,58384998
GEMM(5;3;2),3,465,374467112,17402307584,13107
GEMM(6;3;2),3,465,375089709,17313222656,13107
GEMM(7;3;2),3,465,318503153,14798583808,13107
SYRK(7;2),3,465,16383613,703989760,10650
POTRF(3),3,465,5638971,253871104,0
TRSM(4;3),3,465,17054742,762358784,0
TRSM(5;3),3,465,17603495,762366976,0
TRSM(6;3),3,465,17119915,762354688,0
TRSM(7;3),3,465,17319749,762393600,0
SYRK(7;3),3,465,16052835,703715328,0
SYRK(7;4),3,465,335493877,15740602368,46623519539
SYRK(7;5),3,465,319483566,14710534144,16113818010
SYRK(7;6),3,465,15726726,704001024,1030386688
POTRF(7),3,465,5604383,253872128,0
SYRK(3;0),3,465,338417164,15747812352,2541031424
GEMM(4;3;0),3,465,327221426,14847315968,12902
GEMM(5;3;0),3,465,338618977,15697338368,13107
GEMM(6;3;0),3,465,347694962,15516320768,12698
GEMM(7;3;0),3,465,330630947,15919024128,12902
SYRK(7;0),3,465,339987070,15598507008,11264
SYRK(3;1),3,465,366515469,16776583168,32399611085
GEMM(4;3;1),3,465,349844600,16326984704,12698
GEMM(5;3;1),3,465,356439358,16490499072,13312
GEMM(6;3;1),3,465,360751221,16148263936,13312
GEMM(7;3;1),3,465,318582329,15013936128,12902
SYRK(7;1),3,465,318254872,14741812224,10854
SYRK(3;2),3,465,19405285,703963136,2436975821
GEMM(4;3;2),3,465,390663767,18279305216,58384998
GEMM(5;3;2),3,465,388337711,18031859712,13107
GEMM(6;3;2),3,465,383233259,17648264192,13107
GEMM(7;3;2),3,465,343241066,15754729472,13107
SYRK(7;2),3,465,15205550,703975424,10650
POTRF(3),3,465,5619921,253863936,0
TRSM(4;3),3,465,17102478,762350592,0
TRSM(5;3),3,465,17604748,762362880,0
TRSM(6;3),3,465,17265732,762361856,0
TRSM(7;3),3,465,17388078,762389504,0
SYRK(7;3),3,465,16103780,703716352,0
SYRK(7;4),3,465,338774509,15867045888,46623519539
SYRK(7;5),3,465,305517498,14180506624,16113818010
SYRK(7;6),3,465,15732632,703990784,1030386688
POTRF(7),3,465,5609636,253873152,0
SYRK(3;0),3,465,335318525,15615888384,2541031424
GEMM(4;3;0),3,465,336065680,15241225216,12902
GEMM(5;3;0),3,465,328931654,15303400448,13107
GEMM(6;3;0),3,465,335772577,15360392192,12698
GEMM(7;3;0),3,465,324902534,15111540736,12902
SYRK(7;0),3,465,340828945,15708383232,11264
SYRK(3;1),3,465,371378765,16988453888,32399611085
GEMM(4;3;1),3,465,372139591,17099399168,12698
GEMM(5;3;1),3,465,364593366,16846188544,13312
GEMM(6;3;1),3,465,355120786,16309871616,13312
GEMM(7;3;1),3,465,303797346,14049177600,12902
SYRK(7;1),3,465,325066159,14951239680,10854
SYRK(3;2),3,465,15698579,703972352,2436975821
GEMM(4;3;2),3,465,402619529,18388523008,58384998
GEMM(5;3;2),3,465,361558806,16837389312,13107
GEMM(6;3;2),3,465,390801712,17821960192,13107
GEMM(7;3;2),3,465,337827437,15712827392,13107
SYRK(7;2),3,465,16423687,703973376,10650
POTRF(3),3,465,5627121,253872128,0
TRSM(4;3),3,465,17067131,762360832,0
TRSM(5;3),3,465,17619420,762359808,0
TRSM(6;3),3,465,17220325,762357760,0
TRSM(7;3),3,465,17331273,762387456,0
SYRK(7;3),3,465,16049141,703714304,0
SYRK(7;4),3,465,336495581,15735884800,46623519539
SYRK(7;5),3,465,328247867,15252020224,16113818010
SYRK(7;6),3,465,15731479,703983616,1030386688
POTRF(7),3,465,5615828,253873152,0
SYRK(3;0),3,465,335534387,15930592256,2541031424
GEMM(4;3;0),3,465,342386412,15964060672,12902
GEMM(5;3;0),3,465,345773987,15935085568,13107
GEMM(6;3;0),3,465,342278281,15562470400,12698
GEMM(7;3;0),3,465,339588171,15842055168,12902
SYRK(7;0),3,465,338536942,15505937408,11264
SYRK(3;1),3,465,366509589,16907825152,32399611085
GEMM(4;3;1),3,465,371599142,16890915840,12698
GEMM(5;3;1),3,465,353087325,16350298112,13312
GEMM(6;3;1),3,465,365132734,16852074496,13312
GEMM(7;3;1),3,465,294143133,13639154688,12902
SYRK(7;1),3,465,330347054,15252348928,10854
SYRK(3;2),3,465,15775207,703977472,2436975821
GEMM(4;3;2),3,465,390639849,18185970688,58384998
GEMM(5;3;2),3,465,381461264,17749016576,13107
GEMM(6;3;2),3,465,393291740,17934866432,13107
GEMM(7;3;2),3,465,318684896,14869241856,13107
SYRK(7;2),3,465,16320652,703969280,10650
POTRF(3),3,465,5631015,253875200,0
TRSM(4;3),3,465,17068295,762352640,0
TRSM(5;3),3,465,17609411,762369024,0
TRSM(6;3),3,465,17189645,762348544,0
TRSM(7;3),3,465,17333180,762392576,0
SYRK(7;3),3,465,16064174,703715328,0
SYRK(7;4),3,465,338236464,15832302592,46623519539
SYRK(7;5),3,465,321929434,14845250560,16113818010
SYRK(7;6),3,465,15743854,703984640,1030386688
POTRF(7),3,465,5616447,253877248,0
SYRK(3;0),3,465,343633969,15769543680,2541031424
GEMM(4;3;0),3,465,329777452,15368980480,12902
GEMM(5;3;0),3,465,331731825,15523587072,13107
GEMM(6;3;0),3,465,342532518,15756395520,12698
GEMM(7;3;0),3,465,340794397,15296068608,12902
SYRK(7;0),3,465,336526029,15593893888,11264
SYRK(3;1),3,465,362699725,16476359680,32399611085
GEMM(4;3;1),3,465,353534741,16493244416,12698
GEMM(5;3;1),3,465,370137749,16331461632,13312
GEMM(6;3;1),3,465,364033778,16985836544,13312
GEMM(7;3;1),3,465,307437157,14555063296,12902
SYRK(7;1),3,465,231188726,10616880128,10854
SYRK(3;2),3,465,15822789,703964160,2436975821
GEMM(4;3;2),3,465,385688684,17967131648,58384998
GEMM(5;3;2),3,465,380827642,17720905728,13107
GEMM(6;3;2),3,465,402003159,17686930432,13107
GEMM(7;3;2),3,465,314989803,15283452928,13107
SYRK(7;2),3,465,15834595,703995904,10650
POTRF(3),3,465,5629321,253868032,0
TRSM(4;3),3,465,17103764,762355712,0
TRSM(5;3),3,465,17599885,762364928,0
TRSM(6;3),3,465,17238682,762358784,0
TRSM(7;3),3,465,17383651,762381312,0
SYRK(7;3),3,465,16131281,703715328,0
SYRK(7;4),3,465,344124194,16113648640,46623519539
SYRK(7;5),3,465,305521566,14175965184,16113818010
SYRK(7;6),3,465,15781180,703993856,1030386688
POTRF(7),3,465,5616329,253873152,0
SYRK(3;0),3,540,320509599,15406203904,2188261990
GEMM(4;3;0),3,540,346604447,15663490048,11878
GEMM(5;3;0),3,540,327628644,15108021248,11674
GEMM(6;3;0),3,540,323865652,14936435712,11469
GEMM(7;3;0),3,540,321261343,14710757376,11674
SYRK(7;0),3,540,332311430,15156823040,9830
SYRK(3;1),3,540,358708851,16326814720,32020639744
GEMM(4;3;1),3,540,353861657,16278026240,11264
GEMM(5;3;1),3,540,350113634,16144279552,11878
GEMM(6;3;1),3,540,383615000,17273843712,11469
GEMM(7;3;1),3,540,318291736,14594770944,11469
SYRK(7;1),3,540,331350818,15307304960,9830
SYRK(3;2),3,540,13722466,607290368,2097877606
GEMM(4;3;2),3,540,386869985,17774442496,49258496
GEMM(5;3;2),3,540,392893210,17739406336,11674
GEMM(6;3;2),3,540,381773557,17864002560,11469
GEMM(7;3;2),3,540,344399516,15728179200,11264
SYRK(7;2),3,540,13322802,607270912,9830
POTRF(3),3,540,4912623,218619904,0
TRSM(4;3),3,540,14925694,656483328,0
TRSM(5;3),3,540,15415135,656500736,0
TRSM(6;3),3,540,14902316,656493568,0
TRSM(7;3),3,540,15035774,656546816,0
SYRK(7;3),3,540,13982520,605978624,0
SYRK(7;4),3,540,343277748,15976078336,47182154547
SYRK(7;5),3,540,330046439,15230431232,15940960461
SYRK(7;6),3,540,13676572,607260672,888151450
POTRF(7),3,540,4885317,218624000,0
SYRK(3;0),3,540,345690105,15735579648,2188261990
GEMM(4;3;0),3,540,340790820,15603043328,11878
GEMM(5;3;0),3,540,341152051,15871905792,11674
GEMM(6;3;0),3,540,341018212,15574861824,11469
GEMM(7;3;0),3,540,334503565,15297809408,11674
SYRK(7;0),3,540,341220420,15568997376,9830
SYRK(3;1),3,540,372231698,16408527872,32020639744
GEMM(4;3;1),3,540,349783145,16397093888,11264
GEMM(5;3;1),3,540,341945207,15775840256,11878
GEMM(6;3;1),3,540,343610303,15776470016,11469
GEMM(7;3;1),3,540,314507677,14221535232,11469
SYRK(7;1),3,540,320730196,14834555904,9830
SYRK(3;2),3,540,13752229,607148032,2097877606
GEMM(4;3;2),3,540,401694396,18099627008,49258496
GEMM(5;3;2),3,540,392776616,18124845056,11674
GEMM(6;3;2),3,540,389208587,17565975552,11469
GEMM(7;3;2),3,540,315447486,14826626048,11264
SYRK(7;2),3,540,14552180,607271936,9830
POTRF(3),3,540,4901102,218626048,0
TRSM(4;3),3,540,14931813,656497664,0
TRSM(5;3),3,540,15430693,656492544,0
TRSM(6;3),3,540,15054603,656497664,0
TRSM(7;3),3,540,15176363,656522240,0
SYRK(7;3),3,540,14064189,605977600,0
SYRK(7;4),3,540,346112341,15856911360,47182154547
SYRK(7;5),3,540,327671727,15009067008,15940960461
SYRK(7;6),3,540,13769613,607164416,888151450
POTRF(7),3,540,4880694,218620928,0
SYRK(3;0),3,540,353553921,15975532544,2188261990
GEMM(4;3;0),3,540,341334732,15808698368,11878
GEMM(5;3;0),3,540,339391062,15720971264,11674
GEMM(6;3;0),3,540,345135722,15847156736,11469
GEMM(7;3;0),3,540,346507089,15409523712,11674
SYRK(7;0),3,540,337611136,15844519936,9830
SYRK(3;1),3,540,356539354,16343348224,32020639744
GEMM(4;3;1),3,540,343034930,15646490624,11264
GEMM(5;3;1),3,540,348268032,16168453120,11878
GEMM(6;3;1),3,540,353398030,15948390400,11469
GEMM(7;3;1),3,540,310577859,14277009408,11469
SYRK(7;1),3,540,277915102,12775769088,9830
SYRK(3;2),3,540,13747177,607224832,2097877606
GEMM(4;3;2),3,540,389456319,18019420160,49258496
GEMM(5;3;2),3,540,386788260,17567725568,11674
GEMM(6;3;2),3,540,389254806,17832579072,11469
GEMM(7;3;2),3,540,323033228,14952321024,11264
SYRK(7;2),3,540,12754018,607195136,9830
POTRF(3),3,540,4917274,218622976,0
TRSM(4;3),3,540,14903798,656490496,0
TRSM(5;3),3,540,15430621,656501760,0
TRSM(6;3),3,540,15039013,656494592,0
TRSM(7;3),3,540,15188230,656525312,0
SYRK(7;3),3,540,14038245,605977600,0
SYRK(7;4),3,540,340542255,15828395008,47182154547
SYRK(7;5),3,540,319287370,14705722368,15940960461
SYRK(7;6),3,540,13830955,607276032,888151450
POTRF(7),3,540,4914821,218620928,0
SYRK(3;0),3,540,340325367,15750034432,2188261990
GEMM(4;3;0),3,540,334922708,15236933632,11878
GEMM(5;3;0),3,540,326310175,15138126848,11674
GEMM(6;3;0),3,540,353766628,16063172608,11469
GEMM(7;3;0),3,540,350528394,15644388352,11674
SYRK(7;0),3,540,334612800,15753744384,9830
SYRK(3;1),3,540,376859431,17145074688,32020639744
GEMM(4;3;1),3,540,351038275,16259457024,11264
GEMM(5;3;1),3,540,359545456,16593141760,11878
GEMM(6;3;1),3,540,374052850,17010853888,11469
GEMM(7;3;1),3,540,323759832,14760627200,11469
SYRK(7;1),3,540,320385643,14844769280,9830
SYRK(3;2),3,540,13716584,607172608,2097877606
GEMM(4;3;2),3,540,394813075,18153689088,49258496
GEMM(5;3;2),3,540,385337865,17941257216,11674
GEMM(6;3;2),3,540,389045854,17809277952,11469
GEMM(7;3;2),3,540,351877904,16103957504,11264
SYRK(7;2),3,540,14215314,607264768,9830
POTRF(3),3,540,4913024,218633216,0
TRSM(4;3),3,540,14920359,656491520,0
TRSM(5;3),3,540,15423938,656494592,0
TRSM(6;3),3,540,15039562,656492544,0
TRSM(7;3),3,540,15145926,656530432,0
SYRK(7;3),3,540,14030459,605977600,0
SYRK(7;4),3,540,345431779,15972561920,47182154547
SYRK(7;5),3,540,252540416,11637150720,15940960461
SYRK(7;6),3,540,13907315,607249408,888151450
POTRF(7),3,540,4884179,218616832,0
SYRK(3;0),3,540,346417446,15870086144,2188261990
GEMM(4;3;0),3,540,342640258,15569230848,11878
GEMM(5;3;0),3,540,347917726,15887944704,11674
GEMM(6;3;0),3,540,349502887,15965671424,11469
GEMM(7;3;0),3,540,344945979,15715762176,11674
SYRK(7;0),3,540,327977987,15325701120,9830
SYRK(3;1),3,540,368862682,16879052800,32020639744
GEMM(4;3;1),3,540,353926568,16265525248,11264
GEMM(5;3;1),3,540,351924772,15931486208,11878
GEMM(6;3;1),3,540,353360773,16336947200,11469
GEMM(7;3;1),3,540,301963112,13846980608,11469
SYRK(7;1),3,540,321564544,14718742528,9830
SYRK(3;2),3,540,14206342,607331328,2097877606
GEMM(4;3;2),3,540,402432387,18166581248,49258496
GEMM(5;3;2),3,540,395120796,18119579648,11674
GEMM(6;3;2),3,540,365504333,16955207680,11469
GEMM(7;3;2),3,540,344863152,15707261952,11264
SYRK(7;2),3,540,13117104,607331328,9830
POTRF(3),3,540,4900985,218617856,0
TRSM(4;3),3,540,14927031,656489472,0
TRSM(5;3),3,540,15435603,656500736,0
TRSM(6;3),3,540,15032695,656499712,0
TRSM(7;3),3,540,15136676,656530432,0
SYRK(7;3),3,540,14010405,605978624,0
SYRK(7;4),3,540,338562583,15735945216,47182154547
SYRK(7;5),3,540,326937734,14934258688,15940960461
SYRK(7;6),3,540,13787987,607284224,888151450
POTRF(7),3,540,4903780,218619904,0
SYRK(3;0),3,615,329745108,15401657344,1921410253
GEMM(4;3;0),3,615,340462429,15544867840,10445
GEMM(5;3;0),3,615,339729747,15486943232,10240
GEMM(6;3;0),3,615,336251661,15269895168,10445
GEMM(7;3;0),3,615,340248503,15369009152,10854
SYRK(7;0),3,615,344563607,15878341632,8806
SYRK(3;1),3,615,369084339,16783725568,31727163187
GEMM(4;3;1),3,615,369700783,16846932992,10650
GEMM(5;3;1),3,615,362208188,16169252864,10854
GEMM(6;3;1),3,615,344463914,15811469312,10854
GEMM(7;3;1),3,615,293027271,13578589184,10854
SYRK(7;1),3,615,315227124,14325478400,9216
SYRK(3;2),3,615,16845592,677512192,1851554202
GEMM(4;3;2),3,615,387225218,17507677184,10854
GEMM(5;3;2),3,615,378239633,17228527616,10445
GEMM(6;3;2),3,615,376175775,17220311040,10240
GEMM(7;3;2),3,615,341844186,15577182208,10445
SYRK(7;2),3,615,13665571,590655488,9011
POTRF(3),3,615,4292920,191965184,0
TRSM(4;3),3,615,13252621,576458752,0
TRSM(5;3),3,615,13749033,576462848,0
TRSM(6;3),3,615,13429211,576451584,0
TRSM(7;3),3,615,13524485,576485376,0
SYRK(7;3),3,615,12536640,532077568,0
SYRK(7;4),3,615,349612732,15902663680,44681542042
SYRK(7;5),3,615,325585720,14858937344,15792467968
SYRK(7;6),3,615,13511649,590967808,805683814
POTRF(7),3,615,4317386,191971328,0
SYRK(3;0),3,615,338053214,15515442176,1921410253
GEMM(4;3;0),3,615,334509714,15076782080,10445
GEMM(5;3;0),3,615,336163394,15336530944,10240
GEMM(6;3;0),3,615,355246155,15284940800,10445
GEMM(7;3;0),3,615,321695555,15675174912,10854
SYRK(7;0),3,615,330944386,14990955520,8806
SYRK(3;1),3,615,369827265,16648170496,31727163187
GEMM(4;3;1),3,615,353191641,16153227264,10650
GEMM(5;3;1),3,615,368266201,16468719616,10854
GEMM(6;3;1),3,615,348154838,16039520256,10854
GEMM(7;3;1),3,615,316653309,14434450432,10854
SYRK(7;1),3,615,325984262,14904273920,9216
SYRK(3;2),3,615,24226632,693318656,1851554202
GEMM(4;3;2),3,615,377809895,17513410560,10854
GEMM(5;3;2),3,615,392071547,17500191744,10445
GEMM(6;3;2),3,615,380219316,17474269184,10240
GEMM(7;3;2),3,615,321582818,14796971008,10445
SYRK(7;2),3,615,13790538,590842880,9011
POTRF(3),3,615,4353330,191969280,0
TRSM(4;3),3,615,13264171,576452608,0
TRSM(5;3),3,615,13755451,576465920,0
TRSM(6;3),3,615,13438481,576461824,0
TRSM(7;3),3,615,13519370,576473088,0
SYRK(7;3),3,615,12501999,532078592,0
SYRK(7;4),3,615,332726980,15882253312,44681542042
SYRK(7;5),3,615,329292100,15018265600,15792467968
SYRK(7;6),3,615,13591932,590901248,805683814
POTRF(7),3,615,4247877,191966208,0
SYRK(3;0),3,615,353874859,15687598080,1921410253
GEMM(4;3;0),3,615,334497615,15361456128,10445
GEMM(5;3;0),3,615,351783157,15837443072,10240
GEMM(6;3;0),3,615,335350955,15576870912,10445
GEMM(7;3;0),3,615,340543339,15247593472,10854
SYRK(7;0),3,615,332742008,15310580736,8806
SYRK(3;1),3,615,375284354,16735787008,31727163187
GEMM(4;3;1),3,615,350261814,15920720896,10650
GEMM(5;3;1),3,615,362288501,16424484864,10854
GEMM(6;3;1),3,615,365464458,16724748288,10854
GEMM(7;3;1),3,615,321271699,14639497216,10854
SYRK(7;1),3,615,288489023,13268012032,9216
SYRK(3;2),3,615,16072898,676538368,1851554202
GEMM(4;3;2),3,615,393080659,17602565120,10854
GEMM(5;3;2),3,615,380284474,17422526464,10445
GEMM(6;3;2),3,615,365353837,16704000000,10240
GEMM(7;3;2),3,615,342810694,15635389440,10445
SYRK(7;2),3,615,13326446,590885888,9011
POTRF(3),3,615,4359526,191963136,0
TRSM(4;3),3,615,13268008,576449536,0
TRSM(5;3),3,615,13737993,576466944,0
TRSM(6;3),3,615,13416184,576457728,0
TRSM(7;3),3,615,13551270,576479232,0
SYRK(7;3),3,615,12560517,532077568,0
SYRK(7;4),3,615,346099825,16036594688,44681542042
SYRK(7;5),3,615,310857505,14144437248,15792467968
SYRK(7;6),3,615,13350232,590766080,805683814
POTRF(7),3,615,4307517,191969280,0
SYRK(3;0),3,615,344724888,15794186240,1921410253
GEMM(4;3;0),3,615,335546425,15251186688,10445
GEMM(5;3;0),3,615,334522512,15479088128,10240
GEMM(6;3;0),3,615,344439614,15536458752,10445
GEMM(7;3;0),3,615,343326912,15514423296,10854
SYRK(7;0),3,615,326807708,15040535552,8806
SYRK(3;1),3,615,375581713,16809733120,31727163187
GEMM(4;3;1),3,615,369452041,16851352576,10650
GEMM(5;3;1),3,615,375165013,16979166208,10854
GEMM(6;3;1),3,615,372802087,17250078720,10854
GEMM(7;3;1),3,615,324576364,14411013120,10854
SYRK(7;1),3,615,299897537,13862701056,9216
SYRK(3;2),3,615,17258073,682855424,1851554202
GEMM(4;3;2),3,615,386870050,17413286912,10854
GEMM(5;3;2),3,615,370510984,17035563008,10445
GEMM(6;3;2),3,615,371524129,16865566720,10240
GEMM(7;3;2),3,615,338545912,15457757184,10445
SYRK(7;2),3,615,13250672,590854144,9011
POTRF(3),3,615,4494057,191969280,0
TRSM(4;3),3,615,13268572,576451584,0
TRSM(5;3),3,615,13754980,576459776,0
TRSM(6;3),3,615,13446153,576453632,0
TRSM(7;3),3,615,13574659,576480256,0
SYRK(7;3),3,615,12552392,532077568,0
SYRK(7;4),3,615,347969800,15955261440,44681542042
SYRK(7;5),3,615,327252851,14835251200,15792467968
SYRK(7;6),3,615,13359824,590917632,805683814
POTRF(7),3,615,4548068,191969280,0
SYRK(3;0),3,615,346748805,15628282880,1921410253
GEMM(4;3;0),3,615,340994708,15590766592,10445
GEMM(5;3;0),3,615,351243040,15843221504,10240
GEMM(6;3;0),3,615,337984079,15720321024,10445
GEMM(7;3;0),3,615,335001465,14852781056,10854
SYRK(7;0),3,615,330100861,15317593088,8806
SYRK(3;1),3,615,375042886,16818406400,31727163187
GEMM(4;3;1),3,615,364838335,16636319744,10650
GEMM(5;3;1),3,615,360673162,16512955392,10854
GEMM(6;3;1),3,615,360240426,16158440448,10854
GEMM(7;3;1),3,615,253733208,11554743296,10854
SYRK(7;1),3,615,310164515,14296324096,9216
SYRK(3;2),3,615,21590210,682395648,1851554202
GEMM(4;3;2),3,615,382576907,17589786624,10854
GEMM(5;3;2),3,615,376892380,17214953472,10445
GEMM(6;3;2),3,615,387403972,17341476864,10240
GEMM(7;3;2),3,615,343856490,15915106304,10445
SYRK(7;2),3,615,13500347,591117312,9011
POTRF(3),3,615,4441369,191968256,0
TRSM(4;3),3,615,13276069,576455680,0
TRSM(5;3),3,615,13721038,576458752,0
TRSM(6;3),3,615,13410442,576449536,0
TRSM(7;3),3,615,13516030,576480256,0
SYRK(7;3),3,615,12479682,532077568,0
SYRK(7;4),3,615,346732185,15928463360,44681542042
SYRK(7;5),3,615,322971204,14700434432,15792467968
SYRK(7;6),3,615,13818677,591082496,805683814
POTRF(7),3,615,4300798,191969280,0
SYRK(3;0),3,690,338931249,15376503808,1712682394
GEMM(4;3;0),3,690,327772565,14913123328,9421
GEMM(5;3;0),3,690,344997134,15577039872,9626
GEMM(6;3;0),3,690,350024845,15555397632,10035
GEMM(7;3;0),3,690,347125494,15712466944,10240
SYRK(7;0),3,690,338128925,15454330880,8192
SYRK(3;1),3,690,354895869,15673111552,31756831539
GEMM(4;3;1),3,690,358096924,16400812032,9626
GEMM(5;3;1),3,690,368555168,15824114688,10240
GEMM(6;3;1),3,690,336972981,15980444672,10240
GEMM(7;3;1),3,690,311195977,14173067264,9830
SYRK(7;1),3,690,321070749,14618851328,8397
SYRK(3;2),3,690,56900481,2203576320,1713846886
GEMM(4;3;2),3,690,367234020,16918833152,9421
GEMM(5;3;2),3,690,397208116,17491678208,9830
GEMM(6;3;2),3,690,381717715,17708241920,10035
GEMM(7;3;2),3,690,313288735,14123869184,9830
SYRK(7;2),3,690,13942622,589802496,8192
POTRF(3),3,690,3920062,171111424,0
TRSM(4;3),3,690,11991505,513813504,0
TRSM(5;3),3,690,12408294,513829888,0
TRSM(6;3),3,690,12257448,513817600,0
TRSM(7;3),3,690,12329083,513838080,0
SYRK(7;3),3,690,11355934,474244096,0
SYRK(7;4),3,690,345827986,15643783168,46615556301
SYRK(7;5),3,690,315889462,14317154304,15499760230
SYRK(7;6),3,690,13807634,589769728,820750336
POTRF(7),3,690,3930203,171109376,0
SYRK(3;0),3,690,340488235,15528742912,1712682394
GEMM(4;3;0),3,690,345374954,15550989312,9421
GEMM(5;3;0),3,690,337721031,15346265088,9626
GEMM(6;3;0),3,690,344662379,15541147648,10035
GEMM(7;3;0),3,690,343841570,15336159232,10240
SYRK(7;0),3,690,334319763,15308467200,8192
SYRK(3;1),3,690,355523166,15896725504,31756831539
GEMM(4;3;1),3,690,375554607,16749699072,9626
GEMM(5;3;1),3,690,348772915,15595663360,10240
GEMM(6;3;1),3,690,367572892,16883082240,10240
GEMM(7;3;1),3,690,331780145,14817923072,9830
SYRK(7;1),3,690,325061140,15064135680,8397
SYRK(3;2),3,690,61333047,2250921984,1713846886
GEMM(4;3;2),3,690,383223544,17498308608,9421
GEMM(5;3;2),3,690,365022610,16579556352,9830
GEMM(6;3;2),3,690,383001323,17092700160,10035
GEMM(7;3;2),3,690,309960688,14367759360,9830
SYRK(7;2),3,690,13544590,590074880,8192
POTRF(3),3,690,4054908,171105280,0
TRSM(4;3),3,690,11986560,513819648,0
TRSM(5;3),3,690,12425374,513822720,0
TRSM(6;3),3,690,12173746,513819648,0
TRSM(7;3),3,690,12231385,513852416,0
SYRK(7;3),3,690,11354798,474243072,0
SYRK(7;4),3,690,352655596,16121442304,46615556301
SYRK(7;5),3,690,312586587,14045405184,15499760230
SYRK(7;6),3,690,13840593,589458432,820750336
POTRF(7),3,690,3794974,171108352,0
SYRK(3;0),3,690,355108664,15679993856,1712682394
GEMM(4;3;0),3,690,337750669,15446017024,9421
GEMM(5;3;0),3,690,348646725,15825946624,9626
GEMM(6;3;0),3,690,348205454,15756100608,10035
GEMM(7;3;0),3,690,341964299,15405629440,10240
SYRK(7;0),3,690,349271659,15780556800,8192
SYRK(3;1),3,690,372575049,16794190848,31756831539
GEMM(4;3;1),3,690,368532607,16619904000,9626
GEMM(5;3;1),3,690,370993832,15963480064,10240
GEMM(6;3;1),3,690,351812343,16437484544,10240
GEMM(7;3;1),3,690,317187424,14513359872,9830
SYRK(7;1),3,690,312860453,14262324224,8397
SYRK(3;2),3,690,58342599,2221637632,1713846886
GEMM(4;3;2),3,690,366092971,16926825472,9421
GEMM(5;3;2),3,690,376551623,16702675968,9830
GEMM(6;3;2),3,690,359092167,16261863424,10035
GEMM(7;3;2),3,690,313187237,14401277952,9830
SYRK(7;2),3,690,13316895,589654016,8192
POTRF(3),3,690,4258949,171108352,0
TRSM(4;3),3,690,11991941,513810432,0
TRSM(5;3),3,690,12397961,513822720,0
TRSM(6;3),3,690,12230103,513817600,0
TRSM(7;3),3,690,12280521,513840128,0
SYRK(7;3),3,690,11344087,474243072,0
SYRK(7;4),3,690,341936192,15639398400,46615556301
SYRK(7;5),3,690,313521031,14221292544,15499760230
SYRK(7;6),3,690,13911534,589331456,820750336
POTRF(7),3,690,3930674,171107328,0
SYRK(3;0),3,690,345717646,15814135808,1712682394
GEMM(4;3;0),3,690,348225928,15558895616,9421
GEMM(5;3;0),3,690,330024402,15255478272,9626
GEMM(6;3;0),3,690,348488577,15599680512,10035
GEMM(7;3;0),3,690,334473794,15202854912,10240
SYRK(7;0),3,690,338056456,15210031104,8192
SYRK(3;1),3,690,374149322,16806779904,31756831539
GEMM(4;3;1),3,690,366628753,16146347008,9626
GEMM(5;3;1),3,690,365554450,16647588864,10240
GEMM(6;3;1),3,690,373091251,16854226944,10240
GEMM(7;3;1),3,690,302903583,14039331840,9830
SYRK(7;1),3,690,314828387,14172331008,8397
SYRK(3;2),3,690,57722170,2194587648,1713846886
GEMM(4;3;2),3,690,364100727,16472827904,9421
GEMM(5;3;2),3,690,372335106,17062778880,9830
GEMM(6;3;2),3,690,383046607,17066191872,10035
GEMM(7;3;2),3,690,313054784,14427001856,9830
SYRK(7;2),3,690,13804629,589442048,8192
POTRF(3),3,690,3862423,171117568,0
TRSM(4;3),3,690,11973190,513818624,0
TRSM(5;3),3,690,12414070,513818624,0
TRSM(6;3),3,690,12220743,513816576,0
TRSM(7;3),3,690,12270505,513833984,0
SYRK(7;3),3,690,11360672,474243072,0
SYRK(7;4),3,690,342423274,15740271616,46615556301
SYRK(7;5),3,690,307743376,13876207616,15499760230
SYRK(7;6),3,690,13705263,589872128,820750336
POTRF(7),3,690,4058516,171109376,0
SYRK(3;0),3,690,351197005,15965369344,1712682394
GEMM(4;3;0),3,690,347559008,15804949504,9421
GEMM(5;3;0),3,690,350056443,15836579840,9626
GEMM(6;3;0),3,690,339815106,15493394432,10035
GEMM(7;3;0),3,690,345399034,15627448320,10240
SYRK(7;0),3,690,339843708,15243189248,8192
SYRK(3;1),3,690,364257275,16406812672,31756831539
GEMM(4;3;1),3,690,341609399,15631800320,9626
GEMM(5;3;1),3,690,372338368,16565824512,10240
GEMM(6;3;1),3,690,379746939,16495374336,10240
GEMM(7;3;1),3,690,251976296,11952780288,9830
SYRK(7;1),3,690,310306877,14227691520,8397
SYRK(3;2),3,690,56423772,2224324608,1713846886
GEMM(4;3;2),3,690,363806917,16391663616,9421
GEMM(5;3;2),3,690,374660728,16922831872,9830
GEMM(6;3;2),3,690,369585292,16785551360,10035
GEMM(7;3;2),3,690,311559497,14261231616,9830
SYRK(7;2),3,690,13282609,589548544,8192
POTRF(3),3,690,4137713,171110400,0
TRSM(4;3),3,690,11988227,513808384,0
TRSM(5;3),3,690,12399158,513826816,0
TRSM(6;3),3,690,12202314,513810432,0
TRSM(7;3),3,690,12267757,513839104,0
SYRK(7;3),3,690,11352762,474244096,0
SYRK(7;4),3,690,349603386,16066779136,46615556301
SYRK(7;5),3,690,308133405,13916457984,15499760230
SYRK(7;6),3,690,13709648,589548544,820750336
POTRF(7),3,690,4016464,171107328,0
SYRK(3;0),3,765,330252005,14634585088,1544861901
GEMM(4;3;0),3,765,327603888,14881383424,9216
GEMM(5;3;0),3,765,335814310,15108055040,9216
GEMM(6;3;0),3,765,333191002,14802669568,9216
GEMM(7;3;0),3,765,329998192,14704920576,9216
SYRK(7;0),3,765,317092525,14477406208,7782
SYRK(3;1),3,765,367561284,16327786496,31247212544
GEMM(4;3;1),3,765,366650280,16389920768,8806
GEMM(5;3;1),3,765,348986904,15778940928,9626
GEMM(6;3;1),3,765,357016611,15804698624,9421
GEMM(7;3;1),3,765,315728466,14374323200,9626
SYRK(7;1),3,765,315686117,14215937024,7782
SYRK(3;2),3,765,90451413,3708624896,1601552794
GEMM(4;3;2),3,765,375845549,16919293952,9216
GEMM(5;3;2),3,765,389208705,17314842624,9216
GEMM(6;3;2),3,765,378565483,17290957824,9216
GEMM(7;3;2),3,765,286572589,13014034432,9216
SYRK(7;2),3,765,13615291,588705792,7782
POTRF(3),3,765,3708077,154337280,0
TRSM(4;3),3,765,10933868,463460352,0
TRSM(5;3),3,765,11350646,463468544,0
TRSM(6;3),3,765,11176310,463461376,0
TRSM(7;3),3,765,11206694,463491072,0
SYRK(7;3),3,765,10342980,427749376,0
SYRK(7;4),3,765,337381656,15209740288,45807599411
SYRK(7;5),3,765,315257592,14081803264,15070776320
SYRK(7;6),3,765,13684002,588645376,817125990
POTRF(7),3,765,3594866,154339328,0
SYRK(3;0),3,765,336513827,15283391488,1544861901
GEMM(4;3;0),3,765,337913681,15304125440,9216
GEMM(5;3;0),3,765,321027241,14515844096,9216
GEMM(6;3;0),3,765,336103454,15110115328,9216
GEMM(7;3;0),3,765,326141254,14501234688,9216
SYRK(7;0),3,765,327603156,14876558336,7782
SYRK(3;1),3,765,368098327,16310917120,31247212544
GEMM(4;3;1),3,765,359633968,15893518336,8806
GEMM(5;3;1),3,765,348208110,16027456512,9626
GEMM(6;3;1),3,765,368919171,16349001728,9421
GEMM(7;3;1),3,765,299786449,13578160128,9626
SYRK(7;1),3,765,323670143,14659183616,7782
SYRK(3;2),3,765,94690404,3741809664,1601552794
GEMM(4;3;2),3,765,377504166,17156124672,9216
GEMM(5;3;2),3,765,383622059,17371199488,9216
GEMM(6;3;2),3,765,397397746,17539837952,9216
GEMM(7;3;2),3,765,282414550,13091345408,9216
SYRK(7;2),3,765,13499974,588015616,7782
POTRF(3),3,765,3787605,154337280,0
TRSM(4;3),3,765,10949442,463461376,0
TRSM(5;3),3,765,11327796,463472640,0
TRSM(6;3),3,765,11171295,463464448,0
TRSM(7;3),3,765,11236029,463483904,0
SYRK(7;3),3,765,10375205,427750400,0
SYRK(7;4),3,765,337131252,15163947008,45807599411
SYRK(7;5),3,765,274781155,12319928320,15070776320
SYRK(7;6),3,765,13637968,588510208,817125990
POTRF(7),3,765,3529084,154338304,0
SYRK(3;0),3,765,345388932,15069210624,1544861901
GEMM(4;3;0),3,765,326226232,14905699328,9216
GEMM(5;3;0),3,765,332365216,14819441664,9216
GEMM(6;3;0),3,765,326422981,14724110336,9216
GEMM(7;3;0),3,765,330255351,14752337920,9216
SYRK(7;0),3,765,327994106,14889319424,7782
SYRK(3;1),3,765,361371199,16119129088,31247212544
GEMM(4;3;1),3,765,366591268,16184373248,8806
GEMM(5;3;1),3,765,362716781,16205694976,9626
GEMM(6;3;1),3,765,357613951,16256401408,9421
GEMM(7;3;1),3,765,316630311,14460907520,9626
SYRK(7;1),3,765,281228948,12614808576,7782
SYRK(3;2),3,765,89341404,3759144960,1601552794
GEMM(4;3;2),3,765,378070615,16783247360,9216
GEMM(5;3;2),3,765,370306596,16721017856,9216
GEMM(6;3;2),3,765,389320383,17463834624,9216
GEMM(7;3;2),3,765,280866691,12934296576,9216
SYRK(7;2),3,765,14074419,588606464,7782
POTRF(3),3,765,3507524,154339328,0
TRSM(4;3),3,765,10950666,463461376,0
TRSM(5;3),3,765,11343191,463472640,0
TRSM(6;3),3,765,11169472,463459328,0
TRSM(7;3),3,765,11210876,463486976,0
SYRK(7;3),3,765,10376111,427749376,0
SYRK(7;4),3,765,329408140,14999842816,45807599411
SYRK(7;5),3,765,319100024,14314042368,15070776320
SYRK(7;6),3,765,13646819,588323840,817125990
POTRF(7),3,765,3640863,154338304,0
SYRK(3;0),3,765,344318588,15087889408,1544861901
GEMM(4;3;0),3,765,330517690,14862803968,9216
GEMM(5;3;0),3,765,332598127,15112221696,9216
GEMM(6;3;0),3,765,341071866,15172599808,9216
GEMM(7;3;0),3,765,330306385,14951991296,9216
SYRK(7;0),3,765,329557369,14894651392,7782
SYRK(3;1),3,765,366314378,16174500864,31247212544
GEMM(4;3;1),3,765,366276286,16691452928,8806
GEMM(5;3;1),3,765,353701006,15927007232,9626
GEMM(6;3;1),3,765,368614201,16294688768,9421
GEMM(7;3;1),3,765,317687988,14399784960,9626
SYRK(7;1),3,765,315738888,14243302400,7782
SYRK(3;2),3,765,88275406,3670985728,1601552794
GEMM(4;3;2),3,765,364558816,16538661888,9216
GEMM(5;3;2),3,765,376547132,16213617664,9216
GEMM(6;3;2),3,765,362061272,17023857664,9216
GEMM(7;3;2),3,765,287143732,12889199616,9216
SYRK(7;2),3,765,13326081,588403712,7782
POTRF(3),3,765,3845097,154339328,0
TRSM(4;3),3,765,10951172,463455232,0
TRSM(5;3),3,765,11340665,463472640,0
TRSM(6;3),3,765,11150466,463463424,0
TRSM(7;3),3,765,11248695,463485952,0
SYRK(7;3),3,765,10407620,427750400,0
SYRK(7;4),3,765,327260049,15005608960,45807599411
SYRK(7;5),3,765,297298524,13256611840,15070776320
SYRK(7;6),3,765,13575979,588567552,817125990
POTRF(7),3,765,3394774,154338304,0
SYRK(3;0),3,765,332264766,15040868352,1544861901
GEMM(4;3;0),3,765,331894297,14994910208,9216
GEMM(5;3;0),3,765,323121437,14615238656,9216
GEMM(6;3;0),3,765,329524556,14615498752,9216
GEMM(7;3;0),3,765,336245873,15243914240,9216
SYRK(7;0),3,765,325585728,14625803264,7782
SYRK(3;1),3,765,374382409,16469968896,31247212544
GEMM(4;3;1),3,765,353664051,16191357952,8806
GEMM(5;3;1),3,765,380667004,16692809728,9626
GEMM(6;3;1),3,765,365884526,16185148416,9421
GEMM(7;3;1),3,765,303760948,14149760000,9626
SYRK(7;1),3,765,259253154,11823352832,7782
SYRK(3;2),3,765,91673049,3597380608,1601552794
GEMM(4;3;2),3,765,366939469,16584232960,9216
GEMM(5;3;2),3,765,382399876,17117365248,9216
GEMM(6;3;2),3,765,370306702,16935803904,9216
GEMM(7;3;2),3,765,268882968,12196352000,9216
SYRK(7;2),3,765,13821884,588811264,7782
POTRF(3),3,765,3600815,154344448,0
TRSM(4;3),3,765,10967930,463464448,0
TRSM(5;3),3,765,11324507,463467520,0
TRSM(6;3),3,765,11169081,463460352,0
TRSM(7;3),3,765,11248243,463488000,0
SYRK(7;3),3,765,10396451,427749376,0
SYRK(7;4),3,765,338472315,15374524416,45807599411
SYRK(7;5),3,765,319856254,14382163968,15070776320
SYRK(7;6),3,765,13620503,588945408,817125990
POTRF(7),3,765,3648241,154338304,0
SYRK(3;0),3,795,335386189,15025412096,1486583808
GEMM(4;3;0),3,795,324390231,14649234432,8806
GEMM(5;3;0),3,795,330571184,14639954944,8806
GEMM(6;3;0),3,795,328608116,14841865216,8806
GEMM(7;3;0),3,795,324639662,14606212096,8806
SYRK(7;0),3,795,335437048,14993041408,7987
SYRK(3;1),3,795,358224716,15695873024,31142923878
GEMM(4;3;1),3,795,360987733,16204387328,8602
GEMM(5;3;1),3,795,361092965,15879208960,9216
GEMM(6;3;1),3,795,341618726,15564850176,9216
GEMM(7;3;1),3,795,306194105,13821286400,9216
SYRK(7;1),3,795,328675230,14849344512,7782
SYRK(3;2),3,795,106255244,4321561600,1569164083
GEMM(4;3;2),3,795,392113653,17789581312,9216
GEMM(5;3;2),3,795,388910604,17121944576,9011
GEMM(6;3;2),3,795,399691082,17774247936,8806
GEMM(7;3;2),3,795,271385253,12677109760,9011
SYRK(7;2),3,795,13481957,588635136,7782
POTRF(3),3,795,3718432,147388416,0
TRSM(4;3),3,795,10547241,443388928,0
TRSM(5;3),3,795,10937691,443389952,0
TRSM(6;3),3,795,10788901,443433984,0
TRSM(7;3),3,795,10869698,443453440,0
SYRK(7;3),3,795,9983429,408582144,0
SYRK(7;4),3,795,338240691,15436046336,46041314099
SYRK(7;5),3,795,324346077,14442303488,15421700915
SYRK(7;6),3,795,13240895,587952128,823996006
POTRF(7),3,795,3645153,147371008,0
SYRK(3;0),3,795,352198255,15259915264,1486583808
GEMM(4;3;0),3,795,338227608,15531265024,8806
GEMM(5;3;0),3,795,335097057,14783910912,8806
GEMM(6;3;0),3,795,338921652,15134203904,8806
GEMM(7;3;0),3,795,342055756,15397763072,8806
SYRK(7;0),3,795,329269408,14868940800,7987
SYRK(3;1),3,795,370568703,16366312448,31142923878
GEMM(4;3;1),3,795,377982143,16833656832,8602
GEMM(5;3;1),3,795,349675477,15968532480,9216
GEMM(6;3;1),3,795,382299572,16803577856,9216
GEMM(7;3;1),3,795,261453330,11716495360,9216
SYRK(7;1),3,795,321368569,14592754688,7782
SYRK(3;2),3,795,101564751,4187863040,1569164083
GEMM(4;3;2),3,795,380517463,17018122240,9216
GEMM(5;3;2),3,795,383680739,17278173184,9011
GEMM(6;3;2),3,795,391607606,17284622336,8806
GEMM(7;3;2),3,795,269410153,12514489344,9011
SYRK(7;2),3,795,13559638,588136448,7782
POTRF(3),3,795,3649869,147402752,0
TRSM(4;3),3,795,10550919,443448320,0
TRSM(5;3),3,795,10943940,443428864,0
TRSM(6;3),3,795,10782258,443375616,0
TRSM(7;3),3,795,10844355,443430912,0
SYRK(7;3),3,795,9965032,408322048,0
SYRK(7;4),3,795,334718708,15182515200,46041314099
SYRK(7;5),3,795,298558997,13351446528,15421700915
SYRK(7;6),3,795,13666554,588081152,823996006
POTRF(7),3,795,3391136,147284992,0
SYRK(3;0),3,795,346856267,15212438528,1486583808
GEMM(4;3;0),3,795,328241649,14906271744,8806
GEMM(5;3;0),3,795,336886306,14764364800,8806
GEMM(6;3;0),3,795,342723681,15512953856,8806
GEMM(7;3;0),3,795,328049467,14790332416,8806
SYRK(7;0),3,795,334639705,14972235776,7987
SYRK(3;1),3,795,357811092,15582508032,31142923878
GEMM(4;3;1),3,795,366138585,16452337664,8602
GEMM(5;3;1),3,795,359313848,16042401792,9216
GEMM(6;3;1),3,795,357543719,16087311360,9216
GEMM(7;3;1),3,795,257901550,11570626560,9216
SYRK(7;1),3,795,299772153,13620765696,7782
SYRK(3;2),3,795,109172313,4201894912,1569164083
GEMM(4;3;2),3,795,387297951,17397916672,9216
GEMM(5;3;2),3,795,384553876,17521304576,9011
GEMM(6;3;2),3,795,391357765,17501240320,8806
GEMM(7;3;2),3,795,260470644,11911571456,9011
SYRK(7;2),3,795,13840793,588534784,7782
POTRF(3),3,795,3298716,147372032,0
TRSM(4;3),3,795,10536885,443486208,0
TRSM(5;3),3,795,10939815,443371520,0
TRSM(6;3),3,795,10784349,443432960,0
TRSM(7;3),3,795,10851733,443436032,0
SYRK(7;3),3,795,9939885,408368128,0
SYRK(7;4),3,795,327032408,14957194240,46041314099
SYRK(7;5),3,795,252845982,11315065856,15421700915
SYRK(7;6),3,795,13890574,588336128,823996006
POTRF(7),3,795,3464757,147271680,0
SYRK(3;0),3,795,343069352,15155358720,1486583808
GEMM(4;3;0),3,795,339163066,15188595712,8806
GEMM(5;3;0),3,795,341780489,15259960320,8806
GEMM(6;3;0),3,795,332215863,14926818304,8806
GEMM(7;3;0),3,795,324673878,14661213184,8806
SYRK(7;0),3,795,329664219,14822401024,7987
SYRK(3;1),3,795,362287478,15835840512,31142923878
GEMM(4;3;1),3,795,359919855,15922526208,8602
GEMM(5;3;1),3,795,368076288,16481336320,9216
GEMM(6;3;1),3,795,367918583,16702458880,9216
GEMM(7;3;1),3,795,285183255,12925058048,9216
SYRK(7;1),3,795,314664014,14131101696,7782
SYRK(3;2),3,795,101213915,4173040640,1569164083
GEMM(4;3;2),3,795,400821472,17873025024,9216
GEMM(5;3;2),3,795,395317889,17760152576,9011
GEMM(6;3;2),3,795,386668370,17671408640,8806
GEMM(7;3;2),3,795,266763596,11896975360,9011
SYRK(7;2),3,795,14042502,587784192,7782
POTRF(3),3,795,3379046,147408896,0
TRSM(4;3),3,795,10563308,443376640,0
TRSM(5;3),3,795,10930984,443487232,0
TRSM(6;3),3,795,10772784,443407360,0
TRSM(7;3),3,795,10865547,443475968,0
SYRK(7;3),3,795,10010800,408449024,0
SYRK(7;4),3,795,340184584,15426093056,46041314099
SYRK(7;5),3,795,298837354,13405834240,15421700915
SYRK(7;6),3,795,13666221,588083200,823996006
POTRF(7),3,795,3617845,147420160,0
SYRK(3;0),3,795,332779100,15189477376,1486583808
GEMM(4;3;0),3,795,333605621,14696169472,8806
GEMM(5;3;0),3,795,334334492,14952312832,8806
GEMM(6;3;0),3,795,333453444,14924203008,8806
GEMM(7;3;0),3,795,339605638,15325405184,8806
SYRK(7;0),3,795,326248780,14680930304,7987
SYRK(3;1),3,795,359881552,16046812160,31142923878
GEMM(4;3;1),3,795,355175858,15706676224,8602
GEMM(5;3;1),3,795,353913365,15984620544,9216
GEMM(6;3;1),3,795,365113098,16193587200,9216
GEMM(7;3;1),3,795,319187083,14507828224,9216
SYRK(7;1),3,795,242442478,10884816896,7782
SYRK(3;2),3,795,108742473,4235435008,1569164083
GEMM(4;3;2),3,795,365167257,16853721088,9216
GEMM(5;3;2),3,795,407134714,17957950464,9011
GEMM(6;3;2),3,795,384584003,17344239616,8806
GEMM(7;3;2),3,795,260173950,11849473024,9011
SYRK(7;2),3,795,13750744,588005376,7782
POTRF(3),3,795,3428235,147410944,0
TRSM(4;3),3,795,10579518,443455488,0
TRSM(5;3),3,795,10929978,443475968,0
TRSM(6;3),3,795,10770550,443410432,0
TRSM(7;3),3,795,10845264,443479040,0
SYRK(7;3),3,795,9963512,408383488,0
SYRK(7;4),3,795,338078811,15416614912,46041314099
SYRK(7;5),3,795,306882419,13734937600,15421700915
SYRK(7;6),3,795,13506456,588559360,823996006
POTRF(7),3,795,3645410,147431424,0
SYRK(3;0),3,840,333824651,14743355392,1407065498
GEMM(4;3;0),3,840,341005464,15088601088,8806
GEMM(5;3;0),3,840,331830496,15008667648,8602
GEMM(6;3;0),3,840,326270566,14674207744,8602
GEMM(7;3;0),3,840,351259978,15426587648,8602
SYRK(7;0),3,840,331268507,14934782976,7168
SYRK(3;1),3,840,359419453,15558473728,30947613696
GEMM(4;3;1),3,840,365483579,16112247808,8602
GEMM(5;3;1),3,840,353651486,15972041728,9011
GEMM(6;3;1),3,840,353673258,15773509632,9216
GEMM(7;3;1),3,840,271446889,12332892160,8602
SYRK(7;1),3,840,305581216,13694813184,7168
SYRK(3;2),3,840,128147561,5158523904,1500050432
GEMM(4;3;2),3,840,393035218,17531852800,8397
GEMM(5;3;2),3,840,399742876,17807529984,8602
GEMM(6;3;2),3,840,384456492,17617327104,8602
GEMM(7;3;2),3,840,263007442,11742751744,8602
SYRK(7;2),3,840,13874888,587933696,7168
POTRF(3),3,840,3314365,140567552,0
TRSM(4;3),3,840,10125028,422103040,0
TRSM(5;3),3,840,10470390,422105088,0
TRSM(6;3),3,840,10333145,422103040,0
TRSM(7;3),3,840,10376924,422120448,0
SYRK(7;3),3,840,9582914,389557248,0
SYRK(7;4),3,840,335037665,15083658240,44862231757
SYRK(7;5),3,840,322468851,14271382528,15244200141
SYRK(7;6),3,840,13670036,587995136,797514957
POTRF(7),3,840,3349414,140562432,0
SYRK(3;0),3,840,354386366,15324700672,1407065498
GEMM(4;3;0),3,840,323553673,14656431104,8806
GEMM(5;3;0),3,840,329727537,14803045376,8602
GEMM(6;3;0),3,840,332966965,14652753920,8602
GEMM(7;3;0),3,840,317275866,14399823872,8602
SYRK(7;0),3,840,324387740,14399869952,7168
SYRK(3;1),3,840,358504236,15634399232,30947613696
GEMM(4;3;1),3,840,340991012,15225979904,8602
GEMM(5;3;1),3,840,350213518,15606056960,9011
GEMM(6;3;1),3,840,370591610,16012924928,9216
GEMM(7;3;1),3,840,302821462,14344885248,8602
SYRK(7;1),3,840,295500375,13053441024,7168
SYRK(3;2),3,840,127948548,5158952960,1500050432
GEMM(4;3;2),3,840,396859980,18127819776,8397
GEMM(5;3;2),3,840,387218639,16937004032,8602
GEMM(6;3;2),3,840,385328988,17485945856,8602
GEMM(7;3;2),3,840,248685887,11157240832,8602
SYRK(7;2),3,840,13721553,588045312,7168
POTRF(3),3,840,3404192,140566528,0
TRSM(4;3),3,840,10109555,422097920,0
TRSM(5;3),3,840,10445980,422111232,0
TRSM(6;3),3,840,10321587,422104064,0
TRSM(7;3),3,840,10327786,422135808,0
SYRK(7;3),3,840,9572766,389557248,0
SYRK(7;4),3,840,334167515,15004989440,44862231757
SYRK(7;5),3,840,311501385,13969862656,15244200141
SYRK(7;6),3,840,14013138,588010496,797514957
POTRF(7),3,840,3226625,140561408,0
SYRK(3;0),3,840,342907354,15494988800,1407065498
GEMM(4;3;0),3,840,325498971,14687785984,8806
GEMM(5;3;0),3,840,355149799,15502391296,8602
GEMM(6;3;0),3,840,336193950,15305435136,8602
GEMM(7;3;0),3,840,342932753,15059910656,8602
SYRK(7;0),3,840,334373299,14985950208,7168
SYRK(3;1),3,840,370988900,15761234944,30947613696
GEMM(4;3;1),3,840,335948582,15568845824,8602
GEMM(5;3;1),3,840,366998715,16032219136,9011
GEMM(6;3;1),3,840,357700362,16142049280,9216
GEMM(7;3;1),3,840,277864284,12474786816,8602
SYRK(7;1),3,840,303639340,13713126400,7168
SYRK(3;2),3,840,127176592,5138572288,1500050432
GEMM(4;3;2),3,840,384347196,17489003520,8397
GEMM(5;3;2),3,840,401564457,17648188416,8602
GEMM(6;3;2),3,840,390048607,17535655936,8602
GEMM(7;3;2),3,840,246278179,11179033600,8602
SYRK(7;2),3,840,13567692,588038144,7168
POTRF(3),3,840,3541009,140561408,0
TRSM(4;3),3,840,10132309,422093824,0
TRSM(5;3),3,840,10445421,422111232,0
TRSM(6;3),3,840,10355428,422103040,0
TRSM(7;3),3,840,10375617,422121472,0
SYRK(7;3),3,840,9645400,389558272,0
SYRK(7;4),3,840,332604694,15032625152,44862231757
SYRK(7;5),3,840,301569405,13454938112,15244200141
SYRK(7;6),3,840,13694650,587912192,797514957
POTRF(7),3,840,3367515,140559360,0
SYRK(3;0),3,840,330939956,15082898432,1407065498
GEMM(4;3;0),3,840,321155418,14268039168,8806
GEMM(5;3;0),3,840,337535442,15018732544,8602
GEMM(6;3;0),3,840,317631111,14206558208,8602
GEMM(7;3;0),3,840,328642278,14513315840,8602
SYRK(7;0),3,840,326702415,14809100288,7168
SYRK(3;1),3,840,362237238,15909476352,30947613696
GEMM(4;3;1),3,840,359281640,15975763968,8602
GEMM(5;3;1),3,840,346087851,15731376128,9011
GEMM(6;3;1),3,840,367318945,16126085120,9216
GEMM(7;3;1),3,840,286771035,13024685056,8602
SYRK(7;1),3,840,296000264,13170244608,7168
SYRK(3;2),3,840,120004691,5116833792,1500050432
GEMM(4;3;2),3,840,387206338,17412185088,8397
GEMM(5;3;2),3,840,396171013,17378887680,8602
GEMM(6;3;2),3,840,393015447,17343135744,8602
GEMM(7;3;2),3,840,238627394,11103546368,8602
SYRK(7;2),3,840,13536741,588215296,7168
POTRF(3),3,840,3583736,140571648,0
TRSM(4;3),3,840,10111133,422095872,0
TRSM(5;3),3,840,10442546,422109184,0
TRSM(6;3),3,840,10331180,422103040,0
TRSM(7;3),3,840,10363547,422120448,0
SYRK(7;3),3,840,9596660,389557248,0
SYRK(7;4),3,840,339663377,15332993024,44862231757
SYRK(7;5),3,840,299426927,13391480832,15244200141
SYRK(7;6),3,840,13596779,587979776,797514957
POTRF(7),3,840,3497916,140561408,0
SYRK(3;0),3,840,349061458,15241486336,1407065498
GEMM(4;3;0),3,840,339302974,15123121152,8806
GEMM(5;3;0),3,840,330235572,14976304128,8602
GEMM(6;3;0),3,840,330170847,14654799872,8602
GEMM(7;3;0),3,840,335077744,14917296128,8602
SYRK(7;0),3,840,324880009,14481244160,7168
SYRK(3;1),3,840,354953867,15489495040,30947613696
GEMM(4;3;1),3,840,348212223,15620729856,8602
GEMM(5;3;1),3,840,363625476,15522802688,9011
GEMM(6;3;1),3,840,342297107,15935833088,9216
GEMM(7;3;1),3,840,307515948,13833852928,8602
SYRK(7;1),3,840,292779735,13225228288,7168
SYRK(3;2),3,840,126907859,5157122048,1500050432
GEMM(4;3;2),3,840,389581744,17426796544,8397
GEMM(5;3;2),3,840,383054643,17180740608,8602
GEMM(6;3;2),3,840,379656053,17164422144,8602
GEMM(7;3;2),3,840,247127040,11049149440,8602
SYRK(7;2),3,840,13940954,587917312,7168
POTRF(3),3,840,3275182,140561408,0
TRSM(4;3),3,840,10090612,422094848,0
TRSM(5;3),3,840,10478630,422107136,0
TRSM(6;3),3,840,10356430,422104064,0
TRSM(7;3),3,840,10404149,422123520,0
SYRK(7;3),3,840,9578205,389557248,0
SYRK(7;4),3,840,332078385,15612573696,44862231757
SYRK(7;5),3,840,309751321,13758784512,15244200141
SYRK(7;6),3,840,13704545,588327936,797514957
POTRF(7),3,840,3515717,140560384,0
SYRK(3;0),3,915,320613495,14314345472,1291638784
GEMM(4;3;0),3,915,333979685,14662224896,7987
GEMM(5;3;0),3,915,323442458,14426891264,8192
GEMM(6;3;0),3,915,334788297,14702900224,7987
GEMM(7;3;0),3,915,328352089,14455160832,7782
SYRK(7;0),3,915,320979980,14366297088,6758
SYRK(3;1),3,915,352630987,15571928064,29701310464
GEMM(4;3;1),3,915,357742267,15700385792,7373
GEMM(5;3;1),3,915,357317008,15517963264,8192
GEMM(6;3;1),3,915,346775687,15419783168,8192
GEMM(7;3;1),3,915,297092308,13222451200,8192
SYRK(7;1),3,915,333003522,14831721472,6758
SYRK(3;2),3,915,146092018,5945549824,1435527168
GEMM(4;3;2),3,915,387174006,17104449536,7987
GEMM(5;3;2),3,915,395421625,17820253184,8192
GEMM(6;3;2),3,915,393186652,17356299264,7987
GEMM(7;3;2),3,915,244947309,10926665728,8192
SYRK(7;2),3,915,13574726,584809472,6963
POTRF(3),3,915,3153473,129043456,0
TRSM(4;3),3,915,9575841,387507200,0
TRSM(5;3),3,915,9741410,387526656,0
TRSM(6;3),3,915,9629151,387516416,0
TRSM(7;3),3,915,9666541,387520512,0
SYRK(7;3),3,915,8922681,357626880,0
SYRK(7;4),3,915,327347008,14600286208,44903734477
SYRK(7;5),3,915,308708954,13642096640,14532621107
SYRK(7;6),3,915,14224366,585176064,781888307
POTRF(7),3,915,2755161,129041408,0
SYRK(3;0),3,915,327445327,14494227456,1291638784
GEMM(4;3;0),3,915,320636904,14181486592,7987
GEMM(5;3;0),3,915,323587116,14260111360,8192
GEMM(6;3;0),3,915,338563333,15042875392,7987
GEMM(7;3;0),3,915,329185720,14603351040,7782
SYRK(7;0),3,915,336250016,14831570944,6758
SYRK(3;1),3,915,354398263,15313072128,29701310464
GEMM(4;3;1),3,915,340158995,15049126912,7373
GEMM(5;3;1),3,915,340339103,15341601792,8192
GEMM(6;3;1),3,915,350785437,15130663936,8192
GEMM(7;3;1),3,915,272967803,12420837376,8192
SYRK(7;1),3,915,247813752,10986344448,6758
SYRK(3;2),3,915,147516253,5884590080,1435527168
GEMM(4;3;2),3,915,395916031,17607282688,7987
GEMM(5;3;2),3,915,376822600,17017740288,8192
GEMM(6;3;2),3,915,393464760,17005196288,7987
GEMM(7;3;2),3,915,235075235,10890498048,8192
SYRK(7;2),3,915,13930772,585034752,6963
POTRF(3),3,915,2806994,129046528,0
TRSM(4;3),3,915,9610679,387505152,0
TRSM(5;3),3,915,9769669,387532800,0
TRSM(6;3),3,915,9603915,387518464,0
TRSM(7;3),3,915,9697518,387519488,0
SYRK(7;3),3,915,8923312,357625856,0
SYRK(7;4),3,915,328053581,14767738880,44903734477
SYRK(7;5),3,915,328450910,14471759872,14532621107
SYRK(7;6),3,915,14082083,585024512,781888307
POTRF(7),3,915,2845371,129041408,0
SYRK(3;0),3,915,332141076,14816659456,1291638784
GEMM(4;3;0),3,915,319737876,14050345984,7987
GEMM(5;3;0),3,915,327661995,14486695936,8192
GEMM(6;3;0),3,915,329071108,14397276160,7987
GEMM(7;3;0),3,915,330955209,14614822912,7782
SYRK(7;0),3,915,320268947,14343864320,6758
SYRK(3;1),3,915,347188983,15183938560,29701310464
GEMM(4;3;1),3,915,352362360,15249422336,7373
GEMM(5;3;1),3,915,349019655,15453008896,8192
GEMM(6;3;1),3,915,341535322,15130843136,8192
GEMM(7;3;1),3,915,296761569,13441878016,8192
SYRK(7;1),3,915,320348948,14157801472,6758
SYRK(3;2),3,915,146986135,5965926400,1435527168
GEMM(4;3;2),3,915,388092662,17354831872,7987
GEMM(5;3;2),3,915,390447776,17144812544,8192
GEMM(6;3;2),3,915,393509273,17374644224,7987
GEMM(7;3;2),3,915,240379532,10952684544,8192
SYRK(7;2),3,915,14163128,584654848,6963
POTRF(3),3,915,2762721,129045504,0
TRSM(4;3),3,915,9666434,387509248,0
TRSM(5;3),3,915,9746691,387533824,0
TRSM(6;3),3,915,9638393,387512320,0
TRSM(7;3),3,915,9697363,387520512,0
SYRK(7;3),3,915,8911842,357626880,0
SYRK(7;4),3,915,331548203,14904129536,44903734477
SYRK(7;5),3,915,333770852,14737473536,14532621107
SYRK(7;6),3,915,13969780,585506816,781888307
POTRF(7),3,915,2964060,129042432,0
SYRK(3;0),3,915,327448674,14508652544,1291638784
GEMM(4;3;0),3,915,325933868,14206641152,7987
GEMM(5;3;0),3,915,330686509,14965445632,8192
GEMM(6;3;0),3,915,328559066,14409748480,7987
GEMM(7;3;0),3,915,324760544,14273882112,7782
SYRK(7;0),3,915,328216552,14644407296,6758
SYRK(3;1),3,915,355794061,15260691456,29701310464
GEMM(4;3;1),3,915,353571926,15707814912,7373
GEMM(5;3;1),3,915,371493791,15963496448,8192
GEMM(6;3;1),3,915,339952174,15483295744,8192
GEMM(7;3;1),3,915,278860147,12626783232,8192
SYRK(7;1),3,915,316089254,13865129984,6758
SYRK(3;2),3,915,137448979,5939756032,1435527168
GEMM(4;3;2),3,915,396149487,17119426560,7987
GEMM(5;3;2),3,915,391852490,17421577216,8192
GEMM(6;3;2),3,915,386606080,17149406208,7987
GEMM(7;3;2),3,915,228675508,10352542720,8192
SYRK(7;2),3,915,13652181,584931328,6963
POTRF(3),3,915,2956992,129046528,0
TRSM(4;3),3,915,9610910,387507200,0
TRSM(5;3),3,915,9785024,387531776,0
TRSM(6;3),3,915,9639351,387521536,0
TRSM(7;3),3,915,9670538,387518464,0
SYRK(7;3),3,915,8967768,357626880,0
SYRK(7;4),3,915,335221867,14787182592,44903734477
SYRK(7;5),3,915,324145642,14256709632,14532621107
SYRK(7;6),3,915,13985975,584810496,781888307
POTRF(7),3,915,2965229,129042432,0
SYRK(3;0),3,915,331928170,14387769344,1291638784
GEMM(4;3;0),3,915,324099366,14306689024,7987
GEMM(5;3;0),3,915,327954502,14460646400,8192
GEMM(6;3;0),3,915,330708471,14603962368,7987
GEMM(7;3;0),3,915,319256650,14097281024,7782
SYRK(7;0),3,915,318682152,14244999168,6758
SYRK(3;1),3,915,357774909,15422884864,29701310464
GEMM(4;3;1),3,915,358410406,15851816960,7373
GEMM(5;3;1),3,915,372073247,16501443584,8192
GEMM(6;3;1),3,915,344731407,15284074496,8192
GEMM(7;3;1),3,915,333599324,14812327936,8192
SYRK(7;1),3,915,332761533,14774743040,6758
SYRK(3;2),3,915,141721258,6060707840,1435527168
GEMM(4;3;2),3,915,395636074,17150671872,7987
GEMM(5;3;2),3,915,400918386,17805747200,8192
GEMM(6;3;2),3,915,380894274,17151109120,7987
GEMM(7;3;2),3,915,234396741,10332329984,8192
SYRK(7;2),3,915,13542919,585031680,6963
POTRF(3),3,915,2948897,129042432,0
TRSM(4;3),3,915,9553540,387504128,0
TRSM(5;3),3,915,9875370,387527680,0
TRSM(6;3),3,915,9646915,387517440,0
TRSM(7;3),3,915,9670596,387518464,0
SYRK(7;3),3,915,8931948,357626880,0
SYRK(7;4),3,915,331072167,14840020992,44903734477
SYRK(7;5),3,915,302017416,13317543936,14532621107
SYRK(7;6),3,915,13899986,585146368,781888307
POTRF(7),3,915,2916723,129041408,0
SYRK(3;0),3,990,312482767,13646058496,1193869926
GEMM(4;3;0),3,990,323324858,13857602560,7168
GEMM(5;3;0),3,990,310869850,13525642240,7373
GEMM(6;3;0),3,990,319615082,13718660096,7168
GEMM(7;3;0),3,990,321826514,13899724800,7373
SYRK(7;0),3,990,318763652,13885088768,6349
SYRK(3;1),3,990,363251227,15334722560,27443818291
GEMM(4;3;1),3,990,352457302,15418784768,7168
GEMM(5;3;1),3,990,347754201,14813235200,7987
GEMM(6;3;1),3,990,340618834,14776999936,7987
GEMM(7;3;1),3,990,299501275,12906028032,7578
SYRK(7;1),3,990,328428471,14246409216,6144
SYRK(3;2),3,990,161882568,6511325184,1371440947
GEMM(4;3;2),3,990,374139505,16152145920,7578
GEMM(5;3;2),3,990,373843157,16157540352,7578
GEMM(6;3;2),3,990,376553836,16191338496,7373
GEMM(7;3;2),3,990,222075985,9981692928,7782
SYRK(7;2),3,990,14108198,586328064,6144
POTRF(3),3,990,3085220,119268352,0
TRSM(4;3),3,990,8675897,358157312,0
TRSM(5;3),3,990,9284693,358187008,0
TRSM(6;3),3,990,9126617,358167552,0
TRSM(7;3),3,990,9104183,358192128,0
SYRK(7;3),3,990,8394700,330533888,0
SYRK(7;4),3,990,314286139,13951066112,44278195814
SYRK(7;5),3,990,303012321,13149636608,13471050547
SYRK(7;6),3,990,13877889,586809344,753788928
POTRF(7),3,990,2852695,119269376,0
SYRK(3;0),3,990,319055436,13971900416,1193869926
GEMM(4;3;0),3,990,310063660,13743040512,7168
GEMM(5;3;0),3,990,322407519,13852672000,7373
GEMM(6;3;0),3,990,312921659,13662192640,7168
GEMM(7;3;0),3,990,314384909,13733664768,7373
SYRK(7;0),3,990,318953030,14065354752,6349
SYRK(3;1),3,990,364468894,15377141760,27443818291
GEMM(4;3;1),3,990,347951433,15369631744,7168
GEMM(5;3;1),3,990,342805538,15023250432,7987
GEMM(6;3;1),3,990,340425710,14914336768,7987
GEMM(7;3;1),3,990,314897768,13945324544,7578
SYRK(7;1),3,990,325080132,14171977728,6144
SYRK(3;2),3,990,161689059,6558302208,1371440947
GEMM(4;3;2),3,990,370102591,16551915520,7578
GEMM(5;3;2),3,990,377951023,16184637440,7578
GEMM(6;3;2),3,990,363548704,16287956992,7373
GEMM(7;3;2),3,990,217816234,9512647680,7782
SYRK(7;2),3,990,14133944,586693632,6144
POTRF(3),3,990,2622305,119268352,0
TRSM(4;3),3,990,9060863,358157312,0
TRSM(5;3),3,990,8938932,358180864,0
TRSM(6;3),3,990,9247807,358172672,0
TRSM(7;3),3,990,9074357,358190080,0
SYRK(7;3),3,990,8361222,330533888,0
SYRK(7;4),3,990,319493205,14102364160,44278195814
SYRK(7;5),3,990,326155306,14156323840,13471050547
SYRK(7;6),3,990,14040606,587009024,753788928
POTRF(7),3,990,2954192,119265280,0
SYRK(3;0),3,990,329043236,14162571264,1193869926
GEMM(4;3;0),3,990,313541932,13573234688,7168
GEMM(5;3;0),3,990,314227692,13768992768,7373
GEMM(6;3;0),3,990,325716111,14302579712,7168
GEMM(7;3;0),3,990,323152826,14013341696,7373
SYRK(7;0),3,990,308855676,13664235520,6349
SYRK(3;1),3,990,369270373,15769686016,27443818291
GEMM(4;3;1),3,990,348185426,15339426816,7168
GEMM(5;3;1),3,990,339708109,14711211008,7987
GEMM(6;3;1),3,990,335281612,14775176192,7987
GEMM(7;3;1),3,990,282153539,12528808960,7578
SYRK(7;1),3,990,324426529,14139388928,6144
SYRK(3;2),3,990,156342716,6653115392,1371440947
GEMM(4;3;2),3,990,387997800,16872240128,7578
GEMM(5;3;2),3,990,380420087,16387859456,7578
GEMM(6;3;2),3,990,372495989,16426503168,7373
GEMM(7;3;2),3,990,221583902,9946063872,7782
SYRK(7;2),3,990,14052606,586472448,6144
POTRF(3),3,990,2861931,119269376,0
TRSM(4;3),3,990,8740650,358157312,0
TRSM(5;3),3,990,9109275,358179840,0
TRSM(6;3),3,990,9250888,358165504,0
TRSM(7;3),3,990,9093536,358191104,0
SYRK(7;3),3,990,8352322,330533888,0
SYRK(7;4),3,990,321207551,14151976960,44278195814
SYRK(7;5),3,990,326447685,14223607808,13471050547
SYRK(7;6),3,990,14064735,586574848,753788928
POTRF(7),3,990,2834452,119268352,0
SYRK(3;0),3,990,323562626,14006607872,1193869926
GEMM(4;3;0),3,990,323746954,14186696704,7168
GEMM(5;3;0),3,990,320936001,13983584256,7373
GEMM(6;3;0),3,990,321046000,13967698944,7168
GEMM(7;3;0),3,990,329782355,14445063168,7373
SYRK(7;0),3,990,321999803,14132929536,6349
SYRK(3;1),3,990,355453242,15209835520,27443818291
GEMM(4;3;1),3,990,334737974,14746010624,7168
GEMM(5;3;1),3,990,354399009,14751163392,7987
GEMM(6;3;1),3,990,333727889,15514720256,7987
GEMM(7;3;1),3,990,257693640,11141899264,7578
SYRK(7;1),3,990,303546088,13379161088,6144
SYRK(3;2),3,990,163060000,6613231616,1371440947
GEMM(4;3;2),3,990,375722849,16433851392,7578
GEMM(5;3;2),3,990,378008197,16644356096,7578
GEMM(6;3;2),3,990,372310888,16252811264,7373
GEMM(7;3;2),3,990,221229709,9976836096,7782
SYRK(7;2),3,990,14245481,586564608,6144
POTRF(3),3,990,2656881,119270400,0
TRSM(4;3),3,990,8938107,358159360,0
TRSM(5;3),3,990,9126803,358177792,0
TRSM(6;3),3,990,9139664,358166528,0
TRSM(7;3),3,990,9077414,358190080,0
SYRK(7;3),3,990,8366912,330534912,0
SYRK(7;4),3,990,323929005,14379197440,44278195814
SYRK(7;5),3,990,265173857,11615738880,13471050547
SYRK(7;6),3,990,13908503,586568704,753788928
POTRF(7),3,990,2849416,119264256,0
SYRK(3;0),3,990,318401044,14062917632,1193869926
GEMM(4;3;0),3,990,323349613,13840108544,7168
GEMM(5;3;0),3,990,319934539,14196570112,7373
GEMM(6;3;0),3,990,323395396,14027361280,7168
GEMM(7;3;0),3,990,321039172,14234525696,7373
SYRK(7;0),3,990,307364751,13383298048,6349
SYRK(3;1),3,990,349869301,14958366720,27443818291
GEMM(4;3;1),3,990,343816874,15049505792,7168
GEMM(5;3;1),3,990,337877630,14811836416,7987
GEMM(6;3;1),3,990,351313624,15447620608,7987
GEMM(7;3;1),3,990,301347878,13244826624,7578
SYRK(7;1),3,990,283347282,12435077120,6144
SYRK(3;2),3,990,161432048,6557706240,1371440947
GEMM(4;3;2),3,990,363840578,15995311104,7578
GEMM(5;3;2),3,990,390101254,17066420224,7578
GEMM(6;3;2),3,990,368749644,16253882368,7373
GEMM(7;3;2),3,990,226102391,9998889984,7782
SYRK(7;2),3,990,13828824,586366976,6144
POTRF(3),3,990,2896893,119267328,0
TRSM(4;3),3,990,8978481,358158336,0
TRSM(5;3),3,990,8979477,358176768,0
TRSM(6;3),3,990,9266016,358169600,0
TRSM(7;3),3,990,9081242,358190080,0
SYRK(7;3),3,990,8347417,330533888,0
SYRK(7;4),3,990,324712771,14116576256,44278195814
SYRK(7;5),3,990,292307679,12745473024,13471050547
SYRK(7;6),3,990,14072546,586595328,753788928
POTRF(7),3,990,2865249,119262208,0
SYRK(3;0),3,1065,296129804,13230887936,1426802278
GEMM(4;3;0),3,1065,299555274,13209187328,6758
GEMM(5;3;0),3,1065,300622421,13318712320,7168
GEMM(6;3;0),3,1065,294732105,13212471296,7168
GEMM(7;3;0),3,1065,299946706,13132982272,6758
SYRK(7;0),3,1065,300982193,13424927744,5939
SYRK(3;1),3,1065,357969525,15769662464,23134453555
GEMM(4;3;1),3,1065,347893896,15323308032,6554
GEMM(5;3;1),3,1065,368040076,16012579840,7168
GEMM(6;3;1),3,1065,326921006,14896217088,7168
GEMM(7;3;1),3,1065,269552091,11955119104,7168
SYRK(7;1),3,1065,275690023,12177246208,5734
SYRK(3;2),3,1065,186268894,7612350464,1313984307
GEMM(4;3;2),3,1065,376289827,17118230528,6758
GEMM(5;3;2),3,1065,399922612,17750970368,6963
GEMM(6;3;2),3,1065,390829061,17074942976,6758
GEMM(7;3;2),3,1065,208028511,9470144512,7168
SYRK(7;2),3,1065,14001996,587930624,5939
POTRF(3),3,1065,2698629,110867456,0
TRSM(4;3),3,1065,8298208,332947456,0
TRSM(5;3),3,1065,8391544,332969984,0
TRSM(6;3),3,1065,8454129,332951552,0
TRSM(7;3),3,1065,8363711,332961792,0
SYRK(7;3),3,1065,7706550,307257344,0
SYRK(7;4),3,1065,306833814,13655315456,48383965389
SYRK(7;5),3,1065,279779985,12358053888,11614135296
SYRK(7;6),3,1065,14238194,588409856,725078630
POTRF(7),3,1065,2398212,110863360,0
SYRK(3;0),3,1065,309376133,13685204992,1426802278
GEMM(4;3;0),3,1065,305217878,13642093568,6758
GEMM(5;3;0),3,1065,312921767,13351693312,7168
GEMM(6;3;0),3,1065,301500682,13786169344,7168
GEMM(7;3;0),3,1065,311488429,13905136640,6758
SYRK(7;0),3,1065,306100739,13472495616,5939
SYRK(3;1),3,1065,356795458,15328231424,23134453555
GEMM(4;3;1),3,1065,338872228,15292552192,6554
GEMM(5;3;1),3,1065,340124043,14797179904,7168
GEMM(6;3;1),3,1065,343798914,15403483136,7168
GEMM(7;3;1),3,1065,302947915,13594003456,7168
SYRK(7;1),3,1065,324187261,14268914688,5734
SYRK(3;2),3,1065,183076215,7584993280,1313984307
GEMM(4;3;2),3,1065,385041809,17276844032,6758
GEMM(5;3;2),3,1065,390203476,17286798336,6963
GEMM(6;3;2),3,1065,380630816,16733515776,6758
GEMM(7;3;2),3,1065,202910305,9291502592,7168
SYRK(7;2),3,1065,13815544,588039168,5939
POTRF(3),3,1065,2665405,110866432,0
TRSM(4;3),3,1065,8032023,332944384,0
TRSM(5;3),3,1065,8682541,332966912,0
TRSM(6;3),3,1065,8358044,332948480,0
TRSM(7;3),3,1065,8384897,332952576,0
SYRK(7;3),3,1065,7756771,307257344,0
SYRK(7;4),3,1065,298648545,13294275584,48383965389
SYRK(7;5),3,1065,285128250,12544254976,11614135296
SYRK(7;6),3,1065,13987490,588303360,725078630
POTRF(7),3,1065,2487386,110867456,0
SYRK(3;0),3,1065,297979984,13158882304,1426802278
GEMM(4;3;0),3,1065,302184370,13228493824,6758
GEMM(5;3;0),3,1065,294632629,12978247680,7168
GEMM(6;3;0),3,1065,293373378,12990496768,7168
GEMM(7;3;0),3,1065,302467915,13428938752,6758
SYRK(7;0),3,1065,293058941,13056507904,5939
SYRK(3;1),3,1065,356128587,15527572480,23134453555
GEMM(4;3;1),3,1065,332379793,14655401984,6554
GEMM(5;3;1),3,1065,332001473,14533355520,7168
GEMM(6;3;1),3,1065,338883599,15467156480,7168
GEMM(7;3;1),3,1065,290048461,12719742976,7168
SYRK(7;1),3,1065,286249412,12749676544,5734
SYRK(3;2),3,1065,181219413,7521997824,1313984307
GEMM(4;3;2),3,1065,397203343,17336865792,6758
GEMM(5;3;2),3,1065,371366910,16818942976,6963
GEMM(6;3;2),3,1065,377034068,16524248064,6758
GEMM(7;3;2),3,1065,204684262,9484558336,7168
SYRK(7;2),3,1065,13876105,587833344,5939
POTRF(3),3,1065,2397816,110872576,0
TRSM(4;3),3,1065,8342952,332947456,0
TRSM(5;3),3,1065,8354444,332972032,0
TRSM(6;3),3,1065,8459371,332948480,0
TRSM(7;3),3,1065,8405626,332958720,0
SYRK(7;3),3,1065,7710996,307256320,0
SYRK(7;4),3,1065,302835159,13391539200,48383965389
SYRK(7;5),3,1065,320795826,14080137216,11614135296
SYRK(7;6),3,1065,13714486,588116992,725078630
POTRF(7),3,1065,2775350,110866432,0
SYRK(3;0),3,1065,304354707,13368299520,1426802278
GEMM(4;3;0),3,1065,305103467,13622529024,6758
GEMM(5;3;0),3,1065,297056808,13379332096,7168
GEMM(6;3;0),3,1065,305189964,13405836288,7168
GEMM(7;3;0),3,1065,310889120,13578923008,6758
SYRK(7;0),3,1065,302166512,13529931776,5939
SYRK(3;1),3,1065,356982495,15524610048,23134453555
GEMM(4;3;1),3,1065,351276781,15723100160,6554
GEMM(5;3;1),3,1065,355657529,15883095040,7168
GEMM(6;3;1),3,1065,367317173,16008440832,7168
GEMM(7;3;1),3,1065,311919069,14089165824,7168
SYRK(7;1),3,1065,303259729,13303462912,5734
SYRK(3;2),3,1065,184401917,7627759616,1313984307
GEMM(4;3;2),3,1065,380247730,16933638144,6758
GEMM(5;3;2),3,1065,394825112,17588363264,6963
GEMM(6;3;2),3,1065,378966294,16618912768,6758
GEMM(7;3;2),3,1065,204602196,9421762560,7168
SYRK(7;2),3,1065,14250986,588114944,5939
POTRF(3),3,1065,2314574,110873600,0
TRSM(4;3),3,1065,8225880,332948480,0
TRSM(5;3),3,1065,8563722,332969984,0
TRSM(6;3),3,1065,8414149,332947456,0
TRSM(7;3),3,1065,8373054,332953600,0
SYRK(7;3),3,1065,7717790,307256320,0
SYRK(7;4),3,1065,315461770,14071584768,48383965389
SYRK(7;5),3,1065,323944444,14268672000,11614135296
SYRK(7;6),3,1065,13717920,588059648,725078630
POTRF(7),3,1065,2785912,110863360,0
SYRK(3;0),3,1065,326765284,14285405184,1426802278
GEMM(4;3;0),3,1065,315842103,13828028416,6758
GEMM(5;3;0),3,1065,321647439,14188702720,7168
GEMM(6;3;0),3,1065,315009064,14189008896,7168
GEMM(7;3;0),3,1065,314048031,13854249984,6758
SYRK(7;0),3,1065,310771231,13765011456,5939
SYRK(3;1),3,1065,353948938,15532537856,23134453555
GEMM(4;3;1),3,1065,353662943,15448897536,6554
GEMM(5;3;1),3,1065,332139514,14590224384,7168
GEMM(6;3;1),3,1065,335908623,15193640960,7168
GEMM(7;3;1),3,1065,274280741,12158072832,7168
SYRK(7;1),3,1065,260907645,11502481408,5734
SYRK(3;2),3,1065,198689703,7623703552,1313984307
GEMM(4;3;2),3,1065,376592468,17688990720,6758
GEMM(5;3;2),3,1065,400494707,17566019584,6963
GEMM(6;3;2),3,1065,388010647,16856868864,6758
GEMM(7;3;2),3,1065,197466685,9296015360,7168
SYRK(7;2),3,1065,13307523,587944960,5939
POTRF(3),3,1065,2793496,110871552,0
TRSM(4;3),3,1065,8070670,332943360,0
TRSM(5;3),3,1065,8735978,332973056,0
TRSM(6;3),3,1065,8365963,332951552,0
TRSM(7;3),3,1065,8350182,332952576,0
SYRK(7;3),3,1065,7716225,307256320,0
SYRK(7;4),3,1065,318551465,14051768320,48383965389
SYRK(7;5),3,1065,287527318,12602463232,11614135296
SYRK(7;6),3,1065,13822987,588216320,725078630
POTRF(7),3,1065,2694624,110865408,0
SYRK(3;0),3,1140,314217344,13805651968,1427459072
GEMM(4;3;0),3,1140,297048210,13293169664,6554
GEMM(5;3;0),3,1140,320093876,13761427456,6349
GEMM(6;3;0),3,1140,305584434,13540005888,6554
GEMM(7;3;0),3,1140,312719279,13535132672,6758
SYRK(7;0),3,1140,312065994,13845128192,5939
SYRK(3;1),3,1140,335030464,14517704704,23519314534
GEMM(4;3;1),3,1140,325037727,14114125824,6144
GEMM(5;3;1),3,1140,343909412,14955468800,6758
GEMM(6;3;1),3,1140,328089645,14669859840,6758
GEMM(7;3;1),3,1140,309792956,13745674240,6554
SYRK(7;1),3,1140,295429337,12951985152,5530
SYRK(3;2),3,1140,195286203,8206574592,1291679334
GEMM(4;3;2),3,1140,398637357,17474967552,6758
GEMM(5;3;2),3,1140,400530547,17446316032,6554
GEMM(6;3;2),3,1140,363425859,16291549184,6554
GEMM(7;3;2),3,1140,200096635,8791317504,6349
SYRK(7;2),3,1140,14402342,586476544,5530
POTRF(3),3,1140,2394629,103617536,0
TRSM(4;3),3,1140,7610060,311327744,0
TRSM(5;3),3,1140,8056970,311266304,0
TRSM(6;3),3,1140,8176847,311290880,0
TRSM(7;3),3,1140,7953643,311319552,0
SYRK(7;3),3,1140,7389850,287122432,0
SYRK(7;4),3,1140,318134192,13971682304,48909119693
SYRK(7;5),3,1140,280115959,12376215552,11781493555
SYRK(7;6),3,1140,14235019,586522624,705624269
POTRF(7),3,1140,2408270,103605248,0
SYRK(3;0),3,1140,325117300,13614695424,1427459072
GEMM(4;3;0),3,1140,285715733,13183724544,6554
GEMM(5;3;0),3,1140,300542212,13442716672,6349
GEMM(6;3;0),3,1140,311200735,13485276160,6554
GEMM(7;3;0),3,1140,305563371,13562227712,6758
SYRK(7;0),3,1140,314548908,13683657728,5939
SYRK(3;1),3,1140,323334858,13780848640,23519314534
GEMM(4;3;1),3,1140,324097238,14195595264,6144
GEMM(5;3;1),3,1140,341656962,14808853504,6758
GEMM(6;3;1),3,1140,317322069,14120759296,6758
GEMM(7;3;1),3,1140,312293208,13972870144,6554
SYRK(7;1),3,1140,293079012,12706380800,5530
SYRK(3;2),3,1140,227425085,8172434432,1291679334
GEMM(4;3;2),3,1140,354757039,17274319872,6758
GEMM(5;3;2),3,1140,393543730,17257208832,6554
GEMM(6;3;2),3,1140,388885551,16724866048,6554
GEMM(7;3;2),3,1140,179813022,8289414144,6349
SYRK(7;2),3,1140,14005903,586373120,5530
POTRF(3),3,1140,2663178,103617536,0
TRSM(4;3),3,1140,7714967,311336960,0
TRSM(5;3),3,1140,7942337,311273472,0
TRSM(6;3),3,1140,8191258,311269376,0
TRSM(7;3),3,1140,7997223,311298048,0
SYRK(7;3),3,1140,7393695,287114240,0
SYRK(7;4),3,1140,315430214,13739752448,48909119693
SYRK(7;5),3,1140,253946265,11077265408,11781493555
SYRK(7;6),3,1140,14194387,586474496,705624269
POTRF(7),3,1140,2202684,103627776,0
SYRK(3;0),3,1140,311080515,13607158784,1427459072
GEMM(4;3;0),3,1140,303323222,13453393920,6554
GEMM(5;3;0),3,1140,315778918,13887774720,6349
GEMM(6;3;0),3,1140,322302618,13826777088,6554
GEMM(7;3;0),3,1140,313521679,14012459008,6758
SYRK(7;0),3,1140,289724565,12705511424,5939
SYRK(3;1),3,1140,349382451,14750413824,23519314534
GEMM(4;3;1),3,1140,337536702,14941552640,6144
GEMM(5;3;1),3,1140,321459018,14296668160,6758
GEMM(6;3;1),3,1140,329657674,14262758400,6758
GEMM(7;3;1),3,1140,271202250,12152381440,6554
SYRK(7;1),3,1140,289148401,12592197632,5530
SYRK(3;2),3,1140,198423258,8124774400,1291679334
GEMM(4;3;2),3,1140,392193182,17276767232,6758
GEMM(5;3;2),3,1140,388761788,17223379968,6554
GEMM(6;3;2),3,1140,376941059,16629965824,6554
GEMM(7;3;2),3,1140,194850219,8687628288,6349
SYRK(7;2),3,1140,14421542,586255360,5530
POTRF(3),3,1140,2222282,103616512,0
TRSM(4;3),3,1140,7794037,311320576,0
TRSM(5;3),3,1140,8144745,311267328,0
TRSM(6;3),3,1140,8000060,311277568,0
TRSM(7;3),3,1140,7986191,311294976,0
SYRK(7;3),3,1140,7344551,287126528,0
SYRK(7;4),3,1140,315821933,13878134784,48909119693
SYRK(7;5),3,1140,262719137,11477101568,11781493555
SYRK(7;6),3,1140,14204512,586406912,705624269
POTRF(7),3,1140,2260721,103605248,0
SYRK(3;0),3,1140,314936806,13739340800,1427459072
GEMM(4;3;0),3,1140,303067788,13533944832,6554
GEMM(5;3;0),3,1140,326602090,13309973504,6349
GEMM(6;3;0),3,1140,296491920,13854213120,6554
GEMM(7;3;0),3,1140,307381692,13488121856,6758
SYRK(7;0),3,1140,291947655,12896762880,5939
SYRK(3;1),3,1140,342927856,14642270208,23519314534
GEMM(4;3;1),3,1140,347082633,15230794752,6144
GEMM(5;3;1),3,1140,318515837,14252989440,6758
GEMM(6;3;1),3,1140,329438252,14133891072,6758
GEMM(7;3;1),3,1140,272416002,12292033536,6554
SYRK(7;1),3,1140,286534461,12461974528,5530
SYRK(3;2),3,1140,201977906,8138734592,1291679334
GEMM(4;3;2),3,1140,386354166,17160153088,6758
GEMM(5;3;2),3,1140,398995292,17125560320,6554
GEMM(6;3;2),3,1140,373448435,16838763520,6554
GEMM(7;3;2),3,1140,191249086,8721086464,6349
SYRK(7;2),3,1140,14253813,586189824,5530
POTRF(3),3,1140,2402314,103622656,0
TRSM(4;3),3,1140,7655002,311304192,0
TRSM(5;3),3,1140,8255937,311242752,0
TRSM(6;3),3,1140,7955733,311272448,0
TRSM(7;3),3,1140,7961984,311296000,0
SYRK(7;3),3,1140,7408072,287112192,0
SYRK(7;4),3,1140,313486088,13951396864,48909119693
SYRK(7;5),3,1140,313704864,13660617728,11781493555
SYRK(7;6),3,1140,14244318,586499072,705624269
POTRF(7),3,1140,2314783,103617536,0
SYRK(3;0),3,1140,315283977,13752422400,1427459072
GEMM(4;3;0),3,1140,299696254,13073793024,6554
GEMM(5;3;0),3,1140,297065579,13079930880,6349
GEMM(6;3;0),3,1140,315367617,13709658112,6554
GEMM(7;3;0),3,1140,307103717,13481392128,6758
SYRK(7;0),3,1140,301556509,13203019776,5939
SYRK(3;1),3,1140,338131370,14498227200,23519314534
GEMM(4;3;1),3,1140,343569992,15089428480,6144
GEMM(5;3;1),3,1140,333647049,14408402944,6758
GEMM(6;3;1),3,1140,326008381,14632502272,6758
GEMM(7;3;1),3,1140,286115676,12667546624,6554
SYRK(7;1),3,1140,287391098,12543834112,5530
SYRK(3;2),3,1140,191963967,8196295680,1291679334
GEMM(4;3;2),3,1140,401470222,17582030848,6758
GEMM(5;3;2),3,1140,394160144,17265577984,6554
GEMM(6;3;2),3,1140,376185372,16407262208,6554
GEMM(7;3;2),3,1140,184526908,8276307968,6349
SYRK(7;2),3,1140,14113292,586186752,5530
POTRF(3),3,1140,2458605,103604224,0
TRSM(4;3),3,1140,7811210,311329792,0
TRSM(5;3),3,1140,8172153,311293952,0
TRSM(6;3),3,1140,8037152,311318528,0
TRSM(7;3),3,1140,7963439,311320576,0
SYRK(7;3),3,1140,7378542,287101952,0
SYRK(7;4),3,1140,303781013,13474244608,48909119693
SYRK(7;5),3,1140,260666939,11412824064,11781493555
SYRK(7;6),3,1140,13518927,586338304,705624269
POTRF(7),3,1140,2547136,103614464,0
SYRK(3;0),3,1215,299003178,13124849664,1426830950
GEMM(4;3;0),3,1215,302586281,12893334528,6144
GEMM(5;3;0),3,1215,319326282,13456897024,6144
GEMM(6;3;0),3,1215,309787941,13164059648,6144
GEMM(7;3;0),3,1215,307187127,13048121344,6144
SYRK(7;0),3,1215,300199173,12995899392,5530
SYRK(3;1),3,1215,361586118,14601789440,21760257434
GEMM(4;3;1),3,1215,346960862,15001383936,5734
GEMM(5;3;1),3,1215,326950311,14045872128,6349
GEMM(6;3;1),3,1215,341049398,14568312832,6349
GEMM(7;3;1),3,1215,258111758,11252847616,6349
SYRK(7;1),3,1215,284295203,12143478784,5120
SYRK(3;2),3,1215,217955264,8783141888,1283514368
GEMM(4;3;2),3,1215,390913245,16622892032,5939
GEMM(5;3;2),3,1215,398490143,17297793024,6144
GEMM(6;3;2),3,1215,385511076,16188032000,6144
GEMM(7;3;2),3,1215,175819720,7789087744,6144
SYRK(7;2),3,1215,14724775,588978176,5120
POTRF(3),3,1215,2298895,97185792,0
TRSM(4;3),3,1215,7387291,291872768,0
TRSM(5;3),3,1215,8089512,291896320,0
TRSM(6;3),3,1215,7733715,291883008,0
TRSM(7;3),3,1215,7724489,291908608,0
SYRK(7;3),3,1215,7114358,269325312,0
SYRK(7;4),3,1215,312897101,13369467904,50308004864
SYRK(7;5),3,1215,272789132,11554723840,10544668877
SYRK(7;6),3,1215,14451325,589152256,696216781
POTRF(7),3,1215,2234378,97180672,0
SYRK(3;0),3,1215,300018828,12758752256,1426830950
GEMM(4;3;0),3,1215,294310069,12757950464,6144
GEMM(5;3;0),3,1215,316859178,13343662080,6144
GEMM(6;3;0),3,1215,306138503,13097000960,6144
GEMM(7;3;0),3,1215,306954532,12780366848,6144
SYRK(7;0),3,1215,298348990,12925449216,5530
SYRK(3;1),3,1215,348679221,14487524352,21760257434
GEMM(4;3;1),3,1215,338061610,14322226176,5734
GEMM(5;3;1),3,1215,346155330,14830927872,6349
GEMM(6;3;1),3,1215,324292087,13905334272,6349
GEMM(7;3;1),3,1215,272948736,11780656128,6349
SYRK(7;1),3,1215,284776145,12097447936,5120
SYRK(3;2),3,1215,214410096,8630685696,1283514368
GEMM(4;3;2),3,1215,390550241,16698454016,5939
GEMM(5;3;2),3,1215,398906844,16931752960,6144
GEMM(6;3;2),3,1215,374328526,16261756928,6144
GEMM(7;3;2),3,1215,187885800,8029027328,6144
SYRK(7;2),3,1215,14172909,589116416,5120
POTRF(3),3,1215,2487536,97184768,0
TRSM(4;3),3,1215,7561481,291876864,0
TRSM(5;3),3,1215,7780375,291890176,0
TRSM(6;3),3,1215,7864508,291879936,0
TRSM(7;3),3,1215,7751596,291906560,0
SYRK(7;3),3,1215,7163258,269325312,0
SYRK(7;4),3,1215,303780870,13072921600,50308004864
SYRK(7;5),3,1215,254656411,10764716032,10544668877
SYRK(7;6),3,1215,14640686,589010944,696216781
POTRF(7),3,1215,2369259,97183744,0
SYRK(3;0),3,1215,306651444,12924398592,1426830950
GEMM(4;3;0),3,1215,302932154,12938130432,6144
GEMM(5;3;0),3,1215,300772348,12883532800,6144
GEMM(6;3;0),3,1215,306774459,13079998464,6144
GEMM(7;3;0),3,1215,309662460,13098899456,6144
SYRK(7;0),3,1215,298863815,12830897152,5530
SYRK(3;1),3,1215,351473219,14438432768,21760257434
GEMM(4;3;1),3,1215,330820430,14217574400,5734
GEMM(5;3;1),3,1215,325679867,14201220096,6349
GEMM(6;3;1),3,1215,372637904,15372818432,6349
GEMM(7;3;1),3,1215,302301616,13207550976,6349
SYRK(7;1),3,1215,257541489,10972834816,5120
SYRK(3;2),3,1215,229216280,8630929408,1283514368
GEMM(4;3;2),3,1215,375564845,16689004544,5939
GEMM(5;3;2),3,1215,403406811,17226893312,6144
GEMM(6;3;2),3,1215,369779400,15991907328,6144
GEMM(7;3;2),3,1215,180434321,7758958592,6144
SYRK(7;2),3,1215,14674487,589037568,5120
POTRF(3),3,1215,2456286,97183744,0
TRSM(4;3),3,1215,7579072,291876864,0
TRSM(5;3),3,1215,7881883,291891200,0
TRSM(6;3),3,1215,7765535,291881984,0
TRSM(7;3),3,1215,7751557,291900416,0
SYRK(7;3),3,1215,7104456,269325312,0
SYRK(7;4),3,1215,307443842,13197798400,50308004864
SYRK(7;5),3,1215,280310428,11838650368,10544668877
SYRK(7;6),3,1215,14310325,588936192,696216781
POTRF(7),3,1215,2234506,97179648,0
SYRK(3;0),3,1215,312923978,13219375104,1426830950
GEMM(4;3;0),3,1215,306184531,13081687040,6144
GEMM(5;3;0),3,1215,312389465,13278681088,6144
GEMM(6;3;0),3,1215,303735274,13031553024,6144
GEMM(7;3;0),3,1215,311478381,13176383488,6144
SYRK(7;0),3,1215,304188536,12986417152,5530
SYRK(3;1),3,1215,354184790,14683188224,21760257434
GEMM(4;3;1),3,1215,332119538,14084320256,5734
GEMM(5;3;1),3,1215,341002205,14873591808,6349
GEMM(6;3;1),3,1215,334593606,14020330496,6349
GEMM(7;3;1),3,1215,284104725,12368647168,6349
SYRK(7;1),3,1215,236560014,10123913216,5120
SYRK(3;2),3,1215,212202420,8466524160,1283514368
GEMM(4;3;2),3,1215,392907203,16835612672,5939
GEMM(5;3;2),3,1215,389324649,16615723008,6144
GEMM(6;3;2),3,1215,364934191,15520155648,6144
GEMM(7;3;2),3,1215,183941294,8161611776,6144
SYRK(7;2),3,1215,14339912,589189120,5120
POTRF(3),3,1215,2496594,97185792,0
TRSM(4;3),3,1215,7485671,291872768,0
TRSM(5;3),3,1215,7840167,291896320,0
TRSM(6;3),3,1215,7854966,291875840,0
TRSM(7;3),3,1215,7744215,291910656,0
SYRK(7;3),3,1215,7121604,269325312,0
SYRK(7;4),3,1215,303635613,13013928960,50308004864
SYRK(7;5),3,1215,273760418,11707624448,10544668877
SYRK(7;6),3,1215,14520428,589219840,696216781
POTRF(7),3,1215,2282504,97180672,0
SYRK(3;0),3,1215,309713653,13313461248,1426830950
GEMM(4;3;0),3,1215,318838368,13444162560,6144
GEMM(5;3;0),3,1215,310119443,13203158016,6144
GEMM(6;3;0),3,1215,308359184,13141070848,6144
GEMM(7;3;0),3,1215,319124026,13529973760,6144
SYRK(7;0),3,1215,305371895,13145982976,5530
SYRK(3;1),3,1215,349099252,14757680128,21760257434
GEMM(4;3;1),3,1215,358814171,15027874816,5734
GEMM(5;3;1),3,1215,334136711,14364928000,6349
GEMM(6;3;1),3,1215,344233892,14461129728,6349
GEMM(7;3;1),3,1215,267883734,11676427264,6349
SYRK(7;1),3,1215,308609807,13115714560,5120
SYRK(3;2),3,1215,216343248,8717534208,1283514368
GEMM(4;3;2),3,1215,396650911,16837496832,5939
GEMM(5;3;2),3,1215,386738124,16752591872,6144
GEMM(6;3;2),3,1215,385693637,16264624128,6144
GEMM(7;3;2),3,1215,183106239,8116987904,6144
SYRK(7;2),3,1215,14337410,588946432,5120
POTRF(3),3,1215,2332348,97184768,0
TRSM(4;3),3,1215,7386935,291874816,0
TRSM(5;3),3,1215,7810633,291889152,0
TRSM(6;3),3,1215,7981783,291880960,0
TRSM(7;3),3,1215,7756408,291912704,0
SYRK(7;3),3,1215,7126620,269326336,0
SYRK(7;4),3,1215,309431248,13411015680,50308004864
SYRK(7;5),3,1215,268027486,11322988544,10544668877
SYRK(7;6),3,1215,14620567,589166592,696216781
POTRF(7),3,1215,2386147,97183744,0
SYRK(3;0),3,1290,314833511,13042422784,1427752550
GEMM(4;3;0),3,1290,313636886,12782705664,5734
GEMM(5;3;0),3,1290,308407228,12918989824,5734
GEMM(6;3;0),3,1290,314952478,12956428288,6144
GEMM(7;3;0),3,1290,319818225,13124847616,6144
SYRK(7;0),3,1290,311854991,12996899840,4710
SYRK(3;1),3,1290,359716028,14415692800,20049658880
GEMM(4;3;1),3,1290,335890690,14007968768,6144
GEMM(5;3;1),3,1290,367814198,15010411520,5939
GEMM(6;3;1),3,1290,348677972,14491359232,6144
GEMM(7;3;1),3,1290,277326178,11632316416,6144
SYRK(7;1),3,1290,261444001,10860565504,4710
SYRK(3;2),3,1290,226773766,9212394496,1280889242
GEMM(4;3;2),3,1290,435779441,17503305728,5939
GEMM(5;3;2),3,1290,424833951,17641484288,5939
GEMM(6;3;2),3,1290,386537106,16081788928,5939
GEMM(7;3;2),3,1290,181485929,7677719552,5939
SYRK(7;2),3,1290,14679291,587947008,5120
POTRF(3),3,1290,2216670,91534336,0
TRSM(4;3),3,1290,7404375,274899968,0
TRSM(5;3),3,1290,7697911,274910208,0
TRSM(6;3),3,1290,7677902,274909184,0
TRSM(7;3),3,1290,7568149,274935808,0
SYRK(7;3),3,1290,6968605,253666304,0
SYRK(7;4),3,1290,306611610,12808059904,50031970509
SYRK(7;5),3,1290,253750266,10467940352,9752487322
SYRK(7;6),3,1290,15446240,587760640,684665651
POTRF(7),3,1290,2099300,91532288,0
SYRK(3;0),3,1290,311184339,12672899072,1427752550
GEMM(4;3;0),3,1290,298836205,12514479104,5734
GEMM(5;3;0),3,1290,309499412,12618196992,5734
GEMM(6;3;0),3,1290,305943232,12621716480,6144
GEMM(7;3;0),3,1290,300831834,12504881152,6144
SYRK(7;0),3,1290,304934267,12528048128,4710
SYRK(3;1),3,1290,345531057,14163916800,20049658880
GEMM(4;3;1),3,1290,367352461,14800304128,6144
GEMM(5;3;1),3,1290,357462411,14608350208,5939
GEMM(6;3;1),3,1290,344301682,14490968064,6144
GEMM(7;3;1),3,1290,257876798,10823299072,6144
SYRK(7;1),3,1290,277501405,11398353920,4710
SYRK(3;2),3,1290,245125377,9532382208,1280889242
GEMM(4;3;2),3,1290,422530769,17489807360,5939
GEMM(5;3;2),3,1290,409293304,16900405248,5939
GEMM(6;3;2),3,1290,401900338,16671097856,5939
GEMM(7;3;2),3,1290,169470006,7335624704,5939
SYRK(7;2),3,1290,15222066,587846656,5120
POTRF(3),3,1290,2364089,91534336,0
TRSM(4;3),3,1290,7206733,274900992,0
TRSM(5;3),3,1290,7582880,274910208,0
TRSM(6;3),3,1290,7838415,274907136,0
TRSM(7;3),3,1290,7587313,274936832,0
SYRK(7;3),3,1290,6995131,253666304,0
SYRK(7;4),3,1290,303598149,12833773568,50031970509
SYRK(7;5),3,1290,246487244,10144914432,9752487322
SYRK(7;6),3,1290,14848241,587938816,684665651
POTRF(7),3,1290,2236953,91530240,0
SYRK(3;0),3,1290,313770019,12732258304,1427752550
GEMM(4;3;0),3,1290,293721352,12294147072,5734
GEMM(5;3;0),3,1290,311598968,12744500224,5734
GEMM(6;3;0),3,1290,311742227,12673786880,6144
GEMM(7;3;0),3,1290,310019458,12883842048,6144
SYRK(7;0),3,1290,304359542,12634362880,4710
SYRK(3;1),3,1290,363646012,14561692672,20049658880
GEMM(4;3;1),3,1290,346419272,14174371840,6144
GEMM(5;3;1),3,1290,342079263,14121263104,5939
GEMM(6;3;1),3,1290,339315911,14264881152,6144
GEMM(7;3;1),3,1290,303215214,12762745856,6144
SYRK(7;1),3,1290,279560021,11410659328,4710
SYRK(3;2),3,1290,239971337,9347406848,1280889242
GEMM(4;3;2),3,1290,425049908,17685160960,5939
GEMM(5;3;2),3,1290,432881585,17771538432,5939
GEMM(6;3;2),3,1290,385486634,16151849984,5939
GEMM(7;3;2),3,1290,168392710,7359607808,5939
SYRK(7;2),3,1290,14659154,587615232,5120
POTRF(3),3,1290,2321858,91536384,0
TRSM(4;3),3,1290,7416896,274920448,0
TRSM(5;3),3,1290,7546405,274925568,0
TRSM(6;3),3,1290,7601966,274924544,0
TRSM(7;3),3,1290,7520830,274952192,0
SYRK(7;3),3,1290,6949671,253669376,0
SYRK(7;4),3,1290,311912347,13008136192,50031970509
SYRK(7;5),3,1290,264141175,10879954944,9752487322
SYRK(7;6),3,1290,14528028,588085248,684665651
POTRF(7),3,1290,2515125,91533312,0
SYRK(3;0),3,1290,310428074,12799583232,1427752550
GEMM(4;3;0),3,1290,304314360,12674429952,5734
GEMM(5;3;0),3,1290,296820257,12311953408,5734
GEMM(6;3;0),3,1290,308396315,12604759040,6144
GEMM(7;3;0),3,1290,295318087,12549493760,6144
SYRK(7;0),3,1290,305069881,12604487680,4710
SYRK(3;1),3,1290,364566710,14697712640,20049658880
GEMM(4;3;1),3,1290,340295225,14026064896,6144
GEMM(5;3;1),3,1290,363324222,15077408768,5939
GEMM(6;3;1),3,1290,336449805,14369594368,6144
GEMM(7;3;1),3,1290,266976815,10932041728,6144
SYRK(7;1),3,1290,259301491,10827128832,4710
SYRK(3;2),3,1290,242857469,9349134336,1280889242
GEMM(4;3;2),3,1290,415658362,17506318336,5939
GEMM(5;3;2),3,1290,419605425,17321208832,5939
GEMM(6;3;2),3,1290,392024629,16292822016,5939
GEMM(7;3;2),3,1290,165458881,7222702080,5939
SYRK(7;2),3,1290,14729811,587820032,5120
POTRF(3),3,1290,2654332,91534336,0
TRSM(4;3),3,1290,7250731,274920448,0
TRSM(5;3),3,1290,7589834,274927616,0
TRSM(6;3),3,1290,7795966,274918400,0
TRSM(7;3),3,1290,7507030,274949120,0
SYRK(7;3),3,1290,6945597,253669376,0
SYRK(7;4),3,1290,314817004,13022991360,50031970509
SYRK(7;5),3,1290,306002894,12620600320,9752487322
SYRK(7;6),3,1290,14817000,587724800,684665651
POTRF(7),3,1290,2261606,91532288,0
SYRK(3;0),3,1290,309749743,12647216128,1427752550
GEMM(4;3;0),3,1290,303656877,12696337408,5734
GEMM(5;3;0),3,1290,308538936,12827463680,5734
GEMM(6;3;0),3,1290,308921974,12740305920,6144
GEMM(7;3;0),3,1290,297810710,12352348160,6144
SYRK(7;0),3,1290,302352055,12602166272,4710
SYRK(3;1),3,1290,373266315,14939373568,20049658880
GEMM(4;3;1),3,1290,333395741,14130225152,6144
GEMM(5;3;1),3,1290,365960940,14958147584,5939
GEMM(6;3;1),3,1290,349951728,14643505152,6144
GEMM(7;3;1),3,1290,276955174,11691151360,6144
SYRK(7;1),3,1290,294278561,12161705984,4710
SYRK(3;2),3,1290,242169067,9436783616,1280889242
GEMM(4;3;2),3,1290,418600191,17453986816,5939
GEMM(5;3;2),3,1290,418385192,17592210432,5939
GEMM(6;3;2),3,1290,391773571,16087025664,5939
GEMM(7;3;2),3,1290,170843339,7362861056,5939
SYRK(7;2),3,1290,15105856,587860992,5120
POTRF(3),3,1290,2285410,91534336,0
TRSM(4;3),3,1290,7396524,274914304,0
TRSM(5;3),3,1290,7672657,274927616,0
TRSM(6;3),3,1290,6785162,274918400,0
TRSM(7;3),3,1290,8256070,274948096,0
SYRK(7;3),3,1290,6866883,253670400,0
SYRK(7;4),3,1290,311235457,13075613696,50031970509
SYRK(7;5),3,1290,251300138,10470847488,9752487322
SYRK(7;6),3,1290,14733409,587803648,684665651
POTRF(7),3,1290,2491134,91531264,0
SYRK(3;0),3,1365,302568301,12121536512,1427761562
GEMM(4;3;0),3,1365,309118670,12398779392,5530
GEMM(5;3;0),3,1365,306653667,12361119744,5325
GEMM(6;3;0),3,1365,311431208,12391246848,5734
GEMM(7;3;0),3,1365,306735639,12363555840,5325
SYRK(7;0),3,1365,299927855,12167710720,4506
SYRK(3;1),3,1365,369575938,14347551744,19302386893
GEMM(4;3;1),3,1365,357696787,14403584000,5325
GEMM(5;3;1),3,1365,359643408,14676999168,5939
GEMM(6;3;1),3,1365,356966418,14022367232,5530
GEMM(7;3;1),3,1365,269756126,11192170496,5120
SYRK(7;1),3,1365,279585653,11175037952,4301
SYRK(3;2),3,1365,256334481,9701248000,1266681037
GEMM(4;3;2),3,1365,434597676,17884917760,5325
GEMM(5;3;2),3,1365,442921170,17711889408,5530
GEMM(6;3;2),3,1365,402276599,15954166784,5530
GEMM(7;3;2),3,1365,164203915,6825088000,5530
SYRK(7;2),3,1365,15658695,586875904,4710
POTRF(3),3,1365,2044304,86506496,0
TRSM(4;3),3,1365,7232647,259818496,0
TRSM(5;3),3,1365,7604919,259837952,0
TRSM(6;3),3,1365,7458307,259816448,0
TRSM(7;3),3,1365,7373724,259863552,0
SYRK(7;3),3,1365,6822117,239730688,0
SYRK(7;4),3,1365,312499846,12419582976,50106991206
SYRK(7;5),3,1365,289563084,11591131136,9231563162
SYRK(7;6),3,1365,15451040,586955776,678313779
POTRF(7),3,1365,2152238,86503424,0
SYRK(3;0),3,1365,303985617,12117519360,1427761562
GEMM(4;3;0),3,1365,304970744,12102007808,5530
GEMM(5;3;0),3,1365,306454951,12310757376,5325
GEMM(6;3;0),3,1365,299697278,12045782016,5734
GEMM(7;3;0),3,1365,299617500,12054444032,5325
SYRK(7;0),3,1365,296496771,11963246592,4506
SYRK(3;1),3,1365,372172412,14336064512,19302386893
GEMM(4;3;1),3,1365,352563950,14313890816,5325
GEMM(5;3;1),3,1365,358791336,14285591552,5939
GEMM(6;3;1),3,1365,354271476,14333922304,5530
GEMM(7;3;1),3,1365,262135431,10760199168,5120
SYRK(7;1),3,1365,266188147,10634319872,4301
SYRK(3;2),3,1365,247894341,9735673856,1266681037
GEMM(4;3;2),3,1365,440127207,17378446336,5325
GEMM(5;3;2),3,1365,434282791,17273963520,5530
GEMM(6;3;2),3,1365,394813372,16222275584,5530
GEMM(7;3;2),3,1365,171521695,6924626944,5530
SYRK(7;2),3,1365,15593346,586920960,4710
POTRF(3),3,1365,1932605,86505472,0
TRSM(4;3),3,1365,7279497,259818496,0
TRSM(5;3),3,1365,7272243,259840000,0
TRSM(6;3),3,1365,7599492,259828736,0
TRSM(7;3),3,1365,7359458,259860480,0
SYRK(7;3),3,1365,6804559,239730688,0
SYRK(7;4),3,1365,302191103,12177778688,50106991206
SYRK(7;5),3,1365,265757725,10663926784,9231563162
SYRK(7;6),3,1365,15228070,586969088,678313779
POTRF(7),3,1365,2344438,86502400,0
SYRK(3;0),3,1365,317938994,12526412800,1427761562
GEMM(4;3;0),3,1365,319440918,12780437504,5530
GEMM(5;3;0),3,1365,309620634,12414917632,5325
GEMM(6;3;0),3,1365,307181317,12445686784,5734
GEMM(7;3;0),3,1365,314989770,12450631680,5325
SYRK(7;0),3,1365,310999431,12543969280,4506
SYRK(3;1),3,1365,380640195,14677226496,19302386893
GEMM(4;3;1),3,1365,374717344,15054494720,5325
GEMM(5;3;1),3,1365,366818765,14731330560,5939
GEMM(6;3;1),3,1365,366033727,14815286272,5530
GEMM(7;3;1),3,1365,281086661,11457009664,5120
SYRK(7;1),3,1365,278871018,11206554624,4301
SYRK(3;2),3,1365,259495627,9821147136,1266681037
GEMM(4;3;2),3,1365,438087011,17789993984,5325
GEMM(5;3;2),3,1365,441487892,17574038528,5530
GEMM(6;3;2),3,1365,380130740,15625636864,5530
GEMM(7;3;2),3,1365,173131346,6898552832,5530
SYRK(7;2),3,1365,14912818,587229184,4710
POTRF(3),3,1365,2439976,86504448,0
TRSM(4;3),3,1365,7068936,259817472,0
TRSM(5;3),3,1365,7454383,259842048,0
TRSM(6;3),3,1365,7621863,259824640,0
TRSM(7;3),3,1365,7385226,259857408,0
SYRK(7;3),3,1365,6741459,239731712,0
SYRK(7;4),3,1365,311779166,12614883328,50106991206
SYRK(7;5),3,1365,267604369,10686201856,9231563162
SYRK(7;6),3,1365,15574873,586838016,678313779
POTRF(7),3,1365,2146982,86503424,0
SYRK(3;0),3,1365,312450658,12423659520,1427761562
GEMM(4;3;0),3,1365,313644625,12356025344,5530
GEMM(5;3;0),3,1365,308141983,12452919296,5325
GEMM(6;3;0),3,1365,305972169,12281063424,5734
GEMM(7;3;0),3,1365,304837915,12200890368,5325
SYRK(7;0),3,1365,308818537,12413705216,4506
SYRK(3;1),3,1365,381864002,14840144896,19302386893
GEMM(4;3;1),3,1365,364352036,14494735360,5325
GEMM(5;3;1),3,1365,373685925,15098192896,5939
GEMM(6;3;1),3,1365,345130749,14077687808,5530
GEMM(7;3;1),3,1365,297793159,12199360512,5120
SYRK(7;1),3,1365,279059621,11115272192,4301
SYRK(3;2),3,1365,243169049,9446745088,1266681037
GEMM(4;3;2),3,1365,415688204,16476296192,5325
GEMM(5;3;2),3,1365,415772028,16648055808,5530
GEMM(6;3;2),3,1365,391958133,16060213248,5530
GEMM(7;3;2),3,1365,177921724,7176251392,5530
SYRK(7;2),3,1365,16111914,587163648,4710
POTRF(3),3,1365,2121674,86504448,0
TRSM(4;3),3,1365,7121413,259820544,0
TRSM(5;3),3,1365,7319913,259786752,0
TRSM(6;3),3,1365,7619942,259834880,0
TRSM(7;3),3,1365,7374492,259850240,0
SYRK(7;3),3,1365,6817438,239730688,0
SYRK(7;4),3,1365,305756197,12257300480,50106991206
SYRK(7;5),3,1365,242733113,9639865344,9231563162
SYRK(7;6),3,1365,15367203,586959872,678313779
POTRF(7),3,1365,2187768,86504448,0
SYRK(3;0),3,1365,306422685,12098016256,1427761562
GEMM(4;3;0),3,1365,304951738,12170738688,5530
GEMM(5;3;0),3,1365,309568576,12395962368,5325
GEMM(6;3;0),3,1365,306795263,12324556800,5734
GEMM(7;3;0),3,1365,302154866,12170223616,5325
SYRK(7;0),3,1365,309966744,12411731968,4506
SYRK(3;1),3,1365,377453419,14573815808,19302386893
GEMM(4;3;1),3,1365,368606273,14600775680,5325
GEMM(5;3;1),3,1365,362073863,14810482688,5939
GEMM(6;3;1),3,1365,348602356,14099086336,5530
GEMM(7;3;1),3,1365,264296397,10772968448,5120
SYRK(7;1),3,1365,256261441,10282688512,4301
SYRK(3;2),3,1365,245842669,9302587392,1266681037
GEMM(4;3;2),3,1365,417460709,16693936128,5325
GEMM(5;3;2),3,1365,407890626,16800158720,5530
GEMM(6;3;2),3,1365,401786552,16057078784,5530
GEMM(7;3;2),3,1365,173837533,7052737536,5530
SYRK(7;2),3,1365,15742261,586866688,4710
POTRF(3),3,1365,2488245,86507520,0
TRSM(4;3),3,1365,7024552,259816448,0
TRSM(5;3),3,1365,7447081,259837952,0
TRSM(6;3),3,1365,7639342,259824640,0
TRSM(7;3),3,1365,7375928,259855360,0
SYRK(7;3),3,1365,6736656,239730688,0
SYRK(7;4),3,1365,318308766,12742345728,50106991206
SYRK(7;5),3,1365,289834893,11580249088,9231563162
SYRK(7;6),3,1365,14966784,586813440,678313779
POTRF(7),3,1365,2470728,86500352,0
SYRK(3;0),3,1440,320823700,12352913408,1427801907
GEMM(4;3;0),3,1440,317470468,12659739648,5120
GEMM(5;3;0),3,1440,325746387,12749310976,5120
GEMM(6;3;0),3,1440,324725217,12734400512,5325
GEMM(7;3;0),3,1440,321185020,12562780160,5120
SYRK(7;0),3,1440,315174735,12449263616,4506
SYRK(3;1),3,1440,372422411,14298285056,19304058880
GEMM(4;3;1),3,1440,376302598,14637360128,5120
GEMM(5;3;1),3,1440,368316207,14339031040,5120
GEMM(6;3;1),3,1440,360296574,14419423232,5939
GEMM(7;3;1),3,1440,288501186,11376642048,5530
SYRK(7;1),3,1440,292380775,11355381760,4301
SYRK(3;2),3,1440,279969909,10233647104,1261662822
GEMM(4;3;2),3,1440,441101473,17506182144,4915
GEMM(5;3;2),3,1440,440296929,17597457408,5325
GEMM(6;3;2),3,1440,406712937,15606352896,5120
GEMM(7;3;2),3,1440,159986693,6568370176,5120
SYRK(7;2),3,1440,15346304,587185152,4710
POTRF(3),3,1440,2550812,82014208,0
TRSM(4;3),3,1440,7178596,246297600,0
TRSM(5;3),3,1440,7151574,246308864,0
TRSM(6;3),3,1440,7477722,246306816,0
TRSM(7;3),3,1440,7217452,246337536,0
SYRK(7;3),3,1440,6602400,227251200,0
SYRK(7;4),3,1440,313088776,12292007936,49820059648
SYRK(7;5),3,1440,257187220,10009296896,9166161306
SYRK(7;6),3,1440,15935669,587327488,673877606
POTRF(7),3,1440,2251271,82001920,0
SYRK(3;0),3,1440,320687769,12636042240,1427801907
GEMM(4;3;0),3,1440,315451967,12398659584,5120
GEMM(5;3;0),3,1440,319971368,12364207104,5120
GEMM(6;3;0),3,1440,311407411,12168151040,5325
GEMM(7;3;0),3,1440,322319275,12747310080,5120
SYRK(7;0),3,1440,310327479,12202960896,4506
SYRK(3;1),3,1440,376852170,14271332352,19304058880
GEMM(4;3;1),3,1440,363374861,14552827904,5120
GEMM(5;3;1),3,1440,361734004,14182005760,5120
GEMM(6;3;1),3,1440,369565812,14518792192,5939
GEMM(7;3;1),3,1440,254616148,9979732992,5530
SYRK(7;1),3,1440,294794218,11497802752,4301
SYRK(3;2),3,1440,259202298,9966493696,1261662822
GEMM(4;3;2),3,1440,453261440,17336486912,4915
GEMM(5;3;2),3,1440,443061305,17410426880,5325
GEMM(6;3;2),3,1440,409186761,16182671360,5120
GEMM(7;3;2),3,1440,170118675,6941925376,5120
SYRK(7;2),3,1440,15298501,587214848,4710
POTRF(3),3,1440,2586410,82001920,0
TRSM(4;3),3,1440,7161594,246294528,0
TRSM(5;3),3,1440,7375467,246305792,0
TRSM(6;3),3,1440,7149942,246303744,0
TRSM(7;3),3,1440,7359425,246328320,0
SYRK(7;3),3,1440,6661957,227250176,0
SYRK(7;4),3,1440,307888524,12268987392,49820059648
SYRK(7;5),3,1440,289723071,11279794176,9166161306
SYRK(7;6),3,1440,15982022,587084800,673877606
POTRF(7),3,1440,2156581,82001920,0
SYRK(3;0),3,1440,319288593,12520752128,1427801907
GEMM(4;3;0),3,1440,323324827,12569315328,5120
GEMM(5;3;0),3,1440,318962880,12559125504,5120
GEMM(6;3;0),3,1440,321158397,12631822336,5325
GEMM(7;3;0),3,1440,330209579,12732594176,5120
SYRK(7;0),3,1440,309194581,12334711808,4506
SYRK(3;1),3,1440,367521920,13847513088,19304058880
GEMM(4;3;1),3,1440,370203433,14467088384,5120
GEMM(5;3;1),3,1440,372716381,14666054656,5120
GEMM(6;3;1),3,1440,374633942,14814779392,5939
GEMM(7;3;1),3,1440,252570523,10075572224,5530
SYRK(7;1),3,1440,290205917,11331307520,4301
SYRK(3;2),3,1440,282810702,10439561216,1261662822
GEMM(4;3;2),3,1440,433247890,17113774080,4915
GEMM(5;3;2),3,1440,443284400,17363160064,5325
GEMM(6;3;2),3,1440,422385836,16465093632,5120
GEMM(7;3;2),3,1440,158320101,6658990080,5120
SYRK(7;2),3,1440,15761279,587116544,4710
POTRF(3),3,1440,2195833,82014208,0
TRSM(4;3),3,1440,7118005,246296576,0
TRSM(5;3),3,1440,7251695,246304768,0
TRSM(6;3),3,1440,7335442,246296576,0
TRSM(7;3),3,1440,7155217,246325248,0
SYRK(7;3),3,1440,6725428,227251200,0
SYRK(7;4),3,1440,309855802,12240318464,49820059648
SYRK(7;5),3,1440,290944838,11367891968,9166161306
SYRK(7;6),3,1440,15899574,587161600,673877606
POTRF(7),3,1440,2313382,82011136,0
SYRK(3;0),3,1440,333854338,12556571648,1427801907
GEMM(4;3;0),3,1440,315814706,12616225792,5120
GEMM(5;3;0),3,1440,321999640,12648426496,5120
GEMM(6;3;0),3,1440,326717589,12777833472,5325
GEMM(7;3;0),3,1440,319696522,12497128448,5120
SYRK(7;0),3,1440,316761674,12485701632,4506
SYRK(3;1),3,1440,353647335,13719705600,19304058880
GEMM(4;3;1),3,1440,376577759,14534278144,5120
GEMM(5;3;1),3,1440,364064156,14011004928,5120
GEMM(6;3;1),3,1440,353488323,13985760256,5939
GEMM(7;3;1),3,1440,262403223,10556577792,5530
SYRK(7;1),3,1440,282079678,11097683968,4301
SYRK(3;2),3,1440,266000618,10182592512,1261662822
GEMM(4;3;2),3,1440,459407050,17683913728,4915
GEMM(5;3;2),3,1440,434229542,17340243968,5325
GEMM(6;3;2),3,1440,423955013,16265030656,5120
GEMM(7;3;2),3,1440,161073667,6685916160,5120
SYRK(7;2),3,1440,15877861,586976256,4710
POTRF(3),3,1440,2193358,82003968,0
TRSM(4;3),3,1440,7095788,246297600,0
TRSM(5;3),3,1440,7231933,246309888,0
TRSM(6;3),3,1440,7338047,246301696,0
TRSM(7;3),3,1440,7164050,246337536,0
SYRK(7;3),3,1440,6812291,227248128,0
SYRK(7;4),3,1440,311810729,12210229248,49820059648
SYRK(7;5),3,1440,272172541,10686861312,9166161306
SYRK(7;6),3,1440,15232821,586925056,673877606
POTRF(7),3,1440,2352947,82000896,0
SYRK(3;0),3,1440,310389659,12190003200,1427801907
GEMM(4;3;0),3,1440,314211694,12328321024,5120
GEMM(5;3;0),3,1440,315945434,12326327296,5120
GEMM(6;3;0),3,1440,317436372,12488151040,5325
GEMM(7;3;0),3,1440,311133726,12081874944,5120
SYRK(7;0),3,1440,310644224,12182828032,4506
SYRK(3;1),3,1440,388001566,14692498432,19304058880
GEMM(4;3;1),3,1440,367481832,14586477568,5120
GEMM(5;3;1),3,1440,357405964,14264062976,5120
GEMM(6;3;1),3,1440,375637708,14437261312,5939
GEMM(7;3;1),3,1440,293816122,11707536384,5530
SYRK(7;1),3,1440,269909565,10589330432,4301
SYRK(3;2),3,1440,281418426,10352582656,1261662822
GEMM(4;3;2),3,1440,430509833,17269250048,4915
GEMM(5;3;2),3,1440,465693258,17903546368,5325
GEMM(6;3;2),3,1440,418967353,16480016384,5120
GEMM(7;3;2),3,1440,162545011,6727128064,5120
SYRK(7;2),3,1440,15322063,586921984,4710
POTRF(3),3,1440,2507074,82004992,0
TRSM(4;3),3,1440,7172820,246293504,0
TRSM(5;3),3,1440,7393187,246301696,0
TRSM(6;3),3,1440,7285179,246302720,0
TRSM(7;3),3,1440,7288178,246335488,0
SYRK(7;3),3,1440,6641746,227250176,0
SYRK(7;4),3,1440,312411035,12340009984,49820059648
SYRK(7;5),3,1440,295436150,11528006656,9166161306
SYRK(7;6),3,1440,15404905,587185152,673877606
POTRF(7),3,1440,2384694,81999872,0
SYRK(3;0),3,1515,334555962,12613525504,1427725312
GEMM(4;3;0),3,1515,340278273,12769217536,5120
GEMM(5;3;0),3,1515,326160995,12467356672,4915
GEMM(6;3;0),3,1515,333622500,12459198464,5120
GEMM(7;3;0),3,1515,339248387,12880632832,5120
SYRK(7;0),3,1515,334310938,12569142272,4301
SYRK(3;1),3,1515,404452435,14833424384,19356192563
GEMM(4;3;1),3,1515,400895330,15200537600,4915
GEMM(5;3;1),3,1515,393774193,14918218752,5939
GEMM(6;3;1),3,1515,384810272,14602824704,5325
GEMM(7;3;1),3,1515,312764173,11777550336,5325
SYRK(7;1),3,1515,300838279,11390983168,4506
SYRK(3;2),3,1515,289473642,10267924480,1257160499
GEMM(4;3;2),3,1515,437119298,16683843584,4915
GEMM(5;3;2),3,1515,452502500,16964085760,5120
GEMM(6;3;2),3,1515,428591919,16185432064,5120
GEMM(7;3;2),3,1515,163581922,6508650496,4710
SYRK(7;2),3,1515,16354032,586818560,4096
POTRF(3),3,1515,1936174,77944832,0
TRSM(4;3),3,1515,7082961,234110976,0
TRSM(5;3),3,1515,7330062,234125312,0
TRSM(6;3),3,1515,7229956,234116096,0
TRSM(7;3),3,1515,7114922,234141696,0
SYRK(7;3),3,1515,6516419,215998464,0
SYRK(7;4),3,1515,319465056,12346303488,49822263296
SYRK(7;5),3,1515,314314947,11773433856,9283037798
SYRK(7;6),3,1515,16230579,587042816,668810035
POTRF(7),3,1515,1953272,77938688,0
SYRK(3;0),3,1515,332314719,12355545088,1427725312
GEMM(4;3;0),3,1515,340598151,12615590912,5120
GEMM(5;3;0),3,1515,326460563,12393184256,4915
GEMM(6;3;0),3,1515,320861004,12257126400,5120
GEMM(7;3;0),3,1515,330149218,12374815744,5120
SYRK(7;0),3,1515,325152864,12278376448,4301
SYRK(3;1),3,1515,390861141,14257205248,19356192563
GEMM(4;3;1),3,1515,383875117,14636000256,4915
GEMM(5;3;1),3,1515,376019405,14091760640,5939
GEMM(6;3;1),3,1515,370045999,14092580864,5325
GEMM(7;3;1),3,1515,278601381,10707324928,5325
SYRK(7;1),3,1515,308850551,11558864896,4506
SYRK(3;2),3,1515,284909672,10456442880,1257160499
GEMM(4;3;2),3,1515,473695744,17601475584,4915
GEMM(5;3;2),3,1515,476785723,17860871168,5120
GEMM(6;3;2),3,1515,428600152,16214470656,5120
GEMM(7;3;2),3,1515,162406697,6523107328,4710
SYRK(7;2),3,1515,15628696,586861568,4096
POTRF(3),3,1515,2428902,77943808,0
TRSM(4;3),3,1515,7107600,234110976,0
TRSM(5;3),3,1515,7026753,234130432,0
TRSM(6;3),3,1515,7227770,234108928,0
TRSM(7;3),3,1515,7310875,234137600,0
SYRK(7;3),3,1515,6665481,215997440,0
SYRK(7;4),3,1515,330749059,12567534592,49822263296
SYRK(7;5),3,1515,270572636,10196990976,9283037798
SYRK(7;6),3,1515,16333137,586896384,668810035
POTRF(7),3,1515,2069578,77938688,0
SYRK(3;0),3,1515,330805870,12370897920,1427725312
GEMM(4;3;0),3,1515,325445232,12423240704,5120
GEMM(5;3;0),3,1515,330365545,12338349056,4915
GEMM(6;3;0),3,1515,328849191,12391046144,5120
GEMM(7;3;0),3,1515,328823225,12404065280,5120
SYRK(7;0),3,1515,322686339,12280169472,4301
SYRK(3;1),3,1515,394079255,14243344384,19356192563
GEMM(4;3;1),3,1515,385757038,14868021248,4915
GEMM(5;3;1),3,1515,396704725,14689566720,5939
GEMM(6;3;1),3,1515,373465410,14118425600,5325
GEMM(7;3;1),3,1515,282008922,10958707712,5325
SYRK(7;1),3,1515,256334096,9624580096,4506
SYRK(3;2),3,1515,299370371,10662656000,1257160499
GEMM(4;3;2),3,1515,451800450,17225909248,4915
GEMM(5;3;2),3,1515,456136722,17332325376,5120
GEMM(6;3;2),3,1515,427381336,15966182400,5120
GEMM(7;3;2),3,1515,157265545,6219757568,4710
SYRK(7;2),3,1515,16215674,586963968,4096
POTRF(3),3,1515,2516478,77942784,0
TRSM(4;3),3,1515,6855155,234115072,0
TRSM(5;3),3,1515,7203326,234120192,0
TRSM(6;3),3,1515,7408386,234120192,0
TRSM(7;3),3,1515,7193198,234145792,0
SYRK(7;3),3,1515,6464089,215997440,0
SYRK(7;4),3,1515,337014472,12776928256,49822263296
SYRK(7;5),3,1515,236906683,8873577472,9283037798
SYRK(7;6),3,1515,16489511,586972160,668810035
POTRF(7),3,1515,2261508,77939712,0
SYRK(3;0),3,1515,334317361,12515270656,1427725312
GEMM(4;3;0),3,1515,329798233,12498486272,5120
GEMM(5;3;0),3,1515,328551964,12333706240,4915
GEMM(6;3;0),3,1515,322945462,12078064640,5120
GEMM(7;3;0),3,1515,330272137,12361896960,5120
SYRK(7;0),3,1515,327574378,12456443904,4301
SYRK(3;1),3,1515,392707150,14217521152,19356192563
GEMM(4;3;1),3,1515,375833875,14336452608,4915
GEMM(5;3;1),3,1515,383567100,14356293632,5939
GEMM(6;3;1),3,1515,391716606,14738862080,5325
GEMM(7;3;1),3,1515,252342306,9890337792,5325
SYRK(7;1),3,1515,318390496,11992863744,4506
SYRK(3;2),3,1515,299228125,10653668352,1257160499
GEMM(4;3;2),3,1515,469949441,17664481280,4915
GEMM(5;3;2),3,1515,464655601,17638751232,5120
GEMM(6;3;2),3,1515,415099868,16039484416,5120
GEMM(7;3;2),3,1515,172162031,6440032256,4710
SYRK(7;2),3,1515,16092295,587061248,4096
POTRF(3),3,1515,2522513,77941760,0
TRSM(4;3),3,1515,6935066,234101760,0
TRSM(5;3),3,1515,7373707,234122240,0
TRSM(6;3),3,1515,7134100,234109952,0
TRSM(7;3),3,1515,7387868,234144768,0
SYRK(7;3),3,1515,6573601,215998464,0
SYRK(7;4),3,1515,339108556,12687860736,49822263296
SYRK(7;5),3,1515,282152016,10566140928,9283037798
SYRK(7;6),3,1515,16009905,587144192,668810035
POTRF(7),3,1515,2240194,77940736,0
SYRK(3;0),3,1515,340580768,12592915456,1427725312
GEMM(4;3;0),3,1515,342043670,12863113216,5120
GEMM(5;3;0),3,1515,334108960,12679036928,4915
GEMM(6;3;0),3,1515,330022918,12447766528,5120
GEMM(7;3;0),3,1515,337006965,12633402368,5120
SYRK(7;0),3,1515,326330723,12392576000,4301
SYRK(3;1),3,1515,382168860,13978968064,19356192563
GEMM(4;3;1),3,1515,367523745,13982358528,4915
GEMM(5;3;1),3,1515,391916797,14741695488,5939
GEMM(6;3;1),3,1515,373325801,14180182016,5325
GEMM(7;3;1),3,1515,304358288,11695320064,5325
SYRK(7;1),3,1515,284811258,10673682432,4506
SYRK(3;2),3,1515,299469247,10534508544,1257160499
GEMM(4;3;2),3,1515,464857599,17696208896,4915
GEMM(5;3;2),3,1515,446818948,17209747456,5120
GEMM(6;3;2),3,1515,428612788,15980009472,5120
GEMM(7;3;2),3,1515,164024968,6392557568,4710
SYRK(7;2),3,1515,15926062,586956800,4096
POTRF(3),3,1515,2549313,77942784,0
TRSM(4;3),3,1515,7060326,234105856,0
TRSM(5;3),3,1515,7360051,234122240,0
TRSM(6;3),3,1515,7134382,234115072,0
TRSM(7;3),3,1515,7183063,234138624,0
SYRK(7;3),3,1515,6696550,215998464,0
SYRK(7;4),3,1515,323493166,12235171840,49822263296
SYRK(7;5),3,1515,288358074,10844715008,9283037798
SYRK(7;6),3,1515,16339370,587053056,668810035
POTRF(7),3,1515,2213438,77939712,0
SYRK(3;0),3,1590,353872935,12830310400,1427659162
GEMM(4;3;0),3,1590,342409733,12826118144,4506
GEMM(5;3;0),3,1590,347114335,12562684928,5120
GEMM(6;3;0),3,1590,345377414,12604761088,4710
GEMM(7;3;0),3,1590,336717200,12288574464,5120
SYRK(7;0),3,1590,343681062,12629846016,4301
SYRK(3;1),3,1590,395285508,14103566336,19604420813
GEMM(4;3;1),3,1590,405072404,14846236672,4915
GEMM(5;3;1),3,1590,376485699,14093665280,5120
GEMM(6;3;1),3,1590,424090718,15249672192,4915
GEMM(7;3;1),3,1590,304194819,11304314880,5120
SYRK(7;1),3,1590,289473618,10580905984,4096
SYRK(3;2),3,1590,306848384,10862074880,1255062323
GEMM(4;3;2),3,1590,478384384,17315992576,4301
GEMM(5;3;2),3,1590,480864667,17535961088,4710
GEMM(6;3;2),3,1590,433827361,15936599040,5120
GEMM(7;3;2),3,1590,156609365,6064534528,5120
SYRK(7;2),3,1590,16762645,584768512,4096
POTRF(3),3,1590,2259443,74268672,0
TRSM(4;3),3,1590,7030735,223071232,0
TRSM(5;3),3,1590,7244400,223085568,0
TRSM(6;3),3,1590,7139312,223071232,0
TRSM(7;3),3,1590,7114183,223101952,0
SYRK(7;3),3,1590,6315937,205806592,0
SYRK(7;4),3,1590,338466570,12291118080,49852414157
SYRK(7;5),3,1590,300507640,10984993792,9489536000
SYRK(7;6),3,1590,16828618,584802304,665680077
POTRF(7),3,1590,2231715,74265600,0
SYRK(3;0),3,1590,337257375,12231956480,1427659162
GEMM(4;3;0),3,1590,332757360,12393801728,4506
GEMM(5;3;0),3,1590,340862635,12432382976,5120
GEMM(6;3;0),3,1590,339429746,12207442944,4710
GEMM(7;3;0),3,1590,332805932,12310559744,5120
SYRK(7;0),3,1590,336181976,12317197312,4301
SYRK(3;1),3,1590,415087774,14892207104,19604420813
GEMM(4;3;1),3,1590,396673282,14594814976,4915
GEMM(5;3;1),3,1590,406341803,14906243072,5120
GEMM(6;3;1),3,1590,401044174,14474530816,4915
GEMM(7;3;1),3,1590,258910827,9639178240,5120
SYRK(7;1),3,1590,311404583,11301310464,4096
SYRK(3;2),3,1590,313827332,10727200768,1255062323
GEMM(4;3;2),3,1590,482023446,17662913536,4301
GEMM(5;3;2),3,1590,471911591,17347828736,4710
GEMM(6;3;2),3,1590,408089492,15417692160,5120
GEMM(7;3;2),3,1590,161841924,5852015616,5120
SYRK(7;2),3,1590,16503107,585192448,4096
POTRF(3),3,1590,2419691,74265600,0
TRSM(4;3),3,1590,6982626,223071232,0
TRSM(5;3),3,1590,7252777,223080448,0
TRSM(6;3),3,1590,7166639,223076352,0
TRSM(7;3),3,1590,6868154,223105024,0
SYRK(7;3),3,1590,6853661,205807616,0
SYRK(7;4),3,1590,344421371,12585191424,49852414157
SYRK(7;5),3,1590,316472270,11463903232,9489536000
SYRK(7;6),3,1590,16668630,584928256,665680077
POTRF(7),3,1590,2062169,74262528,0
SYRK(3;0),3,1590,348813966,12547653632,1427659162
GEMM(4;3;0),3,1590,339776072,12562860032,4506
GEMM(5;3;0),3,1590,355328349,12712363008,5120
GEMM(6;3;0),3,1590,343847490,12705586176,4710
GEMM(7;3;0),3,1590,342021057,12519947264,5120
SYRK(7;0),3,1590,333877826,12292989952,4301
SYRK(3;1),3,1590,409075079,14380652544,19604420813
GEMM(4;3;1),3,1590,374095174,14125694976,4915
GEMM(5;3;1),3,1590,419889816,15062593536,5120
GEMM(6;3;1),3,1590,397353204,14560249856,4915
GEMM(7;3;1),3,1590,303534953,11269922816,5120
SYRK(7;1),3,1590,300904763,11043867648,4096
SYRK(3;2),3,1590,305622223,10417343488,1255062323
GEMM(4;3;2),3,1590,465249747,17401761792,4301
GEMM(5;3;2),3,1590,460729147,16828101632,4710
GEMM(6;3;2),3,1590,427149492,15454689280,5120
GEMM(7;3;2),3,1590,155755669,6075198464,5120
SYRK(7;2),3,1590,17015549,584880128,4096
POTRF(3),3,1590,2243219,74266624,0
TRSM(4;3),3,1590,6946676,223077376,0
TRSM(5;3),3,1590,7001566,223089664,0
TRSM(6;3),3,1590,7307930,223070208,0
TRSM(7;3),3,1590,6919724,223102976,0
SYRK(7;3),3,1590,6658382,205807616,0
SYRK(7;4),3,1590,349692615,12735108096,49852414157
SYRK(7;5),3,1590,262640006,9533000704,9489536000
SYRK(7;6),3,1590,16645570,584799232,665680077
POTRF(7),3,1590,2193696,74261504,0
SYRK(3;0),3,1590,351443059,12731395072,1427659162
GEMM(4;3;0),3,1590,336277870,12416399360,4506
GEMM(5;3;0),3,1590,341180686,12674202624,5120
GEMM(6;3;0),3,1590,337919625,12358235136,4710
GEMM(7;3;0),3,1590,347736995,12449280000,5120
SYRK(7;0),3,1590,340310062,12530709504,4301
SYRK(3;1),3,1590,419968352,14754819072,19604420813
GEMM(4;3;1),3,1590,410052714,14985997312,4915
GEMM(5;3;1),3,1590,391474186,14754714624,5120
GEMM(6;3;1),3,1590,398626137,14244179968,4915
GEMM(7;3;1),3,1590,316822439,11887602688,5120
SYRK(7;1),3,1590,306500251,11174716416,4096
SYRK(3;2),3,1590,301123984,10504888320,1255062323
GEMM(4;3;2),3,1590,476860694,17436564480,4301
GEMM(5;3;2),3,1590,475319555,17362492416,4710
GEMM(6;3;2),3,1590,416863720,15456964608,5120
GEMM(7;3;2),3,1590,159159940,5976028160,5120
SYRK(7;2),3,1590,16774438,584815616,4096
POTRF(3),3,1590,2424854,74264576,0
TRSM(4;3),3,1590,6995115,223068160,0
TRSM(5;3),3,1590,7063982,223081472,0
TRSM(6;3),3,1590,7033050,223069184,0
TRSM(7;3),3,1590,7309377,223107072,0
SYRK(7;3),3,1590,6560455,205807616,0
SYRK(7;4),3,1590,337641257,12457504768,49852414157
SYRK(7;5),3,1590,278604502,10159029248,9489536000
SYRK(7;6),3,1590,16545617,584974336,665680077
POTRF(7),3,1590,2003159,74264576,0
SYRK(3;0),3,1590,337053207,12251432960,1427659162
GEMM(4;3;0),3,1590,339042034,12517463040,4506
GEMM(5;3;0),3,1590,334220992,12154144768,5120
GEMM(6;3;0),3,1590,330865297,12112991232,4710
GEMM(7;3;0),3,1590,334150145,12182849536,5120
SYRK(7;0),3,1590,335941263,12469714944,4301
SYRK(3;1),3,1590,408487093,14429904896,19604420813
GEMM(4;3;1),3,1590,372740152,14191549440,4915
GEMM(5;3;1),3,1590,418347284,14852872192,5120
GEMM(6;3;1),3,1590,382106282,14108554240,4915
GEMM(7;3;1),3,1590,292923164,10974232576,5120
SYRK(7;1),3,1590,286374061,10315619328,4096
SYRK(3;2),3,1590,310698355,10601748480,1255062323
GEMM(4;3;2),3,1590,441529099,16568912896,4301
GEMM(5;3;2),3,1590,470615662,17078580224,4710
GEMM(6;3;2),3,1590,426423954,15585899520,5120
GEMM(7;3;2),3,1590,157304716,6037867520,5120
SYRK(7;2),3,1590,16769073,584609792,4096
POTRF(3),3,1590,2167407,74266624,0
TRSM(4;3),3,1590,6966985,223021056,0
TRSM(5;3),3,1590,6975014,223088640,0
TRSM(6;3),3,1590,7238815,223069184,0
TRSM(7;3),3,1590,7098070,223054848,0
SYRK(7;3),3,1590,6630401,205807616,0
SYRK(7;4),3,1590,344130932,12645133312,49852414157
SYRK(7;5),3,1590,279857778,10187480064,9489536000
SYRK(7;6),3,1590,16799041,584837120,665680077
POTRF(7),3,1590,2173456,74264576,0
SYRK(3;0),3,1665,392839520,13665730560,1429969715
GEMM(4;3;0),3,1665,379548999,13720743936,4915
GEMM(5;3;0),3,1665,390337752,13748074496,4915
GEMM(6;3;0),3,1665,395321713,13983253504,4506
GEMM(7;3;0),3,1665,385187053,13658927104,5120
SYRK(7;0),3,1665,382847576,13643105280,4096
SYRK(3;1),3,1665,466325365,15949689856,19168925491
GEMM(4;3;1),3,1665,433578488,15386009600,4710
GEMM(5;3;1),3,1665,430118734,15190896640,5120
GEMM(6;3;1),3,1665,435583589,15558011904,4710
GEMM(7;3;1),3,1665,309700691,11239353344,4915
SYRK(7;1),3,1665,317413626,11069608960,4096
SYRK(3;2),3,1665,339350529,11215435776,1250349875
GEMM(4;3;2),3,1665,480074031,17403462656,4710
GEMM(5;3;2),3,1665,506604271,17927673856,4301
GEMM(6;3;2),3,1665,473431033,16393853952,4301
GEMM(7;3;2),3,1665,149204444,5701854208,4506
SYRK(7;2),3,1665,17683584,587488256,4096
POTRF(3),3,1665,2159734,70921216,0
TRSM(4;3),3,1665,7098205,212992000,0
TRSM(5;3),3,1665,7275313,213041152,0
TRSM(6;3),3,1665,7093874,212990976,0
TRSM(7;3),3,1665,7109665,213065728,0
SYRK(7;3),3,1665,6423698,196536320,0
SYRK(7;4),3,1665,385981246,13797064704,50912765338
SYRK(7;5),3,1665,321567370,11404570624,9066022298
SYRK(7;6),3,1665,17905626,587400192,661728666
POTRF(7),3,1665,1966598,70922240,0
SYRK(3;0),3,1665,397095283,13841098752,1429969715
GEMM(4;3;0),3,1665,390721784,13870077952,4915
GEMM(5;3;0),3,1665,402420117,14340771840,4915
GEMM(6;3;0),3,1665,391434197,13931058176,4506
GEMM(7;3;0),3,1665,367956578,12997268480,5120
SYRK(7;0),3,1665,362515363,12942195712,4096
SYRK(3;1),3,1665,443511006,15493981184,19168925491
GEMM(4;3;1),3,1665,433442818,15286045696,4710
GEMM(5;3;1),3,1665,400291957,14015494144,5120
GEMM(6;3;1),3,1665,399193350,14169736192,4710
GEMM(7;3;1),3,1665,312793480,11547121664,4915
SYRK(7;1),3,1665,295637983,10439613440,4096
SYRK(3;2),3,1665,340870814,11436704768,1250349875
GEMM(4;3;2),3,1665,492116301,17399611392,4710
GEMM(5;3;2),3,1665,493188913,17523391488,4301
GEMM(6;3;2),3,1665,436932696,15696552960,4301
GEMM(7;3;2),3,1665,150552823,5713336320,4506
SYRK(7;2),3,1665,17399674,587257856,4096
POTRF(3),3,1665,2451134,70926336,0
TRSM(4;3),3,1665,7088014,213019648,0
TRSM(5;3),3,1665,7235810,213063680,0
TRSM(6;3),3,1665,6877298,213065728,0
TRSM(7;3),3,1665,7161595,213095424,0
SYRK(7;3),3,1665,6444005,196545536,0
SYRK(7;4),3,1665,354561139,12691362816,50912765338
SYRK(7;5),3,1665,304526353,10820108288,9066022298
SYRK(7;6),3,1665,17350950,587499520,661728666
POTRF(7),3,1665,1971825,70942720,0
SYRK(3;0),3,1665,353458625,12438232064,1429969715
GEMM(4;3;0),3,1665,340497299,12330884096,4915
GEMM(5;3;0),3,1665,351637016,12411009024,4915
GEMM(6;3;0),3,1665,354846595,12565997568,4506
GEMM(7;3;0),3,1665,349160200,12432996352,5120
SYRK(7;0),3,1665,348748227,12401883136,4096
SYRK(3;1),3,1665,450872740,15655646208,19168925491
GEMM(4;3;1),3,1665,455843708,16080913408,4710
GEMM(5;3;1),3,1665,445556153,15822981120,5120
GEMM(6;3;1),3,1665,445038228,15975049216,4710
GEMM(7;3;1),3,1665,319436015,11465095168,4915
SYRK(7;1),3,1665,367981430,13038910464,4096
SYRK(3;2),3,1665,320504163,10882121728,1250349875
GEMM(4;3;2),3,1665,472389620,17019553792,4710
GEMM(5;3;2),3,1665,487209533,17068237824,4301
GEMM(6;3;2),3,1665,431018577,15337164800,4301
GEMM(7;3;2),3,1665,152548136,5731701760,4506
SYRK(7;2),3,1665,17123023,587401216,4096
POTRF(3),3,1665,2452404,70926336,0
TRSM(4;3),3,1665,6909818,213013504,0
TRSM(5;3),3,1665,7214278,213064704,0
TRSM(6;3),3,1665,7030878,213056512,0
TRSM(7;3),3,1665,7113770,213092352,0
SYRK(7;3),3,1665,6361411,196545536,0
SYRK(7;4),3,1665,343459455,12333991936,50912765338
SYRK(7;5),3,1665,295766753,10471933952,9066022298
SYRK(7;6),3,1665,17435605,587397120,661728666
POTRF(7),3,1665,2332979,70935552,0
SYRK(3;0),3,1665,356907759,12265038848,1429969715
GEMM(4;3;0),3,1665,340868390,12431144960,4915
GEMM(5;3;0),3,1665,354379195,12386065408,4915
GEMM(6;3;0),3,1665,344073257,12288882688,4506
GEMM(7;3;0),3,1665,357465906,12626343936,5120
SYRK(7;0),3,1665,343147430,12293568512,4096
SYRK(3;1),3,1665,443030742,15496998912,19168925491
GEMM(4;3;1),3,1665,406447565,14299000832,4710
GEMM(5;3;1),3,1665,428901565,15070979072,5120
GEMM(6;3;1),3,1665,423376607,15085940736,4710
GEMM(7;3;1),3,1665,288605320,10657152000,4915
SYRK(7;1),3,1665,329090518,11610939392,4096
SYRK(3;2),3,1665,326859188,11010672640,1250349875
GEMM(4;3;2),3,1665,481285035,17421359104,4710
GEMM(5;3;2),3,1665,505033339,17608859648,4301
GEMM(6;3;2),3,1665,433287117,15526390784,4301
GEMM(7;3;2),3,1665,152131391,5689759744,4506
SYRK(7;2),3,1665,17190030,587481088,4096
POTRF(3),3,1665,2091596,70925312,0
TRSM(4;3),3,1665,7031255,213063680,0
TRSM(5;3),3,1665,7110579,213074944,0
TRSM(6;3),3,1665,7130784,213065728,0
TRSM(7;3),3,1665,6735045,213094400,0
SYRK(7;3),3,1665,6802715,196542464,0
SYRK(7;4),3,1665,347812376,12394299392,50912765338
SYRK(7;5),3,1665,251567808,8863872000,9066022298
SYRK(7;6),3,1665,17376627,587393024,661728666
POTRF(7),3,1665,2079964,70924288,0
SYRK(3;0),3,1665,353686654,12345853952,1429969715
GEMM(4;3;0),3,1665,351584061,12548299776,4915
GEMM(5;3;0),3,1665,349521598,12347250688,4915
GEMM(6;3;0),3,1665,353170466,12683222016,4506
GEMM(7;3;0),3,1665,352437053,12600235008,5120
SYRK(7;0),3,1665,349764658,12337246208,4096
SYRK(3;1),3,1665,427322664,14707625984,19168925491
GEMM(4;3;1),3,1665,398776687,14199636992,4710
GEMM(5;3;1),3,1665,398245723,14098432000,5120
GEMM(6;3;1),3,1665,391116113,13974445056,4710
GEMM(7;3;1),3,1665,299450442,10920483840,4915
SYRK(7;1),3,1665,340487882,12034552832,4096
SYRK(3;2),3,1665,322141437,10839846912,1250349875
GEMM(4;3;2),3,1665,485166607,17253377024,4710
GEMM(5;3;2),3,1665,479594331,17093469184,4301
GEMM(6;3;2),3,1665,449660760,15961683968,4301
GEMM(7;3;2),3,1665,156877782,5980241920,4506
SYRK(7;2),3,1665,17722903,587392000,4096
POTRF(3),3,1665,2067316,70929408,0
TRSM(4;3),3,1665,6902615,213066752,0
TRSM(5;3),3,1665,7223225,213038080,0
TRSM(6;3),3,1665,7125074,213073920,0
TRSM(7;3),3,1665,6955371,213101568,0
SYRK(7;3),3,1665,6601404,196544512,0
SYRK(7;4),3,1665,346353808,12355472384,50912765338
SYRK(7;5),3,1665,274818141,9680681984,9066022298
SYRK(7;6),3,1665,17196336,587465728,661728666
POTRF(7),3,1665,2461562,70924288,0
SYRK(3;0),3,1740,354160033,12131244032,1427232563
GEMM(4;3;0),3,1740,365815792,12511852544,4506
GEMM(5;3;0),3,1740,382297764,12492610560,4301
GEMM(6;3;0),3,1740,347644056,12718227456,4301
GEMM(7;3;0),3,1740,367558013,12525099008,4506
SYRK(7;0),3,1740,363366717,12558040064,4096
SYRK(3;1),3,1740,419949337,14326102016,19303168205
GEMM(4;3;1),3,1740,432027806,14468126720,4301
GEMM(5;3;1),3,1740,424991952,14977976320,5120
GEMM(6;3;1),3,1740,449847133,15104395264,4506
GEMM(7;3;1),3,1740,323370097,11333373952,4915
SYRK(7;1),3,1740,349022885,11852284928,4096
SYRK(3;2),3,1740,331442856,10801512448,1248607232
GEMM(4;3;2),3,1740,490484191,16889544704,4301
GEMM(5;3;2),3,1740,480452199,16816021504,4710
GEMM(6;3;2),3,1740,463458585,15644715008,4506
GEMM(7;3;2),3,1740,151660626,5445899264,4506
SYRK(7;2),3,1740,17817792,586928128,3686
POTRF(3),3,1740,2414146,67896320,0
TRSM(4;3),3,1740,6965245,204120064,0
TRSM(5;3),3,1740,6900644,204150784,0
TRSM(6;3),3,1740,7214071,204140544,0
TRSM(7;3),3,1740,6898468,204171264,0
SYRK(7;3),3,1740,6283666,188222464,0
SYRK(7;4),3,1740,362040394,12563254272,50408530739
SYRK(7;5),3,1740,269091813,9140640768,9459148390
SYRK(7;6),3,1740,17629476,587085824,658964685
POTRF(7),3,1740,2238373,67922944,0
SYRK(3;0),3,1740,368056433,12533890048,1427232563
GEMM(4;3;0),3,1740,371399714,12711634944,4506
GEMM(5;3;0),3,1740,362165238,12513370112,4301
GEMM(6;3;0),3,1740,375856520,12740861952,4301
GEMM(7;3;0),3,1740,365077489,12575043584,4506
SYRK(7;0),3,1740,363784473,12521942016,4096
SYRK(3;1),3,1740,449606437,14850586624,19303168205
GEMM(4;3;1),3,1740,434037864,15008692224,4301
GEMM(5;3;1),3,1740,430879131,14760367104,5120
GEMM(6;3;1),3,1740,414508350,14371463168,4506
GEMM(7;3;1),3,1740,311581826,10846745600,4915
SYRK(7;1),3,1740,306837972,10398679040,4096
SYRK(3;2),3,1740,327139216,10962638848,1248607232
GEMM(4;3;2),3,1740,508128910,17144057856,4301
GEMM(5;3;2),3,1740,486781674,16631259136,4710
GEMM(6;3;2),3,1740,443331317,15656497152,4506
GEMM(7;3;2),3,1740,159826773,5456110592,4506
SYRK(7;2),3,1740,18058407,586955776,3686
POTRF(3),3,1740,2332406,67929088,0
TRSM(4;3),3,1740,6615872,204092416,0
TRSM(5;3),3,1740,7271373,204151808,0
TRSM(6;3),3,1740,6735199,204160000,0
TRSM(7;3),3,1740,7238603,204180480,0
SYRK(7;3),3,1740,6306276,188228608,0
SYRK(7;4),3,1740,366810545,12627474432,50408530739
SYRK(7;5),3,1740,341613204,11648180224,9459148390
SYRK(7;6),3,1740,18071846,587045888,658964685
POTRF(7),3,1740,2142589,67889152,0
SYRK(3;0),3,1740,356394895,12170616832,1427232563
GEMM(4;3;0),3,1740,355531057,12285582336,4506
GEMM(5;3;0),3,1740,367558447,12445361152,4301
GEMM(6;3;0),3,1740,357965286,12323899392,4301
GEMM(7;3;0),3,1740,358519271,12280797184,4506
SYRK(7;0),3,1740,350896275,12103772160,4096
SYRK(3;1),3,1740,441031783,14828686336,19303168205
GEMM(4;3;1),3,1740,423991970,14552528896,4301
GEMM(5;3;1),3,1740,427631719,14436369408,5120
GEMM(6;3;1),3,1740,411558745,14274562048,4506
GEMM(7;3;1),3,1740,335480230,11633373184,4915
SYRK(7;1),3,1740,301698145,10250065920,4096
SYRK(3;2),3,1740,339368148,11063217152,1248607232
GEMM(4;3;2),3,1740,476197111,16467838976,4301
GEMM(5;3;2),3,1740,480497818,16458505216,4710
GEMM(6;3;2),3,1740,439659106,15288510464,4506
GEMM(7;3;2),3,1740,158939252,5554131968,4506
SYRK(7;2),3,1740,17595564,586952704,3686
POTRF(3),3,1740,2190754,67898368,0
TRSM(4;3),3,1740,6832666,204079104,0
TRSM(5;3),3,1740,6899025,204144640,0
TRSM(6;3),3,1740,7125378,204139520,0
TRSM(7;3),3,1740,7028216,204140544,0
SYRK(7;3),3,1740,6228962,188191744,0
SYRK(7;4),3,1740,370118658,12741056512,50408530739
SYRK(7;5),3,1740,306225545,10438715392,9459148390
SYRK(7;6),3,1740,18353307,587122688,658964685
POTRF(7),3,1740,1921085,67888128,0
SYRK(3;0),3,1740,375683575,12629894144,1427232563
GEMM(4;3;0),3,1740,367130865,12647307264,4506
GEMM(5;3;0),3,1740,364758546,12621854720,4301
GEMM(6;3;0),3,1740,374475706,12723957760,4301
GEMM(7;3;0),3,1740,361389312,12386264064,4506
SYRK(7;0),3,1740,361882142,12449472512,4096
SYRK(3;1),3,1740,434973613,14579055616,19303168205
GEMM(4;3;1),3,1740,419093748,14219599872,4301
GEMM(5;3;1),3,1740,442434206,15030290432,5120
GEMM(6;3;1),3,1740,428715488,14937783296,4506
GEMM(7;3;1),3,1740,303591978,10591158272,4915
SYRK(7;1),3,1740,308453819,10484575232,4096
SYRK(3;2),3,1740,340031131,11027101696,1248607232
GEMM(4;3;2),3,1740,496278963,17069388800,4301
GEMM(5;3;2),3,1740,493793518,17084259328,4710
GEMM(6;3;2),3,1740,450959462,15498485760,4506
GEMM(7;3;2),3,1740,152347124,5430168576,4506
SYRK(7;2),3,1740,17650238,587013120,3686
POTRF(3),3,1740,2092132,67928064,0
TRSM(4;3),3,1740,6998902,204083200,0
TRSM(5;3),3,1740,7004174,204144640,0
TRSM(6;3),3,1740,6794364,204141568,0
TRSM(7;3),3,1740,7165515,204183552,0
SYRK(7;3),3,1740,6176506,188233728,0
SYRK(7;4),3,1740,362330771,12415840256,50408530739
SYRK(7;5),3,1740,335319856,11444450304,9459148390
SYRK(7;6),3,1740,18058669,586989568,658964685
POTRF(7),3,1740,1831528,67892224,0
SYRK(3;0),3,1740,365538878,12671462400,1427232563
GEMM(4;3;0),3,1740,381139472,12922383360,4506
GEMM(5;3;0),3,1740,366953562,12605828096,4301
GEMM(6;3;0),3,1740,371133775,12583769088,4301
GEMM(7;3;0),3,1740,366778074,12682091520,4506
SYRK(7;0),3,1740,367014780,12652472320,4096
SYRK(3;1),3,1740,419595368,13845726208,19303168205
GEMM(4;3;1),3,1740,408464599,14116304896,4301
GEMM(5;3;1),3,1740,413065486,14432705536,5120
GEMM(6;3;1),3,1740,448375397,14990367744,4506
GEMM(7;3;1),3,1740,329967090,11760820224,4915
SYRK(7;1),3,1740,355867314,12037165056,4096
SYRK(3;2),3,1740,334477843,11065822208,1248607232
GEMM(4;3;2),3,1740,471662011,16363603968,4301
GEMM(5;3;2),3,1740,512164748,17131716608,4710
GEMM(6;3;2),3,1740,448111827,15457004544,4506
GEMM(7;3;2),3,1740,154425859,5634076672,4506
SYRK(7;2),3,1740,18064722,586893312,3686
POTRF(3),3,1740,2093947,67919872,0
TRSM(4;3),3,1740,6568193,204101632,0
TRSM(5;3),3,1740,7313553,204169216,0
TRSM(6;3),3,1740,6743365,204146688,0
TRSM(7;3),3,1740,7260673,204165120,0
SYRK(7;3),3,1740,6451852,188191744,0
SYRK(7;4),3,1740,354803544,12267939840,50408530739
SYRK(7;5),3,1740,331164215,11229672448,9459148390
SYRK(7;6),3,1740,17723980,587182080,658964685
POTRF(7),3,1740,2177936,67918848,0
SYRK(3;0),3,1815,388497270,12715677696,1426687795
GEMM(4;3;0),3,1815,381095658,12662504448,4506
GEMM(5;3;0),3,1815,381648852,12613017600,4506
GEMM(6;3;0),3,1815,399193224,12810369024,4096
GEMM(7;3;0),3,1815,370901594,12760498176,4710
SYRK(7;0),3,1815,384885218,12523978752,3482
SYRK(3;1),3,1815,450737121,14383441920,19793435853
GEMM(4;3;1),3,1815,429727574,14252746752,4096
GEMM(5;3;1),3,1815,427644198,14371740672,4710
GEMM(6;3;1),3,1815,436968772,14462871552,4506
GEMM(7;3;1),3,1815,369305571,12083577856,4301
SYRK(7;1),3,1815,374452276,12300562432,3891
SYRK(3;2),3,1815,356667101,11163920384,1245864141
GEMM(4;3;2),3,1815,507194715,16754060288,4096
GEMM(5;3;2),3,1815,515166704,17044384768,4096
GEMM(6;3;2),3,1815,464601004,15321958400,4506
GEMM(7;3;2),3,1815,159715288,5525252096,4506
SYRK(7;2),3,1815,18251850,587044864,3891
POTRF(3),3,1815,2344959,65062912,0
TRSM(4;3),3,1815,7036215,195450880,0
TRSM(5;3),3,1815,7292225,195460096,0
TRSM(6;3),3,1815,6647867,195453952,0
TRSM(7;3),3,1815,7262219,195437568,0
SYRK(7;3),3,1815,6355420,180301824,0
SYRK(7;4),3,1815,387702901,12886930432,50395975475
SYRK(7;5),3,1815,352330929,11550043136,9708073984
SYRK(7;6),3,1815,18565415,587085824,656211763
POTRF(7),3,1815,2220076,65096704,0
SYRK(3;0),3,1815,376724450,12558227456,1426687795
GEMM(4;3;0),3,1815,380525699,12676084736,4506
GEMM(5;3;0),3,1815,381840098,12540294144,4506
GEMM(6;3;0),3,1815,373246770,12351648768,4096
GEMM(7;3;0),3,1815,380616446,12672245760,4710
SYRK(7;0),3,1815,376411914,12506247168,3482
SYRK(3;1),3,1815,451327926,14748801024,19793435853
GEMM(4;3;1),3,1815,441144510,14402084864,4096
GEMM(5;3;1),3,1815,425808245,14148549632,4710
GEMM(6;3;1),3,1815,433077852,14385200128,4506
GEMM(7;3;1),3,1815,337229944,11366308864,4301
SYRK(7;1),3,1815,338633433,11195715584,3891
SYRK(3;2),3,1815,343916268,11242899456,1245864141
GEMM(4;3;2),3,1815,505690178,16437173248,4096
GEMM(5;3;2),3,1815,497674166,16569326592,4096
GEMM(6;3;2),3,1815,484846965,16030187520,4506
GEMM(7;3;2),3,1815,156589371,5542586368,4506
SYRK(7;2),3,1815,18578735,586885120,3891
POTRF(3),3,1815,2088764,65083392,0
TRSM(4;3),3,1815,6636746,195546112,0
TRSM(5;3),3,1815,7117809,195536896,0
TRSM(6;3),3,1815,6927059,195564544,0
TRSM(7;3),3,1815,7115243,195591168,0
SYRK(7;3),3,1815,6535617,180334592,0
SYRK(7;4),3,1815,386232414,12825348096,50395975475
SYRK(7;5),3,1815,306679925,10097268736,9708073984
SYRK(7;6),3,1815,18062106,586961920,656211763
POTRF(7),3,1815,2210136,65108992,0
SYRK(3;0),3,1815,379743194,12604069888,1426687795
GEMM(4;3;0),3,1815,378590695,12446857216,4506
GEMM(5;3;0),3,1815,373410108,12521235456,4506
GEMM(6;3;0),3,1815,385518861,12722439168,4096
GEMM(7;3;0),3,1815,370550364,12359706624,4710
SYRK(7;0),3,1815,374591204,12330825728,3482
SYRK(3;1),3,1815,446100575,14280927232,19793435853
GEMM(4;3;1),3,1815,430014283,14408373248,4096
GEMM(5;3;1),3,1815,430204788,14540959744,4710
GEMM(6;3;1),3,1815,449479547,14562206720,4506
GEMM(7;3;1),3,1815,361350589,12224438272,4301
SYRK(7;1),3,1815,362990694,12005548032,3891
SYRK(3;2),3,1815,351284498,11370435584,1245864141
GEMM(4;3;2),3,1815,521215457,17051885568,4096
GEMM(5;3;2),3,1815,498397338,16479401984,4096
GEMM(6;3;2),3,1815,465792390,15704103936,4506
GEMM(7;3;2),3,1815,154562380,5303326720,4506
SYRK(7;2),3,1815,18056192,586850304,3891
POTRF(3),3,1815,2155491,65096704,0
TRSM(4;3),3,1815,6922113,195548160,0
TRSM(5;3),3,1815,6870827,195531776,0
TRSM(6;3),3,1815,7190808,195568640,0
TRSM(7;3),3,1815,6792145,195588096,0
SYRK(7;3),3,1815,6653592,180331520,0
SYRK(7;4),3,1815,375240047,12523346944,50395975475
SYRK(7;5),3,1815,352181683,11654978560,9708073984
SYRK(7;6),3,1815,18921231,587058176,656211763
POTRF(7),3,1815,1924048,65096704,0
SYRK(3;0),3,1815,380983560,12699626496,1426687795
GEMM(4;3;0),3,1815,376492670,12509950976,4506
GEMM(5;3;0),3,1815,383975498,12630409216,4506
GEMM(6;3;0),3,1815,376632594,12476303360,4096
GEMM(7;3;0),3,1815,384832324,12838009856,4710
SYRK(7;0),3,1815,371826885,12408486912,3482
SYRK(3;1),3,1815,438513129,13993151488,19793435853
GEMM(4;3;1),3,1815,448216410,15115139072,4096
GEMM(5;3;1),3,1815,424008962,14269606912,4710
GEMM(6;3;1),3,1815,458593382,14998300672,4506
GEMM(7;3;1),3,1815,314028280,10738667520,4301
SYRK(7;1),3,1815,325448810,10660156416,3891
SYRK(3;2),3,1815,355389713,11226550272,1245864141
GEMM(4;3;2),3,1815,498366441,16513437696,4096
GEMM(5;3;2),3,1815,508182841,16932945920,4096
GEMM(6;3;2),3,1815,478226350,15901773824,4506
GEMM(7;3;2),3,1815,152245949,5358656512,4506
SYRK(7;2),3,1815,18335070,586921984,3891
POTRF(3),3,1815,2322264,65096704,0
TRSM(4;3),3,1815,6626846,195571712,0
TRSM(5;3),3,1815,7227036,195540992,0
TRSM(6;3),3,1815,6699771,195558400,0
TRSM(7;3),3,1815,7197581,195536896,0
SYRK(7;3),3,1815,6466679,180339712,0
SYRK(7;4),3,1815,382021437,12611345408,50395975475
SYRK(7;5),3,1815,351983894,11611311104,9708073984
SYRK(7;6),3,1815,18594302,587032576,656211763
POTRF(7),3,1815,2226107,65147904,0
SYRK(3;0),3,1815,376998829,12415345664,1426687795
GEMM(4;3;0),3,1815,371491402,12518862848,4506
GEMM(5;3;0),3,1815,379543640,12543861760,4506
GEMM(6;3;0),3,1815,371862775,12419046400,4096
GEMM(7;3;0),3,1815,390776757,12903365632,4710
SYRK(7;0),3,1815,385281972,12781691904,3482
SYRK(3;1),3,1815,455908321,14583984128,19793435853
GEMM(4;3;1),3,1815,419729703,14109618176,4096
GEMM(5;3;1),3,1815,436423893,14386339840,4710
GEMM(6;3;1),3,1815,420175782,14368928768,4506
GEMM(7;3;1),3,1815,320145116,10648346624,4301
SYRK(7;1),3,1815,331962131,10852043776,3891
SYRK(3;2),3,1815,349691097,11352316928,1245864141
GEMM(4;3;2),3,1815,511769247,16696957952,4096
GEMM(5;3;2),3,1815,516740966,17262770176,4096
GEMM(6;3;2),3,1815,478289571,15911602176,4506
GEMM(7;3;2),3,1815,152046230,5349437440,4506
SYRK(7;2),3,1815,19432525,587034624,3891
POTRF(3),3,1815,1875939,65074176,0
TRSM(4;3),3,1815,6728481,195585024,0
TRSM(5;3),3,1815,6914135,195552256,0
TRSM(6;3),3,1815,6988526,195585024,0
TRSM(7;3),3,1815,7182184,195610624,0
SYRK(7;3),3,1815,6044380,180342784,0
SYRK(7;4),3,1815,378229227,12635809792,50395975475
SYRK(7;5),3,1815,357757082,11794065408,9708073984
SYRK(7;6),3,1815,18672175,587005952,656211763
POTRF(7),3,1815,1956978,65087488,0
SYRK(3;0),3,2040,436978084,12710416384,1430394266
GEMM(4;3;0),3,2040,400198948,12581562368,4096
GEMM(5;3;0),3,2040,425056182,12547706880,4096
GEMM(6;3;0),3,2040,425862185,12641686528,4096
GEMM(7;3;0),3,2040,422621091,12635492352,4096
SYRK(7;0),3,2040,421610066,12581282816,3482
SYRK(3;1),3,2040,501127437,14418732032,21057674650
GEMM(4;3;1),3,2040,486958613,14411211776,3891
GEMM(5;3;1),3,2040,471379098,14273377280,4096
GEMM(6;3;1),3,2040,482450981,14167939072,4096
GEMM(7;3;1),3,2040,338144264,10205101056,4301
SYRK(7;1),3,2040,345181287,10055343104,3277
SYRK(3;2),3,2040,423012881,11904346112,1238444851
GEMM(4;3;2),3,2040,568309925,16655759360,3686
GEMM(5;3;2),3,2040,576462990,17000302592,4096
GEMM(6;3;2),3,2040,508211647,15377563648,4096
GEMM(7;3;2),3,2040,159117126,4822159360,3686
SYRK(7;2),3,2040,20826660,586979328,3072
POTRF(3),3,2040,2834822,58076160,0
TRSM(4;3),3,2040,6987441,174573568,0
TRSM(5;3),3,2040,7316704,174996480,0
TRSM(6;3),3,2040,7020534,174200832,0
TRSM(7;3),3,2040,7144002,174199808,0
SYRK(7;3),3,2040,6403101,160813056,0
SYRK(7;4),3,2040,424374235,12586317824,52113532314
SYRK(7;5),3,2040,357268989,10454589440,10139734016
SYRK(7;6),3,2040,21250830,586721280,648795750
POTRF(7),3,2040,1871972,57910272,0
SYRK(3;0),3,2040,432696782,12636472320,1430394266
GEMM(4;3;0),3,2040,427644329,12647374848,4096
GEMM(5;3;0),3,2040,429556169,12619694080,4096
GEMM(6;3;0),3,2040,429109710,12545416192,4096
GEMM(7;3;0),3,2040,426737686,12709306368,4096
SYRK(7;0),3,2040,434003155,12717326336,3482
SYRK(3;1),3,2040,517388259,14748009472,21057674650
GEMM(4;3;1),3,2040,488881742,14544501760,3891
GEMM(5;3;1),3,2040,486786400,14541963264,4096
GEMM(6;3;1),3,2040,503693685,14616160256,4096
GEMM(7;3;1),3,2040,340290471,10238838784,4301
SYRK(7;1),3,2040,382351580,11213937664,3277
SYRK(3;2),3,2040,429220022,11880146944,1238444851
GEMM(4;3;2),3,2040,580744259,17256548352,3686
GEMM(5;3;2),3,2040,581528591,17145023488,4096
GEMM(6;3;2),3,2040,529309587,15647327232,4096
GEMM(7;3;2),3,2040,149575618,4757890048,3686
SYRK(7;2),3,2040,20938497,586861568,3072
POTRF(3),3,2040,2415773,58035200,0
TRSM(4;3),3,2040,7046171,174590976,0
TRSM(5;3),3,2040,7355018,174636032,0
TRSM(6;3),3,2040,6933534,174191616,0
TRSM(7;3),3,2040,7125755,174167040,0
SYRK(7;3),3,2040,6691032,160669696,0
SYRK(7;4),3,2040,429475381,12743912448,52113532314
SYRK(7;5),3,2040,352950131,10309266432,10139734016
SYRK(7;6),3,2040,20628735,587014144,648795750
POTRF(7),3,2040,2078119,58039296,0
SYRK(3;0),3,2040,424110063,12594976768,1430394266
GEMM(4;3;0),3,2040,425608462,12294224896,4096
GEMM(5;3;0),3,2040,424347773,12591836160,4096
GEMM(6;3;0),3,2040,428322738,12669206528,4096
GEMM(7;3;0),3,2040,426690503,12561120256,4096
SYRK(7;0),3,2040,425667575,12577952768,3482
SYRK(3;1),3,2040,520864098,14913552384,21057674650
GEMM(4;3;1),3,2040,502657428,14852005888,3891
GEMM(5;3;1),3,2040,471649027,14120333312,4096
GEMM(6;3;1),3,2040,499192618,14562299904,4096
GEMM(7;3;1),3,2040,377332674,11329294336,4301
SYRK(7;1),3,2040,391340585,11364791296,3277
SYRK(3;2),3,2040,428133233,11837088768,1238444851
GEMM(4;3;2),3,2040,570863142,17026376704,3686
GEMM(5;3;2),3,2040,580482581,17019645952,4096
GEMM(6;3;2),3,2040,513997751,15339475968,4096
GEMM(7;3;2),3,2040,155063919,4812904448,3686
SYRK(7;2),3,2040,21881262,586816512,3072
POTRF(3),3,2040,1984982,58038272,0
TRSM(4;3),3,2040,6918502,174575616,0
TRSM(5;3),3,2040,7229512,174924800,0
TRSM(6;3),3,2040,7206001,174153728,0
TRSM(7;3),3,2040,6821877,174175232,0
SYRK(7;3),3,2040,6655643,160771072,0
SYRK(7;4),3,2040,424702453,12519435264,52113532314
SYRK(7;5),3,2040,397815655,11554171904,10139734016
SYRK(7;6),3,2040,20478610,586947584,648795750
POTRF(7),3,2040,2272465,58047488,0
SYRK(3;0),3,2040,425997029,12551991296,1430394266
GEMM(4;3;0),3,2040,445368292,12425829376,4096
GEMM(5;3;0),3,2040,401822516,12592034816,4096
GEMM(6;3;0),3,2040,427714425,12524575744,4096
GEMM(7;3;0),3,2040,423899875,12595860480,4096
SYRK(7;0),3,2040,425495331,12453939200,3482
SYRK(3;1),3,2040,489441930,13820491776,21057674650
GEMM(4;3;1),3,2040,472180312,14103535616,3891
GEMM(5;3;1),3,2040,489078328,14555736064,4096
GEMM(6;3;1),3,2040,498729207,14485788672,4096
GEMM(7;3;1),3,2040,367466399,11129844736,4301
SYRK(7;1),3,2040,394662237,11480928256,3277
SYRK(3;2),3,2040,425412734,11894604800,1238444851
GEMM(4;3;2),3,2040,579808834,17128265728,3686
GEMM(5;3;2),3,2040,568616860,16823038976,4096
GEMM(6;3;2),3,2040,536631304,15615688704,4096
GEMM(7;3;2),3,2040,153084669,4985775104,3686
SYRK(7;2),3,2040,21117160,586972160,3072
POTRF(3),3,2040,2267201,58042368,0
TRSM(4;3),3,2040,7103658,174554112,0
TRSM(5;3),3,2040,7264102,174729216,0
TRSM(6;3),3,2040,7048869,174181376,0
TRSM(7;3),3,2040,7020655,174193664,0
SYRK(7;3),3,2040,6642993,160826368,0
SYRK(7;4),3,2040,421769117,12474861568,52113532314
SYRK(7;5),3,2040,392447084,11486811136,10139734016
SYRK(7;6),3,2040,20861660,586978304,648795750
POTRF(7),3,2040,2331335,57916416,0
SYRK(3;0),3,2040,426166722,12602942464,1430394266
GEMM(4;3;0),3,2040,419335114,12361932800,4096
GEMM(5;3;0),3,2040,421671005,12428285952,4096
GEMM(6;3;0),3,2040,426926927,12742752256,4096
GEMM(7;3;0),3,2040,426151513,12331163648,4096
SYRK(7;0),3,2040,421081894,12439288832,3482
SYRK(3;1),3,2040,526810355,15079454720,21057674650
GEMM(4;3;1),3,2040,477719483,14102496256,3891
GEMM(5;3;1),3,2040,497498047,14929359872,4096
GEMM(6;3;1),3,2040,484341676,14259828736,4096
GEMM(7;3;1),3,2040,395302229,11750795264,4301
SYRK(7;1),3,2040,370310127,10721256448,3277
SYRK(3;2),3,2040,403888242,11684020224,1238444851
GEMM(4;3;2),3,2040,592335955,17007084544,3686
GEMM(5;3;2),3,2040,573662896,16731923456,4096
GEMM(6;3;2),3,2040,515347781,15697455104,4096
GEMM(7;3;2),3,2040,161580026,4807485440,3686
SYRK(7;2),3,2040,20323279,586715136,3072
POTRF(3),3,2040,2546089,58042368,0
TRSM(4;3),3,2040,7031282,174545920,0
TRSM(5;3),3,2040,7220613,174893056,0
TRSM(6;3),3,2040,6794140,174173184,0
TRSM(7;3),3,2040,7433619,174176256,0
SYRK(7;3),3,2040,6417562,160756736,0
SYRK(7;4),3,2040,431140414,12747744256,52113532314
SYRK(7;5),3,2040,326730014,9551162368,10139734016
SYRK(7;6),3,2040,20891809,586988544,648795750
POTRF(7),3,2040,1892510,58030080,0
