timestamp,datetime,power_w,total_energy_mj,gpu_freq_mhz,mem_freq_mhz,temperature_c,gpu_util_pct,mem_util_pct
1777924255.5231407,2026-05-04T21:50:55.523141,16.103,8345704332,210,405,40,0,0
1777924255.5412426,2026-05-04T21:50:55.541243,16.103,8345704332,210,405,40,0,0
1777924255.5543299,2026-05-04T21:50:55.554330,16.103,8345704332,210,405,40,0,0
1777924255.5673647,2026-05-04T21:50:55.567365,16.103,8345704332,210,405,40,0,0
1777924255.5804927,2026-05-04T21:50:55.580493,16.103,8345704332,210,405,40,0,0
1777924255.5936372,2026-05-04T21:50:55.593637,16.103,8345705950,210,405,40,0,0
1777924255.6067798,2026-05-04T21:50:55.606780,16.103,8345705950,210,405,40,0,0
1777924255.6199453,2026-05-04T21:50:55.619945,16.103,8345705950,210,405,40,0,0
1777924255.633062,2026-05-04T21:50:55.633062,16.103,8345705950,210,405,40,0,0
1777924255.6462054,2026-05-04T21:50:55.646205,16.103,8345705950,210,405,40,0,0
1777924255.6593282,2026-05-04T21:50:55.659328,16.103,8345705950,210,405,40,0,0
1777924255.6726615,2026-05-04T21:50:55.672662,16.103,8345705950,210,405,40,0,0
1777924255.6857991,2026-05-04T21:50:55.685799,16.103,8345705950,210,405,40,0,0
1777924255.6987815,2026-05-04T21:50:55.698781,16.103,8345707564,210,405,40,0,0
1777924255.7120442,2026-05-04T21:50:55.712044,16.103,8345707564,210,405,40,0,0
1777924255.7252023,2026-05-04T21:50:55.725202,16.103,8345707564,210,405,40,0,0
1777924255.7383094,2026-05-04T21:50:55.738309,16.103,8345707564,210,405,40,0,0
1777924255.751433,2026-05-04T21:50:55.751433,16.103,8345707564,210,405,40,0,0
1777924255.7645524,2026-05-04T21:50:55.764552,16.103,8345707564,210,405,40,0,0
1777924255.7777126,2026-05-04T21:50:55.777713,16.103,8345707564,210,405,40,0,0
1777924255.790809,2026-05-04T21:50:55.790809,16.103,8345709179,210,405,40,0,0
1777924255.8047938,2026-05-04T21:50:55.804794,16.103,8345709179,210,405,40,0,0
1777924255.8180044,2026-05-04T21:50:55.818004,16.103,8345709179,210,405,40,0,0
1777924255.8310933,2026-05-04T21:50:55.831093,16.103,8345709179,210,405,40,0,0
1777924255.8441484,2026-05-04T21:50:55.844148,16.103,8345709179,210,405,40,0,0
1777924255.8572273,2026-05-04T21:50:55.857227,16.103,8345709179,210,405,40,0,0
1777924255.8704307,2026-05-04T21:50:55.870431,16.103,8345709179,210,405,40,0,0
1777924255.883617,2026-05-04T21:50:55.883617,16.103,8345709179,210,405,40,0,0
1777924255.8967695,2026-05-04T21:50:55.896770,16.103,8345710796,210,405,40,0,0
1777924255.9100218,2026-05-04T21:50:55.910022,16.103,8345710796,210,405,40,0,0
1777924255.9231105,2026-05-04T21:50:55.923110,16.103,8345710796,210,405,40,0,0
1777924255.936268,2026-05-04T21:50:55.936268,16.103,8345710796,210,405,40,0,0
1777924255.9495473,2026-05-04T21:50:55.949547,16.103,8345710796,210,405,40,0,0
1777924255.9626079,2026-05-04T21:50:55.962608,16.103,8345710796,210,405,40,0,0
1777924255.9758382,2026-05-04T21:50:55.975838,16.103,8345710796,210,405,40,0,0
1777924255.9889688,2026-05-04T21:50:55.988969,16.103,8345710796,210,405,40,0,0
1777924256.002146,2026-05-04T21:50:56.002146,16.103,8345712412,210,405,40,0,0
1777924256.01529,2026-05-04T21:50:56.015290,16.103,8345712412,210,405,40,0,0
1777924256.028451,2026-05-04T21:50:56.028451,16.103,8345712412,210,405,40,0,0
1777924256.0416026,2026-05-04T21:50:56.041603,16.103,8345712412,210,405,40,0,0
1777924256.0547113,2026-05-04T21:50:56.054711,16.103,8345712412,210,405,40,0,0
1777924256.0678222,2026-05-04T21:50:56.067822,16.103,8345712412,210,405,40,0,0
1777924256.0809596,2026-05-04T21:50:56.080960,16.103,8345712412,210,405,40,0,0
1777924256.094199,2026-05-04T21:50:56.094199,16.103,8345714027,210,405,40,0,0
1777924256.1078095,2026-05-04T21:50:56.107810,16.103,8345714027,210,405,40,0,0
1777924256.120971,2026-05-04T21:50:56.120971,16.103,8345714027,210,405,40,0,0
1777924256.1340482,2026-05-04T21:50:56.134048,16.103,8345714027,210,405,40,0,0
1777924256.1471524,2026-05-04T21:50:56.147152,16.103,8345714027,210,405,40,0,0
1777924256.1602368,2026-05-04T21:50:56.160237,16.103,8345714027,210,405,40,0,0
1777924256.1734035,2026-05-04T21:50:56.173404,16.103,8345714027,210,405,40,0,0
1777924256.18649,2026-05-04T21:50:56.186490,16.103,8345714027,210,405,40,0,0
1777924256.1996264,2026-05-04T21:50:56.199626,16.103,8345715643,210,405,40,0,0
1777924256.2126982,2026-05-04T21:50:56.212698,16.103,8345715643,210,405,40,0,0
1777924256.2257695,2026-05-04T21:50:56.225770,16.103,8345715643,210,405,40,0,0
1777924256.2389498,2026-05-04T21:50:56.238950,16.103,8345715643,210,405,40,0,0
1777924256.2521098,2026-05-04T21:50:56.252110,16.103,8345715643,210,405,40,0,0
1777924256.265236,2026-05-04T21:50:56.265236,16.103,8345715643,210,405,39,0,0
1777924256.2783995,2026-05-04T21:50:56.278399,16.103,8345715643,210,405,39,0,0
1777924256.2915869,2026-05-04T21:50:56.291587,16.103,8345717260,210,405,39,0,0
1777924256.3047705,2026-05-04T21:50:56.304770,16.103,8345717260,210,405,39,0,0
1777924256.3180988,2026-05-04T21:50:56.318099,16.103,8345717260,210,405,39,0,0
1777924256.3323646,2026-05-04T21:50:56.332365,16.103,8345717260,210,405,39,0,0
1777924256.3454592,2026-05-04T21:50:56.345459,16.103,8345717260,210,405,39,0,0
1777924256.3586035,2026-05-04T21:50:56.358603,16.207,8345717260,210,405,39,0,0
1777924256.3718884,2026-05-04T21:50:56.371888,16.207,8345717260,210,405,39,0,0
1777924256.3850553,2026-05-04T21:50:56.385055,16.207,8345717260,210,405,39,0,0
1777924256.39823,2026-05-04T21:50:56.398230,16.207,8345718872,210,405,39,0,0
1777924256.4114323,2026-05-04T21:50:56.411432,16.207,8345718872,210,405,39,0,0
1777924256.4245632,2026-05-04T21:50:56.424563,16.207,8345718872,210,405,39,0,0
1777924256.437705,2026-05-04T21:50:56.437705,16.207,8345718872,210,405,39,0,0
1777924256.4518955,2026-05-04T21:50:56.451895,16.207,8345718872,210,405,39,0,0
1777924256.4648614,2026-05-04T21:50:56.464861,16.207,8345718872,210,405,39,0,0
1777924256.4800932,2026-05-04T21:50:56.480093,16.207,8345718872,210,405,39,0,0
1777924256.493174,2026-05-04T21:50:56.493174,16.207,8345720487,210,405,39,0,0
1777924256.5072467,2026-05-04T21:50:56.507247,16.207,8345720487,210,405,39,0,0
1777924256.524196,2026-05-04T21:50:56.524196,16.207,8345720487,210,405,39,0,0
1777924256.5370982,2026-05-04T21:50:56.537098,16.207,8345720487,210,405,39,0,0
1777924256.5501177,2026-05-04T21:50:56.550118,16.207,8345720487,210,405,39,0,0
1777924256.5631046,2026-05-04T21:50:56.563105,16.207,8345720487,210,405,39,0,0
1777924256.576144,2026-05-04T21:50:56.576144,16.207,8345720487,210,405,39,0,0
1777924256.589082,2026-05-04T21:50:56.589082,16.207,8345720487,210,405,39,0,0
1777924256.6020415,2026-05-04T21:50:56.602041,16.207,8345722104,210,405,39,0,0
1777924256.6160939,2026-05-04T21:50:56.616094,16.207,8345722104,210,405,39,0,0
1777924256.6291902,2026-05-04T21:50:56.629190,16.207,8345722104,210,405,39,0,0
1777924256.6420882,2026-05-04T21:50:56.642088,16.207,8345722104,210,405,39,0,0
1777924256.6551547,2026-05-04T21:50:56.655155,16.207,8345722104,210,405,39,0,0
1777924256.6679678,2026-05-04T21:50:56.667968,16.207,8345722104,210,405,39,0,0
1777924256.6809456,2026-05-04T21:50:56.680946,16.207,8345722104,210,405,39,0,0
1777924256.693951,2026-05-04T21:50:56.693951,16.207,8345723718,210,405,39,0,0
1777924256.7073839,2026-05-04T21:50:56.707384,16.207,8345723718,210,405,39,0,0
1777924256.721112,2026-05-04T21:50:56.721112,16.207,8345723718,210,405,39,0,0
1777924256.7370138,2026-05-04T21:50:56.737014,16.207,8345723718,210,405,39,0,0
1777924256.750332,2026-05-04T21:50:56.750332,16.207,8345723718,210,405,39,0,0
1777924256.7692502,2026-05-04T21:50:56.769250,16.207,8345723718,210,405,39,0,0
1777924256.7852373,2026-05-04T21:50:56.785237,16.207,8345723718,210,405,39,0,0
1777924256.7982743,2026-05-04T21:50:56.798274,16.207,8345725335,210,405,39,0,0
1777924256.8112051,2026-05-04T21:50:56.811205,16.207,8345725335,210,405,39,0,0
1777924256.8241343,2026-05-04T21:50:56.824134,16.207,8345725335,210,405,39,0,0
1777924256.8385568,2026-05-04T21:50:56.838557,16.207,8345725335,210,405,39,0,0
1777924256.8529027,2026-05-04T21:50:56.852903,16.207,8345725335,210,405,39,0,0
1777924256.8658226,2026-05-04T21:50:56.865823,16.207,8345725335,210,405,39,0,0
1777924256.8878157,2026-05-04T21:50:56.887816,16.207,8345726952,210,405,39,0,0
1777924256.9448605,2026-05-04T21:50:56.944860,16.207,8345726952,210,405,39,0,0
1777924256.9601867,2026-05-04T21:50:56.960187,16.207,8345726952,210,405,39,0,0
1777924256.9822056,2026-05-04T21:50:56.982206,16.207,8345726952,210,405,39,0,0
1777924256.9964347,2026-05-04T21:50:56.996435,16.207,8345728563,210,405,39,0,0
1777924257.0100212,2026-05-04T21:50:57.010021,16.207,8345728563,210,405,39,0,0
1777924257.0260386,2026-05-04T21:50:57.026039,16.207,8345728563,210,405,39,0,0
1777924257.081988,2026-05-04T21:50:57.081988,16.207,8345728563,210,405,39,0,0
1777924257.1014557,2026-05-04T21:50:57.101456,16.207,8345730188,210,405,39,0,0
1777924257.1147013,2026-05-04T21:50:57.114701,16.207,8345730188,210,405,39,0,0
1777924257.1280847,2026-05-04T21:50:57.128085,16.207,8345730188,210,405,39,0,0
1777924257.141086,2026-05-04T21:50:57.141086,16.207,8345730188,210,405,39,0,0
1777924257.1543765,2026-05-04T21:50:57.154377,16.207,8345730188,210,405,39,0,0
1777924257.1675248,2026-05-04T21:50:57.167525,16.25,8345730188,210,405,39,0,0
1777924257.1812708,2026-05-04T21:50:57.181271,16.25,8345730188,210,405,39,0,0
1777924257.1943674,2026-05-04T21:50:57.194367,16.25,8345731807,210,405,39,0,0
1777924257.207517,2026-05-04T21:50:57.207517,16.25,8345731807,210,405,39,0,0
1777924257.2206023,2026-05-04T21:50:57.220602,16.25,8345731807,210,405,39,0,0
1777924257.2335908,2026-05-04T21:50:57.233591,16.25,8345731807,210,405,39,0,0
1777924257.2466033,2026-05-04T21:50:57.246603,16.25,8345731807,210,405,39,0,0
1777924257.2615676,2026-05-04T21:50:57.261568,16.25,8345731807,210,405,39,0,0
1777924257.2745569,2026-05-04T21:50:57.274557,16.252,8345731807,210,405,39,0,0
1777924257.2895155,2026-05-04T21:50:57.289515,16.252,8345731807,210,405,39,0,0
1777924257.3025756,2026-05-04T21:50:57.302576,16.252,8345733435,210,405,39,0,0
1777924257.3157127,2026-05-04T21:50:57.315713,16.252,8345733435,210,405,39,0,0
1777924257.331821,2026-05-04T21:50:57.331821,16.252,8345733435,210,405,39,0,0
1777924257.344785,2026-05-04T21:50:57.344785,16.252,8345733435,210,405,39,0,0
1777924257.357964,2026-05-04T21:50:57.357964,16.252,8345733435,210,405,39,0,0
1777924257.3710313,2026-05-04T21:50:57.371031,16.249,8345733435,210,405,39,0,0
1777924257.3840935,2026-05-04T21:50:57.384094,16.249,8345733435,210,405,39,0,0
1777924257.397275,2026-05-04T21:50:57.397275,16.249,8345735035,210,405,39,0,0
1777924257.4103305,2026-05-04T21:50:57.410331,16.249,8345735035,210,405,39,0,0
1777924257.4233685,2026-05-04T21:50:57.423368,16.249,8345735035,210,405,39,0,0
1777924257.4364378,2026-05-04T21:50:57.436438,16.249,8345735035,210,405,39,0,0
1777924257.449551,2026-05-04T21:50:57.449551,16.249,8345735035,210,405,39,0,0
1777924257.4625401,2026-05-04T21:50:57.462540,16.249,8345735035,210,405,39,0,0
1777924257.4755874,2026-05-04T21:50:57.475587,16.285,8345735035,210,405,39,0,0
1777924257.4886065,2026-05-04T21:50:57.488606,16.285,8345735035,210,405,39,0,0
1777924257.5017078,2026-05-04T21:50:57.501708,16.285,8345736653,210,405,39,0,0
1777924257.5147748,2026-05-04T21:50:57.514775,16.285,8345736653,210,405,39,0,0
1777924257.5278134,2026-05-04T21:50:57.527813,16.285,8345736653,210,405,39,0,0
1777924257.5408747,2026-05-04T21:50:57.540875,16.285,8345736653,210,405,39,0,0
1777924257.5539863,2026-05-04T21:50:57.553986,16.285,8345736653,210,405,39,0,0
1777924257.5673332,2026-05-04T21:50:57.567333,16.278,8345736653,210,405,39,0,0
1777924257.5809884,2026-05-04T21:50:57.580988,16.278,8345736653,210,405,39,0,0
1777924257.595777,2026-05-04T21:50:57.595777,16.278,8345738266,210,405,39,0,0
1777924257.6096637,2026-05-04T21:50:57.609664,16.278,8345738266,210,405,39,0,0
1777924257.6242986,2026-05-04T21:50:57.624299,16.278,8345738266,210,405,39,0,0
1777924257.6377964,2026-05-04T21:50:57.637796,16.278,8345738266,210,405,39,0,0
1777924257.6515887,2026-05-04T21:50:57.651589,16.278,8345738266,210,405,39,0,0
1777924257.664611,2026-05-04T21:50:57.664611,16.278,8345738266,210,405,39,0,0
1777924257.6775384,2026-05-04T21:50:57.677538,16.271,8345738266,210,405,39,0,0
1777924257.690749,2026-05-04T21:50:57.690749,16.271,8345739878,210,405,39,0,0
1777924257.7042823,2026-05-04T21:50:57.704282,16.271,8345739878,210,405,39,0,0
1777924257.718247,2026-05-04T21:50:57.718247,16.271,8345739878,210,405,39,0,0
1777924257.7324464,2026-05-04T21:50:57.732446,16.271,8345739878,210,405,39,0,0
1777924257.7465112,2026-05-04T21:50:57.746511,16.271,8345739878,210,405,39,0,0
1777924257.7603416,2026-05-04T21:50:57.760342,16.271,8345739878,210,405,39,0,0
1777924257.7734091,2026-05-04T21:50:57.773409,16.266,8345739878,210,405,39,0,0
1777924257.7865493,2026-05-04T21:50:57.786549,16.266,8345739878,210,405,39,0,0
1777924257.7995188,2026-05-04T21:50:57.799519,16.266,8345741491,210,405,39,0,0
1777924257.8125803,2026-05-04T21:50:57.812580,16.266,8345741491,210,405,39,0,0
1777924257.8255,2026-05-04T21:50:57.825500,16.266,8345741491,210,405,39,0,0
1777924257.8385289,2026-05-04T21:50:57.838529,16.266,8345741491,210,405,39,0,0
1777924257.8515797,2026-05-04T21:50:57.851580,16.266,8345741491,210,405,39,0,0
1777924257.8646197,2026-05-04T21:50:57.864620,16.266,8345741491,210,405,39,0,0
1777924257.8775413,2026-05-04T21:50:57.877541,16.262,8345741491,210,405,39,0,0
1777924257.8905895,2026-05-04T21:50:57.890589,16.262,8345743109,210,405,39,0,0
1777924257.9052792,2026-05-04T21:50:57.905279,16.262,8345743109,210,405,39,0,0
1777924257.9185424,2026-05-04T21:50:57.918542,16.262,8345743109,210,405,39,0,0
1777924257.931809,2026-05-04T21:50:57.931809,16.262,8345743109,210,405,39,0,0
1777924257.945813,2026-05-04T21:50:57.945813,16.262,8345743109,210,405,39,0,0
1777924257.9587204,2026-05-04T21:50:57.958720,16.262,8345743109,210,405,39,0,0
1777924257.972017,2026-05-04T21:50:57.972017,16.258,8345743109,210,405,39,0,0
1777924257.985086,2026-05-04T21:50:57.985086,16.258,8345743109,210,405,39,0,0
1777924257.998369,2026-05-04T21:50:57.998369,16.258,8345744721,210,405,39,0,0
1777924258.011372,2026-05-04T21:50:58.011372,16.258,8345744721,210,405,39,0,0
1777924258.0243995,2026-05-04T21:50:58.024400,16.258,8345744721,210,405,39,0,0
1777924258.0375144,2026-05-04T21:50:58.037514,16.258,8345744721,210,405,39,0,0
1777924258.0505342,2026-05-04T21:50:58.050534,16.258,8345744721,210,405,39,0,0
1777924258.0635598,2026-05-04T21:50:58.063560,16.258,8345744721,210,405,39,0,0
1777924258.0765033,2026-05-04T21:50:58.076503,16.255,8345744721,210,405,39,0,0
1777924258.0906076,2026-05-04T21:50:58.090608,16.255,8345746335,210,405,39,0,0
1777924258.1040888,2026-05-04T21:50:58.104089,16.255,8345746335,210,405,39,0,0
1777924258.117148,2026-05-04T21:50:58.117148,16.255,8345746335,210,405,39,0,0
1777924258.1304817,2026-05-04T21:50:58.130482,16.255,8345746335,210,405,39,0,0
1777924258.143535,2026-05-04T21:50:58.143535,16.255,8345746335,210,405,39,0,0
1777924258.1564372,2026-05-04T21:50:58.156437,16.255,8345746335,210,405,39,0,0
1777924258.1695328,2026-05-04T21:50:58.169533,16.252,8345746335,210,405,39,0,0
1777924258.182623,2026-05-04T21:50:58.182623,16.252,8345746335,210,405,39,0,0
1777924258.1956546,2026-05-04T21:50:58.195655,16.252,8345747949,210,405,39,0,0
1777924258.2091491,2026-05-04T21:50:58.209149,16.252,8345747949,210,405,39,0,0
1777924258.222253,2026-05-04T21:50:58.222253,16.252,8345747949,210,405,39,0,0
1777924258.2351644,2026-05-04T21:50:58.235164,16.252,8345747949,210,405,39,0,0
1777924258.251977,2026-05-04T21:50:58.251977,16.252,8345747949,210,405,39,0,0
1777924258.265954,2026-05-04T21:50:58.265954,16.252,8345747949,210,405,39,0,0
1777924258.2789211,2026-05-04T21:50:58.278921,16.21,8345747949,210,405,39,0,0
1777924258.2956216,2026-05-04T21:50:58.295622,16.21,8345749564,210,405,39,0,0
1777924258.3088226,2026-05-04T21:50:58.308823,16.21,8345749564,210,405,39,0,0
1777924258.321999,2026-05-04T21:50:58.321999,16.21,8345749564,210,405,39,0,0
1777924258.335548,2026-05-04T21:50:58.335548,16.21,8345749564,210,405,39,0,0
1777924258.3489435,2026-05-04T21:50:58.348943,16.21,8345749564,210,405,39,0,0
1777924258.3626401,2026-05-04T21:50:58.362640,16.21,8345749564,210,405,39,0,0
1777924258.3761308,2026-05-04T21:50:58.376131,16.21,8345749564,210,405,39,0,0
1777924258.389209,2026-05-04T21:50:58.389209,16.21,8345749564,210,405,39,0,0
1777924258.402714,2026-05-04T21:50:58.402714,16.21,8345751210,210,405,39,0,0
1777924258.4157665,2026-05-04T21:50:58.415766,16.21,8345751210,210,405,39,0,0
1777924258.4287076,2026-05-04T21:50:58.428708,16.21,8345751210,210,405,39,0,0
1777924258.4420686,2026-05-04T21:50:58.442069,16.21,8345751210,210,405,39,0,0
1777924258.4552865,2026-05-04T21:50:58.455287,16.21,8345751210,210,405,39,0,0
1777924258.4701986,2026-05-04T21:50:58.470199,16.21,8345751210,210,405,39,0,0
1777924258.4856222,2026-05-04T21:50:58.485622,16.21,8345751210,210,405,39,0,0
1777924258.4990156,2026-05-04T21:50:58.499016,16.21,8345752807,210,405,39,0,0
1777924258.5122228,2026-05-04T21:50:58.512223,16.21,8345752807,210,405,39,0,0
1777924258.527565,2026-05-04T21:50:58.527565,16.21,8345752807,210,405,39,0,0
1777924258.5412261,2026-05-04T21:50:58.541226,16.21,8345752807,210,405,39,0,0
1777924258.5554676,2026-05-04T21:50:58.555468,16.21,8345752807,210,405,39,0,0
1777924258.5703447,2026-05-04T21:50:58.570345,16.21,8345752807,210,405,39,0,0
1777924258.5836892,2026-05-04T21:50:58.583689,16.21,8345752807,210,405,39,0,0
1777924258.5974321,2026-05-04T21:50:58.597432,16.21,8345754422,210,405,39,0,0
1777924258.6136553,2026-05-04T21:50:58.613655,16.21,8345754422,210,405,39,0,0
1777924258.667257,2026-05-04T21:50:58.667257,16.21,8345754422,210,405,39,0,0
1777924258.6823294,2026-05-04T21:50:58.682329,16.21,8345754422,210,405,39,0,0
1777924258.6987412,2026-05-04T21:50:58.698741,16.21,8345756039,210,405,39,0,0
1777924258.7120292,2026-05-04T21:50:58.712029,16.21,8345756039,210,405,39,0,0
1777924258.7257402,2026-05-04T21:50:58.725740,16.21,8345756039,210,405,39,0,0
1777924258.7409933,2026-05-04T21:50:58.740993,16.21,8345756039,210,405,39,0,0
1777924258.7955277,2026-05-04T21:50:58.795528,16.21,8345757702,210,405,39,0,0
1777924258.8099184,2026-05-04T21:50:58.809918,16.21,8345757702,210,405,39,0,0
1777924258.8241231,2026-05-04T21:50:58.824123,16.21,8345757702,210,405,39,0,0
1777924258.8377523,2026-05-04T21:50:58.837752,16.21,8345757702,210,405,39,0,0
1777924258.8508828,2026-05-04T21:50:58.850883,16.21,8345757702,210,405,39,0,0
1777924258.8774188,2026-05-04T21:50:58.877419,16.21,8345757702,210,405,39,0,0
1777924258.8932831,2026-05-04T21:50:58.893283,16.376,8345759443,210,405,39,0,0
1777924258.9062884,2026-05-04T21:50:58.906288,16.376,8345759443,210,405,39,0,0
1777924258.9310606,2026-05-04T21:50:58.931061,16.376,8345759443,210,405,39,0,0
1777924258.944838,2026-05-04T21:50:58.944838,16.376,8345759443,210,405,39,0,0
1777924258.9586108,2026-05-04T21:50:58.958611,16.376,8345759443,210,405,39,0,0
1777924258.971774,2026-05-04T21:50:58.971774,16.376,8345759443,210,405,39,0,0
1777924258.9845679,2026-05-04T21:50:58.984568,17.087,8345759443,2040,6251,40,0,0
1777924258.997515,2026-05-04T21:50:58.997515,17.087,8345762204,2040,6251,40,0,0
1777924259.0113654,2026-05-04T21:50:59.011365,17.087,8345762204,2040,6251,40,0,0
1777924259.0248387,2026-05-04T21:50:59.024839,17.087,8345762204,2040,6251,40,0,0
1777924259.0377524,2026-05-04T21:50:59.037752,17.087,8345762204,2040,6251,40,0,0
1777924259.050487,2026-05-04T21:50:59.050487,17.087,8345762204,2040,6251,40,0,0
1777924259.0633156,2026-05-04T21:50:59.063316,17.087,8345762204,2040,6251,40,0,0
1777924259.0757177,2026-05-04T21:50:59.075718,17.087,8345762204,2040,6251,40,0,0
1777924259.089917,2026-05-04T21:50:59.089917,18.218,8345762204,2040,6251,40,0,0
1777924259.102208,2026-05-04T21:50:59.102208,18.218,8345765087,2040,6251,40,0,0
1777924259.1146963,2026-05-04T21:50:59.114696,18.218,8345765087,2040,6251,40,0,0
1777924259.1299539,2026-05-04T21:50:59.129954,18.218,8345765087,2040,6251,40,0,0
1777924259.1421998,2026-05-04T21:50:59.142200,18.218,8345765087,2040,6251,40,0,0
1777924259.154576,2026-05-04T21:50:59.154576,18.218,8345765087,2040,6251,40,0,0
1777924259.1702228,2026-05-04T21:50:59.170223,18.218,8345765087,2040,6251,40,0,0
1777924259.1824384,2026-05-04T21:50:59.182438,18.218,8345765087,2040,6251,40,0,0
1777924259.194796,2026-05-04T21:50:59.194796,19.335,8345767820,2040,6251,40,2,0
1777924259.2108464,2026-05-04T21:50:59.210846,19.335,8345767820,2040,6251,40,2,0
1777924259.2231064,2026-05-04T21:50:59.223106,19.335,8345767820,2040,6251,40,2,0
1777924259.235532,2026-05-04T21:50:59.235532,19.335,8345767820,2040,6251,40,2,0
1777924259.2502668,2026-05-04T21:50:59.250267,19.335,8345767820,2040,6251,40,2,0
1777924259.262504,2026-05-04T21:50:59.262504,19.335,8345767820,2040,6251,40,2,0
1777924259.275992,2026-05-04T21:50:59.275992,19.335,8345767820,2040,6251,40,2,0
1777924259.291578,2026-05-04T21:50:59.291578,20.374,8345770585,2040,6251,40,2,0
1777924259.3048952,2026-05-04T21:50:59.304895,20.374,8345770585,2040,6251,40,2,0
1777924259.3177428,2026-05-04T21:50:59.317743,20.374,8345770585,2040,6251,40,2,0
1777924259.330262,2026-05-04T21:50:59.330262,20.374,8345770585,2040,6251,40,2,0
1777924259.3424456,2026-05-04T21:50:59.342446,20.374,8345770585,2040,6251,40,2,0
1777924259.354898,2026-05-04T21:50:59.354898,20.374,8345770585,2040,6251,40,2,0
1777924259.3697674,2026-05-04T21:50:59.369767,20.374,8345770585,2040,6251,40,2,0
1777924259.3820302,2026-05-04T21:50:59.382030,20.374,8345770585,2040,6251,40,2,0
1777924259.3943822,2026-05-04T21:50:59.394382,21.421,8345773346,2040,6251,40,0,0
1777924259.4109585,2026-05-04T21:50:59.410959,21.421,8345773346,2040,6251,40,0,0
1777924259.4232206,2026-05-04T21:50:59.423221,21.421,8345773346,2040,6251,40,0,0
1777924259.4355345,2026-05-04T21:50:59.435534,21.421,8345773346,2040,6251,40,0,0
1777924259.4499648,2026-05-04T21:50:59.449965,21.421,8345773346,2040,6251,40,0,0
1777924259.4621723,2026-05-04T21:50:59.462172,21.421,8345773346,2040,6251,40,0,0
1777924259.474521,2026-05-04T21:50:59.474521,21.421,8345773346,2040,6251,40,0,0
1777924259.4898086,2026-05-04T21:50:59.489809,21.948,8345776120,2040,6251,40,0,0
1777924259.5033505,2026-05-04T21:50:59.503350,21.948,8345776120,2040,6251,40,0,0
1777924259.5157406,2026-05-04T21:50:59.515741,21.948,8345776120,2040,6251,40,0,0
1777924259.5300984,2026-05-04T21:50:59.530098,21.948,8345776120,2040,6251,40,0,0
1777924259.5423207,2026-05-04T21:50:59.542321,21.948,8345776120,2040,6251,40,0,0
1777924259.5547047,2026-05-04T21:50:59.554705,21.948,8345776120,2040,6251,40,0,0
1777924259.5696495,2026-05-04T21:50:59.569649,21.948,8345776120,2040,6251,40,0,0
1777924259.5820954,2026-05-04T21:50:59.582095,21.948,8345776120,2040,6251,40,0,0
1777924259.594535,2026-05-04T21:50:59.594535,22.429,8345778886,2040,6251,40,0,0
1777924259.609926,2026-05-04T21:50:59.609926,22.429,8345778886,2040,6251,40,0,0
1777924259.6224048,2026-05-04T21:50:59.622405,22.429,8345778886,2040,6251,40,0,0
1777924259.6347978,2026-05-04T21:50:59.634798,22.429,8345778886,2040,6251,40,0,0
1777924259.6516314,2026-05-04T21:50:59.651631,22.429,8345778886,2040,6251,40,0,0
1777924259.6640098,2026-05-04T21:50:59.664010,22.429,8345778886,2040,6251,40,0,0
1777924259.677508,2026-05-04T21:50:59.677508,22.429,8345778886,2040,6251,40,0,0
1777924259.690225,2026-05-04T21:50:59.690225,22.806,8345781666,2040,6251,40,0,0
1777924259.703126,2026-05-04T21:50:59.703126,22.806,8345781666,2040,6251,40,0,0
1777924259.7155185,2026-05-04T21:50:59.715518,22.806,8345781666,2040,6251,40,0,0
1777924259.729829,2026-05-04T21:50:59.729829,22.806,8345781666,2040,6251,40,0,0
1777924259.7420614,2026-05-04T21:50:59.742061,22.806,8345781666,2040,6251,40,0,0
1777924259.7572165,2026-05-04T21:50:59.757216,22.806,8345781666,2040,6251,40,0,0
1777924259.7697792,2026-05-04T21:50:59.769779,22.806,8345781666,2040,6251,40,0,0
1777924259.7820005,2026-05-04T21:50:59.782001,22.806,8345781666,2040,6251,40,0,0
1777924259.7943752,2026-05-04T21:50:59.794375,23.157,8345784435,2040,6251,40,1,0
1777924259.8101823,2026-05-04T21:50:59.810182,23.157,8345784435,2040,6251,40,1,0
1777924259.822428,2026-05-04T21:50:59.822428,23.157,8345784435,2040,6251,40,1,0
1777924259.8348212,2026-05-04T21:50:59.834821,23.157,8345784435,2040,6251,40,1,0
1777924259.8498316,2026-05-04T21:50:59.849832,23.157,8345784435,2040,6251,40,1,0
1777924259.8635848,2026-05-04T21:50:59.863585,23.157,8345784435,2040,6251,40,1,0
1777924259.8762584,2026-05-04T21:50:59.876258,23.157,8345784435,2040,6251,40,1,0
1777924259.8896308,2026-05-04T21:50:59.889631,23.442,8345787324,2040,6251,40,1,0
1777924259.9032195,2026-05-04T21:50:59.903219,23.442,8345787324,2040,6251,40,1,0
1777924259.9158163,2026-05-04T21:50:59.915816,23.442,8345787324,2040,6251,40,1,0
1777924259.929888,2026-05-04T21:50:59.929888,23.442,8345787324,2040,6251,40,1,0
1777924259.9423509,2026-05-04T21:50:59.942351,23.442,8345787324,2040,6251,40,1,0
1777924259.955035,2026-05-04T21:50:59.955035,23.442,8345787324,2040,6251,40,1,0
1777924259.970832,2026-05-04T21:50:59.970832,23.442,8345787324,2040,6251,40,1,0
1777924259.9830673,2026-05-04T21:50:59.983067,23.442,8345787324,2040,6251,40,1,0
1777924259.9954283,2026-05-04T21:50:59.995428,28.286,8345790309,2040,6251,41,38,1
1777924260.0098314,2026-05-04T21:51:00.009831,28.286,8345790309,2040,6251,41,38,1
1777924260.022044,2026-05-04T21:51:00.022044,28.286,8345790309,2040,6251,41,38,1
1777924260.0344255,2026-05-04T21:51:00.034425,28.286,8345790309,2040,6251,41,38,1
1777924260.0496645,2026-05-04T21:51:00.049664,28.286,8345790309,2040,6251,41,38,1
1777924260.0619833,2026-05-04T21:51:00.061983,28.286,8345790309,2040,6251,41,38,1
1777924260.0743785,2026-05-04T21:51:00.074378,28.286,8345790309,2040,6251,41,38,1
1777924260.0897684,2026-05-04T21:51:00.089768,28.265,8345793077,2040,6251,40,38,1
1777924260.1030457,2026-05-04T21:51:00.103046,28.265,8345793077,2040,6251,40,38,1
1777924260.1154566,2026-05-04T21:51:00.115457,28.265,8345793077,2040,6251,40,38,1
1777924260.1297195,2026-05-04T21:51:00.129719,28.265,8345793077,2040,6251,40,38,1
1777924260.142028,2026-05-04T21:51:00.142028,28.265,8345793077,2040,6251,40,38,1
1777924260.1543946,2026-05-04T21:51:00.154395,28.265,8345793077,2040,6251,40,38,1
1777924260.169495,2026-05-04T21:51:00.169495,28.265,8345793077,2040,6251,40,38,1
1777924260.1818252,2026-05-04T21:51:00.181825,28.265,8345793077,2040,6251,40,38,1
1777924260.1942055,2026-05-04T21:51:00.194206,28.231,8345795841,2040,6251,40,0,0
1777924260.2097797,2026-05-04T21:51:00.209780,28.231,8345795841,2040,6251,40,0,0
1777924260.2220314,2026-05-04T21:51:00.222031,28.231,8345795841,2040,6251,40,0,0
1777924260.2346509,2026-05-04T21:51:00.234651,28.231,8345795841,2040,6251,40,0,0
1777924260.2496626,2026-05-04T21:51:00.249663,28.231,8345795841,2040,6251,40,0,0
1777924260.26206,2026-05-04T21:51:00.262060,28.231,8345795841,2040,6251,40,0,0
1777924260.2746415,2026-05-04T21:51:00.274642,28.231,8345795841,2040,6251,40,0,0
1777924260.289632,2026-05-04T21:51:00.289632,28.178,8345798743,2040,6251,41,0,0
1777924260.303074,2026-05-04T21:51:00.303074,28.178,8345798743,2040,6251,41,0,0
1777924260.315628,2026-05-04T21:51:00.315628,28.178,8345798743,2040,6251,41,0,0
1777924260.3297682,2026-05-04T21:51:00.329768,28.178,8345798743,2040,6251,41,0,0
1777924260.342096,2026-05-04T21:51:00.342096,28.178,8345798743,2040,6251,41,0,0
1777924260.3545194,2026-05-04T21:51:00.354519,28.178,8345798743,2040,6251,41,0,0
1777924260.369737,2026-05-04T21:51:00.369737,28.178,8345798743,2040,6251,41,0,0
1777924260.3819652,2026-05-04T21:51:00.381965,28.178,8345798743,2040,6251,41,0,0
1777924260.3943539,2026-05-04T21:51:00.394354,28.421,8345801608,2040,6251,41,9,0
1777924260.409636,2026-05-04T21:51:00.409636,28.421,8345801608,2040,6251,41,9,0
1777924260.421877,2026-05-04T21:51:00.421877,28.421,8345801608,2040,6251,41,9,0
1777924260.434306,2026-05-04T21:51:00.434306,28.421,8345801608,2040,6251,41,9,0
1777924260.4494803,2026-05-04T21:51:00.449480,28.421,8345801608,2040,6251,41,9,0
1777924260.4618628,2026-05-04T21:51:00.461863,28.421,8345801608,2040,6251,41,9,0
1777924260.4743142,2026-05-04T21:51:00.474314,28.421,8345801608,2040,6251,41,9,0
1777924260.4894567,2026-05-04T21:51:00.489457,28.387,8345801608,2040,6251,40,9,0
1777924260.5017874,2026-05-04T21:51:00.501787,28.387,8345804426,2040,6251,40,9,0
1777924260.5142684,2026-05-04T21:51:00.514268,28.387,8345804426,2040,6251,40,9,0
1777924260.5295098,2026-05-04T21:51:00.529510,28.387,8345804426,2040,6251,40,9,0
1777924260.5419092,2026-05-04T21:51:00.541909,28.387,8345804426,2040,6251,40,9,0
1777924260.554283,2026-05-04T21:51:00.554283,28.387,8345804426,2040,6251,40,9,0
1777924260.5694544,2026-05-04T21:51:00.569454,28.387,8345804426,2040,6251,40,9,0
1777924260.5817115,2026-05-04T21:51:00.581712,28.387,8345804426,2040,6251,40,9,0
1777924260.5941124,2026-05-04T21:51:00.594112,28.43,8345807160,2040,6251,40,1,0
1777924260.6096425,2026-05-04T21:51:00.609643,28.43,8345807160,2040,6251,40,1,0
1777924260.6220195,2026-05-04T21:51:00.622020,28.43,8345807160,2040,6251,40,1,0
1777924260.6344783,2026-05-04T21:51:00.634478,28.43,8345807160,2040,6251,40,1,0
1777924260.6497805,2026-05-04T21:51:00.649781,28.43,8345807160,2040,6251,40,1,0
1777924260.6621957,2026-05-04T21:51:00.662196,28.43,8345807160,2040,6251,40,1,0
1777924260.6746206,2026-05-04T21:51:00.674621,28.43,8345807160,2040,6251,40,1,0
1777924260.689484,2026-05-04T21:51:00.689484,28.412,8345807160,2040,6251,40,1,0
1777924260.7018018,2026-05-04T21:51:00.701802,28.412,8345810009,2040,6251,40,1,0
1777924260.7142606,2026-05-04T21:51:00.714261,28.412,8345810009,2040,6251,40,1,0
1777924260.7294867,2026-05-04T21:51:00.729487,28.412,8345810009,2040,6251,40,1,0
1777924260.7417212,2026-05-04T21:51:00.741721,28.412,8345810009,2040,6251,40,1,0
1777924260.7541583,2026-05-04T21:51:00.754158,28.412,8345810009,2040,6251,40,1,0
1777924260.7693546,2026-05-04T21:51:00.769355,28.412,8345810009,2040,6251,40,1,0
1777924260.7817504,2026-05-04T21:51:00.781750,28.412,8345810009,2040,6251,40,1,0
1777924260.7941978,2026-05-04T21:51:00.794198,28.471,8345812784,2040,6251,41,6,1
1777924260.8096125,2026-05-04T21:51:00.809613,28.471,8345812784,2040,6251,41,6,1
1777924260.8218205,2026-05-04T21:51:00.821820,28.471,8345812784,2040,6251,41,6,1
1777924260.834235,2026-05-04T21:51:00.834235,28.471,8345812784,2040,6251,41,6,1
1777924260.84951,2026-05-04T21:51:00.849510,28.471,8345812784,2040,6251,41,6,1
1777924260.861764,2026-05-04T21:51:00.861764,28.471,8345812784,2040,6251,41,6,1
1777924260.874203,2026-05-04T21:51:00.874203,28.471,8345812784,2040,6251,41,6,1
1777924260.889357,2026-05-04T21:51:00.889357,28.456,8345812784,2040,6251,40,6,1
1777924260.901675,2026-05-04T21:51:00.901675,28.456,8345815596,2040,6251,40,6,1
1777924260.9140656,2026-05-04T21:51:00.914066,28.456,8345815596,2040,6251,40,6,1
1777924260.9296927,2026-05-04T21:51:00.929693,28.456,8345815596,2040,6251,40,6,1
1777924260.9419212,2026-05-04T21:51:00.941921,28.456,8345815596,2040,6251,40,6,1
1777924260.9543571,2026-05-04T21:51:00.954357,28.456,8345815596,2040,6251,40,6,1
1777924260.969354,2026-05-04T21:51:00.969354,28.456,8345815596,2040,6251,40,6,1
1777924260.9815826,2026-05-04T21:51:00.981583,28.456,8345815596,2040,6251,40,6,1
1777924260.9940348,2026-05-04T21:51:00.994035,28.489,8345818325,2040,6251,40,0,0
1777924261.0095203,2026-05-04T21:51:01.009520,28.489,8345818325,2040,6251,40,0,0
1777924261.0217571,2026-05-04T21:51:01.021757,28.489,8345818325,2040,6251,40,0,0
1777924261.0342033,2026-05-04T21:51:01.034203,28.489,8345818325,2040,6251,40,0,0
1777924261.0493414,2026-05-04T21:51:01.049341,28.489,8345818325,2040,6251,40,0,0
1777924261.061581,2026-05-04T21:51:01.061581,28.489,8345818325,2040,6251,40,0,0
1777924261.0739803,2026-05-04T21:51:01.073980,28.489,8345818325,2040,6251,40,0,0
1777924261.0892503,2026-05-04T21:51:01.089250,28.209,8345818325,2040,6251,40,0,0
1777924261.101553,2026-05-04T21:51:01.101553,28.209,8345821126,2040,6251,40,0,0
1777924261.1139362,2026-05-04T21:51:01.113936,28.209,8345821126,2040,6251,40,0,0
1777924261.1293988,2026-05-04T21:51:01.129399,28.209,8345821126,2040,6251,40,0,0
1777924261.141641,2026-05-04T21:51:01.141641,28.209,8345821126,2040,6251,40,0,0
1777924261.1540747,2026-05-04T21:51:01.154075,28.209,8345821126,2040,6251,40,0,0
1777924261.1692388,2026-05-04T21:51:01.169239,28.209,8345821126,2040,6251,40,0,0
1777924261.1814861,2026-05-04T21:51:01.181486,28.209,8345821126,2040,6251,40,0,0
1777924261.1938708,2026-05-04T21:51:01.193871,28.216,8345823852,2040,6251,41,0,0
1777924261.2097883,2026-05-04T21:51:01.209788,28.216,8345823852,2040,6251,41,0,0
1777924261.2220423,2026-05-04T21:51:01.222042,28.216,8345823852,2040,6251,41,0,0
1777924261.2344933,2026-05-04T21:51:01.234493,28.216,8345823852,2040,6251,41,0,0
1777924261.2493203,2026-05-04T21:51:01.249320,28.216,8345823852,2040,6251,41,0,0
1777924261.2615502,2026-05-04T21:51:01.261550,28.216,8345823852,2040,6251,41,0,0
1777924261.2740169,2026-05-04T21:51:01.274017,28.216,8345823852,2040,6251,41,0,0
1777924261.289151,2026-05-04T21:51:01.289151,28.172,8345823852,2040,6251,40,0,0
1777924261.3014483,2026-05-04T21:51:01.301448,28.172,8345826659,2040,6251,40,0,0
1777924261.3138912,2026-05-04T21:51:01.313891,28.172,8345826659,2040,6251,40,0,0
1777924261.3293226,2026-05-04T21:51:01.329323,28.172,8345826659,2040,6251,40,0,0
1777924261.3415527,2026-05-04T21:51:01.341553,28.172,8345826659,2040,6251,40,0,0
1777924261.3540053,2026-05-04T21:51:01.354005,28.172,8345826659,2040,6251,40,0,0
1777924261.369131,2026-05-04T21:51:01.369131,28.172,8345826659,2040,6251,40,0,0
1777924261.3814201,2026-05-04T21:51:01.381420,28.172,8345826659,2040,6251,40,0,0
1777924261.3938122,2026-05-04T21:51:01.393812,28.198,8345829388,2040,6251,41,0,0
1777924261.4094377,2026-05-04T21:51:01.409438,28.198,8345829388,2040,6251,41,0,0
1777924261.4216676,2026-05-04T21:51:01.421668,28.198,8345829388,2040,6251,41,0,0
1777924261.434103,2026-05-04T21:51:01.434103,28.198,8345829388,2040,6251,41,0,0
1777924261.4491806,2026-05-04T21:51:01.449181,28.198,8345829388,2040,6251,41,0,0
1777924261.4614043,2026-05-04T21:51:01.461404,28.198,8345829388,2040,6251,41,0,0
1777924261.4737968,2026-05-04T21:51:01.473797,28.198,8345829388,2040,6251,41,0,0
1777924261.4893837,2026-05-04T21:51:01.489384,28.023,8345832152,2040,6251,41,0,0
1777924261.5025516,2026-05-04T21:51:01.502552,28.023,8345832152,2040,6251,41,0,0
1777924261.5150056,2026-05-04T21:51:01.515006,28.023,8345832152,2040,6251,41,0,0
1777924261.5292835,2026-05-04T21:51:01.529284,28.023,8345832152,2040,6251,41,0,0
1777924261.5415142,2026-05-04T21:51:01.541514,28.023,8345832152,2040,6251,41,0,0
1777924261.5539494,2026-05-04T21:51:01.553949,28.023,8345832152,2040,6251,41,0,0
1777924261.5690892,2026-05-04T21:51:01.569089,28.023,8345832152,2040,6251,41,0,0
1777924261.5813658,2026-05-04T21:51:01.581366,28.023,8345832152,2040,6251,41,0,0
1777924261.5937574,2026-05-04T21:51:01.593757,28.03,8345834917,2040,6251,41,0,0
1777924261.6095006,2026-05-04T21:51:01.609501,28.03,8345834917,2040,6251,41,0,0
1777924261.621717,2026-05-04T21:51:01.621717,28.03,8345834917,2040,6251,41,0,0
1777924261.6342027,2026-05-04T21:51:01.634203,28.03,8345834917,2040,6251,41,0,0
1777924261.6491902,2026-05-04T21:51:01.649190,28.03,8345834917,2040,6251,41,0,0
1777924261.6614254,2026-05-04T21:51:01.661425,28.03,8345834917,2040,6251,41,0,0
1777924261.6738348,2026-05-04T21:51:01.673835,28.03,8345834917,2040,6251,41,0,0
1777924261.6890833,2026-05-04T21:51:01.689083,27.987,8345834917,2040,6251,41,0,0
1777924261.701387,2026-05-04T21:51:01.701387,27.987,8345837723,2040,6251,41,0,0
1777924261.7138453,2026-05-04T21:51:01.713845,27.987,8345837723,2040,6251,41,0,0
1777924261.7291512,2026-05-04T21:51:01.729151,27.987,8345837723,2040,6251,41,0,0
1777924261.741399,2026-05-04T21:51:01.741399,27.987,8345837723,2040,6251,41,0,0
1777924261.753845,2026-05-04T21:51:01.753845,27.987,8345837723,2040,6251,41,0,0
1777924261.7692826,2026-05-04T21:51:01.769283,27.987,8345837723,2040,6251,41,0,0
1777924261.781519,2026-05-04T21:51:01.781519,27.987,8345837723,2040,6251,41,0,0
1777924261.793897,2026-05-04T21:51:01.793897,28.013,8345840450,2040,6251,41,0,0
1777924261.8061786,2026-05-04T21:51:01.806179,28.013,8345840450,2040,6251,41,0,0
1777924261.8185997,2026-05-04T21:51:01.818600,28.013,8345840450,2040,6251,41,0,0
1777924261.8307984,2026-05-04T21:51:01.830798,28.013,8345840450,2040,6251,41,0,0
1777924261.8430314,2026-05-04T21:51:01.843031,28.013,8345840450,2040,6251,41,0,0
1777924261.855241,2026-05-04T21:51:01.855241,28.013,8345840450,2040,6251,41,0,0
1777924261.8674772,2026-05-04T21:51:01.867477,28.013,8345840450,2040,6251,41,0,0
1777924261.8796985,2026-05-04T21:51:01.879699,28.013,8345840450,2040,6251,41,0,0
1777924261.8919163,2026-05-04T21:51:01.891916,28.013,8345843189,2040,6251,41,0,0
1777924261.9041944,2026-05-04T21:51:01.904194,28.013,8345843189,2040,6251,41,0,0
1777924261.916615,2026-05-04T21:51:01.916615,28.013,8345843189,2040,6251,41,0,0
1777924261.9288309,2026-05-04T21:51:01.928831,28.013,8345843189,2040,6251,41,0,0
1777924261.9410439,2026-05-04T21:51:01.941044,28.013,8345843189,2040,6251,41,0,0
1777924261.953254,2026-05-04T21:51:01.953254,28.013,8345843189,2040,6251,41,0,0
1777924261.9656649,2026-05-04T21:51:01.965665,28.013,8345843189,2040,6251,41,0,0
1777924261.9778743,2026-05-04T21:51:01.977874,28.013,8345843189,2040,6251,41,0,0
1777924261.9900742,2026-05-04T21:51:01.990074,28.013,8345845926,2040,6251,41,0,0
1777924262.0024369,2026-05-04T21:51:02.002437,28.013,8345845926,2040,6251,41,0,0
1777924262.014644,2026-05-04T21:51:02.014644,28.013,8345845926,2040,6251,41,0,0
1777924262.0268557,2026-05-04T21:51:02.026856,28.013,8345845926,2040,6251,41,0,0
1777924262.0390656,2026-05-04T21:51:02.039066,28.013,8345845926,2040,6251,41,0,0
1777924262.0512772,2026-05-04T21:51:02.051277,28.013,8345845926,2040,6251,41,0,0
1777924262.0634956,2026-05-04T21:51:02.063496,28.013,8345845926,2040,6251,41,0,0
1777924262.0756896,2026-05-04T21:51:02.075690,28.013,8345845926,2040,6251,41,0,0
1777924262.0879092,2026-05-04T21:51:02.087909,28.013,8345845926,2040,6251,41,0,0
1777924262.1001842,2026-05-04T21:51:02.100184,28.013,8345848665,2040,6251,41,0,0
1777924262.1126301,2026-05-04T21:51:02.112630,28.013,8345848665,2040,6251,41,0,0
1777924262.1248322,2026-05-04T21:51:02.124832,28.013,8345848665,2040,6251,41,0,0
1777924262.1370287,2026-05-04T21:51:02.137029,28.013,8345848665,2040,6251,41,0,0
1777924262.1492512,2026-05-04T21:51:02.149251,28.013,8345848665,2040,6251,41,0,0
1777924262.1614325,2026-05-04T21:51:02.161433,28.013,8345848665,2040,6251,41,0,0
1777924262.1736484,2026-05-04T21:51:02.173648,28.013,8345848665,2040,6251,41,0,0
1777924262.1858485,2026-05-04T21:51:02.185848,28.013,8345848665,2040,6251,41,0,0
1777924262.1981165,2026-05-04T21:51:02.198117,28.013,8345851396,2040,6251,41,0,0
1777924262.2103522,2026-05-04T21:51:02.210352,28.013,8345851396,2040,6251,41,0,0
1777924262.2226415,2026-05-04T21:51:02.222641,28.013,8345851396,2040,6251,41,0,0
1777924262.2348692,2026-05-04T21:51:02.234869,28.013,8345851396,2040,6251,41,0,0
1777924262.2470694,2026-05-04T21:51:02.247069,28.013,8345851396,2040,6251,41,0,0
1777924262.2592947,2026-05-04T21:51:02.259295,28.013,8345851396,2040,6251,41,0,0
1777924262.271688,2026-05-04T21:51:02.271688,28.013,8345851396,2040,6251,41,0,0
1777924262.2839494,2026-05-04T21:51:02.283949,28.013,8345851396,2040,6251,41,0,0
1777924262.2964385,2026-05-04T21:51:02.296438,27.914,8345854221,2040,6251,41,0,0
1777924262.3122346,2026-05-04T21:51:02.312235,27.914,8345854221,2040,6251,41,0,0
1777924262.3245063,2026-05-04T21:51:02.324506,27.914,8345854221,2040,6251,41,0,0
1777924262.3370056,2026-05-04T21:51:02.337006,27.914,8345854221,2040,6251,41,0,0
1777924262.3494163,2026-05-04T21:51:02.349416,27.914,8345854221,2040,6251,41,0,0
1777924262.361643,2026-05-04T21:51:02.361643,27.914,8345854221,2040,6251,41,0,0
1777924262.374021,2026-05-04T21:51:02.374021,27.914,8345854221,2040,6251,41,0,0
1777924262.3889627,2026-05-04T21:51:02.388963,27.993,8345857254,2040,6251,41,100,0
1777924262.402419,2026-05-04T21:51:02.402419,27.993,8345857254,2040,6251,41,100,0
1777924262.414942,2026-05-04T21:51:02.414942,27.993,8345857254,2040,6251,41,100,0
1777924262.4292285,2026-05-04T21:51:02.429229,27.993,8345857254,2040,6251,41,100,0
1777924262.4415789,2026-05-04T21:51:02.441579,27.993,8345857254,2040,6251,41,100,0
1777924262.4540305,2026-05-04T21:51:02.454031,27.993,8345857254,2040,6251,41,100,0
1777924262.4691865,2026-05-04T21:51:02.469187,27.993,8345857254,2040,6251,41,100,0
1777924262.4815516,2026-05-04T21:51:02.481552,27.993,8345857254,2040,6251,41,100,0
1777924262.4939635,2026-05-04T21:51:02.493963,28.249,8345860283,2040,6251,41,100,0
1777924262.5116692,2026-05-04T21:51:02.511669,28.249,8345860283,2040,6251,41,100,0
1777924262.5241008,2026-05-04T21:51:02.524101,28.249,8345860283,2040,6251,41,100,0
1777924262.5367434,2026-05-04T21:51:02.536743,28.249,8345860283,2040,6251,41,100,0
1777924262.5493217,2026-05-04T21:51:02.549322,28.249,8345860283,2040,6251,41,100,0
1777924262.5617187,2026-05-04T21:51:02.561719,28.249,8345860283,2040,6251,41,100,0
1777924262.5743515,2026-05-04T21:51:02.574352,28.249,8345860283,2040,6251,41,100,0
1777924262.5889392,2026-05-04T21:51:02.588939,28.446,8345863313,2040,6251,41,100,0
1777924262.602335,2026-05-04T21:51:02.602335,28.446,8345863313,2040,6251,41,100,0
1777924262.6148665,2026-05-04T21:51:02.614866,28.446,8345863313,2040,6251,41,100,0
1777924262.6289523,2026-05-04T21:51:02.628952,28.446,8345863313,2040,6251,41,100,0
1777924262.6412024,2026-05-04T21:51:02.641202,28.446,8345863313,2040,6251,41,100,0
1777924262.6535618,2026-05-04T21:51:02.653562,28.446,8345863313,2040,6251,41,100,0
1777924262.6687467,2026-05-04T21:51:02.668747,28.446,8345863313,2040,6251,41,100,0
1777924262.6810362,2026-05-04T21:51:02.681036,28.446,8345863313,2040,6251,41,100,0
1777924262.6934514,2026-05-04T21:51:02.693451,28.748,8345866338,2040,6251,41,100,0
1777924262.7115343,2026-05-04T21:51:02.711534,28.748,8345866338,2040,6251,41,100,0
1777924262.723893,2026-05-04T21:51:02.723893,28.748,8345866338,2040,6251,41,100,0
1777924262.7364287,2026-05-04T21:51:02.736429,28.748,8345866338,2040,6251,41,100,0
1777924262.7491717,2026-05-04T21:51:02.749172,28.748,8345866338,2040,6251,41,100,0
1777924262.7615106,2026-05-04T21:51:02.761511,28.748,8345866338,2040,6251,41,100,0
1777924262.7740664,2026-05-04T21:51:02.774066,28.748,8345866338,2040,6251,41,100,0
1777924262.788802,2026-05-04T21:51:02.788802,28.891,8345869364,2040,6251,41,100,0
1777924262.8022459,2026-05-04T21:51:02.802246,28.891,8345869364,2040,6251,41,100,0
1777924262.8146434,2026-05-04T21:51:02.814643,28.891,8345869364,2040,6251,41,100,0
1777924262.828852,2026-05-04T21:51:02.828852,28.891,8345869364,2040,6251,41,100,0
1777924262.8414607,2026-05-04T21:51:02.841461,28.891,8345869364,2040,6251,41,100,0
1777924262.854057,2026-05-04T21:51:02.854057,28.891,8345869364,2040,6251,41,100,0
1777924262.8688586,2026-05-04T21:51:02.868859,28.891,8345869364,2040,6251,41,100,0
1777924262.8812687,2026-05-04T21:51:02.881269,28.891,8345869364,2040,6251,41,100,0
1777924262.8939807,2026-05-04T21:51:02.893981,29.084,8345872395,2040,6251,41,100,0
1777924262.90938,2026-05-04T21:51:02.909380,29.084,8345872395,2040,6251,41,100,0
1777924262.9218242,2026-05-04T21:51:02.921824,29.084,8345872395,2040,6251,41,100,0
1777924262.9344716,2026-05-04T21:51:02.934472,29.084,8345872395,2040,6251,41,100,0
1777924262.9489052,2026-05-04T21:51:02.948905,29.084,8345872395,2040,6251,41,100,0
1777924262.961371,2026-05-04T21:51:02.961371,29.084,8345872395,2040,6251,41,100,0
1777924262.9739726,2026-05-04T21:51:02.973973,29.084,8345872395,2040,6251,41,100,0
1777924262.9888058,2026-05-04T21:51:02.988806,29.21,8345875466,2040,6251,41,57,3
1777924263.0022552,2026-05-04T21:51:03.002255,29.21,8345875466,2040,6251,41,57,3
1777924263.0148733,2026-05-04T21:51:03.014873,29.21,8345875466,2040,6251,41,57,3
1777924263.0291083,2026-05-04T21:51:03.029108,29.21,8345875466,2040,6251,41,57,3
1777924263.041736,2026-05-04T21:51:03.041736,29.21,8345875466,2040,6251,41,57,3
1777924263.0541492,2026-05-04T21:51:03.054149,29.21,8345875466,2040,6251,41,57,3
1777924263.0687113,2026-05-04T21:51:03.068711,29.21,8345875466,2040,6251,41,57,3
1777924263.080996,2026-05-04T21:51:03.080996,29.21,8345875466,2040,6251,41,57,3
1777924263.093418,2026-05-04T21:51:03.093418,29.364,8345878320,2040,6251,41,57,3
1777924263.1140895,2026-05-04T21:51:03.114089,29.364,8345878320,2040,6251,41,57,3
1777924263.1306307,2026-05-04T21:51:03.130631,29.364,8345878320,2040,6251,41,57,3
1777924263.1432126,2026-05-04T21:51:03.143213,29.364,8345878320,2040,6251,41,57,3
1777924263.1570005,2026-05-04T21:51:03.157001,29.364,8345878320,2040,6251,41,57,3
1777924263.1696374,2026-05-04T21:51:03.169637,29.364,8345878320,2040,6251,41,57,3
1777924263.18498,2026-05-04T21:51:03.184980,29.364,8345878320,2040,6251,41,57,3
1777924263.1973567,2026-05-04T21:51:03.197357,29.29,8345881107,2040,6251,41,5,0
1777924263.2097723,2026-05-04T21:51:03.209772,29.29,8345881107,2040,6251,41,5,0
1777924263.222101,2026-05-04T21:51:03.222101,29.29,8345881107,2040,6251,41,5,0
1777924263.23463,2026-05-04T21:51:03.234630,29.29,8345881107,2040,6251,41,5,0
1777924263.24903,2026-05-04T21:51:03.249030,29.29,8345881107,2040,6251,41,5,0
1777924263.2614505,2026-05-04T21:51:03.261451,29.29,8345881107,2040,6251,41,5,0
1777924263.273918,2026-05-04T21:51:03.273918,29.29,8345881107,2040,6251,41,5,0
1777924263.2886772,2026-05-04T21:51:03.288677,29.187,8345883963,2040,6251,41,5,0
1777924263.3020835,2026-05-04T21:51:03.302083,29.187,8345883963,2040,6251,41,5,0
1777924263.3147445,2026-05-04T21:51:03.314744,29.187,8345883963,2040,6251,41,5,0
1777924263.3288443,2026-05-04T21:51:03.328844,29.187,8345883963,2040,6251,41,5,0
1777924263.341309,2026-05-04T21:51:03.341309,29.187,8345883963,2040,6251,41,5,0
1777924263.3540406,2026-05-04T21:51:03.354041,29.187,8345883963,2040,6251,41,5,0
1777924263.3687465,2026-05-04T21:51:03.368747,29.187,8345883963,2040,6251,41,5,0
1777924263.3812017,2026-05-04T21:51:03.381202,29.187,8345883963,2040,6251,41,5,0
1777924263.3938,2026-05-04T21:51:03.393800,29.904,8345887005,2040,6251,41,5,0
1777924263.408846,2026-05-04T21:51:03.408846,29.904,8345887005,2040,6251,41,5,0
1777924263.4213085,2026-05-04T21:51:03.421309,29.904,8345887005,2040,6251,41,5,0
1777924263.433947,2026-05-04T21:51:03.433947,29.904,8345887005,2040,6251,41,5,0
1777924263.4492614,2026-05-04T21:51:03.449261,29.904,8345887005,2040,6251,41,5,0
1777924263.4617224,2026-05-04T21:51:03.461722,29.904,8345887005,2040,6251,41,5,0
1777924263.4742343,2026-05-04T21:51:03.474234,29.904,8345887005,2040,6251,41,5,0
1777924263.4885478,2026-05-04T21:51:03.488548,29.985,8345887005,2040,6251,41,5,0
1777924263.5008357,2026-05-04T21:51:03.500836,29.985,8345890107,2040,6251,41,5,0
1777924263.5131955,2026-05-04T21:51:03.513196,29.985,8345890107,2040,6251,41,5,0
1777924263.5285878,2026-05-04T21:51:03.528588,29.985,8345890107,2040,6251,41,5,0
1777924263.5408351,2026-05-04T21:51:03.540835,29.985,8345890107,2040,6251,41,5,0
1777924263.5532367,2026-05-04T21:51:03.553237,29.985,8345890107,2040,6251,41,5,0
1777924263.5703242,2026-05-04T21:51:03.570324,29.985,8345890107,2040,6251,41,5,0
1777924263.5853727,2026-05-04T21:51:03.585373,29.985,8345893239,2040,6251,41,5,0
1777924263.604997,2026-05-04T21:51:03.604997,30.381,8345893239,2040,6251,41,100,0
1777924263.6241772,2026-05-04T21:51:03.624177,30.381,8345893239,2040,6251,41,100,0
1777924263.6433675,2026-05-04T21:51:03.643368,30.381,8345893239,2040,6251,41,100,0
1777924263.6619952,2026-05-04T21:51:03.661995,30.381,8345893239,2040,6251,41,100,0
1777924263.6813247,2026-05-04T21:51:03.681325,30.381,8345893239,2040,6251,41,100,0
1777924263.6989927,2026-05-04T21:51:03.698993,30.814,8345896729,2040,6251,41,100,0
1777924263.717298,2026-05-04T21:51:03.717298,30.814,8345896729,2040,6251,41,100,0
1777924263.7361226,2026-05-04T21:51:03.736123,30.814,8345896729,2040,6251,41,100,0
1777924263.7520177,2026-05-04T21:51:03.752018,30.814,8345896729,2040,6251,41,100,0
1777924263.772275,2026-05-04T21:51:03.772275,30.814,8345896729,2040,6251,41,100,0
1777924263.7924964,2026-05-04T21:51:03.792496,30.814,8345900231,2040,6251,41,100,0
1777924263.8132024,2026-05-04T21:51:03.813202,31.246,8345900231,2040,6251,42,100,0
1777924263.833957,2026-05-04T21:51:03.833957,31.246,8345900231,2040,6251,42,100,0
1777924263.8525312,2026-05-04T21:51:03.852531,31.246,8345900231,2040,6251,42,100,0
1777924263.8733745,2026-05-04T21:51:03.873374,31.246,8345900231,2040,6251,42,100,0
1777924263.8913407,2026-05-04T21:51:03.891341,31.246,8345903732,2040,6251,42,100,0
1777924263.9153042,2026-05-04T21:51:03.915304,31.672,8345903732,2040,6251,42,100,0
1777924263.9350488,2026-05-04T21:51:03.935049,31.672,8345903732,2040,6251,42,100,0
1777924263.953807,2026-05-04T21:51:03.953807,31.672,8345903732,2040,6251,42,100,0
1777924263.9720192,2026-05-04T21:51:03.972019,31.672,8345903732,2040,6251,42,100,0
1777924263.9935844,2026-05-04T21:51:03.993584,31.672,8345907231,2040,6251,42,100,0
1777924264.0133057,2026-05-04T21:51:04.013306,32.071,8345907231,2040,6251,42,100,0
1777924264.0320423,2026-05-04T21:51:04.032042,32.071,8345907231,2040,6251,42,100,0
1777924264.0509598,2026-05-04T21:51:04.050960,32.071,8345907231,2040,6251,42,100,0
1777924264.070875,2026-05-04T21:51:04.070875,32.071,8345907231,2040,6251,42,100,0
1777924264.0910041,2026-05-04T21:51:04.091004,32.071,8345910732,2040,6251,42,100,0
1777924264.117023,2026-05-04T21:51:04.117023,32.428,8345910732,2040,6251,42,100,0
1777924264.1362896,2026-05-04T21:51:04.136290,32.428,8345910732,2040,6251,42,100,0
1777924264.1536596,2026-05-04T21:51:04.153660,32.428,8345910732,2040,6251,42,100,0
1777924264.1726549,2026-05-04T21:51:04.172655,32.428,8345910732,2040,6251,42,100,0
1777924264.1920002,2026-05-04T21:51:04.192000,32.428,8345914237,2040,6251,42,100,0
1777924264.2115104,2026-05-04T21:51:04.211510,33.05,8345914237,2040,6251,42,100,0
1777924264.2323384,2026-05-04T21:51:04.232338,33.05,8345914237,2040,6251,42,100,0
1777924264.2540145,2026-05-04T21:51:04.254014,33.05,8345914237,2040,6251,42,100,0
1777924264.273525,2026-05-04T21:51:04.273525,33.05,8345914237,2040,6251,42,100,0
1777924264.2930102,2026-05-04T21:51:04.293010,33.05,8345917744,2040,6251,42,100,0
1777924264.3170455,2026-05-04T21:51:04.317045,33.718,8345917744,2040,6251,42,100,0
1777924264.3357487,2026-05-04T21:51:04.335749,33.718,8345917744,2040,6251,42,100,0
1777924264.355498,2026-05-04T21:51:04.355498,33.718,8345917744,2040,6251,42,100,0
1777924264.3739922,2026-05-04T21:51:04.373992,33.718,8345917744,2040,6251,42,100,0
1777924264.3912957,2026-05-04T21:51:04.391296,33.718,8345921254,2040,6251,42,100,0
1777924264.4124203,2026-05-04T21:51:04.412420,34.26,8345921254,2040,6251,42,100,0
1777924264.4308078,2026-05-04T21:51:04.430808,34.26,8345921254,2040,6251,42,100,0
1777924264.4503524,2026-05-04T21:51:04.450352,34.26,8345921254,2040,6251,42,100,0
1777924264.4665549,2026-05-04T21:51:04.466555,34.26,8345921254,2040,6251,42,100,0
1777924264.4856973,2026-05-04T21:51:04.485697,34.26,8345924769,2040,6251,42,100,0
1777924264.5050287,2026-05-04T21:51:04.505029,34.26,8345924769,2040,6251,42,100,0
1777924264.5238488,2026-05-04T21:51:04.523849,34.648,8345924769,2040,6251,42,100,0
1777924264.5425773,2026-05-04T21:51:04.542577,34.648,8345924769,2040,6251,42,100,0
1777924264.5639849,2026-05-04T21:51:04.563985,34.648,8345924769,2040,6251,42,100,0
1777924264.5835423,2026-05-04T21:51:04.583542,34.648,8345924769,2040,6251,42,100,0
1777924264.5982358,2026-05-04T21:51:04.598236,34.648,8345928268,2040,6251,42,100,0
1777924264.6172621,2026-05-04T21:51:04.617262,35.075,8345928268,2040,6251,42,100,0
1777924264.634905,2026-05-04T21:51:04.634905,35.075,8345928268,2040,6251,42,100,0
1777924264.6539733,2026-05-04T21:51:04.653973,35.075,8345928268,2040,6251,42,100,0
1777924264.6728237,2026-05-04T21:51:04.672824,35.075,8345928268,2040,6251,42,100,0
1777924264.6927276,2026-05-04T21:51:04.692728,35.075,8345931769,2040,6251,42,100,0
1777924264.7145615,2026-05-04T21:51:04.714561,35.075,8345931769,2040,6251,42,100,0
1777924264.7337828,2026-05-04T21:51:04.733783,35.084,8345931769,2040,6251,42,100,0
1777924264.753433,2026-05-04T21:51:04.753433,35.084,8345931769,2040,6251,42,100,0
1777924264.7723894,2026-05-04T21:51:04.772389,35.084,8345931769,2040,6251,42,100,0
1777924264.7919164,2026-05-04T21:51:04.791916,35.084,8345935269,2040,6251,42,100,0
1777924264.8127475,2026-05-04T21:51:04.812747,35.084,8345935269,2040,6251,42,100,0
1777924264.8307047,2026-05-04T21:51:04.830705,35.075,8345935269,2040,6251,42,100,0
1777924264.8507774,2026-05-04T21:51:04.850777,35.075,8345935269,2040,6251,42,100,0
1777924264.8713644,2026-05-04T21:51:04.871364,35.075,8345935269,2040,6251,42,100,0
1777924264.891166,2026-05-04T21:51:04.891166,35.075,8345938772,2040,6251,42,100,0
1777924264.9143734,2026-05-04T21:51:04.914373,35.075,8345938772,2040,6251,42,100,0
1777924264.9319565,2026-05-04T21:51:04.931957,35.077,8345938772,2040,6251,42,100,0
1777924264.9520233,2026-05-04T21:51:04.952023,35.077,8345938772,2040,6251,42,100,0
1777924264.9704113,2026-05-04T21:51:04.970411,35.077,8345938772,2040,6251,42,100,0
1777924264.9921076,2026-05-04T21:51:04.992108,35.077,8345942274,2040,6251,42,100,0
1777924265.0123491,2026-05-04T21:51:05.012349,35.077,8345942274,2040,6251,42,100,0
1777924265.029998,2026-05-04T21:51:05.029998,35.075,8345942274,2040,6251,42,100,0
1777924265.0520318,2026-05-04T21:51:05.052032,35.075,8345942274,2040,6251,42,100,0
1777924265.0715687,2026-05-04T21:51:05.071569,35.075,8345942274,2040,6251,42,100,0
1777924265.0907075,2026-05-04T21:51:05.090708,35.075,8345945772,2040,6251,42,100,0
1777924265.1135597,2026-05-04T21:51:05.113560,35.075,8345945772,2040,6251,42,100,0
1777924265.1322126,2026-05-04T21:51:05.132213,35.082,8345945772,2040,6251,42,100,0
1777924265.1530125,2026-05-04T21:51:05.153013,35.082,8345945772,2040,6251,42,100,0
1777924265.172287,2026-05-04T21:51:05.172287,35.082,8345945772,2040,6251,42,100,0
1777924265.1924787,2026-05-04T21:51:05.192479,35.082,8345949276,2040,6251,42,100,0
1777924265.2131064,2026-05-04T21:51:05.213106,35.082,8345949276,2040,6251,42,100,0
1777924265.233144,2026-05-04T21:51:05.233144,35.082,8345949276,2040,6251,42,100,0
1777924265.2524047,2026-05-04T21:51:05.252405,35.082,8345949276,2040,6251,42,100,0
1777924265.2726653,2026-05-04T21:51:05.272665,35.082,8345949276,2040,6251,42,100,0
1777924265.2929049,2026-05-04T21:51:05.292905,35.082,8345952778,2040,6251,42,100,0
1777924265.3134344,2026-05-04T21:51:05.313434,35.082,8345952778,2040,6251,42,100,0
1777924265.3324509,2026-05-04T21:51:05.332451,35.073,8345952778,2040,6251,42,100,0
1777924265.3529074,2026-05-04T21:51:05.352907,35.073,8345952778,2040,6251,42,100,0
1777924265.3718638,2026-05-04T21:51:05.371864,35.073,8345952778,2040,6251,42,100,0
1777924265.391299,2026-05-04T21:51:05.391299,35.073,8345956278,2040,6251,42,100,0
1777924265.4119914,2026-05-04T21:51:05.411991,35.073,8345956278,2040,6251,42,100,0
1777924265.433195,2026-05-04T21:51:05.433195,35.075,8345956278,2040,6251,42,100,0
1777924265.4536161,2026-05-04T21:51:05.453616,35.075,8345956278,2040,6251,42,100,0
1777924265.4701414,2026-05-04T21:51:05.470141,35.075,8345956278,2040,6251,42,100,0
1777924265.491139,2026-05-04T21:51:05.491139,35.075,8345959776,2040,6251,42,100,0
1777924265.5129821,2026-05-04T21:51:05.512982,35.075,8345959776,2040,6251,42,100,0
1777924265.5334718,2026-05-04T21:51:05.533472,35.075,8345959776,2040,6251,42,100,0
1777924265.5525184,2026-05-04T21:51:05.552518,35.075,8345959776,2040,6251,42,100,0
1777924265.5731845,2026-05-04T21:51:05.573184,35.075,8345959776,2040,6251,42,100,0
1777924265.5908384,2026-05-04T21:51:05.590838,35.075,8345963277,2040,6251,42,100,0
1777924265.6116743,2026-05-04T21:51:05.611674,35.075,8345963277,2040,6251,42,100,0
1777924265.6315324,2026-05-04T21:51:05.631532,35.075,8345963277,2040,6251,42,100,0
1777924265.6518834,2026-05-04T21:51:05.651883,35.075,8345963277,2040,6251,42,100,0
1777924265.6717634,2026-05-04T21:51:05.671763,35.075,8345963277,2040,6251,42,100,0
1777924265.6916003,2026-05-04T21:51:05.691600,35.075,8345966771,2040,6251,42,100,0
1777924265.713192,2026-05-04T21:51:05.713192,35.075,8345966771,2040,6251,42,100,0
1777924265.731245,2026-05-04T21:51:05.731245,35.077,8345966771,2040,6251,42,100,0
1777924265.7503166,2026-05-04T21:51:05.750317,35.077,8345966771,2040,6251,42,100,0
1777924265.7712505,2026-05-04T21:51:05.771250,35.077,8345966771,2040,6251,42,100,0
1777924265.791731,2026-05-04T21:51:05.791731,35.077,8345970277,2040,6251,42,100,0
1777924265.812366,2026-05-04T21:51:05.812366,35.077,8345970277,2040,6251,42,100,0
1777924265.8305109,2026-05-04T21:51:05.830511,35.094,8345970277,2040,6251,42,100,0
1777924265.8545456,2026-05-04T21:51:05.854546,35.094,8345970277,2040,6251,42,100,0
1777924265.8702884,2026-05-04T21:51:05.870288,35.094,8345970277,2040,6251,42,100,0
1777924265.8915691,2026-05-04T21:51:05.891569,35.094,8345973785,2040,6251,42,100,0
1777924265.9140992,2026-05-04T21:51:05.914099,35.094,8345973785,2040,6251,42,100,0
1777924265.9292583,2026-05-04T21:51:05.929258,35.101,8345973785,2040,6251,42,100,0
1777924265.9532185,2026-05-04T21:51:05.953218,35.101,8345973785,2040,6251,42,100,0
1777924265.9712183,2026-05-04T21:51:05.971218,35.101,8345973785,2040,6251,42,100,0
1777924265.992016,2026-05-04T21:51:05.992016,35.101,8345977289,2040,6251,42,100,0
1777924266.0115106,2026-05-04T21:51:06.011511,35.101,8345977289,2040,6251,42,100,0
1777924266.031228,2026-05-04T21:51:06.031228,35.101,8345977289,2040,6251,42,100,0
1777924266.0438397,2026-05-04T21:51:06.043840,35.101,8345977289,2040,6251,42,100,0
1777924266.0565479,2026-05-04T21:51:06.056548,35.101,8345977289,2040,6251,42,100,0
1777924266.0693612,2026-05-04T21:51:06.069361,35.101,8345977289,2040,6251,42,100,0
1777924266.0818741,2026-05-04T21:51:06.081874,35.101,8345977289,2040,6251,42,100,0
1777924266.0946662,2026-05-04T21:51:06.094666,35.101,8345981013,2040,6251,42,100,0
1777924266.1099586,2026-05-04T21:51:06.109959,35.101,8345981013,2040,6251,42,100,0
1777924266.1225808,2026-05-04T21:51:06.122581,35.101,8345981013,2040,6251,42,100,0
1777924266.135265,2026-05-04T21:51:06.135265,35.509,8345981013,2040,6251,42,100,0
1777924266.1480293,2026-05-04T21:51:06.148029,35.509,8345981013,2040,6251,42,100,0
1777924266.160505,2026-05-04T21:51:06.160505,35.509,8345981013,2040,6251,42,100,0
1777924266.1732903,2026-05-04T21:51:06.173290,35.509,8345981013,2040,6251,42,100,0
1777924266.1878967,2026-05-04T21:51:06.187897,35.509,8345984973,2040,6251,42,100,0
1777924266.201272,2026-05-04T21:51:06.201272,35.509,8345984973,2040,6251,42,100,0
1777924266.2139318,2026-05-04T21:51:06.213932,35.509,8345984973,2040,6251,42,100,0
1777924266.228108,2026-05-04T21:51:06.228108,36.192,8345984973,2040,6251,42,100,2
1777924266.2406795,2026-05-04T21:51:06.240680,36.192,8345984973,2040,6251,42,100,2
1777924266.2534714,2026-05-04T21:51:06.253471,36.192,8345984973,2040,6251,42,100,2
1777924266.267828,2026-05-04T21:51:06.267828,36.192,8345984973,2040,6251,42,100,2
1777924266.2803247,2026-05-04T21:51:06.280325,36.192,8345984973,2040,6251,42,100,2
1777924266.2931652,2026-05-04T21:51:06.293165,36.192,8345989122,2040,6251,42,100,2
1777924266.3105648,2026-05-04T21:51:06.310565,36.192,8345989122,2040,6251,42,100,2
1777924266.3232543,2026-05-04T21:51:06.323254,36.192,8345989122,2040,6251,42,100,2
1777924266.3360338,2026-05-04T21:51:06.336034,36.693,8345989122,2040,6251,43,100,2
1777924266.3488333,2026-05-04T21:51:06.348833,36.693,8345989122,2040,6251,43,100,2
1777924266.3613029,2026-05-04T21:51:06.361303,36.693,8345989122,2040,6251,43,100,2
1777924266.3740697,2026-05-04T21:51:06.374070,36.693,8345989122,2040,6251,43,100,2
1777924266.3881314,2026-05-04T21:51:06.388131,36.693,8345993276,2040,6251,43,100,2
1777924266.4012086,2026-05-04T21:51:06.401209,36.693,8345993276,2040,6251,43,100,2
1777924266.4139957,2026-05-04T21:51:06.413996,36.693,8345993276,2040,6251,43,100,2
1777924266.4279318,2026-05-04T21:51:06.427932,37.519,8345993276,2040,6251,43,100,3
1777924266.4404845,2026-05-04T21:51:06.440485,37.519,8345993276,2040,6251,43,100,3
1777924266.453265,2026-05-04T21:51:06.453265,37.519,8345993276,2040,6251,43,100,3
1777924266.4678118,2026-05-04T21:51:06.467812,37.519,8345993276,2040,6251,43,100,3
1777924266.480306,2026-05-04T21:51:06.480306,37.519,8345993276,2040,6251,43,100,3
1777924266.493102,2026-05-04T21:51:06.493102,37.519,8345997420,2040,6251,43,100,3
1777924266.5104623,2026-05-04T21:51:06.510462,37.519,8345997420,2040,6251,43,100,3
1777924266.5229797,2026-05-04T21:51:06.522980,37.519,8345997420,2040,6251,43,100,3
1777924266.5356429,2026-05-04T21:51:06.535643,37.899,8345997420,2040,6251,43,100,3
1777924266.548515,2026-05-04T21:51:06.548515,37.899,8345997420,2040,6251,43,100,3
1777924266.5610235,2026-05-04T21:51:06.561023,37.899,8345997420,2040,6251,43,100,3
1777924266.5736895,2026-05-04T21:51:06.573689,37.899,8345997420,2040,6251,43,100,3
1777924266.5878065,2026-05-04T21:51:06.587806,37.899,8346001562,2040,6251,43,100,3
1777924266.601138,2026-05-04T21:51:06.601138,37.899,8346001562,2040,6251,43,100,3
1777924266.613814,2026-05-04T21:51:06.613814,37.899,8346001562,2040,6251,43,100,3
1777924266.627986,2026-05-04T21:51:06.627986,38.836,8346001562,2040,6251,43,100,3
1777924266.6405568,2026-05-04T21:51:06.640557,38.836,8346001562,2040,6251,43,100,3
1777924266.6531513,2026-05-04T21:51:06.653151,38.836,8346001562,2040,6251,43,100,3
1777924266.667999,2026-05-04T21:51:06.667999,38.836,8346001562,2040,6251,43,100,3
1777924266.6803906,2026-05-04T21:51:06.680391,38.836,8346001562,2040,6251,43,100,3
1777924266.692982,2026-05-04T21:51:06.692982,38.836,8346005226,2040,6251,43,100,3
1777924266.7103426,2026-05-04T21:51:06.710343,38.836,8346005226,2040,6251,43,100,3
1777924266.7227511,2026-05-04T21:51:06.722751,38.836,8346005226,2040,6251,43,100,3
1777924266.7354674,2026-05-04T21:51:06.735467,38.173,8346005226,2040,6251,43,100,3
1777924266.7482574,2026-05-04T21:51:06.748257,38.173,8346005226,2040,6251,43,100,3
1777924266.7606676,2026-05-04T21:51:06.760668,38.173,8346005226,2040,6251,43,100,3
1777924266.7732522,2026-05-04T21:51:06.773252,38.173,8346005226,2040,6251,43,100,3
1777924266.7877073,2026-05-04T21:51:06.787707,38.173,8346008344,2040,6251,43,100,3
1777924266.800973,2026-05-04T21:51:06.800973,38.173,8346008344,2040,6251,43,100,3
1777924266.813644,2026-05-04T21:51:06.813644,38.173,8346008344,2040,6251,43,100,3
1777924266.827714,2026-05-04T21:51:06.827714,38.092,8346008344,2040,6251,42,100,0
1777924266.8401465,2026-05-04T21:51:06.840147,38.092,8346008344,2040,6251,42,100,0
1777924266.852808,2026-05-04T21:51:06.852808,38.092,8346008344,2040,6251,42,100,0
1777924266.867619,2026-05-04T21:51:06.867619,38.092,8346008344,2040,6251,42,100,0
1777924266.8799832,2026-05-04T21:51:06.879983,38.092,8346008344,2040,6251,42,100,0
1777924266.892532,2026-05-04T21:51:06.892532,38.092,8346011464,2040,6251,42,100,0
1777924266.9104059,2026-05-04T21:51:06.910406,38.092,8346011464,2040,6251,42,100,0
1777924266.922896,2026-05-04T21:51:06.922896,38.092,8346011464,2040,6251,42,100,0
1777924266.9354613,2026-05-04T21:51:06.935461,37.478,8346011464,2040,6251,42,100,0
1777924266.9482305,2026-05-04T21:51:06.948231,37.478,8346011464,2040,6251,42,100,0
1777924266.9605868,2026-05-04T21:51:06.960587,37.478,8346011464,2040,6251,42,100,0
1777924266.9732785,2026-05-04T21:51:06.973279,37.478,8346011464,2040,6251,42,100,0
1777924266.9876328,2026-05-04T21:51:06.987633,37.478,8346014585,2040,6251,42,100,0
1777924267.0009196,2026-05-04T21:51:07.000920,37.478,8346014585,2040,6251,42,100,0
1777924267.0135102,2026-05-04T21:51:07.013510,37.478,8346014585,2040,6251,42,100,0
1777924267.0276587,2026-05-04T21:51:07.027659,37.32,8346014585,2040,6251,42,100,0
1777924267.0401063,2026-05-04T21:51:07.040106,37.32,8346014585,2040,6251,42,100,0
1777924267.052837,2026-05-04T21:51:07.052837,37.32,8346014585,2040,6251,42,100,0
1777924267.067521,2026-05-04T21:51:07.067521,37.32,8346014585,2040,6251,42,100,0
1777924267.0798907,2026-05-04T21:51:07.079891,37.32,8346014585,2040,6251,42,100,0
1777924267.0925891,2026-05-04T21:51:07.092589,37.32,8346017700,2040,6251,42,100,0
1777924267.1101515,2026-05-04T21:51:07.110152,37.32,8346017700,2040,6251,42,100,0
1777924267.122485,2026-05-04T21:51:07.122485,37.32,8346017700,2040,6251,42,100,0
1777924267.1351144,2026-05-04T21:51:07.135114,36.759,8346017700,2040,6251,42,100,0
1777924267.1478102,2026-05-04T21:51:07.147810,36.759,8346017700,2040,6251,42,100,0
1777924267.16019,2026-05-04T21:51:07.160190,36.759,8346017700,2040,6251,42,100,0
1777924267.172749,2026-05-04T21:51:07.172749,36.759,8346017700,2040,6251,42,100,0
1777924267.1875458,2026-05-04T21:51:07.187546,36.759,8346020808,2040,6251,42,100,0
1777924267.2008407,2026-05-04T21:51:07.200841,36.759,8346020808,2040,6251,42,100,0
1777924267.2135377,2026-05-04T21:51:07.213538,36.759,8346020808,2040,6251,42,100,0
1777924267.227941,2026-05-04T21:51:07.227941,36.01,8346020808,2040,6251,42,100,0
1777924267.2403781,2026-05-04T21:51:07.240378,36.01,8346020808,2040,6251,42,100,0
1777924267.2530632,2026-05-04T21:51:07.253063,36.01,8346020808,2040,6251,42,100,0
1777924267.2675028,2026-05-04T21:51:07.267503,36.01,8346020808,2040,6251,42,100,0
1777924267.279849,2026-05-04T21:51:07.279849,36.01,8346020808,2040,6251,42,100,0
1777924267.2923822,2026-05-04T21:51:07.292382,36.01,8346023923,2040,6251,42,100,0
1777924267.3101473,2026-05-04T21:51:07.310147,36.01,8346023923,2040,6251,42,100,0
1777924267.3226514,2026-05-04T21:51:07.322651,36.01,8346023923,2040,6251,42,100,0
1777924267.3352103,2026-05-04T21:51:07.335210,35.075,8346023923,2040,6251,42,100,0
1777924267.348019,2026-05-04T21:51:07.348019,35.075,8346023923,2040,6251,42,100,0
1777924267.3604865,2026-05-04T21:51:07.360487,35.075,8346023923,2040,6251,42,100,0
1777924267.3730989,2026-05-04T21:51:07.373099,35.075,8346023923,2040,6251,42,100,0
1777924267.3874505,2026-05-04T21:51:07.387450,35.075,8346027040,2040,6251,42,100,0
1777924267.4008257,2026-05-04T21:51:07.400826,35.075,8346027040,2040,6251,42,100,0
1777924267.4135292,2026-05-04T21:51:07.413529,35.075,8346027040,2040,6251,42,100,0
1777924267.4276042,2026-05-04T21:51:07.427604,34.117,8346027040,2040,6251,42,100,0
1777924267.4401019,2026-05-04T21:51:07.440102,34.117,8346027040,2040,6251,42,100,0
1777924267.4527757,2026-05-04T21:51:07.452776,34.117,8346027040,2040,6251,42,100,0
1777924267.467465,2026-05-04T21:51:07.467465,34.117,8346027040,2040,6251,42,100,0
1777924267.4799726,2026-05-04T21:51:07.479973,34.117,8346027040,2040,6251,42,100,0
1777924267.4925213,2026-05-04T21:51:07.492521,34.117,8346030149,2040,6251,42,100,0
1777924267.50937,2026-05-04T21:51:07.509370,34.117,8346030149,2040,6251,42,100,0
1777924267.5219088,2026-05-04T21:51:07.521909,34.117,8346030149,2040,6251,42,100,0
1777924267.5344908,2026-05-04T21:51:07.534491,33.153,8346030149,2040,6251,42,100,0
1777924267.5475547,2026-05-04T21:51:07.547555,33.153,8346030149,2040,6251,42,100,0
1777924267.5599222,2026-05-04T21:51:07.559922,33.153,8346030149,2040,6251,42,100,0
1777924267.5726075,2026-05-04T21:51:07.572608,33.153,8346030149,2040,6251,42,100,0
1777924267.5874007,2026-05-04T21:51:07.587401,33.153,8346033262,2040,6251,42,100,0
1777924267.600806,2026-05-04T21:51:07.600806,33.153,8346033262,2040,6251,42,100,0
1777924267.61356,2026-05-04T21:51:07.613560,33.153,8346033262,2040,6251,42,100,0
1777924267.6275458,2026-05-04T21:51:07.627546,32.201,8346033262,2040,6251,42,100,0
1777924267.6399736,2026-05-04T21:51:07.639974,32.201,8346033262,2040,6251,42,100,0
1777924267.6526806,2026-05-04T21:51:07.652681,32.201,8346033262,2040,6251,42,100,0
1777924267.6674225,2026-05-04T21:51:07.667423,32.201,8346033262,2040,6251,42,100,0
1777924267.6797986,2026-05-04T21:51:07.679799,32.201,8346033262,2040,6251,42,100,0
1777924267.692545,2026-05-04T21:51:07.692545,32.201,8346036367,2040,6251,42,100,0
1777924267.7100346,2026-05-04T21:51:07.710035,32.201,8346036367,2040,6251,42,100,0
1777924267.7225559,2026-05-04T21:51:07.722556,32.201,8346036367,2040,6251,42,100,0
1777924267.7351065,2026-05-04T21:51:07.735106,31.224,8346036367,2040,6251,42,100,0
1777924267.7478955,2026-05-04T21:51:07.747895,31.224,8346036367,2040,6251,42,100,0
1777924267.7602928,2026-05-04T21:51:07.760293,31.224,8346036367,2040,6251,42,100,0
1777924267.7728963,2026-05-04T21:51:07.772896,31.224,8346036367,2040,6251,42,100,0
1777924267.7875955,2026-05-04T21:51:07.787596,31.224,8346039485,2040,6251,42,100,0
1777924267.8007421,2026-05-04T21:51:07.800742,31.224,8346039485,2040,6251,42,100,0
1777924267.8134327,2026-05-04T21:51:07.813433,31.224,8346039485,2040,6251,42,100,0
1777924267.8274813,2026-05-04T21:51:07.827481,31.208,8346039485,2040,6251,42,100,0
1777924267.8398855,2026-05-04T21:51:07.839885,31.208,8346039485,2040,6251,42,100,0
1777924267.8525763,2026-05-04T21:51:07.852576,31.208,8346039485,2040,6251,42,100,0
1777924267.8673239,2026-05-04T21:51:07.867324,31.208,8346039485,2040,6251,42,100,0
1777924267.87974,2026-05-04T21:51:07.879740,31.208,8346039485,2040,6251,42,100,0
1777924267.892326,2026-05-04T21:51:07.892326,31.208,8346042599,2040,6251,42,100,0
1777924267.9100025,2026-05-04T21:51:07.910002,31.208,8346042599,2040,6251,42,100,0
1777924267.9224098,2026-05-04T21:51:07.922410,31.208,8346042599,2040,6251,42,100,0
1777924267.9349918,2026-05-04T21:51:07.934992,31.199,8346042599,2040,6251,42,100,0
1777924267.947795,2026-05-04T21:51:07.947795,31.199,8346042599,2040,6251,42,100,0
1777924267.9602032,2026-05-04T21:51:07.960203,31.199,8346042599,2040,6251,42,100,0
1777924267.9727616,2026-05-04T21:51:07.972762,31.199,8346042599,2040,6251,42,100,0
1777924267.9873493,2026-05-04T21:51:07.987349,31.199,8346045711,2040,6251,42,100,0
1777924268.000588,2026-05-04T21:51:08.000588,31.199,8346045711,2040,6251,42,100,0
1777924268.0131874,2026-05-04T21:51:08.013187,31.199,8346045711,2040,6251,42,100,0
1777924268.027465,2026-05-04T21:51:08.027465,31.19,8346045711,2040,6251,42,100,0
1777924268.0398593,2026-05-04T21:51:08.039859,31.19,8346045711,2040,6251,42,100,0
1777924268.052582,2026-05-04T21:51:08.052582,31.19,8346045711,2040,6251,42,100,0
1777924268.0675097,2026-05-04T21:51:08.067510,31.19,8346045711,2040,6251,42,100,0
1777924268.0798717,2026-05-04T21:51:08.079872,31.19,8346045711,2040,6251,42,100,0
1777924268.0923564,2026-05-04T21:51:08.092356,31.19,8346048820,2040,6251,42,100,0
1777924268.1099663,2026-05-04T21:51:08.109966,31.19,8346048820,2040,6251,42,100,0
1777924268.1224132,2026-05-04T21:51:08.122413,31.19,8346048820,2040,6251,42,100,0
1777924268.134948,2026-05-04T21:51:08.134948,31.164,8346048820,2040,6251,42,100,0
1777924268.1476038,2026-05-04T21:51:08.147604,31.164,8346048820,2040,6251,42,100,0
1777924268.1666558,2026-05-04T21:51:08.166656,31.164,8346048820,2040,6251,42,100,0
1777924268.1838033,2026-05-04T21:51:08.183803,31.164,8346048820,2040,6251,42,100,0
1777924268.2017474,2026-05-04T21:51:08.201747,31.164,8346052113,2040,6251,42,100,0
1777924268.219856,2026-05-04T21:51:08.219856,31.164,8346052113,2040,6251,42,100,0
1777924268.2379444,2026-05-04T21:51:08.237944,31.515,8346052113,2040,6251,42,100,0
1777924268.2572775,2026-05-04T21:51:08.257277,31.515,8346052113,2040,6251,42,100,0
1777924268.2762988,2026-05-04T21:51:08.276299,31.515,8346052113,2040,6251,42,100,0
1777924268.2950337,2026-05-04T21:51:08.295034,31.515,8346055560,2040,6251,42,100,0
1777924268.3131025,2026-05-04T21:51:08.313102,31.515,8346055560,2040,6251,42,100,0
1777924268.33386,2026-05-04T21:51:08.333860,31.858,8346055560,2040,6251,42,100,0
1777924268.3551967,2026-05-04T21:51:08.355197,31.858,8346055560,2040,6251,42,100,0
1777924268.3741596,2026-05-04T21:51:08.374160,31.858,8346055560,2040,6251,42,100,0
1777924268.3943818,2026-05-04T21:51:08.394382,31.858,8346059070,2040,6251,42,100,0
1777924268.4116867,2026-05-04T21:51:08.411687,31.858,8346059070,2040,6251,42,100,0
1777924268.430265,2026-05-04T21:51:08.430265,31.858,8346059070,2040,6251,42,100,0
1777924268.4493432,2026-05-04T21:51:08.449343,32.22,8346059070,2040,6251,42,100,0
1777924268.4654043,2026-05-04T21:51:08.465404,32.22,8346059070,2040,6251,42,100,0
1777924268.48309,2026-05-04T21:51:08.483090,32.22,8346059070,2040,6251,42,100,0
1777924268.501008,2026-05-04T21:51:08.501008,32.22,8346062614,2040,6251,42,100,0
1777924268.517818,2026-05-04T21:51:08.517818,32.22,8346062614,2040,6251,42,100,0
1777924268.5359244,2026-05-04T21:51:08.535924,32.724,8346062614,2040,6251,42,100,0
1777924268.554101,2026-05-04T21:51:08.554101,32.724,8346062614,2040,6251,42,100,0
1777924268.5727503,2026-05-04T21:51:08.572750,32.724,8346062614,2040,6251,42,100,0
1777924268.592977,2026-05-04T21:51:08.592977,32.724,8346066093,2040,6251,42,100,0
1777924268.6120448,2026-05-04T21:51:08.612045,32.724,8346066093,2040,6251,42,100,0
1777924268.6298275,2026-05-04T21:51:08.629827,32.724,8346066093,2040,6251,42,100,0
1777924268.6497245,2026-05-04T21:51:08.649724,32.94,8346066093,2040,6251,42,100,0
1777924268.671174,2026-05-04T21:51:08.671174,32.94,8346066093,2040,6251,42,100,0
1777924268.6925528,2026-05-04T21:51:08.692553,32.94,8346069599,2040,6251,42,100,0
1777924268.7123177,2026-05-04T21:51:08.712318,32.94,8346069599,2040,6251,42,100,0
1777924268.7334416,2026-05-04T21:51:08.733442,33.298,8346069599,2040,6251,42,100,0
1777924268.7551064,2026-05-04T21:51:08.755106,33.298,8346069599,2040,6251,42,100,0
1777924268.7751937,2026-05-04T21:51:08.775194,33.298,8346069599,2040,6251,42,100,0
1777924268.7965708,2026-05-04T21:51:08.796571,33.298,8346073106,2040,6251,42,100,0
1777924268.814057,2026-05-04T21:51:08.814057,33.298,8346073106,2040,6251,42,100,0
1777924268.8333077,2026-05-04T21:51:08.833308,33.676,8346073106,2040,6251,42,100,0
1777924268.8571894,2026-05-04T21:51:08.857189,33.676,8346073106,2040,6251,42,100,0
1777924268.8779714,2026-05-04T21:51:08.877971,33.676,8346073106,2040,6251,42,100,0
1777924268.8972619,2026-05-04T21:51:08.897262,33.676,8346076613,2040,6251,42,100,0
1777924268.9166012,2026-05-04T21:51:08.916601,33.676,8346076613,2040,6251,42,100,0
1777924268.934852,2026-05-04T21:51:08.934852,34.023,8346076613,2040,6251,42,100,0
1777924268.9575162,2026-05-04T21:51:08.957516,34.023,8346076613,2040,6251,42,100,0
1777924268.9758146,2026-05-04T21:51:08.975815,34.023,8346076613,2040,6251,42,100,0
1777924268.995347,2026-05-04T21:51:08.995347,34.023,8346080122,2040,6251,42,100,0
1777924269.013493,2026-05-04T21:51:09.013493,34.023,8346080122,2040,6251,42,100,0
1777924269.0317774,2026-05-04T21:51:09.031777,34.375,8346080122,2040,6251,42,100,0
1777924269.050193,2026-05-04T21:51:09.050193,34.375,8346080122,2040,6251,42,100,0
1777924269.0698166,2026-05-04T21:51:09.069817,34.375,8346080122,2040,6251,42,100,0
1777924269.0907629,2026-05-04T21:51:09.090763,34.375,8346083624,2040,6251,42,100,0
1777924269.1127417,2026-05-04T21:51:09.112742,34.375,8346083624,2040,6251,42,100,0
1777924269.1329556,2026-05-04T21:51:09.132956,34.741,8346083624,2040,6251,42,100,0
1777924269.1554036,2026-05-04T21:51:09.155404,34.741,8346083624,2040,6251,42,100,0
1777924269.1760523,2026-05-04T21:51:09.176052,34.741,8346083624,2040,6251,42,100,0
1777924269.195937,2026-05-04T21:51:09.195937,34.741,8346087131,2040,6251,42,100,0
1777924269.2140381,2026-05-04T21:51:09.214038,34.741,8346087131,2040,6251,42,100,0
1777924269.233312,2026-05-04T21:51:09.233312,35.119,8346087131,2040,6251,42,100,0
1777924269.2531505,2026-05-04T21:51:09.253150,35.119,8346087131,2040,6251,42,100,0
1777924269.271229,2026-05-04T21:51:09.271229,35.119,8346087131,2040,6251,42,100,0
1777924269.2897449,2026-05-04T21:51:09.289745,35.119,8346090638,2040,6251,42,100,0
1777924269.3111227,2026-05-04T21:51:09.311123,35.119,8346090638,2040,6251,42,100,0
1777924269.3308177,2026-05-04T21:51:09.330818,35.119,8346090638,2040,6251,42,100,0
1777924269.3536348,2026-05-04T21:51:09.353635,35.145,8346090638,2040,6251,42,100,0
1777924269.3718514,2026-05-04T21:51:09.371851,35.145,8346090638,2040,6251,42,100,0
1777924269.3916686,2026-05-04T21:51:09.391669,35.145,8346094148,2040,6251,42,100,0
1777924269.4097154,2026-05-04T21:51:09.409715,35.145,8346094148,2040,6251,42,100,0
1777924269.428762,2026-05-04T21:51:09.428762,35.145,8346094148,2040,6251,42,100,0
1777924269.4489465,2026-05-04T21:51:09.448946,35.154,8346094148,2040,6251,42,100,0
1777924269.4714506,2026-05-04T21:51:09.471451,35.154,8346094148,2040,6251,42,100,0
1777924269.4897876,2026-05-04T21:51:09.489788,35.154,8346097652,2040,6251,42,100,0
1777924269.5119586,2026-05-04T21:51:09.511959,35.154,8346097652,2040,6251,42,100,0
1777924269.5335567,2026-05-04T21:51:09.533557,35.156,8346097652,2040,6251,42,100,0
1777924269.5557218,2026-05-04T21:51:09.555722,35.156,8346097652,2040,6251,42,100,0
1777924269.5742106,2026-05-04T21:51:09.574211,35.156,8346097652,2040,6251,42,100,0
1777924269.5930183,2026-05-04T21:51:09.593018,35.156,8346101162,2040,6251,42,100,0
1777924269.6132715,2026-05-04T21:51:09.613271,35.156,8346101162,2040,6251,42,100,0
1777924269.6294765,2026-05-04T21:51:09.629477,35.156,8346101162,2040,6251,42,100,0
1777924269.6507156,2026-05-04T21:51:09.650716,35.147,8346101162,2040,6251,42,100,0
1777924269.6704793,2026-05-04T21:51:09.670479,35.147,8346101162,2040,6251,42,100,0
1777924269.6913223,2026-05-04T21:51:09.691322,35.147,8346104664,2040,6251,42,100,0
1777924269.7119102,2026-05-04T21:51:09.711910,35.147,8346104664,2040,6251,42,100,0
1777924269.7310705,2026-05-04T21:51:09.731071,35.147,8346104664,2040,6251,42,100,0
1777924269.7508802,2026-05-04T21:51:09.750880,35.147,8346104664,2040,6251,42,100,0
1777924269.7698908,2026-05-04T21:51:09.769891,35.147,8346104664,2040,6251,42,100,0
1777924269.7910273,2026-05-04T21:51:09.791027,35.147,8346108172,2040,6251,42,100,0
1777924269.8098114,2026-05-04T21:51:09.809811,35.147,8346108172,2040,6251,42,100,0
1777924269.8309016,2026-05-04T21:51:09.830902,35.147,8346108172,2040,6251,42,100,0
1777924269.8518398,2026-05-04T21:51:09.851840,35.156,8346108172,2040,6251,43,100,0
1777924269.8714173,2026-05-04T21:51:09.871417,35.156,8346108172,2040,6251,43,100,0
1777924269.8909767,2026-05-04T21:51:09.890977,35.156,8346111680,2040,6251,43,100,0
1777924269.9143949,2026-05-04T21:51:09.914395,35.156,8346111680,2040,6251,43,100,0
1777924269.9339542,2026-05-04T21:51:09.933954,35.149,8346111680,2040,6251,43,100,0
1777924269.9520051,2026-05-04T21:51:09.952005,35.149,8346111680,2040,6251,43,100,0
1777924269.9719276,2026-05-04T21:51:09.971928,35.149,8346111680,2040,6251,43,100,0
1777924269.9906936,2026-05-04T21:51:09.990694,35.149,8346115182,2040,6251,43,100,0
1777924270.0099459,2026-05-04T21:51:10.009946,35.149,8346115182,2040,6251,43,100,0
1777924270.0270536,2026-05-04T21:51:10.027054,35.149,8346115182,2040,6251,43,100,0
1777924270.039524,2026-05-04T21:51:10.039524,35.149,8346115182,2040,6251,43,100,0
1777924270.0523794,2026-05-04T21:51:10.052379,35.149,8346115182,2040,6251,43,100,0
1777924270.0667486,2026-05-04T21:51:10.066749,35.149,8346115182,2040,6251,43,100,0
1777924270.079275,2026-05-04T21:51:10.079275,35.149,8346115182,2040,6251,43,100,0
1777924270.091978,2026-05-04T21:51:10.091978,35.149,8346118939,2040,6251,43,100,0
1777924270.1073916,2026-05-04T21:51:10.107392,35.149,8346118939,2040,6251,43,100,0
1777924270.1198945,2026-05-04T21:51:10.119895,35.149,8346118939,2040,6251,43,100,0
1777924270.132577,2026-05-04T21:51:10.132577,35.501,8346118939,2040,6251,43,100,0
1777924270.1468923,2026-05-04T21:51:10.146892,35.501,8346118939,2040,6251,43,100,0
1777924270.1593995,2026-05-04T21:51:10.159400,35.501,8346118939,2040,6251,43,100,0
1777924270.1721873,2026-05-04T21:51:10.172187,35.501,8346118939,2040,6251,43,100,0
1777924270.1867633,2026-05-04T21:51:10.186763,35.501,8346122958,2040,6251,43,100,0
1777924270.1999912,2026-05-04T21:51:10.199991,35.501,8346122958,2040,6251,43,100,0
1777924270.21265,2026-05-04T21:51:10.212650,35.501,8346122958,2040,6251,43,100,0
1777924270.22679,2026-05-04T21:51:10.226790,35.501,8346122958,2040,6251,43,100,0
1777924270.2394679,2026-05-04T21:51:10.239468,36.184,8346122958,2040,6251,43,100,2
1777924270.2523303,2026-05-04T21:51:10.252330,36.184,8346122958,2040,6251,43,100,2
1777924270.2666082,2026-05-04T21:51:10.266608,36.184,8346122958,2040,6251,43,100,2
1777924270.2792385,2026-05-04T21:51:10.279238,36.184,8346122958,2040,6251,43,100,2
1777924270.292043,2026-05-04T21:51:10.292043,36.184,8346127108,2040,6251,43,100,2
1777924270.3075113,2026-05-04T21:51:10.307511,36.184,8346127108,2040,6251,43,100,2
1777924270.319981,2026-05-04T21:51:10.319981,36.184,8346127108,2040,6251,43,100,2
1777924270.3327596,2026-05-04T21:51:10.332760,36.643,8346127108,2040,6251,43,100,2
1777924270.3468137,2026-05-04T21:51:10.346814,36.643,8346127108,2040,6251,43,100,2
1777924270.3593278,2026-05-04T21:51:10.359328,36.643,8346127108,2040,6251,43,100,2
1777924270.3719652,2026-05-04T21:51:10.371965,36.643,8346127108,2040,6251,43,100,2
1777924270.3865838,2026-05-04T21:51:10.386584,36.643,8346131258,2040,6251,43,100,2
1777924270.3999257,2026-05-04T21:51:10.399926,36.643,8346131258,2040,6251,43,100,2
1777924270.4127135,2026-05-04T21:51:10.412714,36.643,8346131258,2040,6251,43,100,2
1777924270.4266677,2026-05-04T21:51:10.426668,36.643,8346131258,2040,6251,43,100,2
1777924270.4391258,2026-05-04T21:51:10.439126,37.436,8346131258,2040,6251,43,100,3
1777924270.4520092,2026-05-04T21:51:10.452009,37.436,8346131258,2040,6251,43,100,3
1777924270.4666188,2026-05-04T21:51:10.466619,37.436,8346131258,2040,6251,43,100,3
1777924270.4791443,2026-05-04T21:51:10.479144,37.436,8346131258,2040,6251,43,100,3
1777924270.4917438,2026-05-04T21:51:10.491744,37.436,8346135326,2040,6251,43,100,3
1777924270.50947,2026-05-04T21:51:10.509470,37.436,8346135326,2040,6251,43,100,3
1777924270.5219,2026-05-04T21:51:10.521900,37.436,8346135326,2040,6251,43,100,3
1777924270.5344567,2026-05-04T21:51:10.534457,37.191,8346135326,2040,6251,43,100,3
1777924270.547188,2026-05-04T21:51:10.547188,37.191,8346135326,2040,6251,43,100,3
1777924270.5595822,2026-05-04T21:51:10.559582,37.191,8346135326,2040,6251,43,100,3
1777924270.572291,2026-05-04T21:51:10.572291,37.191,8346135326,2040,6251,43,100,3
1777924270.586735,2026-05-04T21:51:10.586735,37.191,8346138481,2040,6251,43,100,3
1777924270.5998538,2026-05-04T21:51:10.599854,37.191,8346138481,2040,6251,43,100,3
1777924270.6125276,2026-05-04T21:51:10.612528,37.191,8346138481,2040,6251,43,100,3
1777924270.6266954,2026-05-04T21:51:10.626695,37.191,8346138481,2040,6251,43,100,3
1777924270.639089,2026-05-04T21:51:10.639089,37.005,8346138481,2040,6251,43,100,0
1777924270.6518571,2026-05-04T21:51:10.651857,37.005,8346138481,2040,6251,43,100,0
1777924270.666407,2026-05-04T21:51:10.666407,37.005,8346138481,2040,6251,43,100,0
1777924270.6787622,2026-05-04T21:51:10.678762,37.005,8346138481,2040,6251,43,100,0
1777924270.6914082,2026-05-04T21:51:10.691408,37.005,8346141601,2040,6251,43,100,0
1777924270.7090952,2026-05-04T21:51:10.709095,37.005,8346141601,2040,6251,43,100,0
1777924270.721544,2026-05-04T21:51:10.721544,37.005,8346141601,2040,6251,43,100,0
1777924270.734137,2026-05-04T21:51:10.734137,36.49,8346141601,2040,6251,42,100,0
1777924270.7468362,2026-05-04T21:51:10.746836,36.49,8346141601,2040,6251,42,100,0
1777924270.7592075,2026-05-04T21:51:10.759207,36.49,8346141601,2040,6251,42,100,0
1777924270.7718909,2026-05-04T21:51:10.771891,36.49,8346141601,2040,6251,42,100,0
1777924270.786429,2026-05-04T21:51:10.786429,36.49,8346144723,2040,6251,42,100,0
1777924270.7998116,2026-05-04T21:51:10.799812,36.49,8346144723,2040,6251,42,100,0
1777924270.8123739,2026-05-04T21:51:10.812374,36.49,8346144723,2040,6251,42,100,0
1777924270.8266237,2026-05-04T21:51:10.826624,36.49,8346144723,2040,6251,42,100,0
1777924270.839002,2026-05-04T21:51:10.839002,36.241,8346144723,2040,6251,42,100,0
1777924270.8517563,2026-05-04T21:51:10.851756,36.241,8346144723,2040,6251,42,100,0
1777924270.8665867,2026-05-04T21:51:10.866587,36.241,8346144723,2040,6251,42,100,0
1777924270.8790088,2026-05-04T21:51:10.879009,36.241,8346144723,2040,6251,42,100,0
1777924270.8917415,2026-05-04T21:51:10.891742,36.241,8346147834,2040,6251,42,100,0
1777924270.9090643,2026-05-04T21:51:10.909064,36.241,8346147834,2040,6251,42,100,0
1777924270.9214802,2026-05-04T21:51:10.921480,36.241,8346147834,2040,6251,42,100,0
1777924270.9340954,2026-05-04T21:51:10.934095,35.786,8346147834,2040,6251,42,100,0
1777924270.9468575,2026-05-04T21:51:10.946857,35.786,8346147834,2040,6251,42,100,0
1777924270.9592855,2026-05-04T21:51:10.959285,35.786,8346147834,2040,6251,42,100,0
1777924270.9718351,2026-05-04T21:51:10.971835,35.786,8346147834,2040,6251,42,100,0
1777924270.9864166,2026-05-04T21:51:10.986417,35.786,8346150949,2040,6251,42,100,0
1777924270.9997115,2026-05-04T21:51:10.999712,35.786,8346150949,2040,6251,42,100,0
1777924271.012314,2026-05-04T21:51:11.012314,35.786,8346150949,2040,6251,42,100,0
1777924271.0265062,2026-05-04T21:51:11.026506,35.786,8346150949,2040,6251,42,100,0
1777924271.0388844,2026-05-04T21:51:11.038884,35.46,8346150949,2040,6251,42,100,0
1777924271.051655,2026-05-04T21:51:11.051655,35.46,8346150949,2040,6251,42,100,0
1777924271.0663378,2026-05-04T21:51:11.066338,35.46,8346150949,2040,6251,42,100,0
1777924271.0786867,2026-05-04T21:51:11.078687,35.46,8346150949,2040,6251,42,100,0
1777924271.0914452,2026-05-04T21:51:11.091445,35.46,8346154065,2040,6251,42,100,0
1777924271.1091917,2026-05-04T21:51:11.109192,35.46,8346154065,2040,6251,42,100,0
1777924271.1216683,2026-05-04T21:51:11.121668,35.46,8346154065,2040,6251,42,100,0
1777924271.1342342,2026-05-04T21:51:11.134234,35.075,8346154065,2040,6251,42,100,0
1777924271.1469808,2026-05-04T21:51:11.146981,35.075,8346154065,2040,6251,42,100,0
1777924271.1594634,2026-05-04T21:51:11.159463,35.075,8346154065,2040,6251,42,100,0
1777924271.171985,2026-05-04T21:51:11.171985,35.075,8346154065,2040,6251,42,100,0
1777924271.1863506,2026-05-04T21:51:11.186351,35.075,8346157183,2040,6251,42,100,0
1777924271.1997328,2026-05-04T21:51:11.199733,35.075,8346157183,2040,6251,42,100,0
1777924271.2125576,2026-05-04T21:51:11.212558,35.075,8346157183,2040,6251,42,100,0
1777924271.2263312,2026-05-04T21:51:11.226331,35.075,8346157183,2040,6251,42,100,0
1777924271.2388923,2026-05-04T21:51:11.238892,34.374,8346157183,2040,6251,42,100,0
1777924271.2516193,2026-05-04T21:51:11.251619,34.374,8346157183,2040,6251,42,100,0
1777924271.2662265,2026-05-04T21:51:11.266227,34.374,8346157183,2040,6251,42,100,0
1777924271.2786036,2026-05-04T21:51:11.278604,34.374,8346157183,2040,6251,42,100,0
1777924271.2913375,2026-05-04T21:51:11.291337,34.374,8346160302,2040,6251,42,100,0
1777924271.308988,2026-05-04T21:51:11.308988,34.374,8346160302,2040,6251,42,100,0
1777924271.3214252,2026-05-04T21:51:11.321425,34.374,8346160302,2040,6251,42,100,0
1777924271.3339577,2026-05-04T21:51:11.333958,33.42,8346160302,2040,6251,42,100,0
1777924271.346699,2026-05-04T21:51:11.346699,33.42,8346160302,2040,6251,42,100,0
1777924271.3591375,2026-05-04T21:51:11.359138,33.42,8346160302,2040,6251,42,100,0
1777924271.3717253,2026-05-04T21:51:11.371725,33.42,8346160302,2040,6251,42,100,0
1777924271.3862586,2026-05-04T21:51:11.386259,33.42,8346163424,2040,6251,42,100,0
1777924271.3996103,2026-05-04T21:51:11.399610,33.42,8346163424,2040,6251,42,100,0
1777924271.4122777,2026-05-04T21:51:11.412278,33.42,8346163424,2040,6251,42,100,0
1777924271.426664,2026-05-04T21:51:11.426664,33.42,8346163424,2040,6251,42,100,0
1777924271.4390974,2026-05-04T21:51:11.439097,32.526,8346163424,2040,6251,42,100,0
1777924271.4518523,2026-05-04T21:51:11.451852,32.526,8346163424,2040,6251,42,100,0
1777924271.4661756,2026-05-04T21:51:11.466176,32.526,8346163424,2040,6251,42,100,0
1777924271.4785287,2026-05-04T21:51:11.478529,32.526,8346163424,2040,6251,42,100,0
1777924271.4912238,2026-05-04T21:51:11.491224,32.526,8346166537,2040,6251,42,100,0
1777924271.5089118,2026-05-04T21:51:11.508912,32.526,8346166537,2040,6251,42,100,0
1777924271.5213075,2026-05-04T21:51:11.521307,32.526,8346166537,2040,6251,42,100,0
1777924271.5337684,2026-05-04T21:51:11.533768,31.569,8346166537,2040,6251,42,100,0
1777924271.5464318,2026-05-04T21:51:11.546432,31.569,8346166537,2040,6251,42,100,0
1777924271.5587392,2026-05-04T21:51:11.558739,31.569,8346166537,2040,6251,42,100,0
1777924271.5712144,2026-05-04T21:51:11.571214,31.569,8346166537,2040,6251,42,100,0
1777924271.5861015,2026-05-04T21:51:11.586102,31.569,8346169646,2040,6251,42,100,0
1777924271.605461,2026-05-04T21:51:11.605461,31.569,8346169646,2040,6251,42,100,0
1777924271.6301618,2026-05-04T21:51:11.630162,31.569,8346169646,2040,6251,42,100,0
1777924271.6503675,2026-05-04T21:51:11.650367,31.371,8346169646,2040,6251,42,100,0
1777924271.6713908,2026-05-04T21:51:11.671391,31.371,8346169646,2040,6251,42,100,0
1777924271.693428,2026-05-04T21:51:11.693428,31.371,8346173119,2040,6251,42,100,0
1777924271.7163248,2026-05-04T21:51:11.716325,31.371,8346173119,2040,6251,42,100,0
1777924271.7360926,2026-05-04T21:51:11.736093,31.717,8346173119,2040,6251,43,100,0
1777924271.7568135,2026-05-04T21:51:11.756814,31.717,8346173119,2040,6251,43,100,0
1777924271.7751906,2026-05-04T21:51:11.775191,31.717,8346173119,2040,6251,43,100,0
1777924271.7963216,2026-05-04T21:51:11.796322,31.717,8346176629,2040,6251,43,100,0
1777924271.8171978,2026-05-04T21:51:11.817198,31.717,8346176629,2040,6251,43,100,0
1777924271.8366811,2026-05-04T21:51:11.836681,32.072,8346176629,2040,6251,43,100,0
1777924271.86024,2026-05-04T21:51:11.860240,32.072,8346176629,2040,6251,43,100,0
1777924271.8802643,2026-05-04T21:51:11.880264,32.072,8346176629,2040,6251,43,100,0
1777924271.9006705,2026-05-04T21:51:11.900671,32.072,8346180149,2040,6251,43,100,0
1777924271.9221196,2026-05-04T21:51:11.922120,32.072,8346180149,2040,6251,43,100,0
1777924271.943461,2026-05-04T21:51:11.943461,32.427,8346180149,2040,6251,43,100,0
1777924271.9623072,2026-05-04T21:51:11.962307,32.427,8346180149,2040,6251,43,100,0
1777924271.9833822,2026-05-04T21:51:11.983382,32.427,8346183663,2040,6251,43,100,0
1777924272.003128,2026-05-04T21:51:12.003128,32.427,8346183663,2040,6251,43,100,0
1777924272.0238154,2026-05-04T21:51:12.023815,32.427,8346183663,2040,6251,43,100,0
1777924272.0433056,2026-05-04T21:51:12.043306,32.954,8346183663,2040,6251,43,100,0
1777924272.0641942,2026-05-04T21:51:12.064194,32.954,8346183663,2040,6251,43,100,0
1777924272.0849395,2026-05-04T21:51:12.084939,32.954,8346187165,2040,6251,43,100,0
1777924272.1041005,2026-05-04T21:51:12.104100,32.954,8346187165,2040,6251,43,100,0
1777924272.1246545,2026-05-04T21:51:12.124655,32.954,8346187165,2040,6251,43,100,0
1777924272.1501808,2026-05-04T21:51:12.150181,33.156,8346187165,2040,6251,43,100,0
1777924272.1686134,2026-05-04T21:51:12.168613,33.156,8346187165,2040,6251,43,100,0
1777924272.189918,2026-05-04T21:51:12.189918,33.156,8346190668,2040,6251,43,100,0
1777924272.2092414,2026-05-04T21:51:12.209241,33.156,8346190668,2040,6251,43,100,0
1777924272.2311287,2026-05-04T21:51:12.231129,33.156,8346190668,2040,6251,43,100,0
1777924272.2478902,2026-05-04T21:51:12.247890,33.517,8346190668,2040,6251,43,100,0
1777924272.27331,2026-05-04T21:51:12.273310,33.517,8346190668,2040,6251,43,100,0
1777924272.29239,2026-05-04T21:51:12.292390,33.517,8346194181,2040,6251,43,100,0
1777924272.3128884,2026-05-04T21:51:12.312888,33.517,8346194181,2040,6251,43,100,0
1777924272.3335521,2026-05-04T21:51:12.333552,33.517,8346194181,2040,6251,43,100,0
1777924272.3526547,2026-05-04T21:51:12.352655,33.874,8346194181,2040,6251,43,100,0
1777924272.369858,2026-05-04T21:51:12.369858,33.874,8346194181,2040,6251,43,100,0
1777924272.3888125,2026-05-04T21:51:12.388813,33.874,8346197688,2040,6251,43,100,0
1777924272.4101481,2026-05-04T21:51:12.410148,33.874,8346197688,2040,6251,43,100,0
1777924272.4308944,2026-05-04T21:51:12.430894,33.874,8346197688,2040,6251,43,100,0
1777924272.4497526,2026-05-04T21:51:12.449753,34.226,8346197688,2040,6251,43,100,0
1777924272.4737387,2026-05-04T21:51:12.473739,34.226,8346197688,2040,6251,43,100,0
1777924272.4923959,2026-05-04T21:51:12.492396,34.226,8346201198,2040,6251,43,100,0
1777924272.511407,2026-05-04T21:51:12.511407,34.226,8346201198,2040,6251,43,100,0
1777924272.5313404,2026-05-04T21:51:12.531340,34.226,8346201198,2040,6251,43,100,0
1777924272.550247,2026-05-04T21:51:12.550247,34.583,8346201198,2040,6251,43,100,0
1777924272.5693681,2026-05-04T21:51:12.569368,34.583,8346201198,2040,6251,43,100,0
1777924272.5909288,2026-05-04T21:51:12.590929,34.583,8346204707,2040,6251,43,100,0
1777924272.6096275,2026-05-04T21:51:12.609627,34.583,8346204707,2040,6251,43,100,0
1777924272.6308277,2026-05-04T21:51:12.630828,34.583,8346204707,2040,6251,43,100,0
1777924272.6512113,2026-05-04T21:51:12.651211,34.936,8346204707,2040,6251,43,100,0
1777924272.6694016,2026-05-04T21:51:12.669402,34.936,8346204707,2040,6251,43,100,0
1777924272.688886,2026-05-04T21:51:12.688886,34.936,8346208215,2040,6251,43,100,0
1777924272.705885,2026-05-04T21:51:12.705885,34.936,8346208215,2040,6251,43,100,0
1777924272.730549,2026-05-04T21:51:12.730549,34.936,8346208215,2040,6251,43,100,0
1777924272.7481341,2026-05-04T21:51:12.748134,35.189,8346208215,2040,6251,43,100,0
1777924272.7699387,2026-05-04T21:51:12.769939,35.189,8346208215,2040,6251,43,100,0
1777924272.7901201,2026-05-04T21:51:12.790120,35.189,8346211732,2040,6251,43,100,0
1777924272.8101373,2026-05-04T21:51:12.810137,35.189,8346211732,2040,6251,43,100,0
1777924272.829557,2026-05-04T21:51:12.829557,35.189,8346211732,2040,6251,43,100,0
1777924272.8501713,2026-05-04T21:51:12.850171,35.197,8346211732,2040,6251,43,100,0
1777924272.8727958,2026-05-04T21:51:12.872796,35.197,8346211732,2040,6251,43,100,0
1777924272.8921099,2026-05-04T21:51:12.892110,35.197,8346215239,2040,6251,43,100,0
1777924272.9118428,2026-05-04T21:51:12.911843,35.197,8346215239,2040,6251,43,100,0
1777924272.9284275,2026-05-04T21:51:12.928427,35.197,8346215239,2040,6251,43,100,0
1777924272.9475856,2026-05-04T21:51:12.947586,35.189,8346215239,2040,6251,43,100,0
1777924272.9602468,2026-05-04T21:51:12.960247,35.189,8346215239,2040,6251,43,100,0
1777924272.9729223,2026-05-04T21:51:12.972922,35.189,8346215239,2040,6251,43,100,0
1777924272.9857876,2026-05-04T21:51:12.985788,35.189,8346218886,2040,6251,43,100,0
1777924272.99915,2026-05-04T21:51:12.999150,35.189,8346218886,2040,6251,43,100,0
1777924273.0119298,2026-05-04T21:51:13.011930,35.189,8346218886,2040,6251,43,100,0
1777924273.0258837,2026-05-04T21:51:13.025884,35.189,8346218886,2040,6251,43,100,0
1777924273.0383687,2026-05-04T21:51:13.038369,35.189,8346218886,2040,6251,43,100,0
1777924273.051129,2026-05-04T21:51:13.051129,35.555,8346218886,2040,6251,43,100,1
1777924273.0657485,2026-05-04T21:51:13.065748,35.555,8346218886,2040,6251,43,100,1
1777924273.078234,2026-05-04T21:51:13.078234,35.555,8346218886,2040,6251,43,100,1
1777924273.090973,2026-05-04T21:51:13.090973,35.555,8346222882,2040,6251,43,100,1
1777924273.1066098,2026-05-04T21:51:13.106610,35.555,8346222882,2040,6251,43,100,1
1777924273.1198273,2026-05-04T21:51:13.119827,35.555,8346222882,2040,6251,43,100,1
1777924273.1326704,2026-05-04T21:51:13.132670,35.555,8346222882,2040,6251,43,100,1
1777924273.1457708,2026-05-04T21:51:13.145771,36.149,8346222882,2040,6251,43,100,1
1777924273.1583276,2026-05-04T21:51:13.158328,36.149,8346222882,2040,6251,43,100,1
1777924273.171124,2026-05-04T21:51:13.171124,36.149,8346222882,2040,6251,43,100,1
1777924273.1856818,2026-05-04T21:51:13.185682,36.149,8346227043,2040,6251,43,100,1
1777924273.1990466,2026-05-04T21:51:13.199047,36.149,8346227043,2040,6251,43,100,1
1777924273.2120252,2026-05-04T21:51:13.212025,36.149,8346227043,2040,6251,43,100,1
1777924273.2257898,2026-05-04T21:51:13.225790,36.149,8346227043,2040,6251,43,100,1
1777924273.2383919,2026-05-04T21:51:13.238392,36.149,8346227043,2040,6251,43,100,1
1777924273.2511263,2026-05-04T21:51:13.251126,36.914,8346227043,2040,6251,43,100,3
1777924273.2656922,2026-05-04T21:51:13.265692,36.914,8346227043,2040,6251,43,100,3
1777924273.2783477,2026-05-04T21:51:13.278348,36.914,8346227043,2040,6251,43,100,3
1777924273.2910411,2026-05-04T21:51:13.291041,36.914,8346231116,2040,6251,43,100,3
1777924273.3061244,2026-05-04T21:51:13.306124,36.914,8346231116,2040,6251,43,100,3
1777924273.3185716,2026-05-04T21:51:13.318572,36.914,8346231116,2040,6251,43,100,3
1777924273.3311415,2026-05-04T21:51:13.331141,36.914,8346231116,2040,6251,43,100,3
1777924273.345661,2026-05-04T21:51:13.345661,36.732,8346231116,2040,6251,43,100,3
1777924273.3582666,2026-05-04T21:51:13.358267,36.732,8346231116,2040,6251,43,100,3
1777924273.3709059,2026-05-04T21:51:13.370906,36.732,8346231116,2040,6251,43,100,3
1777924273.3857796,2026-05-04T21:51:13.385780,36.732,8346234273,2040,6251,43,100,3
1777924273.3991055,2026-05-04T21:51:13.399106,36.732,8346234273,2040,6251,43,100,3
1777924273.411761,2026-05-04T21:51:13.411761,36.732,8346234273,2040,6251,43,100,3
1777924273.425672,2026-05-04T21:51:13.425672,36.732,8346234273,2040,6251,43,100,3
1777924273.4382288,2026-05-04T21:51:13.438229,36.732,8346234273,2040,6251,43,100,3
1777924273.4509022,2026-05-04T21:51:13.450902,36.501,8346234273,2040,6251,43,100,0
1777924273.4655807,2026-05-04T21:51:13.465581,36.501,8346234273,2040,6251,43,100,0
1777924273.478118,2026-05-04T21:51:13.478118,36.501,8346234273,2040,6251,43,100,0
1777924273.4907918,2026-05-04T21:51:13.490792,36.501,8346237393,2040,6251,43,100,0
1777924273.5061052,2026-05-04T21:51:13.506105,36.501,8346237393,2040,6251,43,100,0
1777924273.5186512,2026-05-04T21:51:13.518651,36.501,8346237393,2040,6251,43,100,0
1777924273.5313582,2026-05-04T21:51:13.531358,36.501,8346237393,2040,6251,43,100,0
1777924273.5456095,2026-05-04T21:51:13.545609,36.032,8346237393,2040,6251,42,100,0
1777924273.5581732,2026-05-04T21:51:13.558173,36.032,8346237393,2040,6251,42,100,0
1777924273.5708766,2026-05-04T21:51:13.570877,36.032,8346237393,2040,6251,42,100,0
1777924273.5855289,2026-05-04T21:51:13.585529,36.032,8346237393,2040,6251,42,100,0
1777924273.597906,2026-05-04T21:51:13.597906,36.032,8346240554,2040,6251,42,100,0
1777924273.6105719,2026-05-04T21:51:13.610572,36.032,8346240554,2040,6251,42,100,0
1777924273.6257148,2026-05-04T21:51:13.625715,36.032,8346240554,2040,6251,42,100,0
1777924273.6381447,2026-05-04T21:51:13.638145,36.032,8346240554,2040,6251,42,100,0
1777924273.6508255,2026-05-04T21:51:13.650826,35.711,8346240554,2040,6251,42,100,0
1777924273.6657896,2026-05-04T21:51:13.665790,35.711,8346240554,2040,6251,42,100,0
1777924273.6781433,2026-05-04T21:51:13.678143,35.711,8346240554,2040,6251,42,100,0
1777924273.6908092,2026-05-04T21:51:13.690809,35.711,8346243630,2040,6251,42,100,0
1777924273.7081091,2026-05-04T21:51:13.708109,35.711,8346243630,2040,6251,42,100,0
1777924273.7205255,2026-05-04T21:51:13.720526,35.711,8346243630,2040,6251,42,100,0
1777924273.7332883,2026-05-04T21:51:13.733288,35.711,8346243630,2040,6251,42,100,0
1777924273.7458732,2026-05-04T21:51:13.745873,35.312,8346243630,2040,6251,42,100,0
1777924273.7583437,2026-05-04T21:51:13.758344,35.312,8346243630,2040,6251,42,100,0
1777924273.7710054,2026-05-04T21:51:13.771005,35.312,8346243630,2040,6251,42,100,0
1777924273.7854838,2026-05-04T21:51:13.785484,35.312,8346246752,2040,6251,42,100,0
1777924273.7988994,2026-05-04T21:51:13.798899,35.312,8346246752,2040,6251,42,100,0
1777924273.8115551,2026-05-04T21:51:13.811555,35.312,8346246752,2040,6251,42,100,0
1777924273.8255427,2026-05-04T21:51:13.825543,35.312,8346246752,2040,6251,42,100,0
1777924273.8380888,2026-05-04T21:51:13.838089,35.312,8346246752,2040,6251,42,100,0
1777924273.8507273,2026-05-04T21:51:13.850727,34.919,8346246752,2040,6251,42,100,0
1777924273.8654084,2026-05-04T21:51:13.865408,34.919,8346246752,2040,6251,42,100,0
1777924273.8778856,2026-05-04T21:51:13.877886,34.919,8346246752,2040,6251,42,100,0
1777924273.8905926,2026-05-04T21:51:13.890593,34.919,8346249872,2040,6251,42,100,0
1777924273.9084098,2026-05-04T21:51:13.908410,34.919,8346249872,2040,6251,42,100,0
1777924273.9208422,2026-05-04T21:51:13.920842,34.919,8346249872,2040,6251,42,100,0
1777924273.9333887,2026-05-04T21:51:13.933389,34.919,8346249872,2040,6251,42,100,0
1777924273.9460573,2026-05-04T21:51:13.946057,34.59,8346249872,2040,6251,42,100,0
1777924273.958536,2026-05-04T21:51:13.958536,34.59,8346249872,2040,6251,42,100,0
1777924273.9711359,2026-05-04T21:51:13.971136,34.59,8346249872,2040,6251,42,100,0
1777924273.985416,2026-05-04T21:51:13.985416,34.59,8346252990,2040,6251,42,100,0
1777924273.9988108,2026-05-04T21:51:13.998811,34.59,8346252990,2040,6251,42,100,0
1777924274.0112987,2026-05-04T21:51:14.011299,34.59,8346252990,2040,6251,42,100,0
1777924274.0254836,2026-05-04T21:51:14.025484,34.59,8346252990,2040,6251,42,100,0
1777924274.0377495,2026-05-04T21:51:14.037750,34.59,8346252990,2040,6251,42,100,0
1777924274.050352,2026-05-04T21:51:14.050352,34.233,8346252990,2040,6251,42,100,0
1777924274.065349,2026-05-04T21:51:14.065349,34.233,8346252990,2040,6251,42,100,0
1777924274.08433,2026-05-04T21:51:14.084330,34.233,8346256165,2040,6251,42,100,0
1777924274.113662,2026-05-04T21:51:14.113662,34.233,8346256165,2040,6251,42,100,0
1777924274.130322,2026-05-04T21:51:14.130322,34.233,8346256165,2040,6251,42,100,0
1777924274.151,2026-05-04T21:51:14.151000,33.787,8346256165,2040,6251,43,100,0
1777924274.1714473,2026-05-04T21:51:14.171447,33.787,8346256165,2040,6251,43,100,0
1777924274.1907907,2026-05-04T21:51:14.190791,33.787,8346259654,2040,6251,43,100,0
1777924274.2091463,2026-05-04T21:51:14.209146,33.787,8346259654,2040,6251,43,100,0
1777924274.228849,2026-05-04T21:51:14.228849,33.787,8346259654,2040,6251,43,100,0
1777924274.248132,2026-05-04T21:51:14.248132,33.197,8346259654,2040,6251,43,100,0
1777924274.2719743,2026-05-04T21:51:14.271974,33.197,8346259654,2040,6251,43,100,0
1777924274.2899036,2026-05-04T21:51:14.289904,33.197,8346263171,2040,6251,43,100,0
1777924274.313028,2026-05-04T21:51:14.313028,33.197,8346263171,2040,6251,43,100,0
1777924274.3317997,2026-05-04T21:51:14.331800,33.197,8346263171,2040,6251,43,100,0
1777924274.3534565,2026-05-04T21:51:14.353456,32.591,8346263171,2040,6251,43,100,0
1777924274.371511,2026-05-04T21:51:14.371511,32.591,8346263171,2040,6251,43,100,0
1777924274.3910978,2026-05-04T21:51:14.391098,32.591,8346266685,2040,6251,43,100,0
1777924274.409973,2026-05-04T21:51:14.409973,32.591,8346266685,2040,6251,43,100,0
1777924274.429989,2026-05-04T21:51:14.429989,32.591,8346266685,2040,6251,43,100,0
1777924274.4514737,2026-05-04T21:51:14.451474,32.619,8346266685,2040,6251,43,100,0
1777924274.4753268,2026-05-04T21:51:14.475327,32.619,8346266685,2040,6251,43,100,0
1777924274.4945636,2026-05-04T21:51:14.494564,32.619,8346270196,2040,6251,43,100,0
1777924274.5133715,2026-05-04T21:51:14.513371,32.619,8346270196,2040,6251,43,100,0
1777924274.5333354,2026-05-04T21:51:14.533335,32.619,8346270196,2040,6251,43,100,0
1777924274.5523727,2026-05-04T21:51:14.552373,32.975,8346270196,2040,6251,43,100,0
1777924274.57535,2026-05-04T21:51:14.575350,32.975,8346270196,2040,6251,43,100,0
1777924274.5955248,2026-05-04T21:51:14.595525,32.975,8346273710,2040,6251,43,100,0
1777924274.6164477,2026-05-04T21:51:14.616448,32.975,8346273710,2040,6251,43,100,0
1777924274.636732,2026-05-04T21:51:14.636732,32.975,8346273710,2040,6251,43,100,0
1777924274.6580966,2026-05-04T21:51:14.658097,33.328,8346273710,2040,6251,43,100,0
1777924274.679411,2026-05-04T21:51:14.679411,33.328,8346273710,2040,6251,43,100,0
1777924274.6983685,2026-05-04T21:51:14.698369,33.328,8346277260,2040,6251,43,100,0
1777924274.7178524,2026-05-04T21:51:14.717852,33.328,8346277260,2040,6251,43,100,0
1777924274.73869,2026-05-04T21:51:14.738690,33.328,8346277260,2040,6251,43,100,0
1777924274.759433,2026-05-04T21:51:14.759433,33.942,8346277260,2040,6251,43,100,0
1777924274.7789617,2026-05-04T21:51:14.778962,33.942,8346277260,2040,6251,43,100,0
1777924274.796134,2026-05-04T21:51:14.796134,33.942,8346280741,2040,6251,43,100,0
1777924274.8157437,2026-05-04T21:51:14.815744,33.942,8346280741,2040,6251,43,100,0
1777924274.8371108,2026-05-04T21:51:14.837111,33.942,8346280741,2040,6251,43,100,0
1777924274.8540406,2026-05-04T21:51:14.854041,34.063,8346280741,2040,6251,43,100,0
1777924274.8738048,2026-05-04T21:51:14.873805,34.063,8346280741,2040,6251,43,100,0
1777924274.891799,2026-05-04T21:51:14.891799,34.063,8346284254,2040,6251,43,100,0
1777924274.9135964,2026-05-04T21:51:14.913596,34.063,8346284254,2040,6251,43,100,0
1777924274.929682,2026-05-04T21:51:14.929682,34.063,8346284254,2040,6251,43,100,0
1777924274.949343,2026-05-04T21:51:14.949343,34.063,8346284254,2040,6251,43,100,0
1777924274.9693503,2026-05-04T21:51:14.969350,34.413,8346284254,2040,6251,43,100,0
1777924274.9881446,2026-05-04T21:51:14.988145,34.413,8346287771,2040,6251,43,100,0
1777924275.000959,2026-05-04T21:51:15.000959,34.413,8346287771,2040,6251,43,100,0
1777924275.0137331,2026-05-04T21:51:15.013733,34.413,8346287771,2040,6251,43,100,0
1777924275.0263855,2026-05-04T21:51:15.026386,34.413,8346287771,2040,6251,43,100,0
1777924275.0389998,2026-05-04T21:51:15.039000,34.413,8346287771,2040,6251,43,100,0
1777924275.0517764,2026-05-04T21:51:15.051776,34.837,8346287771,2040,6251,43,100,0
1777924275.065423,2026-05-04T21:51:15.065423,34.837,8346287771,2040,6251,43,100,0
1777924275.078026,2026-05-04T21:51:15.078026,34.837,8346287771,2040,6251,43,100,0
1777924275.0907505,2026-05-04T21:51:15.090750,34.837,8346291662,2040,6251,43,100,0
1777924275.1055481,2026-05-04T21:51:15.105548,34.837,8346291662,2040,6251,43,100,0
1777924275.1180294,2026-05-04T21:51:15.118029,34.837,8346291662,2040,6251,43,100,0
1777924275.1307926,2026-05-04T21:51:15.130793,34.837,8346291662,2040,6251,43,100,0
1777924275.1452665,2026-05-04T21:51:15.145267,34.837,8346291662,2040,6251,43,100,0
1777924275.157872,2026-05-04T21:51:15.157872,35.723,8346291662,2040,6251,43,100,0
1777924275.1707091,2026-05-04T21:51:15.170709,35.723,8346291662,2040,6251,43,100,0
1777924275.1850905,2026-05-04T21:51:15.185091,35.723,8346295792,2040,6251,43,100,0
1777924275.1984675,2026-05-04T21:51:15.198467,35.723,8346295792,2040,6251,43,100,0
1777924275.2112873,2026-05-04T21:51:15.211287,35.723,8346295792,2040,6251,43,100,0
1777924275.225281,2026-05-04T21:51:15.225281,35.723,8346295792,2040,6251,43,100,0
1777924275.2376544,2026-05-04T21:51:15.237654,35.723,8346295792,2040,6251,43,100,0
1777924275.2503426,2026-05-04T21:51:15.250343,36.445,8346295792,2040,6251,43,100,3
1777924275.2650166,2026-05-04T21:51:15.265017,36.445,8346295792,2040,6251,43,100,3
1777924275.2773364,2026-05-04T21:51:15.277336,36.445,8346295792,2040,6251,43,100,3
1777924275.2898738,2026-05-04T21:51:15.289874,36.445,8346299237,2040,6251,43,100,3
1777924275.3056102,2026-05-04T21:51:15.305610,36.445,8346299237,2040,6251,43,100,3
1777924275.3180099,2026-05-04T21:51:15.318010,36.445,8346299237,2040,6251,43,100,3
1777924275.3306513,2026-05-04T21:51:15.330651,36.445,8346299237,2040,6251,43,100,3
1777924275.3453817,2026-05-04T21:51:15.345382,36.445,8346299237,2040,6251,43,100,3
1777924275.357727,2026-05-04T21:51:15.357727,36.014,8346299237,2040,6251,43,100,3
1777924275.3704724,2026-05-04T21:51:15.370472,36.014,8346299237,2040,6251,43,100,3
1777924275.385011,2026-05-04T21:51:15.385011,36.014,8346302372,2040,6251,43,100,3
1777924275.3983924,2026-05-04T21:51:15.398392,36.014,8346302372,2040,6251,43,100,3
1777924275.411206,2026-05-04T21:51:15.411206,36.014,8346302372,2040,6251,43,100,3
1777924275.4250998,2026-05-04T21:51:15.425100,36.014,8346302372,2040,6251,43,100,3
1777924275.4375334,2026-05-04T21:51:15.437533,36.014,8346302372,2040,6251,43,100,3
1777924275.450107,2026-05-04T21:51:15.450107,36.014,8346302372,2040,6251,43,100,0
1777924275.4648817,2026-05-04T21:51:15.464882,35.701,8346302372,2040,6251,43,100,0
1777924275.4772644,2026-05-04T21:51:15.477264,35.701,8346302372,2040,6251,43,100,0
1777924275.4899225,2026-05-04T21:51:15.489923,35.701,8346305491,2040,6251,43,100,0
1777924275.5053844,2026-05-04T21:51:15.505384,35.701,8346305491,2040,6251,43,100,0
1777924275.5177934,2026-05-04T21:51:15.517793,35.701,8346305491,2040,6251,43,100,0
1777924275.530454,2026-05-04T21:51:15.530454,35.701,8346305491,2040,6251,43,100,0
1777924275.5450714,2026-05-04T21:51:15.545071,35.701,8346305491,2040,6251,43,100,0
1777924275.557459,2026-05-04T21:51:15.557459,35.295,8346305491,2040,6251,43,100,0
1777924275.5702016,2026-05-04T21:51:15.570202,35.295,8346305491,2040,6251,43,100,0
1777924275.584962,2026-05-04T21:51:15.584962,35.295,8346308620,2040,6251,43,100,0
1777924275.5983403,2026-05-04T21:51:15.598340,35.295,8346308620,2040,6251,43,100,0
1777924275.6109715,2026-05-04T21:51:15.610971,35.295,8346308620,2040,6251,43,100,0
1777924275.6252847,2026-05-04T21:51:15.625285,35.295,8346308620,2040,6251,43,100,0
1777924275.6376338,2026-05-04T21:51:15.637634,35.295,8346308620,2040,6251,43,100,0
1777924275.6502936,2026-05-04T21:51:15.650294,34.921,8346308620,2040,6251,43,100,0
1777924275.6648161,2026-05-04T21:51:15.664816,34.921,8346308620,2040,6251,43,100,0
1777924275.6771157,2026-05-04T21:51:15.677116,34.921,8346308620,2040,6251,43,100,0
1777924275.6895664,2026-05-04T21:51:15.689566,34.921,8346311725,2040,6251,43,100,0
1777924275.7054315,2026-05-04T21:51:15.705431,34.921,8346311725,2040,6251,43,100,0
1777924275.717772,2026-05-04T21:51:15.717772,34.921,8346311725,2040,6251,43,100,0
1777924275.734303,2026-05-04T21:51:15.734303,34.921,8346311725,2040,6251,43,100,0
1777924275.7522068,2026-05-04T21:51:15.752207,34.921,8346311725,2040,6251,43,100,0
1777924275.7720468,2026-05-04T21:51:15.772047,34.576,8346311725,2040,6251,43,100,0
1777924275.7897215,2026-05-04T21:51:15.789721,34.576,8346315054,2040,6251,43,100,0
1777924275.808779,2026-05-04T21:51:15.808779,34.576,8346315054,2040,6251,43,100,0
1777924275.8272803,2026-05-04T21:51:15.827280,34.576,8346315054,2040,6251,43,100,0
1777924275.848849,2026-05-04T21:51:15.848849,34.576,8346315054,2040,6251,43,100,0
1777924275.8680315,2026-05-04T21:51:15.868032,34.549,8346315054,2040,6251,43,100,0
1777924275.88935,2026-05-04T21:51:15.889350,34.549,8346318565,2040,6251,43,100,0
1777924275.911103,2026-05-04T21:51:15.911103,34.549,8346318565,2040,6251,43,100,0
1777924275.9297254,2026-05-04T21:51:15.929725,34.549,8346318565,2040,6251,43,100,0
1777924275.9489985,2026-05-04T21:51:15.948998,34.549,8346318565,2040,6251,43,100,0
1777924275.9681766,2026-05-04T21:51:15.968177,34.541,8346318565,2040,6251,43,100,0
1777924275.9909098,2026-05-04T21:51:15.990910,34.541,8346322073,2040,6251,43,100,0
1777924276.0093493,2026-05-04T21:51:16.009349,34.541,8346322073,2040,6251,43,100,0
1777924276.0288913,2026-05-04T21:51:16.028891,34.541,8346322073,2040,6251,43,100,0
1777924276.0490117,2026-05-04T21:51:16.049012,34.541,8346322073,2040,6251,43,100,0
1777924276.0692267,2026-05-04T21:51:16.069227,34.558,8346322073,2040,6251,43,100,0
1777924276.088536,2026-05-04T21:51:16.088536,34.558,8346325589,2040,6251,43,100,0
1777924276.1089926,2026-05-04T21:51:16.108993,34.558,8346325589,2040,6251,43,100,0
1777924276.1288066,2026-05-04T21:51:16.128807,34.558,8346325589,2040,6251,43,100,0
1777924276.147434,2026-05-04T21:51:16.147434,34.558,8346325589,2040,6251,43,100,0
1777924276.1692958,2026-05-04T21:51:16.169296,34.488,8346325589,2040,6251,43,100,0
1777924276.1882472,2026-05-04T21:51:16.188247,34.488,8346329106,2040,6251,43,100,0
1777924276.2070663,2026-05-04T21:51:16.207066,34.488,8346329106,2040,6251,43,100,0
1777924276.2274508,2026-05-04T21:51:16.227451,34.488,8346329106,2040,6251,43,100,0
1777924276.248591,2026-05-04T21:51:16.248591,34.488,8346329106,2040,6251,43,100,0
1777924276.269015,2026-05-04T21:51:16.269015,33.969,8346329106,2040,6251,43,100,0
1777924276.2860293,2026-05-04T21:51:16.286029,33.969,8346332617,2040,6251,43,100,0
1777924276.3064222,2026-05-04T21:51:16.306422,33.969,8346332617,2040,6251,43,100,0
1777924276.3189352,2026-05-04T21:51:16.318935,33.969,8346332617,2040,6251,43,100,0
1777924276.3315268,2026-05-04T21:51:16.331527,33.969,8346332617,2040,6251,43,100,0
1777924276.34481,2026-05-04T21:51:16.344810,33.969,8346332617,2040,6251,43,100,0
1777924276.3574219,2026-05-04T21:51:16.357422,33.969,8346332617,2040,6251,43,100,0
1777924276.370109,2026-05-04T21:51:16.370109,33.426,8346332617,2040,6251,43,100,0
1777924276.3847406,2026-05-04T21:51:16.384741,33.426,8346336476,2040,6251,43,100,0
1777924276.3982143,2026-05-04T21:51:16.398214,33.426,8346336476,2040,6251,43,100,0
1777924276.4109554,2026-05-04T21:51:16.410955,33.426,8346336476,2040,6251,43,100,0
1777924276.4248602,2026-05-04T21:51:16.424860,33.426,8346336476,2040,6251,43,100,0
1777924276.4373536,2026-05-04T21:51:16.437354,33.426,8346336476,2040,6251,43,100,0
1777924276.4501224,2026-05-04T21:51:16.450122,33.426,8346336476,2040,6251,43,100,0
1777924276.464916,2026-05-04T21:51:16.464916,34.306,8346336476,2040,6251,44,100,2
1777924276.4773316,2026-05-04T21:51:16.477332,34.306,8346336476,2040,6251,44,100,2
1777924276.4900043,2026-05-04T21:51:16.490004,34.306,8346340224,2040,6251,44,100,2
1777924276.5074716,2026-05-04T21:51:16.507472,34.306,8346340224,2040,6251,44,100,2
1777924276.519831,2026-05-04T21:51:16.519831,34.306,8346340224,2040,6251,44,100,2
1777924276.5323465,2026-05-04T21:51:16.532346,34.306,8346340224,2040,6251,44,100,2
1777924276.5449352,2026-05-04T21:51:16.544935,34.306,8346340224,2040,6251,44,100,2
1777924276.5573716,2026-05-04T21:51:16.557372,34.306,8346340224,2040,6251,44,100,2
1777924276.5699413,2026-05-04T21:51:16.569941,34.337,8346340224,2040,6251,43,100,2
1777924276.5846446,2026-05-04T21:51:16.584645,34.337,8346343355,2040,6251,43,100,2
1777924276.5979984,2026-05-04T21:51:16.597998,34.337,8346343355,2040,6251,43,100,2
1777924276.6105864,2026-05-04T21:51:16.610586,34.337,8346343355,2040,6251,43,100,2
1777924276.624697,2026-05-04T21:51:16.624697,34.337,8346343355,2040,6251,43,100,2
1777924276.6370335,2026-05-04T21:51:16.637033,34.337,8346343355,2040,6251,43,100,2
1777924276.649737,2026-05-04T21:51:16.649737,34.337,8346343355,2040,6251,43,100,2
1777924276.66458,2026-05-04T21:51:16.664580,34.348,8346343355,2040,6251,43,100,0
1777924276.6769795,2026-05-04T21:51:16.676980,34.348,8346343355,2040,6251,43,100,0
1777924276.689611,2026-05-04T21:51:16.689611,34.348,8346346472,2040,6251,43,100,0
1777924276.7072654,2026-05-04T21:51:16.707265,34.348,8346346472,2040,6251,43,100,0
1777924276.7196074,2026-05-04T21:51:16.719607,34.348,8346346472,2040,6251,43,100,0
1777924276.7321064,2026-05-04T21:51:16.732106,34.348,8346346472,2040,6251,43,100,0
1777924276.7447922,2026-05-04T21:51:16.744792,34.348,8346346472,2040,6251,43,100,0
1777924276.7570348,2026-05-04T21:51:16.757035,34.348,8346346472,2040,6251,43,100,0
1777924276.7756436,2026-05-04T21:51:16.775644,34.337,8346346472,2040,6251,43,100,0
1777924276.7941608,2026-05-04T21:51:16.794161,34.337,8346349678,2040,6251,43,100,0
1777924276.8129652,2026-05-04T21:51:16.812965,34.337,8346349678,2040,6251,43,100,0
1777924276.830546,2026-05-04T21:51:16.830546,34.337,8346349678,2040,6251,43,100,0
1777924276.8484678,2026-05-04T21:51:16.848468,34.337,8346349678,2040,6251,43,100,0
1777924276.8674033,2026-05-04T21:51:16.867403,34.671,8346349678,2040,6251,43,100,0
1777924276.886861,2026-05-04T21:51:16.886861,34.671,8346353183,2040,6251,43,100,0
1777924276.9119897,2026-05-04T21:51:16.911990,34.671,8346353183,2040,6251,43,100,0
1777924276.9296856,2026-05-04T21:51:16.929686,34.671,8346353183,2040,6251,43,100,0
1777924276.949476,2026-05-04T21:51:16.949476,34.671,8346353183,2040,6251,43,100,0
1777924276.9654522,2026-05-04T21:51:16.965452,34.671,8346353183,2040,6251,43,100,0
1777924276.986847,2026-05-04T21:51:16.986847,34.697,8346356699,2040,6251,43,100,0
1777924277.0063605,2026-05-04T21:51:17.006361,34.697,8346356699,2040,6251,43,100,0
1777924277.0296717,2026-05-04T21:51:17.029672,34.697,8346356699,2040,6251,43,100,0
1777924277.047786,2026-05-04T21:51:17.047786,34.697,8346356699,2040,6251,43,100,0
1777924277.0668108,2026-05-04T21:51:17.066811,34.708,8346356699,2040,6251,43,100,0
1777924277.0794508,2026-05-04T21:51:17.079451,34.708,8346356699,2040,6251,43,100,0
1777924277.0924222,2026-05-04T21:51:17.092422,34.708,8346360278,2040,6251,43,100,0
1777924277.1050622,2026-05-04T21:51:17.105062,34.708,8346360278,2040,6251,43,100,0
1777924277.117658,2026-05-04T21:51:17.117658,34.708,8346360278,2040,6251,43,100,0
1777924277.130461,2026-05-04T21:51:17.130461,34.708,8346360278,2040,6251,43,100,0
1777924277.1445124,2026-05-04T21:51:17.144512,34.708,8346360278,2040,6251,43,100,0
1777924277.1569436,2026-05-04T21:51:17.156944,34.708,8346360278,2040,6251,43,100,0
1777924277.1696715,2026-05-04T21:51:17.169672,35.019,8346360278,2040,6251,43,100,0
1777924277.1843634,2026-05-04T21:51:17.184363,35.019,8346360278,2040,6251,43,100,0
1777924277.196653,2026-05-04T21:51:17.196653,35.019,8346363951,2040,6251,43,100,0
1777924277.209251,2026-05-04T21:51:17.209251,35.019,8346363951,2040,6251,43,100,0
1777924277.2245247,2026-05-04T21:51:17.224525,35.019,8346363951,2040,6251,43,100,0
1777924277.2367973,2026-05-04T21:51:17.236797,35.019,8346363951,2040,6251,43,100,0
1777924277.2494075,2026-05-04T21:51:17.249408,35.019,8346363951,2040,6251,43,100,0
1777924277.264342,2026-05-04T21:51:17.264342,35.019,8346363951,2040,6251,43,100,0
1777924277.2766466,2026-05-04T21:51:17.276647,34.62,8346363951,2040,6251,43,100,1
1777924277.2891552,2026-05-04T21:51:17.289155,34.62,8346367009,2040,6251,43,100,1
1777924277.3114643,2026-05-04T21:51:17.311464,34.62,8346367009,2040,6251,43,100,1
1777924277.3313274,2026-05-04T21:51:17.331327,34.62,8346367009,2040,6251,43,100,1
1777924277.3518994,2026-05-04T21:51:17.351899,34.62,8346367009,2040,6251,43,100,1
1777924277.3727293,2026-05-04T21:51:17.372729,34.267,8346367009,2040,6251,43,100,1
1777924277.3938339,2026-05-04T21:51:17.393834,34.267,8346370468,2040,6251,43,100,1
1777924277.4138663,2026-05-04T21:51:17.413866,34.267,8346370468,2040,6251,43,100,1
1777924277.4265292,2026-05-04T21:51:17.426529,34.267,8346370468,2040,6251,43,100,1
1777924277.4389615,2026-05-04T21:51:17.438962,34.267,8346370468,2040,6251,43,100,1
1777924277.4515078,2026-05-04T21:51:17.451508,34.267,8346370468,2040,6251,43,100,1
1777924277.4642797,2026-05-04T21:51:17.464280,34.267,8346370468,2040,6251,43,100,1
1777924277.4765394,2026-05-04T21:51:17.476539,34.275,8346370468,2040,6251,43,100,0
1777924277.4892075,2026-05-04T21:51:17.489208,34.275,8346373944,2040,6251,43,100,0
1777924277.5070086,2026-05-04T21:51:17.507009,34.275,8346373944,2040,6251,43,100,0
1777924277.5267994,2026-05-04T21:51:17.526799,34.275,8346373944,2040,6251,43,100,0
1777924277.5392632,2026-05-04T21:51:17.539263,34.275,8346373944,2040,6251,43,100,0
1777924277.5518765,2026-05-04T21:51:17.551877,34.275,8346373944,2040,6251,43,100,0
1777924277.564598,2026-05-04T21:51:17.564598,34.275,8346373944,2040,6251,43,100,0
1777924277.577188,2026-05-04T21:51:17.577188,33.359,8346373944,2040,6251,43,100,0
1777924277.5899522,2026-05-04T21:51:17.589952,33.359,8346377066,2040,6251,43,100,0
1777924277.6044729,2026-05-04T21:51:17.604473,33.359,8346377066,2040,6251,43,100,0
1777924277.6170335,2026-05-04T21:51:17.617033,33.359,8346377066,2040,6251,43,100,0
1777924277.6297853,2026-05-04T21:51:17.629785,33.359,8346377066,2040,6251,43,100,0
1777924277.6444547,2026-05-04T21:51:17.644455,33.359,8346377066,2040,6251,43,100,0
1777924277.6570394,2026-05-04T21:51:17.657039,33.359,8346377066,2040,6251,43,100,0
1777924277.6698089,2026-05-04T21:51:17.669809,33.114,8346377066,2040,6251,42,49,1
1777924277.6843638,2026-05-04T21:51:17.684364,33.114,8346379953,2040,6251,42,49,1
1777924277.6977475,2026-05-04T21:51:17.697747,33.114,8346379953,2040,6251,42,49,1
1777924277.710476,2026-05-04T21:51:17.710476,33.114,8346379953,2040,6251,42,49,1
1777924277.7247758,2026-05-04T21:51:17.724776,33.114,8346379953,2040,6251,42,49,1
1777924277.7373245,2026-05-04T21:51:17.737324,33.114,8346379953,2040,6251,42,49,1
1777924277.7500966,2026-05-04T21:51:17.750097,33.114,8346379953,2040,6251,42,49,1
1777924277.7643478,2026-05-04T21:51:17.764348,33.114,8346379953,2040,6251,42,49,1
1777924277.7768915,2026-05-04T21:51:17.776891,33.094,8346379953,2040,6251,42,49,1
1777924277.7897441,2026-05-04T21:51:17.789744,33.094,8346382834,2040,6251,42,49,1
1777924277.8044572,2026-05-04T21:51:17.804457,33.094,8346382834,2040,6251,42,49,1
1777924277.8170145,2026-05-04T21:51:17.817014,33.094,8346382834,2040,6251,42,49,1
1777924277.8298006,2026-05-04T21:51:17.829801,33.094,8346382834,2040,6251,42,49,1
1777924277.8444622,2026-05-04T21:51:17.844462,33.094,8346382834,2040,6251,42,49,1
1777924277.8570943,2026-05-04T21:51:17.857094,33.094,8346382834,2040,6251,42,49,1
1777924277.869855,2026-05-04T21:51:17.869855,32.715,8346382834,2040,6251,42,13,2
1777924277.8842278,2026-05-04T21:51:17.884228,32.715,8346385721,2040,6251,42,13,2
1777924277.8976595,2026-05-04T21:51:17.897660,32.715,8346385721,2040,6251,42,13,2
1777924277.9103994,2026-05-04T21:51:17.910399,32.715,8346385721,2040,6251,42,13,2
1777924277.924348,2026-05-04T21:51:17.924348,32.715,8346385721,2040,6251,42,13,2
1777924277.9368849,2026-05-04T21:51:17.936885,32.715,8346385721,2040,6251,42,13,2
1777924277.9496176,2026-05-04T21:51:17.949618,32.715,8346385721,2040,6251,42,13,2
1777924277.9642012,2026-05-04T21:51:17.964201,32.715,8346385721,2040,6251,42,13,2
1777924277.9766576,2026-05-04T21:51:17.976658,31.904,8346385721,2040,6251,42,13,2
1777924277.9893887,2026-05-04T21:51:17.989389,31.904,8346388596,2040,6251,42,13,2
1777924278.004568,2026-05-04T21:51:18.004568,31.904,8346388596,2040,6251,42,13,2
1777924278.0170052,2026-05-04T21:51:18.017005,31.904,8346388596,2040,6251,42,13,2
1777924278.0296516,2026-05-04T21:51:18.029652,31.904,8346388596,2040,6251,42,13,2
1777924278.044267,2026-05-04T21:51:18.044267,31.904,8346388596,2040,6251,42,13,2
1777924278.0576901,2026-05-04T21:51:18.057690,31.904,8346388596,2040,6251,42,13,2
1777924278.0739667,2026-05-04T21:51:18.073967,31.623,8346388596,2040,6251,42,13,2
1777924278.095951,2026-05-04T21:51:18.095951,31.623,8346391704,2040,6251,42,13,2
1777924278.1150372,2026-05-04T21:51:18.115037,31.623,8346391704,2040,6251,42,13,2
1777924278.1330342,2026-05-04T21:51:18.133034,31.623,8346391704,2040,6251,42,13,2
1777924278.150495,2026-05-04T21:51:18.150495,31.623,8346391704,2040,6251,42,13,2
1777924278.1702175,2026-05-04T21:51:18.170218,31.588,8346391704,2040,6251,43,13,2
1777924278.1884654,2026-05-04T21:51:18.188465,31.588,8346395211,2040,6251,43,13,2
1777924278.2078047,2026-05-04T21:51:18.207805,31.588,8346395211,2040,6251,43,13,2
1777924278.227772,2026-05-04T21:51:18.227772,31.588,8346395211,2040,6251,43,13,2
1777924278.2471514,2026-05-04T21:51:18.247151,31.588,8346395211,2040,6251,43,13,2
1777924278.2659872,2026-05-04T21:51:18.265987,31.588,8346395211,2040,6251,43,13,2
1777924278.288096,2026-05-04T21:51:18.288096,31.277,8346398725,2040,6251,43,100,0
1777924278.3114371,2026-05-04T21:51:18.311437,31.277,8346398725,2040,6251,43,100,0
1777924278.3305979,2026-05-04T21:51:18.330598,31.277,8346398725,2040,6251,43,100,0
1777924278.3482387,2026-05-04T21:51:18.348239,31.277,8346398725,2040,6251,43,100,0
1777924278.3666155,2026-05-04T21:51:18.366616,31.277,8346398725,2040,6251,43,100,0
1777924278.3880122,2026-05-04T21:51:18.388012,31.623,8346402239,2040,6251,43,100,0
1777924278.4066715,2026-05-04T21:51:18.406672,31.623,8346402239,2040,6251,43,100,0
1777924278.4274058,2026-05-04T21:51:18.427406,31.623,8346402239,2040,6251,43,100,0
1777924278.446152,2026-05-04T21:51:18.446152,31.623,8346402239,2040,6251,43,100,0
1777924278.4671366,2026-05-04T21:51:18.467137,31.623,8346402239,2040,6251,43,100,0
1777924278.4874303,2026-05-04T21:51:18.487430,32.029,8346405750,2040,6251,43,100,0
1777924278.5097566,2026-05-04T21:51:18.509757,32.029,8346405750,2040,6251,43,100,0
1777924278.528777,2026-05-04T21:51:18.528777,32.029,8346405750,2040,6251,43,100,0
1777924278.5458632,2026-05-04T21:51:18.545863,32.029,8346405750,2040,6251,43,100,0
1777924278.5676165,2026-05-04T21:51:18.567616,32.029,8346405750,2040,6251,43,100,0
1777924278.5869012,2026-05-04T21:51:18.586901,32.021,8346409263,2040,6251,43,100,0
1777924278.6083016,2026-05-04T21:51:18.608302,32.021,8346409263,2040,6251,43,100,0
1777924278.628274,2026-05-04T21:51:18.628274,32.021,8346409263,2040,6251,43,100,0
1777924278.6471915,2026-05-04T21:51:18.647192,32.021,8346409263,2040,6251,43,100,0
1777924278.6662295,2026-05-04T21:51:18.666229,32.021,8346409263,2040,6251,43,100,0
1777924278.682264,2026-05-04T21:51:18.682264,32.377,8346412780,2040,6251,43,100,0
1777924278.7106044,2026-05-04T21:51:18.710604,32.377,8346412780,2040,6251,43,100,0
1777924278.7302365,2026-05-04T21:51:18.730237,32.377,8346412780,2040,6251,43,100,0
1777924278.7496173,2026-05-04T21:51:18.749617,32.377,8346412780,2040,6251,43,100,0
1777924278.768549,2026-05-04T21:51:18.768549,32.377,8346412780,2040,6251,43,100,0
1777924278.7871404,2026-05-04T21:51:18.787140,32.949,8346416292,2040,6251,43,100,0
1777924278.8093235,2026-05-04T21:51:18.809324,32.949,8346416292,2040,6251,43,100,0
1777924278.8292174,2026-05-04T21:51:18.829217,32.949,8346416292,2040,6251,43,100,0
1777924278.8481948,2026-05-04T21:51:18.848195,32.949,8346416292,2040,6251,43,100,0
1777924278.8681655,2026-05-04T21:51:18.868165,32.949,8346416292,2040,6251,43,100,0
1777924278.8882742,2026-05-04T21:51:18.888274,33.5,8346419812,2040,6251,43,100,0
1777924278.9114609,2026-05-04T21:51:18.911461,33.5,8346419812,2040,6251,43,100,0
1777924278.9312685,2026-05-04T21:51:18.931268,33.5,8346419812,2040,6251,43,100,0
1777924278.9499357,2026-05-04T21:51:18.949936,33.5,8346419812,2040,6251,43,100,0
1777924278.9668472,2026-05-04T21:51:18.966847,33.5,8346419812,2040,6251,43,100,0
1777924278.9891338,2026-05-04T21:51:18.989134,34.078,8346423332,2040,6251,43,100,0
1777924279.0075076,2026-05-04T21:51:19.007508,34.078,8346423332,2040,6251,43,100,0
1777924279.0274253,2026-05-04T21:51:19.027425,34.078,8346423332,2040,6251,43,100,0
1777924279.0478592,2026-05-04T21:51:19.047859,34.078,8346423332,2040,6251,43,100,0
1777924279.0666263,2026-05-04T21:51:19.066626,34.078,8346423332,2040,6251,43,100,0
1777924279.086973,2026-05-04T21:51:19.086973,34.628,8346426849,2040,6251,43,100,0
1777924279.1109765,2026-05-04T21:51:19.110976,34.628,8346426849,2040,6251,43,100,0
1777924279.1291034,2026-05-04T21:51:19.129103,34.628,8346426849,2040,6251,43,100,0
1777924279.1482716,2026-05-04T21:51:19.148272,34.628,8346426849,2040,6251,43,100,0
1777924279.1654851,2026-05-04T21:51:19.165485,34.628,8346426849,2040,6251,43,100,0
1777924279.1867192,2026-05-04T21:51:19.186719,35.204,8346430365,2040,6251,43,100,0
1777924279.2083616,2026-05-04T21:51:19.208362,35.204,8346430365,2040,6251,43,100,0
1777924279.2281594,2026-05-04T21:51:19.228159,35.204,8346430365,2040,6251,43,100,0
1777924279.2464716,2026-05-04T21:51:19.246472,35.204,8346430365,2040,6251,43,100,0
1777924279.2694826,2026-05-04T21:51:19.269483,35.204,8346430365,2040,6251,43,100,0
1777924279.2900288,2026-05-04T21:51:19.290029,35.229,8346433878,2040,6251,43,100,0
1777924279.3078358,2026-05-04T21:51:19.307836,35.229,8346433878,2040,6251,43,100,0
1777924279.3275108,2026-05-04T21:51:19.327511,35.229,8346433878,2040,6251,43,100,0
1777924279.345458,2026-05-04T21:51:19.345458,35.229,8346433878,2040,6251,43,100,0
1777924279.368253,2026-05-04T21:51:19.368253,35.229,8346433878,2040,6251,43,100,0
1777924279.3863516,2026-05-04T21:51:19.386352,35.229,8346437389,2040,6251,43,100,0
1777924279.4078972,2026-05-04T21:51:19.407897,35.229,8346437389,2040,6251,43,100,0
1777924279.4283965,2026-05-04T21:51:19.428396,35.229,8346437389,2040,6251,43,100,0
1777924279.4477916,2026-05-04T21:51:19.447792,35.229,8346437389,2040,6251,43,100,0
1777924279.4659388,2026-05-04T21:51:19.465939,35.229,8346437389,2040,6251,43,100,0
1777924279.4815636,2026-05-04T21:51:19.481564,35.229,8346440907,2040,6251,43,100,0
1777924279.4992056,2026-05-04T21:51:19.499206,35.229,8346440907,2040,6251,43,100,0
1777924279.516899,2026-05-04T21:51:19.516899,35.229,8346440907,2040,6251,43,100,0
1777924279.5369866,2026-05-04T21:51:19.536987,35.229,8346440907,2040,6251,43,100,0
1777924279.5573585,2026-05-04T21:51:19.557359,35.229,8346440907,2040,6251,43,100,0
1777924279.5773923,2026-05-04T21:51:19.577392,35.229,8346440907,2040,6251,43,100,0
1777924279.5948706,2026-05-04T21:51:19.594871,35.233,8346444416,2040,6251,43,100,0
1777924279.6167653,2026-05-04T21:51:19.616765,35.233,8346444416,2040,6251,43,100,0
1777924279.6350951,2026-05-04T21:51:19.635095,35.233,8346444416,2040,6251,43,100,0
1777924279.656851,2026-05-04T21:51:19.656851,35.233,8346444416,2040,6251,43,100,0
1777924279.6762655,2026-05-04T21:51:19.676265,35.233,8346444416,2040,6251,43,100,0
1777924279.696167,2026-05-04T21:51:19.696167,35.238,8346447931,2040,6251,43,100,0
1777924279.716733,2026-05-04T21:51:19.716733,35.238,8346447931,2040,6251,43,100,0
1777924279.7373018,2026-05-04T21:51:19.737302,35.238,8346447931,2040,6251,43,100,0
1777924279.7541234,2026-05-04T21:51:19.754123,35.238,8346447931,2040,6251,43,100,0
1777924279.7718654,2026-05-04T21:51:19.771865,35.238,8346447931,2040,6251,43,100,0
1777924279.7885325,2026-05-04T21:51:19.788532,35.229,8346451448,2040,6251,43,100,0
1777924279.8092694,2026-05-04T21:51:19.809269,35.229,8346451448,2040,6251,43,100,0
1777924279.8272853,2026-05-04T21:51:19.827285,35.229,8346451448,2040,6251,43,100,0
1777924279.8485222,2026-05-04T21:51:19.848522,35.229,8346451448,2040,6251,43,100,0
1777924279.867091,2026-05-04T21:51:19.867091,35.229,8346451448,2040,6251,43,100,0
1777924279.8869016,2026-05-04T21:51:19.886902,35.229,8346454964,2040,6251,43,100,0
1777924279.9077165,2026-05-04T21:51:19.907717,35.227,8346454964,2040,6251,43,100,0
1777924279.9267535,2026-05-04T21:51:19.926754,35.227,8346454964,2040,6251,43,100,0
1777924279.9456453,2026-05-04T21:51:19.945645,35.227,8346454964,2040,6251,43,100,0
1777924279.9628022,2026-05-04T21:51:19.962802,35.227,8346454964,2040,6251,43,100,0
1777924279.9817,2026-05-04T21:51:19.981700,35.227,8346458486,2040,6251,43,100,0
1777924280.000867,2026-05-04T21:51:20.000867,35.229,8346458486,2040,6251,43,100,0
1777924280.0209696,2026-05-04T21:51:20.020970,35.229,8346458486,2040,6251,43,100,0
1777924280.040471,2026-05-04T21:51:20.040471,35.229,8346458486,2040,6251,43,100,0
1777924280.0598962,2026-05-04T21:51:20.059896,35.229,8346458486,2040,6251,43,100,0
1777924280.0794752,2026-05-04T21:51:20.079475,35.229,8346458486,2040,6251,43,100,0
1777924280.0993447,2026-05-04T21:51:20.099345,35.224,8346462037,2040,6251,43,100,0
1777924280.1185868,2026-05-04T21:51:20.118587,35.224,8346462037,2040,6251,43,100,0
1777924280.133887,2026-05-04T21:51:20.133887,35.224,8346462037,2040,6251,43,100,0
1777924280.1522076,2026-05-04T21:51:20.152208,35.224,8346462037,2040,6251,43,100,0
1777924280.1711228,2026-05-04T21:51:20.171123,35.224,8346462037,2040,6251,43,100,0
1777924280.1889336,2026-05-04T21:51:20.188934,35.224,8346465502,2040,6251,43,100,0
1777924280.2076197,2026-05-04T21:51:20.207620,35.22,8346465502,2040,6251,43,100,0
1777924280.2282927,2026-05-04T21:51:20.228293,35.22,8346465502,2040,6251,43,100,0
1777924280.2477858,2026-05-04T21:51:20.247786,35.22,8346465502,2040,6251,43,100,0
1777924280.268023,2026-05-04T21:51:20.268023,35.22,8346465502,2040,6251,43,100,0
1777924280.2861485,2026-05-04T21:51:20.286149,35.22,8346469015,2040,6251,43,100,0
1777924280.3112597,2026-05-04T21:51:20.311260,35.22,8346469015,2040,6251,43,100,0
1777924280.3292832,2026-05-04T21:51:20.329283,35.22,8346469015,2040,6251,43,100,0
1777924280.3493588,2026-05-04T21:51:20.349359,35.22,8346469015,2040,6251,43,100,0
1777924280.367641,2026-05-04T21:51:20.367641,35.22,8346469015,2040,6251,43,100,0
1777924280.387957,2026-05-04T21:51:20.387957,35.22,8346472531,2040,6251,43,100,0
1777924280.4052403,2026-05-04T21:51:20.405240,35.22,8346472531,2040,6251,43,100,0
1777924280.4256465,2026-05-04T21:51:20.425647,35.22,8346472531,2040,6251,43,100,0
1777924280.4474704,2026-05-04T21:51:20.447470,35.22,8346472531,2040,6251,43,100,0
1777924280.4661005,2026-05-04T21:51:20.466100,35.22,8346472531,2040,6251,43,100,0
1777924280.4880912,2026-05-04T21:51:20.488091,35.22,8346476046,2040,6251,43,100,0
1777924280.5097957,2026-05-04T21:51:20.509796,35.22,8346476046,2040,6251,43,100,0
1777924280.5249023,2026-05-04T21:51:20.524902,35.22,8346476046,2040,6251,43,100,0
1777924280.5374446,2026-05-04T21:51:20.537445,35.22,8346476046,2040,6251,43,100,0
1777924280.550273,2026-05-04T21:51:20.550273,35.22,8346476046,2040,6251,43,100,0
1777924280.5635154,2026-05-04T21:51:20.563515,35.22,8346476046,2040,6251,43,100,0
1777924280.5760555,2026-05-04T21:51:20.576056,35.22,8346476046,2040,6251,43,100,0
1777924280.5887694,2026-05-04T21:51:20.588769,35.22,8346479795,2040,6251,43,100,0
1777924280.6036885,2026-05-04T21:51:20.603688,35.584,8346479795,2040,6251,43,100,0
1777924280.6162043,2026-05-04T21:51:20.616204,35.584,8346479795,2040,6251,43,100,0
1777924280.6289792,2026-05-04T21:51:20.628979,35.584,8346479795,2040,6251,43,100,0
1777924280.6435125,2026-05-04T21:51:20.643512,35.584,8346479795,2040,6251,43,100,0
1777924280.6560326,2026-05-04T21:51:20.656033,35.584,8346479795,2040,6251,43,100,0
1777924280.6688187,2026-05-04T21:51:20.668819,35.584,8346479795,2040,6251,43,100,0
1777924280.683426,2026-05-04T21:51:20.683426,35.584,8346483772,2040,6251,43,100,0
1777924280.6967745,2026-05-04T21:51:20.696774,35.584,8346483772,2040,6251,43,100,0
1777924280.7095628,2026-05-04T21:51:20.709563,36.236,8346483772,2040,6251,44,100,2
1777924280.7235186,2026-05-04T21:51:20.723519,36.236,8346483772,2040,6251,44,100,2
1777924280.735977,2026-05-04T21:51:20.735977,36.236,8346483772,2040,6251,44,100,2
1777924280.7487445,2026-05-04T21:51:20.748744,36.236,8346483772,2040,6251,44,100,2
1777924280.763296,2026-05-04T21:51:20.763296,36.236,8346483772,2040,6251,44,100,2
1777924280.7758985,2026-05-04T21:51:20.775898,36.236,8346483772,2040,6251,44,100,2
1777924280.788605,2026-05-04T21:51:20.788605,36.236,8346487935,2040,6251,44,100,2
1777924280.803752,2026-05-04T21:51:20.803752,36.746,8346487935,2040,6251,44,100,2
1777924280.8164058,2026-05-04T21:51:20.816406,36.746,8346487935,2040,6251,44,100,2
1777924280.8290737,2026-05-04T21:51:20.829074,36.746,8346487935,2040,6251,44,100,2
1777924280.8435025,2026-05-04T21:51:20.843503,36.746,8346487935,2040,6251,44,100,2
1777924280.8561401,2026-05-04T21:51:20.856140,36.746,8346487935,2040,6251,44,100,2
1777924280.86893,2026-05-04T21:51:20.868930,36.746,8346487935,2040,6251,44,100,2
1777924280.8832843,2026-05-04T21:51:20.883284,36.746,8346492101,2040,6251,44,100,2
1777924280.8967626,2026-05-04T21:51:20.896763,36.746,8346492101,2040,6251,44,100,2
1777924280.909504,2026-05-04T21:51:20.909504,37.581,8346492101,2040,6251,44,100,3
1777924280.9234207,2026-05-04T21:51:20.923421,37.581,8346492101,2040,6251,44,100,3
1777924280.936089,2026-05-04T21:51:20.936089,37.581,8346492101,2040,6251,44,100,3
1777924280.948785,2026-05-04T21:51:20.948785,37.581,8346492101,2040,6251,44,100,3
1777924280.963309,2026-05-04T21:51:20.963309,37.581,8346492101,2040,6251,44,100,3
1777924280.9759908,2026-05-04T21:51:20.975991,37.581,8346492101,2040,6251,44,100,3
1777924280.9887238,2026-05-04T21:51:20.988724,37.581,8346496264,2040,6251,44,100,3
1777924281.0035117,2026-05-04T21:51:21.003512,37.929,8346496264,2040,6251,44,100,3
1777924281.0162318,2026-05-04T21:51:21.016232,37.929,8346496264,2040,6251,44,100,3
1777924281.028959,2026-05-04T21:51:21.028959,37.929,8346496264,2040,6251,44,100,3
1777924281.043384,2026-05-04T21:51:21.043384,37.929,8346496264,2040,6251,44,100,3
1777924281.0560062,2026-05-04T21:51:21.056006,37.929,8346496264,2040,6251,44,100,3
1777924281.0689085,2026-05-04T21:51:21.068908,37.929,8346496264,2040,6251,44,100,3
1777924281.0835464,2026-05-04T21:51:21.083546,37.929,8346500422,2040,6251,44,100,3
1777924281.096665,2026-05-04T21:51:21.096665,37.929,8346500422,2040,6251,44,100,3
1777924281.1094272,2026-05-04T21:51:21.109427,38.526,8346500422,2040,6251,44,100,3
1777924281.1232986,2026-05-04T21:51:21.123299,38.526,8346500422,2040,6251,44,100,3
1777924281.1357448,2026-05-04T21:51:21.135745,38.526,8346500422,2040,6251,44,100,3
1777924281.1483765,2026-05-04T21:51:21.148376,38.526,8346500422,2040,6251,44,100,3
1777924281.1631176,2026-05-04T21:51:21.163118,38.526,8346500422,2040,6251,44,100,3
1777924281.1755078,2026-05-04T21:51:21.175508,38.526,8346500422,2040,6251,44,100,3
1777924281.1882184,2026-05-04T21:51:21.188218,38.526,8346504041,2040,6251,44,100,3
1777924281.2033439,2026-05-04T21:51:21.203344,38.204,8346504041,2040,6251,44,100,3
1777924281.2157648,2026-05-04T21:51:21.215765,38.204,8346504041,2040,6251,44,100,3
1777924281.228441,2026-05-04T21:51:21.228441,38.204,8346504041,2040,6251,44,100,3
1777924281.243236,2026-05-04T21:51:21.243236,38.204,8346504041,2040,6251,44,100,3
1777924281.255621,2026-05-04T21:51:21.255621,38.204,8346504041,2040,6251,44,100,3
1777924281.2683084,2026-05-04T21:51:21.268308,38.204,8346504041,2040,6251,44,100,3
1777924281.2831738,2026-05-04T21:51:21.283174,38.204,8346507171,2040,6251,44,100,3
1777924281.2965622,2026-05-04T21:51:21.296562,38.204,8346507171,2040,6251,44,100,3
1777924281.3092046,2026-05-04T21:51:21.309205,38.125,8346507171,2040,6251,43,100,0
1777924281.3233793,2026-05-04T21:51:21.323379,38.125,8346507171,2040,6251,43,100,0
1777924281.335863,2026-05-04T21:51:21.335863,38.125,8346507171,2040,6251,43,100,0
1777924281.3483782,2026-05-04T21:51:21.348378,38.125,8346507171,2040,6251,43,100,0
1777924281.3633966,2026-05-04T21:51:21.363397,38.125,8346507171,2040,6251,43,100,0
1777924281.3757915,2026-05-04T21:51:21.375792,38.125,8346507171,2040,6251,43,100,0
1777924281.388383,2026-05-04T21:51:21.388383,38.125,8346510302,2040,6251,43,100,0
1777924281.4032667,2026-05-04T21:51:21.403267,37.525,8346510302,2040,6251,43,100,0
1777924281.415846,2026-05-04T21:51:21.415846,37.525,8346510302,2040,6251,43,100,0
1777924281.4285269,2026-05-04T21:51:21.428527,37.525,8346510302,2040,6251,43,100,0
1777924281.4431229,2026-05-04T21:51:21.443123,37.525,8346510302,2040,6251,43,100,0
1777924281.4556448,2026-05-04T21:51:21.455645,37.525,8346510302,2040,6251,43,100,0
1777924281.4682937,2026-05-04T21:51:21.468294,37.525,8346510302,2040,6251,43,100,0
1777924281.4831338,2026-05-04T21:51:21.483134,37.525,8346513435,2040,6251,43,100,0
1777924281.4965062,2026-05-04T21:51:21.496506,37.525,8346513435,2040,6251,43,100,0
1777924281.5092711,2026-05-04T21:51:21.509271,37.364,8346513435,2040,6251,43,100,0
1777924281.5231428,2026-05-04T21:51:21.523143,37.364,8346513435,2040,6251,43,100,0
1777924281.5355039,2026-05-04T21:51:21.535504,37.364,8346513435,2040,6251,43,100,0
1777924281.5482442,2026-05-04T21:51:21.548244,37.364,8346513435,2040,6251,43,100,0
1777924281.5630987,2026-05-04T21:51:21.563099,37.364,8346513435,2040,6251,43,100,0
1777924281.5755446,2026-05-04T21:51:21.575545,37.364,8346513435,2040,6251,43,100,0
1777924281.5881197,2026-05-04T21:51:21.588120,37.364,8346516558,2040,6251,43,100,0
1777924281.6031988,2026-05-04T21:51:21.603199,36.806,8346516558,2040,6251,43,100,0
1777924281.615638,2026-05-04T21:51:21.615638,36.806,8346516558,2040,6251,43,100,0
1777924281.6282225,2026-05-04T21:51:21.628222,36.806,8346516558,2040,6251,43,100,0
1777924281.6434188,2026-05-04T21:51:21.643419,36.806,8346516558,2040,6251,43,100,0
1777924281.6557193,2026-05-04T21:51:21.655719,36.806,8346516558,2040,6251,43,100,0
1777924281.6683013,2026-05-04T21:51:21.668301,36.806,8346516558,2040,6251,43,100,0
1777924281.683232,2026-05-04T21:51:21.683232,36.806,8346519676,2040,6251,43,100,0
1777924281.6964524,2026-05-04T21:51:21.696452,36.806,8346519676,2040,6251,43,100,0
1777924281.7092423,2026-05-04T21:51:21.709242,36.092,8346519676,2040,6251,43,100,0
1777924281.7232027,2026-05-04T21:51:21.723203,36.092,8346519676,2040,6251,43,100,0
1777924281.735625,2026-05-04T21:51:21.735625,36.092,8346519676,2040,6251,43,100,0
1777924281.7482302,2026-05-04T21:51:21.748230,36.092,8346519676,2040,6251,43,100,0
1777924281.7630665,2026-05-04T21:51:21.763067,36.092,8346519676,2040,6251,43,100,0
1777924281.7754526,2026-05-04T21:51:21.775453,36.092,8346519676,2040,6251,43,100,0
1777924281.788029,2026-05-04T21:51:21.788029,36.092,8346522800,2040,6251,43,100,0
1777924281.8032675,2026-05-04T21:51:21.803267,35.185,8346522800,2040,6251,43,100,0
1777924281.8157365,2026-05-04T21:51:21.815737,35.185,8346522800,2040,6251,43,100,0
1777924281.8283398,2026-05-04T21:51:21.828340,35.185,8346522800,2040,6251,43,100,0
1777924281.843133,2026-05-04T21:51:21.843133,35.185,8346522800,2040,6251,43,100,0
1777924281.8555224,2026-05-04T21:51:21.855522,35.185,8346522800,2040,6251,43,100,0
1777924281.8682504,2026-05-04T21:51:21.868250,35.185,8346522800,2040,6251,43,100,0
1777924281.8829298,2026-05-04T21:51:21.882930,35.185,8346525924,2040,6251,43,100,0
1777924281.8963623,2026-05-04T21:51:21.896362,35.185,8346525924,2040,6251,43,100,0
1777924281.9090369,2026-05-04T21:51:21.909037,34.223,8346525924,2040,6251,43,100,0
1777924281.9234066,2026-05-04T21:51:21.923407,34.223,8346525924,2040,6251,43,100,0
1777924281.9358428,2026-05-04T21:51:21.935843,34.223,8346525924,2040,6251,43,100,0
1777924281.9485521,2026-05-04T21:51:21.948552,34.223,8346525924,2040,6251,43,100,0
1777924281.963014,2026-05-04T21:51:21.963014,34.223,8346525924,2040,6251,43,100,0
1777924281.975435,2026-05-04T21:51:21.975435,34.223,8346525924,2040,6251,43,100,0
1777924281.9880118,2026-05-04T21:51:21.988012,34.223,8346529041,2040,6251,43,100,0
1777924282.0031257,2026-05-04T21:51:22.003126,33.242,8346529041,2040,6251,43,100,0
1777924282.0155444,2026-05-04T21:51:22.015544,33.242,8346529041,2040,6251,43,100,0
1777924282.0282679,2026-05-04T21:51:22.028268,33.242,8346529041,2040,6251,43,100,0
1777924282.0430655,2026-05-04T21:51:22.043066,33.242,8346529041,2040,6251,43,100,0
1777924282.0554,2026-05-04T21:51:22.055400,33.242,8346529041,2040,6251,43,100,0
1777924282.068107,2026-05-04T21:51:22.068107,33.242,8346529041,2040,6251,43,100,0
1777924282.0829659,2026-05-04T21:51:22.082966,33.242,8346532164,2040,6251,43,100,0
1777924282.0962698,2026-05-04T21:51:22.096270,33.242,8346532164,2040,6251,43,100,0
1777924282.1088483,2026-05-04T21:51:22.108848,32.333,8346532164,2040,6251,43,100,0
1777924282.1230981,2026-05-04T21:51:22.123098,32.333,8346532164,2040,6251,43,100,0
1777924282.1356034,2026-05-04T21:51:22.135603,32.333,8346532164,2040,6251,43,100,0
1777924282.148198,2026-05-04T21:51:22.148198,32.333,8346532164,2040,6251,43,100,0
1777924282.162948,2026-05-04T21:51:22.162948,32.333,8346532164,2040,6251,43,100,0
1777924282.1754596,2026-05-04T21:51:22.175460,32.333,8346532164,2040,6251,43,100,0
1777924282.187959,2026-05-04T21:51:22.187959,32.333,8346535280,2040,6251,43,100,0
1777924282.2032323,2026-05-04T21:51:22.203232,31.358,8346535280,2040,6251,43,100,0
1777924282.2158463,2026-05-04T21:51:22.215846,31.358,8346535280,2040,6251,43,100,0
1777924282.2284772,2026-05-04T21:51:22.228477,31.358,8346535280,2040,6251,43,100,0
1777924282.2429564,2026-05-04T21:51:22.242956,31.358,8346535280,2040,6251,43,100,0
1777924282.2555165,2026-05-04T21:51:22.255517,31.358,8346535280,2040,6251,43,100,0
1777924282.2681293,2026-05-04T21:51:22.268129,31.358,8346535280,2040,6251,43,100,0
1777924282.2827997,2026-05-04T21:51:22.282800,31.358,8346538414,2040,6251,43,100,0
1777924282.2963538,2026-05-04T21:51:22.296354,31.358,8346538414,2040,6251,43,100,0
1777924282.308992,2026-05-04T21:51:22.308992,31.342,8346538414,2040,6251,43,100,0
1777924282.3229961,2026-05-04T21:51:22.322996,31.342,8346538414,2040,6251,43,100,0
1777924282.3355381,2026-05-04T21:51:22.335538,31.342,8346538414,2040,6251,43,100,0
1777924282.348194,2026-05-04T21:51:22.348194,31.342,8346538414,2040,6251,43,100,0
1777924282.3627818,2026-05-04T21:51:22.362782,31.342,8346538414,2040,6251,43,100,0
1777924282.3753166,2026-05-04T21:51:22.375317,31.342,8346538414,2040,6251,43,100,0
1777924282.3879616,2026-05-04T21:51:22.387962,31.342,8346541537,2040,6251,43,100,0
1777924282.4029906,2026-05-04T21:51:22.402991,31.326,8346541537,2040,6251,43,100,0
1777924282.4156005,2026-05-04T21:51:22.415601,31.326,8346541537,2040,6251,43,100,0
1777924282.4282568,2026-05-04T21:51:22.428257,31.326,8346541537,2040,6251,43,100,0
1777924282.4428298,2026-05-04T21:51:22.442830,31.326,8346541537,2040,6251,43,100,0
1777924282.4552178,2026-05-04T21:51:22.455218,31.326,8346541537,2040,6251,43,100,0
1777924282.4679406,2026-05-04T21:51:22.467941,31.326,8346541537,2040,6251,43,100,0
1777924282.483043,2026-05-04T21:51:22.483043,31.326,8346544661,2040,6251,43,100,0
1777924282.496141,2026-05-04T21:51:22.496141,31.326,8346544661,2040,6251,43,100,0
1777924282.5088005,2026-05-04T21:51:22.508801,31.319,8346544661,2040,6251,43,100,0
1777924282.5229042,2026-05-04T21:51:22.522904,31.319,8346544661,2040,6251,43,100,0
1777924282.5352778,2026-05-04T21:51:22.535278,31.319,8346544661,2040,6251,43,100,0
1777924282.5479872,2026-05-04T21:51:22.547987,31.319,8346544661,2040,6251,43,100,0
1777924282.5627985,2026-05-04T21:51:22.562799,31.319,8346544661,2040,6251,43,100,0
1777924282.575128,2026-05-04T21:51:22.575128,31.319,8346544661,2040,6251,43,100,0
1777924282.5877151,2026-05-04T21:51:22.587715,31.319,8346547778,2040,6251,43,100,0
1777924282.6029136,2026-05-04T21:51:22.602914,31.293,8346547778,2040,6251,43,100,0
1777924282.6152864,2026-05-04T21:51:22.615286,31.293,8346547778,2040,6251,43,100,0
1777924282.627892,2026-05-04T21:51:22.627892,31.293,8346547778,2040,6251,43,100,0
1777924282.6427948,2026-05-04T21:51:22.642795,31.293,8346547778,2040,6251,43,100,0
1777924282.6645234,2026-05-04T21:51:22.664523,31.293,8346547778,2040,6251,43,100,0
1777924282.6863632,2026-05-04T21:51:22.686363,31.293,8346551047,2040,6251,43,100,0
1777924282.7107944,2026-05-04T21:51:22.710794,31.649,8346551047,2040,6251,43,100,0
1777924282.7281134,2026-05-04T21:51:22.728113,31.649,8346551047,2040,6251,43,100,0
1777924282.74624,2026-05-04T21:51:22.746240,31.649,8346551047,2040,6251,43,100,0
1777924282.7671556,2026-05-04T21:51:22.767156,31.649,8346551047,2040,6251,43,100,0
1777924282.785983,2026-05-04T21:51:22.785983,31.649,8346554564,2040,6251,43,100,0
1777924282.8079596,2026-05-04T21:51:22.807960,32.004,8346554564,2040,6251,43,100,0
1777924282.827991,2026-05-04T21:51:22.827991,32.004,8346554564,2040,6251,43,100,0
1777924282.8469865,2026-05-04T21:51:22.846987,32.004,8346554564,2040,6251,43,100,0
1777924282.8664145,2026-05-04T21:51:22.866415,32.004,8346554564,2040,6251,43,100,0
1777924282.8873148,2026-05-04T21:51:22.887315,32.004,8346558088,2040,6251,43,100,0
1777924282.90715,2026-05-04T21:51:22.907150,32.357,8346558088,2040,6251,43,100,0
1777924282.9285443,2026-05-04T21:51:22.928544,32.357,8346558088,2040,6251,43,100,0
1777924282.9466863,2026-05-04T21:51:22.946686,32.357,8346558088,2040,6251,43,100,0
1777924282.9648373,2026-05-04T21:51:22.964837,32.357,8346558088,2040,6251,43,100,0
1777924282.9861197,2026-05-04T21:51:22.986120,32.357,8346561608,2040,6251,43,100,0
1777924283.0061333,2026-05-04T21:51:23.006133,32.713,8346561608,2040,6251,43,100,0
1777924283.0257554,2026-05-04T21:51:23.025755,32.713,8346561608,2040,6251,43,100,0
1777924283.0457845,2026-05-04T21:51:23.045784,32.713,8346561608,2040,6251,43,100,0
1777924283.0668902,2026-05-04T21:51:23.066890,32.713,8346561608,2040,6251,43,100,0
1777924283.086807,2026-05-04T21:51:23.086807,32.713,8346565129,2040,6251,43,100,0
1777924283.1092489,2026-05-04T21:51:23.109249,33.075,8346565129,2040,6251,43,100,0
1777924283.1262867,2026-05-04T21:51:23.126287,33.075,8346565129,2040,6251,43,100,0
1777924283.145622,2026-05-04T21:51:23.145622,33.075,8346565129,2040,6251,43,100,0
1777924283.164787,2026-05-04T21:51:23.164787,33.075,8346565129,2040,6251,43,100,0
1777924283.1861887,2026-05-04T21:51:23.186189,33.075,8346568643,2040,6251,43,100,0
1777924283.2043462,2026-05-04T21:51:23.204346,33.075,8346568643,2040,6251,43,100,0
1777924283.221707,2026-05-04T21:51:23.221707,33.431,8346568643,2040,6251,43,100,0
1777924283.2429745,2026-05-04T21:51:23.242975,33.431,8346568643,2040,6251,43,100,0
1777924283.2610157,2026-05-04T21:51:23.261016,33.431,8346568643,2040,6251,43,100,0
1777924283.281402,2026-05-04T21:51:23.281402,33.431,8346572171,2040,6251,43,100,0
1777924283.2983952,2026-05-04T21:51:23.298395,33.431,8346572171,2040,6251,43,100,0
1777924283.318204,2026-05-04T21:51:23.318204,33.801,8346572171,2040,6251,43,100,0
1777924283.3377264,2026-05-04T21:51:23.337726,33.801,8346572171,2040,6251,43,100,0
1777924283.358231,2026-05-04T21:51:23.358231,33.801,8346572171,2040,6251,43,100,0
1777924283.3762877,2026-05-04T21:51:23.376288,33.801,8346572171,2040,6251,43,100,0
1777924283.3960564,2026-05-04T21:51:23.396056,33.801,8346575679,2040,6251,43,100,0
1777924283.4159744,2026-05-04T21:51:23.415974,34.158,8346575679,2040,6251,43,100,0
1777924283.4358015,2026-05-04T21:51:23.435802,34.158,8346575679,2040,6251,43,100,0
1777924283.4549572,2026-05-04T21:51:23.454957,34.158,8346575679,2040,6251,43,100,0
1777924283.4749296,2026-05-04T21:51:23.474930,34.158,8346575679,2040,6251,43,100,0
1777924283.4944944,2026-05-04T21:51:23.494494,34.158,8346579198,2040,6251,43,100,0
1777924283.513824,2026-05-04T21:51:23.513824,34.519,8346579198,2040,6251,43,100,0
1777924283.534557,2026-05-04T21:51:23.534557,34.519,8346579198,2040,6251,43,100,0
1777924283.5496094,2026-05-04T21:51:23.549609,34.519,8346579198,2040,6251,43,100,0
1777924283.5691943,2026-05-04T21:51:23.569194,34.519,8346579198,2040,6251,43,100,0
1777924283.5888588,2026-05-04T21:51:23.588859,34.519,8346582713,2040,6251,43,100,0
1777924283.608313,2026-05-04T21:51:23.608313,34.519,8346582713,2040,6251,43,100,0
1777924283.6270885,2026-05-04T21:51:23.627089,34.858,8346582713,2040,6251,43,100,0
1777924283.6478794,2026-05-04T21:51:23.647879,34.858,8346582713,2040,6251,43,100,0
1777924283.6665828,2026-05-04T21:51:23.666583,34.858,8346582713,2040,6251,43,100,0
1777924283.686329,2026-05-04T21:51:23.686329,34.858,8346586228,2040,6251,43,100,0
1777924283.7102613,2026-05-04T21:51:23.710261,34.858,8346586228,2040,6251,43,100,0
1777924283.7289634,2026-05-04T21:51:23.728963,35.218,8346586228,2040,6251,43,100,0
1777924283.7475958,2026-05-04T21:51:23.747596,35.218,8346586228,2040,6251,43,100,0
1777924283.7679474,2026-05-04T21:51:23.767947,35.218,8346586228,2040,6251,43,100,0
1777924283.7857924,2026-05-04T21:51:23.785792,35.218,8346589747,2040,6251,43,100,0
1777924283.807823,2026-05-04T21:51:23.807823,35.218,8346589747,2040,6251,43,100,0
1777924283.8281221,2026-05-04T21:51:23.828122,35.245,8346589747,2040,6251,43,100,0
1777924283.8487794,2026-05-04T21:51:23.848779,35.245,8346589747,2040,6251,43,100,0
1777924283.8681886,2026-05-04T21:51:23.868189,35.245,8346589747,2040,6251,43,100,0
1777924283.8871074,2026-05-04T21:51:23.887107,35.245,8346593266,2040,6251,43,100,0
1777924283.9069707,2026-05-04T21:51:23.906971,35.245,8346593266,2040,6251,43,100,0
1777924283.926998,2026-05-04T21:51:23.926998,35.236,8346593266,2040,6251,43,100,0
1777924283.9458647,2026-05-04T21:51:23.945865,35.236,8346593266,2040,6251,43,100,0
1777924283.965494,2026-05-04T21:51:23.965494,35.236,8346593266,2040,6251,43,100,0
1777924283.9861226,2026-05-04T21:51:23.986123,35.236,8346596777,2040,6251,43,100,0
1777924284.005517,2026-05-04T21:51:24.005517,35.236,8346596777,2040,6251,43,100,0
1777924284.026937,2026-05-04T21:51:24.026937,35.227,8346596777,2040,6251,43,100,0
1777924284.0451224,2026-05-04T21:51:24.045122,35.227,8346596777,2040,6251,43,100,0
1777924284.0640585,2026-05-04T21:51:24.064059,35.227,8346596777,2040,6251,43,100,0
1777924284.0820293,2026-05-04T21:51:24.082029,35.227,8346600299,2040,6251,43,100,0
1777924284.102065,2026-05-04T21:51:24.102065,35.227,8346600299,2040,6251,43,100,0
1777924284.1186345,2026-05-04T21:51:24.118634,35.227,8346600299,2040,6251,43,100,0
1777924284.1362646,2026-05-04T21:51:24.136265,35.227,8346600299,2040,6251,43,100,0
1777924284.1562412,2026-05-04T21:51:24.156241,35.227,8346600299,2040,6251,43,100,0
1777924284.176109,2026-05-04T21:51:24.176109,35.227,8346600299,2040,6251,43,100,0
1777924284.1932824,2026-05-04T21:51:24.193282,35.227,8346603809,2040,6251,43,100,0
1777924284.2104702,2026-05-04T21:51:24.210470,35.227,8346603809,2040,6251,43,100,0
1777924284.2276816,2026-05-04T21:51:24.227682,35.227,8346603809,2040,6251,43,100,0
1777924284.2458327,2026-05-04T21:51:24.245833,35.227,8346603809,2040,6251,43,100,0
1777924284.2651563,2026-05-04T21:51:24.265156,35.227,8346603809,2040,6251,43,100,0
1777924284.2865863,2026-05-04T21:51:24.286586,35.227,8346607329,2040,6251,43,100,0
1777924284.3093448,2026-05-04T21:51:24.309345,35.227,8346607329,2040,6251,43,100,0
1777924284.327058,2026-05-04T21:51:24.327058,35.227,8346607329,2040,6251,43,100,0
1777924284.3449361,2026-05-04T21:51:24.344936,35.227,8346607329,2040,6251,43,100,0
1777924284.3648217,2026-05-04T21:51:24.364822,35.227,8346607329,2040,6251,43,100,0
1777924284.3843007,2026-05-04T21:51:24.384301,35.227,8346610848,2040,6251,43,100,0
1777924284.4055305,2026-05-04T21:51:24.405530,35.227,8346610848,2040,6251,43,100,0
1777924284.426356,2026-05-04T21:51:24.426356,35.219,8346610848,2040,6251,43,100,0
1777924284.4478443,2026-05-04T21:51:24.447844,35.219,8346610848,2040,6251,43,100,0
1777924284.4693372,2026-05-04T21:51:24.469337,35.219,8346610848,2040,6251,43,100,0
1777924284.4884043,2026-05-04T21:51:24.488404,35.219,8346614362,2040,6251,43,100,0
1777924284.5075972,2026-05-04T21:51:24.507597,35.219,8346614362,2040,6251,43,100,0
1777924284.5222607,2026-05-04T21:51:24.522261,35.21,8346614362,2040,6251,43,100,0
1777924284.5347328,2026-05-04T21:51:24.534733,35.21,8346614362,2040,6251,43,100,0
1777924284.5473988,2026-05-04T21:51:24.547399,35.21,8346614362,2040,6251,43,100,0
1777924284.5622253,2026-05-04T21:51:24.562225,35.21,8346614362,2040,6251,43,100,0
1777924284.5747268,2026-05-04T21:51:24.574727,35.21,8346614362,2040,6251,43,100,0
1777924284.5873826,2026-05-04T21:51:24.587383,35.21,8346618158,2040,6251,43,100,0
1777924284.602392,2026-05-04T21:51:24.602392,35.21,8346618158,2040,6251,43,100,0
1777924284.6148813,2026-05-04T21:51:24.614881,35.21,8346618158,2040,6251,43,100,0
1777924284.6275947,2026-05-04T21:51:24.627595,35.617,8346618158,2040,6251,44,100,0
1777924284.6422029,2026-05-04T21:51:24.642203,35.617,8346618158,2040,6251,44,100,0
1777924284.65468,2026-05-04T21:51:24.654680,35.617,8346618158,2040,6251,44,100,0
1777924284.6674547,2026-05-04T21:51:24.667455,35.617,8346618158,2040,6251,44,100,0
1777924284.6821756,2026-05-04T21:51:24.682176,35.617,8346622211,2040,6251,44,100,0
1777924284.69551,2026-05-04T21:51:24.695510,35.617,8346622211,2040,6251,44,100,0
1777924284.7081585,2026-05-04T21:51:24.708158,35.617,8346622211,2040,6251,44,100,0
1777924284.7225263,2026-05-04T21:51:24.722526,36.359,8346622211,2040,6251,44,100,2
1777924284.73516,2026-05-04T21:51:24.735160,36.359,8346622211,2040,6251,44,100,2
1777924284.747828,2026-05-04T21:51:24.747828,36.359,8346622211,2040,6251,44,100,2
1777924284.7620885,2026-05-04T21:51:24.762089,36.359,8346622211,2040,6251,44,100,2
1777924284.774545,2026-05-04T21:51:24.774545,36.359,8346622211,2040,6251,44,100,2
1777924284.787286,2026-05-04T21:51:24.787286,36.359,8346626380,2040,6251,44,100,2
1777924284.8024187,2026-05-04T21:51:24.802419,36.359,8346626380,2040,6251,44,100,2
1777924284.814957,2026-05-04T21:51:24.814957,36.359,8346626380,2040,6251,44,100,2
1777924284.8275995,2026-05-04T21:51:24.827600,36.835,8346626380,2040,6251,44,100,2
1777924284.8422256,2026-05-04T21:51:24.842226,36.835,8346626380,2040,6251,44,100,2
1777924284.8546672,2026-05-04T21:51:24.854667,36.835,8346626380,2040,6251,44,100,2
1777924284.8672643,2026-05-04T21:51:24.867264,36.835,8346626380,2040,6251,44,100,2
1777924284.8820982,2026-05-04T21:51:24.882098,36.835,8346630542,2040,6251,44,100,2
1777924284.8954546,2026-05-04T21:51:24.895455,36.835,8346630542,2040,6251,44,100,2
1777924284.9082565,2026-05-04T21:51:24.908257,36.835,8346630542,2040,6251,44,100,2
1777924284.9222314,2026-05-04T21:51:24.922231,37.63,8346630542,2040,6251,44,100,3
1777924284.9347908,2026-05-04T21:51:24.934791,37.63,8346630542,2040,6251,44,100,3
1777924284.9474375,2026-05-04T21:51:24.947438,37.63,8346630542,2040,6251,44,100,3
1777924284.962222,2026-05-04T21:51:24.962222,37.63,8346630542,2040,6251,44,100,3
1777924284.974736,2026-05-04T21:51:24.974736,37.63,8346630542,2040,6251,44,100,3
1777924284.9873402,2026-05-04T21:51:24.987340,37.63,8346634572,2040,6251,44,100,3
1777924285.002546,2026-05-04T21:51:25.002546,37.63,8346634572,2040,6251,44,100,3
1777924285.0149126,2026-05-04T21:51:25.014913,37.63,8346634572,2040,6251,44,100,3
1777924285.027599,2026-05-04T21:51:25.027599,37.255,8346634572,2040,6251,44,100,3
1777924285.0420735,2026-05-04T21:51:25.042073,37.255,8346634572,2040,6251,44,100,3
1777924285.0544863,2026-05-04T21:51:25.054486,37.255,8346634572,2040,6251,44,100,3
1777924285.0672214,2026-05-04T21:51:25.067221,37.255,8346634572,2040,6251,44,100,3
1777924285.0819783,2026-05-04T21:51:25.081978,37.255,8346637726,2040,6251,44,100,3
1777924285.0953498,2026-05-04T21:51:25.095350,37.255,8346637726,2040,6251,44,100,3
1777924285.1080394,2026-05-04T21:51:25.108039,37.255,8346637726,2040,6251,44,100,3
1777924285.1220841,2026-05-04T21:51:25.122084,37.075,8346637726,2040,6251,43,100,0
1777924285.1345327,2026-05-04T21:51:25.134533,37.075,8346637726,2040,6251,43,100,0
1777924285.14725,2026-05-04T21:51:25.147250,37.075,8346637726,2040,6251,43,100,0
1777924285.1620698,2026-05-04T21:51:25.162070,37.075,8346637726,2040,6251,43,100,0
1777924285.174444,2026-05-04T21:51:25.174444,37.075,8346637726,2040,6251,43,100,0
1777924285.187103,2026-05-04T21:51:25.187103,37.075,8346640853,2040,6251,43,100,0
1777924285.202167,2026-05-04T21:51:25.202167,37.075,8346640853,2040,6251,43,100,0
1777924285.2145352,2026-05-04T21:51:25.214535,37.075,8346640853,2040,6251,43,100,0
1777924285.2272391,2026-05-04T21:51:25.227239,36.56,8346640853,2040,6251,43,100,0
1777924285.241973,2026-05-04T21:51:25.241973,36.56,8346640853,2040,6251,43,100,0
1777924285.2543669,2026-05-04T21:51:25.254367,36.56,8346640853,2040,6251,43,100,0
1777924285.2670379,2026-05-04T21:51:25.267038,36.56,8346640853,2040,6251,43,100,0
1777924285.2821975,2026-05-04T21:51:25.282197,36.56,8346643982,2040,6251,43,100,0
1777924285.295271,2026-05-04T21:51:25.295271,36.56,8346643982,2040,6251,43,100,0
1777924285.3079548,2026-05-04T21:51:25.307955,36.56,8346643982,2040,6251,43,100,0
1777924285.3220565,2026-05-04T21:51:25.322057,36.293,8346643982,2040,6251,43,100,0
1777924285.3345418,2026-05-04T21:51:25.334542,36.293,8346643982,2040,6251,43,100,0
1777924285.347126,2026-05-04T21:51:25.347126,36.293,8346643982,2040,6251,43,100,0
1777924285.361945,2026-05-04T21:51:25.361945,36.293,8346643982,2040,6251,43,100,0
1777924285.3743985,2026-05-04T21:51:25.374398,36.293,8346643982,2040,6251,43,100,0
1777924285.3869698,2026-05-04T21:51:25.386970,36.293,8346647102,2040,6251,43,100,0
1777924285.4021125,2026-05-04T21:51:25.402112,36.293,8346647102,2040,6251,43,100,0
1777924285.4144878,2026-05-04T21:51:25.414488,36.293,8346647102,2040,6251,43,100,0
1777924285.4272258,2026-05-04T21:51:25.427226,35.842,8346647102,2040,6251,43,100,0
1777924285.4419336,2026-05-04T21:51:25.441934,35.842,8346647102,2040,6251,43,100,0
1777924285.4542894,2026-05-04T21:51:25.454289,35.842,8346647102,2040,6251,43,100,0
1777924285.4668753,2026-05-04T21:51:25.466875,35.842,8346647102,2040,6251,43,100,0
1777924285.4818723,2026-05-04T21:51:25.481872,35.842,8346650226,2040,6251,43,100,0
1777924285.4952402,2026-05-04T21:51:25.495240,35.842,8346650226,2040,6251,43,100,0
1777924285.5079074,2026-05-04T21:51:25.507907,35.842,8346650226,2040,6251,43,100,0
1777924285.5220582,2026-05-04T21:51:25.522058,35.513,8346650226,2040,6251,43,100,0
1777924285.5345476,2026-05-04T21:51:25.534548,35.513,8346650226,2040,6251,43,100,0
1777924285.5471358,2026-05-04T21:51:25.547136,35.513,8346650226,2040,6251,43,100,0
1777924285.5620902,2026-05-04T21:51:25.562090,35.513,8346650226,2040,6251,43,100,0
1777924285.5745323,2026-05-04T21:51:25.574532,35.513,8346650226,2040,6251,43,100,0
1777924285.587217,2026-05-04T21:51:25.587217,35.513,8346653351,2040,6251,43,100,0
1777924285.6019182,2026-05-04T21:51:25.601918,35.513,8346653351,2040,6251,43,100,0
1777924285.614264,2026-05-04T21:51:25.614264,35.513,8346653351,2040,6251,43,100,0
1777924285.6268115,2026-05-04T21:51:25.626812,35.131,8346653351,2040,6251,43,100,0
1777924285.6417854,2026-05-04T21:51:25.641785,35.131,8346653351,2040,6251,43,100,0
1777924285.6541955,2026-05-04T21:51:25.654196,35.131,8346653351,2040,6251,43,100,0
1777924285.6668978,2026-05-04T21:51:25.666898,35.131,8346653351,2040,6251,43,100,0
1777924285.6818545,2026-05-04T21:51:25.681854,35.131,8346656473,2040,6251,43,100,0
1777924285.6951106,2026-05-04T21:51:25.695111,35.131,8346656473,2040,6251,43,100,0
1777924285.7078238,2026-05-04T21:51:25.707824,35.131,8346656473,2040,6251,43,100,0
1777924285.7219307,2026-05-04T21:51:25.721931,34.367,8346656473,2040,6251,43,100,0
1777924285.7344024,2026-05-04T21:51:25.734402,34.367,8346656473,2040,6251,43,100,0
1777924285.7469532,2026-05-04T21:51:25.746953,34.367,8346656473,2040,6251,43,100,0
1777924285.76182,2026-05-04T21:51:25.761820,34.367,8346656473,2040,6251,43,100,0
1777924285.7742577,2026-05-04T21:51:25.774258,34.367,8346656473,2040,6251,43,100,0
1777924285.786939,2026-05-04T21:51:25.786939,34.367,8346659602,2040,6251,43,100,0
1777924285.8019412,2026-05-04T21:51:25.801941,34.367,8346659602,2040,6251,43,100,0
1777924285.8143559,2026-05-04T21:51:25.814356,34.367,8346659602,2040,6251,43,100,0
1777924285.8268688,2026-05-04T21:51:25.826869,33.403,8346659602,2040,6251,43,100,0
1777924285.8421383,2026-05-04T21:51:25.842138,33.403,8346659602,2040,6251,43,100,0
1777924285.8545475,2026-05-04T21:51:25.854548,33.403,8346659602,2040,6251,43,100,0
1777924285.8670707,2026-05-04T21:51:25.867071,33.403,8346659602,2040,6251,43,100,0
1777924285.8817449,2026-05-04T21:51:25.881745,33.403,8346662729,2040,6251,43,100,0
1777924285.8951333,2026-05-04T21:51:25.895133,33.403,8346662729,2040,6251,43,100,0
1777924285.907766,2026-05-04T21:51:25.907766,33.403,8346662729,2040,6251,43,100,0
1777924285.921819,2026-05-04T21:51:25.921819,32.486,8346662729,2040,6251,43,100,0
1777924285.9342654,2026-05-04T21:51:25.934265,32.486,8346662729,2040,6251,43,100,0
1777924285.946819,2026-05-04T21:51:25.946819,32.486,8346662729,2040,6251,43,100,0
1777924285.9617314,2026-05-04T21:51:25.961731,32.486,8346662729,2040,6251,43,100,0
1777924285.974095,2026-05-04T21:51:25.974095,32.486,8346662729,2040,6251,43,100,0
1777924285.9867349,2026-05-04T21:51:25.986735,32.486,8346665856,2040,6251,43,100,0
1777924286.0017962,2026-05-04T21:51:26.001796,32.486,8346665856,2040,6251,43,100,0
1777924286.0140638,2026-05-04T21:51:26.014064,32.486,8346665856,2040,6251,43,100,0
1777924286.0266724,2026-05-04T21:51:26.026672,31.535,8346665856,2040,6251,43,100,0
1777924286.0417051,2026-05-04T21:51:26.041705,31.535,8346665856,2040,6251,43,100,0
1777924286.0539904,2026-05-04T21:51:26.053990,31.535,8346665856,2040,6251,43,100,0
1777924286.0665176,2026-05-04T21:51:26.066518,31.535,8346665856,2040,6251,43,100,0
1777924286.0864499,2026-05-04T21:51:26.086450,31.535,8346668982,2040,6251,43,100,0
1777924286.1111395,2026-05-04T21:51:26.111140,31.535,8346668982,2040,6251,43,100,0
1777924286.1319573,2026-05-04T21:51:26.131957,31.537,8346668982,2040,6251,43,100,0
1777924286.150054,2026-05-04T21:51:26.150054,31.537,8346668982,2040,6251,43,100,0
1777924286.1697862,2026-05-04T21:51:26.169786,31.537,8346668982,2040,6251,43,100,0
1777924286.19111,2026-05-04T21:51:26.191110,31.537,8346672469,2040,6251,43,100,0
1777924286.2132258,2026-05-04T21:51:26.213226,31.537,8346672469,2040,6251,43,100,0
1777924286.2309656,2026-05-04T21:51:26.230966,31.893,8346672469,2040,6251,43,100,0
1777924286.2508662,2026-05-04T21:51:26.250866,31.893,8346672469,2040,6251,43,100,0
1777924286.267951,2026-05-04T21:51:26.267951,31.893,8346672469,2040,6251,43,100,0
1777924286.2892907,2026-05-04T21:51:26.289291,31.893,8346675991,2040,6251,43,100,0
1777924286.30938,2026-05-04T21:51:26.309380,31.893,8346675991,2040,6251,43,100,0
1777924286.3298492,2026-05-04T21:51:26.329849,32.249,8346675991,2040,6251,43,100,0
1777924286.3515534,2026-05-04T21:51:26.351553,32.249,8346675991,2040,6251,43,100,0
1777924286.3718915,2026-05-04T21:51:26.371891,32.249,8346675991,2040,6251,43,100,0
1777924286.3913107,2026-05-04T21:51:26.391311,32.249,8346679512,2040,6251,43,100,0
1777924286.4116118,2026-05-04T21:51:26.411612,32.249,8346679512,2040,6251,43,100,0
1777924286.4321468,2026-05-04T21:51:26.432147,32.606,8346679512,2040,6251,43,100,0
1777924286.4518936,2026-05-04T21:51:26.451894,32.606,8346679512,2040,6251,43,100,0
1777924286.4726994,2026-05-04T21:51:26.472699,32.606,8346679512,2040,6251,43,100,0
1777924286.4926653,2026-05-04T21:51:26.492665,32.606,8346683032,2040,6251,43,100,0
1777924286.5133095,2026-05-04T21:51:26.513309,32.606,8346683032,2040,6251,43,100,0
1777924286.5324807,2026-05-04T21:51:26.532481,32.968,8346683032,2040,6251,43,100,0
1777924286.5525365,2026-05-04T21:51:26.552536,32.968,8346683032,2040,6251,43,100,0
1777924286.5729184,2026-05-04T21:51:26.572918,32.968,8346683032,2040,6251,43,100,0
1777924286.5933695,2026-05-04T21:51:26.593369,32.968,8346686555,2040,6251,43,100,0
1777924286.6133533,2026-05-04T21:51:26.613353,32.968,8346686555,2040,6251,43,100,0
1777924286.6363394,2026-05-04T21:51:26.636339,33.333,8346686555,2040,6251,43,100,0
1777924286.6544955,2026-05-04T21:51:26.654495,33.333,8346686555,2040,6251,43,100,0
1777924286.675656,2026-05-04T21:51:26.675656,33.333,8346686555,2040,6251,43,100,0
1777924286.6941874,2026-05-04T21:51:26.694187,33.333,8346690077,2040,6251,43,100,0
1777924286.7125943,2026-05-04T21:51:26.712594,33.333,8346690077,2040,6251,43,100,0
1777924286.73113,2026-05-04T21:51:26.731130,33.706,8346690077,2040,6251,43,100,0
1777924286.7542055,2026-05-04T21:51:26.754205,33.706,8346690077,2040,6251,43,100,0
1777924286.7734323,2026-05-04T21:51:26.773432,33.706,8346690077,2040,6251,43,100,0
1777924286.794663,2026-05-04T21:51:26.794663,33.706,8346693600,2040,6251,43,100,0
1777924286.8151066,2026-05-04T21:51:26.815107,33.706,8346693600,2040,6251,43,100,0
1777924286.8333156,2026-05-04T21:51:26.833316,34.065,8346693600,2040,6251,43,100,0
1777924286.8562517,2026-05-04T21:51:26.856252,34.065,8346693600,2040,6251,43,100,0
1777924286.8756914,2026-05-04T21:51:26.875691,34.065,8346693600,2040,6251,43,100,0
1777924286.8937733,2026-05-04T21:51:26.893773,34.065,8346697117,2040,6251,43,100,0
1777924286.914804,2026-05-04T21:51:26.914804,34.065,8346697117,2040,6251,43,100,0
1777924286.9328744,2026-05-04T21:51:26.932874,34.408,8346697117,2040,6251,43,100,0
1777924286.9583447,2026-05-04T21:51:26.958345,34.408,8346697117,2040,6251,43,100,0
1777924286.9777522,2026-05-04T21:51:26.977752,34.408,8346700645,2040,6251,43,100,0
1777924286.9976025,2026-05-04T21:51:26.997602,34.408,8346700645,2040,6251,43,100,0
1777924287.0144374,2026-05-04T21:51:27.014437,34.408,8346700645,2040,6251,43,100,0
1777924287.0338447,2026-05-04T21:51:27.033845,35.112,8346700645,2040,6251,43,100,0
1777924287.0509071,2026-05-04T21:51:27.050907,35.112,8346700645,2040,6251,43,100,0
1777924287.0709512,2026-05-04T21:51:27.070951,35.112,8346700645,2040,6251,43,100,0
1777924287.088312,2026-05-04T21:51:27.088312,35.112,8346704155,2040,6251,43,100,0
1777924287.1076138,2026-05-04T21:51:27.107614,35.112,8346704155,2040,6251,43,100,0
1777924287.1261983,2026-05-04T21:51:27.126198,35.112,8346704155,2040,6251,43,100,0
1777924287.1465387,2026-05-04T21:51:27.146539,35.119,8346704155,2040,6251,43,100,0
1777924287.1651664,2026-05-04T21:51:27.165166,35.119,8346704155,2040,6251,43,100,0
1777924287.184935,2026-05-04T21:51:27.184935,35.119,8346707674,2040,6251,43,100,0
1777924287.2067778,2026-05-04T21:51:27.206778,35.119,8346707674,2040,6251,43,100,0
1777924287.2268648,2026-05-04T21:51:27.226865,35.119,8346707674,2040,6251,43,100,0
1777924287.2445216,2026-05-04T21:51:27.244522,35.275,8346707674,2040,6251,43,100,0
1777924287.265362,2026-05-04T21:51:27.265362,35.275,8346707674,2040,6251,43,100,0
1777924287.2836199,2026-05-04T21:51:27.283620,35.275,8346711192,2040,6251,43,100,0
1777924287.3059185,2026-05-04T21:51:27.305918,35.275,8346711192,2040,6251,43,100,0
1777924287.3250208,2026-05-04T21:51:27.325021,35.275,8346711192,2040,6251,43,100,0
1777924287.3454351,2026-05-04T21:51:27.345435,35.277,8346711192,2040,6251,43,100,0
1777924287.3663783,2026-05-04T21:51:27.366378,35.277,8346711192,2040,6251,43,100,0
1777924287.3863032,2026-05-04T21:51:27.386303,35.277,8346714704,2040,6251,43,100,0
1777924287.4064353,2026-05-04T21:51:27.406435,35.277,8346714704,2040,6251,43,100,0
1777924287.4246798,2026-05-04T21:51:27.424680,35.277,8346714704,2040,6251,43,100,0
1777924287.4415026,2026-05-04T21:51:27.441503,35.27,8346714704,2040,6251,43,100,0
1777924287.4542696,2026-05-04T21:51:27.454270,35.27,8346714704,2040,6251,43,100,0
1777924287.4670036,2026-05-04T21:51:27.467004,35.27,8346714704,2040,6251,43,100,0
1777924287.4812682,2026-05-04T21:51:27.481268,35.27,8346718382,2040,6251,43,100,0
1777924287.4946554,2026-05-04T21:51:27.494655,35.27,8346718382,2040,6251,43,100,0
1777924287.5073876,2026-05-04T21:51:27.507388,35.27,8346718382,2040,6251,43,100,0
1777924287.521593,2026-05-04T21:51:27.521593,35.27,8346718382,2040,6251,43,100,0
1777924287.5342405,2026-05-04T21:51:27.534240,35.27,8346718382,2040,6251,43,100,0
1777924287.5469992,2026-05-04T21:51:27.546999,35.682,8346718382,2040,6251,44,100,1
1777924287.561267,2026-05-04T21:51:27.561267,35.682,8346718382,2040,6251,44,100,1
1777924287.5739014,2026-05-04T21:51:27.573901,35.682,8346718382,2040,6251,44,100,1
1777924287.5866516,2026-05-04T21:51:27.586652,35.682,8346722401,2040,6251,44,100,1
1777924287.601426,2026-05-04T21:51:27.601426,35.682,8346722401,2040,6251,44,100,1
1777924287.6140642,2026-05-04T21:51:27.614064,35.682,8346722401,2040,6251,44,100,1
1777924287.6268072,2026-05-04T21:51:27.626807,35.682,8346722401,2040,6251,44,100,1
1777924287.6412115,2026-05-04T21:51:27.641212,36.235,8346722401,2040,6251,44,100,1
1777924287.6539187,2026-05-04T21:51:27.653919,36.235,8346722401,2040,6251,44,100,1
1777924287.6666472,2026-05-04T21:51:27.666647,36.235,8346722401,2040,6251,44,100,1
1777924287.6811678,2026-05-04T21:51:27.681168,36.235,8346726566,2040,6251,44,100,1
1777924287.6946518,2026-05-04T21:51:27.694652,36.235,8346726566,2040,6251,44,100,1
1777924287.707429,2026-05-04T21:51:27.707429,36.235,8346726566,2040,6251,44,100,1
1777924287.7212985,2026-05-04T21:51:27.721298,36.235,8346726566,2040,6251,44,100,1
1777924287.7337692,2026-05-04T21:51:27.733769,36.235,8346726566,2040,6251,44,100,1
1777924287.7465777,2026-05-04T21:51:27.746578,36.989,8346726566,2040,6251,44,100,3
1777924287.7611845,2026-05-04T21:51:27.761184,36.989,8346726566,2040,6251,44,100,3
1777924287.7736635,2026-05-04T21:51:27.773664,36.989,8346726566,2040,6251,44,100,3
1777924287.7863984,2026-05-04T21:51:27.786398,36.989,8346730600,2040,6251,44,100,3
1777924287.801496,2026-05-04T21:51:27.801496,36.989,8346730600,2040,6251,44,100,3
1777924287.8139298,2026-05-04T21:51:27.813930,36.989,8346730600,2040,6251,44,100,3
1777924287.8265383,2026-05-04T21:51:27.826538,36.989,8346730600,2040,6251,44,100,3
1777924287.8412142,2026-05-04T21:51:27.841214,36.682,8346730600,2040,6251,43,100,3
1777924287.853714,2026-05-04T21:51:27.853714,36.682,8346730600,2040,6251,43,100,3
1777924287.8664138,2026-05-04T21:51:27.866414,36.682,8346730600,2040,6251,43,100,3
1777924287.8810167,2026-05-04T21:51:27.881017,36.682,8346730600,2040,6251,43,100,3
1777924287.8934095,2026-05-04T21:51:27.893409,36.682,8346733794,2040,6251,43,100,3
1777924287.905948,2026-05-04T21:51:27.905948,36.682,8346733794,2040,6251,43,100,3
1777924287.9211423,2026-05-04T21:51:27.921142,36.682,8346733794,2040,6251,43,100,3
1777924287.9337208,2026-05-04T21:51:27.933721,36.682,8346733794,2040,6251,43,100,3
1777924287.9463775,2026-05-04T21:51:27.946378,36.436,8346733794,2040,6251,43,100,0
1777924287.9610693,2026-05-04T21:51:27.961069,36.436,8346733794,2040,6251,43,100,0
1777924287.9736116,2026-05-04T21:51:27.973612,36.436,8346733794,2040,6251,43,100,0
1777924287.9862964,2026-05-04T21:51:27.986296,36.436,8346736874,2040,6251,43,100,0
1777924288.0011652,2026-05-04T21:51:28.001165,36.436,8346736874,2040,6251,43,100,0
1777924288.0136876,2026-05-04T21:51:28.013688,36.436,8346736874,2040,6251,43,100,0
1777924288.0263934,2026-05-04T21:51:28.026393,36.436,8346736874,2040,6251,43,100,0
1777924288.0410943,2026-05-04T21:51:28.041094,35.98,8346736874,2040,6251,43,100,0
1777924288.0536623,2026-05-04T21:51:28.053662,35.98,8346736874,2040,6251,43,100,0
1777924288.0663645,2026-05-04T21:51:28.066365,35.98,8346736874,2040,6251,43,100,0
1777924288.0812798,2026-05-04T21:51:28.081280,35.98,8346740005,2040,6251,43,100,0
1777924288.0944629,2026-05-04T21:51:28.094463,35.98,8346740005,2040,6251,43,100,0
1777924288.107113,2026-05-04T21:51:28.107113,35.98,8346740005,2040,6251,43,100,0
1777924288.121142,2026-05-04T21:51:28.121142,35.98,8346740005,2040,6251,43,100,0
1777924288.133608,2026-05-04T21:51:28.133608,35.98,8346740005,2040,6251,43,100,0
1777924288.146188,2026-05-04T21:51:28.146188,35.646,8346740005,2040,6251,43,100,0
1777924288.1610067,2026-05-04T21:51:28.161007,35.646,8346740005,2040,6251,43,100,0
1777924288.1733708,2026-05-04T21:51:28.173371,35.646,8346740005,2040,6251,43,100,0
1777924288.1860335,2026-05-04T21:51:28.186033,35.646,8346743129,2040,6251,43,100,0
1777924288.2011957,2026-05-04T21:51:28.201196,35.646,8346743129,2040,6251,43,100,0
1777924288.2135673,2026-05-04T21:51:28.213567,35.646,8346743129,2040,6251,43,100,0
1777924288.2263021,2026-05-04T21:51:28.226302,35.646,8346743129,2040,6251,43,100,0
1777924288.241096,2026-05-04T21:51:28.241096,35.263,8346743129,2040,6251,43,100,0
1777924288.2536988,2026-05-04T21:51:28.253699,35.263,8346743129,2040,6251,43,100,0
1777924288.2663138,2026-05-04T21:51:28.266314,35.263,8346743129,2040,6251,43,100,0
1777924288.280962,2026-05-04T21:51:28.280962,35.263,8346746264,2040,6251,43,100,0
1777924288.2944775,2026-05-04T21:51:28.294477,35.263,8346746264,2040,6251,43,100,0
1777924288.3071077,2026-05-04T21:51:28.307108,35.263,8346746264,2040,6251,43,100,0
1777924288.321101,2026-05-04T21:51:28.321101,35.263,8346746264,2040,6251,43,100,0
1777924288.3336263,2026-05-04T21:51:28.333626,35.263,8346746264,2040,6251,43,100,0
1777924288.346251,2026-05-04T21:51:28.346251,34.875,8346746264,2040,6251,43,100,0
1777924288.3612244,2026-05-04T21:51:28.361224,34.875,8346746264,2040,6251,43,100,0
1777924288.373751,2026-05-04T21:51:28.373751,34.875,8346746264,2040,6251,43,100,0
1777924288.3864288,2026-05-04T21:51:28.386429,34.875,8346749391,2040,6251,43,100,0
1777924288.4011161,2026-05-04T21:51:28.401116,34.875,8346749391,2040,6251,43,100,0
1777924288.413604,2026-05-04T21:51:28.413604,34.875,8346749391,2040,6251,43,100,0
1777924288.4262671,2026-05-04T21:51:28.426267,34.875,8346749391,2040,6251,43,100,0
1777924288.4411016,2026-05-04T21:51:28.441102,34.561,8346749391,2040,6251,43,100,0
1777924288.4536836,2026-05-04T21:51:28.453684,34.561,8346749391,2040,6251,43,100,0
1777924288.4663644,2026-05-04T21:51:28.466364,34.561,8346749391,2040,6251,43,100,0
1777924288.4809017,2026-05-04T21:51:28.480902,34.561,8346752517,2040,6251,43,100,0
1777924288.4943693,2026-05-04T21:51:28.494369,34.561,8346752517,2040,6251,43,100,0
1777924288.5070622,2026-05-04T21:51:28.507062,34.561,8346752517,2040,6251,43,100,0
1777924288.5209708,2026-05-04T21:51:28.520971,34.561,8346752517,2040,6251,43,100,0
1777924288.533236,2026-05-04T21:51:28.533236,34.561,8346752517,2040,6251,43,100,0
1777924288.5458527,2026-05-04T21:51:28.545853,34.202,8346752517,2040,6251,43,100,0
1777924288.5608644,2026-05-04T21:51:28.560864,34.202,8346752517,2040,6251,43,100,0
1777924288.58153,2026-05-04T21:51:28.581530,34.202,8346755712,2040,6251,43,100,0
1777924288.6046894,2026-05-04T21:51:28.604689,34.202,8346755712,2040,6251,43,100,0
1777924288.6249042,2026-05-04T21:51:28.624904,34.202,8346755712,2040,6251,43,100,0
1777924288.6446307,2026-05-04T21:51:28.644631,33.774,8346755712,2040,6251,43,100,0
1777924288.6646156,2026-05-04T21:51:28.664616,33.774,8346755712,2040,6251,43,100,0
1777924288.6852195,2026-05-04T21:51:28.685220,33.774,8346759222,2040,6251,43,100,0
1777924288.7092152,2026-05-04T21:51:28.709215,33.774,8346759222,2040,6251,43,100,0
1777924288.728686,2026-05-04T21:51:28.728686,33.774,8346759222,2040,6251,43,100,0
1777924288.7457826,2026-05-04T21:51:28.745783,33.187,8346759222,2040,6251,43,100,0
1777924288.76382,2026-05-04T21:51:28.763820,33.187,8346759222,2040,6251,43,100,0
1777924288.7843697,2026-05-04T21:51:28.784370,33.187,8346762748,2040,6251,43,100,0
1777924288.8038402,2026-05-04T21:51:28.803840,33.187,8346762748,2040,6251,43,100,0
1777924288.8224704,2026-05-04T21:51:28.822470,33.187,8346762748,2040,6251,43,100,0
1777924288.8451536,2026-05-04T21:51:28.845154,32.576,8346762748,2040,6251,43,100,0
1777924288.8651097,2026-05-04T21:51:28.865110,32.576,8346762748,2040,6251,43,100,0
1777924288.884118,2026-05-04T21:51:28.884118,32.576,8346766268,2040,6251,43,100,0
1777924288.9076834,2026-05-04T21:51:28.907683,32.576,8346766268,2040,6251,43,100,0
1777924288.9269338,2026-05-04T21:51:28.926934,32.576,8346766268,2040,6251,43,100,0
1777924288.9477515,2026-05-04T21:51:28.947752,32.731,8346766268,2040,6251,43,100,0
1777924288.966725,2026-05-04T21:51:28.966725,32.731,8346766268,2040,6251,43,100,0
1777924288.9852657,2026-05-04T21:51:28.985266,32.731,8346769787,2040,6251,43,100,0
1777924289.0034337,2026-05-04T21:51:29.003434,32.731,8346769787,2040,6251,43,100,0
1777924289.0254204,2026-05-04T21:51:29.025420,32.731,8346769787,2040,6251,43,100,0
1777924289.0456316,2026-05-04T21:51:29.045632,33.089,8346769787,2040,6251,44,100,0
1777924289.0676658,2026-05-04T21:51:29.067666,33.089,8346769787,2040,6251,44,100,0
1777924289.0879333,2026-05-04T21:51:29.087933,33.089,8346773308,2040,6251,44,100,0
1777924289.1086464,2026-05-04T21:51:29.108646,33.089,8346773308,2040,6251,44,100,0
1777924289.1280158,2026-05-04T21:51:29.128016,33.089,8346773308,2040,6251,44,100,0
1777924289.1493044,2026-05-04T21:51:29.149304,33.426,8346773308,2040,6251,44,100,0
1777924289.1692839,2026-05-04T21:51:29.169284,33.426,8346773308,2040,6251,44,100,0
1777924289.1876984,2026-05-04T21:51:29.187698,33.426,8346776825,2040,6251,44,100,0
1777924289.207191,2026-05-04T21:51:29.207191,33.426,8346776825,2040,6251,44,100,0
1777924289.2295122,2026-05-04T21:51:29.229512,33.426,8346776825,2040,6251,44,100,0
1777924289.2499752,2026-05-04T21:51:29.249975,33.784,8346776825,2040,6251,44,100,0
1777924289.2710152,2026-05-04T21:51:29.271015,33.784,8346776825,2040,6251,44,100,0
1777924289.290339,2026-05-04T21:51:29.290339,33.784,8346780348,2040,6251,44,100,0
1777924289.3100643,2026-05-04T21:51:29.310064,33.784,8346780348,2040,6251,44,100,0
1777924289.3298192,2026-05-04T21:51:29.329819,33.784,8346780348,2040,6251,44,100,0
1777924289.3480968,2026-05-04T21:51:29.348097,34.136,8346780348,2040,6251,44,100,0
1777924289.3710935,2026-05-04T21:51:29.371094,34.136,8346780348,2040,6251,44,100,0
1777924289.3902867,2026-05-04T21:51:29.390287,34.136,8346783866,2040,6251,44,100,0
1777924289.4116137,2026-05-04T21:51:29.411614,34.136,8346783866,2040,6251,44,100,0
1777924289.4330082,2026-05-04T21:51:29.433008,34.136,8346783866,2040,6251,44,100,0
1777924289.4543302,2026-05-04T21:51:29.454330,34.495,8346783866,2040,6251,44,100,0
1777924289.4737966,2026-05-04T21:51:29.473797,34.495,8346783866,2040,6251,44,100,0
1777924289.4864602,2026-05-04T21:51:29.486460,34.495,8346787399,2040,6251,44,100,0
1777924289.5035725,2026-05-04T21:51:29.503572,34.495,8346787399,2040,6251,44,100,0
1777924289.5161097,2026-05-04T21:51:29.516110,34.495,8346787399,2040,6251,44,100,0
1777924289.528783,2026-05-04T21:51:29.528783,34.495,8346787399,2040,6251,44,100,0
1777924289.5415845,2026-05-04T21:51:29.541584,34.495,8346787399,2040,6251,44,100,0
1777924289.55405,2026-05-04T21:51:29.554050,34.987,8346787399,2040,6251,44,100,1
1777924289.5669827,2026-05-04T21:51:29.566983,34.987,8346787399,2040,6251,44,100,1
1777924289.580689,2026-05-04T21:51:29.580689,34.987,8346791321,2040,6251,44,100,1
1777924289.5939643,2026-05-04T21:51:29.593964,34.987,8346791321,2040,6251,44,100,1
1777924289.6066446,2026-05-04T21:51:29.606645,34.987,8346791321,2040,6251,44,100,1
1777924289.6210306,2026-05-04T21:51:29.621031,34.987,8346791321,2040,6251,44,100,1
1777924289.6335526,2026-05-04T21:51:29.633553,34.987,8346791321,2040,6251,44,100,1
1777924289.6462574,2026-05-04T21:51:29.646257,36.021,8346791321,2040,6251,44,100,1
1777924289.6606998,2026-05-04T21:51:29.660700,36.021,8346791321,2040,6251,44,100,1
1777924289.6732168,2026-05-04T21:51:29.673217,36.021,8346791321,2040,6251,44,100,1
1777924289.685897,2026-05-04T21:51:29.685897,36.021,8346795460,2040,6251,44,100,1
1777924289.7034094,2026-05-04T21:51:29.703409,36.021,8346795460,2040,6251,44,100,1
1777924289.7159765,2026-05-04T21:51:29.715976,36.021,8346795460,2040,6251,44,100,1
1777924289.7285779,2026-05-04T21:51:29.728578,36.021,8346795460,2040,6251,44,100,1
1777924289.7412665,2026-05-04T21:51:29.741266,36.021,8346795460,2040,6251,44,100,1
1777924289.753595,2026-05-04T21:51:29.753595,36.477,8346795460,2040,6251,44,100,3
1777924289.766291,2026-05-04T21:51:29.766291,36.477,8346795460,2040,6251,44,100,3
1777924289.780532,2026-05-04T21:51:29.780532,36.477,8346798834,2040,6251,44,100,3
1777924289.7939155,2026-05-04T21:51:29.793916,36.477,8346798834,2040,6251,44,100,3
1777924289.8065972,2026-05-04T21:51:29.806597,36.477,8346798834,2040,6251,44,100,3
1777924289.8206453,2026-05-04T21:51:29.820645,36.477,8346798834,2040,6251,44,100,3
1777924289.8330083,2026-05-04T21:51:29.833008,36.477,8346798834,2040,6251,44,100,3
1777924289.8457284,2026-05-04T21:51:29.845728,36.218,8346798834,2040,6251,43,100,3
1777924289.8604503,2026-05-04T21:51:29.860450,36.218,8346798834,2040,6251,43,100,3
1777924289.8727753,2026-05-04T21:51:29.872775,36.218,8346798834,2040,6251,43,100,3
1777924289.8853142,2026-05-04T21:51:29.885314,36.218,8346801972,2040,6251,43,100,3
1777924289.9023342,2026-05-04T21:51:29.902334,36.218,8346801972,2040,6251,43,100,3
1777924289.9148712,2026-05-04T21:51:29.914871,36.218,8346801972,2040,6251,43,100,3
1777924289.9274557,2026-05-04T21:51:29.927456,36.218,8346801972,2040,6251,43,100,3
1777924289.9406097,2026-05-04T21:51:29.940610,36.218,8346801972,2040,6251,43,100,3
1777924289.9530118,2026-05-04T21:51:29.953012,35.783,8346801972,2040,6251,43,100,0
1777924289.9656835,2026-05-04T21:51:29.965683,35.783,8346801972,2040,6251,43,100,0
1777924289.9804962,2026-05-04T21:51:29.980496,35.783,8346805103,2040,6251,43,100,0
1777924289.9938402,2026-05-04T21:51:29.993840,35.783,8346805103,2040,6251,43,100,0
1777924290.006539,2026-05-04T21:51:30.006539,35.783,8346805103,2040,6251,43,100,0
1777924290.0205903,2026-05-04T21:51:30.020590,35.783,8346805103,2040,6251,43,100,0
1777924290.0329564,2026-05-04T21:51:30.032956,35.783,8346805103,2040,6251,43,100,0
1777924290.0456698,2026-05-04T21:51:30.045670,35.428,8346805103,2040,6251,43,100,0
1777924290.0604584,2026-05-04T21:51:30.060458,35.428,8346805103,2040,6251,43,100,0
1777924290.0728602,2026-05-04T21:51:30.072860,35.428,8346805103,2040,6251,43,100,0
1777924290.085416,2026-05-04T21:51:30.085416,35.428,8346808234,2040,6251,43,100,0
1777924290.103139,2026-05-04T21:51:30.103139,35.428,8346808234,2040,6251,43,100,0
1777924290.1155708,2026-05-04T21:51:30.115571,35.428,8346808234,2040,6251,43,100,0
1777924290.1281276,2026-05-04T21:51:30.128128,35.428,8346808234,2040,6251,43,100,0
1777924290.140752,2026-05-04T21:51:30.140752,35.428,8346808234,2040,6251,43,100,0
1777924290.1530402,2026-05-04T21:51:30.153040,35.063,8346808234,2040,6251,43,100,0
1777924290.165756,2026-05-04T21:51:30.165756,35.063,8346808234,2040,6251,43,100,0
1777924290.1806157,2026-05-04T21:51:30.180616,35.063,8346811346,2040,6251,43,100,0
1777924290.1937165,2026-05-04T21:51:30.193717,35.063,8346811346,2040,6251,43,100,0
1777924290.2063127,2026-05-04T21:51:30.206313,35.063,8346811346,2040,6251,43,100,0
1777924290.2225423,2026-05-04T21:51:30.222542,35.063,8346811346,2040,6251,43,100,0
1777924290.2434483,2026-05-04T21:51:30.243448,35.063,8346811346,2040,6251,43,100,0
1777924290.264053,2026-05-04T21:51:30.264053,34.654,8346811346,2040,6251,43,100,0
1777924290.2851648,2026-05-04T21:51:30.285165,34.654,8346814706,2040,6251,43,100,0
1777924290.3060977,2026-05-04T21:51:30.306098,34.654,8346814706,2040,6251,43,100,0
1777924290.3261135,2026-05-04T21:51:30.326113,34.654,8346814706,2040,6251,43,100,0
1777924290.3461187,2026-05-04T21:51:30.346119,34.654,8346814706,2040,6251,43,100,0
1777924290.3614905,2026-05-04T21:51:30.361490,34.693,8346814706,2040,6251,43,100,0
1777924290.3865933,2026-05-04T21:51:30.386593,34.693,8346818225,2040,6251,43,100,0
1777924290.4035923,2026-05-04T21:51:30.403592,34.693,8346818225,2040,6251,43,100,0
1777924290.4237497,2026-05-04T21:51:30.423750,34.693,8346818225,2040,6251,43,100,0
1777924290.4433143,2026-05-04T21:51:30.443314,34.693,8346818225,2040,6251,43,100,0
1777924290.4648697,2026-05-04T21:51:30.464870,34.695,8346818225,2040,6251,44,100,0
1777924290.4855962,2026-05-04T21:51:30.485596,34.695,8346821743,2040,6251,44,100,0
1777924290.5070863,2026-05-04T21:51:30.507086,34.695,8346821743,2040,6251,44,100,0
1777924290.525577,2026-05-04T21:51:30.525577,34.695,8346821743,2040,6251,44,100,0
1777924290.5452068,2026-05-04T21:51:30.545207,34.695,8346821743,2040,6251,44,100,0
1777924290.5647385,2026-05-04T21:51:30.564739,34.693,8346821743,2040,6251,44,100,0
1777924290.5844138,2026-05-04T21:51:30.584414,34.693,8346825266,2040,6251,44,100,0
1777924290.605202,2026-05-04T21:51:30.605202,34.693,8346825266,2040,6251,44,100,0
1777924290.6236026,2026-05-04T21:51:30.623603,34.693,8346825266,2040,6251,44,100,0
1777924290.6438138,2026-05-04T21:51:30.643814,34.693,8346825266,2040,6251,44,100,0
1777924290.663929,2026-05-04T21:51:30.663929,34.545,8346825266,2040,6251,44,100,0
1777924290.6852393,2026-05-04T21:51:30.685239,34.545,8346828783,2040,6251,44,100,0
1777924290.704392,2026-05-04T21:51:30.704392,34.545,8346828783,2040,6251,44,100,0
1777924290.7248561,2026-05-04T21:51:30.724856,34.545,8346828783,2040,6251,44,100,0
1777924290.7446153,2026-05-04T21:51:30.744615,34.545,8346828783,2040,6251,44,100,0
1777924290.7653189,2026-05-04T21:51:30.765319,33.984,8346828783,2040,6251,44,100,0
1777924290.7838955,2026-05-04T21:51:30.783895,33.984,8346832301,2040,6251,44,100,0
1777924290.8004148,2026-05-04T21:51:30.800415,33.984,8346832301,2040,6251,44,100,0
1777924290.812903,2026-05-04T21:51:30.812903,33.984,8346832301,2040,6251,44,100,0
1777924290.825563,2026-05-04T21:51:30.825563,33.984,8346832301,2040,6251,44,100,0
1777924290.8404748,2026-05-04T21:51:30.840475,33.984,8346832301,2040,6251,44,100,0
1777924290.8531156,2026-05-04T21:51:30.853116,33.984,8346832301,2040,6251,44,100,0
1777924290.8657546,2026-05-04T21:51:30.865755,33.462,8346832301,2040,6251,44,100,0
1777924290.8805969,2026-05-04T21:51:30.880597,33.462,8346836206,2040,6251,44,100,0
1777924290.8936846,2026-05-04T21:51:30.893685,33.462,8346836206,2040,6251,44,100,0
1777924290.9064229,2026-05-04T21:51:30.906423,33.462,8346836206,2040,6251,44,100,0
1777924290.9202569,2026-05-04T21:51:30.920257,33.462,8346836206,2040,6251,44,100,0
1777924290.932888,2026-05-04T21:51:30.932888,33.462,8346836206,2040,6251,44,100,0
1777924290.9455712,2026-05-04T21:51:30.945571,33.462,8346836206,2040,6251,44,100,0
1777924290.9601247,2026-05-04T21:51:30.960125,34.693,8346836206,2040,6251,44,100,2
1777924290.972627,2026-05-04T21:51:30.972627,34.693,8346836206,2040,6251,44,100,2
1777924290.9853156,2026-05-04T21:51:30.985316,34.693,8346839896,2040,6251,44,100,2
1777924291.0002959,2026-05-04T21:51:31.000296,34.693,8346839896,2040,6251,44,100,2
1777924291.0125937,2026-05-04T21:51:31.012594,34.693,8346839896,2040,6251,44,100,2
1777924291.0252326,2026-05-04T21:51:31.025233,34.693,8346839896,2040,6251,44,100,2
1777924291.04021,2026-05-04T21:51:31.040210,34.693,8346839896,2040,6251,44,100,2
1777924291.0525775,2026-05-04T21:51:31.052577,34.693,8346839896,2040,6251,44,100,2
1777924291.0652695,2026-05-04T21:51:31.065269,34.411,8346839896,2040,6251,43,100,2
1777924291.080166,2026-05-04T21:51:31.080166,34.411,8346843026,2040,6251,43,100,2
1777924291.0934837,2026-05-04T21:51:31.093484,34.411,8346843026,2040,6251,43,100,2
1777924291.1061616,2026-05-04T21:51:31.106162,34.411,8346843026,2040,6251,43,100,2
1777924291.1202388,2026-05-04T21:51:31.120239,34.411,8346843026,2040,6251,43,100,2
1777924291.1326144,2026-05-04T21:51:31.132614,34.411,8346843026,2040,6251,43,100,2
1777924291.1452308,2026-05-04T21:51:31.145231,34.411,8346843026,2040,6251,43,100,2
1777924291.16031,2026-05-04T21:51:31.160310,34.721,8346843026,2040,6251,43,100,0
1777924291.1726713,2026-05-04T21:51:31.172671,34.721,8346843026,2040,6251,43,100,0
1777924291.1852732,2026-05-04T21:51:31.185273,34.721,8346846149,2040,6251,43,100,0
1777924291.200218,2026-05-04T21:51:31.200218,34.721,8346846149,2040,6251,43,100,0
1777924291.212529,2026-05-04T21:51:31.212529,34.721,8346846149,2040,6251,43,100,0
1777924291.2250092,2026-05-04T21:51:31.225009,34.721,8346846149,2040,6251,43,100,0
1777924291.2399755,2026-05-04T21:51:31.239975,34.721,8346846149,2040,6251,43,100,0
1777924291.2591765,2026-05-04T21:51:31.259176,34.401,8346846149,2040,6251,43,100,0
1777924291.2763755,2026-05-04T21:51:31.276376,34.401,8346846149,2040,6251,43,100,0
1777924291.2947917,2026-05-04T21:51:31.294792,34.401,8346849447,2040,6251,43,100,0
1777924291.3141725,2026-05-04T21:51:31.314173,34.401,8346849447,2040,6251,43,100,0
1777924291.3322086,2026-05-04T21:51:31.332209,34.401,8346849447,2040,6251,43,100,0
1777924291.349892,2026-05-04T21:51:31.349892,34.401,8346849447,2040,6251,43,100,0
1777924291.366797,2026-05-04T21:51:31.366797,34.726,8346849447,2040,6251,43,100,0
1777924291.3850396,2026-05-04T21:51:31.385040,34.726,8346852914,2040,6251,43,100,0
1777924291.404164,2026-05-04T21:51:31.404164,34.726,8346852914,2040,6251,43,100,0
1777924291.4232833,2026-05-04T21:51:31.423283,34.726,8346852914,2040,6251,43,100,0
1777924291.4434557,2026-05-04T21:51:31.443456,34.726,8346852914,2040,6251,43,100,0
1777924291.4629512,2026-05-04T21:51:31.462951,34.776,8346852914,2040,6251,44,100,0
1777924291.4853022,2026-05-04T21:51:31.485302,34.776,8346856438,2040,6251,44,100,0
1777924291.5081038,2026-05-04T21:51:31.508104,34.776,8346856438,2040,6251,44,100,0
1777924291.5284967,2026-05-04T21:51:31.528497,34.776,8346856438,2040,6251,44,100,0
1777924291.5471992,2026-05-04T21:51:31.547199,34.776,8346856438,2040,6251,44,100,0
1777924291.5603993,2026-05-04T21:51:31.560399,34.774,8346856438,2040,6251,44,100,0
1777924291.5729067,2026-05-04T21:51:31.572907,34.774,8346856438,2040,6251,44,100,0
1777924291.5855536,2026-05-04T21:51:31.585554,34.774,8346860040,2040,6251,44,100,0
1777924291.6001778,2026-05-04T21:51:31.600178,34.774,8346860040,2040,6251,44,100,0
1777924291.6128669,2026-05-04T21:51:31.612867,34.774,8346860040,2040,6251,44,100,0
1777924291.625643,2026-05-04T21:51:31.625643,34.774,8346860040,2040,6251,44,100,0
1777924291.6400466,2026-05-04T21:51:31.640047,34.774,8346860040,2040,6251,44,100,0
1777924291.652587,2026-05-04T21:51:31.652587,34.774,8346860040,2040,6251,44,100,0
1777924291.6652496,2026-05-04T21:51:31.665250,35.112,8346860040,2040,6251,44,100,0
1777924291.679922,2026-05-04T21:51:31.679922,35.112,8346863653,2040,6251,44,100,0
1777924291.6934106,2026-05-04T21:51:31.693411,35.112,8346863653,2040,6251,44,100,0
1777924291.706025,2026-05-04T21:51:31.706025,35.112,8346863653,2040,6251,44,100,0
1777924291.7203462,2026-05-04T21:51:31.720346,35.112,8346863653,2040,6251,44,100,0
1777924291.7326198,2026-05-04T21:51:31.732620,35.112,8346863653,2040,6251,44,100,0
1777924291.745233,2026-05-04T21:51:31.745233,35.112,8346863653,2040,6251,44,100,0
1777924291.7598858,2026-05-04T21:51:31.759886,34.72,8346863653,2040,6251,43,100,1
1777924291.772244,2026-05-04T21:51:31.772244,34.72,8346863653,2040,6251,43,100,1
1777924291.7846544,2026-05-04T21:51:31.784654,34.72,8346866767,2040,6251,43,100,1
1777924291.8048718,2026-05-04T21:51:31.804872,34.72,8346866767,2040,6251,43,100,1
1777924291.8250086,2026-05-04T21:51:31.825009,34.72,8346866767,2040,6251,43,100,1
1777924291.843761,2026-05-04T21:51:31.843761,34.72,8346866767,2040,6251,43,100,1
1777924291.863552,2026-05-04T21:51:31.863552,34.503,8346866767,2040,6251,44,100,1
1777924291.8853953,2026-05-04T21:51:31.885395,34.503,8346870249,2040,6251,44,100,1
1777924291.9062598,2026-05-04T21:51:31.906260,34.503,8346870249,2040,6251,44,100,1
1777924291.9201007,2026-05-04T21:51:31.920101,34.503,8346870249,2040,6251,44,100,1
1777924291.9324253,2026-05-04T21:51:31.932425,34.503,8346870249,2040,6251,44,100,1
1777924291.9449444,2026-05-04T21:51:31.944944,34.503,8346870249,2040,6251,44,100,1
1777924291.9597762,2026-05-04T21:51:31.959776,34.503,8346870249,2040,6251,44,100,0
1777924291.9722872,2026-05-04T21:51:31.972287,34.503,8346870249,2040,6251,44,100,0
1777924291.9847841,2026-05-04T21:51:31.984784,34.503,8346873704,2040,6251,44,100,0
1777924292.0001707,2026-05-04T21:51:32.000171,34.503,8346873704,2040,6251,44,100,0
1777924292.0179234,2026-05-04T21:51:32.017923,34.503,8346873704,2040,6251,44,100,0
1777924292.030585,2026-05-04T21:51:32.030585,34.503,8346873704,2040,6251,44,100,0
1777924292.0433683,2026-05-04T21:51:32.043368,34.503,8346873704,2040,6251,44,100,0
1777924292.0560305,2026-05-04T21:51:32.056031,34.503,8346873704,2040,6251,44,100,0
1777924292.0688608,2026-05-04T21:51:32.068861,33.528,8346873704,2040,6251,43,100,0
1777924292.0816648,2026-05-04T21:51:32.081665,33.528,8346876906,2040,6251,43,100,0
1777924292.0948787,2026-05-04T21:51:32.094879,33.528,8346876906,2040,6251,43,100,0
1777924292.1074893,2026-05-04T21:51:32.107489,33.528,8346876906,2040,6251,43,100,0
1777924292.120302,2026-05-04T21:51:32.120302,33.528,8346876906,2040,6251,43,100,0
1777924292.1327689,2026-05-04T21:51:32.132769,33.528,8346876906,2040,6251,43,100,0
1777924292.145504,2026-05-04T21:51:32.145504,33.528,8346876906,2040,6251,43,100,0
1777924292.1597364,2026-05-04T21:51:32.159736,33.466,8346876906,2040,6251,43,58,3
1777924292.1721961,2026-05-04T21:51:32.172196,33.466,8346876906,2040,6251,43,58,3
1777924292.184765,2026-05-04T21:51:32.184765,33.466,8346879976,2040,6251,43,58,3
1777924292.1998715,2026-05-04T21:51:32.199872,33.466,8346879976,2040,6251,43,58,3
1777924292.2121758,2026-05-04T21:51:32.212176,33.466,8346879976,2040,6251,43,58,3
1777924292.2295604,2026-05-04T21:51:32.229560,33.466,8346879976,2040,6251,43,58,3
1777924292.2464478,2026-05-04T21:51:32.246448,33.466,8346879976,2040,6251,43,58,3
1777924292.2647116,2026-05-04T21:51:32.264712,33.405,8346879976,2040,6251,43,58,3
1777924292.2884712,2026-05-04T21:51:32.288471,33.405,8346883329,2040,6251,43,58,3
1777924292.3081892,2026-05-04T21:51:32.308189,33.405,8346883329,2040,6251,43,58,3
1777924292.324939,2026-05-04T21:51:32.324939,33.405,8346883329,2040,6251,43,58,3
1777924292.3441875,2026-05-04T21:51:32.344187,33.405,8346883329,2040,6251,43,58,3
1777924292.3624532,2026-05-04T21:51:32.362453,33.768,8346883329,2040,6251,43,94,1
1777924292.3827896,2026-05-04T21:51:32.382790,33.768,8346886848,2040,6251,43,94,1
1777924292.4027503,2026-05-04T21:51:32.402750,33.768,8346886848,2040,6251,43,94,1
1777924292.4221008,2026-05-04T21:51:32.422101,33.768,8346886848,2040,6251,43,94,1
1777924292.442932,2026-05-04T21:51:32.442932,33.768,8346886848,2040,6251,43,94,1
1777924292.4618967,2026-05-04T21:51:32.461897,33.784,8346886848,2040,6251,44,94,1
1777924292.4833875,2026-05-04T21:51:32.483387,33.784,8346890370,2040,6251,44,94,1
1777924292.5068579,2026-05-04T21:51:32.506858,33.784,8346890370,2040,6251,44,94,1
1777924292.5238934,2026-05-04T21:51:32.523893,33.784,8346890370,2040,6251,44,94,1
1777924292.542516,2026-05-04T21:51:32.542516,33.784,8346890370,2040,6251,44,94,1
1777924292.5621436,2026-05-04T21:51:32.562144,33.785,8346890370,2040,6251,44,100,0
1777924292.5845628,2026-05-04T21:51:32.584563,33.785,8346893889,2040,6251,44,100,0
1777924292.6038532,2026-05-04T21:51:32.603853,33.785,8346893889,2040,6251,44,100,0
1777924292.6232483,2026-05-04T21:51:32.623248,33.785,8346893889,2040,6251,44,100,0
1777924292.6425018,2026-05-04T21:51:32.642502,33.785,8346893889,2040,6251,44,100,0
1777924292.6619272,2026-05-04T21:51:32.661927,33.785,8346893889,2040,6251,44,100,0
1777924292.6820695,2026-05-04T21:51:32.682070,33.785,8346897411,2040,6251,44,100,0
1777924292.7053595,2026-05-04T21:51:32.705359,33.785,8346897411,2040,6251,44,100,0
1777924292.7227905,2026-05-04T21:51:32.722790,33.785,8346897411,2040,6251,44,100,0
1777924292.7416844,2026-05-04T21:51:32.741684,33.785,8346897411,2040,6251,44,100,0
1777924292.7620072,2026-05-04T21:51:32.762007,33.457,8346897411,2040,6251,44,100,0
1777924292.7802565,2026-05-04T21:51:32.780257,33.457,8346900933,2040,6251,44,100,0
1777924292.8037145,2026-05-04T21:51:32.803715,33.457,8346900933,2040,6251,44,100,0
1777924292.821731,2026-05-04T21:51:32.821731,33.457,8346900933,2040,6251,44,100,0
1777924292.8412926,2026-05-04T21:51:32.841293,33.457,8346900933,2040,6251,44,100,0
1777924292.8631017,2026-05-04T21:51:32.863102,33.815,8346900933,2040,6251,44,100,0
1777924292.882198,2026-05-04T21:51:32.882198,33.815,8346904461,2040,6251,44,100,0
1777924292.903574,2026-05-04T21:51:32.903574,33.815,8346904461,2040,6251,44,100,0
1777924292.9239151,2026-05-04T21:51:32.923915,33.815,8346904461,2040,6251,44,100,0
1777924292.9433348,2026-05-04T21:51:32.943335,33.815,8346904461,2040,6251,44,100,0
1777924292.9628675,2026-05-04T21:51:32.962867,34.083,8346904461,2040,6251,44,100,0
1777924292.9829276,2026-05-04T21:51:32.982928,34.083,8346907986,2040,6251,44,100,0
1777924293.003171,2026-05-04T21:51:33.003171,34.083,8346907986,2040,6251,44,100,0
1777924293.0227993,2026-05-04T21:51:33.022799,34.083,8346907986,2040,6251,44,100,0
1777924293.0425303,2026-05-04T21:51:33.042530,34.083,8346907986,2040,6251,44,100,0
1777924293.061787,2026-05-04T21:51:33.061787,35.377,8346907986,2040,6251,44,100,0
1777924293.082264,2026-05-04T21:51:33.082264,34.092,8346911509,2040,6251,44,100,0
1777924293.1036818,2026-05-04T21:51:33.103682,34.092,8346911509,2040,6251,44,100,0
1777924293.1226397,2026-05-04T21:51:33.122640,34.092,8346911509,2040,6251,44,100,0
1777924293.1429553,2026-05-04T21:51:33.142955,34.092,8346911509,2040,6251,44,100,0
1777924293.1627457,2026-05-04T21:51:33.162746,34.475,8346911509,2040,6251,44,100,0
1777924293.1832166,2026-05-04T21:51:33.183217,34.475,8346915040,2040,6251,44,100,0
1777924293.2038603,2026-05-04T21:51:33.203860,34.475,8346915040,2040,6251,44,100,0
1777924293.2231348,2026-05-04T21:51:33.223135,34.475,8346915040,2040,6251,44,100,0
1777924293.2438097,2026-05-04T21:51:33.243810,34.475,8346915040,2040,6251,44,100,0
1777924293.263456,2026-05-04T21:51:33.263456,34.882,8346915040,2040,6251,44,100,0
1777924293.283376,2026-05-04T21:51:33.283376,34.882,8346918562,2040,6251,44,100,0
1777924293.3074727,2026-05-04T21:51:33.307473,34.882,8346918562,2040,6251,44,100,0
1777924293.327057,2026-05-04T21:51:33.327057,34.882,8346918562,2040,6251,44,100,0
1777924293.346787,2026-05-04T21:51:33.346787,34.882,8346918562,2040,6251,44,100,0
1777924293.3654761,2026-05-04T21:51:33.365476,35.299,8346918562,2040,6251,44,100,0
1777924293.385818,2026-05-04T21:51:33.385818,35.299,8346922083,2040,6251,44,100,0
1777924293.406886,2026-05-04T21:51:33.406886,35.299,8346922083,2040,6251,44,100,0
1777924293.4268675,2026-05-04T21:51:33.426867,35.299,8346922083,2040,6251,44,100,0
1777924293.4457042,2026-05-04T21:51:33.445704,35.299,8346922083,2040,6251,44,100,0
1777924293.4624853,2026-05-04T21:51:33.462485,35.299,8346922083,2040,6251,44,100,0
1777924293.4812768,2026-05-04T21:51:33.481277,35.308,8346925603,2040,6251,44,100,0
1777924293.5028732,2026-05-04T21:51:33.502873,35.308,8346925603,2040,6251,44,100,0
1777924293.5220938,2026-05-04T21:51:33.522094,35.308,8346925603,2040,6251,44,100,0
1777924293.5433476,2026-05-04T21:51:33.543348,35.308,8346925603,2040,6251,44,100,0
1777924293.5609071,2026-05-04T21:51:33.560907,35.308,8346925603,2040,6251,44,100,0
1777924293.5824013,2026-05-04T21:51:33.582401,35.299,8346929125,2040,6251,44,100,0
1777924293.6021416,2026-05-04T21:51:33.602142,35.299,8346929125,2040,6251,44,100,0
1777924293.621374,2026-05-04T21:51:33.621374,35.299,8346929125,2040,6251,44,100,0
1777924293.6424086,2026-05-04T21:51:33.642409,35.299,8346929125,2040,6251,44,100,0
1777924293.66114,2026-05-04T21:51:33.661140,35.299,8346929125,2040,6251,44,100,0
1777924293.6832716,2026-05-04T21:51:33.683272,35.299,8346932646,2040,6251,44,100,0
1777924293.7029371,2026-05-04T21:51:33.702937,35.299,8346932646,2040,6251,44,100,0
1777924293.7239072,2026-05-04T21:51:33.723907,35.299,8346932646,2040,6251,44,100,0
1777924293.743755,2026-05-04T21:51:33.743755,35.299,8346932646,2040,6251,44,100,0
1777924293.763207,2026-05-04T21:51:33.763207,35.29,8346932646,2040,6251,44,100,0
1777924293.7827978,2026-05-04T21:51:33.782798,35.29,8346936164,2040,6251,44,100,0
1777924293.8052003,2026-05-04T21:51:33.805200,35.29,8346936164,2040,6251,44,100,0
1777924293.827029,2026-05-04T21:51:33.827029,35.29,8346936164,2040,6251,44,100,0
1777924293.8473916,2026-05-04T21:51:33.847392,35.29,8346936164,2040,6251,44,100,0
1777924293.8682847,2026-05-04T21:51:33.868285,35.273,8346936164,2040,6251,44,100,0
1777924293.8905172,2026-05-04T21:51:33.890517,35.273,8346939685,2040,6251,44,100,0
1777924293.908365,2026-05-04T21:51:33.908365,35.273,8346939685,2040,6251,44,100,0
1777924293.9278696,2026-05-04T21:51:33.927870,35.273,8346939685,2040,6251,44,100,0
1777924293.947358,2026-05-04T21:51:33.947358,35.273,8346939685,2040,6251,44,100,0
1777924293.966171,2026-05-04T21:51:33.966171,35.282,8346939685,2040,6251,44,100,0
1777924293.9879153,2026-05-04T21:51:33.987915,35.282,8346943212,2040,6251,44,100,0
1777924294.0069196,2026-05-04T21:51:34.006920,35.282,8346943212,2040,6251,44,100,0
1777924294.0258517,2026-05-04T21:51:34.025852,35.282,8346943212,2040,6251,44,100,0
1777924294.0439396,2026-05-04T21:51:34.043940,35.282,8346943212,2040,6251,44,100,0
1777924294.0623748,2026-05-04T21:51:34.062375,35.282,8346943212,2040,6251,44,100,0
1777924294.0837042,2026-05-04T21:51:34.083704,35.282,8346946731,2040,6251,44,100,0
1777924294.104011,2026-05-04T21:51:34.104011,35.282,8346946731,2040,6251,44,100,0
1777924294.121477,2026-05-04T21:51:34.121477,35.282,8346946731,2040,6251,44,100,0
1777924294.142905,2026-05-04T21:51:34.142905,35.282,8346946731,2040,6251,44,100,0
1777924294.1633,2026-05-04T21:51:34.163300,35.273,8346946731,2040,6251,44,100,0
1777924294.186251,2026-05-04T21:51:34.186251,35.273,8346950247,2040,6251,44,100,0
1777924294.2045343,2026-05-04T21:51:34.204534,35.273,8346950247,2040,6251,44,100,0
1777924294.222935,2026-05-04T21:51:34.222935,35.273,8346950247,2040,6251,44,100,0
1777924294.243362,2026-05-04T21:51:34.243362,35.273,8346950247,2040,6251,44,100,0
1777924294.2635949,2026-05-04T21:51:34.263595,35.271,8346950247,2040,6251,44,100,0
1777924294.2826462,2026-05-04T21:51:34.282646,35.271,8346953773,2040,6251,44,100,0
1777924294.3031478,2026-05-04T21:51:34.303148,35.271,8346953773,2040,6251,44,100,0
1777924294.3214934,2026-05-04T21:51:34.321493,35.271,8346953773,2040,6251,44,100,0
1777924294.342102,2026-05-04T21:51:34.342102,35.271,8346953773,2040,6251,44,100,0
1777924294.3634403,2026-05-04T21:51:34.363440,35.271,8346953773,2040,6251,44,100,0
1777924294.383886,2026-05-04T21:51:34.383886,35.262,8346957294,2040,6251,44,100,0
1777924294.401294,2026-05-04T21:51:34.401294,35.262,8346957294,2040,6251,44,100,0
1777924294.4223444,2026-05-04T21:51:34.422344,35.262,8346957294,2040,6251,44,100,0
1777924294.440038,2026-05-04T21:51:34.440038,35.262,8346957294,2040,6251,44,100,0
1777924294.4578385,2026-05-04T21:51:34.457839,35.262,8346957294,2040,6251,44,100,0
1777924294.4772675,2026-05-04T21:51:34.477268,35.262,8346960830,2040,6251,44,100,0
1777924294.4953914,2026-05-04T21:51:34.495391,35.262,8346960830,2040,6251,44,100,0
1777924294.5155103,2026-05-04T21:51:34.515510,35.262,8346960830,2040,6251,44,100,0
1777924294.53349,2026-05-04T21:51:34.533490,35.262,8346960830,2040,6251,44,100,0
1777924294.5520055,2026-05-04T21:51:34.552006,35.262,8346960830,2040,6251,44,100,0
1777924294.5687647,2026-05-04T21:51:34.568765,35.262,8346960830,2040,6251,44,100,0
1777924294.5845282,2026-05-04T21:51:34.584528,35.27,8346964344,2040,6251,44,100,0
1777924294.603541,2026-05-04T21:51:34.603541,35.27,8346964344,2040,6251,44,100,0
1777924294.6235359,2026-05-04T21:51:34.623536,35.27,8346964344,2040,6251,44,100,0
1777924294.6432624,2026-05-04T21:51:34.643262,35.27,8346964344,2040,6251,44,100,0
1777924294.6632268,2026-05-04T21:51:34.663227,35.27,8346964344,2040,6251,44,100,0
1777924294.6826835,2026-05-04T21:51:34.682683,35.262,8346967870,2040,6251,44,100,0
1777924294.69585,2026-05-04T21:51:34.695850,35.262,8346967870,2040,6251,44,100,0
1777924294.7086759,2026-05-04T21:51:34.708676,35.262,8346967870,2040,6251,44,100,0
1777924294.7214136,2026-05-04T21:51:34.721414,35.262,8346967870,2040,6251,44,100,0
1777924294.7339098,2026-05-04T21:51:34.733910,35.262,8346967870,2040,6251,44,100,0
1777924294.7468429,2026-05-04T21:51:34.746843,35.262,8346967870,2040,6251,44,100,0
1777924294.7595758,2026-05-04T21:51:34.759576,35.262,8346967870,2040,6251,44,100,0
1777924294.7720904,2026-05-04T21:51:34.772090,35.262,8346967870,2040,6251,44,100,0
1777924294.7849576,2026-05-04T21:51:34.784958,35.341,8346971751,2040,6251,44,100,0
1777924294.7995203,2026-05-04T21:51:34.799520,35.341,8346971751,2040,6251,44,100,0
1777924294.8120244,2026-05-04T21:51:34.812024,35.341,8346971751,2040,6251,44,100,0
1777924294.8248677,2026-05-04T21:51:34.824868,35.341,8346971751,2040,6251,44,100,0
1777924294.839167,2026-05-04T21:51:34.839167,35.341,8346971751,2040,6251,44,100,0
1777924294.8516717,2026-05-04T21:51:34.851672,35.341,8346971751,2040,6251,44,100,0
1777924294.8644664,2026-05-04T21:51:34.864466,35.341,8346971751,2040,6251,44,100,0
1777924294.879012,2026-05-04T21:51:34.879012,35.74,8346975798,2040,6251,44,100,0
1777924294.8923993,2026-05-04T21:51:34.892399,35.74,8346975798,2040,6251,44,100,0
1777924294.905106,2026-05-04T21:51:34.905106,35.74,8346975798,2040,6251,44,100,0
1777924294.919118,2026-05-04T21:51:34.919118,35.74,8346975798,2040,6251,44,100,0
1777924294.9315643,2026-05-04T21:51:34.931564,35.74,8346975798,2040,6251,44,100,0
1777924294.9442792,2026-05-04T21:51:34.944279,35.74,8346975798,2040,6251,44,100,0
1777924294.9590812,2026-05-04T21:51:34.959081,35.74,8346975798,2040,6251,44,100,0
1777924294.971531,2026-05-04T21:51:34.971531,35.74,8346975798,2040,6251,44,100,0
1777924294.9843183,2026-05-04T21:51:34.984318,36.446,8346979969,2040,6251,44,100,2
1777924294.999455,2026-05-04T21:51:34.999455,36.446,8346979969,2040,6251,44,100,2
1777924295.0119557,2026-05-04T21:51:35.011956,36.446,8346979969,2040,6251,44,100,2
1777924295.0247617,2026-05-04T21:51:35.024762,36.446,8346979969,2040,6251,44,100,2
1777924295.0390213,2026-05-04T21:51:35.039021,36.446,8346979969,2040,6251,44,100,2
1777924295.0514874,2026-05-04T21:51:35.051487,36.446,8346979969,2040,6251,44,100,2
1777924295.0643094,2026-05-04T21:51:35.064309,36.446,8346979969,2040,6251,44,100,2
1777924295.0792406,2026-05-04T21:51:35.079241,36.939,8346984140,2040,6251,44,100,2
1777924295.0923295,2026-05-04T21:51:35.092330,36.939,8346984140,2040,6251,44,100,2
1777924295.1051311,2026-05-04T21:51:35.105131,36.939,8346984140,2040,6251,44,100,2
1777924295.119047,2026-05-04T21:51:35.119047,36.939,8346984140,2040,6251,44,100,2
1777924295.1314886,2026-05-04T21:51:35.131489,36.939,8346984140,2040,6251,44,100,2
1777924295.144201,2026-05-04T21:51:35.144201,36.939,8346984140,2040,6251,44,100,2
1777924295.1589456,2026-05-04T21:51:35.158946,36.939,8346984140,2040,6251,44,100,2
1777924295.1714475,2026-05-04T21:51:35.171448,36.939,8346984140,2040,6251,44,100,2
1777924295.1841276,2026-05-04T21:51:35.184128,37.764,8346988302,2040,6251,44,100,3
1777924295.1993945,2026-05-04T21:51:35.199394,37.764,8346988302,2040,6251,44,100,3
1777924295.2118676,2026-05-04T21:51:35.211868,37.764,8346988302,2040,6251,44,100,3
1777924295.2245367,2026-05-04T21:51:35.224537,37.764,8346988302,2040,6251,44,100,3
1777924295.2389836,2026-05-04T21:51:35.238984,37.764,8346988302,2040,6251,44,100,3
1777924295.2514415,2026-05-04T21:51:35.251441,37.764,8346988302,2040,6251,44,100,3
1777924295.2642224,2026-05-04T21:51:35.264222,37.764,8346988302,2040,6251,44,100,3
1777924295.2788482,2026-05-04T21:51:35.278848,38.122,8346992457,2040,6251,44,100,3
1777924295.292263,2026-05-04T21:51:35.292263,38.122,8346992457,2040,6251,44,100,3
1777924295.3050294,2026-05-04T21:51:35.305029,38.122,8346992457,2040,6251,44,100,3
1777924295.3191667,2026-05-04T21:51:35.319167,38.122,8346992457,2040,6251,44,100,3
1777924295.3315778,2026-05-04T21:51:35.331578,38.122,8346992457,2040,6251,44,100,3
1777924295.344268,2026-05-04T21:51:35.344268,38.122,8346992457,2040,6251,44,100,3
1777924295.3590484,2026-05-04T21:51:35.359048,38.122,8346992457,2040,6251,44,100,3
1777924295.3714445,2026-05-04T21:51:35.371444,38.122,8346992457,2040,6251,44,100,3
1777924295.3841774,2026-05-04T21:51:35.384177,39.071,8346995775,2040,6251,44,100,3
1777924295.3989875,2026-05-04T21:51:35.398988,39.071,8346995775,2040,6251,44,100,3
1777924295.411401,2026-05-04T21:51:35.411401,39.071,8346995775,2040,6251,44,100,3
1777924295.4239886,2026-05-04T21:51:35.423989,39.071,8346995775,2040,6251,44,100,3
1777924295.4388018,2026-05-04T21:51:35.438802,39.071,8346995775,2040,6251,44,100,3
1777924295.4511585,2026-05-04T21:51:35.451159,39.071,8346995775,2040,6251,44,100,3
1777924295.4638853,2026-05-04T21:51:35.463885,39.071,8346995775,2040,6251,44,100,3
1777924295.4787872,2026-05-04T21:51:35.478787,38.377,8346998909,2040,6251,44,100,3
1777924295.4921255,2026-05-04T21:51:35.492126,38.377,8346998909,2040,6251,44,100,3
1777924295.5048082,2026-05-04T21:51:35.504808,38.377,8346998909,2040,6251,44,100,3
1777924295.518836,2026-05-04T21:51:35.518836,38.377,8346998909,2040,6251,44,100,3
1777924295.53121,2026-05-04T21:51:35.531210,38.377,8346998909,2040,6251,44,100,3
1777924295.5439224,2026-05-04T21:51:35.543922,38.377,8346998909,2040,6251,44,100,3
1777924295.5587633,2026-05-04T21:51:35.558763,38.377,8346998909,2040,6251,44,100,3
1777924295.5711684,2026-05-04T21:51:35.571168,38.377,8346998909,2040,6251,44,100,3
1777924295.5838366,2026-05-04T21:51:35.583837,38.033,8347002046,2040,6251,43,100,0
1777924295.598885,2026-05-04T21:51:35.598885,38.033,8347002046,2040,6251,43,100,0
1777924295.611256,2026-05-04T21:51:35.611256,38.033,8347002046,2040,6251,43,100,0
1777924295.6239467,2026-05-04T21:51:35.623947,38.033,8347002046,2040,6251,43,100,0
1777924295.6390707,2026-05-04T21:51:35.639071,38.033,8347002046,2040,6251,43,100,0
1777924295.6514602,2026-05-04T21:51:35.651460,38.033,8347002046,2040,6251,43,100,0
1777924295.6641562,2026-05-04T21:51:35.664156,38.033,8347002046,2040,6251,43,100,0
1777924295.678744,2026-05-04T21:51:35.678744,37.695,8347005178,2040,6251,43,100,0
1777924295.6920464,2026-05-04T21:51:35.692046,37.695,8347005178,2040,6251,43,100,0
1777924295.7048354,2026-05-04T21:51:35.704835,37.695,8347005178,2040,6251,43,100,0
1777924295.718802,2026-05-04T21:51:35.718802,37.695,8347005178,2040,6251,43,100,0
1777924295.7311916,2026-05-04T21:51:35.731192,37.695,8347005178,2040,6251,43,100,0
1777924295.743859,2026-05-04T21:51:35.743859,37.695,8347005178,2040,6251,43,100,0
1777924295.7586458,2026-05-04T21:51:35.758646,37.695,8347005178,2040,6251,43,100,0
1777924295.7710376,2026-05-04T21:51:35.771038,37.695,8347005178,2040,6251,43,100,0
1777924295.7837462,2026-05-04T21:51:35.783746,37.459,8347008307,2040,6251,43,100,0
1777924295.7987688,2026-05-04T21:51:35.798769,37.459,8347008307,2040,6251,43,100,0
1777924295.8113227,2026-05-04T21:51:35.811323,37.459,8347008307,2040,6251,43,100,0
1777924295.824048,2026-05-04T21:51:35.824048,37.459,8347008307,2040,6251,43,100,0
1777924295.8387554,2026-05-04T21:51:35.838755,37.459,8347008307,2040,6251,43,100,0
1777924295.8511536,2026-05-04T21:51:35.851154,37.459,8347008307,2040,6251,43,100,0
1777924295.8638728,2026-05-04T21:51:35.863873,37.459,8347008307,2040,6251,43,100,0
1777924295.8786893,2026-05-04T21:51:35.878689,36.901,8347011435,2040,6251,43,100,0
1777924295.8919716,2026-05-04T21:51:35.891972,36.901,8347011435,2040,6251,43,100,0
1777924295.904727,2026-05-04T21:51:35.904727,36.901,8347011435,2040,6251,43,100,0
1777924295.9191167,2026-05-04T21:51:35.919117,36.901,8347011435,2040,6251,43,100,0
1777924295.931543,2026-05-04T21:51:35.931543,36.901,8347011435,2040,6251,43,100,0
1777924295.9441075,2026-05-04T21:51:35.944108,36.901,8347011435,2040,6251,43,100,0
1777924295.9586751,2026-05-04T21:51:35.958675,36.901,8347011435,2040,6251,43,100,0
1777924295.9712062,2026-05-04T21:51:35.971206,36.901,8347011435,2040,6251,43,100,0
1777924295.9837286,2026-05-04T21:51:35.983729,36.158,8347014567,2040,6251,43,100,0
1777924295.9988725,2026-05-04T21:51:35.998873,36.158,8347014567,2040,6251,43,100,0
1777924296.0114057,2026-05-04T21:51:36.011406,36.158,8347014567,2040,6251,43,100,0
1777924296.024037,2026-05-04T21:51:36.024037,36.158,8347014567,2040,6251,43,100,0
1777924296.0385993,2026-05-04T21:51:36.038599,36.158,8347014567,2040,6251,43,100,0
1777924296.0511377,2026-05-04T21:51:36.051138,36.158,8347014567,2040,6251,43,100,0
1777924296.0637686,2026-05-04T21:51:36.063769,36.158,8347014567,2040,6251,43,100,0
1777924296.0785916,2026-05-04T21:51:36.078592,35.203,8347017693,2040,6251,43,100,0
1777924296.0920656,2026-05-04T21:51:36.092066,35.203,8347017693,2040,6251,43,100,0
1777924296.1047854,2026-05-04T21:51:36.104785,35.203,8347017693,2040,6251,43,100,0
1777924296.1186874,2026-05-04T21:51:36.118687,35.203,8347017693,2040,6251,43,100,0
1777924296.1310527,2026-05-04T21:51:36.131053,35.203,8347017693,2040,6251,43,100,0
1777924296.1437693,2026-05-04T21:51:36.143769,35.203,8347017693,2040,6251,43,100,0
1777924296.1585803,2026-05-04T21:51:36.158580,35.203,8347017693,2040,6251,43,100,0
1777924296.1710212,2026-05-04T21:51:36.171021,35.203,8347017693,2040,6251,43,100,0
1777924296.1836314,2026-05-04T21:51:36.183631,34.265,8347020818,2040,6251,43,100,0
1777924296.199015,2026-05-04T21:51:36.199015,34.265,8347020818,2040,6251,43,100,0
1777924296.211431,2026-05-04T21:51:36.211431,34.265,8347020818,2040,6251,43,100,0
1777924296.2240198,2026-05-04T21:51:36.224020,34.265,8347020818,2040,6251,43,100,0
1777924296.2385397,2026-05-04T21:51:36.238540,34.265,8347020818,2040,6251,43,100,0
1777924296.2508795,2026-05-04T21:51:36.250880,34.265,8347020818,2040,6251,43,100,0
1777924296.2636526,2026-05-04T21:51:36.263653,34.265,8347020818,2040,6251,43,100,0
1777924296.2785182,2026-05-04T21:51:36.278518,33.308,8347023944,2040,6251,43,100,0
1777924296.2918613,2026-05-04T21:51:36.291861,33.308,8347023944,2040,6251,43,100,0
1777924296.30445,2026-05-04T21:51:36.304450,33.308,8347023944,2040,6251,43,100,0
1777924296.3185961,2026-05-04T21:51:36.318596,33.308,8347023944,2040,6251,43,100,0
1777924296.331033,2026-05-04T21:51:36.331033,33.308,8347023944,2040,6251,43,100,0
1777924296.3436692,2026-05-04T21:51:36.343669,33.308,8347023944,2040,6251,43,100,0
1777924296.3584898,2026-05-04T21:51:36.358490,33.308,8347023944,2040,6251,43,100,0
1777924296.3708677,2026-05-04T21:51:36.370868,33.308,8347023944,2040,6251,43,100,0
1777924296.383629,2026-05-04T21:51:36.383629,32.37,8347027069,2040,6251,43,100,0
1777924296.3987088,2026-05-04T21:51:36.398709,32.37,8347027069,2040,6251,43,100,0
1777924296.4111054,2026-05-04T21:51:36.411105,32.37,8347027069,2040,6251,43,100,0
1777924296.4238098,2026-05-04T21:51:36.423810,32.37,8347027069,2040,6251,43,100,0
1777924296.4384844,2026-05-04T21:51:36.438484,32.37,8347027069,2040,6251,43,100,0
1777924296.4508746,2026-05-04T21:51:36.450875,32.37,8347027069,2040,6251,43,100,0
1777924296.4635599,2026-05-04T21:51:36.463560,32.37,8347027069,2040,6251,43,100,0
1777924296.4786916,2026-05-04T21:51:36.478692,31.402,8347030198,2040,6251,43,100,0
1777924296.4918363,2026-05-04T21:51:36.491836,31.402,8347030198,2040,6251,43,100,0
1777924296.504584,2026-05-04T21:51:36.504584,31.402,8347030198,2040,6251,43,100,0
1777924296.5185726,2026-05-04T21:51:36.518573,31.402,8347030198,2040,6251,43,100,0
1777924296.5309343,2026-05-04T21:51:36.530934,31.402,8347030198,2040,6251,43,100,0
1777924296.5435135,2026-05-04T21:51:36.543514,31.402,8347030198,2040,6251,43,100,0
1777924296.5584617,2026-05-04T21:51:36.558462,31.402,8347030198,2040,6251,43,100,0
1777924296.570918,2026-05-04T21:51:36.570918,31.402,8347030198,2040,6251,43,100,0
1777924296.5836313,2026-05-04T21:51:36.583631,31.411,8347033325,2040,6251,43,100,0
1777924296.598648,2026-05-04T21:51:36.598648,31.411,8347033325,2040,6251,43,100,0
1777924296.6110914,2026-05-04T21:51:36.611091,31.411,8347033325,2040,6251,43,100,0
1777924296.62368,2026-05-04T21:51:36.623680,31.411,8347033325,2040,6251,43,100,0
1777924296.6385076,2026-05-04T21:51:36.638508,31.411,8347033325,2040,6251,43,100,0
1777924296.6508539,2026-05-04T21:51:36.650854,31.411,8347033325,2040,6251,43,100,0
1777924296.6635473,2026-05-04T21:51:36.663547,31.411,8347033325,2040,6251,43,100,0
1777924296.6784532,2026-05-04T21:51:36.678453,31.383,8347036455,2040,6251,43,100,0
1777924296.6917503,2026-05-04T21:51:36.691750,31.383,8347036455,2040,6251,43,100,0
1777924296.704334,2026-05-04T21:51:36.704334,31.383,8347036455,2040,6251,43,100,0
1777924296.7185519,2026-05-04T21:51:36.718552,31.383,8347036455,2040,6251,43,100,0
1777924296.7309566,2026-05-04T21:51:36.730957,31.383,8347036455,2040,6251,43,100,0
1777924296.7434447,2026-05-04T21:51:36.743445,31.383,8347036455,2040,6251,43,100,0
1777924296.7585955,2026-05-04T21:51:36.758595,31.383,8347036455,2040,6251,43,100,0
1777924296.770955,2026-05-04T21:51:36.770955,31.383,8347036455,2040,6251,43,100,0
1777924296.7834709,2026-05-04T21:51:36.783471,31.382,8347039569,2040,6251,43,100,0
1777924296.7984827,2026-05-04T21:51:36.798483,31.382,8347039569,2040,6251,43,100,0
1777924296.8137524,2026-05-04T21:51:36.813752,31.382,8347039569,2040,6251,43,100,0
1777924296.832091,2026-05-04T21:51:36.832091,31.382,8347039569,2040,6251,43,100,0
1777924296.851397,2026-05-04T21:51:36.851397,31.382,8347039569,2040,6251,43,100,0
1777924296.8692443,2026-05-04T21:51:36.869244,31.382,8347039569,2040,6251,43,100,0
1777924296.88768,2026-05-04T21:51:36.887680,31.365,8347042956,2040,6251,43,100,0
1777924296.9041069,2026-05-04T21:51:36.904107,31.365,8347042956,2040,6251,43,100,0
1777924296.9226403,2026-05-04T21:51:36.922640,31.365,8347042956,2040,6251,43,100,0
1777924296.9411488,2026-05-04T21:51:36.941149,31.365,8347042956,2040,6251,43,100,0
1777924296.961879,2026-05-04T21:51:36.961879,31.365,8347042956,2040,6251,43,100,0
1777924296.9831178,2026-05-04T21:51:36.983118,31.719,8347046478,2040,6251,44,100,0
1777924297.005468,2026-05-04T21:51:37.005468,31.719,8347046478,2040,6251,44,100,0
1777924297.0234933,2026-05-04T21:51:37.023493,31.719,8347046478,2040,6251,44,100,0
1777924297.0425446,2026-05-04T21:51:37.042545,31.719,8347046478,2040,6251,44,100,0
1777924297.0601175,2026-05-04T21:51:37.060117,31.719,8347046478,2040,6251,44,100,0
1777924297.0744963,2026-05-04T21:51:37.074496,31.719,8347046478,2040,6251,44,100,0
1777924297.0925868,2026-05-04T21:51:37.092587,32.441,8347050019,2040,6251,44,100,0
1777924297.1102164,2026-05-04T21:51:37.110216,32.441,8347050019,2040,6251,44,100,0
1777924297.1281877,2026-05-04T21:51:37.128188,32.441,8347050019,2040,6251,44,100,0
1777924297.1474674,2026-05-04T21:51:37.147467,32.441,8347050019,2040,6251,44,100,0
1777924297.166241,2026-05-04T21:51:37.166241,32.441,8347050019,2040,6251,44,100,0
1777924297.183871,2026-05-04T21:51:37.183871,32.441,8347053533,2040,6251,44,100,0
1777924297.201998,2026-05-04T21:51:37.201998,32.796,8347053533,2040,6251,44,100,0
1777924297.222225,2026-05-04T21:51:37.222225,32.796,8347053533,2040,6251,44,100,0
1777924297.2432098,2026-05-04T21:51:37.243210,32.796,8347053533,2040,6251,44,100,0
1777924297.2612076,2026-05-04T21:51:37.261208,32.796,8347053533,2040,6251,44,100,0
1777924297.278856,2026-05-04T21:51:37.278856,32.796,8347057058,2040,6251,44,100,0
1777924297.2961254,2026-05-04T21:51:37.296125,33.159,8347057058,2040,6251,44,100,0
1777924297.3137045,2026-05-04T21:51:37.313704,33.159,8347057058,2040,6251,44,100,0
1777924297.3313034,2026-05-04T21:51:37.331303,33.159,8347057058,2040,6251,44,100,0
1777924297.3514051,2026-05-04T21:51:37.351405,33.159,8347057058,2040,6251,44,100,0
1777924297.3701904,2026-05-04T21:51:37.370190,33.159,8347057058,2040,6251,44,100,0
1777924297.3891068,2026-05-04T21:51:37.389107,33.159,8347060581,2040,6251,44,100,0
1777924297.411644,2026-05-04T21:51:37.411644,33.517,8347060581,2040,6251,44,100,0
1777924297.4318793,2026-05-04T21:51:37.431879,33.517,8347060581,2040,6251,44,100,0
1777924297.4514375,2026-05-04T21:51:37.451437,33.517,8347060581,2040,6251,44,100,0
1777924297.4695275,2026-05-04T21:51:37.469527,33.517,8347060581,2040,6251,44,100,0
1777924297.4886732,2026-05-04T21:51:37.488673,33.871,8347064106,2040,6251,44,100,0
1777924297.5067797,2026-05-04T21:51:37.506780,33.871,8347064106,2040,6251,44,100,0
1777924297.5268712,2026-05-04T21:51:37.526871,33.871,8347064106,2040,6251,44,100,0
1777924297.545801,2026-05-04T21:51:37.545801,33.871,8347064106,2040,6251,44,100,0
1777924297.5657218,2026-05-04T21:51:37.565722,33.871,8347064106,2040,6251,44,100,0
1777924297.5842314,2026-05-04T21:51:37.584231,33.871,8347067627,2040,6251,44,100,0
1777924297.6036553,2026-05-04T21:51:37.603655,34.219,8347067627,2040,6251,44,100,0
1777924297.6242104,2026-05-04T21:51:37.624210,34.219,8347067627,2040,6251,44,100,0
1777924297.6431394,2026-05-04T21:51:37.643139,34.219,8347067627,2040,6251,44,100,0
1777924297.6617608,2026-05-04T21:51:37.661761,34.219,8347067627,2040,6251,44,100,0
1777924297.6827095,2026-05-04T21:51:37.682709,34.219,8347071148,2040,6251,44,100,0
1777924297.7014809,2026-05-04T21:51:37.701481,34.581,8347071148,2040,6251,44,100,0
1777924297.7225497,2026-05-04T21:51:37.722550,34.581,8347071148,2040,6251,44,100,0
1777924297.7421043,2026-05-04T21:51:37.742104,34.581,8347071148,2040,6251,44,100,0
1777924297.7612057,2026-05-04T21:51:37.761206,34.581,8347071148,2040,6251,44,100,0
1777924297.782513,2026-05-04T21:51:37.782513,34.581,8347074667,2040,6251,44,100,0
1777924297.8020368,2026-05-04T21:51:37.802037,34.939,8347074667,2040,6251,44,100,0
1777924297.8219047,2026-05-04T21:51:37.821905,34.939,8347074667,2040,6251,44,100,0
1777924297.8424819,2026-05-04T21:51:37.842482,34.939,8347074667,2040,6251,44,100,0
1777924297.8621936,2026-05-04T21:51:37.862194,34.939,8347074667,2040,6251,44,100,0
1777924297.8825285,2026-05-04T21:51:37.882529,34.939,8347078191,2040,6251,44,100,0
1777924297.905244,2026-05-04T21:51:37.905244,35.317,8347078191,2040,6251,44,100,0
1777924297.9255888,2026-05-04T21:51:37.925589,35.317,8347078191,2040,6251,44,100,0
1777924297.9410949,2026-05-04T21:51:37.941095,35.317,8347078191,2040,6251,44,100,0
1777924297.9593768,2026-05-04T21:51:37.959377,35.317,8347078191,2040,6251,44,100,0
1777924297.981341,2026-05-04T21:51:37.981341,35.317,8347081711,2040,6251,44,100,0
1777924298.0035377,2026-05-04T21:51:38.003538,35.325,8347081711,2040,6251,44,100,0
1777924298.022468,2026-05-04T21:51:38.022468,35.325,8347081711,2040,6251,44,100,0
1777924298.0413802,2026-05-04T21:51:38.041380,35.325,8347081711,2040,6251,44,100,0
1777924298.0610328,2026-05-04T21:51:38.061033,35.325,8347081711,2040,6251,44,100,0
1777924298.081581,2026-05-04T21:51:38.081581,35.325,8347085236,2040,6251,44,100,0
1777924298.1033878,2026-05-04T21:51:38.103388,35.323,8347085236,2040,6251,44,100,0
1777924298.123583,2026-05-04T21:51:38.123583,35.323,8347085236,2040,6251,44,100,0
1777924298.1427748,2026-05-04T21:51:38.142775,35.323,8347085236,2040,6251,44,100,0
1777924298.1601512,2026-05-04T21:51:38.160151,35.323,8347085236,2040,6251,44,100,0
1777924298.180704,2026-05-04T21:51:38.180704,35.323,8347088757,2040,6251,44,100,0
1777924298.201769,2026-05-04T21:51:38.201769,35.315,8347088757,2040,6251,44,100,0
1777924298.2235591,2026-05-04T21:51:38.223559,35.315,8347088757,2040,6251,44,100,0
1777924298.2415788,2026-05-04T21:51:38.241579,35.315,8347088757,2040,6251,44,100,0
1777924298.2613628,2026-05-04T21:51:38.261363,35.315,8347088757,2040,6251,44,100,0
1777924298.2817862,2026-05-04T21:51:38.281786,35.315,8347092276,2040,6251,44,100,0
1777924298.3038373,2026-05-04T21:51:38.303837,35.288,8347092276,2040,6251,44,100,0
1777924298.3226929,2026-05-04T21:51:38.322693,35.288,8347092276,2040,6251,44,100,0
1777924298.3423593,2026-05-04T21:51:38.342359,35.288,8347092276,2040,6251,44,100,0
1777924298.359357,2026-05-04T21:51:38.359357,35.288,8347092276,2040,6251,44,100,0
1777924298.3818667,2026-05-04T21:51:38.381867,35.288,8347095794,2040,6251,44,100,0
1777924298.4013307,2026-05-04T21:51:38.401331,35.278,8347095794,2040,6251,44,100,0
1777924298.422032,2026-05-04T21:51:38.422032,35.278,8347095794,2040,6251,44,100,0
1777924298.4423163,2026-05-04T21:51:38.442316,35.278,8347095794,2040,6251,44,100,0
1777924298.4623067,2026-05-04T21:51:38.462307,35.278,8347095794,2040,6251,44,100,0
1777924298.481521,2026-05-04T21:51:38.481521,35.278,8347099319,2040,6251,44,100,0
1777924298.5033512,2026-05-04T21:51:38.503351,35.287,8347099319,2040,6251,44,100,0
1777924298.5234444,2026-05-04T21:51:38.523444,35.287,8347099319,2040,6251,44,100,0
1777924298.5420036,2026-05-04T21:51:38.542004,35.287,8347099319,2040,6251,44,100,0
1777924298.5614758,2026-05-04T21:51:38.561476,35.287,8347099319,2040,6251,44,100,0
1777924298.581603,2026-05-04T21:51:38.581603,35.287,8347102843,2040,6251,44,100,0
1777924298.6020963,2026-05-04T21:51:38.602096,35.287,8347102843,2040,6251,44,100,0
1777924298.6229026,2026-05-04T21:51:38.622903,35.287,8347102843,2040,6251,44,100,0
1777924298.6432993,2026-05-04T21:51:38.643299,35.287,8347102843,2040,6251,44,100,0
1777924298.661748,2026-05-04T21:51:38.661748,35.287,8347102843,2040,6251,44,100,0
1777924298.6785772,2026-05-04T21:51:38.678577,35.287,8347106385,2040,6251,44,100,0
1777924298.6912148,2026-05-04T21:51:38.691215,35.287,8347106385,2040,6251,44,100,0
1777924298.7040212,2026-05-04T21:51:38.704021,35.491,8347106385,2040,6251,44,100,0
1777924298.718181,2026-05-04T21:51:38.718181,35.491,8347106385,2040,6251,44,100,0
1777924298.730687,2026-05-04T21:51:38.730687,35.491,8347106385,2040,6251,44,100,0
1777924298.7433572,2026-05-04T21:51:38.743357,35.491,8347106385,2040,6251,44,100,0
1777924298.7577848,2026-05-04T21:51:38.757785,35.491,8347106385,2040,6251,44,100,0
1777924298.77024,2026-05-04T21:51:38.770240,35.491,8347106385,2040,6251,44,100,0
1777924298.7830918,2026-05-04T21:51:38.783092,35.491,8347110292,2040,6251,44,100,0
1777924298.798089,2026-05-04T21:51:38.798089,35.863,8347110292,2040,6251,44,100,2
1777924298.810681,2026-05-04T21:51:38.810681,35.863,8347110292,2040,6251,44,100,2
1777924298.8233595,2026-05-04T21:51:38.823359,35.863,8347110292,2040,6251,44,100,2
1777924298.837934,2026-05-04T21:51:38.837934,35.863,8347110292,2040,6251,44,100,2
1777924298.850409,2026-05-04T21:51:38.850409,35.863,8347110292,2040,6251,44,100,2
1777924298.8632238,2026-05-04T21:51:38.863224,35.863,8347110292,2040,6251,44,100,2
1777924298.8778384,2026-05-04T21:51:38.877838,35.863,8347114412,2040,6251,44,100,2
1777924298.8911662,2026-05-04T21:51:38.891166,35.863,8347114412,2040,6251,44,100,2
1777924298.9038017,2026-05-04T21:51:38.903802,36.573,8347114412,2040,6251,44,100,2
1777924298.9179096,2026-05-04T21:51:38.917910,36.573,8347114412,2040,6251,44,100,2
1777924298.930403,2026-05-04T21:51:38.930403,36.573,8347114412,2040,6251,44,100,2
1777924298.9430518,2026-05-04T21:51:38.943052,36.573,8347114412,2040,6251,44,100,2
1777924298.957742,2026-05-04T21:51:38.957742,36.573,8347114412,2040,6251,44,100,2
1777924298.9702291,2026-05-04T21:51:38.970229,36.573,8347114412,2040,6251,44,100,2
1777924298.982933,2026-05-04T21:51:38.982933,36.573,8347118580,2040,6251,44,100,2
1777924298.9981854,2026-05-04T21:51:38.998185,37.044,8347118580,2040,6251,44,100,3
1777924299.0107627,2026-05-04T21:51:39.010763,37.044,8347118580,2040,6251,44,100,3
1777924299.0234053,2026-05-04T21:51:39.023405,37.044,8347118580,2040,6251,44,100,3
1777924299.0377789,2026-05-04T21:51:39.037779,37.044,8347118580,2040,6251,44,100,3
1777924299.0502517,2026-05-04T21:51:39.050252,37.044,8347118580,2040,6251,44,100,3
1777924299.0630686,2026-05-04T21:51:39.063069,37.044,8347118580,2040,6251,44,100,3
1777924299.0776463,2026-05-04T21:51:39.077646,37.044,8347122747,2040,6251,44,100,3
1777924299.0911372,2026-05-04T21:51:39.091137,37.044,8347122747,2040,6251,44,100,3
1777924299.1038942,2026-05-04T21:51:39.103894,37.882,8347122747,2040,6251,45,100,3
1777924299.1178496,2026-05-04T21:51:39.117850,37.882,8347122747,2040,6251,45,100,3
1777924299.130316,2026-05-04T21:51:39.130316,37.882,8347122747,2040,6251,45,100,3
1777924299.1431098,2026-05-04T21:51:39.143110,37.882,8347122747,2040,6251,45,100,3
1777924299.1576817,2026-05-04T21:51:39.157682,37.882,8347122747,2040,6251,45,100,3
1777924299.1700926,2026-05-04T21:51:39.170093,37.882,8347122747,2040,6251,45,100,3
1777924299.18269,2026-05-04T21:51:39.182690,37.882,8347126493,2040,6251,45,100,3
1777924299.197765,2026-05-04T21:51:39.197765,37.32,8347126493,2040,6251,45,100,1
1777924299.210221,2026-05-04T21:51:39.210221,37.32,8347126493,2040,6251,45,100,1
1777924299.2229211,2026-05-04T21:51:39.222921,37.32,8347126493,2040,6251,45,100,1
1777924299.237627,2026-05-04T21:51:39.237627,37.32,8347126493,2040,6251,45,100,1
1777924299.2500255,2026-05-04T21:51:39.250026,37.32,8347126493,2040,6251,45,100,1
1777924299.2627022,2026-05-04T21:51:39.262702,37.32,8347126493,2040,6251,45,100,1
1777924299.2777827,2026-05-04T21:51:39.277783,37.32,8347129627,2040,6251,45,100,1
1777924299.2909722,2026-05-04T21:51:39.290972,37.32,8347129627,2040,6251,45,100,1
1777924299.303736,2026-05-04T21:51:39.303736,37.158,8347129627,2040,6251,44,100,1
1777924299.317658,2026-05-04T21:51:39.317658,37.158,8347129627,2040,6251,44,100,1
1777924299.330063,2026-05-04T21:51:39.330063,37.158,8347129627,2040,6251,44,100,1
1777924299.3427823,2026-05-04T21:51:39.342782,37.158,8347129627,2040,6251,44,100,1
1777924299.357538,2026-05-04T21:51:39.357538,37.158,8347129627,2040,6251,44,100,1
1777924299.3698852,2026-05-04T21:51:39.369885,37.158,8347129627,2040,6251,44,100,1
1777924299.3824792,2026-05-04T21:51:39.382479,37.158,8347132764,2040,6251,44,100,1
1777924299.3977442,2026-05-04T21:51:39.397744,36.644,8347132764,2040,6251,44,100,0
1777924299.4102206,2026-05-04T21:51:39.410221,36.644,8347132764,2040,6251,44,100,0
1777924299.4229443,2026-05-04T21:51:39.422944,36.644,8347132764,2040,6251,44,100,0
1777924299.437554,2026-05-04T21:51:39.437554,36.644,8347132764,2040,6251,44,100,0
1777924299.449932,2026-05-04T21:51:39.449932,36.644,8347132764,2040,6251,44,100,0
1777924299.462675,2026-05-04T21:51:39.462675,36.644,8347132764,2040,6251,44,100,0
1777924299.4775152,2026-05-04T21:51:39.477515,36.644,8347135898,2040,6251,44,100,0
1777924299.4909055,2026-05-04T21:51:39.490906,36.644,8347135898,2040,6251,44,100,0
1777924299.5035894,2026-05-04T21:51:39.503589,36.376,8347135898,2040,6251,44,100,0
1777924299.5176713,2026-05-04T21:51:39.517671,36.376,8347135898,2040,6251,44,100,0
1777924299.5302055,2026-05-04T21:51:39.530205,36.376,8347135898,2040,6251,44,100,0
1777924299.5427897,2026-05-04T21:51:39.542790,36.376,8347135898,2040,6251,44,100,0
1777924299.5578306,2026-05-04T21:51:39.557831,36.376,8347135898,2040,6251,44,100,0
1777924299.570255,2026-05-04T21:51:39.570255,36.376,8347135898,2040,6251,44,100,0
1777924299.5828357,2026-05-04T21:51:39.582836,36.376,8347139024,2040,6251,44,100,0
1777924299.5977116,2026-05-04T21:51:39.597712,35.925,8347139024,2040,6251,44,100,0
1777924299.610185,2026-05-04T21:51:39.610185,35.925,8347139024,2040,6251,44,100,0
1777924299.622867,2026-05-04T21:51:39.622867,35.925,8347139024,2040,6251,44,100,0
1777924299.6375368,2026-05-04T21:51:39.637537,35.925,8347139024,2040,6251,44,100,0
1777924299.6499295,2026-05-04T21:51:39.649930,35.925,8347139024,2040,6251,44,100,0
1777924299.6626248,2026-05-04T21:51:39.662625,35.925,8347139024,2040,6251,44,100,0
1777924299.6774805,2026-05-04T21:51:39.677480,35.925,8347142155,2040,6251,44,100,0
1777924299.6907725,2026-05-04T21:51:39.690773,35.925,8347142155,2040,6251,44,100,0
1777924299.7035472,2026-05-04T21:51:39.703547,35.575,8347142155,2040,6251,43,100,0
1777924299.717529,2026-05-04T21:51:39.717529,35.575,8347142155,2040,6251,43,100,0
1777924299.7299545,2026-05-04T21:51:39.729954,35.575,8347142155,2040,6251,43,100,0
1777924299.742699,2026-05-04T21:51:39.742699,35.575,8347142155,2040,6251,43,100,0
1777924299.7574537,2026-05-04T21:51:39.757454,35.575,8347142155,2040,6251,43,100,0
1777924299.7698271,2026-05-04T21:51:39.769827,35.575,8347142155,2040,6251,43,100,0
1777924299.7825315,2026-05-04T21:51:39.782531,35.575,8347145282,2040,6251,43,100,0
1777924299.7976027,2026-05-04T21:51:39.797603,35.031,8347145282,2040,6251,43,100,0
1777924299.8100414,2026-05-04T21:51:39.810041,35.031,8347145282,2040,6251,43,100,0
1777924299.8228102,2026-05-04T21:51:39.822810,35.031,8347145282,2040,6251,43,100,0
1777924299.837856,2026-05-04T21:51:39.837856,35.031,8347145282,2040,6251,43,100,0
1777924299.8502889,2026-05-04T21:51:39.850289,35.031,8347145282,2040,6251,43,100,0
1777924299.8628716,2026-05-04T21:51:39.862872,35.031,8347145282,2040,6251,43,100,0
1777924299.877425,2026-05-04T21:51:39.877425,35.031,8347148414,2040,6251,43,100,0
1777924299.8907447,2026-05-04T21:51:39.890745,35.031,8347148414,2040,6251,43,100,0
1777924299.903291,2026-05-04T21:51:39.903291,34.289,8347148414,2040,6251,43,100,0
1777924299.9175684,2026-05-04T21:51:39.917568,34.289,8347148414,2040,6251,43,100,0
1777924299.9299421,2026-05-04T21:51:39.929942,34.289,8347148414,2040,6251,43,100,0
1777924299.9426558,2026-05-04T21:51:39.942656,34.289,8347148414,2040,6251,43,100,0
1777924299.9573908,2026-05-04T21:51:39.957391,34.289,8347148414,2040,6251,43,100,0
1777924299.9697824,2026-05-04T21:51:39.969782,34.289,8347148414,2040,6251,43,100,0
1777924299.9824812,2026-05-04T21:51:39.982481,34.289,8347151544,2040,6251,43,100,0
1777924299.997517,2026-05-04T21:51:39.997517,33.326,8347151544,2040,6251,43,100,0
1777924300.0100288,2026-05-04T21:51:40.010029,33.326,8347151544,2040,6251,43,100,0
1777924300.0226333,2026-05-04T21:51:40.022633,33.326,8347151544,2040,6251,43,100,0
1777924300.0374508,2026-05-04T21:51:40.037451,33.326,8347151544,2040,6251,43,100,0
1777924300.0498433,2026-05-04T21:51:40.049843,33.326,8347151544,2040,6251,43,100,0
1777924300.0625541,2026-05-04T21:51:40.062554,33.326,8347151544,2040,6251,43,100,0
1777924300.0773578,2026-05-04T21:51:40.077358,33.326,8347154678,2040,6251,43,100,0
1777924300.090665,2026-05-04T21:51:40.090665,33.326,8347154678,2040,6251,43,100,0
1777924300.1033804,2026-05-04T21:51:40.103380,32.391,8347154678,2040,6251,43,100,0
1777924300.1178424,2026-05-04T21:51:40.117842,32.391,8347154678,2040,6251,43,100,0
1777924300.1302605,2026-05-04T21:51:40.130260,32.391,8347154678,2040,6251,43,100,0
1777924300.1428373,2026-05-04T21:51:40.142837,32.391,8347154678,2040,6251,43,100,0
1777924300.15737,2026-05-04T21:51:40.157370,32.391,8347154678,2040,6251,43,100,0
1777924300.1697075,2026-05-04T21:51:40.169708,32.391,8347154678,2040,6251,43,100,0
1777924300.1822855,2026-05-04T21:51:40.182286,32.391,8347157804,2040,6251,43,100,0
1777924300.1974633,2026-05-04T21:51:40.197463,31.405,8347157804,2040,6251,43,100,0
1777924300.209856,2026-05-04T21:51:40.209856,31.405,8347157804,2040,6251,43,100,0
1777924300.2223396,2026-05-04T21:51:40.222340,31.405,8347157804,2040,6251,43,100,0
1777924300.2372677,2026-05-04T21:51:40.237268,31.405,8347157804,2040,6251,43,100,0
1777924300.2609344,2026-05-04T21:51:40.260934,31.405,8347157804,2040,6251,43,100,0
1777924300.2806478,2026-05-04T21:51:40.280648,31.405,8347161049,2040,6251,43,100,0
1777924300.3065858,2026-05-04T21:51:40.306586,31.708,8347161049,2040,6251,43,100,0
1777924300.328215,2026-05-04T21:51:40.328215,31.708,8347161049,2040,6251,43,100,0
1777924300.3500495,2026-05-04T21:51:40.350049,31.708,8347161049,2040,6251,43,100,0
1777924300.3735619,2026-05-04T21:51:40.373562,31.708,8347164579,2040,6251,43,100,0
1777924300.391646,2026-05-04T21:51:40.391646,31.708,8347164579,2040,6251,43,100,0
1777924300.411571,2026-05-04T21:51:40.411571,32.131,8347164579,2040,6251,44,100,0
1777924300.4312701,2026-05-04T21:51:40.431270,32.131,8347164579,2040,6251,44,100,0
1777924300.4506726,2026-05-04T21:51:40.450673,32.131,8347164579,2040,6251,44,100,0
1777924300.4716902,2026-05-04T21:51:40.471690,32.131,8347164579,2040,6251,44,100,0
1777924300.49029,2026-05-04T21:51:40.490290,32.131,8347168094,2040,6251,44,100,0
1777924300.5094495,2026-05-04T21:51:40.509449,32.411,8347168094,2040,6251,44,100,0
1777924300.5302942,2026-05-04T21:51:40.530294,32.411,8347168094,2040,6251,44,100,0
1777924300.5489106,2026-05-04T21:51:40.548911,32.411,8347168094,2040,6251,44,100,0
1777924300.5695398,2026-05-04T21:51:40.569540,32.411,8347168094,2040,6251,44,100,0
1777924300.5894842,2026-05-04T21:51:40.589484,32.411,8347171620,2040,6251,44,100,0
1777924300.606892,2026-05-04T21:51:40.606892,32.777,8347171620,2040,6251,44,100,0
1777924300.6304305,2026-05-04T21:51:40.630430,32.777,8347171620,2040,6251,44,100,0
1777924300.6489437,2026-05-04T21:51:40.648944,32.777,8347171620,2040,6251,44,100,0
1777924300.669236,2026-05-04T21:51:40.669236,32.777,8347171620,2040,6251,44,100,0
1777924300.68519,2026-05-04T21:51:40.685190,32.777,8347175141,2040,6251,44,100,0
1777924300.7038772,2026-05-04T21:51:40.703877,32.777,8347175141,2040,6251,44,100,0
1777924300.7267764,2026-05-04T21:51:40.726776,33.13,8347175141,2040,6251,44,100,0
1777924300.743873,2026-05-04T21:51:40.743873,33.13,8347175141,2040,6251,44,100,0
1777924300.7632303,2026-05-04T21:51:40.763230,33.13,8347175141,2040,6251,44,100,0
1777924300.7838488,2026-05-04T21:51:40.783849,33.13,8347178672,2040,6251,44,100,0
1777924300.8039582,2026-05-04T21:51:40.803958,33.13,8347178672,2040,6251,44,100,0
1777924300.821966,2026-05-04T21:51:40.821966,33.487,8347178672,2040,6251,44,100,0
1777924300.8431456,2026-05-04T21:51:40.843146,33.487,8347178672,2040,6251,44,100,0
1777924300.8609686,2026-05-04T21:51:40.860969,33.487,8347178672,2040,6251,44,100,0
1777924300.8822072,2026-05-04T21:51:40.882207,33.487,8347182198,2040,6251,44,100,0
1777924300.9019039,2026-05-04T21:51:40.901904,33.487,8347182198,2040,6251,44,100,0
1777924300.9213035,2026-05-04T21:51:40.921304,33.866,8347182198,2040,6251,44,100,0
1777924300.9404657,2026-05-04T21:51:40.940466,33.866,8347182198,2040,6251,44,100,0
1777924300.9628377,2026-05-04T21:51:40.962838,33.866,8347182198,2040,6251,44,100,0
1777924300.9830143,2026-05-04T21:51:40.983014,33.866,8347185721,2040,6251,44,100,0
1777924301.000706,2026-05-04T21:51:41.000706,33.866,8347185721,2040,6251,44,100,0
1777924301.0211082,2026-05-04T21:51:41.021108,34.206,8347185721,2040,6251,44,100,0
1777924301.0393333,2026-05-04T21:51:41.039333,34.206,8347185721,2040,6251,44,100,0
1777924301.061023,2026-05-04T21:51:41.061023,34.206,8347185721,2040,6251,44,100,0
1777924301.0809464,2026-05-04T21:51:41.080946,34.206,8347189242,2040,6251,44,100,0
1777924301.1021323,2026-05-04T21:51:41.102132,34.206,8347189242,2040,6251,44,100,0
1777924301.1226854,2026-05-04T21:51:41.122685,34.56,8347189242,2040,6251,44,100,0
1777924301.140328,2026-05-04T21:51:41.140328,34.56,8347189242,2040,6251,44,100,0
1777924301.1616323,2026-05-04T21:51:41.161632,34.56,8347189242,2040,6251,44,100,0
1777924301.1797106,2026-05-04T21:51:41.179711,34.56,8347192764,2040,6251,44,100,0
1777924301.1999605,2026-05-04T21:51:41.199960,34.56,8347192764,2040,6251,44,100,0
1777924301.2212017,2026-05-04T21:51:41.221202,34.912,8347192764,2040,6251,44,100,0
1777924301.241923,2026-05-04T21:51:41.241923,34.912,8347192764,2040,6251,44,100,0
1777924301.2618318,2026-05-04T21:51:41.261832,34.912,8347192764,2040,6251,44,100,0
1777924301.2812889,2026-05-04T21:51:41.281289,34.912,8347196289,2040,6251,44,100,0
1777924301.301654,2026-05-04T21:51:41.301654,34.912,8347196289,2040,6251,44,100,0
1777924301.3196018,2026-05-04T21:51:41.319602,35.283,8347196289,2040,6251,44,100,0
1777924301.3405583,2026-05-04T21:51:41.340558,35.283,8347196289,2040,6251,44,100,0
1777924301.3612561,2026-05-04T21:51:41.361256,35.283,8347196289,2040,6251,44,100,0
1777924301.3825023,2026-05-04T21:51:41.382502,35.283,8347199817,2040,6251,44,100,0
1777924301.4017434,2026-05-04T21:51:41.401743,35.283,8347199817,2040,6251,44,100,0
1777924301.4220517,2026-05-04T21:51:41.422052,35.32,8347199817,2040,6251,44,100,0
1777924301.443343,2026-05-04T21:51:41.443343,35.32,8347199817,2040,6251,44,100,0
1777924301.4626641,2026-05-04T21:51:41.462664,35.32,8347199817,2040,6251,44,100,0
1777924301.478819,2026-05-04T21:51:41.478819,35.32,8347203343,2040,6251,44,100,0
1777924301.5000072,2026-05-04T21:51:41.500007,35.32,8347203343,2040,6251,44,100,0
1777924301.522316,2026-05-04T21:51:41.522316,35.304,8347203343,2040,6251,44,100,0
1777924301.5417397,2026-05-04T21:51:41.541740,35.304,8347203343,2040,6251,44,100,0
1777924301.5610995,2026-05-04T21:51:41.561100,35.304,8347203343,2040,6251,44,100,0
1777924301.5810049,2026-05-04T21:51:41.581005,35.304,8347206863,2040,6251,44,100,0
1777924301.6005332,2026-05-04T21:51:41.600533,35.304,8347206863,2040,6251,44,100,0
1777924301.6131685,2026-05-04T21:51:41.613168,35.304,8347206863,2040,6251,44,100,0
1777924301.6260874,2026-05-04T21:51:41.626087,35.306,8347206863,2040,6251,44,100,0
1777924301.6387906,2026-05-04T21:51:41.638791,35.306,8347206863,2040,6251,44,100,0
1777924301.6513362,2026-05-04T21:51:41.651336,35.306,8347206863,2040,6251,44,100,0
1777924301.6640859,2026-05-04T21:51:41.664086,35.306,8347206863,2040,6251,44,100,0
1777924301.6768544,2026-05-04T21:51:41.676854,35.306,8347210676,2040,6251,44,100,0
1777924301.6903632,2026-05-04T21:51:41.690363,35.306,8347210676,2040,6251,44,100,0
1777924301.703041,2026-05-04T21:51:41.703041,35.306,8347210676,2040,6251,44,100,0
1777924301.7170432,2026-05-04T21:51:41.717043,35.723,8347210676,2040,6251,44,100,0
1777924301.7297454,2026-05-04T21:51:41.729745,35.723,8347210676,2040,6251,44,100,0
1777924301.742511,2026-05-04T21:51:41.742511,35.723,8347210676,2040,6251,44,100,0
1777924301.7569618,2026-05-04T21:51:41.756962,35.723,8347210676,2040,6251,44,100,0
1777924301.7695868,2026-05-04T21:51:41.769587,35.723,8347210676,2040,6251,44,100,0
1777924301.7822905,2026-05-04T21:51:41.782290,35.723,8347214781,2040,6251,44,100,0
1777924301.7973273,2026-05-04T21:51:41.797327,35.723,8347214781,2040,6251,44,100,0
1777924301.8099613,2026-05-04T21:51:41.809961,35.723,8347214781,2040,6251,44,100,0
1777924301.8226764,2026-05-04T21:51:41.822676,36.299,8347214781,2040,6251,44,100,3
1777924301.836962,2026-05-04T21:51:41.836962,36.299,8347214781,2040,6251,44,100,3
1777924301.8495731,2026-05-04T21:51:41.849573,36.299,8347214781,2040,6251,44,100,3
1777924301.8623085,2026-05-04T21:51:41.862309,36.299,8347214781,2040,6251,44,100,3
1777924301.8767493,2026-05-04T21:51:41.876749,36.299,8347218946,2040,6251,44,100,3
1777924301.8902004,2026-05-04T21:51:41.890200,36.299,8347218946,2040,6251,44,100,3
1777924301.9029725,2026-05-04T21:51:41.902972,36.299,8347218946,2040,6251,44,100,3
1777924301.9169207,2026-05-04T21:51:41.916921,37.016,8347218946,2040,6251,45,100,3
1777924301.9296343,2026-05-04T21:51:41.929634,37.016,8347218946,2040,6251,45,100,3
1777924301.9423854,2026-05-04T21:51:41.942385,37.016,8347218946,2040,6251,45,100,3
1777924301.9568076,2026-05-04T21:51:41.956808,37.016,8347218946,2040,6251,45,100,3
1777924301.9691384,2026-05-04T21:51:41.969138,37.016,8347218946,2040,6251,45,100,3
1777924301.9817579,2026-05-04T21:51:41.981758,37.016,8347222700,2040,6251,45,100,3
1777924301.996806,2026-05-04T21:51:41.996806,37.016,8347222700,2040,6251,45,100,3
1777924302.0091758,2026-05-04T21:51:42.009176,37.016,8347222700,2040,6251,45,100,3
1777924302.0217445,2026-05-04T21:51:42.021744,36.516,8347222700,2040,6251,45,100,1
1777924302.0367932,2026-05-04T21:51:42.036793,36.516,8347222700,2040,6251,45,100,1
1777924302.0491679,2026-05-04T21:51:42.049168,36.516,8347222700,2040,6251,45,100,1
1777924302.0618503,2026-05-04T21:51:42.061850,36.516,8347222700,2040,6251,45,100,1
1777924302.0769227,2026-05-04T21:51:42.076923,36.516,8347225838,2040,6251,45,100,1
1777924302.090112,2026-05-04T21:51:42.090112,36.516,8347225838,2040,6251,45,100,1
1777924302.1028028,2026-05-04T21:51:42.102803,36.516,8347225838,2040,6251,45,100,1
1777924302.1168299,2026-05-04T21:51:42.116830,36.264,8347225838,2040,6251,44,100,1
1777924302.129287,2026-05-04T21:51:42.129287,36.264,8347225838,2040,6251,44,100,1
1777924302.1419866,2026-05-04T21:51:42.141987,36.264,8347225838,2040,6251,44,100,1
1777924302.1567063,2026-05-04T21:51:42.156706,36.264,8347225838,2040,6251,44,100,1
1777924302.1691327,2026-05-04T21:51:42.169133,36.264,8347225838,2040,6251,44,100,1
1777924302.1817114,2026-05-04T21:51:42.181711,36.264,8347228972,2040,6251,44,100,1
1777924302.196901,2026-05-04T21:51:42.196901,36.264,8347228972,2040,6251,44,100,1
1777924302.2092779,2026-05-04T21:51:42.209278,36.264,8347228972,2040,6251,44,100,1
1777924302.2219875,2026-05-04T21:51:42.221987,35.823,8347228972,2040,6251,44,100,0
1777924302.2366614,2026-05-04T21:51:42.236661,35.823,8347228972,2040,6251,44,100,0
1777924302.249074,2026-05-04T21:51:42.249074,35.823,8347228972,2040,6251,44,100,0
1777924302.261795,2026-05-04T21:51:42.261795,35.823,8347228972,2040,6251,44,100,0
1777924302.2766757,2026-05-04T21:51:42.276676,35.823,8347232106,2040,6251,44,100,0
1777924302.290092,2026-05-04T21:51:42.290092,35.823,8347232106,2040,6251,44,100,0
1777924302.3028185,2026-05-04T21:51:42.302819,35.823,8347232106,2040,6251,44,100,0
1777924302.3167553,2026-05-04T21:51:42.316755,35.482,8347232106,2040,6251,44,100,0
1777924302.3292236,2026-05-04T21:51:42.329224,35.482,8347232106,2040,6251,44,100,0
1777924302.341935,2026-05-04T21:51:42.341935,35.482,8347232106,2040,6251,44,100,0
1777924302.3568838,2026-05-04T21:51:42.356884,35.482,8347232106,2040,6251,44,100,0
1777924302.3694508,2026-05-04T21:51:42.369451,35.482,8347232106,2040,6251,44,100,0
1777924302.3820083,2026-05-04T21:51:42.382008,35.482,8347235240,2040,6251,44,100,0
1777924302.396738,2026-05-04T21:51:42.396738,35.482,8347235240,2040,6251,44,100,0
1777924302.4091246,2026-05-04T21:51:42.409125,35.482,8347235240,2040,6251,44,100,0
1777924302.4218078,2026-05-04T21:51:42.421808,35.12,8347235240,2040,6251,44,100,0
1777924302.4367154,2026-05-04T21:51:42.436715,35.12,8347235240,2040,6251,44,100,0
1777924302.449116,2026-05-04T21:51:42.449116,35.12,8347235240,2040,6251,44,100,0
1777924302.461848,2026-05-04T21:51:42.461848,35.12,8347235240,2040,6251,44,100,0
1777924302.476592,2026-05-04T21:51:42.476592,35.12,8347238374,2040,6251,44,100,0
1777924302.4899714,2026-05-04T21:51:42.489971,35.12,8347238374,2040,6251,44,100,0
1777924302.5027173,2026-05-04T21:51:42.502717,35.12,8347238374,2040,6251,44,100,0
1777924302.5166783,2026-05-04T21:51:42.516678,34.699,8347238374,2040,6251,44,100,0
1777924302.5291514,2026-05-04T21:51:42.529151,34.699,8347238374,2040,6251,44,100,0
1777924302.5418696,2026-05-04T21:51:42.541870,34.699,8347238374,2040,6251,44,100,0
1777924302.5565183,2026-05-04T21:51:42.556518,34.699,8347238374,2040,6251,44,100,0
1777924302.568976,2026-05-04T21:51:42.568976,34.699,8347238374,2040,6251,44,100,0
1777924302.5816612,2026-05-04T21:51:42.581661,34.699,8347241508,2040,6251,44,100,0
1777924302.5966692,2026-05-04T21:51:42.596669,34.699,8347241508,2040,6251,44,100,0
1777924302.609012,2026-05-04T21:51:42.609012,34.699,8347241508,2040,6251,44,100,0
1777924302.6217246,2026-05-04T21:51:42.621725,34.408,8347241508,2040,6251,44,100,0
1777924302.636872,2026-05-04T21:51:42.636872,34.408,8347241508,2040,6251,44,100,0
1777924302.6492136,2026-05-04T21:51:42.649214,34.408,8347241508,2040,6251,44,100,0
1777924302.6618502,2026-05-04T21:51:42.661850,34.408,8347241508,2040,6251,44,100,0
1777924302.6764789,2026-05-04T21:51:42.676479,34.408,8347241508,2040,6251,44,100,0
1777924302.6888227,2026-05-04T21:51:42.688823,34.408,8347244677,2040,6251,44,100,0
1777924302.7013206,2026-05-04T21:51:42.701321,34.408,8347244677,2040,6251,44,100,0
1777924302.716486,2026-05-04T21:51:42.716486,34.032,8347244677,2040,6251,44,100,0
1777924302.7315176,2026-05-04T21:51:42.731518,34.032,8347244677,2040,6251,44,100,0
1777924302.747546,2026-05-04T21:51:42.747546,34.032,8347244677,2040,6251,44,100,0
1777924302.766212,2026-05-04T21:51:42.766212,34.032,8347244677,2040,6251,44,100,0
1777924302.784168,2026-05-04T21:51:42.784168,34.032,8347247939,2040,6251,44,100,0
1777924302.8051035,2026-05-04T21:51:42.805104,34.032,8347247939,2040,6251,44,100,0
1777924302.8249779,2026-05-04T21:51:42.824978,33.63,8347247939,2040,6251,44,100,0
1777924302.8455322,2026-05-04T21:51:42.845532,33.63,8347247939,2040,6251,44,100,0
1777924302.8626335,2026-05-04T21:51:42.862633,33.63,8347247939,2040,6251,44,100,0
1777924302.8820665,2026-05-04T21:51:42.882066,33.63,8347251459,2040,6251,44,100,0
1777924302.9034097,2026-05-04T21:51:42.903410,33.63,8347251459,2040,6251,44,100,0
1777924302.9232583,2026-05-04T21:51:42.923258,33.015,8347251459,2040,6251,44,100,0
1777924302.9438603,2026-05-04T21:51:42.943860,33.015,8347251459,2040,6251,44,100,0
1777924302.9634209,2026-05-04T21:51:42.963421,33.015,8347251459,2040,6251,44,100,0
1777924302.9807155,2026-05-04T21:51:42.980716,33.015,8347254989,2040,6251,44,100,0
1777924302.9985619,2026-05-04T21:51:42.998562,33.015,8347254989,2040,6251,44,100,0
1777924303.0185626,2026-05-04T21:51:43.018563,32.421,8347254989,2040,6251,44,100,0
1777924303.0410097,2026-05-04T21:51:43.041010,32.421,8347254989,2040,6251,44,100,0
1777924303.0585866,2026-05-04T21:51:43.058587,32.421,8347254989,2040,6251,44,100,0
1777924303.08004,2026-05-04T21:51:43.080040,32.421,8347258514,2040,6251,44,100,0
1777924303.1049833,2026-05-04T21:51:43.104983,32.421,8347258514,2040,6251,44,100,0
1777924303.1246724,2026-05-04T21:51:43.124672,32.767,8347258514,2040,6251,44,100,0
1777924303.1434658,2026-05-04T21:51:43.143466,32.767,8347258514,2040,6251,44,100,0
1777924303.1620166,2026-05-04T21:51:43.162017,32.767,8347258514,2040,6251,44,100,0
1777924303.1781034,2026-05-04T21:51:43.178103,32.767,8347262039,2040,6251,44,100,0
1777924303.201456,2026-05-04T21:51:43.201456,32.767,8347262039,2040,6251,44,100,0
1777924303.2211893,2026-05-04T21:51:43.221189,33.116,8347262039,2040,6251,44,100,0
1777924303.2443974,2026-05-04T21:51:43.244397,33.116,8347262039,2040,6251,44,100,0
1777924303.2609015,2026-05-04T21:51:43.260901,33.116,8347262039,2040,6251,44,100,0
1777924303.2804744,2026-05-04T21:51:43.280474,33.116,8347265561,2040,6251,44,100,0
1777924303.3034875,2026-05-04T21:51:43.303488,33.116,8347265561,2040,6251,44,100,0
1777924303.324736,2026-05-04T21:51:43.324736,33.479,8347265561,2040,6251,44,100,0
1777924303.34364,2026-05-04T21:51:43.343640,33.479,8347265561,2040,6251,44,100,0
1777924303.358667,2026-05-04T21:51:43.358667,33.479,8347265561,2040,6251,44,100,0
1777924303.3779616,2026-05-04T21:51:43.377962,33.479,8347269092,2040,6251,44,100,0
1777924303.3983014,2026-05-04T21:51:43.398301,33.479,8347269092,2040,6251,44,100,0
1777924303.4184988,2026-05-04T21:51:43.418499,33.479,8347269092,2040,6251,44,100,0
1777924303.4420238,2026-05-04T21:51:43.442024,33.853,8347269092,2040,6251,44,100,0
1777924303.4599621,2026-05-04T21:51:43.459962,33.853,8347269092,2040,6251,44,100,0
1777924303.4791434,2026-05-04T21:51:43.479143,33.853,8347272615,2040,6251,44,100,0
1777924303.5003564,2026-05-04T21:51:43.500356,33.853,8347272615,2040,6251,44,100,0
1777924303.5199883,2026-05-04T21:51:43.519988,33.853,8347272615,2040,6251,44,100,0
1777924303.5420635,2026-05-04T21:51:43.542063,34.207,8347272615,2040,6251,44,100,0
1777924303.5634112,2026-05-04T21:51:43.563411,34.207,8347272615,2040,6251,44,100,0
1777924303.5828278,2026-05-04T21:51:43.582828,34.207,8347276136,2040,6251,44,100,0
1777924303.6032295,2026-05-04T21:51:43.603230,34.207,8347276136,2040,6251,44,100,0
1777924303.623789,2026-05-04T21:51:43.623789,34.557,8347276136,2040,6251,44,100,0
1777924303.6457791,2026-05-04T21:51:43.645779,34.557,8347276136,2040,6251,44,100,0
1777924303.6585019,2026-05-04T21:51:43.658502,34.557,8347276136,2040,6251,44,100,0
1777924303.6709886,2026-05-04T21:51:43.670989,34.557,8347276136,2040,6251,44,100,0
1777924303.684104,2026-05-04T21:51:43.684104,34.557,8347279764,2040,6251,44,100,0
1777924303.6967623,2026-05-04T21:51:43.696762,34.557,8347279764,2040,6251,44,100,0
1777924303.7093918,2026-05-04T21:51:43.709392,34.557,8347279764,2040,6251,44,100,0
1777924303.7221196,2026-05-04T21:51:43.722120,35.237,8347279764,2040,6251,44,100,0
1777924303.7363193,2026-05-04T21:51:43.736319,35.237,8347279764,2040,6251,44,100,0
1777924303.7489548,2026-05-04T21:51:43.748955,35.237,8347279764,2040,6251,44,100,0
1777924303.7616208,2026-05-04T21:51:43.761621,35.237,8347279764,2040,6251,44,100,0
1777924303.7762096,2026-05-04T21:51:43.776210,35.237,8347283787,2040,6251,44,100,0
1777924303.7896693,2026-05-04T21:51:43.789669,35.237,8347283787,2040,6251,44,100,0
1777924303.802509,2026-05-04T21:51:43.802509,35.237,8347283787,2040,6251,44,100,0
1777924303.816273,2026-05-04T21:51:43.816273,35.237,8347283787,2040,6251,44,100,0
1777924303.8288782,2026-05-04T21:51:43.828878,36.317,8347283787,2040,6251,44,100,2
1777924303.8416553,2026-05-04T21:51:43.841655,36.317,8347283787,2040,6251,44,100,2
1777924303.8561082,2026-05-04T21:51:43.856108,36.317,8347283787,2040,6251,44,100,2
1777924303.8687134,2026-05-04T21:51:43.868713,36.317,8347283787,2040,6251,44,100,2
1777924303.8814778,2026-05-04T21:51:43.881478,36.317,8347287860,2040,6251,44,100,2
1777924303.8969545,2026-05-04T21:51:43.896955,36.317,8347287860,2040,6251,44,100,2
1777924303.9093027,2026-05-04T21:51:43.909303,36.317,8347287860,2040,6251,44,100,2
1777924303.9219036,2026-05-04T21:51:43.921904,36.215,8347287860,2040,6251,45,100,2
1777924303.9361863,2026-05-04T21:51:43.936186,36.215,8347287860,2040,6251,45,100,2
1777924303.9486334,2026-05-04T21:51:43.948633,36.215,8347287860,2040,6251,45,100,2
1777924303.9613574,2026-05-04T21:51:43.961357,36.215,8347287860,2040,6251,45,100,2
1777924303.9761577,2026-05-04T21:51:43.976158,36.215,8347291042,2040,6251,45,100,2
1777924303.9894998,2026-05-04T21:51:43.989500,36.215,8347291042,2040,6251,45,100,2
1777924304.002285,2026-05-04T21:51:44.002285,36.215,8347291042,2040,6251,45,100,2
1777924304.0162818,2026-05-04T21:51:44.016282,36.215,8347291042,2040,6251,45,100,2
1777924304.0286407,2026-05-04T21:51:44.028641,35.931,8347291042,2040,6251,44,100,0
1777924304.0414302,2026-05-04T21:51:44.041430,35.931,8347291042,2040,6251,44,100,0
1777924304.0561895,2026-05-04T21:51:44.056190,35.931,8347291042,2040,6251,44,100,0
1777924304.0686023,2026-05-04T21:51:44.068602,35.931,8347291042,2040,6251,44,100,0
1777924304.081196,2026-05-04T21:51:44.081196,35.931,8347294181,2040,6251,44,100,0
1777924304.096729,2026-05-04T21:51:44.096729,35.931,8347294181,2040,6251,44,100,0
1777924304.1091406,2026-05-04T21:51:44.109141,35.931,8347294181,2040,6251,44,100,0
1777924304.121707,2026-05-04T21:51:44.121707,35.52,8347294181,2040,6251,44,100,0
1777924304.1362245,2026-05-04T21:51:44.136225,35.52,8347294181,2040,6251,44,100,0
1777924304.1486604,2026-05-04T21:51:44.148660,35.52,8347294181,2040,6251,44,100,0
1777924304.1612213,2026-05-04T21:51:44.161221,35.52,8347294181,2040,6251,44,100,0
1777924304.1762989,2026-05-04T21:51:44.176299,35.52,8347297316,2040,6251,44,100,0
1777924304.1894162,2026-05-04T21:51:44.189416,35.52,8347297316,2040,6251,44,100,0
1777924304.202095,2026-05-04T21:51:44.202095,35.52,8347297316,2040,6251,44,100,0
1777924304.216368,2026-05-04T21:51:44.216368,35.52,8347297316,2040,6251,44,100,0
1777924304.228686,2026-05-04T21:51:44.228686,35.159,8347297316,2040,6251,44,100,0
1777924304.2413678,2026-05-04T21:51:44.241368,35.159,8347297316,2040,6251,44,100,0
1777924304.2560422,2026-05-04T21:51:44.256042,35.159,8347297316,2040,6251,44,100,0
1777924304.2683775,2026-05-04T21:51:44.268378,35.159,8347297316,2040,6251,44,100,0
1777924304.2810988,2026-05-04T21:51:44.281099,35.159,8347300448,2040,6251,44,100,0
1777924304.2965286,2026-05-04T21:51:44.296529,35.159,8347300448,2040,6251,44,100,0
1777924304.3088632,2026-05-04T21:51:44.308863,35.159,8347300448,2040,6251,44,100,0
1777924304.321354,2026-05-04T21:51:44.321354,34.817,8347300448,2040,6251,44,100,0
1777924304.3360372,2026-05-04T21:51:44.336037,34.817,8347300448,2040,6251,44,100,0
1777924304.348327,2026-05-04T21:51:44.348327,34.817,8347300448,2040,6251,44,100,0
1777924304.360918,2026-05-04T21:51:44.360918,34.817,8347300448,2040,6251,44,100,0
1777924304.3759549,2026-05-04T21:51:44.375955,34.817,8347303564,2040,6251,44,100,0
1777924304.3955698,2026-05-04T21:51:44.395570,34.817,8347303564,2040,6251,44,100,0
1777924304.4146318,2026-05-04T21:51:44.414632,34.817,8347303564,2040,6251,44,100,0
1777924304.4351397,2026-05-04T21:51:44.435140,34.54,8347303564,2040,6251,44,100,0
1777924304.4568663,2026-05-04T21:51:44.456866,34.54,8347303564,2040,6251,44,100,0
1777924304.479489,2026-05-04T21:51:44.479489,34.54,8347307050,2040,6251,44,100,0
1777924304.4993062,2026-05-04T21:51:44.499306,34.54,8347307050,2040,6251,44,100,0
1777924304.52087,2026-05-04T21:51:44.520870,34.54,8347307050,2040,6251,44,100,0
1777924304.540222,2026-05-04T21:51:44.540222,34.524,8347307050,2040,6251,44,100,0
1777924304.560843,2026-05-04T21:51:44.560843,34.524,8347307050,2040,6251,44,100,0
1777924304.578202,2026-05-04T21:51:44.578202,34.524,8347310573,2040,6251,44,100,0
1777924304.6012468,2026-05-04T21:51:44.601247,34.524,8347310573,2040,6251,44,100,0
1777924304.6210213,2026-05-04T21:51:44.621021,34.524,8347310573,2040,6251,44,100,0
1777924304.6401029,2026-05-04T21:51:44.640103,34.516,8347310573,2040,6251,44,100,0
1777924304.6584644,2026-05-04T21:51:44.658464,34.516,8347310573,2040,6251,44,100,0
1777924304.6784887,2026-05-04T21:51:44.678489,34.516,8347314103,2040,6251,44,100,0
1777924304.7011821,2026-05-04T21:51:44.701182,34.516,8347314103,2040,6251,44,100,0
1777924304.7210584,2026-05-04T21:51:44.721058,34.516,8347314103,2040,6251,44,100,0
1777924304.7424264,2026-05-04T21:51:44.742426,34.542,8347314103,2040,6251,44,100,0
1777924304.7609203,2026-05-04T21:51:44.760920,34.542,8347314103,2040,6251,44,100,0
1777924304.7799478,2026-05-04T21:51:44.779948,34.542,8347317636,2040,6251,44,100,0
1777924304.7991896,2026-05-04T21:51:44.799190,34.542,8347317636,2040,6251,44,100,0
1777924304.8204863,2026-05-04T21:51:44.820486,34.542,8347317636,2040,6251,44,100,0
1777924304.8366978,2026-05-04T21:51:44.836698,34.224,8347317636,2040,6251,44,100,0
1777924304.8534696,2026-05-04T21:51:44.853470,34.224,8347317636,2040,6251,44,100,0
1777924304.872466,2026-05-04T21:51:44.872466,34.224,8347317636,2040,6251,44,100,0
1777924304.8915746,2026-05-04T21:51:44.891575,34.224,8347321210,2040,6251,44,100,0
1777924304.9105997,2026-05-04T21:51:44.910600,34.224,8347321210,2040,6251,44,100,0
1777924304.9308383,2026-05-04T21:51:44.930838,34.224,8347321210,2040,6251,44,100,0
1777924304.9477987,2026-05-04T21:51:44.947799,33.487,8347321210,2040,6251,44,100,0
1777924304.9625187,2026-05-04T21:51:44.962519,33.487,8347321210,2040,6251,44,100,0
1777924304.9759004,2026-05-04T21:51:44.975900,33.487,8347324748,2040,6251,44,100,0
1777924304.9893396,2026-05-04T21:51:44.989340,33.487,8347324748,2040,6251,44,100,0
1777924305.0020645,2026-05-04T21:51:45.002064,33.487,8347324748,2040,6251,44,100,0
1777924305.0162454,2026-05-04T21:51:45.016245,33.487,8347324748,2040,6251,44,100,0
1777924305.0288217,2026-05-04T21:51:45.028822,33.487,8347324748,2040,6251,44,100,0
1777924305.041632,2026-05-04T21:51:45.041632,33.934,8347324748,2040,6251,44,100,1
1777924305.0558376,2026-05-04T21:51:45.055838,33.934,8347324748,2040,6251,44,100,1
1777924305.0682995,2026-05-04T21:51:45.068300,33.934,8347324748,2040,6251,44,100,1
1777924305.0810978,2026-05-04T21:51:45.081098,33.934,8347328786,2040,6251,44,100,1
1777924305.0984392,2026-05-04T21:51:45.098439,33.934,8347328786,2040,6251,44,100,1
1777924305.110941,2026-05-04T21:51:45.110941,33.934,8347328786,2040,6251,44,100,1
1777924305.123429,2026-05-04T21:51:45.123429,33.934,8347328786,2040,6251,44,100,1
1777924305.1361234,2026-05-04T21:51:45.136123,33.934,8347328786,2040,6251,44,100,1
1777924305.1485703,2026-05-04T21:51:45.148570,34.832,8347328786,2040,6251,44,100,1
1777924305.1611235,2026-05-04T21:51:45.161124,34.832,8347328786,2040,6251,44,100,1
1777924305.1757374,2026-05-04T21:51:45.175737,34.832,8347332166,2040,6251,44,100,1
1777924305.1890955,2026-05-04T21:51:45.189095,34.832,8347332166,2040,6251,44,100,1
1777924305.2017083,2026-05-04T21:51:45.201708,34.832,8347332166,2040,6251,44,100,1
1777924305.2159853,2026-05-04T21:51:45.215985,34.832,8347332166,2040,6251,44,100,1
1777924305.2283595,2026-05-04T21:51:45.228359,34.832,8347332166,2040,6251,44,100,1
1777924305.2410483,2026-05-04T21:51:45.241048,34.826,8347332166,2040,6251,44,100,0
1777924305.255725,2026-05-04T21:51:45.255725,34.826,8347332166,2040,6251,44,100,0
1777924305.268063,2026-05-04T21:51:45.268063,34.826,8347332166,2040,6251,44,100,0
1777924305.2807791,2026-05-04T21:51:45.280779,34.826,8347335308,2040,6251,44,100,0
1777924305.297568,2026-05-04T21:51:45.297568,34.826,8347335308,2040,6251,44,100,0
1777924305.310119,2026-05-04T21:51:45.310119,34.826,8347335308,2040,6251,44,100,0
1777924305.3226752,2026-05-04T21:51:45.322675,34.826,8347335308,2040,6251,44,100,0
1777924305.3358305,2026-05-04T21:51:45.335830,34.826,8347335308,2040,6251,44,100,0
1777924305.3482077,2026-05-04T21:51:45.348208,34.831,8347335308,2040,6251,44,100,0
1777924305.3607242,2026-05-04T21:51:45.360724,34.831,8347335308,2040,6251,44,100,0
1777924305.3756065,2026-05-04T21:51:45.375607,34.831,8347335308,2040,6251,44,100,0
1777924305.3880706,2026-05-04T21:51:45.388071,34.831,8347338474,2040,6251,44,100,0
1777924305.4006279,2026-05-04T21:51:45.400628,34.831,8347338474,2040,6251,44,100,0
1777924305.4190443,2026-05-04T21:51:45.419044,34.831,8347338474,2040,6251,44,100,0
1777924305.4400072,2026-05-04T21:51:45.440007,34.831,8347338474,2040,6251,44,100,0
1777924305.4592998,2026-05-04T21:51:45.459300,35.057,8347338474,2040,6251,44,100,0
1777924305.4794333,2026-05-04T21:51:45.479433,35.057,8347341795,2040,6251,44,100,0
1777924305.501517,2026-05-04T21:51:45.501517,35.057,8347341795,2040,6251,44,100,0
1777924305.5176136,2026-05-04T21:51:45.517614,35.057,8347341795,2040,6251,44,100,0
1777924305.5387409,2026-05-04T21:51:45.538741,35.057,8347341795,2040,6251,44,100,0
1777924305.557723,2026-05-04T21:51:45.557723,35.068,8347341795,2040,6251,44,100,0
1777924305.5801888,2026-05-04T21:51:45.580189,35.068,8347345321,2040,6251,44,100,0
1777924305.598554,2026-05-04T21:51:45.598554,35.068,8347345321,2040,6251,44,100,0
1777924305.618321,2026-05-04T21:51:45.618321,35.068,8347345321,2040,6251,44,100,0
1777924305.6400054,2026-05-04T21:51:45.640005,35.068,8347345321,2040,6251,44,100,0
1777924305.6600993,2026-05-04T21:51:45.660099,35.086,8347345321,2040,6251,44,100,0
1777924305.6810014,2026-05-04T21:51:45.681001,35.086,8347348849,2040,6251,44,100,0
1777924305.7026126,2026-05-04T21:51:45.702613,35.086,8347348849,2040,6251,44,100,0
1777924305.7189963,2026-05-04T21:51:45.718996,35.086,8347348849,2040,6251,44,100,0
1777924305.731535,2026-05-04T21:51:45.731535,35.086,8347348849,2040,6251,44,100,0
1777924305.74419,2026-05-04T21:51:45.744190,35.095,8347348849,2040,6251,44,100,0
1777924305.7570336,2026-05-04T21:51:45.757034,35.095,8347348849,2040,6251,44,100,0
1777924305.769556,2026-05-04T21:51:45.769556,35.095,8347348849,2040,6251,44,100,0
1777924305.782662,2026-05-04T21:51:45.782662,35.095,8347352594,2040,6251,44,100,0
1777924305.7958457,2026-05-04T21:51:45.795846,35.095,8347352594,2040,6251,44,100,0
1777924305.8083396,2026-05-04T21:51:45.808340,35.095,8347352594,2040,6251,44,100,0
1777924305.8208904,2026-05-04T21:51:45.820890,35.095,8347352594,2040,6251,44,100,0
1777924305.8355927,2026-05-04T21:51:45.835593,35.095,8347352594,2040,6251,44,100,0
1777924305.847913,2026-05-04T21:51:45.847913,35.588,8347352594,2040,6251,44,100,1
1777924305.8605893,2026-05-04T21:51:45.860589,35.588,8347352594,2040,6251,44,100,1
1777924305.8754425,2026-05-04T21:51:45.875443,35.588,8347352594,2040,6251,44,100,1
1777924305.8877568,2026-05-04T21:51:45.887757,35.588,8347355972,2040,6251,44,100,1
1777924305.9003592,2026-05-04T21:51:45.900359,35.588,8347355972,2040,6251,44,100,1
1777924305.9155283,2026-05-04T21:51:45.915528,35.588,8347355972,2040,6251,44,100,1
1777924305.927801,2026-05-04T21:51:45.927801,35.588,8347355972,2040,6251,44,100,1
1777924305.940364,2026-05-04T21:51:45.940364,35.202,8347355972,2040,6251,44,100,1
1777924305.9588404,2026-05-04T21:51:45.958840,35.202,8347355972,2040,6251,44,100,1
1777924305.9804773,2026-05-04T21:51:45.980477,35.202,8347359145,2040,6251,44,100,1
1777924306.0002704,2026-05-04T21:51:46.000270,35.202,8347359145,2040,6251,44,100,1
1777924306.0206738,2026-05-04T21:51:46.020674,35.202,8347359145,2040,6251,44,100,1
1777924306.0397975,2026-05-04T21:51:46.039798,35.202,8347359145,2040,6251,44,100,1
1777924306.061413,2026-05-04T21:51:46.061413,35.169,8347359145,2040,6251,44,100,0
1777924306.0768497,2026-05-04T21:51:46.076850,35.169,8347362684,2040,6251,44,100,0
1777924306.0892954,2026-05-04T21:51:46.089295,35.169,8347362684,2040,6251,44,100,0
1777924306.1019266,2026-05-04T21:51:46.101927,35.169,8347362684,2040,6251,44,100,0
1777924306.1155925,2026-05-04T21:51:46.115592,35.169,8347362684,2040,6251,44,100,0
1777924306.1278436,2026-05-04T21:51:46.127844,35.169,8347362684,2040,6251,44,100,0
1777924306.1403887,2026-05-04T21:51:46.140389,34.437,8347362684,2040,6251,44,100,0
1777924306.155356,2026-05-04T21:51:46.155356,34.437,8347362684,2040,6251,44,100,0
1777924306.1676888,2026-05-04T21:51:46.167689,34.437,8347362684,2040,6251,44,100,0
1777924306.184653,2026-05-04T21:51:46.184653,34.437,8347366036,2040,6251,44,100,0
1777924306.197351,2026-05-04T21:51:46.197351,34.437,8347366036,2040,6251,44,100,0
1777924306.2098346,2026-05-04T21:51:46.209835,34.437,8347366036,2040,6251,44,100,0
1777924306.2224956,2026-05-04T21:51:46.222496,34.437,8347366036,2040,6251,44,100,0
1777924306.2355945,2026-05-04T21:51:46.235595,34.437,8347366036,2040,6251,44,100,0
1777924306.2482421,2026-05-04T21:51:46.248242,34.419,8347366036,2040,6251,44,100,0
1777924306.2611666,2026-05-04T21:51:46.261167,34.419,8347366036,2040,6251,44,100,0
1777924306.2757516,2026-05-04T21:51:46.275752,34.419,8347369174,2040,6251,44,100,0
1777924306.2888198,2026-05-04T21:51:46.288820,34.419,8347369174,2040,6251,44,100,0
1777924306.3015692,2026-05-04T21:51:46.301569,34.419,8347369174,2040,6251,44,100,0
1777924306.315606,2026-05-04T21:51:46.315606,34.419,8347369174,2040,6251,44,100,0
1777924306.3282015,2026-05-04T21:51:46.328202,34.419,8347369174,2040,6251,44,100,0
1777924306.3409727,2026-05-04T21:51:46.340973,34.712,8347369174,2040,6251,43,100,0
1777924306.3554313,2026-05-04T21:51:46.355431,34.712,8347369174,2040,6251,43,100,0
1777924306.3679621,2026-05-04T21:51:46.367962,34.712,8347369174,2040,6251,43,100,0
1777924306.3803732,2026-05-04T21:51:46.380373,34.712,8347372261,2040,6251,43,100,0
1777924306.3983955,2026-05-04T21:51:46.398396,34.712,8347372261,2040,6251,43,100,0
1777924306.4203644,2026-05-04T21:51:46.420364,34.712,8347372261,2040,6251,43,100,0
1777924306.440342,2026-05-04T21:51:46.440342,34.712,8347372261,2040,6251,43,100,0
1777924306.4615245,2026-05-04T21:51:46.461524,34.437,8347372261,2040,6251,44,52,4
1777924306.4796822,2026-05-04T21:51:46.479682,34.437,8347375741,2040,6251,44,52,4
1777924306.502484,2026-05-04T21:51:46.502484,34.437,8347375741,2040,6251,44,52,4
1777924306.518848,2026-05-04T21:51:46.518848,34.437,8347375741,2040,6251,44,52,4
1777924306.5385704,2026-05-04T21:51:46.538570,34.437,8347375741,2040,6251,44,52,4
1777924306.5594616,2026-05-04T21:51:46.559462,34.821,8347375741,2040,6251,44,52,4
1777924306.5778866,2026-05-04T21:51:46.577887,34.821,8347379270,2040,6251,44,52,4
1777924306.6004202,2026-05-04T21:51:46.600420,34.821,8347379270,2040,6251,44,52,4
1777924306.6181579,2026-05-04T21:51:46.618158,34.821,8347379270,2040,6251,44,52,4
1777924306.637921,2026-05-04T21:51:46.637921,34.821,8347379270,2040,6251,44,52,4
1777924306.6590495,2026-05-04T21:51:46.659050,34.838,8347379270,2040,6251,44,100,0
1777924306.6780198,2026-05-04T21:51:46.678020,34.838,8347382799,2040,6251,44,100,0
1777924306.7003264,2026-05-04T21:51:46.700326,34.838,8347382799,2040,6251,44,100,0
1777924306.7186892,2026-05-04T21:51:46.718689,34.838,8347382799,2040,6251,44,100,0
1777924306.7365606,2026-05-04T21:51:46.736561,34.838,8347382799,2040,6251,44,100,0
1777924306.7578342,2026-05-04T21:51:46.757834,34.83,8347382799,2040,6251,44,100,0
1777924306.7765424,2026-05-04T21:51:46.776542,34.83,8347386325,2040,6251,44,100,0
1777924306.7985528,2026-05-04T21:51:46.798553,34.83,8347386325,2040,6251,44,100,0
1777924306.818216,2026-05-04T21:51:46.818216,34.83,8347386325,2040,6251,44,100,0
1777924306.8374481,2026-05-04T21:51:46.837448,34.83,8347386325,2040,6251,44,100,0
1777924306.8578968,2026-05-04T21:51:46.857897,34.821,8347386325,2040,6251,44,100,0
1777924306.8782809,2026-05-04T21:51:46.878281,34.821,8347389853,2040,6251,44,100,0
1777924306.9018443,2026-05-04T21:51:46.901844,34.821,8347389853,2040,6251,44,100,0
1777924306.921191,2026-05-04T21:51:46.921191,34.821,8347389853,2040,6251,44,100,0
1777924306.9399927,2026-05-04T21:51:46.939993,34.821,8347389853,2040,6251,44,100,0
1777924306.9591966,2026-05-04T21:51:46.959197,34.312,8347389853,2040,6251,44,100,0
1777924306.9786937,2026-05-04T21:51:46.978694,34.312,8347393380,2040,6251,44,100,0
1777924306.999029,2026-05-04T21:51:46.999029,34.312,8347393380,2040,6251,44,100,0
1777924307.0186462,2026-05-04T21:51:47.018646,34.312,8347393380,2040,6251,44,100,0
1777924307.0403187,2026-05-04T21:51:47.040319,34.312,8347393380,2040,6251,44,100,0
1777924307.0605056,2026-05-04T21:51:47.060506,34.682,8347393380,2040,6251,44,100,0
1777924307.0792818,2026-05-04T21:51:47.079282,34.682,8347396908,2040,6251,44,100,0
1777924307.1038258,2026-05-04T21:51:47.103826,34.682,8347396908,2040,6251,44,100,0
1777924307.1241598,2026-05-04T21:51:47.124160,34.682,8347396908,2040,6251,44,100,0
1777924307.1452336,2026-05-04T21:51:47.145234,34.682,8347396908,2040,6251,44,100,0
1777924307.1661248,2026-05-04T21:51:47.166125,34.715,8347396908,2040,6251,44,100,0
1777924307.1861567,2026-05-04T21:51:47.186157,34.715,8347400439,2040,6251,44,100,0
1777924307.2045171,2026-05-04T21:51:47.204517,34.715,8347400439,2040,6251,44,100,0
1777924307.2228909,2026-05-04T21:51:47.222891,34.715,8347400439,2040,6251,44,100,0
1777924307.2413998,2026-05-04T21:51:47.241400,34.715,8347400439,2040,6251,44,100,0
1777924307.261438,2026-05-04T21:51:47.261438,34.558,8347400439,2040,6251,44,100,0
1777924307.2824166,2026-05-04T21:51:47.282417,34.558,8347403975,2040,6251,44,100,0
1777924307.301471,2026-05-04T21:51:47.301471,34.558,8347403975,2040,6251,44,100,0
1777924307.3211253,2026-05-04T21:51:47.321125,34.558,8347403975,2040,6251,44,100,0
1777924307.338056,2026-05-04T21:51:47.338056,34.558,8347403975,2040,6251,44,100,0
1777924307.35801,2026-05-04T21:51:47.358010,34.558,8347403975,2040,6251,44,100,0
1777924307.3780084,2026-05-04T21:51:47.378008,34.67,8347407509,2040,6251,44,100,0
1777924307.3999043,2026-05-04T21:51:47.399904,34.67,8347407509,2040,6251,44,100,0
1777924307.4171503,2026-05-04T21:51:47.417150,34.67,8347407509,2040,6251,44,100,0
1777924307.4397602,2026-05-04T21:51:47.439760,34.67,8347407509,2040,6251,44,100,0
1777924307.458653,2026-05-04T21:51:47.458653,34.67,8347407509,2040,6251,44,100,0
1777924307.4781852,2026-05-04T21:51:47.478185,35.039,8347411045,2040,6251,44,100,0
1777924307.5019088,2026-05-04T21:51:47.501909,35.039,8347411045,2040,6251,44,100,0
1777924307.5208545,2026-05-04T21:51:47.520854,35.039,8347411045,2040,6251,44,100,0
1777924307.5392704,2026-05-04T21:51:47.539270,35.039,8347411045,2040,6251,44,100,0
1777924307.5581338,2026-05-04T21:51:47.558134,35.039,8347411045,2040,6251,44,100,0
1777924307.5793161,2026-05-04T21:51:47.579316,35.375,8347414582,2040,6251,44,100,0
1777924307.599166,2026-05-04T21:51:47.599166,35.375,8347414582,2040,6251,44,100,0
1777924307.6184955,2026-05-04T21:51:47.618495,35.375,8347414582,2040,6251,44,100,0
1777924307.6390676,2026-05-04T21:51:47.639068,35.375,8347414582,2040,6251,44,100,0
1777924307.6585665,2026-05-04T21:51:47.658566,35.368,8347414582,2040,6251,44,100,0
1777924307.678707,2026-05-04T21:51:47.678707,35.368,8347418093,2040,6251,44,100,0
1777924307.7026927,2026-05-04T21:51:47.702693,35.368,8347418093,2040,6251,44,100,0
1777924307.7211142,2026-05-04T21:51:47.721114,35.368,8347418093,2040,6251,44,100,0
1777924307.740693,2026-05-04T21:51:47.740693,35.368,8347418093,2040,6251,44,100,0
1777924307.7601438,2026-05-04T21:51:47.760144,35.35,8347418093,2040,6251,44,100,0
1777924307.7788513,2026-05-04T21:51:47.778851,35.35,8347421618,2040,6251,44,100,0
1777924307.7982929,2026-05-04T21:51:47.798293,35.35,8347421618,2040,6251,44,100,0
1777924307.8195775,2026-05-04T21:51:47.819577,35.35,8347421618,2040,6251,44,100,0
1777924307.8379903,2026-05-04T21:51:47.837990,35.35,8347421618,2040,6251,44,100,0
1777924307.8576336,2026-05-04T21:51:47.857634,35.35,8347421618,2040,6251,44,100,0
1777924307.877664,2026-05-04T21:51:47.877664,35.352,8347425145,2040,6251,44,100,0
1777924307.898517,2026-05-04T21:51:47.898517,35.352,8347425145,2040,6251,44,100,0
1777924307.9175599,2026-05-04T21:51:47.917560,35.352,8347425145,2040,6251,44,100,0
1777924307.9395003,2026-05-04T21:51:47.939500,35.352,8347425145,2040,6251,44,100,0
1777924307.9581327,2026-05-04T21:51:47.958133,35.352,8347425145,2040,6251,44,100,0
1777924307.983444,2026-05-04T21:51:47.983444,35.362,8347428672,2040,6251,44,100,0
1777924308.0036166,2026-05-04T21:51:48.003617,35.362,8347428672,2040,6251,44,100,0
1777924308.024871,2026-05-04T21:51:48.024871,35.362,8347428672,2040,6251,44,100,0
1777924308.0451684,2026-05-04T21:51:48.045168,35.362,8347428672,2040,6251,44,100,0
1777924308.0639448,2026-05-04T21:51:48.063945,35.378,8347428672,2040,6251,44,100,0
1777924308.0813808,2026-05-04T21:51:48.081381,35.378,8347432204,2040,6251,44,100,0
1777924308.1005206,2026-05-04T21:51:48.100521,35.378,8347432204,2040,6251,44,100,0
1777924308.1180062,2026-05-04T21:51:48.118006,35.378,8347432204,2040,6251,44,100,0
1777924308.1396194,2026-05-04T21:51:48.139619,35.378,8347432204,2040,6251,44,100,0
1777924308.157044,2026-05-04T21:51:48.157044,35.378,8347432204,2040,6251,44,100,0
1777924308.178684,2026-05-04T21:51:48.178684,35.378,8347435733,2040,6251,44,100,0
1777924308.197721,2026-05-04T21:51:48.197721,35.378,8347435733,2040,6251,44,100,0
1777924308.2186298,2026-05-04T21:51:48.218630,35.378,8347435733,2040,6251,44,100,0
1777924308.2386384,2026-05-04T21:51:48.238638,35.378,8347435733,2040,6251,44,100,0
1777924308.2602975,2026-05-04T21:51:48.260298,35.378,8347435733,2040,6251,44,100,0
1777924308.2770107,2026-05-04T21:51:48.277011,35.378,8347439262,2040,6251,44,100,0
1777924308.2936509,2026-05-04T21:51:48.293651,35.378,8347439262,2040,6251,44,100,0
1777924308.3115644,2026-05-04T21:51:48.311564,35.378,8347439262,2040,6251,44,100,0
1777924308.331627,2026-05-04T21:51:48.331627,35.378,8347439262,2040,6251,44,100,0
1777924308.3515062,2026-05-04T21:51:48.351506,35.378,8347439262,2040,6251,44,100,0
1777924308.37055,2026-05-04T21:51:48.370550,35.361,8347439262,2040,6251,44,100,0
1777924308.3898787,2026-05-04T21:51:48.389879,35.361,8347442815,2040,6251,44,100,0
1777924308.4088182,2026-05-04T21:51:48.408818,35.361,8347442815,2040,6251,44,100,0
1777924308.4277914,2026-05-04T21:51:48.427791,35.361,8347442815,2040,6251,44,100,0
1777924308.4465327,2026-05-04T21:51:48.446533,35.361,8347442815,2040,6251,44,100,0
1777924308.4633236,2026-05-04T21:51:48.463324,35.361,8347442815,2040,6251,44,100,0
1777924308.4826593,2026-05-04T21:51:48.482659,35.354,8347446314,2040,6251,44,100,0
1777924308.501185,2026-05-04T21:51:48.501185,35.354,8347446314,2040,6251,44,100,0
1777924308.518507,2026-05-04T21:51:48.518507,35.354,8347446314,2040,6251,44,100,0
1777924308.538176,2026-05-04T21:51:48.538176,35.354,8347446314,2040,6251,44,100,0
1777924308.557134,2026-05-04T21:51:48.557134,35.354,8347446314,2040,6251,44,100,0
1777924308.5793169,2026-05-04T21:51:48.579317,35.352,8347449839,2040,6251,44,100,0
1777924308.5998144,2026-05-04T21:51:48.599814,35.352,8347449839,2040,6251,44,100,0
1777924308.6191359,2026-05-04T21:51:48.619136,35.352,8347449839,2040,6251,44,100,0
1777924308.6392264,2026-05-04T21:51:48.639226,35.352,8347449839,2040,6251,44,100,0
1777924308.6593783,2026-05-04T21:51:48.659378,35.352,8347449839,2040,6251,44,100,0
1777924308.6797574,2026-05-04T21:51:48.679757,35.361,8347453369,2040,6251,44,100,0
1777924308.6994596,2026-05-04T21:51:48.699460,35.361,8347453369,2040,6251,44,100,0
1777924308.719016,2026-05-04T21:51:48.719016,35.361,8347453369,2040,6251,44,100,0
1777924308.7369845,2026-05-04T21:51:48.736984,35.361,8347453369,2040,6251,44,100,0
1777924308.7522347,2026-05-04T21:51:48.752235,35.361,8347453369,2040,6251,44,100,0
1777924308.7713172,2026-05-04T21:51:48.771317,35.361,8347456900,2040,6251,44,100,0
1777924308.790009,2026-05-04T21:51:48.790009,35.368,8347456900,2040,6251,44,100,0
1777924308.8084018,2026-05-04T21:51:48.808402,35.368,8347456900,2040,6251,44,100,0
1777924308.8275173,2026-05-04T21:51:48.827517,35.368,8347456900,2040,6251,44,100,0
1777924308.847219,2026-05-04T21:51:48.847219,35.368,8347456900,2040,6251,44,100,0
1777924308.8600066,2026-05-04T21:51:48.860007,35.368,8347456900,2040,6251,44,100,0
1777924308.874666,2026-05-04T21:51:48.874666,35.384,8347460505,2040,6251,44,100,0
1777924308.8880534,2026-05-04T21:51:48.888053,35.384,8347460505,2040,6251,44,100,0
1777924308.9007118,2026-05-04T21:51:48.900712,35.384,8347460505,2040,6251,44,100,0
1777924308.9148061,2026-05-04T21:51:48.914806,35.384,8347460505,2040,6251,44,100,0
1777924308.9272993,2026-05-04T21:51:48.927299,35.384,8347460505,2040,6251,44,100,0
1777924308.9401028,2026-05-04T21:51:48.940103,35.384,8347460505,2040,6251,44,100,0
1777924308.954688,2026-05-04T21:51:48.954688,35.384,8347460505,2040,6251,44,100,0
1777924308.9671285,2026-05-04T21:51:48.967129,35.384,8347460505,2040,6251,44,100,0
1777924308.9799209,2026-05-04T21:51:48.979921,35.732,8347464442,2040,6251,45,100,0
1777924308.9947581,2026-05-04T21:51:48.994758,35.732,8347464442,2040,6251,45,100,0
1777924309.0072134,2026-05-04T21:51:49.007213,35.732,8347464442,2040,6251,45,100,0
1777924309.0199745,2026-05-04T21:51:49.019974,35.732,8347464442,2040,6251,45,100,0
1777924309.0346735,2026-05-04T21:51:49.034673,35.732,8347464442,2040,6251,45,100,0
1777924309.047154,2026-05-04T21:51:49.047154,35.732,8347464442,2040,6251,45,100,0
1777924309.0599334,2026-05-04T21:51:49.059933,35.732,8347464442,2040,6251,45,100,0
1777924309.074859,2026-05-04T21:51:49.074859,36.061,8347468574,2040,6251,45,100,2
1777924309.0880346,2026-05-04T21:51:49.088035,36.061,8347468574,2040,6251,45,100,2
1777924309.1008048,2026-05-04T21:51:49.100805,36.061,8347468574,2040,6251,45,100,2
1777924309.1146479,2026-05-04T21:51:49.114648,36.061,8347468574,2040,6251,45,100,2
1777924309.127341,2026-05-04T21:51:49.127341,36.061,8347468574,2040,6251,45,100,2
1777924309.1401162,2026-05-04T21:51:49.140116,36.061,8347468574,2040,6251,45,100,2
1777924309.154516,2026-05-04T21:51:49.154516,36.061,8347468574,2040,6251,45,100,2
1777924309.1671164,2026-05-04T21:51:49.167116,36.061,8347468574,2040,6251,45,100,2
1777924309.179892,2026-05-04T21:51:49.179892,36.785,8347472751,2040,6251,45,100,2
1777924309.1946747,2026-05-04T21:51:49.194675,36.785,8347472751,2040,6251,45,100,2
1777924309.2073126,2026-05-04T21:51:49.207313,36.785,8347472751,2040,6251,45,100,2
1777924309.2201228,2026-05-04T21:51:49.220123,36.785,8347472751,2040,6251,45,100,2
1777924309.234594,2026-05-04T21:51:49.234594,36.785,8347472751,2040,6251,45,100,2
1777924309.2471943,2026-05-04T21:51:49.247194,36.785,8347472751,2040,6251,45,100,2
1777924309.2599797,2026-05-04T21:51:49.259980,36.785,8347472751,2040,6251,45,100,2
1777924309.274522,2026-05-04T21:51:49.274522,37.239,8347476934,2040,6251,45,100,3
1777924309.2880442,2026-05-04T21:51:49.288044,37.239,8347476934,2040,6251,45,100,3
1777924309.300781,2026-05-04T21:51:49.300781,37.239,8347476934,2040,6251,45,100,3
1777924309.3145814,2026-05-04T21:51:49.314581,37.239,8347476934,2040,6251,45,100,3
1777924309.3272502,2026-05-04T21:51:49.327250,37.239,8347476934,2040,6251,45,100,3
1777924309.3400319,2026-05-04T21:51:49.340032,37.239,8347476934,2040,6251,45,100,3
1777924309.3547468,2026-05-04T21:51:49.354747,37.239,8347476934,2040,6251,45,100,3
1777924309.3672605,2026-05-04T21:51:49.367260,37.239,8347476934,2040,6251,45,100,3
1777924309.3800273,2026-05-04T21:51:49.380027,38.063,8347481094,2040,6251,45,100,3
1777924309.394588,2026-05-04T21:51:49.394588,38.063,8347481094,2040,6251,45,100,3
1777924309.407101,2026-05-04T21:51:49.407101,38.063,8347481094,2040,6251,45,100,3
1777924309.4199073,2026-05-04T21:51:49.419907,38.063,8347481094,2040,6251,45,100,3
1777924309.4345999,2026-05-04T21:51:49.434600,38.063,8347481094,2040,6251,45,100,3
1777924309.4471064,2026-05-04T21:51:49.447106,38.063,8347481094,2040,6251,45,100,3
1777924309.4597847,2026-05-04T21:51:49.459785,38.063,8347481094,2040,6251,45,100,3
1777924309.4744923,2026-05-04T21:51:49.474492,38.395,8347485089,2040,6251,45,100,3
1777924309.4877973,2026-05-04T21:51:49.487797,38.395,8347485089,2040,6251,45,100,3
1777924309.5004406,2026-05-04T21:51:49.500441,38.395,8347485089,2040,6251,45,100,3
1777924309.5146012,2026-05-04T21:51:49.514601,38.395,8347485089,2040,6251,45,100,3
1777924309.5270026,2026-05-04T21:51:49.527003,38.395,8347485089,2040,6251,45,100,3
1777924309.5395808,2026-05-04T21:51:49.539581,38.395,8347485089,2040,6251,45,100,3
1777924309.5543668,2026-05-04T21:51:49.554367,38.395,8347485089,2040,6251,45,100,3
1777924309.5667746,2026-05-04T21:51:49.566775,38.395,8347485089,2040,6251,45,100,3
1777924309.5794535,2026-05-04T21:51:49.579453,38.472,8347488251,2040,6251,44,100,3
1777924309.5944862,2026-05-04T21:51:49.594486,38.472,8347488251,2040,6251,44,100,3
1777924309.6069334,2026-05-04T21:51:49.606933,38.472,8347488251,2040,6251,44,100,3
1777924309.6196163,2026-05-04T21:51:49.619616,38.472,8347488251,2040,6251,44,100,3
1777924309.6346169,2026-05-04T21:51:49.634617,38.472,8347488251,2040,6251,44,100,3
1777924309.6470706,2026-05-04T21:51:49.647071,38.472,8347488251,2040,6251,44,100,3
1777924309.659721,2026-05-04T21:51:49.659721,38.472,8347488251,2040,6251,44,100,3
1777924309.6742828,2026-05-04T21:51:49.674283,37.841,8347491394,2040,6251,44,100,0
1777924309.6877484,2026-05-04T21:51:49.687748,37.841,8347491394,2040,6251,44,100,0
1777924309.7005327,2026-05-04T21:51:49.700533,37.841,8347491394,2040,6251,44,100,0
1777924309.7144723,2026-05-04T21:51:49.714472,37.841,8347491394,2040,6251,44,100,0
1777924309.726912,2026-05-04T21:51:49.726912,37.841,8347491394,2040,6251,44,100,0
1777924309.7395709,2026-05-04T21:51:49.739571,37.841,8347491394,2040,6251,44,100,0
1777924309.7542338,2026-05-04T21:51:49.754234,37.841,8347491394,2040,6251,44,100,0
1777924309.7667823,2026-05-04T21:51:49.766782,37.841,8347491394,2040,6251,44,100,0
1777924309.7794416,2026-05-04T21:51:49.779442,37.692,8347494539,2040,6251,44,100,0
1777924309.7944098,2026-05-04T21:51:49.794410,37.692,8347494539,2040,6251,44,100,0
1777924309.8068168,2026-05-04T21:51:49.806817,37.692,8347494539,2040,6251,44,100,0
1777924309.8195174,2026-05-04T21:51:49.819517,37.692,8347494539,2040,6251,44,100,0
1777924309.8344414,2026-05-04T21:51:49.834441,37.692,8347494539,2040,6251,44,100,0
1777924309.8468244,2026-05-04T21:51:49.846824,37.692,8347494539,2040,6251,44,100,0
1777924309.8595293,2026-05-04T21:51:49.859529,37.692,8347494539,2040,6251,44,100,0
1777924309.874289,2026-05-04T21:51:49.874289,37.132,8347497685,2040,6251,44,100,0
1777924309.8877351,2026-05-04T21:51:49.887735,37.132,8347497685,2040,6251,44,100,0
1777924309.9004035,2026-05-04T21:51:49.900403,37.132,8347497685,2040,6251,44,100,0
1777924309.914652,2026-05-04T21:51:49.914652,37.132,8347497685,2040,6251,44,100,0
1777924309.9270017,2026-05-04T21:51:49.927002,37.132,8347497685,2040,6251,44,100,0
1777924309.939734,2026-05-04T21:51:49.939734,37.132,8347497685,2040,6251,44,100,0
1777924309.9542377,2026-05-04T21:51:49.954238,37.132,8347497685,2040,6251,44,100,0
1777924309.9665961,2026-05-04T21:51:49.966596,37.132,8347497685,2040,6251,44,100,0
1777924309.979294,2026-05-04T21:51:49.979294,36.773,8347500808,2040,6251,44,100,0
1777924309.9945557,2026-05-04T21:51:49.994556,36.773,8347500808,2040,6251,44,100,0
1777924310.00693,2026-05-04T21:51:50.006930,36.773,8347500808,2040,6251,44,100,0
1777924310.0195153,2026-05-04T21:51:50.019515,36.773,8347500808,2040,6251,44,100,0
1777924310.03437,2026-05-04T21:51:50.034370,36.773,8347500808,2040,6251,44,100,0
1777924310.0467703,2026-05-04T21:51:50.046770,36.773,8347500808,2040,6251,44,100,0
1777924310.0593474,2026-05-04T21:51:50.059347,36.773,8347500808,2040,6251,44,100,0
1777924310.0742338,2026-05-04T21:51:50.074234,36.095,8347503941,2040,6251,44,100,0
1777924310.087536,2026-05-04T21:51:50.087536,36.095,8347503941,2040,6251,44,100,0
1777924310.1001303,2026-05-04T21:51:50.100130,36.095,8347503941,2040,6251,44,100,0
1777924310.1143,2026-05-04T21:51:50.114300,36.095,8347503941,2040,6251,44,100,0
1777924310.1266568,2026-05-04T21:51:50.126657,36.095,8347503941,2040,6251,44,100,0
1777924310.1393535,2026-05-04T21:51:50.139354,36.095,8347503941,2040,6251,44,100,0
1777924310.154304,2026-05-04T21:51:50.154304,36.095,8347503941,2040,6251,44,100,0
1777924310.1666584,2026-05-04T21:51:50.166658,36.095,8347503941,2040,6251,44,100,0
1777924310.1793044,2026-05-04T21:51:50.179304,35.376,8347507080,2040,6251,44,100,0
1777924310.194679,2026-05-04T21:51:50.194679,35.376,8347507080,2040,6251,44,100,0
1777924310.2071362,2026-05-04T21:51:50.207136,35.376,8347507080,2040,6251,44,100,0
1777924310.2197251,2026-05-04T21:51:50.219725,35.376,8347507080,2040,6251,44,100,0
1777924310.2342796,2026-05-04T21:51:50.234280,35.376,8347507080,2040,6251,44,100,0
1777924310.2466466,2026-05-04T21:51:50.246647,35.376,8347507080,2040,6251,44,100,0
1777924310.2592962,2026-05-04T21:51:50.259296,35.376,8347507080,2040,6251,44,100,0
1777924310.2742062,2026-05-04T21:51:50.274206,34.424,8347510213,2040,6251,44,100,0
1777924310.2875512,2026-05-04T21:51:50.287551,34.424,8347510213,2040,6251,44,100,0
1777924310.3001454,2026-05-04T21:51:50.300145,34.424,8347510213,2040,6251,44,100,0
1777924310.3143225,2026-05-04T21:51:50.314322,34.424,8347510213,2040,6251,44,100,0
1777924310.3267338,2026-05-04T21:51:50.326734,34.424,8347510213,2040,6251,44,100,0
1777924310.3394072,2026-05-04T21:51:50.339407,34.424,8347510213,2040,6251,44,100,0
1777924310.3542333,2026-05-04T21:51:50.354233,34.424,8347510213,2040,6251,44,100,0
1777924310.366619,2026-05-04T21:51:50.366619,34.424,8347510213,2040,6251,44,100,0
1777924310.3793275,2026-05-04T21:51:50.379328,33.478,8347513342,2040,6251,44,100,0
1777924310.3942974,2026-05-04T21:51:50.394297,33.478,8347513342,2040,6251,44,100,0
1777924310.4067528,2026-05-04T21:51:50.406753,33.478,8347513342,2040,6251,44,100,0
1777924310.4193265,2026-05-04T21:51:50.419327,33.478,8347513342,2040,6251,44,100,0
1777924310.4341834,2026-05-04T21:51:50.434183,33.478,8347513342,2040,6251,44,100,0
1777924310.446556,2026-05-04T21:51:50.446556,33.478,8347513342,2040,6251,44,100,0
1777924310.4591076,2026-05-04T21:51:50.459108,33.478,8347513342,2040,6251,44,100,0
1777924310.4744227,2026-05-04T21:51:50.474423,32.539,8347516479,2040,6251,44,100,0
1777924310.487516,2026-05-04T21:51:50.487516,32.539,8347516479,2040,6251,44,100,0
1777924310.5000966,2026-05-04T21:51:50.500097,32.539,8347516479,2040,6251,44,100,0
1777924310.5142727,2026-05-04T21:51:50.514273,32.539,8347516479,2040,6251,44,100,0
1777924310.5267181,2026-05-04T21:51:50.526718,32.539,8347516479,2040,6251,44,100,0
1777924310.5393353,2026-05-04T21:51:50.539335,32.539,8347516479,2040,6251,44,100,0
1777924310.5541427,2026-05-04T21:51:50.554143,32.539,8347516479,2040,6251,44,100,0
1777924310.566521,2026-05-04T21:51:50.566521,32.539,8347516479,2040,6251,44,100,0
1777924310.57917,2026-05-04T21:51:50.579170,31.613,8347519611,2040,6251,44,100,0
1777924310.59427,2026-05-04T21:51:50.594270,31.613,8347519611,2040,6251,44,100,0
1777924310.606688,2026-05-04T21:51:50.606688,31.613,8347519611,2040,6251,44,100,0
1777924310.6192636,2026-05-04T21:51:50.619264,31.613,8347519611,2040,6251,44,100,0
1777924310.6341588,2026-05-04T21:51:50.634159,31.613,8347519611,2040,6251,44,100,0
1777924310.6465318,2026-05-04T21:51:50.646532,31.613,8347519611,2040,6251,44,100,0
1777924310.6591892,2026-05-04T21:51:50.659189,31.613,8347519611,2040,6251,44,100,0
1777924310.6740534,2026-05-04T21:51:50.674053,31.456,8347522748,2040,6251,44,100,0
1777924310.687386,2026-05-04T21:51:50.687386,31.456,8347522748,2040,6251,44,100,0
1777924310.7000449,2026-05-04T21:51:50.700045,31.456,8347522748,2040,6251,44,100,0
1777924310.714186,2026-05-04T21:51:50.714186,31.456,8347522748,2040,6251,44,100,0
1777924310.7265265,2026-05-04T21:51:50.726526,31.456,8347522748,2040,6251,44,100,0
1777924310.7392614,2026-05-04T21:51:50.739261,31.456,8347522748,2040,6251,44,100,0
1777924310.754292,2026-05-04T21:51:50.754292,31.456,8347522748,2040,6251,44,100,0
1777924310.7666683,2026-05-04T21:51:50.766668,31.456,8347522748,2040,6251,44,100,0
1777924310.7791605,2026-05-04T21:51:50.779160,31.457,8347525886,2040,6251,44,100,0
1777924310.7942085,2026-05-04T21:51:50.794209,31.457,8347525886,2040,6251,44,100,0
1777924310.806696,2026-05-04T21:51:50.806696,31.457,8347525886,2040,6251,44,100,0
1777924310.8191974,2026-05-04T21:51:50.819197,31.457,8347525886,2040,6251,44,100,0
1777924310.8341262,2026-05-04T21:51:50.834126,31.457,8347525886,2040,6251,44,100,0
1777924310.846708,2026-05-04T21:51:50.846708,31.457,8347525886,2040,6251,44,100,0
1777924310.8593113,2026-05-04T21:51:50.859311,31.457,8347525886,2040,6251,44,100,0
1777924310.8739777,2026-05-04T21:51:50.873978,31.447,8347529021,2040,6251,44,100,0
1777924310.887463,2026-05-04T21:51:50.887463,31.447,8347529021,2040,6251,44,100,0
1777924310.9001207,2026-05-04T21:51:50.900121,31.447,8347529021,2040,6251,44,100,0
1777924310.9140115,2026-05-04T21:51:50.914011,31.447,8347529021,2040,6251,44,100,0
1777924310.9264157,2026-05-04T21:51:50.926416,31.447,8347529021,2040,6251,44,100,0
1777924310.9389932,2026-05-04T21:51:50.938993,31.447,8347529021,2040,6251,44,100,0
1777924310.953857,2026-05-04T21:51:50.953857,31.447,8347529021,2040,6251,44,100,0
1777924310.9662597,2026-05-04T21:51:50.966260,31.447,8347529021,2040,6251,44,100,0
1777924310.9861267,2026-05-04T21:51:50.986127,31.628,8347532156,2040,6251,44,100,0
1777924311.0041943,2026-05-04T21:51:51.004194,31.628,8347532156,2040,6251,44,100,0
1777924311.0222816,2026-05-04T21:51:51.022282,31.628,8347532156,2040,6251,44,100,0
1777924311.0395193,2026-05-04T21:51:51.039519,31.628,8347532156,2040,6251,44,100,0
1777924311.0571008,2026-05-04T21:51:51.057101,31.628,8347532156,2040,6251,44,100,0
1777924311.0759568,2026-05-04T21:51:51.075957,31.628,8347535659,2040,6251,44,100,0
1777924311.1020517,2026-05-04T21:51:51.102052,31.982,8347535659,2040,6251,44,100,0
1777924311.1205702,2026-05-04T21:51:51.120570,31.982,8347535659,2040,6251,44,100,0
1777924311.1390111,2026-05-04T21:51:51.139011,31.982,8347535659,2040,6251,44,100,0
1777924311.1570518,2026-05-04T21:51:51.157052,31.982,8347535659,2040,6251,44,100,0
1777924311.1786573,2026-05-04T21:51:51.178657,31.982,8347539195,2040,6251,44,100,0
1777924311.1963973,2026-05-04T21:51:51.196397,32.346,8347539195,2040,6251,44,100,0
1777924311.2194393,2026-05-04T21:51:51.219439,32.346,8347539195,2040,6251,44,100,0
1777924311.237054,2026-05-04T21:51:51.237054,32.346,8347539195,2040,6251,44,100,0
1777924311.2573304,2026-05-04T21:51:51.257330,32.346,8347539195,2040,6251,44,100,0
1777924311.2763302,2026-05-04T21:51:51.276330,32.346,8347542726,2040,6251,44,100,0
1777924311.3010297,2026-05-04T21:51:51.301030,32.701,8347542726,2040,6251,44,100,0
1777924311.3199384,2026-05-04T21:51:51.319938,32.701,8347542726,2040,6251,44,100,0
1777924311.3384607,2026-05-04T21:51:51.338461,32.701,8347542726,2040,6251,44,100,0
1777924311.3567324,2026-05-04T21:51:51.356732,32.701,8347542726,2040,6251,44,100,0
1777924311.3768287,2026-05-04T21:51:51.376829,32.701,8347546262,2040,6251,44,100,0
1777924311.3972282,2026-05-04T21:51:51.397228,33.066,8347546262,2040,6251,44,100,0
1777924311.419786,2026-05-04T21:51:51.419786,33.066,8347546262,2040,6251,44,100,0
1777924311.4373043,2026-05-04T21:51:51.437304,33.066,8347546262,2040,6251,44,100,0
1777924311.4559493,2026-05-04T21:51:51.455949,33.066,8347546262,2040,6251,44,100,0
1777924311.4765031,2026-05-04T21:51:51.476503,33.066,8347549793,2040,6251,44,100,0
1777924311.4997237,2026-05-04T21:51:51.499724,33.42,8347549793,2040,6251,44,100,0
1777924311.5187027,2026-05-04T21:51:51.518703,33.42,8347549793,2040,6251,44,100,0
1777924311.5387838,2026-05-04T21:51:51.538784,33.42,8347549793,2040,6251,44,100,0
1777924311.5595295,2026-05-04T21:51:51.559530,33.42,8347549793,2040,6251,44,100,0
1777924311.580258,2026-05-04T21:51:51.580258,33.42,8347553317,2040,6251,44,100,0
1777924311.6030653,2026-05-04T21:51:51.603065,33.777,8347553317,2040,6251,44,100,0
1777924311.6253135,2026-05-04T21:51:51.625314,33.777,8347553317,2040,6251,44,100,0
1777924311.6448905,2026-05-04T21:51:51.644891,33.777,8347553317,2040,6251,44,100,0
1777924311.6636374,2026-05-04T21:51:51.663637,33.777,8347553317,2040,6251,44,100,0
1777924311.6835494,2026-05-04T21:51:51.683549,33.777,8347556843,2040,6251,44,100,0
1777924311.7021499,2026-05-04T21:51:51.702150,34.129,8347556843,2040,6251,44,100,0
1777924311.7232187,2026-05-04T21:51:51.723219,34.129,8347556843,2040,6251,44,100,0
1777924311.7416897,2026-05-04T21:51:51.741690,34.129,8347556843,2040,6251,44,100,0
1777924311.7591043,2026-05-04T21:51:51.759104,34.129,8347556843,2040,6251,44,100,0
1777924311.777307,2026-05-04T21:51:51.777307,34.129,8347560372,2040,6251,44,100,0
1777924311.7948287,2026-05-04T21:51:51.794829,34.129,8347560372,2040,6251,44,100,0
1777924311.8170636,2026-05-04T21:51:51.817064,34.486,8347560372,2040,6251,44,100,0
1777924311.837238,2026-05-04T21:51:51.837238,34.486,8347560372,2040,6251,44,100,0
1777924311.8579025,2026-05-04T21:51:51.857903,34.486,8347560372,2040,6251,44,100,0
1777924311.8762782,2026-05-04T21:51:51.876278,34.486,8347563896,2040,6251,44,100,0
1777924311.89962,2026-05-04T21:51:51.899620,34.831,8347563896,2040,6251,44,100,0
1777924311.920807,2026-05-04T21:51:51.920807,34.831,8347563896,2040,6251,44,100,0
1777924311.9393885,2026-05-04T21:51:51.939389,34.831,8347563896,2040,6251,44,100,0
1777924311.958098,2026-05-04T21:51:51.958098,34.831,8347563896,2040,6251,44,100,0
1777924311.9782474,2026-05-04T21:51:51.978247,34.831,8347567427,2040,6251,44,100,0
1777924311.9978178,2026-05-04T21:51:51.997818,35.19,8347567427,2040,6251,44,100,0
1777924312.018023,2026-05-04T21:51:52.018023,35.19,8347567427,2040,6251,44,100,0
1777924312.0380886,2026-05-04T21:51:52.038089,35.19,8347567427,2040,6251,44,100,0
1777924312.0553365,2026-05-04T21:51:52.055336,35.19,8347567427,2040,6251,44,100,0
1777924312.077409,2026-05-04T21:51:52.077409,35.19,8347570957,2040,6251,44,100,0
1777924312.100293,2026-05-04T21:51:52.100293,35.354,8347570957,2040,6251,44,100,0
1777924312.1184542,2026-05-04T21:51:52.118454,35.354,8347570957,2040,6251,44,100,0
1777924312.138529,2026-05-04T21:51:52.138529,35.354,8347570957,2040,6251,44,100,0
1777924312.158187,2026-05-04T21:51:52.158187,35.354,8347570957,2040,6251,44,100,0
1777924312.1779883,2026-05-04T21:51:52.177988,35.354,8347574483,2040,6251,44,100,0
1777924312.1979928,2026-05-04T21:51:52.197993,35.347,8347574483,2040,6251,44,100,0
1777924312.2201068,2026-05-04T21:51:52.220107,35.347,8347574483,2040,6251,44,100,0
1777924312.2424197,2026-05-04T21:51:52.242420,35.347,8347574483,2040,6251,44,100,0
1777924312.26083,2026-05-04T21:51:52.260830,35.347,8347574483,2040,6251,44,100,0
1777924312.2799037,2026-05-04T21:51:52.279904,35.347,8347578006,2040,6251,44,100,0
1777924312.2986345,2026-05-04T21:51:52.298635,35.322,8347578006,2040,6251,44,100,0
1777924312.3197234,2026-05-04T21:51:52.319723,35.322,8347578006,2040,6251,44,100,0
1777924312.339133,2026-05-04T21:51:52.339133,35.322,8347578006,2040,6251,44,100,0
1777924312.3573651,2026-05-04T21:51:52.357365,35.322,8347578006,2040,6251,44,100,0
1777924312.3755643,2026-05-04T21:51:52.375564,35.322,8347581530,2040,6251,44,100,0
1777924312.3974802,2026-05-04T21:51:52.397480,35.324,8347581530,2040,6251,44,100,0
1777924312.4175305,2026-05-04T21:51:52.417531,35.324,8347581530,2040,6251,44,100,0
1777924312.4360428,2026-05-04T21:51:52.436043,35.324,8347581530,2040,6251,44,100,0
1777924312.4572213,2026-05-04T21:51:52.457221,35.324,8347581530,2040,6251,44,100,0
1777924312.4776814,2026-05-04T21:51:52.477681,35.324,8347585055,2040,6251,44,100,0
1777924312.499997,2026-05-04T21:51:52.499997,35.326,8347585055,2040,6251,44,100,0
1777924312.5210934,2026-05-04T21:51:52.521093,35.326,8347585055,2040,6251,44,100,0
1777924312.5370471,2026-05-04T21:51:52.537047,35.326,8347585055,2040,6251,44,100,0
1777924312.5566323,2026-05-04T21:51:52.556632,35.326,8347585055,2040,6251,44,100,0
1777924312.577945,2026-05-04T21:51:52.577945,35.326,8347588585,2040,6251,44,100,0
1777924312.5973594,2026-05-04T21:51:52.597359,35.341,8347588585,2040,6251,44,100,0
1777924312.6175902,2026-05-04T21:51:52.617590,35.341,8347588585,2040,6251,44,100,0
1777924312.6363845,2026-05-04T21:51:52.636384,35.341,8347588585,2040,6251,44,100,0
1777924312.6558604,2026-05-04T21:51:52.655860,35.341,8347588585,2040,6251,44,100,0
1777924312.6744986,2026-05-04T21:51:52.674499,35.341,8347592115,2040,6251,44,100,0
1777924312.697566,2026-05-04T21:51:52.697566,35.341,8347592115,2040,6251,44,100,0
1777924312.7151227,2026-05-04T21:51:52.715123,35.341,8347592115,2040,6251,44,100,0
1777924312.7356944,2026-05-04T21:51:52.735694,35.341,8347592115,2040,6251,44,100,0
1777924312.757449,2026-05-04T21:51:52.757449,35.341,8347592115,2040,6251,44,100,0
1777924312.777306,2026-05-04T21:51:52.777306,35.341,8347595643,2040,6251,44,100,0
1777924312.8004189,2026-05-04T21:51:52.800419,35.334,8347595643,2040,6251,44,100,0
1777924312.8202946,2026-05-04T21:51:52.820295,35.334,8347595643,2040,6251,44,100,0
1777924312.8397515,2026-05-04T21:51:52.839751,35.334,8347595643,2040,6251,44,100,0
1777924312.8536427,2026-05-04T21:51:52.853643,35.334,8347595643,2040,6251,44,100,0
1777924312.866169,2026-05-04T21:51:52.866169,35.334,8347595643,2040,6251,44,100,0
1777924312.8789597,2026-05-04T21:51:52.878960,35.334,8347599306,2040,6251,44,100,0
1777924312.8961716,2026-05-04T21:51:52.896172,35.654,8347599306,2040,6251,44,100,1
1777924312.9087894,2026-05-04T21:51:52.908789,35.654,8347599306,2040,6251,44,100,1
1777924312.9214516,2026-05-04T21:51:52.921452,35.654,8347599306,2040,6251,44,100,1
1777924312.9342082,2026-05-04T21:51:52.934208,35.654,8347599306,2040,6251,44,100,1
1777924312.9467182,2026-05-04T21:51:52.946718,35.654,8347599306,2040,6251,44,100,1
1777924312.9594138,2026-05-04T21:51:52.959414,35.654,8347599306,2040,6251,44,100,1
1777924312.973468,2026-05-04T21:51:52.973468,35.654,8347603285,2040,6251,44,100,1
1777924312.9867744,2026-05-04T21:51:52.986774,35.654,8347603285,2040,6251,44,100,1
1777924312.9994361,2026-05-04T21:51:52.999436,36.314,8347603285,2040,6251,45,100,1
1777924313.0135484,2026-05-04T21:51:53.013548,36.314,8347603285,2040,6251,45,100,1
1777924313.026038,2026-05-04T21:51:53.026038,36.314,8347603285,2040,6251,45,100,1
1777924313.0388553,2026-05-04T21:51:53.038855,36.314,8347603285,2040,6251,45,100,1
1777924313.0533822,2026-05-04T21:51:53.053382,36.314,8347603285,2040,6251,45,100,1
1777924313.0658605,2026-05-04T21:51:53.065861,36.314,8347603285,2040,6251,45,100,1
1777924313.0786185,2026-05-04T21:51:53.078619,36.314,8347607449,2040,6251,45,100,1
1777924313.0962088,2026-05-04T21:51:53.096209,36.804,8347607449,2040,6251,45,100,3
1777924313.1088438,2026-05-04T21:51:53.108844,36.804,8347607449,2040,6251,45,100,3
1777924313.121473,2026-05-04T21:51:53.121473,36.804,8347607449,2040,6251,45,100,3
1777924313.1342769,2026-05-04T21:51:53.134277,36.804,8347607449,2040,6251,45,100,3
1777924313.1468585,2026-05-04T21:51:53.146858,36.804,8347607449,2040,6251,45,100,3
1777924313.1595144,2026-05-04T21:51:53.159514,36.804,8347607449,2040,6251,45,100,3
1777924313.1734173,2026-05-04T21:51:53.173417,36.804,8347611620,2040,6251,45,100,3
1777924313.186752,2026-05-04T21:51:53.186752,36.804,8347611620,2040,6251,45,100,3
1777924313.1996384,2026-05-04T21:51:53.199638,37.616,8347611620,2040,6251,45,100,3
1777924313.2134497,2026-05-04T21:51:53.213450,37.616,8347611620,2040,6251,45,100,3
1777924313.2258892,2026-05-04T21:51:53.225889,37.616,8347611620,2040,6251,45,100,3
1777924313.2386906,2026-05-04T21:51:53.238691,37.616,8347611620,2040,6251,45,100,3
1777924313.2532883,2026-05-04T21:51:53.253288,37.616,8347611620,2040,6251,45,100,3
1777924313.2657387,2026-05-04T21:51:53.265739,37.616,8347611620,2040,6251,45,100,3
1777924313.2784898,2026-05-04T21:51:53.278490,37.616,8347615778,2040,6251,45,100,3
1777924313.295993,2026-05-04T21:51:53.295993,37.963,8347615778,2040,6251,45,100,3
1777924313.30862,2026-05-04T21:51:53.308620,37.963,8347615778,2040,6251,45,100,3
1777924313.3211627,2026-05-04T21:51:53.321163,37.963,8347615778,2040,6251,45,100,3
1777924313.3338459,2026-05-04T21:51:53.333846,37.963,8347615778,2040,6251,45,100,3
1777924313.3462732,2026-05-04T21:51:53.346273,37.963,8347615778,2040,6251,45,100,3
1777924313.3588672,2026-05-04T21:51:53.358867,37.963,8347615778,2040,6251,45,100,3
1777924313.3732603,2026-05-04T21:51:53.373260,37.963,8347619191,2040,6251,45,100,3
1777924313.386579,2026-05-04T21:51:53.386579,37.963,8347619191,2040,6251,45,100,3
1777924313.3992069,2026-05-04T21:51:53.399207,37.841,8347619191,2040,6251,45,100,3
1777924313.413649,2026-05-04T21:51:53.413649,37.841,8347619191,2040,6251,45,100,3
1777924313.4259903,2026-05-04T21:51:53.425990,37.841,8347619191,2040,6251,45,100,3
1777924313.4386773,2026-05-04T21:51:53.438677,37.841,8347619191,2040,6251,45,100,3
1777924313.4531655,2026-05-04T21:51:53.453166,37.841,8347619191,2040,6251,45,100,3
1777924313.4654825,2026-05-04T21:51:53.465482,37.841,8347619191,2040,6251,45,100,3
1777924313.478191,2026-05-04T21:51:53.478191,37.841,8347622331,2040,6251,45,100,3
1777924313.4958293,2026-05-04T21:51:53.495829,37.259,8347622331,2040,6251,44,100,0
1777924313.5083284,2026-05-04T21:51:53.508328,37.259,8347622331,2040,6251,44,100,0
1777924313.520931,2026-05-04T21:51:53.520931,37.259,8347622331,2040,6251,44,100,0
1777924313.5335667,2026-05-04T21:51:53.533567,37.259,8347622331,2040,6251,44,100,0
1777924313.5459542,2026-05-04T21:51:53.545954,37.259,8347622331,2040,6251,44,100,0
1777924313.5586395,2026-05-04T21:51:53.558640,37.259,8347622331,2040,6251,44,100,0
1777924313.5731254,2026-05-04T21:51:53.573125,37.259,8347625472,2040,6251,44,100,0
1777924313.586556,2026-05-04T21:51:53.586556,37.259,8347625472,2040,6251,44,100,0
1777924313.5992513,2026-05-04T21:51:53.599251,37.041,8347625472,2040,6251,44,100,0
1777924313.6133916,2026-05-04T21:51:53.613392,37.041,8347625472,2040,6251,44,100,0
1777924313.625794,2026-05-04T21:51:53.625794,37.041,8347625472,2040,6251,44,100,0
1777924313.63839,2026-05-04T21:51:53.638390,37.041,8347625472,2040,6251,44,100,0
1777924313.653171,2026-05-04T21:51:53.653171,37.041,8347625472,2040,6251,44,100,0
1777924313.665569,2026-05-04T21:51:53.665569,37.041,8347625472,2040,6251,44,100,0
1777924313.6781344,2026-05-04T21:51:53.678134,37.041,8347628602,2040,6251,44,100,0
1777924313.6951675,2026-05-04T21:51:53.695168,36.531,8347628602,2040,6251,44,100,0
1777924313.7082107,2026-05-04T21:51:53.708211,36.531,8347628602,2040,6251,44,100,0
1777924313.7208042,2026-05-04T21:51:53.720804,36.531,8347628602,2040,6251,44,100,0
1777924313.7334957,2026-05-04T21:51:53.733496,36.531,8347628602,2040,6251,44,100,0
1777924313.74584,2026-05-04T21:51:53.745840,36.531,8347628602,2040,6251,44,100,0
1777924313.758541,2026-05-04T21:51:53.758541,36.531,8347628602,2040,6251,44,100,0
1777924313.773047,2026-05-04T21:51:53.773047,36.531,8347631737,2040,6251,44,100,0
1777924313.7864509,2026-05-04T21:51:53.786451,36.531,8347631737,2040,6251,44,100,0
1777924313.7990527,2026-05-04T21:51:53.799053,36.252,8347631737,2040,6251,44,100,0
1777924313.813236,2026-05-04T21:51:53.813236,36.252,8347631737,2040,6251,44,100,0
1777924313.8256443,2026-05-04T21:51:53.825644,36.252,8347631737,2040,6251,44,100,0
1777924313.8383634,2026-05-04T21:51:53.838363,36.252,8347631737,2040,6251,44,100,0
1777924313.853059,2026-05-04T21:51:53.853059,36.252,8347631737,2040,6251,44,100,0
1777924313.8654482,2026-05-04T21:51:53.865448,36.252,8347631737,2040,6251,44,100,0
1777924313.8782048,2026-05-04T21:51:53.878205,36.252,8347634874,2040,6251,44,100,0
1777924313.8957949,2026-05-04T21:51:53.895795,35.813,8347634874,2040,6251,44,100,0
1777924313.9083307,2026-05-04T21:51:53.908331,35.813,8347634874,2040,6251,44,100,0
1777924313.920905,2026-05-04T21:51:53.920905,35.813,8347634874,2040,6251,44,100,0
1777924313.9336004,2026-05-04T21:51:53.933600,35.813,8347634874,2040,6251,44,100,0
1777924313.9460366,2026-05-04T21:51:53.946037,35.813,8347634874,2040,6251,44,100,0
1777924313.958651,2026-05-04T21:51:53.958651,35.813,8347634874,2040,6251,44,100,0
1777924313.9732902,2026-05-04T21:51:53.973290,35.813,8347638006,2040,6251,44,100,0
1777924313.9863718,2026-05-04T21:51:53.986372,35.813,8347638006,2040,6251,44,100,0
1777924313.998924,2026-05-04T21:51:53.998924,35.145,8347638006,2040,6251,44,100,0
1777924314.013129,2026-05-04T21:51:54.013129,35.145,8347638006,2040,6251,44,100,0
1777924314.025496,2026-05-04T21:51:54.025496,35.145,8347638006,2040,6251,44,100,0
1777924314.038266,2026-05-04T21:51:54.038266,35.145,8347638006,2040,6251,44,100,0
1777924314.0530024,2026-05-04T21:51:54.053002,35.145,8347638006,2040,6251,44,100,0
1777924314.0653324,2026-05-04T21:51:54.065332,35.145,8347638006,2040,6251,44,100,0
1777924314.0780118,2026-05-04T21:51:54.078012,35.145,8347641143,2040,6251,44,100,0
1777924314.095776,2026-05-04T21:51:54.095776,34.233,8347641143,2040,6251,44,100,0
1777924314.1082642,2026-05-04T21:51:54.108264,34.233,8347641143,2040,6251,44,100,0
1777924314.1208053,2026-05-04T21:51:54.120805,34.233,8347641143,2040,6251,44,100,0
1777924314.1334815,2026-05-04T21:51:54.133482,34.233,8347641143,2040,6251,44,100,0
1777924314.1459358,2026-05-04T21:51:54.145936,34.233,8347641143,2040,6251,44,100,0
1777924314.158459,2026-05-04T21:51:54.158459,34.233,8347641143,2040,6251,44,100,0
1777924314.1729872,2026-05-04T21:51:54.172987,34.233,8347644282,2040,6251,44,100,0
1777924314.1863832,2026-05-04T21:51:54.186383,34.233,8347644282,2040,6251,44,100,0
1777924314.1989565,2026-05-04T21:51:54.198956,33.295,8347644282,2040,6251,44,100,0
1777924314.2130935,2026-05-04T21:51:54.213094,33.295,8347644282,2040,6251,44,100,0
1777924314.2254696,2026-05-04T21:51:54.225470,33.295,8347644282,2040,6251,44,100,0
1777924314.2382216,2026-05-04T21:51:54.238222,33.295,8347644282,2040,6251,44,100,0
1777924314.2531955,2026-05-04T21:51:54.253196,33.295,8347644282,2040,6251,44,100,0
1777924314.265559,2026-05-04T21:51:54.265559,33.295,8347644282,2040,6251,44,100,0
1777924314.2781253,2026-05-04T21:51:54.278125,33.295,8347647417,2040,6251,44,100,0
1777924314.2956362,2026-05-04T21:51:54.295636,32.344,8347647417,2040,6251,44,100,0
1777924314.3082247,2026-05-04T21:51:54.308225,32.344,8347647417,2040,6251,44,100,0
1777924314.3207796,2026-05-04T21:51:54.320780,32.344,8347647417,2040,6251,44,100,0
1777924314.3334155,2026-05-04T21:51:54.333416,32.344,8347647417,2040,6251,44,100,0
1777924314.345719,2026-05-04T21:51:54.345719,32.344,8347647417,2040,6251,44,100,0
1777924314.3583367,2026-05-04T21:51:54.358337,32.344,8347647417,2040,6251,44,100,0
1777924314.3729053,2026-05-04T21:51:54.372905,32.344,8347650541,2040,6251,44,100,0
1777924314.3862464,2026-05-04T21:51:54.386246,32.344,8347650541,2040,6251,44,100,0
1777924314.3986843,2026-05-04T21:51:54.398684,31.419,8347650541,2040,6251,44,100,0
1777924314.417412,2026-05-04T21:51:54.417412,31.419,8347650541,2040,6251,44,100,0
1777924314.4370174,2026-05-04T21:51:54.437017,31.419,8347650541,2040,6251,44,100,0
1777924314.4570193,2026-05-04T21:51:54.457019,31.419,8347650541,2040,6251,44,100,0
1777924314.4794052,2026-05-04T21:51:54.479405,31.419,8347653907,2040,6251,44,100,0
1777924314.5019724,2026-05-04T21:51:54.501972,31.755,8347653907,2040,6251,44,100,0
1777924314.5248163,2026-05-04T21:51:54.524816,31.755,8347653907,2040,6251,44,100,0
1777924314.5441675,2026-05-04T21:51:54.544168,31.755,8347653907,2040,6251,44,100,0
1777924314.56051,2026-05-04T21:51:54.560510,31.755,8347653907,2040,6251,44,100,0
1777924314.5805535,2026-05-04T21:51:54.580554,31.755,8347657436,2040,6251,44,100,0
1777924314.597693,2026-05-04T21:51:54.597693,31.755,8347657436,2040,6251,44,100,0
1777924314.6189375,2026-05-04T21:51:54.618937,32.118,8347657436,2040,6251,44,100,0
1777924314.6386895,2026-05-04T21:51:54.638690,32.118,8347657436,2040,6251,44,100,0
1777924314.659216,2026-05-04T21:51:54.659216,32.118,8347657436,2040,6251,44,100,0
1777924314.6796339,2026-05-04T21:51:54.679634,32.118,8347660964,2040,6251,44,100,0
1777924314.7010572,2026-05-04T21:51:54.701057,32.464,8347660964,2040,6251,44,100,0
1777924314.722057,2026-05-04T21:51:54.722057,32.464,8347660964,2040,6251,44,100,0
1777924314.740988,2026-05-04T21:51:54.740988,32.464,8347660964,2040,6251,44,100,0
1777924314.7623444,2026-05-04T21:51:54.762344,32.464,8347660964,2040,6251,44,100,0
1777924314.7813134,2026-05-04T21:51:54.781313,32.464,8347664495,2040,6251,44,100,0
1777924314.801595,2026-05-04T21:51:54.801595,32.827,8347664495,2040,6251,44,100,0
1777924314.821739,2026-05-04T21:51:54.821739,32.827,8347664495,2040,6251,44,100,0
1777924314.8422806,2026-05-04T21:51:54.842281,32.827,8347664495,2040,6251,44,100,0
1777924314.8608675,2026-05-04T21:51:54.860868,32.827,8347664495,2040,6251,44,100,0
1777924314.8810914,2026-05-04T21:51:54.881091,32.827,8347668025,2040,6251,44,100,0
1777924314.9020607,2026-05-04T21:51:54.902061,33.2,8347668025,2040,6251,44,100,0
1777924314.9225929,2026-05-04T21:51:54.922593,33.2,8347668025,2040,6251,44,100,0
1777924314.942503,2026-05-04T21:51:54.942503,33.2,8347668025,2040,6251,44,100,0
1777924314.9652016,2026-05-04T21:51:54.965202,33.2,8347668025,2040,6251,44,100,0
1777924314.9833658,2026-05-04T21:51:54.983366,33.2,8347671559,2040,6251,44,100,0
1777924315.0052216,2026-05-04T21:51:55.005222,33.571,8347671559,2040,6251,44,100,0
1777924315.0229192,2026-05-04T21:51:55.022919,33.571,8347671559,2040,6251,44,100,0
1777924315.041903,2026-05-04T21:51:55.041903,33.571,8347671559,2040,6251,44,100,0
1777924315.0608253,2026-05-04T21:51:55.060825,33.571,8347671559,2040,6251,44,100,0
1777924315.0813308,2026-05-04T21:51:55.081331,33.571,8347675095,2040,6251,44,100,0
1777924315.1013768,2026-05-04T21:51:55.101377,33.92,8347675095,2040,6251,44,100,0
1777924315.1245415,2026-05-04T21:51:55.124542,33.92,8347675095,2040,6251,44,100,0
1777924315.145097,2026-05-04T21:51:55.145097,33.92,8347675095,2040,6251,44,100,0
1777924315.163988,2026-05-04T21:51:55.163988,33.92,8347675095,2040,6251,44,100,0
1777924315.1835027,2026-05-04T21:51:55.183503,33.92,8347678628,2040,6251,44,100,0
1777924315.2017605,2026-05-04T21:51:55.201761,34.274,8347678628,2040,6251,44,100,0
1777924315.2207904,2026-05-04T21:51:55.220790,34.274,8347678628,2040,6251,44,100,0
1777924315.2414775,2026-05-04T21:51:55.241477,34.274,8347678628,2040,6251,44,100,0
1777924315.260523,2026-05-04T21:51:55.260523,34.274,8347678628,2040,6251,44,100,0
1777924315.2802763,2026-05-04T21:51:55.280276,34.274,8347682157,2040,6251,44,100,0
1777924315.29862,2026-05-04T21:51:55.298620,34.274,8347682157,2040,6251,44,100,0
1777924315.3179088,2026-05-04T21:51:55.317909,34.64,8347682157,2040,6251,44,100,0
1777924315.3353922,2026-05-04T21:51:55.335392,34.64,8347682157,2040,6251,44,100,0
1777924315.3574505,2026-05-04T21:51:55.357450,34.64,8347682157,2040,6251,44,100,0
1777924315.3753521,2026-05-04T21:51:55.375352,34.64,8347685690,2040,6251,44,100,0
1777924315.3973827,2026-05-04T21:51:55.397383,34.64,8347685690,2040,6251,44,100,0
1777924315.4198692,2026-05-04T21:51:55.419869,34.985,8347685690,2040,6251,44,100,0
1777924315.4400125,2026-05-04T21:51:55.440012,34.985,8347685690,2040,6251,44,100,0
1777924315.458072,2026-05-04T21:51:55.458072,34.985,8347685690,2040,6251,44,100,0
1777924315.4770179,2026-05-04T21:51:55.477018,34.985,8347689221,2040,6251,44,100,0
1777924315.4999974,2026-05-04T21:51:55.499997,35.361,8347689221,2040,6251,44,100,0
1777924315.5234842,2026-05-04T21:51:55.523484,35.361,8347689221,2040,6251,44,100,0
1777924315.5434668,2026-05-04T21:51:55.543467,35.361,8347689221,2040,6251,44,100,0
1777924315.5607004,2026-05-04T21:51:55.560700,35.361,8347689221,2040,6251,44,100,0
1777924315.580337,2026-05-04T21:51:55.580337,35.361,8347692754,2040,6251,44,100,0
1777924315.5995312,2026-05-04T21:51:55.599531,35.387,8347692754,2040,6251,44,100,0
1777924315.6165452,2026-05-04T21:51:55.616545,35.387,8347692754,2040,6251,44,100,0
1777924315.6356494,2026-05-04T21:51:55.635649,35.387,8347692754,2040,6251,44,100,0
1777924315.6564488,2026-05-04T21:51:55.656449,35.387,8347692754,2040,6251,44,100,0
1777924315.676089,2026-05-04T21:51:55.676089,35.387,8347696281,2040,6251,44,100,0
1777924315.6975403,2026-05-04T21:51:55.697540,35.387,8347696281,2040,6251,44,100,0
1777924315.72077,2026-05-04T21:51:55.720770,35.38,8347696281,2040,6251,44,100,0
1777924315.7406144,2026-05-04T21:51:55.740614,35.38,8347696281,2040,6251,44,100,0
1777924315.759896,2026-05-04T21:51:55.759896,35.38,8347696281,2040,6251,44,100,0
1777924315.7726264,2026-05-04T21:51:55.772626,35.38,8347699834,2040,6251,44,100,0
1777924315.7859797,2026-05-04T21:51:55.785980,35.38,8347699834,2040,6251,44,100,0
1777924315.7987728,2026-05-04T21:51:55.798773,35.621,8347699834,2040,6251,44,100,0
1777924315.8125796,2026-05-04T21:51:55.812580,35.621,8347699834,2040,6251,44,100,0
1777924315.8250928,2026-05-04T21:51:55.825093,35.621,8347699834,2040,6251,44,100,0
1777924315.8378825,2026-05-04T21:51:55.837883,35.621,8347699834,2040,6251,44,100,0
1777924315.8524466,2026-05-04T21:51:55.852447,35.621,8347699834,2040,6251,44,100,0
1777924315.8648992,2026-05-04T21:51:55.864899,35.621,8347699834,2040,6251,44,100,0
1777924315.8776853,2026-05-04T21:51:55.877685,35.621,8347703767,2040,6251,44,100,0
1777924315.8951201,2026-05-04T21:51:55.895120,35.621,8347703767,2040,6251,44,100,0
1777924315.9076073,2026-05-04T21:51:55.907607,36.096,8347703767,2040,6251,45,100,2
1777924315.920335,2026-05-04T21:51:55.920335,36.096,8347703767,2040,6251,45,100,2
1777924315.933064,2026-05-04T21:51:55.933064,36.096,8347703767,2040,6251,45,100,2
1777924315.945521,2026-05-04T21:51:55.945521,36.096,8347703767,2040,6251,45,100,2
1777924315.9583108,2026-05-04T21:51:55.958311,36.096,8347703767,2040,6251,45,100,2
1777924315.9724786,2026-05-04T21:51:55.972479,36.096,8347707932,2040,6251,45,100,2
1777924315.9858015,2026-05-04T21:51:55.985801,36.096,8347707932,2040,6251,45,100,2
1777924315.998852,2026-05-04T21:51:55.998852,36.76,8347707932,2040,6251,45,100,2
1777924316.0125546,2026-05-04T21:51:56.012555,36.76,8347707932,2040,6251,45,100,2
1777924316.0250182,2026-05-04T21:51:56.025018,36.76,8347707932,2040,6251,45,100,2
1777924316.037805,2026-05-04T21:51:56.037805,36.76,8347707932,2040,6251,45,100,2
1777924316.0524187,2026-05-04T21:51:56.052419,36.76,8347707932,2040,6251,45,100,2
1777924316.064881,2026-05-04T21:51:56.064881,36.76,8347707932,2040,6251,45,100,2
1777924316.0777097,2026-05-04T21:51:56.077710,36.76,8347712095,2040,6251,45,100,2
1777924316.0959609,2026-05-04T21:51:56.095961,36.76,8347712095,2040,6251,45,100,2
1777924316.1084285,2026-05-04T21:51:56.108428,37.185,8347712095,2040,6251,45,100,3
1777924316.1210074,2026-05-04T21:51:56.121007,37.185,8347712095,2040,6251,45,100,3
1777924316.1336246,2026-05-04T21:51:56.133625,37.185,8347712095,2040,6251,45,100,3
1777924316.1459112,2026-05-04T21:51:56.145911,37.185,8347712095,2040,6251,45,100,3
1777924316.158489,2026-05-04T21:51:56.158489,37.185,8347712095,2040,6251,45,100,3
1777924316.1723952,2026-05-04T21:51:56.172395,37.185,8347715503,2040,6251,45,100,3
1777924316.1857047,2026-05-04T21:51:56.185705,37.185,8347715503,2040,6251,45,100,3
1777924316.1984174,2026-05-04T21:51:56.198417,37.185,8347715503,2040,6251,45,100,3
1777924316.212634,2026-05-04T21:51:56.212634,36.967,8347715503,2040,6251,45,100,3
1777924316.2250438,2026-05-04T21:51:56.225044,36.967,8347715503,2040,6251,45,100,3
1777924316.2378337,2026-05-04T21:51:56.237834,36.967,8347715503,2040,6251,45,100,3
1777924316.252348,2026-05-04T21:51:56.252348,36.967,8347715503,2040,6251,45,100,3
1777924316.264719,2026-05-04T21:51:56.264719,36.967,8347715503,2040,6251,45,100,3
1777924316.2774303,2026-05-04T21:51:56.277430,36.967,8347718641,2040,6251,45,100,3
1777924316.2953813,2026-05-04T21:51:56.295381,36.967,8347718641,2040,6251,45,100,3
1777924316.3077924,2026-05-04T21:51:56.307792,36.473,8347718641,2040,6251,44,100,0
1777924316.3204458,2026-05-04T21:51:56.320446,36.473,8347718641,2040,6251,44,100,0
1777924316.3331118,2026-05-04T21:51:56.333112,36.473,8347718641,2040,6251,44,100,0
1777924316.345513,2026-05-04T21:51:56.345513,36.473,8347718641,2040,6251,44,100,0
1777924316.3581939,2026-05-04T21:51:56.358194,36.473,8347718641,2040,6251,44,100,0
1777924316.3722317,2026-05-04T21:51:56.372232,36.473,8347718641,2040,6251,44,100,0
1777924316.3846085,2026-05-04T21:51:56.384609,36.473,8347721827,2040,6251,44,100,0
1777924316.39721,2026-05-04T21:51:56.397210,36.473,8347721827,2040,6251,44,100,0
1777924316.4123826,2026-05-04T21:51:56.412383,36.195,8347721827,2040,6251,44,100,0
1777924316.4248152,2026-05-04T21:51:56.424815,36.195,8347721827,2040,6251,44,100,0
1777924316.4374826,2026-05-04T21:51:56.437483,36.195,8347721827,2040,6251,44,100,0
1777924316.45225,2026-05-04T21:51:56.452250,36.195,8347721827,2040,6251,44,100,0
1777924316.4646351,2026-05-04T21:51:56.464635,36.195,8347721827,2040,6251,44,100,0
1777924316.4773045,2026-05-04T21:51:56.477304,36.195,8347724914,2040,6251,44,100,0
1777924316.4941225,2026-05-04T21:51:56.494123,36.195,8347724914,2040,6251,44,100,0
1777924316.5066237,2026-05-04T21:51:56.506624,35.779,8347724914,2040,6251,44,100,0
1777924316.519236,2026-05-04T21:51:56.519236,35.779,8347724914,2040,6251,44,100,0
1777924316.5323973,2026-05-04T21:51:56.532397,35.779,8347724914,2040,6251,44,100,0
1777924316.5447674,2026-05-04T21:51:56.544767,35.779,8347724914,2040,6251,44,100,0
1777924316.5574439,2026-05-04T21:51:56.557444,35.779,8347724914,2040,6251,44,100,0
1777924316.5721493,2026-05-04T21:51:56.572149,35.779,8347728056,2040,6251,44,100,0
1777924316.5855513,2026-05-04T21:51:56.585551,35.779,8347728056,2040,6251,44,100,0
1777924316.5982838,2026-05-04T21:51:56.598284,35.779,8347728056,2040,6251,44,100,0
1777924316.6122613,2026-05-04T21:51:56.612261,35.422,8347728056,2040,6251,44,100,0
1777924316.624764,2026-05-04T21:51:56.624764,35.422,8347728056,2040,6251,44,100,0
1777924316.6374238,2026-05-04T21:51:56.637424,35.422,8347728056,2040,6251,44,100,0
1777924316.6521347,2026-05-04T21:51:56.652135,35.422,8347728056,2040,6251,44,100,0
1777924316.6646779,2026-05-04T21:51:56.664678,35.422,8347728056,2040,6251,44,100,0
1777924316.6773105,2026-05-04T21:51:56.677310,35.422,8347731191,2040,6251,44,100,0
1777924316.6949098,2026-05-04T21:51:56.694910,35.422,8347731191,2040,6251,44,100,0
1777924316.707332,2026-05-04T21:51:56.707332,35.084,8347731191,2040,6251,44,100,0
1777924316.720091,2026-05-04T21:51:56.720091,35.084,8347731191,2040,6251,44,100,0
1777924316.732687,2026-05-04T21:51:56.732687,35.084,8347731191,2040,6251,44,100,0
1777924316.7450662,2026-05-04T21:51:56.745066,35.084,8347731191,2040,6251,44,100,0
1777924316.7577074,2026-05-04T21:51:56.757707,35.084,8347731191,2040,6251,44,100,0
1777924316.7723935,2026-05-04T21:51:56.772393,35.084,8347734333,2040,6251,44,100,0
1777924316.7855494,2026-05-04T21:51:56.785549,35.084,8347734333,2040,6251,44,100,0
1777924316.7982366,2026-05-04T21:51:56.798237,35.084,8347734333,2040,6251,44,100,0
1777924316.812251,2026-05-04T21:51:56.812251,34.734,8347734333,2040,6251,44,100,0
1777924316.8246248,2026-05-04T21:51:56.824625,34.734,8347734333,2040,6251,44,100,0
1777924316.8372626,2026-05-04T21:51:56.837263,34.734,8347734333,2040,6251,44,100,0
1777924316.8520257,2026-05-04T21:51:56.852026,34.734,8347734333,2040,6251,44,100,0
1777924316.8643372,2026-05-04T21:51:56.864337,34.734,8347734333,2040,6251,44,100,0
1777924316.8768094,2026-05-04T21:51:56.876809,34.734,8347737451,2040,6251,44,100,0
1777924316.8974607,2026-05-04T21:51:56.897461,34.734,8347737451,2040,6251,44,100,0
1777924316.9177468,2026-05-04T21:51:56.917747,34.121,8347737451,2040,6251,44,100,0
1777924316.9385037,2026-05-04T21:51:56.938504,34.121,8347737451,2040,6251,44,100,0
1777924316.9560578,2026-05-04T21:51:56.956058,34.121,8347737451,2040,6251,44,100,0
1777924316.9766777,2026-05-04T21:51:56.976678,34.121,8347740902,2040,6251,44,100,0
1777924316.9956453,2026-05-04T21:51:56.995645,34.121,8347740902,2040,6251,44,100,0
1777924317.0160596,2026-05-04T21:51:57.016060,33.625,8347740902,2040,6251,44,100,0
1777924317.0379279,2026-05-04T21:51:57.037928,33.625,8347740902,2040,6251,44,100,0
1777924317.0574703,2026-05-04T21:51:57.057470,33.625,8347740902,2040,6251,44,100,0
1777924317.0756063,2026-05-04T21:51:57.075606,33.625,8347744433,2040,6251,44,100,0
1777924317.0997858,2026-05-04T21:51:57.099786,33.625,8347744433,2040,6251,44,100,0
1777924317.1199358,2026-05-04T21:51:57.119936,33.066,8347744433,2040,6251,44,100,0
1777924317.138187,2026-05-04T21:51:57.138187,33.066,8347744433,2040,6251,44,100,0
1777924317.1563566,2026-05-04T21:51:57.156357,33.066,8347744433,2040,6251,44,100,0
1777924317.1767716,2026-05-04T21:51:57.176772,33.066,8347747968,2040,6251,44,100,0
1777924317.1969101,2026-05-04T21:51:57.196910,33.066,8347747968,2040,6251,44,100,0
1777924317.2160008,2026-05-04T21:51:57.216001,32.518,8347747968,2040,6251,44,100,0
1777924317.2360055,2026-05-04T21:51:57.236006,32.518,8347747968,2040,6251,44,100,0
1777924317.2562828,2026-05-04T21:51:57.256283,32.518,8347747968,2040,6251,44,100,0
1777924317.2772503,2026-05-04T21:51:57.277250,32.518,8347751494,2040,6251,44,100,0
1777924317.299659,2026-05-04T21:51:57.299659,32.518,8347751494,2040,6251,44,100,0
1777924317.31961,2026-05-04T21:51:57.319610,32.876,8347751494,2040,6251,44,100,0
1777924317.335737,2026-05-04T21:51:57.335737,32.876,8347751494,2040,6251,44,100,0
1777924317.3568017,2026-05-04T21:51:57.356802,32.876,8347751494,2040,6251,44,100,0
1777924317.3754787,2026-05-04T21:51:57.375479,32.876,8347755027,2040,6251,44,100,0
1777924317.3974414,2026-05-04T21:51:57.397441,32.876,8347755027,2040,6251,44,100,0
1777924317.4179668,2026-05-04T21:51:57.417967,33.222,8347755027,2040,6251,44,100,0
1777924317.439162,2026-05-04T21:51:57.439162,33.222,8347755027,2040,6251,44,100,0
1777924317.4589217,2026-05-04T21:51:57.458922,33.222,8347755027,2040,6251,44,100,0
1777924317.4796162,2026-05-04T21:51:57.479616,33.222,8347758555,2040,6251,44,100,0
1777924317.4998398,2026-05-04T21:51:57.499840,33.222,8347758555,2040,6251,44,100,0
1777924317.5176835,2026-05-04T21:51:57.517684,33.58,8347758555,2040,6251,44,100,0
1777924317.5371003,2026-05-04T21:51:57.537100,33.58,8347758555,2040,6251,44,100,0
1777924317.5591497,2026-05-04T21:51:57.559150,33.58,8347758555,2040,6251,44,100,0
1777924317.5794876,2026-05-04T21:51:57.579488,33.58,8347762089,2040,6251,44,100,0
1777924317.6004663,2026-05-04T21:51:57.600466,33.58,8347762089,2040,6251,44,100,0
1777924317.6189234,2026-05-04T21:51:57.618923,33.924,8347762089,2040,6251,44,100,0
1777924317.639885,2026-05-04T21:51:57.639885,33.924,8347762089,2040,6251,44,100,0
1777924317.6592205,2026-05-04T21:51:57.659220,33.924,8347762089,2040,6251,44,100,0
1777924317.6775215,2026-05-04T21:51:57.677521,33.924,8347765624,2040,6251,44,100,0
1777924317.7003994,2026-05-04T21:51:57.700399,33.924,8347765624,2040,6251,44,100,0
1777924317.7202957,2026-05-04T21:51:57.720296,34.28,8347765624,2040,6251,44,100,0
1777924317.7418816,2026-05-04T21:51:57.741882,34.28,8347765624,2040,6251,44,100,0
1777924317.7629054,2026-05-04T21:51:57.762905,34.28,8347765624,2040,6251,44,100,0
1777924317.7842522,2026-05-04T21:51:57.784252,34.28,8347769155,2040,6251,44,100,0
1777924317.8037963,2026-05-04T21:51:57.803796,34.28,8347769155,2040,6251,44,100,0
1777924317.8165421,2026-05-04T21:51:57.816542,34.617,8347769155,2040,6251,44,100,0
1777924317.832043,2026-05-04T21:51:57.832043,34.617,8347769155,2040,6251,44,100,0
1777924317.844556,2026-05-04T21:51:57.844556,34.617,8347769155,2040,6251,44,100,0
1777924317.8573494,2026-05-04T21:51:57.857349,34.617,8347769155,2040,6251,44,100,0
1777924317.8718665,2026-05-04T21:51:57.871866,34.617,8347772903,2040,6251,44,100,0
1777924317.885211,2026-05-04T21:51:57.885211,34.617,8347772903,2040,6251,44,100,0
1777924317.8980546,2026-05-04T21:51:57.898055,34.617,8347772903,2040,6251,44,100,0
1777924317.9119391,2026-05-04T21:51:57.911939,35.76,8347772903,2040,6251,45,100,1
1777924317.9245083,2026-05-04T21:51:57.924508,35.76,8347772903,2040,6251,45,100,1
1777924317.9372923,2026-05-04T21:51:57.937292,35.76,8347772903,2040,6251,45,100,1
1777924317.9519079,2026-05-04T21:51:57.951908,35.76,8347772903,2040,6251,45,100,1
1777924317.9644165,2026-05-04T21:51:57.964417,35.76,8347772903,2040,6251,45,100,1
1777924317.9771016,2026-05-04T21:51:57.977102,35.76,8347777010,2040,6251,45,100,1
1777924317.9920402,2026-05-04T21:51:57.992040,35.76,8347777010,2040,6251,45,100,1
1777924318.0045598,2026-05-04T21:51:58.004560,35.76,8347777010,2040,6251,45,100,1
1777924318.0172505,2026-05-04T21:51:58.017251,36.281,8347777010,2040,6251,45,100,1
1777924318.03212,2026-05-04T21:51:58.032120,36.281,8347777010,2040,6251,45,100,1
1777924318.0445354,2026-05-04T21:51:58.044535,36.281,8347777010,2040,6251,45,100,1
1777924318.0572407,2026-05-04T21:51:58.057241,36.281,8347777010,2040,6251,45,100,1
1777924318.0717235,2026-05-04T21:51:58.071723,36.281,8347777010,2040,6251,45,100,1
1777924318.084036,2026-05-04T21:51:58.084036,36.281,8347780824,2040,6251,45,100,1
1777924318.0966587,2026-05-04T21:51:58.096659,36.281,8347780824,2040,6251,45,100,1
1777924318.1118085,2026-05-04T21:51:58.111809,35.984,8347780824,2040,6251,45,100,1
1777924318.1242957,2026-05-04T21:51:58.124296,35.984,8347780824,2040,6251,45,100,1
1777924318.1369905,2026-05-04T21:51:58.136991,35.984,8347780824,2040,6251,45,100,1
1777924318.1516972,2026-05-04T21:51:58.151697,35.984,8347780824,2040,6251,45,100,1
1777924318.164092,2026-05-04T21:51:58.164092,35.984,8347780824,2040,6251,45,100,1
1777924318.1767547,2026-05-04T21:51:58.176755,35.984,8347783922,2040,6251,45,100,1
1777924318.1919441,2026-05-04T21:51:58.191944,35.984,8347783922,2040,6251,45,100,1
1777924318.2043705,2026-05-04T21:51:58.204370,35.984,8347783922,2040,6251,45,100,1
1777924318.2169826,2026-05-04T21:51:58.216983,35.578,8347783922,2040,6251,44,100,1
1777924318.2317894,2026-05-04T21:51:58.231789,35.578,8347783922,2040,6251,44,100,1
1777924318.244218,2026-05-04T21:51:58.244218,35.578,8347783922,2040,6251,44,100,1
1777924318.256909,2026-05-04T21:51:58.256909,35.578,8347783922,2040,6251,44,100,1
1777924318.2717001,2026-05-04T21:51:58.271700,35.578,8347787068,2040,6251,44,100,1
1777924318.2851,2026-05-04T21:51:58.285100,35.578,8347787068,2040,6251,44,100,1
1777924318.297737,2026-05-04T21:51:58.297737,35.578,8347787068,2040,6251,44,100,1
1777924318.3121212,2026-05-04T21:51:58.312121,35.212,8347787068,2040,6251,44,100,0
1777924318.3245618,2026-05-04T21:51:58.324562,35.212,8347787068,2040,6251,44,100,0
1777924318.337221,2026-05-04T21:51:58.337221,35.212,8347787068,2040,6251,44,100,0
1777924318.3515866,2026-05-04T21:51:58.351587,35.212,8347787068,2040,6251,44,100,0
1777924318.363961,2026-05-04T21:51:58.363961,35.212,8347787068,2040,6251,44,100,0
1777924318.3766236,2026-05-04T21:51:58.376624,35.212,8347790208,2040,6251,44,100,0
1777924318.391753,2026-05-04T21:51:58.391753,35.212,8347790208,2040,6251,44,100,0
1777924318.4040546,2026-05-04T21:51:58.404055,35.212,8347790208,2040,6251,44,100,0
1777924318.4167228,2026-05-04T21:51:58.416723,34.876,8347790208,2040,6251,44,100,0
1777924318.4316902,2026-05-04T21:51:58.431690,34.876,8347790208,2040,6251,44,100,0
1777924318.4441063,2026-05-04T21:51:58.444106,34.876,8347790208,2040,6251,44,100,0
1777924318.4567819,2026-05-04T21:51:58.456782,34.876,8347790208,2040,6251,44,100,0
1777924318.4715362,2026-05-04T21:51:58.471536,34.876,8347790208,2040,6251,44,100,0
1777924318.4838495,2026-05-04T21:51:58.483850,34.876,8347793385,2040,6251,44,100,0
1777924318.4964619,2026-05-04T21:51:58.496462,34.876,8347793385,2040,6251,44,100,0
1777924318.5116012,2026-05-04T21:51:58.511601,34.42,8347793385,2040,6251,44,100,0
1777924318.523986,2026-05-04T21:51:58.523986,34.42,8347793385,2040,6251,44,100,0
1777924318.5365374,2026-05-04T21:51:58.536537,34.42,8347793385,2040,6251,44,100,0
1777924318.5549471,2026-05-04T21:51:58.554947,34.42,8347793385,2040,6251,44,100,0
1777924318.5745435,2026-05-04T21:51:58.574543,34.42,8347796559,2040,6251,44,100,0
1777924318.595295,2026-05-04T21:51:58.595295,34.42,8347796559,2040,6251,44,100,0
1777924318.6160316,2026-05-04T21:51:58.616032,34.464,8347796559,2040,6251,44,100,0
1777924318.6408775,2026-05-04T21:51:58.640877,34.464,8347796559,2040,6251,44,100,0
1777924318.6601875,2026-05-04T21:51:58.660187,34.464,8347796559,2040,6251,44,100,0
1777924318.6794858,2026-05-04T21:51:58.679486,34.464,8347800081,2040,6251,44,100,0
1777924318.6981041,2026-05-04T21:51:58.698104,34.464,8347800081,2040,6251,44,100,0
1777924318.7168486,2026-05-04T21:51:58.716849,34.473,8347800081,2040,6251,44,100,0
1777924318.7333987,2026-05-04T21:51:58.733399,34.473,8347800081,2040,6251,44,100,0
1777924318.7563312,2026-05-04T21:51:58.756331,34.473,8347800081,2040,6251,44,100,0
1777924318.773389,2026-05-04T21:51:58.773389,34.473,8347803614,2040,6251,44,100,0
1777924318.7959244,2026-05-04T21:51:58.795924,34.473,8347803614,2040,6251,44,100,0
1777924318.8161366,2026-05-04T21:51:58.816137,34.464,8347803614,2040,6251,44,100,0
1777924318.8371866,2026-05-04T21:51:58.837187,34.464,8347803614,2040,6251,44,100,0
1777924318.8551047,2026-05-04T21:51:58.855105,34.464,8347803614,2040,6251,44,100,0
1777924318.8749979,2026-05-04T21:51:58.874998,34.464,8347807148,2040,6251,44,100,0
1777924318.9000285,2026-05-04T21:51:58.900028,34.464,8347807148,2040,6251,44,100,0
1777924318.9181511,2026-05-04T21:51:58.918151,34.463,8347807148,2040,6251,44,100,0
1777924318.9413385,2026-05-04T21:51:58.941339,34.463,8347807148,2040,6251,44,100,0
1777924318.9578636,2026-05-04T21:51:58.957864,34.463,8347807148,2040,6251,44,100,0
1777924318.9762504,2026-05-04T21:51:58.976250,34.463,8347810685,2040,6251,44,100,0
1777924318.9964688,2026-05-04T21:51:58.996469,34.463,8347810685,2040,6251,44,100,0
1777924319.0141175,2026-05-04T21:51:59.014117,34.112,8347810685,2040,6251,44,100,0
1777924319.0364218,2026-05-04T21:51:59.036422,34.112,8347810685,2040,6251,44,100,0
1777924319.0553362,2026-05-04T21:51:59.055336,34.112,8347810685,2040,6251,44,100,0
1777924319.0748284,2026-05-04T21:51:59.074828,34.112,8347814208,2040,6251,44,100,0
1777924319.0967453,2026-05-04T21:51:59.096745,34.112,8347814208,2040,6251,44,100,0
1777924319.1150732,2026-05-04T21:51:59.115073,33.549,8347814208,2040,6251,44,100,0
1777924319.13149,2026-05-04T21:51:59.131490,33.549,8347814208,2040,6251,44,100,0
1777924319.1439545,2026-05-04T21:51:59.143955,33.549,8347814208,2040,6251,44,100,0
1777924319.1565726,2026-05-04T21:51:59.156573,33.549,8347814208,2040,6251,44,100,0
1777924319.1714911,2026-05-04T21:51:59.171491,33.549,8347817911,2040,6251,44,100,0
1777924319.184947,2026-05-04T21:51:59.184947,33.549,8347817911,2040,6251,44,100,0
1777924319.1976285,2026-05-04T21:51:59.197628,33.549,8347817911,2040,6251,44,100,0
1777924319.211554,2026-05-04T21:51:59.211554,33.549,8347817911,2040,6251,44,100,0
1777924319.2242978,2026-05-04T21:51:59.224298,34.553,8347817911,2040,6251,44,100,0
1777924319.2370849,2026-05-04T21:51:59.237085,34.553,8347817911,2040,6251,44,100,0
1777924319.2513962,2026-05-04T21:51:59.251396,34.553,8347817911,2040,6251,44,100,0
1777924319.2639017,2026-05-04T21:51:59.263902,34.553,8347817911,2040,6251,44,100,0
1777924319.2766101,2026-05-04T21:51:59.276610,34.553,8347821935,2040,6251,44,100,0
1777924319.29305,2026-05-04T21:51:59.293050,34.553,8347821935,2040,6251,44,100,0
1777924319.3057172,2026-05-04T21:51:59.305717,34.553,8347821935,2040,6251,44,100,0
1777924319.3184876,2026-05-04T21:51:59.318488,34.524,8347821935,2040,6251,45,100,2
1777924319.3314104,2026-05-04T21:51:59.331410,34.524,8347821935,2040,6251,45,100,2
1777924319.3437288,2026-05-04T21:51:59.343729,34.524,8347821935,2040,6251,45,100,2
1777924319.356377,2026-05-04T21:51:59.356377,34.524,8347821935,2040,6251,45,100,2
1777924319.3715076,2026-05-04T21:51:59.371508,34.524,8347825108,2040,6251,45,100,2
1777924319.3847582,2026-05-04T21:51:59.384758,34.524,8347825108,2040,6251,45,100,2
1777924319.3973122,2026-05-04T21:51:59.397312,34.524,8347825108,2040,6251,45,100,2
1777924319.4115927,2026-05-04T21:51:59.411593,34.524,8347825108,2040,6251,45,100,2
1777924319.4240105,2026-05-04T21:51:59.424011,34.826,8347825108,2040,6251,44,100,2
1777924319.4366848,2026-05-04T21:51:59.436685,34.826,8347825108,2040,6251,44,100,2
1777924319.4514995,2026-05-04T21:51:59.451499,34.826,8347825108,2040,6251,44,100,2
1777924319.4638999,2026-05-04T21:51:59.463900,34.826,8347825108,2040,6251,44,100,2
1777924319.4764788,2026-05-04T21:51:59.476479,34.826,8347828248,2040,6251,44,100,2
1777924319.4941885,2026-05-04T21:51:59.494189,34.826,8347828248,2040,6251,44,100,2
1777924319.506618,2026-05-04T21:51:59.506618,34.826,8347828248,2040,6251,44,100,2
1777924319.519116,2026-05-04T21:51:59.519116,34.516,8347828248,2040,6251,44,100,0
1777924319.5317929,2026-05-04T21:51:59.531793,34.516,8347828248,2040,6251,44,100,0
1777924319.5441105,2026-05-04T21:51:59.544111,34.516,8347828248,2040,6251,44,100,0
1777924319.556627,2026-05-04T21:51:59.556627,34.516,8347828248,2040,6251,44,100,0
1777924319.5717394,2026-05-04T21:51:59.571739,34.516,8347831373,2040,6251,44,100,0
1777924319.5904713,2026-05-04T21:51:59.590471,34.516,8347831373,2040,6251,44,100,0
1777924319.608923,2026-05-04T21:51:59.608923,34.516,8347831373,2040,6251,44,100,0
1777924319.6280525,2026-05-04T21:51:59.628052,34.613,8347831373,2040,6251,44,100,0
1777924319.6445043,2026-05-04T21:51:59.644504,34.613,8347831373,2040,6251,44,100,0
1777924319.6630256,2026-05-04T21:51:59.663026,34.613,8347831373,2040,6251,44,100,0
1777924319.6807547,2026-05-04T21:51:59.680755,34.613,8347834870,2040,6251,44,100,0
1777924319.6971877,2026-05-04T21:51:59.697188,34.613,8347834870,2040,6251,44,100,0
1777924319.714455,2026-05-04T21:51:59.714455,34.613,8347834870,2040,6251,44,100,0
1777924319.734919,2026-05-04T21:51:59.734919,34.649,8347834870,2040,6251,44,100,0
1777924319.7546837,2026-05-04T21:51:59.754684,34.649,8347834870,2040,6251,44,100,0
1777924319.7728405,2026-05-04T21:51:59.772840,34.649,8347838402,2040,6251,44,100,0
1777924319.7890651,2026-05-04T21:51:59.789065,34.649,8347838402,2040,6251,44,100,0
1777924319.809109,2026-05-04T21:51:59.809109,34.649,8347838402,2040,6251,44,100,0
1777924319.8255272,2026-05-04T21:51:59.825527,34.649,8347838402,2040,6251,44,100,0
1777924319.846417,2026-05-04T21:51:59.846417,34.642,8347838402,2040,6251,44,100,0
1777924319.8662984,2026-05-04T21:51:59.866298,34.642,8347838402,2040,6251,44,100,0
1777924319.8823056,2026-05-04T21:51:59.882306,34.642,8347841934,2040,6251,44,100,0
1777924319.8949869,2026-05-04T21:51:59.894987,34.642,8347841934,2040,6251,44,100,0
1777924319.9112368,2026-05-04T21:51:59.911237,34.642,8347841934,2040,6251,44,100,0
1777924319.9236786,2026-05-04T21:51:59.923679,34.642,8347841934,2040,6251,44,100,0
1777924319.9363432,2026-05-04T21:51:59.936343,34.65,8347841934,2040,6251,45,100,0
1777924319.9514315,2026-05-04T21:51:59.951432,34.65,8347841934,2040,6251,45,100,0
1777924319.9639504,2026-05-04T21:51:59.963950,34.65,8347841934,2040,6251,45,100,0
1777924319.9766386,2026-05-04T21:51:59.976639,34.65,8347845767,2040,6251,45,100,0
1777924319.991599,2026-05-04T21:51:59.991599,34.65,8347845767,2040,6251,45,100,0
1777924320.003939,2026-05-04T21:52:00.003939,34.65,8347845767,2040,6251,45,100,0
1777924320.0164382,2026-05-04T21:52:00.016438,34.65,8347845767,2040,6251,45,100,0
1777924320.031212,2026-05-04T21:52:00.031212,34.496,8347845767,2040,6251,44,100,0
1777924320.043573,2026-05-04T21:52:00.043573,34.496,8347845767,2040,6251,44,100,0
1777924320.0561283,2026-05-04T21:52:00.056128,34.496,8347845767,2040,6251,44,100,0
1777924320.0712893,2026-05-04T21:52:00.071289,34.496,8347848917,2040,6251,44,100,0
1777924320.0845516,2026-05-04T21:52:00.084552,34.496,8347848917,2040,6251,44,100,0
1777924320.097085,2026-05-04T21:52:00.097085,34.496,8347848917,2040,6251,44,100,0
1777924320.111103,2026-05-04T21:52:00.111103,34.496,8347848917,2040,6251,44,100,0
1777924320.1351435,2026-05-04T21:52:00.135144,34.006,8347848917,2040,6251,44,100,0
1777924320.1537864,2026-05-04T21:52:00.153786,34.006,8347848917,2040,6251,44,100,0
1777924320.1734037,2026-05-04T21:52:00.173404,34.006,8347852269,2040,6251,44,100,0
1777924320.1953893,2026-05-04T21:52:00.195389,34.006,8347852269,2040,6251,44,100,0
1777924320.2157326,2026-05-04T21:52:00.215733,34.006,8347852269,2040,6251,44,100,0
1777924320.2350326,2026-05-04T21:52:00.235033,34.105,8347852269,2040,6251,44,100,0
1777924320.2510343,2026-05-04T21:52:00.251034,34.105,8347852269,2040,6251,44,100,0
1777924320.2634885,2026-05-04T21:52:00.263489,34.105,8347852269,2040,6251,44,100,0
1777924320.2760723,2026-05-04T21:52:00.276072,34.105,8347855848,2040,6251,44,100,0
1777924320.2941194,2026-05-04T21:52:00.294119,34.105,8347855848,2040,6251,44,100,0
1777924320.306493,2026-05-04T21:52:00.306493,34.105,8347855848,2040,6251,44,100,0
1777924320.3190928,2026-05-04T21:52:00.319093,34.105,8347855848,2040,6251,44,100,0
1777924320.3316355,2026-05-04T21:52:00.331635,33.607,8347855848,2040,6251,44,100,0
1777924320.3482263,2026-05-04T21:52:00.348226,33.607,8347855848,2040,6251,44,100,0
1777924320.3610249,2026-05-04T21:52:00.361025,33.607,8347855848,2040,6251,44,100,0
1777924320.3738234,2026-05-04T21:52:00.373823,33.607,8347859090,2040,6251,44,100,0
1777924320.3864996,2026-05-04T21:52:00.386500,33.607,8347859090,2040,6251,44,100,0
1777924320.399126,2026-05-04T21:52:00.399126,33.607,8347859090,2040,6251,44,100,0
1777924320.4120393,2026-05-04T21:52:00.412039,33.607,8347859090,2040,6251,44,100,0
1777924320.42459,2026-05-04T21:52:00.424590,33.607,8347859090,2040,6251,44,100,0
1777924320.4372988,2026-05-04T21:52:00.437299,33.356,8347859090,2040,6251,44,100,0
1777924320.4510078,2026-05-04T21:52:00.451008,33.356,8347859090,2040,6251,44,100,0
1777924320.463447,2026-05-04T21:52:00.463447,33.356,8347859090,2040,6251,44,100,0
1777924320.4760609,2026-05-04T21:52:00.476061,33.356,8347862184,2040,6251,44,100,0
1777924320.4938211,2026-05-04T21:52:00.493821,33.356,8347862184,2040,6251,44,100,0
1777924320.5063527,2026-05-04T21:52:00.506353,33.356,8347862184,2040,6251,44,100,0
1777924320.5189378,2026-05-04T21:52:00.518938,33.356,8347862184,2040,6251,44,100,0
1777924320.5316129,2026-05-04T21:52:00.531613,33.296,8347862184,2040,6251,44,38,5
1777924320.543911,2026-05-04T21:52:00.543911,33.296,8347862184,2040,6251,44,38,5
1777924320.561664,2026-05-04T21:52:00.561664,33.296,8347862184,2040,6251,44,38,5
1777924320.5800564,2026-05-04T21:52:00.580056,33.296,8347865396,2040,6251,44,38,5
1777924320.5985968,2026-05-04T21:52:00.598597,33.296,8347865396,2040,6251,44,38,5
1777924320.616485,2026-05-04T21:52:00.616485,33.296,8347865396,2040,6251,44,38,5
1777924320.6347587,2026-05-04T21:52:00.634759,33.624,8347865396,2040,6251,44,38,5
1777924320.651923,2026-05-04T21:52:00.651923,33.624,8347865396,2040,6251,44,38,5
1777924320.6740055,2026-05-04T21:52:00.674006,33.624,8347868921,2040,6251,44,38,5
1777924320.6959138,2026-05-04T21:52:00.695914,33.624,8347868921,2040,6251,44,38,5
1777924320.714245,2026-05-04T21:52:00.714245,33.624,8347868921,2040,6251,44,38,5
1777924320.73349,2026-05-04T21:52:00.733490,33.91,8347868921,2040,6251,44,100,0
1777924320.755268,2026-05-04T21:52:00.755268,33.91,8347868921,2040,6251,44,100,0
1777924320.7749584,2026-05-04T21:52:00.774958,33.91,8347872451,2040,6251,44,100,0
1777924320.7946196,2026-05-04T21:52:00.794620,33.91,8347872451,2040,6251,44,100,0
1777924320.8144867,2026-05-04T21:52:00.814487,33.91,8347872451,2040,6251,44,100,0
1777924320.8338785,2026-05-04T21:52:00.833879,33.919,8347872451,2040,6251,44,100,0
1777924320.8554842,2026-05-04T21:52:00.855484,33.919,8347872451,2040,6251,44,100,0
1777924320.873494,2026-05-04T21:52:00.873494,33.919,8347875984,2040,6251,44,100,0
1777924320.898938,2026-05-04T21:52:00.898938,33.919,8347875984,2040,6251,44,100,0
1777924320.9179146,2026-05-04T21:52:00.917915,33.919,8347875984,2040,6251,44,100,0
1777924320.9364238,2026-05-04T21:52:00.936424,33.91,8347875984,2040,6251,44,100,0
1777924320.9546266,2026-05-04T21:52:00.954627,33.91,8347875984,2040,6251,44,100,0
1777924320.9759266,2026-05-04T21:52:00.975927,33.91,8347879511,2040,6251,44,100,0
1777924320.995038,2026-05-04T21:52:00.995038,33.91,8347879511,2040,6251,44,100,0
1777924321.0141,2026-05-04T21:52:01.014100,33.91,8347879511,2040,6251,44,100,0
1777924321.0331461,2026-05-04T21:52:01.033146,33.903,8347879511,2040,6251,44,100,0
1777924321.0525587,2026-05-04T21:52:01.052559,33.903,8347879511,2040,6251,44,100,0
1777924321.0684223,2026-05-04T21:52:01.068422,33.903,8347883050,2040,6251,44,100,0
1777924321.0876818,2026-05-04T21:52:01.087682,33.903,8347883050,2040,6251,44,100,0
1777924321.1060002,2026-05-04T21:52:01.106000,33.903,8347883050,2040,6251,44,100,0
1777924321.1255648,2026-05-04T21:52:01.125565,33.903,8347883050,2040,6251,44,100,0
1777924321.1425135,2026-05-04T21:52:01.142514,34.341,8347883050,2040,6251,44,100,0
1777924321.1605449,2026-05-04T21:52:01.160545,34.341,8347883050,2040,6251,44,100,0
1777924321.1809502,2026-05-04T21:52:01.180950,34.341,8347886578,2040,6251,44,100,0
1777924321.1990938,2026-05-04T21:52:01.199094,34.341,8347886578,2040,6251,44,100,0
1777924321.217943,2026-05-04T21:52:01.217943,34.341,8347886578,2040,6251,44,100,0
1777924321.2385635,2026-05-04T21:52:01.238564,34.442,8347886578,2040,6251,44,100,0
1777924321.2562475,2026-05-04T21:52:01.256248,34.442,8347886578,2040,6251,44,100,0
1777924321.2753658,2026-05-04T21:52:01.275366,34.442,8347890116,2040,6251,44,100,0
1777924321.2964535,2026-05-04T21:52:01.296453,34.442,8347890116,2040,6251,44,100,0
1777924321.3164964,2026-05-04T21:52:01.316496,34.442,8347890116,2040,6251,44,100,0
1777924321.3331037,2026-05-04T21:52:01.333104,34.442,8347890116,2040,6251,44,100,0
1777924321.354453,2026-05-04T21:52:01.354453,34.478,8347890116,2040,6251,44,100,0
1777924321.371548,2026-05-04T21:52:01.371548,34.478,8347893658,2040,6251,44,100,0
1777924321.394951,2026-05-04T21:52:01.394951,34.478,8347893658,2040,6251,44,100,0
1777924321.4131658,2026-05-04T21:52:01.413166,34.478,8347893658,2040,6251,44,100,0
1777924321.4325063,2026-05-04T21:52:01.432506,34.478,8347893658,2040,6251,44,100,0
1777924321.4534836,2026-05-04T21:52:01.453484,34.601,8347893658,2040,6251,44,100,0
1777924321.475626,2026-05-04T21:52:01.475626,34.601,8347897195,2040,6251,44,100,0
1777924321.4981463,2026-05-04T21:52:01.498146,34.601,8347897195,2040,6251,44,100,0
1777924321.5171244,2026-05-04T21:52:01.517124,34.601,8347897195,2040,6251,44,100,0
1777924321.5344162,2026-05-04T21:52:01.534416,34.601,8347897195,2040,6251,44,100,0
1777924321.5539148,2026-05-04T21:52:01.553915,34.966,8347897195,2040,6251,44,100,0
1777924321.5738342,2026-05-04T21:52:01.573834,34.966,8347900730,2040,6251,44,100,0
1777924321.5937543,2026-05-04T21:52:01.593754,34.966,8347900730,2040,6251,44,100,0
1777924321.613692,2026-05-04T21:52:01.613692,34.966,8347900730,2040,6251,44,100,0
1777924321.6348581,2026-05-04T21:52:01.634858,34.966,8347900730,2040,6251,44,100,0
1777924321.6539028,2026-05-04T21:52:01.653903,35.375,8347900730,2040,6251,44,100,0
1777924321.6745784,2026-05-04T21:52:01.674578,35.375,8347904262,2040,6251,44,100,0
1777924321.6952908,2026-05-04T21:52:01.695291,35.375,8347904262,2040,6251,44,100,0
1777924321.7131484,2026-05-04T21:52:01.713148,35.375,8347904262,2040,6251,44,100,0
1777924321.7351055,2026-05-04T21:52:01.735106,35.375,8347904262,2040,6251,44,100,0
1777924321.7536554,2026-05-04T21:52:01.753655,35.401,8347904262,2040,6251,44,100,0
1777924321.775041,2026-05-04T21:52:01.775041,35.401,8347907790,2040,6251,44,100,0
1777924321.7951126,2026-05-04T21:52:01.795113,35.401,8347907790,2040,6251,44,100,0
1777924321.814523,2026-05-04T21:52:01.814523,35.401,8347907790,2040,6251,44,100,0
1777924321.8318849,2026-05-04T21:52:01.831885,35.401,8347907790,2040,6251,44,100,0
1777924321.8535001,2026-05-04T21:52:01.853500,35.394,8347907790,2040,6251,44,100,0
1777924321.8730867,2026-05-04T21:52:01.873087,35.394,8347911319,2040,6251,44,100,0
1777924321.8942156,2026-05-04T21:52:01.894216,35.394,8347911319,2040,6251,44,100,0
1777924321.9139807,2026-05-04T21:52:01.913981,35.394,8347911319,2040,6251,44,100,0
1777924321.9345114,2026-05-04T21:52:01.934511,35.394,8347911319,2040,6251,44,100,0
1777924321.9532764,2026-05-04T21:52:01.953276,35.394,8347911319,2040,6251,44,100,0
1777924321.9741538,2026-05-04T21:52:01.974154,35.394,8347914854,2040,6251,44,100,0
1777924321.9941385,2026-05-04T21:52:01.994138,35.394,8347914854,2040,6251,44,100,0
1777924322.0122657,2026-05-04T21:52:02.012266,35.394,8347914854,2040,6251,44,100,0
1777924322.0341055,2026-05-04T21:52:02.034106,35.394,8347914854,2040,6251,44,100,0
1777924322.0535295,2026-05-04T21:52:02.053530,35.403,8347914854,2040,6251,44,100,0
1777924322.0749083,2026-05-04T21:52:02.074908,35.403,8347918383,2040,6251,44,100,0
1777924322.0945008,2026-05-04T21:52:02.094501,35.403,8347918383,2040,6251,44,100,0
1777924322.114049,2026-05-04T21:52:02.114049,35.403,8347918383,2040,6251,44,100,0
1777924322.1352117,2026-05-04T21:52:02.135212,35.403,8347918383,2040,6251,44,100,0
1777924322.1542685,2026-05-04T21:52:02.154269,35.411,8347918383,2040,6251,44,100,0
1777924322.174727,2026-05-04T21:52:02.174727,35.411,8347921913,2040,6251,44,100,0
1777924322.1952162,2026-05-04T21:52:02.195216,35.411,8347921913,2040,6251,44,100,0
1777924322.2145283,2026-05-04T21:52:02.214528,35.411,8347921913,2040,6251,44,100,0
1777924322.2345266,2026-05-04T21:52:02.234527,35.411,8347921913,2040,6251,44,100,0
1777924322.2550385,2026-05-04T21:52:02.255038,35.41,8347921913,2040,6251,44,100,0
1777924322.2755573,2026-05-04T21:52:02.275557,35.41,8347925442,2040,6251,44,100,0
1777924322.2984662,2026-05-04T21:52:02.298466,35.41,8347925442,2040,6251,44,100,0
1777924322.3193214,2026-05-04T21:52:02.319321,35.41,8347925442,2040,6251,44,100,0
1777924322.3405242,2026-05-04T21:52:02.340524,35.41,8347925442,2040,6251,44,100,0
1777924322.3596752,2026-05-04T21:52:02.359675,35.403,8347925442,2040,6251,44,100,0
1777924322.3787916,2026-05-04T21:52:02.378792,35.403,8347928975,2040,6251,44,100,0
1777924322.3960927,2026-05-04T21:52:02.396093,35.403,8347928975,2040,6251,44,100,0
1777924322.4161303,2026-05-04T21:52:02.416130,35.403,8347928975,2040,6251,44,100,0
1777924322.4355333,2026-05-04T21:52:02.435533,35.403,8347928975,2040,6251,44,100,0
1777924322.4523275,2026-05-04T21:52:02.452327,35.394,8347928975,2040,6251,44,100,0
1777924322.4733362,2026-05-04T21:52:02.473336,35.394,8347932505,2040,6251,44,100,0
1777924322.4982378,2026-05-04T21:52:02.498238,35.394,8347932505,2040,6251,44,100,0
1777924322.5171595,2026-05-04T21:52:02.517159,35.394,8347932505,2040,6251,44,100,0
1777924322.5365918,2026-05-04T21:52:02.536592,35.394,8347932505,2040,6251,44,100,0
1777924322.556073,2026-05-04T21:52:02.556073,35.394,8347932505,2040,6251,44,100,0
1777924322.5743358,2026-05-04T21:52:02.574336,35.394,8347936036,2040,6251,44,100,0
1777924322.595217,2026-05-04T21:52:02.595217,35.394,8347936036,2040,6251,44,100,0
1777924322.6141007,2026-05-04T21:52:02.614101,35.394,8347936036,2040,6251,44,100,0
1777924322.6341317,2026-05-04T21:52:02.634132,35.394,8347936036,2040,6251,44,100,0
1777924322.6553051,2026-05-04T21:52:02.655305,35.376,8347936036,2040,6251,44,100,0
1777924322.673973,2026-05-04T21:52:02.673973,35.376,8347939563,2040,6251,44,100,0
1777924322.6956182,2026-05-04T21:52:02.695618,35.376,8347939563,2040,6251,44,100,0
1777924322.7136862,2026-05-04T21:52:02.713686,35.376,8347939563,2040,6251,44,100,0
1777924322.7325656,2026-05-04T21:52:02.732566,35.376,8347939563,2040,6251,44,100,0
1777924322.7533736,2026-05-04T21:52:02.753374,35.375,8347939563,2040,6251,44,100,0
1777924322.7729318,2026-05-04T21:52:02.772932,35.375,8347943098,2040,6251,44,100,0
1777924322.7955282,2026-05-04T21:52:02.795528,35.375,8347943098,2040,6251,44,100,0
1777924322.8126574,2026-05-04T21:52:02.812657,35.375,8347943098,2040,6251,44,100,0
1777924322.833096,2026-05-04T21:52:02.833096,35.375,8347943098,2040,6251,44,100,0
1777924322.8522894,2026-05-04T21:52:02.852289,35.375,8347943098,2040,6251,44,100,0
1777924322.8733742,2026-05-04T21:52:02.873374,35.383,8347946633,2040,6251,44,100,0
1777924322.895282,2026-05-04T21:52:02.895282,35.383,8347946633,2040,6251,44,100,0
1777924322.9113238,2026-05-04T21:52:02.911324,35.383,8347946633,2040,6251,44,100,0
1777924322.934628,2026-05-04T21:52:02.934628,35.383,8347946633,2040,6251,44,100,0
1777924322.9532225,2026-05-04T21:52:02.953223,35.392,8347946633,2040,6251,44,100,0
1777924322.973533,2026-05-04T21:52:02.973533,35.392,8347950164,2040,6251,44,100,0
1777924322.9945138,2026-05-04T21:52:02.994514,35.392,8347950164,2040,6251,44,100,0
1777924323.0141227,2026-05-04T21:52:03.014123,35.392,8347950164,2040,6251,44,100,0
1777924323.030329,2026-05-04T21:52:03.030329,35.392,8347950164,2040,6251,44,100,0
1777924323.0429175,2026-05-04T21:52:03.042917,35.392,8347950164,2040,6251,44,100,0
1777924323.0555239,2026-05-04T21:52:03.055524,35.392,8347950164,2040,6251,45,100,0
1777924323.0705066,2026-05-04T21:52:03.070507,35.392,8347953916,2040,6251,45,100,0
1777924323.083796,2026-05-04T21:52:03.083796,35.392,8347953916,2040,6251,45,100,0
1777924323.0965576,2026-05-04T21:52:03.096558,35.392,8347953916,2040,6251,45,100,0
1777924323.110411,2026-05-04T21:52:03.110411,35.392,8347953916,2040,6251,45,100,0
1777924323.1230245,2026-05-04T21:52:03.123024,35.392,8347953916,2040,6251,45,100,0
1777924323.1357315,2026-05-04T21:52:03.135731,35.392,8347953916,2040,6251,45,100,0
1777924323.1501913,2026-05-04T21:52:03.150191,35.392,8347953916,2040,6251,45,100,0
1777924323.162816,2026-05-04T21:52:03.162816,35.832,8347953916,2040,6251,45,100,1
1777924323.175576,2026-05-04T21:52:03.175576,35.832,8347957901,2040,6251,45,100,1
1777924323.1903384,2026-05-04T21:52:03.190338,35.832,8347957901,2040,6251,45,100,1
1777924323.2029219,2026-05-04T21:52:03.202922,35.832,8347957901,2040,6251,45,100,1
1777924323.2156906,2026-05-04T21:52:03.215691,35.832,8347957901,2040,6251,45,100,1
1777924323.230232,2026-05-04T21:52:03.230232,35.832,8347957901,2040,6251,45,100,1
1777924323.242909,2026-05-04T21:52:03.242909,35.832,8347957901,2040,6251,45,100,1
1777924323.2556598,2026-05-04T21:52:03.255660,36.355,8347957901,2040,6251,45,100,1
1777924323.2701015,2026-05-04T21:52:03.270102,36.355,8347962082,2040,6251,45,100,1
1777924323.2836547,2026-05-04T21:52:03.283655,36.355,8347962082,2040,6251,45,100,1
1777924323.2963731,2026-05-04T21:52:03.296373,36.355,8347962082,2040,6251,45,100,1
1777924323.3102114,2026-05-04T21:52:03.310211,36.355,8347962082,2040,6251,45,100,1
1777924323.322853,2026-05-04T21:52:03.322853,36.355,8347962082,2040,6251,45,100,1
1777924323.3355625,2026-05-04T21:52:03.335562,36.355,8347962082,2040,6251,45,100,1
1777924323.3504026,2026-05-04T21:52:03.350403,36.355,8347962082,2040,6251,45,100,1
1777924323.363061,2026-05-04T21:52:03.363061,37.123,8347962082,2040,6251,45,100,3
1777924323.3758435,2026-05-04T21:52:03.375844,37.123,8347966251,2040,6251,45,100,3
1777924323.3902674,2026-05-04T21:52:03.390267,37.123,8347966251,2040,6251,45,100,3
1777924323.4029129,2026-05-04T21:52:03.402913,37.123,8347966251,2040,6251,45,100,3
1777924323.4156406,2026-05-04T21:52:03.415641,37.123,8347966251,2040,6251,45,100,3
1777924323.4301894,2026-05-04T21:52:03.430189,37.123,8347966251,2040,6251,45,100,3
1777924323.4428086,2026-05-04T21:52:03.442809,37.123,8347966251,2040,6251,45,100,3
1777924323.4554987,2026-05-04T21:52:03.455499,37.557,8347966251,2040,6251,45,100,3
1777924323.4700713,2026-05-04T21:52:03.470071,37.557,8347970420,2040,6251,45,100,3
1777924323.4835596,2026-05-04T21:52:03.483560,37.557,8347970420,2040,6251,45,100,3
1777924323.4963298,2026-05-04T21:52:03.496330,37.557,8347970420,2040,6251,45,100,3
1777924323.5103257,2026-05-04T21:52:03.510326,37.557,8347970420,2040,6251,45,100,3
1777924323.522912,2026-05-04T21:52:03.522912,37.557,8347970420,2040,6251,45,100,3
1777924323.5356157,2026-05-04T21:52:03.535616,37.557,8347970420,2040,6251,45,100,3
1777924323.5500472,2026-05-04T21:52:03.550047,37.557,8347970420,2040,6251,45,100,3
1777924323.5625565,2026-05-04T21:52:03.562557,38.452,8347970420,2040,6251,45,100,3
1777924323.5754545,2026-05-04T21:52:03.575454,38.452,8347974594,2040,6251,45,100,3
1777924323.5902207,2026-05-04T21:52:03.590221,38.452,8347974594,2040,6251,45,100,3
1777924323.6026745,2026-05-04T21:52:03.602674,38.452,8347974594,2040,6251,45,100,3
1777924323.6153557,2026-05-04T21:52:03.615356,38.452,8347974594,2040,6251,45,100,3
1777924323.6304266,2026-05-04T21:52:03.630427,38.452,8347974594,2040,6251,45,100,3
1777924323.6427665,2026-05-04T21:52:03.642766,38.452,8347974594,2040,6251,45,100,3
1777924323.6554487,2026-05-04T21:52:03.655449,38.767,8347974594,2040,6251,45,100,3
1777924323.6701183,2026-05-04T21:52:03.670118,38.767,8347978286,2040,6251,45,100,3
1777924323.6833417,2026-05-04T21:52:03.683342,38.767,8347978286,2040,6251,45,100,3
1777924323.6959028,2026-05-04T21:52:03.695903,38.767,8347978286,2040,6251,45,100,3
1777924323.7100534,2026-05-04T21:52:03.710053,38.767,8347978286,2040,6251,45,100,3
1777924323.7224257,2026-05-04T21:52:03.722426,38.767,8347978286,2040,6251,45,100,3
1777924323.7351158,2026-05-04T21:52:03.735116,38.767,8347978286,2040,6251,45,100,3
1777924323.7499886,2026-05-04T21:52:03.749989,38.767,8347978286,2040,6251,45,100,3
1777924323.762423,2026-05-04T21:52:03.762423,38.746,8347978286,2040,6251,44,100,1
1777924323.7750666,2026-05-04T21:52:03.775067,38.746,8347981430,2040,6251,44,100,1
1777924323.790196,2026-05-04T21:52:03.790196,38.746,8347981430,2040,6251,44,100,1
1777924323.8026063,2026-05-04T21:52:03.802606,38.746,8347981430,2040,6251,44,100,1
1777924323.815172,2026-05-04T21:52:03.815172,38.746,8347981430,2040,6251,44,100,1
1777924323.830127,2026-05-04T21:52:03.830127,38.746,8347981430,2040,6251,44,100,1
1777924323.8424644,2026-05-04T21:52:03.842464,38.746,8347981430,2040,6251,44,100,1
1777924323.854999,2026-05-04T21:52:03.854999,38.1,8347981430,2040,6251,44,100,1
1777924323.8700213,2026-05-04T21:52:03.870021,38.1,8347984578,2040,6251,44,100,1
1777924323.8832572,2026-05-04T21:52:03.883257,38.1,8347984578,2040,6251,44,100,1
1777924323.8958247,2026-05-04T21:52:03.895825,38.1,8347984578,2040,6251,44,100,1
1777924323.9103215,2026-05-04T21:52:03.910321,38.1,8347984578,2040,6251,44,100,1
1777924323.9227138,2026-05-04T21:52:03.922714,38.1,8347984578,2040,6251,44,100,1
1777924323.9353943,2026-05-04T21:52:03.935394,38.1,8347984578,2040,6251,44,100,1
1777924323.9498935,2026-05-04T21:52:03.949893,38.1,8347984578,2040,6251,44,100,1
1777924323.9622283,2026-05-04T21:52:03.962228,37.984,8347984578,2040,6251,44,100,0
1777924323.974974,2026-05-04T21:52:03.974974,37.984,8347987728,2040,6251,44,100,0
1777924323.9901521,2026-05-04T21:52:03.990152,37.984,8347987728,2040,6251,44,100,0
1777924324.0025296,2026-05-04T21:52:04.002530,37.984,8347987728,2040,6251,44,100,0
1777924324.0152333,2026-05-04T21:52:04.015233,37.984,8347987728,2040,6251,44,100,0
1777924324.02998,2026-05-04T21:52:04.029980,37.984,8347987728,2040,6251,44,100,0
1777924324.042382,2026-05-04T21:52:04.042382,37.984,8347987728,2040,6251,44,100,0
1777924324.055017,2026-05-04T21:52:04.055017,37.407,8347987728,2040,6251,44,100,0
1777924324.069864,2026-05-04T21:52:04.069864,37.407,8347990865,2040,6251,44,100,0
1777924324.0832365,2026-05-04T21:52:04.083236,37.407,8347990865,2040,6251,44,100,0
1777924324.0958047,2026-05-04T21:52:04.095805,37.407,8347990865,2040,6251,44,100,0
1777924324.1099863,2026-05-04T21:52:04.109986,37.407,8347990865,2040,6251,44,100,0
1777924324.1223729,2026-05-04T21:52:04.122373,37.407,8347990865,2040,6251,44,100,0
1777924324.1350415,2026-05-04T21:52:04.135041,37.407,8347990865,2040,6251,44,100,0
1777924324.1498184,2026-05-04T21:52:04.149818,37.407,8347990865,2040,6251,44,100,0
1777924324.1621916,2026-05-04T21:52:04.162192,37.037,8347990865,2040,6251,44,100,0
1777924324.1749277,2026-05-04T21:52:04.174928,37.037,8347993995,2040,6251,44,100,0
1777924324.1903448,2026-05-04T21:52:04.190345,37.037,8347993995,2040,6251,44,100,0
1777924324.2027059,2026-05-04T21:52:04.202706,37.037,8347993995,2040,6251,44,100,0
1777924324.215372,2026-05-04T21:52:04.215372,37.037,8347993995,2040,6251,44,100,0
1777924324.2299488,2026-05-04T21:52:04.229949,37.037,8347993995,2040,6251,44,100,0
1777924324.2423594,2026-05-04T21:52:04.242359,37.037,8347993995,2040,6251,44,100,0
1777924324.255112,2026-05-04T21:52:04.255112,36.287,8347993995,2040,6251,44,100,0
1777924324.2698143,2026-05-04T21:52:04.269814,36.287,8347997137,2040,6251,44,100,0
1777924324.2833598,2026-05-04T21:52:04.283360,36.287,8347997137,2040,6251,44,100,0
1777924324.2959163,2026-05-04T21:52:04.295916,36.287,8347997137,2040,6251,44,100,0
1777924324.3099313,2026-05-04T21:52:04.309931,36.287,8347997137,2040,6251,44,100,0
1777924324.322316,2026-05-04T21:52:04.322316,36.287,8347997137,2040,6251,44,100,0
1777924324.3348875,2026-05-04T21:52:04.334888,36.287,8347997137,2040,6251,44,100,0
1777924324.349817,2026-05-04T21:52:04.349817,36.287,8347997137,2040,6251,44,100,0
1777924324.36223,2026-05-04T21:52:04.362230,35.364,8347997137,2040,6251,44,100,0
1777924324.3748488,2026-05-04T21:52:04.374849,35.364,8348000276,2040,6251,44,100,0
1777924324.3899362,2026-05-04T21:52:04.389936,35.364,8348000276,2040,6251,44,100,0
1777924324.4023647,2026-05-04T21:52:04.402365,35.364,8348000276,2040,6251,44,100,0
1777924324.4149034,2026-05-04T21:52:04.414903,35.364,8348000276,2040,6251,44,100,0
1777924324.4298966,2026-05-04T21:52:04.429897,35.364,8348000276,2040,6251,44,100,0
1777924324.4423423,2026-05-04T21:52:04.442342,35.364,8348000276,2040,6251,44,100,0
1777924324.45491,2026-05-04T21:52:04.454910,34.393,8348000276,2040,6251,44,100,0
1777924324.470123,2026-05-04T21:52:04.470123,34.393,8348003407,2040,6251,44,100,0
1777924324.4832273,2026-05-04T21:52:04.483227,34.393,8348003407,2040,6251,44,100,0
1777924324.4958591,2026-05-04T21:52:04.495859,34.393,8348003407,2040,6251,44,100,0
1777924324.5097635,2026-05-04T21:52:04.509763,34.393,8348003407,2040,6251,44,100,0
1777924324.5223107,2026-05-04T21:52:04.522311,34.393,8348003407,2040,6251,44,100,0
1777924324.5349803,2026-05-04T21:52:04.534980,34.393,8348003407,2040,6251,44,100,0
1777924324.549679,2026-05-04T21:52:04.549679,34.393,8348003407,2040,6251,44,100,0
1777924324.5622187,2026-05-04T21:52:04.562219,33.446,8348003407,2040,6251,44,100,0
1777924324.574998,2026-05-04T21:52:04.574998,33.446,8348006543,2040,6251,44,100,0
1777924324.5898783,2026-05-04T21:52:04.589878,33.446,8348006543,2040,6251,44,100,0
1777924324.6022124,2026-05-04T21:52:04.602212,33.446,8348006543,2040,6251,44,100,0
1777924324.6149402,2026-05-04T21:52:04.614940,33.446,8348006543,2040,6251,44,100,0
1777924324.6298342,2026-05-04T21:52:04.629834,33.446,8348006543,2040,6251,44,100,0
1777924324.6422625,2026-05-04T21:52:04.642262,33.446,8348006543,2040,6251,44,100,0
1777924324.6548886,2026-05-04T21:52:04.654889,32.462,8348006543,2040,6251,44,100,0
1777924324.6697288,2026-05-04T21:52:04.669729,32.462,8348009676,2040,6251,44,100,0
1777924324.6830742,2026-05-04T21:52:04.683074,32.462,8348009676,2040,6251,44,100,0
1777924324.6956596,2026-05-04T21:52:04.695660,32.462,8348009676,2040,6251,44,100,0
1777924324.7097938,2026-05-04T21:52:04.709794,32.462,8348009676,2040,6251,44,100,0
1777924324.7222054,2026-05-04T21:52:04.722205,32.462,8348009676,2040,6251,44,100,0
1777924324.734749,2026-05-04T21:52:04.734749,32.462,8348009676,2040,6251,44,100,0
1777924324.749935,2026-05-04T21:52:04.749935,32.462,8348009676,2040,6251,44,100,0
1777924324.7623284,2026-05-04T21:52:04.762328,31.5,8348009676,2040,6251,44,100,0
1777924324.7749813,2026-05-04T21:52:04.774981,31.5,8348012816,2040,6251,44,100,0
1777924324.7898474,2026-05-04T21:52:04.789847,31.5,8348012816,2040,6251,44,100,0
1777924324.8022406,2026-05-04T21:52:04.802241,31.5,8348012816,2040,6251,44,100,0
1777924324.8147967,2026-05-04T21:52:04.814797,31.5,8348012816,2040,6251,44,100,0
1777924324.8297222,2026-05-04T21:52:04.829722,31.5,8348012816,2040,6251,44,100,0
1777924324.8420517,2026-05-04T21:52:04.842052,31.5,8348012816,2040,6251,44,100,0
1777924324.8546393,2026-05-04T21:52:04.854639,31.473,8348012816,2040,6251,44,100,0
1777924324.8696659,2026-05-04T21:52:04.869666,31.473,8348015955,2040,6251,44,100,0
1777924324.8830297,2026-05-04T21:52:04.883030,31.473,8348015955,2040,6251,44,100,0
1777924324.8956575,2026-05-04T21:52:04.895658,31.473,8348015955,2040,6251,44,100,0
1777924324.909684,2026-05-04T21:52:04.909684,31.473,8348015955,2040,6251,44,100,0
1777924324.9220068,2026-05-04T21:52:04.922007,31.473,8348015955,2040,6251,44,100,0
1777924324.934728,2026-05-04T21:52:04.934728,31.473,8348015955,2040,6251,44,100,0
1777924324.9496505,2026-05-04T21:52:04.949651,31.473,8348015955,2040,6251,44,100,0
1777924324.9620728,2026-05-04T21:52:04.962073,31.456,8348015955,2040,6251,44,100,0
1777924324.9747205,2026-05-04T21:52:04.974720,31.456,8348019090,2040,6251,44,100,0
1777924324.9897788,2026-05-04T21:52:04.989779,31.456,8348019090,2040,6251,44,100,0
1777924325.0022123,2026-05-04T21:52:05.002212,31.456,8348019090,2040,6251,44,100,0
1777924325.0147955,2026-05-04T21:52:05.014796,31.456,8348019090,2040,6251,44,100,0
1777924325.029974,2026-05-04T21:52:05.029974,31.456,8348019090,2040,6251,44,100,0
1777924325.0423734,2026-05-04T21:52:05.042373,31.456,8348019090,2040,6251,44,100,0
1777924325.0549521,2026-05-04T21:52:05.054952,31.428,8348019090,2040,6251,44,100,0
1777924325.0696256,2026-05-04T21:52:05.069626,31.428,8348022223,2040,6251,44,100,0
1777924325.0829592,2026-05-04T21:52:05.082959,31.428,8348022223,2040,6251,44,100,0
1777924325.0954137,2026-05-04T21:52:05.095414,31.428,8348022223,2040,6251,44,100,0
1777924325.1096504,2026-05-04T21:52:05.109650,31.428,8348022223,2040,6251,44,100,0
1777924325.1219313,2026-05-04T21:52:05.121931,31.428,8348022223,2040,6251,44,100,0
1777924325.134378,2026-05-04T21:52:05.134378,31.428,8348022223,2040,6251,44,100,0
1777924325.1548955,2026-05-04T21:52:05.154896,31.428,8348022223,2040,6251,44,100,0
1777924325.173341,2026-05-04T21:52:05.173341,31.403,8348025472,2040,6251,44,100,0
1777924325.192202,2026-05-04T21:52:05.192202,31.403,8348025472,2040,6251,44,100,0
1777924325.2132015,2026-05-04T21:52:05.213202,31.403,8348025472,2040,6251,44,100,0
1777924325.2323825,2026-05-04T21:52:05.232383,31.403,8348025472,2040,6251,44,100,0
1777924325.2535717,2026-05-04T21:52:05.253572,31.403,8348025472,2040,6251,44,100,0
1777924325.2742,2026-05-04T21:52:05.274200,31.748,8348028998,2040,6251,44,100,0
1777924325.2961335,2026-05-04T21:52:05.296134,31.748,8348028998,2040,6251,44,100,0
1777924325.316556,2026-05-04T21:52:05.316556,31.748,8348028998,2040,6251,44,100,0
1777924325.3351083,2026-05-04T21:52:05.335108,31.748,8348028998,2040,6251,44,100,0
1777924325.354674,2026-05-04T21:52:05.354674,31.748,8348028998,2040,6251,44,100,0
1777924325.3751488,2026-05-04T21:52:05.375149,32.102,8348032536,2040,6251,44,100,0
1777924325.3927667,2026-05-04T21:52:05.392767,32.102,8348032536,2040,6251,44,100,0
1777924325.412327,2026-05-04T21:52:05.412327,32.102,8348032536,2040,6251,44,100,0
1777924325.4316063,2026-05-04T21:52:05.431606,32.102,8348032536,2040,6251,44,100,0
1777924325.4532273,2026-05-04T21:52:05.453227,32.102,8348032536,2040,6251,44,100,0
1777924325.472417,2026-05-04T21:52:05.472417,32.459,8348036070,2040,6251,44,100,0
1777924325.49659,2026-05-04T21:52:05.496590,32.459,8348036070,2040,6251,44,100,0
1777924325.514718,2026-05-04T21:52:05.514718,32.459,8348036070,2040,6251,44,100,0
1777924325.5343099,2026-05-04T21:52:05.534310,32.459,8348036070,2040,6251,44,100,0
1777924325.553771,2026-05-04T21:52:05.553771,32.459,8348036070,2040,6251,44,100,0
1777924325.5717072,2026-05-04T21:52:05.571707,32.83,8348039607,2040,6251,44,100,0
1777924325.594544,2026-05-04T21:52:05.594544,32.83,8348039607,2040,6251,44,100,0
1777924325.611869,2026-05-04T21:52:05.611869,32.83,8348039607,2040,6251,44,100,0
1777924325.6321347,2026-05-04T21:52:05.632135,32.83,8348039607,2040,6251,44,100,0
1777924325.6530519,2026-05-04T21:52:05.653052,32.83,8348039607,2040,6251,44,100,0
1777924325.6741009,2026-05-04T21:52:05.674101,33.197,8348043142,2040,6251,44,100,0
1777924325.6966097,2026-05-04T21:52:05.696610,33.197,8348043142,2040,6251,44,100,0
1777924325.7158267,2026-05-04T21:52:05.715827,33.197,8348043142,2040,6251,44,100,0
1777924325.736795,2026-05-04T21:52:05.736795,33.197,8348043142,2040,6251,44,100,0
1777924325.7579625,2026-05-04T21:52:05.757962,33.197,8348043142,2040,6251,44,100,0
1777924325.777942,2026-05-04T21:52:05.777942,33.56,8348046679,2040,6251,44,100,0
1777924325.7958598,2026-05-04T21:52:05.795860,33.56,8348046679,2040,6251,44,100,0
1777924325.8152068,2026-05-04T21:52:05.815207,33.56,8348046679,2040,6251,44,100,0
1777924325.8333435,2026-05-04T21:52:05.833344,33.56,8348046679,2040,6251,44,100,0
1777924325.8539617,2026-05-04T21:52:05.853962,33.56,8348046679,2040,6251,44,100,0
1777924325.8736553,2026-05-04T21:52:05.873655,33.945,8348050208,2040,6251,44,100,0
1777924325.8978527,2026-05-04T21:52:05.897853,33.945,8348050208,2040,6251,44,100,0
1777924325.9169219,2026-05-04T21:52:05.916922,33.945,8348050208,2040,6251,44,100,0
1777924325.9361486,2026-05-04T21:52:05.936149,33.945,8348050208,2040,6251,44,100,0
1777924325.9550712,2026-05-04T21:52:05.955071,33.945,8348050208,2040,6251,44,100,0
1777924325.9728796,2026-05-04T21:52:05.972880,34.29,8348053744,2040,6251,44,100,0
1777924325.9932525,2026-05-04T21:52:05.993253,34.29,8348053744,2040,6251,44,100,0
1777924326.0132537,2026-05-04T21:52:06.013254,34.29,8348053744,2040,6251,44,100,0
1777924326.0337508,2026-05-04T21:52:06.033751,34.29,8348053744,2040,6251,44,100,0
1777924326.052539,2026-05-04T21:52:06.052539,34.29,8348053744,2040,6251,44,100,0
1777924326.0738773,2026-05-04T21:52:06.073877,34.658,8348057269,2040,6251,44,100,0
1777924326.0958927,2026-05-04T21:52:06.095893,34.658,8348057269,2040,6251,44,100,0
1777924326.1158366,2026-05-04T21:52:06.115837,34.658,8348057269,2040,6251,44,100,0
1777924326.1359243,2026-05-04T21:52:06.135924,34.658,8348057269,2040,6251,44,100,0
1777924326.1556802,2026-05-04T21:52:06.155680,34.658,8348057269,2040,6251,44,100,0
1777924326.1753495,2026-05-04T21:52:06.175349,35.02,8348060803,2040,6251,44,100,0
1777924326.1942794,2026-05-04T21:52:06.194279,35.02,8348060803,2040,6251,44,100,0
1777924326.2141259,2026-05-04T21:52:06.214126,35.02,8348060803,2040,6251,44,100,0
1777924326.2322614,2026-05-04T21:52:06.232261,35.02,8348060803,2040,6251,44,100,0
1777924326.2538016,2026-05-04T21:52:06.253802,35.02,8348060803,2040,6251,44,100,0
1777924326.272892,2026-05-04T21:52:06.272892,35.396,8348064332,2040,6251,44,100,0
1777924326.2950964,2026-05-04T21:52:06.295096,35.396,8348064332,2040,6251,44,100,0
1777924326.3147109,2026-05-04T21:52:06.314711,35.396,8348064332,2040,6251,44,100,0
1777924326.3353553,2026-05-04T21:52:06.335355,35.396,8348064332,2040,6251,44,100,0
1777924326.3538322,2026-05-04T21:52:06.353832,35.396,8348064332,2040,6251,44,100,0
1777924326.3724995,2026-05-04T21:52:06.372499,35.422,8348067864,2040,6251,44,100,0
1777924326.3929513,2026-05-04T21:52:06.392951,35.422,8348067864,2040,6251,44,100,0
1777924326.4126651,2026-05-04T21:52:06.412665,35.422,8348067864,2040,6251,44,100,0
1777924326.4333417,2026-05-04T21:52:06.433342,35.422,8348067864,2040,6251,44,100,0
1777924326.4529576,2026-05-04T21:52:06.452958,35.422,8348067864,2040,6251,44,100,0
1777924326.4738312,2026-05-04T21:52:06.473831,35.422,8348071390,2040,6251,44,100,0
1777924326.4972713,2026-05-04T21:52:06.497271,35.422,8348071390,2040,6251,44,100,0
1777924326.516866,2026-05-04T21:52:06.516866,35.422,8348071390,2040,6251,44,100,0
1777924326.53331,2026-05-04T21:52:06.533310,35.422,8348071390,2040,6251,44,100,0
1777924326.5532322,2026-05-04T21:52:06.553232,35.422,8348071390,2040,6251,44,100,0
1777924326.5739572,2026-05-04T21:52:06.573957,35.422,8348074924,2040,6251,44,100,0
1777924326.5956445,2026-05-04T21:52:06.595644,35.422,8348074924,2040,6251,44,100,0
1777924326.6115258,2026-05-04T21:52:06.611526,35.422,8348074924,2040,6251,44,100,0
1777924326.634067,2026-05-04T21:52:06.634067,35.422,8348074924,2040,6251,44,100,0
1777924326.652625,2026-05-04T21:52:06.652625,35.422,8348074924,2040,6251,44,100,0
1777924326.673191,2026-05-04T21:52:06.673191,35.405,8348078453,2040,6251,45,100,0
1777924326.6942863,2026-05-04T21:52:06.694286,35.405,8348078453,2040,6251,45,100,0
1777924326.7132308,2026-05-04T21:52:06.713231,35.405,8348078453,2040,6251,45,100,0
1777924326.7325392,2026-05-04T21:52:06.732539,35.405,8348078453,2040,6251,45,100,0
1777924326.7518516,2026-05-04T21:52:06.751852,35.405,8348078453,2040,6251,45,100,0
1777924326.7723517,2026-05-04T21:52:06.772352,35.396,8348081986,2040,6251,45,100,0
1777924326.7917187,2026-05-04T21:52:06.791719,35.396,8348081986,2040,6251,44,100,0
1777924326.8127978,2026-05-04T21:52:06.812798,35.396,8348081986,2040,6251,44,100,0
1777924326.832905,2026-05-04T21:52:06.832905,35.396,8348081986,2040,6251,44,100,0
1777924326.852127,2026-05-04T21:52:06.852127,35.396,8348081986,2040,6251,44,100,0
1777924326.873322,2026-05-04T21:52:06.873322,35.396,8348085517,2040,6251,45,100,0
1777924326.8955991,2026-05-04T21:52:06.895599,35.396,8348085517,2040,6251,45,100,0
1777924326.9165378,2026-05-04T21:52:06.916538,35.396,8348085517,2040,6251,45,100,0
1777924326.9362645,2026-05-04T21:52:06.936265,35.396,8348085517,2040,6251,45,100,0
1777924326.9548244,2026-05-04T21:52:06.954824,35.396,8348085517,2040,6251,45,100,0
1777924326.9742033,2026-05-04T21:52:06.974203,35.378,8348089046,2040,6251,45,100,0
1777924326.9922535,2026-05-04T21:52:06.992254,35.378,8348089046,2040,6251,45,100,0
1777924327.0091147,2026-05-04T21:52:07.009115,35.378,8348089046,2040,6251,45,100,0
1777924327.021714,2026-05-04T21:52:07.021714,35.378,8348089046,2040,6251,45,100,0
1777924327.0345004,2026-05-04T21:52:07.034500,35.378,8348089046,2040,6251,45,100,0
1777924327.048997,2026-05-04T21:52:07.048997,35.378,8348089046,2040,6251,45,100,0
1777924327.061448,2026-05-04T21:52:07.061448,35.378,8348089046,2040,6251,45,100,0
1777924327.07424,2026-05-04T21:52:07.074240,35.387,8348092827,2040,6251,45,100,0
1777924327.0917118,2026-05-04T21:52:07.091712,35.387,8348092827,2040,6251,45,100,0
1777924327.1042714,2026-05-04T21:52:07.104271,35.387,8348092827,2040,6251,45,100,0
1777924327.1169233,2026-05-04T21:52:07.116923,35.387,8348092827,2040,6251,45,100,0
1777924327.1296825,2026-05-04T21:52:07.129683,35.387,8348092827,2040,6251,45,100,0
1777924327.1422412,2026-05-04T21:52:07.142241,35.387,8348092827,2040,6251,45,100,0
1777924327.1548707,2026-05-04T21:52:07.154871,35.387,8348092827,2040,6251,45,100,0
1777924327.1689878,2026-05-04T21:52:07.168988,35.387,8348096865,2040,6251,45,100,0
1777924327.18232,2026-05-04T21:52:07.182320,35.758,8348096865,2040,6251,45,100,1
1777924327.1952093,2026-05-04T21:52:07.195209,35.758,8348096865,2040,6251,45,100,1
1777924327.208995,2026-05-04T21:52:07.208995,35.758,8348096865,2040,6251,45,100,1
1777924327.2216516,2026-05-04T21:52:07.221652,35.758,8348096865,2040,6251,45,100,1
1777924327.2344043,2026-05-04T21:52:07.234404,35.758,8348096865,2040,6251,45,100,1
1777924327.2489207,2026-05-04T21:52:07.248921,35.758,8348096865,2040,6251,45,100,1
1777924327.2615154,2026-05-04T21:52:07.261515,35.758,8348096865,2040,6251,45,100,1
1777924327.2743332,2026-05-04T21:52:07.274333,36.888,8348101035,2040,6251,45,100,1
1777924327.2917783,2026-05-04T21:52:07.291778,36.888,8348101035,2040,6251,45,100,1
1777924327.3043466,2026-05-04T21:52:07.304347,36.888,8348101035,2040,6251,45,100,1
1777924327.3169754,2026-05-04T21:52:07.316975,36.888,8348101035,2040,6251,45,100,1
1777924327.329775,2026-05-04T21:52:07.329775,36.888,8348101035,2040,6251,45,100,1
1777924327.3423111,2026-05-04T21:52:07.342311,36.888,8348101035,2040,6251,45,100,1
1777924327.355124,2026-05-04T21:52:07.355124,36.888,8348101035,2040,6251,45,100,1
1777924327.3688428,2026-05-04T21:52:07.368843,36.888,8348105209,2040,6251,45,100,1
1777924327.3824124,2026-05-04T21:52:07.382412,36.888,8348105209,2040,6251,45,100,3
1777924327.3952117,2026-05-04T21:52:07.395212,36.888,8348105209,2040,6251,45,100,3
1777924327.4093835,2026-05-04T21:52:07.409384,36.888,8348105209,2040,6251,45,100,3
1777924327.421872,2026-05-04T21:52:07.421872,36.888,8348105209,2040,6251,45,100,3
1777924327.434547,2026-05-04T21:52:07.434547,36.888,8348105209,2040,6251,45,100,3
1777924327.4489217,2026-05-04T21:52:07.448922,36.888,8348105209,2040,6251,45,100,3
1777924327.4613633,2026-05-04T21:52:07.461363,36.888,8348105209,2040,6251,45,100,3
1777924327.4740546,2026-05-04T21:52:07.474055,37.412,8348109290,2040,6251,45,100,3
1777924327.4922118,2026-05-04T21:52:07.492212,37.412,8348109290,2040,6251,45,100,3
1777924327.5046895,2026-05-04T21:52:07.504689,37.412,8348109290,2040,6251,45,100,3
1777924327.517247,2026-05-04T21:52:07.517247,37.412,8348109290,2040,6251,45,100,3
1777924327.529926,2026-05-04T21:52:07.529926,37.412,8348109290,2040,6251,45,100,3
1777924327.5422945,2026-05-04T21:52:07.542295,37.412,8348109290,2040,6251,45,100,3
1777924327.5550044,2026-05-04T21:52:07.555004,37.412,8348109290,2040,6251,45,100,3
1777924327.5687408,2026-05-04T21:52:07.568741,37.412,8348112463,2040,6251,45,100,3
1777924327.5821598,2026-05-04T21:52:07.582160,37.412,8348112463,2040,6251,45,100,2
1777924327.5949452,2026-05-04T21:52:07.594945,37.412,8348112463,2040,6251,45,100,2
1777924327.6088722,2026-05-04T21:52:07.608872,37.412,8348112463,2040,6251,45,100,2
1777924327.6212432,2026-05-04T21:52:07.621243,37.412,8348112463,2040,6251,45,100,2
1777924327.633914,2026-05-04T21:52:07.633914,37.412,8348112463,2040,6251,45,100,2
1777924327.6487772,2026-05-04T21:52:07.648777,37.412,8348112463,2040,6251,45,100,2
1777924327.6611488,2026-05-04T21:52:07.661149,37.412,8348112463,2040,6251,45,100,2
1777924327.6738017,2026-05-04T21:52:07.673802,36.709,8348115607,2040,6251,44,100,2
1777924327.690447,2026-05-04T21:52:07.690447,36.709,8348115607,2040,6251,44,100,2
1777924327.7030265,2026-05-04T21:52:07.703027,36.709,8348115607,2040,6251,44,100,2
1777924327.7156017,2026-05-04T21:52:07.715602,36.709,8348115607,2040,6251,44,100,2
1777924327.728803,2026-05-04T21:52:07.728803,36.709,8348115607,2040,6251,44,100,2
1777924327.7411928,2026-05-04T21:52:07.741193,36.709,8348115607,2040,6251,44,100,2
1777924327.7538657,2026-05-04T21:52:07.753866,36.709,8348115607,2040,6251,44,100,2
1777924327.7688382,2026-05-04T21:52:07.768838,36.709,8348118750,2040,6251,44,100,2
1777924327.78205,2026-05-04T21:52:07.782050,36.709,8348118750,2040,6251,44,100,0
1777924327.7947073,2026-05-04T21:52:07.794707,36.709,8348118750,2040,6251,44,100,0
1777924327.8089514,2026-05-04T21:52:07.808951,36.709,8348118750,2040,6251,44,100,0
1777924327.8213544,2026-05-04T21:52:07.821354,36.709,8348118750,2040,6251,44,100,0
1777924327.8339236,2026-05-04T21:52:07.833924,36.709,8348118750,2040,6251,44,100,0
1777924327.8486893,2026-05-04T21:52:07.848689,36.709,8348118750,2040,6251,44,100,0
1777924327.8611078,2026-05-04T21:52:07.861108,36.709,8348118750,2040,6251,44,100,0
1777924327.8738203,2026-05-04T21:52:07.873820,36.006,8348121887,2040,6251,44,100,0
1777924327.8913617,2026-05-04T21:52:07.891362,36.006,8348121887,2040,6251,44,100,0
1777924327.9038155,2026-05-04T21:52:07.903816,36.006,8348121887,2040,6251,44,100,0
1777924327.9164338,2026-05-04T21:52:07.916434,36.006,8348121887,2040,6251,44,100,0
1777924327.9291291,2026-05-04T21:52:07.929129,36.006,8348121887,2040,6251,44,100,0
1777924327.9415548,2026-05-04T21:52:07.941555,36.006,8348121887,2040,6251,44,100,0
1777924327.95413,2026-05-04T21:52:07.954130,36.006,8348121887,2040,6251,44,100,0
1777924327.9691005,2026-05-04T21:52:07.969100,36.006,8348125027,2040,6251,44,100,0
1777924327.98205,2026-05-04T21:52:07.982050,36.006,8348125027,2040,6251,44,100,0
1777924327.994826,2026-05-04T21:52:07.994826,36.006,8348125027,2040,6251,44,100,0
1777924328.0089068,2026-05-04T21:52:08.008907,36.006,8348125027,2040,6251,44,100,0
1777924328.0212562,2026-05-04T21:52:08.021256,36.006,8348125027,2040,6251,44,100,0
1777924328.033994,2026-05-04T21:52:08.033994,36.006,8348125027,2040,6251,44,100,0
1777924328.0486026,2026-05-04T21:52:08.048603,36.006,8348125027,2040,6251,44,100,0
1777924328.0609627,2026-05-04T21:52:08.060963,36.006,8348125027,2040,6251,44,100,0
1777924328.0736554,2026-05-04T21:52:08.073655,35.294,8348128161,2040,6251,44,100,0
1777924328.0915442,2026-05-04T21:52:08.091544,35.294,8348128161,2040,6251,44,100,0
1777924328.1040442,2026-05-04T21:52:08.104044,35.294,8348128161,2040,6251,44,100,0
1777924328.1166253,2026-05-04T21:52:08.116625,35.294,8348128161,2040,6251,44,100,0
1777924328.1293387,2026-05-04T21:52:08.129339,35.294,8348128161,2040,6251,44,100,0
1777924328.1418417,2026-05-04T21:52:08.141842,35.294,8348128161,2040,6251,44,100,0
1777924328.1543818,2026-05-04T21:52:08.154382,35.294,8348128161,2040,6251,44,100,0
1777924328.1687717,2026-05-04T21:52:08.168772,35.294,8348131304,2040,6251,44,100,0
1777924328.181955,2026-05-04T21:52:08.181955,34.564,8348131304,2040,6251,44,100,0
1777924328.194592,2026-05-04T21:52:08.194592,34.564,8348131304,2040,6251,44,100,0
1777924328.2087169,2026-05-04T21:52:08.208717,34.564,8348131304,2040,6251,44,100,0
1777924328.2211092,2026-05-04T21:52:08.221109,34.564,8348131304,2040,6251,44,100,0
1777924328.233799,2026-05-04T21:52:08.233799,34.564,8348131304,2040,6251,44,100,0
1777924328.2487817,2026-05-04T21:52:08.248782,34.564,8348131304,2040,6251,44,100,0
1777924328.2611594,2026-05-04T21:52:08.261159,34.564,8348131304,2040,6251,44,100,0
1777924328.2738674,2026-05-04T21:52:08.273867,33.618,8348134442,2040,6251,44,100,0
1777924328.2912498,2026-05-04T21:52:08.291250,33.618,8348134442,2040,6251,44,100,0
1777924328.3035898,2026-05-04T21:52:08.303590,33.618,8348134442,2040,6251,44,100,0
1777924328.3163445,2026-05-04T21:52:08.316344,33.618,8348134442,2040,6251,44,100,0
1777924328.3290288,2026-05-04T21:52:08.329029,33.618,8348134442,2040,6251,44,100,0
1777924328.3414588,2026-05-04T21:52:08.341459,33.618,8348134442,2040,6251,44,100,0
1777924328.354004,2026-05-04T21:52:08.354004,33.618,8348134442,2040,6251,44,100,0
1777924328.3685832,2026-05-04T21:52:08.368583,33.618,8348137583,2040,6251,44,100,0
1777924328.3819034,2026-05-04T21:52:08.381903,32.724,8348137583,2040,6251,44,100,0
1777924328.3945453,2026-05-04T21:52:08.394545,32.724,8348137583,2040,6251,44,100,0
1777924328.4087188,2026-05-04T21:52:08.408719,32.724,8348137583,2040,6251,44,100,0
1777924328.4210627,2026-05-04T21:52:08.421063,32.724,8348137583,2040,6251,44,100,0
1777924328.4337595,2026-05-04T21:52:08.433759,32.724,8348137583,2040,6251,44,100,0
1777924328.448539,2026-05-04T21:52:08.448539,32.724,8348137583,2040,6251,44,100,0
1777924328.460946,2026-05-04T21:52:08.460946,32.724,8348137583,2040,6251,44,100,0
1777924328.4735122,2026-05-04T21:52:08.473512,31.766,8348140723,2040,6251,44,100,0
1777924328.4911087,2026-05-04T21:52:08.491109,31.766,8348140723,2040,6251,44,100,0
1777924328.5034835,2026-05-04T21:52:08.503484,31.766,8348140723,2040,6251,44,100,0
1777924328.5159478,2026-05-04T21:52:08.515948,31.766,8348140723,2040,6251,44,100,0
1777924328.5288286,2026-05-04T21:52:08.528829,31.766,8348140723,2040,6251,44,100,0
1777924328.5412018,2026-05-04T21:52:08.541202,31.766,8348140723,2040,6251,44,100,0
1777924328.5537007,2026-05-04T21:52:08.553701,31.766,8348140723,2040,6251,44,100,0
1777924328.568452,2026-05-04T21:52:08.568452,31.766,8348143851,2040,6251,44,100,0
1777924328.588468,2026-05-04T21:52:08.588468,31.595,8348143851,2040,6251,44,100,0
1777924328.6131954,2026-05-04T21:52:08.613195,31.595,8348143851,2040,6251,44,100,0
1777924328.6330943,2026-05-04T21:52:08.633094,31.595,8348143851,2040,6251,44,100,0
1777924328.6542482,2026-05-04T21:52:08.654248,31.595,8348143851,2040,6251,44,100,0
1777924328.676964,2026-05-04T21:52:08.676964,31.595,8348147350,2040,6251,44,100,0
1777924328.7006354,2026-05-04T21:52:08.700635,31.941,8348147350,2040,6251,44,100,0
1777924328.7234206,2026-05-04T21:52:08.723421,31.941,8348147350,2040,6251,44,100,0
1777924328.7437255,2026-05-04T21:52:08.743726,31.941,8348147350,2040,6251,44,100,0
1777924328.7609954,2026-05-04T21:52:08.760995,31.941,8348147350,2040,6251,44,100,0
1777924328.7822046,2026-05-04T21:52:08.782205,31.941,8348150884,2040,6251,44,100,0
1777924328.8013027,2026-05-04T21:52:08.801303,32.297,8348150884,2040,6251,44,100,0
1777924328.8220518,2026-05-04T21:52:08.822052,32.297,8348150884,2040,6251,44,100,0
1777924328.8424997,2026-05-04T21:52:08.842500,32.297,8348150884,2040,6251,44,100,0
1777924328.8625317,2026-05-04T21:52:08.862532,32.297,8348150884,2040,6251,44,100,0
1777924328.8823242,2026-05-04T21:52:08.882324,32.297,8348154421,2040,6251,44,100,0
1777924328.9026632,2026-05-04T21:52:08.902663,32.654,8348154421,2040,6251,44,100,0
1777924328.9250617,2026-05-04T21:52:08.925062,32.654,8348154421,2040,6251,44,100,0
1777924328.9444342,2026-05-04T21:52:08.944434,32.654,8348154421,2040,6251,44,100,0
1777924328.9654148,2026-05-04T21:52:08.965415,32.654,8348157970,2040,6251,44,100,0
1777924328.9853163,2026-05-04T21:52:08.985316,32.654,8348157970,2040,6251,44,100,0
1777924329.0059783,2026-05-04T21:52:09.005978,33.168,8348157970,2040,6251,44,100,0
1777924329.0260265,2026-05-04T21:52:09.026026,33.168,8348157970,2040,6251,44,100,0
1777924329.0480905,2026-05-04T21:52:09.048090,33.168,8348157970,2040,6251,44,100,0
1777924329.0697558,2026-05-04T21:52:09.069756,33.168,8348161496,2040,6251,44,100,0
1777924329.0861073,2026-05-04T21:52:09.086107,33.168,8348161496,2040,6251,44,100,0
1777924329.1068106,2026-05-04T21:52:09.106811,33.359,8348161496,2040,6251,44,100,0
1777924329.1325843,2026-05-04T21:52:09.132584,33.359,8348161496,2040,6251,44,100,0
1777924329.150675,2026-05-04T21:52:09.150675,33.359,8348161496,2040,6251,44,100,0
1777924329.1725085,2026-05-04T21:52:09.172508,33.359,8348165032,2040,6251,44,100,0
1777924329.191266,2026-05-04T21:52:09.191266,33.359,8348165032,2040,6251,44,100,0
1777924329.2134356,2026-05-04T21:52:09.213436,33.722,8348165032,2040,6251,45,100,0
1777924329.2300646,2026-05-04T21:52:09.230065,33.722,8348165032,2040,6251,45,100,0
1777924329.252859,2026-05-04T21:52:09.252859,33.722,8348165032,2040,6251,45,100,0
1777924329.2712548,2026-05-04T21:52:09.271255,33.722,8348168565,2040,6251,45,100,0
1777924329.2931414,2026-05-04T21:52:09.293141,33.722,8348168565,2040,6251,45,100,0
1777924329.3112397,2026-05-04T21:52:09.311240,34.072,8348168565,2040,6251,45,100,0
1777924329.332324,2026-05-04T21:52:09.332324,34.072,8348168565,2040,6251,45,100,0
1777924329.3505688,2026-05-04T21:52:09.350569,34.072,8348168565,2040,6251,45,100,0
1777924329.3718092,2026-05-04T21:52:09.371809,34.072,8348172099,2040,6251,45,100,0
1777924329.3921278,2026-05-04T21:52:09.392128,34.072,8348172099,2040,6251,45,100,0
1777924329.4126801,2026-05-04T21:52:09.412680,34.424,8348172099,2040,6251,45,100,0
1777924329.4318738,2026-05-04T21:52:09.431874,34.424,8348172099,2040,6251,45,100,0
1777924329.4522777,2026-05-04T21:52:09.452278,34.424,8348172099,2040,6251,45,100,0
1777924329.4733372,2026-05-04T21:52:09.473337,34.424,8348175631,2040,6251,45,100,0
1777924329.4919796,2026-05-04T21:52:09.491980,34.424,8348175631,2040,6251,45,100,0
1777924329.5135417,2026-05-04T21:52:09.513542,34.783,8348175631,2040,6251,45,100,0
1777924329.5318086,2026-05-04T21:52:09.531809,34.783,8348175631,2040,6251,45,100,0
1777924329.5526452,2026-05-04T21:52:09.552645,34.783,8348175631,2040,6251,45,100,0
1777924329.573192,2026-05-04T21:52:09.573192,34.783,8348179160,2040,6251,45,100,0
1777924329.5908444,2026-05-04T21:52:09.590844,34.783,8348179160,2040,6251,45,100,0
1777924329.6136522,2026-05-04T21:52:09.613652,35.143,8348179160,2040,6251,45,100,0
1777924329.6348765,2026-05-04T21:52:09.634876,35.143,8348179160,2040,6251,45,100,0
1777924329.655022,2026-05-04T21:52:09.655022,35.143,8348179160,2040,6251,45,100,0
1777924329.6747665,2026-05-04T21:52:09.674767,35.143,8348182695,2040,6251,45,100,0
1777924329.6947591,2026-05-04T21:52:09.694759,35.143,8348182695,2040,6251,45,100,0
1777924329.7140152,2026-05-04T21:52:09.714015,35.387,8348182695,2040,6251,45,100,0
1777924329.7332425,2026-05-04T21:52:09.733243,35.387,8348182695,2040,6251,45,100,0
1777924329.750996,2026-05-04T21:52:09.750996,35.387,8348182695,2040,6251,45,100,0
1777924329.7721155,2026-05-04T21:52:09.772115,35.387,8348186229,2040,6251,45,100,0
1777924329.7938693,2026-05-04T21:52:09.793869,35.387,8348186229,2040,6251,45,100,0
1777924329.8113627,2026-05-04T21:52:09.811363,35.396,8348186229,2040,6251,45,100,0
1777924329.8323495,2026-05-04T21:52:09.832350,35.396,8348186229,2040,6251,45,100,0
1777924329.8520415,2026-05-04T21:52:09.852041,35.396,8348186229,2040,6251,45,100,0
1777924329.8714483,2026-05-04T21:52:09.871448,35.396,8348189758,2040,6251,45,100,0
1777924329.8928668,2026-05-04T21:52:09.892867,35.396,8348189758,2040,6251,45,100,0
1777924329.9101353,2026-05-04T21:52:09.910135,35.396,8348189758,2040,6251,45,100,0
1777924329.9303982,2026-05-04T21:52:09.930398,35.396,8348189758,2040,6251,45,100,0
1777924329.9429348,2026-05-04T21:52:09.942935,35.396,8348189758,2040,6251,45,100,0
1777924329.9555411,2026-05-04T21:52:09.955541,35.396,8348189758,2040,6251,45,100,0
1777924329.9682038,2026-05-04T21:52:09.968204,35.396,8348193441,2040,6251,45,100,0
1777924329.9815056,2026-05-04T21:52:09.981506,35.396,8348193441,2040,6251,45,100,0
1777924329.9944954,2026-05-04T21:52:09.994495,35.396,8348193441,2040,6251,45,100,0
1777924330.0082076,2026-05-04T21:52:10.008208,35.743,8348193441,2040,6251,45,100,1
1777924330.0208924,2026-05-04T21:52:10.020892,35.743,8348193441,2040,6251,45,100,1
1777924330.033615,2026-05-04T21:52:10.033615,35.743,8348193441,2040,6251,45,100,1
1777924330.0481012,2026-05-04T21:52:10.048101,35.743,8348193441,2040,6251,45,100,1
1777924330.0606651,2026-05-04T21:52:10.060665,35.743,8348193441,2040,6251,45,100,1
1777924330.0734062,2026-05-04T21:52:10.073406,35.743,8348197461,2040,6251,45,100,1
1777924330.0885863,2026-05-04T21:52:10.088586,35.743,8348197461,2040,6251,45,100,1
1777924330.101235,2026-05-04T21:52:10.101235,35.743,8348197461,2040,6251,45,100,1
1777924330.1140213,2026-05-04T21:52:10.114021,36.318,8348197461,2040,6251,45,100,1
1777924330.128133,2026-05-04T21:52:10.128133,36.318,8348197461,2040,6251,45,100,1
1777924330.1406436,2026-05-04T21:52:10.140644,36.318,8348197461,2040,6251,45,100,1
1777924330.1534388,2026-05-04T21:52:10.153439,36.318,8348197461,2040,6251,45,100,1
1777924330.1680665,2026-05-04T21:52:10.168067,36.318,8348201640,2040,6251,45,100,1
1777924330.1813989,2026-05-04T21:52:10.181399,36.318,8348201640,2040,6251,45,100,1
1777924330.194152,2026-05-04T21:52:10.194152,36.318,8348201640,2040,6251,45,100,1
1777924330.2083437,2026-05-04T21:52:10.208344,37.076,8348201640,2040,6251,45,100,3
1777924330.2208877,2026-05-04T21:52:10.220888,37.076,8348201640,2040,6251,45,100,3
1777924330.2336714,2026-05-04T21:52:10.233671,37.076,8348201640,2040,6251,45,100,3
1777924330.248013,2026-05-04T21:52:10.248013,37.076,8348201640,2040,6251,45,100,3
1777924330.2605033,2026-05-04T21:52:10.260503,37.076,8348201640,2040,6251,45,100,3
1777924330.273242,2026-05-04T21:52:10.273242,37.076,8348205725,2040,6251,45,100,3
1777924330.2884398,2026-05-04T21:52:10.288440,37.076,8348205725,2040,6251,45,100,3
1777924330.3007152,2026-05-04T21:52:10.300715,37.076,8348205725,2040,6251,45,100,3
1777924330.313214,2026-05-04T21:52:10.313214,36.891,8348205725,2040,6251,45,100,3
1777924330.3280094,2026-05-04T21:52:10.328009,36.891,8348205725,2040,6251,45,100,3
1777924330.3404646,2026-05-04T21:52:10.340465,36.891,8348205725,2040,6251,45,100,3
1777924330.3530538,2026-05-04T21:52:10.353054,36.891,8348205725,2040,6251,45,100,3
1777924330.3679059,2026-05-04T21:52:10.367906,36.891,8348208902,2040,6251,45,100,3
1777924330.3812933,2026-05-04T21:52:10.381293,36.891,8348208902,2040,6251,45,100,3
1777924330.393975,2026-05-04T21:52:10.393975,36.891,8348208902,2040,6251,45,100,3
1777924330.4080489,2026-05-04T21:52:10.408049,36.663,8348208902,2040,6251,45,100,0
1777924330.4205017,2026-05-04T21:52:10.420502,36.663,8348208902,2040,6251,45,100,0
1777924330.4332151,2026-05-04T21:52:10.433215,36.663,8348208902,2040,6251,45,100,0
1777924330.4478972,2026-05-04T21:52:10.447897,36.663,8348208902,2040,6251,45,100,0
1777924330.4603186,2026-05-04T21:52:10.460319,36.663,8348208902,2040,6251,45,100,0
1777924330.4729648,2026-05-04T21:52:10.472965,36.663,8348212041,2040,6251,45,100,0
1777924330.4887273,2026-05-04T21:52:10.488727,36.663,8348212041,2040,6251,45,100,0
1777924330.501215,2026-05-04T21:52:10.501215,36.663,8348212041,2040,6251,45,100,0
1777924330.51391,2026-05-04T21:52:10.513910,36.198,8348212041,2040,6251,44,100,0
1777924330.527951,2026-05-04T21:52:10.527951,36.198,8348212041,2040,6251,44,100,0
1777924330.5403705,2026-05-04T21:52:10.540370,36.198,8348212041,2040,6251,44,100,0
1777924330.5530846,2026-05-04T21:52:10.553085,36.198,8348212041,2040,6251,44,100,0
1777924330.5677974,2026-05-04T21:52:10.567797,36.198,8348215180,2040,6251,44,100,0
1777924330.581349,2026-05-04T21:52:10.581349,36.198,8348215180,2040,6251,44,100,0
1777924330.5939925,2026-05-04T21:52:10.593992,36.198,8348215180,2040,6251,44,100,0
1777924330.6079042,2026-05-04T21:52:10.607904,35.863,8348215180,2040,6251,44,100,0
1777924330.62057,2026-05-04T21:52:10.620570,35.863,8348215180,2040,6251,44,100,0
1777924330.6332078,2026-05-04T21:52:10.633208,35.863,8348215180,2040,6251,44,100,0
1777924330.647795,2026-05-04T21:52:10.647795,35.863,8348215180,2040,6251,44,100,0
1777924330.6601415,2026-05-04T21:52:10.660141,35.863,8348215180,2040,6251,44,100,0
1777924330.672718,2026-05-04T21:52:10.672718,35.863,8348218320,2040,6251,44,100,0
1777924330.6883574,2026-05-04T21:52:10.688357,35.863,8348218320,2040,6251,44,100,0
1777924330.7008789,2026-05-04T21:52:10.700879,35.863,8348218320,2040,6251,44,100,0
1777924330.713523,2026-05-04T21:52:10.713523,35.468,8348218320,2040,6251,44,100,0
1777924330.727844,2026-05-04T21:52:10.727844,35.468,8348218320,2040,6251,44,100,0
1777924330.740227,2026-05-04T21:52:10.740227,35.468,8348218320,2040,6251,44,100,0
1777924330.752885,2026-05-04T21:52:10.752885,35.468,8348218320,2040,6251,44,100,0
1777924330.7680213,2026-05-04T21:52:10.768021,35.468,8348221463,2040,6251,44,100,0
1777924330.7811975,2026-05-04T21:52:10.781198,35.468,8348221463,2040,6251,44,100,0
1777924330.7938664,2026-05-04T21:52:10.793866,35.468,8348221463,2040,6251,44,100,0
1777924330.8079965,2026-05-04T21:52:10.807997,35.07,8348221463,2040,6251,44,100,0
1777924330.8206253,2026-05-04T21:52:10.820625,35.07,8348221463,2040,6251,44,100,0
1777924330.833293,2026-05-04T21:52:10.833293,35.07,8348221463,2040,6251,44,100,0
1777924330.8477194,2026-05-04T21:52:10.847719,35.07,8348221463,2040,6251,44,100,0
1777924330.8601422,2026-05-04T21:52:10.860142,35.07,8348221463,2040,6251,44,100,0
1777924330.8727078,2026-05-04T21:52:10.872708,35.07,8348224606,2040,6251,44,100,0
1777924330.888216,2026-05-04T21:52:10.888216,35.07,8348224606,2040,6251,44,100,0
1777924330.9005506,2026-05-04T21:52:10.900551,35.07,8348224606,2040,6251,44,100,0
1777924330.9131489,2026-05-04T21:52:10.913149,34.747,8348224606,2040,6251,44,100,0
1777924330.9279084,2026-05-04T21:52:10.927908,34.747,8348224606,2040,6251,44,100,0
1777924330.9402735,2026-05-04T21:52:10.940274,34.747,8348224606,2040,6251,44,100,0
1777924330.952879,2026-05-04T21:52:10.952879,34.747,8348224606,2040,6251,44,100,0
1777924330.9677675,2026-05-04T21:52:10.967767,34.747,8348227746,2040,6251,44,100,0
1777924330.9810915,2026-05-04T21:52:10.981091,34.747,8348227746,2040,6251,44,100,0
1777924330.9935617,2026-05-04T21:52:10.993562,34.747,8348227746,2040,6251,44,100,0
1777924331.0078318,2026-05-04T21:52:11.007832,34.379,8348227746,2040,6251,44,100,0
1777924331.0202081,2026-05-04T21:52:11.020208,34.379,8348227746,2040,6251,44,100,0
1777924331.0328305,2026-05-04T21:52:11.032830,34.379,8348227746,2040,6251,44,100,0
1777924331.0479195,2026-05-04T21:52:11.047920,34.379,8348227746,2040,6251,44,100,0
1777924331.0682502,2026-05-04T21:52:11.068250,34.379,8348230947,2040,6251,44,100,0
1777924331.0924413,2026-05-04T21:52:11.092441,34.379,8348230947,2040,6251,44,100,0
1777924331.1111193,2026-05-04T21:52:11.111119,33.944,8348230947,2040,6251,44,100,0
1777924331.1347837,2026-05-04T21:52:11.134784,33.944,8348230947,2040,6251,44,100,0
1777924331.152666,2026-05-04T21:52:11.152666,33.944,8348230947,2040,6251,44,100,0
1777924331.1725833,2026-05-04T21:52:11.172583,33.944,8348234457,2040,6251,44,100,0
1777924331.1916518,2026-05-04T21:52:11.191652,33.944,8348234457,2040,6251,44,100,0
1777924331.2109895,2026-05-04T21:52:11.210989,33.372,8348234457,2040,6251,44,100,0
1777924331.2326186,2026-05-04T21:52:11.232619,33.372,8348234457,2040,6251,44,100,0
1777924331.2522762,2026-05-04T21:52:11.252276,33.372,8348234457,2040,6251,44,100,0
1777924331.2715404,2026-05-04T21:52:11.271540,33.372,8348237997,2040,6251,44,100,0
1777924331.2926326,2026-05-04T21:52:11.292633,33.372,8348237997,2040,6251,44,100,0
1777924331.3113372,2026-05-04T21:52:11.311337,32.78,8348237997,2040,6251,44,100,0
1777924331.3355958,2026-05-04T21:52:11.335596,32.78,8348237997,2040,6251,44,100,0
1777924331.3539774,2026-05-04T21:52:11.353977,32.78,8348237997,2040,6251,44,100,0
1777924331.3736026,2026-05-04T21:52:11.373603,32.78,8348241529,2040,6251,44,100,0
1777924331.3918295,2026-05-04T21:52:11.391829,32.78,8348241529,2040,6251,44,100,0
1777924331.4115493,2026-05-04T21:52:11.411549,32.815,8348241529,2040,6251,45,100,0
1777924331.434046,2026-05-04T21:52:11.434046,32.815,8348241529,2040,6251,45,100,0
1777924331.4537227,2026-05-04T21:52:11.453723,32.815,8348241529,2040,6251,45,100,0
1777924331.4732652,2026-05-04T21:52:11.473265,32.815,8348245058,2040,6251,45,100,0
1777924331.4951472,2026-05-04T21:52:11.495147,32.815,8348245058,2040,6251,45,100,0
1777924331.5143752,2026-05-04T21:52:11.514375,33.173,8348245058,2040,6251,45,100,0
1777924331.5348704,2026-05-04T21:52:11.534870,33.173,8348245058,2040,6251,45,100,0
1777924331.557358,2026-05-04T21:52:11.557358,33.173,8348245058,2040,6251,45,100,0
1777924331.578057,2026-05-04T21:52:11.578057,33.173,8348248593,2040,6251,45,100,0
1777924331.5983684,2026-05-04T21:52:11.598368,33.173,8348248593,2040,6251,45,100,0
1777924331.6190464,2026-05-04T21:52:11.619046,33.535,8348248593,2040,6251,45,100,0
1777924331.6404626,2026-05-04T21:52:11.640463,33.535,8348248593,2040,6251,45,100,0
1777924331.6612122,2026-05-04T21:52:11.661212,33.535,8348248593,2040,6251,45,100,0
1777924331.6801012,2026-05-04T21:52:11.680101,33.535,8348252162,2040,6251,45,100,0
1777924331.6992862,2026-05-04T21:52:11.699286,33.535,8348252162,2040,6251,45,100,0
1777924331.7190967,2026-05-04T21:52:11.719097,34.152,8348252162,2040,6251,45,100,0
1777924331.740339,2026-05-04T21:52:11.740339,34.152,8348252162,2040,6251,45,100,0
1777924331.75959,2026-05-04T21:52:11.759590,34.152,8348252162,2040,6251,45,100,0
1777924331.77806,2026-05-04T21:52:11.778060,34.152,8348255666,2040,6251,45,100,0
1777924331.7976754,2026-05-04T21:52:11.797675,34.152,8348255666,2040,6251,45,100,0
1777924331.8191187,2026-05-04T21:52:11.819119,34.274,8348255666,2040,6251,45,100,0
1777924331.8373535,2026-05-04T21:52:11.837353,34.274,8348255666,2040,6251,45,100,0
1777924331.8558812,2026-05-04T21:52:11.855881,34.274,8348255666,2040,6251,45,100,0
1777924331.8738956,2026-05-04T21:52:11.873896,34.274,8348259203,2040,6251,45,100,0
1777924331.893821,2026-05-04T21:52:11.893821,34.274,8348259203,2040,6251,45,100,0
1777924331.911332,2026-05-04T21:52:11.911332,34.274,8348259203,2040,6251,45,100,0
1777924331.9341033,2026-05-04T21:52:11.934103,34.624,8348259203,2040,6251,45,100,0
1777924331.9530203,2026-05-04T21:52:11.953020,34.624,8348259203,2040,6251,45,100,0
1777924331.971628,2026-05-04T21:52:11.971628,34.624,8348262739,2040,6251,45,100,0
1777924331.9876544,2026-05-04T21:52:11.987654,34.624,8348262739,2040,6251,45,100,0
1777924332.0001423,2026-05-04T21:52:12.000142,34.624,8348262739,2040,6251,45,100,0
1777924332.0129414,2026-05-04T21:52:12.012941,35.054,8348262739,2040,6251,45,100,0
1777924332.0278883,2026-05-04T21:52:12.027888,35.054,8348262739,2040,6251,45,100,0
1777924332.040394,2026-05-04T21:52:12.040394,35.054,8348262739,2040,6251,45,100,0
1777924332.0531607,2026-05-04T21:52:12.053161,35.054,8348262739,2040,6251,45,100,0
1777924332.0675414,2026-05-04T21:52:12.067541,35.054,8348266663,2040,6251,45,100,0
1777924332.0808399,2026-05-04T21:52:12.080840,35.054,8348266663,2040,6251,45,100,0
1777924332.093846,2026-05-04T21:52:12.093846,35.054,8348266663,2040,6251,45,100,0
1777924332.1075876,2026-05-04T21:52:12.107588,35.054,8348266663,2040,6251,45,100,0
1777924332.1200316,2026-05-04T21:52:12.120032,36.093,8348266663,2040,6251,45,100,0
1777924332.1328268,2026-05-04T21:52:12.132827,36.093,8348266663,2040,6251,45,100,0
1777924332.1475112,2026-05-04T21:52:12.147511,36.093,8348266663,2040,6251,45,100,0
1777924332.160031,2026-05-04T21:52:12.160031,36.093,8348266663,2040,6251,45,100,0
1777924332.1727128,2026-05-04T21:52:12.172713,36.093,8348270801,2040,6251,45,100,0
1777924332.1876693,2026-05-04T21:52:12.187669,36.093,8348270801,2040,6251,45,100,0
1777924332.2003381,2026-05-04T21:52:12.200338,36.093,8348270801,2040,6251,45,100,0
1777924332.2129974,2026-05-04T21:52:12.212997,36.542,8348270801,2040,6251,45,100,3
1777924332.2274334,2026-05-04T21:52:12.227433,36.542,8348270801,2040,6251,45,100,3
1777924332.2397604,2026-05-04T21:52:12.239760,36.542,8348270801,2040,6251,45,100,3
1777924332.2524037,2026-05-04T21:52:12.252404,36.542,8348270801,2040,6251,45,100,3
1777924332.2675169,2026-05-04T21:52:12.267517,36.542,8348274262,2040,6251,45,100,3
1777924332.280757,2026-05-04T21:52:12.280757,36.542,8348274262,2040,6251,45,100,3
1777924332.2932827,2026-05-04T21:52:12.293283,36.542,8348274262,2040,6251,45,100,3
1777924332.3077488,2026-05-04T21:52:12.307749,36.542,8348274262,2040,6251,45,100,3
1777924332.320145,2026-05-04T21:52:12.320145,36.28,8348274262,2040,6251,45,100,3
1777924332.332848,2026-05-04T21:52:12.332848,36.28,8348274262,2040,6251,45,100,3
1777924332.3473308,2026-05-04T21:52:12.347331,36.28,8348274262,2040,6251,45,100,3
1777924332.359788,2026-05-04T21:52:12.359788,36.28,8348274262,2040,6251,45,100,3
1777924332.3724642,2026-05-04T21:52:12.372464,36.28,8348277410,2040,6251,45,100,3
1777924332.387581,2026-05-04T21:52:12.387581,36.28,8348277410,2040,6251,45,100,3
1777924332.399982,2026-05-04T21:52:12.399982,36.28,8348277410,2040,6251,45,100,3
1777924332.4125097,2026-05-04T21:52:12.412510,35.848,8348277410,2040,6251,44,100,0
1777924332.427337,2026-05-04T21:52:12.427337,35.848,8348277410,2040,6251,44,100,0
1777924332.4397268,2026-05-04T21:52:12.439727,35.848,8348277410,2040,6251,44,100,0
1777924332.4524162,2026-05-04T21:52:12.452416,35.848,8348277410,2040,6251,44,100,0
1777924332.4675047,2026-05-04T21:52:12.467505,35.848,8348280551,2040,6251,44,100,0
1777924332.4807007,2026-05-04T21:52:12.480701,35.848,8348280551,2040,6251,44,100,0
1777924332.4934664,2026-05-04T21:52:12.493466,35.848,8348280551,2040,6251,44,100,0
1777924332.5074098,2026-05-04T21:52:12.507410,35.848,8348280551,2040,6251,44,100,0
1777924332.519863,2026-05-04T21:52:12.519863,35.489,8348280551,2040,6251,44,100,0
1777924332.5325246,2026-05-04T21:52:12.532525,35.489,8348280551,2040,6251,44,100,0
1777924332.547232,2026-05-04T21:52:12.547232,35.489,8348280551,2040,6251,44,100,0
1777924332.5595667,2026-05-04T21:52:12.559567,35.489,8348280551,2040,6251,44,100,0
1777924332.5722806,2026-05-04T21:52:12.572281,35.489,8348283693,2040,6251,44,100,0
1777924332.587677,2026-05-04T21:52:12.587677,35.489,8348283693,2040,6251,44,100,0
1777924332.6001058,2026-05-04T21:52:12.600106,35.489,8348283693,2040,6251,44,100,0
1777924332.6126373,2026-05-04T21:52:12.612637,35.13,8348283693,2040,6251,44,100,0
1777924332.6272588,2026-05-04T21:52:12.627259,35.13,8348283693,2040,6251,44,100,0
1777924332.6395397,2026-05-04T21:52:12.639540,35.13,8348283693,2040,6251,44,100,0
1777924332.6521585,2026-05-04T21:52:12.652158,35.13,8348283693,2040,6251,44,100,0
1777924332.667138,2026-05-04T21:52:12.667138,35.13,8348283693,2040,6251,44,100,0
1777924332.679533,2026-05-04T21:52:12.679533,35.13,8348286869,2040,6251,44,100,0
1777924332.6921036,2026-05-04T21:52:12.692104,35.13,8348286869,2040,6251,44,100,0
1777924332.7072527,2026-05-04T21:52:12.707253,35.13,8348286869,2040,6251,44,100,0
1777924332.7244995,2026-05-04T21:52:12.724499,34.669,8348286869,2040,6251,44,100,0
1777924332.7453501,2026-05-04T21:52:12.745350,34.669,8348286869,2040,6251,44,100,0
1777924332.7641783,2026-05-04T21:52:12.764178,34.669,8348290197,2040,6251,44,100,0
1777924332.783966,2026-05-04T21:52:12.783966,34.669,8348290197,2040,6251,44,100,0
1777924332.8034575,2026-05-04T21:52:12.803457,34.669,8348290197,2040,6251,44,100,0
1777924332.8216753,2026-05-04T21:52:12.821675,34.641,8348290197,2040,6251,44,100,0
1777924332.8471882,2026-05-04T21:52:12.847188,34.641,8348290197,2040,6251,44,100,0
1777924332.8667243,2026-05-04T21:52:12.866724,34.641,8348293726,2040,6251,44,100,0
1777924332.886571,2026-05-04T21:52:12.886571,34.641,8348293726,2040,6251,44,100,0
1777924332.9036644,2026-05-04T21:52:12.903664,34.641,8348293726,2040,6251,44,100,0
1777924332.922977,2026-05-04T21:52:12.922977,34.708,8348293726,2040,6251,45,100,0
1777924332.9426427,2026-05-04T21:52:12.942643,34.708,8348293726,2040,6251,45,100,0
1777924332.9621153,2026-05-04T21:52:12.962115,34.708,8348293726,2040,6251,45,100,0
1777924332.9791439,2026-05-04T21:52:12.979144,34.708,8348297252,2040,6251,45,100,0
1777924332.9967163,2026-05-04T21:52:12.996716,34.708,8348297252,2040,6251,45,100,0
1777924333.0161316,2026-05-04T21:52:13.016132,34.708,8348297252,2040,6251,45,100,0
1777924333.037065,2026-05-04T21:52:13.037065,34.719,8348297252,2040,6251,45,100,0
1777924333.0567207,2026-05-04T21:52:13.056721,34.719,8348297252,2040,6251,45,100,0
1777924333.0758982,2026-05-04T21:52:13.075898,34.719,8348300787,2040,6251,45,100,0
1777924333.0947974,2026-05-04T21:52:13.094797,34.719,8348300787,2040,6251,45,100,0
1777924333.1134384,2026-05-04T21:52:13.113438,34.719,8348300787,2040,6251,45,100,0
1777924333.1306262,2026-05-04T21:52:13.130626,34.651,8348300787,2040,6251,45,100,0
1777924333.1524923,2026-05-04T21:52:13.152492,34.651,8348300787,2040,6251,45,100,0
1777924333.1709218,2026-05-04T21:52:13.170922,34.651,8348304324,2040,6251,45,100,0
1777924333.1905062,2026-05-04T21:52:13.190506,34.651,8348304324,2040,6251,45,100,0
1777924333.2098355,2026-05-04T21:52:13.209836,34.651,8348304324,2040,6251,45,100,0
1777924333.2309008,2026-05-04T21:52:13.230901,34.118,8348304324,2040,6251,45,100,0
1777924333.2507653,2026-05-04T21:52:13.250765,34.118,8348304324,2040,6251,45,100,0
1777924333.2681582,2026-05-04T21:52:13.268158,34.118,8348307853,2040,6251,45,100,0
1777924333.2889574,2026-05-04T21:52:13.288957,34.118,8348307853,2040,6251,45,100,0
1777924333.301576,2026-05-04T21:52:13.301576,34.118,8348307853,2040,6251,45,100,0
1777924333.3142614,2026-05-04T21:52:13.314261,34.118,8348307853,2040,6251,45,100,0
1777924333.3271096,2026-05-04T21:52:13.327110,33.607,8348307853,2040,6251,45,100,0
1777924333.3396926,2026-05-04T21:52:13.339693,33.607,8348307853,2040,6251,45,100,0
1777924333.3524885,2026-05-04T21:52:13.352489,33.607,8348307853,2040,6251,45,100,0
1777924333.3669777,2026-05-04T21:52:13.366978,33.607,8348311732,2040,6251,45,100,0
1777924333.3804631,2026-05-04T21:52:13.380463,33.607,8348311732,2040,6251,45,100,0
1777924333.3932106,2026-05-04T21:52:13.393211,33.607,8348311732,2040,6251,45,100,0
1777924333.4072466,2026-05-04T21:52:13.407247,33.607,8348311732,2040,6251,45,100,0
1777924333.419818,2026-05-04T21:52:13.419818,33.607,8348311732,2040,6251,45,100,0
1777924333.4325843,2026-05-04T21:52:13.432584,34.799,8348311732,2040,6251,45,100,2
1777924333.4470282,2026-05-04T21:52:13.447028,34.799,8348311732,2040,6251,45,100,2
1777924333.459423,2026-05-04T21:52:13.459423,34.799,8348311732,2040,6251,45,100,2
1777924333.471985,2026-05-04T21:52:13.471985,34.799,8348315491,2040,6251,45,100,2
1777924333.4897082,2026-05-04T21:52:13.489708,34.799,8348315491,2040,6251,45,100,2
1777924333.5021095,2026-05-04T21:52:13.502110,34.799,8348315491,2040,6251,45,100,2
1777924333.5146022,2026-05-04T21:52:13.514602,34.799,8348315491,2040,6251,45,100,2
1777924333.5272171,2026-05-04T21:52:13.527217,34.536,8348315491,2040,6251,44,100,2
1777924333.5396595,2026-05-04T21:52:13.539660,34.536,8348315491,2040,6251,44,100,2
1777924333.552379,2026-05-04T21:52:13.552379,34.536,8348315491,2040,6251,44,100,2
1777924333.5672185,2026-05-04T21:52:13.567219,34.536,8348318638,2040,6251,44,100,2
1777924333.580256,2026-05-04T21:52:13.580256,34.536,8348318638,2040,6251,44,100,2
1777924333.5927885,2026-05-04T21:52:13.592788,34.536,8348318638,2040,6251,44,100,2
1777924333.607084,2026-05-04T21:52:13.607084,34.536,8348318638,2040,6251,44,100,2
1777924333.6194158,2026-05-04T21:52:13.619416,34.536,8348318638,2040,6251,44,100,2
1777924333.6320975,2026-05-04T21:52:13.632097,34.855,8348318638,2040,6251,44,100,0
1777924333.6469052,2026-05-04T21:52:13.646905,34.855,8348318638,2040,6251,44,100,0
1777924333.6593006,2026-05-04T21:52:13.659301,34.855,8348318638,2040,6251,44,100,0
1777924333.671923,2026-05-04T21:52:13.671923,34.855,8348321776,2040,6251,44,100,0
1777924333.6894479,2026-05-04T21:52:13.689448,34.855,8348321776,2040,6251,44,100,0
1777924333.7017546,2026-05-04T21:52:13.701755,34.855,8348321776,2040,6251,44,100,0
1777924333.7142313,2026-05-04T21:52:13.714231,34.855,8348321776,2040,6251,44,100,0
1777924333.7269156,2026-05-04T21:52:13.726916,34.533,8348321776,2040,6251,44,100,0
1777924333.7393737,2026-05-04T21:52:13.739374,34.533,8348321776,2040,6251,44,100,0
1777924333.7579253,2026-05-04T21:52:13.757925,34.533,8348321776,2040,6251,44,100,0
1777924333.7760563,2026-05-04T21:52:13.776056,34.533,8348325000,2040,6251,44,100,0
1777924333.7934737,2026-05-04T21:52:13.793474,34.533,8348325000,2040,6251,44,100,0
1777924333.8122501,2026-05-04T21:52:13.812250,34.533,8348325000,2040,6251,44,100,0
1777924333.8295527,2026-05-04T21:52:13.829553,34.884,8348325000,2040,6251,44,100,0
1777924333.8497443,2026-05-04T21:52:13.849744,34.884,8348325000,2040,6251,44,100,0
1777924333.8693118,2026-05-04T21:52:13.869312,34.884,8348328532,2040,6251,44,100,0
1777924333.8938007,2026-05-04T21:52:13.893801,34.884,8348328532,2040,6251,44,100,0
1777924333.9116037,2026-05-04T21:52:13.911604,34.884,8348328532,2040,6251,44,100,0
1777924333.931502,2026-05-04T21:52:13.931502,34.91,8348328532,2040,6251,45,100,0
1777924333.9501255,2026-05-04T21:52:13.950125,34.91,8348328532,2040,6251,45,100,0
1777924333.9696093,2026-05-04T21:52:13.969609,34.91,8348332066,2040,6251,45,100,0
1777924333.9885402,2026-05-04T21:52:13.988540,34.91,8348332066,2040,6251,45,100,0
1777924334.011718,2026-05-04T21:52:14.011718,34.91,8348332066,2040,6251,45,100,0
1777924334.030072,2026-05-04T21:52:14.030072,34.911,8348332066,2040,6251,45,100,0
1777924334.049102,2026-05-04T21:52:14.049102,34.911,8348332066,2040,6251,45,100,0
1777924334.0616107,2026-05-04T21:52:14.061611,34.911,8348332066,2040,6251,45,100,0
1777924334.0743675,2026-05-04T21:52:14.074368,34.911,8348335674,2040,6251,45,100,0
1777924334.0896063,2026-05-04T21:52:14.089606,34.911,8348335674,2040,6251,45,100,0
1777924334.102199,2026-05-04T21:52:14.102199,34.911,8348335674,2040,6251,45,100,0
1777924334.114878,2026-05-04T21:52:14.114878,34.911,8348335674,2040,6251,45,100,0
1777924334.12763,2026-05-04T21:52:14.127630,35.194,8348335674,2040,6251,45,100,0
1777924334.1401126,2026-05-04T21:52:14.140113,35.194,8348335674,2040,6251,45,100,0
1777924334.1527245,2026-05-04T21:52:14.152725,35.194,8348335674,2040,6251,45,100,0
1777924334.1667728,2026-05-04T21:52:14.166773,35.194,8348339328,2040,6251,45,100,0
1777924334.1801338,2026-05-04T21:52:14.180134,35.194,8348339328,2040,6251,45,100,0
1777924334.1927016,2026-05-04T21:52:14.192702,35.194,8348339328,2040,6251,45,100,0
1777924334.2067847,2026-05-04T21:52:14.206785,35.194,8348339328,2040,6251,45,100,0
1777924334.219068,2026-05-04T21:52:14.219068,35.194,8348339328,2040,6251,45,100,0
1777924334.2316775,2026-05-04T21:52:14.231678,34.781,8348339328,2040,6251,44,100,1
1777924334.2467008,2026-05-04T21:52:14.246701,34.781,8348339328,2040,6251,44,100,1
1777924334.2589781,2026-05-04T21:52:14.258978,34.781,8348339328,2040,6251,44,100,1
1777924334.271442,2026-05-04T21:52:14.271442,34.781,8348342446,2040,6251,44,100,1
1777924334.2945106,2026-05-04T21:52:14.294511,34.781,8348342446,2040,6251,44,100,1
1777924334.313469,2026-05-04T21:52:14.313469,34.781,8348342446,2040,6251,44,100,1
1777924334.3337247,2026-05-04T21:52:14.333725,34.433,8348342446,2040,6251,44,100,1
1777924334.3554602,2026-05-04T21:52:14.355460,34.433,8348342446,2040,6251,44,100,1
1777924334.3749616,2026-05-04T21:52:14.374962,34.433,8348345922,2040,6251,44,100,1
1777924334.3954353,2026-05-04T21:52:14.395435,34.433,8348345922,2040,6251,44,100,1
1777924334.4082077,2026-05-04T21:52:14.408208,34.433,8348345922,2040,6251,44,100,1
1777924334.4206073,2026-05-04T21:52:14.420607,34.433,8348345922,2040,6251,44,100,1
1777924334.4331205,2026-05-04T21:52:14.433120,34.433,8348345922,2040,6251,45,100,0
1777924334.4466448,2026-05-04T21:52:14.446645,34.433,8348345922,2040,6251,45,100,0
1777924334.458904,2026-05-04T21:52:14.458904,34.433,8348345922,2040,6251,45,100,0
1777924334.471488,2026-05-04T21:52:14.471488,34.433,8348349410,2040,6251,45,100,0
1777924334.4893274,2026-05-04T21:52:14.489327,34.433,8348349410,2040,6251,45,100,0
1777924334.5095096,2026-05-04T21:52:14.509510,34.433,8348349410,2040,6251,45,100,0
1777924334.5220456,2026-05-04T21:52:14.522046,34.433,8348349410,2040,6251,45,100,0
1777924334.535275,2026-05-04T21:52:14.535275,33.517,8348349410,2040,6251,45,100,0
1777924334.5478907,2026-05-04T21:52:14.547891,33.517,8348349410,2040,6251,45,100,0
1777924334.560289,2026-05-04T21:52:14.560289,33.517,8348349410,2040,6251,45,100,0
1777924334.5728765,2026-05-04T21:52:14.572876,33.517,8348352531,2040,6251,45,100,0
1777924334.586759,2026-05-04T21:52:14.586759,33.517,8348352531,2040,6251,45,100,0
1777924334.5991247,2026-05-04T21:52:14.599125,33.517,8348352531,2040,6251,45,100,0
1777924334.6182506,2026-05-04T21:52:14.618251,33.517,8348352531,2040,6251,45,100,0
1777924334.6307743,2026-05-04T21:52:14.630774,33.202,8348352531,2040,6251,44,42,1
1777924334.6465366,2026-05-04T21:52:14.646537,33.202,8348352531,2040,6251,44,42,1
1777924334.659009,2026-05-04T21:52:14.659009,33.202,8348352531,2040,6251,44,42,1
1777924334.6715982,2026-05-04T21:52:14.671598,33.202,8348355356,2040,6251,44,42,1
1777924334.6883366,2026-05-04T21:52:14.688337,33.202,8348355356,2040,6251,44,42,1
1777924334.7008412,2026-05-04T21:52:14.700841,33.202,8348355356,2040,6251,44,42,1
1777924334.7135077,2026-05-04T21:52:14.713508,33.202,8348355356,2040,6251,44,42,1
1777924334.7266216,2026-05-04T21:52:14.726622,32.925,8348355356,2040,6251,44,42,1
1777924334.7393935,2026-05-04T21:52:14.739393,32.925,8348355356,2040,6251,44,42,1
1777924334.7519987,2026-05-04T21:52:14.751999,32.925,8348355356,2040,6251,44,42,1
1777924334.7665787,2026-05-04T21:52:14.766579,32.925,8348358426,2040,6251,44,42,1
1777924334.7799475,2026-05-04T21:52:14.779948,32.925,8348358426,2040,6251,44,42,1
1777924334.7926235,2026-05-04T21:52:14.792624,32.925,8348358426,2040,6251,44,42,1
1777924334.8069835,2026-05-04T21:52:14.806983,32.925,8348358426,2040,6251,44,42,1
1777924334.8195353,2026-05-04T21:52:14.819535,32.925,8348358426,2040,6251,44,42,1
1777924334.8322012,2026-05-04T21:52:14.832201,33.301,8348358426,2040,6251,44,43,8
1777924334.846542,2026-05-04T21:52:14.846542,33.301,8348358426,2040,6251,44,43,8
1777924334.8591073,2026-05-04T21:52:14.859107,33.301,8348358426,2040,6251,44,43,8
1777924334.8718483,2026-05-04T21:52:14.871848,33.301,8348362167,2040,6251,44,43,8
1777924334.8903165,2026-05-04T21:52:14.890316,33.301,8348362167,2040,6251,44,43,8
1777924334.9070928,2026-05-04T21:52:14.907093,33.301,8348362167,2040,6251,44,43,8
1777924334.9196131,2026-05-04T21:52:14.919613,33.301,8348362167,2040,6251,44,43,8
1777924334.9323804,2026-05-04T21:52:14.932380,33.688,8348362167,2040,6251,44,43,8
1777924334.9476361,2026-05-04T21:52:14.947636,33.688,8348362167,2040,6251,44,43,8
1777924334.9624362,2026-05-04T21:52:14.962436,33.688,8348362167,2040,6251,44,43,8
1777924334.9750888,2026-05-04T21:52:14.975089,33.688,8348365933,2040,6251,44,43,8
1777924334.9877238,2026-05-04T21:52:14.987724,33.688,8348365933,2040,6251,44,43,8
1777924335.0002258,2026-05-04T21:52:15.000226,33.688,8348365933,2040,6251,44,43,8
1777924335.0129073,2026-05-04T21:52:15.012907,33.688,8348365933,2040,6251,44,43,8
1777924335.0266378,2026-05-04T21:52:15.026638,33.885,8348365933,2040,6251,44,100,23
1777924335.0392003,2026-05-04T21:52:15.039200,33.885,8348365933,2040,6251,44,100,23
1777924335.0521855,2026-05-04T21:52:15.052186,33.885,8348365933,2040,6251,44,100,23
1777924335.069042,2026-05-04T21:52:15.069042,33.885,8348369678,2040,6251,44,100,23
1777924335.0815632,2026-05-04T21:52:15.081563,33.885,8348369678,2040,6251,44,100,23
1777924335.094205,2026-05-04T21:52:15.094205,33.885,8348369678,2040,6251,44,100,23
1777924335.1070085,2026-05-04T21:52:15.107008,33.885,8348369678,2040,6251,44,100,23
1777924335.119238,2026-05-04T21:52:15.119238,33.885,8348369678,2040,6251,44,100,23
1777924335.1317763,2026-05-04T21:52:15.131776,34.085,8348369678,2040,6251,44,100,23
1777924335.1462548,2026-05-04T21:52:15.146255,34.085,8348369678,2040,6251,44,100,23
1777924335.1599367,2026-05-04T21:52:15.159937,34.085,8348369678,2040,6251,44,100,23
1777924335.1772146,2026-05-04T21:52:15.177215,34.085,8348372867,2040,6251,44,100,23
1777924335.189613,2026-05-04T21:52:15.189613,34.085,8348372867,2040,6251,44,100,23
1777924335.2349558,2026-05-04T21:52:15.234956,33.245,8348372867,2040,6251,44,26,6
1777924335.2474551,2026-05-04T21:52:15.247455,33.245,8348372867,2040,6251,44,26,6
1777924335.2603195,2026-05-04T21:52:15.260319,33.245,8348372867,2040,6251,44,26,6
1777924335.272889,2026-05-04T21:52:15.272889,33.245,8348375828,2040,6251,44,26,6
1777924335.2896147,2026-05-04T21:52:15.289615,33.245,8348375828,2040,6251,44,26,6
1777924335.3020027,2026-05-04T21:52:15.302003,33.245,8348375828,2040,6251,44,26,6
1777924335.3466032,2026-05-04T21:52:15.346603,32.958,8348375828,2040,6251,44,26,6
1777924335.3590295,2026-05-04T21:52:15.359030,32.958,8348375828,2040,6251,44,26,6
1777924335.3714623,2026-05-04T21:52:15.371462,32.958,8348378646,2040,6251,44,26,6
1777924335.3871849,2026-05-04T21:52:15.387185,32.958,8348378646,2040,6251,44,26,6
