timestamp,datetime,power_w,total_energy_mj,gpu_freq_mhz,mem_freq_mhz,temperature_c,gpu_util_pct,mem_util_pct
1777924255.5227466,2026-05-04T21:50:55.522747,15.905,10026669105,210,405,30,0,0
1777924255.5410666,2026-05-04T21:50:55.541067,15.905,10026669105,210,405,30,0,0
1777924255.5541956,2026-05-04T21:50:55.554196,15.905,10026669105,210,405,30,0,0
1777924255.5673018,2026-05-04T21:50:55.567302,15.905,10026669105,210,405,30,0,0
1777924255.5804927,2026-05-04T21:50:55.580493,15.905,10026669105,210,405,30,0,0
1777924255.5937614,2026-05-04T21:50:55.593761,15.905,10026669105,210,405,30,0,0
1777924255.6068878,2026-05-04T21:50:55.606888,15.905,10026669105,210,405,30,0,0
1777924255.6200373,2026-05-04T21:50:55.620037,15.905,10026670697,210,405,30,0,0
1777924255.6336997,2026-05-04T21:50:55.633700,15.905,10026670697,210,405,30,0,0
1777924255.646844,2026-05-04T21:50:55.646844,15.905,10026670697,210,405,30,0,0
1777924255.6599257,2026-05-04T21:50:55.659926,15.905,10026670697,210,405,30,0,0
1777924255.6730554,2026-05-04T21:50:55.673055,15.905,10026670697,210,405,30,0,0
1777924255.6861415,2026-05-04T21:50:55.686141,15.905,10026670697,210,405,30,0,0
1777924255.6991475,2026-05-04T21:50:55.699147,15.905,10026670697,210,405,30,0,0
1777924255.7122538,2026-05-04T21:50:55.712254,15.905,10026670697,210,405,30,0,0
1777924255.7254539,2026-05-04T21:50:55.725454,15.905,10026672285,210,405,30,0,0
1777924255.7385454,2026-05-04T21:50:55.738545,15.905,10026672285,210,405,30,0,0
1777924255.751625,2026-05-04T21:50:55.751625,15.905,10026672285,210,405,30,0,0
1777924255.7647936,2026-05-04T21:50:55.764794,15.905,10026672285,210,405,30,0,0
1777924255.777885,2026-05-04T21:50:55.777885,15.905,10026672285,210,405,30,0,0
1777924255.7909596,2026-05-04T21:50:55.790960,15.905,10026672285,210,405,30,0,0
1777924255.8040655,2026-05-04T21:50:55.804065,15.905,10026672285,210,405,30,0,0
1777924255.8172212,2026-05-04T21:50:55.817221,15.905,10026673875,210,405,30,0,0
1777924255.8306222,2026-05-04T21:50:55.830622,15.905,10026673875,210,405,30,0,0
1777924255.8439305,2026-05-04T21:50:55.843930,15.905,10026673875,210,405,30,0,0
1777924255.8570287,2026-05-04T21:50:55.857029,15.905,10026673875,210,405,30,0,0
1777924255.8704307,2026-05-04T21:50:55.870431,15.905,10026673875,210,405,30,0,0
1777924255.8835905,2026-05-04T21:50:55.883590,15.905,10026673875,210,405,30,0,0
1777924255.8967695,2026-05-04T21:50:55.896770,15.905,10026673875,210,405,30,0,0
1777924255.9099185,2026-05-04T21:50:55.909919,15.905,10026673875,210,405,30,0,0
1777924255.9230633,2026-05-04T21:50:55.923063,15.905,10026675466,210,405,30,0,0
1777924255.936268,2026-05-04T21:50:55.936268,15.905,10026675466,210,405,30,0,0
1777924255.949451,2026-05-04T21:50:55.949451,15.905,10026675466,210,405,30,0,0
1777924255.9626079,2026-05-04T21:50:55.962608,15.905,10026675466,210,405,30,0,0
1777924255.9758062,2026-05-04T21:50:55.975806,15.905,10026675466,210,405,30,0,0
1777924255.9889688,2026-05-04T21:50:55.988969,15.905,10026675466,210,405,30,0,0
1777924256.002146,2026-05-04T21:50:56.002146,15.905,10026675466,210,405,30,0,0
1777924256.015371,2026-05-04T21:50:56.015371,15.905,10026675466,210,405,30,0,0
1777924256.0284715,2026-05-04T21:50:56.028471,15.905,10026677062,210,405,30,0,0
1777924256.0417824,2026-05-04T21:50:56.041782,15.905,10026677062,210,405,30,0,0
1777924256.054885,2026-05-04T21:50:56.054885,15.905,10026677062,210,405,30,0,0
1777924256.0680737,2026-05-04T21:50:56.068074,15.905,10026677062,210,405,30,0,0
1777924256.0811937,2026-05-04T21:50:56.081194,15.905,10026677062,210,405,30,0,0
1777924256.0943017,2026-05-04T21:50:56.094302,15.905,10026677062,210,405,30,0,0
1777924256.1074135,2026-05-04T21:50:56.107414,15.905,10026677062,210,405,30,0,0
1777924256.1205342,2026-05-04T21:50:56.120534,15.905,10026678647,210,405,30,0,0
1777924256.1336193,2026-05-04T21:50:56.133619,15.905,10026678647,210,405,30,0,0
1777924256.1468825,2026-05-04T21:50:56.146883,15.905,10026678647,210,405,30,0,0
1777924256.1600106,2026-05-04T21:50:56.160011,15.905,10026678647,210,405,30,0,0
1777924256.1732235,2026-05-04T21:50:56.173223,15.905,10026678647,210,405,30,0,0
1777924256.1863546,2026-05-04T21:50:56.186355,15.905,10026678647,210,405,30,0,0
1777924256.1994843,2026-05-04T21:50:56.199484,15.905,10026678647,210,405,30,0,0
1777924256.2126176,2026-05-04T21:50:56.212618,15.905,10026678647,210,405,30,0,0
1777924256.2257574,2026-05-04T21:50:56.225757,15.905,10026680236,210,405,30,0,0
1777924256.2391074,2026-05-04T21:50:56.239107,15.905,10026680236,210,405,30,0,0
1777924256.252284,2026-05-04T21:50:56.252284,15.905,10026680236,210,405,30,0,0
1777924256.2655087,2026-05-04T21:50:56.265509,15.905,10026680236,210,405,30,0,0
1777924256.2786527,2026-05-04T21:50:56.278653,15.905,10026680236,210,405,30,0,0
1777924256.2918632,2026-05-04T21:50:56.291863,15.905,10026680236,210,405,30,0,0
1777924256.3050096,2026-05-04T21:50:56.305010,15.905,10026680236,210,405,30,0,0
1777924256.3181252,2026-05-04T21:50:56.318125,15.905,10026681821,210,405,30,0,0
1777924256.332019,2026-05-04T21:50:56.332019,15.905,10026681821,210,405,30,0,0
1777924256.3453028,2026-05-04T21:50:56.345303,15.905,10026681821,210,405,30,0,0
1777924256.358617,2026-05-04T21:50:56.358617,15.905,10026681821,210,405,30,0,0
1777924256.3718884,2026-05-04T21:50:56.371888,15.905,10026681821,210,405,30,0,0
1777924256.385055,2026-05-04T21:50:56.385055,15.905,10026681821,210,405,30,0,0
1777924256.3982956,2026-05-04T21:50:56.398296,15.905,10026681821,210,405,30,0,0
1777924256.4114323,2026-05-04T21:50:56.411432,15.905,10026681821,210,405,30,0,0
1777924256.4246151,2026-05-04T21:50:56.424615,15.905,10026683401,210,405,30,0,0
1777924256.4378624,2026-05-04T21:50:56.437862,15.905,10026683401,210,405,30,0,0
1777924256.4510677,2026-05-04T21:50:56.451068,15.905,10026683401,210,405,30,0,0
1777924256.4640596,2026-05-04T21:50:56.464060,15.905,10026683401,210,405,30,0,0
1777924256.4770498,2026-05-04T21:50:56.477050,15.905,10026683401,210,405,30,0,0
1777924256.4901102,2026-05-04T21:50:56.490110,15.905,10026683401,210,405,30,0,0
1777924256.5030894,2026-05-04T21:50:56.503089,15.905,10026683401,210,405,30,0,0
1777924256.5172672,2026-05-04T21:50:56.517267,15.905,10026684983,210,405,30,0,0
1777924256.5302591,2026-05-04T21:50:56.530259,15.905,10026684983,210,405,30,0,0
1777924256.5431807,2026-05-04T21:50:56.543181,15.905,10026684983,210,405,30,0,0
1777924256.5563269,2026-05-04T21:50:56.556327,15.905,10026684983,210,405,30,0,0
1777924256.5696537,2026-05-04T21:50:56.569654,15.905,10026684983,210,405,30,0,0
1777924256.5827248,2026-05-04T21:50:56.582725,15.905,10026684983,210,405,30,0,0
1777924256.5956802,2026-05-04T21:50:56.595680,15.905,10026684983,210,405,30,0,0
1777924256.6087322,2026-05-04T21:50:56.608732,15.905,10026684983,210,405,30,0,0
1777924256.6217492,2026-05-04T21:50:56.621749,15.905,10026686564,210,405,30,0,0
1777924256.6348343,2026-05-04T21:50:56.634834,15.905,10026686564,210,405,30,0,0
1777924256.6479535,2026-05-04T21:50:56.647954,15.905,10026686564,210,405,30,0,0
1777924256.6610003,2026-05-04T21:50:56.661000,15.905,10026686564,210,405,30,0,0
1777924256.6740303,2026-05-04T21:50:56.674030,15.905,10026686564,210,405,30,0,0
1777924256.6869884,2026-05-04T21:50:56.686988,15.905,10026686564,210,405,30,0,0
1777924256.7003841,2026-05-04T21:50:56.700384,15.905,10026686564,210,405,30,0,0
1777924256.713876,2026-05-04T21:50:56.713876,15.905,10026686564,210,405,30,0,0
1777924256.7267885,2026-05-04T21:50:56.726789,15.905,10026688146,210,405,30,0,0
1777924256.7398548,2026-05-04T21:50:56.739855,15.905,10026688146,210,405,30,0,0
1777924256.7527568,2026-05-04T21:50:56.752757,15.905,10026688146,210,405,30,0,0
1777924256.7669687,2026-05-04T21:50:56.766969,15.905,10026688146,210,405,30,0,0
1777924256.7850933,2026-05-04T21:50:56.785093,15.905,10026688146,210,405,30,0,0
1777924256.7999516,2026-05-04T21:50:56.799952,15.905,10026688146,210,405,30,0,0
1777924256.8156464,2026-05-04T21:50:56.815646,15.905,10026688146,210,405,30,0,0
1777924256.8285465,2026-05-04T21:50:56.828547,15.905,10026689743,210,405,30,0,0
1777924256.8417518,2026-05-04T21:50:56.841752,15.905,10026689743,210,405,30,0,0
1777924256.8558977,2026-05-04T21:50:56.855898,15.905,10026689743,210,405,30,0,0
1777924256.869737,2026-05-04T21:50:56.869737,15.905,10026689743,210,405,30,0,0
1777924256.8891478,2026-05-04T21:50:56.889148,15.905,10026691322,210,405,30,0,0
1777924256.9448123,2026-05-04T21:50:56.944812,15.905,10026691322,210,405,30,0,0
1777924256.9595904,2026-05-04T21:50:56.959590,15.905,10026691322,210,405,30,0,0
1777924256.9789014,2026-05-04T21:50:56.978901,15.905,10026691322,210,405,30,0,0
1777924256.993271,2026-05-04T21:50:56.993271,15.905,10026691322,210,405,30,0,0
1777924257.00719,2026-05-04T21:50:57.007190,15.905,10026691322,210,405,30,0,0
1777924257.0260148,2026-05-04T21:50:57.026015,15.905,10026692915,930,6251,30,0,0
1777924257.07926,2026-05-04T21:50:57.079260,15.899,10026692915,930,6251,30,0,0
1777924257.0967126,2026-05-04T21:50:57.096713,15.899,10026692915,930,6251,30,0,0
1777924257.1094906,2026-05-04T21:50:57.109491,15.899,10026692915,930,6251,30,0,0
1777924257.123252,2026-05-04T21:50:57.123252,15.899,10026694871,930,6251,30,0,0
1777924257.137118,2026-05-04T21:50:57.137118,15.899,10026694871,930,6251,30,0,0
1777924257.1508145,2026-05-04T21:50:57.150815,15.899,10026694871,930,6251,30,0,0
1777924257.1639855,2026-05-04T21:50:57.163985,16.151,10026694871,930,6251,30,0,0
1777924257.1770725,2026-05-04T21:50:57.177073,16.151,10026694871,930,6251,30,0,0
1777924257.190385,2026-05-04T21:50:57.190385,16.151,10026694871,930,6251,30,0,0
1777924257.20368,2026-05-04T21:50:57.203680,16.151,10026694871,930,6251,30,0,0
1777924257.2165816,2026-05-04T21:50:57.216582,16.151,10026696921,930,6251,30,0,0
1777924257.2299964,2026-05-04T21:50:57.229996,16.151,10026696921,930,6251,30,0,0
1777924257.2429686,2026-05-04T21:50:57.242969,16.151,10026696921,930,6251,30,0,0
1777924257.258712,2026-05-04T21:50:57.258712,16.383,10026696921,930,6251,30,0,0
1777924257.2716188,2026-05-04T21:50:57.271619,16.383,10026696921,930,6251,30,0,0
1777924257.2866158,2026-05-04T21:50:57.286616,16.383,10026696921,930,6251,30,0,0
1777924257.2995667,2026-05-04T21:50:57.299567,16.383,10026696921,930,6251,30,0,0
1777924257.3123937,2026-05-04T21:50:57.312394,16.383,10026696921,930,6251,30,0,0
1777924257.3254132,2026-05-04T21:50:57.325413,16.383,10026698954,930,6251,30,0,0
1777924257.3383548,2026-05-04T21:50:57.338355,16.383,10026698954,930,6251,30,0,0
1777924257.3512034,2026-05-04T21:50:57.351203,16.383,10026698954,930,6251,30,0,0
1777924257.3642097,2026-05-04T21:50:57.364210,16.588,10026698954,930,6251,30,0,0
1777924257.3774028,2026-05-04T21:50:57.377403,16.588,10026698954,930,6251,30,0,0
1777924257.3901877,2026-05-04T21:50:57.390188,16.588,10026698954,930,6251,30,0,0
1777924257.403169,2026-05-04T21:50:57.403169,16.588,10026698954,930,6251,30,0,0
1777924257.416907,2026-05-04T21:50:57.416907,16.588,10026700990,930,6251,30,0,0
1777924257.4299402,2026-05-04T21:50:57.429940,16.588,10026700990,930,6251,30,0,0
1777924257.4428697,2026-05-04T21:50:57.442870,16.588,10026700990,930,6251,30,0,0
1777924257.456594,2026-05-04T21:50:57.456594,17.613,10026700990,930,6251,30,0,0
1777924257.4695425,2026-05-04T21:50:57.469543,17.613,10026700990,930,6251,30,0,0
1777924257.4826791,2026-05-04T21:50:57.482679,17.613,10026700990,930,6251,30,0,0
1777924257.4966252,2026-05-04T21:50:57.496625,17.613,10026700990,930,6251,30,0,0
1777924257.5093842,2026-05-04T21:50:57.509384,17.613,10026700990,930,6251,30,0,0
1777924257.5226285,2026-05-04T21:50:57.522629,17.613,10026703027,930,6251,30,0,0
1777924257.5367792,2026-05-04T21:50:57.536779,17.613,10026703027,930,6251,30,0,0
1777924257.5495613,2026-05-04T21:50:57.549561,17.613,10026703027,930,6251,30,0,0
1777924257.5625517,2026-05-04T21:50:57.562552,17.845,10026703027,930,6251,30,0,0
1777924257.577055,2026-05-04T21:50:57.577055,17.845,10026703027,930,6251,30,0,0
1777924257.5919955,2026-05-04T21:50:57.591995,17.845,10026703027,930,6251,30,0,0
1777924257.6049507,2026-05-04T21:50:57.604951,17.845,10026703027,930,6251,30,0,0
1777924257.617895,2026-05-04T21:50:57.617895,17.845,10026705065,930,6251,30,0,0
1777924257.6320233,2026-05-04T21:50:57.632023,17.845,10026705065,930,6251,30,0,0
1777924257.6449623,2026-05-04T21:50:57.644962,17.845,10026705065,930,6251,30,0,0
1777924257.6579392,2026-05-04T21:50:57.657939,18.044,10026705065,930,6251,30,0,0
1777924257.672149,2026-05-04T21:50:57.672149,18.044,10026705065,930,6251,30,0,0
1777924257.6862104,2026-05-04T21:50:57.686210,18.044,10026705065,930,6251,30,0,0
1777924257.6992536,2026-05-04T21:50:57.699254,18.044,10026705065,930,6251,30,0,0
1777924257.7124648,2026-05-04T21:50:57.712465,18.044,10026705065,930,6251,30,0,0
1777924257.7263353,2026-05-04T21:50:57.726335,18.044,10026707100,930,6251,30,0,0
1777924257.7392945,2026-05-04T21:50:57.739295,18.044,10026707100,930,6251,30,0,0
1777924257.7520642,2026-05-04T21:50:57.752064,18.044,10026707100,930,6251,30,0,0
1777924257.765278,2026-05-04T21:50:57.765278,18.221,10026707100,930,6251,30,0,0
1777924257.778527,2026-05-04T21:50:57.778527,18.221,10026707100,930,6251,30,0,0
1777924257.792554,2026-05-04T21:50:57.792554,18.221,10026707100,930,6251,30,0,0
1777924257.8059604,2026-05-04T21:50:57.805960,18.221,10026707100,930,6251,30,0,0
1777924257.8189678,2026-05-04T21:50:57.818968,18.221,10026709132,930,6251,30,0,0
1777924257.8317778,2026-05-04T21:50:57.831778,18.221,10026709132,930,6251,30,0,0
1777924257.844739,2026-05-04T21:50:57.844739,18.221,10026709132,930,6251,30,0,0
1777924257.8578205,2026-05-04T21:50:57.857821,18.368,10026709132,930,6251,30,0,0
1777924257.8718824,2026-05-04T21:50:57.871882,18.368,10026709132,930,6251,30,0,0
1777924257.8848403,2026-05-04T21:50:57.884840,18.368,10026709132,930,6251,30,0,0
1777924257.8987968,2026-05-04T21:50:57.898797,18.368,10026709132,930,6251,30,0,0
1777924257.911576,2026-05-04T21:50:57.911576,18.368,10026709132,930,6251,30,0,0
1777924257.9245377,2026-05-04T21:50:57.924538,18.368,10026711168,930,6251,30,0,0
1777924257.937472,2026-05-04T21:50:57.937472,18.368,10026711168,930,6251,30,0,0
1777924257.9502726,2026-05-04T21:50:57.950273,18.368,10026711168,930,6251,30,0,0
1777924257.9633813,2026-05-04T21:50:57.963381,18.502,10026711168,930,6251,30,0,0
1777924257.978744,2026-05-04T21:50:57.978744,18.502,10026711168,930,6251,30,0,0
1777924257.9915466,2026-05-04T21:50:57.991547,18.502,10026711168,930,6251,30,0,0
1777924258.0044959,2026-05-04T21:50:58.004496,18.502,10026711168,930,6251,30,0,0
1777924258.0174842,2026-05-04T21:50:58.017484,18.502,10026713203,930,6251,30,0,0
1777924258.0312963,2026-05-04T21:50:58.031296,18.502,10026713203,930,6251,30,0,0
1777924258.044235,2026-05-04T21:50:58.044235,18.502,10026713203,930,6251,30,0,0
1777924258.057296,2026-05-04T21:50:58.057296,20.221,10026713203,930,6251,30,0,0
1777924258.070181,2026-05-04T21:50:58.070181,20.221,10026713203,930,6251,30,0,0
1777924258.0830824,2026-05-04T21:50:58.083082,20.221,10026713203,930,6251,30,0,0
1777924258.0982597,2026-05-04T21:50:58.098260,20.221,10026713203,930,6251,30,0,0
1777924258.1110606,2026-05-04T21:50:58.111061,20.221,10026713203,930,6251,30,0,0
1777924258.1242554,2026-05-04T21:50:58.124255,20.221,10026715236,930,6251,30,0,0
1777924258.1381865,2026-05-04T21:50:58.138186,20.221,10026715236,930,6251,30,0,0
1777924258.1509342,2026-05-04T21:50:58.150934,20.221,10026715236,930,6251,30,0,0
1777924258.1638741,2026-05-04T21:50:58.163874,20.469,10026715236,930,6251,30,0,0
1777924258.1769187,2026-05-04T21:50:58.176919,20.469,10026715236,930,6251,30,0,0
1777924258.189725,2026-05-04T21:50:58.189725,20.469,10026715236,930,6251,30,0,0
1777924258.2026606,2026-05-04T21:50:58.202661,20.469,10026715236,930,6251,30,0,0
1777924258.216613,2026-05-04T21:50:58.216613,20.469,10026717271,930,6251,30,0,0
1777924258.2296383,2026-05-04T21:50:58.229638,20.469,10026717271,930,6251,30,0,0
1777924258.2425585,2026-05-04T21:50:58.242558,20.469,10026717271,930,6251,30,0,0
1777924258.255431,2026-05-04T21:50:58.255431,20.469,10026717271,930,6251,30,0,0
1777924258.269158,2026-05-04T21:50:58.269158,20.469,10026717271,930,6251,30,0,0
1777924258.2821357,2026-05-04T21:50:58.282136,20.469,10026717271,930,6251,30,0,0
1777924258.2954605,2026-05-04T21:50:58.295460,20.469,10026717271,930,6251,30,0,0
1777924258.3085058,2026-05-04T21:50:58.308506,20.469,10026717271,930,6251,30,0,0
1777924258.3223312,2026-05-04T21:50:58.322331,20.469,10026719307,930,6251,30,0,0
1777924258.338309,2026-05-04T21:50:58.338309,20.469,10026719307,930,6251,30,0,0
1777924258.3517773,2026-05-04T21:50:58.351777,20.469,10026719307,930,6251,30,0,0
1777924258.3647184,2026-05-04T21:50:58.364718,20.469,10026719307,930,6251,30,0,0
1777924258.3795311,2026-05-04T21:50:58.379531,20.469,10026719307,930,6251,30,0,0
1777924258.3925653,2026-05-04T21:50:58.392565,20.469,10026719307,930,6251,30,0,0
1777924258.4082773,2026-05-04T21:50:58.408277,20.469,10026719307,930,6251,30,0,0
1777924258.4210932,2026-05-04T21:50:58.421093,20.469,10026721350,930,6251,30,0,0
1777924258.434334,2026-05-04T21:50:58.434334,20.469,10026721350,930,6251,30,0,0
1777924258.4471176,2026-05-04T21:50:58.447118,20.469,10026721350,930,6251,30,0,0
1777924258.4600525,2026-05-04T21:50:58.460052,20.469,10026721350,930,6251,30,0,0
1777924258.4729674,2026-05-04T21:50:58.472967,20.469,10026721350,930,6251,30,0,0
1777924258.4883187,2026-05-04T21:50:58.488319,20.469,10026721350,930,6251,30,0,0
1777924258.5030925,2026-05-04T21:50:58.503093,20.469,10026721350,930,6251,30,0,0
1777924258.5160747,2026-05-04T21:50:58.516075,20.469,10026723384,930,6251,30,0,0
1777924258.530341,2026-05-04T21:50:58.530341,20.469,10026723384,930,6251,30,0,0
1777924258.5438707,2026-05-04T21:50:58.543871,20.469,10026723384,930,6251,30,0,0
1777924258.5617788,2026-05-04T21:50:58.561779,20.469,10026723384,930,6251,30,0,0
1777924258.577314,2026-05-04T21:50:58.577314,20.469,10026723384,930,6251,30,0,0
1777924258.5912306,2026-05-04T21:50:58.591231,20.469,10026723384,930,6251,30,0,0
1777924258.6135488,2026-05-04T21:50:58.613549,20.469,10026725437,930,6251,30,0,0
1777924258.667312,2026-05-04T21:50:58.667312,20.469,10026725437,930,6251,30,0,0
1777924258.6820304,2026-05-04T21:50:58.682030,20.469,10026725437,930,6251,30,0,0
1777924258.6953182,2026-05-04T21:50:58.695318,20.469,10026725437,930,6251,30,0,0
1777924258.7083263,2026-05-04T21:50:58.708326,20.469,10026725437,930,6251,30,0,0
1777924258.7220166,2026-05-04T21:50:58.722017,20.469,10026727519,930,6251,30,0,0
1777924258.7379436,2026-05-04T21:50:58.737944,20.469,10026727519,930,6251,30,0,0
1777924258.7964103,2026-05-04T21:50:58.796410,20.697,10026727519,930,6251,30,0,0
1777924258.809864,2026-05-04T21:50:58.809864,20.697,10026727519,930,6251,30,0,0
1777924258.824105,2026-05-04T21:50:58.824105,20.697,10026729547,930,6251,30,0,0
1777924258.8416905,2026-05-04T21:50:58.841691,20.697,10026729547,930,6251,30,0,0
1777924258.8561623,2026-05-04T21:50:58.856162,20.697,10026729547,2040,6251,30,0,0
1777924258.87678,2026-05-04T21:50:58.876780,20.688,10026729547,2040,6251,30,0,0
1777924258.8958673,2026-05-04T21:50:58.895867,20.688,10026729547,2040,6251,30,0,0
1777924258.9277518,2026-05-04T21:50:58.927752,20.688,10026732084,2040,6251,30,0,0
1777924258.9409146,2026-05-04T21:50:58.940915,20.688,10026732084,2040,6251,30,0,0
1777924258.956047,2026-05-04T21:50:58.956047,20.688,10026732084,2040,6251,30,0,0
1777924258.9716618,2026-05-04T21:50:58.971662,21.397,10026732084,2040,6251,30,0,0
1777924258.9846795,2026-05-04T21:50:58.984679,21.397,10026732084,2040,6251,30,0,0
1777924258.9973905,2026-05-04T21:50:58.997391,21.397,10026732084,2040,6251,30,0,0
1777924259.0112422,2026-05-04T21:50:59.011242,21.397,10026732084,2040,6251,30,0,0
1777924259.024946,2026-05-04T21:50:59.024946,21.397,10026734871,2040,6251,30,0,0
1777924259.040872,2026-05-04T21:50:59.040872,21.397,10026734871,2040,6251,30,0,0
1777924259.0558753,2026-05-04T21:50:59.055875,21.397,10026734871,2040,6251,30,0,0
1777924259.0681088,2026-05-04T21:50:59.068109,22.03,10026734871,2040,6251,31,1,0
1777924259.0804813,2026-05-04T21:50:59.080481,22.03,10026734871,2040,6251,31,1,0
1777924259.095927,2026-05-04T21:50:59.095927,22.03,10026734871,2040,6251,31,1,0
1777924259.1081731,2026-05-04T21:50:59.108173,22.03,10026734871,2040,6251,31,1,0
1777924259.1205559,2026-05-04T21:50:59.120556,22.03,10026737637,2040,6251,31,1,0
1777924259.135869,2026-05-04T21:50:59.135869,22.03,10026737637,2040,6251,31,1,0
1777924259.148084,2026-05-04T21:50:59.148084,22.03,10026737637,2040,6251,31,1,0
1777924259.160574,2026-05-04T21:50:59.160574,22.656,10026737637,2040,6251,31,1,0
1777924259.1758106,2026-05-04T21:50:59.175811,22.656,10026737637,2040,6251,31,1,0
1777924259.1885574,2026-05-04T21:50:59.188557,22.656,10026737637,2040,6251,31,1,0
1777924259.2009366,2026-05-04T21:50:59.200937,22.656,10026737637,2040,6251,31,1,0
1777924259.2157075,2026-05-04T21:50:59.215708,22.656,10026737637,2040,6251,31,1,0
1777924259.2279155,2026-05-04T21:50:59.227916,22.656,10026740395,2040,6251,31,1,0
1777924259.2404034,2026-05-04T21:50:59.240403,22.656,10026740395,2040,6251,31,1,0
1777924259.2556982,2026-05-04T21:50:59.255698,22.656,10026740395,2040,6251,31,1,0
1777924259.2680495,2026-05-04T21:50:59.268049,23.312,10026740395,2040,6251,31,0,0
1777924259.2805862,2026-05-04T21:50:59.280586,23.312,10026740395,2040,6251,31,0,0
1777924259.2956812,2026-05-04T21:50:59.295681,23.312,10026740395,2040,6251,31,0,0
1777924259.30788,2026-05-04T21:50:59.307880,23.312,10026740395,2040,6251,31,0,0
1777924259.3202384,2026-05-04T21:50:59.320238,23.312,10026743075,2040,6251,31,0,0
1777924259.3357654,2026-05-04T21:50:59.335765,23.312,10026743075,2040,6251,31,0,0
1777924259.3480332,2026-05-04T21:50:59.348033,23.312,10026743075,2040,6251,31,0,0
1777924259.3605273,2026-05-04T21:50:59.360527,23.627,10026743075,2040,6251,31,0,0
1777924259.3759499,2026-05-04T21:50:59.375950,23.627,10026743075,2040,6251,31,0,0
1777924259.3881888,2026-05-04T21:50:59.388189,23.627,10026743075,2040,6251,31,0,0
1777924259.4006746,2026-05-04T21:50:59.400675,23.627,10026743075,2040,6251,31,0,0
1777924259.416602,2026-05-04T21:50:59.416602,23.627,10026745799,2040,6251,31,0,0
1777924259.4290853,2026-05-04T21:50:59.429085,23.627,10026745799,2040,6251,31,0,0
1777924259.4414358,2026-05-04T21:50:59.441436,23.627,10026745799,2040,6251,31,0,0
1777924259.4556165,2026-05-04T21:50:59.455616,23.627,10026745799,2040,6251,31,0,0
1777924259.4678192,2026-05-04T21:50:59.467819,23.936,10026745799,2040,6251,31,0,0
1777924259.4801922,2026-05-04T21:50:59.480192,23.936,10026745799,2040,6251,31,0,0
1777924259.4955528,2026-05-04T21:50:59.495553,23.936,10026745799,2040,6251,31,0,0
1777924259.5078456,2026-05-04T21:50:59.507846,23.936,10026745799,2040,6251,31,0,0
1777924259.5209706,2026-05-04T21:50:59.520971,23.936,10026748522,2040,6251,31,0,0
1777924259.5357144,2026-05-04T21:50:59.535714,23.936,10026748522,2040,6251,31,0,0
1777924259.5479743,2026-05-04T21:50:59.547974,23.936,10026748522,2040,6251,31,0,0
1777924259.5608542,2026-05-04T21:50:59.560854,24.175,10026748522,2040,6251,31,0,0
1777924259.575688,2026-05-04T21:50:59.575688,24.175,10026748522,2040,6251,31,0,0
1777924259.58801,2026-05-04T21:50:59.588010,24.175,10026748522,2040,6251,31,0,0
1777924259.6005335,2026-05-04T21:50:59.600533,24.175,10026748522,2040,6251,31,0,0
1777924259.6155658,2026-05-04T21:50:59.615566,24.175,10026748522,2040,6251,31,0,0
1777924259.6277988,2026-05-04T21:50:59.627799,24.175,10026751293,2040,6251,31,0,0
1777924259.6403422,2026-05-04T21:50:59.640342,24.175,10026751293,2040,6251,31,0,0
1777924259.6558387,2026-05-04T21:50:59.655839,24.175,10026751293,2040,6251,31,0,0
1777924259.6681824,2026-05-04T21:50:59.668182,24.419,10026751293,2040,6251,31,0,0
1777924259.6823826,2026-05-04T21:50:59.682383,24.419,10026751293,2040,6251,31,0,0
1777924259.695521,2026-05-04T21:50:59.695521,24.419,10026751293,2040,6251,31,0,0
1777924259.7077496,2026-05-04T21:50:59.707750,24.419,10026751293,2040,6251,31,0,0
1777924259.720263,2026-05-04T21:50:59.720263,24.419,10026753997,2040,6251,31,0,0
1777924259.7357585,2026-05-04T21:50:59.735759,24.419,10026753997,2040,6251,31,0,0
1777924259.748067,2026-05-04T21:50:59.748067,24.419,10026753997,2040,6251,31,0,0
1777924259.7619557,2026-05-04T21:50:59.761956,26.593,10026753997,2040,6251,31,0,0
1777924259.7764616,2026-05-04T21:50:59.776462,26.593,10026753997,2040,6251,31,0,0
1777924259.7887313,2026-05-04T21:50:59.788731,26.593,10026753997,2040,6251,31,0,0
1777924259.8010688,2026-05-04T21:50:59.801069,26.593,10026753997,2040,6251,31,0,0
1777924259.8155284,2026-05-04T21:50:59.815528,26.593,10026753997,2040,6251,31,0,0
1777924259.8277617,2026-05-04T21:50:59.827762,26.593,10026756767,2040,6251,31,0,0
1777924259.840323,2026-05-04T21:50:59.840323,26.593,10026756767,2040,6251,31,0,0
1777924259.8554692,2026-05-04T21:50:59.855469,26.593,10026756767,2040,6251,31,0,0
1777924259.8677773,2026-05-04T21:50:59.867777,27.551,10026756767,2040,6251,31,1,0
1777924259.8802004,2026-05-04T21:50:59.880200,27.551,10026756767,2040,6251,31,1,0
1777924259.895439,2026-05-04T21:50:59.895439,27.551,10026756767,2040,6251,31,1,0
1777924259.9078841,2026-05-04T21:50:59.907884,27.551,10026756767,2040,6251,31,1,0
1777924259.920471,2026-05-04T21:50:59.920471,27.551,10026759653,2040,6251,31,1,0
1777924259.9361494,2026-05-04T21:50:59.936149,27.551,10026759653,2040,6251,31,1,0
1777924259.949352,2026-05-04T21:50:59.949352,27.551,10026759653,2040,6251,31,1,0
1777924259.9628458,2026-05-04T21:50:59.962846,27.828,10026759653,2040,6251,31,1,0
1777924259.977092,2026-05-04T21:50:59.977092,27.828,10026759653,2040,6251,31,1,0
1777924259.989286,2026-05-04T21:50:59.989286,27.828,10026759653,2040,6251,31,1,0
1777924260.0019155,2026-05-04T21:51:00.001915,27.828,10026759653,2040,6251,31,1,0
1777924260.0155423,2026-05-04T21:51:00.015542,27.828,10026759653,2040,6251,31,1,0
1777924260.0277824,2026-05-04T21:51:00.027782,27.828,10026762530,2040,6251,31,1,0
1777924260.040164,2026-05-04T21:51:00.040164,27.828,10026762530,2040,6251,31,1,0
1777924260.0554423,2026-05-04T21:51:00.055442,27.828,10026762530,2040,6251,31,1,0
1777924260.0678735,2026-05-04T21:51:00.067873,27.812,10026762530,2040,6251,31,15,0
1777924260.080319,2026-05-04T21:51:00.080319,27.812,10026762530,2040,6251,31,15,0
1777924260.0953898,2026-05-04T21:51:00.095390,27.812,10026762530,2040,6251,31,15,0
1777924260.107623,2026-05-04T21:51:00.107623,27.812,10026762530,2040,6251,31,15,0
1777924260.1199954,2026-05-04T21:51:00.119995,27.812,10026765216,2040,6251,31,15,0
1777924260.1356282,2026-05-04T21:51:00.135628,27.812,10026765216,2040,6251,31,15,0
1777924260.1478631,2026-05-04T21:51:00.147863,27.812,10026765216,2040,6251,31,15,0
1777924260.1610467,2026-05-04T21:51:00.161047,27.749,10026765216,2040,6251,31,15,0
1777924260.1756659,2026-05-04T21:51:00.175666,27.749,10026765216,2040,6251,31,15,0
1777924260.1878664,2026-05-04T21:51:00.187866,27.749,10026765216,2040,6251,31,15,0
1777924260.2002602,2026-05-04T21:51:00.200260,27.749,10026765216,2040,6251,31,15,0
1777924260.2156978,2026-05-04T21:51:00.215698,27.749,10026767938,2040,6251,31,15,0
1777924260.2288487,2026-05-04T21:51:00.228849,27.749,10026767938,2040,6251,31,15,0
1777924260.2412786,2026-05-04T21:51:00.241279,27.749,10026767938,2040,6251,31,15,0
1777924260.2554123,2026-05-04T21:51:00.255412,27.749,10026767938,2040,6251,31,15,0
1777924260.2677827,2026-05-04T21:51:00.267783,27.785,10026767938,2040,6251,31,0,0
1777924260.2804632,2026-05-04T21:51:00.280463,27.785,10026767938,2040,6251,31,0,0
1777924260.2954288,2026-05-04T21:51:00.295429,27.785,10026767938,2040,6251,31,0,0
1777924260.3078187,2026-05-04T21:51:00.307819,27.785,10026767938,2040,6251,31,0,0
1777924260.320391,2026-05-04T21:51:00.320391,27.785,10026770792,2040,6251,31,0,0
1777924260.3356884,2026-05-04T21:51:00.335688,27.785,10026770792,2040,6251,31,0,0
1777924260.348217,2026-05-04T21:51:00.348217,27.785,10026770792,2040,6251,31,0,0
1777924260.3609564,2026-05-04T21:51:00.360956,27.89,10026770792,2040,6251,31,0,0
1777924260.3754692,2026-05-04T21:51:00.375469,27.89,10026770792,2040,6251,31,0,0
1777924260.3878222,2026-05-04T21:51:00.387822,27.89,10026770792,2040,6251,31,0,0
1777924260.4002712,2026-05-04T21:51:00.400271,27.89,10026770792,2040,6251,31,0,0
1777924260.4152808,2026-05-04T21:51:00.415281,27.89,10026770792,2040,6251,31,0,0
1777924260.4275331,2026-05-04T21:51:00.427533,27.89,10026773655,2040,6251,31,0,0
1777924260.4399188,2026-05-04T21:51:00.439919,27.89,10026773655,2040,6251,31,0,0
1777924260.4552817,2026-05-04T21:51:00.455282,27.89,10026773655,2040,6251,31,0,0
1777924260.4678006,2026-05-04T21:51:00.467801,27.952,10026773655,2040,6251,31,4,0
1777924260.4803014,2026-05-04T21:51:00.480301,27.952,10026773655,2040,6251,31,4,0
1777924260.495565,2026-05-04T21:51:00.495565,27.952,10026773655,2040,6251,31,4,0
1777924260.507824,2026-05-04T21:51:00.507824,27.952,10026773655,2040,6251,31,4,0
1777924260.5202177,2026-05-04T21:51:00.520218,27.952,10026776346,2040,6251,31,4,0
1777924260.5355158,2026-05-04T21:51:00.535516,27.952,10026776346,2040,6251,31,4,0
1777924260.547914,2026-05-04T21:51:00.547914,27.952,10026776346,2040,6251,31,4,0
1777924260.5603938,2026-05-04T21:51:00.560394,27.926,10026776346,2040,6251,31,4,0
1777924260.5753577,2026-05-04T21:51:00.575358,27.926,10026776346,2040,6251,31,4,0
1777924260.5876167,2026-05-04T21:51:00.587617,27.926,10026776346,2040,6251,31,4,0
1777924260.59998,2026-05-04T21:51:00.599980,27.926,10026776346,2040,6251,31,4,0
1777924260.615317,2026-05-04T21:51:00.615317,27.926,10026779076,2040,6251,31,4,0
1777924260.6287546,2026-05-04T21:51:00.628755,27.926,10026779076,2040,6251,31,4,0
1777924260.6412396,2026-05-04T21:51:00.641240,27.926,10026779076,2040,6251,31,4,0
1777924260.6552312,2026-05-04T21:51:00.655231,27.926,10026779076,2040,6251,31,4,0
1777924260.6676352,2026-05-04T21:51:00.667635,27.969,10026779076,2040,6251,31,0,0
1777924260.6800952,2026-05-04T21:51:00.680095,27.969,10026779076,2040,6251,31,0,0
1777924260.6952832,2026-05-04T21:51:00.695283,27.969,10026779076,2040,6251,31,0,0
1777924260.7078207,2026-05-04T21:51:00.707821,27.969,10026779076,2040,6251,31,0,0
1777924260.7202086,2026-05-04T21:51:00.720209,27.969,10026781819,2040,6251,31,0,0
1777924260.7354531,2026-05-04T21:51:00.735453,27.969,10026781819,2040,6251,31,0,0
1777924260.7477205,2026-05-04T21:51:00.747720,27.969,10026781819,2040,6251,31,0,0
1777924260.7602136,2026-05-04T21:51:00.760214,27.935,10026781819,2040,6251,31,0,0
1777924260.7755597,2026-05-04T21:51:00.775560,27.935,10026781819,2040,6251,31,0,0
1777924260.7879431,2026-05-04T21:51:00.787943,27.935,10026781819,2040,6251,31,0,0
1777924260.8003821,2026-05-04T21:51:00.800382,27.935,10026781819,2040,6251,31,0,0
1777924260.8152256,2026-05-04T21:51:00.815226,27.935,10026781819,2040,6251,31,0,0
1777924260.827461,2026-05-04T21:51:00.827461,27.935,10026784591,2040,6251,31,0,0
1777924260.839872,2026-05-04T21:51:00.839872,27.935,10026784591,2040,6251,31,0,0
1777924260.8552427,2026-05-04T21:51:00.855243,27.935,10026784591,2040,6251,31,0,0
1777924260.8676195,2026-05-04T21:51:00.867620,27.952,10026784591,2040,6251,31,0,0
1777924260.8800838,2026-05-04T21:51:00.880084,27.952,10026784591,2040,6251,31,0,0
1777924260.8952065,2026-05-04T21:51:00.895206,27.952,10026784591,2040,6251,31,0,0
1777924260.9074466,2026-05-04T21:51:00.907447,27.952,10026784591,2040,6251,31,0,0
1777924260.9198203,2026-05-04T21:51:00.919820,27.952,10026787282,2040,6251,31,0,0
1777924260.935399,2026-05-04T21:51:00.935399,27.952,10026787282,2040,6251,31,0,0
1777924260.9477673,2026-05-04T21:51:00.947767,27.952,10026787282,2040,6251,31,0,0
1777924260.9602807,2026-05-04T21:51:00.960281,27.926,10026787282,2040,6251,31,0,0
1777924260.9752164,2026-05-04T21:51:00.975216,27.926,10026787282,2040,6251,31,0,0
1777924260.9874582,2026-05-04T21:51:00.987458,27.926,10026787282,2040,6251,31,0,0
1777924260.999837,2026-05-04T21:51:00.999837,27.926,10026787282,2040,6251,31,0,0
1777924261.0151515,2026-05-04T21:51:01.015152,27.926,10026790010,2040,6251,31,0,0
1777924261.028547,2026-05-04T21:51:01.028547,27.926,10026790010,2040,6251,31,0,0
1777924261.040948,2026-05-04T21:51:01.040948,27.926,10026790010,2040,6251,31,0,0
1777924261.0554307,2026-05-04T21:51:01.055431,27.926,10026790010,2040,6251,31,0,0
1777924261.0676906,2026-05-04T21:51:01.067691,27.662,10026790010,2040,6251,31,0,0
1777924261.080094,2026-05-04T21:51:01.080094,27.662,10026790010,2040,6251,31,0,0
1777924261.0950477,2026-05-04T21:51:01.095048,27.662,10026790010,2040,6251,31,0,0
1777924261.1072824,2026-05-04T21:51:01.107282,27.662,10026790010,2040,6251,31,0,0
1777924261.1196656,2026-05-04T21:51:01.119666,27.662,10026792736,2040,6251,31,0,0
1777924261.1353104,2026-05-04T21:51:01.135310,27.662,10026792736,2040,6251,31,0,0
1777924261.147688,2026-05-04T21:51:01.147688,27.662,10026792736,2040,6251,31,0,0
1777924261.160228,2026-05-04T21:51:01.160228,27.636,10026792736,2040,6251,31,0,0
1777924261.1751814,2026-05-04T21:51:01.175181,27.636,10026792736,2040,6251,31,0,0
1777924261.1874368,2026-05-04T21:51:01.187437,27.636,10026792736,2040,6251,31,0,0
1777924261.199798,2026-05-04T21:51:01.199798,27.636,10026792736,2040,6251,31,0,0
1777924261.2149925,2026-05-04T21:51:01.214993,27.636,10026792736,2040,6251,31,0,0
1777924261.227371,2026-05-04T21:51:01.227371,27.636,10026795504,2040,6251,31,0,0
1777924261.239775,2026-05-04T21:51:01.239775,27.636,10026795504,2040,6251,31,0,0
1777924261.2550328,2026-05-04T21:51:01.255033,27.636,10026795504,2040,6251,31,0,0
1777924261.267427,2026-05-04T21:51:01.267427,27.68,10026795504,2040,6251,31,0,0
1777924261.279896,2026-05-04T21:51:01.279896,27.68,10026795504,2040,6251,31,0,0
1777924261.2950199,2026-05-04T21:51:01.295020,27.68,10026795504,2040,6251,31,0,0
1777924261.3074105,2026-05-04T21:51:01.307410,27.68,10026795504,2040,6251,31,0,0
1777924261.3197975,2026-05-04T21:51:01.319798,27.68,10026798186,2040,6251,31,0,0
1777924261.335472,2026-05-04T21:51:01.335472,27.68,10026798186,2040,6251,31,0,0
1777924261.3478413,2026-05-04T21:51:01.347841,27.68,10026798186,2040,6251,31,0,0
1777924261.3603272,2026-05-04T21:51:01.360327,27.636,10026798186,2040,6251,31,0,0
1777924261.3751018,2026-05-04T21:51:01.375102,27.636,10026798186,2040,6251,31,0,0
1777924261.3873363,2026-05-04T21:51:01.387336,27.636,10026798186,2040,6251,31,0,0
1777924261.3997142,2026-05-04T21:51:01.399714,27.636,10026798186,2040,6251,31,0,0
1777924261.4150352,2026-05-04T21:51:01.415035,27.636,10026800911,2040,6251,31,0,0
1777924261.4284368,2026-05-04T21:51:01.428437,27.636,10026800911,2040,6251,31,0,0
1777924261.4408388,2026-05-04T21:51:01.440839,27.636,10026800911,2040,6251,31,0,0
1777924261.4550188,2026-05-04T21:51:01.455019,27.636,10026800911,2040,6251,31,0,0
1777924261.4672482,2026-05-04T21:51:01.467248,27.54,10026800911,2040,6251,31,0,0
1777924261.4796894,2026-05-04T21:51:01.479689,27.54,10026800911,2040,6251,31,0,0
1777924261.49499,2026-05-04T21:51:01.494990,27.54,10026800911,2040,6251,31,0,0
1777924261.5073612,2026-05-04T21:51:01.507361,27.54,10026800911,2040,6251,31,0,0
1777924261.5197883,2026-05-04T21:51:01.519788,27.54,10026803627,2040,6251,31,0,0
1777924261.53519,2026-05-04T21:51:01.535190,27.54,10026803627,2040,6251,31,0,0
1777924261.547567,2026-05-04T21:51:01.547567,27.54,10026803627,2040,6251,31,0,0
1777924261.5600712,2026-05-04T21:51:01.560071,27.487,10026803627,2040,6251,31,0,0
1777924261.5750735,2026-05-04T21:51:01.575073,27.487,10026803627,2040,6251,31,0,0
1777924261.5873356,2026-05-04T21:51:01.587336,27.487,10026803627,2040,6251,31,0,0
1777924261.5997338,2026-05-04T21:51:01.599734,27.487,10026803627,2040,6251,31,0,0
1777924261.6151948,2026-05-04T21:51:01.615195,27.487,10026806352,2040,6251,31,0,0
1777924261.6283727,2026-05-04T21:51:01.628373,27.487,10026806352,2040,6251,31,0,0
1777924261.6408026,2026-05-04T21:51:01.640803,27.487,10026806352,2040,6251,31,0,0
1777924261.6549456,2026-05-04T21:51:01.654946,27.487,10026806352,2040,6251,31,0,0
1777924261.6671762,2026-05-04T21:51:01.667176,27.522,10026806352,2040,6251,31,0,0
1777924261.6796436,2026-05-04T21:51:01.679644,27.522,10026806352,2040,6251,31,0,0
1777924261.69486,2026-05-04T21:51:01.694860,27.522,10026806352,2040,6251,31,0,0
1777924261.7072377,2026-05-04T21:51:01.707238,27.522,10026806352,2040,6251,31,0,0
1777924261.7196457,2026-05-04T21:51:01.719646,27.522,10026809072,2040,6251,31,0,0
1777924261.7350414,2026-05-04T21:51:01.735041,27.522,10026809072,2040,6251,31,0,0
1777924261.7474108,2026-05-04T21:51:01.747411,27.522,10026809072,2040,6251,31,0,0
1777924261.7599792,2026-05-04T21:51:01.759979,27.469,10026809072,2040,6251,31,0,0
1777924261.7750206,2026-05-04T21:51:01.775021,27.469,10026809072,2040,6251,31,0,0
1777924261.7872295,2026-05-04T21:51:01.787230,27.469,10026809072,2040,6251,31,0,0
1777924261.7996342,2026-05-04T21:51:01.799634,27.469,10026809072,2040,6251,31,0,0
1777924261.8118725,2026-05-04T21:51:01.811872,27.469,10026809072,2040,6251,31,0,0
1777924261.8240898,2026-05-04T21:51:01.824090,27.469,10026811788,2040,6251,31,0,0
1777924261.8365245,2026-05-04T21:51:01.836524,27.469,10026811788,2040,6251,31,0,0
1777924261.8487513,2026-05-04T21:51:01.848751,27.469,10026811788,2040,6251,31,0,0
1777924261.8609648,2026-05-04T21:51:01.860965,27.469,10026811788,2040,6251,31,0,0
1777924261.8732464,2026-05-04T21:51:01.873246,27.469,10026811788,2040,6251,31,0,0
1777924261.8854666,2026-05-04T21:51:01.885467,27.469,10026811788,2040,6251,31,0,0
1777924261.897676,2026-05-04T21:51:01.897676,27.469,10026811788,2040,6251,31,0,0
1777924261.909882,2026-05-04T21:51:01.909882,27.469,10026811788,2040,6251,31,0,0
1777924261.9220831,2026-05-04T21:51:01.922083,27.469,10026814482,2040,6251,31,0,0
1777924261.934283,2026-05-04T21:51:01.934283,27.469,10026814482,2040,6251,31,0,0
1777924261.9464822,2026-05-04T21:51:01.946482,27.469,10026814482,2040,6251,31,0,0
1777924261.9586933,2026-05-04T21:51:01.958693,27.469,10026814482,2040,6251,31,0,0
1777924261.9712026,2026-05-04T21:51:01.971203,27.469,10026814482,2040,6251,31,0,0
1777924261.983416,2026-05-04T21:51:01.983416,27.469,10026814482,2040,6251,31,0,0
1777924261.995634,2026-05-04T21:51:01.995634,27.469,10026814482,2040,6251,31,0,0
1777924262.00785,2026-05-04T21:51:02.007850,27.469,10026814482,2040,6251,31,0,0
1777924262.0200515,2026-05-04T21:51:02.020051,27.469,10026817179,2040,6251,31,0,0
1777924262.0338326,2026-05-04T21:51:02.033833,27.469,10026817179,2040,6251,31,0,0
1777924262.0461545,2026-05-04T21:51:02.046154,27.469,10026817179,2040,6251,31,0,0
1777924262.0583696,2026-05-04T21:51:02.058370,27.469,10026817179,2040,6251,31,0,0
1777924262.0705204,2026-05-04T21:51:02.070520,27.469,10026817179,2040,6251,31,0,0
1777924262.082763,2026-05-04T21:51:02.082763,27.469,10026817179,2040,6251,31,0,0
1777924262.0949724,2026-05-04T21:51:02.094972,27.469,10026817179,2040,6251,31,0,0
1777924262.1071916,2026-05-04T21:51:02.107192,27.469,10026817179,2040,6251,31,0,0
1777924262.1193798,2026-05-04T21:51:02.119380,27.469,10026819884,2040,6251,31,0,0
1777924262.1315858,2026-05-04T21:51:02.131586,27.469,10026819884,2040,6251,31,0,0
1777924262.1438015,2026-05-04T21:51:02.143801,27.469,10026819884,2040,6251,31,0,0
1777924262.156012,2026-05-04T21:51:02.156012,27.469,10026819884,2040,6251,31,0,0
1777924262.1682277,2026-05-04T21:51:02.168228,27.469,10026819884,2040,6251,31,0,0
1777924262.1805012,2026-05-04T21:51:02.180501,27.469,10026819884,2040,6251,31,0,0
1777924262.1927094,2026-05-04T21:51:02.192709,27.469,10026819884,2040,6251,31,0,0
1777924262.2049136,2026-05-04T21:51:02.204914,27.469,10026819884,2040,6251,31,0,0
1777924262.217128,2026-05-04T21:51:02.217128,27.469,10026822581,2040,6251,31,0,0
1777924262.229321,2026-05-04T21:51:02.229321,27.469,10026822581,2040,6251,31,0,0
1777924262.2417738,2026-05-04T21:51:02.241774,27.469,10026822581,2040,6251,31,0,0
1777924262.2539954,2026-05-04T21:51:02.253995,27.469,10026822581,2040,6251,31,0,0
1777924262.266199,2026-05-04T21:51:02.266199,27.469,10026822581,2040,6251,31,0,0
1777924262.2784815,2026-05-04T21:51:02.278481,27.469,10026822581,2040,6251,31,0,0
1777924262.2906864,2026-05-04T21:51:02.290686,27.469,10026822581,2040,6251,31,0,0
1777924262.3028948,2026-05-04T21:51:02.302895,27.469,10026822581,2040,6251,31,0,0
1777924262.31509,2026-05-04T21:51:02.315090,27.469,10026825280,2040,6251,31,0,0
1777924262.3281212,2026-05-04T21:51:02.328121,27.469,10026825280,2040,6251,31,0,0
1777924262.3403761,2026-05-04T21:51:02.340376,27.469,10026825280,2040,6251,31,0,0
1777924262.3526142,2026-05-04T21:51:02.352614,27.469,10026825280,2040,6251,31,0,0
1777924262.364811,2026-05-04T21:51:02.364811,27.469,10026825280,2040,6251,31,0,0
1777924262.3771152,2026-05-04T21:51:02.377115,27.469,10026825280,2040,6251,31,0,0
1777924262.3894494,2026-05-04T21:51:02.389449,27.469,10026825280,2040,6251,31,0,0
1777924262.4018202,2026-05-04T21:51:02.401820,27.469,10026825280,2040,6251,31,0,0
1777924262.414218,2026-05-04T21:51:02.414218,27.469,10026825280,2040,6251,31,0,0
1777924262.4266117,2026-05-04T21:51:02.426612,27.469,10026827999,2040,6251,31,0,0
1777924262.4391887,2026-05-04T21:51:02.439189,27.469,10026827999,2040,6251,31,0,0
1777924262.4514453,2026-05-04T21:51:02.451445,27.469,10026827999,2040,6251,31,0,0
1777924262.4637895,2026-05-04T21:51:02.463789,27.469,10026827999,2040,6251,31,0,0
1777924262.4761088,2026-05-04T21:51:02.476109,27.469,10026827999,2040,6251,31,0,0
1777924262.488448,2026-05-04T21:51:02.488448,27.469,10026827999,2040,6251,31,0,0
1777924262.5006626,2026-05-04T21:51:02.500663,27.469,10026827999,2040,6251,31,0,0
1777924262.5128803,2026-05-04T21:51:02.512880,27.469,10026827999,2040,6251,31,0,0
1777924262.5252285,2026-05-04T21:51:02.525229,27.469,10026830671,2040,6251,31,0,0
1777924262.5375643,2026-05-04T21:51:02.537564,27.469,10026830671,2040,6251,31,0,0
1777924262.549908,2026-05-04T21:51:02.549908,27.469,10026830671,2040,6251,31,0,0
1777924262.5622516,2026-05-04T21:51:02.562252,27.469,10026830671,2040,6251,31,0,0
1777924262.5746658,2026-05-04T21:51:02.574666,27.469,10026830671,2040,6251,31,0,0
1777924262.587148,2026-05-04T21:51:02.587148,27.469,10026830671,2040,6251,31,0,0
1777924262.5995376,2026-05-04T21:51:02.599538,27.469,10026830671,2040,6251,31,0,0
1777924262.6118648,2026-05-04T21:51:02.611865,27.469,10026830671,2040,6251,31,0,0
1777924262.6241193,2026-05-04T21:51:02.624119,27.469,10026833375,2040,6251,31,0,0
1777924262.6366634,2026-05-04T21:51:02.636663,27.469,10026833375,2040,6251,31,0,0
1777924262.6488538,2026-05-04T21:51:02.648854,27.469,10026833375,2040,6251,31,0,0
1777924262.6610873,2026-05-04T21:51:02.661087,27.469,10026833375,2040,6251,31,0,0
1777924262.6733656,2026-05-04T21:51:02.673366,27.469,10026833375,2040,6251,31,0,0
1777924262.685564,2026-05-04T21:51:02.685564,27.469,10026833375,2040,6251,31,0,0
1777924262.6977859,2026-05-04T21:51:02.697786,27.469,10026833375,2040,6251,31,0,0
1777924262.7100089,2026-05-04T21:51:02.710009,27.469,10026833375,2040,6251,31,0,0
1777924262.7224193,2026-05-04T21:51:02.722419,27.469,10026836074,2040,6251,31,0,0
1777924262.7349129,2026-05-04T21:51:02.734913,27.469,10026836074,2040,6251,31,0,0
1777924262.7473161,2026-05-04T21:51:02.747316,27.469,10026836074,2040,6251,31,0,0
1777924262.759809,2026-05-04T21:51:02.759809,27.131,10026836074,2040,6251,31,0,0
1777924262.772334,2026-05-04T21:51:02.772334,27.131,10026836074,2040,6251,31,0,0
1777924262.7847536,2026-05-04T21:51:02.784754,27.131,10026836074,2040,6251,31,0,0
1777924262.7973206,2026-05-04T21:51:02.797321,27.131,10026836074,2040,6251,31,0,0
1777924262.8095455,2026-05-04T21:51:02.809546,27.131,10026836074,2040,6251,31,0,0
1777924262.821735,2026-05-04T21:51:02.821735,27.131,10026838780,2040,6251,31,0,0
1777924262.8341765,2026-05-04T21:51:02.834177,27.131,10026838780,2040,6251,31,0,0
1777924262.846672,2026-05-04T21:51:02.846672,27.131,10026838780,2040,6251,31,0,0
1777924262.8594108,2026-05-04T21:51:02.859411,27.224,10026838780,2040,6251,31,0,0
1777924262.8750136,2026-05-04T21:51:02.875014,27.224,10026838780,2040,6251,31,0,0
1777924262.8876173,2026-05-04T21:51:02.887617,27.224,10026838780,2040,6251,31,0,0
1777924262.9001856,2026-05-04T21:51:02.900186,27.224,10026838780,2040,6251,31,0,0
1777924262.9146864,2026-05-04T21:51:02.914686,27.224,10026841693,2040,6251,31,0,0
1777924262.9280012,2026-05-04T21:51:02.928001,27.224,10026841693,2040,6251,31,0,0
1777924262.9407299,2026-05-04T21:51:02.940730,27.224,10026841693,2040,6251,31,0,0
1777924262.9546418,2026-05-04T21:51:02.954642,27.224,10026841693,2040,6251,31,0,0
1777924262.9670813,2026-05-04T21:51:02.967081,27.442,10026841693,2040,6251,31,0,0
1777924262.9797919,2026-05-04T21:51:02.979792,27.442,10026841693,2040,6251,31,0,0
1777924262.9946566,2026-05-04T21:51:02.994657,27.442,10026841693,2040,6251,31,0,0
1777924263.0071108,2026-05-04T21:51:03.007111,27.442,10026841693,2040,6251,31,0,0
1777924263.0197845,2026-05-04T21:51:03.019784,27.442,10026844685,2040,6251,31,0,0
1777924263.0380065,2026-05-04T21:51:03.038007,27.442,10026844685,2040,6251,31,0,0
1777924263.0502644,2026-05-04T21:51:03.050264,27.442,10026844685,2040,6251,31,0,0
1777924263.0632226,2026-05-04T21:51:03.063223,27.654,10026844685,2040,6251,31,33,4
1777924263.0756893,2026-05-04T21:51:03.075689,27.654,10026844685,2040,6251,31,33,4
1777924263.08786,2026-05-04T21:51:03.087860,27.654,10026844685,2040,6251,31,33,4
1777924263.1002219,2026-05-04T21:51:03.100222,27.654,10026844685,2040,6251,31,33,4
1777924263.115458,2026-05-04T21:51:03.115458,27.654,10026847466,2040,6251,31,33,4
1777924263.1279278,2026-05-04T21:51:03.127928,27.654,10026847466,2040,6251,31,33,4
1777924263.1402678,2026-05-04T21:51:03.140268,27.654,10026847466,2040,6251,31,33,4
1777924263.1548343,2026-05-04T21:51:03.154834,27.654,10026847466,2040,6251,31,33,4
1777924263.167052,2026-05-04T21:51:03.167052,27.658,10026847466,2040,6251,31,33,4
1777924263.1794686,2026-05-04T21:51:03.179469,27.658,10026847466,2040,6251,31,33,4
1777924263.1944308,2026-05-04T21:51:03.194431,27.658,10026847466,2040,6251,31,33,4
1777924263.2067902,2026-05-04T21:51:03.206790,27.658,10026847466,2040,6251,31,33,4
1777924263.2192829,2026-05-04T21:51:03.219283,27.658,10026850189,2040,6251,31,33,4
1777924263.237863,2026-05-04T21:51:03.237863,27.658,10026850189,2040,6251,31,33,4
1777924263.2545283,2026-05-04T21:51:03.254528,27.658,10026850189,2040,6251,31,33,4
1777924263.266863,2026-05-04T21:51:03.266863,27.629,10026850189,2040,6251,31,0,0
1777924263.2792974,2026-05-04T21:51:03.279297,27.629,10026850189,2040,6251,31,0,0
1777924263.2947106,2026-05-04T21:51:03.294711,27.629,10026850189,2040,6251,31,0,0
1777924263.3069746,2026-05-04T21:51:03.306975,27.629,10026850189,2040,6251,31,0,0
1777924263.3194025,2026-05-04T21:51:03.319402,27.629,10026852991,2040,6251,31,0,0
1777924263.3346488,2026-05-04T21:51:03.334649,27.629,10026852991,2040,6251,31,0,0
1777924263.3472333,2026-05-04T21:51:03.347233,27.629,10026852991,2040,6251,31,0,0
1777924263.359978,2026-05-04T21:51:03.359978,27.676,10026852991,2040,6251,31,0,0
1777924263.3745553,2026-05-04T21:51:03.374555,27.676,10026852991,2040,6251,31,0,0
1777924263.3870165,2026-05-04T21:51:03.387017,27.676,10026852991,2040,6251,31,0,0
1777924263.3996077,2026-05-04T21:51:03.399608,27.676,10026852991,2040,6251,31,0,0
1777924263.4146457,2026-05-04T21:51:03.414646,27.676,10026855877,2040,6251,31,0,0
1777924263.4279165,2026-05-04T21:51:03.427917,27.676,10026855877,2040,6251,31,0,0
1777924263.440567,2026-05-04T21:51:03.440567,27.676,10026855877,2040,6251,31,0,0
1777924263.4544885,2026-05-04T21:51:03.454489,27.676,10026855877,2040,6251,31,0,0
1777924263.4669328,2026-05-04T21:51:03.466933,27.833,10026855877,2040,6251,31,22,3
1777924263.4796553,2026-05-04T21:51:03.479655,27.833,10026855877,2040,6251,31,22,3
1777924263.49444,2026-05-04T21:51:03.494440,27.833,10026855877,2040,6251,31,22,3
1777924263.5068777,2026-05-04T21:51:03.506878,27.833,10026855877,2040,6251,31,22,3
1777924263.5194533,2026-05-04T21:51:03.519453,27.833,10026858870,2040,6251,31,22,3
1777924263.5346475,2026-05-04T21:51:03.534647,27.833,10026858870,2040,6251,31,22,3
1777924263.5470986,2026-05-04T21:51:03.547099,27.833,10026858870,2040,6251,31,22,3
1777924263.5598228,2026-05-04T21:51:03.559823,27.959,10026858870,2040,6251,31,22,3
1777924263.574915,2026-05-04T21:51:03.574915,27.959,10026858870,2040,6251,31,22,3
1777924263.5875442,2026-05-04T21:51:03.587544,27.959,10026858870,2040,6251,31,22,3
1777924263.6003075,2026-05-04T21:51:03.600307,27.959,10026858870,2040,6251,31,22,3
1777924263.6146548,2026-05-04T21:51:03.614655,27.959,10026862421,2040,6251,31,22,3
1777924263.627831,2026-05-04T21:51:03.627831,27.959,10026862421,2040,6251,31,22,3
1777924263.6408823,2026-05-04T21:51:03.640882,27.959,10026862421,2040,6251,31,22,3
1777924263.6544993,2026-05-04T21:51:03.654499,27.959,10026862421,2040,6251,31,22,3
1777924263.667034,2026-05-04T21:51:03.667034,28.506,10026862421,2040,6251,32,88,2
1777924263.6798217,2026-05-04T21:51:03.679822,28.506,10026862421,2040,6251,32,88,2
1777924263.694549,2026-05-04T21:51:03.694549,28.506,10026862421,2040,6251,32,88,2
1777924263.7071443,2026-05-04T21:51:03.707144,28.506,10026862421,2040,6251,32,88,2
1777924263.7197616,2026-05-04T21:51:03.719762,28.506,10026866323,2040,6251,32,88,2
1777924263.7346754,2026-05-04T21:51:03.734675,28.506,10026866323,2040,6251,32,88,2
1777924263.747314,2026-05-04T21:51:03.747314,28.506,10026866323,2040,6251,32,88,2
1777924263.7602475,2026-05-04T21:51:03.760247,29.117,10026866323,2040,6251,32,88,2
1777924263.7745245,2026-05-04T21:51:03.774524,29.117,10026866323,2040,6251,32,88,2
1777924263.7871358,2026-05-04T21:51:03.787136,29.117,10026866323,2040,6251,32,88,2
1777924263.7998664,2026-05-04T21:51:03.799866,29.117,10026866323,2040,6251,32,88,2
1777924263.814409,2026-05-04T21:51:03.814409,29.117,10026870440,2040,6251,32,88,2
1777924263.8278906,2026-05-04T21:51:03.827891,29.117,10026870440,2040,6251,32,88,2
1777924263.840649,2026-05-04T21:51:03.840649,29.117,10026870440,2040,6251,32,88,2
1777924263.8547177,2026-05-04T21:51:03.854718,29.117,10026870440,2040,6251,32,88,2
1777924263.8673477,2026-05-04T21:51:03.867348,32.041,10026870440,2040,6251,33,100,3
1777924263.8802106,2026-05-04T21:51:03.880211,32.041,10026870440,2040,6251,33,100,3
1777924263.894427,2026-05-04T21:51:03.894427,32.041,10026870440,2040,6251,33,100,3
1777924263.9070055,2026-05-04T21:51:03.907006,32.041,10026870440,2040,6251,33,100,3
1777924263.9196854,2026-05-04T21:51:03.919685,32.041,10026874544,2040,6251,33,100,3
1777924263.9346018,2026-05-04T21:51:03.934602,32.041,10026874544,2040,6251,33,100,3
1777924263.9472516,2026-05-04T21:51:03.947252,32.041,10026874544,2040,6251,33,100,3
1777924263.960233,2026-05-04T21:51:03.960233,33.313,10026874544,2040,6251,33,100,3
1777924263.9744065,2026-05-04T21:51:03.974406,33.313,10026874544,2040,6251,33,100,3
1777924263.9870338,2026-05-04T21:51:03.987034,33.313,10026874544,2040,6251,33,100,3
1777924263.9997811,2026-05-04T21:51:03.999781,33.313,10026874544,2040,6251,33,100,3
1777924264.014413,2026-05-04T21:51:04.014413,33.313,10026878661,2040,6251,33,100,3
1777924264.0278602,2026-05-04T21:51:04.027860,33.313,10026878661,2040,6251,33,100,3
1777924264.0405977,2026-05-04T21:51:04.040598,33.313,10026878661,2040,6251,33,100,3
1777924264.0543458,2026-05-04T21:51:04.054346,33.313,10026878661,2040,6251,33,100,3
1777924264.0669768,2026-05-04T21:51:04.066977,34.644,10026878661,2040,6251,33,100,3
1777924264.0798247,2026-05-04T21:51:04.079825,34.644,10026878661,2040,6251,33,100,3
1777924264.0943549,2026-05-04T21:51:04.094355,34.644,10026878661,2040,6251,33,100,3
1777924264.106935,2026-05-04T21:51:04.106935,34.644,10026878661,2040,6251,33,100,3
1777924264.1195781,2026-05-04T21:51:04.119578,34.644,10026882765,2040,6251,33,100,3
1777924264.134817,2026-05-04T21:51:04.134817,34.644,10026882765,2040,6251,33,100,3
1777924264.1474476,2026-05-04T21:51:04.147448,34.644,10026882765,2040,6251,33,100,3
1777924264.160177,2026-05-04T21:51:04.160177,35.211,10026882765,2040,6251,33,100,3
1777924264.17444,2026-05-04T21:51:04.174440,35.211,10026882765,2040,6251,33,100,3
1777924264.1870496,2026-05-04T21:51:04.187050,35.211,10026882765,2040,6251,33,100,3
1777924264.1998026,2026-05-04T21:51:04.199803,35.211,10026882765,2040,6251,33,100,3
1777924264.2142754,2026-05-04T21:51:04.214275,35.211,10026886873,2040,6251,33,100,3
1777924264.2277348,2026-05-04T21:51:04.227735,35.211,10026886873,2040,6251,33,100,3
1777924264.2404761,2026-05-04T21:51:04.240476,35.211,10026886873,2040,6251,33,100,3
1777924264.2542589,2026-05-04T21:51:04.254259,35.211,10026886873,2040,6251,33,100,3
1777924264.2667649,2026-05-04T21:51:04.266765,37.367,10026886873,2040,6251,33,100,3
1777924264.279537,2026-05-04T21:51:04.279537,37.367,10026886873,2040,6251,33,100,3
1777924264.2941983,2026-05-04T21:51:04.294198,37.367,10026886873,2040,6251,33,100,3
1777924264.30673,2026-05-04T21:51:04.306730,37.367,10026886873,2040,6251,33,100,3
1777924264.3192728,2026-05-04T21:51:04.319273,37.367,10026890207,2040,6251,33,100,3
1777924264.3344789,2026-05-04T21:51:04.334479,37.367,10026890207,2040,6251,33,100,3
1777924264.3470292,2026-05-04T21:51:04.347029,37.367,10026890207,2040,6251,33,100,3
1777924264.3610046,2026-05-04T21:51:04.361005,36.767,10026890207,2040,6251,33,100,3
1777924264.3744318,2026-05-04T21:51:04.374432,36.767,10026890207,2040,6251,33,100,3
1777924264.3869584,2026-05-04T21:51:04.386958,36.767,10026890207,2040,6251,33,100,3
1777924264.3996117,2026-05-04T21:51:04.399612,36.767,10026890207,2040,6251,33,100,3
1777924264.4144268,2026-05-04T21:51:04.414427,36.767,10026893273,2040,6251,33,100,3
1777924264.427589,2026-05-04T21:51:04.427589,36.767,10026893273,2040,6251,33,100,3
1777924264.4402473,2026-05-04T21:51:04.440247,36.767,10026893273,2040,6251,33,100,3
1777924264.4542086,2026-05-04T21:51:04.454209,36.767,10026893273,2040,6251,33,100,3
1777924264.4666858,2026-05-04T21:51:04.466686,36.991,10026893273,2040,6251,32,100,0
1777924264.479412,2026-05-04T21:51:04.479412,36.991,10026893273,2040,6251,32,100,0
1777924264.4942136,2026-05-04T21:51:04.494214,36.991,10026893273,2040,6251,32,100,0
1777924264.506609,2026-05-04T21:51:04.506609,36.991,10026893273,2040,6251,32,100,0
1777924264.5193052,2026-05-04T21:51:04.519305,36.991,10026896353,2040,6251,32,100,0
1777924264.5343513,2026-05-04T21:51:04.534351,36.991,10026896353,2040,6251,32,100,0
1777924264.54678,2026-05-04T21:51:04.546780,36.991,10026896353,2040,6251,32,100,0
1777924264.5594044,2026-05-04T21:51:04.559404,37.055,10026896353,2040,6251,32,100,0
1777924264.5742955,2026-05-04T21:51:04.574296,37.055,10026896353,2040,6251,32,100,0
1777924264.5867064,2026-05-04T21:51:04.586706,37.055,10026896353,2040,6251,32,100,0
1777924264.5992813,2026-05-04T21:51:04.599281,37.055,10026896353,2040,6251,32,100,0
1777924264.6142292,2026-05-04T21:51:04.614229,37.055,10026899436,2040,6251,32,100,0
1777924264.627618,2026-05-04T21:51:04.627618,37.055,10026899436,2040,6251,32,100,0
1777924264.6403267,2026-05-04T21:51:04.640327,37.055,10026899436,2040,6251,32,100,0
1777924264.6541016,2026-05-04T21:51:04.654102,37.055,10026899436,2040,6251,32,100,0
1777924264.666615,2026-05-04T21:51:04.666615,37.114,10026899436,2040,6251,32,100,0
1777924264.6794112,2026-05-04T21:51:04.679411,37.114,10026899436,2040,6251,32,100,0
1777924264.694409,2026-05-04T21:51:04.694409,37.114,10026899436,2040,6251,32,100,0
1777924264.70695,2026-05-04T21:51:04.706950,37.114,10026899436,2040,6251,32,100,0
1777924264.7195585,2026-05-04T21:51:04.719558,37.114,10026902515,2040,6251,32,100,0
1777924264.7342494,2026-05-04T21:51:04.734249,37.114,10026902515,2040,6251,32,100,0
1777924264.7467597,2026-05-04T21:51:04.746760,37.114,10026902515,2040,6251,32,100,0
1777924264.759584,2026-05-04T21:51:04.759584,36.45,10026902515,2040,6251,32,100,0
1777924264.774101,2026-05-04T21:51:04.774101,36.45,10026902515,2040,6251,32,100,0
1777924264.7866325,2026-05-04T21:51:04.786633,36.45,10026902515,2040,6251,32,100,0
1777924264.799293,2026-05-04T21:51:04.799293,36.45,10026902515,2040,6251,32,100,0
1777924264.814115,2026-05-04T21:51:04.814115,36.45,10026905585,2040,6251,32,100,0
1777924264.8274636,2026-05-04T21:51:04.827464,36.45,10026905585,2040,6251,32,100,0
1777924264.8401823,2026-05-04T21:51:04.840182,36.45,10026905585,2040,6251,32,100,0
1777924264.8541014,2026-05-04T21:51:04.854101,36.45,10026905585,2040,6251,32,100,0
1777924264.866609,2026-05-04T21:51:04.866609,35.536,10026905585,2040,6251,32,100,0
1777924264.8793428,2026-05-04T21:51:04.879343,35.536,10026905585,2040,6251,32,100,0
1777924264.8941007,2026-05-04T21:51:04.894101,35.536,10026905585,2040,6251,32,100,0
1777924264.9065955,2026-05-04T21:51:04.906595,35.536,10026905585,2040,6251,32,100,0
1777924264.9192111,2026-05-04T21:51:04.919211,35.536,10026908660,2040,6251,32,100,0
1777924264.9342246,2026-05-04T21:51:04.934225,35.536,10026908660,2040,6251,32,100,0
1777924264.9467158,2026-05-04T21:51:04.946716,35.536,10026908660,2040,6251,32,100,0
1777924264.9595668,2026-05-04T21:51:04.959567,34.595,10026908660,2040,6251,32,100,0
1777924264.9743185,2026-05-04T21:51:04.974319,34.595,10026908660,2040,6251,32,100,0
1777924264.9868135,2026-05-04T21:51:04.986814,34.595,10026908660,2040,6251,32,100,0
1777924264.9994867,2026-05-04T21:51:04.999487,34.595,10026908660,2040,6251,32,100,0
1777924265.0140142,2026-05-04T21:51:05.014014,34.595,10026911737,2040,6251,32,100,0
1777924265.0274255,2026-05-04T21:51:05.027426,34.595,10026911737,2040,6251,32,100,0
1777924265.0403364,2026-05-04T21:51:05.040336,34.595,10026911737,2040,6251,32,100,0
1777924265.05414,2026-05-04T21:51:05.054140,34.595,10026911737,2040,6251,32,100,0
1777924265.066679,2026-05-04T21:51:05.066679,33.649,10026911737,2040,6251,32,100,0
1777924265.0794358,2026-05-04T21:51:05.079436,33.649,10026911737,2040,6251,32,100,0
1777924265.0939276,2026-05-04T21:51:05.093928,33.649,10026911737,2040,6251,32,100,0
1777924265.1064355,2026-05-04T21:51:05.106436,33.649,10026911737,2040,6251,32,100,0
1777924265.119091,2026-05-04T21:51:05.119091,33.649,10026914814,2040,6251,32,100,0
1777924265.1341014,2026-05-04T21:51:05.134101,33.649,10026914814,2040,6251,32,100,0
1777924265.1466625,2026-05-04T21:51:05.146662,33.649,10026914814,2040,6251,32,100,0
1777924265.159455,2026-05-04T21:51:05.159455,32.722,10026914814,2040,6251,32,100,0
1777924265.1740172,2026-05-04T21:51:05.174017,32.722,10026914814,2040,6251,32,100,0
1777924265.18658,2026-05-04T21:51:05.186580,32.722,10026914814,2040,6251,32,100,0
1777924265.1992228,2026-05-04T21:51:05.199223,32.722,10026914814,2040,6251,32,100,0
1777924265.2139142,2026-05-04T21:51:05.213914,32.722,10026917884,2040,6251,32,100,0
1777924265.227427,2026-05-04T21:51:05.227427,32.722,10026917884,2040,6251,32,100,0
1777924265.2401252,2026-05-04T21:51:05.240125,32.722,10026917884,2040,6251,32,100,0
1777924265.2543912,2026-05-04T21:51:05.254391,32.722,10026917884,2040,6251,32,100,0
1777924265.2669039,2026-05-04T21:51:05.266904,31.806,10026917884,2040,6251,32,100,0
1777924265.2796445,2026-05-04T21:51:05.279644,31.806,10026917884,2040,6251,32,100,0
1777924265.2938776,2026-05-04T21:51:05.293878,31.806,10026917884,2040,6251,32,100,0
1777924265.3064115,2026-05-04T21:51:05.306412,31.806,10026917884,2040,6251,32,100,0
1777924265.3190324,2026-05-04T21:51:05.319032,31.806,10026920957,2040,6251,32,100,0
1777924265.3341153,2026-05-04T21:51:05.334115,31.806,10026920957,2040,6251,32,100,0
1777924265.346667,2026-05-04T21:51:05.346667,31.806,10026920957,2040,6251,32,100,0
1777924265.3595848,2026-05-04T21:51:05.359585,30.858,10026920957,2040,6251,32,100,0
1777924265.3739476,2026-05-04T21:51:05.373948,30.858,10026920957,2040,6251,32,100,0
1777924265.3865058,2026-05-04T21:51:05.386506,30.858,10026920957,2040,6251,32,100,0
1777924265.3991833,2026-05-04T21:51:05.399183,30.858,10026920957,2040,6251,32,100,0
1777924265.4138763,2026-05-04T21:51:05.413876,30.858,10026924031,2040,6251,32,100,0
1777924265.4272969,2026-05-04T21:51:05.427297,30.858,10026924031,2040,6251,32,100,0
1777924265.4399273,2026-05-04T21:51:05.439927,30.858,10026924031,2040,6251,32,100,0
1777924265.4538271,2026-05-04T21:51:05.453827,30.858,10026924031,2040,6251,32,100,0
1777924265.4663975,2026-05-04T21:51:05.466398,30.867,10026924031,2040,6251,32,100,0
1777924265.479117,2026-05-04T21:51:05.479117,30.867,10026924031,2040,6251,32,100,0
1777924265.4938347,2026-05-04T21:51:05.493835,30.867,10026924031,2040,6251,32,100,0
1777924265.5063643,2026-05-04T21:51:05.506364,30.867,10026924031,2040,6251,32,100,0
1777924265.5190208,2026-05-04T21:51:05.519021,30.867,10026927108,2040,6251,32,100,0
1777924265.534296,2026-05-04T21:51:05.534296,30.867,10026927108,2040,6251,32,100,0
1777924265.5468206,2026-05-04T21:51:05.546821,30.867,10026927108,2040,6251,32,100,0
1777924265.5596304,2026-05-04T21:51:05.559630,30.867,10026927108,2040,6251,32,100,0
1777924265.5739672,2026-05-04T21:51:05.573967,30.867,10026927108,2040,6251,32,100,0
1777924265.5864968,2026-05-04T21:51:05.586497,30.867,10026927108,2040,6251,32,100,0
1777924265.5991073,2026-05-04T21:51:05.599107,30.867,10026927108,2040,6251,32,100,0
1777924265.6137888,2026-05-04T21:51:05.613789,30.867,10026930186,2040,6251,32,100,0
1777924265.6272247,2026-05-04T21:51:05.627225,30.867,10026930186,2040,6251,32,100,0
1777924265.639865,2026-05-04T21:51:05.639865,30.867,10026930186,2040,6251,32,100,0
1777924265.6538188,2026-05-04T21:51:05.653819,30.867,10026930186,2040,6251,32,100,0
1777924265.6663742,2026-05-04T21:51:05.666374,30.867,10026930186,2040,6251,32,100,0
1777924265.679089,2026-05-04T21:51:05.679089,30.867,10026930186,2040,6251,32,100,0
1777924265.6938338,2026-05-04T21:51:05.693834,30.867,10026930186,2040,6251,32,100,0
1777924265.706327,2026-05-04T21:51:05.706327,30.867,10026930186,2040,6251,32,100,0
1777924265.7189565,2026-05-04T21:51:05.718956,30.867,10026933257,2040,6251,32,100,0
1777924265.7339368,2026-05-04T21:51:05.733937,30.867,10026933257,2040,6251,32,100,0
1777924265.7464569,2026-05-04T21:51:05.746457,30.867,10026933257,2040,6251,32,100,0
1777924265.759183,2026-05-04T21:51:05.759183,30.867,10026933257,2040,6251,32,100,0
1777924265.7737577,2026-05-04T21:51:05.773758,30.867,10026933257,2040,6251,32,100,0
1777924265.786305,2026-05-04T21:51:05.786305,30.867,10026933257,2040,6251,32,100,0
1777924265.7989793,2026-05-04T21:51:05.798979,30.867,10026933257,2040,6251,32,100,0
1777924265.8140213,2026-05-04T21:51:05.814021,30.867,10026936337,2040,6251,32,100,0
1777924265.8271735,2026-05-04T21:51:05.827173,30.867,10026936337,2040,6251,32,100,0
1777924265.8397846,2026-05-04T21:51:05.839785,30.867,10026936337,2040,6251,32,100,0
1777924265.853701,2026-05-04T21:51:05.853701,30.867,10026936337,2040,6251,32,100,0
1777924265.8662293,2026-05-04T21:51:05.866229,30.858,10026936337,2040,6251,32,100,0
1777924265.878991,2026-05-04T21:51:05.878991,30.858,10026936337,2040,6251,32,100,0
1777924265.893702,2026-05-04T21:51:05.893702,30.858,10026936337,2040,6251,32,100,0
1777924265.906211,2026-05-04T21:51:05.906211,30.858,10026936337,2040,6251,32,100,0
1777924265.918787,2026-05-04T21:51:05.918787,30.858,10026939409,2040,6251,32,100,0
1777924265.9338796,2026-05-04T21:51:05.933880,30.858,10026939409,2040,6251,32,100,0
1777924265.946344,2026-05-04T21:51:05.946344,30.858,10026939409,2040,6251,32,100,0
1777924265.9590394,2026-05-04T21:51:05.959039,30.858,10026939409,2040,6251,32,100,0
1777924265.9736743,2026-05-04T21:51:05.973674,30.858,10026939409,2040,6251,32,100,0
1777924265.986209,2026-05-04T21:51:05.986209,30.858,10026939409,2040,6251,32,100,0
1777924265.9988132,2026-05-04T21:51:05.998813,30.858,10026939409,2040,6251,32,100,0
1777924266.0136456,2026-05-04T21:51:06.013646,30.858,10026942472,2040,6251,32,100,0
1777924266.0271063,2026-05-04T21:51:06.027106,30.858,10026942472,2040,6251,32,100,0
1777924266.039614,2026-05-04T21:51:06.039614,30.858,10026942472,2040,6251,32,100,0
1777924266.059102,2026-05-04T21:51:06.059102,30.858,10026942472,2040,6251,32,100,0
1777924266.0777593,2026-05-04T21:51:06.077759,30.831,10026942472,2040,6251,32,100,0
1777924266.0991075,2026-05-04T21:51:06.099108,30.831,10026942472,2040,6251,32,100,0
1777924266.1184163,2026-05-04T21:51:06.118416,30.831,10026945793,2040,6251,32,100,0
1777924266.1388211,2026-05-04T21:51:06.138821,30.831,10026945793,2040,6251,32,100,0
1777924266.1576228,2026-05-04T21:51:06.157623,30.831,10026945793,2040,6251,32,100,0
1777924266.176247,2026-05-04T21:51:06.176247,31.18,10026945793,2040,6251,32,100,0
1777924266.1960444,2026-05-04T21:51:06.196044,31.18,10026945793,2040,6251,32,100,0
1777924266.2165945,2026-05-04T21:51:06.216594,31.18,10026949275,2040,6251,32,100,0
1777924266.2411816,2026-05-04T21:51:06.241182,31.18,10026949275,2040,6251,32,100,0
1777924266.2624624,2026-05-04T21:51:06.262462,31.18,10026949275,2040,6251,32,100,0
1777924266.2810357,2026-05-04T21:51:06.281036,31.558,10026949275,2040,6251,33,100,0
1777924266.3036458,2026-05-04T21:51:06.303646,31.558,10026949275,2040,6251,33,100,0
1777924266.3227336,2026-05-04T21:51:06.322734,31.558,10026952761,2040,6251,33,100,0
1777924266.340911,2026-05-04T21:51:06.340911,31.558,10026952761,2040,6251,33,100,0
1777924266.3594143,2026-05-04T21:51:06.359414,31.558,10026952761,2040,6251,33,100,0
1777924266.3779576,2026-05-04T21:51:06.377958,31.938,10026952761,2040,6251,33,100,0
1777924266.4003408,2026-05-04T21:51:06.400341,31.938,10026952761,2040,6251,33,100,0
1777924266.4191096,2026-05-04T21:51:06.419110,31.938,10026956246,2040,6251,33,100,0
1777924266.4413834,2026-05-04T21:51:06.441383,31.938,10026956246,2040,6251,33,100,0
1777924266.460813,2026-05-04T21:51:06.460813,31.938,10026956246,2040,6251,33,100,0
1777924266.4807384,2026-05-04T21:51:06.480738,32.298,10026956246,2040,6251,33,100,0
1777924266.5019922,2026-05-04T21:51:06.501992,32.298,10026956246,2040,6251,33,100,0
1777924266.517808,2026-05-04T21:51:06.517808,32.298,10026959729,2040,6251,33,100,0
1777924266.5365868,2026-05-04T21:51:06.536587,32.298,10026959729,2040,6251,33,100,0
1777924266.5571117,2026-05-04T21:51:06.557112,32.298,10026959729,2040,6251,33,100,0
1777924266.5774515,2026-05-04T21:51:06.577451,32.669,10026959729,2040,6251,33,100,0
1777924266.5974195,2026-05-04T21:51:06.597420,32.669,10026959729,2040,6251,33,100,0
1777924266.6167762,2026-05-04T21:51:06.616776,32.669,10026963218,2040,6251,33,100,0
1777924266.637117,2026-05-04T21:51:06.637117,32.669,10026963218,2040,6251,33,100,0
1777924266.6573887,2026-05-04T21:51:06.657389,32.669,10026963218,2040,6251,33,100,0
1777924266.677788,2026-05-04T21:51:06.677788,33.037,10026963218,2040,6251,33,100,0
1777924266.697408,2026-05-04T21:51:06.697408,33.037,10026963218,2040,6251,33,100,0
1777924266.7178745,2026-05-04T21:51:06.717875,33.037,10026966714,2040,6251,33,100,0
1777924266.7361329,2026-05-04T21:51:06.736133,33.037,10026966714,2040,6251,33,100,0
1777924266.7579794,2026-05-04T21:51:06.757979,33.037,10026966714,2040,6251,33,100,0
1777924266.7764966,2026-05-04T21:51:06.776497,33.418,10026966714,2040,6251,33,100,0
1777924266.8005943,2026-05-04T21:51:06.800594,33.418,10026966714,2040,6251,33,100,0
1777924266.8178365,2026-05-04T21:51:06.817837,33.418,10026970216,2040,6251,33,100,0
1777924266.8386889,2026-05-04T21:51:06.838689,33.418,10026970216,2040,6251,33,100,0
1777924266.8568137,2026-05-04T21:51:06.856814,33.418,10026970216,2040,6251,33,100,0
1777924266.8770037,2026-05-04T21:51:06.877004,33.794,10026970216,2040,6251,33,100,0
1777924266.8958035,2026-05-04T21:51:06.895803,33.794,10026970216,2040,6251,33,100,0
1777924266.9157236,2026-05-04T21:51:06.915724,33.794,10026973712,2040,6251,33,100,0
1777924266.9382331,2026-05-04T21:51:06.938233,33.794,10026973712,2040,6251,33,100,0
1777924266.9575741,2026-05-04T21:51:06.957574,33.794,10026973712,2040,6251,33,100,0
1777924266.9761705,2026-05-04T21:51:06.976171,34.185,10026973712,2040,6251,33,100,0
1777924266.9970498,2026-05-04T21:51:06.997050,34.185,10026973712,2040,6251,33,100,0
1777924267.0176039,2026-05-04T21:51:07.017604,34.185,10026977208,2040,6251,33,100,0
1777924267.0380037,2026-05-04T21:51:07.038004,34.185,10026977208,2040,6251,33,100,0
1777924267.0562642,2026-05-04T21:51:07.056264,34.185,10026977208,2040,6251,33,100,0
1777924267.0779405,2026-05-04T21:51:07.077940,34.56,10026977208,2040,6251,33,100,0
1777924267.1017618,2026-05-04T21:51:07.101762,34.56,10026977208,2040,6251,33,100,0
1777924267.1198678,2026-05-04T21:51:07.119868,34.56,10026980691,2040,6251,33,100,0
1777924267.1394668,2026-05-04T21:51:07.139467,34.56,10026980691,2040,6251,33,100,0
1777924267.1562285,2026-05-04T21:51:07.156229,34.56,10026980691,2040,6251,33,100,0
1777924267.177786,2026-05-04T21:51:07.177786,34.951,10026980691,2040,6251,33,100,0
1777924267.1997395,2026-05-04T21:51:07.199739,34.951,10026980691,2040,6251,33,100,0
1777924267.2176986,2026-05-04T21:51:07.217699,34.951,10026984173,2040,6251,33,100,0
1777924267.2378938,2026-05-04T21:51:07.237894,34.951,10026984173,2040,6251,33,100,0
1777924267.2588894,2026-05-04T21:51:07.258889,34.951,10026984173,2040,6251,33,100,0
1777924267.2754314,2026-05-04T21:51:07.275431,34.96,10026984173,2040,6251,33,100,0
1777924267.2960627,2026-05-04T21:51:07.296063,34.96,10026984173,2040,6251,33,100,0
1777924267.3162806,2026-05-04T21:51:07.316281,34.96,10026987656,2040,6251,33,100,0
1777924267.3375123,2026-05-04T21:51:07.337512,34.96,10026987656,2040,6251,33,100,0
1777924267.3561969,2026-05-04T21:51:07.356197,34.96,10026987656,2040,6251,33,100,0
1777924267.3760724,2026-05-04T21:51:07.376072,34.951,10026987656,2040,6251,33,100,0
1777924267.398104,2026-05-04T21:51:07.398104,34.951,10026987656,2040,6251,33,100,0
1777924267.4168425,2026-05-04T21:51:07.416842,34.951,10026991138,2040,6251,33,100,0
1777924267.4382157,2026-05-04T21:51:07.438216,34.951,10026991138,2040,6251,33,100,0
1777924267.4557803,2026-05-04T21:51:07.455780,34.951,10026991138,2040,6251,33,100,0
1777924267.4732535,2026-05-04T21:51:07.473253,34.951,10026991138,2040,6251,33,100,0
1777924267.4960115,2026-05-04T21:51:07.496011,34.951,10026991138,2040,6251,33,100,0
1777924267.5170867,2026-05-04T21:51:07.517087,34.951,10026994623,2040,6251,33,100,0
1777924267.5361164,2026-05-04T21:51:07.536116,34.951,10026994623,2040,6251,33,100,0
1777924267.5588636,2026-05-04T21:51:07.558864,34.951,10026994623,2040,6251,33,100,0
1777924267.5775154,2026-05-04T21:51:07.577515,34.96,10026994623,2040,6251,33,100,0
1777924267.6021235,2026-05-04T21:51:07.602123,34.96,10026994623,2040,6251,33,100,0
1777924267.619749,2026-05-04T21:51:07.619749,34.96,10026998118,2040,6251,33,100,0
1777924267.637765,2026-05-04T21:51:07.637765,34.96,10026998118,2040,6251,33,100,0
1777924267.6572213,2026-05-04T21:51:07.657221,34.96,10026998118,2040,6251,33,100,0
1777924267.6773348,2026-05-04T21:51:07.677335,34.969,10026998118,2040,6251,33,100,0
1777924267.694808,2026-05-04T21:51:07.694808,34.969,10026998118,2040,6251,33,100,0
1777924267.7160556,2026-05-04T21:51:07.716056,34.969,10027001602,2040,6251,33,100,0
1777924267.7362027,2026-05-04T21:51:07.736203,34.969,10027001602,2040,6251,33,100,0
1777924267.7569551,2026-05-04T21:51:07.756955,34.969,10027001602,2040,6251,33,100,0
1777924267.7777617,2026-05-04T21:51:07.777762,34.951,10027001602,2040,6251,33,100,0
1777924267.7984931,2026-05-04T21:51:07.798493,34.951,10027001602,2040,6251,33,100,0
1777924267.8173325,2026-05-04T21:51:07.817333,34.951,10027005082,2040,6251,33,100,0
1777924267.8382227,2026-05-04T21:51:07.838223,34.951,10027005082,2040,6251,33,100,0
1777924267.8571894,2026-05-04T21:51:07.857189,34.951,10027005082,2040,6251,33,100,0
1777924267.8760886,2026-05-04T21:51:07.876089,34.951,10027005082,2040,6251,33,100,0
1777924267.8961117,2026-05-04T21:51:07.896112,34.933,10027005082,2040,6251,33,100,0
1777924267.9178724,2026-05-04T21:51:07.917872,34.933,10027008564,2040,6251,33,100,0
1777924267.9374876,2026-05-04T21:51:07.937488,34.933,10027008564,2040,6251,33,100,0
1777924267.955158,2026-05-04T21:51:07.955158,34.933,10027008564,2040,6251,33,100,0
1777924267.9757745,2026-05-04T21:51:07.975775,34.916,10027008564,2040,6251,33,100,0
1777924267.9966297,2026-05-04T21:51:07.996630,34.916,10027008564,2040,6251,33,100,0
1777924268.0158222,2026-05-04T21:51:08.015822,34.916,10027012053,2040,6251,33,100,0
1777924268.0376246,2026-05-04T21:51:08.037625,34.916,10027012053,2040,6251,33,100,0
1777924268.0563877,2026-05-04T21:51:08.056388,34.916,10027012053,2040,6251,33,100,0
1777924268.0762575,2026-05-04T21:51:08.076257,34.916,10027012053,2040,6251,33,100,0
1777924268.0947845,2026-05-04T21:51:08.094784,34.916,10027012053,2040,6251,33,100,0
1777924268.1157892,2026-05-04T21:51:08.115789,34.916,10027015542,2040,6251,33,100,0
1777924268.136887,2026-05-04T21:51:08.136887,34.916,10027015542,2040,6251,33,100,0
1777924268.1530983,2026-05-04T21:51:08.153098,34.916,10027015542,2040,6251,33,100,0
1777924268.1657317,2026-05-04T21:51:08.165732,34.916,10027015542,2040,6251,33,100,0
1777924268.1785533,2026-05-04T21:51:08.178553,34.907,10027015542,2040,6251,33,100,0
1777924268.1934013,2026-05-04T21:51:08.193401,34.907,10027015542,2040,6251,33,100,0
1777924268.2058544,2026-05-04T21:51:08.205854,34.907,10027015542,2040,6251,33,100,0
1777924268.2186298,2026-05-04T21:51:08.218630,34.907,10027019319,2040,6251,33,100,0
1777924268.2338018,2026-05-04T21:51:08.233802,34.907,10027019319,2040,6251,33,100,0
1777924268.2463553,2026-05-04T21:51:08.246355,34.907,10027019319,2040,6251,33,100,0
1777924268.260701,2026-05-04T21:51:08.260701,34.907,10027019319,2040,6251,33,100,0
1777924268.27349,2026-05-04T21:51:08.273490,34.907,10027019319,2040,6251,33,100,0
1777924268.2860708,2026-05-04T21:51:08.286071,35.32,10027019319,2040,6251,33,100,2
1777924268.298722,2026-05-04T21:51:08.298722,35.32,10027019319,2040,6251,33,100,2
1777924268.3131025,2026-05-04T21:51:08.313102,35.32,10027023298,2040,6251,33,100,2
1777924268.3265357,2026-05-04T21:51:08.326536,35.32,10027023298,2040,6251,33,100,2
1777924268.3392792,2026-05-04T21:51:08.339279,35.32,10027023298,2040,6251,33,100,2
1777924268.353065,2026-05-04T21:51:08.353065,35.32,10027023298,2040,6251,33,100,2
1777924268.3659165,2026-05-04T21:51:08.365916,35.32,10027023298,2040,6251,33,100,2
1777924268.3786469,2026-05-04T21:51:08.378647,35.978,10027023298,2040,6251,33,100,2
1777924268.3931193,2026-05-04T21:51:08.393119,35.978,10027023298,2040,6251,33,100,2
1777924268.4057395,2026-05-04T21:51:08.405740,35.978,10027023298,2040,6251,33,100,2
1777924268.418473,2026-05-04T21:51:08.418473,35.978,10027027416,2040,6251,33,100,2
1777924268.4336686,2026-05-04T21:51:08.433669,35.978,10027027416,2040,6251,33,100,2
1777924268.4464128,2026-05-04T21:51:08.446413,35.978,10027027416,2040,6251,33,100,2
1777924268.4591632,2026-05-04T21:51:08.459163,35.978,10027027416,2040,6251,33,100,2
1777924268.4733164,2026-05-04T21:51:08.473316,35.978,10027027416,2040,6251,33,100,2
1777924268.4858027,2026-05-04T21:51:08.485803,36.471,10027027416,2040,6251,33,100,3
1777924268.4986181,2026-05-04T21:51:08.498618,36.471,10027027416,2040,6251,33,100,3
1777924268.513058,2026-05-04T21:51:08.513058,36.471,10027031536,2040,6251,33,100,3
1777924268.5264568,2026-05-04T21:51:08.526457,36.471,10027031536,2040,6251,33,100,3
1777924268.5393357,2026-05-04T21:51:08.539336,36.471,10027031536,2040,6251,33,100,3
1777924268.5529556,2026-05-04T21:51:08.552956,36.471,10027031536,2040,6251,33,100,3
1777924268.5655465,2026-05-04T21:51:08.565547,36.471,10027031536,2040,6251,33,100,3
1777924268.5782652,2026-05-04T21:51:08.578265,37.253,10027031536,2040,6251,34,100,3
1777924268.5929768,2026-05-04T21:51:08.592977,37.253,10027031536,2040,6251,34,100,3
1777924268.6056528,2026-05-04T21:51:08.605653,37.253,10027031536,2040,6251,34,100,3
1777924268.6183896,2026-05-04T21:51:08.618390,37.253,10027035647,2040,6251,34,100,3
1777924268.6335957,2026-05-04T21:51:08.633596,37.253,10027035647,2040,6251,34,100,3
1777924268.6462429,2026-05-04T21:51:08.646243,37.253,10027035647,2040,6251,34,100,3
1777924268.6590154,2026-05-04T21:51:08.659015,37.253,10027035647,2040,6251,34,100,3
1777924268.672999,2026-05-04T21:51:08.672999,37.253,10027035647,2040,6251,34,100,3
1777924268.685555,2026-05-04T21:51:08.685555,37.62,10027035647,2040,6251,34,100,3
1777924268.698262,2026-05-04T21:51:08.698262,37.62,10027035647,2040,6251,34,100,3
1777924268.7128983,2026-05-04T21:51:08.712898,37.62,10027039319,2040,6251,34,100,3
1777924268.726266,2026-05-04T21:51:08.726266,37.62,10027039319,2040,6251,34,100,3
1777924268.738865,2026-05-04T21:51:08.738865,37.62,10027039319,2040,6251,34,100,3
1777924268.7530606,2026-05-04T21:51:08.753061,37.62,10027039319,2040,6251,34,100,3
1777924268.765808,2026-05-04T21:51:08.765808,37.62,10027039319,2040,6251,34,100,3
1777924268.778556,2026-05-04T21:51:08.778556,37.492,10027039319,2040,6251,33,100,3
1777924268.7928371,2026-05-04T21:51:08.792837,37.492,10027039319,2040,6251,33,100,3
1777924268.8053198,2026-05-04T21:51:08.805320,37.492,10027039319,2040,6251,33,100,3
1777924268.8178637,2026-05-04T21:51:08.817864,37.492,10027042392,2040,6251,33,100,3
1777924268.8356433,2026-05-04T21:51:08.835643,37.492,10027042392,2040,6251,33,100,3
1777924268.8481445,2026-05-04T21:51:08.848145,37.492,10027042392,2040,6251,33,100,3
1777924268.860711,2026-05-04T21:51:08.860711,37.492,10027042392,2040,6251,33,100,3
1777924268.8732803,2026-05-04T21:51:08.873280,37.492,10027042392,2040,6251,33,100,3
1777924268.8857694,2026-05-04T21:51:08.885769,36.899,10027042392,2040,6251,33,100,0
1777924268.8983731,2026-05-04T21:51:08.898373,36.899,10027042392,2040,6251,33,100,0
1777924268.912863,2026-05-04T21:51:08.912863,36.899,10027045474,2040,6251,33,100,0
1777924268.9261672,2026-05-04T21:51:08.926167,36.899,10027045474,2040,6251,33,100,0
1777924268.9386978,2026-05-04T21:51:08.938698,36.899,10027045474,2040,6251,33,100,0
1777924268.9528413,2026-05-04T21:51:08.952841,36.899,10027045474,2040,6251,33,100,0
1777924268.9653492,2026-05-04T21:51:08.965349,36.899,10027045474,2040,6251,33,100,0
1777924268.9778788,2026-05-04T21:51:08.977879,36.699,10027045474,2040,6251,33,100,0
1777924268.9928353,2026-05-04T21:51:08.992835,36.699,10027045474,2040,6251,33,100,0
1777924269.0053213,2026-05-04T21:51:09.005321,36.699,10027045474,2040,6251,33,100,0
1777924269.0179276,2026-05-04T21:51:09.017928,36.699,10027048561,2040,6251,33,100,0
1777924269.0348735,2026-05-04T21:51:09.034873,36.699,10027048561,2040,6251,33,100,0
1777924269.0474827,2026-05-04T21:51:09.047483,36.699,10027048561,2040,6251,33,100,0
1777924269.0601218,2026-05-04T21:51:09.060122,36.699,10027048561,2040,6251,33,100,0
1777924269.0728438,2026-05-04T21:51:09.072844,36.699,10027048561,2040,6251,33,100,0
1777924269.0853527,2026-05-04T21:51:09.085353,36.177,10027048561,2040,6251,33,100,0
1777924269.0980616,2026-05-04T21:51:09.098062,36.177,10027048561,2040,6251,33,100,0
1777924269.1127415,2026-05-04T21:51:09.112741,36.177,10027051643,2040,6251,33,100,0
1777924269.1261706,2026-05-04T21:51:09.126171,36.177,10027051643,2040,6251,33,100,0
1777924269.1390092,2026-05-04T21:51:09.139009,36.177,10027051643,2040,6251,33,100,0
1777924269.1527624,2026-05-04T21:51:09.152762,36.177,10027051643,2040,6251,33,100,0
1777924269.1652606,2026-05-04T21:51:09.165261,36.177,10027051643,2040,6251,33,100,0
1777924269.1778731,2026-05-04T21:51:09.177873,35.877,10027051643,2040,6251,33,100,0
1777924269.1928139,2026-05-04T21:51:09.192814,35.877,10027051643,2040,6251,33,100,0
1777924269.2052891,2026-05-04T21:51:09.205289,35.877,10027051643,2040,6251,33,100,0
1777924269.2178059,2026-05-04T21:51:09.217806,35.877,10027054714,2040,6251,33,100,0
1777924269.2355897,2026-05-04T21:51:09.235590,35.877,10027054714,2040,6251,33,100,0
1777924269.2481604,2026-05-04T21:51:09.248160,35.877,10027054714,2040,6251,33,100,0
1777924269.2608302,2026-05-04T21:51:09.260830,35.877,10027054714,2040,6251,33,100,0
1777924269.2733436,2026-05-04T21:51:09.273344,35.877,10027054714,2040,6251,33,100,0
1777924269.285886,2026-05-04T21:51:09.285886,35.429,10027054714,2040,6251,33,100,0
1777924269.298629,2026-05-04T21:51:09.298629,35.429,10027054714,2040,6251,33,100,0
1777924269.3129332,2026-05-04T21:51:09.312933,35.429,10027057795,2040,6251,33,100,0
1777924269.3261106,2026-05-04T21:51:09.326111,35.429,10027057795,2040,6251,33,100,0
1777924269.3387897,2026-05-04T21:51:09.338790,35.429,10027057795,2040,6251,33,100,0
1777924269.3527782,2026-05-04T21:51:09.352778,35.429,10027057795,2040,6251,33,100,0
1777924269.365308,2026-05-04T21:51:09.365308,35.429,10027057795,2040,6251,33,100,0
1777924269.378004,2026-05-04T21:51:09.378004,34.651,10027057795,2040,6251,33,100,0
1777924269.3926356,2026-05-04T21:51:09.392636,34.651,10027057795,2040,6251,33,100,0
1777924269.405163,2026-05-04T21:51:09.405163,34.651,10027057795,2040,6251,33,100,0
1777924269.417802,2026-05-04T21:51:09.417802,34.651,10027060873,2040,6251,33,100,0
1777924269.4354746,2026-05-04T21:51:09.435475,34.651,10027060873,2040,6251,33,100,0
1777924269.4479556,2026-05-04T21:51:09.447956,34.651,10027060873,2040,6251,33,100,0
1777924269.4606633,2026-05-04T21:51:09.460663,34.651,10027060873,2040,6251,33,100,0
1777924269.473191,2026-05-04T21:51:09.473191,34.651,10027060873,2040,6251,33,100,0
1777924269.485725,2026-05-04T21:51:09.485725,33.717,10027060873,2040,6251,32,100,0
1777924269.4985664,2026-05-04T21:51:09.498566,33.717,10027060873,2040,6251,32,100,0
1777924269.5126185,2026-05-04T21:51:09.512619,33.717,10027063959,2040,6251,32,100,0
1777924269.5261004,2026-05-04T21:51:09.526100,33.717,10027063959,2040,6251,32,100,0
1777924269.538698,2026-05-04T21:51:09.538698,33.717,10027063959,2040,6251,32,100,0
1777924269.552777,2026-05-04T21:51:09.552777,33.717,10027063959,2040,6251,32,100,0
1777924269.5652478,2026-05-04T21:51:09.565248,33.717,10027063959,2040,6251,32,100,0
1777924269.5777981,2026-05-04T21:51:09.577798,32.763,10027063959,2040,6251,32,100,0
1777924269.5929382,2026-05-04T21:51:09.592938,32.763,10027063959,2040,6251,32,100,0
1777924269.6055045,2026-05-04T21:51:09.605505,32.763,10027063959,2040,6251,32,100,0
1777924269.6181374,2026-05-04T21:51:09.618137,32.763,10027067040,2040,6251,32,100,0
1777924269.6353683,2026-05-04T21:51:09.635368,32.763,10027067040,2040,6251,32,100,0
1777924269.6478755,2026-05-04T21:51:09.647876,32.763,10027067040,2040,6251,32,100,0
1777924269.6605227,2026-05-04T21:51:09.660523,32.763,10027067040,2040,6251,32,100,0
1777924269.673065,2026-05-04T21:51:09.673065,32.763,10027067040,2040,6251,32,100,0
1777924269.6855993,2026-05-04T21:51:09.685599,31.815,10027067040,2040,6251,33,100,0
1777924269.6983452,2026-05-04T21:51:09.698345,31.815,10027067040,2040,6251,33,100,0
1777924269.7125587,2026-05-04T21:51:09.712559,31.815,10027070119,2040,6251,33,100,0
1777924269.7259805,2026-05-04T21:51:09.725981,31.815,10027070119,2040,6251,33,100,0
1777924269.7386365,2026-05-04T21:51:09.738636,31.815,10027070119,2040,6251,33,100,0
1777924269.7525856,2026-05-04T21:51:09.752586,31.815,10027070119,2040,6251,33,100,0
1777924269.7651284,2026-05-04T21:51:09.765128,31.815,10027070119,2040,6251,33,100,0
1777924269.7778084,2026-05-04T21:51:09.777808,30.885,10027070119,2040,6251,33,100,0
1777924269.7925014,2026-05-04T21:51:09.792501,30.885,10027070119,2040,6251,33,100,0
1777924269.8050117,2026-05-04T21:51:09.805012,30.885,10027070119,2040,6251,33,100,0
1777924269.8176525,2026-05-04T21:51:09.817652,30.885,10027073204,2040,6251,33,100,0
1777924269.8354127,2026-05-04T21:51:09.835413,30.885,10027073204,2040,6251,33,100,0
1777924269.84789,2026-05-04T21:51:09.847890,30.885,10027073204,2040,6251,33,100,0
1777924269.8605342,2026-05-04T21:51:09.860534,30.885,10027073204,2040,6251,33,100,0
1777924269.8730695,2026-05-04T21:51:09.873070,30.885,10027073204,2040,6251,33,100,0
1777924269.8856082,2026-05-04T21:51:09.885608,30.894,10027073204,2040,6251,33,100,0
1777924269.8983357,2026-05-04T21:51:09.898336,30.894,10027073204,2040,6251,33,100,0
1777924269.9124784,2026-05-04T21:51:09.912478,30.894,10027076278,2040,6251,33,100,0
1777924269.9258611,2026-05-04T21:51:09.925861,30.894,10027076278,2040,6251,33,100,0
1777924269.9384909,2026-05-04T21:51:09.938491,30.894,10027076278,2040,6251,33,100,0
1777924269.952426,2026-05-04T21:51:09.952426,30.894,10027076278,2040,6251,33,100,0
1777924269.9649863,2026-05-04T21:51:09.964986,30.894,10027076278,2040,6251,33,100,0
1777924269.9775631,2026-05-04T21:51:09.977563,30.885,10027076278,2040,6251,33,100,0
1777924269.9924762,2026-05-04T21:51:09.992476,30.885,10027076278,2040,6251,33,100,0
1777924270.004894,2026-05-04T21:51:10.004894,30.885,10027076278,2040,6251,33,100,0
1777924270.0174258,2026-05-04T21:51:10.017426,30.885,10027079341,2040,6251,33,100,0
1777924270.0351071,2026-05-04T21:51:10.035107,30.885,10027079341,2040,6251,33,100,0
1777924270.0546901,2026-05-04T21:51:10.054690,30.885,10027079341,2040,6251,33,100,0
1777924270.0764518,2026-05-04T21:51:10.076452,30.885,10027079341,2040,6251,33,100,0
1777924270.095054,2026-05-04T21:51:10.095054,30.841,10027079341,2040,6251,33,100,0
1777924270.116558,2026-05-04T21:51:10.116558,30.841,10027082734,2040,6251,33,100,0
1777924270.1337883,2026-05-04T21:51:10.133788,30.841,10027082734,2040,6251,33,100,0
1777924270.1561975,2026-05-04T21:51:10.156198,30.841,10027082734,2040,6251,33,100,0
1777924270.1735575,2026-05-04T21:51:10.173558,30.841,10027082734,2040,6251,33,100,0
1777924270.191366,2026-05-04T21:51:10.191366,31.219,10027082734,2040,6251,33,100,0
1777924270.2088368,2026-05-04T21:51:10.208837,31.219,10027086243,2040,6251,33,100,0
1777924270.2277877,2026-05-04T21:51:10.227788,31.219,10027086243,2040,6251,33,100,0
1777924270.2451024,2026-05-04T21:51:10.245102,31.219,10027086243,2040,6251,33,100,0
1777924270.2638764,2026-05-04T21:51:10.263876,31.219,10027086243,2040,6251,33,100,0
1777924270.2804053,2026-05-04T21:51:10.280405,31.219,10027086243,2040,6251,33,100,0
1777924270.2979074,2026-05-04T21:51:10.297907,31.682,10027086243,2040,6251,33,100,0
1777924270.3161051,2026-05-04T21:51:10.316105,31.682,10027089733,2040,6251,33,100,0
1777924270.3341677,2026-05-04T21:51:10.334168,31.682,10027089733,2040,6251,33,100,0
1777924270.355777,2026-05-04T21:51:10.355777,31.682,10027089733,2040,6251,33,100,0
1777924270.3773043,2026-05-04T21:51:10.377304,31.682,10027089733,2040,6251,33,100,0
1777924270.396424,2026-05-04T21:51:10.396424,31.986,10027089733,2040,6251,33,100,0
1777924270.4143434,2026-05-04T21:51:10.414343,31.986,10027093228,2040,6251,33,100,0
1777924270.4363694,2026-05-04T21:51:10.436369,31.986,10027093228,2040,6251,33,100,0
1777924270.4559808,2026-05-04T21:51:10.455981,31.986,10027093228,2040,6251,33,100,0
1777924270.4746404,2026-05-04T21:51:10.474640,31.986,10027093228,2040,6251,33,100,0
1777924270.495281,2026-05-04T21:51:10.495281,32.365,10027093228,2040,6251,33,100,0
1777924270.517468,2026-05-04T21:51:10.517468,32.365,10027096713,2040,6251,33,100,0
1777924270.5373049,2026-05-04T21:51:10.537305,32.365,10027096713,2040,6251,33,100,0
1777924270.5594096,2026-05-04T21:51:10.559410,32.365,10027096713,2040,6251,33,100,0
1777924270.5782912,2026-05-04T21:51:10.578291,32.365,10027096713,2040,6251,33,100,0
1777924270.5968263,2026-05-04T21:51:10.596826,32.742,10027096713,2040,6251,33,100,0
1777924270.6164558,2026-05-04T21:51:10.616456,32.742,10027100198,2040,6251,33,100,0
1777924270.6396627,2026-05-04T21:51:10.639663,32.742,10027100198,2040,6251,33,100,0
1777924270.6573517,2026-05-04T21:51:10.657352,32.742,10027100198,2040,6251,33,100,0
1777924270.6766315,2026-05-04T21:51:10.676631,32.742,10027100198,2040,6251,33,100,0
1777924270.6964662,2026-05-04T21:51:10.696466,33.114,10027100198,2040,6251,33,100,0
1777924270.7150612,2026-05-04T21:51:10.715061,33.114,10027103686,2040,6251,33,100,0
1777924270.7362936,2026-05-04T21:51:10.736294,33.114,10027103686,2040,6251,33,100,0
1777924270.757587,2026-05-04T21:51:10.757587,33.114,10027103686,2040,6251,33,100,0
1777924270.7743711,2026-05-04T21:51:10.774371,33.114,10027103686,2040,6251,33,100,0
1777924270.7957203,2026-05-04T21:51:10.795720,33.491,10027103686,2040,6251,33,100,0
1777924270.8160298,2026-05-04T21:51:10.816030,33.491,10027107178,2040,6251,33,100,0
1777924270.8399668,2026-05-04T21:51:10.839967,33.491,10027107178,2040,6251,33,100,0
1777924270.8586228,2026-05-04T21:51:10.858623,33.491,10027107178,2040,6251,33,100,0
1777924270.8776062,2026-05-04T21:51:10.877606,33.491,10027107178,2040,6251,33,100,0
1777924270.8954904,2026-05-04T21:51:10.895490,33.854,10027107178,2040,6251,33,100,0
1777924270.9166167,2026-05-04T21:51:10.916617,33.854,10027110661,2040,6251,33,100,0
1777924270.93562,2026-05-04T21:51:10.935620,33.854,10027110661,2040,6251,33,100,0
1777924270.9551995,2026-05-04T21:51:10.955199,33.854,10027110661,2040,6251,33,100,0
1777924270.97597,2026-05-04T21:51:10.975970,33.854,10027110661,2040,6251,33,100,0
1777924270.9958336,2026-05-04T21:51:10.995834,34.212,10027110661,2040,6251,33,100,0
1777924271.0145957,2026-05-04T21:51:11.014596,34.212,10027114151,2040,6251,33,100,0
1777924271.0370371,2026-05-04T21:51:11.037037,34.212,10027114151,2040,6251,33,100,0
1777924271.058309,2026-05-04T21:51:11.058309,34.212,10027114151,2040,6251,33,100,0
1777924271.0774744,2026-05-04T21:51:11.077474,34.212,10027114151,2040,6251,33,100,0
1777924271.0969524,2026-05-04T21:51:11.096952,34.601,10027114151,2040,6251,33,100,0
1777924271.1149895,2026-05-04T21:51:11.114990,34.601,10027117639,2040,6251,33,100,0
1777924271.1362343,2026-05-04T21:51:11.136234,34.601,10027117639,2040,6251,33,100,0
1777924271.1533816,2026-05-04T21:51:11.153382,34.601,10027117639,2040,6251,33,100,0
1777924271.1699133,2026-05-04T21:51:11.169913,34.601,10027117639,2040,6251,33,100,0
1777924271.188587,2026-05-04T21:51:11.188587,34.601,10027117639,2040,6251,33,100,0
1777924271.206096,2026-05-04T21:51:11.206096,35.011,10027117639,2040,6251,33,100,0
1777924271.224244,2026-05-04T21:51:11.224244,35.011,10027121125,2040,6251,33,100,0
1777924271.2427714,2026-05-04T21:51:11.242771,35.011,10027121125,2040,6251,33,100,0
1777924271.260577,2026-05-04T21:51:11.260577,35.011,10027121125,2040,6251,33,100,0
1777924271.2811105,2026-05-04T21:51:11.281111,35.011,10027121125,2040,6251,33,100,0
1777924271.2966425,2026-05-04T21:51:11.296643,35.002,10027121125,2040,6251,33,100,0
1777924271.3151464,2026-05-04T21:51:11.315146,35.002,10027124615,2040,6251,33,100,0
1777924271.3347085,2026-05-04T21:51:11.334708,35.002,10027124615,2040,6251,33,100,0
1777924271.3554208,2026-05-04T21:51:11.355421,35.002,10027124615,2040,6251,33,100,0
1777924271.3767655,2026-05-04T21:51:11.376765,35.002,10027124615,2040,6251,33,100,0
1777924271.3955204,2026-05-04T21:51:11.395520,34.985,10027124615,2040,6251,33,100,0
1777924271.4157326,2026-05-04T21:51:11.415733,34.985,10027128101,2040,6251,33,100,0
1777924271.4373007,2026-05-04T21:51:11.437301,34.985,10027128101,2040,6251,33,100,0
1777924271.456196,2026-05-04T21:51:11.456196,34.985,10027128101,2040,6251,33,100,0
1777924271.4753246,2026-05-04T21:51:11.475325,34.985,10027128101,2040,6251,33,100,0
1777924271.4966211,2026-05-04T21:51:11.496621,34.976,10027128101,2040,6251,33,100,0
1777924271.5145793,2026-05-04T21:51:11.514579,34.976,10027131594,2040,6251,33,100,0
1777924271.5338962,2026-05-04T21:51:11.533896,34.976,10027131594,2040,6251,33,100,0
1777924271.5550878,2026-05-04T21:51:11.555088,34.976,10027131594,2040,6251,33,100,0
1777924271.5754707,2026-05-04T21:51:11.575471,34.976,10027131594,2040,6251,33,100,0
1777924271.5880332,2026-05-04T21:51:11.588033,34.976,10027131594,2040,6251,33,100,0
1777924271.6008413,2026-05-04T21:51:11.600841,34.958,10027131594,2040,6251,33,100,0
1777924271.6136477,2026-05-04T21:51:11.613648,34.958,10027135213,2040,6251,33,100,0
1777924271.626958,2026-05-04T21:51:11.626958,34.958,10027135213,2040,6251,33,100,0
1777924271.6396837,2026-05-04T21:51:11.639684,34.958,10027135213,2040,6251,33,100,0
1777924271.6523314,2026-05-04T21:51:11.652331,34.958,10027135213,2040,6251,33,100,0
1777924271.665155,2026-05-04T21:51:11.665155,34.958,10027135213,2040,6251,33,100,0
1777924271.6779263,2026-05-04T21:51:11.677926,34.958,10027135213,2040,6251,33,100,0
1777924271.6923018,2026-05-04T21:51:11.692302,35.336,10027135213,2040,6251,34,100,1
1777924271.7050219,2026-05-04T21:51:11.705022,35.336,10027135213,2040,6251,34,100,1
1777924271.7176585,2026-05-04T21:51:11.717659,35.336,10027139146,2040,6251,34,100,1
1777924271.7323055,2026-05-04T21:51:11.732306,35.336,10027139146,2040,6251,34,100,1
1777924271.7448742,2026-05-04T21:51:11.744874,35.336,10027139146,2040,6251,34,100,1
1777924271.7589972,2026-05-04T21:51:11.758997,35.336,10027139146,2040,6251,34,100,1
1777924271.7723517,2026-05-04T21:51:11.772352,35.336,10027139146,2040,6251,34,100,1
1777924271.7849529,2026-05-04T21:51:11.784953,35.336,10027139146,2040,6251,34,100,1
1777924271.7976165,2026-05-04T21:51:11.797616,35.862,10027139146,2040,6251,34,100,1
1777924271.8121314,2026-05-04T21:51:11.812131,35.862,10027143255,2040,6251,34,100,1
1777924271.8253567,2026-05-04T21:51:11.825357,35.862,10027143255,2040,6251,34,100,1
1777924271.8380253,2026-05-04T21:51:11.838025,35.862,10027143255,2040,6251,34,100,1
1777924271.8520195,2026-05-04T21:51:11.852020,35.862,10027143255,2040,6251,34,100,1
1777924271.8645463,2026-05-04T21:51:11.864546,35.862,10027143255,2040,6251,34,100,1
1777924271.8772273,2026-05-04T21:51:11.877227,35.862,10027143255,2040,6251,34,100,1
1777924271.892002,2026-05-04T21:51:11.892002,36.544,10027143255,2040,6251,34,100,3
1777924271.9045844,2026-05-04T21:51:11.904584,36.544,10027143255,2040,6251,34,100,3
1777924271.9172504,2026-05-04T21:51:11.917250,36.544,10027147370,2040,6251,34,100,3
1777924271.9321,2026-05-04T21:51:11.932100,36.544,10027147370,2040,6251,34,100,3
1777924271.9445505,2026-05-04T21:51:11.944551,36.544,10027147370,2040,6251,34,100,3
1777924271.9574857,2026-05-04T21:51:11.957486,36.544,10027147370,2040,6251,34,100,3
1777924271.9722602,2026-05-04T21:51:11.972260,36.544,10027147370,2040,6251,34,100,3
1777924271.9846168,2026-05-04T21:51:11.984617,36.544,10027147370,2040,6251,34,100,3
1777924271.9972768,2026-05-04T21:51:11.997277,37.002,10027147370,2040,6251,34,100,3
1777924272.0119624,2026-05-04T21:51:12.011962,37.002,10027151025,2040,6251,34,100,3
1777924272.025111,2026-05-04T21:51:12.025111,37.002,10027151025,2040,6251,34,100,3
1777924272.0378737,2026-05-04T21:51:12.037874,37.002,10027151025,2040,6251,34,100,3
1777924272.0518095,2026-05-04T21:51:12.051810,37.002,10027151025,2040,6251,34,100,3
1777924272.0643919,2026-05-04T21:51:12.064392,37.002,10027151025,2040,6251,34,100,3
1777924272.0770943,2026-05-04T21:51:12.077094,37.002,10027151025,2040,6251,34,100,3
1777924272.09187,2026-05-04T21:51:12.091870,36.766,10027151025,2040,6251,33,100,1
1777924272.1043048,2026-05-04T21:51:12.104305,36.766,10027151025,2040,6251,33,100,1
1777924272.117002,2026-05-04T21:51:12.117002,36.766,10027154103,2040,6251,33,100,1
1777924272.1320257,2026-05-04T21:51:12.132026,36.766,10027154103,2040,6251,33,100,1
1777924272.1444273,2026-05-04T21:51:12.144427,36.766,10027154103,2040,6251,33,100,1
1777924272.1572063,2026-05-04T21:51:12.157206,36.766,10027154103,2040,6251,33,100,1
1777924272.171838,2026-05-04T21:51:12.171838,36.766,10027154103,2040,6251,33,100,1
1777924272.1843863,2026-05-04T21:51:12.184386,36.766,10027154103,2040,6251,33,100,1
1777924272.1970186,2026-05-04T21:51:12.197019,36.238,10027154103,2040,6251,33,100,1
1777924272.2118015,2026-05-04T21:51:12.211802,36.238,10027157186,2040,6251,33,100,1
1777924272.2252696,2026-05-04T21:51:12.225270,36.238,10027157186,2040,6251,33,100,1
1777924272.2378986,2026-05-04T21:51:12.237899,36.238,10027157186,2040,6251,33,100,1
1777924272.2520223,2026-05-04T21:51:12.252022,36.238,10027157186,2040,6251,33,100,1
1777924272.2644706,2026-05-04T21:51:12.264471,36.238,10027157186,2040,6251,33,100,1
1777924272.277027,2026-05-04T21:51:12.277027,36.238,10027157186,2040,6251,33,100,1
1777924272.2917702,2026-05-04T21:51:12.291770,35.963,10027157186,2040,6251,33,100,0
1777924272.3043456,2026-05-04T21:51:12.304346,35.963,10027157186,2040,6251,33,100,0
1777924272.31698,2026-05-04T21:51:12.316980,35.963,10027160270,2040,6251,33,100,0
1777924272.331984,2026-05-04T21:51:12.331984,35.963,10027160270,2040,6251,33,100,0
1777924272.344584,2026-05-04T21:51:12.344584,35.963,10027160270,2040,6251,33,100,0
1777924272.3574305,2026-05-04T21:51:12.357430,35.963,10027160270,2040,6251,33,100,0
1777924272.3718634,2026-05-04T21:51:12.371863,35.963,10027160270,2040,6251,33,100,0
1777924272.3844008,2026-05-04T21:51:12.384401,35.963,10027160270,2040,6251,33,100,0
1777924272.3970416,2026-05-04T21:51:12.397042,35.507,10027160270,2040,6251,33,100,0
1777924272.411757,2026-05-04T21:51:12.411757,35.507,10027163350,2040,6251,33,100,0
1777924272.4251168,2026-05-04T21:51:12.425117,35.507,10027163350,2040,6251,33,100,0
1777924272.4377065,2026-05-04T21:51:12.437706,35.507,10027163350,2040,6251,33,100,0
1777924272.451773,2026-05-04T21:51:12.451773,35.507,10027163350,2040,6251,33,100,0
1777924272.4642918,2026-05-04T21:51:12.464292,35.507,10027163350,2040,6251,33,100,0
1777924272.476828,2026-05-04T21:51:12.476828,35.507,10027163350,2040,6251,33,100,0
1777924272.4917276,2026-05-04T21:51:12.491728,35.17,10027163350,2040,6251,33,100,0
1777924272.504329,2026-05-04T21:51:12.504329,35.17,10027163350,2040,6251,33,100,0
1777924272.5169287,2026-05-04T21:51:12.516929,35.17,10027166437,2040,6251,33,100,0
1777924272.532128,2026-05-04T21:51:12.532128,35.17,10027166437,2040,6251,33,100,0
1777924272.5446534,2026-05-04T21:51:12.544653,35.17,10027166437,2040,6251,33,100,0
1777924272.5574718,2026-05-04T21:51:12.557472,35.17,10027166437,2040,6251,33,100,0
1777924272.5718162,2026-05-04T21:51:12.571816,35.17,10027166437,2040,6251,33,100,0
1777924272.5843656,2026-05-04T21:51:12.584366,35.17,10027166437,2040,6251,33,100,0
1777924272.5970051,2026-05-04T21:51:12.597005,34.794,10027166437,2040,6251,33,100,0
1777924272.6116352,2026-05-04T21:51:12.611635,34.794,10027169515,2040,6251,33,100,0
1777924272.625068,2026-05-04T21:51:12.625068,34.794,10027169515,2040,6251,33,100,0
1777924272.6377146,2026-05-04T21:51:12.637715,34.794,10027169515,2040,6251,33,100,0
1777924272.651647,2026-05-04T21:51:12.651647,34.794,10027169515,2040,6251,33,100,0
1777924272.664217,2026-05-04T21:51:12.664217,34.794,10027169515,2040,6251,33,100,0
1777924272.6768813,2026-05-04T21:51:12.676881,34.794,10027169515,2040,6251,33,100,0
1777924272.6916313,2026-05-04T21:51:12.691631,33.961,10027169515,2040,6251,33,100,0
1777924272.7042327,2026-05-04T21:51:12.704233,33.961,10027169515,2040,6251,33,100,0
1777924272.7169123,2026-05-04T21:51:12.716912,33.961,10027172605,2040,6251,33,100,0
1777924272.7317724,2026-05-04T21:51:12.731772,33.961,10027172605,2040,6251,33,100,0
1777924272.7442794,2026-05-04T21:51:12.744279,33.961,10027172605,2040,6251,33,100,0
1777924272.7570407,2026-05-04T21:51:12.757041,33.961,10027172605,2040,6251,33,100,0
1777924272.7716515,2026-05-04T21:51:12.771652,33.961,10027172605,2040,6251,33,100,0
1777924272.784166,2026-05-04T21:51:12.784166,33.961,10027172605,2040,6251,33,100,0
1777924272.796781,2026-05-04T21:51:12.796781,33.685,10027172605,2040,6251,33,100,0
1777924272.8118503,2026-05-04T21:51:12.811850,33.685,10027175684,2040,6251,33,100,0
1777924272.8250227,2026-05-04T21:51:12.825023,33.685,10027175684,2040,6251,33,100,0
1777924272.8376946,2026-05-04T21:51:12.837695,33.685,10027175684,2040,6251,33,100,0
1777924272.8515842,2026-05-04T21:51:12.851584,33.685,10027175684,2040,6251,33,100,0
1777924272.8640587,2026-05-04T21:51:12.864059,33.685,10027175684,2040,6251,33,100,0
1777924272.87659,2026-05-04T21:51:12.876590,33.685,10027175684,2040,6251,33,100,0
1777924272.8915076,2026-05-04T21:51:12.891508,32.789,10027175684,2040,6251,33,100,0
1777924272.9041789,2026-05-04T21:51:12.904179,32.789,10027175684,2040,6251,33,100,0
1777924272.9167385,2026-05-04T21:51:12.916739,32.789,10027178756,2040,6251,33,100,0
1777924272.9316943,2026-05-04T21:51:12.931694,32.789,10027178756,2040,6251,33,100,0
1777924272.9441152,2026-05-04T21:51:12.944115,32.789,10027178756,2040,6251,33,100,0
1777924272.9567432,2026-05-04T21:51:12.956743,32.789,10027178756,2040,6251,33,100,0
1777924272.9769301,2026-05-04T21:51:12.976930,32.789,10027178756,2040,6251,33,100,0
1777924272.999214,2026-05-04T21:51:12.999214,31.851,10027178756,2040,6251,33,100,0
1777924273.0212364,2026-05-04T21:51:13.021236,31.851,10027182013,2040,6251,33,100,0
1777924273.040785,2026-05-04T21:51:13.040785,31.851,10027182013,2040,6251,33,100,0
1777924273.0608358,2026-05-04T21:51:13.060836,31.851,10027182013,2040,6251,33,100,0
1777924273.081033,2026-05-04T21:51:13.081033,31.851,10027182013,2040,6251,33,100,0
1777924273.1022072,2026-05-04T21:51:13.102207,31.245,10027182013,2040,6251,33,100,0
1777924273.122263,2026-05-04T21:51:13.122263,31.245,10027185500,2040,6251,33,100,0
1777924273.1400464,2026-05-04T21:51:13.140046,31.245,10027185500,2040,6251,33,100,0
1777924273.1604328,2026-05-04T21:51:13.160433,31.245,10027185500,2040,6251,33,100,0
1777924273.179688,2026-05-04T21:51:13.179688,31.245,10027185500,2040,6251,33,100,0
1777924273.1983905,2026-05-04T21:51:13.198390,31.642,10027185500,2040,6251,33,100,0
1777924273.2229824,2026-05-04T21:51:13.222982,31.642,10027188993,2040,6251,33,100,0
1777924273.2430098,2026-05-04T21:51:13.243010,31.642,10027188993,2040,6251,33,100,0
1777924273.263305,2026-05-04T21:51:13.263305,31.642,10027188993,2040,6251,33,100,0
1777924273.2825396,2026-05-04T21:51:13.282540,31.642,10027188993,2040,6251,33,100,0
1777924273.302307,2026-05-04T21:51:13.302307,32.029,10027188993,2040,6251,33,100,0
1777924273.3213608,2026-05-04T21:51:13.321361,32.029,10027192482,2040,6251,33,100,0
1777924273.341387,2026-05-04T21:51:13.341387,32.029,10027192482,2040,6251,33,100,0
1777924273.3612206,2026-05-04T21:51:13.361221,32.029,10027192482,2040,6251,33,100,0
1777924273.3823721,2026-05-04T21:51:13.382372,32.029,10027192482,2040,6251,33,100,0
1777924273.4031155,2026-05-04T21:51:13.403116,32.391,10027192482,2040,6251,33,100,0
1777924273.4253933,2026-05-04T21:51:13.425393,32.391,10027195976,2040,6251,33,100,0
1777924273.444448,2026-05-04T21:51:13.444448,32.391,10027195976,2040,6251,33,100,0
1777924273.4647334,2026-05-04T21:51:13.464733,32.391,10027195976,2040,6251,33,100,0
1777924273.4832067,2026-05-04T21:51:13.483207,32.391,10027195976,2040,6251,33,100,0
1777924273.5034428,2026-05-04T21:51:13.503443,32.769,10027195976,2040,6251,33,100,0
1777924273.5211942,2026-05-04T21:51:13.521194,32.769,10027199475,2040,6251,33,100,0
1777924273.5412867,2026-05-04T21:51:13.541287,32.769,10027199475,2040,6251,33,100,0
1777924273.5587974,2026-05-04T21:51:13.558797,32.769,10027199475,2040,6251,33,100,0
1777924273.579071,2026-05-04T21:51:13.579071,32.769,10027199475,2040,6251,33,100,0
1777924273.5956132,2026-05-04T21:51:13.595613,32.769,10027199475,2040,6251,33,100,0
1777924273.6168654,2026-05-04T21:51:13.616865,33.131,10027202970,2040,6251,33,100,0
1777924273.6392345,2026-05-04T21:51:13.639235,33.131,10027202970,2040,6251,33,100,0
1777924273.6592097,2026-05-04T21:51:13.659210,33.131,10027202970,2040,6251,33,100,0
1777924273.6809566,2026-05-04T21:51:13.680957,33.131,10027202970,2040,6251,33,100,0
1777924273.699553,2026-05-04T21:51:13.699553,33.49,10027202970,2040,6251,33,100,0
1777924273.7230892,2026-05-04T21:51:13.723089,33.49,10027206461,2040,6251,33,100,0
1777924273.7411313,2026-05-04T21:51:13.741131,33.49,10027206461,2040,6251,33,100,0
1777924273.7618876,2026-05-04T21:51:13.761888,33.49,10027206461,2040,6251,33,100,0
1777924273.7827828,2026-05-04T21:51:13.782783,33.49,10027206461,2040,6251,33,100,0
1777924273.8037617,2026-05-04T21:51:13.803762,33.88,10027206461,2040,6251,33,100,0
1777924273.8227522,2026-05-04T21:51:13.822752,33.88,10027209947,2040,6251,33,100,0
1777924273.8426316,2026-05-04T21:51:13.842632,33.88,10027209947,2040,6251,33,100,0
1777924273.8617096,2026-05-04T21:51:13.861710,33.88,10027209947,2040,6251,33,100,0
1777924273.8778856,2026-05-04T21:51:13.877886,33.88,10027209947,2040,6251,33,100,0
1777924273.8970966,2026-05-04T21:51:13.897097,34.247,10027209947,2040,6251,33,100,0
1777924273.91544,2026-05-04T21:51:13.915440,34.247,10027213440,2040,6251,33,100,0
1777924273.934625,2026-05-04T21:51:13.934625,34.247,10027213440,2040,6251,33,100,0
1777924273.9543548,2026-05-04T21:51:13.954355,34.247,10027213440,2040,6251,33,100,0
1777924273.9751437,2026-05-04T21:51:13.975144,34.247,10027213440,2040,6251,33,100,0
1777924273.9938443,2026-05-04T21:51:13.993844,34.247,10027213440,2040,6251,33,100,0
1777924274.0147538,2026-05-04T21:51:14.014754,34.62,10027216937,2040,6251,33,100,0
1777924274.0363495,2026-05-04T21:51:14.036350,34.62,10027216937,2040,6251,33,100,0
1777924274.054868,2026-05-04T21:51:14.054868,34.62,10027216937,2040,6251,33,100,0
1777924274.0675788,2026-05-04T21:51:14.067579,34.62,10027216937,2040,6251,33,100,0
1777924274.0802703,2026-05-04T21:51:14.080270,34.62,10027216937,2040,6251,33,100,0
1777924274.0930593,2026-05-04T21:51:14.093059,34.62,10027216937,2040,6251,33,100,0
1777924274.1054895,2026-05-04T21:51:14.105489,35.004,10027216937,2040,6251,33,100,0
1777924274.118274,2026-05-04T21:51:14.118274,35.004,10027220646,2040,6251,33,100,0
1777924274.1314673,2026-05-04T21:51:14.131467,35.004,10027220646,2040,6251,33,100,0
1777924274.144104,2026-05-04T21:51:14.144104,35.004,10027220646,2040,6251,33,100,0
1777924274.1582408,2026-05-04T21:51:14.158241,35.004,10027220646,2040,6251,33,100,0
1777924274.1714156,2026-05-04T21:51:14.171416,35.004,10027220646,2040,6251,33,100,0
1777924274.184087,2026-05-04T21:51:14.184087,35.004,10027220646,2040,6251,33,100,0
1777924274.1968157,2026-05-04T21:51:14.196816,35.364,10027220646,2040,6251,34,100,0
1777924274.2118464,2026-05-04T21:51:14.211846,35.364,10027224653,2040,6251,34,100,0
1777924274.2246256,2026-05-04T21:51:14.224626,35.364,10027224653,2040,6251,34,100,0
1777924274.2373667,2026-05-04T21:51:14.237367,35.364,10027224653,2040,6251,34,100,0
1777924274.2512178,2026-05-04T21:51:14.251218,35.364,10027224653,2040,6251,34,100,0
1777924274.2640567,2026-05-04T21:51:14.264057,35.364,10027224653,2040,6251,34,100,0
1777924274.2767262,2026-05-04T21:51:14.276726,35.364,10027224653,2040,6251,34,100,0
1777924274.2911572,2026-05-04T21:51:14.291157,35.364,10027224653,2040,6251,34,100,0
1777924274.3037665,2026-05-04T21:51:14.303766,35.978,10027224653,2040,6251,34,100,3
1777924274.316522,2026-05-04T21:51:14.316522,35.978,10027228746,2040,6251,34,100,3
1777924274.3313823,2026-05-04T21:51:14.331382,35.978,10027228746,2040,6251,34,100,3
1777924274.343952,2026-05-04T21:51:14.343952,35.978,10027228746,2040,6251,34,100,3
1777924274.356597,2026-05-04T21:51:14.356597,35.978,10027228746,2040,6251,34,100,3
1777924274.371156,2026-05-04T21:51:14.371156,35.978,10027228746,2040,6251,34,100,3
1777924274.3836699,2026-05-04T21:51:14.383670,35.978,10027228746,2040,6251,34,100,3
1777924274.3962274,2026-05-04T21:51:14.396227,36.451,10027228746,2040,6251,34,100,3
1777924274.4111044,2026-05-04T21:51:14.411104,36.451,10027232025,2040,6251,34,100,3
1777924274.4245226,2026-05-04T21:51:14.424523,36.451,10027232025,2040,6251,34,100,3
1777924274.437143,2026-05-04T21:51:14.437143,36.451,10027232025,2040,6251,34,100,3
1777924274.4510992,2026-05-04T21:51:14.451099,36.451,10027232025,2040,6251,34,100,3
1777924274.4638524,2026-05-04T21:51:14.463852,36.451,10027232025,2040,6251,34,100,3
1777924274.4763348,2026-05-04T21:51:14.476335,36.451,10027232025,2040,6251,34,100,3
1777924274.4914482,2026-05-04T21:51:14.491448,36.451,10027232025,2040,6251,34,100,3
1777924274.5039577,2026-05-04T21:51:14.503958,36.178,10027232025,2040,6251,33,100,0
1777924274.5165305,2026-05-04T21:51:14.516531,36.178,10027235106,2040,6251,33,100,0
1777924274.5313106,2026-05-04T21:51:14.531311,36.178,10027235106,2040,6251,33,100,0
1777924274.5438526,2026-05-04T21:51:14.543853,36.178,10027235106,2040,6251,33,100,0
1777924274.5565856,2026-05-04T21:51:14.556586,36.178,10027235106,2040,6251,33,100,0
1777924274.5711331,2026-05-04T21:51:14.571133,36.178,10027235106,2040,6251,33,100,0
1777924274.5836115,2026-05-04T21:51:14.583611,36.178,10027235106,2040,6251,33,100,0
1777924274.5961478,2026-05-04T21:51:14.596148,35.712,10027235106,2040,6251,33,100,0
1777924274.6192424,2026-05-04T21:51:14.619242,35.712,10027238193,2040,6251,33,100,0
1777924274.6319752,2026-05-04T21:51:14.631975,35.712,10027238193,2040,6251,33,100,0
1777924274.6444478,2026-05-04T21:51:14.644448,35.712,10027238193,2040,6251,33,100,0
1777924274.657017,2026-05-04T21:51:14.657017,35.712,10027238193,2040,6251,33,100,0
1777924274.6712732,2026-05-04T21:51:14.671273,35.712,10027238193,2040,6251,33,100,0
1777924274.6837015,2026-05-04T21:51:14.683702,35.712,10027238193,2040,6251,33,100,0
1777924274.6963248,2026-05-04T21:51:14.696325,35.342,10027238193,2040,6251,33,100,0
1777924274.711069,2026-05-04T21:51:14.711069,35.342,10027241279,2040,6251,33,100,0
1777924274.724392,2026-05-04T21:51:14.724392,35.342,10027241279,2040,6251,33,100,0
1777924274.7369552,2026-05-04T21:51:14.736955,35.342,10027241279,2040,6251,33,100,0
1777924274.751031,2026-05-04T21:51:14.751031,35.342,10027241279,2040,6251,33,100,0
1777924274.7634754,2026-05-04T21:51:14.763475,35.342,10027241279,2040,6251,33,100,0
1777924274.7760127,2026-05-04T21:51:14.776013,35.342,10027241279,2040,6251,33,100,0
1777924274.7910538,2026-05-04T21:51:14.791054,35.342,10027241279,2040,6251,33,100,0
1777924274.8035827,2026-05-04T21:51:14.803583,34.969,10027241279,2040,6251,33,100,0
1777924274.8161862,2026-05-04T21:51:14.816186,34.969,10027244364,2040,6251,33,100,0
1777924274.8316727,2026-05-04T21:51:14.831673,34.969,10027244364,2040,6251,33,100,0
1777924274.8441892,2026-05-04T21:51:14.844189,34.969,10027244364,2040,6251,33,100,0
1777924274.8566954,2026-05-04T21:51:14.856695,34.969,10027244364,2040,6251,33,100,0
1777924274.8710496,2026-05-04T21:51:14.871050,34.969,10027244364,2040,6251,33,100,0
1777924274.8835254,2026-05-04T21:51:14.883525,34.969,10027244364,2040,6251,33,100,0
1777924274.8960404,2026-05-04T21:51:14.896040,34.603,10027244364,2040,6251,33,100,0
1777924274.9112108,2026-05-04T21:51:14.911211,34.603,10027247442,2040,6251,33,100,0
1777924274.924367,2026-05-04T21:51:14.924367,34.603,10027247442,2040,6251,33,100,0
1777924274.9369748,2026-05-04T21:51:14.936975,34.603,10027247442,2040,6251,33,100,0
1777924274.9509785,2026-05-04T21:51:14.950979,34.603,10027247442,2040,6251,33,100,0
1777924274.9634697,2026-05-04T21:51:14.963470,34.603,10027247442,2040,6251,33,100,0
1777924274.9760227,2026-05-04T21:51:14.976023,34.603,10027247442,2040,6251,33,100,0
1777924274.990902,2026-05-04T21:51:14.990902,34.603,10027247442,2040,6251,33,100,0
1777924275.0032725,2026-05-04T21:51:15.003273,34.147,10027247442,2040,6251,33,100,0
1777924275.0245292,2026-05-04T21:51:15.024529,34.147,10027250556,2040,6251,33,100,0
1777924275.0451388,2026-05-04T21:51:15.045139,34.147,10027250556,2040,6251,33,100,0
1777924275.0631473,2026-05-04T21:51:15.063147,34.147,10027250556,2040,6251,33,100,0
1777924275.083477,2026-05-04T21:51:15.083477,34.147,10027250556,2040,6251,33,100,0
1777924275.1001813,2026-05-04T21:51:15.100181,34.109,10027250556,2040,6251,33,100,0
1777924275.1262982,2026-05-04T21:51:15.126298,34.109,10027254013,2040,6251,33,100,0
1777924275.1438415,2026-05-04T21:51:15.143842,34.109,10027254013,2040,6251,33,100,0
1777924275.1640317,2026-05-04T21:51:15.164032,34.109,10027254013,2040,6251,33,100,0
1777924275.1799557,2026-05-04T21:51:15.179956,34.109,10027254013,2040,6251,33,100,0
1777924275.1987824,2026-05-04T21:51:15.198782,34.116,10027254013,2040,6251,33,100,0
1777924275.2170177,2026-05-04T21:51:15.217018,34.116,10027257504,2040,6251,33,100,0
1777924275.2369096,2026-05-04T21:51:15.236910,34.116,10027257504,2040,6251,33,100,0
1777924275.25405,2026-05-04T21:51:15.254050,34.116,10027257504,2040,6251,33,100,0
1777924275.274298,2026-05-04T21:51:15.274298,34.116,10027257504,2040,6251,33,100,0
1777924275.294899,2026-05-04T21:51:15.294899,34.116,10027257504,2040,6251,33,100,0
1777924275.3147786,2026-05-04T21:51:15.314779,33.764,10027260996,2040,6251,33,100,0
1777924275.3360476,2026-05-04T21:51:15.336048,33.764,10027260996,2040,6251,33,100,0
1777924275.3552659,2026-05-04T21:51:15.355266,33.764,10027260996,2040,6251,33,100,0
1777924275.3735628,2026-05-04T21:51:15.373563,33.764,10027260996,2040,6251,33,100,0
1777924275.3949978,2026-05-04T21:51:15.394998,33.764,10027260996,2040,6251,33,100,0
1777924275.414336,2026-05-04T21:51:15.414336,33.214,10027264487,2040,6251,33,100,0
1777924275.4325616,2026-05-04T21:51:15.432562,33.214,10027264487,2040,6251,33,100,0
1777924275.4549222,2026-05-04T21:51:15.454922,33.214,10027264487,2040,6251,33,100,0
1777924275.472971,2026-05-04T21:51:15.472971,33.214,10027264487,2040,6251,33,100,0
1777924275.4956343,2026-05-04T21:51:15.495634,33.214,10027264487,2040,6251,33,100,0
1777924275.5138547,2026-05-04T21:51:15.513855,32.651,10027267976,2040,6251,33,100,0
1777924275.533105,2026-05-04T21:51:15.533105,32.651,10027267976,2040,6251,33,100,0
1777924275.5556393,2026-05-04T21:51:15.555639,32.651,10027267976,2040,6251,33,100,0
1777924275.5729578,2026-05-04T21:51:15.572958,32.651,10027267976,2040,6251,33,100,0
1777924275.5955215,2026-05-04T21:51:15.595521,32.651,10027267976,2040,6251,33,100,0
1777924275.6119688,2026-05-04T21:51:15.611969,33.031,10027271480,2040,6251,33,100,0
1777924275.6352503,2026-05-04T21:51:15.635250,33.031,10027271480,2040,6251,33,100,0
1777924275.6560326,2026-05-04T21:51:15.656033,33.031,10027271480,2040,6251,33,100,0
1777924275.671748,2026-05-04T21:51:15.671748,33.031,10027271480,2040,6251,33,100,0
1777924275.6951911,2026-05-04T21:51:15.695191,33.031,10027271480,2040,6251,33,100,0
1777924275.7120082,2026-05-04T21:51:15.712008,33.399,10027274990,2040,6251,34,100,0
1777924275.7245977,2026-05-04T21:51:15.724598,33.399,10027274990,2040,6251,34,100,0
1777924275.7371967,2026-05-04T21:51:15.737197,33.399,10027274990,2040,6251,34,100,0
1777924275.7510579,2026-05-04T21:51:15.751058,33.399,10027274990,2040,6251,34,100,0
1777924275.7639205,2026-05-04T21:51:15.763921,33.399,10027274990,2040,6251,34,100,0
1777924275.7766206,2026-05-04T21:51:15.776621,33.399,10027274990,2040,6251,34,100,0
1777924275.790736,2026-05-04T21:51:15.790736,33.399,10027274990,2040,6251,34,100,0
1777924275.8033588,2026-05-04T21:51:15.803359,33.399,10027274990,2040,6251,34,100,0
1777924275.8161292,2026-05-04T21:51:15.816129,34.225,10027278887,2040,6251,34,100,0
1777924275.831422,2026-05-04T21:51:15.831422,34.225,10027278887,2040,6251,34,100,0
1777924275.8440354,2026-05-04T21:51:15.844035,34.225,10027278887,2040,6251,34,100,0
1777924275.8580897,2026-05-04T21:51:15.858090,34.225,10027278887,2040,6251,34,100,0
1777924275.8708637,2026-05-04T21:51:15.870864,34.225,10027278887,2040,6251,34,100,0
1777924275.8834627,2026-05-04T21:51:15.883463,34.225,10027278887,2040,6251,34,100,0
1777924275.8961794,2026-05-04T21:51:15.896179,34.225,10027278887,2040,6251,34,100,0
1777924275.9106789,2026-05-04T21:51:15.910679,34.813,10027282789,2040,6251,34,100,2
1777924275.9240365,2026-05-04T21:51:15.924037,34.813,10027282789,2040,6251,34,100,2
1777924275.9365773,2026-05-04T21:51:15.936577,34.813,10027282789,2040,6251,34,100,2
1777924275.9505758,2026-05-04T21:51:15.950576,34.813,10027282789,2040,6251,34,100,2
1777924275.9631124,2026-05-04T21:51:15.963112,34.813,10027282789,2040,6251,34,100,2
1777924275.975728,2026-05-04T21:51:15.975728,34.813,10027282789,2040,6251,34,100,2
1777924275.9905431,2026-05-04T21:51:15.990543,34.813,10027282789,2040,6251,34,100,2
1777924276.0031116,2026-05-04T21:51:16.003112,34.813,10027282789,2040,6251,34,100,2
1777924276.015726,2026-05-04T21:51:16.015726,34.895,10027285869,2040,6251,33,100,2
1777924276.0314295,2026-05-04T21:51:16.031430,34.895,10027285869,2040,6251,33,100,2
1777924276.043974,2026-05-04T21:51:16.043974,34.895,10027285869,2040,6251,33,100,2
1777924276.0579786,2026-05-04T21:51:16.057979,34.895,10027285869,2040,6251,33,100,2
1777924276.0707343,2026-05-04T21:51:16.070734,34.895,10027285869,2040,6251,33,100,2
1777924276.083287,2026-05-04T21:51:16.083287,34.895,10027285869,2040,6251,33,100,2
1777924276.0959423,2026-05-04T21:51:16.095942,34.895,10027285869,2040,6251,33,100,2
1777924276.1106343,2026-05-04T21:51:16.110634,34.911,10027288952,2040,6251,33,100,0
1777924276.1240401,2026-05-04T21:51:16.124040,34.911,10027288952,2040,6251,33,100,0
1777924276.1367152,2026-05-04T21:51:16.136715,34.911,10027288952,2040,6251,33,100,0
1777924276.1505628,2026-05-04T21:51:16.150563,34.911,10027288952,2040,6251,33,100,0
1777924276.1630619,2026-05-04T21:51:16.163062,34.911,10027288952,2040,6251,33,100,0
1777924276.1756907,2026-05-04T21:51:16.175691,34.911,10027288952,2040,6251,33,100,0
1777924276.1905577,2026-05-04T21:51:16.190558,34.911,10027288952,2040,6251,33,100,0
1777924276.2030346,2026-05-04T21:51:16.203035,34.911,10027288952,2040,6251,33,100,0
1777924276.2156556,2026-05-04T21:51:16.215656,34.621,10027292033,2040,6251,33,100,0
1777924276.231174,2026-05-04T21:51:16.231174,34.621,10027292033,2040,6251,33,100,0
1777924276.2436345,2026-05-04T21:51:16.243634,34.621,10027292033,2040,6251,33,100,0
1777924276.2563002,2026-05-04T21:51:16.256300,34.621,10027292033,2040,6251,33,100,0
1777924276.2705874,2026-05-04T21:51:16.270587,34.621,10027292033,2040,6251,33,100,0
1777924276.2830656,2026-05-04T21:51:16.283066,34.621,10027292033,2040,6251,33,100,0
1777924276.295649,2026-05-04T21:51:16.295649,34.621,10027292033,2040,6251,33,100,0
1777924276.3107748,2026-05-04T21:51:16.310775,34.277,10027295093,2040,6251,33,100,0
1777924276.3267653,2026-05-04T21:51:16.326765,34.277,10027295093,2040,6251,33,100,0
1777924276.3456316,2026-05-04T21:51:16.345632,34.277,10027295093,2040,6251,33,100,0
1777924276.3659673,2026-05-04T21:51:16.365967,34.277,10027295093,2040,6251,33,100,0
1777924276.382963,2026-05-04T21:51:16.382963,34.277,10027295093,2040,6251,33,100,0
1777924276.4028714,2026-05-04T21:51:16.402871,34.277,10027295093,2040,6251,33,100,0
1777924276.4201398,2026-05-04T21:51:16.420140,33.808,10027298531,2040,6251,33,100,0
1777924276.4382818,2026-05-04T21:51:16.438282,33.808,10027298531,2040,6251,33,100,0
1777924276.4555163,2026-05-04T21:51:16.455516,33.808,10027298531,2040,6251,33,100,0
1777924276.4746895,2026-05-04T21:51:16.474689,33.808,10027298531,2040,6251,33,100,0
1777924276.4946117,2026-05-04T21:51:16.494612,33.808,10027298531,2040,6251,33,100,0
1777924276.514333,2026-05-04T21:51:16.514333,33.921,10027302018,2040,6251,33,100,0
1777924276.5332398,2026-05-04T21:51:16.533240,33.921,10027302018,2040,6251,33,100,0
1777924276.553305,2026-05-04T21:51:16.553305,33.921,10027302018,2040,6251,33,100,0
1777924276.5741062,2026-05-04T21:51:16.574106,33.921,10027302018,2040,6251,33,100,0
1777924276.5940707,2026-05-04T21:51:16.594071,33.921,10027302018,2040,6251,33,100,0
1777924276.6137447,2026-05-04T21:51:16.613745,33.921,10027305513,2040,6251,33,100,0
1777924276.6355898,2026-05-04T21:51:16.635590,33.921,10027305513,2040,6251,34,100,0
1777924276.6539207,2026-05-04T21:51:16.653921,33.921,10027305513,2040,6251,34,100,0
1777924276.6747627,2026-05-04T21:51:16.674763,33.921,10027305513,2040,6251,34,100,0
1777924276.6936018,2026-05-04T21:51:16.693602,33.921,10027305513,2040,6251,34,100,0
1777924276.7150927,2026-05-04T21:51:16.715093,33.921,10027309006,2040,6251,34,100,0
1777924276.7386796,2026-05-04T21:51:16.738680,33.921,10027309006,2040,6251,34,100,0
1777924276.7513711,2026-05-04T21:51:16.751371,33.921,10027309006,2040,6251,34,100,0
1777924276.763811,2026-05-04T21:51:16.763811,33.921,10027309006,2040,6251,34,100,0
1777924276.7764332,2026-05-04T21:51:16.776433,33.921,10027309006,2040,6251,34,100,0
1777924276.7905686,2026-05-04T21:51:16.790569,33.921,10027309006,2040,6251,34,100,0
1777924276.8031666,2026-05-04T21:51:16.803167,33.921,10027309006,2040,6251,34,100,0
1777924276.8158145,2026-05-04T21:51:16.815814,33.913,10027312786,2040,6251,34,100,0
1777924276.8310738,2026-05-04T21:51:16.831074,33.913,10027312786,2040,6251,34,100,0
1777924276.8437407,2026-05-04T21:51:16.843741,33.913,10027312786,2040,6251,34,100,0
1777924276.857845,2026-05-04T21:51:16.857845,33.913,10027312786,2040,6251,34,100,0
1777924276.87075,2026-05-04T21:51:16.870750,33.913,10027312786,2040,6251,34,100,0
1777924276.8831916,2026-05-04T21:51:16.883192,33.913,10027312786,2040,6251,34,100,0
1777924276.8957553,2026-05-04T21:51:16.895755,33.913,10027312786,2040,6251,34,100,0
1777924276.9103699,2026-05-04T21:51:16.910370,33.913,10027316243,2040,6251,34,100,0
1777924276.9238245,2026-05-04T21:51:16.923825,34.304,10027316243,2040,6251,34,100,2
1777924276.936726,2026-05-04T21:51:16.936726,34.304,10027316243,2040,6251,34,100,2
1777924276.950292,2026-05-04T21:51:16.950292,34.304,10027316243,2040,6251,34,100,2
1777924276.9630027,2026-05-04T21:51:16.963003,34.304,10027316243,2040,6251,34,100,2
1777924276.9756725,2026-05-04T21:51:16.975672,34.304,10027316243,2040,6251,34,100,2
1777924276.9902983,2026-05-04T21:51:16.990298,34.304,10027316243,2040,6251,34,100,2
1777924277.0027504,2026-05-04T21:51:17.002750,34.304,10027316243,2040,6251,34,100,2
1777924277.0153384,2026-05-04T21:51:17.015338,33.257,10027319294,2040,6251,33,100,2
1777924277.0309029,2026-05-04T21:51:17.030903,33.257,10027319294,2040,6251,33,100,2
1777924277.0433776,2026-05-04T21:51:17.043378,33.257,10027319294,2040,6251,33,100,2
1777924277.0573092,2026-05-04T21:51:17.057309,33.257,10027319294,2040,6251,33,100,2
1777924277.070449,2026-05-04T21:51:17.070449,33.257,10027319294,2040,6251,33,100,2
1777924277.082747,2026-05-04T21:51:17.082747,33.257,10027319294,2040,6251,33,100,2
1777924277.100057,2026-05-04T21:51:17.100057,33.257,10027319294,2040,6251,33,100,2
1777924277.1180303,2026-05-04T21:51:17.118030,33.598,10027322461,2040,6251,33,100,0
1777924277.1402514,2026-05-04T21:51:17.140251,33.598,10027322461,2040,6251,33,100,0
1777924277.1591957,2026-05-04T21:51:17.159196,33.598,10027322461,2040,6251,33,100,0
1777924277.175622,2026-05-04T21:51:17.175622,33.598,10027322461,2040,6251,33,100,0
1777924277.1943736,2026-05-04T21:51:17.194374,33.598,10027322461,2040,6251,33,100,0
1777924277.2135584,2026-05-04T21:51:17.213558,33.598,10027325954,2040,6251,33,100,0
1777924277.2361202,2026-05-04T21:51:17.236120,33.962,10027325954,2040,6251,34,100,0
1777924277.2541153,2026-05-04T21:51:17.254115,33.962,10027325954,2040,6251,34,100,0
1777924277.2740674,2026-05-04T21:51:17.274067,33.962,10027325954,2040,6251,34,100,0
1777924277.290601,2026-05-04T21:51:17.290601,33.962,10027325954,2040,6251,34,100,0
1777924277.3032115,2026-05-04T21:51:17.303211,33.962,10027325954,2040,6251,34,100,0
1777924277.315908,2026-05-04T21:51:17.315908,34.714,10027329561,2040,6251,34,100,0
1777924277.3304513,2026-05-04T21:51:17.330451,34.714,10027329561,2040,6251,34,100,0
1777924277.3429859,2026-05-04T21:51:17.342986,34.714,10027329561,2040,6251,34,100,0
1777924277.3569188,2026-05-04T21:51:17.356919,34.714,10027329561,2040,6251,34,100,0
1777924277.3704433,2026-05-04T21:51:17.370443,34.714,10027329561,2040,6251,34,100,0
1777924277.382896,2026-05-04T21:51:17.382896,34.714,10027329561,2040,6251,34,100,0
1777924277.39538,2026-05-04T21:51:17.395380,34.714,10027329561,2040,6251,34,100,0
1777924277.4101849,2026-05-04T21:51:17.410185,34.714,10027332781,2040,6251,34,100,0
1777924277.4235284,2026-05-04T21:51:17.423528,34.6,10027332781,2040,6251,33,100,0
1777924277.4361048,2026-05-04T21:51:17.436105,34.6,10027332781,2040,6251,33,100,0
1777924277.4526193,2026-05-04T21:51:17.452619,34.6,10027332781,2040,6251,33,100,0
1777924277.4751577,2026-05-04T21:51:17.475158,34.6,10027332781,2040,6251,33,100,0
1777924277.495809,2026-05-04T21:51:17.495809,34.6,10027332781,2040,6251,33,100,0
1777924277.5101175,2026-05-04T21:51:17.510118,34.6,10027336122,2040,6251,33,100,0
1777924277.5235405,2026-05-04T21:51:17.523540,34.408,10027336122,2040,6251,33,100,0
1777924277.5361385,2026-05-04T21:51:17.536139,34.408,10027336122,2040,6251,33,100,0
1777924277.5502799,2026-05-04T21:51:17.550280,34.408,10027336122,2040,6251,33,100,0
1777924277.5629041,2026-05-04T21:51:17.562904,34.408,10027336122,2040,6251,33,100,0
1777924277.5756571,2026-05-04T21:51:17.575657,34.408,10027336122,2040,6251,33,100,0
1777924277.5901859,2026-05-04T21:51:17.590186,34.408,10027336122,2040,6251,33,100,0
1777924277.6027577,2026-05-04T21:51:17.602758,34.408,10027336122,2040,6251,33,100,0
1777924277.6155255,2026-05-04T21:51:17.615525,33.857,10027339042,2040,6251,33,100,0
1777924277.6331682,2026-05-04T21:51:17.633168,33.857,10027339042,2040,6251,33,100,0
1777924277.6457026,2026-05-04T21:51:17.645703,33.857,10027339042,2040,6251,33,100,0
1777924277.6583924,2026-05-04T21:51:17.658392,33.857,10027339042,2040,6251,33,100,0
1777924277.6711245,2026-05-04T21:51:17.671124,33.857,10027339042,2040,6251,33,100,0
1777924277.683711,2026-05-04T21:51:17.683711,33.857,10027339042,2040,6251,33,100,0
1777924277.696507,2026-05-04T21:51:17.696507,33.857,10027339042,2040,6251,33,100,0
1777924277.710476,2026-05-04T21:51:17.710476,33.857,10027341876,2040,6251,33,100,0
1777924277.7235622,2026-05-04T21:51:17.723562,33.112,10027341876,2040,6251,33,27,2
1777924277.7364354,2026-05-04T21:51:17.736435,33.112,10027341876,2040,6251,33,27,2
1777924277.7502651,2026-05-04T21:51:17.750265,33.112,10027341876,2040,6251,33,27,2
1777924277.7628407,2026-05-04T21:51:17.762841,33.112,10027341876,2040,6251,33,27,2
1777924277.7756197,2026-05-04T21:51:17.775620,33.112,10027341876,2040,6251,33,27,2
1777924277.790164,2026-05-04T21:51:17.790164,33.112,10027341876,2040,6251,33,27,2
1777924277.8027399,2026-05-04T21:51:17.802740,33.112,10027341876,2040,6251,33,27,2
1777924277.8155234,2026-05-04T21:51:17.815523,32.676,10027344706,2040,6251,33,27,2
1777924277.8330686,2026-05-04T21:51:17.833069,32.676,10027344706,2040,6251,33,27,2
1777924277.8456564,2026-05-04T21:51:17.845656,32.676,10027344706,2040,6251,33,27,2
1777924277.858399,2026-05-04T21:51:17.858399,32.676,10027344706,2040,6251,33,27,2
1777924277.871122,2026-05-04T21:51:17.871122,32.676,10027344706,2040,6251,33,27,2
1777924277.8837028,2026-05-04T21:51:17.883703,32.676,10027344706,2040,6251,33,27,2
1777924277.8965213,2026-05-04T21:51:17.896521,32.676,10027344706,2040,6251,33,27,2
1777924277.9101746,2026-05-04T21:51:17.910175,32.676,10027347537,2040,6251,33,27,2
1777924277.923463,2026-05-04T21:51:17.923463,31.55,10027347537,2040,6251,33,13,2
1777924277.9362955,2026-05-04T21:51:17.936296,31.55,10027347537,2040,6251,33,13,2
1777924277.950187,2026-05-04T21:51:17.950187,31.55,10027347537,2040,6251,33,13,2
1777924277.962742,2026-05-04T21:51:17.962742,31.55,10027347537,2040,6251,33,13,2
1777924277.97546,2026-05-04T21:51:17.975460,31.55,10027347537,2040,6251,33,13,2
1777924277.99032,2026-05-04T21:51:17.990320,31.55,10027347537,2040,6251,33,13,2
1777924278.0028577,2026-05-04T21:51:18.002858,31.55,10027347537,2040,6251,33,13,2
1777924278.0155375,2026-05-04T21:51:18.015538,31.36,10027350362,2040,6251,33,13,2
1777924278.0328386,2026-05-04T21:51:18.032839,31.36,10027350362,2040,6251,33,13,2
1777924278.0452206,2026-05-04T21:51:18.045221,31.36,10027350362,2040,6251,33,13,2
1777924278.0577106,2026-05-04T21:51:18.057711,31.36,10027350362,2040,6251,33,13,2
1777924278.070357,2026-05-04T21:51:18.070357,31.36,10027350362,2040,6251,33,13,2
1777924278.0828528,2026-05-04T21:51:18.082853,31.36,10027350362,2040,6251,33,13,2
1777924278.095521,2026-05-04T21:51:18.095521,31.36,10027350362,2040,6251,33,13,2
1777924278.1101534,2026-05-04T21:51:18.110153,31.36,10027353938,2040,6251,33,13,2
1777924278.1234045,2026-05-04T21:51:18.123405,31.827,10027353938,2040,6251,33,13,2
1777924278.1361084,2026-05-04T21:51:18.136108,31.827,10027353938,2040,6251,33,13,2
1777924278.1500134,2026-05-04T21:51:18.150013,31.827,10027353938,2040,6251,33,13,2
1777924278.162647,2026-05-04T21:51:18.162647,31.827,10027353938,2040,6251,33,13,2
1777924278.175381,2026-05-04T21:51:18.175381,31.827,10027353938,2040,6251,33,13,2
1777924278.1900377,2026-05-04T21:51:18.190038,31.827,10027353938,2040,6251,33,13,2
1777924278.202698,2026-05-04T21:51:18.202698,31.827,10027353938,2040,6251,33,13,2
1777924278.215488,2026-05-04T21:51:18.215488,32.657,10027357865,2040,6251,34,13,2
1777924278.2328637,2026-05-04T21:51:18.232864,32.657,10027357865,2040,6251,34,13,2
1777924278.245446,2026-05-04T21:51:18.245446,32.657,10027357865,2040,6251,34,13,2
1777924278.2582517,2026-05-04T21:51:18.258252,32.657,10027357865,2040,6251,34,13,2
1777924278.2709708,2026-05-04T21:51:18.270971,32.657,10027357865,2040,6251,34,13,2
1777924278.2834737,2026-05-04T21:51:18.283474,32.657,10027357865,2040,6251,34,13,2
1777924278.2962372,2026-05-04T21:51:18.296237,32.657,10027357865,2040,6251,34,13,2
1777924278.309992,2026-05-04T21:51:18.309992,32.657,10027361987,2040,6251,34,13,2
1777924278.3234713,2026-05-04T21:51:18.323471,32.658,10027361987,2040,6251,34,100,2
1777924278.3364396,2026-05-04T21:51:18.336440,32.658,10027361987,2040,6251,34,100,2
1777924278.3499315,2026-05-04T21:51:18.349931,32.658,10027361987,2040,6251,34,100,2
1777924278.3626206,2026-05-04T21:51:18.362621,32.658,10027361987,2040,6251,34,100,2
1777924278.3754206,2026-05-04T21:51:18.375421,32.658,10027361987,2040,6251,34,100,2
1777924278.389881,2026-05-04T21:51:18.389881,32.658,10027361987,2040,6251,34,100,2
1777924278.4025023,2026-05-04T21:51:18.402502,32.658,10027361987,2040,6251,34,100,2
1777924278.4152691,2026-05-04T21:51:18.415269,33.448,10027366106,2040,6251,34,100,2
1777924278.432957,2026-05-04T21:51:18.432957,33.448,10027366106,2040,6251,34,100,2
1777924278.4455273,2026-05-04T21:51:18.445527,33.448,10027366106,2040,6251,34,100,2
1777924278.4583275,2026-05-04T21:51:18.458328,33.448,10027366106,2040,6251,34,100,2
1777924278.4710188,2026-05-04T21:51:18.471019,33.448,10027366106,2040,6251,34,100,2
1777924278.4835472,2026-05-04T21:51:18.483547,33.448,10027366106,2040,6251,34,100,2
1777924278.4962864,2026-05-04T21:51:18.496286,33.448,10027366106,2040,6251,34,100,2
1777924278.5098941,2026-05-04T21:51:18.509894,33.448,10027370233,2040,6251,34,100,2
1777924278.5233207,2026-05-04T21:51:18.523321,34.468,10027370233,2040,6251,34,100,3
1777924278.5361865,2026-05-04T21:51:18.536186,34.468,10027370233,2040,6251,34,100,3
1777924278.5501342,2026-05-04T21:51:18.550134,34.468,10027370233,2040,6251,34,100,3
1777924278.5627265,2026-05-04T21:51:18.562726,34.468,10027370233,2040,6251,34,100,3
1777924278.5754793,2026-05-04T21:51:18.575479,34.468,10027370233,2040,6251,34,100,3
1777924278.5899034,2026-05-04T21:51:18.589903,34.468,10027370233,2040,6251,34,100,3
1777924278.6025198,2026-05-04T21:51:18.602520,34.468,10027370233,2040,6251,34,100,3
1777924278.6152627,2026-05-04T21:51:18.615263,35.191,10027374352,2040,6251,34,100,3
1777924278.6328754,2026-05-04T21:51:18.632875,35.191,10027374352,2040,6251,34,100,3
1777924278.6455252,2026-05-04T21:51:18.645525,35.191,10027374352,2040,6251,34,100,3
1777924278.6583102,2026-05-04T21:51:18.658310,35.191,10027374352,2040,6251,34,100,3
1777924278.6710157,2026-05-04T21:51:18.671016,35.191,10027374352,2040,6251,34,100,3
1777924278.683479,2026-05-04T21:51:18.683479,35.191,10027374352,2040,6251,34,100,3
1777924278.6962295,2026-05-04T21:51:18.696229,35.191,10027374352,2040,6251,34,100,3
1777924278.709861,2026-05-04T21:51:18.709861,35.191,10027378469,2040,6251,34,100,3
1777924278.7232924,2026-05-04T21:51:18.723292,36.34,10027378469,2040,6251,34,100,3
1777924278.7360575,2026-05-04T21:51:18.736058,36.34,10027378469,2040,6251,34,100,3
1777924278.7497678,2026-05-04T21:51:18.749768,36.34,10027378469,2040,6251,34,100,3
1777924278.762285,2026-05-04T21:51:18.762285,36.34,10027378469,2040,6251,34,100,3
1777924278.77489,2026-05-04T21:51:18.774890,36.34,10027378469,2040,6251,34,100,3
1777924278.789698,2026-05-04T21:51:18.789698,36.34,10027378469,2040,6251,34,100,3
1777924278.802225,2026-05-04T21:51:18.802225,36.34,10027378469,2040,6251,34,100,3
1777924278.8148382,2026-05-04T21:51:18.814838,36.34,10027381745,2040,6251,34,100,3
1777924278.831606,2026-05-04T21:51:18.831606,36.529,10027381745,2040,6251,34,100,3
1777924278.844285,2026-05-04T21:51:18.844285,36.529,10027381745,2040,6251,34,100,3
1777924278.8572867,2026-05-04T21:51:18.857287,36.529,10027381745,2040,6251,34,100,3
1777924278.869873,2026-05-04T21:51:18.869873,36.529,10027381745,2040,6251,34,100,3
1777924278.8823674,2026-05-04T21:51:18.882367,36.529,10027381745,2040,6251,34,100,3
1777924278.895034,2026-05-04T21:51:18.895034,36.529,10027381745,2040,6251,34,100,3
1777924278.9097273,2026-05-04T21:51:18.909727,36.529,10027384818,2040,6251,34,100,3
1777924278.9231248,2026-05-04T21:51:18.923125,36.764,10027384818,2040,6251,33,100,0
1777924278.9358041,2026-05-04T21:51:18.935804,36.764,10027384818,2040,6251,33,100,0
1777924278.9497132,2026-05-04T21:51:18.949713,36.764,10027384818,2040,6251,33,100,0
1777924278.9622653,2026-05-04T21:51:18.962265,36.764,10027384818,2040,6251,33,100,0
1777924278.974923,2026-05-04T21:51:18.974923,36.764,10027384818,2040,6251,33,100,0
1777924278.9896874,2026-05-04T21:51:18.989687,36.764,10027384818,2040,6251,33,100,0
1777924279.0022058,2026-05-04T21:51:19.002206,36.764,10027384818,2040,6251,33,100,0
1777924279.0148563,2026-05-04T21:51:19.014856,36.764,10027387906,2040,6251,33,100,0
1777924279.0324152,2026-05-04T21:51:19.032415,36.987,10027387906,2040,6251,33,100,0
1777924279.0449767,2026-05-04T21:51:19.044977,36.987,10027387906,2040,6251,33,100,0
1777924279.0576332,2026-05-04T21:51:19.057633,36.987,10027387906,2040,6251,33,100,0
1777924279.0701993,2026-05-04T21:51:19.070199,36.987,10027387906,2040,6251,33,100,0
1777924279.082702,2026-05-04T21:51:19.082702,36.987,10027387906,2040,6251,33,100,0
1777924279.0954018,2026-05-04T21:51:19.095402,36.987,10027387906,2040,6251,33,100,0
1777924279.109944,2026-05-04T21:51:19.109944,36.987,10027390997,2040,6251,33,100,0
1777924279.1231039,2026-05-04T21:51:19.123104,37.212,10027390997,2040,6251,33,100,0
1777924279.135865,2026-05-04T21:51:19.135865,37.212,10027390997,2040,6251,33,100,0
1777924279.1496356,2026-05-04T21:51:19.149636,37.212,10027390997,2040,6251,33,100,0
1777924279.1621573,2026-05-04T21:51:19.162157,37.212,10027390997,2040,6251,33,100,0
1777924279.1748707,2026-05-04T21:51:19.174871,37.212,10027390997,2040,6251,33,100,0
1777924279.1896012,2026-05-04T21:51:19.189601,37.212,10027390997,2040,6251,33,100,0
1777924279.2021203,2026-05-04T21:51:19.202120,37.212,10027390997,2040,6251,33,100,0
1777924279.2147682,2026-05-04T21:51:19.214768,37.212,10027394086,2040,6251,33,100,0
1777924279.2323492,2026-05-04T21:51:19.232349,36.539,10027394086,2040,6251,33,100,0
1777924279.2449126,2026-05-04T21:51:19.244913,36.539,10027394086,2040,6251,33,100,0
1777924279.2575834,2026-05-04T21:51:19.257583,36.539,10027394086,2040,6251,33,100,0
1777924279.270101,2026-05-04T21:51:19.270101,36.539,10027394086,2040,6251,33,100,0
1777924279.2826638,2026-05-04T21:51:19.282664,36.539,10027394086,2040,6251,33,100,0
1777924279.2952735,2026-05-04T21:51:19.295274,36.539,10027394086,2040,6251,33,100,0
1777924279.3095915,2026-05-04T21:51:19.309592,36.539,10027397163,2040,6251,33,100,0
1777924279.32302,2026-05-04T21:51:19.323020,35.616,10027397163,2040,6251,33,100,0
1777924279.3357286,2026-05-04T21:51:19.335729,35.616,10027397163,2040,6251,33,100,0
1777924279.3495562,2026-05-04T21:51:19.349556,35.616,10027397163,2040,6251,33,100,0
1777924279.3619604,2026-05-04T21:51:19.361960,35.616,10027397163,2040,6251,33,100,0
1777924279.3746073,2026-05-04T21:51:19.374607,35.616,10027397163,2040,6251,33,100,0
1777924279.3898876,2026-05-04T21:51:19.389888,35.616,10027397163,2040,6251,33,100,0
1777924279.4024024,2026-05-04T21:51:19.402402,35.616,10027397163,2040,6251,33,100,0
1777924279.4150646,2026-05-04T21:51:19.415065,34.674,10027400251,2040,6251,33,100,0
1777924279.4324148,2026-05-04T21:51:19.432415,34.674,10027400251,2040,6251,33,100,0
1777924279.4449456,2026-05-04T21:51:19.444946,34.674,10027400251,2040,6251,33,100,0
1777924279.4576042,2026-05-04T21:51:19.457604,34.674,10027400251,2040,6251,33,100,0
1777924279.4701383,2026-05-04T21:51:19.470138,34.674,10027400251,2040,6251,33,100,0
1777924279.4826376,2026-05-04T21:51:19.482638,34.674,10027400251,2040,6251,33,100,0
1777924279.495371,2026-05-04T21:51:19.495371,34.674,10027400251,2040,6251,33,100,0
1777924279.5095875,2026-05-04T21:51:19.509588,34.674,10027403338,2040,6251,33,100,0
1777924279.522874,2026-05-04T21:51:19.522874,33.72,10027403338,2040,6251,33,100,0
1777924279.5355308,2026-05-04T21:51:19.535531,33.72,10027403338,2040,6251,33,100,0
1777924279.549598,2026-05-04T21:51:19.549598,33.72,10027403338,2040,6251,33,100,0
1777924279.5620196,2026-05-04T21:51:19.562020,33.72,10027403338,2040,6251,33,100,0
1777924279.5746145,2026-05-04T21:51:19.574615,33.72,10027403338,2040,6251,33,100,0
1777924279.5896692,2026-05-04T21:51:19.589669,33.72,10027403338,2040,6251,33,100,0
1777924279.602186,2026-05-04T21:51:19.602186,33.72,10027403338,2040,6251,33,100,0
1777924279.6147792,2026-05-04T21:51:19.614779,33.72,10027406419,2040,6251,33,100,0
1777924279.632308,2026-05-04T21:51:19.632308,32.767,10027406419,2040,6251,33,100,0
1777924279.6448355,2026-05-04T21:51:19.644835,32.767,10027406419,2040,6251,33,100,0
1777924279.6573963,2026-05-04T21:51:19.657396,32.767,10027406419,2040,6251,33,100,0
1777924279.6700654,2026-05-04T21:51:19.670065,32.767,10027406419,2040,6251,33,100,0
1777924279.6825712,2026-05-04T21:51:19.682571,32.767,10027406419,2040,6251,33,100,0
1777924279.695143,2026-05-04T21:51:19.695143,32.767,10027406419,2040,6251,33,100,0
1777924279.7096224,2026-05-04T21:51:19.709622,32.767,10027409499,2040,6251,33,100,0
1777924279.7228577,2026-05-04T21:51:19.722858,31.86,10027409499,2040,6251,33,100,0
1777924279.7356753,2026-05-04T21:51:19.735675,31.86,10027409499,2040,6251,33,100,0
1777924279.7495635,2026-05-04T21:51:19.749563,31.86,10027409499,2040,6251,33,100,0
1777924279.7620609,2026-05-04T21:51:19.762061,31.86,10027409499,2040,6251,33,100,0
1777924279.7745638,2026-05-04T21:51:19.774564,31.86,10027409499,2040,6251,33,100,0
1777924279.7894483,2026-05-04T21:51:19.789448,31.86,10027409499,2040,6251,33,100,0
1777924279.8019667,2026-05-04T21:51:19.801967,31.86,10027409499,2040,6251,33,100,0
1777924279.8145761,2026-05-04T21:51:19.814576,31.86,10027412579,2040,6251,33,100,0
1777924279.8323534,2026-05-04T21:51:19.832353,30.938,10027412579,2040,6251,33,100,0
1777924279.8448653,2026-05-04T21:51:19.844865,30.938,10027412579,2040,6251,33,100,0
1777924279.8575325,2026-05-04T21:51:19.857533,30.938,10027412579,2040,6251,33,100,0
1777924279.8700655,2026-05-04T21:51:19.870065,30.938,10027412579,2040,6251,33,100,0
1777924279.8825178,2026-05-04T21:51:19.882518,30.938,10027412579,2040,6251,33,100,0
1777924279.895166,2026-05-04T21:51:19.895166,30.938,10027412579,2040,6251,33,100,0
1777924279.9094393,2026-05-04T21:51:19.909439,30.938,10027415662,2040,6251,33,100,0
1777924279.9228587,2026-05-04T21:51:19.922859,30.955,10027415662,2040,6251,33,100,0
1777924279.935806,2026-05-04T21:51:19.935806,30.955,10027415662,2040,6251,33,100,0
1777924279.9496655,2026-05-04T21:51:19.949666,30.955,10027415662,2040,6251,33,100,0
1777924279.9621954,2026-05-04T21:51:19.962195,30.955,10027415662,2040,6251,33,100,0
1777924279.9748902,2026-05-04T21:51:19.974890,30.955,10027415662,2040,6251,33,100,0
1777924279.9894373,2026-05-04T21:51:19.989437,30.955,10027415662,2040,6251,33,100,0
1777924280.0018299,2026-05-04T21:51:20.001830,30.955,10027415662,2040,6251,33,100,0
1777924280.014489,2026-05-04T21:51:20.014489,30.955,10027418746,2040,6251,33,100,0
1777924280.032397,2026-05-04T21:51:20.032397,30.947,10027418746,2040,6251,33,100,0
1777924280.0448263,2026-05-04T21:51:20.044826,30.947,10027418746,2040,6251,33,100,0
1777924280.0573905,2026-05-04T21:51:20.057390,30.947,10027418746,2040,6251,33,100,0
1777924280.0700717,2026-05-04T21:51:20.070072,30.947,10027418746,2040,6251,33,100,0
1777924280.0824568,2026-05-04T21:51:20.082457,30.947,10027418746,2040,6251,33,100,0
1777924280.0950506,2026-05-04T21:51:20.095051,30.947,10027418746,2040,6251,33,100,0
1777924280.109415,2026-05-04T21:51:20.109415,30.947,10027421834,2040,6251,33,100,0
1777924280.1226492,2026-05-04T21:51:20.122649,30.938,10027421834,2040,6251,33,100,0
1777924280.1351576,2026-05-04T21:51:20.135158,30.938,10027421834,2040,6251,33,100,0
1777924280.1493862,2026-05-04T21:51:20.149386,30.938,10027421834,2040,6251,33,100,0
1777924280.1618633,2026-05-04T21:51:20.161863,30.938,10027421834,2040,6251,33,100,0
1777924280.1743436,2026-05-04T21:51:20.174344,30.938,10027421834,2040,6251,33,100,0
1777924280.1893153,2026-05-04T21:51:20.189315,30.938,10027421834,2040,6251,33,100,0
1777924280.201859,2026-05-04T21:51:20.201859,30.938,10027421834,2040,6251,33,100,0
1777924280.214477,2026-05-04T21:51:20.214477,30.938,10027424920,2040,6251,33,100,0
1777924280.2302005,2026-05-04T21:51:20.230201,30.955,10027424920,2040,6251,33,100,0
1777924280.2428453,2026-05-04T21:51:20.242845,30.955,10027424920,2040,6251,33,100,0
1777924280.2554853,2026-05-04T21:51:20.255485,30.955,10027424920,2040,6251,33,100,0
1777924280.269333,2026-05-04T21:51:20.269333,30.955,10027424920,2040,6251,33,100,0
1777924280.2818477,2026-05-04T21:51:20.281848,30.955,10027424920,2040,6251,33,100,0
1777924280.2944927,2026-05-04T21:51:20.294493,30.955,10027424920,2040,6251,33,100,0
1777924280.3092558,2026-05-04T21:51:20.309256,30.955,10027428010,2040,6251,33,100,0
1777924280.3226573,2026-05-04T21:51:20.322657,30.955,10027428010,2040,6251,33,100,0
1777924280.3358703,2026-05-04T21:51:20.335870,30.955,10027428010,2040,6251,33,100,0
1777924280.3493075,2026-05-04T21:51:20.349308,30.955,10027428010,2040,6251,33,100,0
1777924280.3618305,2026-05-04T21:51:20.361830,30.955,10027428010,2040,6251,33,100,0
1777924280.3745112,2026-05-04T21:51:20.374511,30.955,10027428010,2040,6251,33,100,0
1777924280.3892407,2026-05-04T21:51:20.389241,30.955,10027428010,2040,6251,33,100,0
1777924280.4018044,2026-05-04T21:51:20.401804,30.955,10027428010,2040,6251,33,100,0
1777924280.4144595,2026-05-04T21:51:20.414459,30.955,10027431097,2040,6251,33,100,0
1777924280.432038,2026-05-04T21:51:20.432038,30.947,10027431097,2040,6251,33,100,0
1777924280.44453,2026-05-04T21:51:20.444530,30.947,10027431097,2040,6251,33,100,0
1777924280.4571493,2026-05-04T21:51:20.457149,30.947,10027431097,2040,6251,33,100,0
1777924280.469656,2026-05-04T21:51:20.469656,30.947,10027431097,2040,6251,33,100,0
1777924280.482136,2026-05-04T21:51:20.482136,30.947,10027431097,2040,6251,33,100,0
1777924280.4947228,2026-05-04T21:51:20.494723,30.947,10027431097,2040,6251,33,100,0
1777924280.5094755,2026-05-04T21:51:20.509475,30.947,10027434164,2040,6251,33,100,0
1777924280.5226033,2026-05-04T21:51:20.522603,30.92,10027434164,2040,6251,33,100,0
1777924280.5356634,2026-05-04T21:51:20.535663,30.92,10027434164,2040,6251,33,100,0
1777924280.5533257,2026-05-04T21:51:20.553326,30.92,10027434164,2040,6251,33,100,0
1777924280.5729778,2026-05-04T21:51:20.572978,30.92,10027434164,2040,6251,33,100,0
1777924280.5939593,2026-05-04T21:51:20.593959,30.92,10027434164,2040,6251,33,100,0
1777924280.6139197,2026-05-04T21:51:20.613920,30.92,10027437525,2040,6251,33,100,0
1777924280.6381674,2026-05-04T21:51:20.638167,31.285,10027437525,2040,6251,33,100,0
1777924280.6574314,2026-05-04T21:51:20.657431,31.285,10027437525,2040,6251,33,100,0
1777924280.6758397,2026-05-04T21:51:20.675840,31.285,10027437525,2040,6251,33,100,0
1777924280.6945837,2026-05-04T21:51:20.694584,31.285,10027437525,2040,6251,33,100,0
1777924280.7132215,2026-05-04T21:51:20.713222,31.285,10027441016,2040,6251,33,100,0
1777924280.7352412,2026-05-04T21:51:20.735241,31.661,10027441016,2040,6251,34,100,0
1777924280.761648,2026-05-04T21:51:20.761648,31.661,10027441016,2040,6251,34,100,0
1777924280.7837043,2026-05-04T21:51:20.783704,31.661,10027441016,2040,6251,34,100,0
1777924280.8022914,2026-05-04T21:51:20.802291,31.661,10027441016,2040,6251,34,100,0
1777924280.8244636,2026-05-04T21:51:20.824464,31.661,10027444513,2040,6251,34,100,0
1777924280.8437767,2026-05-04T21:51:20.843777,32.03,10027444513,2040,6251,34,100,0
1777924280.8628557,2026-05-04T21:51:20.862856,32.03,10027444513,2040,6251,34,100,0
1777924280.8817377,2026-05-04T21:51:20.881738,32.03,10027444513,2040,6251,34,100,0
1777924280.901836,2026-05-04T21:51:20.901836,32.03,10027444513,2040,6251,34,100,0
1777924280.9239957,2026-05-04T21:51:20.923996,32.03,10027448006,2040,6251,34,100,0
1777924280.9437783,2026-05-04T21:51:20.943778,32.407,10027448006,2040,6251,34,100,0
1777924280.9633374,2026-05-04T21:51:20.963337,32.407,10027448006,2040,6251,34,100,0
1777924280.983554,2026-05-04T21:51:20.983554,32.407,10027448006,2040,6251,34,100,0
1777924281.0005758,2026-05-04T21:51:21.000576,32.407,10027448006,2040,6251,34,100,0
1777924281.0206792,2026-05-04T21:51:21.020679,32.407,10027451504,2040,6251,34,100,0
1777924281.0403047,2026-05-04T21:51:21.040305,32.788,10027451504,2040,6251,34,100,0
1777924281.0591369,2026-05-04T21:51:21.059137,32.788,10027451504,2040,6251,34,100,0
1777924281.07975,2026-05-04T21:51:21.079750,32.788,10027451504,2040,6251,34,100,0
1777924281.0989814,2026-05-04T21:51:21.098981,32.788,10027451504,2040,6251,34,100,0
1777924281.1187055,2026-05-04T21:51:21.118706,32.788,10027454998,2040,6251,34,100,0
1777924281.1391578,2026-05-04T21:51:21.139158,33.163,10027454998,2040,6251,34,100,0
1777924281.1580489,2026-05-04T21:51:21.158049,33.163,10027454998,2040,6251,34,100,0
1777924281.176006,2026-05-04T21:51:21.176006,33.163,10027454998,2040,6251,34,100,0
1777924281.192582,2026-05-04T21:51:21.192582,33.163,10027454998,2040,6251,34,100,0
1777924281.2149951,2026-05-04T21:51:21.214995,33.163,10027458503,2040,6251,34,100,0
1777924281.2344043,2026-05-04T21:51:21.234404,33.163,10027458503,2040,6251,34,100,0
1777924281.2535052,2026-05-04T21:51:21.253505,33.552,10027458503,2040,6251,34,100,0
1777924281.2734509,2026-05-04T21:51:21.273451,33.552,10027458503,2040,6251,34,100,0
1777924281.2913857,2026-05-04T21:51:21.291386,33.552,10027458503,2040,6251,34,100,0
1777924281.3073888,2026-05-04T21:51:21.307389,33.552,10027462015,2040,6251,34,100,0
1777924281.326786,2026-05-04T21:51:21.326786,33.552,10027462015,2040,6251,34,100,0
1777924281.3456469,2026-05-04T21:51:21.345647,33.911,10027462015,2040,6251,34,100,0
1777924281.3654344,2026-05-04T21:51:21.365434,33.911,10027462015,2040,6251,34,100,0
1777924281.3839846,2026-05-04T21:51:21.383985,33.911,10027462015,2040,6251,34,100,0
1777924281.4021196,2026-05-04T21:51:21.402120,33.911,10027462015,2040,6251,34,100,0
1777924281.4198291,2026-05-04T21:51:21.419829,33.911,10027465512,2040,6251,34,100,0
1777924281.4402986,2026-05-04T21:51:21.440299,34.283,10027465512,2040,6251,34,100,0
1777924281.462057,2026-05-04T21:51:21.462057,34.283,10027465512,2040,6251,34,100,0
1777924281.480885,2026-05-04T21:51:21.480885,34.283,10027465512,2040,6251,34,100,0
1777924281.4968743,2026-05-04T21:51:21.496874,34.283,10027465512,2040,6251,34,100,0
1777924281.517174,2026-05-04T21:51:21.517174,34.283,10027469017,2040,6251,34,100,0
1777924281.5352292,2026-05-04T21:51:21.535229,34.283,10027469017,2040,6251,34,100,0
1777924281.5520954,2026-05-04T21:51:21.552095,34.677,10027469017,2040,6251,34,100,0
1777924281.572711,2026-05-04T21:51:21.572711,34.677,10027469017,2040,6251,34,100,0
1777924281.5936215,2026-05-04T21:51:21.593621,34.677,10027469017,2040,6251,34,100,0
1777924281.6131914,2026-05-04T21:51:21.613191,34.677,10027472509,2040,6251,34,100,0
1777924281.6347294,2026-05-04T21:51:21.634729,34.677,10027472509,2040,6251,34,100,0
1777924281.6534123,2026-05-04T21:51:21.653412,35.068,10027472509,2040,6251,34,100,0
1777924281.6719682,2026-05-04T21:51:21.671968,35.068,10027472509,2040,6251,34,100,0
1777924281.6933606,2026-05-04T21:51:21.693361,35.068,10027472509,2040,6251,34,100,0
1777924281.7121058,2026-05-04T21:51:21.712106,35.068,10027475999,2040,6251,34,100,0
1777924281.7322924,2026-05-04T21:51:21.732292,35.068,10027475999,2040,6251,34,100,0
1777924281.7528055,2026-05-04T21:51:21.752805,35.061,10027475999,2040,6251,34,100,0
1777924281.77225,2026-05-04T21:51:21.772250,35.061,10027475999,2040,6251,34,100,0
1777924281.7922173,2026-05-04T21:51:21.792217,35.061,10027475999,2040,6251,34,100,0
1777924281.8123193,2026-05-04T21:51:21.812319,35.061,10027479489,2040,6251,34,100,0
1777924281.8334706,2026-05-04T21:51:21.833471,35.061,10027479489,2040,6251,34,100,0
1777924281.8518722,2026-05-04T21:51:21.851872,35.054,10027479489,2040,6251,34,100,0
1777924281.8733966,2026-05-04T21:51:21.873397,35.054,10027479489,2040,6251,34,100,0
1777924281.8927774,2026-05-04T21:51:21.892777,35.054,10027479489,2040,6251,34,100,0
1777924281.9131634,2026-05-04T21:51:21.913163,35.054,10027482979,2040,6251,34,100,0
1777924281.9343784,2026-05-04T21:51:21.934378,35.054,10027482979,2040,6251,34,100,0
1777924281.951295,2026-05-04T21:51:21.951295,35.054,10027482979,2040,6251,34,100,0
1777924281.971517,2026-05-04T21:51:21.971517,35.054,10027482979,2040,6251,34,100,0
1777924281.9927084,2026-05-04T21:51:21.992708,35.054,10027482979,2040,6251,34,100,0
1777924282.0131845,2026-05-04T21:51:22.013185,35.054,10027486472,2040,6251,34,100,0
1777924282.0335195,2026-05-04T21:51:22.033520,35.054,10027486472,2040,6251,34,100,0
1777924282.0529308,2026-05-04T21:51:22.052931,35.045,10027486472,2040,6251,34,100,0
1777924282.0709732,2026-05-04T21:51:22.070973,35.045,10027486472,2040,6251,34,100,0
1777924282.091432,2026-05-04T21:51:22.091432,35.045,10027486472,2040,6251,34,100,0
1777924282.111431,2026-05-04T21:51:22.111431,35.045,10027489974,2040,6251,34,100,0
1777924282.1301372,2026-05-04T21:51:22.130137,35.045,10027489974,2040,6251,34,100,0
1777924282.146737,2026-05-04T21:51:22.146737,35.045,10027489974,2040,6251,34,100,0
1777924282.167142,2026-05-04T21:51:22.167142,35.036,10027489974,2040,6251,34,100,0
1777924282.1851957,2026-05-04T21:51:22.185196,35.036,10027489974,2040,6251,34,100,0
1777924282.2030618,2026-05-04T21:51:22.203062,35.036,10027489974,2040,6251,34,100,0
1777924282.221989,2026-05-04T21:51:22.221989,35.036,10027493468,2040,6251,34,100,0
1777924282.2431023,2026-05-04T21:51:22.243102,35.036,10027493468,2040,6251,34,100,0
1777924282.2616382,2026-05-04T21:51:22.261638,35.029,10027493468,2040,6251,34,100,0
1777924282.2821064,2026-05-04T21:51:22.282106,35.029,10027493468,2040,6251,34,100,0
1777924282.3017538,2026-05-04T21:51:22.301754,35.029,10027493468,2040,6251,34,100,0
1777924282.3221018,2026-05-04T21:51:22.322102,35.029,10027496960,2040,6251,34,100,0
1777924282.3411076,2026-05-04T21:51:22.341108,35.029,10027496960,2040,6251,34,100,0
1777924282.3598962,2026-05-04T21:51:22.359896,35.018,10027496960,2040,6251,34,100,0
1777924282.381499,2026-05-04T21:51:22.381499,35.018,10027496960,2040,6251,34,100,0
1777924282.4011433,2026-05-04T21:51:22.401143,35.018,10027496960,2040,6251,34,100,0
1777924282.4199052,2026-05-04T21:51:22.419905,35.018,10027500451,2040,6251,34,100,0
1777924282.4358726,2026-05-04T21:51:22.435873,35.018,10027500451,2040,6251,34,100,0
1777924282.4545653,2026-05-04T21:51:22.454565,35.001,10027500451,2040,6251,34,100,0
1777924282.4734955,2026-05-04T21:51:22.473495,35.001,10027500451,2040,6251,34,100,0
1777924282.4906151,2026-05-04T21:51:22.490615,35.001,10027500451,2040,6251,34,100,0
1777924282.5118854,2026-05-04T21:51:22.511885,35.001,10027503953,2040,6251,34,100,0
1777924282.5332236,2026-05-04T21:51:22.533224,35.001,10027503953,2040,6251,34,100,0
1777924282.5506516,2026-05-04T21:51:22.550652,35.001,10027503953,2040,6251,34,100,0
1777924282.572524,2026-05-04T21:51:22.572524,35.009,10027503953,2040,6251,34,100,0
1777924282.5928545,2026-05-04T21:51:22.592854,35.009,10027503953,2040,6251,34,100,0
1777924282.6140628,2026-05-04T21:51:22.614063,35.009,10027507452,2040,6251,34,100,0
1777924282.633157,2026-05-04T21:51:22.633157,35.009,10027507452,2040,6251,34,100,0
1777924282.6486652,2026-05-04T21:51:22.648665,35.009,10027507452,2040,6251,34,100,0
1777924282.6611662,2026-05-04T21:51:22.661166,35.009,10027507452,2040,6251,34,100,0
1777924282.67388,2026-05-04T21:51:22.673880,34.99,10027507452,2040,6251,34,100,0
1777924282.688639,2026-05-04T21:51:22.688639,34.99,10027507452,2040,6251,34,100,0
1777924282.701241,2026-05-04T21:51:22.701241,34.99,10027507452,2040,6251,34,100,0
1777924282.713898,2026-05-04T21:51:22.713898,34.99,10027511259,2040,6251,34,100,0
1777924282.7287664,2026-05-04T21:51:22.728766,34.99,10027511259,2040,6251,34,100,0
1777924282.7413852,2026-05-04T21:51:22.741385,34.99,10027511259,2040,6251,34,100,0
1777924282.7554798,2026-05-04T21:51:22.755480,34.99,10027511259,2040,6251,34,100,0
1777924282.7687855,2026-05-04T21:51:22.768785,35.403,10027511259,2040,6251,34,100,2
1777924282.7815003,2026-05-04T21:51:22.781500,35.403,10027511259,2040,6251,34,100,2
1777924282.79425,2026-05-04T21:51:22.794250,35.403,10027511259,2040,6251,34,100,2
1777924282.8086076,2026-05-04T21:51:22.808608,35.403,10027515257,2040,6251,34,100,2
1777924282.8220356,2026-05-04T21:51:22.822036,35.403,10027515257,2040,6251,34,100,2
1777924282.834779,2026-05-04T21:51:22.834779,35.403,10027515257,2040,6251,34,100,2
1777924282.8485384,2026-05-04T21:51:22.848538,35.403,10027515257,2040,6251,34,100,2
1777924282.8613775,2026-05-04T21:51:22.861377,35.403,10027515257,2040,6251,34,100,2
1777924282.8741775,2026-05-04T21:51:22.874177,36.079,10027515257,2040,6251,34,100,2
1777924282.8888197,2026-05-04T21:51:22.888820,36.079,10027515257,2040,6251,34,100,2
1777924282.9014325,2026-05-04T21:51:22.901433,36.079,10027515257,2040,6251,34,100,2
1777924282.9141965,2026-05-04T21:51:22.914196,36.079,10027519377,2040,6251,34,100,2
1777924282.92869,2026-05-04T21:51:22.928690,36.079,10027519377,2040,6251,34,100,2
1777924282.941321,2026-05-04T21:51:22.941321,36.079,10027519377,2040,6251,34,100,2
1777924282.954285,2026-05-04T21:51:22.954285,36.079,10027519377,2040,6251,34,100,2
1777924282.9685237,2026-05-04T21:51:22.968524,36.544,10027519377,2040,6251,34,100,3
1777924282.981222,2026-05-04T21:51:22.981222,36.544,10027519377,2040,6251,34,100,3
1777924282.9939306,2026-05-04T21:51:22.993931,36.544,10027519377,2040,6251,34,100,3
1777924283.0085118,2026-05-04T21:51:23.008512,36.544,10027523504,2040,6251,34,100,3
1777924283.0219603,2026-05-04T21:51:23.021960,36.544,10027523504,2040,6251,34,100,3
1777924283.034739,2026-05-04T21:51:23.034739,36.544,10027523504,2040,6251,34,100,3
1777924283.0484934,2026-05-04T21:51:23.048493,36.544,10027523504,2040,6251,34,100,3
1777924283.0610547,2026-05-04T21:51:23.061055,36.544,10027523504,2040,6251,34,100,3
1777924283.0737445,2026-05-04T21:51:23.073745,37.315,10027523504,2040,6251,35,100,3
1777924283.0884907,2026-05-04T21:51:23.088491,37.315,10027523504,2040,6251,35,100,3
1777924283.101119,2026-05-04T21:51:23.101119,37.315,10027523504,2040,6251,35,100,3
1777924283.1138062,2026-05-04T21:51:23.113806,37.315,10027527621,2040,6251,35,100,3
1777924283.1287212,2026-05-04T21:51:23.128721,37.315,10027527621,2040,6251,35,100,3
1777924283.1413662,2026-05-04T21:51:23.141366,37.315,10027527621,2040,6251,35,100,3
1777924283.1542656,2026-05-04T21:51:23.154266,37.315,10027527621,2040,6251,35,100,3
1777924283.168727,2026-05-04T21:51:23.168727,37.651,10027527621,2040,6251,35,100,3
1777924283.181327,2026-05-04T21:51:23.181327,37.651,10027527621,2040,6251,35,100,3
1777924283.193982,2026-05-04T21:51:23.193982,37.651,10027527621,2040,6251,35,100,3
1777924283.208366,2026-05-04T21:51:23.208366,37.651,10027531249,2040,6251,35,100,3
1777924283.2217255,2026-05-04T21:51:23.221725,37.651,10027531249,2040,6251,35,100,3
1777924283.2345579,2026-05-04T21:51:23.234558,37.651,10027531249,2040,6251,35,100,3
1777924283.248343,2026-05-04T21:51:23.248343,37.651,10027531249,2040,6251,35,100,3
1777924283.2609448,2026-05-04T21:51:23.260945,37.651,10027531249,2040,6251,35,100,3
1777924283.2736664,2026-05-04T21:51:23.273666,37.516,10027531249,2040,6251,34,100,3
1777924283.2883964,2026-05-04T21:51:23.288396,37.516,10027531249,2040,6251,34,100,3
1777924283.3007436,2026-05-04T21:51:23.300744,37.516,10027531249,2040,6251,34,100,3
1777924283.3133106,2026-05-04T21:51:23.313311,37.516,10027534329,2040,6251,34,100,3
1777924283.3285587,2026-05-04T21:51:23.328559,37.516,10027534329,2040,6251,34,100,3
1777924283.3409214,2026-05-04T21:51:23.340921,37.516,10027534329,2040,6251,34,100,3
1777924283.3536599,2026-05-04T21:51:23.353660,37.516,10027534329,2040,6251,34,100,3
1777924283.3684912,2026-05-04T21:51:23.368491,36.92,10027534329,2040,6251,34,100,0
1777924283.3809907,2026-05-04T21:51:23.380991,36.92,10027534329,2040,6251,34,100,0
1777924283.3935678,2026-05-04T21:51:23.393568,36.92,10027534329,2040,6251,34,100,0
1777924283.4084272,2026-05-04T21:51:23.408427,36.92,10027537419,2040,6251,34,100,0
1777924283.4217024,2026-05-04T21:51:23.421702,36.92,10027537419,2040,6251,34,100,0
1777924283.4342446,2026-05-04T21:51:23.434245,36.92,10027537419,2040,6251,34,100,0
1777924283.4486485,2026-05-04T21:51:23.448648,36.92,10027537419,2040,6251,34,100,0
1777924283.4611106,2026-05-04T21:51:23.461111,36.92,10027537419,2040,6251,34,100,0
1777924283.473663,2026-05-04T21:51:23.473663,36.705,10027537419,2040,6251,34,100,0
1777924283.4883637,2026-05-04T21:51:23.488364,36.705,10027537419,2040,6251,34,100,0
1777924283.500839,2026-05-04T21:51:23.500839,36.705,10027537419,2040,6251,34,100,0
1777924283.5133736,2026-05-04T21:51:23.513374,36.705,10027540512,2040,6251,34,100,0
1777924283.528553,2026-05-04T21:51:23.528553,36.705,10027540512,2040,6251,34,100,0
1777924283.5409987,2026-05-04T21:51:23.540999,36.705,10027540512,2040,6251,34,100,0
1777924283.55369,2026-05-04T21:51:23.553690,36.705,10027540512,2040,6251,34,100,0
1777924283.5684173,2026-05-04T21:51:23.568417,36.192,10027540512,2040,6251,33,100,0
1777924283.581021,2026-05-04T21:51:23.581021,36.192,10027540512,2040,6251,33,100,0
1777924283.5936573,2026-05-04T21:51:23.593657,36.192,10027540512,2040,6251,33,100,0
1777924283.6082888,2026-05-04T21:51:23.608289,36.192,10027543598,2040,6251,33,100,0
1777924283.6217105,2026-05-04T21:51:23.621711,36.192,10027543598,2040,6251,33,100,0
1777924283.6343703,2026-05-04T21:51:23.634370,36.192,10027543598,2040,6251,33,100,0
1777924283.64826,2026-05-04T21:51:23.648260,36.192,10027543598,2040,6251,33,100,0
1777924283.6608303,2026-05-04T21:51:23.660830,36.192,10027543598,2040,6251,33,100,0
1777924283.6734707,2026-05-04T21:51:23.673471,35.885,10027543598,2040,6251,33,100,0
1777924283.6883698,2026-05-04T21:51:23.688370,35.885,10027543598,2040,6251,33,100,0
1777924283.7008927,2026-05-04T21:51:23.700893,35.885,10027543598,2040,6251,33,100,0
1777924283.7134411,2026-05-04T21:51:23.713441,35.885,10027546680,2040,6251,33,100,0
1777924283.7286656,2026-05-04T21:51:23.728666,35.885,10027546680,2040,6251,33,100,0
1777924283.7412333,2026-05-04T21:51:23.741233,35.885,10027546680,2040,6251,33,100,0
1777924283.753972,2026-05-04T21:51:23.753972,35.885,10027546680,2040,6251,33,100,0
1777924283.7682993,2026-05-04T21:51:23.768299,35.436,10027546680,2040,6251,33,100,0
1777924283.7809372,2026-05-04T21:51:23.780937,35.436,10027546680,2040,6251,33,100,0
1777924283.7935865,2026-05-04T21:51:23.793586,35.436,10027546680,2040,6251,33,100,0
1777924283.8081849,2026-05-04T21:51:23.808185,35.436,10027549770,2040,6251,33,100,0
1777924283.821702,2026-05-04T21:51:23.821702,35.436,10027549770,2040,6251,33,100,0
1777924283.834365,2026-05-04T21:51:23.834365,35.436,10027549770,2040,6251,33,100,0
1777924283.848193,2026-05-04T21:51:23.848193,35.436,10027549770,2040,6251,33,100,0
1777924283.8607235,2026-05-04T21:51:23.860723,35.436,10027549770,2040,6251,33,100,0
1777924283.8733635,2026-05-04T21:51:23.873363,34.659,10027549770,2040,6251,33,100,0
1777924283.8882256,2026-05-04T21:51:23.888226,34.659,10027549770,2040,6251,33,100,0
1777924283.9007733,2026-05-04T21:51:23.900773,34.659,10027549770,2040,6251,33,100,0
1777924283.913395,2026-05-04T21:51:23.913395,34.659,10027552851,2040,6251,33,100,0
1777924283.9283314,2026-05-04T21:51:23.928331,34.659,10027552851,2040,6251,33,100,0
1777924283.9409223,2026-05-04T21:51:23.940922,34.659,10027552851,2040,6251,33,100,0
1777924283.9536595,2026-05-04T21:51:23.953660,34.659,10027552851,2040,6251,33,100,0
1777924283.9682279,2026-05-04T21:51:23.968228,33.714,10027552851,2040,6251,33,100,0
1777924283.980846,2026-05-04T21:51:23.980846,33.714,10027552851,2040,6251,33,100,0
1777924283.993467,2026-05-04T21:51:23.993467,33.714,10027552851,2040,6251,33,100,0
1777924284.0084229,2026-05-04T21:51:24.008423,33.714,10027555942,2040,6251,33,100,0
1777924284.0215952,2026-05-04T21:51:24.021595,33.714,10027555942,2040,6251,33,100,0
1777924284.0342674,2026-05-04T21:51:24.034267,33.714,10027555942,2040,6251,33,100,0
1777924284.0480714,2026-05-04T21:51:24.048071,33.714,10027555942,2040,6251,33,100,0
1777924284.0605419,2026-05-04T21:51:24.060542,33.714,10027555942,2040,6251,33,100,0
1777924284.0731952,2026-05-04T21:51:24.073195,32.789,10027555942,2040,6251,33,100,0
1777924284.0881546,2026-05-04T21:51:24.088155,32.789,10027555942,2040,6251,33,100,0
1777924284.1005185,2026-05-04T21:51:24.100518,32.789,10027555942,2040,6251,33,100,0
1777924284.1132393,2026-05-04T21:51:24.113239,32.789,10027559027,2040,6251,33,100,0
1777924284.1282985,2026-05-04T21:51:24.128299,32.789,10027559027,2040,6251,33,100,0
1777924284.1406643,2026-05-04T21:51:24.140664,32.789,10027559027,2040,6251,33,100,0
1777924284.1534464,2026-05-04T21:51:24.153446,32.789,10027559027,2040,6251,33,100,0
1777924284.1682181,2026-05-04T21:51:24.168218,31.851,10027559027,2040,6251,33,100,0
1777924284.1807313,2026-05-04T21:51:24.180731,31.851,10027559027,2040,6251,33,100,0
1777924284.1933165,2026-05-04T21:51:24.193316,31.851,10027559027,2040,6251,33,100,0
1777924284.208207,2026-05-04T21:51:24.208207,31.851,10027562118,2040,6251,33,100,0
1777924284.22158,2026-05-04T21:51:24.221580,31.851,10027562118,2040,6251,33,100,0
1777924284.2342062,2026-05-04T21:51:24.234206,31.851,10027562118,2040,6251,33,100,0
1777924284.248057,2026-05-04T21:51:24.248057,31.851,10027562118,2040,6251,33,100,0
1777924284.260575,2026-05-04T21:51:24.260575,31.851,10027562118,2040,6251,33,100,0
1777924284.2732372,2026-05-04T21:51:24.273237,30.945,10027562118,2040,6251,33,100,0
1777924284.2883184,2026-05-04T21:51:24.288318,30.945,10027562118,2040,6251,33,100,0
1777924284.3009474,2026-05-04T21:51:24.300947,30.945,10027562118,2040,6251,33,100,0
1777924284.3135064,2026-05-04T21:51:24.313506,30.945,10027565208,2040,6251,33,100,0
1777924284.3282466,2026-05-04T21:51:24.328247,30.945,10027565208,2040,6251,33,100,0
1777924284.340758,2026-05-04T21:51:24.340758,30.945,10027565208,2040,6251,33,100,0
1777924284.353558,2026-05-04T21:51:24.353558,30.945,10027565208,2040,6251,33,100,0
1777924284.368099,2026-05-04T21:51:24.368099,30.944,10027565208,2040,6251,33,100,0
1777924284.3806849,2026-05-04T21:51:24.380685,30.944,10027565208,2040,6251,33,100,0
1777924284.3932943,2026-05-04T21:51:24.393294,30.944,10027565208,2040,6251,33,100,0
1777924284.4079792,2026-05-04T21:51:24.407979,30.944,10027568294,2040,6251,33,100,0
1777924284.4214416,2026-05-04T21:51:24.421442,30.944,10027568294,2040,6251,33,100,0
1777924284.4341204,2026-05-04T21:51:24.434120,30.944,10027568294,2040,6251,33,100,0
1777924284.4479575,2026-05-04T21:51:24.447958,30.944,10027568294,2040,6251,33,100,0
1777924284.4604077,2026-05-04T21:51:24.460408,30.944,10027568294,2040,6251,33,100,0
1777924284.4729402,2026-05-04T21:51:24.472940,30.944,10027568294,2040,6251,33,100,0
1777924284.4879253,2026-05-04T21:51:24.487925,30.944,10027568294,2040,6251,33,100,0
1777924284.5003915,2026-05-04T21:51:24.500391,30.944,10027568294,2040,6251,33,100,0
1777924284.5128767,2026-05-04T21:51:24.512877,30.944,10027571358,2040,6251,33,100,0
1777924284.531233,2026-05-04T21:51:24.531233,30.944,10027571358,2040,6251,33,100,0
1777924284.5516255,2026-05-04T21:51:24.551625,30.944,10027571358,2040,6251,33,100,0
1777924284.5711167,2026-05-04T21:51:24.571117,30.882,10027571358,2040,6251,34,100,0
1777924284.5917013,2026-05-04T21:51:24.591701,30.882,10027571358,2040,6251,34,100,0
1777924284.6122193,2026-05-04T21:51:24.612219,30.882,10027574786,2040,6251,34,100,0
1777924284.6367922,2026-05-04T21:51:24.636792,30.882,10027574786,2040,6251,34,100,0
1777924284.6553483,2026-05-04T21:51:24.655348,30.882,10027574786,2040,6251,34,100,0
1777924284.6745312,2026-05-04T21:51:24.674531,31.259,10027574786,2040,6251,34,100,0
1777924284.6913588,2026-05-04T21:51:24.691359,31.259,10027574786,2040,6251,34,100,0
1777924284.7120228,2026-05-04T21:51:24.712023,31.259,10027578288,2040,6251,34,100,0
1777924284.7300344,2026-05-04T21:51:24.730034,31.259,10027578288,2040,6251,34,100,0
1777924284.7521172,2026-05-04T21:51:24.752117,31.259,10027578288,2040,6251,34,100,0
1777924284.7697303,2026-05-04T21:51:24.769730,31.639,10027578288,2040,6251,34,100,0
1777924284.7904513,2026-05-04T21:51:24.790451,31.639,10027578288,2040,6251,34,100,0
1777924284.8094728,2026-05-04T21:51:24.809473,31.639,10027581788,2040,6251,34,100,0
1777924284.8347123,2026-05-04T21:51:24.834712,31.639,10027581788,2040,6251,34,100,0
1777924284.8505967,2026-05-04T21:51:24.850597,31.639,10027581788,2040,6251,34,100,0
1777924284.8716104,2026-05-04T21:51:24.871610,32.015,10027581788,2040,6251,34,100,0
1777924284.8919904,2026-05-04T21:51:24.891990,32.015,10027581788,2040,6251,34,100,0
1777924284.9103048,2026-05-04T21:51:24.910305,32.015,10027585298,2040,6251,34,100,0
1777924284.9305093,2026-05-04T21:51:24.930509,32.015,10027585298,2040,6251,34,100,0
1777924284.9502563,2026-05-04T21:51:24.950256,32.015,10027585298,2040,6251,34,100,0
1777924284.9703848,2026-05-04T21:51:24.970385,32.394,10027585298,2040,6251,34,100,0
1777924284.9915974,2026-05-04T21:51:24.991597,32.394,10027585298,2040,6251,34,100,0
1777924285.0125644,2026-05-04T21:51:25.012564,32.394,10027588797,2040,6251,34,100,0
1777924285.0340078,2026-05-04T21:51:25.034008,32.394,10027588797,2040,6251,34,100,0
1777924285.0539064,2026-05-04T21:51:25.053906,32.394,10027588797,2040,6251,34,100,0
1777924285.0725338,2026-05-04T21:51:25.072534,32.78,10027588797,2040,6251,34,100,0
1777924285.093148,2026-05-04T21:51:25.093148,32.78,10027588797,2040,6251,34,100,0
1777924285.1116962,2026-05-04T21:51:25.111696,32.78,10027592292,2040,6251,34,100,0
1777924285.132755,2026-05-04T21:51:25.132755,32.78,10027592292,2040,6251,34,100,0
1777924285.1524065,2026-05-04T21:51:25.152406,32.78,10027592292,2040,6251,34,100,0
1777924285.1724162,2026-05-04T21:51:25.172416,33.134,10027592292,2040,6251,34,100,0
1777924285.1917963,2026-05-04T21:51:25.191796,33.134,10027592292,2040,6251,34,100,0
1777924285.21215,2026-05-04T21:51:25.212150,33.134,10027595785,2040,6251,34,100,0
1777924285.2346303,2026-05-04T21:51:25.234630,33.134,10027595785,2040,6251,34,100,0
1777924285.254139,2026-05-04T21:51:25.254139,33.134,10027595785,2040,6251,34,100,0
1777924285.2743719,2026-05-04T21:51:25.274372,33.51,10027595785,2040,6251,34,100,0
1777924285.2932749,2026-05-04T21:51:25.293275,33.51,10027595785,2040,6251,34,100,0
1777924285.311234,2026-05-04T21:51:25.311234,33.51,10027599274,2040,6251,34,100,0
1777924285.3314378,2026-05-04T21:51:25.331438,33.51,10027599274,2040,6251,34,100,0
1777924285.350673,2026-05-04T21:51:25.350673,33.51,10027599274,2040,6251,34,100,0
1777924285.3711247,2026-05-04T21:51:25.371125,33.865,10027599274,2040,6251,34,100,0
1777924285.39152,2026-05-04T21:51:25.391520,33.865,10027599274,2040,6251,34,100,0
1777924285.4124558,2026-05-04T21:51:25.412456,33.865,10027602763,2040,6251,34,100,0
1777924285.4340057,2026-05-04T21:51:25.434006,33.865,10027602763,2040,6251,34,100,0
1777924285.4507873,2026-05-04T21:51:25.450787,33.865,10027602763,2040,6251,34,100,0
1777924285.4699912,2026-05-04T21:51:25.469991,34.216,10027602763,2040,6251,34,100,0
1777924285.4922922,2026-05-04T21:51:25.492292,34.216,10027602763,2040,6251,34,100,0
1777924285.5113268,2026-05-04T21:51:25.511327,34.216,10027606259,2040,6251,34,100,0
1777924285.5301807,2026-05-04T21:51:25.530181,34.216,10027606259,2040,6251,34,100,0
1777924285.552393,2026-05-04T21:51:25.552393,34.216,10027606259,2040,6251,34,100,0
1777924285.5719938,2026-05-04T21:51:25.571994,34.607,10027606259,2040,6251,34,100,0
1777924285.593364,2026-05-04T21:51:25.593364,34.607,10027606259,2040,6251,34,100,0
1777924285.610573,2026-05-04T21:51:25.610573,34.607,10027609757,2040,6251,34,100,0
1777924285.6350594,2026-05-04T21:51:25.635059,34.607,10027609757,2040,6251,34,100,0
1777924285.6521523,2026-05-04T21:51:25.652152,34.607,10027609757,2040,6251,34,100,0
1777924285.6715622,2026-05-04T21:51:25.671562,35.026,10027609757,2040,6251,34,100,0
1777924285.691993,2026-05-04T21:51:25.691993,35.026,10027609757,2040,6251,34,100,0
1777924285.7097545,2026-05-04T21:51:25.709754,35.026,10027613252,2040,6251,34,100,0
1777924285.7306745,2026-05-04T21:51:25.730675,35.026,10027613252,2040,6251,34,100,0
1777924285.750629,2026-05-04T21:51:25.750629,35.026,10027613252,2040,6251,34,100,0
1777924285.7725883,2026-05-04T21:51:25.772588,35.01,10027613252,2040,6251,34,100,0
1777924285.79099,2026-05-04T21:51:25.790990,35.01,10027613252,2040,6251,34,100,0
1777924285.8111765,2026-05-04T21:51:25.811177,35.01,10027616747,2040,6251,34,100,0
1777924285.8318448,2026-05-04T21:51:25.831845,35.01,10027616747,2040,6251,34,100,0
1777924285.851228,2026-05-04T21:51:25.851228,35.01,10027616747,2040,6251,34,100,0
1777924285.8704522,2026-05-04T21:51:25.870452,35.008,10027616747,2040,6251,34,100,0
1777924285.8915365,2026-05-04T21:51:25.891536,35.008,10027616747,2040,6251,34,100,0
1777924285.9105854,2026-05-04T21:51:25.910585,35.008,10027620245,2040,6251,34,100,0
1777924285.93142,2026-05-04T21:51:25.931420,35.008,10027620245,2040,6251,34,100,0
1777924285.9513478,2026-05-04T21:51:25.951348,35.008,10027620245,2040,6251,34,100,0
1777924285.9716947,2026-05-04T21:51:25.971695,35.008,10027620245,2040,6251,34,100,0
1777924285.9942405,2026-05-04T21:51:25.994241,35.008,10027620245,2040,6251,34,100,0
1777924286.0145712,2026-05-04T21:51:26.014571,35.008,10027623747,2040,6251,34,100,0
1777924286.0348775,2026-05-04T21:51:26.034878,35.008,10027623747,2040,6251,34,100,0
1777924286.0534673,2026-05-04T21:51:26.053467,35.008,10027623747,2040,6251,34,100,0
1777924286.0681078,2026-05-04T21:51:26.068108,34.99,10027623747,2040,6251,34,100,0
1777924286.0806437,2026-05-04T21:51:26.080644,34.99,10027623747,2040,6251,34,100,0
1777924286.0934386,2026-05-04T21:51:26.093439,34.99,10027623747,2040,6251,34,100,0
1777924286.107857,2026-05-04T21:51:26.107857,34.99,10027627404,2040,6251,34,100,0
1777924286.1209075,2026-05-04T21:51:26.120908,34.99,10027627404,2040,6251,34,100,0
1777924286.13351,2026-05-04T21:51:26.133510,34.99,10027627404,2040,6251,34,100,0
1777924286.1477447,2026-05-04T21:51:26.147745,34.99,10027627404,2040,6251,34,100,0
1777924286.1605785,2026-05-04T21:51:26.160578,34.99,10027627404,2040,6251,34,100,0
1777924286.1732848,2026-05-04T21:51:26.173285,35.443,10027627404,2040,6251,34,100,1
1777924286.1875403,2026-05-04T21:51:26.187540,35.443,10027627404,2040,6251,34,100,1
1777924286.2001257,2026-05-04T21:51:26.200126,35.443,10027627404,2040,6251,34,100,1
1777924286.2127512,2026-05-04T21:51:26.212751,35.443,10027631351,2040,6251,34,100,1
1777924286.2305555,2026-05-04T21:51:26.230556,35.443,10027631351,2040,6251,34,100,1
1777924286.2432232,2026-05-04T21:51:26.243223,35.443,10027631351,2040,6251,34,100,1
1777924286.255968,2026-05-04T21:51:26.255968,35.443,10027631351,2040,6251,34,100,1
1777924286.2686267,2026-05-04T21:51:26.268627,35.93,10027631351,2040,6251,34,100,1
1777924286.2813265,2026-05-04T21:51:26.281327,35.93,10027631351,2040,6251,34,100,1
1777924286.2940462,2026-05-04T21:51:26.294046,35.93,10027631351,2040,6251,34,100,1
1777924286.3075545,2026-05-04T21:51:26.307554,35.93,10027635467,2040,6251,34,100,1
1777924286.3208897,2026-05-04T21:51:26.320890,35.93,10027635467,2040,6251,34,100,1
1777924286.3335674,2026-05-04T21:51:26.333567,35.93,10027635467,2040,6251,34,100,1
1777924286.3476412,2026-05-04T21:51:26.347641,35.93,10027635467,2040,6251,34,100,1
1777924286.360237,2026-05-04T21:51:26.360237,35.93,10027635467,2040,6251,34,100,1
1777924286.372878,2026-05-04T21:51:26.372878,36.667,10027635467,2040,6251,35,100,3
1777924286.3878045,2026-05-04T21:51:26.387805,36.667,10027635467,2040,6251,35,100,3
1777924286.4004018,2026-05-04T21:51:26.400402,36.667,10027635467,2040,6251,35,100,3
1777924286.4130435,2026-05-04T21:51:26.413043,36.667,10027639591,2040,6251,35,100,3
1777924286.430405,2026-05-04T21:51:26.430405,36.667,10027639591,2040,6251,35,100,3
1777924286.443022,2026-05-04T21:51:26.443022,36.667,10027639591,2040,6251,35,100,3
1777924286.455746,2026-05-04T21:51:26.455746,36.667,10027639591,2040,6251,35,100,3
1777924286.4683518,2026-05-04T21:51:26.468352,37.062,10027639591,2040,6251,35,100,3
1777924286.480837,2026-05-04T21:51:26.480837,37.062,10027639591,2040,6251,35,100,3
1777924286.4933562,2026-05-04T21:51:26.493356,37.062,10027639591,2040,6251,35,100,3
1777924286.5074112,2026-05-04T21:51:26.507411,37.062,10027643202,2040,6251,35,100,3
1777924286.5207934,2026-05-04T21:51:26.520793,37.062,10027643202,2040,6251,35,100,3
1777924286.5333326,2026-05-04T21:51:26.533333,37.062,10027643202,2040,6251,35,100,3
1777924286.547511,2026-05-04T21:51:26.547511,37.062,10027643202,2040,6251,35,100,3
1777924286.5602026,2026-05-04T21:51:26.560203,37.062,10027643202,2040,6251,35,100,3
1777924286.572786,2026-05-04T21:51:26.572786,36.869,10027643202,2040,6251,34,100,1
1777924286.5874317,2026-05-04T21:51:26.587432,36.869,10027643202,2040,6251,34,100,1
1777924286.5999298,2026-05-04T21:51:26.599930,36.869,10027643202,2040,6251,34,100,1
1777924286.6124923,2026-05-04T21:51:26.612492,36.869,10027646281,2040,6251,34,100,1
1777924286.6302686,2026-05-04T21:51:26.630269,36.869,10027646281,2040,6251,34,100,1
1777924286.6427665,2026-05-04T21:51:26.642766,36.869,10027646281,2040,6251,34,100,1
1777924286.6553366,2026-05-04T21:51:26.655337,36.869,10027646281,2040,6251,34,100,1
1777924286.6680114,2026-05-04T21:51:26.668011,36.331,10027646281,2040,6251,34,100,1
1777924286.680503,2026-05-04T21:51:26.680503,36.331,10027646281,2040,6251,34,100,1
1777924286.693099,2026-05-04T21:51:26.693099,36.331,10027646281,2040,6251,34,100,1
1777924286.7073677,2026-05-04T21:51:26.707368,36.331,10027649374,2040,6251,34,100,1
1777924286.7206821,2026-05-04T21:51:26.720682,36.331,10027649374,2040,6251,34,100,1
1777924286.7333534,2026-05-04T21:51:26.733353,36.331,10027649374,2040,6251,34,100,1
1777924286.7473366,2026-05-04T21:51:26.747337,36.331,10027649374,2040,6251,34,100,1
1777924286.7598293,2026-05-04T21:51:26.759829,36.331,10027649374,2040,6251,34,100,1
1777924286.772415,2026-05-04T21:51:26.772415,36.066,10027649374,2040,6251,34,100,0
1777924286.7873807,2026-05-04T21:51:26.787381,36.066,10027649374,2040,6251,34,100,0
1777924286.7998054,2026-05-04T21:51:26.799805,36.066,10027649374,2040,6251,34,100,0
1777924286.8123887,2026-05-04T21:51:26.812389,36.066,10027652460,2040,6251,34,100,0
1777924286.830281,2026-05-04T21:51:26.830281,36.066,10027652460,2040,6251,34,100,0
1777924286.8427844,2026-05-04T21:51:26.842784,36.066,10027652460,2040,6251,34,100,0
1777924286.8553467,2026-05-04T21:51:26.855347,36.066,10027652460,2040,6251,34,100,0
1777924286.8680937,2026-05-04T21:51:26.868094,35.601,10027652460,2040,6251,34,100,0
1777924286.880574,2026-05-04T21:51:26.880574,35.601,10027652460,2040,6251,34,100,0
1777924286.8931441,2026-05-04T21:51:26.893144,35.601,10027652460,2040,6251,34,100,0
1777924286.907321,2026-05-04T21:51:26.907321,35.601,10027655543,2040,6251,34,100,0
1777924286.9206033,2026-05-04T21:51:26.920603,35.601,10027655543,2040,6251,34,100,0
1777924286.9331884,2026-05-04T21:51:26.933188,35.601,10027655543,2040,6251,34,100,0
1777924286.94749,2026-05-04T21:51:26.947490,35.601,10027655543,2040,6251,34,100,0
1777924286.9598715,2026-05-04T21:51:26.959872,35.601,10027655543,2040,6251,34,100,0
1777924286.9725678,2026-05-04T21:51:26.972568,35.238,10027655543,2040,6251,34,100,0
1777924286.9872928,2026-05-04T21:51:26.987293,35.238,10027655543,2040,6251,34,100,0
1777924286.9996543,2026-05-04T21:51:26.999654,35.238,10027655543,2040,6251,34,100,0
1777924287.0123336,2026-05-04T21:51:27.012334,35.238,10027658633,2040,6251,34,100,0
1777924287.0302317,2026-05-04T21:51:27.030232,35.238,10027658633,2040,6251,34,100,0
1777924287.0427475,2026-05-04T21:51:27.042747,35.238,10027658633,2040,6251,34,100,0
1777924287.0552566,2026-05-04T21:51:27.055257,35.238,10027658633,2040,6251,34,100,0
1777924287.067799,2026-05-04T21:51:27.067799,34.856,10027658633,2040,6251,34,100,0
1777924287.0803406,2026-05-04T21:51:27.080341,34.856,10027658633,2040,6251,34,100,0
1777924287.0929015,2026-05-04T21:51:27.092901,34.856,10027658633,2040,6251,34,100,0
1777924287.1072605,2026-05-04T21:51:27.107260,34.856,10027661718,2040,6251,34,100,0
1777924287.1206346,2026-05-04T21:51:27.120635,34.856,10027661718,2040,6251,34,100,0
1777924287.133367,2026-05-04T21:51:27.133367,34.856,10027661718,2040,6251,34,100,0
1777924287.1471243,2026-05-04T21:51:27.147124,34.856,10027661718,2040,6251,34,100,0
1777924287.159648,2026-05-04T21:51:27.159648,34.856,10027661718,2040,6251,34,100,0
1777924287.1722972,2026-05-04T21:51:27.172297,34.483,10027661718,2040,6251,34,100,0
1777924287.1872091,2026-05-04T21:51:27.187209,34.483,10027661718,2040,6251,34,100,0
1777924287.1997187,2026-05-04T21:51:27.199719,34.483,10027661718,2040,6251,34,100,0
1777924287.212334,2026-05-04T21:51:27.212334,34.483,10027664814,2040,6251,34,100,0
1777924287.229003,2026-05-04T21:51:27.229003,34.483,10027664814,2040,6251,34,100,0
1777924287.2416644,2026-05-04T21:51:27.241664,34.483,10027664814,2040,6251,34,100,0
1777924287.2542853,2026-05-04T21:51:27.254285,34.483,10027664814,2040,6251,34,100,0
1777924287.2671857,2026-05-04T21:51:27.267186,33.717,10027664814,2040,6251,34,100,0
1777924287.2797434,2026-05-04T21:51:27.279743,33.717,10027664814,2040,6251,34,100,0
1777924287.2924356,2026-05-04T21:51:27.292436,33.717,10027664814,2040,6251,34,100,0
1777924287.307106,2026-05-04T21:51:27.307106,33.717,10027667903,2040,6251,34,100,0
1777924287.3206487,2026-05-04T21:51:27.320649,33.717,10027667903,2040,6251,34,100,0
1777924287.3332365,2026-05-04T21:51:27.333236,33.717,10027667903,2040,6251,34,100,0
1777924287.347074,2026-05-04T21:51:27.347074,33.717,10027667903,2040,6251,34,100,0
1777924287.359503,2026-05-04T21:51:27.359503,33.717,10027667903,2040,6251,34,100,0
1777924287.372111,2026-05-04T21:51:27.372111,32.825,10027667903,2040,6251,34,100,0
1777924287.387034,2026-05-04T21:51:27.387034,32.825,10027667903,2040,6251,34,100,0
1777924287.399569,2026-05-04T21:51:27.399569,32.825,10027667903,2040,6251,34,100,0
1777924287.4121642,2026-05-04T21:51:27.412164,32.825,10027670974,2040,6251,34,100,0
1777924287.4297972,2026-05-04T21:51:27.429797,32.825,10027670974,2040,6251,34,100,0
1777924287.4421244,2026-05-04T21:51:27.442124,32.825,10027670974,2040,6251,34,100,0
1777924287.4577143,2026-05-04T21:51:27.457714,32.825,10027670974,2040,6251,34,100,0
1777924287.4725664,2026-05-04T21:51:27.472566,31.852,10027670974,2040,6251,34,100,0
1777924287.5007985,2026-05-04T21:51:27.500798,31.852,10027670974,2040,6251,34,100,0
1777924287.520335,2026-05-04T21:51:27.520335,31.852,10027674256,2040,6251,34,100,0
1777924287.539141,2026-05-04T21:51:27.539141,31.852,10027674256,2040,6251,34,100,0
1777924287.5583584,2026-05-04T21:51:27.558358,31.852,10027674256,2040,6251,34,100,0
1777924287.578735,2026-05-04T21:51:27.578735,31.29,10027674256,2040,6251,34,100,0
1777924287.5998616,2026-05-04T21:51:27.599862,31.29,10027674256,2040,6251,34,100,0
1777924287.6201382,2026-05-04T21:51:27.620138,31.29,10027677748,2040,6251,34,100,0
1777924287.6387231,2026-05-04T21:51:27.638723,31.29,10027677748,2040,6251,34,100,0
1777924287.65836,2026-05-04T21:51:27.658360,31.29,10027677748,2040,6251,34,100,0
1777924287.674602,2026-05-04T21:51:27.674602,31.652,10027677748,2040,6251,34,100,0
1777924287.6972091,2026-05-04T21:51:27.697209,31.652,10027677748,2040,6251,34,100,0
1777924287.7163782,2026-05-04T21:51:27.716378,31.652,10027681247,2040,6251,34,100,0
1777924287.7350109,2026-05-04T21:51:27.735011,31.652,10027681247,2040,6251,34,100,0
1777924287.7543461,2026-05-04T21:51:27.754346,31.652,10027681247,2040,6251,34,100,0
1777924287.7736635,2026-05-04T21:51:27.773664,32.021,10027681247,2040,6251,34,100,0
1777924287.7970254,2026-05-04T21:51:27.797025,32.021,10027681247,2040,6251,34,100,0
1777924287.8161135,2026-05-04T21:51:27.816113,32.021,10027684739,2040,6251,34,100,0
1777924287.8352194,2026-05-04T21:51:27.835219,32.021,10027684739,2040,6251,34,100,0
1777924287.8560483,2026-05-04T21:51:27.856048,32.021,10027684739,2040,6251,34,100,0
1777924287.874931,2026-05-04T21:51:27.874931,32.391,10027684739,2040,6251,34,100,0
1777924287.9028783,2026-05-04T21:51:27.902878,32.391,10027684739,2040,6251,34,100,0
1777924287.9217777,2026-05-04T21:51:27.921778,32.391,10027688282,2040,6251,34,100,0
1777924287.938192,2026-05-04T21:51:27.938192,32.391,10027688282,2040,6251,34,100,0
1777924287.9591646,2026-05-04T21:51:27.959165,32.391,10027688282,2040,6251,34,100,0
1777924287.9768412,2026-05-04T21:51:27.976841,32.77,10027688282,2040,6251,34,100,0
1777924287.9973161,2026-05-04T21:51:27.997316,32.77,10027688282,2040,6251,34,100,0
1777924288.0152736,2026-05-04T21:51:28.015274,32.77,10027691742,2040,6251,34,100,0
1777924288.036553,2026-05-04T21:51:28.036553,32.77,10027691742,2040,6251,34,100,0
1777924288.0529823,2026-05-04T21:51:28.052982,32.77,10027691742,2040,6251,34,100,0
1777924288.0720222,2026-05-04T21:51:28.072022,33.149,10027691742,2040,6251,34,100,0
1777924288.091233,2026-05-04T21:51:28.091233,33.149,10027691742,2040,6251,34,100,0
1777924288.1107805,2026-05-04T21:51:28.110780,33.149,10027695237,2040,6251,34,100,0
1777924288.1292472,2026-05-04T21:51:28.129247,33.149,10027695237,2040,6251,34,100,0
1777924288.1503859,2026-05-04T21:51:28.150386,33.149,10027695237,2040,6251,34,100,0
1777924288.172163,2026-05-04T21:51:28.172163,33.149,10027695237,2040,6251,34,100,0
1777924288.1913419,2026-05-04T21:51:28.191342,33.517,10027695237,2040,6251,34,100,0
1777924288.2118275,2026-05-04T21:51:28.211828,33.517,10027698730,2040,6251,34,100,0
1777924288.236376,2026-05-04T21:51:28.236376,33.517,10027698730,2040,6251,34,100,0
1777924288.2568963,2026-05-04T21:51:28.256896,33.517,10027698730,2040,6251,34,100,0
1777924288.278654,2026-05-04T21:51:28.278654,33.907,10027698730,2040,6251,34,100,0
1777924288.300093,2026-05-04T21:51:28.300093,33.907,10027698730,2040,6251,34,100,0
1777924288.3196895,2026-05-04T21:51:28.319690,33.907,10027702224,2040,6251,34,100,0
1777924288.3390949,2026-05-04T21:51:28.339095,33.907,10027702224,2040,6251,34,100,0
1777924288.3573997,2026-05-04T21:51:28.357400,33.907,10027702224,2040,6251,34,100,0
1777924288.3772855,2026-05-04T21:51:28.377285,34.265,10027702224,2040,6251,34,100,0
1777924288.3975985,2026-05-04T21:51:28.397599,34.265,10027702224,2040,6251,34,100,0
1777924288.4182503,2026-05-04T21:51:28.418250,34.265,10027705720,2040,6251,34,100,0
1777924288.4374568,2026-05-04T21:51:28.437457,34.265,10027705720,2040,6251,34,100,0
1777924288.456693,2026-05-04T21:51:28.456693,34.265,10027705720,2040,6251,34,100,0
1777924288.4752395,2026-05-04T21:51:28.475240,34.638,10027705720,2040,6251,34,100,0
1777924288.4948583,2026-05-04T21:51:28.494858,34.638,10027705720,2040,6251,34,100,0
1777924288.512693,2026-05-04T21:51:28.512693,34.638,10027709224,2040,6251,34,100,0
1777924288.5322154,2026-05-04T21:51:28.532215,34.638,10027709224,2040,6251,34,100,0
1777924288.5476747,2026-05-04T21:51:28.547675,34.638,10027709224,2040,6251,34,100,0
1777924288.5602796,2026-05-04T21:51:28.560280,34.638,10027709224,2040,6251,34,100,0
1777924288.5730975,2026-05-04T21:51:28.573097,35.031,10027709224,2040,6251,34,100,0
1777924288.5868149,2026-05-04T21:51:28.586815,35.031,10027709224,2040,6251,34,100,0
1777924288.5993214,2026-05-04T21:51:28.599321,35.031,10027709224,2040,6251,34,100,0
1777924288.6121032,2026-05-04T21:51:28.612103,35.031,10027712951,2040,6251,34,100,0
1777924288.6276963,2026-05-04T21:51:28.627696,35.031,10027712951,2040,6251,34,100,0
1777924288.6403515,2026-05-04T21:51:28.640352,35.031,10027712951,2040,6251,34,100,0
1777924288.6541183,2026-05-04T21:51:28.654118,35.031,10027712951,2040,6251,34,100,0
1777924288.66689,2026-05-04T21:51:28.666890,35.031,10027712951,2040,6251,34,100,0
1777924288.679513,2026-05-04T21:51:28.679513,35.382,10027712951,2040,6251,34,100,0
1777924288.6923325,2026-05-04T21:51:28.692333,35.382,10027712951,2040,6251,34,100,0
1777924288.706803,2026-05-04T21:51:28.706803,35.382,10027716968,2040,6251,34,100,0
1777924288.7201798,2026-05-04T21:51:28.720180,35.382,10027716968,2040,6251,34,100,0
1777924288.7328892,2026-05-04T21:51:28.732889,35.382,10027716968,2040,6251,34,100,0
1777924288.7467551,2026-05-04T21:51:28.746755,35.382,10027716968,2040,6251,34,100,0
1777924288.7596273,2026-05-04T21:51:28.759627,35.382,10027716968,2040,6251,34,100,0
1777924288.7724175,2026-05-04T21:51:28.772418,36.027,10027716968,2040,6251,35,100,3
1777924288.7866993,2026-05-04T21:51:28.786699,36.027,10027716968,2040,6251,35,100,3
1777924288.79937,2026-05-04T21:51:28.799370,36.027,10027716968,2040,6251,35,100,3
1777924288.812158,2026-05-04T21:51:28.812158,36.027,10027721056,2040,6251,35,100,3
1777924288.8273232,2026-05-04T21:51:28.827323,36.027,10027721056,2040,6251,35,100,3
1777924288.8398523,2026-05-04T21:51:28.839852,36.027,10027721056,2040,6251,35,100,3
1777924288.8524132,2026-05-04T21:51:28.852413,36.027,10027721056,2040,6251,35,100,3
1777924288.8667395,2026-05-04T21:51:28.866740,36.027,10027721056,2040,6251,35,100,3
1777924288.879265,2026-05-04T21:51:28.879265,36.461,10027721056,2040,6251,34,100,3
1777924288.8919437,2026-05-04T21:51:28.891944,36.461,10027721056,2040,6251,34,100,3
1777924288.9069383,2026-05-04T21:51:28.906938,36.461,10027724288,2040,6251,34,100,3
1777924288.9200692,2026-05-04T21:51:28.920069,36.461,10027724288,2040,6251,34,100,3
1777924288.9327474,2026-05-04T21:51:28.932747,36.461,10027724288,2040,6251,34,100,3
1777924288.9466443,2026-05-04T21:51:28.946644,36.461,10027724288,2040,6251,34,100,3
1777924288.959467,2026-05-04T21:51:28.959467,36.461,10027724288,2040,6251,34,100,3
1777924288.972093,2026-05-04T21:51:28.972093,36.078,10027724288,2040,6251,34,100,0
1777924288.9866374,2026-05-04T21:51:28.986637,36.078,10027724288,2040,6251,34,100,0
1777924288.9992247,2026-05-04T21:51:28.999225,36.078,10027724288,2040,6251,34,100,0
1777924289.011901,2026-05-04T21:51:29.011901,36.078,10027727375,2040,6251,34,100,0
1777924289.0272944,2026-05-04T21:51:29.027294,36.078,10027727375,2040,6251,34,100,0
1777924289.0398617,2026-05-04T21:51:29.039862,36.078,10027727375,2040,6251,34,100,0
1777924289.0525699,2026-05-04T21:51:29.052570,36.078,10027727375,2040,6251,34,100,0
1777924289.06667,2026-05-04T21:51:29.066670,36.078,10027727375,2040,6251,34,100,0
1777924289.0792367,2026-05-04T21:51:29.079237,35.713,10027727375,2040,6251,34,100,0
1777924289.0919392,2026-05-04T21:51:29.091939,35.713,10027727375,2040,6251,34,100,0
1777924289.1066513,2026-05-04T21:51:29.106651,35.713,10027730469,2040,6251,34,100,0
1777924289.120043,2026-05-04T21:51:29.120043,35.713,10027730469,2040,6251,34,100,0
1777924289.1326246,2026-05-04T21:51:29.132625,35.713,10027730469,2040,6251,34,100,0
1777924289.146595,2026-05-04T21:51:29.146595,35.713,10027730469,2040,6251,34,100,0
1777924289.1591618,2026-05-04T21:51:29.159162,35.713,10027730469,2040,6251,34,100,0
1777924289.1716607,2026-05-04T21:51:29.171661,35.367,10027730469,2040,6251,34,100,0
1777924289.186912,2026-05-04T21:51:29.186912,35.367,10027730469,2040,6251,34,100,0
1777924289.1994507,2026-05-04T21:51:29.199451,35.367,10027730469,2040,6251,34,100,0
1777924289.2121623,2026-05-04T21:51:29.212162,35.367,10027733557,2040,6251,34,100,0
1777924289.2272148,2026-05-04T21:51:29.227215,35.367,10027733557,2040,6251,34,100,0
1777924289.2397673,2026-05-04T21:51:29.239767,35.367,10027733557,2040,6251,34,100,0
1777924289.252341,2026-05-04T21:51:29.252341,35.367,10027733557,2040,6251,34,100,0
1777924289.2666965,2026-05-04T21:51:29.266696,35.367,10027733557,2040,6251,34,100,0
1777924289.2792192,2026-05-04T21:51:29.279219,34.982,10027733557,2040,6251,34,100,0
1777924289.2918642,2026-05-04T21:51:29.291864,34.982,10027733557,2040,6251,34,100,0
1777924289.3065853,2026-05-04T21:51:29.306585,34.982,10027736648,2040,6251,34,100,0
1777924289.3199186,2026-05-04T21:51:29.319919,34.982,10027736648,2040,6251,34,100,0
1777924289.3324828,2026-05-04T21:51:29.332483,34.982,10027736648,2040,6251,34,100,0
1777924289.3467915,2026-05-04T21:51:29.346792,34.982,10027736648,2040,6251,34,100,0
1777924289.3593376,2026-05-04T21:51:29.359338,34.982,10027736648,2040,6251,34,100,0
1777924289.371845,2026-05-04T21:51:29.371845,34.564,10027736648,2040,6251,34,100,0
1777924289.3865879,2026-05-04T21:51:29.386588,34.564,10027736648,2040,6251,34,100,0
1777924289.3990552,2026-05-04T21:51:29.399055,34.564,10027736648,2040,6251,34,100,0
1777924289.411591,2026-05-04T21:51:29.411591,34.564,10027739729,2040,6251,34,100,0
1777924289.427184,2026-05-04T21:51:29.427184,34.564,10027739729,2040,6251,34,100,0
1777924289.43966,2026-05-04T21:51:29.439660,34.564,10027739729,2040,6251,34,100,0
1777924289.4522076,2026-05-04T21:51:29.452208,34.564,10027739729,2040,6251,34,100,0
1777924289.4668381,2026-05-04T21:51:29.466838,34.564,10027739729,2040,6251,34,100,0
1777924289.4792547,2026-05-04T21:51:29.479255,34.225,10027739729,2040,6251,34,100,0
1777924289.4917617,2026-05-04T21:51:29.491762,34.225,10027739729,2040,6251,34,100,0
1777924289.5119166,2026-05-04T21:51:29.511917,34.225,10027742850,2040,6251,34,100,0
1777924289.5308146,2026-05-04T21:51:29.530815,34.225,10027742850,2040,6251,34,100,0
1777924289.5522788,2026-05-04T21:51:29.552279,34.225,10027742850,2040,6251,34,100,0
1777924289.5714862,2026-05-04T21:51:29.571486,34.225,10027742850,2040,6251,34,100,0
1777924289.5900564,2026-05-04T21:51:29.590056,34.126,10027742850,2040,6251,34,100,0
1777924289.6102204,2026-05-04T21:51:29.610220,34.126,10027746326,2040,6251,34,100,0
1777924289.6292841,2026-05-04T21:51:29.629284,34.126,10027746326,2040,6251,34,100,0
1777924289.649421,2026-05-04T21:51:29.649421,34.126,10027746326,2040,6251,34,100,0
1777924289.6692622,2026-05-04T21:51:29.669262,34.126,10027746326,2040,6251,34,100,0
1777924289.6891024,2026-05-04T21:51:29.689102,34.125,10027746326,2040,6251,34,100,0
1777924289.7090502,2026-05-04T21:51:29.709050,34.125,10027749827,2040,6251,34,100,0
1777924289.7306511,2026-05-04T21:51:29.730651,34.125,10027749827,2040,6251,34,100,0
1777924289.7524507,2026-05-04T21:51:29.752451,34.125,10027749827,2040,6251,34,100,0
1777924289.7735288,2026-05-04T21:51:29.773529,34.125,10027749827,2040,6251,34,100,0
1777924289.7926605,2026-05-04T21:51:29.792660,33.8,10027749827,2040,6251,34,100,0
1777924289.8120992,2026-05-04T21:51:29.812099,33.8,10027753324,2040,6251,34,100,0
1777924289.8324285,2026-05-04T21:51:29.832428,33.8,10027753324,2040,6251,34,100,0
1777924289.851524,2026-05-04T21:51:29.851524,33.8,10027753324,2040,6251,34,100,0
1777924289.8693538,2026-05-04T21:51:29.869354,33.8,10027753324,2040,6251,34,100,0
1777924289.8902278,2026-05-04T21:51:29.890228,33.249,10027753324,2040,6251,34,100,0
1777924289.910075,2026-05-04T21:51:29.910075,33.249,10027756816,2040,6251,34,100,0
1777924289.9297466,2026-05-04T21:51:29.929747,33.249,10027756816,2040,6251,34,100,0
1777924289.9493108,2026-05-04T21:51:29.949311,33.249,10027756816,2040,6251,34,100,0
1777924289.9697576,2026-05-04T21:51:29.969758,33.249,10027756816,2040,6251,34,100,0
1777924289.9907699,2026-05-04T21:51:29.990770,32.719,10027756816,2040,6251,34,100,0
1777924290.0092957,2026-05-04T21:51:30.009296,32.719,10027760312,2040,6251,34,100,0
1777924290.0317955,2026-05-04T21:51:30.031796,32.719,10027760312,2040,6251,34,100,0
1777924290.0497622,2026-05-04T21:51:30.049762,32.719,10027760312,2040,6251,34,100,0
1777924290.0698066,2026-05-04T21:51:30.069807,32.719,10027760312,2040,6251,34,100,0
1777924290.0910902,2026-05-04T21:51:30.091090,33.098,10027760312,2040,6251,34,100,0
1777924290.1110356,2026-05-04T21:51:30.111036,33.098,10027763820,2040,6251,34,100,0
1777924290.130762,2026-05-04T21:51:30.130762,33.098,10027763820,2040,6251,34,100,0
1777924290.1512458,2026-05-04T21:51:30.151246,33.098,10027763820,2040,6251,34,100,0
1777924290.1706593,2026-05-04T21:51:30.170659,33.098,10027763820,2040,6251,34,100,0
1777924290.1925206,2026-05-04T21:51:30.192521,33.473,10027763820,2040,6251,34,100,0
1777924290.2064068,2026-05-04T21:51:30.206407,33.473,10027767346,2040,6251,34,100,0
1777924290.219757,2026-05-04T21:51:30.219757,33.473,10027767346,2040,6251,34,100,0
1777924290.232809,2026-05-04T21:51:30.232809,33.473,10027767346,2040,6251,34,100,0
1777924290.2462559,2026-05-04T21:51:30.246256,33.473,10027767346,2040,6251,34,100,0
1777924290.2591584,2026-05-04T21:51:30.259158,33.473,10027767346,2040,6251,34,100,0
1777924290.2719598,2026-05-04T21:51:30.271960,33.473,10027767346,2040,6251,34,100,0
1777924290.286269,2026-05-04T21:51:30.286269,34.371,10027767346,2040,6251,34,100,0
1777924290.2989807,2026-05-04T21:51:30.298981,34.371,10027767346,2040,6251,34,100,0
1777924290.3117115,2026-05-04T21:51:30.311712,34.371,10027771267,2040,6251,34,100,0
1777924290.3264408,2026-05-04T21:51:30.326441,34.371,10027771267,2040,6251,34,100,0
1777924290.3390615,2026-05-04T21:51:30.339061,34.371,10027771267,2040,6251,34,100,0
1777924290.3531222,2026-05-04T21:51:30.353122,34.371,10027771267,2040,6251,34,100,0
1777924290.3664799,2026-05-04T21:51:30.366480,34.371,10027771267,2040,6251,34,100,0
1777924290.3789217,2026-05-04T21:51:30.378922,34.371,10027771267,2040,6251,34,100,0
1777924290.3915918,2026-05-04T21:51:30.391592,34.98,10027771267,2040,6251,35,100,2
1777924290.4062183,2026-05-04T21:51:30.406218,34.98,10027775108,2040,6251,35,100,2
1777924290.4195623,2026-05-04T21:51:30.419562,34.98,10027775108,2040,6251,35,100,2
1777924290.4321563,2026-05-04T21:51:30.432156,34.98,10027775108,2040,6251,35,100,2
1777924290.446488,2026-05-04T21:51:30.446488,34.98,10027775108,2040,6251,35,100,2
1777924290.4590201,2026-05-04T21:51:30.459020,34.98,10027775108,2040,6251,35,100,2
1777924290.4716675,2026-05-04T21:51:30.471668,34.98,10027775108,2040,6251,35,100,2
1777924290.4861317,2026-05-04T21:51:30.486132,35.431,10027775108,2040,6251,34,100,2
1777924290.4987385,2026-05-04T21:51:30.498739,35.431,10027775108,2040,6251,34,100,2
1777924290.5113223,2026-05-04T21:51:30.511322,35.431,10027778180,2040,6251,34,100,2
1777924290.5263653,2026-05-04T21:51:30.526365,35.431,10027778180,2040,6251,34,100,2
1777924290.5389132,2026-05-04T21:51:30.538913,35.431,10027778180,2040,6251,34,100,2
1777924290.5528903,2026-05-04T21:51:30.552890,35.431,10027778180,2040,6251,34,100,2
1777924290.5663664,2026-05-04T21:51:30.566366,35.431,10027778180,2040,6251,34,100,2
1777924290.5789056,2026-05-04T21:51:30.578906,35.431,10027778180,2040,6251,34,100,2
1777924290.591546,2026-05-04T21:51:30.591546,35.022,10027778180,2040,6251,34,100,0
1777924290.606115,2026-05-04T21:51:30.606115,35.022,10027781265,2040,6251,34,100,0
1777924290.6195004,2026-05-04T21:51:30.619500,35.022,10027781265,2040,6251,34,100,0
1777924290.6321206,2026-05-04T21:51:30.632121,35.022,10027781265,2040,6251,34,100,0
1777924290.6462188,2026-05-04T21:51:30.646219,35.022,10027781265,2040,6251,34,100,0
1777924290.6587536,2026-05-04T21:51:30.658754,35.022,10027781265,2040,6251,34,100,0
1777924290.6713746,2026-05-04T21:51:30.671375,35.022,10027781265,2040,6251,34,100,0
1777924290.6861062,2026-05-04T21:51:30.686106,34.716,10027781265,2040,6251,34,100,0
1777924290.6986349,2026-05-04T21:51:30.698635,34.716,10027781265,2040,6251,34,100,0
1777924290.7112224,2026-05-04T21:51:30.711222,34.716,10027784348,2040,6251,34,100,0
1777924290.726462,2026-05-04T21:51:30.726462,34.716,10027784348,2040,6251,34,100,0
1777924290.738962,2026-05-04T21:51:30.738962,34.716,10027784348,2040,6251,34,100,0
1777924290.7517662,2026-05-04T21:51:30.751766,34.716,10027784348,2040,6251,34,100,0
1777924290.7660937,2026-05-04T21:51:30.766094,34.716,10027784348,2040,6251,34,100,0
1777924290.7785525,2026-05-04T21:51:30.778553,34.716,10027784348,2040,6251,34,100,0
1777924290.7911336,2026-05-04T21:51:30.791134,34.371,10027784348,2040,6251,34,100,0
1777924290.8059452,2026-05-04T21:51:30.805945,34.371,10027787427,2040,6251,34,100,0
1777924290.8240395,2026-05-04T21:51:30.824039,34.371,10027787427,2040,6251,34,100,0
1777924290.8418984,2026-05-04T21:51:30.841898,34.371,10027787427,2040,6251,34,100,0
1777924290.8631659,2026-05-04T21:51:30.863166,34.371,10027787427,2040,6251,34,100,0
1777924290.8813138,2026-05-04T21:51:30.881314,34.371,10027787427,2040,6251,34,100,0
1777924290.9004369,2026-05-04T21:51:30.900437,34.115,10027787427,2040,6251,34,100,0
1777924290.9173782,2026-05-04T21:51:30.917378,34.115,10027790883,2040,6251,34,100,0
1777924290.9359772,2026-05-04T21:51:30.935977,34.115,10027790883,2040,6251,34,100,0
1777924290.95402,2026-05-04T21:51:30.954020,34.115,10027790883,2040,6251,34,100,0
1777924290.9711647,2026-05-04T21:51:30.971165,34.115,10027790883,2040,6251,34,100,0
1777924290.988754,2026-05-04T21:51:30.988754,34.115,10027790883,2040,6251,34,100,0
1777924291.0111125,2026-05-04T21:51:31.011112,34.113,10027794373,2040,6251,34,100,0
1777924291.0339477,2026-05-04T21:51:31.033948,34.113,10027794373,2040,6251,34,100,0
1777924291.0523734,2026-05-04T21:51:31.052373,34.113,10027794373,2040,6251,34,100,0
1777924291.072198,2026-05-04T21:51:31.072198,34.113,10027794373,2040,6251,34,100,0
1777924291.0907605,2026-05-04T21:51:31.090760,34.113,10027794373,2040,6251,34,100,0
1777924291.1097257,2026-05-04T21:51:31.109726,34.122,10027797871,2040,6251,34,100,0
1777924291.1290402,2026-05-04T21:51:31.129040,34.122,10027797871,2040,6251,34,100,0
1777924291.1506927,2026-05-04T21:51:31.150693,34.122,10027797871,2040,6251,34,100,0
1777924291.16892,2026-05-04T21:51:31.168920,34.122,10027797871,2040,6251,34,100,0
1777924291.187671,2026-05-04T21:51:31.187671,34.122,10027797871,2040,6251,34,100,0
1777924291.2086642,2026-05-04T21:51:31.208664,34.131,10027801368,2040,6251,34,100,0
1777924291.2330217,2026-05-04T21:51:31.233022,34.131,10027801368,2040,6251,34,100,0
1777924291.2459514,2026-05-04T21:51:31.245951,34.131,10027801368,2040,6251,34,100,0
1777924291.2584095,2026-05-04T21:51:31.258410,34.131,10027801368,2040,6251,34,100,0
1777924291.2712505,2026-05-04T21:51:31.271250,34.131,10027801368,2040,6251,34,100,0
1777924291.2863073,2026-05-04T21:51:31.286307,34.131,10027801368,2040,6251,34,100,0
1777924291.298787,2026-05-04T21:51:31.298787,34.131,10027801368,2040,6251,34,100,0
1777924291.3115776,2026-05-04T21:51:31.311578,34.113,10027805177,2040,6251,34,100,0
1777924291.3262064,2026-05-04T21:51:31.326206,34.113,10027805177,2040,6251,34,100,0
1777924291.3387933,2026-05-04T21:51:31.338793,34.113,10027805177,2040,6251,34,100,0
1777924291.353003,2026-05-04T21:51:31.353003,34.113,10027805177,2040,6251,34,100,0
1777924291.366127,2026-05-04T21:51:31.366127,34.113,10027805177,2040,6251,34,100,0
1777924291.3786025,2026-05-04T21:51:31.378603,34.113,10027805177,2040,6251,34,100,0
1777924291.3911982,2026-05-04T21:51:31.391198,34.113,10027805177,2040,6251,34,100,0
1777924291.405854,2026-05-04T21:51:31.405854,34.477,10027808589,2040,6251,34,100,2
1777924291.4192889,2026-05-04T21:51:31.419289,34.477,10027808589,2040,6251,34,100,2
1777924291.4319782,2026-05-04T21:51:31.431978,34.477,10027808589,2040,6251,34,100,2
1777924291.4458525,2026-05-04T21:51:31.445853,34.477,10027808589,2040,6251,34,100,2
1777924291.4585402,2026-05-04T21:51:31.458540,34.477,10027808589,2040,6251,34,100,2
1777924291.4711778,2026-05-04T21:51:31.471178,34.477,10027808589,2040,6251,34,100,2
1777924291.4858127,2026-05-04T21:51:31.485813,34.477,10027808589,2040,6251,34,100,2
1777924291.4982944,2026-05-04T21:51:31.498294,34.477,10027808589,2040,6251,34,100,2
1777924291.5108204,2026-05-04T21:51:31.510820,33.513,10027811642,2040,6251,34,100,2
1777924291.5260303,2026-05-04T21:51:31.526030,33.513,10027811642,2040,6251,34,100,2
1777924291.5385103,2026-05-04T21:51:31.538510,33.513,10027811642,2040,6251,34,100,2
1777924291.552225,2026-05-04T21:51:31.552225,33.513,10027811642,2040,6251,34,100,2
1777924291.566205,2026-05-04T21:51:31.566205,33.513,10027811642,2040,6251,34,100,2
1777924291.5823834,2026-05-04T21:51:31.582383,33.513,10027811642,2040,6251,34,100,2
1777924291.6008258,2026-05-04T21:51:31.600826,33.513,10027811642,2040,6251,34,100,2
1777924291.6187084,2026-05-04T21:51:31.618708,33.805,10027814854,2040,6251,34,100,0
1777924291.6370366,2026-05-04T21:51:31.637037,33.805,10027814854,2040,6251,34,100,0
1777924291.656994,2026-05-04T21:51:31.656994,33.805,10027814854,2040,6251,34,100,0
1777924291.6755204,2026-05-04T21:51:31.675520,33.805,10027814854,2040,6251,34,100,0
1777924291.6952474,2026-05-04T21:51:31.695247,33.805,10027814854,2040,6251,34,100,0
1777924291.7142785,2026-05-04T21:51:31.714278,34.186,10027818355,2040,6251,34,100,0
1777924291.7309408,2026-05-04T21:51:31.730941,34.186,10027818355,2040,6251,34,100,0
1777924291.7493289,2026-05-04T21:51:31.749329,34.186,10027818355,2040,6251,34,100,0
1777924291.7683573,2026-05-04T21:51:31.768357,34.186,10027818355,2040,6251,34,100,0
1777924291.7808754,2026-05-04T21:51:31.780875,34.186,10027818355,2040,6251,34,100,0
1777924291.793456,2026-05-04T21:51:31.793456,34.186,10027818355,2040,6251,34,100,0
1777924291.8060699,2026-05-04T21:51:31.806070,34.186,10027822004,2040,6251,34,100,0
1777924291.819197,2026-05-04T21:51:31.819197,34.186,10027822004,2040,6251,34,100,0
1777924291.8318706,2026-05-04T21:51:31.831871,34.186,10027822004,2040,6251,34,100,0
1777924291.845918,2026-05-04T21:51:31.845918,34.186,10027822004,2040,6251,34,100,0
1777924291.8586192,2026-05-04T21:51:31.858619,34.186,10027822004,2040,6251,34,100,0
1777924291.8712568,2026-05-04T21:51:31.871257,34.186,10027822004,2040,6251,34,100,0
1777924291.8856874,2026-05-04T21:51:31.885687,34.186,10027822004,2040,6251,34,100,0
1777924291.8981073,2026-05-04T21:51:31.898107,34.186,10027822004,2040,6251,34,100,0
1777924291.91063,2026-05-04T21:51:31.910630,34.832,10027825177,2040,6251,34,100,0
1777924291.9258597,2026-05-04T21:51:31.925860,34.832,10027825177,2040,6251,34,100,0
1777924291.9421992,2026-05-04T21:51:31.942199,34.832,10027825177,2040,6251,34,100,0
1777924291.9610143,2026-05-04T21:51:31.961014,34.832,10027825177,2040,6251,34,100,0
1777924291.9816804,2026-05-04T21:51:31.981680,34.832,10027825177,2040,6251,34,100,0
1777924291.9942865,2026-05-04T21:51:31.994287,34.832,10027825177,2040,6251,34,100,0
1777924292.0068147,2026-05-04T21:51:32.006815,34.832,10027828550,2040,6251,34,100,0
1777924292.0190392,2026-05-04T21:51:32.019039,34.832,10027828550,2040,6251,34,100,0
1777924292.0317655,2026-05-04T21:51:32.031765,34.832,10027828550,2040,6251,34,100,0
1777924292.045723,2026-05-04T21:51:32.045723,34.832,10027828550,2040,6251,34,100,0
1777924292.058328,2026-05-04T21:51:32.058328,34.832,10027828550,2040,6251,34,100,0
1777924292.0710685,2026-05-04T21:51:32.071069,34.832,10027828550,2040,6251,34,100,0
1777924292.0858157,2026-05-04T21:51:32.085816,34.832,10027828550,2040,6251,34,100,0
1777924292.098381,2026-05-04T21:51:32.098381,34.832,10027828550,2040,6251,34,100,0
1777924292.1110165,2026-05-04T21:51:32.111017,34.131,10027831584,2040,6251,34,100,0
1777924292.1261256,2026-05-04T21:51:32.126126,34.131,10027831584,2040,6251,34,100,0
1777924292.1387446,2026-05-04T21:51:32.138745,34.131,10027831584,2040,6251,34,100,0
1777924292.151391,2026-05-04T21:51:32.151391,34.131,10027831584,2040,6251,34,100,0
1777924292.1657515,2026-05-04T21:51:32.165751,34.131,10027831584,2040,6251,34,100,0
1777924292.1781702,2026-05-04T21:51:32.178170,34.131,10027831584,2040,6251,34,100,0
1777924292.1907551,2026-05-04T21:51:32.190755,34.131,10027831584,2040,6251,34,100,0
1777924292.2055552,2026-05-04T21:51:32.205555,34.131,10027831584,2040,6251,34,100,0
1777924292.2178218,2026-05-04T21:51:32.217822,34.131,10027834700,2040,6251,34,38,4
1777924292.230309,2026-05-04T21:51:32.230309,34.131,10027834700,2040,6251,34,38,4
1777924292.245718,2026-05-04T21:51:32.245718,34.131,10027834700,2040,6251,34,38,4
1777924292.2583742,2026-05-04T21:51:32.258374,34.131,10027834700,2040,6251,34,38,4
1777924292.271074,2026-05-04T21:51:32.271074,34.131,10027834700,2040,6251,34,38,4
1777924292.2858422,2026-05-04T21:51:32.285842,34.131,10027834700,2040,6251,34,38,4
1777924292.2985616,2026-05-04T21:51:32.298562,34.131,10027834700,2040,6251,34,38,4
1777924292.3113027,2026-05-04T21:51:32.311303,34.478,10027838477,2040,6251,34,38,4
1777924292.325919,2026-05-04T21:51:32.325919,34.478,10027838477,2040,6251,34,38,4
1777924292.3385475,2026-05-04T21:51:32.338547,34.478,10027838477,2040,6251,34,38,4
1777924292.3514483,2026-05-04T21:51:32.351448,34.478,10027838477,2040,6251,34,38,4
1777924292.3656616,2026-05-04T21:51:32.365662,34.478,10027838477,2040,6251,34,38,4
1777924292.3783062,2026-05-04T21:51:32.378306,34.478,10027838477,2040,6251,34,38,4
1777924292.3911147,2026-05-04T21:51:32.391115,34.478,10027838477,2040,6251,34,38,4
1777924292.4058826,2026-05-04T21:51:32.405883,34.478,10027842479,2040,6251,34,38,4
1777924292.419024,2026-05-04T21:51:32.419024,34.478,10027842479,2040,6251,34,100,2
1777924292.4318893,2026-05-04T21:51:32.431889,34.478,10027842479,2040,6251,34,100,2
1777924292.4456043,2026-05-04T21:51:32.445604,34.478,10027842479,2040,6251,34,100,2
1777924292.4582386,2026-05-04T21:51:32.458239,34.478,10027842479,2040,6251,34,100,2
1777924292.47099,2026-05-04T21:51:32.470990,34.478,10027842479,2040,6251,34,100,2
1777924292.4855573,2026-05-04T21:51:32.485557,34.478,10027842479,2040,6251,34,100,2
1777924292.4981747,2026-05-04T21:51:32.498175,34.478,10027842479,2040,6251,34,100,2
1777924292.510868,2026-05-04T21:51:32.510868,35.442,10027846608,2040,6251,35,100,2
1777924292.5257902,2026-05-04T21:51:32.525790,35.442,10027846608,2040,6251,35,100,2
1777924292.5384264,2026-05-04T21:51:32.538426,35.442,10027846608,2040,6251,35,100,2
1777924292.551378,2026-05-04T21:51:32.551378,35.442,10027846608,2040,6251,35,100,2
1777924292.5656722,2026-05-04T21:51:32.565672,35.442,10027846608,2040,6251,35,100,2
1777924292.5782921,2026-05-04T21:51:32.578292,35.442,10027846608,2040,6251,35,100,2
1777924292.5909874,2026-05-04T21:51:32.590987,35.442,10027846608,2040,6251,35,100,2
1777924292.605574,2026-05-04T21:51:32.605574,35.442,10027850734,2040,6251,35,100,2
1777924292.618979,2026-05-04T21:51:32.618979,35.442,10027850734,2040,6251,35,100,3
1777924292.6318111,2026-05-04T21:51:32.631811,35.442,10027850734,2040,6251,35,100,3
1777924292.6455722,2026-05-04T21:51:32.645572,35.442,10027850734,2040,6251,35,100,3
1777924292.6582286,2026-05-04T21:51:32.658229,35.442,10027850734,2040,6251,35,100,3
1777924292.6709938,2026-05-04T21:51:32.670994,35.442,10027850734,2040,6251,35,100,3
1777924292.685773,2026-05-04T21:51:32.685773,35.442,10027850734,2040,6251,35,100,3
1777924292.698482,2026-05-04T21:51:32.698482,35.442,10027850734,2040,6251,35,100,3
1777924292.7112005,2026-05-04T21:51:32.711200,37.047,10027854870,2040,6251,35,100,3
1777924292.7257211,2026-05-04T21:51:32.725721,37.047,10027854870,2040,6251,35,100,3
1777924292.7383718,2026-05-04T21:51:32.738372,37.047,10027854870,2040,6251,35,100,3
1777924292.751323,2026-05-04T21:51:32.751323,37.047,10027854870,2040,6251,35,100,3
1777924292.7655625,2026-05-04T21:51:32.765563,37.047,10027854870,2040,6251,35,100,3
1777924292.7781756,2026-05-04T21:51:32.778176,37.047,10027854870,2040,6251,35,100,3
1777924292.7909982,2026-05-04T21:51:32.790998,37.047,10027854870,2040,6251,35,100,3
1777924292.8054361,2026-05-04T21:51:32.805436,37.047,10027858984,2040,6251,35,100,3
1777924292.818913,2026-05-04T21:51:32.818913,37.611,10027858984,2040,6251,35,100,3
1777924292.8318675,2026-05-04T21:51:32.831867,37.611,10027858984,2040,6251,35,100,3
1777924292.8454628,2026-05-04T21:51:32.845463,37.611,10027858984,2040,6251,35,100,3
1777924292.8579333,2026-05-04T21:51:32.857933,37.611,10027858984,2040,6251,35,100,3
1777924292.87068,2026-05-04T21:51:32.870680,37.611,10027858984,2040,6251,35,100,3
1777924292.8854914,2026-05-04T21:51:32.885491,37.611,10027858984,2040,6251,35,100,3
1777924292.8981426,2026-05-04T21:51:32.898143,37.611,10027858984,2040,6251,35,100,3
1777924292.9107969,2026-05-04T21:51:32.910797,36.98,10027862993,2040,6251,35,100,3
1777924292.9255483,2026-05-04T21:51:32.925548,36.98,10027862993,2040,6251,35,100,3
1777924292.9381227,2026-05-04T21:51:32.938123,36.98,10027862993,2040,6251,35,100,3
1777924292.9509864,2026-05-04T21:51:32.950986,36.98,10027862993,2040,6251,35,100,3
1777924292.9656584,2026-05-04T21:51:32.965658,36.98,10027862993,2040,6251,35,100,3
1777924292.9782276,2026-05-04T21:51:32.978228,36.98,10027862993,2040,6251,35,100,3
1777924292.990919,2026-05-04T21:51:32.990919,36.98,10027862993,2040,6251,35,100,3
1777924293.0053563,2026-05-04T21:51:33.005356,36.98,10027866091,2040,6251,35,100,3
1777924293.018807,2026-05-04T21:51:33.018807,37.03,10027866091,2040,6251,34,100,2
1777924293.031805,2026-05-04T21:51:33.031805,37.03,10027866091,2040,6251,34,100,2
1777924293.045332,2026-05-04T21:51:33.045332,37.03,10027866091,2040,6251,34,100,2
1777924293.0580466,2026-05-04T21:51:33.058047,37.03,10027866091,2040,6251,34,100,2
1777924293.0707603,2026-05-04T21:51:33.070760,37.03,10027866091,2040,6251,34,100,2
1777924293.0853379,2026-05-04T21:51:33.085338,37.03,10027866091,2040,6251,34,100,2
1777924293.0979018,2026-05-04T21:51:33.097902,37.03,10027866091,2040,6251,34,100,2
1777924293.1105363,2026-05-04T21:51:33.110536,36.934,10027869172,2040,6251,34,100,2
1777924293.1254742,2026-05-04T21:51:33.125474,36.934,10027869172,2040,6251,34,100,2
1777924293.1380231,2026-05-04T21:51:33.138023,36.934,10027869172,2040,6251,34,100,2
1777924293.1508453,2026-05-04T21:51:33.150845,36.934,10027869172,2040,6251,34,100,2
1777924293.1653535,2026-05-04T21:51:33.165354,36.934,10027869172,2040,6251,34,100,2
1777924293.177856,2026-05-04T21:51:33.177856,36.934,10027869172,2040,6251,34,100,2
1777924293.1904805,2026-05-04T21:51:33.190480,36.934,10027869172,2040,6251,34,100,2
1777924293.2052913,2026-05-04T21:51:33.205291,36.934,10027872267,2040,6251,34,100,2
1777924293.2186818,2026-05-04T21:51:33.218682,37.002,10027872267,2040,6251,34,100,0
1777924293.2312753,2026-05-04T21:51:33.231275,37.002,10027872267,2040,6251,34,100,0
1777924293.2455144,2026-05-04T21:51:33.245514,37.002,10027872267,2040,6251,34,100,0
1777924293.2580729,2026-05-04T21:51:33.258073,37.002,10027872267,2040,6251,34,100,0
1777924293.2707627,2026-05-04T21:51:33.270763,37.002,10027872267,2040,6251,34,100,0
1777924293.285298,2026-05-04T21:51:33.285298,37.002,10027872267,2040,6251,34,100,0
1777924293.2978365,2026-05-04T21:51:33.297837,37.002,10027872267,2040,6251,34,100,0
1777924293.3104095,2026-05-04T21:51:33.310410,36.639,10027875358,2040,6251,34,100,0
1777924293.3255074,2026-05-04T21:51:33.325507,36.639,10027875358,2040,6251,34,100,0
1777924293.3380938,2026-05-04T21:51:33.338094,36.639,10027875358,2040,6251,34,100,0
1777924293.3508756,2026-05-04T21:51:33.350876,36.639,10027875358,2040,6251,34,100,0
1777924293.3654249,2026-05-04T21:51:33.365425,36.639,10027875358,2040,6251,34,100,0
1777924293.377995,2026-05-04T21:51:33.377995,36.639,10027875358,2040,6251,34,100,0
1777924293.3906543,2026-05-04T21:51:33.390654,36.639,10027875358,2040,6251,34,100,0
1777924293.4053006,2026-05-04T21:51:33.405301,36.639,10027878452,2040,6251,34,100,0
1777924293.4186633,2026-05-04T21:51:33.418663,35.898,10027878452,2040,6251,34,100,0
1777924293.4313352,2026-05-04T21:51:33.431335,35.898,10027878452,2040,6251,34,100,0
1777924293.445213,2026-05-04T21:51:33.445213,35.898,10027878452,2040,6251,34,100,0
1777924293.457768,2026-05-04T21:51:33.457768,35.898,10027878452,2040,6251,34,100,0
1777924293.4704316,2026-05-04T21:51:33.470432,35.898,10027878452,2040,6251,34,100,0
1777924293.485215,2026-05-04T21:51:33.485215,35.898,10027878452,2040,6251,34,100,0
1777924293.4977362,2026-05-04T21:51:33.497736,35.898,10027878452,2040,6251,34,100,0
1777924293.5103898,2026-05-04T21:51:33.510390,34.947,10027881537,2040,6251,34,100,0
1777924293.5258207,2026-05-04T21:51:33.525821,34.947,10027881537,2040,6251,34,100,0
1777924293.5383756,2026-05-04T21:51:33.538376,34.947,10027881537,2040,6251,34,100,0
1777924293.5510576,2026-05-04T21:51:33.551058,34.947,10027881537,2040,6251,34,100,0
1777924293.5652862,2026-05-04T21:51:33.565286,34.947,10027881537,2040,6251,34,100,0
1777924293.5777934,2026-05-04T21:51:33.577793,34.947,10027881537,2040,6251,34,100,0
1777924293.590473,2026-05-04T21:51:33.590473,34.947,10027881537,2040,6251,34,100,0
1777924293.6051192,2026-05-04T21:51:33.605119,34.947,10027884627,2040,6251,34,100,0
1777924293.6186748,2026-05-04T21:51:33.618675,34.019,10027884627,2040,6251,34,100,0
1777924293.6314313,2026-05-04T21:51:33.631431,34.019,10027884627,2040,6251,34,100,0
1777924293.6451533,2026-05-04T21:51:33.645153,34.019,10027884627,2040,6251,34,100,0
1777924293.6576817,2026-05-04T21:51:33.657682,34.019,10027884627,2040,6251,34,100,0
1777924293.6703715,2026-05-04T21:51:33.670372,34.019,10027884627,2040,6251,34,100,0
1777924293.6851945,2026-05-04T21:51:33.685194,34.019,10027884627,2040,6251,34,100,0
1777924293.697722,2026-05-04T21:51:33.697722,34.019,10027884627,2040,6251,34,100,0
1777924293.71034,2026-05-04T21:51:33.710340,33.047,10027887720,2040,6251,34,100,0
1777924293.7254486,2026-05-04T21:51:33.725449,33.047,10027887720,2040,6251,34,100,0
1777924293.7380242,2026-05-04T21:51:33.738024,33.047,10027887720,2040,6251,34,100,0
1777924293.7509024,2026-05-04T21:51:33.750902,33.047,10027887720,2040,6251,34,100,0
1777924293.7652168,2026-05-04T21:51:33.765217,33.047,10027887720,2040,6251,34,100,0
1777924293.7777908,2026-05-04T21:51:33.777791,33.047,10027887720,2040,6251,34,100,0
1777924293.7904463,2026-05-04T21:51:33.790446,33.047,10027887720,2040,6251,34,100,0
1777924293.805329,2026-05-04T21:51:33.805329,33.047,10027890801,2040,6251,34,100,0
1777924293.8185368,2026-05-04T21:51:33.818537,32.078,10027890801,2040,6251,34,100,0
1777924293.8312614,2026-05-04T21:51:33.831261,32.078,10027890801,2040,6251,34,100,0
1777924293.8451433,2026-05-04T21:51:33.845143,32.078,10027890801,2040,6251,34,100,0
1777924293.8577187,2026-05-04T21:51:33.857719,32.078,10027890801,2040,6251,34,100,0
1777924293.8702703,2026-05-04T21:51:33.870270,32.078,10027890801,2040,6251,34,100,0
1777924293.8852243,2026-05-04T21:51:33.885224,32.078,10027890801,2040,6251,34,100,0
1777924293.8977473,2026-05-04T21:51:33.897747,32.078,10027890801,2040,6251,34,100,0
1777924293.9102871,2026-05-04T21:51:33.910287,31.131,10027893888,2040,6251,34,100,0
1777924293.9254837,2026-05-04T21:51:33.925484,31.131,10027893888,2040,6251,34,100,0
1777924293.938046,2026-05-04T21:51:33.938046,31.131,10027893888,2040,6251,34,100,0
1777924293.9508162,2026-05-04T21:51:33.950816,31.131,10027893888,2040,6251,34,100,0
1777924293.9651682,2026-05-04T21:51:33.965168,31.131,10027893888,2040,6251,34,100,0
1777924293.9777215,2026-05-04T21:51:33.977721,31.131,10027893888,2040,6251,34,100,0
1777924293.9902754,2026-05-04T21:51:33.990275,31.131,10027893888,2040,6251,34,100,0
1777924294.0051184,2026-05-04T21:51:34.005118,31.131,10027896976,2040,6251,34,100,0
1777924294.018478,2026-05-04T21:51:34.018478,30.93,10027896976,2040,6251,34,100,0
1777924294.0311751,2026-05-04T21:51:34.031175,30.93,10027896976,2040,6251,34,100,0
1777924294.0450065,2026-05-04T21:51:34.045007,30.93,10027896976,2040,6251,34,100,0
1777924294.057649,2026-05-04T21:51:34.057649,30.93,10027896976,2040,6251,34,100,0
1777924294.0703099,2026-05-04T21:51:34.070310,30.93,10027896976,2040,6251,34,100,0
1777924294.0852675,2026-05-04T21:51:34.085268,30.93,10027896976,2040,6251,34,100,0
1777924294.0978365,2026-05-04T21:51:34.097836,30.93,10027896976,2040,6251,34,100,0
1777924294.1104999,2026-05-04T21:51:34.110500,30.974,10027900059,2040,6251,34,100,0
1777924294.125182,2026-05-04T21:51:34.125182,30.974,10027900059,2040,6251,34,100,0
1777924294.1377053,2026-05-04T21:51:34.137705,30.974,10027900059,2040,6251,34,100,0
1777924294.1503975,2026-05-04T21:51:34.150398,30.974,10027900059,2040,6251,34,100,0
1777924294.1650717,2026-05-04T21:51:34.165072,30.974,10027900059,2040,6251,34,100,0
1777924294.1775715,2026-05-04T21:51:34.177572,30.974,10027900059,2040,6251,34,100,0
1777924294.1901348,2026-05-04T21:51:34.190135,30.974,10027900059,2040,6251,34,100,0
1777924294.2049918,2026-05-04T21:51:34.204992,30.974,10027903150,2040,6251,34,100,0
1777924294.2184224,2026-05-04T21:51:34.218422,30.974,10027903150,2040,6251,34,100,0
1777924294.2312484,2026-05-04T21:51:34.231248,30.974,10027903150,2040,6251,34,100,0
1777924294.245018,2026-05-04T21:51:34.245018,30.974,10027903150,2040,6251,34,100,0
1777924294.25756,2026-05-04T21:51:34.257560,30.974,10027903150,2040,6251,34,100,0
1777924294.270211,2026-05-04T21:51:34.270211,30.974,10027903150,2040,6251,34,100,0
1777924294.2849784,2026-05-04T21:51:34.284978,30.974,10027903150,2040,6251,34,100,0
1777924294.297659,2026-05-04T21:51:34.297659,30.974,10027903150,2040,6251,34,100,0
1777924294.3103142,2026-05-04T21:51:34.310314,30.965,10027906240,2040,6251,34,100,0
1777924294.3251505,2026-05-04T21:51:34.325150,30.965,10027906240,2040,6251,34,100,0
1777924294.3376777,2026-05-04T21:51:34.337678,30.965,10027906240,2040,6251,34,100,0
1777924294.3505845,2026-05-04T21:51:34.350585,30.965,10027906240,2040,6251,34,100,0
1777924294.3653405,2026-05-04T21:51:34.365340,30.965,10027906240,2040,6251,34,100,0
1777924294.3778791,2026-05-04T21:51:34.377879,30.965,10027906240,2040,6251,34,100,0
1777924294.3906212,2026-05-04T21:51:34.390621,30.965,10027906240,2040,6251,34,100,0
1777924294.4049053,2026-05-04T21:51:34.404905,30.965,10027909331,2040,6251,34,100,0
1777924294.4184299,2026-05-04T21:51:34.418430,30.983,10027909331,2040,6251,34,100,0
1777924294.4314387,2026-05-04T21:51:34.431439,30.983,10027909331,2040,6251,34,100,0
1777924294.4448895,2026-05-04T21:51:34.444890,30.983,10027909331,2040,6251,34,100,0
1777924294.45729,2026-05-04T21:51:34.457290,30.983,10027909331,2040,6251,34,100,0
1777924294.4700348,2026-05-04T21:51:34.470035,30.983,10027909331,2040,6251,34,100,0
1777924294.4849634,2026-05-04T21:51:34.484963,30.983,10027909331,2040,6251,34,100,0
1777924294.4973545,2026-05-04T21:51:34.497355,30.983,10027909331,2040,6251,34,100,0
1777924294.510058,2026-05-04T21:51:34.510058,30.992,10027912417,2040,6251,34,100,0
1777924294.5250864,2026-05-04T21:51:34.525086,30.992,10027912417,2040,6251,34,100,0
1777924294.537491,2026-05-04T21:51:34.537491,30.992,10027912417,2040,6251,34,100,0
1777924294.5502744,2026-05-04T21:51:34.550274,30.992,10027912417,2040,6251,34,100,0
1777924294.5650933,2026-05-04T21:51:34.565093,30.992,10027912417,2040,6251,34,100,0
1777924294.5775824,2026-05-04T21:51:34.577582,30.992,10027912417,2040,6251,34,100,0
1777924294.5900898,2026-05-04T21:51:34.590090,30.992,10027912417,2040,6251,34,100,0
1777924294.604862,2026-05-04T21:51:34.604862,30.992,10027915497,2040,6251,34,100,0
1777924294.6183138,2026-05-04T21:51:34.618314,30.992,10027915497,2040,6251,34,100,0
1777924294.631017,2026-05-04T21:51:34.631017,30.992,10027915497,2040,6251,34,100,0
1777924294.6451302,2026-05-04T21:51:34.645130,30.992,10027915497,2040,6251,34,100,0
1777924294.6576219,2026-05-04T21:51:34.657622,30.992,10027915497,2040,6251,34,100,0
1777924294.670204,2026-05-04T21:51:34.670204,30.992,10027915497,2040,6251,34,100,0
1777924294.6848114,2026-05-04T21:51:34.684811,30.992,10027915497,2040,6251,34,100,0
1777924294.6971776,2026-05-04T21:51:34.697178,30.992,10027915497,2040,6251,34,100,0
1777924294.7155159,2026-05-04T21:51:34.715516,31.193,10027918590,2040,6251,34,100,0
1777924294.7340038,2026-05-04T21:51:34.734004,31.193,10027918590,2040,6251,34,100,0
1777924294.7554421,2026-05-04T21:51:34.755442,31.193,10027918590,2040,6251,34,100,0
1777924294.7748866,2026-05-04T21:51:34.774887,31.193,10027918590,2040,6251,34,100,0
1777924294.7944155,2026-05-04T21:51:34.794415,31.193,10027918590,2040,6251,34,100,0
1777924294.8105977,2026-05-04T21:51:34.810598,31.193,10027922059,2040,6251,34,100,0
1777924294.83135,2026-05-04T21:51:34.831350,31.554,10027922059,2040,6251,34,100,0
1777924294.850865,2026-05-04T21:51:34.850865,31.554,10027922059,2040,6251,34,100,0
1777924294.8706815,2026-05-04T21:51:34.870682,31.554,10027922059,2040,6251,34,100,0
1777924294.8877885,2026-05-04T21:51:34.887789,31.554,10027922059,2040,6251,34,100,0
1777924294.910361,2026-05-04T21:51:34.910361,31.554,10027925552,2040,6251,34,100,0
1777924294.9285526,2026-05-04T21:51:34.928553,31.942,10027925552,2040,6251,34,100,0
1777924294.951267,2026-05-04T21:51:34.951267,31.942,10027925552,2040,6251,34,100,0
1777924294.97197,2026-05-04T21:51:34.971970,31.942,10027925552,2040,6251,34,100,0
1777924294.9916189,2026-05-04T21:51:34.991619,31.942,10027925552,2040,6251,34,100,0
1777924295.0095448,2026-05-04T21:51:35.009545,31.942,10027929049,2040,6251,34,100,0
1777924295.0316193,2026-05-04T21:51:35.031619,32.301,10027929049,2040,6251,34,100,0
1777924295.050014,2026-05-04T21:51:35.050014,32.301,10027929049,2040,6251,34,100,0
1777924295.0697615,2026-05-04T21:51:35.069762,32.301,10027929049,2040,6251,34,100,0
1777924295.090628,2026-05-04T21:51:35.090628,32.301,10027929049,2040,6251,34,100,0
1777924295.1104786,2026-05-04T21:51:35.110479,32.301,10027932546,2040,6251,34,100,0
1777924295.1288278,2026-05-04T21:51:35.128828,32.681,10027932546,2040,6251,34,100,0
1777924295.148226,2026-05-04T21:51:35.148226,32.681,10027932546,2040,6251,34,100,0
1777924295.1681907,2026-05-04T21:51:35.168191,32.681,10027932546,2040,6251,34,100,0
1777924295.1884334,2026-05-04T21:51:35.188433,32.681,10027932546,2040,6251,34,100,0
1777924295.208629,2026-05-04T21:51:35.208629,32.681,10027936039,2040,6251,34,100,0
1777924295.232165,2026-05-04T21:51:35.232165,33.014,10027936039,2040,6251,34,100,0
1777924295.2533965,2026-05-04T21:51:35.253397,33.014,10027936039,2040,6251,34,100,0
1777924295.2720115,2026-05-04T21:51:35.272012,33.014,10027936039,2040,6251,34,100,0
1777924295.2907891,2026-05-04T21:51:35.290789,33.014,10027936039,2040,6251,34,100,0
1777924295.3098118,2026-05-04T21:51:35.309812,33.014,10027939542,2040,6251,34,100,0
1777924295.3290946,2026-05-04T21:51:35.329095,33.385,10027939542,2040,6251,34,100,0
1777924295.3475463,2026-05-04T21:51:35.347546,33.385,10027939542,2040,6251,34,100,0
1777924295.3690503,2026-05-04T21:51:35.369050,33.385,10027939542,2040,6251,34,100,0
1777924295.38778,2026-05-04T21:51:35.387780,33.385,10027939542,2040,6251,34,100,0
1777924295.408008,2026-05-04T21:51:35.408008,33.385,10027943050,2040,6251,34,100,0
1777924295.4316971,2026-05-04T21:51:35.431697,33.77,10027943050,2040,6251,34,100,0
1777924295.4533288,2026-05-04T21:51:35.453329,33.77,10027943050,2040,6251,34,100,0
1777924295.472497,2026-05-04T21:51:35.472497,33.77,10027943050,2040,6251,34,100,0
1777924295.49185,2026-05-04T21:51:35.491850,33.77,10027943050,2040,6251,34,100,0
1777924295.5112278,2026-05-04T21:51:35.511228,33.77,10027946560,2040,6251,34,100,0
1777924295.5305684,2026-05-04T21:51:35.530568,34.134,10027946560,2040,6251,34,100,0
1777924295.550276,2026-05-04T21:51:35.550276,34.134,10027946560,2040,6251,34,100,0
1777924295.5699203,2026-05-04T21:51:35.569920,34.134,10027946560,2040,6251,34,100,0
1777924295.5889556,2026-05-04T21:51:35.588956,34.134,10027946560,2040,6251,34,100,0
1777924295.6088853,2026-05-04T21:51:35.608885,34.134,10027950066,2040,6251,34,100,0
1777924295.6290345,2026-05-04T21:51:35.629035,34.509,10027950066,2040,6251,34,100,0
1777924295.650894,2026-05-04T21:51:35.650894,34.509,10027950066,2040,6251,34,100,0
1777924295.6674507,2026-05-04T21:51:35.667451,34.509,10027950066,2040,6251,34,100,0
1777924295.6890335,2026-05-04T21:51:35.689034,34.509,10027950066,2040,6251,34,100,0
1777924295.7077951,2026-05-04T21:51:35.707795,34.509,10027953572,2040,6251,34,100,0
1777924295.728857,2026-05-04T21:51:35.728857,34.891,10027953572,2040,6251,34,100,0
1777924295.7533314,2026-05-04T21:51:35.753331,34.891,10027953572,2040,6251,34,100,0
1777924295.7727697,2026-05-04T21:51:35.772770,34.891,10027953572,2040,6251,34,100,0
1777924295.7945619,2026-05-04T21:51:35.794562,34.891,10027953572,2040,6251,34,100,0
1777924295.8118765,2026-05-04T21:51:35.811877,34.891,10027957068,2040,6251,34,100,0
1777924295.8295507,2026-05-04T21:51:35.829551,35.047,10027957068,2040,6251,34,100,0
1777924295.8490257,2026-05-04T21:51:35.849026,35.047,10027957068,2040,6251,34,100,0
1777924295.8682683,2026-05-04T21:51:35.868268,35.047,10027957068,2040,6251,34,100,0
1777924295.8886445,2026-05-04T21:51:35.888644,35.047,10027957068,2040,6251,34,100,0
1777924295.9080431,2026-05-04T21:51:35.908043,35.047,10027960561,2040,6251,34,100,0
1777924295.9255993,2026-05-04T21:51:35.925599,35.056,10027960561,2040,6251,34,100,0
1777924295.942873,2026-05-04T21:51:35.942873,35.056,10027960561,2040,6251,34,100,0
1777924295.9622407,2026-05-04T21:51:35.962241,35.056,10027960561,2040,6251,34,100,0
1777924295.9816837,2026-05-04T21:51:35.981684,35.056,10027960561,2040,6251,34,100,0
1777924295.9998856,2026-05-04T21:51:35.999886,35.056,10027960561,2040,6251,34,100,0
1777924296.019286,2026-05-04T21:51:36.019286,35.056,10027964085,2040,6251,34,100,0
1777924296.0392108,2026-05-04T21:51:36.039211,35.047,10027964085,2040,6251,34,100,0
1777924296.0585887,2026-05-04T21:51:36.058589,35.047,10027964085,2040,6251,34,100,0
1777924296.0765903,2026-05-04T21:51:36.076590,35.047,10027964085,2040,6251,34,100,0
1777924296.093794,2026-05-04T21:51:36.093794,35.047,10027964085,2040,6251,34,100,0
1777924296.111,2026-05-04T21:51:36.111000,35.047,10027967546,2040,6251,34,100,0
1777924296.1287606,2026-05-04T21:51:36.128761,35.047,10027967546,2040,6251,34,100,0
1777924296.1466694,2026-05-04T21:51:36.146669,35.047,10027967546,2040,6251,34,100,0
1777924296.1672692,2026-05-04T21:51:36.167269,35.047,10027967546,2040,6251,34,100,0
1777924296.1875584,2026-05-04T21:51:36.187558,35.047,10027967546,2040,6251,34,100,0
1777924296.2081249,2026-05-04T21:51:36.208125,35.047,10027971046,2040,6251,34,100,0
1777924296.2323325,2026-05-04T21:51:36.232332,35.047,10027971046,2040,6251,34,100,0
1777924296.2496245,2026-05-04T21:51:36.249624,35.047,10027971046,2040,6251,34,100,0
1777924296.2664855,2026-05-04T21:51:36.266485,35.047,10027971046,2040,6251,34,100,0
1777924296.2865405,2026-05-04T21:51:36.286541,35.047,10027971046,2040,6251,34,100,0
1777924296.3083346,2026-05-04T21:51:36.308335,35.047,10027974546,2040,6251,34,100,0
1777924296.328118,2026-05-04T21:51:36.328118,35.047,10027974546,2040,6251,34,100,0
1777924296.3489714,2026-05-04T21:51:36.348971,35.064,10027974546,2040,6251,34,100,0
1777924296.3675385,2026-05-04T21:51:36.367538,35.064,10027974546,2040,6251,34,100,0
1777924296.3882306,2026-05-04T21:51:36.388231,35.064,10027974546,2040,6251,34,100,0
1777924296.409096,2026-05-04T21:51:36.409096,35.064,10027978043,2040,6251,34,100,0
1777924296.4331446,2026-05-04T21:51:36.433145,35.064,10027978043,2040,6251,34,100,0
1777924296.453509,2026-05-04T21:51:36.453509,35.056,10027978043,2040,6251,34,100,0
1777924296.472446,2026-05-04T21:51:36.472446,35.056,10027978043,2040,6251,34,100,0
1777924296.491637,2026-05-04T21:51:36.491637,35.056,10027978043,2040,6251,34,100,0
1777924296.5111685,2026-05-04T21:51:36.511168,35.056,10027981536,2040,6251,34,100,0
1777924296.5285501,2026-05-04T21:51:36.528550,35.056,10027981536,2040,6251,34,100,0
1777924296.5477424,2026-05-04T21:51:36.547742,35.02,10027981536,2040,6251,34,100,0
1777924296.5682118,2026-05-04T21:51:36.568212,35.02,10027981536,2040,6251,34,100,0
1777924296.5884836,2026-05-04T21:51:36.588484,35.02,10027981536,2040,6251,34,100,0
1777924296.6082873,2026-05-04T21:51:36.608287,35.02,10027985024,2040,6251,34,100,0
1777924296.6285286,2026-05-04T21:51:36.628529,35.02,10027985024,2040,6251,34,100,0
1777924296.6481047,2026-05-04T21:51:36.648105,35.02,10027985024,2040,6251,34,100,0
1777924296.6681082,2026-05-04T21:51:36.668108,35.02,10027985024,2040,6251,34,100,0
1777924296.6872785,2026-05-04T21:51:36.687279,35.02,10027985024,2040,6251,34,100,0
1777924296.7083132,2026-05-04T21:51:36.708313,35.02,10027988527,2040,6251,34,100,0
1777924296.7264998,2026-05-04T21:51:36.726500,35.02,10027988527,2040,6251,34,100,0
1777924296.747395,2026-05-04T21:51:36.747395,35.02,10027988527,2040,6251,34,100,0
1777924296.766835,2026-05-04T21:51:36.766835,35.02,10027988527,2040,6251,34,100,0
1777924296.7870095,2026-05-04T21:51:36.787009,35.02,10027988527,2040,6251,34,100,0
1777924296.7995875,2026-05-04T21:51:36.799587,35.02,10027988527,2040,6251,34,100,0
1777924296.8123908,2026-05-04T21:51:36.812391,35.02,10027992074,2040,6251,34,100,0
1777924296.8274586,2026-05-04T21:51:36.827459,35.02,10027992074,2040,6251,34,100,0
1777924296.8400576,2026-05-04T21:51:36.840058,35.02,10027992074,2040,6251,34,100,0
1777924296.8527634,2026-05-04T21:51:36.852763,35.274,10027992074,2040,6251,34,100,1
1777924296.8656619,2026-05-04T21:51:36.865662,35.274,10027992074,2040,6251,34,100,1
1777924296.8782475,2026-05-04T21:51:36.878247,35.274,10027992074,2040,6251,34,100,1
1777924296.890858,2026-05-04T21:51:36.890858,35.274,10027992074,2040,6251,34,100,1
1777924296.9041991,2026-05-04T21:51:36.904199,35.274,10027995939,2040,6251,34,100,1
1777924296.9176512,2026-05-04T21:51:36.917651,35.274,10027995939,2040,6251,34,100,1
1777924296.930433,2026-05-04T21:51:36.930433,35.274,10027995939,2040,6251,34,100,1
1777924296.9442258,2026-05-04T21:51:36.944226,35.667,10027995939,2040,6251,35,100,1
1777924296.9577138,2026-05-04T21:51:36.957714,35.667,10027995939,2040,6251,35,100,1
1777924296.9705274,2026-05-04T21:51:36.970527,35.667,10027995939,2040,6251,35,100,1
1777924296.984178,2026-05-04T21:51:36.984178,35.667,10027995939,2040,6251,35,100,1
1777924296.9967954,2026-05-04T21:51:36.996795,35.667,10027995939,2040,6251,35,100,1
1777924297.009503,2026-05-04T21:51:37.009503,35.667,10027999999,2040,6251,35,100,1
1777924297.0260997,2026-05-04T21:51:37.026100,35.667,10027999999,2040,6251,35,100,1
1777924297.0388737,2026-05-04T21:51:37.038874,35.667,10027999999,2040,6251,35,100,1
1777924297.051643,2026-05-04T21:51:37.051643,36.185,10027999999,2040,6251,35,100,3
1777924297.0643876,2026-05-04T21:51:37.064388,36.185,10027999999,2040,6251,35,100,3
1777924297.0768547,2026-05-04T21:51:37.076855,36.185,10027999999,2040,6251,35,100,3
1777924297.0896835,2026-05-04T21:51:37.089684,36.185,10027999999,2040,6251,35,100,3
1777924297.1042526,2026-05-04T21:51:37.104253,36.185,10028004129,2040,6251,35,100,3
1777924297.117595,2026-05-04T21:51:37.117595,36.185,10028004129,2040,6251,35,100,3
1777924297.1302474,2026-05-04T21:51:37.130247,36.185,10028004129,2040,6251,35,100,3
1777924297.1442342,2026-05-04T21:51:37.144234,36.959,10028004129,2040,6251,35,100,3
1777924297.1567345,2026-05-04T21:51:37.156734,36.959,10028004129,2040,6251,35,100,3
1777924297.1693957,2026-05-04T21:51:37.169396,36.959,10028004129,2040,6251,35,100,3
1777924297.1842072,2026-05-04T21:51:37.184207,36.959,10028004129,2040,6251,35,100,3
1777924297.1968415,2026-05-04T21:51:37.196841,36.959,10028004129,2040,6251,35,100,3
1777924297.2095997,2026-05-04T21:51:37.209600,36.959,10028008248,2040,6251,35,100,3
1777924297.226978,2026-05-04T21:51:37.226978,36.959,10028008248,2040,6251,35,100,3
1777924297.2396274,2026-05-04T21:51:37.239627,36.959,10028008248,2040,6251,35,100,3
1777924297.2523756,2026-05-04T21:51:37.252376,37.351,10028008248,2040,6251,35,100,3
1777924297.2651129,2026-05-04T21:51:37.265113,37.351,10028008248,2040,6251,35,100,3
1777924297.277626,2026-05-04T21:51:37.277626,37.351,10028008248,2040,6251,35,100,3
1777924297.2904203,2026-05-04T21:51:37.290420,37.351,10028008248,2040,6251,35,100,3
1777924297.3044426,2026-05-04T21:51:37.304443,37.351,10028012375,2040,6251,35,100,3
1777924297.3174014,2026-05-04T21:51:37.317401,37.351,10028012375,2040,6251,35,100,3
1777924297.3300366,2026-05-04T21:51:37.330037,37.351,10028012375,2040,6251,35,100,3
1777924297.3441331,2026-05-04T21:51:37.344133,37.351,10028012375,2040,6251,35,100,3
1777924297.3566506,2026-05-04T21:51:37.356651,38.192,10028012375,2040,6251,35,100,3
1777924297.3692377,2026-05-04T21:51:37.369238,38.192,10028012375,2040,6251,35,100,3
1777924297.3840995,2026-05-04T21:51:37.384099,38.192,10028012375,2040,6251,35,100,3
1777924297.396673,2026-05-04T21:51:37.396673,38.192,10028012375,2040,6251,35,100,3
1777924297.4093254,2026-05-04T21:51:37.409325,38.192,10028015689,2040,6251,35,100,3
1777924297.4270184,2026-05-04T21:51:37.427018,38.192,10028015689,2040,6251,35,100,3
1777924297.4395683,2026-05-04T21:51:37.439568,38.192,10028015689,2040,6251,35,100,3
1777924297.452163,2026-05-04T21:51:37.452163,37.525,10028015689,2040,6251,35,100,1
1777924297.4649293,2026-05-04T21:51:37.464929,37.525,10028015689,2040,6251,35,100,1
1777924297.4774692,2026-05-04T21:51:37.477469,37.525,10028015689,2040,6251,35,100,1
1777924297.4900177,2026-05-04T21:51:37.490018,37.525,10028015689,2040,6251,35,100,1
1777924297.504092,2026-05-04T21:51:37.504092,37.525,10028018771,2040,6251,35,100,1
1777924297.5174375,2026-05-04T21:51:37.517437,37.525,10028018771,2040,6251,35,100,1
1777924297.5300043,2026-05-04T21:51:37.530004,37.525,10028018771,2040,6251,35,100,1
1777924297.543998,2026-05-04T21:51:37.543998,37.525,10028018771,2040,6251,34,100,1
1777924297.556715,2026-05-04T21:51:37.556715,37.399,10028018771,2040,6251,34,100,1
1777924297.5693076,2026-05-04T21:51:37.569308,37.399,10028018771,2040,6251,34,100,1
1777924297.584237,2026-05-04T21:51:37.584237,37.399,10028018771,2040,6251,34,100,1
1777924297.5968034,2026-05-04T21:51:37.596803,37.399,10028018771,2040,6251,34,100,1
1777924297.6095824,2026-05-04T21:51:37.609582,37.399,10028021864,2040,6251,34,100,1
1777924297.6267993,2026-05-04T21:51:37.626799,37.399,10028021864,2040,6251,34,100,1
1777924297.6393683,2026-05-04T21:51:37.639368,37.399,10028021864,2040,6251,34,100,1
1777924297.6520386,2026-05-04T21:51:37.652039,36.83,10028021864,2040,6251,34,100,0
1777924297.664616,2026-05-04T21:51:37.664616,36.83,10028021864,2040,6251,34,100,0
1777924297.6770093,2026-05-04T21:51:37.677009,36.83,10028021864,2040,6251,34,100,0
1777924297.6896546,2026-05-04T21:51:37.689655,36.83,10028021864,2040,6251,34,100,0
1777924297.703947,2026-05-04T21:51:37.703947,36.83,10028024954,2040,6251,34,100,0
1777924297.71732,2026-05-04T21:51:37.717320,36.83,10028024954,2040,6251,34,100,0
1777924297.7300093,2026-05-04T21:51:37.730009,36.83,10028024954,2040,6251,34,100,0
1777924297.7439346,2026-05-04T21:51:37.743935,36.83,10028024954,2040,6251,34,100,0
1777924297.7564113,2026-05-04T21:51:37.756411,36.588,10028024954,2040,6251,34,100,0
1777924297.7691684,2026-05-04T21:51:37.769168,36.588,10028024954,2040,6251,34,100,0
1777924297.7838883,2026-05-04T21:51:37.783888,36.588,10028024954,2040,6251,34,100,0
1777924297.7964616,2026-05-04T21:51:37.796462,36.588,10028024954,2040,6251,34,100,0
1777924297.8091412,2026-05-04T21:51:37.809141,36.588,10028028037,2040,6251,34,100,0
1777924297.8267083,2026-05-04T21:51:37.826708,36.588,10028028037,2040,6251,34,100,0
1777924297.8392315,2026-05-04T21:51:37.839231,36.588,10028028037,2040,6251,34,100,0
1777924297.8519065,2026-05-04T21:51:37.851907,36.065,10028028037,2040,6251,34,100,0
1777924297.8645332,2026-05-04T21:51:37.864533,36.065,10028028037,2040,6251,34,100,0
1777924297.8770542,2026-05-04T21:51:37.877054,36.065,10028028037,2040,6251,34,100,0
1777924297.8897583,2026-05-04T21:51:37.889758,36.065,10028028037,2040,6251,34,100,0
1777924297.9038937,2026-05-04T21:51:37.903894,36.065,10028031124,2040,6251,34,100,0
1777924297.9173028,2026-05-04T21:51:37.917303,36.065,10028031124,2040,6251,34,100,0
1777924297.930137,2026-05-04T21:51:37.930137,36.065,10028031124,2040,6251,34,100,0
1777924297.9438488,2026-05-04T21:51:37.943849,36.065,10028031124,2040,6251,34,100,0
1777924297.9563847,2026-05-04T21:51:37.956385,35.438,10028031124,2040,6251,34,100,0
1777924297.9691079,2026-05-04T21:51:37.969108,35.438,10028031124,2040,6251,34,100,0
1777924297.983836,2026-05-04T21:51:37.983836,35.438,10028031124,2040,6251,34,100,0
1777924297.9963741,2026-05-04T21:51:37.996374,35.438,10028031124,2040,6251,34,100,0
1777924298.0089927,2026-05-04T21:51:38.008993,35.438,10028034211,2040,6251,34,100,0
1777924298.0268776,2026-05-04T21:51:38.026878,35.438,10028034211,2040,6251,34,100,0
1777924298.0394619,2026-05-04T21:51:38.039462,35.438,10028034211,2040,6251,34,100,0
1777924298.0521595,2026-05-04T21:51:38.052160,34.726,10028034211,2040,6251,34,100,0
1777924298.0648475,2026-05-04T21:51:38.064847,34.726,10028034211,2040,6251,34,100,0
1777924298.077276,2026-05-04T21:51:38.077276,34.726,10028034211,2040,6251,34,100,0
1777924298.0899231,2026-05-04T21:51:38.089923,34.726,10028034211,2040,6251,34,100,0
1777924298.1038303,2026-05-04T21:51:38.103830,34.726,10028037299,2040,6251,34,100,0
1777924298.117205,2026-05-04T21:51:38.117205,34.726,10028037299,2040,6251,34,100,0
1777924298.1298947,2026-05-04T21:51:38.129895,34.726,10028037299,2040,6251,34,100,0
1777924298.1440248,2026-05-04T21:51:38.144025,34.726,10028037299,2040,6251,34,100,0
1777924298.1565897,2026-05-04T21:51:38.156590,33.782,10028037299,2040,6251,34,100,0
1777924298.169326,2026-05-04T21:51:38.169326,33.782,10028037299,2040,6251,34,100,0
1777924298.183781,2026-05-04T21:51:38.183781,33.782,10028037299,2040,6251,34,100,0
1777924298.196351,2026-05-04T21:51:38.196351,33.782,10028037299,2040,6251,34,100,0
1777924298.2089715,2026-05-04T21:51:38.208972,33.782,10028040388,2040,6251,34,100,0
1777924298.2267725,2026-05-04T21:51:38.226773,33.782,10028040388,2040,6251,34,100,0
1777924298.2393482,2026-05-04T21:51:38.239348,33.782,10028040388,2040,6251,34,100,0
1777924298.2520282,2026-05-04T21:51:38.252028,32.828,10028040388,2040,6251,34,100,0
1777924298.2646942,2026-05-04T21:51:38.264694,32.828,10028040388,2040,6251,34,100,0
1777924298.2771049,2026-05-04T21:51:38.277105,32.828,10028040388,2040,6251,34,100,0
1777924298.2897868,2026-05-04T21:51:38.289787,32.828,10028040388,2040,6251,34,100,0
1777924298.3037887,2026-05-04T21:51:38.303789,32.828,10028043480,2040,6251,34,100,0
1777924298.3172257,2026-05-04T21:51:38.317226,32.828,10028043480,2040,6251,34,100,0
1777924298.329914,2026-05-04T21:51:38.329914,32.828,10028043480,2040,6251,34,100,0
1777924298.3437161,2026-05-04T21:51:38.343716,32.828,10028043480,2040,6251,34,100,0
1777924298.3563113,2026-05-04T21:51:38.356311,31.896,10028043480,2040,6251,34,100,0
1777924298.3690376,2026-05-04T21:51:38.369038,31.896,10028043480,2040,6251,34,100,0
1777924298.3837256,2026-05-04T21:51:38.383726,31.896,10028043480,2040,6251,34,100,0
1777924298.396305,2026-05-04T21:51:38.396305,31.896,10028043480,2040,6251,34,100,0
1777924298.408946,2026-05-04T21:51:38.408946,31.896,10028046569,2040,6251,34,100,0
1777924298.4258077,2026-05-04T21:51:38.425808,31.896,10028046569,2040,6251,34,100,0
1777924298.4384823,2026-05-04T21:51:38.438482,31.896,10028046569,2040,6251,34,100,0
1777924298.451166,2026-05-04T21:51:38.451166,30.966,10028046569,2040,6251,34,100,0
1777924298.463819,2026-05-04T21:51:38.463819,30.966,10028046569,2040,6251,34,100,0
1777924298.4763308,2026-05-04T21:51:38.476331,30.966,10028046569,2040,6251,34,100,0
1777924298.4890037,2026-05-04T21:51:38.489004,30.966,10028046569,2040,6251,34,100,0
1777924298.5036771,2026-05-04T21:51:38.503677,30.966,10028049661,2040,6251,34,100,0
1777924298.51709,2026-05-04T21:51:38.517090,30.966,10028049661,2040,6251,34,100,0
1777924298.52975,2026-05-04T21:51:38.529750,30.966,10028049661,2040,6251,34,100,0
1777924298.5436773,2026-05-04T21:51:38.543677,30.966,10028049661,2040,6251,34,100,0
1777924298.5562654,2026-05-04T21:51:38.556265,30.983,10028049661,2040,6251,34,100,0
1777924298.5689602,2026-05-04T21:51:38.568960,30.983,10028049661,2040,6251,34,100,0
1777924298.583574,2026-05-04T21:51:38.583574,30.983,10028049661,2040,6251,34,100,0
1777924298.5960724,2026-05-04T21:51:38.596072,30.983,10028049661,2040,6251,34,100,0
1777924298.6087167,2026-05-04T21:51:38.608717,30.983,10028052744,2040,6251,34,100,0
1777924298.6265187,2026-05-04T21:51:38.626519,30.983,10028052744,2040,6251,34,100,0
1777924298.6390214,2026-05-04T21:51:38.639021,30.983,10028052744,2040,6251,34,100,0
1777924298.6516578,2026-05-04T21:51:38.651658,30.957,10028052744,2040,6251,34,100,0
1777924298.6642063,2026-05-04T21:51:38.664206,30.957,10028052744,2040,6251,34,100,0
1777924298.6766636,2026-05-04T21:51:38.676664,30.957,10028052744,2040,6251,34,100,0
1777924298.6892593,2026-05-04T21:51:38.689259,30.957,10028052744,2040,6251,34,100,0
1777924298.7064848,2026-05-04T21:51:38.706485,30.957,10028055873,2040,6251,34,100,0
1777924298.7273538,2026-05-04T21:51:38.727354,30.957,10028055873,2040,6251,34,100,0
1777924298.7478087,2026-05-04T21:51:38.747809,30.957,10028055873,2040,6251,34,100,0
1777924298.7684581,2026-05-04T21:51:38.768458,31.238,10028055873,2040,6251,34,100,0
1777924298.786195,2026-05-04T21:51:38.786195,31.238,10028055873,2040,6251,34,100,0
1777924298.8066788,2026-05-04T21:51:38.806679,31.238,10028059363,2040,6251,34,100,0
1777924298.8284469,2026-05-04T21:51:38.828447,31.238,10028059363,2040,6251,34,100,0
1777924298.847865,2026-05-04T21:51:38.847865,31.238,10028059363,2040,6251,34,100,0
1777924298.8653245,2026-05-04T21:51:38.865324,31.617,10028059363,2040,6251,34,100,0
1777924298.8871043,2026-05-04T21:51:38.887104,31.617,10028059363,2040,6251,34,100,0
1777924298.9048405,2026-05-04T21:51:38.904840,31.617,10028062877,2040,6251,34,100,0
1777924298.9272075,2026-05-04T21:51:38.927207,31.617,10028062877,2040,6251,34,100,0
1777924298.9477293,2026-05-04T21:51:38.947729,31.617,10028062877,2040,6251,34,100,0
1777924298.967484,2026-05-04T21:51:38.967484,32.012,10028062877,2040,6251,34,100,0
1777924298.9867733,2026-05-04T21:51:38.986773,32.012,10028062877,2040,6251,34,100,0
1777924299.0065722,2026-05-04T21:51:39.006572,32.012,10028066388,2040,6251,34,100,0
1777924299.0320153,2026-05-04T21:51:39.032015,32.012,10028066388,2040,6251,34,100,0
1777924299.0506356,2026-05-04T21:51:39.050636,32.401,10028066388,2040,6251,34,100,0
1777924299.0707653,2026-05-04T21:51:39.070765,32.401,10028066388,2040,6251,34,100,0
1777924299.0895977,2026-05-04T21:51:39.089598,32.401,10028066388,2040,6251,34,100,0
1777924299.1094632,2026-05-04T21:51:39.109463,32.401,10028069894,2040,6251,34,100,0
1777924299.1283314,2026-05-04T21:51:39.128331,32.401,10028069894,2040,6251,34,100,0
1777924299.1468875,2026-05-04T21:51:39.146888,32.401,10028069894,2040,6251,34,100,0
1777924299.1675243,2026-05-04T21:51:39.167524,32.787,10028069894,2040,6251,34,100,0
1777924299.1880145,2026-05-04T21:51:39.188015,32.787,10028069894,2040,6251,34,100,0
1777924299.2084448,2026-05-04T21:51:39.208445,32.787,10028073395,2040,6251,34,100,0
1777924299.2313094,2026-05-04T21:51:39.231309,32.787,10028073395,2040,6251,34,100,0
1777924299.2519367,2026-05-04T21:51:39.251937,33.158,10028073395,2040,6251,34,100,0
1777924299.2744665,2026-05-04T21:51:39.274467,33.158,10028073395,2040,6251,34,100,0
1777924299.2932978,2026-05-04T21:51:39.293298,33.158,10028073395,2040,6251,34,100,0
1777924299.3111765,2026-05-04T21:51:39.311177,33.158,10028076894,2040,6251,34,100,0
1777924299.3312461,2026-05-04T21:51:39.331246,33.158,10028076894,2040,6251,34,100,0
1777924299.3505266,2026-05-04T21:51:39.350527,33.525,10028076894,2040,6251,34,100,0
1777924299.3670208,2026-05-04T21:51:39.367021,33.525,10028076894,2040,6251,34,100,0
1777924299.3860013,2026-05-04T21:51:39.386001,33.525,10028076894,2040,6251,34,100,0
1777924299.4078746,2026-05-04T21:51:39.407875,33.525,10028080394,2040,6251,34,100,0
1777924299.4319944,2026-05-04T21:51:39.431994,33.525,10028080394,2040,6251,34,100,0
1777924299.449803,2026-05-04T21:51:39.449803,33.897,10028080394,2040,6251,34,100,0
1777924299.467643,2026-05-04T21:51:39.467643,33.897,10028080394,2040,6251,34,100,0
1777924299.4846973,2026-05-04T21:51:39.484697,33.897,10028080394,2040,6251,34,100,0
1777924299.5064075,2026-05-04T21:51:39.506407,33.897,10028083891,2040,6251,34,100,0
1777924299.5256975,2026-05-04T21:51:39.525697,33.897,10028083891,2040,6251,34,100,0
1777924299.5444167,2026-05-04T21:51:39.544417,33.897,10028083891,2040,6251,34,100,0
1777924299.5674484,2026-05-04T21:51:39.567448,34.255,10028083891,2040,6251,34,100,0
1777924299.5876997,2026-05-04T21:51:39.587700,34.255,10028083891,2040,6251,34,100,0
1777924299.6083903,2026-05-04T21:51:39.608390,34.255,10028087390,2040,6251,34,100,0
1777924299.6312249,2026-05-04T21:51:39.631225,34.255,10028087390,2040,6251,34,100,0
1777924299.6496584,2026-05-04T21:51:39.649658,34.255,10028087390,2040,6251,34,100,0
1777924299.6685581,2026-05-04T21:51:39.668558,34.636,10028087390,2040,6251,34,100,0
1777924299.6878488,2026-05-04T21:51:39.687849,34.636,10028087390,2040,6251,34,100,0
1777924299.709543,2026-05-04T21:51:39.709543,34.636,10028090898,2040,6251,34,100,0
1777924299.7288468,2026-05-04T21:51:39.728847,34.636,10028090898,2040,6251,34,100,0
1777924299.7486062,2026-05-04T21:51:39.748606,34.636,10028090898,2040,6251,34,100,0
1777924299.767662,2026-05-04T21:51:39.767662,35.02,10028090898,2040,6251,35,100,0
1777924299.789719,2026-05-04T21:51:39.789719,35.02,10028090898,2040,6251,35,100,0
1777924299.8082025,2026-05-04T21:51:39.808203,35.02,10028094396,2040,6251,35,100,0
1777924299.826934,2026-05-04T21:51:39.826934,35.02,10028094396,2040,6251,35,100,0
1777924299.8469753,2026-05-04T21:51:39.846975,35.02,10028094396,2040,6251,35,100,0
1777924299.8656373,2026-05-04T21:51:39.865637,35.091,10028094396,2040,6251,35,100,0
1777924299.8860574,2026-05-04T21:51:39.886057,35.091,10028094396,2040,6251,35,100,0
1777924299.9089408,2026-05-04T21:51:39.908941,35.091,10028097893,2040,6251,35,100,0
1777924299.9279058,2026-05-04T21:51:39.927906,35.091,10028097893,2040,6251,35,100,0
1777924299.9468837,2026-05-04T21:51:39.946884,35.091,10028097893,2040,6251,35,100,0
1777924299.967326,2026-05-04T21:51:39.967326,35.073,10028097893,2040,6251,34,100,0
1777924299.9868054,2026-05-04T21:51:39.986805,35.073,10028097893,2040,6251,34,100,0
1777924300.007102,2026-05-04T21:51:40.007102,35.073,10028101386,2040,6251,34,100,0
1777924300.0288866,2026-05-04T21:51:40.028887,35.073,10028101386,2040,6251,34,100,0
1777924300.0477996,2026-05-04T21:51:40.047800,35.073,10028101386,2040,6251,34,100,0
1777924300.067446,2026-05-04T21:51:40.067446,35.064,10028101386,2040,6251,35,100,0
1777924300.086546,2026-05-04T21:51:40.086546,35.064,10028101386,2040,6251,35,100,0
1777924300.107527,2026-05-04T21:51:40.107527,35.064,10028104882,2040,6251,35,100,0
1777924300.1259143,2026-05-04T21:51:40.125914,35.064,10028104882,2040,6251,35,100,0
1777924300.147489,2026-05-04T21:51:40.147489,35.064,10028104882,2040,6251,35,100,0
1777924300.1649756,2026-05-04T21:51:40.164976,35.056,10028104882,2040,6251,35,100,0
1777924300.1857576,2026-05-04T21:51:40.185758,35.056,10028104882,2040,6251,35,100,0
1777924300.2070122,2026-05-04T21:51:40.207012,35.056,10028108383,2040,6251,35,100,0
1777924300.2308817,2026-05-04T21:51:40.230882,35.056,10028108383,2040,6251,35,100,0
1777924300.2435257,2026-05-04T21:51:40.243526,35.056,10028108383,2040,6251,35,100,0
1777924300.2560031,2026-05-04T21:51:40.256003,35.056,10028108383,2040,6251,35,100,0
1777924300.2687495,2026-05-04T21:51:40.268749,35.038,10028108383,2040,6251,35,100,0
1777924300.283156,2026-05-04T21:51:40.283156,35.038,10028108383,2040,6251,35,100,0
1777924300.2957804,2026-05-04T21:51:40.295780,35.038,10028108383,2040,6251,35,100,0
1777924300.3084533,2026-05-04T21:51:40.308453,35.038,10028112166,2040,6251,35,100,0
1777924300.3233893,2026-05-04T21:51:40.323389,35.038,10028112166,2040,6251,35,100,0
1777924300.3359745,2026-05-04T21:51:40.335974,35.038,10028112166,2040,6251,35,100,0
1777924300.3500495,2026-05-04T21:51:40.350049,35.038,10028112166,2040,6251,35,100,0
1777924300.363488,2026-05-04T21:51:40.363488,35.433,10028112166,2040,6251,35,100,0
1777924300.3760526,2026-05-04T21:51:40.376053,35.433,10028112166,2040,6251,35,100,0
1777924300.388902,2026-05-04T21:51:40.388902,35.433,10028112166,2040,6251,35,100,0
1777924300.4032195,2026-05-04T21:51:40.403219,35.433,10028116189,2040,6251,35,100,0
1777924300.416557,2026-05-04T21:51:40.416557,35.433,10028116189,2040,6251,35,100,0
1777924300.4292114,2026-05-04T21:51:40.429211,35.433,10028116189,2040,6251,35,100,0
1777924300.443237,2026-05-04T21:51:40.443237,35.433,10028116189,2040,6251,35,100,0
1777924300.4560258,2026-05-04T21:51:40.456026,35.433,10028116189,2040,6251,35,100,0
1777924300.4687986,2026-05-04T21:51:40.468799,36.094,10028116189,2040,6251,35,100,3
1777924300.4833066,2026-05-04T21:51:40.483307,36.094,10028116189,2040,6251,35,100,3
1777924300.4959083,2026-05-04T21:51:40.495908,36.094,10028116189,2040,6251,35,100,3
1777924300.5085623,2026-05-04T21:51:40.508562,36.094,10028120302,2040,6251,35,100,3
1777924300.5235906,2026-05-04T21:51:40.523591,36.094,10028120302,2040,6251,35,100,3
1777924300.5361366,2026-05-04T21:51:40.536137,36.094,10028120302,2040,6251,35,100,3
1777924300.548853,2026-05-04T21:51:40.548853,36.094,10028120302,2040,6251,35,100,3
1777924300.5633287,2026-05-04T21:51:40.563329,36.591,10028120302,2040,6251,35,100,3
1777924300.576007,2026-05-04T21:51:40.576007,36.591,10028120302,2040,6251,35,100,3
1777924300.5886903,2026-05-04T21:51:40.588690,36.591,10028120302,2040,6251,35,100,3
1777924300.6032164,2026-05-04T21:51:40.603216,36.591,10028124429,2040,6251,35,100,3
1777924300.616465,2026-05-04T21:51:40.616465,36.591,10028124429,2040,6251,35,100,3
1777924300.6291077,2026-05-04T21:51:40.629108,36.591,10028124429,2040,6251,35,100,3
1777924300.6431003,2026-05-04T21:51:40.643100,36.591,10028124429,2040,6251,35,100,3
1777924300.6555605,2026-05-04T21:51:40.655560,36.591,10028124429,2040,6251,35,100,3
1777924300.66811,2026-05-04T21:51:40.668110,37.366,10028124429,2040,6251,35,100,3
1777924300.6831512,2026-05-04T21:51:40.683151,37.366,10028124429,2040,6251,35,100,3
1777924300.6957345,2026-05-04T21:51:40.695735,37.366,10028124429,2040,6251,35,100,3
1777924300.7083683,2026-05-04T21:51:40.708368,37.366,10028127737,2040,6251,35,100,3
1777924300.72316,2026-05-04T21:51:40.723160,37.366,10028127737,2040,6251,35,100,3
1777924300.7356968,2026-05-04T21:51:40.735697,37.366,10028127737,2040,6251,35,100,3
1777924300.7493818,2026-05-04T21:51:40.749382,37.366,10028127737,2040,6251,35,100,3
1777924300.7632082,2026-05-04T21:51:40.763208,36.773,10028127737,2040,6251,34,100,3
1777924300.7758684,2026-05-04T21:51:40.775868,36.773,10028127737,2040,6251,34,100,3
1777924300.788493,2026-05-04T21:51:40.788493,36.773,10028127737,2040,6251,34,100,3
1777924300.8032527,2026-05-04T21:51:40.803253,36.773,10028130818,2040,6251,34,100,3
1777924300.816467,2026-05-04T21:51:40.816467,36.773,10028130818,2040,6251,34,100,3
1777924300.829135,2026-05-04T21:51:40.829135,36.773,10028130818,2040,6251,34,100,3
1777924300.8430111,2026-05-04T21:51:40.843011,36.773,10028130818,2040,6251,34,100,3
1777924300.8555846,2026-05-04T21:51:40.855585,36.773,10028130818,2040,6251,34,100,3
1777924300.8682392,2026-05-04T21:51:40.868239,36.554,10028130818,2040,6251,34,100,0
1777924300.8829277,2026-05-04T21:51:40.882928,36.554,10028130818,2040,6251,34,100,0
1777924300.8954408,2026-05-04T21:51:40.895441,36.554,10028130818,2040,6251,34,100,0
1777924300.908074,2026-05-04T21:51:40.908074,36.554,10028133906,2040,6251,34,100,0
1777924300.9231176,2026-05-04T21:51:40.923118,36.554,10028133906,2040,6251,34,100,0
1777924300.935678,2026-05-04T21:51:40.935678,36.554,10028133906,2040,6251,34,100,0
1777924300.9485965,2026-05-04T21:51:40.948596,36.554,10028133906,2040,6251,34,100,0
1777924300.962987,2026-05-04T21:51:40.962987,36.061,10028133906,2040,6251,34,100,0
1777924300.9756346,2026-05-04T21:51:40.975635,36.061,10028133906,2040,6251,34,100,0
1777924300.9882572,2026-05-04T21:51:40.988257,36.061,10028133906,2040,6251,34,100,0
1777924301.0029202,2026-05-04T21:51:41.002920,36.061,10028136993,2040,6251,34,100,0
1777924301.016306,2026-05-04T21:51:41.016306,36.061,10028136993,2040,6251,34,100,0
1777924301.0290232,2026-05-04T21:51:41.029023,36.061,10028136993,2040,6251,34,100,0
1777924301.042915,2026-05-04T21:51:41.042915,36.061,10028136993,2040,6251,34,100,0
1777924301.0554688,2026-05-04T21:51:41.055469,36.061,10028136993,2040,6251,34,100,0
1777924301.0681038,2026-05-04T21:51:41.068104,35.752,10028136993,2040,6251,34,100,0
1777924301.0831451,2026-05-04T21:51:41.083145,35.752,10028136993,2040,6251,34,100,0
1777924301.0958045,2026-05-04T21:51:41.095804,35.752,10028136993,2040,6251,34,100,0
1777924301.1084583,2026-05-04T21:51:41.108458,35.752,10028140090,2040,6251,34,100,0
1777924301.1230369,2026-05-04T21:51:41.123037,35.752,10028140090,2040,6251,34,100,0
1777924301.1355731,2026-05-04T21:51:41.135573,35.752,10028140090,2040,6251,34,100,0
1777924301.1483977,2026-05-04T21:51:41.148398,35.752,10028140090,2040,6251,34,100,0
1777924301.162923,2026-05-04T21:51:41.162923,35.322,10028140090,2040,6251,34,100,0
1777924301.175538,2026-05-04T21:51:41.175538,35.322,10028140090,2040,6251,34,100,0
1777924301.1882007,2026-05-04T21:51:41.188201,35.322,10028140090,2040,6251,34,100,0
1777924301.2028475,2026-05-04T21:51:41.202847,35.322,10028143185,2040,6251,34,100,0
1777924301.2162302,2026-05-04T21:51:41.216230,35.322,10028143185,2040,6251,34,100,0
1777924301.2289119,2026-05-04T21:51:41.228912,35.322,10028143185,2040,6251,34,100,0
1777924301.2428179,2026-05-04T21:51:41.242818,35.322,10028143185,2040,6251,34,100,0
1777924301.2553194,2026-05-04T21:51:41.255319,35.322,10028143185,2040,6251,34,100,0
1777924301.268023,2026-05-04T21:51:41.268023,34.942,10028143185,2040,6251,34,100,0
1777924301.2828143,2026-05-04T21:51:41.282814,34.942,10028143185,2040,6251,34,100,0
1777924301.295409,2026-05-04T21:51:41.295409,34.942,10028143185,2040,6251,34,100,0
1777924301.3080683,2026-05-04T21:51:41.308068,34.942,10028146274,2040,6251,34,100,0
1777924301.3229861,2026-05-04T21:51:41.322986,34.942,10028146274,2040,6251,34,100,0
1777924301.3355825,2026-05-04T21:51:41.335582,34.942,10028146274,2040,6251,34,100,0
1777924301.348375,2026-05-04T21:51:41.348375,34.942,10028146274,2040,6251,34,100,0
1777924301.3631217,2026-05-04T21:51:41.363122,34.587,10028146274,2040,6251,34,100,0
1777924301.3757236,2026-05-04T21:51:41.375724,34.587,10028146274,2040,6251,34,100,0
1777924301.388338,2026-05-04T21:51:41.388338,34.587,10028146274,2040,6251,34,100,0
1777924301.402802,2026-05-04T21:51:41.402802,34.587,10028149370,2040,6251,34,100,0
1777924301.4161913,2026-05-04T21:51:41.416191,34.587,10028149370,2040,6251,34,100,0
1777924301.429086,2026-05-04T21:51:41.429086,34.587,10028149370,2040,6251,34,100,0
1777924301.4427514,2026-05-04T21:51:41.442751,34.587,10028149370,2040,6251,34,100,0
1777924301.4552672,2026-05-04T21:51:41.455267,34.587,10028149370,2040,6251,34,100,0
1777924301.467868,2026-05-04T21:51:41.467868,33.83,10028149370,2040,6251,34,100,0
1777924301.4828048,2026-05-04T21:51:41.482805,33.83,10028149370,2040,6251,34,100,0
1777924301.4953425,2026-05-04T21:51:41.495342,33.83,10028149370,2040,6251,34,100,0
1777924301.507948,2026-05-04T21:51:41.507948,33.83,10028152455,2040,6251,34,100,0
1777924301.5228815,2026-05-04T21:51:41.522882,33.83,10028152455,2040,6251,34,100,0
1777924301.5353656,2026-05-04T21:51:41.535366,33.83,10028152455,2040,6251,34,100,0
1777924301.5480375,2026-05-04T21:51:41.548038,33.83,10028152455,2040,6251,34,100,0
1777924301.5628283,2026-05-04T21:51:41.562828,32.887,10028152455,2040,6251,34,100,0
1777924301.5753572,2026-05-04T21:51:41.575357,32.887,10028152455,2040,6251,34,100,0
1777924301.5879502,2026-05-04T21:51:41.587950,32.887,10028152455,2040,6251,34,100,0
1777924301.6026232,2026-05-04T21:51:41.602623,32.887,10028155526,2040,6251,34,100,0
1777924301.616033,2026-05-04T21:51:41.616033,32.887,10028155526,2040,6251,34,100,0
1777924301.6346014,2026-05-04T21:51:41.634601,32.887,10028155526,2040,6251,34,100,0
1777924301.6559458,2026-05-04T21:51:41.655946,32.887,10028155526,2040,6251,34,100,0
1777924301.6771195,2026-05-04T21:51:41.677119,31.876,10028155526,2040,6251,34,100,0
1777924301.697658,2026-05-04T21:51:41.697658,31.876,10028155526,2040,6251,34,100,0
1777924301.7173004,2026-05-04T21:51:41.717300,31.876,10028158974,2040,6251,34,100,0
1777924301.737167,2026-05-04T21:51:41.737167,31.876,10028158974,2040,6251,34,100,0
1777924301.7579427,2026-05-04T21:51:41.757943,31.876,10028158974,2040,6251,34,100,0
1777924301.7776654,2026-05-04T21:51:41.777665,31.297,10028158974,2040,6251,34,100,0
1777924301.7955084,2026-05-04T21:51:41.795508,31.297,10028158974,2040,6251,34,100,0
1777924301.8155944,2026-05-04T21:51:41.815594,31.297,10028162452,2040,6251,34,100,0
1777924301.8345637,2026-05-04T21:51:41.834564,31.297,10028162452,2040,6251,34,100,0
1777924301.853574,2026-05-04T21:51:41.853574,31.297,10028162452,2040,6251,34,100,0
1777924301.872336,2026-05-04T21:51:41.872336,31.685,10028162452,2040,6251,35,100,0
1777924301.8940456,2026-05-04T21:51:41.894046,31.685,10028162452,2040,6251,35,100,0
1777924301.9141486,2026-05-04T21:51:41.914149,31.685,10028165957,2040,6251,35,100,0
1777924301.9319928,2026-05-04T21:51:41.931993,31.685,10028165957,2040,6251,35,100,0
1777924301.9513102,2026-05-04T21:51:41.951310,31.685,10028165957,2040,6251,35,100,0
1777924301.9697268,2026-05-04T21:51:41.969727,31.685,10028165957,2040,6251,35,100,0
1777924301.9900718,2026-05-04T21:51:41.990072,32.048,10028165957,2040,6251,35,100,0
1777924302.006509,2026-05-04T21:51:42.006509,32.048,10028169453,2040,6251,35,100,0
1777924302.0306087,2026-05-04T21:51:42.030609,32.048,10028169453,2040,6251,35,100,0
1777924302.051331,2026-05-04T21:51:42.051331,32.048,10028169453,2040,6251,35,100,0
1777924302.0699346,2026-05-04T21:51:42.069935,32.048,10028169453,2040,6251,35,100,0
1777924302.0903184,2026-05-04T21:51:42.090318,32.41,10028169453,2040,6251,35,100,0
1777924302.1052194,2026-05-04T21:51:42.105219,32.41,10028172957,2040,6251,35,100,0
1777924302.1271105,2026-05-04T21:51:42.127110,32.41,10028172957,2040,6251,35,100,0
1777924302.1452715,2026-05-04T21:51:42.145272,32.41,10028172957,2040,6251,35,100,0
1777924302.1664853,2026-05-04T21:51:42.166485,32.41,10028172957,2040,6251,35,100,0
1777924302.18784,2026-05-04T21:51:42.187840,32.8,10028172957,2040,6251,35,100,0
1777924302.2092228,2026-05-04T21:51:42.209223,32.8,10028176466,2040,6251,35,100,0
1777924302.2310634,2026-05-04T21:51:42.231063,32.8,10028176466,2040,6251,35,100,0
1777924302.2484992,2026-05-04T21:51:42.248499,32.8,10028176466,2040,6251,35,100,0
1777924302.267156,2026-05-04T21:51:42.267156,32.8,10028176466,2040,6251,35,100,0
1777924302.2875154,2026-05-04T21:51:42.287515,33.168,10028176466,2040,6251,35,100,0
1777924302.3064666,2026-05-04T21:51:42.306467,33.168,10028179965,2040,6251,35,100,0
1777924302.3275518,2026-05-04T21:51:42.327552,33.168,10028179965,2040,6251,35,100,0
1777924302.3465488,2026-05-04T21:51:42.346549,33.168,10028179965,2040,6251,35,100,0
1777924302.3659225,2026-05-04T21:51:42.365922,33.168,10028179965,2040,6251,35,100,0
1777924302.3868592,2026-05-04T21:51:42.386859,33.522,10028179965,2040,6251,35,100,0
1777924302.4097788,2026-05-04T21:51:42.409779,33.522,10028183463,2040,6251,35,100,0
1777924302.429362,2026-05-04T21:51:42.429362,33.522,10028183463,2040,6251,35,100,0
1777924302.449116,2026-05-04T21:51:42.449116,33.522,10028183463,2040,6251,35,100,0
1777924302.4689612,2026-05-04T21:51:42.468961,33.522,10028183463,2040,6251,35,100,0
1777924302.487296,2026-05-04T21:51:42.487296,33.888,10028183463,2040,6251,35,100,0
1777924302.5112975,2026-05-04T21:51:42.511297,33.888,10028186956,2040,6251,35,100,0
1777924302.5295756,2026-05-04T21:51:42.529576,33.888,10028186956,2040,6251,35,100,0
1777924302.5492506,2026-05-04T21:51:42.549251,33.888,10028186956,2040,6251,35,100,0
1777924302.568,2026-05-04T21:51:42.568000,33.888,10028186956,2040,6251,35,100,0
1777924302.5870943,2026-05-04T21:51:42.587094,34.252,10028186956,2040,6251,35,100,0
1777924302.6091363,2026-05-04T21:51:42.609136,34.252,10028190461,2040,6251,35,100,0
1777924302.6271613,2026-05-04T21:51:42.627161,34.252,10028190461,2040,6251,35,100,0
1777924302.6456506,2026-05-04T21:51:42.645651,34.252,10028190461,2040,6251,35,100,0
1777924302.6651695,2026-05-04T21:51:42.665169,34.252,10028190461,2040,6251,35,100,0
1777924302.685682,2026-05-04T21:51:42.685682,34.625,10028190461,2040,6251,35,100,0
1777924302.7086442,2026-05-04T21:51:42.708644,34.625,10028193964,2040,6251,35,100,0
1777924302.7226222,2026-05-04T21:51:42.722622,34.625,10028193964,2040,6251,35,100,0
1777924302.7350671,2026-05-04T21:51:42.735067,34.625,10028193964,2040,6251,35,100,0
1777924302.7489834,2026-05-04T21:51:42.748983,34.625,10028193964,2040,6251,35,100,0
1777924302.7630174,2026-05-04T21:51:42.763017,34.625,10028193964,2040,6251,35,100,0
1777924302.7756276,2026-05-04T21:51:42.775628,34.625,10028193964,2040,6251,35,100,0
1777924302.7882483,2026-05-04T21:51:42.788248,35.112,10028193964,2040,6251,35,100,0
1777924302.8025246,2026-05-04T21:51:42.802525,35.112,10028197787,2040,6251,35,100,0
1777924302.8157883,2026-05-04T21:51:42.815788,35.112,10028197787,2040,6251,35,100,0
1777924302.8286793,2026-05-04T21:51:42.828679,35.112,10028197787,2040,6251,35,100,0
1777924302.8423758,2026-05-04T21:51:42.842376,35.112,10028197787,2040,6251,35,100,0
1777924302.8551757,2026-05-04T21:51:42.855176,35.112,10028197787,2040,6251,35,100,0
1777924302.867858,2026-05-04T21:51:42.867858,35.112,10028197787,2040,6251,35,100,0
1777924302.8824368,2026-05-04T21:51:42.882437,35.583,10028197787,2040,6251,35,100,2
1777924302.8951406,2026-05-04T21:51:42.895141,35.583,10028197787,2040,6251,35,100,2
1777924302.9078052,2026-05-04T21:51:42.907805,35.583,10028201859,2040,6251,35,100,2
1777924302.9225404,2026-05-04T21:51:42.922540,35.583,10028201859,2040,6251,35,100,2
1777924302.9352007,2026-05-04T21:51:42.935201,35.583,10028201859,2040,6251,35,100,2
1777924302.9480882,2026-05-04T21:51:42.948088,35.583,10028201859,2040,6251,35,100,2
1777924302.9624157,2026-05-04T21:51:42.962416,35.583,10028201859,2040,6251,35,100,2
1777924302.9750602,2026-05-04T21:51:42.975060,35.583,10028201859,2040,6251,35,100,2
1777924302.9878507,2026-05-04T21:51:42.987851,36.084,10028201859,2040,6251,35,100,2
1777924303.0022852,2026-05-04T21:51:43.002285,36.084,10028205808,2040,6251,35,100,2
1777924303.0156333,2026-05-04T21:51:43.015633,36.084,10028205808,2040,6251,35,100,2
1777924303.0281954,2026-05-04T21:51:43.028195,36.084,10028205808,2040,6251,35,100,2
1777924303.0424685,2026-05-04T21:51:43.042469,36.084,10028205808,2040,6251,35,100,2
1777924303.054947,2026-05-04T21:51:43.054947,36.084,10028205808,2040,6251,35,100,2
1777924303.0674999,2026-05-04T21:51:43.067500,36.084,10028205808,2040,6251,35,100,2
1777924303.0822556,2026-05-04T21:51:43.082256,35.91,10028205808,2040,6251,35,100,2
1777924303.0948493,2026-05-04T21:51:43.094849,35.91,10028205808,2040,6251,35,100,2
1777924303.107389,2026-05-04T21:51:43.107389,35.91,10028208896,2040,6251,35,100,2
1777924303.1225133,2026-05-04T21:51:43.122513,35.91,10028208896,2040,6251,35,100,2
1777924303.1350183,2026-05-04T21:51:43.135018,35.91,10028208896,2040,6251,35,100,2
1777924303.1489596,2026-05-04T21:51:43.148960,35.91,10028208896,2040,6251,35,100,2
1777924303.162462,2026-05-04T21:51:43.162462,35.91,10028208896,2040,6251,35,100,2
1777924303.174985,2026-05-04T21:51:43.174985,35.91,10028208896,2040,6251,35,100,2
1777924303.187659,2026-05-04T21:51:43.187659,35.459,10028208896,2040,6251,34,100,2
1777924303.2021906,2026-05-04T21:51:43.202191,35.459,10028211982,2040,6251,34,100,2
1777924303.2156677,2026-05-04T21:51:43.215668,35.459,10028211982,2040,6251,34,100,2
1777924303.2282894,2026-05-04T21:51:43.228289,35.459,10028211982,2040,6251,34,100,2
1777924303.2421975,2026-05-04T21:51:43.242198,35.459,10028211982,2040,6251,34,100,2
1777924303.2547226,2026-05-04T21:51:43.254723,35.459,10028211982,2040,6251,34,100,2
1777924303.2673707,2026-05-04T21:51:43.267371,35.459,10028211982,2040,6251,34,100,2
1777924303.2821498,2026-05-04T21:51:43.282150,35.078,10028211982,2040,6251,34,100,0
1777924303.2946997,2026-05-04T21:51:43.294700,35.078,10028211982,2040,6251,34,100,0
1777924303.3072968,2026-05-04T21:51:43.307297,35.078,10028215074,2040,6251,34,100,0
1777924303.3226016,2026-05-04T21:51:43.322602,35.078,10028215074,2040,6251,34,100,0
1777924303.3351436,2026-05-04T21:51:43.335144,35.078,10028215074,2040,6251,34,100,0
1777924303.3479896,2026-05-04T21:51:43.347990,35.078,10028215074,2040,6251,34,100,0
1777924303.362211,2026-05-04T21:51:43.362211,35.078,10028215074,2040,6251,34,100,0
1777924303.3747256,2026-05-04T21:51:43.374726,35.078,10028215074,2040,6251,34,100,0
1777924303.387376,2026-05-04T21:51:43.387376,34.703,10028215074,2040,6251,34,100,0
1777924303.4021358,2026-05-04T21:51:43.402136,34.703,10028218172,2040,6251,34,100,0
1777924303.415586,2026-05-04T21:51:43.415586,34.703,10028218172,2040,6251,34,100,0
1777924303.428226,2026-05-04T21:51:43.428226,34.703,10028218172,2040,6251,34,100,0
1777924303.4421396,2026-05-04T21:51:43.442140,34.703,10028218172,2040,6251,34,100,0
1777924303.4546754,2026-05-04T21:51:43.454675,34.703,10028218172,2040,6251,34,100,0
1777924303.4673297,2026-05-04T21:51:43.467330,34.703,10028218172,2040,6251,34,100,0
1777924303.482114,2026-05-04T21:51:43.482114,34.286,10028218172,2040,6251,34,100,0
1777924303.494717,2026-05-04T21:51:43.494717,34.286,10028218172,2040,6251,34,100,0
1777924303.5073843,2026-05-04T21:51:43.507384,34.286,10028221260,2040,6251,34,100,0
1777924303.5223327,2026-05-04T21:51:43.522333,34.286,10028221260,2040,6251,34,100,0
1777924303.534854,2026-05-04T21:51:43.534854,34.286,10028221260,2040,6251,34,100,0
1777924303.5476577,2026-05-04T21:51:43.547658,34.286,10028221260,2040,6251,34,100,0
1777924303.5621536,2026-05-04T21:51:43.562154,34.286,10028221260,2040,6251,34,100,0
1777924303.574626,2026-05-04T21:51:43.574626,34.286,10028221260,2040,6251,34,100,0
1777924303.5872004,2026-05-04T21:51:43.587200,33.981,10028221260,2040,6251,34,100,0
1777924303.6023548,2026-05-04T21:51:43.602355,33.981,10028224343,2040,6251,34,100,0
1777924303.615491,2026-05-04T21:51:43.615491,33.981,10028224343,2040,6251,34,100,0
1777924303.6279933,2026-05-04T21:51:43.627993,33.981,10028224343,2040,6251,34,100,0
1777924303.6420243,2026-05-04T21:51:43.642024,33.981,10028224343,2040,6251,34,100,0
1777924303.654417,2026-05-04T21:51:43.654417,33.981,10028224343,2040,6251,34,100,0
1777924303.6768,2026-05-04T21:51:43.676800,33.981,10028224343,2040,6251,34,100,0
1777924303.6969411,2026-05-04T21:51:43.696941,33.444,10028227605,2040,6251,34,100,0
1777924303.7186651,2026-05-04T21:51:43.718665,33.444,10028227605,2040,6251,34,100,0
1777924303.739021,2026-05-04T21:51:43.739021,33.444,10028227605,2040,6251,34,100,0
1777924303.755911,2026-05-04T21:51:43.755911,33.444,10028227605,2040,6251,34,100,0
1777924303.7750077,2026-05-04T21:51:43.775008,33.444,10028227605,2040,6251,34,100,0
1777924303.7938788,2026-05-04T21:51:43.793879,33.368,10028227605,2040,6251,34,100,0
1777924303.8156972,2026-05-04T21:51:43.815697,33.368,10028231090,2040,6251,34,100,0
1777924303.8336635,2026-05-04T21:51:43.833663,33.368,10028231090,2040,6251,34,100,0
1777924303.8532808,2026-05-04T21:51:43.853281,33.368,10028231090,2040,6251,34,100,0
1777924303.8689752,2026-05-04T21:51:43.868975,33.368,10028231090,2040,6251,34,100,0
1777924303.887465,2026-05-04T21:51:43.887465,33.368,10028231090,2040,6251,34,100,0
1777924303.9041722,2026-05-04T21:51:43.904172,33.535,10028234596,2040,6251,35,100,0
1777924303.9266996,2026-05-04T21:51:43.926700,33.535,10028234596,2040,6251,35,100,0
1777924303.9443314,2026-05-04T21:51:43.944331,33.535,10028234596,2040,6251,35,100,0
1777924303.964018,2026-05-04T21:51:43.964018,33.535,10028234596,2040,6251,35,100,0
1777924303.9864473,2026-05-04T21:51:43.986447,33.535,10028234596,2040,6251,35,100,0
1777924304.0052326,2026-05-04T21:51:44.005233,33.108,10028238094,2040,6251,35,100,0
1777924304.0279393,2026-05-04T21:51:44.027939,33.108,10028238094,2040,6251,35,100,0
1777924304.0456774,2026-05-04T21:51:44.045677,33.108,10028238094,2040,6251,35,100,0
1777924304.0659683,2026-05-04T21:51:44.065968,33.108,10028238094,2040,6251,35,100,0
1777924304.0851605,2026-05-04T21:51:44.085160,33.108,10028238094,2040,6251,35,100,0
1777924304.1049645,2026-05-04T21:51:44.104964,32.56,10028241592,2040,6251,35,100,0
1777924304.1258562,2026-05-04T21:51:44.125856,32.56,10028241592,2040,6251,35,100,0
1777924304.145104,2026-05-04T21:51:44.145104,32.56,10028241592,2040,6251,35,100,0
1777924304.16711,2026-05-04T21:51:44.167110,32.56,10028241592,2040,6251,35,100,0
1777924304.1859696,2026-05-04T21:51:44.185970,32.56,10028241592,2040,6251,35,100,0
1777924304.2060401,2026-05-04T21:51:44.206040,32.815,10028245095,2040,6251,35,100,0
1777924304.2283707,2026-05-04T21:51:44.228371,32.815,10028245095,2040,6251,35,100,0
1777924304.2454295,2026-05-04T21:51:44.245430,32.815,10028245095,2040,6251,35,100,0
1777924304.2660234,2026-05-04T21:51:44.266023,32.815,10028245095,2040,6251,35,100,0
1777924304.2853532,2026-05-04T21:51:44.285353,32.815,10028245095,2040,6251,35,100,0
1777924304.3057995,2026-05-04T21:51:44.305799,33.199,10028248602,2040,6251,35,100,0
1777924304.3263948,2026-05-04T21:51:44.326395,33.199,10028248602,2040,6251,35,100,0
1777924304.346484,2026-05-04T21:51:44.346484,33.199,10028248602,2040,6251,35,100,0
1777924304.365506,2026-05-04T21:51:44.365506,33.199,10028248602,2040,6251,35,100,0
1777924304.3780296,2026-05-04T21:51:44.378030,33.199,10028248602,2040,6251,35,100,0
1777924304.3908687,2026-05-04T21:51:44.390869,33.199,10028248602,2040,6251,35,100,0
1777924304.4036565,2026-05-04T21:51:44.403656,33.573,10028252239,2040,6251,35,100,0
1777924304.416901,2026-05-04T21:51:44.416901,33.573,10028252239,2040,6251,35,100,0
1777924304.4296916,2026-05-04T21:51:44.429692,33.573,10028252239,2040,6251,35,100,0
1777924304.4424329,2026-05-04T21:51:44.442433,33.573,10028252239,2040,6251,35,100,0
1777924304.4551215,2026-05-04T21:51:44.455122,33.573,10028252239,2040,6251,35,100,0
1777924304.4679024,2026-05-04T21:51:44.467902,33.573,10028252239,2040,6251,35,100,0
1777924304.4818642,2026-05-04T21:51:44.481864,33.573,10028252239,2040,6251,35,100,0
1777924304.4944975,2026-05-04T21:51:44.494498,33.573,10028252239,2040,6251,35,100,0
1777924304.5072613,2026-05-04T21:51:44.507261,34.318,10028256264,2040,6251,35,100,1
1777924304.5220997,2026-05-04T21:51:44.522100,34.318,10028256264,2040,6251,35,100,1
1777924304.5347261,2026-05-04T21:51:44.534726,34.318,10028256264,2040,6251,35,100,1
1777924304.5488164,2026-05-04T21:51:44.548816,34.318,10028256264,2040,6251,35,100,1
1777924304.561997,2026-05-04T21:51:44.561997,34.318,10028256264,2040,6251,35,100,1
1777924304.5745041,2026-05-04T21:51:44.574504,34.318,10028256264,2040,6251,35,100,1
1777924304.587063,2026-05-04T21:51:44.587063,34.318,10028256264,2040,6251,35,100,1
1777924304.601731,2026-05-04T21:51:44.601731,35.183,10028259798,2040,6251,35,100,1
1777924304.6151903,2026-05-04T21:51:44.615190,35.183,10028259798,2040,6251,35,100,1
1777924304.6278288,2026-05-04T21:51:44.627829,35.183,10028259798,2040,6251,35,100,1
1777924304.6416883,2026-05-04T21:51:44.641688,35.183,10028259798,2040,6251,35,100,1
1777924304.6543856,2026-05-04T21:51:44.654386,35.183,10028259798,2040,6251,35,100,1
1777924304.6670852,2026-05-04T21:51:44.667085,35.183,10028259798,2040,6251,35,100,1
1777924304.6817439,2026-05-04T21:51:44.681744,35.183,10028259798,2040,6251,35,100,1
1777924304.6942506,2026-05-04T21:51:44.694251,35.183,10028259798,2040,6251,35,100,1
1777924304.7069304,2026-05-04T21:51:44.706930,35.165,10028262887,2040,6251,34,100,1
1777924304.722185,2026-05-04T21:51:44.722185,35.165,10028262887,2040,6251,34,100,1
1777924304.7346935,2026-05-04T21:51:44.734694,35.165,10028262887,2040,6251,34,100,1
1777924304.747477,2026-05-04T21:51:44.747477,35.165,10028262887,2040,6251,34,100,1
1777924304.7617886,2026-05-04T21:51:44.761789,35.165,10028262887,2040,6251,34,100,1
1777924304.7743084,2026-05-04T21:51:44.774308,35.165,10028262887,2040,6251,34,100,1
1777924304.7869322,2026-05-04T21:51:44.786932,35.165,10028262887,2040,6251,34,100,1
1777924304.8017354,2026-05-04T21:51:44.801735,35.192,10028265985,2040,6251,34,100,1
1777924304.8152063,2026-05-04T21:51:44.815206,35.192,10028265985,2040,6251,34,100,1
1777924304.8278167,2026-05-04T21:51:44.827817,35.192,10028265985,2040,6251,34,100,1
1777924304.8416717,2026-05-04T21:51:44.841672,35.192,10028265985,2040,6251,34,100,1
1777924304.8539968,2026-05-04T21:51:44.853997,35.192,10028265985,2040,6251,34,100,1
1777924304.8666484,2026-05-04T21:51:44.866648,35.192,10028265985,2040,6251,34,100,1
1777924304.881686,2026-05-04T21:51:44.881686,35.192,10028265985,2040,6251,34,100,1
1777924304.8940187,2026-05-04T21:51:44.894019,35.192,10028265985,2040,6251,34,100,1
1777924304.9066675,2026-05-04T21:51:44.906667,34.787,10028269067,2040,6251,34,100,0
1777924304.9219337,2026-05-04T21:51:44.921934,34.787,10028269067,2040,6251,34,100,0
1777924304.9343011,2026-05-04T21:51:44.934301,34.787,10028269067,2040,6251,34,100,0
1777924304.9469163,2026-05-04T21:51:44.946916,34.787,10028269067,2040,6251,34,100,0
1777924304.9617941,2026-05-04T21:51:44.961794,34.787,10028269067,2040,6251,34,100,0
1777924304.9742205,2026-05-04T21:51:44.974221,34.787,10028269067,2040,6251,34,100,0
1777924304.9923012,2026-05-04T21:51:44.992301,34.787,10028269067,2040,6251,34,100,0
1777924305.012148,2026-05-04T21:51:45.012148,34.427,10028272241,2040,6251,34,100,0
1777924305.031097,2026-05-04T21:51:45.031097,34.427,10028272241,2040,6251,34,100,0
1777924305.049365,2026-05-04T21:51:45.049365,34.427,10028272241,2040,6251,34,100,0
1777924305.0679603,2026-05-04T21:51:45.067960,34.427,10028272241,2040,6251,34,100,0
1777924305.085932,2026-05-04T21:51:45.085932,34.427,10028272241,2040,6251,34,100,0
1777924305.1046054,2026-05-04T21:51:45.104605,34.392,10028275730,2040,6251,35,100,0
1777924305.1253233,2026-05-04T21:51:45.125323,34.392,10028275730,2040,6251,35,100,0
1777924305.1447048,2026-05-04T21:51:45.144705,34.392,10028275730,2040,6251,35,100,0
1777924305.1633236,2026-05-04T21:51:45.163324,34.392,10028275730,2040,6251,35,100,0
1777924305.1862423,2026-05-04T21:51:45.186242,34.392,10028275730,2040,6251,35,100,0
1777924305.2058072,2026-05-04T21:51:45.205807,34.392,10028279225,2040,6251,35,100,0
1777924305.2287374,2026-05-04T21:51:45.228737,34.392,10028279225,2040,6251,35,100,0
1777924305.247907,2026-05-04T21:51:45.247907,34.392,10028279225,2040,6251,35,100,0
1777924305.266737,2026-05-04T21:51:45.266737,34.392,10028279225,2040,6251,35,100,0
1777924305.2861829,2026-05-04T21:51:45.286183,34.392,10028279225,2040,6251,35,100,0
1777924305.3045347,2026-05-04T21:51:45.304535,34.392,10028282732,2040,6251,35,100,0
1777924305.3255954,2026-05-04T21:51:45.325595,34.392,10028282732,2040,6251,35,100,0
1777924305.3433747,2026-05-04T21:51:45.343375,34.392,10028282732,2040,6251,35,100,0
1777924305.357845,2026-05-04T21:51:45.357845,34.392,10028282732,2040,6251,35,100,0
1777924305.3757896,2026-05-04T21:51:45.375790,34.392,10028282732,2040,6251,35,100,0
1777924305.3936505,2026-05-04T21:51:45.393651,34.392,10028282732,2040,6251,35,100,0
1777924305.4063852,2026-05-04T21:51:45.406385,34.392,10028286252,2040,6251,35,100,0
1777924305.4236495,2026-05-04T21:51:45.423650,34.392,10028286252,2040,6251,35,100,0
1777924305.4363787,2026-05-04T21:51:45.436379,34.392,10028286252,2040,6251,35,100,0
1777924305.4490907,2026-05-04T21:51:45.449091,34.392,10028286252,2040,6251,35,100,0
1777924305.4617834,2026-05-04T21:51:45.461783,34.392,10028286252,2040,6251,35,100,0
1777924305.4743629,2026-05-04T21:51:45.474363,34.392,10028286252,2040,6251,35,100,0
1777924305.4870918,2026-05-04T21:51:45.487092,34.392,10028286252,2040,6251,35,100,0
1777924305.5015588,2026-05-04T21:51:45.501559,34.392,10028290191,2040,6251,35,100,0
1777924305.514974,2026-05-04T21:51:45.514974,34.558,10028290191,2040,6251,35,100,1
1777924305.5275874,2026-05-04T21:51:45.527587,34.558,10028290191,2040,6251,35,100,1
1777924305.5413709,2026-05-04T21:51:45.541371,34.558,10028290191,2040,6251,35,100,1
1777924305.5540226,2026-05-04T21:51:45.554023,34.558,10028290191,2040,6251,35,100,1
1777924305.5666604,2026-05-04T21:51:45.566660,34.558,10028290191,2040,6251,35,100,1
1777924305.581397,2026-05-04T21:51:45.581397,34.558,10028290191,2040,6251,35,100,1
1777924305.5939026,2026-05-04T21:51:45.593903,34.558,10028290191,2040,6251,35,100,1
1777924305.6065805,2026-05-04T21:51:45.606580,33.427,10028293312,2040,6251,35,100,1
1777924305.6243055,2026-05-04T21:51:45.624305,33.427,10028293312,2040,6251,35,100,1
1777924305.6367307,2026-05-04T21:51:45.636731,33.427,10028293312,2040,6251,35,100,1
1777924305.6493723,2026-05-04T21:51:45.649372,33.427,10028293312,2040,6251,35,100,1
1777924305.661861,2026-05-04T21:51:45.661861,33.427,10028293312,2040,6251,35,100,1
1777924305.6743674,2026-05-04T21:51:45.674367,33.427,10028293312,2040,6251,35,100,1
1777924305.6869626,2026-05-04T21:51:45.686963,33.427,10028293312,2040,6251,35,100,1
1777924305.701701,2026-05-04T21:51:45.701701,33.427,10028296383,2040,6251,35,100,1
1777924305.7148335,2026-05-04T21:51:45.714833,33.427,10028296383,2040,6251,34,100,0
1777924305.7274675,2026-05-04T21:51:45.727468,33.427,10028296383,2040,6251,34,100,0
1777924305.744104,2026-05-04T21:51:45.744104,33.427,10028296383,2040,6251,34,100,0
1777924305.7655013,2026-05-04T21:51:45.765501,33.427,10028296383,2040,6251,34,100,0
1777924305.784849,2026-05-04T21:51:45.784849,33.427,10028296383,2040,6251,34,100,0
1777924305.803892,2026-05-04T21:51:45.803892,33.427,10028299724,2040,6251,34,100,0
1777924305.8292563,2026-05-04T21:51:45.829256,33.793,10028299724,2040,6251,34,100,0
1777924305.8486826,2026-05-04T21:51:45.848683,33.793,10028299724,2040,6251,34,100,0
1777924305.8677459,2026-05-04T21:51:45.867746,33.793,10028299724,2040,6251,34,100,0
1777924305.8871355,2026-05-04T21:51:45.887136,33.793,10028299724,2040,6251,34,100,0
1777924305.9068124,2026-05-04T21:51:45.906812,33.793,10028303231,2040,6251,34,100,0
1777924305.9255865,2026-05-04T21:51:45.925586,34.165,10028303231,2040,6251,35,100,0
1777924305.9414895,2026-05-04T21:51:45.941489,34.165,10028303231,2040,6251,35,100,0
1777924305.9541028,2026-05-04T21:51:45.954103,34.165,10028303231,2040,6251,35,100,0
1777924305.966847,2026-05-04T21:51:45.966847,34.165,10028303231,2040,6251,35,100,0
1777924305.981659,2026-05-04T21:51:45.981659,34.165,10028303231,2040,6251,35,100,0
1777924305.9943244,2026-05-04T21:51:45.994324,34.165,10028303231,2040,6251,35,100,0
1777924306.0068774,2026-05-04T21:51:46.006877,34.165,10028306849,2040,6251,35,100,0
1777924306.0242372,2026-05-04T21:51:46.024237,34.277,10028306849,2040,6251,35,100,0
1777924306.0368266,2026-05-04T21:51:46.036827,34.277,10028306849,2040,6251,35,100,0
1777924306.0494254,2026-05-04T21:51:46.049425,34.277,10028306849,2040,6251,35,100,0
1777924306.061904,2026-05-04T21:51:46.061904,34.277,10028306849,2040,6251,35,100,0
1777924306.0743191,2026-05-04T21:51:46.074319,34.277,10028306849,2040,6251,35,100,0
1777924306.0868924,2026-05-04T21:51:46.086892,34.277,10028306849,2040,6251,35,100,0
1777924306.1062539,2026-05-04T21:51:46.106254,34.277,10028309961,2040,6251,35,100,0
1777924306.1257641,2026-05-04T21:51:46.125764,34.172,10028309961,2040,6251,34,100,0
1777924306.1528986,2026-05-04T21:51:46.152899,34.172,10028309961,2040,6251,34,100,0
1777924306.1655269,2026-05-04T21:51:46.165527,34.172,10028309961,2040,6251,34,100,0
1777924306.1812117,2026-05-04T21:51:46.181212,34.172,10028309961,2040,6251,34,100,0
1777924306.1935866,2026-05-04T21:51:46.193587,34.172,10028309961,2040,6251,34,100,0
1777924306.2062392,2026-05-04T21:51:46.206239,34.172,10028313268,2040,6251,34,100,0
1777924306.2244046,2026-05-04T21:51:46.224405,33.75,10028313268,2040,6251,35,100,0
1777924306.237103,2026-05-04T21:51:46.237103,33.75,10028313268,2040,6251,35,100,0
1777924306.2498283,2026-05-04T21:51:46.249828,33.75,10028313268,2040,6251,35,100,0
1777924306.262576,2026-05-04T21:51:46.262576,33.75,10028313268,2040,6251,35,100,0
1777924306.275192,2026-05-04T21:51:46.275192,33.75,10028313268,2040,6251,35,100,0
1777924306.2880013,2026-05-04T21:51:46.288001,33.75,10028313268,2040,6251,35,100,0
1777924306.3015692,2026-05-04T21:51:46.301569,33.75,10028316287,2040,6251,35,100,0
1777924306.3147368,2026-05-04T21:51:46.314737,33.75,10028316287,2040,6251,35,100,0
1777924306.3279233,2026-05-04T21:51:46.327923,33.143,10028316287,2040,6251,34,38,4
1777924306.341359,2026-05-04T21:51:46.341359,33.143,10028316287,2040,6251,34,38,4
1777924306.3539197,2026-05-04T21:51:46.353920,33.143,10028316287,2040,6251,34,38,4
1777924306.366647,2026-05-04T21:51:46.366647,33.143,10028316287,2040,6251,34,38,4
1777924306.3811822,2026-05-04T21:51:46.381182,33.143,10028316287,2040,6251,34,38,4
1777924306.3934674,2026-05-04T21:51:46.393467,33.143,10028316287,2040,6251,34,38,4
1777924306.4061599,2026-05-04T21:51:46.406160,33.143,10028319575,2040,6251,34,38,4
1777924306.4243412,2026-05-04T21:51:46.424341,33.63,10028319575,2040,6251,34,38,4
1777924306.4370384,2026-05-04T21:51:46.437038,33.63,10028319575,2040,6251,34,38,4
1777924306.450096,2026-05-04T21:51:46.450096,33.63,10028319575,2040,6251,34,38,4
1777924306.4627616,2026-05-04T21:51:46.462762,33.63,10028319575,2040,6251,34,38,4
1777924306.4754295,2026-05-04T21:51:46.475430,33.63,10028319575,2040,6251,34,38,4
1777924306.4881823,2026-05-04T21:51:46.488182,33.63,10028319575,2040,6251,34,38,4
1777924306.5012882,2026-05-04T21:51:46.501288,33.63,10028323459,2040,6251,34,38,4
1777924306.514723,2026-05-04T21:51:46.514723,33.63,10028323459,2040,6251,34,38,4
1777924306.5274603,2026-05-04T21:51:46.527460,33.836,10028323459,2040,6251,35,100,2
1777924306.541629,2026-05-04T21:51:46.541629,33.836,10028323459,2040,6251,35,100,2
1777924306.5542414,2026-05-04T21:51:46.554241,33.836,10028323459,2040,6251,35,100,2
1777924306.5671122,2026-05-04T21:51:46.567112,33.836,10028323459,2040,6251,35,100,2
1777924306.5812607,2026-05-04T21:51:46.581261,33.836,10028323459,2040,6251,35,100,2
1777924306.5938463,2026-05-04T21:51:46.593846,33.836,10028323459,2040,6251,35,100,2
1777924306.6065607,2026-05-04T21:51:46.606561,33.836,10028327540,2040,6251,35,100,2
1777924306.6243107,2026-05-04T21:51:46.624311,34.284,10028327540,2040,6251,35,100,2
1777924306.6369824,2026-05-04T21:51:46.636982,34.284,10028327540,2040,6251,35,100,2
1777924306.6497836,2026-05-04T21:51:46.649784,34.284,10028327540,2040,6251,35,100,2
1777924306.6624813,2026-05-04T21:51:46.662481,34.284,10028327540,2040,6251,35,100,2
1777924306.6749947,2026-05-04T21:51:46.674995,34.284,10028327540,2040,6251,35,100,2
1777924306.6878562,2026-05-04T21:51:46.687856,34.284,10028327540,2040,6251,35,100,2
1777924306.701202,2026-05-04T21:51:46.701202,34.284,10028331674,2040,6251,35,100,2
1777924306.714647,2026-05-04T21:51:46.714647,34.284,10028331674,2040,6251,35,100,2
1777924306.7274303,2026-05-04T21:51:46.727430,35.246,10028331674,2040,6251,35,100,3
1777924306.7411933,2026-05-04T21:51:46.741193,35.246,10028331674,2040,6251,35,100,3
1777924306.7537107,2026-05-04T21:51:46.753711,35.246,10028331674,2040,6251,35,100,3
1777924306.766444,2026-05-04T21:51:46.766444,35.246,10028331674,2040,6251,35,100,3
1777924306.7811506,2026-05-04T21:51:46.781151,35.246,10028331674,2040,6251,35,100,3
1777924306.7937176,2026-05-04T21:51:46.793718,35.246,10028331674,2040,6251,35,100,3
1777924306.8064842,2026-05-04T21:51:46.806484,35.246,10028335808,2040,6251,35,100,3
1777924306.8229704,2026-05-04T21:51:46.822970,36.22,10028335808,2040,6251,35,100,3
1777924306.83578,2026-05-04T21:51:46.835780,36.22,10028335808,2040,6251,35,100,3
1777924306.8485875,2026-05-04T21:51:46.848588,36.22,10028335808,2040,6251,35,100,3
1777924306.8612645,2026-05-04T21:51:46.861264,36.22,10028335808,2040,6251,35,100,3
1777924306.873787,2026-05-04T21:51:46.873787,36.22,10028335808,2040,6251,35,100,3
1777924306.88655,2026-05-04T21:51:46.886550,36.22,10028335808,2040,6251,35,100,3
1777924306.9011233,2026-05-04T21:51:46.901123,36.22,10028339941,2040,6251,35,100,3
1777924306.9145868,2026-05-04T21:51:46.914587,36.22,10028339941,2040,6251,35,100,3
1777924306.9273133,2026-05-04T21:51:46.927313,36.97,10028339941,2040,6251,35,100,3
1777924306.9411287,2026-05-04T21:51:46.941129,36.97,10028339941,2040,6251,35,100,3
1777924306.953786,2026-05-04T21:51:46.953786,36.97,10028339941,2040,6251,35,100,3
1777924306.966487,2026-05-04T21:51:46.966487,36.97,10028339941,2040,6251,35,100,3
1777924306.98106,2026-05-04T21:51:46.981060,36.97,10028339941,2040,6251,35,100,3
1777924306.9936943,2026-05-04T21:51:46.993694,36.97,10028339941,2040,6251,35,100,3
1777924307.0064046,2026-05-04T21:51:47.006405,36.97,10028344058,2040,6251,35,100,3
1777924307.024005,2026-05-04T21:51:47.024005,37.372,10028344058,2040,6251,35,100,3
1777924307.0367393,2026-05-04T21:51:47.036739,37.372,10028344058,2040,6251,35,100,3
1777924307.0494955,2026-05-04T21:51:47.049495,37.372,10028344058,2040,6251,35,100,3
1777924307.0621364,2026-05-04T21:51:47.062136,37.372,10028344058,2040,6251,35,100,3
1777924307.0746903,2026-05-04T21:51:47.074690,37.372,10028344058,2040,6251,35,100,3
1777924307.0873094,2026-05-04T21:51:47.087309,37.372,10028344058,2040,6251,35,100,3
1777924307.1013205,2026-05-04T21:51:47.101321,37.372,10028347745,2040,6251,35,100,3
1777924307.1144679,2026-05-04T21:51:47.114468,37.372,10028347745,2040,6251,35,100,3
1777924307.1270432,2026-05-04T21:51:47.127043,37.664,10028347745,2040,6251,35,100,1
1777924307.1410027,2026-05-04T21:51:47.141003,37.664,10028347745,2040,6251,35,100,1
1777924307.1536992,2026-05-04T21:51:47.153699,37.664,10028347745,2040,6251,35,100,1
1777924307.1662748,2026-05-04T21:51:47.166275,37.664,10028347745,2040,6251,35,100,1
1777924307.1810584,2026-05-04T21:51:47.181058,37.664,10028347745,2040,6251,35,100,1
1777924307.193554,2026-05-04T21:51:47.193554,37.664,10028347745,2040,6251,35,100,1
1777924307.2061036,2026-05-04T21:51:47.206104,37.664,10028350830,2040,6251,35,100,1
1777924307.223815,2026-05-04T21:51:47.223815,37.065,10028350830,2040,6251,35,100,1
1777924307.2364347,2026-05-04T21:51:47.236435,37.065,10028350830,2040,6251,35,100,1
1777924307.2490613,2026-05-04T21:51:47.249061,37.065,10028350830,2040,6251,35,100,1
1777924307.2616045,2026-05-04T21:51:47.261605,37.065,10028350830,2040,6251,35,100,1
1777924307.274133,2026-05-04T21:51:47.274133,37.065,10028350830,2040,6251,35,100,1
1777924307.2867491,2026-05-04T21:51:47.286749,37.065,10028350830,2040,6251,35,100,1
1777924307.3009982,2026-05-04T21:51:47.300998,37.065,10028353929,2040,6251,35,100,1
1777924307.3143642,2026-05-04T21:51:47.314364,37.065,10028353929,2040,6251,35,100,1
1777924307.3270345,2026-05-04T21:51:47.327034,37.123,10028353929,2040,6251,35,100,0
1777924307.340943,2026-05-04T21:51:47.340943,37.123,10028353929,2040,6251,35,100,0
1777924307.3534086,2026-05-04T21:51:47.353409,37.123,10028353929,2040,6251,35,100,0
1777924307.3660626,2026-05-04T21:51:47.366063,37.123,10028353929,2040,6251,35,100,0
1777924307.381168,2026-05-04T21:51:47.381168,37.123,10028353929,2040,6251,35,100,0
1777924307.3936934,2026-05-04T21:51:47.393693,37.123,10028353929,2040,6251,35,100,0
1777924307.4063714,2026-05-04T21:51:47.406371,37.123,10028357029,2040,6251,35,100,0
1777924307.4237692,2026-05-04T21:51:47.423769,37.179,10028357029,2040,6251,34,100,0
1777924307.4362864,2026-05-04T21:51:47.436286,37.179,10028357029,2040,6251,34,100,0
1777924307.4489486,2026-05-04T21:51:47.448949,37.179,10028357029,2040,6251,34,100,0
1777924307.4614866,2026-05-04T21:51:47.461487,37.179,10028357029,2040,6251,34,100,0
1777924307.4739985,2026-05-04T21:51:47.473999,37.179,10028357029,2040,6251,34,100,0
1777924307.4866707,2026-05-04T21:51:47.486671,37.179,10028357029,2040,6251,34,100,0
1777924307.5009558,2026-05-04T21:51:47.500956,37.179,10028360127,2040,6251,34,100,0
1777924307.5143168,2026-05-04T21:51:47.514317,37.179,10028360127,2040,6251,34,100,0
1777924307.526959,2026-05-04T21:51:47.526959,36.498,10028360127,2040,6251,34,100,0
1777924307.5408921,2026-05-04T21:51:47.540892,36.498,10028360127,2040,6251,34,100,0
1777924307.5534434,2026-05-04T21:51:47.553443,36.498,10028360127,2040,6251,34,100,0
1777924307.5660872,2026-05-04T21:51:47.566087,36.498,10028360127,2040,6251,34,100,0
1777924307.580811,2026-05-04T21:51:47.580811,36.498,10028360127,2040,6251,34,100,0
1777924307.5933716,2026-05-04T21:51:47.593372,36.498,10028360127,2040,6251,34,100,0
1777924307.6059747,2026-05-04T21:51:47.605975,36.498,10028363217,2040,6251,34,100,0
1777924307.6237664,2026-05-04T21:51:47.623766,35.755,10028363217,2040,6251,34,100,0
1777924307.636364,2026-05-04T21:51:47.636364,35.755,10028363217,2040,6251,34,100,0
1777924307.6491451,2026-05-04T21:51:47.649145,35.755,10028363217,2040,6251,34,100,0
1777924307.6617358,2026-05-04T21:51:47.661736,35.755,10028363217,2040,6251,34,100,0
1777924307.6741655,2026-05-04T21:51:47.674165,35.755,10028363217,2040,6251,34,100,0
1777924307.6868024,2026-05-04T21:51:47.686802,35.755,10028363217,2040,6251,34,100,0
1777924307.7008343,2026-05-04T21:51:47.700834,35.755,10028366307,2040,6251,34,100,0
1777924307.714204,2026-05-04T21:51:47.714204,35.755,10028366307,2040,6251,34,100,0
1777924307.7269125,2026-05-04T21:51:47.726912,34.825,10028366307,2040,6251,34,100,0
1777924307.7408319,2026-05-04T21:51:47.740832,34.825,10028366307,2040,6251,34,100,0
1777924307.753334,2026-05-04T21:51:47.753334,34.825,10028366307,2040,6251,34,100,0
1777924307.7659612,2026-05-04T21:51:47.765961,34.825,10028366307,2040,6251,34,100,0
1777924307.7807715,2026-05-04T21:51:47.780771,34.825,10028366307,2040,6251,34,100,0
1777924307.7932951,2026-05-04T21:51:47.793295,34.825,10028366307,2040,6251,34,100,0
1777924307.8059118,2026-05-04T21:51:47.805912,34.825,10028369402,2040,6251,34,100,0
1777924307.8236377,2026-05-04T21:51:47.823638,33.873,10028369402,2040,6251,34,100,0
1777924307.8362474,2026-05-04T21:51:47.836247,33.873,10028369402,2040,6251,34,100,0
1777924307.8489933,2026-05-04T21:51:47.848993,33.873,10028369402,2040,6251,34,100,0
1777924307.8615987,2026-05-04T21:51:47.861599,33.873,10028369402,2040,6251,34,100,0
1777924307.873975,2026-05-04T21:51:47.873975,33.873,10028369402,2040,6251,34,100,0
1777924307.886668,2026-05-04T21:51:47.886668,33.873,10028369402,2040,6251,34,100,0
1777924307.9007478,2026-05-04T21:51:47.900748,33.873,10028372495,2040,6251,34,100,0
1777924307.9141595,2026-05-04T21:51:47.914160,33.873,10028372495,2040,6251,34,100,0
1777924307.9268162,2026-05-04T21:51:47.926816,32.912,10028372495,2040,6251,34,100,0
1777924307.9410062,2026-05-04T21:51:47.941006,32.912,10028372495,2040,6251,34,100,0
1777924307.953515,2026-05-04T21:51:47.953515,32.912,10028372495,2040,6251,34,100,0
1777924307.9662042,2026-05-04T21:51:47.966204,32.912,10028372495,2040,6251,34,100,0
1777924307.9807937,2026-05-04T21:51:47.980794,32.912,10028372495,2040,6251,34,100,0
1777924307.99331,2026-05-04T21:51:47.993310,32.912,10028372495,2040,6251,34,100,0
1777924308.0058281,2026-05-04T21:51:48.005828,32.912,10028375577,2040,6251,34,100,0
1777924308.0237029,2026-05-04T21:51:48.023703,31.956,10028375577,2040,6251,34,100,0
1777924308.0363078,2026-05-04T21:51:48.036308,31.956,10028375577,2040,6251,34,100,0
1777924308.0489018,2026-05-04T21:51:48.048902,31.956,10028375577,2040,6251,34,100,0
1777924308.061483,2026-05-04T21:51:48.061483,31.956,10028375577,2040,6251,34,100,0
1777924308.0739865,2026-05-04T21:51:48.073987,31.956,10028375577,2040,6251,34,100,0
1777924308.086598,2026-05-04T21:51:48.086598,31.956,10028375577,2040,6251,34,100,0
1777924308.1007056,2026-05-04T21:51:48.100706,31.956,10028378663,2040,6251,34,100,0
1777924308.1140544,2026-05-04T21:51:48.114054,31.956,10028378663,2040,6251,34,100,0
1777924308.1267498,2026-05-04T21:51:48.126750,31.007,10028378663,2040,6251,34,100,0
1777924308.1406703,2026-05-04T21:51:48.140670,31.007,10028378663,2040,6251,34,100,0
1777924308.153161,2026-05-04T21:51:48.153161,31.007,10028378663,2040,6251,34,100,0
1777924308.1658309,2026-05-04T21:51:48.165831,31.007,10028378663,2040,6251,34,100,0
1777924308.1806505,2026-05-04T21:51:48.180650,31.007,10028378663,2040,6251,34,100,0
1777924308.1931992,2026-05-04T21:51:48.193199,31.007,10028378663,2040,6251,34,100,0
1777924308.205866,2026-05-04T21:51:48.205866,31.007,10028381752,2040,6251,34,100,0
1777924308.222545,2026-05-04T21:51:48.222545,30.991,10028381752,2040,6251,34,100,0
1777924308.2352617,2026-05-04T21:51:48.235262,30.991,10028381752,2040,6251,34,100,0
1777924308.247927,2026-05-04T21:51:48.247927,30.991,10028381752,2040,6251,34,100,0
1777924308.2607872,2026-05-04T21:51:48.260787,30.991,10028381752,2040,6251,34,100,0
1777924308.2733161,2026-05-04T21:51:48.273316,30.991,10028381752,2040,6251,34,100,0
1777924308.2860143,2026-05-04T21:51:48.286014,30.991,10028381752,2040,6251,34,100,0
1777924308.3005958,2026-05-04T21:51:48.300596,30.991,10028384843,2040,6251,34,100,0
1777924308.3140407,2026-05-04T21:51:48.314041,30.991,10028384843,2040,6251,34,100,0
1777924308.32674,2026-05-04T21:51:48.326740,31.0,10028384843,2040,6251,34,100,0
1777924308.34069,2026-05-04T21:51:48.340690,31.0,10028384843,2040,6251,34,100,0
1777924308.3530598,2026-05-04T21:51:48.353060,31.0,10028384843,2040,6251,34,100,0
1777924308.3657675,2026-05-04T21:51:48.365767,31.0,10028384843,2040,6251,34,100,0
1777924308.3806562,2026-05-04T21:51:48.380656,31.0,10028384843,2040,6251,34,100,0
1777924308.393028,2026-05-04T21:51:48.393028,31.0,10028384843,2040,6251,34,100,0
1777924308.4056828,2026-05-04T21:51:48.405683,31.0,10028387934,2040,6251,34,100,0
1777924308.423529,2026-05-04T21:51:48.423529,31.0,10028387934,2040,6251,34,100,0
1777924308.4360898,2026-05-04T21:51:48.436090,31.0,10028387934,2040,6251,34,100,0
1777924308.4486609,2026-05-04T21:51:48.448661,31.0,10028387934,2040,6251,34,100,0
1777924308.4613478,2026-05-04T21:51:48.461348,31.0,10028387934,2040,6251,34,100,0
1777924308.4738877,2026-05-04T21:51:48.473888,31.0,10028387934,2040,6251,34,100,0
1777924308.4864986,2026-05-04T21:51:48.486499,31.0,10028387934,2040,6251,34,100,0
1777924308.5008476,2026-05-04T21:51:48.500848,31.0,10028391028,2040,6251,34,100,0
1777924308.5140574,2026-05-04T21:51:48.514057,31.0,10028391028,2040,6251,34,100,0
1777924308.5267174,2026-05-04T21:51:48.526717,31.0,10028391028,2040,6251,34,100,0
1777924308.5405574,2026-05-04T21:51:48.540557,31.0,10028391028,2040,6251,34,100,0
1777924308.5531127,2026-05-04T21:51:48.553113,31.0,10028391028,2040,6251,34,100,0
1777924308.5657616,2026-05-04T21:51:48.565762,31.0,10028391028,2040,6251,34,100,0
1777924308.5804944,2026-05-04T21:51:48.580494,31.0,10028391028,2040,6251,34,100,0
1777924308.5929997,2026-05-04T21:51:48.593000,31.0,10028391028,2040,6251,34,100,0
1777924308.6056082,2026-05-04T21:51:48.605608,31.0,10028394122,2040,6251,34,100,0
1777924308.6233797,2026-05-04T21:51:48.623380,30.998,10028394122,2040,6251,34,100,0
1777924308.6359923,2026-05-04T21:51:48.635992,30.998,10028394122,2040,6251,34,100,0
1777924308.6486444,2026-05-04T21:51:48.648644,30.998,10028394122,2040,6251,34,100,0
1777924308.6612017,2026-05-04T21:51:48.661202,30.998,10028394122,2040,6251,34,100,0
1777924308.6737204,2026-05-04T21:51:48.673720,30.998,10028394122,2040,6251,34,100,0
1777924308.6863427,2026-05-04T21:51:48.686343,30.998,10028394122,2040,6251,34,100,0
1777924308.7005174,2026-05-04T21:51:48.700517,30.998,10028397216,2040,6251,34,100,0
1777924308.7139556,2026-05-04T21:51:48.713956,30.998,10028397216,2040,6251,34,100,0
1777924308.7265925,2026-05-04T21:51:48.726593,31.007,10028397216,2040,6251,34,100,0
1777924308.740526,2026-05-04T21:51:48.740526,31.007,10028397216,2040,6251,34,100,0
1777924308.7529705,2026-05-04T21:51:48.752970,31.007,10028397216,2040,6251,34,100,0
1777924308.7656732,2026-05-04T21:51:48.765673,31.007,10028397216,2040,6251,34,100,0
1777924308.7807434,2026-05-04T21:51:48.780743,31.007,10028397216,2040,6251,34,100,0
1777924308.7930703,2026-05-04T21:51:48.793070,31.007,10028397216,2040,6251,34,100,0
1777924308.8057694,2026-05-04T21:51:48.805769,31.007,10028400296,2040,6251,34,100,0
1777924308.8233805,2026-05-04T21:51:48.823380,30.98,10028400296,2040,6251,34,100,0
1777924308.8358116,2026-05-04T21:51:48.835812,30.98,10028400296,2040,6251,34,100,0
1777924308.8482635,2026-05-04T21:51:48.848264,30.98,10028400296,2040,6251,34,100,0
1777924308.8607888,2026-05-04T21:51:48.860789,30.98,10028400296,2040,6251,34,100,0
1777924308.882934,2026-05-04T21:51:48.882934,30.98,10028400296,2040,6251,34,100,0
1777924308.9039373,2026-05-04T21:51:48.903937,30.98,10028403520,2040,6251,34,100,0
1777924308.924756,2026-05-04T21:51:48.924756,31.324,10028403520,2040,6251,34,100,0
1777924308.9442909,2026-05-04T21:51:48.944291,31.324,10028403520,2040,6251,34,100,0
1777924308.9650478,2026-05-04T21:51:48.965048,31.324,10028403520,2040,6251,34,100,0
1777924308.9843185,2026-05-04T21:51:48.984318,31.324,10028403520,2040,6251,34,100,0
1777924309.004913,2026-05-04T21:51:49.004913,31.324,10028407007,2040,6251,34,100,0
1777924309.0296066,2026-05-04T21:51:49.029607,31.692,10028407007,2040,6251,35,100,0
1777924309.0495474,2026-05-04T21:51:49.049547,31.692,10028407007,2040,6251,35,100,0
1777924309.070457,2026-05-04T21:51:49.070457,31.692,10028407007,2040,6251,35,100,0
1777924309.091262,2026-05-04T21:51:49.091262,31.692,10028407007,2040,6251,35,100,0
1777924309.1135457,2026-05-04T21:51:49.113546,31.692,10028410506,2040,6251,35,100,0
1777924309.1316028,2026-05-04T21:51:49.131603,32.077,10028410506,2040,6251,35,100,0
1777924309.1521401,2026-05-04T21:51:49.152140,32.077,10028410506,2040,6251,35,100,0
1777924309.1727664,2026-05-04T21:51:49.172766,32.077,10028410506,2040,6251,35,100,0
1777924309.1921017,2026-05-04T21:51:49.192102,32.077,10028410506,2040,6251,35,100,0
1777924309.2096405,2026-05-04T21:51:49.209641,32.077,10028414006,2040,6251,35,100,0
1777924309.2303433,2026-05-04T21:51:49.230343,32.455,10028414006,2040,6251,35,100,0
1777924309.2518072,2026-05-04T21:51:49.251807,32.455,10028414006,2040,6251,35,100,0
1777924309.2712243,2026-05-04T21:51:49.271224,32.455,10028414006,2040,6251,35,100,0
1777924309.2919335,2026-05-04T21:51:49.291934,32.455,10028414006,2040,6251,35,100,0
1777924309.3114924,2026-05-04T21:51:49.311492,32.455,10028417509,2040,6251,35,100,0
1777924309.3293471,2026-05-04T21:51:49.329347,32.822,10028417509,2040,6251,35,100,0
1777924309.3495235,2026-05-04T21:51:49.349524,32.822,10028417509,2040,6251,35,100,0
1777924309.3692896,2026-05-04T21:51:49.369290,32.822,10028417509,2040,6251,35,100,0
1777924309.3879728,2026-05-04T21:51:49.387973,32.822,10028417509,2040,6251,35,100,0
1777924309.4079719,2026-05-04T21:51:49.407972,32.822,10028421004,2040,6251,35,100,0
1777924309.4241912,2026-05-04T21:51:49.424191,33.183,10028421004,2040,6251,35,100,0
1777924309.4436204,2026-05-04T21:51:49.443620,33.183,10028421004,2040,6251,35,100,0
1777924309.4634736,2026-05-04T21:51:49.463474,33.183,10028421004,2040,6251,35,100,0
1777924309.4834118,2026-05-04T21:51:49.483412,33.183,10028421004,2040,6251,35,100,0
1777924309.5023117,2026-05-04T21:51:49.502312,33.183,10028424512,2040,6251,35,100,0
1777924309.5239112,2026-05-04T21:51:49.523911,33.183,10028424512,2040,6251,35,100,0
1777924309.5465117,2026-05-04T21:51:49.546512,33.558,10028424512,2040,6251,35,100,0
1777924309.5679843,2026-05-04T21:51:49.567984,33.558,10028424512,2040,6251,35,100,0
1777924309.5895853,2026-05-04T21:51:49.589585,33.558,10028424512,2040,6251,35,100,0
1777924309.6094382,2026-05-04T21:51:49.609438,33.558,10028428026,2040,6251,35,100,0
1777924309.6296265,2026-05-04T21:51:49.629627,33.946,10028428026,2040,6251,35,100,0
1777924309.651585,2026-05-04T21:51:49.651585,33.946,10028428026,2040,6251,35,100,0
1777924309.6701612,2026-05-04T21:51:49.670161,33.946,10028428026,2040,6251,35,100,0
1777924309.6893477,2026-05-04T21:51:49.689348,33.946,10028428026,2040,6251,35,100,0
1777924309.7095475,2026-05-04T21:51:49.709548,33.946,10028431535,2040,6251,35,100,0
1777924309.728331,2026-05-04T21:51:49.728331,34.313,10028431535,2040,6251,35,100,0
1777924309.7524126,2026-05-04T21:51:49.752413,34.313,10028431535,2040,6251,35,100,0
1777924309.771043,2026-05-04T21:51:49.771043,34.313,10028431535,2040,6251,35,100,0
1777924309.7874076,2026-05-04T21:51:49.787408,34.313,10028431535,2040,6251,35,100,0
1777924309.807481,2026-05-04T21:51:49.807481,34.313,10028435047,2040,6251,35,100,0
1777924309.8252687,2026-05-04T21:51:49.825269,34.702,10028435047,2040,6251,35,100,0
1777924309.8459747,2026-05-04T21:51:49.845975,34.702,10028435047,2040,6251,35,100,0
1777924309.8646605,2026-05-04T21:51:49.864661,34.702,10028435047,2040,6251,35,100,0
1777924309.8817317,2026-05-04T21:51:49.881732,34.702,10028435047,2040,6251,35,100,0
1777924309.90404,2026-05-04T21:51:49.904040,34.702,10028438550,2040,6251,35,100,0
1777924309.9250734,2026-05-04T21:51:49.925073,34.702,10028438550,2040,6251,35,100,0
1777924309.9437675,2026-05-04T21:51:49.943768,35.086,10028438550,2040,6251,35,100,0
1777924309.9645505,2026-05-04T21:51:49.964550,35.086,10028438550,2040,6251,35,100,0
1777924309.9829278,2026-05-04T21:51:49.982928,35.086,10028438550,2040,6251,35,100,0
1777924310.003744,2026-05-04T21:51:50.003744,35.086,10028442046,2040,6251,35,100,0
1777924310.0240364,2026-05-04T21:51:50.024036,35.095,10028442046,2040,6251,35,100,0
1777924310.044059,2026-05-04T21:51:50.044059,35.095,10028442046,2040,6251,35,100,0
1777924310.0636492,2026-05-04T21:51:50.063649,35.095,10028442046,2040,6251,35,100,0
1777924310.083692,2026-05-04T21:51:50.083692,35.095,10028442046,2040,6251,35,100,0
1777924310.1034346,2026-05-04T21:51:50.103435,35.095,10028445544,2040,6251,35,100,0
1777924310.1246653,2026-05-04T21:51:50.124665,35.095,10028445544,2040,6251,35,100,0
1777924310.1450992,2026-05-04T21:51:50.145099,35.112,10028445544,2040,6251,35,100,0
1777924310.162918,2026-05-04T21:51:50.162918,35.112,10028445544,2040,6251,35,100,0
1777924310.1832016,2026-05-04T21:51:50.183202,35.112,10028445544,2040,6251,35,100,0
1777924310.2036269,2026-05-04T21:51:50.203627,35.112,10028449038,2040,6251,35,100,0
1777924310.2253158,2026-05-04T21:51:50.225316,35.095,10028449038,2040,6251,35,100,0
1777924310.2437506,2026-05-04T21:51:50.243751,35.095,10028449038,2040,6251,35,100,0
1777924310.2640948,2026-05-04T21:51:50.264095,35.095,10028449038,2040,6251,35,100,0
1777924310.2837,2026-05-04T21:51:50.283700,35.095,10028449038,2040,6251,35,100,0
1777924310.3036475,2026-05-04T21:51:50.303648,35.095,10028452527,2040,6251,35,100,0
1777924310.3252995,2026-05-04T21:51:50.325300,35.095,10028452527,2040,6251,35,100,0
1777924310.3465111,2026-05-04T21:51:50.346511,35.088,10028452527,2040,6251,35,100,0
1777924310.364578,2026-05-04T21:51:50.364578,35.088,10028452527,2040,6251,35,100,0
1777924310.3835578,2026-05-04T21:51:50.383558,35.088,10028452527,2040,6251,35,100,0
1777924310.4020572,2026-05-04T21:51:50.402057,35.088,10028456030,2040,6251,35,100,0
1777924310.425504,2026-05-04T21:51:50.425504,35.098,10028456030,2040,6251,35,100,0
1777924310.4431667,2026-05-04T21:51:50.443167,35.098,10028456030,2040,6251,35,100,0
1777924310.463914,2026-05-04T21:51:50.463914,35.098,10028456030,2040,6251,35,100,0
1777924310.4826446,2026-05-04T21:51:50.482645,35.098,10028456030,2040,6251,35,100,0
1777924310.5029974,2026-05-04T21:51:50.502997,35.098,10028459534,2040,6251,35,100,0
1777924310.5233905,2026-05-04T21:51:50.523391,35.098,10028459534,2040,6251,35,100,0
1777924310.5427482,2026-05-04T21:51:50.542748,35.098,10028459534,2040,6251,35,100,0
1777924310.5643928,2026-05-04T21:51:50.564393,35.098,10028459534,2040,6251,35,100,0
1777924310.5841224,2026-05-04T21:51:50.584122,35.098,10028459534,2040,6251,35,100,0
1777924310.6024716,2026-05-04T21:51:50.602472,35.098,10028463031,2040,6251,35,100,0
1777924310.6243334,2026-05-04T21:51:50.624333,35.098,10028463031,2040,6251,35,100,0
1777924310.6437242,2026-05-04T21:51:50.643724,35.082,10028463031,2040,6251,35,100,0
1777924310.6646614,2026-05-04T21:51:50.664661,35.082,10028463031,2040,6251,35,100,0
1777924310.6832423,2026-05-04T21:51:50.683242,35.082,10028463031,2040,6251,35,100,0
1777924310.7039363,2026-05-04T21:51:50.703936,35.082,10028466529,2040,6251,35,100,0
1777924310.7247384,2026-05-04T21:51:50.724738,35.082,10028466529,2040,6251,35,100,0
1777924310.7450404,2026-05-04T21:51:50.745040,35.066,10028466529,2040,6251,35,100,0
1777924310.760757,2026-05-04T21:51:50.760757,35.066,10028466529,2040,6251,35,100,0
1777924310.777983,2026-05-04T21:51:50.777983,35.066,10028466529,2040,6251,35,100,0
1777924310.7976906,2026-05-04T21:51:50.797691,35.066,10028470034,2040,6251,35,100,0
1777924310.8171024,2026-05-04T21:51:50.817102,35.066,10028470034,2040,6251,35,100,0
1777924310.8351018,2026-05-04T21:51:50.835102,35.059,10028470034,2040,6251,35,100,0
1777924310.8545651,2026-05-04T21:51:50.854565,35.059,10028470034,2040,6251,35,100,0
1777924310.8740177,2026-05-04T21:51:50.874018,35.059,10028470034,2040,6251,35,100,0
1777924310.8904397,2026-05-04T21:51:50.890440,35.059,10028470034,2040,6251,35,100,0
1777924310.909296,2026-05-04T21:51:50.909296,35.059,10028473543,2040,6251,35,100,0
1777924310.9283404,2026-05-04T21:51:50.928340,35.066,10028473543,2040,6251,35,100,0
1777924310.9509058,2026-05-04T21:51:50.950906,35.066,10028473543,2040,6251,35,100,0
1777924310.9636235,2026-05-04T21:51:50.963624,35.066,10028473543,2040,6251,35,100,0
1777924310.9799304,2026-05-04T21:51:50.979930,35.066,10028473543,2040,6251,35,100,0
1777924310.9924989,2026-05-04T21:51:50.992499,35.066,10028473543,2040,6251,35,100,0
1777924311.0051584,2026-05-04T21:51:51.005158,35.066,10028477204,2040,6251,35,100,0
1777924311.021955,2026-05-04T21:51:51.021955,35.066,10028477204,2040,6251,35,100,0
1777924311.0347378,2026-05-04T21:51:51.034738,35.416,10028477204,2040,6251,35,100,0
1777924311.0475225,2026-05-04T21:51:51.047523,35.416,10028477204,2040,6251,35,100,0
1777924311.0601673,2026-05-04T21:51:51.060167,35.416,10028477204,2040,6251,35,100,0
1777924311.0726748,2026-05-04T21:51:51.072675,35.416,10028477204,2040,6251,35,100,0
1777924311.0854583,2026-05-04T21:51:51.085458,35.416,10028477204,2040,6251,35,100,0
1777924311.0998619,2026-05-04T21:51:51.099862,35.416,10028481120,2040,6251,35,100,0
1777924311.1132655,2026-05-04T21:51:51.113266,35.416,10028481120,2040,6251,35,100,0
1777924311.1259959,2026-05-04T21:51:51.125996,36.036,10028481120,2040,6251,35,100,2
1777924311.1398423,2026-05-04T21:51:51.139842,36.036,10028481120,2040,6251,35,100,2
1777924311.1526659,2026-05-04T21:51:51.152666,36.036,10028481120,2040,6251,35,100,2
1777924311.1654334,2026-05-04T21:51:51.165433,36.036,10028481120,2040,6251,35,100,2
1777924311.1797657,2026-05-04T21:51:51.179766,36.036,10028481120,2040,6251,35,100,2
1777924311.192412,2026-05-04T21:51:51.192412,36.036,10028481120,2040,6251,35,100,2
1777924311.2051585,2026-05-04T21:51:51.205158,36.036,10028485234,2040,6251,35,100,2
1777924311.2226763,2026-05-04T21:51:51.222676,36.036,10028485234,2040,6251,35,100,2
1777924311.2352962,2026-05-04T21:51:51.235296,36.54,10028485234,2040,6251,35,100,2
1777924311.248215,2026-05-04T21:51:51.248215,36.54,10028485234,2040,6251,35,100,2
1777924311.2609115,2026-05-04T21:51:51.260911,36.54,10028485234,2040,6251,35,100,2
1777924311.2734463,2026-05-04T21:51:51.273446,36.54,10028485234,2040,6251,35,100,2
1777924311.286195,2026-05-04T21:51:51.286195,36.54,10028485234,2040,6251,35,100,2
1777924311.30005,2026-05-04T21:51:51.300050,36.54,10028489375,2040,6251,35,100,2
1777924311.3131986,2026-05-04T21:51:51.313199,36.54,10028489375,2040,6251,35,100,2
1777924311.3259447,2026-05-04T21:51:51.325945,37.357,10028489375,2040,6251,35,100,3
1777924311.3398905,2026-05-04T21:51:51.339890,37.357,10028489375,2040,6251,35,100,3
1777924311.3525338,2026-05-04T21:51:51.352534,37.357,10028489375,2040,6251,35,100,3
1777924311.3653226,2026-05-04T21:51:51.365323,37.357,10028489375,2040,6251,35,100,3
1777924311.3797243,2026-05-04T21:51:51.379724,37.357,10028489375,2040,6251,35,100,3
1777924311.3923144,2026-05-04T21:51:51.392314,37.357,10028489375,2040,6251,35,100,3
1777924311.405134,2026-05-04T21:51:51.405134,37.357,10028493491,2040,6251,35,100,3
1777924311.42265,2026-05-04T21:51:51.422650,37.357,10028493491,2040,6251,35,100,3
1777924311.4352782,2026-05-04T21:51:51.435278,37.733,10028493491,2040,6251,35,100,3
1777924311.448154,2026-05-04T21:51:51.448154,37.733,10028493491,2040,6251,35,100,3
1777924311.460886,2026-05-04T21:51:51.460886,37.733,10028493491,2040,6251,35,100,3
1777924311.473369,2026-05-04T21:51:51.473369,37.733,10028493491,2040,6251,35,100,3
1777924311.4861314,2026-05-04T21:51:51.486131,37.733,10028493491,2040,6251,35,100,3
1777924311.499682,2026-05-04T21:51:51.499682,37.733,10028497496,2040,6251,35,100,3
1777924311.5130894,2026-05-04T21:51:51.513089,37.733,10028497496,2040,6251,35,100,3
1777924311.5257475,2026-05-04T21:51:51.525748,37.803,10028497496,2040,6251,35,100,2
1777924311.5397518,2026-05-04T21:51:51.539752,37.803,10028497496,2040,6251,36,100,2
1777924311.552284,2026-05-04T21:51:51.552284,37.803,10028497496,2040,6251,36,100,2
1777924311.564969,2026-05-04T21:51:51.564969,37.803,10028497496,2040,6251,36,100,2
1777924311.5798798,2026-05-04T21:51:51.579880,37.803,10028497496,2040,6251,36,100,2
1777924311.5923798,2026-05-04T21:51:51.592380,37.803,10028497496,2040,6251,36,100,2
1777924311.6049604,2026-05-04T21:51:51.604960,37.803,10028500595,2040,6251,36,100,2
1777924311.622581,2026-05-04T21:51:51.622581,37.803,10028500595,2040,6251,36,100,2
1777924311.635063,2026-05-04T21:51:51.635063,37.164,10028500595,2040,6251,35,100,2
1777924311.6476157,2026-05-04T21:51:51.647616,37.164,10028500595,2040,6251,35,100,2
1777924311.6603093,2026-05-04T21:51:51.660309,37.164,10028500595,2040,6251,35,100,2
1777924311.6727693,2026-05-04T21:51:51.672769,37.164,10028500595,2040,6251,35,100,2
1777924311.6853096,2026-05-04T21:51:51.685310,37.164,10028500595,2040,6251,35,100,2
1777924311.6997015,2026-05-04T21:51:51.699702,37.164,10028503683,2040,6251,35,100,2
1777924311.7130275,2026-05-04T21:51:51.713027,37.164,10028503683,2040,6251,35,100,2
1777924311.7255938,2026-05-04T21:51:51.725594,37.164,10028503683,2040,6251,35,100,0
1777924311.7396848,2026-05-04T21:51:51.739685,36.961,10028503683,2040,6251,35,100,0
1777924311.7522483,2026-05-04T21:51:51.752248,36.961,10028503683,2040,6251,35,100,0
1777924311.7648613,2026-05-04T21:51:51.764861,36.961,10028503683,2040,6251,35,100,0
1777924311.779578,2026-05-04T21:51:51.779578,36.961,10028503683,2040,6251,35,100,0
1777924311.7921014,2026-05-04T21:51:51.792101,36.961,10028503683,2040,6251,35,100,0
1777924311.804738,2026-05-04T21:51:51.804738,36.961,10028506779,2040,6251,35,100,0
1777924311.8223786,2026-05-04T21:51:51.822379,36.961,10028506779,2040,6251,35,100,0
1777924311.8348477,2026-05-04T21:51:51.834848,36.424,10028506779,2040,6251,35,100,0
1777924311.8476043,2026-05-04T21:51:51.847604,36.424,10028506779,2040,6251,35,100,0
1777924311.860119,2026-05-04T21:51:51.860119,36.424,10028506779,2040,6251,35,100,0
1777924311.8726237,2026-05-04T21:51:51.872624,36.424,10028506779,2040,6251,35,100,0
1777924311.8853133,2026-05-04T21:51:51.885313,36.424,10028506779,2040,6251,35,100,0
1777924311.8995154,2026-05-04T21:51:51.899515,36.424,10028509870,2040,6251,35,100,0
1777924311.91289,2026-05-04T21:51:51.912890,36.424,10028509870,2040,6251,35,100,0
1777924311.92574,2026-05-04T21:51:51.925740,36.123,10028509870,2040,6251,35,100,0
1777924311.9400969,2026-05-04T21:51:51.940097,36.123,10028509870,2040,6251,34,100,0
1777924311.9527078,2026-05-04T21:51:51.952708,36.123,10028509870,2040,6251,34,100,0
1777924311.9653566,2026-05-04T21:51:51.965357,36.123,10028509870,2040,6251,34,100,0
1777924311.9794414,2026-05-04T21:51:51.979441,36.123,10028509870,2040,6251,34,100,0
1777924311.9920127,2026-05-04T21:51:51.992013,36.123,10028509870,2040,6251,34,100,0
1777924312.004668,2026-05-04T21:51:52.004668,36.123,10028512960,2040,6251,34,100,0
1777924312.0222645,2026-05-04T21:51:52.022264,36.123,10028512960,2040,6251,34,100,0
1777924312.0347974,2026-05-04T21:51:52.034797,35.662,10028512960,2040,6251,34,100,0
1777924312.0475523,2026-05-04T21:51:52.047552,35.662,10028512960,2040,6251,34,100,0
1777924312.060074,2026-05-04T21:51:52.060074,35.662,10028512960,2040,6251,34,100,0
1777924312.0726333,2026-05-04T21:51:52.072633,35.662,10028512960,2040,6251,34,100,0
1777924312.085284,2026-05-04T21:51:52.085284,35.662,10028512960,2040,6251,34,100,0
1777924312.0994658,2026-05-04T21:51:52.099466,35.662,10028516053,2040,6251,34,100,0
1777924312.1129186,2026-05-04T21:51:52.112919,35.662,10028516053,2040,6251,34,100,0
1777924312.1255748,2026-05-04T21:51:52.125575,35.662,10028516053,2040,6251,34,100,0
1777924312.13965,2026-05-04T21:51:52.139650,34.946,10028516053,2040,6251,34,100,0
1777924312.1522346,2026-05-04T21:51:52.152235,34.946,10028516053,2040,6251,34,100,0
1777924312.1648908,2026-05-04T21:51:52.164891,34.946,10028516053,2040,6251,34,100,0
1777924312.1794426,2026-05-04T21:51:52.179443,34.946,10028516053,2040,6251,34,100,0
1777924312.19196,2026-05-04T21:51:52.191960,34.946,10028516053,2040,6251,34,100,0
1777924312.2046437,2026-05-04T21:51:52.204644,34.946,10028519142,2040,6251,34,100,0
1777924312.2222753,2026-05-04T21:51:52.222275,34.946,10028519142,2040,6251,34,100,0
1777924312.2348304,2026-05-04T21:51:52.234830,34.055,10028519142,2040,6251,34,100,0
1777924312.2475252,2026-05-04T21:51:52.247525,34.055,10028519142,2040,6251,34,100,0
1777924312.2601047,2026-05-04T21:51:52.260105,34.055,10028519142,2040,6251,34,100,0
1777924312.272644,2026-05-04T21:51:52.272644,34.055,10028519142,2040,6251,34,100,0
1777924312.2852726,2026-05-04T21:51:52.285273,34.055,10028519142,2040,6251,34,100,0
1777924312.2994184,2026-05-04T21:51:52.299418,34.055,10028522238,2040,6251,34,100,0
1777924312.3128297,2026-05-04T21:51:52.312830,34.055,10028522238,2040,6251,34,100,0
1777924312.3254395,2026-05-04T21:51:52.325439,34.055,10028522238,2040,6251,34,100,0
1777924312.339291,2026-05-04T21:51:52.339291,33.101,10028522238,2040,6251,34,100,0
1777924312.351853,2026-05-04T21:51:52.351853,33.101,10028522238,2040,6251,34,100,0
1777924312.3645217,2026-05-04T21:51:52.364522,33.101,10028522238,2040,6251,34,100,0
1777924312.3793747,2026-05-04T21:51:52.379375,33.101,10028522238,2040,6251,34,100,0
1777924312.3918774,2026-05-04T21:51:52.391877,33.101,10028522238,2040,6251,34,100,0
1777924312.4045708,2026-05-04T21:51:52.404571,33.101,10028525335,2040,6251,34,100,0
1777924312.4211874,2026-05-04T21:51:52.421187,33.101,10028525335,2040,6251,34,100,0
1777924312.4338448,2026-05-04T21:51:52.433845,32.138,10028525335,2040,6251,34,100,0
1777924312.4465683,2026-05-04T21:51:52.446568,32.138,10028525335,2040,6251,34,100,0
1777924312.4594152,2026-05-04T21:51:52.459415,32.138,10028525335,2040,6251,34,100,0
1777924312.4719222,2026-05-04T21:51:52.471922,32.138,10028525335,2040,6251,34,100,0
1777924312.4845989,2026-05-04T21:51:52.484599,32.138,10028525335,2040,6251,34,100,0
1777924312.4993165,2026-05-04T21:51:52.499316,32.138,10028528425,2040,6251,34,100,0
1777924312.512721,2026-05-04T21:51:52.512721,32.138,10028528425,2040,6251,34,100,0
1777924312.5253491,2026-05-04T21:51:52.525349,32.138,10028528425,2040,6251,34,100,0
1777924312.5393467,2026-05-04T21:51:52.539347,31.178,10028528425,2040,6251,34,100,0
1777924312.5518596,2026-05-04T21:51:52.551860,31.178,10028528425,2040,6251,34,100,0
1777924312.564553,2026-05-04T21:51:52.564553,31.178,10028528425,2040,6251,34,100,0
1777924312.579262,2026-05-04T21:51:52.579262,31.178,10028528425,2040,6251,34,100,0
1777924312.591753,2026-05-04T21:51:52.591753,31.178,10028528425,2040,6251,34,100,0
1777924312.604386,2026-05-04T21:51:52.604386,31.178,10028531527,2040,6251,34,100,0
1777924312.622139,2026-05-04T21:51:52.622139,31.178,10028531527,2040,6251,34,100,0
1777924312.6346776,2026-05-04T21:51:52.634678,30.983,10028531527,2040,6251,34,100,0
1777924312.647456,2026-05-04T21:51:52.647456,30.983,10028531527,2040,6251,34,100,0
1777924312.6600718,2026-05-04T21:51:52.660072,30.983,10028531527,2040,6251,34,100,0
1777924312.672467,2026-05-04T21:51:52.672467,30.983,10028531527,2040,6251,34,100,0
1777924312.6851633,2026-05-04T21:51:52.685163,30.983,10028531527,2040,6251,34,100,0
1777924312.6995375,2026-05-04T21:51:52.699538,30.983,10028534623,2040,6251,34,100,0
1777924312.7126837,2026-05-04T21:51:52.712684,30.983,10028534623,2040,6251,34,100,0
1777924312.7253337,2026-05-04T21:51:52.725334,30.983,10028534623,2040,6251,34,100,0
1777924312.7392073,2026-05-04T21:51:52.739207,30.999,10028534623,2040,6251,34,100,0
1777924312.751744,2026-05-04T21:51:52.751744,30.999,10028534623,2040,6251,34,100,0
1777924312.7643504,2026-05-04T21:51:52.764350,30.999,10028534623,2040,6251,34,100,0
1777924312.7792592,2026-05-04T21:51:52.779259,30.999,10028534623,2040,6251,34,100,0
1777924312.7917395,2026-05-04T21:51:52.791739,30.999,10028534623,2040,6251,34,100,0
1777924312.8042827,2026-05-04T21:51:52.804283,30.999,10028537702,2040,6251,34,100,0
1777924312.82204,2026-05-04T21:51:52.822040,30.999,10028537702,2040,6251,34,100,0
1777924312.834502,2026-05-04T21:51:52.834502,30.98,10028537702,2040,6251,34,100,0
1777924312.8471324,2026-05-04T21:51:52.847132,30.98,10028537702,2040,6251,34,100,0
1777924312.8664703,2026-05-04T21:51:52.866470,30.98,10028537702,2040,6251,34,100,0
1777924312.885587,2026-05-04T21:51:52.885587,30.98,10028537702,2040,6251,34,100,0
1777924312.9029171,2026-05-04T21:51:52.902917,30.98,10028540961,2040,6251,34,100,0
1777924312.9225323,2026-05-04T21:51:52.922532,30.98,10028540961,2040,6251,34,100,0
1777924312.9427783,2026-05-04T21:51:52.942778,31.341,10028540961,2040,6251,34,100,0
1777924312.9632843,2026-05-04T21:51:52.963284,31.341,10028540961,2040,6251,34,100,0
1777924312.9830658,2026-05-04T21:51:52.983066,31.341,10028540961,2040,6251,34,100,0
1777924313.0021565,2026-05-04T21:51:53.002156,31.341,10028544464,2040,6251,34,100,0
1777924313.02601,2026-05-04T21:51:53.026010,31.341,10028544464,2040,6251,34,100,0
1777924313.0436869,2026-05-04T21:51:53.043687,31.727,10028544464,2040,6251,35,100,0
1777924313.0603616,2026-05-04T21:51:53.060362,31.727,10028544464,2040,6251,35,100,0
1777924313.0826924,2026-05-04T21:51:53.082692,31.727,10028544464,2040,6251,35,100,0
1777924313.10244,2026-05-04T21:51:53.102440,31.727,10028547978,2040,6251,35,100,0
1777924313.1227055,2026-05-04T21:51:53.122705,31.727,10028547978,2040,6251,35,100,0
1777924313.1406157,2026-05-04T21:51:53.140616,32.095,10028547978,2040,6251,35,100,0
1777924313.1609213,2026-05-04T21:51:53.160921,32.095,10028547978,2040,6251,35,100,0
1777924313.181772,2026-05-04T21:51:53.181772,32.095,10028547978,2040,6251,35,100,0
1777924313.2032747,2026-05-04T21:51:53.203275,32.095,10028551492,2040,6251,35,100,0
1777924313.2244606,2026-05-04T21:51:53.224461,32.095,10028551492,2040,6251,35,100,0
1777924313.2438462,2026-05-04T21:51:53.243846,32.467,10028551492,2040,6251,35,100,0
1777924313.2616982,2026-05-04T21:51:53.261698,32.467,10028551492,2040,6251,35,100,0
1777924313.281472,2026-05-04T21:51:53.281472,32.467,10028551492,2040,6251,35,100,0
1777924313.3011355,2026-05-04T21:51:53.301136,32.467,10028555006,2040,6251,35,100,0
1777924313.322154,2026-05-04T21:51:53.322154,32.467,10028555006,2040,6251,35,100,0
1777924313.3425987,2026-05-04T21:51:53.342599,32.844,10028555006,2040,6251,35,100,0
1777924313.3625095,2026-05-04T21:51:53.362509,32.844,10028555006,2040,6251,35,100,0
1777924313.3828263,2026-05-04T21:51:53.382826,32.844,10028555006,2040,6251,35,100,0
1777924313.4020746,2026-05-04T21:51:53.402075,32.844,10028558510,2040,6251,35,100,0
1777924313.427658,2026-05-04T21:51:53.427658,32.844,10028558510,2040,6251,35,100,0
1777924313.4443824,2026-05-04T21:51:53.444382,33.206,10028558510,2040,6251,35,100,0
1777924313.4638999,2026-05-04T21:51:53.463900,33.206,10028558510,2040,6251,35,100,0
1777924313.4825513,2026-05-04T21:51:53.482551,33.206,10028558510,2040,6251,35,100,0
1777924313.5028973,2026-05-04T21:51:53.502897,33.206,10028562009,2040,6251,35,100,0
1777924313.5237062,2026-05-04T21:51:53.523706,33.206,10028562009,2040,6251,35,100,0
1777924313.5433137,2026-05-04T21:51:53.543314,33.583,10028562009,2040,6251,35,100,0
1777924313.5613437,2026-05-04T21:51:53.561344,33.583,10028562009,2040,6251,35,100,0
1777924313.5833147,2026-05-04T21:51:53.583315,33.583,10028562009,2040,6251,35,100,0
1777924313.6022108,2026-05-04T21:51:53.602211,33.583,10028565509,2040,6251,35,100,0
1777924313.622904,2026-05-04T21:51:53.622904,33.583,10028565509,2040,6251,35,100,0
1777924313.6424496,2026-05-04T21:51:53.642450,33.955,10028565509,2040,6251,35,100,0
1777924313.6622553,2026-05-04T21:51:53.662255,33.955,10028565509,2040,6251,35,100,0
1777924313.6829443,2026-05-04T21:51:53.682944,33.955,10028565509,2040,6251,35,100,0
1777924313.7013474,2026-05-04T21:51:53.701347,33.955,10028569003,2040,6251,35,100,0
1777924313.7227376,2026-05-04T21:51:53.722738,33.955,10028569003,2040,6251,35,100,0
1777924313.743873,2026-05-04T21:51:53.743873,34.304,10028569003,2040,6251,35,100,0
1777924313.766231,2026-05-04T21:51:53.766231,34.304,10028569003,2040,6251,35,100,0
1777924313.7828526,2026-05-04T21:51:53.782853,34.304,10028569003,2040,6251,35,100,0
1777924313.8024974,2026-05-04T21:51:53.802497,34.304,10028572505,2040,6251,35,100,0
1777924313.8246987,2026-05-04T21:51:53.824699,34.304,10028572505,2040,6251,35,100,0
1777924313.841315,2026-05-04T21:51:53.841315,34.697,10028572505,2040,6251,35,100,0
1777924313.8630998,2026-05-04T21:51:53.863100,34.697,10028572505,2040,6251,35,100,0
1777924313.8825865,2026-05-04T21:51:53.882586,34.697,10028572505,2040,6251,35,100,0
1777924313.9026487,2026-05-04T21:51:53.902649,34.697,10028576011,2040,6251,35,100,0
1777924313.9225528,2026-05-04T21:51:53.922553,34.697,10028576011,2040,6251,35,100,0
1777924313.9428532,2026-05-04T21:51:53.942853,35.082,10028576011,2040,6251,35,100,0
1777924313.9651535,2026-05-04T21:51:53.965153,35.082,10028576011,2040,6251,35,100,0
1777924313.9818501,2026-05-04T21:51:53.981850,35.082,10028576011,2040,6251,35,100,0
1777924314.0023603,2026-05-04T21:51:54.002360,35.082,10028579511,2040,6251,35,100,0
1777924314.024155,2026-05-04T21:51:54.024155,35.082,10028579511,2040,6251,35,100,0
1777924314.043766,2026-05-04T21:51:54.043766,35.089,10028579511,2040,6251,35,100,0
1777924314.0625463,2026-05-04T21:51:54.062546,35.089,10028579511,2040,6251,35,100,0
1777924314.081514,2026-05-04T21:51:54.081514,35.089,10028579511,2040,6251,35,100,0
1777924314.1030695,2026-05-04T21:51:54.103070,35.089,10028583010,2040,6251,35,100,0
1777924314.1211412,2026-05-04T21:51:54.121141,35.089,10028583010,2040,6251,35,100,0
1777924314.1416028,2026-05-04T21:51:54.141603,35.073,10028583010,2040,6251,35,100,0
1777924314.1617258,2026-05-04T21:51:54.161726,35.073,10028583010,2040,6251,35,100,0
1777924314.181594,2026-05-04T21:51:54.181594,35.073,10028583010,2040,6251,35,100,0
1777924314.2009754,2026-05-04T21:51:54.200975,35.073,10028586506,2040,6251,35,100,0
1777924314.226739,2026-05-04T21:51:54.226739,35.073,10028586506,2040,6251,35,100,0
1777924314.2441127,2026-05-04T21:51:54.244113,35.084,10028586506,2040,6251,35,100,0
1777924314.2617276,2026-05-04T21:51:54.261728,35.084,10028586506,2040,6251,35,100,0
1777924314.2820568,2026-05-04T21:51:54.282057,35.084,10028586506,2040,6251,35,100,0
1777924314.301582,2026-05-04T21:51:54.301582,35.084,10028590013,2040,6251,35,100,0
1777924314.322285,2026-05-04T21:51:54.322285,35.084,10028590013,2040,6251,35,100,0
1777924314.343629,2026-05-04T21:51:54.343629,35.091,10028590013,2040,6251,35,100,0
1777924314.362684,2026-05-04T21:51:54.362684,35.091,10028590013,2040,6251,35,100,0
1777924314.3824568,2026-05-04T21:51:54.382457,35.091,10028590013,2040,6251,35,100,0
1777924314.3989925,2026-05-04T21:51:54.398993,35.091,10028593543,2040,6251,35,100,0
1777924314.4123077,2026-05-04T21:51:54.412308,35.091,10028593543,2040,6251,35,100,0
1777924314.425083,2026-05-04T21:51:54.425083,35.091,10028593543,2040,6251,35,100,0
1777924314.4388156,2026-05-04T21:51:54.438816,35.331,10028593543,2040,6251,35,100,0
1777924314.4518015,2026-05-04T21:51:54.451802,35.331,10028593543,2040,6251,35,100,0
1777924314.464611,2026-05-04T21:51:54.464611,35.331,10028593543,2040,6251,35,100,0
1777924314.4787567,2026-05-04T21:51:54.478757,35.331,10028593543,2040,6251,35,100,0
1777924314.491381,2026-05-04T21:51:54.491381,35.331,10028593543,2040,6251,35,100,0
1777924314.5040479,2026-05-04T21:51:54.504048,35.331,10028597398,2040,6251,35,100,0
1777924314.5192943,2026-05-04T21:51:54.519294,35.331,10028597398,2040,6251,35,100,0
1777924314.5318444,2026-05-04T21:51:54.531844,35.331,10028597398,2040,6251,35,100,0
1777924314.545971,2026-05-04T21:51:54.545971,35.653,10028597398,2040,6251,35,100,2
1777924314.559102,2026-05-04T21:51:54.559102,35.653,10028597398,2040,6251,35,100,2
1777924314.5717351,2026-05-04T21:51:54.571735,35.653,10028597398,2040,6251,35,100,2
1777924314.584433,2026-05-04T21:51:54.584433,35.653,10028597398,2040,6251,35,100,2
1777924314.598785,2026-05-04T21:51:54.598785,35.653,10028601508,2040,6251,35,100,2
1777924314.612381,2026-05-04T21:51:54.612381,35.653,10028601508,2040,6251,35,100,2
1777924314.6251035,2026-05-04T21:51:54.625103,35.653,10028601508,2040,6251,35,100,2
1777924314.6387584,2026-05-04T21:51:54.638758,36.388,10028601508,2040,6251,35,100,2
1777924314.6514547,2026-05-04T21:51:54.651455,36.388,10028601508,2040,6251,35,100,2
1777924314.664184,2026-05-04T21:51:54.664184,36.388,10028601508,2040,6251,35,100,2
1777924314.67873,2026-05-04T21:51:54.678730,36.388,10028601508,2040,6251,35,100,2
1777924314.6913671,2026-05-04T21:51:54.691367,36.388,10028601508,2040,6251,35,100,2
1777924314.704063,2026-05-04T21:51:54.704063,36.388,10028605629,2040,6251,35,100,2
1777924314.7189028,2026-05-04T21:51:54.718903,36.388,10028605629,2040,6251,35,100,2
1777924314.7314744,2026-05-04T21:51:54.731474,36.388,10028605629,2040,6251,35,100,2
1777924314.7442894,2026-05-04T21:51:54.744289,36.815,10028605629,2040,6251,35,100,3
1777924314.7588615,2026-05-04T21:51:54.758862,36.815,10028605629,2040,6251,35,100,3
1777924314.7714329,2026-05-04T21:51:54.771433,36.815,10028605629,2040,6251,35,100,3
1777924314.7840636,2026-05-04T21:51:54.784064,36.815,10028605629,2040,6251,35,100,3
1777924314.7989855,2026-05-04T21:51:54.798985,36.815,10028609624,2040,6251,35,100,3
1777924314.8121092,2026-05-04T21:51:54.812109,36.815,10028609624,2040,6251,35,100,3
1777924314.8246403,2026-05-04T21:51:54.824640,36.815,10028609624,2040,6251,35,100,3
1777924314.8386114,2026-05-04T21:51:54.838611,36.772,10028609624,2040,6251,36,100,3
1777924314.8512177,2026-05-04T21:51:54.851218,36.772,10028609624,2040,6251,36,100,3
1777924314.863743,2026-05-04T21:51:54.863743,36.772,10028609624,2040,6251,36,100,3
1777924314.878678,2026-05-04T21:51:54.878678,36.772,10028609624,2040,6251,36,100,3
1777924314.8911963,2026-05-04T21:51:54.891196,36.772,10028609624,2040,6251,36,100,3
1777924314.9037635,2026-05-04T21:51:54.903764,36.772,10028612720,2040,6251,36,100,3
1777924314.9188504,2026-05-04T21:51:54.918850,36.772,10028612720,2040,6251,36,100,3
1777924314.9313288,2026-05-04T21:51:54.931329,36.772,10028612720,2040,6251,36,100,3
1777924314.945114,2026-05-04T21:51:54.945114,36.227,10028612720,2040,6251,35,100,0
1777924314.958863,2026-05-04T21:51:54.958863,36.227,10028612720,2040,6251,35,100,0
1777924314.9713287,2026-05-04T21:51:54.971329,36.227,10028612720,2040,6251,35,100,0
1777924314.983932,2026-05-04T21:51:54.983932,36.227,10028612720,2040,6251,35,100,0
1777924314.9986908,2026-05-04T21:51:54.998691,36.227,10028615806,2040,6251,35,100,0
1777924315.0119462,2026-05-04T21:51:55.011946,36.227,10028615806,2040,6251,35,100,0
1777924315.0244827,2026-05-04T21:51:55.024483,36.227,10028615806,2040,6251,35,100,0
1777924315.0386145,2026-05-04T21:51:55.038615,35.942,10028615806,2040,6251,35,100,0
1777924315.0511968,2026-05-04T21:51:55.051197,35.942,10028615806,2040,6251,35,100,0
1777924315.0637116,2026-05-04T21:51:55.063712,35.942,10028615806,2040,6251,35,100,0
1777924315.0788987,2026-05-04T21:51:55.078899,35.942,10028615806,2040,6251,35,100,0
1777924315.0914445,2026-05-04T21:51:55.091444,35.942,10028615806,2040,6251,35,100,0
1777924315.103968,2026-05-04T21:51:55.103968,35.942,10028618899,2040,6251,35,100,0
1777924315.1187942,2026-05-04T21:51:55.118794,35.942,10028618899,2040,6251,35,100,0
1777924315.1312866,2026-05-04T21:51:55.131287,35.942,10028618899,2040,6251,35,100,0
1777924315.1440146,2026-05-04T21:51:55.144015,35.496,10028618899,2040,6251,35,100,0
1777924315.1587064,2026-05-04T21:51:55.158706,35.496,10028618899,2040,6251,35,100,0
1777924315.1712046,2026-05-04T21:51:55.171205,35.496,10028618899,2040,6251,35,100,0
1777924315.1837626,2026-05-04T21:51:55.183763,35.496,10028618899,2040,6251,35,100,0
1777924315.1985939,2026-05-04T21:51:55.198594,35.496,10028621993,2040,6251,35,100,0
1777924315.2119641,2026-05-04T21:51:55.211964,35.496,10028621993,2040,6251,35,100,0
1777924315.2246292,2026-05-04T21:51:55.224629,35.496,10028621993,2040,6251,35,100,0
1777924315.2384436,2026-05-04T21:51:55.238444,35.127,10028621993,2040,6251,35,100,0
1777924315.2509542,2026-05-04T21:51:55.250954,35.127,10028621993,2040,6251,35,100,0
1777924315.2635057,2026-05-04T21:51:55.263506,35.127,10028621993,2040,6251,35,100,0
1777924315.278529,2026-05-04T21:51:55.278529,35.127,10028621993,2040,6251,35,100,0
1777924315.2910383,2026-05-04T21:51:55.291038,35.127,10028621993,2040,6251,35,100,0
1777924315.3036866,2026-05-04T21:51:55.303687,35.127,10028625088,2040,6251,35,100,0
1777924315.3186452,2026-05-04T21:51:55.318645,35.127,10028625088,2040,6251,35,100,0
1777924315.3311565,2026-05-04T21:51:55.331156,35.127,10028625088,2040,6251,35,100,0
1777924315.3440065,2026-05-04T21:51:55.344007,34.764,10028625088,2040,6251,34,100,0
1777924315.3587985,2026-05-04T21:51:55.358799,34.764,10028625088,2040,6251,34,100,0
1777924315.3713353,2026-05-04T21:51:55.371335,34.764,10028625088,2040,6251,34,100,0
1777924315.3839827,2026-05-04T21:51:55.383983,34.764,10028625088,2040,6251,34,100,0
1777924315.3984246,2026-05-04T21:51:55.398425,34.764,10028628185,2040,6251,34,100,0
1777924315.4119,2026-05-04T21:51:55.411900,34.764,10028628185,2040,6251,34,100,0
1777924315.4247477,2026-05-04T21:51:55.424748,34.764,10028628185,2040,6251,34,100,0
1777924315.4384747,2026-05-04T21:51:55.438475,34.385,10028628185,2040,6251,34,100,0
1777924315.4510949,2026-05-04T21:51:55.451095,34.385,10028628185,2040,6251,34,100,0
1777924315.463816,2026-05-04T21:51:55.463816,34.385,10028628185,2040,6251,34,100,0
1777924315.478483,2026-05-04T21:51:55.478483,34.385,10028628185,2040,6251,34,100,0
1777924315.4909968,2026-05-04T21:51:55.490997,34.385,10028628185,2040,6251,34,100,0
1777924315.503521,2026-05-04T21:51:55.503521,34.385,10028631284,2040,6251,34,100,0
1777924315.5185986,2026-05-04T21:51:55.518599,34.385,10028631284,2040,6251,34,100,0
1777924315.531097,2026-05-04T21:51:55.531097,34.385,10028631284,2040,6251,34,100,0
1777924315.5437899,2026-05-04T21:51:55.543790,33.804,10028631284,2040,6251,34,100,0
1777924315.5585322,2026-05-04T21:51:55.558532,33.804,10028631284,2040,6251,34,100,0
1777924315.5710464,2026-05-04T21:51:55.571046,33.804,10028631284,2040,6251,34,100,0
1777924315.5836258,2026-05-04T21:51:55.583626,33.804,10028631284,2040,6251,34,100,0
1777924315.598408,2026-05-04T21:51:55.598408,33.804,10028634383,2040,6251,34,100,0
1777924315.6117973,2026-05-04T21:51:55.611797,33.804,10028634383,2040,6251,34,100,0
1777924315.6244688,2026-05-04T21:51:55.624469,33.804,10028634383,2040,6251,34,100,0
1777924315.638731,2026-05-04T21:51:55.638731,33.086,10028634383,2040,6251,34,100,0
1777924315.651314,2026-05-04T21:51:55.651314,33.086,10028634383,2040,6251,34,100,0
1777924315.6638796,2026-05-04T21:51:55.663880,33.086,10028634383,2040,6251,34,100,0
1777924315.6783412,2026-05-04T21:51:55.678341,33.086,10028634383,2040,6251,34,100,0
1777924315.690791,2026-05-04T21:51:55.690791,33.086,10028634383,2040,6251,34,100,0
1777924315.703331,2026-05-04T21:51:55.703331,33.086,10028637468,2040,6251,34,100,0
1777924315.7185519,2026-05-04T21:51:55.718552,33.086,10028637468,2040,6251,34,100,0
1777924315.7311141,2026-05-04T21:51:55.731114,33.086,10028637468,2040,6251,34,100,0
1777924315.743822,2026-05-04T21:51:55.743822,32.085,10028637468,2040,6251,34,100,0
1777924315.7583432,2026-05-04T21:51:55.758343,32.085,10028637468,2040,6251,34,100,0
1777924315.770755,2026-05-04T21:51:55.770755,32.085,10028637468,2040,6251,34,100,0
1777924315.786933,2026-05-04T21:51:55.786933,32.085,10028637468,2040,6251,34,100,0
1777924315.8017516,2026-05-04T21:51:55.801752,32.085,10028640607,2040,6251,34,100,0
1777924315.8262002,2026-05-04T21:51:55.826200,32.085,10028640607,2040,6251,34,100,0
1777924315.8439093,2026-05-04T21:51:55.843909,31.48,10028640607,2040,6251,34,100,0
1777924315.8663063,2026-05-04T21:51:55.866306,31.48,10028640607,2040,6251,34,100,0
1777924315.8835769,2026-05-04T21:51:55.883577,31.48,10028640607,2040,6251,34,100,0
1777924315.9036057,2026-05-04T21:51:55.903606,31.48,10028644094,2040,6251,34,100,0
1777924315.923299,2026-05-04T21:51:55.923299,31.48,10028644094,2040,6251,34,100,0
1777924315.9431224,2026-05-04T21:51:55.943122,31.672,10028644094,2040,6251,35,100,0
1777924315.9623113,2026-05-04T21:51:55.962311,31.672,10028644094,2040,6251,35,100,0
1777924315.9827888,2026-05-04T21:51:55.982789,31.672,10028644094,2040,6251,35,100,0
1777924316.0013237,2026-05-04T21:51:56.001324,31.672,10028647594,2040,6251,35,100,0
1777924316.026579,2026-05-04T21:51:56.026579,31.672,10028647594,2040,6251,35,100,0
1777924316.045013,2026-05-04T21:51:56.045013,32.057,10028647594,2040,6251,35,100,0
1777924316.0661814,2026-05-04T21:51:56.066181,32.057,10028647594,2040,6251,35,100,0
1777924316.0853639,2026-05-04T21:51:56.085364,32.057,10028647594,2040,6251,35,100,0
1777924316.1053581,2026-05-04T21:51:56.105358,32.057,10028651095,2040,6251,35,100,0
1777924316.1236603,2026-05-04T21:51:56.123660,32.057,10028651095,2040,6251,35,100,0
1777924316.142353,2026-05-04T21:51:56.142353,32.42,10028651095,2040,6251,35,100,0
1777924316.1649687,2026-05-04T21:51:56.164969,32.42,10028651095,2040,6251,35,100,0
1777924316.1856825,2026-05-04T21:51:56.185683,32.42,10028651095,2040,6251,35,100,0
1777924316.206682,2026-05-04T21:51:56.206682,32.42,10028654593,2040,6251,35,100,0
1777924316.2265894,2026-05-04T21:51:56.226589,32.42,10028654593,2040,6251,35,100,0
1777924316.2471118,2026-05-04T21:51:56.247112,32.797,10028654593,2040,6251,35,100,0
1777924316.264544,2026-05-04T21:51:56.264544,32.797,10028654593,2040,6251,35,100,0
1777924316.284543,2026-05-04T21:51:56.284543,32.797,10028654593,2040,6251,35,100,0
1777924316.3021157,2026-05-04T21:51:56.302116,32.797,10028658103,2040,6251,35,100,0
1777924316.3234956,2026-05-04T21:51:56.323496,32.797,10028658103,2040,6251,35,100,0
1777924316.3439307,2026-05-04T21:51:56.343931,33.169,10028658103,2040,6251,35,100,0
1777924316.3657315,2026-05-04T21:51:56.365731,33.169,10028658103,2040,6251,35,100,0
1777924316.381703,2026-05-04T21:51:56.381703,33.169,10028658103,2040,6251,35,100,0
1777924316.4016109,2026-05-04T21:51:56.401611,33.169,10028661614,2040,6251,35,100,0
1777924316.4225044,2026-05-04T21:51:56.422504,33.169,10028661614,2040,6251,35,100,0
1777924316.4427712,2026-05-04T21:51:56.442771,33.536,10028661614,2040,6251,35,100,0
1777924316.462174,2026-05-04T21:51:56.462174,33.536,10028661614,2040,6251,35,100,0
1777924316.4832602,2026-05-04T21:51:56.483260,33.536,10028661614,2040,6251,35,100,0
1777924316.50349,2026-05-04T21:51:56.503490,33.536,10028665113,2040,6251,35,100,0
1777924316.5221252,2026-05-04T21:51:56.522125,33.536,10028665113,2040,6251,35,100,0
1777924316.5427144,2026-05-04T21:51:56.542714,33.898,10028665113,2040,6251,35,100,0
1777924316.566426,2026-05-04T21:51:56.566426,33.898,10028665113,2040,6251,35,100,0
1777924316.5864468,2026-05-04T21:51:56.586447,33.898,10028665113,2040,6251,35,100,0
1777924316.60785,2026-05-04T21:51:56.607850,33.898,10028668619,2040,6251,35,100,0
1777924316.6286936,2026-05-04T21:51:56.628694,33.898,10028668619,2040,6251,35,100,0
1777924316.6478102,2026-05-04T21:51:56.647810,34.265,10028668619,2040,6251,35,100,0
1777924316.6679447,2026-05-04T21:51:56.667945,34.265,10028668619,2040,6251,35,100,0
1777924316.6870892,2026-05-04T21:51:56.687089,34.265,10028668619,2040,6251,35,100,0
1777924316.7074757,2026-05-04T21:51:56.707476,34.265,10028672120,2040,6251,35,100,0
1777924316.7271278,2026-05-04T21:51:56.727128,34.265,10028672120,2040,6251,35,100,0
1777924316.7477882,2026-05-04T21:51:56.747788,34.647,10028672120,2040,6251,35,100,0
1777924316.7666726,2026-05-04T21:51:56.766673,34.647,10028672120,2040,6251,35,100,0
1777924316.7861025,2026-05-04T21:51:56.786103,34.647,10028672120,2040,6251,35,100,0
1777924316.8043,2026-05-04T21:51:56.804300,34.647,10028675631,2040,6251,35,100,0
1777924316.8242989,2026-05-04T21:51:56.824299,34.647,10028675631,2040,6251,35,100,0
1777924316.844206,2026-05-04T21:51:56.844206,35.049,10028675631,2040,6251,35,100,0
1777924316.8701313,2026-05-04T21:51:56.870131,35.049,10028675631,2040,6251,35,100,0
1777924316.8828013,2026-05-04T21:51:56.882801,35.049,10028675631,2040,6251,35,100,0
1777924316.898303,2026-05-04T21:51:56.898303,35.049,10028679206,2040,6251,35,100,0
1777924316.9114838,2026-05-04T21:51:56.911484,35.049,10028679206,2040,6251,35,100,0
1777924316.924288,2026-05-04T21:51:56.924288,35.049,10028679206,2040,6251,35,100,0
1777924316.938051,2026-05-04T21:51:56.938051,35.049,10028679206,2040,6251,35,100,0
1777924316.95096,2026-05-04T21:51:56.950960,35.428,10028679206,2040,6251,35,100,1
1777924316.9637766,2026-05-04T21:51:56.963777,35.428,10028679206,2040,6251,35,100,1
1777924316.9779892,2026-05-04T21:51:56.977989,35.428,10028679206,2040,6251,35,100,1
1777924316.9906185,2026-05-04T21:51:56.990618,35.428,10028679206,2040,6251,35,100,1
1777924317.0033808,2026-05-04T21:51:57.003381,35.428,10028683143,2040,6251,35,100,1
1777924317.0210059,2026-05-04T21:51:57.021006,35.428,10028683143,2040,6251,35,100,1
1777924317.0336425,2026-05-04T21:51:57.033643,35.428,10028683143,2040,6251,35,100,1
1777924317.0464244,2026-05-04T21:51:57.046424,35.917,10028683143,2040,6251,35,100,1
1777924317.0591302,2026-05-04T21:51:57.059130,35.917,10028683143,2040,6251,35,100,1
1777924317.0717294,2026-05-04T21:51:57.071729,35.917,10028683143,2040,6251,35,100,1
1777924317.0844965,2026-05-04T21:51:57.084496,35.917,10028683143,2040,6251,35,100,1
1777924317.0980306,2026-05-04T21:51:57.098031,35.917,10028687242,2040,6251,35,100,1
1777924317.1113744,2026-05-04T21:51:57.111374,35.917,10028687242,2040,6251,35,100,1
1777924317.1240633,2026-05-04T21:51:57.124063,35.917,10028687242,2040,6251,35,100,1
1777924317.1379976,2026-05-04T21:51:57.137998,35.917,10028687242,2040,6251,35,100,1
1777924317.1506443,2026-05-04T21:51:57.150644,36.587,10028687242,2040,6251,35,100,3
1777924317.163438,2026-05-04T21:51:57.163438,36.587,10028687242,2040,6251,35,100,3
1777924317.1780713,2026-05-04T21:51:57.178071,36.587,10028687242,2040,6251,35,100,3
1777924317.1905067,2026-05-04T21:51:57.190507,36.587,10028687242,2040,6251,35,100,3
1777924317.2031558,2026-05-04T21:51:57.203156,36.587,10028690873,2040,6251,35,100,3
1777924317.220611,2026-05-04T21:51:57.220611,36.587,10028690873,2040,6251,35,100,3
1777924317.2331195,2026-05-04T21:51:57.233119,36.587,10028690873,2040,6251,35,100,3
1777924317.2458034,2026-05-04T21:51:57.245803,36.066,10028690873,2040,6251,36,100,3
1777924317.258389,2026-05-04T21:51:57.258389,36.066,10028690873,2040,6251,36,100,3
1777924317.270908,2026-05-04T21:51:57.270908,36.066,10028690873,2040,6251,36,100,3
1777924317.2835648,2026-05-04T21:51:57.283565,36.066,10028690873,2040,6251,36,100,3
1777924317.2978692,2026-05-04T21:51:57.297869,36.066,10028693953,2040,6251,36,100,3
1777924317.3112764,2026-05-04T21:51:57.311276,36.066,10028693953,2040,6251,36,100,3
1777924317.3238606,2026-05-04T21:51:57.323861,36.066,10028693953,2040,6251,36,100,3
1777924317.3378174,2026-05-04T21:51:57.337817,36.066,10028693953,2040,6251,36,100,3
1777924317.3505738,2026-05-04T21:51:57.350574,35.727,10028693953,2040,6251,35,100,0
1777924317.3632932,2026-05-04T21:51:57.363293,35.727,10028693953,2040,6251,35,100,0
1777924317.3778465,2026-05-04T21:51:57.377846,35.727,10028693953,2040,6251,35,100,0
1777924317.3903873,2026-05-04T21:51:57.390387,35.727,10028693953,2040,6251,35,100,0
1777924317.4030015,2026-05-04T21:51:57.403002,35.727,10028697039,2040,6251,35,100,0
1777924317.420692,2026-05-04T21:51:57.420692,35.727,10028697039,2040,6251,35,100,0
1777924317.4332128,2026-05-04T21:51:57.433213,35.727,10028697039,2040,6251,35,100,0
1777924317.445825,2026-05-04T21:51:57.445825,35.301,10028697039,2040,6251,35,100,0
1777924317.4584496,2026-05-04T21:51:57.458450,35.301,10028697039,2040,6251,35,100,0
1777924317.4709592,2026-05-04T21:51:57.470959,35.301,10028697039,2040,6251,35,100,0
1777924317.483531,2026-05-04T21:51:57.483531,35.301,10028697039,2040,6251,35,100,0
1777924317.4978263,2026-05-04T21:51:57.497826,35.301,10028700134,2040,6251,35,100,0
1777924317.5112257,2026-05-04T21:51:57.511226,35.301,10028700134,2040,6251,35,100,0
1777924317.5240045,2026-05-04T21:51:57.524004,35.301,10028700134,2040,6251,35,100,0
1777924317.5377426,2026-05-04T21:51:57.537743,35.301,10028700134,2040,6251,35,100,0
1777924317.550254,2026-05-04T21:51:57.550254,34.925,10028700134,2040,6251,35,100,0
1777924317.5629382,2026-05-04T21:51:57.562938,34.925,10028700134,2040,6251,35,100,0
1777924317.5777438,2026-05-04T21:51:57.577744,34.925,10028700134,2040,6251,35,100,0
1777924317.590284,2026-05-04T21:51:57.590284,34.925,10028700134,2040,6251,35,100,0
1777924317.6027977,2026-05-04T21:51:57.602798,34.925,10028703232,2040,6251,35,100,0
1777924317.6207073,2026-05-04T21:51:57.620707,34.925,10028703232,2040,6251,35,100,0
1777924317.6332064,2026-05-04T21:51:57.633206,34.925,10028703232,2040,6251,35,100,0
1777924317.645797,2026-05-04T21:51:57.645797,34.571,10028703232,2040,6251,35,100,0
1777924317.658436,2026-05-04T21:51:57.658436,34.571,10028703232,2040,6251,35,100,0
1777924317.6709874,2026-05-04T21:51:57.670987,34.571,10028703232,2040,6251,35,100,0
1777924317.6837704,2026-05-04T21:51:57.683770,34.571,10028703232,2040,6251,35,100,0
1777924317.6977336,2026-05-04T21:51:57.697734,34.571,10028706321,2040,6251,35,100,0
1777924317.711087,2026-05-04T21:51:57.711087,34.571,10028706321,2040,6251,35,100,0
1777924317.7236252,2026-05-04T21:51:57.723625,34.571,10028706321,2040,6251,35,100,0
1777924317.7379477,2026-05-04T21:51:57.737948,34.571,10028706321,2040,6251,35,100,0
1777924317.750351,2026-05-04T21:51:57.750351,34.095,10028706321,2040,6251,35,100,0
1777924317.7629426,2026-05-04T21:51:57.762943,34.095,10028706321,2040,6251,35,100,0
1777924317.7778044,2026-05-04T21:51:57.777804,34.095,10028706321,2040,6251,35,100,0
1777924317.7901962,2026-05-04T21:51:57.790196,34.095,10028706321,2040,6251,35,100,0
1777924317.8026729,2026-05-04T21:51:57.802673,34.095,10028709399,2040,6251,35,100,0
1777924317.8206306,2026-05-04T21:51:57.820631,34.095,10028709399,2040,6251,35,100,0
1777924317.842197,2026-05-04T21:51:57.842197,34.095,10028709399,2040,6251,35,100,0
1777924317.86407,2026-05-04T21:51:57.864070,33.79,10028709399,2040,6251,35,100,0
1777924317.882216,2026-05-04T21:51:57.882216,33.79,10028709399,2040,6251,35,100,0
1777924317.902276,2026-05-04T21:51:57.902276,33.79,10028712784,2040,6251,35,100,0
1777924317.9196322,2026-05-04T21:51:57.919632,33.79,10028712784,2040,6251,35,100,0
1777924317.9418845,2026-05-04T21:51:57.941885,33.79,10028712784,2040,6251,35,100,0
1777924317.9609733,2026-05-04T21:51:57.960973,33.779,10028712784,2040,6251,35,100,0
1777924317.9803483,2026-05-04T21:51:57.980348,33.779,10028712784,2040,6251,35,100,0
1777924318.0004933,2026-05-04T21:51:58.000493,33.779,10028716298,2040,6251,35,100,0
1777924318.0246968,2026-05-04T21:51:58.024697,33.779,10028716298,2040,6251,35,100,0
1777924318.0427315,2026-05-04T21:51:58.042732,33.779,10028716298,2040,6251,35,100,0
1777924318.064731,2026-05-04T21:51:58.064731,33.502,10028716298,2040,6251,35,100,0
1777924318.0862067,2026-05-04T21:51:58.086207,33.502,10028716298,2040,6251,35,100,0
1777924318.1055045,2026-05-04T21:51:58.105505,33.502,10028719802,2040,6251,35,100,0
1777924318.1252878,2026-05-04T21:51:58.125288,33.502,10028719802,2040,6251,35,100,0
1777924318.142477,2026-05-04T21:51:58.142477,33.502,10028719802,2040,6251,35,100,0
1777924318.1624353,2026-05-04T21:51:58.162435,32.98,10028719802,2040,6251,35,100,0
1777924318.1813126,2026-05-04T21:51:58.181313,32.98,10028719802,2040,6251,35,100,0
1777924318.2007613,2026-05-04T21:51:58.200761,32.98,10028723300,2040,6251,35,100,0
1777924318.2231965,2026-05-04T21:51:58.223197,32.98,10028723300,2040,6251,35,100,0
1777924318.2422907,2026-05-04T21:51:58.242291,32.98,10028723300,2040,6251,35,100,0
1777924318.2617455,2026-05-04T21:51:58.261745,32.454,10028723300,2040,6251,35,100,0
1777924318.2806342,2026-05-04T21:51:58.280634,32.454,10028723300,2040,6251,35,100,0
1777924318.3019114,2026-05-04T21:51:58.301911,32.454,10028726799,2040,6251,35,100,0
1777924318.3217723,2026-05-04T21:51:58.321772,32.454,10028726799,2040,6251,35,100,0
1777924318.3406413,2026-05-04T21:51:58.340641,32.454,10028726799,2040,6251,35,100,0
1777924318.3625772,2026-05-04T21:51:58.362577,32.847,10028726799,2040,6251,35,100,0
1777924318.3810096,2026-05-04T21:51:58.381010,32.847,10028726799,2040,6251,35,100,0
1777924318.401374,2026-05-04T21:51:58.401374,32.847,10028730303,2040,6251,35,100,0
1777924318.4261477,2026-05-04T21:51:58.426148,32.847,10028730303,2040,6251,35,100,0
1777924318.4459863,2026-05-04T21:51:58.445986,32.847,10028730303,2040,6251,35,100,0
1777924318.4652312,2026-05-04T21:51:58.465231,33.235,10028730303,2040,6251,35,100,0
1777924318.4846385,2026-05-04T21:51:58.484638,33.235,10028730303,2040,6251,35,100,0
1777924318.5060048,2026-05-04T21:51:58.506005,33.235,10028733803,2040,6251,35,100,0
1777924318.5265322,2026-05-04T21:51:58.526532,33.235,10028733803,2040,6251,35,100,0
1777924318.5392585,2026-05-04T21:51:58.539258,33.235,10028733803,2040,6251,35,100,0
1777924318.5518477,2026-05-04T21:51:58.551848,33.235,10028733803,2040,6251,35,100,0
1777924318.5645874,2026-05-04T21:51:58.564587,33.601,10028733803,2040,6251,35,100,0
1777924318.5778048,2026-05-04T21:51:58.577805,33.601,10028733803,2040,6251,35,100,0
1777924318.5904565,2026-05-04T21:51:58.590456,33.601,10028733803,2040,6251,35,100,0
1777924318.603233,2026-05-04T21:51:58.603233,33.601,10028737560,2040,6251,35,100,0
1777924318.618274,2026-05-04T21:51:58.618274,33.601,10028737560,2040,6251,35,100,0
1777924318.6308708,2026-05-04T21:51:58.630871,33.601,10028737560,2040,6251,35,100,0
1777924318.6452677,2026-05-04T21:51:58.645268,33.601,10028737560,2040,6251,35,100,0
1777924318.6580732,2026-05-04T21:51:58.658073,34.403,10028737560,2040,6251,35,100,0
1777924318.670795,2026-05-04T21:51:58.670795,34.403,10028737560,2040,6251,35,100,0
1777924318.6834803,2026-05-04T21:51:58.683480,34.403,10028737560,2040,6251,35,100,0
1777924318.6974783,2026-05-04T21:51:58.697478,34.403,10028741657,2040,6251,35,100,0
1777924318.710916,2026-05-04T21:51:58.710916,34.403,10028741657,2040,6251,35,100,0
1777924318.7235684,2026-05-04T21:51:58.723568,34.403,10028741657,2040,6251,35,100,0
1777924318.737342,2026-05-04T21:51:58.737342,34.403,10028741657,2040,6251,35,100,0
1777924318.7498846,2026-05-04T21:51:58.749885,34.403,10028741657,2040,6251,35,100,0
1777924318.762465,2026-05-04T21:51:58.762465,35.31,10028741657,2040,6251,35,100,3
1777924318.777381,2026-05-04T21:51:58.777381,35.31,10028741657,2040,6251,35,100,3
1777924318.789889,2026-05-04T21:51:58.789889,35.31,10028741657,2040,6251,35,100,3
1777924318.8024888,2026-05-04T21:51:58.802489,35.31,10028744860,2040,6251,35,100,3
1777924318.8180723,2026-05-04T21:51:58.818072,35.31,10028744860,2040,6251,35,100,3
1777924318.8306332,2026-05-04T21:51:58.830633,35.31,10028744860,2040,6251,35,100,3
1777924318.8448153,2026-05-04T21:51:58.844815,35.31,10028744860,2040,6251,35,100,3
1777924318.8577738,2026-05-04T21:51:58.857774,35.291,10028744860,2040,6251,35,100,3
1777924318.8703985,2026-05-04T21:51:58.870399,35.291,10028744860,2040,6251,35,100,3
1777924318.8830671,2026-05-04T21:51:58.883067,35.291,10028744860,2040,6251,35,100,3
1777924318.8973916,2026-05-04T21:51:58.897392,35.291,10028747953,2040,6251,35,100,3
1777924318.9107563,2026-05-04T21:51:58.910756,35.291,10028747953,2040,6251,35,100,3
1777924318.9234555,2026-05-04T21:51:58.923455,35.291,10028747953,2040,6251,35,100,3
1777924318.9373188,2026-05-04T21:51:58.937319,35.291,10028747953,2040,6251,35,100,3
1777924318.94979,2026-05-04T21:51:58.949790,35.291,10028747953,2040,6251,35,100,3
1777924318.962317,2026-05-04T21:51:58.962317,35.335,10028747953,2040,6251,35,100,0
1777924318.9774327,2026-05-04T21:51:58.977433,35.335,10028747953,2040,6251,35,100,0
1777924318.9899576,2026-05-04T21:51:58.989958,35.335,10028747953,2040,6251,35,100,0
1777924319.0025854,2026-05-04T21:51:59.002585,35.335,10028751047,2040,6251,35,100,0
1777924319.0180137,2026-05-04T21:51:59.018014,35.335,10028751047,2040,6251,35,100,0
1777924319.030481,2026-05-04T21:51:59.030481,35.335,10028751047,2040,6251,35,100,0
1777924319.043097,2026-05-04T21:51:59.043097,35.335,10028751047,2040,6251,35,100,0
1777924319.0573056,2026-05-04T21:51:59.057306,34.944,10028751047,2040,6251,35,100,0
1777924319.0698743,2026-05-04T21:51:59.069874,34.944,10028751047,2040,6251,35,100,0
1777924319.0824869,2026-05-04T21:51:59.082487,34.944,10028751047,2040,6251,35,100,0
1777924319.0974042,2026-05-04T21:51:59.097404,34.944,10028754130,2040,6251,35,100,0
1777924319.1106946,2026-05-04T21:51:59.110695,34.944,10028754130,2040,6251,35,100,0
1777924319.1232395,2026-05-04T21:51:59.123240,34.944,10028754130,2040,6251,35,100,0
1777924319.1373987,2026-05-04T21:51:59.137399,34.944,10028754130,2040,6251,35,100,0
1777924319.1546235,2026-05-04T21:51:59.154624,34.944,10028754130,2040,6251,35,100,0
1777924319.1715913,2026-05-04T21:51:59.171591,34.496,10028754130,2040,6251,35,100,0
1777924319.1937387,2026-05-04T21:51:59.193739,34.496,10028754130,2040,6251,35,100,0
1777924319.2113113,2026-05-04T21:51:59.211311,34.496,10028757505,2040,6251,35,100,0
1777924319.2287774,2026-05-04T21:51:59.228777,34.496,10028757505,2040,6251,35,100,0
1777924319.2467022,2026-05-04T21:51:59.246702,34.496,10028757505,2040,6251,35,100,0
1777924319.265299,2026-05-04T21:51:59.265299,34.489,10028757505,2040,6251,35,100,0
1777924319.2892268,2026-05-04T21:51:59.289227,34.489,10028757505,2040,6251,35,100,0
1777924319.3067987,2026-05-04T21:51:59.306799,34.489,10028760944,2040,6251,35,100,0
1777924319.3223414,2026-05-04T21:51:59.322341,34.489,10028760944,2040,6251,35,100,0
1777924319.341299,2026-05-04T21:51:59.341299,34.489,10028760944,2040,6251,35,100,0
1777924319.3597481,2026-05-04T21:51:59.359748,34.489,10028760944,2040,6251,35,100,0
1777924319.3803172,2026-05-04T21:51:59.380317,34.541,10028760944,2040,6251,35,100,0
1777924319.4017699,2026-05-04T21:51:59.401770,34.541,10028764452,2040,6251,35,100,0
1777924319.4214196,2026-05-04T21:51:59.421420,34.541,10028764452,2040,6251,35,100,0
1777924319.4409118,2026-05-04T21:51:59.440912,34.541,10028764452,2040,6251,35,100,0
1777924319.4605951,2026-05-04T21:51:59.460595,34.541,10028764452,2040,6251,35,100,0
1777924319.481353,2026-05-04T21:51:59.481353,34.551,10028764452,2040,6251,35,100,0
1777924319.5005293,2026-05-04T21:51:59.500529,34.551,10028767961,2040,6251,35,100,0
1777924319.5188284,2026-05-04T21:51:59.518828,34.551,10028767961,2040,6251,35,100,0
1777924319.5404913,2026-05-04T21:51:59.540491,34.551,10028767961,2040,6251,35,100,0
1777924319.5605476,2026-05-04T21:51:59.560548,34.551,10028767961,2040,6251,35,100,0
1777924319.5731122,2026-05-04T21:51:59.573112,34.544,10028767961,2040,6251,35,100,0
1777924319.5859504,2026-05-04T21:51:59.585950,34.544,10028767961,2040,6251,35,100,0
1777924319.5986805,2026-05-04T21:51:59.598680,34.544,10028771587,2040,6251,35,100,0
1777924319.612127,2026-05-04T21:51:59.612127,34.544,10028771587,2040,6251,35,100,0
1777924319.6248899,2026-05-04T21:51:59.624890,34.544,10028771587,2040,6251,35,100,0
1777924319.6376474,2026-05-04T21:51:59.637647,34.544,10028771587,2040,6251,35,100,0
1777924319.6504035,2026-05-04T21:51:59.650403,34.544,10028771587,2040,6251,35,100,0
1777924319.663153,2026-05-04T21:51:59.663153,34.544,10028771587,2040,6251,35,100,0
1777924319.6772747,2026-05-04T21:51:59.677275,34.915,10028771587,2040,6251,35,100,0
1777924319.6897652,2026-05-04T21:51:59.689765,34.915,10028771587,2040,6251,35,100,0
1777924319.7022066,2026-05-04T21:51:59.702207,34.915,10028775352,2040,6251,35,100,0
1777924319.7172067,2026-05-04T21:51:59.717207,34.915,10028775352,2040,6251,35,100,0
1777924319.7296848,2026-05-04T21:51:59.729685,34.915,10028775352,2040,6251,35,100,0
1777924319.7433743,2026-05-04T21:51:59.743374,34.915,10028775352,2040,6251,35,100,0
1777924319.7573156,2026-05-04T21:51:59.757316,34.915,10028775352,2040,6251,35,100,0
1777924319.7698963,2026-05-04T21:51:59.769896,34.915,10028775352,2040,6251,35,100,0
1777924319.7824447,2026-05-04T21:51:59.782445,34.089,10028775352,2040,6251,35,100,2
1777924319.7970958,2026-05-04T21:51:59.797096,34.089,10028778422,2040,6251,35,100,2
1777924319.810451,2026-05-04T21:51:59.810451,34.089,10028778422,2040,6251,35,100,2
1777924319.8230643,2026-05-04T21:51:59.823064,34.089,10028778422,2040,6251,35,100,2
1777924319.8374112,2026-05-04T21:51:59.837411,34.089,10028778422,2040,6251,35,100,2
1777924319.8499653,2026-05-04T21:51:59.849965,34.089,10028778422,2040,6251,35,100,2
1777924319.8625183,2026-05-04T21:51:59.862518,34.089,10028778422,2040,6251,35,100,2
1777924319.8771338,2026-05-04T21:51:59.877134,33.39,10028778422,2040,6251,35,100,2
1777924319.8895574,2026-05-04T21:51:59.889557,33.39,10028778422,2040,6251,35,100,2
1777924319.9019585,2026-05-04T21:51:59.901958,33.39,10028781489,2040,6251,35,100,2
1777924319.9201577,2026-05-04T21:51:59.920158,33.39,10028781489,2040,6251,35,100,2
1777924319.9402194,2026-05-04T21:51:59.940219,33.39,10028781489,2040,6251,35,100,2
1777924319.9593625,2026-05-04T21:51:59.959363,33.39,10028781489,2040,6251,35,100,2
1777924319.9799407,2026-05-04T21:51:59.979941,33.289,10028781489,2040,6251,35,100,0
1777924319.999965,2026-05-04T21:51:59.999965,33.289,10028784964,2040,6251,35,100,0
1777924320.0217447,2026-05-04T21:52:00.021745,33.289,10028784964,2040,6251,35,100,0
1777924320.0385559,2026-05-04T21:52:00.038556,33.289,10028784964,2040,6251,35,100,0
1777924320.0549257,2026-05-04T21:52:00.054926,33.289,10028784964,2040,6251,35,100,0
1777924320.0721161,2026-05-04T21:52:00.072116,33.289,10028784964,2040,6251,35,100,0
1777924320.0900285,2026-05-04T21:52:00.090029,33.66,10028784964,2040,6251,35,100,0
1777924320.102832,2026-05-04T21:52:00.102832,33.66,10028788476,2040,6251,35,100,0
1777924320.117499,2026-05-04T21:52:00.117499,33.66,10028788476,2040,6251,35,100,0
1777924320.129946,2026-05-04T21:52:00.129946,33.66,10028788476,2040,6251,35,100,0
1777924320.144343,2026-05-04T21:52:00.144343,33.66,10028788476,2040,6251,35,100,0
1777924320.1571321,2026-05-04T21:52:00.157132,33.66,10028788476,2040,6251,35,100,0
1777924320.1694276,2026-05-04T21:52:00.169428,33.66,10028788476,2040,6251,35,100,0
1777924320.1820095,2026-05-04T21:52:00.182009,34.132,10028788476,2040,6251,35,100,1
1777924320.196955,2026-05-04T21:52:00.196955,34.132,10028791953,2040,6251,35,100,1
1777924320.2104046,2026-05-04T21:52:00.210405,34.132,10028791953,2040,6251,35,100,1
1777924320.2229824,2026-05-04T21:52:00.222982,34.132,10028791953,2040,6251,35,100,1
1777924320.2368753,2026-05-04T21:52:00.236875,34.132,10028791953,2040,6251,35,100,1
1777924320.2495012,2026-05-04T21:52:00.249501,34.132,10028791953,2040,6251,35,100,1
1777924320.2682056,2026-05-04T21:52:00.268206,34.132,10028791953,2040,6251,35,100,1
1777924320.288821,2026-05-04T21:52:00.288821,34.105,10028791953,2040,6251,35,100,1
1777924320.3085284,2026-05-04T21:52:00.308528,34.105,10028795171,2040,6251,35,100,1
1777924320.321241,2026-05-04T21:52:00.321241,34.105,10028795171,2040,6251,35,100,1
1777924320.3368454,2026-05-04T21:52:00.336845,34.105,10028795171,2040,6251,35,100,1
1777924320.3493655,2026-05-04T21:52:00.349365,34.105,10028795171,2040,6251,35,100,1
1777924320.3621256,2026-05-04T21:52:00.362126,34.105,10028795171,2040,6251,35,100,1
1777924320.3770044,2026-05-04T21:52:00.377004,34.105,10028795171,2040,6251,35,100,1
1777924320.3895984,2026-05-04T21:52:00.389598,34.078,10028795171,2040,6251,35,100,0
1777924320.402426,2026-05-04T21:52:00.402426,34.078,10028798386,2040,6251,35,100,0
1777924320.4200196,2026-05-04T21:52:00.420020,34.078,10028798386,2040,6251,35,100,0
1777924320.432636,2026-05-04T21:52:00.432636,34.078,10028798386,2040,6251,35,100,0
1777924320.4452832,2026-05-04T21:52:00.445283,34.078,10028798386,2040,6251,35,100,0
1777924320.4578993,2026-05-04T21:52:00.457899,34.078,10028798386,2040,6251,35,100,0
1777924320.470331,2026-05-04T21:52:00.470331,34.078,10028798386,2040,6251,35,100,0
1777924320.4829159,2026-05-04T21:52:00.482916,33.656,10028798386,2040,6251,34,100,0
1777924320.496896,2026-05-04T21:52:00.496896,33.656,10028801412,2040,6251,34,100,0
1777924320.5102763,2026-05-04T21:52:00.510276,33.656,10028801412,2040,6251,34,100,0
1777924320.5229638,2026-05-04T21:52:00.522964,33.656,10028801412,2040,6251,34,100,0
1777924320.537184,2026-05-04T21:52:00.537184,33.656,10028801412,2040,6251,34,100,0
1777924320.5496356,2026-05-04T21:52:00.549636,33.656,10028801412,2040,6251,34,100,0
1777924320.5620685,2026-05-04T21:52:00.562068,33.656,10028801412,2040,6251,34,100,0
1777924320.5768757,2026-05-04T21:52:00.576876,33.656,10028801412,2040,6251,34,100,0
1777924320.589473,2026-05-04T21:52:00.589473,33.038,10028801412,2040,6251,35,38,5
1777924320.6021986,2026-05-04T21:52:00.602199,33.038,10028804974,2040,6251,35,38,5
1777924320.6199532,2026-05-04T21:52:00.619953,33.038,10028804974,2040,6251,35,38,5
1777924320.6325996,2026-05-04T21:52:00.632600,33.038,10028804974,2040,6251,35,38,5
1777924320.6453953,2026-05-04T21:52:00.645395,33.038,10028804974,2040,6251,35,38,5
1777924320.6581433,2026-05-04T21:52:00.658143,33.038,10028804974,2040,6251,35,38,5
1777924320.6706505,2026-05-04T21:52:00.670650,33.038,10028804974,2040,6251,35,38,5
1777924320.6833963,2026-05-04T21:52:00.683396,33.541,10028804974,2040,6251,35,38,5
1777924320.696874,2026-05-04T21:52:00.696874,33.541,10028808902,2040,6251,35,38,5
1777924320.7103152,2026-05-04T21:52:00.710315,33.541,10028808902,2040,6251,35,38,5
1777924320.723061,2026-05-04T21:52:00.723061,33.541,10028808902,2040,6251,35,38,5
1777924320.736849,2026-05-04T21:52:00.736849,33.541,10028808902,2040,6251,35,38,5
1777924320.7494683,2026-05-04T21:52:00.749468,33.541,10028808902,2040,6251,35,38,5
1777924320.7622228,2026-05-04T21:52:00.762223,33.541,10028808902,2040,6251,35,38,5
1777924320.7768312,2026-05-04T21:52:00.776831,33.541,10028808902,2040,6251,35,38,5
1777924320.7894573,2026-05-04T21:52:00.789457,34.015,10028808902,2040,6251,35,100,2
1777924320.8023102,2026-05-04T21:52:00.802310,34.015,10028813030,2040,6251,35,100,2
1777924320.8187673,2026-05-04T21:52:00.818767,34.015,10028813030,2040,6251,35,100,2
1777924320.8314974,2026-05-04T21:52:00.831497,34.015,10028813030,2040,6251,35,100,2
1777924320.8443081,2026-05-04T21:52:00.844308,34.015,10028813030,2040,6251,35,100,2
1777924320.8569615,2026-05-04T21:52:00.856961,34.015,10028813030,2040,6251,35,100,2
1777924320.86957,2026-05-04T21:52:00.869570,34.015,10028813030,2040,6251,35,100,2
1777924320.8823235,2026-05-04T21:52:00.882324,34.674,10028813030,2040,6251,36,100,2
1777924320.8967984,2026-05-04T21:52:00.896798,34.674,10028817154,2040,6251,36,100,2
1777924320.9102347,2026-05-04T21:52:00.910235,34.674,10028817154,2040,6251,36,100,2
1777924320.9229283,2026-05-04T21:52:00.922928,34.674,10028817154,2040,6251,36,100,2
1777924320.93683,2026-05-04T21:52:00.936830,34.674,10028817154,2040,6251,36,100,2
1777924320.949474,2026-05-04T21:52:00.949474,34.674,10028817154,2040,6251,36,100,2
1777924320.9622118,2026-05-04T21:52:00.962212,34.674,10028817154,2040,6251,36,100,2
1777924320.9768069,2026-05-04T21:52:00.976807,34.674,10028817154,2040,6251,36,100,2
1777924320.989404,2026-05-04T21:52:00.989404,36.015,10028817154,2040,6251,36,100,3
1777924321.0022504,2026-05-04T21:52:01.002250,36.015,10028821287,2040,6251,36,100,3
1777924321.0195959,2026-05-04T21:52:01.019596,36.015,10028821287,2040,6251,36,100,3
1777924321.032129,2026-05-04T21:52:01.032129,36.015,10028821287,2040,6251,36,100,3
1777924321.0447943,2026-05-04T21:52:01.044794,36.015,10028821287,2040,6251,36,100,3
1777924321.0575318,2026-05-04T21:52:01.057532,36.015,10028821287,2040,6251,36,100,3
1777924321.0700212,2026-05-04T21:52:01.070021,36.015,10028821287,2040,6251,36,100,3
1777924321.082855,2026-05-04T21:52:01.082855,36.476,10028821287,2040,6251,36,100,3
1777924321.097067,2026-05-04T21:52:01.097067,36.476,10028825417,2040,6251,36,100,3
1777924321.1100664,2026-05-04T21:52:01.110066,36.476,10028825417,2040,6251,36,100,3
1777924321.122824,2026-05-04T21:52:01.122824,36.476,10028825417,2040,6251,36,100,3
1777924321.1367912,2026-05-04T21:52:01.136791,36.476,10028825417,2040,6251,36,100,3
1777924321.1493866,2026-05-04T21:52:01.149387,36.476,10028825417,2040,6251,36,100,3
1777924321.1620057,2026-05-04T21:52:01.162006,36.476,10028825417,2040,6251,36,100,3
1777924321.176735,2026-05-04T21:52:01.176735,36.476,10028825417,2040,6251,36,100,3
1777924321.1893146,2026-05-04T21:52:01.189315,37.107,10028825417,2040,6251,36,100,3
1777924321.2020361,2026-05-04T21:52:01.202036,37.107,10028829538,2040,6251,36,100,3
1777924321.2195153,2026-05-04T21:52:01.219515,37.107,10028829538,2040,6251,36,100,3
1777924321.2320888,2026-05-04T21:52:01.232089,37.107,10028829538,2040,6251,36,100,3
1777924321.2447383,2026-05-04T21:52:01.244738,37.107,10028829538,2040,6251,36,100,3
1777924321.25727,2026-05-04T21:52:01.257270,37.107,10028829538,2040,6251,36,100,3
1777924321.269797,2026-05-04T21:52:01.269797,37.107,10028829538,2040,6251,36,100,3
1777924321.2824423,2026-05-04T21:52:01.282442,37.479,10028829538,2040,6251,35,100,3
1777924321.296657,2026-05-04T21:52:01.296657,37.479,10028832876,2040,6251,35,100,3
1777924321.3100462,2026-05-04T21:52:01.310046,37.479,10028832876,2040,6251,35,100,3
1777924321.3227136,2026-05-04T21:52:01.322714,37.479,10028832876,2040,6251,35,100,3
1777924321.336635,2026-05-04T21:52:01.336635,37.479,10028832876,2040,6251,35,100,3
1777924321.3493497,2026-05-04T21:52:01.349350,37.479,10028832876,2040,6251,35,100,3
1777924321.3620133,2026-05-04T21:52:01.362013,37.479,10028832876,2040,6251,35,100,3
1777924321.3768337,2026-05-04T21:52:01.376834,37.479,10028832876,2040,6251,35,100,3
1777924321.389219,2026-05-04T21:52:01.389219,37.794,10028832876,2040,6251,35,100,0
1777924321.4018886,2026-05-04T21:52:01.401889,37.794,10028835958,2040,6251,35,100,0
1777924321.4195263,2026-05-04T21:52:01.419526,37.794,10028835958,2040,6251,35,100,0
1777924321.4319592,2026-05-04T21:52:01.431959,37.794,10028835958,2040,6251,35,100,0
1777924321.4446533,2026-05-04T21:52:01.444653,37.794,10028835958,2040,6251,35,100,0
1777924321.4572263,2026-05-04T21:52:01.457226,37.794,10028835958,2040,6251,35,100,0
1777924321.469607,2026-05-04T21:52:01.469607,37.794,10028835958,2040,6251,35,100,0
1777924321.482283,2026-05-04T21:52:01.482283,37.191,10028835958,2040,6251,35,100,0
1777924321.496562,2026-05-04T21:52:01.496562,37.191,10028839059,2040,6251,35,100,0
1777924321.5099456,2026-05-04T21:52:01.509946,37.191,10028839059,2040,6251,35,100,0
1777924321.5225606,2026-05-04T21:52:01.522561,37.191,10028839059,2040,6251,35,100,0
1777924321.5365567,2026-05-04T21:52:01.536557,37.191,10028839059,2040,6251,35,100,0
1777924321.5491056,2026-05-04T21:52:01.549106,37.191,10028839059,2040,6251,35,100,0
1777924321.5617545,2026-05-04T21:52:01.561754,37.191,10028839059,2040,6251,35,100,0
1777924321.5765684,2026-05-04T21:52:01.576568,37.191,10028839059,2040,6251,35,100,0
1777924321.5891213,2026-05-04T21:52:01.589121,37.246,10028839059,2040,6251,35,100,0
1777924321.6018462,2026-05-04T21:52:01.601846,37.246,10028842162,2040,6251,35,100,0
1777924321.619338,2026-05-04T21:52:01.619338,37.246,10028842162,2040,6251,35,100,0
1777924321.631864,2026-05-04T21:52:01.631864,37.246,10028842162,2040,6251,35,100,0
1777924321.6445215,2026-05-04T21:52:01.644521,37.246,10028842162,2040,6251,35,100,0
1777924321.6570153,2026-05-04T21:52:01.657015,37.246,10028842162,2040,6251,35,100,0
1777924321.6695724,2026-05-04T21:52:01.669572,37.246,10028842162,2040,6251,35,100,0
1777924321.6822157,2026-05-04T21:52:01.682216,37.31,10028842162,2040,6251,35,100,0
1777924321.6964543,2026-05-04T21:52:01.696454,37.31,10028845260,2040,6251,35,100,0
1777924321.709928,2026-05-04T21:52:01.709928,37.31,10028845260,2040,6251,35,100,0
1777924321.7227743,2026-05-04T21:52:01.722774,37.31,10028845260,2040,6251,35,100,0
1777924321.7364392,2026-05-04T21:52:01.736439,37.31,10028845260,2040,6251,35,100,0
1777924321.7489672,2026-05-04T21:52:01.748967,37.31,10028845260,2040,6251,35,100,0
1777924321.7616308,2026-05-04T21:52:01.761631,37.31,10028845260,2040,6251,35,100,0
1777924321.7765458,2026-05-04T21:52:01.776546,37.31,10028845260,2040,6251,35,100,0
1777924321.7890618,2026-05-04T21:52:01.789062,36.622,10028845260,2040,6251,35,100,0
1777924321.8017957,2026-05-04T21:52:01.801796,36.622,10028848343,2040,6251,35,100,0
1777924321.8192205,2026-05-04T21:52:01.819221,36.622,10028848343,2040,6251,35,100,0
1777924321.831751,2026-05-04T21:52:01.831751,36.622,10028848343,2040,6251,35,100,0
1777924321.8444228,2026-05-04T21:52:01.844423,36.622,10028848343,2040,6251,35,100,0
1777924321.8570156,2026-05-04T21:52:01.857016,36.622,10028848343,2040,6251,35,100,0
1777924321.869423,2026-05-04T21:52:01.869423,36.622,10028848343,2040,6251,35,100,0
1777924321.8820887,2026-05-04T21:52:01.882089,35.7,10028848343,2040,6251,35,100,0
1777924321.8964376,2026-05-04T21:52:01.896438,35.7,10028851441,2040,6251,35,100,0
1777924321.9098687,2026-05-04T21:52:01.909869,35.7,10028851441,2040,6251,35,100,0
1777924321.9225178,2026-05-04T21:52:01.922518,35.7,10028851441,2040,6251,35,100,0
1777924321.936698,2026-05-04T21:52:01.936698,35.7,10028851441,2040,6251,35,100,0
1777924321.9492457,2026-05-04T21:52:01.949246,35.7,10028851441,2040,6251,35,100,0
1777924321.9618948,2026-05-04T21:52:01.961895,35.7,10028851441,2040,6251,35,100,0
1777924321.9763637,2026-05-04T21:52:01.976364,35.7,10028851441,2040,6251,35,100,0
1777924321.988919,2026-05-04T21:52:01.988919,34.771,10028851441,2040,6251,35,100,0
1777924322.0016546,2026-05-04T21:52:02.001655,34.771,10028854539,2040,6251,35,100,0
1777924322.0192826,2026-05-04T21:52:02.019283,34.771,10028854539,2040,6251,35,100,0
1777924322.0317366,2026-05-04T21:52:02.031737,34.771,10028854539,2040,6251,35,100,0
1777924322.0444007,2026-05-04T21:52:02.044401,34.771,10028854539,2040,6251,35,100,0
1777924322.0569859,2026-05-04T21:52:02.056986,34.771,10028854539,2040,6251,35,100,0
1777924322.0694144,2026-05-04T21:52:02.069414,34.771,10028854539,2040,6251,35,100,0
1777924322.0820844,2026-05-04T21:52:02.082084,33.801,10028854539,2040,6251,35,100,0
1777924322.096338,2026-05-04T21:52:02.096338,33.801,10028857628,2040,6251,35,100,0
1777924322.1098118,2026-05-04T21:52:02.109812,33.801,10028857628,2040,6251,35,100,0
1777924322.1224668,2026-05-04T21:52:02.122467,33.801,10028857628,2040,6251,35,100,0
1777924322.1363766,2026-05-04T21:52:02.136377,33.801,10028857628,2040,6251,35,100,0
1777924322.1489038,2026-05-04T21:52:02.148904,33.801,10028857628,2040,6251,35,100,0
1777924322.1615667,2026-05-04T21:52:02.161567,33.801,10028857628,2040,6251,35,100,0
1777924322.176268,2026-05-04T21:52:02.176268,33.801,10028857628,2040,6251,35,100,0
1777924322.1888132,2026-05-04T21:52:02.188813,32.891,10028857628,2040,6251,35,100,0
1777924322.201534,2026-05-04T21:52:02.201534,32.891,10028860711,2040,6251,35,100,0
1777924322.2182176,2026-05-04T21:52:02.218218,32.891,10028860711,2040,6251,35,100,0
1777924322.2309022,2026-05-04T21:52:02.230902,32.891,10028860711,2040,6251,35,100,0
1777924322.243549,2026-05-04T21:52:02.243549,32.891,10028860711,2040,6251,35,100,0
1777924322.2563179,2026-05-04T21:52:02.256318,32.891,10028860711,2040,6251,35,100,0
1777924322.268862,2026-05-04T21:52:02.268862,32.891,10028860711,2040,6251,35,100,0
1777924322.2814689,2026-05-04T21:52:02.281469,31.961,10028860711,2040,6251,35,100,0
1777924322.2963006,2026-05-04T21:52:02.296301,31.961,10028863805,2040,6251,35,100,0
1777924322.3097122,2026-05-04T21:52:02.309712,31.961,10028863805,2040,6251,35,100,0
1777924322.322268,2026-05-04T21:52:02.322268,31.961,10028863805,2040,6251,35,100,0
1777924322.3363643,2026-05-04T21:52:02.336364,31.961,10028863805,2040,6251,35,100,0
1777924322.3488753,2026-05-04T21:52:02.348875,31.961,10028863805,2040,6251,35,100,0
1777924322.3614013,2026-05-04T21:52:02.361401,31.961,10028863805,2040,6251,35,100,0
1777924322.3763657,2026-05-04T21:52:02.376366,31.961,10028863805,2040,6251,35,100,0
1777924322.3889048,2026-05-04T21:52:02.388905,31.047,10028863805,2040,6251,35,100,0
1777924322.401619,2026-05-04T21:52:02.401619,31.047,10028866898,2040,6251,35,100,0
1777924322.4191055,2026-05-04T21:52:02.419106,31.047,10028866898,2040,6251,35,100,0
1777924322.4316623,2026-05-04T21:52:02.431662,31.047,10028866898,2040,6251,35,100,0
1777924322.4443443,2026-05-04T21:52:02.444344,31.047,10028866898,2040,6251,35,100,0
1777924322.4568543,2026-05-04T21:52:02.456854,31.047,10028866898,2040,6251,35,100,0
1777924322.4692516,2026-05-04T21:52:02.469252,31.047,10028866898,2040,6251,35,100,0
1777924322.4819458,2026-05-04T21:52:02.481946,31.048,10028866898,2040,6251,35,100,0
1777924322.4965076,2026-05-04T21:52:02.496508,31.048,10028869996,2040,6251,35,100,0
1777924322.5097036,2026-05-04T21:52:02.509704,31.048,10028869996,2040,6251,35,100,0
1777924322.5222898,2026-05-04T21:52:02.522290,31.048,10028869996,2040,6251,35,100,0
1777924322.536267,2026-05-04T21:52:02.536267,31.048,10028869996,2040,6251,35,100,0
1777924322.548791,2026-05-04T21:52:02.548791,31.048,10028869996,2040,6251,35,100,0
1777924322.5614374,2026-05-04T21:52:02.561437,31.048,10028869996,2040,6251,35,100,0
1777924322.5762413,2026-05-04T21:52:02.576241,31.048,10028869996,2040,6251,35,100,0
1777924322.588747,2026-05-04T21:52:02.588747,31.048,10028869996,2040,6251,34,100,0
1777924322.6014683,2026-05-04T21:52:02.601468,31.048,10028873090,2040,6251,34,100,0
1777924322.6190712,2026-05-04T21:52:02.619071,31.048,10028873090,2040,6251,34,100,0
1777924322.6315956,2026-05-04T21:52:02.631596,31.048,10028873090,2040,6251,34,100,0
1777924322.6443038,2026-05-04T21:52:02.644304,31.048,10028873090,2040,6251,34,100,0
1777924322.6568353,2026-05-04T21:52:02.656835,31.048,10028873090,2040,6251,34,100,0
1777924322.6693664,2026-05-04T21:52:02.669366,31.048,10028873090,2040,6251,34,100,0
1777924322.6820407,2026-05-04T21:52:02.682041,31.041,10028873090,2040,6251,34,100,0
1777924322.6961303,2026-05-04T21:52:02.696130,31.041,10028876182,2040,6251,34,100,0
1777924322.7096896,2026-05-04T21:52:02.709690,31.041,10028876182,2040,6251,34,100,0
1777924322.7223518,2026-05-04T21:52:02.722352,31.041,10028876182,2040,6251,34,100,0
1777924322.7361205,2026-05-04T21:52:02.736120,31.041,10028876182,2040,6251,34,100,0
1777924322.748629,2026-05-04T21:52:02.748629,31.041,10028876182,2040,6251,34,100,0
1777924322.7612815,2026-05-04T21:52:02.761281,31.041,10028876182,2040,6251,34,100,0
1777924322.7763782,2026-05-04T21:52:02.776378,31.041,10028876182,2040,6251,34,100,0
1777924322.7888844,2026-05-04T21:52:02.788884,31.059,10028876182,2040,6251,34,100,0
1777924322.8015904,2026-05-04T21:52:02.801590,31.059,10028879281,2040,6251,34,100,0
1777924322.819085,2026-05-04T21:52:02.819085,31.059,10028879281,2040,6251,34,100,0
1777924322.8315415,2026-05-04T21:52:02.831542,31.059,10028879281,2040,6251,34,100,0
1777924322.8442936,2026-05-04T21:52:02.844294,31.059,10028879281,2040,6251,34,100,0
1777924322.856916,2026-05-04T21:52:02.856916,31.059,10028879281,2040,6251,34,100,0
1777924322.8693225,2026-05-04T21:52:02.869323,31.059,10028879281,2040,6251,34,100,0
1777924322.881971,2026-05-04T21:52:02.881971,31.052,10028879281,2040,6251,34,100,0
1777924322.896154,2026-05-04T21:52:02.896154,31.052,10028882373,2040,6251,34,100,0
1777924322.909513,2026-05-04T21:52:02.909513,31.052,10028882373,2040,6251,34,100,0
1777924322.9221694,2026-05-04T21:52:02.922169,31.052,10028882373,2040,6251,34,100,0
1777924322.936098,2026-05-04T21:52:02.936098,31.052,10028882373,2040,6251,34,100,0
1777924322.9486048,2026-05-04T21:52:02.948605,31.052,10028882373,2040,6251,34,100,0
1777924322.9612203,2026-05-04T21:52:02.961220,31.052,10028882373,2040,6251,34,100,0
1777924322.97606,2026-05-04T21:52:02.976060,31.052,10028882373,2040,6251,34,100,0
1777924322.9885535,2026-05-04T21:52:02.988554,31.052,10028882373,2040,6251,34,100,0
1777924323.0012026,2026-05-04T21:52:03.001203,31.052,10028885450,2040,6251,34,100,0
1777924323.0188894,2026-05-04T21:52:03.018889,31.052,10028885450,2040,6251,34,100,0
1777924323.0351832,2026-05-04T21:52:03.035183,31.052,10028885450,2040,6251,34,100,0
1777924323.0509503,2026-05-04T21:52:03.050950,31.052,10028885450,2040,6251,34,100,0
1777924323.069431,2026-05-04T21:52:03.069431,31.052,10028885450,2040,6251,34,100,0
1777924323.0887692,2026-05-04T21:52:03.088769,31.017,10028885450,2040,6251,35,100,0
1777924323.110705,2026-05-04T21:52:03.110705,31.017,10028888803,2040,6251,35,100,0
1777924323.1308515,2026-05-04T21:52:03.130852,31.017,10028888803,2040,6251,35,100,0
1777924323.1498132,2026-05-04T21:52:03.149813,31.017,10028888803,2040,6251,35,100,0
1777924323.168589,2026-05-04T21:52:03.168589,31.017,10028888803,2040,6251,35,100,0
1777924323.187289,2026-05-04T21:52:03.187289,31.377,10028888803,2040,6251,35,100,0
1777924323.2067509,2026-05-04T21:52:03.206751,31.377,10028892305,2040,6251,35,100,0
1777924323.2277753,2026-05-04T21:52:03.227775,31.377,10028892305,2040,6251,35,100,0
1777924323.2466085,2026-05-04T21:52:03.246608,31.377,10028892305,2040,6251,35,100,0
1777924323.2688143,2026-05-04T21:52:03.268814,31.377,10028892305,2040,6251,35,100,0
1777924323.2899213,2026-05-04T21:52:03.289921,31.747,10028892305,2040,6251,35,100,0
1777924323.3106322,2026-05-04T21:52:03.310632,31.747,10028895808,2040,6251,35,100,0
1777924323.3301876,2026-05-04T21:52:03.330188,31.747,10028895808,2040,6251,35,100,0
1777924323.3504026,2026-05-04T21:52:03.350403,31.747,10028895808,2040,6251,35,100,0
1777924323.3702943,2026-05-04T21:52:03.370294,31.747,10028895808,2040,6251,35,100,0
1777924323.3904572,2026-05-04T21:52:03.390457,32.118,10028895808,2040,6251,35,100,0
1777924323.4100327,2026-05-04T21:52:03.410033,32.118,10028899313,2040,6251,35,100,0
1777924323.4302692,2026-05-04T21:52:03.430269,32.118,10028899313,2040,6251,35,100,0
1777924323.4509199,2026-05-04T21:52:03.450920,32.118,10028899313,2040,6251,35,100,0
1777924323.4713686,2026-05-04T21:52:03.471369,32.118,10028899313,2040,6251,35,100,0
1777924323.4908864,2026-05-04T21:52:03.490886,32.489,10028899313,2040,6251,35,100,0
1777924323.508921,2026-05-04T21:52:03.508921,32.489,10028902823,2040,6251,35,100,0
1777924323.5288022,2026-05-04T21:52:03.528802,32.489,10028902823,2040,6251,35,100,0
1777924323.5452886,2026-05-04T21:52:03.545289,32.489,10028902823,2040,6251,35,100,0
1777924323.563618,2026-05-04T21:52:03.563618,32.489,10028902823,2040,6251,35,100,0
1777924323.5815752,2026-05-04T21:52:03.581575,32.489,10028902823,2040,6251,35,100,0
1777924323.5991077,2026-05-04T21:52:03.599108,32.866,10028906319,2040,6251,35,100,0
1777924323.620511,2026-05-04T21:52:03.620511,32.866,10028906319,2040,6251,35,100,0
1777924323.639498,2026-05-04T21:52:03.639498,32.866,10028906319,2040,6251,35,100,0
1777924323.6617439,2026-05-04T21:52:03.661744,32.866,10028906319,2040,6251,35,100,0
1777924323.6790192,2026-05-04T21:52:03.679019,32.866,10028906319,2040,6251,35,100,0
1777924323.700565,2026-05-04T21:52:03.700565,33.238,10028909831,2040,6251,35,100,0
1777924323.7181282,2026-05-04T21:52:03.718128,33.238,10028909831,2040,6251,35,100,0
1777924323.739943,2026-05-04T21:52:03.739943,33.238,10028909831,2040,6251,35,100,0
1777924323.7583706,2026-05-04T21:52:03.758371,33.238,10028909831,2040,6251,35,100,0
1777924323.7798235,2026-05-04T21:52:03.779824,33.238,10028909831,2040,6251,35,100,0
1777924323.7989993,2026-05-04T21:52:03.798999,33.623,10028913348,2040,6251,35,100,0
1777924323.8209426,2026-05-04T21:52:03.820943,33.623,10028913348,2040,6251,35,100,0
1777924323.8390243,2026-05-04T21:52:03.839024,33.623,10028913348,2040,6251,35,100,0
1777924323.8594732,2026-05-04T21:52:03.859473,33.623,10028913348,2040,6251,35,100,0
1777924323.878293,2026-05-04T21:52:03.878293,33.623,10028913348,2040,6251,35,100,0
1777924323.9001153,2026-05-04T21:52:03.900115,33.978,10028916865,2040,6251,35,100,0
1777924323.9202266,2026-05-04T21:52:03.920227,33.978,10028916865,2040,6251,35,100,0
1777924323.9401999,2026-05-04T21:52:03.940200,33.978,10028916865,2040,6251,35,100,0
1777924323.958693,2026-05-04T21:52:03.958693,33.978,10028916865,2040,6251,35,100,0
1777924323.979389,2026-05-04T21:52:03.979389,33.978,10028916865,2040,6251,35,100,0
1777924324.0000384,2026-05-04T21:52:04.000038,34.37,10028920374,2040,6251,35,100,0
1777924324.0232317,2026-05-04T21:52:04.023232,34.37,10028920374,2040,6251,35,100,0
1777924324.0416234,2026-05-04T21:52:04.041623,34.37,10028920374,2040,6251,35,100,0
1777924324.061687,2026-05-04T21:52:04.061687,34.37,10028920374,2040,6251,35,100,0
1777924324.079859,2026-05-04T21:52:04.079859,34.37,10028920374,2040,6251,35,100,0
1777924324.0994997,2026-05-04T21:52:04.099500,34.76,10028923875,2040,6251,35,100,0
1777924324.1232874,2026-05-04T21:52:04.123287,34.76,10028923875,2040,6251,35,100,0
1777924324.1437767,2026-05-04T21:52:04.143777,34.76,10028923875,2040,6251,35,100,0
1777924324.1607027,2026-05-04T21:52:04.160703,34.76,10028923875,2040,6251,35,100,0
1777924324.1813095,2026-05-04T21:52:04.181309,34.76,10028923875,2040,6251,35,100,0
1777924324.2005916,2026-05-04T21:52:04.200592,35.162,10028927374,2040,6251,35,100,0
1777924324.2205517,2026-05-04T21:52:04.220552,35.162,10028927374,2040,6251,35,100,0
1777924324.2411385,2026-05-04T21:52:04.241138,35.162,10028927374,2040,6251,35,100,0
1777924324.2585368,2026-05-04T21:52:04.258537,35.162,10028927374,2040,6251,35,100,0
1777924324.278454,2026-05-04T21:52:04.278454,35.162,10028927374,2040,6251,35,100,0
1777924324.299341,2026-05-04T21:52:04.299341,35.179,10028930873,2040,6251,35,100,0
1777924324.3195603,2026-05-04T21:52:04.319560,35.179,10028930873,2040,6251,35,100,0
1777924324.3392234,2026-05-04T21:52:04.339223,35.179,10028930873,2040,6251,35,100,0
1777924324.3591864,2026-05-04T21:52:04.359186,35.179,10028930873,2040,6251,35,100,0
1777924324.3799198,2026-05-04T21:52:04.379920,35.179,10028930873,2040,6251,35,100,0
1777924324.398445,2026-05-04T21:52:04.398445,35.172,10028934369,2040,6251,35,100,0
1777924324.418672,2026-05-04T21:52:04.418672,35.172,10028934369,2040,6251,35,100,0
1777924324.4378018,2026-05-04T21:52:04.437802,35.172,10028934369,2040,6251,35,100,0
1777924324.4553258,2026-05-04T21:52:04.455326,35.172,10028934369,2040,6251,35,100,0
1777924324.4724958,2026-05-04T21:52:04.472496,35.172,10028934369,2040,6251,35,100,0
1777924324.4906263,2026-05-04T21:52:04.490626,35.172,10028934369,2040,6251,35,100,0
1777924324.5094404,2026-05-04T21:52:04.509440,35.183,10028937922,2040,6251,35,100,0
1777924324.5276377,2026-05-04T21:52:04.527638,35.183,10028937922,2040,6251,35,100,0
1777924324.5469935,2026-05-04T21:52:04.546993,35.183,10028937922,2040,6251,35,100,0
1777924324.5635457,2026-05-04T21:52:04.563546,35.183,10028937922,2040,6251,35,100,0
1777924324.5834103,2026-05-04T21:52:04.583410,35.183,10028937922,2040,6251,35,100,0
1777924324.6006033,2026-05-04T21:52:04.600603,35.183,10028941375,2040,6251,35,100,0
1777924324.6195567,2026-05-04T21:52:04.619557,35.181,10028941375,2040,6251,35,100,0
1777924324.6395366,2026-05-04T21:52:04.639537,35.181,10028941375,2040,6251,35,100,0
1777924324.6597166,2026-05-04T21:52:04.659717,35.181,10028941375,2040,6251,35,100,0
1777924324.6773183,2026-05-04T21:52:04.677318,35.181,10028941375,2040,6251,35,100,0
1777924324.6979804,2026-05-04T21:52:04.697980,35.181,10028944878,2040,6251,35,100,0
1777924324.7180722,2026-05-04T21:52:04.718072,35.172,10028944878,2040,6251,35,100,0
1777924324.739487,2026-05-04T21:52:04.739487,35.172,10028944878,2040,6251,35,100,0
1777924324.7597427,2026-05-04T21:52:04.759743,35.172,10028944878,2040,6251,35,100,0
1777924324.7776394,2026-05-04T21:52:04.777639,35.172,10028944878,2040,6251,35,100,0
1777924324.799103,2026-05-04T21:52:04.799103,35.172,10028948379,2040,6251,35,100,0
1777924324.8206725,2026-05-04T21:52:04.820673,35.155,10028948379,2040,6251,35,100,0
1777924324.8389776,2026-05-04T21:52:04.838978,35.155,10028948379,2040,6251,35,100,0
1777924324.85827,2026-05-04T21:52:04.858270,35.155,10028948379,2040,6251,35,100,0
1777924324.8788478,2026-05-04T21:52:04.878848,35.155,10028948379,2040,6251,35,100,0
1777924324.8997743,2026-05-04T21:52:04.899774,35.155,10028951875,2040,6251,35,100,0
1777924324.9191082,2026-05-04T21:52:04.919108,35.146,10028951875,2040,6251,35,100,0
1777924324.9374838,2026-05-04T21:52:04.937484,35.146,10028951875,2040,6251,35,100,0
1777924324.957959,2026-05-04T21:52:04.957959,35.146,10028951875,2040,6251,35,100,0
1777924324.979309,2026-05-04T21:52:04.979309,35.146,10028951875,2040,6251,35,100,0
1777924324.9977374,2026-05-04T21:52:04.997737,35.146,10028955381,2040,6251,35,100,0
1777924325.0194826,2026-05-04T21:52:05.019483,35.137,10028955381,2040,6251,35,100,0
1777924325.0389242,2026-05-04T21:52:05.038924,35.137,10028955381,2040,6251,35,100,0
1777924325.0582352,2026-05-04T21:52:05.058235,35.137,10028955381,2040,6251,35,100,0
1777924325.076912,2026-05-04T21:52:05.076912,35.137,10028955381,2040,6251,35,100,0
1777924325.0977995,2026-05-04T21:52:05.097800,35.137,10028958889,2040,6251,35,100,0
1777924325.1188,2026-05-04T21:52:05.118800,35.119,10028958889,2040,6251,35,100,0
1777924325.131407,2026-05-04T21:52:05.131407,35.119,10028958889,2040,6251,35,100,0
1777924325.144048,2026-05-04T21:52:05.144048,35.119,10028958889,2040,6251,35,100,0
1777924325.1567414,2026-05-04T21:52:05.156741,35.119,10028958889,2040,6251,35,100,0
1777924325.169343,2026-05-04T21:52:05.169343,35.119,10028958889,2040,6251,35,100,0
1777924325.1820977,2026-05-04T21:52:05.182098,35.119,10028958889,2040,6251,35,100,0
1777924325.195437,2026-05-04T21:52:05.195437,35.119,10028962696,2040,6251,35,100,0
1777924325.208884,2026-05-04T21:52:05.208884,35.119,10028962696,2040,6251,35,100,0
1777924325.2218518,2026-05-04T21:52:05.221852,35.513,10028962696,2040,6251,35,100,2
1777924325.2354147,2026-05-04T21:52:05.235415,35.513,10028962696,2040,6251,35,100,2
1777924325.248275,2026-05-04T21:52:05.248275,35.513,10028962696,2040,6251,35,100,2
1777924325.2610474,2026-05-04T21:52:05.261047,35.513,10028962696,2040,6251,35,100,2
1777924325.2754123,2026-05-04T21:52:05.275412,35.513,10028962696,2040,6251,35,100,2
1777924325.2879977,2026-05-04T21:52:05.287998,35.513,10028962696,2040,6251,35,100,2
1777924325.300682,2026-05-04T21:52:05.300682,35.513,10028966701,2040,6251,35,100,2
1777924325.3156512,2026-05-04T21:52:05.315651,36.028,10028966701,2040,6251,35,100,2
1777924325.3283694,2026-05-04T21:52:05.328369,36.028,10028966701,2040,6251,35,100,2
1777924325.3426952,2026-05-04T21:52:05.342695,36.028,10028966701,2040,6251,35,100,2
1777924325.3556278,2026-05-04T21:52:05.355628,36.028,10028966701,2040,6251,35,100,2
1777924325.368247,2026-05-04T21:52:05.368247,36.028,10028966701,2040,6251,35,100,2
1777924325.3809607,2026-05-04T21:52:05.380961,36.028,10028966701,2040,6251,35,100,2
1777924325.3954217,2026-05-04T21:52:05.395422,36.028,10028970825,2040,6251,35,100,2
1777924325.408819,2026-05-04T21:52:05.408819,36.028,10028970825,2040,6251,35,100,2
1777924325.4216087,2026-05-04T21:52:05.421609,36.776,10028970825,2040,6251,36,100,3
1777924325.4356716,2026-05-04T21:52:05.435672,36.776,10028970825,2040,6251,36,100,3
1777924325.448286,2026-05-04T21:52:05.448286,36.776,10028970825,2040,6251,36,100,3
1777924325.4610112,2026-05-04T21:52:05.461011,36.776,10028970825,2040,6251,36,100,3
1777924325.475304,2026-05-04T21:52:05.475304,36.776,10028970825,2040,6251,36,100,3
1777924325.487907,2026-05-04T21:52:05.487907,36.776,10028970825,2040,6251,36,100,3
1777924325.5005984,2026-05-04T21:52:05.500598,36.776,10028974963,2040,6251,36,100,3
1777924325.515548,2026-05-04T21:52:05.515548,37.187,10028974963,2040,6251,36,100,3
1777924325.5283213,2026-05-04T21:52:05.528321,37.187,10028974963,2040,6251,36,100,3
1777924325.5411167,2026-05-04T21:52:05.541117,37.187,10028974963,2040,6251,36,100,3
1777924325.5555565,2026-05-04T21:52:05.555557,37.187,10028974963,2040,6251,36,100,3
1777924325.5682015,2026-05-04T21:52:05.568202,37.187,10028974963,2040,6251,36,100,3
1777924325.5809386,2026-05-04T21:52:05.580939,37.187,10028974963,2040,6251,36,100,3
1777924325.5952995,2026-05-04T21:52:05.595299,37.187,10028979085,2040,6251,36,100,3
1777924325.6087677,2026-05-04T21:52:05.608768,37.187,10028979085,2040,6251,36,100,3
1777924325.6215026,2026-05-04T21:52:05.621503,38.01,10028979085,2040,6251,36,100,3
1777924325.6352973,2026-05-04T21:52:05.635297,38.01,10028979085,2040,6251,36,100,3
1777924325.6478958,2026-05-04T21:52:05.647896,38.01,10028979085,2040,6251,36,100,3
1777924325.6605928,2026-05-04T21:52:05.660593,38.01,10028979085,2040,6251,36,100,3
1777924325.6753736,2026-05-04T21:52:05.675374,38.01,10028979085,2040,6251,36,100,3
1777924325.6879077,2026-05-04T21:52:05.687908,38.01,10028979085,2040,6251,36,100,3
1777924325.7004929,2026-05-04T21:52:05.700493,38.01,10028982754,2040,6251,36,100,3
1777924325.7156951,2026-05-04T21:52:05.715695,37.387,10028982754,2040,6251,36,100,3
1777924325.7283237,2026-05-04T21:52:05.728324,37.387,10028982754,2040,6251,36,100,3
1777924325.742203,2026-05-04T21:52:05.742203,37.387,10028982754,2040,6251,36,100,3
1777924325.7554698,2026-05-04T21:52:05.755470,37.387,10028982754,2040,6251,36,100,3
1777924325.7679775,2026-05-04T21:52:05.767977,37.387,10028982754,2040,6251,36,100,3
1777924325.7805297,2026-05-04T21:52:05.780530,37.387,10028982754,2040,6251,36,100,3
1777924325.7952676,2026-05-04T21:52:05.795268,37.387,10028985838,2040,6251,36,100,3
1777924325.8086507,2026-05-04T21:52:05.808651,37.387,10028985838,2040,6251,36,100,3
1777924325.8212612,2026-05-04T21:52:05.821261,37.216,10028985838,2040,6251,35,100,0
1777924325.8352041,2026-05-04T21:52:05.835204,37.216,10028985838,2040,6251,35,100,0
1777924325.8477252,2026-05-04T21:52:05.847725,37.216,10028985838,2040,6251,35,100,0
1777924325.8603532,2026-05-04T21:52:05.860353,37.216,10028985838,2040,6251,35,100,0
1777924325.8752642,2026-05-04T21:52:05.875264,37.216,10028985838,2040,6251,35,100,0
1777924325.88777,2026-05-04T21:52:05.887770,37.216,10028985838,2040,6251,35,100,0
1777924325.900268,2026-05-04T21:52:05.900268,37.216,10028988936,2040,6251,35,100,0
1777924325.9154322,2026-05-04T21:52:05.915432,36.664,10028988936,2040,6251,35,100,0
1777924325.9280365,2026-05-04T21:52:05.928036,36.664,10028988936,2040,6251,35,100,0
1777924325.940823,2026-05-04T21:52:05.940823,36.664,10028988936,2040,6251,35,100,0
1777924325.9552605,2026-05-04T21:52:05.955261,36.664,10028988936,2040,6251,35,100,0
1777924325.9677927,2026-05-04T21:52:05.967793,36.664,10028988936,2040,6251,35,100,0
1777924325.9804428,2026-05-04T21:52:05.980443,36.664,10028988936,2040,6251,35,100,0
1777924325.9954062,2026-05-04T21:52:05.995406,36.664,10028992033,2040,6251,35,100,0
1777924326.0085413,2026-05-04T21:52:06.008541,36.664,10028992033,2040,6251,35,100,0
1777924326.0211813,2026-05-04T21:52:06.021181,36.402,10028992033,2040,6251,35,100,0
1777924326.0351615,2026-05-04T21:52:06.035161,36.402,10028992033,2040,6251,35,100,0
1777924326.0476947,2026-05-04T21:52:06.047695,36.402,10028992033,2040,6251,35,100,0
1777924326.0603797,2026-05-04T21:52:06.060380,36.402,10028992033,2040,6251,35,100,0
1777924326.0751219,2026-05-04T21:52:06.075122,36.402,10028992033,2040,6251,35,100,0
1777924326.0876803,2026-05-04T21:52:06.087680,36.402,10028992033,2040,6251,35,100,0
1777924326.100286,2026-05-04T21:52:06.100286,36.402,10028995130,2040,6251,35,100,0
1777924326.1153626,2026-05-04T21:52:06.115363,35.907,10028995130,2040,6251,35,100,0
1777924326.1279738,2026-05-04T21:52:06.127974,35.907,10028995130,2040,6251,35,100,0
1777924326.1407685,2026-05-04T21:52:06.140769,35.907,10028995130,2040,6251,35,100,0
1777924326.1551588,2026-05-04T21:52:06.155159,35.907,10028995130,2040,6251,35,100,0
1777924326.1677063,2026-05-04T21:52:06.167706,35.907,10028995130,2040,6251,35,100,0
1777924326.1803298,2026-05-04T21:52:06.180330,35.907,10028995130,2040,6251,35,100,0
1777924326.1951036,2026-05-04T21:52:06.195104,35.907,10028998218,2040,6251,35,100,0
1777924326.2084901,2026-05-04T21:52:06.208490,35.907,10028998218,2040,6251,35,100,0
1777924326.2211173,2026-05-04T21:52:06.221117,35.541,10028998218,2040,6251,35,100,0
1777924326.2350988,2026-05-04T21:52:06.235099,35.541,10028998218,2040,6251,35,100,0
1777924326.2476096,2026-05-04T21:52:06.247610,35.541,10028998218,2040,6251,35,100,0
1777924326.2602131,2026-05-04T21:52:06.260213,35.541,10028998218,2040,6251,35,100,0
1777924326.2753248,2026-05-04T21:52:06.275325,35.541,10028998218,2040,6251,35,100,0
1777924326.2878096,2026-05-04T21:52:06.287810,35.541,10028998218,2040,6251,35,100,0
1777924326.3004274,2026-05-04T21:52:06.300427,35.541,10029001312,2040,6251,35,100,0
1777924326.3152344,2026-05-04T21:52:06.315234,34.804,10029001312,2040,6251,35,100,0
1777924326.327809,2026-05-04T21:52:06.327809,34.804,10029001312,2040,6251,35,100,0
1777924326.3405972,2026-05-04T21:52:06.340597,34.804,10029001312,2040,6251,35,100,0
1777924326.355107,2026-05-04T21:52:06.355107,34.804,10029001312,2040,6251,35,100,0
1777924326.3676498,2026-05-04T21:52:06.367650,34.804,10029001312,2040,6251,35,100,0
1777924326.3803358,2026-05-04T21:52:06.380336,34.804,10029001312,2040,6251,35,100,0
1777924326.395035,2026-05-04T21:52:06.395035,34.804,10029004404,2040,6251,35,100,0
1777924326.4084435,2026-05-04T21:52:06.408443,34.804,10029004404,2040,6251,35,100,0
1777924326.4211967,2026-05-04T21:52:06.421197,33.867,10029004404,2040,6251,35,100,0
1777924326.4350283,2026-05-04T21:52:06.435028,33.867,10029004404,2040,6251,35,100,0
1777924326.4475343,2026-05-04T21:52:06.447534,33.867,10029004404,2040,6251,35,100,0
1777924326.4601781,2026-05-04T21:52:06.460178,33.867,10029004404,2040,6251,35,100,0
1777924326.474984,2026-05-04T21:52:06.474984,33.867,10029004404,2040,6251,35,100,0
1777924326.4874983,2026-05-04T21:52:06.487498,33.867,10029004404,2040,6251,35,100,0
1777924326.5000846,2026-05-04T21:52:06.500085,33.867,10029007500,2040,6251,35,100,0
1777924326.5152452,2026-05-04T21:52:06.515245,32.912,10029007500,2040,6251,35,100,0
1777924326.5278428,2026-05-04T21:52:06.527843,32.912,10029007500,2040,6251,35,100,0
1777924326.5406647,2026-05-04T21:52:06.540665,32.912,10029007500,2040,6251,35,100,0
1777924326.5554135,2026-05-04T21:52:06.555413,32.912,10029007500,2040,6251,35,100,0
1777924326.5679615,2026-05-04T21:52:06.567961,32.912,10029007500,2040,6251,35,100,0
1777924326.5806203,2026-05-04T21:52:06.580620,32.912,10029007500,2040,6251,35,100,0
1777924326.5949628,2026-05-04T21:52:06.594963,32.912,10029010596,2040,6251,35,100,0
1777924326.608369,2026-05-04T21:52:06.608369,32.912,10029010596,2040,6251,35,100,0
1777924326.6212077,2026-05-04T21:52:06.621208,31.979,10029010596,2040,6251,35,100,0
1777924326.634935,2026-05-04T21:52:06.634935,31.979,10029010596,2040,6251,35,100,0
1777924326.6474793,2026-05-04T21:52:06.647479,31.979,10029010596,2040,6251,35,100,0
1777924326.6601162,2026-05-04T21:52:06.660116,31.979,10029010596,2040,6251,35,100,0
1777924326.6749125,2026-05-04T21:52:06.674912,31.979,10029010596,2040,6251,35,100,0
1777924326.6874301,2026-05-04T21:52:06.687430,31.979,10029010596,2040,6251,35,100,0
1777924326.700092,2026-05-04T21:52:06.700092,31.979,10029013693,2040,6251,35,100,0
1777924326.7151222,2026-05-04T21:52:06.715122,31.048,10029013693,2040,6251,35,100,0
1777924326.7277207,2026-05-04T21:52:06.727721,31.048,10029013693,2040,6251,35,100,0
1777924326.7405074,2026-05-04T21:52:06.740507,31.048,10029013693,2040,6251,35,100,0
1777924326.7549317,2026-05-04T21:52:06.754932,31.048,10029013693,2040,6251,35,100,0
1777924326.767449,2026-05-04T21:52:06.767449,31.048,10029013693,2040,6251,35,100,0
1777924326.7800872,2026-05-04T21:52:06.780087,31.048,10029013693,2040,6251,35,100,0
1777924326.794903,2026-05-04T21:52:06.794903,31.048,10029016793,2040,6251,35,100,0
1777924326.8083212,2026-05-04T21:52:06.808321,31.048,10029016793,2040,6251,35,100,0
1777924326.8209877,2026-05-04T21:52:06.820988,31.048,10029016793,2040,6251,35,100,0
1777924326.8351421,2026-05-04T21:52:06.835142,31.048,10029016793,2040,6251,35,100,0
1777924326.8476763,2026-05-04T21:52:06.847676,31.048,10029016793,2040,6251,35,100,0
1777924326.8603477,2026-05-04T21:52:06.860348,31.048,10029016793,2040,6251,35,100,0
1777924326.8748732,2026-05-04T21:52:06.874873,31.048,10029016793,2040,6251,35,100,0
1777924326.887326,2026-05-04T21:52:06.887326,31.048,10029016793,2040,6251,35,100,0
1777924326.8999796,2026-05-04T21:52:06.899980,31.048,10029019886,2040,6251,35,100,0
1777924326.9151103,2026-05-04T21:52:06.915110,31.031,10029019886,2040,6251,35,100,0
1777924326.9276822,2026-05-04T21:52:06.927682,31.031,10029019886,2040,6251,35,100,0
1777924326.9403608,2026-05-04T21:52:06.940361,31.031,10029019886,2040,6251,35,100,0
1777924326.9548903,2026-05-04T21:52:06.954890,31.031,10029019886,2040,6251,35,100,0
1777924326.967327,2026-05-04T21:52:06.967327,31.031,10029019886,2040,6251,35,100,0
1777924326.979828,2026-05-04T21:52:06.979828,31.031,10029019886,2040,6251,35,100,0
1777924326.9948058,2026-05-04T21:52:06.994806,31.031,10029019886,2040,6251,35,100,0
1777924327.007229,2026-05-04T21:52:07.007229,31.031,10029023005,2040,6251,35,100,0
1777924327.0231829,2026-05-04T21:52:07.023183,30.979,10029023005,2040,6251,35,100,0
1777924327.0424118,2026-05-04T21:52:07.042412,30.979,10029023005,2040,6251,35,100,0
1777924327.0612342,2026-05-04T21:52:07.061234,30.979,10029023005,2040,6251,35,100,0
1777924327.0775435,2026-05-04T21:52:07.077543,30.979,10029023005,2040,6251,35,100,0
1777924327.0984654,2026-05-04T21:52:07.098465,30.979,10029026361,2040,6251,35,100,0
1777924327.1163356,2026-05-04T21:52:07.116336,31.343,10029026361,2040,6251,35,100,0
1777924327.1375582,2026-05-04T21:52:07.137558,31.343,10029026361,2040,6251,35,100,0
1777924327.1592934,2026-05-04T21:52:07.159293,31.343,10029026361,2040,6251,35,100,0
1777924327.1764023,2026-05-04T21:52:07.176402,31.343,10029026361,2040,6251,35,100,0
1777924327.1917236,2026-05-04T21:52:07.191724,31.343,10029029885,2040,6251,35,100,0
1777924327.2113192,2026-05-04T21:52:07.211319,31.343,10029029885,2040,6251,35,100,0
1777924327.2283819,2026-05-04T21:52:07.228382,31.81,10029029885,2040,6251,35,100,0
1777924327.2459667,2026-05-04T21:52:07.245967,31.81,10029029885,2040,6251,35,100,0
1777924327.2621322,2026-05-04T21:52:07.262132,31.81,10029029885,2040,6251,35,100,0
1777924327.2795367,2026-05-04T21:52:07.279537,31.81,10029029885,2040,6251,35,100,0
1777924327.2973828,2026-05-04T21:52:07.297383,31.81,10029033388,2040,6251,35,100,0
1777924327.317152,2026-05-04T21:52:07.317152,31.81,10029033388,2040,6251,35,100,0
1777924327.3378632,2026-05-04T21:52:07.337863,32.111,10029033388,2040,6251,35,100,0
1777924327.3590457,2026-05-04T21:52:07.359046,32.111,10029033388,2040,6251,35,100,0
1777924327.3784728,2026-05-04T21:52:07.378473,32.111,10029033388,2040,6251,35,100,0
1777924327.3979645,2026-05-04T21:52:07.397964,32.111,10029036897,2040,6251,35,100,0
1777924327.4189124,2026-05-04T21:52:07.418912,32.111,10029036897,2040,6251,35,100,0
1777924327.4394047,2026-05-04T21:52:07.439405,32.498,10029036897,2040,6251,35,100,0
1777924327.456616,2026-05-04T21:52:07.456616,32.498,10029036897,2040,6251,35,100,0
1777924327.4774208,2026-05-04T21:52:07.477421,32.498,10029036897,2040,6251,35,100,0
1777924327.4991057,2026-05-04T21:52:07.499106,32.498,10029040407,2040,6251,35,100,0
1777924327.519471,2026-05-04T21:52:07.519471,32.498,10029040407,2040,6251,35,100,0
1777924327.5416524,2026-05-04T21:52:07.541652,32.885,10029040407,2040,6251,35,100,0
1777924327.5626395,2026-05-04T21:52:07.562639,32.885,10029040407,2040,6251,35,100,0
1777924327.5818427,2026-05-04T21:52:07.581843,32.885,10029040407,2040,6251,35,100,0
1777924327.5996935,2026-05-04T21:52:07.599694,32.885,10029043909,2040,6251,35,100,0
1777924327.6225276,2026-05-04T21:52:07.622528,32.885,10029043909,2040,6251,35,100,0
1777924327.6407852,2026-05-04T21:52:07.640785,33.246,10029043909,2040,6251,35,100,0
1777924327.6608467,2026-05-04T21:52:07.660847,33.246,10029043909,2040,6251,35,100,0
1777924327.6790516,2026-05-04T21:52:07.679052,33.246,10029043909,2040,6251,35,100,0
1777924327.6976428,2026-05-04T21:52:07.697643,33.246,10029047407,2040,6251,35,100,0
1777924327.7179847,2026-05-04T21:52:07.717985,33.246,10029047407,2040,6251,35,100,0
1777924327.7394357,2026-05-04T21:52:07.739436,33.625,10029047407,2040,6251,35,100,0
1777924327.7603433,2026-05-04T21:52:07.760343,33.625,10029047407,2040,6251,35,100,0
1777924327.7782433,2026-05-04T21:52:07.778243,33.625,10029047407,2040,6251,35,100,0
1777924327.79836,2026-05-04T21:52:07.798360,33.625,10029050909,2040,6251,35,100,0
1777924327.8180304,2026-05-04T21:52:07.818030,33.625,10029050909,2040,6251,35,100,0
1777924327.8379247,2026-05-04T21:52:07.837925,33.984,10029050909,2040,6251,35,100,0
1777924327.8604393,2026-05-04T21:52:07.860439,33.984,10029050909,2040,6251,35,100,0
1777924327.877788,2026-05-04T21:52:07.877788,33.984,10029050909,2040,6251,35,100,0
1777924327.8990984,2026-05-04T21:52:07.899098,33.984,10029054408,2040,6251,35,100,0
1777924327.91857,2026-05-04T21:52:07.918570,33.984,10029054408,2040,6251,35,100,0
1777924327.9378836,2026-05-04T21:52:07.937884,34.356,10029054408,2040,6251,35,100,0
1777924327.9592862,2026-05-04T21:52:07.959286,34.356,10029054408,2040,6251,35,100,0
1777924327.9778059,2026-05-04T21:52:07.977806,34.356,10029054408,2040,6251,35,100,0
1777924327.9967575,2026-05-04T21:52:07.996758,34.356,10029057915,2040,6251,35,100,0
1777924328.0193567,2026-05-04T21:52:08.019357,34.356,10029057915,2040,6251,35,100,0
1777924328.0402331,2026-05-04T21:52:08.040233,34.741,10029057915,2040,6251,35,100,0
1777924328.0594006,2026-05-04T21:52:08.059401,34.741,10029057915,2040,6251,35,100,0
1777924328.079106,2026-05-04T21:52:08.079106,34.741,10029057915,2040,6251,35,100,0
1777924328.0967774,2026-05-04T21:52:08.096777,34.741,10029061420,2040,6251,35,100,0
1777924328.1182437,2026-05-04T21:52:08.118244,34.741,10029061420,2040,6251,35,100,0
1777924328.1353843,2026-05-04T21:52:08.135384,35.158,10029061420,2040,6251,35,100,0
1777924328.1558938,2026-05-04T21:52:08.155894,35.158,10029061420,2040,6251,35,100,0
1777924328.1781287,2026-05-04T21:52:08.178129,35.158,10029061420,2040,6251,35,100,0
1777924328.196895,2026-05-04T21:52:08.196895,35.158,10029064923,2040,6251,35,100,0
1777924328.2213652,2026-05-04T21:52:08.221365,35.158,10029064923,2040,6251,35,100,0
1777924328.242129,2026-05-04T21:52:08.242129,35.151,10029064923,2040,6251,35,100,0
1777924328.2633424,2026-05-04T21:52:08.263342,35.151,10029064923,2040,6251,35,100,0
1777924328.2827365,2026-05-04T21:52:08.282737,35.151,10029064923,2040,6251,35,100,0
1777924328.301232,2026-05-04T21:52:08.301232,35.151,10029068426,2040,6251,35,100,0
1777924328.3172994,2026-05-04T21:52:08.317299,35.151,10029068426,2040,6251,35,100,0
1777924328.3381193,2026-05-04T21:52:08.338119,35.134,10029068426,2040,6251,35,100,0
1777924328.360074,2026-05-04T21:52:08.360074,35.134,10029068426,2040,6251,35,100,0
1777924328.3778968,2026-05-04T21:52:08.377897,35.134,10029068426,2040,6251,35,100,0
1777924328.3978767,2026-05-04T21:52:08.397877,35.134,10029071931,2040,6251,35,100,0
1777924328.4185977,2026-05-04T21:52:08.418598,35.134,10029071931,2040,6251,35,100,0
1777924328.437558,2026-05-04T21:52:08.437558,35.134,10029071931,2040,6251,35,100,0
1777924328.457679,2026-05-04T21:52:08.457679,35.134,10029071931,2040,6251,35,100,0
1777924328.4786599,2026-05-04T21:52:08.478660,35.134,10029071931,2040,6251,35,100,0
1777924328.4964752,2026-05-04T21:52:08.496475,35.134,10029075439,2040,6251,35,100,0
1777924328.5161502,2026-05-04T21:52:08.516150,35.134,10029075439,2040,6251,35,100,0
1777924328.5371053,2026-05-04T21:52:08.537105,35.116,10029075439,2040,6251,35,100,0
1777924328.5581539,2026-05-04T21:52:08.558154,35.116,10029075439,2040,6251,35,100,0
1777924328.574424,2026-05-04T21:52:08.574424,35.116,10029075439,2040,6251,35,100,0
1777924328.5870492,2026-05-04T21:52:08.587049,35.116,10029075439,2040,6251,35,100,0
1777924328.599831,2026-05-04T21:52:08.599831,35.116,10029079068,2040,6251,35,100,0
1777924328.6174128,2026-05-04T21:52:08.617413,35.116,10029079068,2040,6251,35,100,0
1777924328.6300335,2026-05-04T21:52:08.630033,35.116,10029079068,2040,6251,35,100,0
1777924328.6427977,2026-05-04T21:52:08.642798,35.478,10029079068,2040,6251,35,100,1
1777924328.6555245,2026-05-04T21:52:08.655524,35.478,10029079068,2040,6251,35,100,1
1777924328.6681206,2026-05-04T21:52:08.668121,35.478,10029079068,2040,6251,35,100,1
1777924328.6808167,2026-05-04T21:52:08.680817,35.478,10029079068,2040,6251,35,100,1
1777924328.694416,2026-05-04T21:52:08.694416,35.478,10029083015,2040,6251,35,100,1
1777924328.7077744,2026-05-04T21:52:08.707774,35.478,10029083015,2040,6251,35,100,1
1777924328.7206619,2026-05-04T21:52:08.720662,35.478,10029083015,2040,6251,35,100,1
1777924328.7344077,2026-05-04T21:52:08.734408,36.114,10029083015,2040,6251,35,100,1
1777924328.7471998,2026-05-04T21:52:08.747200,36.114,10029083015,2040,6251,35,100,1
1777924328.759898,2026-05-04T21:52:08.759898,36.114,10029083015,2040,6251,35,100,1
1777924328.7744546,2026-05-04T21:52:08.774455,36.114,10029083015,2040,6251,35,100,1
1777924328.7869594,2026-05-04T21:52:08.786959,36.114,10029083015,2040,6251,35,100,1
1777924328.799634,2026-05-04T21:52:08.799634,36.114,10029087135,2040,6251,35,100,1
1777924328.8173182,2026-05-04T21:52:08.817318,36.114,10029087135,2040,6251,35,100,1
1777924328.8299315,2026-05-04T21:52:08.829931,36.114,10029087135,2040,6251,35,100,1
1777924328.8425713,2026-05-04T21:52:08.842571,36.567,10029087135,2040,6251,36,100,3
1777924328.8554254,2026-05-04T21:52:08.855425,36.567,10029087135,2040,6251,36,100,3
1777924328.867997,2026-05-04T21:52:08.867997,36.567,10029087135,2040,6251,36,100,3
1777924328.8806806,2026-05-04T21:52:08.880681,36.567,10029087135,2040,6251,36,100,3
1777924328.894389,2026-05-04T21:52:08.894389,36.567,10029091272,2040,6251,36,100,3
1777924328.9076986,2026-05-04T21:52:08.907699,36.567,10029091272,2040,6251,36,100,3
1777924328.9203374,2026-05-04T21:52:08.920337,36.567,10029091272,2040,6251,36,100,3
1777924328.9345787,2026-05-04T21:52:08.934579,37.378,10029091272,2040,6251,36,100,3
1777924328.947069,2026-05-04T21:52:08.947069,37.378,10029091272,2040,6251,36,100,3
1777924328.9598346,2026-05-04T21:52:08.959835,37.378,10029091272,2040,6251,36,100,3
1777924328.9742424,2026-05-04T21:52:08.974242,37.378,10029091272,2040,6251,36,100,3
1777924328.9865499,2026-05-04T21:52:08.986550,37.378,10029091272,2040,6251,36,100,3
1777924328.999157,2026-05-04T21:52:08.999157,37.378,10029094946,2040,6251,36,100,3
1777924329.017087,2026-05-04T21:52:09.017087,37.378,10029094946,2040,6251,36,100,3
1777924329.029466,2026-05-04T21:52:09.029466,37.378,10029094946,2040,6251,36,100,3
1777924329.0421503,2026-05-04T21:52:09.042150,36.786,10029094946,2040,6251,36,100,1
1777924329.0548441,2026-05-04T21:52:09.054844,36.786,10029094946,2040,6251,36,100,1
1777924329.0672367,2026-05-04T21:52:09.067237,36.786,10029094946,2040,6251,36,100,1
1777924329.0799637,2026-05-04T21:52:09.079964,36.786,10029094946,2040,6251,36,100,1
1777924329.0942667,2026-05-04T21:52:09.094267,36.786,10029098039,2040,6251,36,100,1
1777924329.1075919,2026-05-04T21:52:09.107592,36.786,10029098039,2040,6251,36,100,1
1777924329.120273,2026-05-04T21:52:09.120273,36.786,10029098039,2040,6251,36,100,1
1777924329.1341803,2026-05-04T21:52:09.134180,36.536,10029098039,2040,6251,35,100,1
1777924329.1468015,2026-05-04T21:52:09.146801,36.536,10029098039,2040,6251,35,100,1
1777924329.1594324,2026-05-04T21:52:09.159432,36.536,10029098039,2040,6251,35,100,1
1777924329.1741614,2026-05-04T21:52:09.174161,36.536,10029098039,2040,6251,35,100,1
1777924329.1867049,2026-05-04T21:52:09.186705,36.536,10029098039,2040,6251,35,100,1
1777924329.1993496,2026-05-04T21:52:09.199350,36.536,10029101137,2040,6251,35,100,1
1777924329.216005,2026-05-04T21:52:09.216005,36.536,10029101137,2040,6251,35,100,1
1777924329.2286582,2026-05-04T21:52:09.228658,36.536,10029101137,2040,6251,35,100,1
1777924329.2413714,2026-05-04T21:52:09.241371,36.046,10029101137,2040,6251,35,100,0
1777924329.2542171,2026-05-04T21:52:09.254217,36.046,10029101137,2040,6251,35,100,0
1777924329.266753,2026-05-04T21:52:09.266753,36.046,10029101137,2040,6251,35,100,0
1777924329.2793858,2026-05-04T21:52:09.279386,36.046,10029101137,2040,6251,35,100,0
1777924329.294158,2026-05-04T21:52:09.294158,36.046,10029104235,2040,6251,35,100,0
1777924329.3075788,2026-05-04T21:52:09.307579,36.046,10029104235,2040,6251,35,100,0
1777924329.3202295,2026-05-04T21:52:09.320230,36.046,10029104235,2040,6251,35,100,0
1777924329.3341143,2026-05-04T21:52:09.334114,35.743,10029104235,2040,6251,35,100,0
1777924329.3467033,2026-05-04T21:52:09.346703,35.743,10029104235,2040,6251,35,100,0
1777924329.3593686,2026-05-04T21:52:09.359369,35.743,10029104235,2040,6251,35,100,0
1777924329.3740993,2026-05-04T21:52:09.374099,35.743,10029104235,2040,6251,35,100,0
1777924329.3866556,2026-05-04T21:52:09.386656,35.743,10029104235,2040,6251,35,100,0
1777924329.3993194,2026-05-04T21:52:09.399319,35.743,10029107331,2040,6251,35,100,0
1777924329.4169586,2026-05-04T21:52:09.416959,35.743,10029107331,2040,6251,35,100,0
1777924329.4295423,2026-05-04T21:52:09.429542,35.743,10029107331,2040,6251,35,100,0
1777924329.442234,2026-05-04T21:52:09.442234,35.323,10029107331,2040,6251,35,100,0
1777924329.4548259,2026-05-04T21:52:09.454826,35.323,10029107331,2040,6251,35,100,0
1777924329.46734,2026-05-04T21:52:09.467340,35.323,10029107331,2040,6251,35,100,0
1777924329.479965,2026-05-04T21:52:09.479965,35.323,10029107331,2040,6251,35,100,0
1777924329.4942956,2026-05-04T21:52:09.494296,35.323,10029110432,2040,6251,35,100,0
1777924329.507509,2026-05-04T21:52:09.507509,35.323,10029110432,2040,6251,35,100,0
1777924329.5201168,2026-05-04T21:52:09.520117,35.323,10029110432,2040,6251,35,100,0
1777924329.5341923,2026-05-04T21:52:09.534192,34.938,10029110432,2040,6251,35,100,0
1777924329.5468082,2026-05-04T21:52:09.546808,34.938,10029110432,2040,6251,35,100,0
1777924329.5594552,2026-05-04T21:52:09.559455,34.938,10029110432,2040,6251,35,100,0
1777924329.5740318,2026-05-04T21:52:09.574032,34.938,10029110432,2040,6251,35,100,0
1777924329.5865684,2026-05-04T21:52:09.586568,34.938,10029110432,2040,6251,35,100,0
1777924329.5992594,2026-05-04T21:52:09.599259,34.938,10029113524,2040,6251,35,100,0
1777924329.6168356,2026-05-04T21:52:09.616836,34.938,10029113524,2040,6251,35,100,0
1777924329.6293545,2026-05-04T21:52:09.629354,34.938,10029113524,2040,6251,35,100,0
1777924329.6419365,2026-05-04T21:52:09.641937,34.584,10029113524,2040,6251,35,100,0
1777924329.6545606,2026-05-04T21:52:09.654561,34.584,10029113524,2040,6251,35,100,0
1777924329.6670704,2026-05-04T21:52:09.667070,34.584,10029113524,2040,6251,35,100,0
1777924329.67967,2026-05-04T21:52:09.679670,34.584,10029113524,2040,6251,35,100,0
1777924329.6940458,2026-05-04T21:52:09.694046,34.584,10029116628,2040,6251,35,100,0
1777924329.7073965,2026-05-04T21:52:09.707397,34.584,10029116628,2040,6251,35,100,0
1777924329.72003,2026-05-04T21:52:09.720030,34.584,10029116628,2040,6251,35,100,0
1777924329.734016,2026-05-04T21:52:09.734016,33.851,10029116628,2040,6251,35,100,0
1777924329.7465823,2026-05-04T21:52:09.746582,33.851,10029116628,2040,6251,35,100,0
1777924329.7592642,2026-05-04T21:52:09.759264,33.851,10029116628,2040,6251,35,100,0
1777924329.7742686,2026-05-04T21:52:09.774269,33.851,10029116628,2040,6251,35,100,0
1777924329.7867768,2026-05-04T21:52:09.786777,33.851,10029116628,2040,6251,35,100,0
1777924329.799415,2026-05-04T21:52:09.799415,33.851,10029119722,2040,6251,35,100,0
1777924329.816958,2026-05-04T21:52:09.816958,33.851,10029119722,2040,6251,35,100,0
1777924329.8293872,2026-05-04T21:52:09.829387,33.851,10029119722,2040,6251,35,100,0
1777924329.8420162,2026-05-04T21:52:09.842016,32.933,10029119722,2040,6251,35,100,0
1777924329.8545713,2026-05-04T21:52:09.854571,32.933,10029119722,2040,6251,35,100,0
1777924329.8670938,2026-05-04T21:52:09.867094,32.933,10029119722,2040,6251,35,100,0
1777924329.879721,2026-05-04T21:52:09.879721,32.933,10029119722,2040,6251,35,100,0
1777924329.8939767,2026-05-04T21:52:09.893977,32.933,10029122803,2040,6251,35,100,0
1777924329.907352,2026-05-04T21:52:09.907352,32.933,10029122803,2040,6251,35,100,0
1777924329.9198997,2026-05-04T21:52:09.919900,32.933,10029122803,2040,6251,35,100,0
1777924329.9338515,2026-05-04T21:52:09.933851,31.999,10029122803,2040,6251,35,100,0
1777924329.9493697,2026-05-04T21:52:09.949370,31.999,10029122803,2040,6251,35,100,0
1777924329.9644947,2026-05-04T21:52:09.964495,31.999,10029122803,2040,6251,35,100,0
1777924329.9861486,2026-05-04T21:52:09.986149,31.999,10029122803,2040,6251,35,100,0
1777924330.0064883,2026-05-04T21:52:10.006488,31.999,10029126072,2040,6251,35,100,0
1777924330.0259542,2026-05-04T21:52:10.025954,31.999,10029126072,2040,6251,35,100,0
1777924330.0445213,2026-05-04T21:52:10.044521,31.356,10029126072,2040,6251,35,100,0
1777924330.0649126,2026-05-04T21:52:10.064913,31.356,10029126072,2040,6251,35,100,0
1777924330.0852156,2026-05-04T21:52:10.085216,31.356,10029126072,2040,6251,35,100,0
1777924330.1050622,2026-05-04T21:52:10.105062,31.356,10029129566,2040,6251,35,100,0
1777924330.1231816,2026-05-04T21:52:10.123182,31.356,10029129566,2040,6251,35,100,0
1777924330.143175,2026-05-04T21:52:10.143175,31.743,10029129566,2040,6251,35,100,0
1777924330.1631095,2026-05-04T21:52:10.163110,31.743,10029129566,2040,6251,35,100,0
1777924330.1803815,2026-05-04T21:52:10.180382,31.743,10029129566,2040,6251,35,100,0
1777924330.199032,2026-05-04T21:52:10.199032,31.743,10029133071,2040,6251,35,100,0
1777924330.2208238,2026-05-04T21:52:10.220824,31.743,10029133071,2040,6251,35,100,0
1777924330.2406259,2026-05-04T21:52:10.240626,32.122,10029133071,2040,6251,35,100,0
1777924330.260444,2026-05-04T21:52:10.260444,32.122,10029133071,2040,6251,35,100,0
1777924330.2796788,2026-05-04T21:52:10.279679,32.122,10029133071,2040,6251,35,100,0
1777924330.2968442,2026-05-04T21:52:10.296844,32.122,10029136571,2040,6251,35,100,0
1777924330.3170962,2026-05-04T21:52:10.317096,32.122,10029136571,2040,6251,35,100,0
1777924330.3361778,2026-05-04T21:52:10.336178,32.122,10029136571,2040,6251,35,100,0
1777924330.3569524,2026-05-04T21:52:10.356952,32.482,10029136571,2040,6251,35,100,0
1777924330.3779936,2026-05-04T21:52:10.377994,32.482,10029136571,2040,6251,35,100,0
1777924330.3973837,2026-05-04T21:52:10.397384,32.482,10029140076,2040,6251,35,100,0
1777924330.421338,2026-05-04T21:52:10.421338,32.482,10029140076,2040,6251,35,100,0
1777924330.4407606,2026-05-04T21:52:10.440761,32.854,10029140076,2040,6251,35,100,0
1777924330.4645462,2026-05-04T21:52:10.464546,32.854,10029140076,2040,6251,35,100,0
1777924330.4831479,2026-05-04T21:52:10.483148,32.854,10029140076,2040,6251,35,100,0
1777924330.5014472,2026-05-04T21:52:10.501447,32.854,10029143586,2040,6251,35,100,0
1777924330.522552,2026-05-04T21:52:10.522552,32.854,10029143586,2040,6251,35,100,0
1777924330.5412002,2026-05-04T21:52:10.541200,33.215,10029143586,2040,6251,35,100,0
1777924330.565184,2026-05-04T21:52:10.565184,33.215,10029143586,2040,6251,35,100,0
1777924330.5845034,2026-05-04T21:52:10.584503,33.215,10029143586,2040,6251,35,100,0
1777924330.606032,2026-05-04T21:52:10.606032,33.215,10029147096,2040,6251,35,100,0
1777924330.6259646,2026-05-04T21:52:10.625965,33.215,10029147096,2040,6251,35,100,0
1777924330.6431766,2026-05-04T21:52:10.643177,33.595,10029147096,2040,6251,35,100,0
1777924330.667485,2026-05-04T21:52:10.667485,33.595,10029147096,2040,6251,35,100,0
1777924330.6859632,2026-05-04T21:52:10.685963,33.595,10029147096,2040,6251,35,100,0
1777924330.705662,2026-05-04T21:52:10.705662,33.595,10029150600,2040,6251,35,100,0
1777924330.723371,2026-05-04T21:52:10.723371,33.595,10029150600,2040,6251,35,100,0
1777924330.7441823,2026-05-04T21:52:10.744182,33.971,10029150600,2040,6251,35,100,0
1777924330.7650342,2026-05-04T21:52:10.765034,33.971,10029150600,2040,6251,35,100,0
1777924330.7857122,2026-05-04T21:52:10.785712,33.971,10029150600,2040,6251,35,100,0
1777924330.8052614,2026-05-04T21:52:10.805261,33.971,10029154102,2040,6251,35,100,0
1777924330.8255844,2026-05-04T21:52:10.825584,33.971,10029154102,2040,6251,35,100,0
1777924330.8444157,2026-05-04T21:52:10.844416,34.335,10029154102,2040,6251,35,100,0
1777924330.859954,2026-05-04T21:52:10.859954,34.335,10029154102,2040,6251,35,100,0
1777924330.8791957,2026-05-04T21:52:10.879196,34.335,10029154102,2040,6251,35,100,0
1777924330.897258,2026-05-04T21:52:10.897258,34.335,10029157608,2040,6251,35,100,0
1777924330.9164884,2026-05-04T21:52:10.916488,34.335,10029157608,2040,6251,35,100,0
1777924330.9373732,2026-05-04T21:52:10.937373,34.335,10029157608,2040,6251,35,100,0
1777924330.9572747,2026-05-04T21:52:10.957275,34.702,10029157608,2040,6251,35,100,0
1777924330.97686,2026-05-04T21:52:10.976860,34.702,10029157608,2040,6251,35,100,0
1777924330.9968104,2026-05-04T21:52:10.996810,34.702,10029161114,2040,6251,35,100,0
1777924331.0189633,2026-05-04T21:52:11.018963,34.702,10029161114,2040,6251,35,100,0
1777924331.0372152,2026-05-04T21:52:11.037215,35.084,10029161114,2040,6251,35,100,0
1777924331.0498123,2026-05-04T21:52:11.049812,35.084,10029161114,2040,6251,35,100,0
1777924331.0626488,2026-05-04T21:52:11.062649,35.084,10029161114,2040,6251,35,100,0
1777924331.0754197,2026-05-04T21:52:11.075420,35.084,10029161114,2040,6251,35,100,0
1777924331.0879164,2026-05-04T21:52:11.087916,35.084,10029161114,2040,6251,35,100,0
1777924331.101013,2026-05-04T21:52:11.101013,35.084,10029164832,2040,6251,35,100,0
1777924331.1138518,2026-05-04T21:52:11.113852,35.084,10029164832,2040,6251,35,100,0
1777924331.1264725,2026-05-04T21:52:11.126472,35.084,10029164832,2040,6251,35,100,0
1777924331.1405966,2026-05-04T21:52:11.140597,35.495,10029164832,2040,6251,35,100,0
1777924331.153822,2026-05-04T21:52:11.153822,35.495,10029164832,2040,6251,35,100,0
1777924331.1664698,2026-05-04T21:52:11.166470,35.495,10029164832,2040,6251,35,100,0
1777924331.1792839,2026-05-04T21:52:11.179284,35.495,10029164832,2040,6251,35,100,0
1777924331.1936173,2026-05-04T21:52:11.193617,35.495,10029168853,2040,6251,35,100,0
1777924331.2070918,2026-05-04T21:52:11.207092,35.495,10029168853,2040,6251,35,100,0
1777924331.2198489,2026-05-04T21:52:11.219849,35.495,10029168853,2040,6251,35,100,0
1777924331.2336125,2026-05-04T21:52:11.233613,35.495,10029168853,2040,6251,35,100,0
1777924331.2464576,2026-05-04T21:52:11.246458,36.131,10029168853,2040,6251,36,100,3
1777924331.2592618,2026-05-04T21:52:11.259262,36.131,10029168853,2040,6251,36,100,3
1777924331.273654,2026-05-04T21:52:11.273654,36.131,10029168853,2040,6251,36,100,3
1777924331.2862966,2026-05-04T21:52:11.286297,36.131,10029168853,2040,6251,36,100,3
1777924331.299069,2026-05-04T21:52:11.299069,36.131,10029172951,2040,6251,36,100,3
1777924331.314058,2026-05-04T21:52:11.314058,36.131,10029172951,2040,6251,36,100,3
1777924331.3266382,2026-05-04T21:52:11.326638,36.131,10029172951,2040,6251,36,100,3
1777924331.33922,2026-05-04T21:52:11.339220,36.609,10029172951,2040,6251,36,100,3
1777924331.353569,2026-05-04T21:52:11.353569,36.609,10029172951,2040,6251,36,100,3
1777924331.366067,2026-05-04T21:52:11.366067,36.609,10029172951,2040,6251,36,100,3
1777924331.3786278,2026-05-04T21:52:11.378628,36.609,10029172951,2040,6251,36,100,3
1777924331.3934386,2026-05-04T21:52:11.393439,36.609,10029176245,2040,6251,36,100,3
1777924331.4071,2026-05-04T21:52:11.407100,36.609,10029176245,2040,6251,36,100,3
1777924331.419763,2026-05-04T21:52:11.419763,36.609,10029176245,2040,6251,36,100,3
1777924331.433513,2026-05-04T21:52:11.433513,36.609,10029176245,2040,6251,36,100,3
1777924331.4462638,2026-05-04T21:52:11.446264,36.35,10029176245,2040,6251,35,100,0
1777924331.4589443,2026-05-04T21:52:11.458944,36.35,10029176245,2040,6251,35,100,0
1777924331.4735107,2026-05-04T21:52:11.473511,36.35,10029176245,2040,6251,35,100,0
1777924331.48604,2026-05-04T21:52:11.486040,36.35,10029176245,2040,6251,35,100,0
1777924331.4985652,2026-05-04T21:52:11.498565,36.35,10029179334,2040,6251,35,100,0
1777924331.5136511,2026-05-04T21:52:11.513651,36.35,10029179334,2040,6251,35,100,0
1777924331.5262177,2026-05-04T21:52:11.526218,36.35,10029179334,2040,6251,35,100,0
1777924331.5390344,2026-05-04T21:52:11.539034,35.878,10029179334,2040,6251,35,100,0
1777924331.5535495,2026-05-04T21:52:11.553550,35.878,10029179334,2040,6251,35,100,0
1777924331.566043,2026-05-04T21:52:11.566043,35.878,10029179334,2040,6251,35,100,0
1777924331.5785756,2026-05-04T21:52:11.578576,35.878,10029179334,2040,6251,35,100,0
1777924331.5937982,2026-05-04T21:52:11.593798,35.878,10029182435,2040,6251,35,100,0
1777924331.606861,2026-05-04T21:52:11.606861,35.878,10029182435,2040,6251,35,100,0
1777924331.619378,2026-05-04T21:52:11.619378,35.878,10029182435,2040,6251,35,100,0
1777924331.6335251,2026-05-04T21:52:11.633525,35.878,10029182435,2040,6251,35,100,0
1777924331.64596,2026-05-04T21:52:11.645960,35.538,10029182435,2040,6251,35,100,0
1777924331.6586494,2026-05-04T21:52:11.658649,35.538,10029182435,2040,6251,35,100,0
1777924331.6734393,2026-05-04T21:52:11.673439,35.538,10029182435,2040,6251,35,100,0
1777924331.6858933,2026-05-04T21:52:11.685893,35.538,10029182435,2040,6251,35,100,0
1777924331.6984508,2026-05-04T21:52:11.698451,35.538,10029185533,2040,6251,35,100,0
1777924331.7136576,2026-05-04T21:52:11.713658,35.538,10029185533,2040,6251,35,100,0
1777924331.7261124,2026-05-04T21:52:11.726112,35.538,10029185533,2040,6251,35,100,0
1777924331.7387538,2026-05-04T21:52:11.738754,35.139,10029185533,2040,6251,35,100,0
1777924331.753498,2026-05-04T21:52:11.753498,35.139,10029185533,2040,6251,35,100,0
1777924331.765984,2026-05-04T21:52:11.765984,35.139,10029185533,2040,6251,35,100,0
1777924331.7785456,2026-05-04T21:52:11.778546,35.139,10029185533,2040,6251,35,100,0
1777924331.7934868,2026-05-04T21:52:11.793487,35.139,10029188633,2040,6251,35,100,0
1777924331.8067763,2026-05-04T21:52:11.806776,35.139,10029188633,2040,6251,35,100,0
1777924331.8192954,2026-05-04T21:52:11.819295,35.139,10029188633,2040,6251,35,100,0
1777924331.8334432,2026-05-04T21:52:11.833443,35.139,10029188633,2040,6251,35,100,0
1777924331.8459277,2026-05-04T21:52:11.845928,34.726,10029188633,2040,6251,35,100,0
1777924331.8584957,2026-05-04T21:52:11.858496,34.726,10029188633,2040,6251,35,100,0
1777924331.8735843,2026-05-04T21:52:11.873584,34.726,10029188633,2040,6251,35,100,0
1777924331.8860552,2026-05-04T21:52:11.886055,34.726,10029188633,2040,6251,35,100,0
1777924331.8986418,2026-05-04T21:52:11.898642,34.726,10029191717,2040,6251,35,100,0
1777924331.9135084,2026-05-04T21:52:11.913508,34.726,10029191717,2040,6251,35,100,0
1777924331.9259923,2026-05-04T21:52:11.925992,34.726,10029191717,2040,6251,35,100,0
1777924331.9386659,2026-05-04T21:52:11.938666,34.382,10029191717,2040,6251,35,100,0
1777924331.953311,2026-05-04T21:52:11.953311,34.382,10029191717,2040,6251,35,100,0
1777924331.9657435,2026-05-04T21:52:11.965744,34.382,10029191717,2040,6251,35,100,0
1777924331.9782393,2026-05-04T21:52:11.978239,34.382,10029191717,2040,6251,35,100,0
1777924331.9986265,2026-05-04T21:52:11.998626,34.382,10029194822,2040,6251,35,100,0
1777924332.0192657,2026-05-04T21:52:12.019266,34.382,10029194822,2040,6251,35,100,0
1777924332.0398526,2026-05-04T21:52:12.039853,34.267,10029194822,2040,6251,35,100,0
1777924332.0589101,2026-05-04T21:52:12.058910,34.267,10029194822,2040,6251,35,100,0
1777924332.077852,2026-05-04T21:52:12.077852,34.267,10029194822,2040,6251,35,100,0
1777924332.0967484,2026-05-04T21:52:12.096748,34.267,10029198307,2040,6251,35,100,0
1777924332.1177833,2026-05-04T21:52:12.117783,34.267,10029198307,2040,6251,35,100,0
1777924332.137038,2026-05-04T21:52:12.137038,34.267,10029198307,2040,6251,35,100,0
1777924332.1558447,2026-05-04T21:52:12.155845,34.284,10029198307,2040,6251,35,100,0
1777924332.1770654,2026-05-04T21:52:12.177065,34.284,10029198307,2040,6251,35,100,0
1777924332.195097,2026-05-04T21:52:12.195097,34.284,10029201817,2040,6251,35,100,0
1777924332.218141,2026-05-04T21:52:12.218141,34.284,10029201817,2040,6251,35,100,0
1777924332.2373283,2026-05-04T21:52:12.237328,34.284,10029201817,2040,6251,35,100,0
1777924332.2572656,2026-05-04T21:52:12.257266,33.891,10029201817,2040,6251,35,100,0
1777924332.275458,2026-05-04T21:52:12.275458,33.891,10029201817,2040,6251,35,100,0
1777924332.2970097,2026-05-04T21:52:12.297010,33.891,10029205322,2040,6251,35,100,0
1777924332.3178637,2026-05-04T21:52:12.317864,33.891,10029205322,2040,6251,35,100,0
1777924332.3366199,2026-05-04T21:52:12.336620,33.891,10029205322,2040,6251,35,100,0
1777924332.3552608,2026-05-04T21:52:12.355261,33.349,10029205322,2040,6251,35,100,0
1777924332.3768005,2026-05-04T21:52:12.376801,33.349,10029205322,2040,6251,35,100,0
1777924332.3959575,2026-05-04T21:52:12.395957,33.349,10029208828,2040,6251,35,100,0
1777924332.4173846,2026-05-04T21:52:12.417385,33.349,10029208828,2040,6251,35,100,0
1777924332.437688,2026-05-04T21:52:12.437688,33.349,10029208828,2040,6251,35,100,0
1777924332.4590223,2026-05-04T21:52:12.459022,32.777,10029208828,2040,6251,35,100,0
1777924332.478451,2026-05-04T21:52:12.478451,32.777,10029208828,2040,6251,35,100,0
1777924332.4960618,2026-05-04T21:52:12.496062,32.777,10029212334,2040,6251,35,100,0
1777924332.5150635,2026-05-04T21:52:12.515064,32.777,10029212334,2040,6251,35,100,0
1777924332.5378153,2026-05-04T21:52:12.537815,32.777,10029212334,2040,6251,35,100,0
1777924332.5594378,2026-05-04T21:52:12.559438,33.14,10029212334,2040,6251,35,100,0
1777924332.5771282,2026-05-04T21:52:12.577128,33.14,10029212334,2040,6251,35,100,0
1777924332.594099,2026-05-04T21:52:12.594099,33.14,10029215848,2040,6251,35,100,0
1777924332.6214883,2026-05-04T21:52:12.621488,33.14,10029215848,2040,6251,35,100,0
1777924332.6396646,2026-05-04T21:52:12.639665,33.508,10029215848,2040,6251,35,100,0
1777924332.657449,2026-05-04T21:52:12.657449,33.508,10029215848,2040,6251,35,100,0
1777924332.6782389,2026-05-04T21:52:12.678239,33.508,10029215848,2040,6251,35,100,0
1777924332.6941335,2026-05-04T21:52:12.694134,33.508,10029219369,2040,6251,35,100,0
1777924332.7067285,2026-05-04T21:52:12.706728,33.508,10029219369,2040,6251,35,100,0
1777924332.7195385,2026-05-04T21:52:12.719538,33.508,10029219369,2040,6251,35,100,0
1777924332.7331684,2026-05-04T21:52:12.733168,33.508,10029219369,2040,6251,35,100,0
1777924332.7458813,2026-05-04T21:52:12.745881,34.312,10029219369,2040,6251,35,100,0
1777924332.7587562,2026-05-04T21:52:12.758756,34.312,10029219369,2040,6251,35,100,0
1777924332.7731986,2026-05-04T21:52:12.773199,34.312,10029219369,2040,6251,35,100,0
1777924332.7856607,2026-05-04T21:52:12.785661,34.312,10029219369,2040,6251,35,100,0
1777924332.798442,2026-05-04T21:52:12.798442,34.312,10029223258,2040,6251,35,100,0
1777924332.816183,2026-05-04T21:52:12.816183,34.312,10029223258,2040,6251,35,100,0
1777924332.8287315,2026-05-04T21:52:12.828732,34.312,10029223258,2040,6251,35,100,0
1777924332.8413882,2026-05-04T21:52:12.841388,34.917,10029223258,2040,6251,35,100,2
1777924332.8542457,2026-05-04T21:52:12.854246,34.917,10029223258,2040,6251,35,100,2
1777924332.866714,2026-05-04T21:52:12.866714,34.917,10029223258,2040,6251,35,100,2
1777924332.879531,2026-05-04T21:52:12.879531,34.917,10029223258,2040,6251,35,100,2
1777924332.8931108,2026-05-04T21:52:12.893111,34.917,10029227168,2040,6251,35,100,2
1777924332.9063587,2026-05-04T21:52:12.906359,34.917,10029227168,2040,6251,35,100,2
1777924332.9189365,2026-05-04T21:52:12.918936,34.917,10029227168,2040,6251,35,100,2
1777924332.93302,2026-05-04T21:52:12.933020,34.917,10029227168,2040,6251,35,100,2
1777924332.9454222,2026-05-04T21:52:12.945422,35.393,10029227168,2040,6251,36,100,2
1777924332.9580898,2026-05-04T21:52:12.958090,35.393,10029227168,2040,6251,36,100,2
1777924332.9730556,2026-05-04T21:52:12.973056,35.393,10029227168,2040,6251,36,100,2
1777924332.9855845,2026-05-04T21:52:12.985584,35.393,10029227168,2040,6251,36,100,2
1777924332.9981184,2026-05-04T21:52:12.998118,35.393,10029230252,2040,6251,36,100,2
1777924333.0160391,2026-05-04T21:52:13.016039,35.393,10029230252,2040,6251,36,100,2
1777924333.0286222,2026-05-04T21:52:13.028622,35.393,10029230252,2040,6251,36,100,2
1777924333.041241,2026-05-04T21:52:13.041241,34.989,10029230252,2040,6251,35,100,0
1777924333.053914,2026-05-04T21:52:13.053914,34.989,10029230252,2040,6251,35,100,0
1777924333.0664105,2026-05-04T21:52:13.066411,34.989,10029230252,2040,6251,35,100,0
1777924333.0789075,2026-05-04T21:52:13.078907,34.989,10029230252,2040,6251,35,100,0
1777924333.093111,2026-05-04T21:52:13.093111,34.989,10029233351,2040,6251,35,100,0
1777924333.1064646,2026-05-04T21:52:13.106465,34.989,10029233351,2040,6251,35,100,0
1777924333.1190727,2026-05-04T21:52:13.119073,34.989,10029233351,2040,6251,35,100,0
1777924333.1332402,2026-05-04T21:52:13.133240,34.989,10029233351,2040,6251,35,100,0
1777924333.145719,2026-05-04T21:52:13.145719,34.697,10029233351,2040,6251,35,100,0
1777924333.1583877,2026-05-04T21:52:13.158388,34.697,10029233351,2040,6251,35,100,0
1777924333.1729035,2026-05-04T21:52:13.172904,34.697,10029233351,2040,6251,35,100,0
1777924333.1853535,2026-05-04T21:52:13.185354,34.697,10029233351,2040,6251,35,100,0
1777924333.197974,2026-05-04T21:52:13.197974,34.697,10029236440,2040,6251,35,100,0
1777924333.2157683,2026-05-04T21:52:13.215768,34.697,10029236440,2040,6251,35,100,0
1777924333.2281485,2026-05-04T21:52:13.228148,34.697,10029236440,2040,6251,35,100,0
1777924333.240724,2026-05-04T21:52:13.240724,34.355,10029236440,2040,6251,35,100,0
1777924333.2532501,2026-05-04T21:52:13.253250,34.355,10029236440,2040,6251,35,100,0
1777924333.265701,2026-05-04T21:52:13.265701,34.355,10029236440,2040,6251,35,100,0
1777924333.2783027,2026-05-04T21:52:13.278303,34.355,10029236440,2040,6251,35,100,0
1777924333.292769,2026-05-04T21:52:13.292769,34.355,10029236440,2040,6251,35,100,0
1777924333.3069577,2026-05-04T21:52:13.306958,34.355,10029239553,2040,6251,35,100,0
1777924333.3232474,2026-05-04T21:52:13.323247,34.355,10029239553,2040,6251,35,100,0
1777924333.3410323,2026-05-04T21:52:13.341032,33.885,10029239553,2040,6251,35,100,0
1777924333.3649495,2026-05-04T21:52:13.364949,33.885,10029239553,2040,6251,35,100,0
1777924333.3838897,2026-05-04T21:52:13.383890,33.885,10029239553,2040,6251,35,100,0
1777924333.4010434,2026-05-04T21:52:13.401043,33.885,10029242960,2040,6251,35,100,0
1777924333.4199197,2026-05-04T21:52:13.419920,33.885,10029242960,2040,6251,35,100,0
1777924333.436974,2026-05-04T21:52:13.436974,33.885,10029242960,2040,6251,35,100,0
1777924333.4558332,2026-05-04T21:52:13.455833,33.991,10029242960,2040,6251,35,100,0
1777924333.4759269,2026-05-04T21:52:13.475927,33.991,10029242960,2040,6251,35,100,0
1777924333.4963975,2026-05-04T21:52:13.496397,33.991,10029246458,2040,6251,35,100,0
1777924333.5175242,2026-05-04T21:52:13.517524,33.991,10029246458,2040,6251,35,100,0
1777924333.5366886,2026-05-04T21:52:13.536689,33.991,10029246458,2040,6251,35,100,0
1777924333.556684,2026-05-04T21:52:13.556684,34.0,10029246458,2040,6251,35,100,0
1777924333.5762136,2026-05-04T21:52:13.576214,34.0,10029246458,2040,6251,35,100,0
1777924333.596969,2026-05-04T21:52:13.596969,34.0,10029249966,2040,6251,35,100,0
1777924333.6209044,2026-05-04T21:52:13.620904,34.0,10029249966,2040,6251,35,100,0
1777924333.639385,2026-05-04T21:52:13.639385,34.0,10029249966,2040,6251,35,100,0
1777924333.6581223,2026-05-04T21:52:13.658122,34.018,10029249966,2040,6251,35,100,0
1777924333.6762245,2026-05-04T21:52:13.676224,34.018,10029249966,2040,6251,35,100,0
1777924333.69746,2026-05-04T21:52:13.697460,34.018,10029253473,2040,6251,35,100,0
1777924333.716453,2026-05-04T21:52:13.716453,34.018,10029253473,2040,6251,35,100,0
1777924333.7290087,2026-05-04T21:52:13.729009,34.018,10029253473,2040,6251,35,100,0
1777924333.7417386,2026-05-04T21:52:13.741739,34.018,10029253473,2040,6251,35,100,0
1777924333.7545419,2026-05-04T21:52:13.754542,34.009,10029253473,2040,6251,35,100,0
1777924333.767197,2026-05-04T21:52:13.767197,34.009,10029253473,2040,6251,35,100,0
1777924333.7798219,2026-05-04T21:52:13.779822,34.009,10029253473,2040,6251,35,100,0
1777924333.7928512,2026-05-04T21:52:13.792851,34.009,10029257262,2040,6251,35,100,0
1777924333.8062942,2026-05-04T21:52:13.806294,34.009,10029257262,2040,6251,35,100,0
1777924333.819029,2026-05-04T21:52:13.819029,34.009,10029257262,2040,6251,35,100,0
1777924333.833052,2026-05-04T21:52:13.833052,34.009,10029257262,2040,6251,35,100,0
1777924333.8458197,2026-05-04T21:52:13.845820,34.009,10029257262,2040,6251,35,100,0
1777924333.85844,2026-05-04T21:52:13.858440,33.791,10029257262,2040,6251,35,100,2
1777924333.872697,2026-05-04T21:52:13.872697,33.791,10029257262,2040,6251,35,100,2
1777924333.8850656,2026-05-04T21:52:13.885066,33.791,10029257262,2040,6251,35,100,2
1777924333.8975995,2026-05-04T21:52:13.897599,33.791,10029260719,2040,6251,35,100,2
1777924333.9129198,2026-05-04T21:52:13.912920,33.791,10029260719,2040,6251,35,100,2
1777924333.9253836,2026-05-04T21:52:13.925384,33.791,10029260719,2040,6251,35,100,2
1777924333.939252,2026-05-04T21:52:13.939252,33.791,10029260719,2040,6251,35,100,2
1777924333.95287,2026-05-04T21:52:13.952870,33.496,10029260719,2040,6251,35,100,2
1777924333.965461,2026-05-04T21:52:13.965461,33.496,10029260719,2040,6251,35,100,2
1777924333.978032,2026-05-04T21:52:13.978032,33.496,10029260719,2040,6251,35,100,2
1777924333.99263,2026-05-04T21:52:13.992630,33.496,10029263779,2040,6251,35,100,2
1777924334.0061028,2026-05-04T21:52:14.006103,33.496,10029263779,2040,6251,35,100,2
1777924334.0187063,2026-05-04T21:52:14.018706,33.496,10029263779,2040,6251,35,100,2
1777924334.0325863,2026-05-04T21:52:14.032586,33.496,10029263779,2040,6251,35,100,2
1777924334.0452862,2026-05-04T21:52:14.045286,33.496,10029263779,2040,6251,35,100,2
1777924334.057831,2026-05-04T21:52:14.057831,33.645,10029263779,2040,6251,35,100,0
1777924334.0775106,2026-05-04T21:52:14.077511,33.645,10029263779,2040,6251,35,100,0
1777924334.0961022,2026-05-04T21:52:14.096102,33.645,10029266960,2040,6251,35,100,0
1777924334.1171377,2026-05-04T21:52:14.117138,33.645,10029266960,2040,6251,35,100,0
1777924334.137295,2026-05-04T21:52:14.137295,33.645,10029266960,2040,6251,35,100,0
1777924334.1561506,2026-05-04T21:52:14.156151,33.755,10029266960,2040,6251,35,100,0
1777924334.1763043,2026-05-04T21:52:14.176304,33.755,10029266960,2040,6251,35,100,0
1777924334.1951694,2026-05-04T21:52:14.195169,33.755,10029270465,2040,6251,35,100,0
1777924334.2180939,2026-05-04T21:52:14.218094,33.755,10029270465,2040,6251,35,100,0
1777924334.2355764,2026-05-04T21:52:14.235576,33.755,10029270465,2040,6251,35,100,0
1777924334.256238,2026-05-04T21:52:14.256238,34.128,10029270465,2040,6251,35,100,0
1777924334.2688794,2026-05-04T21:52:14.268879,34.128,10029270465,2040,6251,35,100,0
1777924334.281651,2026-05-04T21:52:14.281651,34.128,10029270465,2040,6251,35,100,0
1777924334.294289,2026-05-04T21:52:14.294289,34.128,10029274096,2040,6251,35,100,0
1777924334.307626,2026-05-04T21:52:14.307626,34.128,10029274096,2040,6251,35,100,0
1777924334.3203397,2026-05-04T21:52:14.320340,34.128,10029274096,2040,6251,35,100,0
1777924334.3328059,2026-05-04T21:52:14.332806,34.128,10029274096,2040,6251,35,100,0
1777924334.345478,2026-05-04T21:52:14.345478,34.128,10029274096,2040,6251,35,100,0
1777924334.357988,2026-05-04T21:52:14.357988,34.879,10029274096,2040,6251,35,100,0
1777924334.3726685,2026-05-04T21:52:14.372669,34.879,10029274096,2040,6251,35,100,0
1777924334.3851159,2026-05-04T21:52:14.385116,34.879,10029274096,2040,6251,35,100,0
1777924334.3975687,2026-05-04T21:52:14.397569,34.879,10029277319,2040,6251,35,100,0
1777924334.4153907,2026-05-04T21:52:14.415391,34.879,10029277319,2040,6251,35,100,0
1777924334.43434,2026-05-04T21:52:14.434340,34.879,10029277319,2040,6251,35,100,0
1777924334.457325,2026-05-04T21:52:14.457325,34.803,10029277319,2040,6251,35,100,0
1777924334.4785564,2026-05-04T21:52:14.478556,34.803,10029277319,2040,6251,35,100,0
1777924334.4925764,2026-05-04T21:52:14.492576,34.803,10029280676,2040,6251,35,100,0
1777924334.5059252,2026-05-04T21:52:14.505925,34.803,10029280676,2040,6251,35,100,0
1777924334.5184376,2026-05-04T21:52:14.518438,34.803,10029280676,2040,6251,35,100,0
1777924334.5327659,2026-05-04T21:52:14.532766,34.803,10029280676,2040,6251,35,100,0
1777924334.5452566,2026-05-04T21:52:14.545257,34.803,10029280676,2040,6251,35,100,0
1777924334.5577974,2026-05-04T21:52:14.557797,34.561,10029280676,2040,6251,35,100,0
1777924334.572491,2026-05-04T21:52:14.572491,34.561,10029280676,2040,6251,35,100,0
1777924334.5848744,2026-05-04T21:52:14.584874,34.561,10029280676,2040,6251,35,100,0
1777924334.5974603,2026-05-04T21:52:14.597460,34.561,10029283563,2040,6251,35,100,0
1777924334.6158624,2026-05-04T21:52:14.615862,34.561,10029283563,2040,6251,35,100,0
1777924334.6282995,2026-05-04T21:52:14.628299,34.561,10029283563,2040,6251,35,100,0
1777924334.6408803,2026-05-04T21:52:14.640880,34.561,10029283563,2040,6251,35,100,0
1777924334.6535404,2026-05-04T21:52:14.653540,33.918,10029283563,2040,6251,34,15,1
1777924334.6659613,2026-05-04T21:52:14.665961,33.918,10029283563,2040,6251,34,15,1
1777924334.678595,2026-05-04T21:52:14.678595,33.918,10029283563,2040,6251,34,15,1
1777924334.6924129,2026-05-04T21:52:14.692413,33.918,10029286348,2040,6251,34,15,1
1777924334.705909,2026-05-04T21:52:14.705909,33.918,10029286348,2040,6251,34,15,1
1777924334.7184565,2026-05-04T21:52:14.718457,33.918,10029286348,2040,6251,34,15,1
1777924334.73244,2026-05-04T21:52:14.732440,33.918,10029286348,2040,6251,34,15,1
1777924334.7448175,2026-05-04T21:52:14.744817,33.918,10029286348,2040,6251,34,15,1
1777924334.7590406,2026-05-04T21:52:14.759041,33.131,10029286348,2040,6251,34,15,1
1777924334.7725043,2026-05-04T21:52:14.772504,33.131,10029286348,2040,6251,34,15,1
1777924334.7849214,2026-05-04T21:52:14.784921,33.131,10029286348,2040,6251,34,15,1
1777924334.7976155,2026-05-04T21:52:14.797616,33.131,10029289498,2040,6251,34,15,1
1777924334.8146608,2026-05-04T21:52:14.814661,33.131,10029289498,2040,6251,34,15,1
1777924334.8273127,2026-05-04T21:52:14.827313,33.131,10029289498,2040,6251,34,15,1
1777924334.8399642,2026-05-04T21:52:14.839964,33.131,10029289498,2040,6251,34,15,1
1777924334.8526697,2026-05-04T21:52:14.852670,33.443,10029289498,2040,6251,35,59,13
1777924334.865312,2026-05-04T21:52:14.865312,33.443,10029289498,2040,6251,35,59,13
1777924334.8780608,2026-05-04T21:52:14.878061,33.443,10029289498,2040,6251,35,59,13
1777924334.892923,2026-05-04T21:52:14.892923,33.443,10029293176,2040,6251,35,59,13
1777924334.9060946,2026-05-04T21:52:14.906095,33.443,10029293176,2040,6251,35,59,13
1777924334.9187906,2026-05-04T21:52:14.918791,33.443,10029293176,2040,6251,35,59,13
1777924334.9325488,2026-05-04T21:52:14.932549,33.443,10029293176,2040,6251,35,59,13
1777924334.9450114,2026-05-04T21:52:14.945011,33.443,10029293176,2040,6251,35,59,13
1777924334.9576762,2026-05-04T21:52:14.957676,33.314,10029293176,2040,6251,35,59,13
1777924334.97767,2026-05-04T21:52:14.977670,33.314,10029293176,2040,6251,35,59,13
1777924334.9928076,2026-05-04T21:52:14.992808,33.314,10029296839,2040,6251,35,59,13
1777924335.0057976,2026-05-04T21:52:15.005798,33.314,10029296839,2040,6251,35,59,13
1777924335.018723,2026-05-04T21:52:15.018723,33.314,10029296839,2040,6251,35,59,13
1777924335.032353,2026-05-04T21:52:15.032353,33.314,10029296839,2040,6251,35,59,13
1777924335.0452013,2026-05-04T21:52:15.045201,33.314,10029296839,2040,6251,35,59,13
1777924335.0578492,2026-05-04T21:52:15.057849,33.665,10029296839,2040,6251,35,100,23
1777924335.0724485,2026-05-04T21:52:15.072448,33.665,10029296839,2040,6251,35,100,23
1777924335.0849247,2026-05-04T21:52:15.084925,33.665,10029296839,2040,6251,35,100,23
1777924335.0975559,2026-05-04T21:52:15.097556,33.665,10029300514,2040,6251,35,100,23
1777924335.112597,2026-05-04T21:52:15.112597,33.665,10029300514,2040,6251,35,100,23
1777924335.1250873,2026-05-04T21:52:15.125087,33.665,10029300514,2040,6251,35,100,23
1777924335.1375897,2026-05-04T21:52:15.137590,33.665,10029300514,2040,6251,35,100,23
1777924335.1550002,2026-05-04T21:52:15.155000,34.219,10029300514,2040,6251,34,100,23
1777924335.1722033,2026-05-04T21:52:15.172203,34.219,10029300514,2040,6251,34,100,23
1777924335.1857042,2026-05-04T21:52:15.185704,34.219,10029303478,2040,6251,34,100,23
1777924335.2348855,2026-05-04T21:52:15.234885,34.219,10029303478,2040,6251,34,100,23
1777924335.247279,2026-05-04T21:52:15.247279,34.219,10029303478,2040,6251,34,100,23
1777924335.2605314,2026-05-04T21:52:15.260531,33.569,10029303478,2040,6251,34,7,2
1777924335.2754314,2026-05-04T21:52:15.275431,33.569,10029303478,2040,6251,34,7,2
1777924335.2923694,2026-05-04T21:52:15.292369,33.569,10029306228,2040,6251,34,7,2
1777924335.305647,2026-05-04T21:52:15.305647,33.569,10029306228,2040,6251,34,7,2
1777924335.3455484,2026-05-04T21:52:15.345548,33.569,10029306228,2040,6251,34,7,2
1777924335.3586917,2026-05-04T21:52:15.358692,32.275,10029306228,2040,6251,34,7,2
1777924335.3742018,2026-05-04T21:52:15.374202,32.275,10029306228,2040,6251,34,7,2
1777924335.3864064,2026-05-04T21:52:15.386406,32.275,10029306228,2040,6251,34,7,2
