pe,run,task_id,op_name,start_ts,end_ts,wait_start_ts
0,0,0,POTRF(0),1777921360859440128,1777921360876354560,0
0,0,1,TRSM(1,0),1777921360876356608,1777921360923461632,0
0,0,2,TRSM(2,0),1777921360923468800,1777921360970566656,0
0,0,3,TRSM(3,0),1777921360970573824,1777921361017615360,0
0,0,4,TRSM(4,0),1777921361017622528,1777921361064724480,0
0,0,5,TRSM(5,0),1777921361064731648,1777921361111845888,0
0,0,6,TRSM(6,0),1777921361111853056,1777921361158951936,0
0,0,7,TRSM(7,0),1777921361158958080,1777921361206091776,0
0,0,8,TRSM(8,0),1777921361206099968,1777921361253218304,0
0,0,9,TRSM(9,0),1777921361253225472,1777921361300325376,0
0,0,10,TRSM(10,0),1777921361300332544,1777921361347430400,0
0,0,11,TRSM(11,0),1777921361347437568,1777921361394513920,0
0,0,12,TRSM(12,0),1777921361394522112,1777921361441639424,0
0,0,13,TRSM(13,0),1777921361441648640,1777921361488690176,0
0,0,14,TRSM(14,0),1777921361488697344,1777921361535832064,0
0,0,15,TRSM(15,0),1777921361535840256,1777921361582958592,0
0,0,31,SYRK(2,2,0),1777921361582967808,1777921361624763392,0
0,0,32,GEMM(3,2,0),1777921361624767488,1777921361704080384,0
0,0,33,GEMM(4,2,0),1777921361704083456,1777921361783402496,0
0,0,34,GEMM(5,2,0),1777921361783406592,1777921361862734848,0
0,0,35,GEMM(6,2,0),1777921361862738944,1777921361942054912,0
0,0,36,GEMM(7,2,0),1777921361942059008,1777921362021386240,0
0,0,37,GEMM(8,2,0),1777921362021389312,1777921362100702208,0
0,0,38,GEMM(9,2,0),1777921362100705280,1777921362180024320,0
0,0,39,GEMM(10,2,0),1777921362180027392,1777921362259340288,0
0,0,40,GEMM(11,2,0),1777921362259344384,1777921362338664448,0
0,0,41,GEMM(12,2,0),1777921362338668544,1777921362417982464,0
0,0,42,GEMM(13,2,0),1777921362417985536,1777921362497305600,0
0,0,43,GEMM(14,2,0),1777921362497308672,1777921362576622592,0
0,0,44,GEMM(15,2,0),1777921362576625664,1777921362655936512,0
0,0,58,SYRK(4,4,0),1777921362655939584,1777921362697726976,0
0,0,59,GEMM(5,4,0),1777921362697731072,1777921362777042944,0
0,0,60,GEMM(6,4,0),1777921362777046016,1777921362856356864,0
0,0,61,GEMM(7,4,0),1777921362856360960,1777921362935662592,0
0,0,62,GEMM(8,4,0),1777921362935666688,1777921363014974464,0
0,0,63,GEMM(9,4,0),1777921363014978560,1777921363094294528,0
0,0,64,GEMM(10,4,0),1777921363094298624,1777921363173611520,0
0,0,65,GEMM(11,4,0),1777921363173615616,1777921363252925440,0
0,0,66,GEMM(12,4,0),1777921363252928512,1777921363332240384,0
0,0,67,GEMM(13,4,0),1777921363332243456,1777921363411550208,0
0,0,68,GEMM(14,4,0),1777921363411553280,1777921363490862080,0
0,0,69,GEMM(15,4,0),1777921363490866176,1777921363570178048,0
0,0,81,SYRK(6,6,0),1777921363570181120,1777921363611972608,0
0,0,82,GEMM(7,6,0),1777921363611975680,1777921363691291648,0
0,0,83,GEMM(8,6,0),1777921363691294720,1777921363770602496,0
0,0,84,GEMM(9,6,0),1777921363770605568,1777921363849914368,0
0,0,85,GEMM(10,6,0),1777921363849917440,1777921363929228288,0
0,0,86,GEMM(11,6,0),1777921363929232384,1777921364008534016,0
0,0,87,GEMM(12,6,0),1777921364008538112,1777921364087835648,0
0,0,88,GEMM(13,6,0),1777921364087838720,1777921364167151616,0
0,0,89,GEMM(14,6,0),1777921364167154688,1777921364246465536,0
0,0,90,GEMM(15,6,0),1777921364246469632,1777921364325771264,0
0,0,100,SYRK(8,8,0),1777921364325775360,1777921364367567872,0
0,0,101,GEMM(9,8,0),1777921364367570944,1777921364446868480,0
0,0,102,GEMM(10,8,0),1777921364446872576,1777921364526172160,0
0,0,103,GEMM(11,8,0),1777921364526175232,1777921364605473792,0
0,0,104,GEMM(12,8,0),1777921364605477888,1777921364684774400,0
0,0,105,GEMM(13,8,0),1777921364684778496,1777921364764070912,0
0,0,106,GEMM(14,8,0),1777921364764075008,1777921364843381760,0
0,0,107,GEMM(15,8,0),1777921364843384832,1777921364922698752,0
0,0,115,SYRK(10,10,0),1777921364922701824,1777921364964496384,0
0,0,116,GEMM(11,10,0),1777921364964499456,1777921365043822592,0
0,0,117,GEMM(12,10,0),1777921365043825664,1777921365123141632,0
0,0,118,GEMM(13,10,0),1777921365123144704,1777921365202466816,0
0,0,119,GEMM(14,10,0),1777921365202469888,1777921365281780736,0
0,0,120,GEMM(15,10,0),1777921365281783808,1777921365361093632,0
0,0,126,SYRK(12,12,0),1777921365361096704,1777921365402889216,0
0,0,127,GEMM(13,12,0),1777921365402892288,1777921365482191872,0
0,0,128,GEMM(14,12,0),1777921365482198016,1777921365561502720,0
0,0,129,GEMM(15,12,0),1777921365561506816,1777921365640817664,0
0,0,133,SYRK(14,14,0),1777921365640821760,1777921365682611200,0
0,0,134,GEMM(15,14,0),1777921365682615296,1777921365761918976,0
0,0,151,SYRK(2,2,1),1777921379635154944,1777921379784879104,1777921365761923072
0,0,152,GEMM(3,2,1),1777921379784886272,1777921380094761984,1777921379784882176
0,0,153,GEMM(4,2,1),1777921380094769152,1777921380379271168,1777921380094765056
0,0,154,GEMM(5,2,1),1777921380379278336,1777921380689163264,1777921380379274240
0,0,155,GEMM(6,2,1),1777921380689171456,1777921380984950784,1777921380689167360
0,0,156,GEMM(7,2,1),1777921380984957952,1777921381294807040,1777921380984953856
0,0,157,GEMM(8,2,1),1777921381294815232,1777921381579177984,1777921381294811136
0,0,158,GEMM(9,2,1),1777921381579186176,1777921381889124352,1777921381579182080
0,0,159,GEMM(10,2,1),1777921381889132544,1777921382184969216,1777921381889128448
0,0,160,GEMM(11,2,1),1777921382184977408,1777921382494907392,1777921382184973312
0,0,161,GEMM(12,2,1),1777921382494914560,1777921382779339776,1777921382494910464
0,0,162,GEMM(13,2,1),1777921382779346944,1777921383089233920,1777921382779343872
0,0,163,GEMM(14,2,1),1777921383089241088,1777921383385004032,1777921383089236992
0,0,164,GEMM(15,2,1),1777921383385011200,1777921383694883840,1777921383385007104
0,0,178,SYRK(4,4,1),1777921383694891008,1777921383840362496,1777921383694886912
0,0,179,GEMM(5,4,1),1777921383840369664,1777921384147338240,1777921383840365568
0,0,180,GEMM(6,4,1),1777921384147345408,1777921384436754432,1777921384147342336
0,0,181,GEMM(7,4,1),1777921384436762624,1777921384743617536,1777921384436758528
0,0,182,GEMM(8,4,1),1777921384743624704,1777921385031625728,1777921384743620608
0,0,183,GEMM(9,4,1),1777921385031632896,1777921385338482688,1777921385031628800
0,0,184,GEMM(10,4,1),1777921385338489856,1777921385627959296,1777921385338485760
0,0,185,GEMM(11,4,1),1777921385627967488,1777921385934740480,1777921385627963392
0,0,186,GEMM(12,4,1),1777921385934748672,1777921386222691328,1777921385934744576
0,0,187,GEMM(13,4,1),1777921386222698496,1777921386529606656,1777921386222694400
0,0,188,GEMM(14,4,1),1777921386529613824,1777921386819014656,1777921386529610752
0,0,189,GEMM(15,4,1),1777921386819022848,1777921387125735424,1777921386819018752
0,0,201,SYRK(6,6,1),1777921387125742592,1777921387275283456,1777921387125739520
0,0,202,GEMM(7,6,1),1777921387275290624,1777921387585028096,1777921387275286528
0,0,203,GEMM(8,6,1),1777921387585035264,1777921387869421568,1777921387585032192
0,0,204,GEMM(9,6,1),1777921387869428736,1777921388179212288,1777921387869424640
0,0,205,GEMM(10,6,1),1777921388179220480,1777921388474998784,1777921388179216384
0,0,206,GEMM(11,6,1),1777921388475006976,1777921388784778240,1777921388475001856
0,0,207,GEMM(12,6,1),1777921388784785408,1777921389069158400,1777921388784781312
0,0,208,GEMM(13,6,1),1777921389069164544,1777921389378897920,1777921389069160448
0,0,209,GEMM(14,6,1),1777921389378906112,1777921389674621952,1777921389378902016
0,0,210,GEMM(15,6,1),1777921389674630144,1777921389984334848,1777921389674626048
0,0,220,SYRK(8,8,1),1777921389984342016,1777921390129770496,1777921389984337920
0,0,221,GEMM(9,8,1),1777921390129777664,1777921390436797440,1777921390129773568
0,0,222,GEMM(10,8,1),1777921390436805632,1777921390726281216,1777921390436801536
0,0,223,GEMM(11,8,1),1777921390726288384,1777921391033107456,1777921390726284288
0,0,224,GEMM(12,8,1),1777921391033114624,1777921391321035776,1777921391033110528
0,0,225,GEMM(13,8,1),1777921391321043968,1777921391628064768,1777921391321039872
0,0,226,GEMM(14,8,1),1777921391628071936,1777921391917568000,1777921391628067840
0,0,227,GEMM(15,8,1),1777921391917576192,1777921392224578560,1777921391917572096
0,0,235,SYRK(10,10,1),1777921392224585728,1777921392374256640,1777921392224581632
0,0,236,GEMM(11,10,1),1777921392374263808,1777921392684077056,1777921392374260736
0,0,237,GEMM(12,10,1),1777921392684084224,1777921392968454144,1777921392684081152
0,0,238,GEMM(13,10,1),1777921392968461312,1777921393278177280,1777921392968457216
0,0,239,GEMM(14,10,1),1777921393278185472,1777921393573907456,1777921393278181376
0,0,240,GEMM(15,10,1),1777921393573914624,1777921393883671552,1777921393573910528
0,0,246,SYRK(12,12,1),1777921393883678720,1777921394029077504,1777921393883675648
0,0,247,GEMM(13,12,1),1777921394029084672,1777921394336025600,1777921394029081600
0,0,248,GEMM(14,12,1),1777921394336033792,1777921394625497088,1777921394336029696
0,0,249,GEMM(15,12,1),1777921394625504256,1777921394932347904,1777921394625500160
0,0,253,SYRK(14,14,1),1777921394932355072,1777921395081933824,1777921394932350976
0,0,254,GEMM(15,14,1),1777921395081939968,1777921395391630336,1777921395081935872
0,0,256,POTRF(2),1777921395391633408,1777921395408533504,0
0,0,257,TRSM(3,2),1777921395408535552,1777921395455492096,0
0,0,258,TRSM(4,2),1777921395455498240,1777921395502599168,0
0,0,259,TRSM(5,2),1777921395502606336,1777921395549762560,0
0,0,260,TRSM(6,2),1777921395549769728,1777921395596823552,0
0,0,261,TRSM(7,2),1777921395596830720,1777921395643834368,0
0,0,262,TRSM(8,2),1777921395643843584,1777921395690925056,0
0,0,263,TRSM(9,2),1777921395690933248,1777921395737955328,0
0,0,264,TRSM(10,2),1777921395737964544,1777921395784987648,0
0,0,265,TRSM(11,2),1777921395784995840,1777921395831988224,0
0,0,266,TRSM(12,2),1777921395831996416,1777921395879071744,0
0,0,267,TRSM(13,2),1777921395879079936,1777921395926120448,0
0,0,268,TRSM(14,2),1777921395926127616,1777921395973050368,0
0,0,269,TRSM(15,2),1777921395973058560,1777921396020075520,0
0,0,283,SYRK(4,4,2),1777921396020083712,1777921396061872128,0
0,0,284,GEMM(5,4,2),1777921396061876224,1777921396141175808,0
0,0,285,GEMM(6,4,2),1777921396141178880,1777921396220483584,0
0,0,286,GEMM(7,4,2),1777921396220487680,1777921396299793408,0
0,0,287,GEMM(8,4,2),1777921396299796480,1777921396379095040,0
0,0,288,GEMM(9,4,2),1777921396379099136,1777921396458404864,0
0,0,289,GEMM(10,4,2),1777921396458407936,1777921396537706496,0
0,0,290,GEMM(11,4,2),1777921396537710592,1777921396617025536,0
0,0,291,GEMM(12,4,2),1777921396617028608,1777921396696334336,0
0,0,292,GEMM(13,4,2),1777921396696337408,1777921396775647232,0
0,0,293,GEMM(14,4,2),1777921396775650304,1777921396854949888,0
0,0,294,GEMM(15,4,2),1777921396854952960,1777921396934250496,0
0,0,306,SYRK(6,6,2),1777921396934254592,1777921396976045056,0
0,0,307,GEMM(7,6,2),1777921396976048128,1777921397055338496,0
0,0,308,GEMM(8,6,2),1777921397055342592,1777921397134635008,0
0,0,309,GEMM(9,6,2),1777921397134638080,1777921397213939712,0
0,0,310,GEMM(10,6,2),1777921397213942784,1777921397293245440,0
0,0,311,GEMM(11,6,2),1777921397293248512,1777921397372542976,0
0,0,312,GEMM(12,6,2),1777921397372546048,1777921397451841536,0
0,0,313,GEMM(13,6,2),1777921397451844608,1777921397531157504,0
0,0,314,GEMM(14,6,2),1777921397531160576,1777921397610468352,0
0,0,315,GEMM(15,6,2),1777921397610471424,1777921397689768960,0
0,0,325,SYRK(8,8,2),1777921397689772032,1777921397731555328,0
0,0,326,GEMM(9,8,2),1777921397731558400,1777921397810860032,0
0,0,327,GEMM(10,8,2),1777921397810863104,1777921397890163712,0
0,0,328,GEMM(11,8,2),1777921397890167808,1777921397969465344,0
0,0,329,GEMM(12,8,2),1777921397969468416,1777921398048759808,0
0,0,330,GEMM(13,8,2),1777921398048763904,1777921398128057344,0
0,0,331,GEMM(14,8,2),1777921398128060416,1777921398207357952,0
0,0,332,GEMM(15,8,2),1777921398207362048,1777921398286659584,0
0,0,340,SYRK(10,10,2),1777921398286663680,1777921398328452096,0
0,0,341,GEMM(11,10,2),1777921398328456192,1777921398407766016,0
0,0,342,GEMM(12,10,2),1777921398407769088,1777921398487069696,0
0,0,343,GEMM(13,10,2),1777921398487072768,1777921398566369280,0
0,0,344,GEMM(14,10,2),1777921398566372352,1777921398645671936,0
0,0,345,GEMM(15,10,2),1777921398645675008,1777921398724984832,0
0,0,351,SYRK(12,12,2),1777921398724987904,1777921398766772224,0
0,0,352,GEMM(13,12,2),1777921398766775296,1777921398846073856,0
0,0,353,GEMM(14,12,2),1777921398846076928,1777921398925364224,0
0,0,354,GEMM(15,12,2),1777921398925367296,1777921399004667904,0
0,0,358,SYRK(14,14,2),1777921399004672000,1777921399046458368,0
0,0,359,GEMM(15,14,2),1777921399046461440,1777921399125750784,0
0,0,374,SYRK(4,4,3),1777921409665778688,1777921409811266560,1777921399125753856
0,0,375,GEMM(5,4,3),1777921409811273728,1777921410118060032,1777921409811269632
0,0,376,GEMM(6,4,3),1777921410118067200,1777921410407609344,1777921410118064128
0,0,377,GEMM(7,4,3),1777921410407616512,1777921410714383360,1777921410407613440
0,0,378,GEMM(8,4,3),1777921410714390528,1777921411002437632,1777921410714387456
0,0,379,GEMM(9,4,3),1777921411002444800,1777921411309321216,1777921411002440704
0,0,380,GEMM(10,4,3),1777921411309329408,1777921411598785536,1777921411309325312
0,0,381,GEMM(11,4,3),1777921411598793728,1777921411905666048,1777921411598789632
0,0,382,GEMM(12,4,3),1777921411905674240,1777921412193637376,1777921411905670144
0,0,383,GEMM(13,4,3),1777921412193644544,1777921412500564992,1777921412193640448
0,0,384,GEMM(14,4,3),1777921412500573184,1777921412789995520,1777921412500569088
0,0,385,GEMM(15,4,3),1777921412790002688,1777921413096915968,1777921412789998592
0,0,397,SYRK(6,6,3),1777921413096923136,1777921413246551040,1777921413096920064
0,0,398,GEMM(7,6,3),1777921413246558208,1777921413556279296,1777921413246555136
0,0,399,GEMM(8,6,3),1777921413556286464,1777921413840734208,1777921413556282368
0,0,400,GEMM(9,6,3),1777921413840742400,1777921414150514688,1777921413840738304
0,0,401,GEMM(10,6,3),1777921414150522880,1777921414446161920,1777921414150518784
0,0,402,GEMM(11,6,3),1777921414446170112,1777921414755893248,1777921414446166016
0,0,403,GEMM(12,6,3),1777921414755900416,1777921415040401408,1777921414755896320
0,0,404,GEMM(13,6,3),1777921415040408576,1777921415350125568,1777921415040404480
0,0,405,GEMM(14,6,3),1777921415350132736,1777921415645805568,1777921415350128640
0,0,406,GEMM(15,6,3),1777921415645812736,1777921415955547136,1777921415645808640
0,0,416,SYRK(8,8,3),1777921415955553280,1777921416101142528,1777921415955550208
0,0,417,GEMM(9,8,3),1777921416101149696,1777921416407984128,1777921416101145600
0,0,418,GEMM(10,8,3),1777921416407992320,1777921416697459712,1777921416407988224
0,0,419,GEMM(11,8,3),1777921416697466880,1777921417004463104,1777921416697462784
0,0,420,GEMM(12,8,3),1777921417004470272,1777921417292404736,1777921417004466176
0,0,421,GEMM(13,8,3),1777921417292411904,1777921417599292416,1777921417292407808
0,0,422,GEMM(14,8,3),1777921417599300608,1777921417888702464,1777921417599296512
0,0,423,GEMM(15,8,3),1777921417888710656,1777921418195637248,1777921417888705536
0,0,431,SYRK(10,10,3),1777921418195644416,1777921418345247744,1777921418195640320
0,0,432,GEMM(11,10,3),1777921418345254912,1777921418655049728,1777921418345250816
0,0,433,GEMM(12,10,3),1777921418655057920,1777921418939415552,1777921418655053824
0,0,434,GEMM(13,10,3),1777921418939422720,1777921419249093632,1777921418939418624
0,0,435,GEMM(14,10,3),1777921419249100800,1777921419544813568,1777921419249096704
0,0,436,GEMM(15,10,3),1777921419544820736,1777921419854631936,1777921419544817664
0,0,442,SYRK(12,12,3),1777921419854639104,1777921420000011264,1777921419854636032
0,0,443,GEMM(13,12,3),1777921420000017408,1777921420306832384,1777921420000014336
0,0,444,GEMM(14,12,3),1777921420306839552,1777921420596201472,1777921420306836480
0,0,445,GEMM(15,12,3),1777921420596208640,1777921420903152640,1777921420596204544
0,0,449,SYRK(14,14,3),1777921420903159808,1777921421052651520,1777921420903155712
0,0,450,GEMM(15,14,3),1777921421052657664,1777921421362363392,1777921421052654592
0,0,452,POTRF(4),1777921421362366464,1777921421379265536,0
0,0,453,TRSM(5,4),1777921421379266560,1777921421426282496,0
0,0,454,TRSM(6,4),1777921421426288640,1777921421473342464,0
0,0,455,TRSM(7,4),1777921421473350656,1777921421520608256,0
0,0,456,TRSM(8,4),1777921421520615424,1777921421567844352,0
0,0,457,TRSM(9,4),1777921421567851520,1777921421614968832,0
0,0,458,TRSM(10,4),1777921421614977024,1777921421662039040,0
0,0,459,TRSM(11,4),1777921421662046208,1777921421709153280,0
0,0,460,TRSM(12,4),1777921421709160448,1777921421756226560,0
0,0,461,TRSM(13,4),1777921421756233728,1777921421803359232,0
0,0,462,TRSM(14,4),1777921421803366400,1777921421850446848,0
0,0,463,TRSM(15,4),1777921421850454016,1777921421897558016,0
0,0,475,SYRK(6,6,4),1777921421897567232,1777921421939357696,0
0,0,476,GEMM(7,6,4),1777921421939360768,1777921422018651136,0
0,0,477,GEMM(8,6,4),1777921422018654208,1777921422097945600,0
0,0,478,GEMM(9,6,4),1777921422097948672,1777921422177250304,0
0,0,479,GEMM(10,6,4),1777921422177253376,1777921422256550912,0
0,0,480,GEMM(11,6,4),1777921422256555008,1777921422335850496,0
0,0,481,GEMM(12,6,4),1777921422335854592,1777921422415150080,0
0,0,482,GEMM(13,6,4),1777921422415154176,1777921422494448640,0
0,0,483,GEMM(14,6,4),1777921422494452736,1777921422573758464,0
0,0,484,GEMM(15,6,4),1777921422573761536,1777921422653069312,0
0,0,494,SYRK(8,8,4),1777921422653072384,1777921422694857728,0
0,0,495,GEMM(9,8,4),1777921422694860800,1777921422774150144,0
0,0,496,GEMM(10,8,4),1777921422774154240,1777921422853454848,0
0,0,497,GEMM(11,8,4),1777921422853457920,1777921422932746240,0
0,0,498,GEMM(12,8,4),1777921422932749312,1777921423012042752,0
0,0,499,GEMM(13,8,4),1777921423012046848,1777921423091335168,0
0,0,500,GEMM(14,8,4),1777921423091338240,1777921423170643968,0
0,0,501,GEMM(15,8,4),1777921423170647040,1777921423249943552,0
0,0,509,SYRK(10,10,4),1777921423249946624,1777921423291739136,0
0,0,510,GEMM(11,10,4),1777921423291743232,1777921423371036672,0
0,0,511,GEMM(12,10,4),1777921423371039744,1777921423450339328,0
0,0,512,GEMM(13,10,4),1777921423450343424,1777921423529648128,0
0,0,513,GEMM(14,10,4),1777921423529651200,1777921423608947712,0
0,0,514,GEMM(15,10,4),1777921423608951808,1777921423688254464,0
0,0,520,SYRK(12,12,4),1777921423688258560,1777921423730041856,0
0,0,521,GEMM(13,12,4),1777921423730044928,1777921423809347584,0
0,0,522,GEMM(14,12,4),1777921423809351680,1777921423888651264,0
0,0,523,GEMM(15,12,4),1777921423888655360,1777921423967946752,0
0,0,527,SYRK(14,14,4),1777921423967949824,1777921424009738240,0
0,0,528,GEMM(15,14,4),1777921424009742336,1777921424089029632,0
0,0,541,SYRK(6,6,5),1777921431759586304,1777921431909298176,1777921424089033728
0,0,542,GEMM(7,6,5),1777921431909305344,1777921432219259904,1777921431909302272
0,0,543,GEMM(8,6,5),1777921432219268096,1777921432503749632,1777921432219264000
0,0,544,GEMM(9,6,5),1777921432503756800,1777921432813488128,1777921432503753728
0,0,545,GEMM(10,6,5),1777921432813496320,1777921433109208064,1777921432813492224
0,0,546,GEMM(11,6,5),1777921433109215232,1777921433419045888,1777921433109211136
0,0,547,GEMM(12,6,5),1777921433419053056,1777921433703631872,1777921433419048960
0,0,548,GEMM(13,6,5),1777921433703640064,1777921434013388800,1777921433703635968
0,0,549,GEMM(14,6,5),1777921434013396992,1777921434309082112,1777921434013392896
0,0,550,GEMM(15,6,5),1777921434309089280,1777921434618822656,1777921434309085184
0,0,560,SYRK(8,8,5),1777921434618829824,1777921434764323840,1777921434618826752
0,0,561,GEMM(9,8,5),1777921434764331008,1777921435071171584,1777921434764326912
0,0,562,GEMM(10,8,5),1777921435071178752,1777921435360692224,1777921435071174656
0,0,563,GEMM(11,8,5),1777921435360699392,1777921435667529728,1777921435360695296
0,0,564,GEMM(12,8,5),1777921435667537920,1777921435955547136,1777921435667533824
0,0,565,GEMM(13,8,5),1777921435955553280,1777921436262474752,1777921435955550208
0,0,566,GEMM(14,8,5),1777921436262482944,1777921436552049664,1777921436262478848
0,0,567,GEMM(15,8,5),1777921436552056832,1777921436859103232,1777921436552053760
0,0,575,SYRK(10,10,5),1777921436859110400,1777921437008730112,1777921436859107328
0,0,576,GEMM(11,10,5),1777921437008737280,1777921437318534144,1777921437008733184
0,0,577,GEMM(12,10,5),1777921437318541312,1777921437602868224,1777921437318537216
0,0,578,GEMM(13,10,5),1777921437602876416,1777921437912740864,1777921437602872320
0,0,579,GEMM(14,10,5),1777921437912748032,1777921438208526336,1777921437912743936
0,0,580,GEMM(15,10,5),1777921438208533504,1777921438518189056,1777921438208529408
0,0,586,SYRK(12,12,5),1777921438518195200,1777921438663695360,1777921438518192128
0,0,587,GEMM(13,12,5),1777921438663702528,1777921438970665984,1777921438663698432
0,0,588,GEMM(14,12,5),1777921438970674176,1777921439260084224,1777921438970670080
0,0,589,GEMM(15,12,5),1777921439260091392,1777921439566893056,1777921439260087296
0,0,593,SYRK(14,14,5),1777921439566900224,1777921439716618240,1777921439566897152
0,0,594,GEMM(15,14,5),1777921439716625408,1777921440026195968,1777921439716622336
0,0,596,POTRF(6),1777921440026200064,1777921440043099136,0
0,0,597,TRSM(7,6),1777921440043100160,1777921440090245120,0
0,0,598,TRSM(8,6),1777921440090251264,1777921440137468928,0
0,0,599,TRSM(9,6),1777921440137476096,1777921440184491008,0
0,0,600,TRSM(10,6),1777921440184499200,1777921440231501824,0
0,0,601,TRSM(11,6),1777921440231510016,1777921440278585344,0
0,0,602,TRSM(12,6),1777921440278593536,1777921440325686272,0
0,0,603,TRSM(13,6),1777921440325694464,1777921440372720640,0
0,0,604,TRSM(14,6),1777921440372729856,1777921440419748864,0
0,0,605,TRSM(15,6),1777921440419757056,1777921440466783232,0
0,0,615,SYRK(8,8,6),1777921440466793472,1777921440508569600,0
0,0,616,GEMM(9,8,6),1777921440508573696,1777921440587866112,0
0,0,617,GEMM(10,8,6),1777921440587870208,1777921440667168768,0
0,0,618,GEMM(11,8,6),1777921440667171840,1777921440746472448,0
0,0,619,GEMM(12,8,6),1777921440746475520,1777921440825762816,0
0,0,620,GEMM(13,8,6),1777921440825765888,1777921440905066496,0
0,0,621,GEMM(14,8,6),1777921440905069568,1777921440984368128,0
0,0,622,GEMM(15,8,6),1777921440984371200,1777921441063663616,0
0,0,630,SYRK(10,10,6),1777921441063667712,1777921441105451008,0
0,0,631,GEMM(11,10,6),1777921441105454080,1777921441184755712,0
0,0,632,GEMM(12,10,6),1777921441184758784,1777921441264061440,0
0,0,633,GEMM(13,10,6),1777921441264064512,1777921441343376384,0
0,0,634,GEMM(14,10,6),1777921441343379456,1777921441422679040,0
0,0,635,GEMM(15,10,6),1777921441422682112,1777921441501976576,0
0,0,641,SYRK(12,12,6),1777921441501980672,1777921441543761920,0
0,0,642,GEMM(13,12,6),1777921441543764992,1777921441623050240,0
0,0,643,GEMM(14,12,6),1777921441623054336,1777921441702336512,0
0,0,644,GEMM(15,12,6),1777921441702340608,1777921441781629952,0
0,0,648,SYRK(14,14,6),1777921441781634048,1777921441823414272,0
0,0,649,GEMM(15,14,6),1777921441823418368,1777921441902716928,0
0,0,660,SYRK(8,8,7),1777921447162466304,1777921447307902976,1777921441902721024
0,0,661,GEMM(9,8,7),1777921447307910144,1777921447615019008,1777921447307907072
0,0,662,GEMM(10,8,7),1777921447615026176,1777921447904562176,1777921447615022080
0,0,663,GEMM(11,8,7),1777921447904569344,1777921448211574784,1777921447904566272
0,0,664,GEMM(12,8,7),1777921448211581952,1777921448499475456,1777921448211577856
0,0,665,GEMM(13,8,7),1777921448499482624,1777921448806596608,1777921448499478528
0,0,666,GEMM(14,8,7),1777921448806604800,1777921449096056832,1777921448806600704
0,0,667,GEMM(15,8,7),1777921449096064000,1777921449403103232,1777921449096060928
0,0,675,SYRK(10,10,7),1777921449403110400,1777921449552700416,1777921449403106304
0,0,676,GEMM(11,10,7),1777921449552707584,1777921449862487040,1777921449552704512
0,0,677,GEMM(12,10,7),1777921449862495232,1777921450146899968,1777921449862491136
0,0,678,GEMM(13,10,7),1777921450146907136,1777921450456755200,1777921450146904064
0,0,679,GEMM(14,10,7),1777921450456763392,1777921450752419840,1777921450456759296
0,0,680,GEMM(15,10,7),1777921450752427008,1777921451062189056,1777921450752422912
0,0,686,SYRK(12,12,7),1777921451062196224,1777921451207770112,1777921451062193152
0,0,687,GEMM(13,12,7),1777921451207777280,1777921451514678272,1777921451207773184
0,0,688,GEMM(14,12,7),1777921451514686464,1777921451804066816,1777921451514682368
0,0,689,GEMM(15,12,7),1777921451804073984,1777921452111071232,1777921451804070912
0,0,693,SYRK(14,14,7),1777921452111078400,1777921452260517888,1777921452111075328
0,0,694,GEMM(15,14,7),1777921452260525056,1777921452570195968,1777921452260520960
0,0,696,POTRF(8),1777921452570199040,1777921452587100160,0
0,0,697,TRSM(9,8),1777921452587102208,1777921452634120192,0
0,0,698,TRSM(10,8),1777921452634126336,1777921452681319424,0
0,0,699,TRSM(11,8),1777921452681326592,1777921452728571904,0
0,0,700,TRSM(12,8),1777921452728581120,1777921452775723008,0
0,0,701,TRSM(13,8),1777921452775730176,1777921452822864896,0
0,0,702,TRSM(14,8),1777921452822872064,1777921452869933056,0
0,0,703,TRSM(15,8),1777921452869940224,1777921452917027840,0
0,0,711,SYRK(10,10,8),1777921452917036032,1777921452958819328,0
0,0,712,GEMM(11,10,8),1777921452958822400,1777921453038131200,0
0,0,713,GEMM(12,10,8),1777921453038135296,1777921453117435904,0
0,0,714,GEMM(13,10,8),1777921453117440000,1777921453196763136,0
0,0,715,GEMM(14,10,8),1777921453196766208,1777921453276092416,0
0,0,716,GEMM(15,10,8),1777921453276095488,1777921453355412480,0
0,0,722,SYRK(12,12,8),1777921453355416576,1777921453397202944,0
0,0,723,GEMM(13,12,8),1777921453397207040,1777921453476517888,0
0,0,724,GEMM(14,12,8),1777921453476521984,1777921453555815424,0
0,0,725,GEMM(15,12,8),1777921453555818496,1777921453635103744,0
0,0,729,SYRK(14,14,8),1777921453635107840,1777921453676893184,0
0,0,730,GEMM(15,14,8),1777921453676897280,1777921453756204032,0
0,0,739,SYRK(10,10,9),1777921457068022784,1777921457217744896,1777921453756208128
0,0,740,GEMM(11,10,9),1777921457217752064,1777921457527682048,1777921457217748992
0,0,741,GEMM(12,10,9),1777921457527689216,1777921457812033536,1777921457527686144
0,0,742,GEMM(13,10,9),1777921457812041728,1777921458121867264,1777921457812037632
0,0,743,GEMM(14,10,9),1777921458121875456,1777921458417681408,1777921458121870336
0,0,744,GEMM(15,10,9),1777921458417689600,1777921458727459840,1777921458417685504
0,0,750,SYRK(12,12,9),1777921458727467008,1777921458873089024,1777921458727463936
0,0,751,GEMM(13,12,9),1777921458873096192,1777921459180053504,1777921458873093120
0,0,752,GEMM(14,12,9),1777921459180061696,1777921459469481984,1777921459180057600
0,0,753,GEMM(15,12,9),1777921459469489152,1777921459776481280,1777921459469485056
0,0,757,SYRK(14,14,9),1777921459776487424,1777921459926114304,1777921459776484352
0,0,758,GEMM(15,14,9),1777921459926121472,1777921460235963392,1777921459926117376
0,0,760,POTRF(10),1777921460235967488,1777921460252867584,0
0,0,761,TRSM(11,10),1777921460252868608,1777921460299841536,0
0,0,762,TRSM(12,10),1777921460299847680,1777921460346869760,0
0,0,763,TRSM(13,10),1777921460346876928,1777921460394019840,0
0,0,764,TRSM(14,10),1777921460394027008,1777921460441190400,0
0,0,765,TRSM(15,10),1777921460441197568,1777921460488278016,0
0,0,771,SYRK(12,12,10),1777921460488288256,1777921460530068480,0
0,0,772,GEMM(13,12,10),1777921460530072576,1777921460609370112,0
0,0,773,GEMM(14,12,10),1777921460609373184,1777921460688688128,0
0,0,774,GEMM(15,12,10),1777921460688691200,1777921460768012288,0
0,0,778,SYRK(14,14,10),1777921460768015360,1777921460809806848,0
0,0,779,GEMM(15,14,10),1777921460809809920,1777921460889123840,0
0,0,786,SYRK(12,12,11),1777921462709646336,1777921462855153664,1777921460889126912
0,0,787,GEMM(13,12,11),1777921462855160832,1777921463161924608,1777921462855157760
0,0,788,GEMM(14,12,11),1777921463161931776,1777921463451426816,1777921463161928704
0,0,789,GEMM(15,12,11),1777921463451435008,1777921463758314496,1777921463451430912
0,0,793,SYRK(14,14,11),1777921463758320640,1777921463907954688,1777921463758317568
0,0,794,GEMM(15,14,11),1777921463907961856,1777921464217665536,1777921463907958784
0,0,796,POTRF(12),1777921464217668608,1777921464234567680,0
0,0,797,TRSM(13,12),1777921464234568704,1777921464281722880,0
0,0,798,TRSM(14,12),1777921464281729024,1777921464328932352,0
0,0,799,TRSM(15,12),1777921464328939520,1777921464376124416,0
0,0,803,SYRK(14,14,12),1777921464376133632,1777921464417930240,0
0,0,804,GEMM(15,14,12),1777921464417933312,1777921464497243136,0
0,0,809,SYRK(14,14,13),1777921465292069888,1777921465441704960,1777921464497246208
0,0,810,GEMM(15,14,13),1777921465441712128,1777921465751483392,1777921465441709056
0,0,812,POTRF(14),1777921465751486464,1777921465768385536,0
0,0,813,TRSM(15,14),1777921465768387584,1777921465815394304,0
0,1,0,POTRF(0),1777921467901335552,1777921467918264320,0
0,1,1,TRSM(1,0),1777921467918266368,1777921467965388800,0
0,1,2,TRSM(2,0),1777921467965394944,1777921468012494848,0
0,1,3,TRSM(3,0),1777921468012502016,1777921468059641856,0
0,1,4,TRSM(4,0),1777921468059649024,1777921468106731520,0
0,1,5,TRSM(5,0),1777921468106738688,1777921468153876480,0
0,1,6,TRSM(6,0),1777921468153883648,1777921468201012224,0
0,1,7,TRSM(7,0),1777921468201019392,1777921468248137728,0
0,1,8,TRSM(8,0),1777921468248144896,1777921468295266304,0
0,1,9,TRSM(9,0),1777921468295273472,1777921468342404096,0
0,1,10,TRSM(10,0),1777921468342411264,1777921468389518336,0
0,1,11,TRSM(11,0),1777921468389525504,1777921468436606976,0
0,1,12,TRSM(12,0),1777921468436616192,1777921468483703808,0
0,1,13,TRSM(13,0),1777921468483712000,1777921468530813952,0
0,1,14,TRSM(14,0),1777921468530821120,1777921468577899520,0
0,1,15,TRSM(15,0),1777921468577907712,1777921468625012736,0
0,1,31,SYRK(2,2,0),1777921468625020928,1777921468666816512,0
0,1,32,GEMM(3,2,0),1777921468666819584,1777921468746148864,0
0,1,33,GEMM(4,2,0),1777921468746151936,1777921468825473024,0
0,1,34,GEMM(5,2,0),1777921468825477120,1777921468904812544,0
0,1,35,GEMM(6,2,0),1777921468904816640,1777921468984145920,0
0,1,36,GEMM(7,2,0),1777921468984148992,1777921469063472128,0
0,1,37,GEMM(8,2,0),1777921469063475200,1777921469142786048,0
0,1,38,GEMM(9,2,0),1777921469142789120,1777921469222103040,0
0,1,39,GEMM(10,2,0),1777921469222107136,1777921469301426176,0
0,1,40,GEMM(11,2,0),1777921469301429248,1777921469380750336,0
0,1,41,GEMM(12,2,0),1777921469380753408,1777921469460077568,0
0,1,42,GEMM(13,2,0),1777921469460080640,1777921469539402752,0
0,1,43,GEMM(14,2,0),1777921469539406848,1777921469618721792,0
0,1,44,GEMM(15,2,0),1777921469618724864,1777921469698037760,0
0,1,58,SYRK(4,4,0),1777921469698041856,1777921469739834368,0
0,1,59,GEMM(5,4,0),1777921469739837440,1777921469819152384,0
0,1,60,GEMM(6,4,0),1777921469819156480,1777921469898471424,0
0,1,61,GEMM(7,4,0),1777921469898474496,1777921469977783296,0
0,1,62,GEMM(8,4,0),1777921469977786368,1777921470057097216,0
0,1,63,GEMM(9,4,0),1777921470057101312,1777921470136417280,0
0,1,64,GEMM(10,4,0),1777921470136421376,1777921470215741440,0
0,1,65,GEMM(11,4,0),1777921470215745536,1777921470295058432,0
0,1,66,GEMM(12,4,0),1777921470295061504,1777921470374379520,0
0,1,67,GEMM(13,4,0),1777921470374382592,1777921470453691392,0
0,1,68,GEMM(14,4,0),1777921470453695488,1777921470533009408,0
0,1,69,GEMM(15,4,0),1777921470533013504,1777921470612323328,0
0,1,81,SYRK(6,6,0),1777921470612326400,1777921470654121984,0
0,1,82,GEMM(7,6,0),1777921470654125056,1777921470733443072,0
0,1,83,GEMM(8,6,0),1777921470733446144,1777921470812749824,0
0,1,84,GEMM(9,6,0),1777921470812752896,1777921470892059648,0
0,1,85,GEMM(10,6,0),1777921470892062720,1777921470971365376,0
0,1,86,GEMM(11,6,0),1777921470971367424,1777921471050675200,0
0,1,87,GEMM(12,6,0),1777921471050679296,1777921471129992192,0
0,1,88,GEMM(13,6,0),1777921471129995264,1777921471209314304,0
0,1,89,GEMM(14,6,0),1777921471209317376,1777921471288634368,0
0,1,90,GEMM(15,6,0),1777921471288638464,1777921471367952384,0
0,1,100,SYRK(8,8,0),1777921471367956480,1777921471409743872,0
0,1,101,GEMM(9,8,0),1777921471409747968,1777921471489044480,0
0,1,102,GEMM(10,8,0),1777921471489048576,1777921471568360448,0
0,1,103,GEMM(11,8,0),1777921471568364544,1777921471647680512,0
0,1,104,GEMM(12,8,0),1777921471647683584,1777921471726981120,0
0,1,105,GEMM(13,8,0),1777921471726985216,1777921471806276608,0
0,1,106,GEMM(14,8,0),1777921471806279680,1777921471885587456,0
0,1,107,GEMM(15,8,0),1777921471885590528,1777921471964899328,0
0,1,115,SYRK(10,10,0),1777921471964902400,1777921472006697984,0
0,1,116,GEMM(11,10,0),1777921472006701056,1777921472086019072,0
0,1,117,GEMM(12,10,0),1777921472086022144,1777921472165339136,0
0,1,118,GEMM(13,10,0),1777921472165342208,1777921472244659200,0
0,1,119,GEMM(14,10,0),1777921472244662272,1777921472323973120,0
0,1,120,GEMM(15,10,0),1777921472323976192,1777921472403296256,0
0,1,126,SYRK(12,12,0),1777921472403299328,1777921472445082624,0
0,1,127,GEMM(13,12,0),1777921472445085696,1777921472524396544,0
0,1,128,GEMM(14,12,0),1777921472524399616,1777921472603707392,0
0,1,129,GEMM(15,12,0),1777921472603710464,1777921472683013120,0
0,1,133,SYRK(14,14,0),1777921472683017216,1777921472724808704,0
0,1,134,GEMM(15,14,0),1777921472724812800,1777921472804124672,0
0,1,151,SYRK(2,2,1),1777921486677480448,1777921486827246592,1777921472804127744
0,1,152,GEMM(3,2,1),1777921486827253760,1777921487137233920,1777921486827250688
0,1,153,GEMM(4,2,1),1777921487137241088,1777921487421678592,1777921487137236992
0,1,154,GEMM(5,2,1),1777921487421685760,1777921487731622912,1777921487421682688
0,1,155,GEMM(6,2,1),1777921487731631104,1777921488027483136,1777921487731627008
0,1,156,GEMM(7,2,1),1777921488027491328,1777921488337405952,1777921488027487232
0,1,157,GEMM(8,2,1),1777921488337414144,1777921488621838336,1777921488337410048
0,1,158,GEMM(9,2,1),1777921488621846528,1777921488931728384,1777921488621842432
0,1,159,GEMM(10,2,1),1777921488931735552,1777921489227561984,1777921488931731456
0,1,160,GEMM(11,2,1),1777921489227569152,1777921489537438720,1777921489227565056
0,1,161,GEMM(12,2,1),1777921489537445888,1777921489821929472,1777921489537441792
0,1,162,GEMM(13,2,1),1777921489821936640,1777921490131898368,1777921489821932544
0,1,163,GEMM(14,2,1),1777921490131905536,1777921490427727872,1777921490131901440
0,1,164,GEMM(15,2,1),1777921490427736064,1777921490737668096,1777921490427731968
0,1,178,SYRK(4,4,1),1777921490737675264,1777921490883187712,1777921490737672192
0,1,179,GEMM(5,4,1),1777921490883194880,1777921491190108160,1777921490883190784
0,1,180,GEMM(6,4,1),1777921491190115328,1777921491479613440,1777921491190112256
0,1,181,GEMM(7,4,1),1777921491479621632,1777921491786423296,1777921491479617536
0,1,182,GEMM(8,4,1),1777921491786431488,1777921492074438656,1777921491786427392
0,1,183,GEMM(9,4,1),1777921492074445824,1777921492381306880,1777921492074441728
0,1,184,GEMM(10,4,1),1777921492381315072,1777921492670952448,1777921492381310976
0,1,185,GEMM(11,4,1),1777921492670960640,1777921492977763328,1777921492670956544
0,1,186,GEMM(12,4,1),1777921492977770496,1777921493265744896,1777921492977766400
0,1,187,GEMM(13,4,1),1777921493265752064,1777921493572549632,1777921493265747968
0,1,188,GEMM(14,4,1),1777921493572557824,1777921493862001664,1777921493572553728
0,1,189,GEMM(15,4,1),1777921493862009856,1777921494168770560,1777921493862004736
0,1,201,SYRK(6,6,1),1777921494168776704,1777921494318283776,1777921494168773632
0,1,202,GEMM(7,6,1),1777921494318289920,1777921494627986432,1777921494318286848
0,1,203,GEMM(8,6,1),1777921494627993600,1777921494912392192,1777921494627990528
0,1,204,GEMM(9,6,1),1777921494912399360,1777921495222153216,1777921494912396288
0,1,205,GEMM(10,6,1),1777921495222161408,1777921495517929472,1777921495222156288
0,1,206,GEMM(11,6,1),1777921495517936640,1777921495827614720,1777921495517932544
0,1,207,GEMM(12,6,1),1777921495827621888,1777921496112030720,1777921495827617792
0,1,208,GEMM(13,6,1),1777921496112037888,1777921496421816320,1777921496112034816
0,1,209,GEMM(14,6,1),1777921496421824512,1777921496717646848,1777921496421820416
0,1,210,GEMM(15,6,1),1777921496717654016,1777921497027351552,1777921496717649920
0,1,220,SYRK(8,8,1),1777921497027358720,1777921497172917248,1777921497027354624
0,1,221,GEMM(9,8,1),1777921497172925440,1777921497479970816,1777921497172921344
0,1,222,GEMM(10,8,1),1777921497479977984,1777921497769492480,1777921497479973888
0,1,223,GEMM(11,8,1),1777921497769500672,1777921498076338176,1777921497769496576
0,1,224,GEMM(12,8,1),1777921498076345344,1777921498364231680,1777921498076341248
0,1,225,GEMM(13,8,1),1777921498364238848,1777921498671187968,1777921498364234752
0,1,226,GEMM(14,8,1),1777921498671195136,1777921498960689152,1777921498671191040
0,1,227,GEMM(15,8,1),1777921498960697344,1777921499267550208,1777921498960693248
0,1,235,SYRK(10,10,1),1777921499267557376,1777921499417200640,1777921499267554304
0,1,236,GEMM(11,10,1),1777921499417207808,1777921499727076352,1777921499417204736
0,1,237,GEMM(12,10,1),1777921499727083520,1777921500011495424,1777921499727079424
0,1,238,GEMM(13,10,1),1777921500011502592,1777921500321341440,1777921500011499520
0,1,239,GEMM(14,10,1),1777921500321348608,1777921500617098240,1777921500321344512
0,1,240,GEMM(15,10,1),1777921500617105408,1777921500926788608,1777921500617102336
0,1,246,SYRK(12,12,1),1777921500926795776,1777921501072271360,1777921500926792704
0,1,247,GEMM(13,12,1),1777921501072278528,1777921501379278848,1777921501072275456
0,1,248,GEMM(14,12,1),1777921501379286016,1777921501668780032,1777921501379281920
0,1,249,GEMM(15,12,1),1777921501668787200,1777921501975682048,1777921501668784128
0,1,253,SYRK(14,14,1),1777921501975689216,1777921502125352960,1777921501975686144
0,1,254,GEMM(15,14,1),1777921502125360128,1777921502435075072,1777921502125356032
0,1,256,POTRF(2),1777921502435078144,1777921502451977216,0
0,1,257,TRSM(3,2),1777921502451978240,1777921502498903040,0
0,1,258,TRSM(4,2),1777921502498908160,1777921502545946624,0
0,1,259,TRSM(5,2),1777921502545954816,1777921502593142784,0
0,1,260,TRSM(6,2),1777921502593149952,1777921502640282624,0
0,1,261,TRSM(7,2),1777921502640289792,1777921502687286272,0
0,1,262,TRSM(8,2),1777921502687295488,1777921502734331904,0
0,1,263,TRSM(9,2),1777921502734340096,1777921502781307904,0
0,1,264,TRSM(10,2),1777921502781317120,1777921502828322816,0
0,1,265,TRSM(11,2),1777921502828331008,1777921502875378688,0
0,1,266,TRSM(12,2),1777921502875387904,1777921502922429440,0
0,1,267,TRSM(13,2),1777921502922437632,1777921502969463808,0
0,1,268,TRSM(14,2),1777921502969470976,1777921503016460288,0
0,1,269,TRSM(15,2),1777921503016467456,1777921503063454720,0
0,1,283,SYRK(4,4,2),1777921503063463936,1777921503105251328,0
0,1,284,GEMM(5,4,2),1777921503105255424,1777921503184571392,0
0,1,285,GEMM(6,4,2),1777921503184574464,1777921503263896576,0
0,1,286,GEMM(7,4,2),1777921503263900672,1777921503343221760,0
0,1,287,GEMM(8,4,2),1777921503343225856,1777921503422531584,0
0,1,288,GEMM(9,4,2),1777921503422534656,1777921503501850624,0
0,1,289,GEMM(10,4,2),1777921503501853696,1777921503581166592,0
0,1,290,GEMM(11,4,2),1777921503581169664,1777921503660493824,0
0,1,291,GEMM(12,4,2),1777921503660496896,1777921503739794432,0
0,1,292,GEMM(13,4,2),1777921503739797504,1777921503819101184,0
0,1,293,GEMM(14,4,2),1777921503819104256,1777921503898405888,0
0,1,294,GEMM(15,4,2),1777921503898408960,1777921503977714688,0
0,1,306,SYRK(6,6,2),1777921503977718784,1777921504019502080,0
0,1,307,GEMM(7,6,2),1777921504019505152,1777921504098813952,0
0,1,308,GEMM(8,6,2),1777921504098818048,1777921504178120704,0
0,1,309,GEMM(9,6,2),1777921504178124800,1777921504257440768,0
0,1,310,GEMM(10,6,2),1777921504257443840,1777921504336765952,0
0,1,311,GEMM(11,6,2),1777921504336769024,1777921504416082944,0
0,1,312,GEMM(12,6,2),1777921504416086016,1777921504495397888,0
0,1,313,GEMM(13,6,2),1777921504495400960,1777921504574715904,0
0,1,314,GEMM(14,6,2),1777921504574720000,1777921504654023680,0
0,1,315,GEMM(15,6,2),1777921504654027776,1777921504733343744,0
0,1,325,SYRK(8,8,2),1777921504733346816,1777921504775130112,0
0,1,326,GEMM(9,8,2),1777921504775133184,1777921504854438912,0
0,1,327,GEMM(10,8,2),1777921504854443008,1777921504933738496,0
0,1,328,GEMM(11,8,2),1777921504933741568,1777921505013045248,0
0,1,329,GEMM(12,8,2),1777921505013048320,1777921505092348928,0
0,1,330,GEMM(13,8,2),1777921505092352000,1777921505171658752,0
0,1,331,GEMM(14,8,2),1777921505171661824,1777921505250966528,0
0,1,332,GEMM(15,8,2),1777921505250970624,1777921505330279424,0
0,1,340,SYRK(10,10,2),1777921505330283520,1777921505372067840,0
0,1,341,GEMM(11,10,2),1777921505372071936,1777921505451387904,0
0,1,342,GEMM(12,10,2),1777921505451392000,1777921505530706944,0
0,1,343,GEMM(13,10,2),1777921505530710016,1777921505610015744,0
0,1,344,GEMM(14,10,2),1777921505610018816,1777921505689338880,0
0,1,345,GEMM(15,10,2),1777921505689342976,1777921505768666112,0
0,1,351,SYRK(12,12,2),1777921505768669184,1777921505810448384,0
0,1,352,GEMM(13,12,2),1777921505810451456,1777921505889774592,0
0,1,353,GEMM(14,12,2),1777921505889777664,1777921505969099776,0
0,1,354,GEMM(15,12,2),1777921505969102848,1777921506048419840,0
0,1,358,SYRK(14,14,2),1777921506048422912,1777921506090211328,0
0,1,359,GEMM(15,14,2),1777921506090214400,1777921506169520128,0
0,1,374,SYRK(4,4,3),1777921516709625856,1777921516855116800,1777921506169523200
0,1,375,GEMM(5,4,3),1777921516855123968,1777921517161918464,1777921516855119872
0,1,376,GEMM(6,4,3),1777921517161926656,1777921517451288576,1777921517161922560
0,1,377,GEMM(7,4,3),1777921517451296768,1777921517758161920,1777921517451292672
0,1,378,GEMM(8,4,3),1777921517758169088,1777921518046133248,1777921517758164992
0,1,379,GEMM(9,4,3),1777921518046141440,1777921518353006592,1777921518046137344
0,1,380,GEMM(10,4,3),1777921518353013760,1777921518642486272,1777921518353009664
0,1,381,GEMM(11,4,3),1777921518642494464,1777921518949281792,1777921518642490368
0,1,382,GEMM(12,4,3),1777921518949289984,1777921519237277696,1777921518949284864
0,1,383,GEMM(13,4,3),1777921519237284864,1777921519544069120,1777921519237280768
0,1,384,GEMM(14,4,3),1777921519544077312,1777921519833528320,1777921519544073216
0,1,385,GEMM(15,4,3),1777921519833536512,1777921520140384256,1777921519833532416
0,1,397,SYRK(6,6,3),1777921520140391424,1777921520290017280,1777921520140388352
0,1,398,GEMM(7,6,3),1777921520290024448,1777921520599718912,1777921520290020352
0,1,399,GEMM(8,6,3),1777921520599726080,1777921520884154368,1777921520599721984
0,1,400,GEMM(9,6,3),1777921520884161536,1777921521193955328,1777921520884158464
0,1,401,GEMM(10,6,3),1777921521193962496,1777921521489772544,1777921521193958400
0,1,402,GEMM(11,6,3),1777921521489780736,1777921521799569408,1777921521489775616
0,1,403,GEMM(12,6,3),1777921521799577600,1777921522084016128,1777921521799573504
0,1,404,GEMM(13,6,3),1777921522084024320,1777921522393684992,1777921522084020224
0,1,405,GEMM(14,6,3),1777921522393692160,1777921522689445888,1777921522393689088
0,1,406,GEMM(15,6,3),1777921522689453056,1777921522999155712,1777921522689449984
0,1,416,SYRK(8,8,3),1777921522999162880,1777921523144620032,1777921522999159808
0,1,417,GEMM(9,8,3),1777921523144627200,1777921523451656192,1777921523144624128
0,1,418,GEMM(10,8,3),1777921523451664384,1777921523741122560,1777921523451660288
0,1,419,GEMM(11,8,3),1777921523741130752,1777921524048144384,1777921523741126656
0,1,420,GEMM(12,8,3),1777921524048152576,1777921524336022528,1777921524048148480
0,1,421,GEMM(13,8,3),1777921524336029696,1777921524642842624,1777921524336025600
0,1,422,GEMM(14,8,3),1777921524642850816,1777921524932338688,1777921524642846720
0,1,423,GEMM(15,8,3),1777921524932346880,1777921525239362560,1777921524932342784
0,1,431,SYRK(10,10,3),1777921525239368704,1777921525388971008,1777921525239365632
0,1,432,GEMM(11,10,3),1777921525388978176,1777921525698717696,1777921525388974080
0,1,433,GEMM(12,10,3),1777921525698724864,1777921525983168512,1777921525698720768
0,1,434,GEMM(13,10,3),1777921525983175680,1777921526292922368,1777921525983171584
0,1,435,GEMM(14,10,3),1777921526292929536,1777921526588716032,1777921526292926464
0,1,436,GEMM(15,10,3),1777921526588723200,1777921526898542592,1777921526588719104
0,1,442,SYRK(12,12,3),1777921526898549760,1777921527044073472,1777921526898546688
0,1,443,GEMM(13,12,3),1777921527044079616,1777921527350953984,1777921527044076544
0,1,444,GEMM(14,12,3),1777921527350961152,1777921527640439808,1777921527350958080
0,1,445,GEMM(15,12,3),1777921527640446976,1777921527947259904,1777921527640442880
0,1,449,SYRK(14,14,3),1777921527947267072,1777921528096963584,1777921527947262976
0,1,450,GEMM(15,14,3),1777921528096970752,1777921528406596608,1777921528096966656
0,1,452,POTRF(4),1777921528406600704,1777921528423498752,0
0,1,453,TRSM(5,4),1777921528423499776,1777921528470722560,0
0,1,454,TRSM(6,4),1777921528470728704,1777921528517962752,0
0,1,455,TRSM(7,4),1777921528517970944,1777921528565053440,0
0,1,456,TRSM(8,4),1777921528565060608,1777921528612177920,0
0,1,457,TRSM(9,4),1777921528612185088,1777921528659286016,0
0,1,458,TRSM(10,4),1777921528659293184,1777921528706362368,0
0,1,459,TRSM(11,4),1777921528706369536,1777921528753445888,0
0,1,460,TRSM(12,4),1777921528753453056,1777921528800532480,0
0,1,461,TRSM(13,4),1777921528800539648,1777921528847655936,0
0,1,462,TRSM(14,4),1777921528847664128,1777921528894743552,0
0,1,463,TRSM(15,4),1777921528894750720,1777921528941874176,0
0,1,475,SYRK(6,6,4),1777921528941883392,1777921528983666688,0
0,1,476,GEMM(7,6,4),1777921528983669760,1777921529062968320,0
0,1,477,GEMM(8,6,4),1777921529062971392,1777921529142274048,0
0,1,478,GEMM(9,6,4),1777921529142277120,1777921529221579776,0
0,1,479,GEMM(10,6,4),1777921529221582848,1777921529300898816,0
0,1,480,GEMM(11,6,4),1777921529300902912,1777921529380204544,0
0,1,481,GEMM(12,6,4),1777921529380208640,1777921529459511296,0
0,1,482,GEMM(13,6,4),1777921529459515392,1777921529538823168,0
0,1,483,GEMM(14,6,4),1777921529538827264,1777921529618134016,0
0,1,484,GEMM(15,6,4),1777921529618137088,1777921529697451008,0
0,1,494,SYRK(8,8,4),1777921529697455104,1777921529739237376,0
0,1,495,GEMM(9,8,4),1777921529739240448,1777921529818534912,0
0,1,496,GEMM(10,8,4),1777921529818539008,1777921529897848832,0
0,1,497,GEMM(11,8,4),1777921529897851904,1777921529977166848,0
0,1,498,GEMM(12,8,4),1777921529977169920,1777921530056469504,0
0,1,499,GEMM(13,8,4),1777921530056472576,1777921530135773184,0
0,1,500,GEMM(14,8,4),1777921530135777280,1777921530215078912,0
0,1,501,GEMM(15,8,4),1777921530215081984,1777921530294388736,0
0,1,509,SYRK(10,10,4),1777921530294391808,1777921530336173056,0
0,1,510,GEMM(11,10,4),1777921530336177152,1777921530415491072,0
0,1,511,GEMM(12,10,4),1777921530415494144,1777921530494809088,0
0,1,512,GEMM(13,10,4),1777921530494813184,1777921530574132224,0
0,1,513,GEMM(14,10,4),1777921530574136320,1777921530653445120,0
0,1,514,GEMM(15,10,4),1777921530653449216,1777921530732754944,0
0,1,520,SYRK(12,12,4),1777921530732759040,1777921530774535168,0
0,1,521,GEMM(13,12,4),1777921530774539264,1777921530853839872,0
0,1,522,GEMM(14,12,4),1777921530853842944,1777921530933151744,0
0,1,523,GEMM(15,12,4),1777921530933154816,1777921531012463616,0
0,1,527,SYRK(14,14,4),1777921531012466688,1777921531054245888,0
0,1,528,GEMM(15,14,4),1777921531054249984,1777921531133550592,0
0,1,541,SYRK(6,6,5),1777921538804205568,1777921538954014720,1777921531133553664
0,1,542,GEMM(7,6,5),1777921538954021888,1777921539264001024,1777921538954018816
0,1,543,GEMM(8,6,5),1777921539264009216,1777921539548435456,1777921539264005120
0,1,544,GEMM(9,6,5),1777921539548443648,1777921539858213888,1777921539548439552
0,1,545,GEMM(10,6,5),1777921539858221056,1777921540154042368,1777921539858216960
0,1,546,GEMM(11,6,5),1777921540154050560,1777921540463891456,1777921540154046464
0,1,547,GEMM(12,6,5),1777921540463898624,1777921540748427264,1777921540463894528
0,1,548,GEMM(13,6,5),1777921540748435456,1777921541058177024,1777921540748430336
0,1,549,GEMM(14,6,5),1777921541058185216,1777921541353888768,1777921541058180096
0,1,550,GEMM(15,6,5),1777921541353896960,1777921541663597568,1777921541353892864
0,1,560,SYRK(8,8,5),1777921541663604736,1777921541809065984,1777921541663601664
0,1,561,GEMM(9,8,5),1777921541809073152,1777921542115928064,1777921541809070080
0,1,562,GEMM(10,8,5),1777921542115936256,1777921542405498880,1777921542115932160
0,1,563,GEMM(11,8,5),1777921542405506048,1777921542712393728,1777921542405501952
0,1,564,GEMM(12,8,5),1777921542712400896,1777921543000291328,1777921542712397824
0,1,565,GEMM(13,8,5),1777921543000298496,1777921543307262976,1777921543000294400
0,1,566,GEMM(14,8,5),1777921543307270144,1777921543596736512,1777921543307266048
0,1,567,GEMM(15,8,5),1777921543596743680,1777921543903649792,1777921543596739584
0,1,575,SYRK(10,10,5),1777921543903656960,1777921544053272576,1777921543903653888
0,1,576,GEMM(11,10,5),1777921544053279744,1777921544363179008,1777921544053276672
0,1,577,GEMM(12,10,5),1777921544363187200,1777921544647557120,1777921544363183104
0,1,578,GEMM(13,10,5),1777921544647564288,1777921544957423616,1777921544647560192
0,1,579,GEMM(14,10,5),1777921544957430784,1777921545253070848,1777921544957426688
0,1,580,GEMM(15,10,5),1777921545253078016,1777921545562881024,1777921545253073920
0,1,586,SYRK(12,12,5),1777921545562888192,1777921545708338176,1777921545562884096
0,1,587,GEMM(13,12,5),1777921545708346368,1777921546015171584,1777921545708342272
0,1,588,GEMM(14,12,5),1777921546015179776,1777921546304705536,1777921546015175680
0,1,589,GEMM(15,12,5),1777921546304712704,1777921546611535872,1777921546304709632
0,1,593,SYRK(14,14,5),1777921546611542016,1777921546761129984,1777921546611538944
0,1,594,GEMM(15,14,5),1777921546761137152,1777921547070821376,1777921546761134080
0,1,596,POTRF(6),1777921547070823424,1777921547087723520,0
0,1,597,TRSM(7,6),1777921547087724544,1777921547134795776,0
0,1,598,TRSM(8,6),1777921547134801920,1777921547182000128,0
0,1,599,TRSM(9,6),1777921547182008320,1777921547229185024,0
0,1,600,TRSM(10,6),1777921547229192192,1777921547276259328,0
0,1,601,TRSM(11,6),1777921547276266496,1777921547323341824,0
0,1,602,TRSM(12,6),1777921547323350016,1777921547370454016,0
0,1,603,TRSM(13,6),1777921547370462208,1777921547417492480,0
0,1,604,TRSM(14,6),1777921547417500672,1777921547464582144,0
0,1,605,TRSM(15,6),1777921547464591360,1777921547511700480,0
0,1,615,SYRK(8,8,6),1777921547511710720,1777921547553489920,0
0,1,616,GEMM(9,8,6),1777921547553492992,1777921547632797696,0
0,1,617,GEMM(10,8,6),1777921547632800768,1777921547712105472,0
0,1,618,GEMM(11,8,6),1777921547712109568,1777921547791412224,0
0,1,619,GEMM(12,8,6),1777921547791416320,1777921547870717952,0
0,1,620,GEMM(13,8,6),1777921547870721024,1777921547950017536,0
0,1,621,GEMM(14,8,6),1777921547950020608,1777921548029335552,0
0,1,622,GEMM(15,8,6),1777921548029338624,1777921548108652544,0
0,1,630,SYRK(10,10,6),1777921548108655616,1777921548150436864,0
0,1,631,GEMM(11,10,6),1777921548150439936,1777921548229758976,0
0,1,632,GEMM(12,10,6),1777921548229762048,1777921548309084160,0
0,1,633,GEMM(13,10,6),1777921548309087232,1777921548388421632,0
0,1,634,GEMM(14,10,6),1777921548388425728,1777921548467752960,0
0,1,635,GEMM(15,10,6),1777921548467757056,1777921548547080192,0
0,1,641,SYRK(12,12,6),1777921548547084288,1777921548588862464,0
0,1,642,GEMM(13,12,6),1777921548588866560,1777921548668179456,0
0,1,643,GEMM(14,12,6),1777921548668183552,1777921548747484160,0
0,1,644,GEMM(15,12,6),1777921548747488256,1777921548826801152,0
0,1,648,SYRK(14,14,6),1777921548826805248,1777921548868588544,0
0,1,649,GEMM(15,14,6),1777921548868591616,1777921548947914752,0
0,1,660,SYRK(8,8,7),1777921554207273984,1777921554352797696,1777921548947917824
0,1,661,GEMM(9,8,7),1777921554352804864,1777921554659846144,1777921554352800768
0,1,662,GEMM(10,8,7),1777921554659853312,1777921554949308416,1777921554659849216
0,1,663,GEMM(11,8,7),1777921554949315584,1777921555256308736,1777921554949312512
0,1,664,GEMM(12,8,7),1777921555256315904,1777921555544200192,1777921555256311808
0,1,665,GEMM(13,8,7),1777921555544207360,1777921555851185152,1777921555544203264
0,1,666,GEMM(14,8,7),1777921555851192320,1777921556140652544,1777921555851188224
0,1,667,GEMM(15,8,7),1777921556140660736,1777921556447691776,1777921556140656640
0,1,675,SYRK(10,10,7),1777921556447698944,1777921556597344256,1777921556447695872
0,1,676,GEMM(11,10,7),1777921556597351424,1777921556907217920,1777921556597347328
0,1,677,GEMM(12,10,7),1777921556907225088,1777921557191531520,1777921556907220992
0,1,678,GEMM(13,10,7),1777921557191539712,1777921557501327360,1777921557191535616
0,1,679,GEMM(14,10,7),1777921557501334528,1777921557797097472,1777921557501330432
0,1,680,GEMM(15,10,7),1777921557797104640,1777921558106955776,1777921557797100544
0,1,686,SYRK(12,12,7),1777921558106962944,1777921558252426240,1777921558106959872
0,1,687,GEMM(13,12,7),1777921558252433408,1777921558559505408,1777921558252429312
0,1,688,GEMM(14,12,7),1777921558559512576,1777921558848926720,1777921558559508480
0,1,689,GEMM(15,12,7),1777921558848933888,1777921559155796992,1777921558848929792
0,1,693,SYRK(14,14,7),1777921559155803136,1777921559305434112,1777921559155800064
0,1,694,GEMM(15,14,7),1777921559305441280,1777921559615204352,1777921559305437184
0,1,696,POTRF(8),1777921559615208448,1777921559632107520,0
0,1,697,TRSM(9,8),1777921559632109568,1777921559679178752,0
0,1,698,TRSM(10,8),1777921559679183872,1777921559726295040,0
0,1,699,TRSM(11,8),1777921559726302208,1777921559773494272,0
0,1,700,TRSM(12,8),1777921559773503488,1777921559820697600,0
0,1,701,TRSM(13,8),1777921559820704768,1777921559867806720,0
0,1,702,TRSM(14,8),1777921559867813888,1777921559914860544,0
0,1,703,TRSM(15,8),1777921559914866688,1777921559961967616,0
0,1,711,SYRK(10,10,8),1777921559961975808,1777921560003763200,0
0,1,712,GEMM(11,10,8),1777921560003766272,1777921560083067904,0
0,1,713,GEMM(12,10,8),1777921560083072000,1777921560162383872,0
0,1,714,GEMM(13,10,8),1777921560162386944,1777921560241717248,0
0,1,715,GEMM(14,10,8),1777921560241720320,1777921560321032192,0
0,1,716,GEMM(15,10,8),1777921560321036288,1777921560400340992,0
0,1,722,SYRK(12,12,8),1777921560400345088,1777921560442129408,0
0,1,723,GEMM(13,12,8),1777921560442132480,1777921560521434112,0
0,1,724,GEMM(14,12,8),1777921560521437184,1777921560600736768,0
0,1,725,GEMM(15,12,8),1777921560600740864,1777921560680025088,0
0,1,729,SYRK(14,14,8),1777921560680029184,1777921560721813504,0
0,1,730,GEMM(15,14,8),1777921560721817600,1777921560801121280,0
0,1,739,SYRK(10,10,9),1777921564113141760,1777921564262750208,1777921560801124352
0,1,740,GEMM(11,10,9),1777921564262757376,1777921564572558336,1777921564262753280
0,1,741,GEMM(12,10,9),1777921564572565504,1777921564856984576,1777921564572561408
0,1,742,GEMM(13,10,9),1777921564856991744,1777921565166877696,1777921564856988672
0,1,743,GEMM(14,10,9),1777921565166885888,1777921565462550528,1777921565166881792
0,1,744,GEMM(15,10,9),1777921565462557696,1777921565772339200,1777921565462554624
0,1,750,SYRK(12,12,9),1777921565772346368,1777921565917851648,1777921565772342272
0,1,751,GEMM(13,12,9),1777921565917858816,1777921566224743424,1777921565917854720
0,1,752,GEMM(14,12,9),1777921566224750592,1777921566514152448,1777921566224746496
0,1,753,GEMM(15,12,9),1777921566514160640,1777921566821209088,1777921566514156544
0,1,757,SYRK(14,14,9),1777921566821216256,1777921566970756096,1777921566821213184
0,1,758,GEMM(15,14,9),1777921566970763264,1777921567280534528,1777921566970759168
0,1,760,POTRF(10),1777921567280537600,1777921567297438720,0
0,1,761,TRSM(11,10),1777921567297439744,1777921567344450560,0
0,1,762,TRSM(12,10),1777921567344456704,1777921567391708160,0
0,1,763,TRSM(13,10),1777921567391715328,1777921567438759936,0
0,1,764,TRSM(14,10),1777921567438767104,1777921567485717504,0
0,1,765,TRSM(15,10),1777921567485724672,1777921567532744704,0
0,1,771,SYRK(12,12,10),1777921567532754944,1777921567574533120,0
0,1,772,GEMM(13,12,10),1777921567574537216,1777921567653836800,0
0,1,773,GEMM(14,12,10),1777921567653839872,1777921567733132288,0
0,1,774,GEMM(15,12,10),1777921567733135360,1777921567812431872,0
0,1,778,SYRK(14,14,10),1777921567812435968,1777921567854221312,0
0,1,779,GEMM(15,14,10),1777921567854224384,1777921567933534208,0
0,1,786,SYRK(12,12,11),1777921569753969664,1777921569899479040,1777921567933537280
0,1,787,GEMM(13,12,11),1777921569899486208,1777921570206343168,1777921569899483136
0,1,788,GEMM(14,12,11),1777921570206351360,1777921570495689728,1777921570206347264
0,1,789,GEMM(15,12,11),1777921570495697920,1777921570802507776,1777921570495693824
0,1,793,SYRK(14,14,11),1777921570802514944,1777921570952138752,1777921570802511872
0,1,794,GEMM(15,14,11),1777921570952144896,1777921571261750272,1777921570952141824
0,1,796,POTRF(12),1777921571261753344,1777921571278653440,0
0,1,797,TRSM(13,12),1777921571278655488,1777921571325697024,0
0,1,798,TRSM(14,12),1777921571325703168,1777921571372889088,0
0,1,799,TRSM(15,12),1777921571372896256,1777921571420081152,0
0,1,803,SYRK(14,14,12),1777921571420090368,1777921571461875712,0
0,1,804,GEMM(15,14,12),1777921571461878784,1777921571541187584,0
0,1,809,SYRK(14,14,13),1777921572335906816,1777921572485544960,1777921571541190656
0,1,810,GEMM(15,14,13),1777921572485553152,1777921572795216896,1777921572485549056
0,1,812,POTRF(14),1777921572795219968,1777921572812121088,0
0,1,813,TRSM(15,14),1777921572812123136,1777921572859092992,0
0,2,0,POTRF(0),1777921573734002176,1777921573750927872,0
0,2,1,TRSM(1,0),1777921573750929920,1777921573798016512,0
0,2,2,TRSM(2,0),1777921573798022656,1777921573845143040,0
0,2,3,TRSM(3,0),1777921573845150208,1777921573892215296,0
0,2,4,TRSM(4,0),1777921573892223488,1777921573939326464,0
0,2,5,TRSM(5,0),1777921573939333632,1777921573986414080,0
0,2,6,TRSM(6,0),1777921573986420224,1777921574033549824,0
0,2,7,TRSM(7,0),1777921574033556992,1777921574080638464,0
0,2,8,TRSM(8,0),1777921574080644608,1777921574127774208,0
0,2,9,TRSM(9,0),1777921574127781376,1777921574174899712,0
0,2,10,TRSM(10,0),1777921574174906880,1777921574222012928,0
0,2,11,TRSM(11,0),1777921574222020096,1777921574269122048,0
0,2,12,TRSM(12,0),1777921574269130240,1777921574316233216,0
0,2,13,TRSM(13,0),1777921574316241408,1777921574363343360,0
0,2,14,TRSM(14,0),1777921574363350528,1777921574410473984,0
0,2,15,TRSM(15,0),1777921574410481152,1777921574457616896,0
0,2,31,SYRK(2,2,0),1777921574457625088,1777921574499419648,0
0,2,32,GEMM(3,2,0),1777921574499423744,1777921574578737664,0
0,2,33,GEMM(4,2,0),1777921574578740736,1777921574658062848,0
0,2,34,GEMM(5,2,0),1777921574658066944,1777921574737382912,0
0,2,35,GEMM(6,2,0),1777921574737387008,1777921574816693760,0
0,2,36,GEMM(7,2,0),1777921574816696832,1777921574896005632,0
0,2,37,GEMM(8,2,0),1777921574896009728,1777921574975316480,0
0,2,38,GEMM(9,2,0),1777921574975319552,1777921575054627328,0
0,2,39,GEMM(10,2,0),1777921575054629376,1777921575133935104,0
0,2,40,GEMM(11,2,0),1777921575133938176,1777921575213254144,0
0,2,41,GEMM(12,2,0),1777921575213257216,1777921575292571136,0
0,2,42,GEMM(13,2,0),1777921575292574208,1777921575371887104,0
0,2,43,GEMM(14,2,0),1777921575371890176,1777921575451197952,0
0,2,44,GEMM(15,2,0),1777921575451201024,1777921575530507776,0
0,2,58,SYRK(4,4,0),1777921575530510848,1777921575572297216,0
0,2,59,GEMM(5,4,0),1777921575572301312,1777921575651611136,0
0,2,60,GEMM(6,4,0),1777921575651614208,1777921575730915840,0
0,2,61,GEMM(7,4,0),1777921575730918912,1777921575810217472,0
0,2,62,GEMM(8,4,0),1777921575810220544,1777921575889525248,0
0,2,63,GEMM(9,4,0),1777921575889529344,1777921575968840192,0
0,2,64,GEMM(10,4,0),1777921575968844288,1777921576048146944,0
0,2,65,GEMM(11,4,0),1777921576048151040,1777921576127458816,0
0,2,66,GEMM(12,4,0),1777921576127461888,1777921576206765568,0
0,2,67,GEMM(13,4,0),1777921576206769664,1777921576286071296,0
0,2,68,GEMM(14,4,0),1777921576286074368,1777921576365384192,0
0,2,69,GEMM(15,4,0),1777921576365387264,1777921576444703232,0
0,2,81,SYRK(6,6,0),1777921576444706304,1777921576486496768,0
0,2,82,GEMM(7,6,0),1777921576486499840,1777921576565808640,0
0,2,83,GEMM(8,6,0),1777921576565812736,1777921576645111296,0
0,2,84,GEMM(9,6,0),1777921576645114368,1777921576724422144,0
0,2,85,GEMM(10,6,0),1777921576724425216,1777921576803739136,0
0,2,86,GEMM(11,6,0),1777921576803742208,1777921576883042816,0
0,2,87,GEMM(12,6,0),1777921576883045888,1777921576962339328,0
0,2,88,GEMM(13,6,0),1777921576962343424,1777921577041643008,0
0,2,89,GEMM(14,6,0),1777921577041646080,1777921577120958976,0
0,2,90,GEMM(15,6,0),1777921577120963072,1777921577200272896,0
0,2,100,SYRK(8,8,0),1777921577200276992,1777921577242064384,0
0,2,101,GEMM(9,8,0),1777921577242068480,1777921577321371136,0
0,2,102,GEMM(10,8,0),1777921577321374208,1777921577400684032,0
0,2,103,GEMM(11,8,0),1777921577400687104,1777921577479993856,0
0,2,104,GEMM(12,8,0),1777921577479997952,1777921577559294464,0
0,2,105,GEMM(13,8,0),1777921577559297536,1777921577638595072,0
0,2,106,GEMM(14,8,0),1777921577638598144,1777921577717899776,0
0,2,107,GEMM(15,8,0),1777921577717902848,1777921577797207552,0
0,2,115,SYRK(10,10,0),1777921577797210624,1777921577838993920,0
0,2,116,GEMM(11,10,0),1777921577838996992,1777921577918301696,0
0,2,117,GEMM(12,10,0),1777921577918304768,1777921577997602304,0
0,2,118,GEMM(13,10,0),1777921577997605376,1777921578076915200,0
0,2,119,GEMM(14,10,0),1777921578076918272,1777921578156216832,0
0,2,120,GEMM(15,10,0),1777921578156219904,1777921578235516416,0
0,2,126,SYRK(12,12,0),1777921578235519488,1777921578277297664,0
0,2,127,GEMM(13,12,0),1777921578277300736,1777921578356609536,0
0,2,128,GEMM(14,12,0),1777921578356612608,1777921578435915264,0
0,2,129,GEMM(15,12,0),1777921578435919360,1777921578515225088,0
0,2,133,SYRK(14,14,0),1777921578515229184,1777921578557015552,0
0,2,134,GEMM(15,14,0),1777921578557018624,1777921578636315136,0
0,2,151,SYRK(2,2,1),1777921592510197248,1777921592659809792,1777921578636318208
0,2,152,GEMM(3,2,1),1777921592659816960,1777921592969764352,1777921592659812864
0,2,153,GEMM(4,2,1),1777921592969770496,1777921593254330880,1777921592969767424
0,2,154,GEMM(5,2,1),1777921593254338048,1777921593564239360,1777921593254333952
0,2,155,GEMM(6,2,1),1777921593564247552,1777921593860106752,1777921593564243456
0,2,156,GEMM(7,2,1),1777921593860113920,1777921594169979392,1777921593860109824
0,2,157,GEMM(8,2,1),1777921594169986560,1777921594454470144,1777921594169982464
0,2,158,GEMM(9,2,1),1777921594454478336,1777921594764315136,1777921594454474240
0,2,159,GEMM(10,2,1),1777921594764322304,1777921595060218368,1777921594764318208
0,2,160,GEMM(11,2,1),1777921595060225536,1777921595370034688,1777921595060221440
0,2,161,GEMM(12,2,1),1777921595370041856,1777921595654470144,1777921595370038784
0,2,162,GEMM(13,2,1),1777921595654478336,1777921595964289536,1777921595654474240
0,2,163,GEMM(14,2,1),1777921595964296704,1777921596260156928,1777921595964292608
0,2,164,GEMM(15,2,1),1777921596260165120,1777921596570016256,1777921596260161024
0,2,178,SYRK(4,4,1),1777921596570023424,1777921596715481600,1777921596570020352
0,2,179,GEMM(5,4,1),1777921596715488768,1777921597022382592,1777921596715485696
0,2,180,GEMM(6,4,1),1777921597022389760,1777921597311770112,1777921597022385664
0,2,181,GEMM(7,4,1),1777921597311778304,1777921597618660864,1777921597311774208
0,2,182,GEMM(8,4,1),1777921597618668032,1777921597906635264,1777921597618663936
0,2,183,GEMM(9,4,1),1777921597906642432,1777921598213379584,1777921597906638336
0,2,184,GEMM(10,4,1),1777921598213387776,1777921598502900224,1777921598213383680
0,2,185,GEMM(11,4,1),1777921598502907392,1777921598809665024,1777921598502903296
0,2,186,GEMM(12,4,1),1777921598809672192,1777921599097580032,1777921598809668096
0,2,187,GEMM(13,4,1),1777921599097587200,1777921599404419584,1777921599097583104
0,2,188,GEMM(14,4,1),1777921599404426752,1777921599693915648,1777921599404423680
0,2,189,GEMM(15,4,1),1777921599693923840,1777921600000640512,1777921599693919744
0,2,201,SYRK(6,6,1),1777921600000647680,1777921600150224384,1777921600000644608
0,2,202,GEMM(7,6,1),1777921600150230528,1777921600459955712,1777921600150227456
0,2,203,GEMM(8,6,1),1777921600459962880,1777921600744366592,1777921600459958784
0,2,204,GEMM(9,6,1),1777921600744373760,1777921601054185984,1777921600744369664
0,2,205,GEMM(10,6,1),1777921601054193152,1777921601349940736,1777921601054189056
0,2,206,GEMM(11,6,1),1777921601349948928,1777921601659756032,1777921601349944832
0,2,207,GEMM(12,6,1),1777921601659764224,1777921601944253952,1777921601659760128
0,2,208,GEMM(13,6,1),1777921601944261120,1777921602253943296,1777921601944257024
0,2,209,GEMM(14,6,1),1777921602253951488,1777921602549641728,1777921602253946368
0,2,210,GEMM(15,6,1),1777921602549648896,1777921602859446784,1777921602549645824
0,2,220,SYRK(8,8,1),1777921602859453952,1777921603004816896,1777921602859449856
0,2,221,GEMM(9,8,1),1777921603004824064,1777921603311825408,1777921603004820992
0,2,222,GEMM(10,8,1),1777921603311833600,1777921603601281536,1777921603311829504
0,2,223,GEMM(11,8,1),1777921603601288704,1777921603908086272,1777921603601284608
0,2,224,GEMM(12,8,1),1777921603908093440,1777921604196072960,1777921603908089344
0,2,225,GEMM(13,8,1),1777921604196081152,1777921604502957568,1777921604196077056
0,2,226,GEMM(14,8,1),1777921604502965760,1777921604792448512,1777921604502961664
0,2,227,GEMM(15,8,1),1777921604792455680,1777921605099317760,1777921604792451584
0,2,235,SYRK(10,10,1),1777921605099323904,1777921605248923136,1777921605099320832
0,2,236,GEMM(11,10,1),1777921605248930304,1777921605558654464,1777921605248927232
0,2,237,GEMM(12,10,1),1777921605558661632,1777921605843099136,1777921605558658560
0,2,238,GEMM(13,10,1),1777921605843106304,1777921606152843776,1777921605843102208
0,2,239,GEMM(14,10,1),1777921606152850944,1777921606448678400,1777921606152847872
0,2,240,GEMM(15,10,1),1777921606448685568,1777921606758456832,1777921606448682496
0,2,246,SYRK(12,12,1),1777921606758464000,1777921606903882240,1777921606758460928
0,2,247,GEMM(13,12,1),1777921606903889408,1777921607210778112,1777921606903885312
0,2,248,GEMM(14,12,1),1777921607210785280,1777921607500259840,1777921607210781184
0,2,249,GEMM(15,12,1),1777921607500267008,1777921607807085056,1777921607500263936
0,2,253,SYRK(14,14,1),1777921607807092224,1777921607956678144,1777921607807089152
0,2,254,GEMM(15,14,1),1777921607956685312,1777921608266417664,1777921607956681216
0,2,256,POTRF(2),1777921608266421760,1777921608283321856,0
0,2,257,TRSM(3,2),1777921608283322880,1777921608330433024,0
0,2,258,TRSM(4,2),1777921608330439168,1777921608377615872,0
0,2,259,TRSM(5,2),1777921608377623040,1777921608424652288,0
0,2,260,TRSM(6,2),1777921608424659456,1777921608471662080,0
0,2,261,TRSM(7,2),1777921608471670272,1777921608518670848,0
0,2,262,TRSM(8,2),1777921608518681088,1777921608565684736,0
0,2,263,TRSM(9,2),1777921608565692928,1777921608612621824,0
0,2,264,TRSM(10,2),1777921608612630016,1777921608659630592,0
0,2,265,TRSM(11,2),1777921608659638784,1777921608706570752,0
0,2,266,TRSM(12,2),1777921608706578944,1777921608753658368,0
0,2,267,TRSM(13,2),1777921608753666560,1777921608800664064,0
0,2,268,TRSM(14,2),1777921608800671232,1777921608847625728,0
0,2,269,TRSM(15,2),1777921608847632896,1777921608894641664,0
0,2,283,SYRK(4,4,2),1777921608894650880,1777921608936432128,0
0,2,284,GEMM(5,4,2),1777921608936435200,1777921609015744000,0
0,2,285,GEMM(6,4,2),1777921609015747072,1777921609095056896,0
0,2,286,GEMM(7,4,2),1777921609095060992,1777921609174386176,0
0,2,287,GEMM(8,4,2),1777921609174389248,1777921609253703168,0
0,2,288,GEMM(9,4,2),1777921609253706240,1777921609333014016,0
0,2,289,GEMM(10,4,2),1777921609333017088,1777921609412341248,0
0,2,290,GEMM(11,4,2),1777921609412344320,1777921609491666432,0
0,2,291,GEMM(12,4,2),1777921609491670528,1777921609570979328,0
0,2,292,GEMM(13,4,2),1777921609570982400,1777921609650301440,0
0,2,293,GEMM(14,4,2),1777921609650304512,1777921609729618432,0
0,2,294,GEMM(15,4,2),1777921609729622528,1777921609808929280,0
0,2,306,SYRK(6,6,2),1777921609808933376,1777921609850719744,0
0,2,307,GEMM(7,6,2),1777921609850723840,1777921609930029568,0
0,2,308,GEMM(8,6,2),1777921609930033664,1777921610009318912,0
0,2,309,GEMM(9,6,2),1777921610009323008,1777921610088621568,0
0,2,310,GEMM(10,6,2),1777921610088624640,1777921610167918080,0
0,2,311,GEMM(11,6,2),1777921610167921152,1777921610247218688,0
0,2,312,GEMM(12,6,2),1777921610247221760,1777921610326513152,0
0,2,313,GEMM(13,6,2),1777921610326516224,1777921610405820928,0
0,2,314,GEMM(14,6,2),1777921610405824000,1777921610485120512,0
0,2,315,GEMM(15,6,2),1777921610485123584,1777921610564426240,0
0,2,325,SYRK(8,8,2),1777921610564429312,1777921610606214656,0
0,2,326,GEMM(9,8,2),1777921610606217728,1777921610685525504,0
0,2,327,GEMM(10,8,2),1777921610685529600,1777921610764836352,0
0,2,328,GEMM(11,8,2),1777921610764839424,1777921610844139008,0
0,2,329,GEMM(12,8,2),1777921610844142080,1777921610923439616,0
0,2,330,GEMM(13,8,2),1777921610923442688,1777921611002756608,0
0,2,331,GEMM(14,8,2),1777921611002759680,1777921611082061312,0
0,2,332,GEMM(15,8,2),1777921611082064384,1777921611161371136,0
0,2,340,SYRK(10,10,2),1777921611161375232,1777921611203159552,0
0,2,341,GEMM(11,10,2),1777921611203163648,1777921611282476544,0
0,2,342,GEMM(12,10,2),1777921611282480640,1777921611361789440,0
0,2,343,GEMM(13,10,2),1777921611361793536,1777921611441103360,0
0,2,344,GEMM(14,10,2),1777921611441106432,1777921611520428544,0
0,2,345,GEMM(15,10,2),1777921611520431616,1777921611599743488,0
0,2,351,SYRK(12,12,2),1777921611599746560,1777921611641536000,0
0,2,352,GEMM(13,12,2),1777921611641539072,1777921611720848896,0
0,2,353,GEMM(14,12,2),1777921611720851968,1777921611800143360,0
0,2,354,GEMM(15,12,2),1777921611800146432,1777921611879446016,0
0,2,358,SYRK(14,14,2),1777921611879449088,1777921611921235456,0
0,2,359,GEMM(15,14,2),1777921611921238528,1777921612000529920,0
0,2,374,SYRK(4,4,3),1777921622540710400,1777921622686258688,1777921612000532992
0,2,375,GEMM(5,4,3),1777921622686265856,1777921622993013248,1777921622686261760
0,2,376,GEMM(6,4,3),1777921622993020416,1777921623282512384,1777921622993017344
0,2,377,GEMM(7,4,3),1777921623282519552,1777921623589353984,1777921623282516480
0,2,378,GEMM(8,4,3),1777921623589361152,1777921623877252608,1777921623589357056
0,2,379,GEMM(9,4,3),1777921623877259776,1777921624184051200,1777921623877255680
0,2,380,GEMM(10,4,3),1777921624184059392,1777921624473495040,1777921624184055296
0,2,381,GEMM(11,4,3),1777921624473503232,1777921624780246528,1777921624473499136
0,2,382,GEMM(12,4,3),1777921624780254720,1777921625068296704,1777921624780250624
0,2,383,GEMM(13,4,3),1777921625068303872,1777921625375024640,1777921625068299776
0,2,384,GEMM(14,4,3),1777921625375031808,1777921625664460288,1777921625375027712
0,2,385,GEMM(15,4,3),1777921625664467456,1777921625971360256,1777921625664463360
0,2,397,SYRK(6,6,3),1777921625971367424,1777921626120950272,1777921625971364352
0,2,398,GEMM(7,6,3),1777921626120957440,1777921626430668288,1777921626120953344
0,2,399,GEMM(8,6,3),1777921626430675456,1777921626715134464,1777921626430671360
0,2,400,GEMM(9,6,3),1777921626715141632,1777921627024970240,1777921626715137536
0,2,401,GEMM(10,6,3),1777921627024978432,1777921627320732160,1777921627024974336
0,2,402,GEMM(11,6,3),1777921627320740352,1777921627630493184,1777921627320736256
0,2,403,GEMM(12,6,3),1777921627630501376,1777921627914960384,1777921627630497280
0,2,404,GEMM(13,6,3),1777921627914967552,1777921628224641536,1777921627914963456
0,2,405,GEMM(14,6,3),1777921628224649728,1777921628520356352,1777921628224645632
0,2,406,GEMM(15,6,3),1777921628520364544,1777921628830076416,1777921628520360448
0,2,416,SYRK(8,8,3),1777921628830083584,1777921628975435264,1777921628830080512
0,2,417,GEMM(9,8,3),1777921628975442432,1777921629282397696,1777921628975438336
0,2,418,GEMM(10,8,3),1777921629282405888,1777921629571823104,1777921629282401792
0,2,419,GEMM(11,8,3),1777921629571830272,1777921629878793728,1777921629571826176
0,2,420,GEMM(12,8,3),1777921629878800896,1777921630166739456,1777921629878796800
0,2,421,GEMM(13,8,3),1777921630166747648,1777921630473577984,1777921630166743552
0,2,422,GEMM(14,8,3),1777921630473585152,1777921630763073024,1777921630473581056
0,2,423,GEMM(15,8,3),1777921630763081216,1777921631070037504,1777921630763077120
0,2,431,SYRK(10,10,3),1777921631070044672,1777921631219765760,1777921631070040576
0,2,432,GEMM(11,10,3),1777921631219772928,1777921631529503232,1777921631219769856
0,2,433,GEMM(12,10,3),1777921631529510400,1777921631813947904,1777921631529507328
0,2,434,GEMM(13,10,3),1777921631813955072,1777921632123685376,1777921631813950976
0,2,435,GEMM(14,10,3),1777921632123693568,1777921632419407360,1777921632123689472
0,2,436,GEMM(15,10,3),1777921632419414528,1777921632729250304,1777921632419410432
0,2,442,SYRK(12,12,3),1777921632729257472,1777921632874620416,1777921632729253376
0,2,443,GEMM(13,12,3),1777921632874627584,1777921633181438464,1777921632874623488
0,2,444,GEMM(14,12,3),1777921633181445632,1777921633470832128,1777921633181442560
0,2,445,GEMM(15,12,3),1777921633470840320,1777921633777735168,1777921633470836224
0,2,449,SYRK(14,14,3),1777921633777742336,1777921633927391744,1777921633777739264
0,2,450,GEMM(15,14,3),1777921633927398912,1777921634237116928,1777921633927395840
0,2,452,POTRF(4),1777921634237120000,1777921634254020096,0
0,2,453,TRSM(5,4),1777921634254021120,1777921634301121024,0
0,2,454,TRSM(6,4),1777921634301127168,1777921634348349952,0
0,2,455,TRSM(7,4),1777921634348358144,1777921634395564544,0
0,2,456,TRSM(8,4),1777921634395571712,1777921634442652160,0
0,2,457,TRSM(9,4),1777921634442659328,1777921634489719296,0
0,2,458,TRSM(10,4),1777921634489726464,1777921634536847872,0
0,2,459,TRSM(11,4),1777921634536855040,1777921634583915008,0
0,2,460,TRSM(12,4),1777921634583922176,1777921634631036416,0
0,2,461,TRSM(13,4),1777921634631043584,1777921634678180352,0
0,2,462,TRSM(14,4),1777921634678188544,1777921634725237248,0
0,2,463,TRSM(15,4),1777921634725244416,1777921634772324864,0
0,2,475,SYRK(6,6,4),1777921634772334080,1777921634814125568,0
0,2,476,GEMM(7,6,4),1777921634814128640,1777921634893434368,0
0,2,477,GEMM(8,6,4),1777921634893438464,1777921634972734976,0
0,2,478,GEMM(9,6,4),1777921634972738048,1777921635052043776,0
0,2,479,GEMM(10,6,4),1777921635052047872,1777921635131351552,0
0,2,480,GEMM(11,6,4),1777921635131354624,1777921635210657280,0
0,2,481,GEMM(12,6,4),1777921635210660352,1777921635289948672,0
0,2,482,GEMM(13,6,4),1777921635289952768,1777921635369246208,0
0,2,483,GEMM(14,6,4),1777921635369250304,1777921635448569344,0
0,2,484,GEMM(15,6,4),1777921635448572416,1777921635527882240,0
0,2,494,SYRK(8,8,4),1777921635527885312,1777921635569667584,0
0,2,495,GEMM(9,8,4),1777921635569671680,1777921635648970240,0
0,2,496,GEMM(10,8,4),1777921635648973312,1777921635728287232,0
0,2,497,GEMM(11,8,4),1777921635728290304,1777921635807613440,0
0,2,498,GEMM(12,8,4),1777921635807616512,1777921635886938624,0
0,2,499,GEMM(13,8,4),1777921635886941696,1777921635966258688,0
0,2,500,GEMM(14,8,4),1777921635966261760,1777921636045572608,0
0,2,501,GEMM(15,8,4),1777921636045575680,1777921636124880384,0
0,2,509,SYRK(10,10,4),1777921636124883456,1777921636166665728,0
0,2,510,GEMM(11,10,4),1777921636166669824,1777921636245981696,0
0,2,511,GEMM(12,10,4),1777921636245984768,1777921636325290496,0
0,2,512,GEMM(13,10,4),1777921636325293568,1777921636404617728,0
0,2,513,GEMM(14,10,4),1777921636404621824,1777921636483937792,0
0,2,514,GEMM(15,10,4),1777921636483941888,1777921636563255808,0
0,2,520,SYRK(12,12,4),1777921636563259904,1777921636605039104,0
0,2,521,GEMM(13,12,4),1777921636605043200,1777921636684360192,0
0,2,522,GEMM(14,12,4),1777921636684364288,1777921636763679232,0
0,2,523,GEMM(15,12,4),1777921636763682304,1777921636842988032,0
0,2,527,SYRK(14,14,4),1777921636842991104,1777921636884779520,0
0,2,528,GEMM(15,14,4),1777921636884782592,1777921636964085248,0
0,2,541,SYRK(6,6,5),1777921644635301376,1777921644785028608,1777921636964088320
0,2,542,GEMM(7,6,5),1777921644785035776,1777921645094922752,1777921644785032704
0,2,543,GEMM(8,6,5),1777921645094930944,1777921645379363328,1777921645094926848
0,2,544,GEMM(9,6,5),1777921645379370496,1777921645689063936,1777921645379366400
0,2,545,GEMM(10,6,5),1777921645689071104,1777921645984814592,1777921645689067008
0,2,546,GEMM(11,6,5),1777921645984821760,1777921646294618624,1777921645984817664
0,2,547,GEMM(12,6,5),1777921646294625792,1777921646579027456,1777921646294621696
0,2,548,GEMM(13,6,5),1777921646579035648,1777921646888727040,1777921646579031552
0,2,549,GEMM(14,6,5),1777921646888734208,1777921647184395776,1777921646888730112
0,2,550,GEMM(15,6,5),1777921647184403968,1777921647494066688,1777921647184399872
0,2,560,SYRK(8,8,5),1777921647494073856,1777921647639560704,1777921647494069760
0,2,561,GEMM(9,8,5),1777921647639567872,1777921647946273280,1777921647639564800
0,2,562,GEMM(10,8,5),1777921647946281472,1777921648235736576,1777921647946277376
0,2,563,GEMM(11,8,5),1777921648235743744,1777921648542694912,1777921648235739648
0,2,564,GEMM(12,8,5),1777921648542702080,1777921648830628352,1777921648542697984
0,2,565,GEMM(13,8,5),1777921648830636544,1777921649137564160,1777921648830632448
0,2,566,GEMM(14,8,5),1777921649137572352,1777921649427067392,1777921649137568256
0,2,567,GEMM(15,8,5),1777921649427074560,1777921649733954048,1777921649427070464
0,2,575,SYRK(10,10,5),1777921649733961216,1777921649883492864,1777921649733958144
0,2,576,GEMM(11,10,5),1777921649883500032,1777921650193288704,1777921649883496960
0,2,577,GEMM(12,10,5),1777921650193295872,1777921650477715968,1777921650193291776
0,2,578,GEMM(13,10,5),1777921650477723136,1777921650787540480,1777921650477719040
0,2,579,GEMM(14,10,5),1777921650787547648,1777921651083137536,1777921650787543552
0,2,580,GEMM(15,10,5),1777921651083145728,1777921651392854528,1777921651083141632
0,2,586,SYRK(12,12,5),1777921651392861696,1777921651538392576,1777921651392858624
0,2,587,GEMM(13,12,5),1777921651538399744,1777921651845158400,1777921651538395648
0,2,588,GEMM(14,12,5),1777921651845166592,1777921652134557184,1777921651845162496
0,2,589,GEMM(15,12,5),1777921652134565376,1777921652441405952,1777921652134561280
0,2,593,SYRK(14,14,5),1777921652441412096,1777921652590967296,1777921652441409024
0,2,594,GEMM(15,14,5),1777921652590974464,1777921652900604416,1777921652590971392
0,2,596,POTRF(6),1777921652900608512,1777921652917508608,0
0,2,597,TRSM(7,6),1777921652917510656,1777921652964485632,0
0,2,598,TRSM(8,6),1777921652964491776,1777921653011593728,0
0,2,599,TRSM(9,6),1777921653011600896,1777921653058723328,0
0,2,600,TRSM(10,6),1777921653058730496,1777921653105783296,0
0,2,601,TRSM(11,6),1777921653105791488,1777921653152825856,0
0,2,602,TRSM(12,6),1777921653152834048,1777921653199907328,0
0,2,603,TRSM(13,6),1777921653199915520,1777921653246991872,0
0,2,604,TRSM(14,6),1777921653247000064,1777921653294020096,0
0,2,605,TRSM(15,6),1777921653294028288,1777921653341007360,0
0,2,615,SYRK(8,8,6),1777921653341017600,1777921653382797824,0
0,2,616,GEMM(9,8,6),1777921653382800896,1777921653462105600,0
0,2,617,GEMM(10,8,6),1777921653462108672,1777921653541409280,0
0,2,618,GEMM(11,8,6),1777921653541412352,1777921653620721152,0
0,2,619,GEMM(12,8,6),1777921653620724224,1777921653700021760,0
0,2,620,GEMM(13,8,6),1777921653700024832,1777921653779323392,0
0,2,621,GEMM(14,8,6),1777921653779326464,1777921653858632192,0
0,2,622,GEMM(15,8,6),1777921653858635264,1777921653937932800,0
0,2,630,SYRK(10,10,6),1777921653937935872,1777921653979718144,0
0,2,631,GEMM(11,10,6),1777921653979721216,1777921654059025920,0
0,2,632,GEMM(12,10,6),1777921654059030016,1777921654138342912,0
0,2,633,GEMM(13,10,6),1777921654138345984,1777921654217660928,0
0,2,634,GEMM(14,10,6),1777921654217664000,1777921654296969728,0
0,2,635,GEMM(15,10,6),1777921654296972800,1777921654376287744,0
0,2,641,SYRK(12,12,6),1777921654376291840,1777921654418071040,0
0,2,642,GEMM(13,12,6),1777921654418075136,1777921654497371648,0
0,2,643,GEMM(14,12,6),1777921654497375744,1777921654576666112,0
0,2,644,GEMM(15,12,6),1777921654576670208,1777921654655964672,0
0,2,648,SYRK(14,14,6),1777921654655968768,1777921654697752064,0
0,2,649,GEMM(15,14,6),1777921654697755136,1777921654777063936,0
0,2,660,SYRK(8,8,7),1777921660036646400,1777921660182101504,1777921654777067008
0,2,661,GEMM(9,8,7),1777921660182108672,1777921660489111040,1777921660182105600
0,2,662,GEMM(10,8,7),1777921660489118208,1777921660778654208,1777921660489115136
0,2,663,GEMM(11,8,7),1777921660778662400,1777921661085602304,1777921660778658304
0,2,664,GEMM(12,8,7),1777921661085609472,1777921661373581824,1777921661085605376
0,2,665,GEMM(13,8,7),1777921661373588992,1777921661680709120,1777921661373584896
0,2,666,GEMM(14,8,7),1777921661680717312,1777921661970214400,1777921661680713216
0,2,667,GEMM(15,8,7),1777921661970221568,1777921662277196288,1777921661970217472
0,2,675,SYRK(10,10,7),1777921662277203456,1777921662426895872,1777921662277200384
0,2,676,GEMM(11,10,7),1777921662426903040,1777921662736665088,1777921662426898944
0,2,677,GEMM(12,10,7),1777921662736673280,1777921663021001216,1777921662736669184
0,2,678,GEMM(13,10,7),1777921663021008384,1777921663330767360,1777921663021004288
0,2,679,GEMM(14,10,7),1777921663330774528,1777921663626577408,1777921663330770432
0,2,680,GEMM(15,10,7),1777921663626584576,1777921663936458240,1777921663626580480
0,2,686,SYRK(12,12,7),1777921663936465408,1777921664081908224,1777921663936461312
0,2,687,GEMM(13,12,7),1777921664081916416,1777921664388863488,1777921664081912320
0,2,688,GEMM(14,12,7),1777921664388870656,1777921664678398464,1777921664388866560
0,2,689,GEMM(15,12,7),1777921664678405632,1777921664985294336,1777921664678401536
0,2,693,SYRK(14,14,7),1777921664985301504,1777921665134955008,1777921664985298432
0,2,694,GEMM(15,14,7),1777921665134962176,1777921665444626944,1777921665134958080
0,2,696,POTRF(8),1777921665444631040,1777921665461530112,0
0,2,697,TRSM(9,8),1777921665461532160,1777921665508686336,0
0,2,698,TRSM(10,8),1777921665508692480,1777921665555938816,0
0,2,699,TRSM(11,8),1777921665555947008,1777921665603099136,0
0,2,700,TRSM(12,8),1777921665603108352,1777921665650222592,0
0,2,701,TRSM(13,8),1777921665650229760,1777921665697327616,0
0,2,702,TRSM(14,8),1777921665697334784,1777921665744476672,0
0,2,703,TRSM(15,8),1777921665744483840,1777921665791584768,0
0,2,711,SYRK(10,10,8),1777921665791592960,1777921665833380352,0
0,2,712,GEMM(11,10,8),1777921665833383424,1777921665912680960,0
0,2,713,GEMM(12,10,8),1777921665912684032,1777921665991990784,0
0,2,714,GEMM(13,10,8),1777921665991994880,1777921666071309824,0
0,2,715,GEMM(14,10,8),1777921666071312896,1777921666150632960,0
0,2,716,GEMM(15,10,8),1777921666150636032,1777921666229941760,0
0,2,722,SYRK(12,12,8),1777921666229944832,1777921666271729152,0
0,2,723,GEMM(13,12,8),1777921666271733248,1777921666351037952,0
0,2,724,GEMM(14,12,8),1777921666351042048,1777921666430345728,0
0,2,725,GEMM(15,12,8),1777921666430349824,1777921666509643264,0
0,2,729,SYRK(14,14,8),1777921666509647360,1777921666551433728,0
0,2,730,GEMM(15,14,8),1777921666551436800,1777921666630742528,0
0,2,739,SYRK(10,10,9),1777921669942334976,1777921670092235264,1777921666630745600
0,2,740,GEMM(11,10,9),1777921670092242432,1777921670402121216,1777921670092238336
0,2,741,GEMM(12,10,9),1777921670402129408,1777921670686438912,1777921670402125312
0,2,742,GEMM(13,10,9),1777921670686447104,1777921670996177408,1777921670686443008
0,2,743,GEMM(14,10,9),1777921670996185600,1777921671291924992,1777921670996181504
0,2,744,GEMM(15,10,9),1777921671291933184,1777921671601689088,1777921671291929088
0,2,750,SYRK(12,12,9),1777921671601696256,1777921671747230208,1777921671601693184
0,2,751,GEMM(13,12,9),1777921671747237376,1777921672054129152,1777921671747233280
0,2,752,GEMM(14,12,9),1777921672054136320,1777921672343648768,1777921672054132224
0,2,753,GEMM(15,12,9),1777921672343655936,1777921672650567168,1777921672343651840
0,2,757,SYRK(14,14,9),1777921672650574336,1777921672800146944,1777921672650570240
0,2,758,GEMM(15,14,9),1777921672800154112,1777921673109926400,1777921672800150016
0,2,760,POTRF(10),1777921673109929472,1777921673126829568,0
0,2,761,TRSM(11,10),1777921673126831616,1777921673173771776,0
0,2,762,TRSM(12,10),1777921673173776896,1777921673220917760,0
0,2,763,TRSM(13,10),1777921673220924928,1777921673268124160,0
0,2,764,TRSM(14,10),1777921673268132352,1777921673315171840,0
0,2,765,TRSM(15,10),1777921673315179008,1777921673362255360,0
0,2,771,SYRK(12,12,10),1777921673362266624,1777921673404044800,0
0,2,772,GEMM(13,12,10),1777921673404048896,1777921673483361792,0
0,2,773,GEMM(14,12,10),1777921673483365888,1777921673562669568,0
0,2,774,GEMM(15,12,10),1777921673562673664,1777921673641988608,0
0,2,778,SYRK(14,14,10),1777921673641991680,1777921673683773952,0
0,2,779,GEMM(15,14,10),1777921673683778048,1777921673763099136,0
0,2,786,SYRK(12,12,11),1777921675583628800,1777921675729098240,1777921673763102208
0,2,787,GEMM(13,12,11),1777921675729105408,1777921676035828224,1777921675729101312
0,2,788,GEMM(14,12,11),1777921676035835392,1777921676325288448,1777921676035832320
0,2,789,GEMM(15,12,11),1777921676325295616,1777921676632141312,1777921676325291520
0,2,793,SYRK(14,14,11),1777921676632148480,1777921676781654528,1777921676632145408
0,2,794,GEMM(15,14,11),1777921676781662720,1777921677091330560,1777921676781658624
0,2,796,POTRF(12),1777921677091333632,1777921677108233728,0
0,2,797,TRSM(13,12),1777921677108234752,1777921677155232256,0
0,2,798,TRSM(14,12),1777921677155238400,1777921677202352640,0
0,2,799,TRSM(15,12),1777921677202359808,1777921677249604096,0
0,2,803,SYRK(14,14,12),1777921677249612288,1777921677291507200,0
0,2,804,GEMM(15,14,12),1777921677291510272,1777921677370823168,0
0,2,809,SYRK(14,14,13),1777921678165413376,1777921678315132416,1777921677370827264
0,2,810,GEMM(15,14,13),1777921678315139584,1777921678624749056,1777921678315135488
0,2,812,POTRF(14),1777921678624752128,1777921678641652224,0
0,2,813,TRSM(15,14),1777921678641654272,1777921678688624128,0
0,3,0,POTRF(0),1777921680015595520,1777921680032495616,0
0,3,1,TRSM(1,0),1777921680032497664,1777921680079513600,0
0,3,2,TRSM(2,0),1777921680079519744,1777921680126724096,0
0,3,3,TRSM(3,0),1777921680126731264,1777921680173988864,0
0,3,4,TRSM(4,0),1777921680173996032,1777921680221096960,0
0,3,5,TRSM(5,0),1777921680221104128,1777921680268239872,0
0,3,6,TRSM(6,0),1777921680268247040,1777921680315382784,0
0,3,7,TRSM(7,0),1777921680315389952,1777921680362490880,0
0,3,8,TRSM(8,0),1777921680362498048,1777921680409561088,0
0,3,9,TRSM(9,0),1777921680409567232,1777921680456666112,0
0,3,10,TRSM(10,0),1777921680456673280,1777921680503751680,0
0,3,11,TRSM(11,0),1777921680503757824,1777921680550834176,0
0,3,12,TRSM(12,0),1777921680550842368,1777921680597940224,0
0,3,13,TRSM(13,0),1777921680597949440,1777921680644994048,0
0,3,14,TRSM(14,0),1777921680645001216,1777921680692122624,0
0,3,15,TRSM(15,0),1777921680692130816,1777921680739215360,0
0,3,31,SYRK(2,2,0),1777921680739223552,1777921680781005824,0
0,3,32,GEMM(3,2,0),1777921680781008896,1777921680860325888,0
0,3,33,GEMM(4,2,0),1777921680860328960,1777921680939643904,0
0,3,34,GEMM(5,2,0),1777921680939646976,1777921681018969088,0
0,3,35,GEMM(6,2,0),1777921681018973184,1777921681098291200,0
0,3,36,GEMM(7,2,0),1777921681098295296,1777921681177617408,0
0,3,37,GEMM(8,2,0),1777921681177620480,1777921681256932352,0
0,3,38,GEMM(9,2,0),1777921681256935424,1777921681336253440,0
0,3,39,GEMM(10,2,0),1777921681336257536,1777921681415566336,0
0,3,40,GEMM(11,2,0),1777921681415570432,1777921681494891520,0
0,3,41,GEMM(12,2,0),1777921681494894592,1777921681574211584,0
0,3,42,GEMM(13,2,0),1777921681574214656,1777921681653524480,0
0,3,43,GEMM(14,2,0),1777921681653527552,1777921681732845568,0
0,3,44,GEMM(15,2,0),1777921681732848640,1777921681812153344,0
0,3,58,SYRK(4,4,0),1777921681812156416,1777921681853942784,0
0,3,59,GEMM(5,4,0),1777921681853946880,1777921681933254656,0
0,3,60,GEMM(6,4,0),1777921681933258752,1777921682012563456,0
0,3,61,GEMM(7,4,0),1777921682012567552,1777921682091873280,0
0,3,62,GEMM(8,4,0),1777921682091877376,1777921682171174912,0
0,3,63,GEMM(9,4,0),1777921682171179008,1777921682250484736,0
0,3,64,GEMM(10,4,0),1777921682250488832,1777921682329799680,0
0,3,65,GEMM(11,4,0),1777921682329802752,1777921682409116672,0
0,3,66,GEMM(12,4,0),1777921682409119744,1777921682488444928,0
0,3,67,GEMM(13,4,0),1777921682488448000,1777921682567762944,0
0,3,68,GEMM(14,4,0),1777921682567767040,1777921682647081984,0
0,3,69,GEMM(15,4,0),1777921682647086080,1777921682726403072,0
0,3,81,SYRK(6,6,0),1777921682726407168,1777921682768191488,0
0,3,82,GEMM(7,6,0),1777921682768195584,1777921682847515648,0
0,3,83,GEMM(8,6,0),1777921682847518720,1777921682926818304,0
0,3,84,GEMM(9,6,0),1777921682926821376,1777921683006132224,0
0,3,85,GEMM(10,6,0),1777921683006135296,1777921683085453312,0
0,3,86,GEMM(11,6,0),1777921683085456384,1777921683164754944,0
0,3,87,GEMM(12,6,0),1777921683164758016,1777921683244058624,0
0,3,88,GEMM(13,6,0),1777921683244062720,1777921683323372544,0
0,3,89,GEMM(14,6,0),1777921683323375616,1777921683402676224,0
0,3,90,GEMM(15,6,0),1777921683402680320,1777921683481987072,0
0,3,100,SYRK(8,8,0),1777921683481991168,1777921683523776512,0
0,3,101,GEMM(9,8,0),1777921683523779584,1777921683603081216,0
0,3,102,GEMM(10,8,0),1777921683603085312,1777921683682391040,0
0,3,103,GEMM(11,8,0),1777921683682394112,1777921683761696768,0
0,3,104,GEMM(12,8,0),1777921683761699840,1777921683840990208,0
0,3,105,GEMM(13,8,0),1777921683840993280,1777921683920292864,0
0,3,106,GEMM(14,8,0),1777921683920295936,1777921683999597568,0
0,3,107,GEMM(15,8,0),1777921683999601664,1777921684078898176,0
0,3,115,SYRK(10,10,0),1777921684078901248,1777921684120687616,0
0,3,116,GEMM(11,10,0),1777921684120691712,1777921684200012800,0
0,3,117,GEMM(12,10,0),1777921684200015872,1777921684279325696,0
0,3,118,GEMM(13,10,0),1777921684279328768,1777921684358636544,0
0,3,119,GEMM(14,10,0),1777921684358640640,1777921684437951488,0
0,3,120,GEMM(15,10,0),1777921684437954560,1777921684517250048,0
0,3,126,SYRK(12,12,0),1777921684517253120,1777921684559036416,0
0,3,127,GEMM(13,12,0),1777921684559039488,1777921684638344192,0
0,3,128,GEMM(14,12,0),1777921684638347264,1777921684717655040,0
0,3,129,GEMM(15,12,0),1777921684717658112,1777921684796972032,0
0,3,133,SYRK(14,14,0),1777921684796976128,1777921684838762496,0
0,3,134,GEMM(15,14,0),1777921684838766592,1777921684918075392,0
0,3,151,SYRK(2,2,1),1777921698791519232,1777921698941344768,1777921684918078464
0,3,152,GEMM(3,2,1),1777921698941351936,1777921699251343360,1777921698941347840
0,3,153,GEMM(4,2,1),1777921699251350528,1777921699535813632,1777921699251346432
0,3,154,GEMM(5,2,1),1777921699535820800,1777921699845777408,1777921699535816704
0,3,155,GEMM(6,2,1),1777921699845784576,1777921700141597696,1777921699845781504
0,3,156,GEMM(7,2,1),1777921700141604864,1777921700451484672,1777921700141601792
0,3,157,GEMM(8,2,1),1777921700451492864,1777921700735835136,1777921700451488768
0,3,158,GEMM(9,2,1),1777921700735843328,1777921701045697536,1777921700735839232
0,3,159,GEMM(10,2,1),1777921701045705728,1777921701341542400,1777921701045701632
0,3,160,GEMM(11,2,1),1777921701341549568,1777921701651409920,1777921701341545472
0,3,161,GEMM(12,2,1),1777921701651418112,1777921701935891456,1777921701651414016
0,3,162,GEMM(13,2,1),1777921701935899648,1777921702245724160,1777921701935895552
0,3,163,GEMM(14,2,1),1777921702245732352,1777921702541578240,1777921702245728256
0,3,164,GEMM(15,2,1),1777921702541585408,1777921702851380224,1777921702541581312
0,3,178,SYRK(4,4,1),1777921702851387392,1777921702996733952,1777921702851384320
0,3,179,GEMM(5,4,1),1777921702996741120,1777921703303643136,1777921702996738048
0,3,180,GEMM(6,4,1),1777921703303650304,1777921703593120768,1777921703303646208
0,3,181,GEMM(7,4,1),1777921703593127936,1777921703900001280,1777921703593123840
0,3,182,GEMM(8,4,1),1777921703900009472,1777921704187921408,1777921703900005376
0,3,183,GEMM(9,4,1),1777921704187929600,1777921704494897152,1777921704187925504
0,3,184,GEMM(10,4,1),1777921704494904320,1777921704784382976,1777921704494900224
0,3,185,GEMM(11,4,1),1777921704784390144,1777921705091194880,1777921704784386048
0,3,186,GEMM(12,4,1),1777921705091203072,1777921705379197952,1777921705091198976
0,3,187,GEMM(13,4,1),1777921705379205120,1777921705686059008,1777921705379202048
0,3,188,GEMM(14,4,1),1777921705686066176,1777921705975540736,1777921705686062080
0,3,189,GEMM(15,4,1),1777921705975547904,1777921706282343424,1777921705975543808
0,3,201,SYRK(6,6,1),1777921706282349568,1777921706432004096,1777921706282346496
0,3,202,GEMM(7,6,1),1777921706432011264,1777921706741729280,1777921706432007168
0,3,203,GEMM(8,6,1),1777921706741736448,1777921707026140160,1777921706741733376
0,3,204,GEMM(9,6,1),1777921707026147328,1777921707335950336,1777921707026143232
0,3,205,GEMM(10,6,1),1777921707335957504,1777921707631735808,1777921707335953408
0,3,206,GEMM(11,6,1),1777921707631744000,1777921707941548032,1777921707631739904
0,3,207,GEMM(12,6,1),1777921707941556224,1777921708225966080,1777921707941552128
0,3,208,GEMM(13,6,1),1777921708225973248,1777921708535857152,1777921708225969152
0,3,209,GEMM(14,6,1),1777921708535865344,1777921708831618048,1777921708535861248
0,3,210,GEMM(15,6,1),1777921708831625216,1777921709141305344,1777921708831621120
0,3,220,SYRK(8,8,1),1777921709141312512,1777921709286716416,1777921709141309440
0,3,221,GEMM(9,8,1),1777921709286723584,1777921709593747456,1777921709286719488
0,3,222,GEMM(10,8,1),1777921709593754624,1777921709883251712,1777921709593750528
0,3,223,GEMM(11,8,1),1777921709883258880,1777921710190239744,1777921709883254784
0,3,224,GEMM(12,8,1),1777921710190246912,1777921710478238720,1777921710190242816
0,3,225,GEMM(13,8,1),1777921710478246912,1777921710785077248,1777921710478242816
0,3,226,GEMM(14,8,1),1777921710785085440,1777921711074617344,1777921710785081344
0,3,227,GEMM(15,8,1),1777921711074625536,1777921711381479424,1777921711074621440
0,3,235,SYRK(10,10,1),1777921711381485568,1777921711531146240,1777921711381482496
0,3,236,GEMM(11,10,1),1777921711531153408,1777921711840875520,1777921711531149312
0,3,237,GEMM(12,10,1),1777921711840882688,1777921712125326336,1777921711840879616
0,3,238,GEMM(13,10,1),1777921712125333504,1777921712435048448,1777921712125329408
0,3,239,GEMM(14,10,1),1777921712435056640,1777921712730781696,1777921712435052544
0,3,240,GEMM(15,10,1),1777921712730788864,1777921713040624640,1777921712730785792
0,3,246,SYRK(12,12,1),1777921713040630784,1777921713186123776,1777921713040627712
0,3,247,GEMM(13,12,1),1777921713186130944,1777921713493040128,1777921713186127872
0,3,248,GEMM(14,12,1),1777921713493047296,1777921713782461440,1777921713493043200
0,3,249,GEMM(15,12,1),1777921713782468608,1777921714089203712,1777921713782464512
0,3,253,SYRK(14,14,1),1777921714089210880,1777921714238813184,1777921714089207808
0,3,254,GEMM(15,14,1),1777921714238820352,1777921714548535296,1777921714238816256
0,3,256,POTRF(2),1777921714548538368,1777921714565436416,0
0,3,257,TRSM(3,2),1777921714565438464,1777921714612573184,0
0,3,258,TRSM(4,2),1777921714612579328,1777921714659812352,0
0,3,259,TRSM(5,2),1777921714659819520,1777921714706804736,0
0,3,260,TRSM(6,2),1777921714706811904,1777921714753796096,0
0,3,261,TRSM(7,2),1777921714753804288,1777921714800787456,0
0,3,262,TRSM(8,2),1777921714800797696,1777921714847841280,0
0,3,263,TRSM(9,2),1777921714847849472,1777921714894870528,0
0,3,264,TRSM(10,2),1777921714894878720,1777921714941927424,0
0,3,265,TRSM(11,2),1777921714941935616,1777921714988886016,0
0,3,266,TRSM(12,2),1777921714988894208,1777921715035920384,0
0,3,267,TRSM(13,2),1777921715035928576,1777921715082953728,0
0,3,268,TRSM(14,2),1777921715082960896,1777921715129957376,0
0,3,269,TRSM(15,2),1777921715129964544,1777921715176944640,0
0,3,283,SYRK(4,4,2),1777921715176953856,1777921715218739200,0
0,3,284,GEMM(5,4,2),1777921715218742272,1777921715298052096,0
0,3,285,GEMM(6,4,2),1777921715298056192,1777921715377359872,0
0,3,286,GEMM(7,4,2),1777921715377362944,1777921715456671744,0
0,3,287,GEMM(8,4,2),1777921715456674816,1777921715535983616,0
0,3,288,GEMM(9,4,2),1777921715535986688,1777921715615301632,0
0,3,289,GEMM(10,4,2),1777921715615304704,1777921715694618624,0
0,3,290,GEMM(11,4,2),1777921715694621696,1777921715773942784,0
0,3,291,GEMM(12,4,2),1777921715773946880,1777921715853250560,0
0,3,292,GEMM(13,4,2),1777921715853253632,1777921715932556288,0
0,3,293,GEMM(14,4,2),1777921715932559360,1777921716011862016,0
0,3,294,GEMM(15,4,2),1777921716011865088,1777921716091169792,0
0,3,306,SYRK(6,6,2),1777921716091173888,1777921716132962304,0
0,3,307,GEMM(7,6,2),1777921716132966400,1777921716212269056,0
0,3,308,GEMM(8,6,2),1777921716212273152,1777921716291573760,0
0,3,309,GEMM(9,6,2),1777921716291577856,1777921716370888704,0
0,3,310,GEMM(10,6,2),1777921716370892800,1777921716450200576,0
0,3,311,GEMM(11,6,2),1777921716450203648,1777921716529501184,0
0,3,312,GEMM(12,6,2),1777921716529504256,1777921716608801792,0
0,3,313,GEMM(13,6,2),1777921716608804864,1777921716688109568,0
0,3,314,GEMM(14,6,2),1777921716688112640,1777921716767411200,0
0,3,315,GEMM(15,6,2),1777921716767414272,1777921716846712832,0
0,3,325,SYRK(8,8,2),1777921716846716928,1777921716888501248,0
0,3,326,GEMM(9,8,2),1777921716888504320,1777921716967804928,0
0,3,327,GEMM(10,8,2),1777921716967808000,1777921717047113728,0
0,3,328,GEMM(11,8,2),1777921717047116800,1777921717126420480,0
0,3,329,GEMM(12,8,2),1777921717126423552,1777921717205731328,0
0,3,330,GEMM(13,8,2),1777921717205734400,1777921717285030912,0
0,3,331,GEMM(14,8,2),1777921717285033984,1777921717364336640,0
0,3,332,GEMM(15,8,2),1777921717364339712,1777921717443646464,0
0,3,340,SYRK(10,10,2),1777921717443650560,1777921717485437952,0
0,3,341,GEMM(11,10,2),1777921717485442048,1777921717564749824,0
0,3,342,GEMM(12,10,2),1777921717564752896,1777921717644049408,0
0,3,343,GEMM(13,10,2),1777921717644052480,1777921717723343872,0
0,3,344,GEMM(14,10,2),1777921717723347968,1777921717802641408,0
0,3,345,GEMM(15,10,2),1777921717802644480,1777921717881948160,0
0,3,351,SYRK(12,12,2),1777921717881951232,1777921717923736576,0
0,3,352,GEMM(13,12,2),1777921717923739648,1777921718003042304,0
0,3,353,GEMM(14,12,2),1777921718003045376,1777921718082344960,0
0,3,354,GEMM(15,12,2),1777921718082348032,1777921718161651712,0
0,3,358,SYRK(14,14,2),1777921718161654784,1777921718203440128,0
0,3,359,GEMM(15,14,2),1777921718203443200,1777921718282747904,0
0,3,374,SYRK(4,4,3),1777921728822620160,1777921728968161280,1777921718282752000
0,3,375,GEMM(5,4,3),1777921728968168448,1777921729274985472,1777921728968164352
0,3,376,GEMM(6,4,3),1777921729274992640,1777921729564504064,1777921729274989568
0,3,377,GEMM(7,4,3),1777921729564512256,1777921729871387648,1777921729564508160
0,3,378,GEMM(8,4,3),1777921729871394816,1777921730159339520,1777921729871390720
0,3,379,GEMM(9,4,3),1777921730159346688,1777921730466273280,1777921730159342592
0,3,380,GEMM(10,4,3),1777921730466281472,1777921730755695616,1777921730466277376
0,3,381,GEMM(11,4,3),1777921730755702784,1777921731062611968,1777921730755698688
0,3,382,GEMM(12,4,3),1777921731062619136,1777921731350559744,1777921731062615040
0,3,383,GEMM(13,4,3),1777921731350567936,1777921731657412608,1777921731350563840
0,3,384,GEMM(14,4,3),1777921731657420800,1777921731946852352,1777921731657416704
0,3,385,GEMM(15,4,3),1777921731946860544,1777921732253690880,1777921731946856448
0,3,397,SYRK(6,6,3),1777921732253698048,1777921732403308544,1777921732253693952
0,3,398,GEMM(7,6,3),1777921732403315712,1777921732713061376,1777921732403312640
0,3,399,GEMM(8,6,3),1777921732713069568,1777921732997478400,1777921732713065472
0,3,400,GEMM(9,6,3),1777921732997486592,1777921733307353088,1777921732997482496
0,3,401,GEMM(10,6,3),1777921733307361280,1777921733603037184,1777921733307356160
0,3,402,GEMM(11,6,3),1777921733603045376,1777921733912829952,1777921733603041280
0,3,403,GEMM(12,6,3),1777921733912837120,1777921734197291008,1777921733912833024
0,3,404,GEMM(13,6,3),1777921734197299200,1777921734506977280,1777921734197295104
0,3,405,GEMM(14,6,3),1777921734506984448,1777921734802783232,1777921734506980352
0,3,406,GEMM(15,6,3),1777921734802790400,1777921735112452096,1777921734802786304
0,3,416,SYRK(8,8,3),1777921735112459264,1777921735257979904,1777921735112456192
0,3,417,GEMM(9,8,3),1777921735257987072,1777921735564889088,1777921735257982976
0,3,418,GEMM(10,8,3),1777921735564896256,1777921735854373888,1777921735564892160
0,3,419,GEMM(11,8,3),1777921735854381056,1777921736161339392,1777921735854376960
0,3,420,GEMM(12,8,3),1777921736161346560,1777921736449341440,1777921736161343488
0,3,421,GEMM(13,8,3),1777921736449348608,1777921736756248576,1777921736449345536
0,3,422,GEMM(14,8,3),1777921736756256768,1777921737045689344,1777921736756252672
0,3,423,GEMM(15,8,3),1777921737045697536,1777921737352674304,1777921737045692416
0,3,431,SYRK(10,10,3),1777921737352681472,1777921737502386176,1777921737352677376
0,3,432,GEMM(11,10,3),1777921737502393344,1777921737812076544,1777921737502389248
0,3,433,GEMM(12,10,3),1777921737812083712,1777921738096512000,1777921737812079616
0,3,434,GEMM(13,10,3),1777921738096519168,1777921738406311936,1777921738096515072
0,3,435,GEMM(14,10,3),1777921738406319104,1777921738702083072,1777921738406315008
0,3,436,GEMM(15,10,3),1777921738702091264,1777921739011881984,1777921738702087168
0,3,442,SYRK(12,12,3),1777921739011889152,1777921739157226496,1777921739011886080
0,3,443,GEMM(13,12,3),1777921739157233664,1777921739464218624,1777921739157230592
0,3,444,GEMM(14,12,3),1777921739464225792,1777921739753598976,1777921739464222720
0,3,445,GEMM(15,12,3),1777921739753606144,1777921740060531712,1777921739753602048
0,3,449,SYRK(14,14,3),1777921740060538880,1777921740210187264,1777921740060535808
0,3,450,GEMM(15,14,3),1777921740210194432,1777921740519872512,1777921740210190336
0,3,452,POTRF(4),1777921740519875584,1777921740536774656,0
0,3,453,TRSM(5,4),1777921740536776704,1777921740583934976,0
0,3,454,TRSM(6,4),1777921740583941120,1777921740631203840,0
0,3,455,TRSM(7,4),1777921740631212032,1777921740678362112,0
0,3,456,TRSM(8,4),1777921740678370304,1777921740725487616,0
0,3,457,TRSM(9,4),1777921740725494784,1777921740772573184,0
0,3,458,TRSM(10,4),1777921740772580352,1777921740819670016,0
0,3,459,TRSM(11,4),1777921740819677184,1777921740866767872,0
0,3,460,TRSM(12,4),1777921740866774016,1777921740913860608,0
0,3,461,TRSM(13,4),1777921740913867776,1777921740960911360,0
0,3,462,TRSM(14,4),1777921740960919552,1777921741007979520,0
0,3,463,TRSM(15,4),1777921741007986688,1777921741055023104,0
0,3,475,SYRK(6,6,4),1777921741055031296,1777921741096814592,0
0,3,476,GEMM(7,6,4),1777921741096818688,1777921741176118272,0
0,3,477,GEMM(8,6,4),1777921741176121344,1777921741255427072,0
0,3,478,GEMM(9,6,4),1777921741255430144,1777921741334736896,0
0,3,479,GEMM(10,6,4),1777921741334740992,1777921741414042624,0
0,3,480,GEMM(11,6,4),1777921741414045696,1777921741493352448,0
0,3,481,GEMM(12,6,4),1777921741493356544,1777921741572648960,0
0,3,482,GEMM(13,6,4),1777921741572653056,1777921741651953664,0
0,3,483,GEMM(14,6,4),1777921741651957760,1777921741731267584,0
0,3,484,GEMM(15,6,4),1777921741731270656,1777921741810577408,0
0,3,494,SYRK(8,8,4),1777921741810580480,1777921741852364800,0
0,3,495,GEMM(9,8,4),1777921741852368896,1777921741931664384,0
0,3,496,GEMM(10,8,4),1777921741931668480,1777921742010967040,0
0,3,497,GEMM(11,8,4),1777921742010971136,1777921742090274816,0
0,3,498,GEMM(12,8,4),1777921742090277888,1777921742169573376,0
0,3,499,GEMM(13,8,4),1777921742169575424,1777921742248875008,0
0,3,500,GEMM(14,8,4),1777921742248878080,1777921742328176640,0
0,3,501,GEMM(15,8,4),1777921742328179712,1777921742407487488,0
0,3,509,SYRK(10,10,4),1777921742407491584,1777921742449283072,0
0,3,510,GEMM(11,10,4),1777921742449286144,1777921742528592896,0
0,3,511,GEMM(12,10,4),1777921742528596992,1777921742607898624,0
0,3,512,GEMM(13,10,4),1777921742607902720,1777921742687218688,0
0,3,513,GEMM(14,10,4),1777921742687222784,1777921742766529536,0
0,3,514,GEMM(15,10,4),1777921742766533632,1777921742845843456,0
0,3,520,SYRK(12,12,4),1777921742845847552,1777921742887627776,0
0,3,521,GEMM(13,12,4),1777921742887631872,1777921742966938624,0
0,3,522,GEMM(14,12,4),1777921742966941696,1777921743046252544,0
0,3,523,GEMM(15,12,4),1777921743046255616,1777921743125564416,0
0,3,527,SYRK(14,14,4),1777921743125568512,1777921743167353856,0
0,3,528,GEMM(15,14,4),1777921743167356928,1777921743246671872,0
0,3,541,SYRK(6,6,5),1777921750917138432,1777921751066887168,1777921743246674944
0,3,542,GEMM(7,6,5),1777921751066894336,1777921751376934912,1777921751066890240
0,3,543,GEMM(8,6,5),1777921751376942080,1777921751661389824,1777921751376937984
0,3,544,GEMM(9,6,5),1777921751661396992,1777921751971153920,1777921751661392896
0,3,545,GEMM(10,6,5),1777921751971162112,1777921752266943488,1777921751971158016
0,3,546,GEMM(11,6,5),1777921752266951680,1777921752576806912,1777921752266947584
0,3,547,GEMM(12,6,5),1777921752576814080,1777921752861237248,1777921752576811008
0,3,548,GEMM(13,6,5),1777921752861245440,1777921753171009536,1777921752861241344
0,3,549,GEMM(14,6,5),1777921753171017728,1777921753466668032,1777921753171013632
0,3,550,GEMM(15,6,5),1777921753466676224,1777921753776326656,1777921753466672128
0,3,560,SYRK(8,8,5),1777921753776333824,1777921753921887232,1777921753776329728
0,3,561,GEMM(9,8,5),1777921753921894400,1777921754228750336,1777921753921891328
0,3,562,GEMM(10,8,5),1777921754228757504,1777921754518353920,1777921754228753408
0,3,563,GEMM(11,8,5),1777921754518362112,1777921754825194496,1777921754518358016
0,3,564,GEMM(12,8,5),1777921754825201664,1777921755113184256,1777921754825197568
0,3,565,GEMM(13,8,5),1777921755113191424,1777921755420136448,1777921755113188352
0,3,566,GEMM(14,8,5),1777921755420144640,1777921755709747200,1777921755420140544
0,3,567,GEMM(15,8,5),1777921755709754368,1777921756016759808,1777921755709750272
0,3,575,SYRK(10,10,5),1777921756016765952,1777921756166384640,1777921756016762880
0,3,576,GEMM(11,10,5),1777921756166391808,1777921756476173312,1777921756166387712
0,3,577,GEMM(12,10,5),1777921756476180480,1777921756760584192,1777921756476177408
0,3,578,GEMM(13,10,5),1777921756760591360,1777921757070405632,1777921756760587264
0,3,579,GEMM(14,10,5),1777921757070412800,1777921757366212608,1777921757070408704
0,3,580,GEMM(15,10,5),1777921757366220800,1777921757675991040,1777921757366216704
0,3,586,SYRK(12,12,5),1777921757675998208,1777921757821424640,1777921757675995136
0,3,587,GEMM(13,12,5),1777921757821431808,1777921758128316416,1777921757821427712
0,3,588,GEMM(14,12,5),1777921758128324608,1777921758417705984,1777921758128320512
0,3,589,GEMM(15,12,5),1777921758417714176,1777921758724508672,1777921758417710080
0,3,593,SYRK(14,14,5),1777921758724514816,1777921758874145792,1777921758724511744
0,3,594,GEMM(15,14,5),1777921758874152960,1777921759183810560,1777921758874149888
0,3,596,POTRF(6),1777921759183814656,1777921759200714752,0
0,3,597,TRSM(7,6),1777921759200716800,1777921759247689728,0
0,3,598,TRSM(8,6),1777921759247694848,1777921759294924800,0
0,3,599,TRSM(9,6),1777921759294931968,1777921759342049280,0
0,3,600,TRSM(10,6),1777921759342057472,1777921759389152256,0
0,3,601,TRSM(11,6),1777921759389159424,1777921759436201984,0
0,3,602,TRSM(12,6),1777921759436211200,1777921759483298816,0
0,3,603,TRSM(13,6),1777921759483307008,1777921759530383360,0
0,3,604,TRSM(14,6),1777921759530391552,1777921759577358336,0
0,3,605,TRSM(15,6),1777921759577366528,1777921759624457216,0
0,3,615,SYRK(8,8,6),1777921759624467456,1777921759666247680,0
0,3,616,GEMM(9,8,6),1777921759666251776,1777921759745566720,0
0,3,617,GEMM(10,8,6),1777921759745569792,1777921759824883712,0
0,3,618,GEMM(11,8,6),1777921759824886784,1777921759904196608,0
0,3,619,GEMM(12,8,6),1777921759904199680,1777921759983505408,0
0,3,620,GEMM(13,8,6),1777921759983509504,1777921760062822400,0
0,3,621,GEMM(14,8,6),1777921760062825472,1777921760142137344,0
0,3,622,GEMM(15,8,6),1777921760142140416,1777921760221451264,0
0,3,630,SYRK(10,10,6),1777921760221454336,1777921760263236608,0
0,3,631,GEMM(11,10,6),1777921760263239680,1777921760342555648,0
0,3,632,GEMM(12,10,6),1777921760342558720,1777921760421870592,0
0,3,633,GEMM(13,10,6),1777921760421873664,1777921760501182464,0
0,3,634,GEMM(14,10,6),1777921760501186560,1777921760580497408,0
0,3,635,GEMM(15,10,6),1777921760580500480,1777921760659819520,0
0,3,641,SYRK(12,12,6),1777921760659822592,1777921760701598720,0
0,3,642,GEMM(13,12,6),1777921760701601792,1777921760780901376,0
0,3,643,GEMM(14,12,6),1777921760780905472,1777921760860209152,0
0,3,644,GEMM(15,12,6),1777921760860213248,1777921760939520000,0
0,3,648,SYRK(14,14,6),1777921760939524096,1777921760981310464,0
0,3,649,GEMM(15,14,6),1777921760981313536,1777921761060627456,0
0,3,660,SYRK(8,8,7),1777921766320123904,1777921766465480704,1777921761060630528
0,3,661,GEMM(9,8,7),1777921766465487872,1777921766772424704,1777921766465484800
0,3,662,GEMM(10,8,7),1777921766772432896,1777921767062023168,1777921766772428800
0,3,663,GEMM(11,8,7),1777921767062030336,1777921767368979456,1777921767062026240
0,3,664,GEMM(12,8,7),1777921767368987648,1777921767656886272,1777921767368983552
0,3,665,GEMM(13,8,7),1777921767656894464,1777921767963934720,1777921767656890368
0,3,666,GEMM(14,8,7),1777921767963942912,1777921768253467648,1777921767963938816
0,3,667,GEMM(15,8,7),1777921768253474816,1777921768560431104,1777921768253470720
0,3,675,SYRK(10,10,7),1777921768560438272,1777921768710191104,1777921768560435200
0,3,676,GEMM(11,10,7),1777921768710198272,1777921769019947008,1777921768710194176
0,3,677,GEMM(12,10,7),1777921769019954176,1777921769304350720,1777921769019950080
0,3,678,GEMM(13,10,7),1777921769304357888,1777921769614158848,1777921769304353792
0,3,679,GEMM(14,10,7),1777921769614167040,1777921769909881856,1777921769614162944
0,3,680,GEMM(15,10,7),1777921769909890048,1777921770219716608,1777921769909885952
0,3,686,SYRK(12,12,7),1777921770219723776,1777921770365144064,1777921770219720704
0,3,687,GEMM(13,12,7),1777921770365151232,1777921770672038912,1777921770365147136
0,3,688,GEMM(14,12,7),1777921770672046080,1777921770961530880,1777921770672041984
0,3,689,GEMM(15,12,7),1777921770961538048,1777921771268440064,1777921770961533952
0,3,693,SYRK(14,14,7),1777921771268447232,1777921771418015744,1777921771268444160
0,3,694,GEMM(15,14,7),1777921771418022912,1777921771727687680,1777921771418018816
0,3,696,POTRF(8),1777921771727690752,1777921771744591872,0
0,3,697,TRSM(9,8),1777921771744592896,1777921771791774720,0
0,3,698,TRSM(10,8),1777921771791780864,1777921771839030272,0
0,3,699,TRSM(11,8),1777921771839037440,1777921771886166016,0
0,3,700,TRSM(12,8),1777921771886174208,1777921771933256704,0
0,3,701,TRSM(13,8),1777921771933263872,1777921771980385280,0
0,3,702,TRSM(14,8),1777921771980392448,1777921772027511808,0
0,3,703,TRSM(15,8),1777921772027518976,1777921772074658816,0
0,3,711,SYRK(10,10,8),1777921772074667008,1777921772116449280,0
0,3,712,GEMM(11,10,8),1777921772116452352,1777921772195753984,0
0,3,713,GEMM(12,10,8),1777921772195757056,1777921772275063808,0
0,3,714,GEMM(13,10,8),1777921772275066880,1777921772354371584,0
0,3,715,GEMM(14,10,8),1777921772354375680,1777921772433673216,0
0,3,716,GEMM(15,10,8),1777921772433676288,1777921772512983040,0
0,3,722,SYRK(12,12,8),1777921772512986112,1777921772554768384,0
0,3,723,GEMM(13,12,8),1777921772554771456,1777921772634067968,0
0,3,724,GEMM(14,12,8),1777921772634072064,1777921772713359360,0
0,3,725,GEMM(15,12,8),1777921772713363456,1777921772792648704,0
0,3,729,SYRK(14,14,8),1777921772792651776,1777921772834439168,0
0,3,730,GEMM(15,14,8),1777921772834442240,1777921772913745920,0
0,3,739,SYRK(10,10,9),1777921776225547264,1777921776375453696,1777921772913748992
0,3,740,GEMM(11,10,9),1777921776375460864,1777921776685303808,1777921776375457792
0,3,741,GEMM(12,10,9),1777921776685310976,1777921776969635840,1777921776685306880
0,3,742,GEMM(13,10,9),1777921776969644032,1777921777279480832,1777921776969639936
0,3,743,GEMM(14,10,9),1777921777279488000,1777921777575278592,1777921777279483904
0,3,744,GEMM(15,10,9),1777921777575285760,1777921777884981248,1777921777575281664
0,3,750,SYRK(12,12,9),1777921777884988416,1777921778030517248,1777921777884985344
0,3,751,GEMM(13,12,9),1777921778030524416,1777921778337471488,1777921778030520320
0,3,752,GEMM(14,12,9),1777921778337479680,1777921778626941952,1777921778337475584
0,3,753,GEMM(15,12,9),1777921778626950144,1777921778933787648,1777921778626946048
0,3,757,SYRK(14,14,9),1777921778933794816,1777921779083426816,1777921778933791744
0,3,758,GEMM(15,14,9),1777921779083433984,1777921779393177600,1777921779083430912
0,3,760,POTRF(10),1777921779393180672,1777921779410080768,0
0,3,761,TRSM(11,10),1777921779410082816,1777921779457059840,0
0,3,762,TRSM(12,10),1777921779457064960,1777921779504280576,0
0,3,763,TRSM(13,10),1777921779504287744,1777921779551423488,0
0,3,764,TRSM(14,10),1777921779551430656,1777921779598418944,0
0,3,765,TRSM(15,10),1777921779598427136,1777921779645410304,0
0,3,771,SYRK(12,12,10),1777921779645419520,1777921779687202816,0
0,3,772,GEMM(13,12,10),1777921779687206912,1777921779766500352,0
0,3,773,GEMM(14,12,10),1777921779766503424,1777921779845788672,0
0,3,774,GEMM(15,12,10),1777921779845792768,1777921779925091328,0
0,3,778,SYRK(14,14,10),1777921779925094400,1777921779966889984,0
0,3,779,GEMM(15,14,10),1777921779966893056,1777921780046191616,0
0,3,786,SYRK(12,12,11),1777921781866779648,1777921782012309504,1777921780046194688
0,3,787,GEMM(13,12,11),1777921782012316672,1777921782319219712,1777921782012312576
0,3,788,GEMM(14,12,11),1777921782319227904,1777921782608722944,1777921782319223808
0,3,789,GEMM(15,12,11),1777921782608730112,1777921782915564544,1777921782608726016
0,3,793,SYRK(14,14,11),1777921782915571712,1777921783065145344,1777921782915567616
0,3,794,GEMM(15,14,11),1777921783065152512,1777921783374893056,1777921783065148416
0,3,796,POTRF(12),1777921783374896128,1777921783391796224,0
0,3,797,TRSM(13,12),1777921783391798272,1777921783438796800,0
0,3,798,TRSM(14,12),1777921783438802944,1777921783485971456,0
0,3,799,TRSM(15,12),1777921783485978624,1777921783533205504,0
0,3,803,SYRK(14,14,12),1777921783533214720,1777921783575058432,0
0,3,804,GEMM(15,14,12),1777921783575061504,1777921783654360064,0
0,3,809,SYRK(14,14,13),1777921784448847872,1777921784598476800,1777921783654363136
0,3,810,GEMM(15,14,13),1777921784598483968,1777921784908111872,1777921784598479872
0,3,812,POTRF(14),1777921784908114944,1777921784925015040,0
0,3,813,TRSM(15,14),1777921784925017088,1777921784972093440,0
0,4,0,POTRF(0),1777921787120365568,1777921787137290240,0
0,4,1,TRSM(1,0),1777921787137292288,1777921787184394240,0
0,4,2,TRSM(2,0),1777921787184400384,1777921787231538176,0
0,4,3,TRSM(3,0),1777921787231546368,1777921787278646272,0
0,4,4,TRSM(4,0),1777921787278653440,1777921787325739008,0
0,4,5,TRSM(5,0),1777921787325746176,1777921787372880896,0
0,4,6,TRSM(6,0),1777921787372888064,1777921787420009472,0
0,4,7,TRSM(7,0),1777921787420016640,1777921787467155456,0
0,4,8,TRSM(8,0),1777921787467162624,1777921787514244096,0
0,4,9,TRSM(9,0),1777921787514251264,1777921787561356288,0
0,4,10,TRSM(10,0),1777921787561362432,1777921787608425472,0
0,4,11,TRSM(11,0),1777921787608432640,1777921787655494656,0
0,4,12,TRSM(12,0),1777921787655502848,1777921787702616064,0
0,4,13,TRSM(13,0),1777921787702624256,1777921787749691392,0
0,4,14,TRSM(14,0),1777921787749699584,1777921787796813824,0
0,4,15,TRSM(15,0),1777921787796820992,1777921787843958784,0
0,4,31,SYRK(2,2,0),1777921787843966976,1777921787885759488,0
0,4,32,GEMM(3,2,0),1777921787885762560,1777921787965077504,0
0,4,33,GEMM(4,2,0),1777921787965080576,1777921788044407808,0
0,4,34,GEMM(5,2,0),1777921788044411904,1777921788123726848,0
0,4,35,GEMM(6,2,0),1777921788123730944,1777921788203038720,0
0,4,36,GEMM(7,2,0),1777921788203042816,1777921788282362880,0
0,4,37,GEMM(8,2,0),1777921788282365952,1777921788361690112,0
0,4,38,GEMM(9,2,0),1777921788361693184,1777921788441013248,0
0,4,39,GEMM(10,2,0),1777921788441017344,1777921788520332288,0
0,4,40,GEMM(11,2,0),1777921788520336384,1777921788599658496,0
0,4,41,GEMM(12,2,0),1777921788599661568,1777921788678977536,0
0,4,42,GEMM(13,2,0),1777921788678980608,1777921788758300672,0
0,4,43,GEMM(14,2,0),1777921788758303744,1777921788837620736,0
0,4,44,GEMM(15,2,0),1777921788837623808,1777921788916932608,0
0,4,58,SYRK(4,4,0),1777921788916935680,1777921788958724096,0
0,4,59,GEMM(5,4,0),1777921788958727168,1777921789038046208,0
0,4,60,GEMM(6,4,0),1777921789038049280,1777921789117360128,0
0,4,61,GEMM(7,4,0),1777921789117363200,1777921789196668928,0
0,4,62,GEMM(8,4,0),1777921789196672000,1777921789275977728,0
0,4,63,GEMM(9,4,0),1777921789275981824,1777921789355293696,0
0,4,64,GEMM(10,4,0),1777921789355297792,1777921789434618880,0
0,4,65,GEMM(11,4,0),1777921789434622976,1777921789513943040,0
0,4,66,GEMM(12,4,0),1777921789513946112,1777921789593261056,0
0,4,67,GEMM(13,4,0),1777921789593265152,1777921789672572928,0
0,4,68,GEMM(14,4,0),1777921789672577024,1777921789751889920,0
0,4,69,GEMM(15,4,0),1777921789751894016,1777921789831207936,0
0,4,81,SYRK(6,6,0),1777921789831211008,1777921789873002496,0
0,4,82,GEMM(7,6,0),1777921789873005568,1777921789952320512,0
0,4,83,GEMM(8,6,0),1777921789952323584,1777921790031628288,0
0,4,84,GEMM(9,6,0),1777921790031631360,1777921790110944256,0
0,4,85,GEMM(10,6,0),1777921790110947328,1777921790190263296,0
0,4,86,GEMM(11,6,0),1777921790190266368,1777921790269565952,0
0,4,87,GEMM(12,6,0),1777921790269570048,1777921790348863488,0
0,4,88,GEMM(13,6,0),1777921790348866560,1777921790428169216,0
0,4,89,GEMM(14,6,0),1777921790428172288,1777921790507479040,0
0,4,90,GEMM(15,6,0),1777921790507483136,1777921790586780672,0
0,4,100,SYRK(8,8,0),1777921790586784768,1777921790628567040,0
0,4,101,GEMM(9,8,0),1777921790628571136,1777921790707865600,0
0,4,102,GEMM(10,8,0),1777921790707868672,1777921790787169280,0
0,4,103,GEMM(11,8,0),1777921790787172352,1777921790866468864,0
0,4,104,GEMM(12,8,0),1777921790866472960,1777921790945770496,0
0,4,105,GEMM(13,8,0),1777921790945773568,1777921791025072128,0
0,4,106,GEMM(14,8,0),1777921791025075200,1777921791104380928,0
0,4,107,GEMM(15,8,0),1777921791104384000,1777921791183685632,0
0,4,115,SYRK(10,10,0),1777921791183688704,1777921791225479168,0
0,4,116,GEMM(11,10,0),1777921791225482240,1777921791304801280,0
0,4,117,GEMM(12,10,0),1777921791304805376,1777921791384116224,0
0,4,118,GEMM(13,10,0),1777921791384119296,1777921791463443456,0
0,4,119,GEMM(14,10,0),1777921791463446528,1777921791542761472,0
0,4,120,GEMM(15,10,0),1777921791542764544,1777921791622077440,0
0,4,126,SYRK(12,12,0),1777921791622080512,1777921791663867904,0
0,4,127,GEMM(13,12,0),1777921791663870976,1777921791743173632,0
0,4,128,GEMM(14,12,0),1777921791743177728,1777921791822484480,0
0,4,129,GEMM(15,12,0),1777921791822488576,1777921791901790208,0
0,4,133,SYRK(14,14,0),1777921791901794304,1777921791943580672,0
0,4,134,GEMM(15,14,0),1777921791943584768,1777921792022886400,0
0,4,151,SYRK(2,2,1),1777921805896333312,1777921806046108672,1777921792022890496
0,4,152,GEMM(3,2,1),1777921806046115840,1777921806356097024,1777921806046111744
0,4,153,GEMM(4,2,1),1777921806356103168,1777921806640605184,1777921806356100096
0,4,154,GEMM(5,2,1),1777921806640613376,1777921806950600704,1777921806640609280
0,4,155,GEMM(6,2,1),1777921806950607872,1777921807246413824,1777921806950604800
0,4,156,GEMM(7,2,1),1777921807246420992,1777921807556368384,1777921807246416896
0,4,157,GEMM(8,2,1),1777921807556375552,1777921807840800768,1777921807556371456
0,4,158,GEMM(9,2,1),1777921807840808960,1777921808150836224,1777921807840804864
0,4,159,GEMM(10,2,1),1777921808150844416,1777921808446637056,1777921808150840320
0,4,160,GEMM(11,2,1),1777921808446645248,1777921808756571136,1777921808446641152
0,4,161,GEMM(12,2,1),1777921808756578304,1777921809040970752,1777921808756574208
0,4,162,GEMM(13,2,1),1777921809040977920,1777921809350829056,1777921809040974848
0,4,163,GEMM(14,2,1),1777921809350837248,1777921809646711808,1777921809350833152
0,4,164,GEMM(15,2,1),1777921809646718976,1777921809956510720,1777921809646714880
0,4,178,SYRK(4,4,1),1777921809956517888,1777921810102059008,1777921809956513792
0,4,179,GEMM(5,4,1),1777921810102066176,1777921810408928256,1777921810102062080
0,4,180,GEMM(6,4,1),1777921810408935424,1777921810698460160,1777921810408931328
0,4,181,GEMM(7,4,1),1777921810698467328,1777921811005258752,1777921810698463232
0,4,182,GEMM(8,4,1),1777921811005266944,1777921811293113344,1777921811005262848
0,4,183,GEMM(9,4,1),1777921811293121536,1777921811600086016,1777921811293117440
0,4,184,GEMM(10,4,1),1777921811600093184,1777921811889655808,1777921811600089088
0,4,185,GEMM(11,4,1),1777921811889664000,1777921812196431872,1777921811889659904
0,4,186,GEMM(12,4,1),1777921812196439040,1777921812484462592,1777921812196434944
0,4,187,GEMM(13,4,1),1777921812484469760,1777921812791192576,1777921812484466688
0,4,188,GEMM(14,4,1),1777921812791199744,1777921813080606720,1777921812791195648
0,4,189,GEMM(15,4,1),1777921813080614912,1777921813387384832,1777921813080610816
0,4,201,SYRK(6,6,1),1777921813387390976,1777921813536893952,1777921813387387904
0,4,202,GEMM(7,6,1),1777921813536901120,1777921813846608896,1777921813536897024
0,4,203,GEMM(8,6,1),1777921813846616064,1777921814131006464,1777921813846612992
0,4,204,GEMM(9,6,1),1777921814131014656,1777921814440862720,1777921814131010560
0,4,205,GEMM(10,6,1),1777921814440869888,1777921814736631808,1777921814440865792
0,4,206,GEMM(11,6,1),1777921814736638976,1777921815046388736,1777921814736634880
0,4,207,GEMM(12,6,1),1777921815046395904,1777921815330808832,1777921815046391808
0,4,208,GEMM(13,6,1),1777921815330816000,1777921815640515584,1777921815330811904
0,4,209,GEMM(14,6,1),1777921815640523776,1777921815936230400,1777921815640519680
0,4,210,GEMM(15,6,1),1777921815936238592,1777921816245929984,1777921815936234496
0,4,220,SYRK(8,8,1),1777921816245937152,1777921816391515136,1777921816245934080
0,4,221,GEMM(9,8,1),1777921816391523328,1777921816698547200,1777921816391519232
0,4,222,GEMM(10,8,1),1777921816698555392,1777921816988143616,1777921816698551296
0,4,223,GEMM(11,8,1),1777921816988151808,1777921817294979072,1777921816988147712
0,4,224,GEMM(12,8,1),1777921817294986240,1777921817582842880,1777921817294983168
0,4,225,GEMM(13,8,1),1777921817582851072,1777921817889836032,1777921817582846976
0,4,226,GEMM(14,8,1),1777921817889843200,1777921818179464192,1777921817889839104
0,4,227,GEMM(15,8,1),1777921818179471360,1777921818486330368,1777921818179467264
0,4,235,SYRK(10,10,1),1777921818486337536,1777921818635943936,1777921818486334464
0,4,236,GEMM(11,10,1),1777921818635951104,1777921818945762304,1777921818635947008
0,4,237,GEMM(12,10,1),1777921818945769472,1777921819230137344,1777921818945765376
0,4,238,GEMM(13,10,1),1777921819230144512,1777921819539907584,1777921819230140416
0,4,239,GEMM(14,10,1),1777921819539914752,1777921819835619328,1777921819539910656
0,4,240,GEMM(15,10,1),1777921819835626496,1777921820145339392,1777921819835623424
0,4,246,SYRK(12,12,1),1777921820145346560,1777921820290768896,1777921820145343488
0,4,247,GEMM(13,12,1),1777921820290775040,1777921820597593088,1777921820290771968
0,4,248,GEMM(14,12,1),1777921820597600256,1777921820886980608,1777921820597596160
0,4,249,GEMM(15,12,1),1777921820886988800,1777921821194001408,1777921820886984704
0,4,253,SYRK(14,14,1),1777921821194008576,1777921821343636480,1777921821194004480
0,4,254,GEMM(15,14,1),1777921821343643648,1777921821653304320,1777921821343640576
0,4,256,POTRF(2),1777921821653307392,1777921821670206464,0
0,4,257,TRSM(3,2),1777921821670208512,1777921821717145600,0
0,4,258,TRSM(4,2),1777921821717150720,1777921821764236288,0
0,4,259,TRSM(5,2),1777921821764243456,1777921821811410944,0
0,4,260,TRSM(6,2),1777921821811418112,1777921821858511872,0
0,4,261,TRSM(7,2),1777921821858520064,1777921821905577984,0
0,4,262,TRSM(8,2),1777921821905588224,1777921821952672768,0
0,4,263,TRSM(9,2),1777921821952680960,1777921821999589376,0
0,4,264,TRSM(10,2),1777921821999597568,1777921822046673920,0
0,4,265,TRSM(11,2),1777921822046682112,1777921822093651968,0
0,4,266,TRSM(12,2),1777921822093660160,1777921822140697600,0
0,4,267,TRSM(13,2),1777921822140705792,1777921822187711488,0
0,4,268,TRSM(14,2),1777921822187718656,1777921822234722304,0
0,4,269,TRSM(15,2),1777921822234729472,1777921822281730048,0
0,4,283,SYRK(4,4,2),1777921822281739264,1777921822323530752,0
0,4,284,GEMM(5,4,2),1777921822323534848,1777921822402843648,0
0,4,285,GEMM(6,4,2),1777921822402846720,1777921822482157568,0
0,4,286,GEMM(7,4,2),1777921822482160640,1777921822561483776,0
0,4,287,GEMM(8,4,2),1777921822561487872,1777921822640795648,0
0,4,288,GEMM(9,4,2),1777921822640798720,1777921822720109568,0
0,4,289,GEMM(10,4,2),1777921822720112640,1777921822799420416,0
0,4,290,GEMM(11,4,2),1777921822799423488,1777921822878740480,0
0,4,291,GEMM(12,4,2),1777921822878743552,1777921822958049280,0
0,4,292,GEMM(13,4,2),1777921822958052352,1777921823037355008,0
0,4,293,GEMM(14,4,2),1777921823037358080,1777921823116654592,0
0,4,294,GEMM(15,4,2),1777921823116657664,1777921823195968512,0
0,4,306,SYRK(6,6,2),1777921823195971584,1777921823237758976,0
0,4,307,GEMM(7,6,2),1777921823237762048,1777921823317063680,0
0,4,308,GEMM(8,6,2),1777921823317067776,1777921823396361216,0
0,4,309,GEMM(9,6,2),1777921823396365312,1777921823475680256,0
0,4,310,GEMM(10,6,2),1777921823475684352,1777921823554979840,0
0,4,311,GEMM(11,6,2),1777921823554982912,1777921823634273280,0
0,4,312,GEMM(12,6,2),1777921823634277376,1777921823713572864,0
0,4,313,GEMM(13,6,2),1777921823713575936,1777921823792876544,0
0,4,314,GEMM(14,6,2),1777921823792879616,1777921823872175104,0
0,4,315,GEMM(15,6,2),1777921823872178176,1777921823951472640,0
0,4,325,SYRK(8,8,2),1777921823951476736,1777921823993264128,0
0,4,326,GEMM(9,8,2),1777921823993268224,1777921824072565760,0
0,4,327,GEMM(10,8,2),1777921824072568832,1777921824151867392,0
0,4,328,GEMM(11,8,2),1777921824151870464,1777921824231166976,0
0,4,329,GEMM(12,8,2),1777921824231170048,1777921824310455296,0
0,4,330,GEMM(13,8,2),1777921824310459392,1777921824389757952,0
0,4,331,GEMM(14,8,2),1777921824389762048,1777921824469051392,0
0,4,332,GEMM(15,8,2),1777921824469055488,1777921824548354048,0
0,4,340,SYRK(10,10,2),1777921824548358144,1777921824590146560,0
0,4,341,GEMM(11,10,2),1777921824590150656,1777921824669461504,0
0,4,342,GEMM(12,10,2),1777921824669464576,1777921824748765184,0
0,4,343,GEMM(13,10,2),1777921824748768256,1777921824828055552,0
0,4,344,GEMM(14,10,2),1777921824828058624,1777921824907357184,0
0,4,345,GEMM(15,10,2),1777921824907361280,1777921824986663936,0
0,4,351,SYRK(12,12,2),1777921824986667008,1777921825028449280,0
0,4,352,GEMM(13,12,2),1777921825028452352,1777921825107765248,0
0,4,353,GEMM(14,12,2),1777921825107768320,1777921825187063808,0
0,4,354,GEMM(15,12,2),1777921825187066880,1777921825266371584,0
0,4,358,SYRK(14,14,2),1777921825266373632,1777921825308163072,0
0,4,359,GEMM(15,14,2),1777921825308166144,1777921825387464704,0
0,4,374,SYRK(4,4,3),1777921835927797760,1777921836073147392,1777921825387467776
0,4,375,GEMM(5,4,3),1777921836073154560,1777921836379940864,1777921836073151488
0,4,376,GEMM(6,4,3),1777921836379948032,1777921836669476864,1777921836379944960
0,4,377,GEMM(7,4,3),1777921836669485056,1777921836976395264,1777921836669480960
0,4,378,GEMM(8,4,3),1777921836976402432,1777921837264297984,1777921836976398336
0,4,379,GEMM(9,4,3),1777921837264306176,1777921837571282944,1777921837264302080
0,4,380,GEMM(10,4,3),1777921837571291136,1777921837860770816,1777921837571287040
0,4,381,GEMM(11,4,3),1777921837860779008,1777921838167680000,1777921837860774912
0,4,382,GEMM(12,4,3),1777921838167687168,1777921838455662592,1777921838167683072
0,4,383,GEMM(13,4,3),1777921838455669760,1777921838762477568,1777921838455666688
0,4,384,GEMM(14,4,3),1777921838762484736,1777921839051879424,1777921838762480640
0,4,385,GEMM(15,4,3),1777921839051887616,1777921839358837760,1777921839051882496
0,4,397,SYRK(6,6,3),1777921839358844928,1777921839508468736,1777921839358840832
0,4,398,GEMM(7,6,3),1777921839508476928,1777921839818264576,1777921839508472832
0,4,399,GEMM(8,6,3),1777921839818271744,1777921840102699008,1777921839818267648
0,4,400,GEMM(9,6,3),1777921840102706176,1777921840412503040,1777921840102702080
0,4,401,GEMM(10,6,3),1777921840412511232,1777921840708331520,1777921840412507136
0,4,402,GEMM(11,6,3),1777921840708338688,1777921841018147840,1777921840708334592
0,4,403,GEMM(12,6,3),1777921841018155008,1777921841302595584,1777921841018150912
0,4,404,GEMM(13,6,3),1777921841302603776,1777921841612313600,1777921841302599680
0,4,405,GEMM(14,6,3),1777921841612320768,1777921841907963904,1777921841612317696
0,4,406,GEMM(15,6,3),1777921841907971072,1777921842217737216,1777921841907966976
0,4,416,SYRK(8,8,3),1777921842217744384,1777921842363176960,1777921842217740288
0,4,417,GEMM(9,8,3),1777921842363184128,1777921842670043136,1777921842363180032
0,4,418,GEMM(10,8,3),1777921842670050304,1777921842959473664,1777921842670046208
0,4,419,GEMM(11,8,3),1777921842959481856,1777921843266459648,1777921842959477760
0,4,420,GEMM(12,8,3),1777921843266466816,1777921843554457600,1777921843266462720
0,4,421,GEMM(13,8,3),1777921843554464768,1777921843861377024,1777921843554460672
0,4,422,GEMM(14,8,3),1777921843861384192,1777921844150871040,1777921843861381120
0,4,423,GEMM(15,8,3),1777921844150879232,1777921844457940992,1777921844150875136
0,4,431,SYRK(10,10,3),1777921844457947136,1777921844607750144,1777921844457944064
0,4,432,GEMM(11,10,3),1777921844607757312,1777921844917630976,1777921844607753216
0,4,433,GEMM(12,10,3),1777921844917638144,1777921845202084864,1777921844917635072
0,4,434,GEMM(13,10,3),1777921845202093056,1777921845511894016,1777921845202088960
0,4,435,GEMM(14,10,3),1777921845511901184,1777921845807627264,1777921845511897088
0,4,436,GEMM(15,10,3),1777921845807634432,1777921846117496832,1777921845807631360
0,4,442,SYRK(12,12,3),1777921846117504000,1777921846262952960,1777921846117500928
0,4,443,GEMM(13,12,3),1777921846262960128,1777921846569753600,1777921846262956032
0,4,444,GEMM(14,12,3),1777921846569760768,1777921846859160576,1777921846569757696
0,4,445,GEMM(15,12,3),1777921846859167744,1777921847166110720,1777921846859164672
0,4,449,SYRK(14,14,3),1777921847166117888,1777921847315722240,1777921847166113792
0,4,450,GEMM(15,14,3),1777921847315729408,1777921847625403392,1777921847315726336
0,4,452,POTRF(4),1777921847625407488,1777921847642305536,0
0,4,453,TRSM(5,4),1777921847642306560,1777921847689380864,0
0,4,454,TRSM(6,4),1777921847689385984,1777921847736499200,0
0,4,455,TRSM(7,4),1777921847736507392,1777921847783749632,0
0,4,456,TRSM(8,4),1777921847783757824,1777921847830993920,0
0,4,457,TRSM(9,4),1777921847831002112,1777921847878121472,0
0,4,458,TRSM(10,4),1777921847878128640,1777921847925195776,0
0,4,459,TRSM(11,4),1777921847925202944,1777921847972281344,0
0,4,460,TRSM(12,4),1777921847972288512,1777921848019351552,0
0,4,461,TRSM(13,4),1777921848019358720,1777921848066483200,0
0,4,462,TRSM(14,4),1777921848066491392,1777921848113630208,0
0,4,463,TRSM(15,4),1777921848113637376,1777921848160739328,0
0,4,475,SYRK(6,6,4),1777921848160748544,1777921848202548224,0
0,4,476,GEMM(7,6,4),1777921848202551296,1777921848281853952,0
0,4,477,GEMM(8,6,4),1777921848281858048,1777921848361160704,0
0,4,478,GEMM(9,6,4),1777921848361164800,1777921848440471552,0
0,4,479,GEMM(10,6,4),1777921848440474624,1777921848519782400,0
0,4,480,GEMM(11,6,4),1777921848519786496,1777921848599086080,0
0,4,481,GEMM(12,6,4),1777921848599090176,1777921848678390784,0
0,4,482,GEMM(13,6,4),1777921848678394880,1777921848757704704,0
0,4,483,GEMM(14,6,4),1777921848757708800,1777921848837031936,0
0,4,484,GEMM(15,6,4),1777921848837035008,1777921848916352000,0
0,4,494,SYRK(8,8,4),1777921848916355072,1777921848958139392,0
0,4,495,GEMM(9,8,4),1777921848958142464,1777921849037444096,0
0,4,496,GEMM(10,8,4),1777921849037446144,1777921849116758016,0
0,4,497,GEMM(11,8,4),1777921849116761088,1777921849196080128,0
0,4,498,GEMM(12,8,4),1777921849196084224,1777921849275393024,0
0,4,499,GEMM(13,8,4),1777921849275396096,1777921849354710016,0
0,4,500,GEMM(14,8,4),1777921849354713088,1777921849434021888,0
0,4,501,GEMM(15,8,4),1777921849434025984,1777921849513330688,0
0,4,509,SYRK(10,10,4),1777921849513334784,1777921849555121152,0
0,4,510,GEMM(11,10,4),1777921849555124224,1777921849634429952,0
0,4,511,GEMM(12,10,4),1777921849634433024,1777921849713737728,0
0,4,512,GEMM(13,10,4),1777921849713741824,1777921849793054720,0
0,4,513,GEMM(14,10,4),1777921849793058816,1777921849872366592,0
0,4,514,GEMM(15,10,4),1777921849872369664,1777921849951689728,0
0,4,520,SYRK(12,12,4),1777921849951693824,1777921849993475072,0
0,4,521,GEMM(13,12,4),1777921849993479168,1777921850072795136,0
0,4,522,GEMM(14,12,4),1777921850072798208,1777921850152102912,0
0,4,523,GEMM(15,12,4),1777921850152105984,1777921850231416832,0
0,4,527,SYRK(14,14,4),1777921850231420928,1777921850273212416,0
0,4,528,GEMM(15,14,4),1777921850273215488,1777921850352521216,0
0,4,541,SYRK(6,6,5),1777921858022634496,1777921858172394496,1777921850352524288
0,4,542,GEMM(7,6,5),1777921858172401664,1777921858482365440,1777921858172397568
0,4,543,GEMM(8,6,5),1777921858482372608,1777921858766832640,1777921858482369536
0,4,544,GEMM(9,6,5),1777921858766839808,1777921859076612096,1777921858766835712
0,4,545,GEMM(10,6,5),1777921859076620288,1777921859372446720,1777921859076616192
0,4,546,GEMM(11,6,5),1777921859372453888,1777921859682274304,1777921859372449792
0,4,547,GEMM(12,6,5),1777921859682281472,1777921859966747648,1777921859682277376
0,4,548,GEMM(13,6,5),1777921859966755840,1777921860276553728,1777921859966751744
0,4,549,GEMM(14,6,5),1777921860276561920,1777921860572197888,1777921860276557824
0,4,550,GEMM(15,6,5),1777921860572205056,1777921860881936384,1777921860572201984
0,4,560,SYRK(8,8,5),1777921860881943552,1777921861027461120,1777921860881940480
0,4,561,GEMM(9,8,5),1777921861027468288,1777921861334217728,1777921861027464192
0,4,562,GEMM(10,8,5),1777921861334225920,1777921861623748608,1777921861334221824
0,4,563,GEMM(11,8,5),1777921861623755776,1777921861930696704,1777921861623751680
0,4,564,GEMM(12,8,5),1777921861930703872,1777921862218630144,1777921861930699776
0,4,565,GEMM(13,8,5),1777921862218637312,1777921862525647872,1777921862218633216
0,4,566,GEMM(14,8,5),1777921862525655040,1777921862815109120,1777921862525650944
0,4,567,GEMM(15,8,5),1777921862815116288,1777921863122013184,1777921862815113216
0,4,575,SYRK(10,10,5),1777921863122020352,1777921863271664640,1777921863122016256
0,4,576,GEMM(11,10,5),1777921863271670784,1777921863581454336,1777921863271667712
0,4,577,GEMM(12,10,5),1777921863581462528,1777921863865868288,1777921863581458432
0,4,578,GEMM(13,10,5),1777921863865876480,1777921864175616000,1777921863865872384
0,4,579,GEMM(14,10,5),1777921864175623168,1777921864471249920,1777921864175619072
0,4,580,GEMM(15,10,5),1777921864471257088,1777921864781029376,1777921864471252992
0,4,586,SYRK(12,12,5),1777921864781036544,1777921864926547968,1777921864781032448
0,4,587,GEMM(13,12,5),1777921864926554112,1777921865233467392,1777921864926550016
0,4,588,GEMM(14,12,5),1777921865233475584,1777921865522966528,1777921865233471488
0,4,589,GEMM(15,12,5),1777921865522973696,1777921865829833728,1777921865522970624
0,4,593,SYRK(14,14,5),1777921865829839872,1777921865979380736,1777921865829836800
0,4,594,GEMM(15,14,5),1777921865979387904,1777921866289043456,1777921865979384832
0,4,596,POTRF(6),1777921866289046528,1777921866305947648,0
0,4,597,TRSM(7,6),1777921866305948672,1777921866353090560,0
0,4,598,TRSM(8,6),1777921866353096704,1777921866400235520,0
0,4,599,TRSM(9,6),1777921866400242688,1777921866447349760,0
0,4,600,TRSM(10,6),1777921866447357952,1777921866494381056,0
0,4,601,TRSM(11,6),1777921866494388224,1777921866541442048,0
0,4,602,TRSM(12,6),1777921866541450240,1777921866588548096,0
0,4,603,TRSM(13,6),1777921866588557312,1777921866635617280,0
0,4,604,TRSM(14,6),1777921866635626496,1777921866682625024,0
0,4,605,TRSM(15,6),1777921866682634240,1777921866729634816,0
0,4,615,SYRK(8,8,6),1777921866729645056,1777921866771426304,0
0,4,616,GEMM(9,8,6),1777921866771430400,1777921866850752512,0
0,4,617,GEMM(10,8,6),1777921866850755584,1777921866930083840,0
0,4,618,GEMM(11,8,6),1777921866930086912,1777921867009397760,0
0,4,619,GEMM(12,8,6),1777921867009401856,1777921867088690176,0
0,4,620,GEMM(13,8,6),1777921867088693248,1777921867167991808,0
0,4,621,GEMM(14,8,6),1777921867167994880,1777921867247300608,0
0,4,622,GEMM(15,8,6),1777921867247303680,1777921867326617600,0
0,4,630,SYRK(10,10,6),1777921867326620672,1777921867368403968,0
0,4,631,GEMM(11,10,6),1777921867368407040,1777921867447724032,0
0,4,632,GEMM(12,10,6),1777921867447727104,1777921867527048192,0
0,4,633,GEMM(13,10,6),1777921867527051264,1777921867606373376,0
0,4,634,GEMM(14,10,6),1777921867606377472,1777921867685701632,0
0,4,635,GEMM(15,10,6),1777921867685704704,1777921867765032960,0
0,4,641,SYRK(12,12,6),1777921867765037056,1777921867806814208,0
0,4,642,GEMM(13,12,6),1777921867806818304,1777921867886120960,0
0,4,643,GEMM(14,12,6),1777921867886125056,1777921867965416448,0
0,4,644,GEMM(15,12,6),1777921867965420544,1777921868044723200,0
0,4,648,SYRK(14,14,6),1777921868044726272,1777921868086512640,0
0,4,649,GEMM(15,14,6),1777921868086516736,1777921868165828608,0
0,4,660,SYRK(8,8,7),1777921873426383872,1777921873571860480,1777921868165831680
0,4,661,GEMM(9,8,7),1777921873571867648,1777921873878835200,1777921873571864576
0,4,662,GEMM(10,8,7),1777921873878843392,1777921874168355840,1777921873878839296
0,4,663,GEMM(11,8,7),1777921874168363008,1777921874475315200,1777921874168358912
0,4,664,GEMM(12,8,7),1777921874475322368,1777921874763217920,1777921874475318272
0,4,665,GEMM(13,8,7),1777921874763225088,1777921875070339072,1777921874763222016
0,4,666,GEMM(14,8,7),1777921875070346240,1777921875359821824,1777921875070343168
0,4,667,GEMM(15,8,7),1777921875359828992,1777921875666781184,1777921875359824896
0,4,675,SYRK(10,10,7),1777921875666787328,1777921875816424448,1777921875666784256
0,4,676,GEMM(11,10,7),1777921875816431616,1777921876126268416,1777921875816427520
0,4,677,GEMM(12,10,7),1777921876126275584,1777921876410720256,1777921876126271488
0,4,678,GEMM(13,10,7),1777921876410728448,1777921876720523264,1777921876410724352
0,4,679,GEMM(14,10,7),1777921876720531456,1777921877016211456,1777921876720526336
0,4,680,GEMM(15,10,7),1777921877016218624,1777921877325957120,1777921877016214528
0,4,686,SYRK(12,12,7),1777921877325964288,1777921877471477760,1777921877325961216
0,4,687,GEMM(13,12,7),1777921877471484928,1777921877778380800,1777921877471480832
0,4,688,GEMM(14,12,7),1777921877778388992,1777921878067903488,1777921877778384896
0,4,689,GEMM(15,12,7),1777921878067910656,1777921878374732800,1777921878067906560
0,4,693,SYRK(14,14,7),1777921878374739968,1777921878524203008,1777921878374736896
0,4,694,GEMM(15,14,7),1777921878524210176,1777921878833825792,1777921878524206080
0,4,696,POTRF(8),1777921878833829888,1777921878850728960,0
0,4,697,TRSM(9,8),1777921878850731008,1777921878897747968,0
0,4,698,TRSM(10,8),1777921878897754112,1777921878944952320,0
0,4,699,TRSM(11,8),1777921878944959488,1777921878992174080,0
0,4,700,TRSM(12,8),1777921878992183296,1777921879039313920,0
0,4,701,TRSM(13,8),1777921879039322112,1777921879086458880,0
0,4,702,TRSM(14,8),1777921879086466048,1777921879133547520,0
0,4,703,TRSM(15,8),1777921879133554688,1777921879180619776,0
0,4,711,SYRK(10,10,8),1777921879180628992,1777921879222408192,0
0,4,712,GEMM(11,10,8),1777921879222411264,1777921879301709824,0
0,4,713,GEMM(12,10,8),1777921879301712896,1777921879381015552,0
0,4,714,GEMM(13,10,8),1777921879381018624,1777921879460322304,0
0,4,715,GEMM(14,10,8),1777921879460326400,1777921879539636224,0
0,4,716,GEMM(15,10,8),1777921879539640320,1777921879618946048,0
0,4,722,SYRK(12,12,8),1777921879618950144,1777921879660735488,0
0,4,723,GEMM(13,12,8),1777921879660738560,1777921879740042240,0
0,4,724,GEMM(14,12,8),1777921879740046336,1777921879819333632,0
0,4,725,GEMM(15,12,8),1777921879819337728,1777921879898625024,0
0,4,729,SYRK(14,14,8),1777921879898629120,1777921879940415488,0
0,4,730,GEMM(15,14,8),1777921879940419584,1777921880019723264,0
0,4,739,SYRK(10,10,9),1777921883331715072,1777921883481604096,1777921880019726336
0,4,740,GEMM(11,10,9),1777921883481611264,1777921883791410176,1777921883481607168
0,4,741,GEMM(12,10,9),1777921883791417344,1777921884075821056,1777921883791413248
0,4,742,GEMM(13,10,9),1777921884075828224,1777921884385649664,1777921884075824128
0,4,743,GEMM(14,10,9),1777921884385657856,1777921884681312256,1777921884385653760
0,4,744,GEMM(15,10,9),1777921884681319424,1777921884991101952,1777921884681316352
0,4,750,SYRK(12,12,9),1777921884991109120,1777921885136507904,1777921884991106048
0,4,751,GEMM(13,12,9),1777921885136515072,1777921885443472384,1777921885136510976
0,4,752,GEMM(14,12,9),1777921885443480576,1777921885732921344,1777921885443476480
0,4,753,GEMM(15,12,9),1777921885732928512,1777921886039797760,1777921885732924416
0,4,757,SYRK(14,14,9),1777921886039803904,1777921886189353984,1777921886039800832
0,4,758,GEMM(15,14,9),1777921886189361152,1777921886499101696,1777921886189357056
0,4,760,POTRF(10),1777921886499105792,1777921886516006912,0
0,4,761,TRSM(11,10),1777921886516007936,1777921886563020800,0
0,4,762,TRSM(12,10),1777921886563025920,1777921886610063360,0
0,4,763,TRSM(13,10),1777921886610070528,1777921886657247232,0
0,4,764,TRSM(14,10),1777921886657254400,1777921886704455680,0
0,4,765,TRSM(15,10),1777921886704464896,1777921886751485952,0
0,4,771,SYRK(12,12,10),1777921886751496192,1777921886793274368,0
0,4,772,GEMM(13,12,10),1777921886793278464,1777921886872577024,0
0,4,773,GEMM(14,12,10),1777921886872581120,1777921886951886848,0
0,4,774,GEMM(15,12,10),1777921886951890944,1777921887031194624,0
0,4,778,SYRK(14,14,10),1777921887031197696,1777921887072984064,0
0,4,779,GEMM(15,14,10),1777921887072988160,1777921887152296960,0
0,4,786,SYRK(12,12,11),1777921888972606464,1777921889118137344,1777921887152300032
0,4,787,GEMM(13,12,11),1777921889118143488,1777921889424985088,1777921889118140416
0,4,788,GEMM(14,12,11),1777921889424992256,1777921889714463744,1777921889424989184
0,4,789,GEMM(15,12,11),1777921889714470912,1777921890021212160,1777921889714466816
0,4,793,SYRK(14,14,11),1777921890021219328,1777921890170819584,1777921890021216256
0,4,794,GEMM(15,14,11),1777921890170826752,1777921890480448512,1777921890170822656
0,4,796,POTRF(12),1777921890480452608,1777921890497351680,0
0,4,797,TRSM(13,12),1777921890497352704,1777921890544493568,0
0,4,798,TRSM(14,12),1777921890544499712,1777921890591717376,0
0,4,799,TRSM(15,12),1777921890591724544,1777921890638875648,0
0,4,803,SYRK(14,14,12),1777921890638884864,1777921890680667136,0
0,4,804,GEMM(15,14,12),1777921890680670208,1777921890759975936,0
0,4,809,SYRK(14,14,13),1777921891554567168,1777921891704256512,1777921890759979008
0,4,810,GEMM(15,14,13),1777921891704263680,1777921892013943808,1777921891704260608
0,4,812,POTRF(14),1777921892013946880,1777921892030846976,0
0,4,813,TRSM(15,14),1777921892030849024,1777921892077819904,0
