pe,run,task_id,op_name,start_ts,end_ts,wait_start_ts
1,0,16,SYRK(1,1,0),1777921360923469056,1777921361085114624,1777921360859417856
1,0,17,GEMM(2,1,0),1777921361085120768,1777921361389517056,1777921361085117696
1,0,18,GEMM(3,1,0),1777921361389525248,1777921361708736768,1777921361389521152
1,0,19,GEMM(4,1,0),1777921361708744960,1777921362004545792,1777921361708740864
1,0,20,GEMM(5,1,0),1777921362004553984,1777921362323898624,1777921362004549888
1,0,21,GEMM(6,1,0),1777921362323906816,1777921362628090112,1777921362323902720
1,0,22,GEMM(7,1,0),1777921362628097280,1777921362947218688,1777921362628093184
1,0,23,GEMM(8,1,0),1777921362947226880,1777921363242982656,1777921362947222784
1,0,24,GEMM(9,1,0),1777921363242990848,1777921363562220800,1777921363242986752
1,0,25,GEMM(10,1,0),1777921363562228992,1777921363866498304,1777921363562224896
1,0,26,GEMM(11,1,0),1777921363866505472,1777921364185662720,1777921363866501376
1,0,27,GEMM(12,1,0),1777921364185670912,1777921364481449216,1777921364185666816
1,0,28,GEMM(13,1,0),1777921364481457408,1777921364800723200,1777921364481453312
1,0,29,GEMM(14,1,0),1777921364800731392,1777921365104989440,1777921364800727296
1,0,30,GEMM(15,1,0),1777921365104996608,1777921365424229632,1777921365104992512
1,0,45,SYRK(3,3,0),1777921365424237824,1777921365585732864,1777921365424233728
1,0,46,GEMM(4,3,0),1777921365585740032,1777921365881542912,1777921365585736960
1,0,47,GEMM(5,3,0),1777921365881550080,1777921366200822016,1777921365881547008
1,0,48,GEMM(6,3,0),1777921366200829184,1777921366505142528,1777921366200825088
1,0,49,GEMM(7,3,0),1777921366505149696,1777921366824395008,1777921366505146624
1,0,50,GEMM(8,3,0),1777921366824402176,1777921367120171264,1777921366824398080
1,0,51,GEMM(9,3,0),1777921367120178432,1777921367439454464,1777921367120174336
1,0,52,GEMM(10,3,0),1777921367439461632,1777921367743755520,1777921367439457536
1,0,53,GEMM(11,3,0),1777921367743763712,1777921368063006976,1777921367743759616
1,0,54,GEMM(12,3,0),1777921368063014144,1777921368358828288,1777921368063011072
1,0,55,GEMM(13,3,0),1777921368358835456,1777921368678056192,1777921368358832384
1,0,56,GEMM(14,3,0),1777921368678064384,1777921368982240512,1777921368678059264
1,0,57,GEMM(15,3,0),1777921368982247680,1777921369301527808,1777921368982244608
1,0,70,SYRK(5,5,0),1777921369301534976,1777921369463082240,1777921369301531904
1,0,71,GEMM(6,5,0),1777921369463089408,1777921369767297280,1777921369463085312
1,0,72,GEMM(7,5,0),1777921369767304448,1777921370086529280,1777921369767300352
1,0,73,GEMM(8,5,0),1777921370086536448,1777921370382396672,1777921370086532352
1,0,74,GEMM(9,5,0),1777921370382404864,1777921370701647104,1777921370382400768
1,0,75,GEMM(10,5,0),1777921370701655296,1777921371005930752,1777921370701651200
1,0,76,GEMM(11,5,0),1777921371005938944,1777921371325078784,1777921371005934848
1,0,77,GEMM(12,5,0),1777921371325085952,1777921371620902144,1777921371325081856
1,0,78,GEMM(13,5,0),1777921371620909312,1777921371940044032,1777921371620906240
1,0,79,GEMM(14,5,0),1777921371940052224,1777921372244253952,1777921371940048128
1,0,80,GEMM(15,5,0),1777921372244262144,1777921372563441920,1777921372244258048
1,0,91,SYRK(7,7,0),1777921372563449088,1777921372724857088,1777921372563446016
1,0,92,GEMM(8,7,0),1777921372724865280,1777921373020677376,1777921372724861184
1,0,93,GEMM(9,7,0),1777921373020685568,1777921373339977984,1777921373020681472
1,0,94,GEMM(10,7,0),1777921373339985152,1777921373644212480,1777921373339981056
1,0,95,GEMM(11,7,0),1777921373644219648,1777921373963417856,1777921373644215552
1,0,96,GEMM(12,7,0),1777921373963426048,1777921374259260672,1777921373963421952
1,0,97,GEMM(13,7,0),1777921374259268864,1777921374578470144,1777921374259264768
1,0,98,GEMM(14,7,0),1777921374578477312,1777921374882685184,1777921374578473216
1,0,99,GEMM(15,7,0),1777921374882693376,1777921375201847552,1777921374882689280
1,0,108,SYRK(9,9,0),1777921375201854720,1777921375363297536,1777921375201851648
1,0,109,GEMM(10,9,0),1777921375363304704,1777921375667481856,1777921375363301632
1,0,110,GEMM(11,9,0),1777921375667490048,1777921375986735360,1777921375667485952
1,0,111,GEMM(12,9,0),1777921375986742528,1777921376282473728,1777921375986738432
1,0,112,GEMM(13,9,0),1777921376282481920,1777921376601623808,1777921376282477824
1,0,113,GEMM(14,9,0),1777921376601632000,1777921376905871616,1777921376601627904
1,0,114,GEMM(15,9,0),1777921376905879808,1777921377225091328,1777921376905875712
1,0,121,SYRK(11,11,0),1777921377225098496,1777921377386583296,1777921377225094400
1,0,122,GEMM(12,11,0),1777921377386590464,1777921377682345216,1777921377386586368
1,0,123,GEMM(13,11,0),1777921377682352384,1777921378001627392,1777921377682348288
1,0,124,GEMM(14,11,0),1777921378001635584,1777921378305778944,1777921378001631488
1,0,125,GEMM(15,11,0),1777921378305786112,1777921378624999680,1777921378305783040
1,0,130,SYRK(13,13,0),1777921378625006848,1777921378786511104,1777921378625003776
1,0,131,GEMM(14,13,0),1777921378786517248,1777921379090720000,1777921378786514176
1,0,132,GEMM(15,13,0),1777921379090727168,1777921379409806592,1777921379090724096
1,0,135,SYRK(15,15,0),1777921379409813760,1777921379571291392,1777921379409810688
1,0,136,POTRF(1),1777921379571294464,1777921379588193536,0
1,0,137,TRSM(2,1),1777921379588195584,1777921379635166464,0
1,0,138,TRSM(3,1),1777921379635174656,1777921379682114816,0
1,0,139,TRSM(4,1),1777921379682121984,1777921379729137920,0
1,0,140,TRSM(5,1),1777921379729146112,1777921379776082176,0
1,0,141,TRSM(6,1),1777921379776089344,1777921379823024384,0
1,0,142,TRSM(7,1),1777921379823031552,1777921379869914368,0
1,0,143,TRSM(8,1),1777921379869922560,1777921379916920064,0
1,0,144,TRSM(9,1),1777921379916927232,1777921379963883776,0
1,0,145,TRSM(10,1),1777921379963891968,1777921380010831104,0
1,0,146,TRSM(11,1),1777921380010838272,1777921380057740544,0
1,0,147,TRSM(12,1),1777921380057747712,1777921380104745216,0
1,0,148,TRSM(13,1),1777921380104754432,1777921380151619840,0
1,0,149,TRSM(14,1),1777921380151628032,1777921380198548736,0
1,0,150,TRSM(15,1),1777921380198556928,1777921380245551360,0
1,0,165,SYRK(3,3,1),1777921380245561600,1777921380287314176,0
1,0,166,GEMM(4,3,1),1777921380287317248,1777921380366496000,0
1,0,167,GEMM(5,3,1),1777921380366499072,1777921380445677824,0
1,0,168,GEMM(6,3,1),1777921380445680896,1777921380524859648,0
1,0,169,GEMM(7,3,1),1777921380524863744,1777921380604041472,0
1,0,170,GEMM(8,3,1),1777921380604045568,1777921380683223296,0
1,0,171,GEMM(9,3,1),1777921380683226368,1777921380762405120,0
1,0,172,GEMM(10,3,1),1777921380762408192,1777921380841586944,0
1,0,173,GEMM(11,3,1),1777921380841590016,1777921380920768768,0
1,0,174,GEMM(12,3,1),1777921380920771840,1777921380999949568,0
1,0,175,GEMM(13,3,1),1777921380999953664,1777921381079131392,0
1,0,176,GEMM(14,3,1),1777921381079134464,1777921381158313216,0
1,0,177,GEMM(15,3,1),1777921381158316288,1777921381237495040,0
1,0,190,SYRK(5,5,1),1777921381237498112,1777921381279250688,0
1,0,191,GEMM(6,5,1),1777921381279253760,1777921381358432512,0
1,0,192,GEMM(7,5,1),1777921381358435584,1777921381437614336,0
1,0,193,GEMM(8,5,1),1777921381437618432,1777921381516796160,0
1,0,194,GEMM(9,5,1),1777921381516800256,1777921381595977984,0
1,0,195,GEMM(10,5,1),1777921381595981056,1777921381675159808,0
1,0,196,GEMM(11,5,1),1777921381675162880,1777921381754341632,0
1,0,197,GEMM(12,5,1),1777921381754344704,1777921381833523456,0
1,0,198,GEMM(13,5,1),1777921381833525504,1777921381912704256,0
1,0,199,GEMM(14,5,1),1777921381912707328,1777921381991885056,0
1,0,200,GEMM(15,5,1),1777921381991888128,1777921382071066880,0
1,0,211,SYRK(7,7,1),1777921382071069952,1777921382112822528,0
1,0,212,GEMM(8,7,1),1777921382112825600,1777921382192003328,0
1,0,213,GEMM(9,7,1),1777921382192006400,1777921382271185152,0
1,0,214,GEMM(10,7,1),1777921382271188224,1777921382350366976,0
1,0,215,GEMM(11,7,1),1777921382350370048,1777921382429548800,0
1,0,216,GEMM(12,7,1),1777921382429551872,1777921382508729600,0
1,0,217,GEMM(13,7,1),1777921382508733696,1777921382587912448,0
1,0,218,GEMM(14,7,1),1777921382587916544,1777921382667094272,0
1,0,219,GEMM(15,7,1),1777921382667098368,1777921382746276096,0
1,0,228,SYRK(9,9,1),1777921382746280192,1777921382788032768,0
1,0,229,GEMM(10,9,1),1777921382788035840,1777921382867214592,0
1,0,230,GEMM(11,9,1),1777921382867217664,1777921382946396416,0
1,0,231,GEMM(12,9,1),1777921382946399488,1777921383025577216,0
1,0,232,GEMM(13,9,1),1777921383025581312,1777921383104759040,0
1,0,233,GEMM(14,9,1),1777921383104762112,1777921383183940864,0
1,0,234,GEMM(15,9,1),1777921383183943936,1777921383263121664,0
1,0,241,SYRK(11,11,1),1777921383263124736,1777921383304877312,0
1,0,242,GEMM(12,11,1),1777921383304881408,1777921383384059136,0
1,0,243,GEMM(13,11,1),1777921383384063232,1777921383463240960,0
1,0,244,GEMM(14,11,1),1777921383463244032,1777921383542422784,0
1,0,245,GEMM(15,11,1),1777921383542425856,1777921383621604608,0
1,0,250,SYRK(13,13,1),1777921383621607680,1777921383663360256,0
1,0,251,GEMM(14,13,1),1777921383663364352,1777921383742542080,0
1,0,252,GEMM(15,13,1),1777921383742546176,1777921383821724928,0
1,0,255,SYRK(15,15,1),1777921383821728000,1777921383863480576,0
1,0,270,SYRK(3,3,2),1777921395455536384,1777921395617107200,1777921383863484672
1,0,271,GEMM(4,3,2),1777921395617114368,1777921395912958208,1777921395617110272
1,0,272,GEMM(5,3,2),1777921395912966400,1777921396232109312,1777921395912962304
1,0,273,GEMM(6,3,2),1777921396232116480,1777921396536401152,1777921396232112384
1,0,274,GEMM(7,3,2),1777921396536408320,1777921396855542016,1777921396536405248
1,0,275,GEMM(8,3,2),1777921396855550208,1777921397151331584,1777921396855546112
1,0,276,GEMM(9,3,2),1777921397151338752,1777921397470483712,1777921397151334656
1,0,277,GEMM(10,3,2),1777921397470491904,1777921397774717184,1777921397470487808
1,0,278,GEMM(11,3,2),1777921397774725376,1777921398094027008,1777921397774721280
1,0,279,GEMM(12,3,2),1777921398094034176,1777921398389848320,1777921398094030080
1,0,280,GEMM(13,3,2),1777921398389855488,1777921398708949248,1777921398389851392
1,0,281,GEMM(14,3,2),1777921398708957440,1777921399013125376,1777921398708953344
1,0,282,GEMM(15,3,2),1777921399013133568,1777921399332347136,1777921399013129472
1,0,295,SYRK(5,5,2),1777921399332354304,1777921399493870848,1777921399332351232
1,0,296,GEMM(6,5,2),1777921399493878016,1777921399798116608,1777921399493873920
1,0,297,GEMM(7,5,2),1777921399798123776,1777921400117226752,1777921399798120704
1,0,298,GEMM(8,5,2),1777921400117233920,1777921400413137152,1777921400117229824
1,0,299,GEMM(9,5,2),1777921400413144320,1777921400732280064,1777921400413140224
1,0,300,GEMM(10,5,2),1777921400732288256,1777921401036472576,1777921400732284160
1,0,301,GEMM(11,5,2),1777921401036479744,1777921401355621632,1777921401036475648
1,0,302,GEMM(12,5,2),1777921401355629824,1777921401651552512,1777921401355625728
1,0,303,GEMM(13,5,2),1777921401651559680,1777921401970588928,1777921401651556608
1,0,304,GEMM(14,5,2),1777921401970596096,1777921402274836736,1777921401970592000
1,0,305,GEMM(15,5,2),1777921402274844928,1777921402594030848,1777921402274840832
1,0,316,SYRK(7,7,2),1777921402594038016,1777921402755527936,1777921402594033920
1,0,317,GEMM(8,7,2),1777921402755535104,1777921403051351296,1777921402755531008
1,0,318,GEMM(9,7,2),1777921403051358464,1777921403370446080,1777921403051355392
1,0,319,GEMM(10,7,2),1777921403370453248,1777921403674646784,1777921403370449152
1,0,320,GEMM(11,7,2),1777921403674654976,1777921403993895168,1777921403674650880
1,0,321,GEMM(12,7,2),1777921403993903360,1777921404289773824,1777921403993899264
1,0,322,GEMM(13,7,2),1777921404289782016,1777921404608875776,1777921404289776896
1,0,323,GEMM(14,7,2),1777921404608883968,1777921404913069312,1777921404608879872
1,0,324,GEMM(15,7,2),1777921404913076480,1777921405232256256,1777921404913072384
1,0,333,SYRK(9,9,2),1777921405232263424,1777921405393692928,1777921405232259328
1,0,334,GEMM(10,9,2),1777921405393700096,1777921405697857792,1777921405393697024
1,0,335,GEMM(11,9,2),1777921405697865984,1777921406017069312,1777921405697861888
1,0,336,GEMM(12,9,2),1777921406017076480,1777921406312911104,1777921406017072384
1,0,337,GEMM(13,9,2),1777921406312919296,1777921406632068352,1777921406312915200
1,0,338,GEMM(14,9,2),1777921406632076544,1777921406936292608,1777921406632072448
1,0,339,GEMM(15,9,2),1777921406936300800,1777921407255544064,1777921406936296704
1,0,346,SYRK(11,11,2),1777921407255550208,1777921407417175296,1777921407255547136
1,0,347,GEMM(12,11,2),1777921407417183488,1777921407713037568,1777921407417179392
1,0,348,GEMM(13,11,2),1777921407713044736,1777921408032111872,1777921407713040640
1,0,349,GEMM(14,11,2),1777921408032119040,1777921408336271616,1777921408032114944
1,0,350,GEMM(15,11,2),1777921408336278784,1777921408655453440,1777921408336274688
1,0,355,SYRK(13,13,2),1777921408655459584,1777921408817144064,1777921408655456512
1,0,356,GEMM(14,13,2),1777921408817151232,1777921409121214720,1777921408817148160
1,0,357,GEMM(15,13,2),1777921409121221888,1777921409440250112,1777921409121218816
1,0,360,SYRK(15,15,2),1777921409440257280,1777921409601877248,1777921409440254208
1,0,361,POTRF(3),1777921409601881344,1777921409618780416,0
1,0,362,TRSM(4,3),1777921409618781440,1777921409665829120,0
1,0,363,TRSM(5,3),1777921409665835264,1777921409712792832,0
1,0,364,TRSM(6,3),1777921409712801024,1777921409759778048,0
1,0,365,TRSM(7,3),1777921409759786240,1777921409806783744,0
1,0,366,TRSM(8,3),1777921409806791936,1777921409853787392,0
1,0,367,TRSM(9,3),1777921409853795584,1777921409900733696,0
1,0,368,TRSM(10,3),1777921409900741888,1777921409947699456,0
1,0,369,TRSM(11,3),1777921409947708672,1777921409994664192,0
1,0,370,TRSM(12,3),1777921409994672384,1777921410041652480,0
1,0,371,TRSM(13,3),1777921410041661696,1777921410088580352,0
1,0,372,TRSM(14,3),1777921410088588544,1777921410135528704,0
1,0,373,TRSM(15,3),1777921410135536896,1777921410182510848,0
1,0,386,SYRK(5,5,3),1777921410182520064,1777921410224272640,0
1,0,387,GEMM(6,5,3),1777921410224276736,1777921410303454464,0
1,0,388,GEMM(7,5,3),1777921410303457536,1777921410382636288,0
1,0,389,GEMM(8,5,3),1777921410382640384,1777921410461818112,0
1,0,390,GEMM(9,5,3),1777921410461822208,1777921410540999936,0
1,0,391,GEMM(10,5,3),1777921410541004032,1777921410620182784,0
1,0,392,GEMM(11,5,3),1777921410620185856,1777921410699364608,0
1,0,393,GEMM(12,5,3),1777921410699368704,1777921410778546432,0
1,0,394,GEMM(13,5,3),1777921410778550528,1777921410857728256,0
1,0,395,GEMM(14,5,3),1777921410857732352,1777921410936910080,0
1,0,396,GEMM(15,5,3),1777921410936914176,1777921411016092928,0
1,0,407,SYRK(7,7,3),1777921411016097024,1777921411057849600,0
1,0,408,GEMM(8,7,3),1777921411057853696,1777921411137031424,0
1,0,409,GEMM(9,7,3),1777921411137035520,1777921411216214272,0
1,0,410,GEMM(10,7,3),1777921411216217344,1777921411295396096,0
1,0,411,GEMM(11,7,3),1777921411295399168,1777921411374577920,0
1,0,412,GEMM(12,7,3),1777921411374580992,1777921411453759744,0
1,0,413,GEMM(13,7,3),1777921411453762816,1777921411532941568,0
1,0,414,GEMM(14,7,3),1777921411532944640,1777921411612123392,0
1,0,415,GEMM(15,7,3),1777921411612127488,1777921411691305216,0
1,0,424,SYRK(9,9,3),1777921411691309312,1777921411733061888,0
1,0,425,GEMM(10,9,3),1777921411733065984,1777921411812244736,0
1,0,426,GEMM(11,9,3),1777921411812247808,1777921411891426560,0
1,0,427,GEMM(12,9,3),1777921411891430656,1777921411970608384,0
1,0,428,GEMM(13,9,3),1777921411970612480,1777921412049791232,0
1,0,429,GEMM(14,9,3),1777921412049794304,1777921412128973056,0
1,0,430,GEMM(15,9,3),1777921412128977152,1777921412208155904,0
1,0,437,SYRK(11,11,3),1777921412208158976,1777921412249911552,0
1,0,438,GEMM(12,11,3),1777921412249915648,1777921412329093376,0
1,0,439,GEMM(13,11,3),1777921412329096448,1777921412408275200,0
1,0,440,GEMM(14,11,3),1777921412408279296,1777921412487457024,0
1,0,441,GEMM(15,11,3),1777921412487461120,1777921412566639872,0
1,0,446,SYRK(13,13,3),1777921412566642944,1777921412608395520,0
1,0,447,GEMM(14,13,3),1777921412608399616,1777921412687577344,0
1,0,448,GEMM(15,13,3),1777921412687581440,1777921412766759168,0
1,0,451,SYRK(15,15,3),1777921412766763264,1777921412808514816,0
1,0,464,SYRK(5,5,4),1777921421426361600,1777921421587941632,1777921412808518912
1,0,465,GEMM(6,5,4),1777921421587949824,1777921421892275456,1777921421587945728
1,0,466,GEMM(7,5,4),1777921421892282624,1777921422211430656,1777921421892278528
1,0,467,GEMM(8,5,4),1777921422211437824,1777921422507314432,1777921422211433728
1,0,468,GEMM(9,5,4),1777921422507322624,1777921422826451200,1777921422507318528
1,0,469,GEMM(10,5,4),1777921422826459392,1777921423130606848,1777921422826455296
1,0,470,GEMM(11,5,4),1777921423130615040,1777921423449970944,1777921423130610944
1,0,471,GEMM(12,5,4),1777921423449979136,1777921423745773824,1777921423449975040
1,0,472,GEMM(13,5,4),1777921423745780992,1777921424064967936,1777921423745776896
1,0,473,GEMM(14,5,4),1777921424064975104,1777921424369192192,1777921424064971008
1,0,474,GEMM(15,5,4),1777921424369200384,1777921424688263424,1777921424369196288
1,0,485,SYRK(7,7,4),1777921424688270592,1777921424849718528,1777921424688266496
1,0,486,GEMM(8,7,4),1777921424849725696,1777921425145688320,1777921424849722624
1,0,487,GEMM(9,7,4),1777921425145696512,1777921425464842496,1777921425145692416
1,0,488,GEMM(10,7,4),1777921425464849664,1777921425769052416,1777921425464845568
1,0,489,GEMM(11,7,4),1777921425769060608,1777921426088284416,1777921425769055488
1,0,490,GEMM(12,7,4),1777921426088291584,1777921426384082176,1777921426088287488
1,0,491,GEMM(13,7,4),1777921426384089344,1777921426703251712,1777921426384085248
1,0,492,GEMM(14,7,4),1777921426703259904,1777921427007372544,1777921426703255808
1,0,493,GEMM(15,7,4),1777921427007379712,1777921427326446848,1777921427007375616
1,0,502,SYRK(9,9,4),1777921427326454016,1777921427487962368,1777921427326449920
1,0,503,GEMM(10,9,4),1777921427487969536,1777921427792186624,1777921427487965440
1,0,504,GEMM(11,9,4),1777921427792193792,1777921428111453440,1777921427792189696
1,0,505,GEMM(12,9,4),1777921428111460608,1777921428407170304,1777921428111457536
1,0,506,GEMM(13,9,4),1777921428407178496,1777921428726384896,1777921428407174400
1,0,507,GEMM(14,9,4),1777921428726392064,1777921429030609152,1777921428726387968
1,0,508,GEMM(15,9,4),1777921429030616320,1777921429349758208,1777921429030612224
1,0,515,SYRK(11,11,4),1777921429349765376,1777921429511254272,1777921429349761280
1,0,516,GEMM(12,11,4),1777921429511261440,1777921429806970112,1777921429511258368
1,0,517,GEMM(13,11,4),1777921429806977280,1777921430126229760,1777921429806974208
1,0,518,GEMM(14,11,4),1777921430126237952,1777921430430503168,1777921430126233856
1,0,519,GEMM(15,11,4),1777921430430511360,1777921430749597952,1777921430430507264
1,0,524,SYRK(13,13,4),1777921430749605120,1777921430911094016,1777921430749602048
1,0,525,GEMM(14,13,4),1777921430911101184,1777921431215218944,1777921430911097088
1,0,526,GEMM(15,13,4),1777921431215227136,1777921431534329088,1777921431215223040
1,0,529,SYRK(15,15,4),1777921431534336256,1777921431695830272,1777921431534333184
1,0,530,POTRF(5),1777921431695833344,1777921431712732416,0
1,0,531,TRSM(6,5),1777921431712734464,1777921431759666432,0
1,0,532,TRSM(7,5),1777921431759672576,1777921431806590208,0
1,0,533,TRSM(8,5),1777921431806597376,1777921431853588736,0
1,0,534,TRSM(9,5),1777921431853595904,1777921431900457216,0
1,0,535,TRSM(10,5),1777921431900464384,1777921431947345152,0
1,0,536,TRSM(11,5),1777921431947353344,1777921431994237184,0
1,0,537,TRSM(12,5),1777921431994244352,1777921432041221376,0
1,0,538,TRSM(13,5),1777921432041228544,1777921432088148224,0
1,0,539,TRSM(14,5),1777921432088155392,1777921432135091456,0
1,0,540,TRSM(15,5),1777921432135098624,1777921432181945600,0
1,0,551,SYRK(7,7,5),1777921432181953792,1777921432223706368,0
1,0,552,GEMM(8,7,5),1777921432223710464,1777921432302888192,0
1,0,553,GEMM(9,7,5),1777921432302892288,1777921432382071040,0
1,0,554,GEMM(10,7,5),1777921432382075136,1777921432461252864,0
1,0,555,GEMM(11,7,5),1777921432461256960,1777921432540435712,0
1,0,556,GEMM(12,7,5),1777921432540438784,1777921432619616512,0
1,0,557,GEMM(13,7,5),1777921432619620608,1777921432698798336,0
1,0,558,GEMM(14,7,5),1777921432698801408,1777921432777980160,0
1,0,559,GEMM(15,7,5),1777921432777983232,1777921432857161984,0
1,0,568,SYRK(9,9,5),1777921432857165056,1777921432898917632,0
1,0,569,GEMM(10,9,5),1777921432898920704,1777921432978099456,0
1,0,570,GEMM(11,9,5),1777921432978102528,1777921433057281280,0
1,0,571,GEMM(12,9,5),1777921433057284352,1777921433136462080,0
1,0,572,GEMM(13,9,5),1777921433136466176,1777921433215644928,0
1,0,573,GEMM(14,9,5),1777921433215648000,1777921433294825728,0
1,0,574,GEMM(15,9,5),1777921433294828800,1777921433374007552,0
1,0,581,SYRK(11,11,5),1777921433374009600,1777921433415762176,0
1,0,582,GEMM(12,11,5),1777921433415765248,1777921433494944000,0
1,0,583,GEMM(13,11,5),1777921433494948096,1777921433574125824,0
1,0,584,GEMM(14,11,5),1777921433574129920,1777921433653308672,0
1,0,585,GEMM(15,11,5),1777921433653312768,1777921433732491520,0
1,0,590,SYRK(13,13,5),1777921433732494592,1777921433774247168,0
1,0,591,GEMM(14,13,5),1777921433774250240,1777921433853427968,0
1,0,592,GEMM(15,13,5),1777921433853432064,1777921433932609792,0
1,0,595,SYRK(15,15,5),1777921433932613888,1777921433974365440,0
1,0,606,SYRK(7,7,6),1777921440090349824,1777921440251848960,1777921433974369536
1,0,607,GEMM(8,7,6),1777921440251856128,1777921440547663104,1777921440251853056
1,0,608,GEMM(9,7,6),1777921440547670272,1777921440866878720,1777921440547666176
1,0,609,GEMM(10,7,6),1777921440866886912,1777921441171159296,1777921440866882816
1,0,610,GEMM(11,7,6),1777921441171167488,1777921441490389248,1777921441171163392
1,0,611,GEMM(12,7,6),1777921441490396416,1777921441786155264,1777921441490392320
1,0,612,GEMM(13,7,6),1777921441786163456,1777921442105407744,1777921441786159360
1,0,613,GEMM(14,7,6),1777921442105414912,1777921442409605376,1777921442105410816
1,0,614,GEMM(15,7,6),1777921442409612544,1777921442728721664,1777921442409609472
1,0,623,SYRK(9,9,6),1777921442728727808,1777921442890276096,1777921442728724736
1,0,624,GEMM(10,9,6),1777921442890283264,1777921443194525952,1777921442890280192
1,0,625,GEMM(11,9,6),1777921443194533120,1777921443513806080,1777921443194529024
1,0,626,GEMM(12,9,6),1777921443513814272,1777921443809558784,1777921443513810176
1,0,627,GEMM(13,9,6),1777921443809565952,1777921444128843008,1777921443809561856
1,0,628,GEMM(14,9,6),1777921444128851200,1777921444433029376,1777921444128847104
1,0,629,GEMM(15,9,6),1777921444433036544,1777921444752289024,1777921444433033472
1,0,636,SYRK(11,11,6),1777921444752296192,1777921444913878272,1777921444752293120
1,0,637,GEMM(12,11,6),1777921444913885440,1777921445209670912,1777921444913882368
1,0,638,GEMM(13,11,6),1777921445209679104,1777921445528832256,1777921445209675008
1,0,639,GEMM(14,11,6),1777921445528839424,1777921445833025792,1777921445528835328
1,0,640,GEMM(15,11,6),1777921445833032960,1777921446152288512,1777921445833029888
1,0,645,SYRK(13,13,6),1777921446152295680,1777921446313725184,1777921446152292608
1,0,646,GEMM(14,13,6),1777921446313731328,1777921446617940224,1777921446313728256
1,0,647,GEMM(15,13,6),1777921446617947392,1777921446937155840,1777921446617943296
1,0,650,SYRK(15,15,6),1777921446937163008,1777921447098619136,1777921446937159936
1,0,651,POTRF(7),1777921447098622208,1777921447115522304,0
1,0,652,TRSM(8,7),1777921447115524352,1777921447162567936,0
1,0,653,TRSM(9,7),1777921447162574080,1777921447209474304,0
1,0,654,TRSM(10,7),1777921447209484544,1777921447256330496,0
1,0,655,TRSM(11,7),1777921447256339712,1777921447303222528,0
1,0,656,TRSM(12,7),1777921447303230720,1777921447350191360,0
1,0,657,TRSM(13,7),1777921447350199552,1777921447397138688,0
1,0,658,TRSM(14,7),1777921447397146880,1777921447444009216,0
1,0,659,TRSM(15,7),1777921447444017408,1777921447490990336,0
1,0,668,SYRK(9,9,7),1777921447491000576,1777921447532753152,0
1,0,669,GEMM(10,9,7),1777921447532757248,1777921447611936000,0
1,0,670,GEMM(11,9,7),1777921447611939072,1777921447691117824,0
1,0,671,GEMM(12,9,7),1777921447691121920,1777921447770299648,0
1,0,672,GEMM(13,9,7),1777921447770302720,1777921447849481472,0
1,0,673,GEMM(14,9,7),1777921447849485568,1777921447928664320,0
1,0,674,GEMM(15,9,7),1777921447928667392,1777921448007846144,0
1,0,681,SYRK(11,11,7),1777921448007850240,1777921448049602816,0
1,0,682,GEMM(12,11,7),1777921448049606912,1777921448128784640,0
1,0,683,GEMM(13,11,7),1777921448128788736,1777921448207967488,0
1,0,684,GEMM(14,11,7),1777921448207970560,1777921448287149312,0
1,0,685,GEMM(15,11,7),1777921448287153408,1777921448366332160,0
1,0,690,SYRK(13,13,7),1777921448366336256,1777921448408088832,0
1,0,691,GEMM(14,13,7),1777921448408091904,1777921448487270656,0
1,0,692,GEMM(15,13,7),1777921448487274752,1777921448566453504,0
1,0,695,SYRK(15,15,7),1777921448566456576,1777921448608209152,0
1,0,704,SYRK(9,9,8),1777921452634242304,1777921452795967744,1777921448608212224
1,0,705,GEMM(10,9,8),1777921452795975936,1777921453100266752,1777921452795971840
1,0,706,GEMM(11,9,8),1777921453100274944,1777921453419451648,1777921453100270848
1,0,707,GEMM(12,9,8),1777921453419458816,1777921453715222784,1777921453419454720
1,0,708,GEMM(13,9,8),1777921453715230976,1777921454034445568,1777921453715226880
1,0,709,GEMM(14,9,8),1777921454034453760,1777921454338657536,1777921454034449664
1,0,710,GEMM(15,9,8),1777921454338664704,1777921454657850624,1777921454338660608
1,0,717,SYRK(11,11,8),1777921454657857792,1777921454819459328,1777921454657854720
1,0,718,GEMM(12,11,8),1777921454819466496,1777921455115183360,1777921454819462400
1,0,719,GEMM(13,11,8),1777921455115190528,1777921455434440960,1777921455115186432
1,0,720,GEMM(14,11,8),1777921455434448128,1777921455738685696,1777921455434444032
1,0,721,GEMM(15,11,8),1777921455738692864,1777921456057873664,1777921455738689792
1,0,726,SYRK(13,13,8),1777921456057880832,1777921456219402496,1777921456057877760
1,0,727,GEMM(14,13,8),1777921456219410688,1777921456523553024,1777921456219406592
1,0,728,GEMM(15,13,8),1777921456523560192,1777921456842676480,1777921456523557120
1,0,731,SYRK(15,15,8),1777921456842683648,1777921457004227840,1777921456842680576
1,0,732,POTRF(9),1777921457004231936,1777921457021131008,0
1,0,733,TRSM(10,9),1777921457021133056,1777921457068138752,0
1,0,734,TRSM(11,9),1777921457068144896,1777921457115065600,0
1,0,735,TRSM(12,9),1777921457115072768,1777921457162047744,0
1,0,736,TRSM(13,9),1777921457162054912,1777921457208996096,0
1,0,737,TRSM(14,9),1777921457209002240,1777921457255979264,0
1,0,738,TRSM(15,9),1777921457255986432,1777921457302926592,0
1,0,745,SYRK(11,11,9),1777921457302934784,1777921457344688384,0
1,0,746,GEMM(12,11,9),1777921457344691456,1777921457423869184,0
1,0,747,GEMM(13,11,9),1777921457423873280,1777921457503052032,0
1,0,748,GEMM(14,11,9),1777921457503055104,1777921457582233856,0
1,0,749,GEMM(15,11,9),1777921457582236928,1777921457661416704,0
1,0,754,SYRK(13,13,9),1777921457661420800,1777921457703173376,0
1,0,755,GEMM(14,13,9),1777921457703176448,1777921457782356224,0
1,0,756,GEMM(15,13,9),1777921457782359296,1777921457861538048,0
1,0,759,SYRK(15,15,9),1777921457861541120,1777921457903293696,0
1,0,766,SYRK(11,11,10),1777921460299974912,1777921460461525248,1777921457903296768
1,0,767,GEMM(12,11,10),1777921460461532416,1777921460757342464,1777921460461528320
1,0,768,GEMM(13,11,10),1777921460757349632,1777921461076470016,1777921460757346560
1,0,769,GEMM(14,11,10),1777921461076478208,1777921461380609280,1777921461076474112
1,0,770,GEMM(15,11,10),1777921461380617472,1777921461699716352,1777921461380613376
1,0,775,SYRK(13,13,10),1777921461699723520,1777921461861267712,1777921461699720448
1,0,776,GEMM(14,13,10),1777921461861274880,1777921462165313792,1777921461861271808
1,0,777,GEMM(15,13,10),1777921462165320960,1777921462484409600,1777921462165317888
1,0,780,SYRK(15,15,10),1777921462484416768,1777921462645858560,1777921462484413696
1,0,781,POTRF(11),1777921462645861632,1777921462662759680,0
1,0,782,TRSM(12,11),1777921462662761728,1777921462709770496,0
1,0,783,TRSM(13,11),1777921462709775616,1777921462756718848,0
1,0,784,TRSM(14,11),1777921462756726016,1777921462803646720,0
1,0,785,TRSM(15,11),1777921462803656960,1777921462850596096,0
1,0,790,SYRK(13,13,11),1777921462850606336,1777921462892358912,0
1,0,791,GEMM(14,13,11),1777921462892361984,1777921462971539712,0
1,0,792,GEMM(15,13,11),1777921462971543808,1777921463050721536,0
1,0,795,SYRK(15,15,11),1777921463050725632,1777921463092478208,0
1,0,800,SYRK(13,13,12),1777921464281861376,1777921464443477248,1777921463092481280
1,0,801,GEMM(14,13,12),1777921464443483392,1777921464747568384,1777921464443480320
1,0,802,GEMM(15,13,12),1777921464747575552,1777921465066712320,1777921464747571456
1,0,805,SYRK(15,15,12),1777921465066719488,1777921465228323072,1777921465066716416
1,0,806,POTRF(13),1777921465228327168,1777921465245225216,0
1,0,807,TRSM(14,13),1777921465245227264,1777921465292198144,0
1,0,808,TRSM(15,13),1777921465292204288,1777921465339069696,0
1,0,811,SYRK(15,15,13),1777921465339077888,1777921465380830464,0
1,0,814,SYRK(15,15,14),1777921465815534848,1777921465976976640,1777921465380833536
1,0,815,POTRF(15),1777921465976979712,1777921465993872640,0
1,1,16,SYRK(1,1,0),1777921467965395200,1777921468126960896,1777921467901335808
1,1,17,GEMM(2,1,0),1777921468126967040,1777921468431278336,1777921468126963968
1,1,18,GEMM(3,1,0),1777921468431285504,1777921468750505216,1777921468431281408
1,1,19,GEMM(4,1,0),1777921468750512384,1777921469046294784,1777921468750508288
1,1,20,GEMM(5,1,0),1777921469046302976,1777921469365547264,1777921469046298880
1,1,21,GEMM(6,1,0),1777921469365555456,1777921469669716224,1777921469365551360
1,1,22,GEMM(7,1,0),1777921469669723392,1777921469988927744,1777921469669719296
1,1,23,GEMM(8,1,0),1777921469988935936,1777921470284680448,1777921469988931840
1,1,24,GEMM(9,1,0),1777921470284687616,1777921470603966720,1777921470284683520
1,1,25,GEMM(10,1,0),1777921470603973888,1777921470908322048,1777921470603969792
1,1,26,GEMM(11,1,0),1777921470908329216,1777921471227532544,1777921470908325120
1,1,27,GEMM(12,1,0),1777921471227540736,1777921471523401984,1777921471227536640
1,1,28,GEMM(13,1,0),1777921471523410176,1777921471842603264,1777921471523406080
1,1,29,GEMM(14,1,0),1777921471842611456,1777921472146854144,1777921471842607360
1,1,30,GEMM(15,1,0),1777921472146862336,1777921472466156800,1777921472146858240
1,1,45,SYRK(3,3,0),1777921472466163968,1777921472627721472,1777921472466160896
1,1,46,GEMM(4,3,0),1777921472627728640,1777921472923542784,1777921472627724544
1,1,47,GEMM(5,3,0),1777921472923549952,1777921473242848512,1777921472923546880
1,1,48,GEMM(6,3,0),1777921473242856704,1777921473547084032,1777921473242852608
1,1,49,GEMM(7,3,0),1777921473547092224,1777921473866397952,1777921473547088128
1,1,50,GEMM(8,3,0),1777921473866406144,1777921474162141440,1777921473866402048
1,1,51,GEMM(9,3,0),1777921474162148608,1777921474481320192,1777921474162144512
1,1,52,GEMM(10,3,0),1777921474481327360,1777921474785588480,1777921474481324288
1,1,53,GEMM(11,3,0),1777921474785596672,1777921475104827648,1777921474785592576
1,1,54,GEMM(12,3,0),1777921475104834816,1777921475400643840,1777921475104830720
1,1,55,GEMM(13,3,0),1777921475400651008,1777921475719933184,1777921475400647936
1,1,56,GEMM(14,3,0),1777921475719940352,1777921476024132864,1777921475719936256
1,1,57,GEMM(15,3,0),1777921476024141056,1777921476343345408,1777921476024136960
1,1,70,SYRK(5,5,0),1777921476343352576,1777921476504983808,1777921476343349504
1,1,71,GEMM(6,5,0),1777921476504990976,1777921476809161984,1777921476504986880
1,1,72,GEMM(7,5,0),1777921476809169152,1777921477128353024,1777921476809165056
1,1,73,GEMM(8,5,0),1777921477128360192,1777921477424182528,1777921477128356096
1,1,74,GEMM(9,5,0),1777921477424190720,1777921477743381760,1777921477424186624
1,1,75,GEMM(10,5,0),1777921477743389952,1777921478047700224,1777921477743385856
1,1,76,GEMM(11,5,0),1777921478047707392,1777921478366906624,1777921478047703296
1,1,77,GEMM(12,5,0),1777921478366914816,1777921478662780160,1777921478366910720
1,1,78,GEMM(13,5,0),1777921478662787328,1777921478981908736,1777921478662784256
1,1,79,GEMM(14,5,0),1777921478981915904,1777921479286160640,1777921478981912832
1,1,80,GEMM(15,5,0),1777921479286168832,1777921479605293312,1777921479286164736
1,1,91,SYRK(7,7,0),1777921479605300480,1777921479766808832,1777921479605297408
1,1,92,GEMM(8,7,0),1777921479766816000,1777921480062679296,1777921479766811904
1,1,93,GEMM(9,7,0),1777921480062686464,1777921480381838592,1777921480062683392
1,1,94,GEMM(10,7,0),1777921480381846784,1777921480686040320,1777921480381842688
1,1,95,GEMM(11,7,0),1777921480686047488,1777921481005321472,1777921480686043392
1,1,96,GEMM(12,7,0),1777921481005328640,1777921481301176576,1777921481005324544
1,1,97,GEMM(13,7,0),1777921481301184768,1777921481620410624,1777921481301180672
1,1,98,GEMM(14,7,0),1777921481620418816,1777921481924619520,1777921481620414720
1,1,99,GEMM(15,7,0),1777921481924626688,1777921482243780864,1777921481924622592
1,1,108,SYRK(9,9,0),1777921482243788032,1777921482405360896,1777921482243784960
1,1,109,GEMM(10,9,0),1777921482405368064,1777921482709585152,1777921482405364992
1,1,110,GEMM(11,9,0),1777921482709593344,1777921483028745472,1777921482709589248
1,1,111,GEMM(12,9,0),1777921483028752640,1777921483324543232,1777921483028749568
1,1,112,GEMM(13,9,0),1777921483324551424,1777921483643774208,1777921483324547328
1,1,113,GEMM(14,9,0),1777921483643782400,1777921483948046592,1777921483643778304
1,1,114,GEMM(15,9,0),1777921483948053760,1777921484267165952,1777921483948049664
1,1,121,SYRK(11,11,0),1777921484267173120,1777921484428779776,1777921484267170048
1,1,122,GEMM(12,11,0),1777921484428786944,1777921484724625664,1777921484428782848
1,1,123,GEMM(13,11,0),1777921484724632832,1777921485043804416,1777921484724628736
1,1,124,GEMM(14,11,0),1777921485043812608,1777921485348018432,1777921485043808512
1,1,125,GEMM(15,11,0),1777921485348025600,1777921485667133696,1777921485348021504
1,1,130,SYRK(13,13,0),1777921485667140864,1777921485828661504,1777921485667136768
1,1,131,GEMM(14,13,0),1777921485828668672,1777921486132863232,1777921485828665600
1,1,132,GEMM(15,13,0),1777921486132871424,1777921486451993856,1777921486132867328
1,1,135,SYRK(15,15,0),1777921486452001024,1777921486613627136,1777921486451997952
1,1,136,POTRF(1),1777921486613631232,1777921486630530304,0
1,1,137,TRSM(2,1),1777921486630532352,1777921486677502208,0
1,1,138,TRSM(3,1),1777921486677508352,1777921486724502784,0
1,1,139,TRSM(4,1),1777921486724509952,1777921486771560704,0
1,1,140,TRSM(5,1),1777921486771568896,1777921486818523392,0
1,1,141,TRSM(6,1),1777921486818530560,1777921486865430784,0
1,1,142,TRSM(7,1),1777921486865437952,1777921486912359680,0
1,1,143,TRSM(8,1),1777921486912368896,1777921486959347968,0
1,1,144,TRSM(9,1),1777921486959356160,1777921487006330112,0
1,1,145,TRSM(10,1),1777921487006339328,1777921487053242624,0
1,1,146,TRSM(11,1),1777921487053249792,1777921487100153088,0
1,1,147,TRSM(12,1),1777921487100160256,1777921487147084032,0
1,1,148,TRSM(13,1),1777921487147093248,1777921487193992448,0
1,1,149,TRSM(14,1),1777921487194000640,1777921487240938752,0
1,1,150,TRSM(15,1),1777921487240946944,1777921487287922944,0
1,1,165,SYRK(3,3,1),1777921487287933184,1777921487329685760,0
1,1,166,GEMM(4,3,1),1777921487329689856,1777921487408867584,0
1,1,167,GEMM(5,3,1),1777921487408871680,1777921487488050432,0
1,1,168,GEMM(6,3,1),1777921487488053504,1777921487567231232,0
1,1,169,GEMM(7,3,1),1777921487567235328,1777921487646413056,0
1,1,170,GEMM(8,3,1),1777921487646417152,1777921487725594880,0
1,1,171,GEMM(9,3,1),1777921487725597952,1777921487804776704,0
1,1,172,GEMM(10,3,1),1777921487804779776,1777921487883957504,0
1,1,173,GEMM(11,3,1),1777921487883961600,1777921487963139328,0
1,1,174,GEMM(12,3,1),1777921487963143424,1777921488042321152,0
1,1,175,GEMM(13,3,1),1777921488042324224,1777921488121502976,0
1,1,176,GEMM(14,3,1),1777921488121506048,1777921488200684800,0
1,1,177,GEMM(15,3,1),1777921488200687872,1777921488279866624,0
1,1,190,SYRK(5,5,1),1777921488279869696,1777921488321623296,0
1,1,191,GEMM(6,5,1),1777921488321626368,1777921488400805120,0
1,1,192,GEMM(7,5,1),1777921488400808192,1777921488479986944,0
1,1,193,GEMM(8,5,1),1777921488479991040,1777921488559168768,0
1,1,194,GEMM(9,5,1),1777921488559172864,1777921488638350592,0
1,1,195,GEMM(10,5,1),1777921488638353664,1777921488717532416,0
1,1,196,GEMM(11,5,1),1777921488717535488,1777921488796714240,0
1,1,197,GEMM(12,5,1),1777921488796718336,1777921488875896064,0
1,1,198,GEMM(13,5,1),1777921488875899136,1777921488955077888,0
1,1,199,GEMM(14,5,1),1777921488955081984,1777921489034259712,0
1,1,200,GEMM(15,5,1),1777921489034262784,1777921489113441536,0
1,1,211,SYRK(7,7,1),1777921489113445632,1777921489155198208,0
1,1,212,GEMM(8,7,1),1777921489155201280,1777921489234379008,0
1,1,213,GEMM(9,7,1),1777921489234382080,1777921489313560832,0
1,1,214,GEMM(10,7,1),1777921489313564928,1777921489392742656,0
1,1,215,GEMM(11,7,1),1777921489392746752,1777921489471924480,0
1,1,216,GEMM(12,7,1),1777921489471928576,1777921489551106304,0
1,1,217,GEMM(13,7,1),1777921489551109376,1777921489630288128,0
1,1,218,GEMM(14,7,1),1777921489630292224,1777921489709470976,0
1,1,219,GEMM(15,7,1),1777921489709474048,1777921489788652800,0
1,1,228,SYRK(9,9,1),1777921489788655872,1777921489830408448,0
1,1,229,GEMM(10,9,1),1777921489830411520,1777921489909590272,0
1,1,230,GEMM(11,9,1),1777921489909593344,1777921489988772096,0
1,1,231,GEMM(12,9,1),1777921489988776192,1777921490067953920,0
1,1,232,GEMM(13,9,1),1777921490067956992,1777921490147135744,0
1,1,233,GEMM(14,9,1),1777921490147138816,1777921490226317568,0
1,1,234,GEMM(15,9,1),1777921490226320640,1777921490305499392,0
1,1,241,SYRK(11,11,1),1777921490305502464,1777921490347255040,0
1,1,242,GEMM(12,11,1),1777921490347258112,1777921490426436864,0
1,1,243,GEMM(13,11,1),1777921490426439936,1777921490505618688,0
1,1,244,GEMM(14,11,1),1777921490505621760,1777921490584800512,0
1,1,245,GEMM(15,11,1),1777921490584803584,1777921490663982336,0
1,1,250,SYRK(13,13,1),1777921490663986432,1777921490705737984,0
1,1,251,GEMM(14,13,1),1777921490705742080,1777921490784919808,0
1,1,252,GEMM(15,13,1),1777921490784923904,1777921490864102656,0
1,1,255,SYRK(15,15,1),1777921490864105728,1777921490905858304,0
1,1,270,SYRK(3,3,2),1777921502498959616,1777921502660551936,1777921490905862400
1,1,271,GEMM(4,3,2),1777921502660559104,1777921502956423424,1777921502660556032
1,1,272,GEMM(5,3,2),1777921502956431616,1777921503275582720,1777921502956427520
1,1,273,GEMM(6,3,2),1777921503275589888,1777921503579851008,1777921503275586816
1,1,274,GEMM(7,3,2),1777921503579858176,1777921503899080960,1777921503579854080
1,1,275,GEMM(8,3,2),1777921503899089152,1777921504194894080,1777921503899085056
1,1,276,GEMM(9,3,2),1777921504194901248,1777921504514191616,1777921504194897152
1,1,277,GEMM(10,3,2),1777921504514199808,1777921504818454784,1777921504514195712
1,1,278,GEMM(11,3,2),1777921504818461952,1777921505137754368,1777921504818458880
1,1,279,GEMM(12,3,2),1777921505137761536,1777921505433574656,1777921505137757440
1,1,280,GEMM(13,3,2),1777921505433582848,1777921505752663296,1777921505433578752
1,1,281,GEMM(14,3,2),1777921505752671488,1777921506056965376,1777921505752667392
1,1,282,GEMM(15,3,2),1777921506056973568,1777921506376153344,1777921506056969472
1,1,295,SYRK(5,5,2),1777921506376160512,1777921506537774336,1777921506376157440
1,1,296,GEMM(6,5,2),1777921506537781504,1777921506841949440,1777921506537778432
1,1,297,GEMM(7,5,2),1777921506841957632,1777921507161068800,1777921506841953536
1,1,298,GEMM(8,5,2),1777921507161076992,1777921507456915712,1777921507161072896
1,1,299,GEMM(9,5,2),1777921507456923904,1777921507776061696,1777921507456919808
1,1,300,GEMM(10,5,2),1777921507776069888,1777921508080352512,1777921507776065792
1,1,301,GEMM(11,5,2),1777921508080360704,1777921508399671552,1777921508080356608
1,1,302,GEMM(12,5,2),1777921508399679744,1777921508695515392,1777921508399675648
1,1,303,GEMM(13,5,2),1777921508695523584,1777921509014664448,1777921508695519488
1,1,304,GEMM(14,5,2),1777921509014672640,1777921509318823168,1777921509014668544
1,1,305,GEMM(15,5,2),1777921509318831360,1777921509637899520,1777921509318826240
1,1,316,SYRK(7,7,2),1777921509637906688,1777921509799409920,1777921509637903616
1,1,317,GEMM(8,7,2),1777921509799418112,1777921510095311104,1777921509799414016
1,1,318,GEMM(9,7,2),1777921510095318272,1777921510414460160,1777921510095314176
1,1,319,GEMM(10,7,2),1777921510414467328,1777921510718633216,1777921510414463232
1,1,320,GEMM(11,7,2),1777921510718640384,1777921511037959424,1777921510718636288
1,1,321,GEMM(12,7,2),1777921511037967616,1777921511333829888,1777921511037963520
1,1,322,GEMM(13,7,2),1777921511333838080,1777921511652931840,1777921511333832960
1,1,323,GEMM(14,7,2),1777921511652940032,1777921511957032192,1777921511652935936
1,1,324,GEMM(15,7,2),1777921511957040384,1777921512276138240,1777921511957036288
1,1,333,SYRK(9,9,2),1777921512276145408,1777921512437617920,1777921512276142336
1,1,334,GEMM(10,9,2),1777921512437625088,1777921512741746944,1777921512437620992
1,1,335,GEMM(11,9,2),1777921512741755136,1777921513061115136,1777921512741751040
1,1,336,GEMM(12,9,2),1777921513061123328,1777921513356894464,1777921513061119232
1,1,337,GEMM(13,9,2),1777921513356901632,1777921513676007680,1777921513356898560
1,1,338,GEMM(14,9,2),1777921513676015872,1777921513980155136,1777921513676011776
1,1,339,GEMM(15,9,2),1777921513980163328,1777921514299417856,1777921513980159232
1,1,346,SYRK(11,11,2),1777921514299425024,1777921514460970240,1777921514299420928
1,1,347,GEMM(12,11,2),1777921514460978432,1777921514756746496,1777921514460974336
1,1,348,GEMM(13,11,2),1777921514756753664,1777921515075951872,1777921514756749568
1,1,349,GEMM(14,11,2),1777921515075959040,1777921515380241664,1777921515075955968
1,1,350,GEMM(15,11,2),1777921515380248832,1777921515699410176,1777921515380244736
1,1,355,SYRK(13,13,2),1777921515699417344,1777921515860905216,1777921515699414272
1,1,356,GEMM(14,13,2),1777921515860913408,1777921516165136640,1777921515860910336
1,1,357,GEMM(15,13,2),1777921516165143808,1777921516484262144,1777921516165140736
1,1,360,SYRK(15,15,2),1777921516484268288,1777921516645778688,1777921516484265216
1,1,361,POTRF(3),1777921516645781760,1777921516662680832,0
1,1,362,TRSM(4,3),1777921516662681856,1777921516709690624,0
1,1,363,TRSM(5,3),1777921516709696768,1777921516756599040,0
1,1,364,TRSM(6,3),1777921516756608256,1777921516803565824,0
1,1,365,TRSM(7,3),1777921516803574016,1777921516850571520,0
1,1,366,TRSM(8,3),1777921516850579712,1777921516897613056,0
1,1,367,TRSM(9,3),1777921516897621248,1777921516944614656,0
1,1,368,TRSM(10,3),1777921516944622848,1777921516991525120,0
1,1,369,TRSM(11,3),1777921516991533312,1777921517038525696,0
1,1,370,TRSM(12,3),1777921517038533888,1777921517085532416,0
1,1,371,TRSM(13,3),1777921517085541632,1777921517132461312,0
1,1,372,TRSM(14,3),1777921517132469504,1777921517179352320,0
1,1,373,TRSM(15,3),1777921517179363584,1777921517226284288,0
1,1,386,SYRK(5,5,3),1777921517226293504,1777921517268046080,0
1,1,387,GEMM(6,5,3),1777921517268049152,1777921517347227904,0
1,1,388,GEMM(7,5,3),1777921517347232000,1777921517426409728,0
1,1,389,GEMM(8,5,3),1777921517426413824,1777921517505591552,0
1,1,390,GEMM(9,5,3),1777921517505595648,1777921517584774400,0
1,1,391,GEMM(10,5,3),1777921517584777472,1777921517663956224,0
1,1,392,GEMM(11,5,3),1777921517663960320,1777921517743139072,0
1,1,393,GEMM(12,5,3),1777921517743143168,1777921517822320896,0
1,1,394,GEMM(13,5,3),1777921517822324992,1777921517901503744,0
1,1,395,GEMM(14,5,3),1777921517901506816,1777921517980685568,0
1,1,396,GEMM(15,5,3),1777921517980689664,1777921518059868416,0
1,1,407,SYRK(7,7,3),1777921518059871488,1777921518101624064,0
1,1,408,GEMM(8,7,3),1777921518101628160,1777921518180806912,0
1,1,409,GEMM(9,7,3),1777921518180811008,1777921518259989760,0
1,1,410,GEMM(10,7,3),1777921518259992832,1777921518339171584,0
1,1,411,GEMM(11,7,3),1777921518339175680,1777921518418353408,0
1,1,412,GEMM(12,7,3),1777921518418357504,1777921518497535232,0
1,1,413,GEMM(13,7,3),1777921518497538304,1777921518576717056,0
1,1,414,GEMM(14,7,3),1777921518576720128,1777921518655898880,0
1,1,415,GEMM(15,7,3),1777921518655902976,1777921518735080704,0
1,1,424,SYRK(9,9,3),1777921518735084800,1777921518776837376,0
1,1,425,GEMM(10,9,3),1777921518776840448,1777921518856019200,0
1,1,426,GEMM(11,9,3),1777921518856023296,1777921518935202048,0
1,1,427,GEMM(12,9,3),1777921518935206144,1777921519014383872,0
1,1,428,GEMM(13,9,3),1777921519014387968,1777921519093566720,0
1,1,429,GEMM(14,9,3),1777921519093570816,1777921519172748544,0
1,1,430,GEMM(15,9,3),1777921519172752640,1777921519251931392,0
1,1,437,SYRK(11,11,3),1777921519251935488,1777921519293688064,0
1,1,438,GEMM(12,11,3),1777921519293691136,1777921519372868864,0
1,1,439,GEMM(13,11,3),1777921519372872960,1777921519452051712,0
1,1,440,GEMM(14,11,3),1777921519452054784,1777921519531233536,0
1,1,441,GEMM(15,11,3),1777921519531235584,1777921519610414336,0
1,1,446,SYRK(13,13,3),1777921519610418432,1777921519652171008,0
1,1,447,GEMM(14,13,3),1777921519652174080,1777921519731352832,0
1,1,448,GEMM(15,13,3),1777921519731355904,1777921519810534656,0
1,1,451,SYRK(15,15,3),1777921519810537728,1777921519852290304,0
1,1,464,SYRK(5,5,4),1777921528470818048,1777921528632398080,1777921519852293376
1,1,465,GEMM(6,5,4),1777921528632405248,1777921528936652032,1777921528632401152
1,1,466,GEMM(7,5,4),1777921528936659200,1777921529255813376,1777921528936656128
1,1,467,GEMM(8,5,4),1777921529255821568,1777921529551693056,1777921529255816448
1,1,468,GEMM(9,5,4),1777921529551701248,1777921529870841088,1777921529551697152
1,1,469,GEMM(10,5,4),1777921529870848256,1777921530175085824,1777921529870844160
1,1,470,GEMM(11,5,4),1777921530175092992,1777921530494269696,1777921530175088896
1,1,471,GEMM(12,5,4),1777921530494276864,1777921530790065408,1777921530494272768
1,1,472,GEMM(13,5,4),1777921530790072576,1777921531109304576,1777921530790068480
1,1,473,GEMM(14,5,4),1777921531109311744,1777921531413502208,1777921531109307648
1,1,474,GEMM(15,5,4),1777921531413510400,1777921531732614400,1777921531413506304
1,1,485,SYRK(7,7,4),1777921531732621568,1777921531894210816,1777921531732617472
1,1,486,GEMM(8,7,4),1777921531894217984,1777921532190084352,1777921531894213888
1,1,487,GEMM(9,7,4),1777921532190091520,1777921532509326592,1777921532190087424
1,1,488,GEMM(10,7,4),1777921532509334784,1777921532813612288,1777921532509329664
1,1,489,GEMM(11,7,4),1777921532813620480,1777921533132889344,1777921532813615360
1,1,490,GEMM(12,7,4),1777921533132897536,1777921533428700416,1777921533132893440
1,1,491,GEMM(13,7,4),1777921533428708608,1777921533747860736,1777921533428703488
1,1,492,GEMM(14,7,4),1777921533747868928,1777921534051973376,1777921533747864832
1,1,493,GEMM(15,7,4),1777921534051980544,1777921534371033344,1777921534051976448
1,1,502,SYRK(9,9,4),1777921534371040512,1777921534532535552,1777921534371036416
1,1,503,GEMM(10,9,4),1777921534532542720,1777921534836633856,1777921534532538624
1,1,504,GEMM(11,9,4),1777921534836642048,1777921535155925248,1777921534836637952
1,1,505,GEMM(12,9,4),1777921535155932416,1777921535451835648,1777921535155928320
1,1,506,GEMM(13,9,4),1777921535451842816,1777921535770949888,1777921535451838720
1,1,507,GEMM(14,9,4),1777921535770957056,1777921536075085056,1777921535770952960
1,1,508,GEMM(15,9,4),1777921536075092224,1777921536394154240,1777921536075088128
1,1,515,SYRK(11,11,4),1777921536394161408,1777921536555756800,1777921536394157312
1,1,516,GEMM(12,11,4),1777921536555763968,1777921536851587328,1777921536555759872
1,1,517,GEMM(13,11,4),1777921536851594496,1777921537170791680,1777921536851591424
1,1,518,GEMM(14,11,4),1777921537170799872,1777921537475010816,1777921537170795776
1,1,519,GEMM(15,11,4),1777921537475019008,1777921537794074880,1777921537475014912
1,1,524,SYRK(13,13,4),1777921537794082048,1777921537955699968,1777921537794077952
1,1,525,GEMM(14,13,4),1777921537955707136,1777921538259915008,1777921537955704064
1,1,526,GEMM(15,13,4),1777921538259922176,1777921538578985216,1777921538259918080
1,1,529,SYRK(15,15,4),1777921538578992384,1777921538740470016,1777921538578989312
1,1,530,POTRF(5),1777921538740473088,1777921538757372160,0
1,1,531,TRSM(6,5),1777921538757374208,1777921538804303104,0
1,1,532,TRSM(7,5),1777921538804309248,1777921538851227904,0
1,1,533,TRSM(8,5),1777921538851235072,1777921538898262272,0
1,1,534,TRSM(9,5),1777921538898269440,1777921538945113344,0
1,1,535,TRSM(10,5),1777921538945120512,1777921538991912192,0
1,1,536,TRSM(11,5),1777921538991919360,1777921539038765312,0
1,1,537,TRSM(12,5),1777921539038772480,1777921539085731072,0
1,1,538,TRSM(13,5),1777921539085738240,1777921539132581120,0
1,1,539,TRSM(14,5),1777921539132588288,1777921539179487488,0
1,1,540,TRSM(15,5),1777921539179494656,1777921539226376448,0
1,1,551,SYRK(7,7,5),1777921539226384640,1777921539268137216,0
1,1,552,GEMM(8,7,5),1777921539268140288,1777921539347318016,0
1,1,553,GEMM(9,7,5),1777921539347322112,1777921539426500864,0
1,1,554,GEMM(10,7,5),1777921539426504960,1777921539505683712,0
1,1,555,GEMM(11,7,5),1777921539505686784,1777921539584865536,0
1,1,556,GEMM(12,7,5),1777921539584868608,1777921539664047360,0
1,1,557,GEMM(13,7,5),1777921539664050432,1777921539743229184,0
1,1,558,GEMM(14,7,5),1777921539743232256,1777921539822411008,0
1,1,559,GEMM(15,7,5),1777921539822414080,1777921539901592832,0
1,1,568,SYRK(9,9,5),1777921539901595904,1777921539943348480,0
1,1,569,GEMM(10,9,5),1777921539943351552,1777921540022530304,0
1,1,570,GEMM(11,9,5),1777921540022533376,1777921540101712128,0
1,1,571,GEMM(12,9,5),1777921540101714176,1777921540180892928,0
1,1,572,GEMM(13,9,5),1777921540180896000,1777921540260074752,0
1,1,573,GEMM(14,9,5),1777921540260078848,1777921540339257600,0
1,1,574,GEMM(15,9,5),1777921540339260672,1777921540418439424,0
1,1,581,SYRK(11,11,5),1777921540418442496,1777921540460195072,0
1,1,582,GEMM(12,11,5),1777921540460198144,1777921540539376896,0
1,1,583,GEMM(13,11,5),1777921540539379968,1777921540618558720,0
1,1,584,GEMM(14,11,5),1777921540618562816,1777921540697741568,0
1,1,585,GEMM(15,11,5),1777921540697745664,1777921540776923392,0
1,1,590,SYRK(13,13,5),1777921540776927488,1777921540818679040,0
1,1,591,GEMM(14,13,5),1777921540818682112,1777921540897860864,0
1,1,592,GEMM(15,13,5),1777921540897863936,1777921540977042688,0
1,1,595,SYRK(15,15,5),1777921540977046784,1777921541018798336,0
1,1,606,SYRK(7,7,6),1777921547134917888,1777921547296554240,1777921541018801408
1,1,607,GEMM(8,7,6),1777921547296562432,1777921547592449280,1777921547296558336
1,1,608,GEMM(9,7,6),1777921547592456448,1777921547911651584,1777921547592453376
1,1,609,GEMM(10,7,6),1777921547911658752,1777921548215961856,1777921547911654656
1,1,610,GEMM(11,7,6),1777921548215970048,1777921548535163136,1777921548215965952
1,1,611,GEMM(12,7,6),1777921548535171328,1777921548831074560,1777921548535167232
1,1,612,GEMM(13,7,6),1777921548831082752,1777921549150263552,1777921548831077632
1,1,613,GEMM(14,7,6),1777921549150271744,1777921549454430464,1777921549150267648
1,1,614,GEMM(15,7,6),1777921549454438656,1777921549773702400,1777921549454434560
1,1,623,SYRK(9,9,6),1777921549773709568,1777921549935346944,1777921549773706496
1,1,624,GEMM(10,9,6),1777921549935355136,1777921550239539456,1777921549935351040
1,1,625,GEMM(11,9,6),1777921550239547648,1777921550558717184,1777921550239543552
1,1,626,GEMM(12,9,6),1777921550558725376,1777921550854479104,1777921550558721280
1,1,627,GEMM(13,9,6),1777921550854486272,1777921551173716224,1777921550854483200
1,1,628,GEMM(14,9,6),1777921551173724416,1777921551478021376,1777921551173720320
1,1,629,GEMM(15,9,6),1777921551478028544,1777921551797191936,1777921551478025472
1,1,636,SYRK(11,11,6),1777921551797199104,1777921551958766848,1777921551797196032
1,1,637,GEMM(12,11,6),1777921551958774016,1777921552254574848,1777921551958770944
1,1,638,GEMM(13,11,6),1777921552254582016,1777921552573697280,1777921552254578944
1,1,639,GEMM(14,11,6),1777921552573704448,1777921552877877504,1777921552573700352
1,1,640,GEMM(15,11,6),1777921552877884672,1777921553197179136,1777921552877881600
1,1,645,SYRK(13,13,6),1777921553197186304,1777921553358742784,1777921553197183232
1,1,646,GEMM(14,13,6),1777921553358749952,1777921553662853376,1777921553358746880
1,1,647,GEMM(15,13,6),1777921553662861568,1777921553981906176,1777921553662857472
1,1,650,SYRK(15,15,6),1777921553981913344,1777921554143502592,1777921553981910272
1,1,651,POTRF(7),1777921554143506688,1777921554160405760,0
1,1,652,TRSM(8,7),1777921554160407808,1777921554207394048,0
1,1,653,TRSM(9,7),1777921554207400192,1777921554254264576,0
1,1,654,TRSM(10,7),1777921554254274816,1777921554301158656,0
1,1,655,TRSM(11,7),1777921554301167872,1777921554348036352,0
1,1,656,TRSM(12,7),1777921554348044544,1777921554395061504,0
1,1,657,TRSM(13,7),1777921554395068672,1777921554441950464,0
1,1,658,TRSM(14,7),1777921554441958656,1777921554488804608,0
1,1,659,TRSM(15,7),1777921554488811776,1777921554535620864,0
1,1,668,SYRK(9,9,7),1777921554535631104,1777921554577383680,0
1,1,669,GEMM(10,9,7),1777921554577386752,1777921554656565504,0
1,1,670,GEMM(11,9,7),1777921554656569600,1777921554735748352,0
1,1,671,GEMM(12,9,7),1777921554735751424,1777921554814930176,0
1,1,672,GEMM(13,9,7),1777921554814933248,1777921554894112000,0
1,1,673,GEMM(14,9,7),1777921554894115072,1777921554973293824,0
1,1,674,GEMM(15,9,7),1777921554973297920,1777921555052476672,0
1,1,681,SYRK(11,11,7),1777921555052480768,1777921555094233344,0
1,1,682,GEMM(12,11,7),1777921555094236416,1777921555173415168,0
1,1,683,GEMM(13,11,7),1777921555173418240,1777921555252596992,0
1,1,684,GEMM(14,11,7),1777921555252601088,1777921555331778816,0
1,1,685,GEMM(15,11,7),1777921555331782912,1777921555410961664,0
1,1,690,SYRK(13,13,7),1777921555410965760,1777921555452718336,0
1,1,691,GEMM(14,13,7),1777921555452722432,1777921555531901184,0
1,1,692,GEMM(15,13,7),1777921555531904256,1777921555611083008,0
1,1,695,SYRK(15,15,7),1777921555611087104,1777921555652838656,0
1,1,704,SYRK(9,9,8),1777921559679318272,1777921559840850176,1777921555652842752
1,1,705,GEMM(10,9,8),1777921559840857344,1777921560145153280,1777921559840853248
1,1,706,GEMM(11,9,8),1777921560145161472,1777921560464305408,1777921560145157376
1,1,707,GEMM(12,9,8),1777921560464312576,1777921560760119552,1777921560464308480
1,1,708,GEMM(13,9,8),1777921560760127744,1777921561079330048,1777921560760123648
1,1,709,GEMM(14,9,8),1777921561079338240,1777921561383461120,1777921561079334144
1,1,710,GEMM(15,9,8),1777921561383468288,1777921561702681856,1777921561383465216
1,1,717,SYRK(11,11,8),1777921561702688000,1777921561864278272,1777921561702684928
1,1,718,GEMM(12,11,8),1777921561864285440,1777921562160193792,1777921561864281344
1,1,719,GEMM(13,11,8),1777921562160201984,1777921562479428864,1777921562160197888
1,1,720,GEMM(14,11,8),1777921562479437056,1777921562783701248,1777921562479432960
1,1,721,GEMM(15,11,8),1777921562783708416,1777921563102899456,1777921562783705344
1,1,726,SYRK(13,13,8),1777921563102906624,1777921563264366848,1777921563102903552
1,1,727,GEMM(14,13,8),1777921563264374016,1777921563568674048,1777921563264369920
1,1,728,GEMM(15,13,8),1777921563568682240,1777921563887825152,1777921563568678144
1,1,731,SYRK(15,15,8),1777921563887831296,1777921564049404160,1777921563887828224
1,1,732,POTRF(9),1777921564049407232,1777921564066305280,0
1,1,733,TRSM(10,9),1777921564066307328,1777921564113276160,0
1,1,734,TRSM(11,9),1777921564113282304,1777921564160219392,0
1,1,735,TRSM(12,9),1777921564160226560,1777921564207202560,0
1,1,736,TRSM(13,9),1777921564207209728,1777921564254146816,0
1,1,737,TRSM(14,9),1777921564254153984,1777921564301035776,0
1,1,738,TRSM(15,9),1777921564301042944,1777921564347962624,0
1,1,745,SYRK(11,11,9),1777921564347970816,1777921564389724416,0
1,1,746,GEMM(12,11,9),1777921564389727488,1777921564468905216,0
1,1,747,GEMM(13,11,9),1777921564468908288,1777921564548087040,0
1,1,748,GEMM(14,11,9),1777921564548090112,1777921564627268864,0
1,1,749,GEMM(15,11,9),1777921564627271936,1777921564706450688,0
1,1,754,SYRK(13,13,9),1777921564706453760,1777921564748206336,0
1,1,755,GEMM(14,13,9),1777921564748210432,1777921564827389184,0
1,1,756,GEMM(15,13,9),1777921564827393280,1777921564906571008,0
1,1,759,SYRK(15,15,9),1777921564906575104,1777921564948326656,0
1,1,766,SYRK(11,11,10),1777921567344601344,1777921567506105600,1777921564948330752
1,1,767,GEMM(12,11,10),1777921567506112768,1777921567801909504,1777921567506109696
1,1,768,GEMM(13,11,10),1777921567801915648,1777921568120996096,1777921567801912576
1,1,769,GEMM(14,11,10),1777921568121004288,1777921568425171200,1777921568121000192
1,1,770,GEMM(15,11,10),1777921568425178368,1777921568744153344,1777921568425174272
1,1,775,SYRK(13,13,10),1777921568744159488,1777921568905633024,1777921568744156416
1,1,776,GEMM(14,13,10),1777921568905640192,1777921569209697536,1777921568905636096
1,1,777,GEMM(15,13,10),1777921569209704704,1777921569528767744,1777921569209701632
1,1,780,SYRK(15,15,10),1777921569528774912,1777921569690218752,1777921569528771840
1,1,781,POTRF(11),1777921569690220800,1777921569707120896,0
1,1,782,TRSM(12,11),1777921569707122944,1777921569754112256,0
1,1,783,TRSM(13,11),1777921569754118400,1777921569801074944,0
1,1,784,TRSM(14,11),1777921569801083136,1777921569847964928,0
1,1,785,TRSM(15,11),1777921569847974144,1777921569894912256,0
1,1,790,SYRK(13,13,11),1777921569894922496,1777921569936675072,0
1,1,791,GEMM(14,13,11),1777921569936678144,1777921570015855872,0
1,1,792,GEMM(15,13,11),1777921570015858944,1777921570095037696,0
1,1,795,SYRK(15,15,11),1777921570095041792,1777921570136793344,0
1,1,800,SYRK(13,13,12),1777921571325853952,1777921571487487232,1777921570136797440
1,1,801,GEMM(14,13,12),1777921571487494400,1777921571791548672,1777921571487491328
1,1,802,GEMM(15,13,12),1777921571791555840,1777921572110744832,1777921571791551744
1,1,805,SYRK(15,15,12),1777921572110752000,1777921572272252160,1777921572110747904
1,1,806,POTRF(13),1777921572272255232,1777921572289156352,0
1,1,807,TRSM(14,13),1777921572289157376,1777921572336052480,0
1,1,808,TRSM(15,13),1777921572336058624,1777921572382957824,0
1,1,811,SYRK(15,15,13),1777921572382966016,1777921572424718592,0
1,1,814,SYRK(15,15,14),1777921572859251968,1777921573020823808,1777921572424722688
1,1,815,POTRF(15),1777921573020826880,1777921573037720832,0
1,2,16,SYRK(1,1,0),1777921573798022656,1777921573959575040,1777921573734002176
1,2,17,GEMM(2,1,0),1777921573959582208,1777921574263912960,1777921573959579136
1,2,18,GEMM(3,1,0),1777921574263921152,1777921574583120384,1777921574263917056
1,2,19,GEMM(4,1,0),1777921574583127552,1777921574878965248,1777921574583123456
1,2,20,GEMM(5,1,0),1777921574878973440,1777921575198227968,1777921574878969344
1,2,21,GEMM(6,1,0),1777921575198236160,1777921575502507520,1777921575198232064
1,2,22,GEMM(7,1,0),1777921575502514688,1777921575821629952,1777921575502510592
1,2,23,GEMM(8,1,0),1777921575821638144,1777921576117382656,1777921575821634048
1,2,24,GEMM(9,1,0),1777921576117389824,1777921576436567552,1777921576117385728
1,2,25,GEMM(10,1,0),1777921576436575744,1777921576740884992,1777921576436571648
1,2,26,GEMM(11,1,0),1777921576740892160,1777921577060163072,1777921576740888064
1,2,27,GEMM(12,1,0),1777921577060171264,1777921577355994624,1777921577060167168
1,2,28,GEMM(13,1,0),1777921577356001792,1777921577675259392,1777921577355997696
1,2,29,GEMM(14,1,0),1777921577675266560,1777921577979530752,1777921577675262464
1,2,30,GEMM(15,1,0),1777921577979538944,1777921578298780160,1777921577979534848
1,2,45,SYRK(3,3,0),1777921578298787328,1777921578460225024,1777921578298784256
1,2,46,GEMM(4,3,0),1777921578460232192,1777921578756046336,1777921578460229120
1,2,47,GEMM(5,3,0),1777921578756054528,1777921579075360256,1777921578756050432
1,2,48,GEMM(6,3,0),1777921579075368448,1777921579379608064,1777921579075364352
1,2,49,GEMM(7,3,0),1777921579379616256,1777921579698850304,1777921579379612160
1,2,50,GEMM(8,3,0),1777921579698858496,1777921579994705408,1777921579698854400
1,2,51,GEMM(9,3,0),1777921579994712576,1777921580313973248,1777921579994708480
1,2,52,GEMM(10,3,0),1777921580313981440,1777921580618270208,1777921580313977344
1,2,53,GEMM(11,3,0),1777921580618278400,1777921580937425408,1777921580618273280
1,2,54,GEMM(12,3,0),1777921580937432576,1777921581233210880,1777921580937428480
1,2,55,GEMM(13,3,0),1777921581233218048,1777921581552434688,1777921581233213952
1,2,56,GEMM(14,3,0),1777921581552442880,1777921581856663040,1777921581552437760
1,2,57,GEMM(15,3,0),1777921581856670208,1777921582175924736,1777921581856666112
1,2,70,SYRK(5,5,0),1777921582175931904,1777921582337556992,1777921582175928832
1,2,71,GEMM(6,5,0),1777921582337564160,1777921582641782272,1777921582337560064
1,2,72,GEMM(7,5,0),1777921582641790464,1777921582961000960,1777921582641786368
1,2,73,GEMM(8,5,0),1777921582961009152,1777921583256892928,1777921582961005056
1,2,74,GEMM(9,5,0),1777921583256901120,1777921583576134144,1777921583256897024
1,2,75,GEMM(10,5,0),1777921583576142336,1777921583880406528,1777921583576138240
1,2,76,GEMM(11,5,0),1777921583880414720,1777921584199594496,1777921583880410624
1,2,77,GEMM(12,5,0),1777921584199601664,1777921584495421952,1777921584199597568
1,2,78,GEMM(13,5,0),1777921584495429120,1777921584814601728,1777921584495425024
1,2,79,GEMM(14,5,0),1777921584814608896,1777921585118761472,1777921584814604800
1,2,80,GEMM(15,5,0),1777921585118769664,1777921585437917696,1777921585118765568
1,2,91,SYRK(7,7,0),1777921585437924864,1777921585599459840,1777921585437921792
1,2,92,GEMM(8,7,0),1777921585599467008,1777921585895411200,1777921585599463936
1,2,93,GEMM(9,7,0),1777921585895418368,1777921586214593024,1777921585895414272
1,2,94,GEMM(10,7,0),1777921586214601216,1777921586519008768,1777921586214597120
1,2,95,GEMM(11,7,0),1777921586519016960,1777921586838162944,1777921586519012864
1,2,96,GEMM(12,7,0),1777921586838170112,1777921587134006784,1777921586838166016
1,2,97,GEMM(13,7,0),1777921587134013952,1777921587453172224,1777921587134009856
1,2,98,GEMM(14,7,0),1777921587453179392,1777921587757386240,1777921587453175296
1,2,99,GEMM(15,7,0),1777921587757393408,1777921588076557824,1777921587757389312
1,2,108,SYRK(9,9,0),1777921588076564992,1777921588238168576,1777921588076561920
1,2,109,GEMM(10,9,0),1777921588238175744,1777921588542411264,1777921588238172672
1,2,110,GEMM(11,9,0),1777921588542419456,1777921588861653504,1777921588542415360
1,2,111,GEMM(12,9,0),1777921588861660672,1777921589157421568,1777921588861656576
1,2,112,GEMM(13,9,0),1777921589157429760,1777921589476603392,1777921589157425664
1,2,113,GEMM(14,9,0),1777921589476610560,1777921589780820480,1777921589476607488
1,2,114,GEMM(15,9,0),1777921589780827648,1777921590100104704,1777921589780824576
1,2,121,SYRK(11,11,0),1777921590100111872,1777921590261568000,1777921590100107776
1,2,122,GEMM(12,11,0),1777921590261575168,1777921590557346304,1777921590261571072
1,2,123,GEMM(13,11,0),1777921590557354496,1777921590876654080,1777921590557350400
1,2,124,GEMM(14,11,0),1777921590876661248,1777921591180798464,1777921590876658176
1,2,125,GEMM(15,11,0),1777921591180805632,1777921591500012032,1777921591180801536
1,2,130,SYRK(13,13,0),1777921591500019200,1777921591661531648,1777921591500016128
1,2,131,GEMM(14,13,0),1777921591661537792,1777921591965765120,1777921591661534720
1,2,132,GEMM(15,13,0),1777921591965773312,1777921592284970496,1777921591965769216
1,2,135,SYRK(15,15,0),1777921592284977664,1777921592446434816,1777921592284974592
1,2,136,POTRF(1),1777921592446438912,1777921592463336960,0
1,2,137,TRSM(2,1),1777921592463339008,1777921592510217728,0
1,2,138,TRSM(3,1),1777921592510223872,1777921592557161984,0
1,2,139,TRSM(4,1),1777921592557168128,1777921592604184064,0
1,2,140,TRSM(5,1),1777921592604192256,1777921592651148800,0
1,2,141,TRSM(6,1),1777921592651154944,1777921592698055168,0
1,2,142,TRSM(7,1),1777921592698062336,1777921592744945152,0
1,2,143,TRSM(8,1),1777921592744953344,1777921592791895552,0
1,2,144,TRSM(9,1),1777921592791902720,1777921592838860288,0
1,2,145,TRSM(10,1),1777921592838868480,1777921592885788160,0
1,2,146,TRSM(11,1),1777921592885795328,1777921592932751872,0
1,2,147,TRSM(12,1),1777921592932759040,1777921592979701248,0
1,2,148,TRSM(13,1),1777921592979711488,1777921593026612736,0
1,2,149,TRSM(14,1),1777921593026620928,1777921593073522176,0
1,2,150,TRSM(15,1),1777921593073530368,1777921593120505344,0
1,2,165,SYRK(3,3,1),1777921593120514560,1777921593162267136,0
1,2,166,GEMM(4,3,1),1777921593162271232,1777921593241449984,0
1,2,167,GEMM(5,3,1),1777921593241453056,1777921593320631808,0
1,2,168,GEMM(6,3,1),1777921593320634880,1777921593399813632,0
1,2,169,GEMM(7,3,1),1777921593399816704,1777921593478995456,0
1,2,170,GEMM(8,3,1),1777921593478999552,1777921593558177280,0
1,2,171,GEMM(9,3,1),1777921593558180352,1777921593637359104,0
1,2,172,GEMM(10,3,1),1777921593637362176,1777921593716540928,0
1,2,173,GEMM(11,3,1),1777921593716544000,1777921593795722752,0
1,2,174,GEMM(12,3,1),1777921593795725824,1777921593874903552,0
1,2,175,GEMM(13,3,1),1777921593874906624,1777921593954085376,0
1,2,176,GEMM(14,3,1),1777921593954088448,1777921594033267200,0
1,2,177,GEMM(15,3,1),1777921594033271296,1777921594112449024,0
1,2,190,SYRK(5,5,1),1777921594112452096,1777921594154205696,0
1,2,191,GEMM(6,5,1),1777921594154208768,1777921594233387520,0
1,2,192,GEMM(7,5,1),1777921594233391616,1777921594312570368,0
1,2,193,GEMM(8,5,1),1777921594312573440,1777921594391751168,0
1,2,194,GEMM(9,5,1),1777921594391755264,1777921594470934016,0
1,2,195,GEMM(10,5,1),1777921594470937088,1777921594550115840,0
1,2,196,GEMM(11,5,1),1777921594550118912,1777921594629297664,0
1,2,197,GEMM(12,5,1),1777921594629300736,1777921594708478464,0
1,2,198,GEMM(13,5,1),1777921594708482560,1777921594787660288,0
1,2,199,GEMM(14,5,1),1777921594787663360,1777921594866842112,0
1,2,200,GEMM(15,5,1),1777921594866845184,1777921594946023936,0
1,2,211,SYRK(7,7,1),1777921594946027008,1777921594987779584,0
1,2,212,GEMM(8,7,1),1777921594987782656,1777921595066960384,0
1,2,213,GEMM(9,7,1),1777921595066963456,1777921595146142208,0
1,2,214,GEMM(10,7,1),1777921595146145280,1777921595225324032,0
1,2,215,GEMM(11,7,1),1777921595225327104,1777921595304505856,0
1,2,216,GEMM(12,7,1),1777921595304509952,1777921595383687680,0
1,2,217,GEMM(13,7,1),1777921595383690752,1777921595462869504,0
1,2,218,GEMM(14,7,1),1777921595462873600,1777921595542051328,0
1,2,219,GEMM(15,7,1),1777921595542055424,1777921595621234176,0
1,2,228,SYRK(9,9,1),1777921595621237248,1777921595662989824,0
1,2,229,GEMM(10,9,1),1777921595662993920,1777921595742172672,0
1,2,230,GEMM(11,9,1),1777921595742175744,1777921595821354496,0
1,2,231,GEMM(12,9,1),1777921595821357568,1777921595900536320,0
1,2,232,GEMM(13,9,1),1777921595900541440,1777921595979720192,0
1,2,233,GEMM(14,9,1),1777921595979723264,1777921596058900992,0
1,2,234,GEMM(15,9,1),1777921596058904064,1777921596138082816,0
1,2,241,SYRK(11,11,1),1777921596138085888,1777921596179838464,0
1,2,242,GEMM(12,11,1),1777921596179841536,1777921596259019264,0
1,2,243,GEMM(13,11,1),1777921596259023360,1777921596338202112,0
1,2,244,GEMM(14,11,1),1777921596338205184,1777921596417383936,0
1,2,245,GEMM(15,11,1),1777921596417387008,1777921596496564736,0
1,2,250,SYRK(13,13,1),1777921596496568832,1777921596538321408,0
1,2,251,GEMM(14,13,1),1777921596538324480,1777921596617503232,0
1,2,252,GEMM(15,13,1),1777921596617507328,1777921596696685056,0
1,2,255,SYRK(15,15,1),1777921596696689152,1777921596738441728,0
1,2,270,SYRK(3,3,2),1777921608330488320,1777921608492057088,1777921596738444800
1,2,271,GEMM(4,3,2),1777921608492064256,1777921608787884544,1777921608492060160
1,2,272,GEMM(5,3,2),1777921608787891712,1777921609107128832,1777921608787887616
1,2,273,GEMM(6,3,2),1777921609107137024,1777921609411438080,1777921609107132928
1,2,274,GEMM(7,3,2),1777921609411446272,1777921609730547200,1777921609411442176
1,2,275,GEMM(8,3,2),1777921609730555392,1777921610026380800,1777921609730551296
1,2,276,GEMM(9,3,2),1777921610026388992,1777921610345569792,1777921610026384896
1,2,277,GEMM(10,3,2),1777921610345577984,1777921610649781760,1777921610345573888
1,2,278,GEMM(11,3,2),1777921610649789952,1777921610969093632,1777921610649785856
1,2,279,GEMM(12,3,2),1777921610969101824,1777921611264960000,1777921610969097728
1,2,280,GEMM(13,3,2),1777921611264967168,1777921611584055808,1777921611264963072
1,2,281,GEMM(14,3,2),1777921611584064000,1777921611888242176,1777921611584059904
1,2,282,GEMM(15,3,2),1777921611888250368,1777921612207382016,1777921611888246272
1,2,295,SYRK(5,5,2),1777921612207389184,1777921612368860672,1777921612207386112
1,2,296,GEMM(6,5,2),1777921612368867840,1777921612673070592,1777921612368863744
1,2,297,GEMM(7,5,2),1777921612673077760,1777921612992265728,1777921612673073664
1,2,298,GEMM(8,5,2),1777921612992273920,1777921613288038912,1777921612992269824
1,2,299,GEMM(9,5,2),1777921613288046080,1777921613607245312,1777921613288041984
1,2,300,GEMM(10,5,2),1777921613607253504,1777921613911437824,1777921613607249408
1,2,301,GEMM(11,5,2),1777921613911446016,1777921614230647296,1777921613911441920
1,2,302,GEMM(12,5,2),1777921614230655488,1777921614526456320,1777921614230651392
1,2,303,GEMM(13,5,2),1777921614526464512,1777921614845600256,1777921614526460416
1,2,304,GEMM(14,5,2),1777921614845607424,1777921615149768192,1777921614845603328
1,2,305,GEMM(15,5,2),1777921615149776384,1777921615468909056,1777921615149772288
1,2,316,SYRK(7,7,2),1777921615468916224,1777921615630409216,1777921615468913152
1,2,317,GEMM(8,7,2),1777921615630416384,1777921615926209024,1777921615630412288
1,2,318,GEMM(9,7,2),1777921615926216192,1777921616245299712,1777921615926213120
1,2,319,GEMM(10,7,2),1777921616245307904,1777921616549509632,1777921616245303808
1,2,320,GEMM(11,7,2),1777921616549517824,1777921616868776448,1777921616549513728
1,2,321,GEMM(12,7,2),1777921616868784640,1777921617164622336,1777921616868780544
1,2,322,GEMM(13,7,2),1777921617164630528,1777921617483880960,1777921617164626432
1,2,323,GEMM(14,7,2),1777921617483889152,1777921617788125696,1777921617483885056
1,2,324,GEMM(15,7,2),1777921617788133888,1777921618107311616,1777921617788129792
1,2,333,SYRK(9,9,2),1777921618107318784,1777921618268818944,1777921618107315712
1,2,334,GEMM(10,9,2),1777921618268826112,1777921618572994048,1777921618268822016
1,2,335,GEMM(11,9,2),1777921618573002240,1777921618892236288,1777921618572997120
1,2,336,GEMM(12,9,2),1777921618892244480,1777921619188009472,1777921618892240384
1,2,337,GEMM(13,9,2),1777921619188017664,1777921619507153408,1777921619188012544
1,2,338,GEMM(14,9,2),1777921619507161600,1777921619811401216,1777921619507157504
1,2,339,GEMM(15,9,2),1777921619811409408,1777921620130684416,1777921619811405312
1,2,346,SYRK(11,11,2),1777921620130691584,1777921620292293120,1777921620130687488
1,2,347,GEMM(12,11,2),1777921620292300288,1777921620588084736,1777921620292297216
1,2,348,GEMM(13,11,2),1777921620588092928,1777921620907309568,1777921620588088832
1,2,349,GEMM(14,11,2),1777921620907316736,1777921621211513344,1777921620907313664
1,2,350,GEMM(15,11,2),1777921621211521536,1777921621530757632,1777921621211517440
1,2,355,SYRK(13,13,2),1777921621530764800,1777921621692210688,1777921621530760704
1,2,356,GEMM(14,13,2),1777921621692216832,1777921621996297728,1777921621692213760
1,2,357,GEMM(15,13,2),1777921621996305920,1777921622315454976,1777921621996301824
1,2,360,SYRK(15,15,2),1777921622315462144,1777921622476877312,1777921622315459072
1,2,361,POTRF(3),1777921622476881408,1777921622493780480,0
1,2,362,TRSM(4,3),1777921622493781504,1777921622540772864,0
1,2,363,TRSM(5,3),1777921622540777984,1777921622587807232,0
1,2,364,TRSM(6,3),1777921622587816448,1777921622634960384,0
1,2,365,TRSM(7,3),1777921622634968576,1777921622682138112,0
1,2,366,TRSM(8,3),1777921622682146304,1777921622729293312,0
1,2,367,TRSM(9,3),1777921622729300480,1777921622776464896,0
1,2,368,TRSM(10,3),1777921622776473088,1777921622823603712,0
1,2,369,TRSM(11,3),1777921622823611904,1777921622870744576,0
1,2,370,TRSM(12,3),1777921622870752768,1777921622917933568,0
1,2,371,TRSM(13,3),1777921622917942784,1777921622965054976,0
1,2,372,TRSM(14,3),1777921622965062144,1777921623012203008,0
1,2,373,TRSM(15,3),1777921623012210176,1777921623059381760,0
1,2,386,SYRK(5,5,3),1777921623059390976,1777921623101176320,0
1,2,387,GEMM(6,5,3),1777921623101180416,1777921623180445184,0
1,2,388,GEMM(7,5,3),1777921623180448256,1777921623259627008,0
1,2,389,GEMM(8,5,3),1777921623259631104,1777921623338808832,0
1,2,390,GEMM(9,5,3),1777921623338812928,1777921623417990656,0
1,2,391,GEMM(10,5,3),1777921623417994752,1777921623497173504,0
1,2,392,GEMM(11,5,3),1777921623497177600,1777921623576355328,0
1,2,393,GEMM(12,5,3),1777921623576359424,1777921623655538176,0
1,2,394,GEMM(13,5,3),1777921623655542272,1777921623734721024,0
1,2,395,GEMM(14,5,3),1777921623734725120,1777921623813902848,0
1,2,396,GEMM(15,5,3),1777921623813906944,1777921623893085696,0
1,2,407,SYRK(7,7,3),1777921623893088768,1777921623934842368,0
1,2,408,GEMM(8,7,3),1777921623934845440,1777921624014024192,0
1,2,409,GEMM(9,7,3),1777921624014028288,1777921624093207040,0
1,2,410,GEMM(10,7,3),1777921624093210112,1777921624172388864,0
1,2,411,GEMM(11,7,3),1777921624172392960,1777921624251571712,0
1,2,412,GEMM(12,7,3),1777921624251574784,1777921624330753536,0
1,2,413,GEMM(13,7,3),1777921624330756608,1777921624409935360,0
1,2,414,GEMM(14,7,3),1777921624409939456,1777921624489118208,0
1,2,415,GEMM(15,7,3),1777921624489121280,1777921624568300032,0
1,2,424,SYRK(9,9,3),1777921624568304128,1777921624610056704,0
1,2,425,GEMM(10,9,3),1777921624610060800,1777921624689239552,0
1,2,426,GEMM(11,9,3),1777921624689243648,1777921624768421376,0
1,2,427,GEMM(12,9,3),1777921624768425472,1777921624847603200,0
1,2,428,GEMM(13,9,3),1777921624847607296,1777921624926786048,0
1,2,429,GEMM(14,9,3),1777921624926789120,1777921625005967872,0
1,2,430,GEMM(15,9,3),1777921625005971968,1777921625085150720,0
1,2,437,SYRK(11,11,3),1777921625085153792,1777921625126906368,0
1,2,438,GEMM(12,11,3),1777921625126910464,1777921625206089216,0
1,2,439,GEMM(13,11,3),1777921625206092288,1777921625285271040,0
1,2,440,GEMM(14,11,3),1777921625285275136,1777921625364453888,0
1,2,441,GEMM(15,11,3),1777921625364456960,1777921625443635712,0
1,2,446,SYRK(13,13,3),1777921625443639808,1777921625485391360,0
1,2,447,GEMM(14,13,3),1777921625485395456,1777921625564574208,0
1,2,448,GEMM(15,13,3),1777921625564577280,1777921625643756032,0
1,2,451,SYRK(15,15,3),1777921625643759104,1777921625685511680,0
1,2,464,SYRK(5,5,4),1777921634301212160,1777921634462788096,1777921625685514752
1,2,465,GEMM(6,5,4),1777921634462795264,1777921634767175168,1777921634462791168
1,2,466,GEMM(7,5,4),1777921634767182336,1777921635086321152,1777921634767178240
1,2,467,GEMM(8,5,4),1777921635086329344,1777921635382171136,1777921635086325248
1,2,468,GEMM(9,5,4),1777921635382179328,1777921635701292544,1777921635382174208
1,2,469,GEMM(10,5,4),1777921635701300736,1777921636005547520,1777921635701296640
1,2,470,GEMM(11,5,4),1777921636005555712,1777921636324800000,1777921636005551616
1,2,471,GEMM(12,5,4),1777921636324808192,1777921636620570112,1777921636324804096
1,2,472,GEMM(13,5,4),1777921636620577280,1777921636939764224,1777921636620573184
1,2,473,GEMM(14,5,4),1777921636939772416,1777921637243894272,1777921636939768320
1,2,474,GEMM(15,5,4),1777921637243902464,1777921637563050496,1777921637243898368
1,2,485,SYRK(7,7,4),1777921637563057664,1777921637724559872,1777921637563054592
1,2,486,GEMM(8,7,4),1777921637724567040,1777921638020451840,1777921637724562944
1,2,487,GEMM(9,7,4),1777921638020459008,1777921638339677696,1777921638020454912
1,2,488,GEMM(10,7,4),1777921638339685888,1777921638644023808,1777921638339681792
1,2,489,GEMM(11,7,4),1777921638644032000,1777921638963279360,1777921638644027904
1,2,490,GEMM(12,7,4),1777921638963286528,1777921639259130368,1777921638963282432
1,2,491,GEMM(13,7,4),1777921639259137536,1777921639578338816,1777921639259133440
1,2,492,GEMM(14,7,4),1777921639578345984,1777921639882554880,1777921639578341888
1,2,493,GEMM(15,7,4),1777921639882562048,1777921640201778688,1777921639882557952
1,2,502,SYRK(9,9,4),1777921640201784832,1777921640363418112,1777921640201781760
1,2,503,GEMM(10,9,4),1777921640363425280,1777921640667552256,1777921640363421184
1,2,504,GEMM(11,9,4),1777921640667560448,1777921640986871296,1777921640667556352
1,2,505,GEMM(12,9,4),1777921640986878464,1777921641282657792,1777921640986874368
1,2,506,GEMM(13,9,4),1777921641282664960,1777921641601836544,1777921641282661888
1,2,507,GEMM(14,9,4),1777921641601843712,1777921641906024960,1777921641601839616
1,2,508,GEMM(15,9,4),1777921641906032128,1777921642225141248,1777921641906028032
1,2,515,SYRK(11,11,4),1777921642225148416,1777921642386635264,1777921642225145344
1,2,516,GEMM(12,11,4),1777921642386642432,1777921642682347008,1777921642386638336
1,2,517,GEMM(13,11,4),1777921642682354176,1777921643001699840,1777921642682351104
1,2,518,GEMM(14,11,4),1777921643001708032,1777921643305911808,1777921643001703936
1,2,519,GEMM(15,11,4),1777921643305918976,1777921643625016832,1777921643305914880
1,2,524,SYRK(13,13,4),1777921643625024000,1777921643786555904,1777921643625020928
1,2,525,GEMM(14,13,4),1777921643786563072,1777921644090759680,1777921643786558976
1,2,526,GEMM(15,13,4),1777921644090766848,1777921644409934336,1777921644090762752
1,2,529,SYRK(15,15,4),1777921644409941504,1777921644571615744,1777921644409938432
1,2,530,POTRF(5),1777921644571618816,1777921644588516864,0
1,2,531,TRSM(6,5),1777921644588518912,1777921644635394560,0
1,2,532,TRSM(7,5),1777921644635400704,1777921644682262016,0
1,2,533,TRSM(8,5),1777921644682269184,1777921644729295360,0
1,2,534,TRSM(9,5),1777921644729302528,1777921644776166912,0
1,2,535,TRSM(10,5),1777921644776174080,1777921644823091712,0
1,2,536,TRSM(11,5),1777921644823099904,1777921644869982720,0
1,2,537,TRSM(12,5),1777921644869989888,1777921644916986368,0
1,2,538,TRSM(13,5),1777921644916993536,1777921644963875328,0
1,2,539,TRSM(14,5),1777921644963882496,1777921645010728448,0
1,2,540,TRSM(15,5),1777921645010735616,1777921645057582592,0
1,2,551,SYRK(7,7,5),1777921645057590784,1777921645099343360,0
1,2,552,GEMM(8,7,5),1777921645099347456,1777921645178525184,0
1,2,553,GEMM(9,7,5),1777921645178529280,1777921645257708032,0
1,2,554,GEMM(10,7,5),1777921645257711104,1777921645336889856,0
1,2,555,GEMM(11,7,5),1777921645336893952,1777921645416072704,0
1,2,556,GEMM(12,7,5),1777921645416075776,1777921645495253504,0
1,2,557,GEMM(13,7,5),1777921645495257600,1777921645574435328,0
1,2,558,GEMM(14,7,5),1777921645574439424,1777921645653618176,0
1,2,559,GEMM(15,7,5),1777921645653621248,1777921645732800000,0
1,2,568,SYRK(9,9,5),1777921645732803072,1777921645774555648,0
1,2,569,GEMM(10,9,5),1777921645774558720,1777921645853737472,0
1,2,570,GEMM(11,9,5),1777921645853741568,1777921645932920320,0
1,2,571,GEMM(12,9,5),1777921645932923392,1777921646012101120,0
1,2,572,GEMM(13,9,5),1777921646012104192,1777921646091282944,0
1,2,573,GEMM(14,9,5),1777921646091286016,1777921646170464768,0
1,2,574,GEMM(15,9,5),1777921646170467840,1777921646249645568,0
1,2,581,SYRK(11,11,5),1777921646249649664,1777921646291401216,0
1,2,582,GEMM(12,11,5),1777921646291404288,1777921646370583040,0
1,2,583,GEMM(13,11,5),1777921646370587136,1777921646449764864,0
1,2,584,GEMM(14,11,5),1777921646449768960,1777921646528947712,0
1,2,585,GEMM(15,11,5),1777921646528951808,1777921646608130560,0
1,2,590,SYRK(13,13,5),1777921646608133632,1777921646649886208,0
1,2,591,GEMM(14,13,5),1777921646649889280,1777921646729068032,0
1,2,592,GEMM(15,13,5),1777921646729071104,1777921646808249856,0
1,2,595,SYRK(15,15,5),1777921646808252928,1777921646850005504,0
1,2,606,SYRK(7,7,6),1777921652964602368,1777921653126120960,1777921646850008576
1,2,607,GEMM(8,7,6),1777921653126127104,1777921653421936128,1777921653126124032
1,2,608,GEMM(9,7,6),1777921653421943296,1777921653741239808,1777921653421939200
1,2,609,GEMM(10,7,6),1777921653741248000,1777921654045560320,1777921653741243904
1,2,610,GEMM(11,7,6),1777921654045568512,1777921654364772864,1777921654045564416
1,2,611,GEMM(12,7,6),1777921654364781056,1777921654660570624,1777921654364776960
1,2,612,GEMM(13,7,6),1777921654660577792,1777921654979727872,1777921654660573696
1,2,613,GEMM(14,7,6),1777921654979735040,1777921655283960320,1777921654979730944
1,2,614,GEMM(15,7,6),1777921655283968512,1777921655603145216,1777921655283964416
1,2,623,SYRK(9,9,6),1777921655603152384,1777921655764745728,1777921655603149312
1,2,624,GEMM(10,9,6),1777921655764752896,1777921656068967936,1777921655764748800
1,2,625,GEMM(11,9,6),1777921656068976128,1777921656388213248,1777921656068972032
1,2,626,GEMM(12,9,6),1777921656388221440,1777921656684039680,1777921656388217344
1,2,627,GEMM(13,9,6),1777921656684046848,1777921657003210240,1777921656684043776
1,2,628,GEMM(14,9,6),1777921657003217408,1777921657307396608,1777921657003214336
1,2,629,GEMM(15,9,6),1777921657307404800,1777921657626560000,1777921657307400704
1,2,636,SYRK(11,11,6),1777921657626567168,1777921657788096000,1777921657626564096
1,2,637,GEMM(12,11,6),1777921657788103168,1777921658083859968,1777921657788100096
1,2,638,GEMM(13,11,6),1777921658083868160,1777921658403047936,1777921658083864064
1,2,639,GEMM(14,11,6),1777921658403055104,1777921658707246592,1777921658403051008
1,2,640,GEMM(15,11,6),1777921658707253760,1777921659026476544,1777921658707250688
1,2,645,SYRK(13,13,6),1777921659026483712,1777921659188023808,1777921659026480640
1,2,646,GEMM(14,13,6),1777921659188030976,1777921659492197888,1777921659188026880
1,2,647,GEMM(15,13,6),1777921659492206080,1777921659811316224,1777921659492201984
1,2,650,SYRK(15,15,6),1777921659811323392,1777921659972848128,1777921659811319296
1,2,651,POTRF(7),1777921659972851200,1777921659989751296,0
1,2,652,TRSM(8,7),1777921659989753344,1777921660036760064,0
1,2,653,TRSM(9,7),1777921660036766208,1777921660083703296,0
1,2,654,TRSM(10,7),1777921660083712512,1777921660130576896,0
1,2,655,TRSM(11,7),1777921660130587136,1777921660177507840,0
1,2,656,TRSM(12,7),1777921660177516032,1777921660224496128,0
1,2,657,TRSM(13,7),1777921660224503296,1777921660271514112,0
1,2,658,TRSM(14,7),1777921660271522304,1777921660318443008,0
1,2,659,TRSM(15,7),1777921660318451200,1777921660365332992,0
1,2,668,SYRK(9,9,7),1777921660365343232,1777921660407095808,0
1,2,669,GEMM(10,9,7),1777921660407098880,1777921660486277632,0
1,2,670,GEMM(11,9,7),1777921660486281728,1777921660565460480,0
1,2,671,GEMM(12,9,7),1777921660565464576,1777921660644642304,0
1,2,672,GEMM(13,9,7),1777921660644645376,1777921660723824128,0
1,2,673,GEMM(14,9,7),1777921660723828224,1777921660803005952,0
1,2,674,GEMM(15,9,7),1777921660803010048,1777921660882188800,0
1,2,681,SYRK(11,11,7),1777921660882192896,1777921660923944448,0
1,2,682,GEMM(12,11,7),1777921660923948544,1777921661003127296,0
1,2,683,GEMM(13,11,7),1777921661003130368,1777921661082309120,0
1,2,684,GEMM(14,11,7),1777921661082313216,1777921661161491968,0
1,2,685,GEMM(15,11,7),1777921661161496064,1777921661240674816,0
1,2,690,SYRK(13,13,7),1777921661240678912,1777921661282430464,0
1,2,691,GEMM(14,13,7),1777921661282434560,1777921661361614336,0
1,2,692,GEMM(15,13,7),1777921661361617408,1777921661440796160,0
1,2,695,SYRK(15,15,7),1777921661440800256,1777921661482551808,0
1,2,704,SYRK(9,9,8),1777921665508819456,1777921665670278656,1777921661482555904
1,2,705,GEMM(10,9,8),1777921665670285824,1777921665974545920,1777921665670281728
1,2,706,GEMM(11,9,8),1777921665974553088,1777921666293837312,1777921665974548992
1,2,707,GEMM(12,9,8),1777921666293844480,1777921666589603328,1777921666293840384
1,2,708,GEMM(13,9,8),1777921666589610496,1777921666908879360,1777921666589606400
1,2,709,GEMM(14,9,8),1777921666908886528,1777921667213112832,1777921666908882432
1,2,710,GEMM(15,9,8),1777921667213120000,1777921667532414464,1777921667213115904
1,2,717,SYRK(11,11,8),1777921667532420608,1777921667693993472,1777921667532417536
1,2,718,GEMM(12,11,8),1777921667694000640,1777921667989726720,1777921667693996544
1,2,719,GEMM(13,11,8),1777921667989733888,1777921668308859392,1777921667989729792
1,2,720,GEMM(14,11,8),1777921668308866560,1777921668612960768,1777921668308862464
1,2,721,GEMM(15,11,8),1777921668612968960,1777921668932233728,1777921668612964864
1,2,726,SYRK(13,13,8),1777921668932239872,1777921669093791232,1777921668932236800
1,2,727,GEMM(14,13,8),1777921669093798400,1777921669397868032,1777921669093795328
1,2,728,GEMM(15,13,8),1777921669397875200,1777921669717039616,1777921669397871104
1,2,731,SYRK(15,15,8),1777921669717046784,1777921669878570496,1777921669717043712
1,2,732,POTRF(9),1777921669878573568,1777921669895472640,0
1,2,733,TRSM(10,9),1777921669895474688,1777921669942461952,0
1,2,734,TRSM(11,9),1777921669942468096,1777921669989350912,0
1,2,735,TRSM(12,9),1777921669989358080,1777921670036372992,0
1,2,736,TRSM(13,9),1777921670036380160,1777921670083373568,0
1,2,737,TRSM(14,9),1777921670083380736,1777921670130245120,0
1,2,738,TRSM(15,9),1777921670130252288,1777921670177210880,0
1,2,745,SYRK(11,11,9),1777921670177220096,1777921670218972672,0
1,2,746,GEMM(12,11,9),1777921670218975744,1777921670298153472,0
1,2,747,GEMM(13,11,9),1777921670298156544,1777921670377335296,0
1,2,748,GEMM(14,11,9),1777921670377338368,1777921670456517120,0
1,2,749,GEMM(15,11,9),1777921670456521216,1777921670535699968,0
1,2,754,SYRK(13,13,9),1777921670535703040,1777921670577455616,0
1,2,755,GEMM(14,13,9),1777921670577459712,1777921670656638464,0
1,2,756,GEMM(15,13,9),1777921670656642560,1777921670735820288,0
1,2,759,SYRK(15,15,9),1777921670735824384,1777921670777575936,0
1,2,766,SYRK(11,11,10),1777921673173915136,1777921673335412224,1777921670777580032
1,2,767,GEMM(12,11,10),1777921673335420416,1777921673631227392,1777921673335416320
1,2,768,GEMM(13,11,10),1777921673631234560,1777921673950408192,1777921673631231488
1,2,769,GEMM(14,11,10),1777921673950415360,1777921674254516736,1777921673950411264
1,2,770,GEMM(15,11,10),1777921674254524928,1777921674573556224,1777921674254520832
1,2,775,SYRK(13,13,10),1777921674573563392,1777921674735120896,1777921674573560320
1,2,776,GEMM(14,13,10),1777921674735128064,1777921675039306240,1777921674735124992
1,2,777,GEMM(15,13,10),1777921675039314432,1777921675358324224,1777921675039310336
1,2,780,SYRK(15,15,10),1777921675358331392,1777921675519851008,1777921675358327296
1,2,781,POTRF(11),1777921675519854080,1777921675536753152,0
1,2,782,TRSM(12,11),1777921675536755200,1777921675583763968,0
1,2,783,TRSM(13,11),1777921675583769088,1777921675630689792,0
1,2,784,TRSM(14,11),1777921675630697984,1777921675677722112,0
1,2,785,TRSM(15,11),1777921675677731328,1777921675724848640,0
1,2,790,SYRK(13,13,11),1777921675724858880,1777921675766638080,0
1,2,791,GEMM(14,13,11),1777921675766642176,1777921675845882368,0
1,2,792,GEMM(15,13,11),1777921675845886464,1777921675925125632,0
1,2,795,SYRK(15,15,11),1777921675925129728,1777921675966913024,0
1,2,800,SYRK(13,13,12),1777921677155381760,1777921677316969984,1777921675966916096
1,2,801,GEMM(14,13,12),1777921677316977152,1777921677621092864,1777921677316973056
1,2,802,GEMM(15,13,12),1777921677621101056,1777921677940242944,1777921677621096960
1,2,805,SYRK(15,15,12),1777921677940250112,1777921678101755392,1777921677940246016
1,2,806,POTRF(13),1777921678101758464,1777921678118658560,0
1,2,807,TRSM(14,13),1777921678118659584,1777921678165551616,0
1,2,808,TRSM(15,13),1777921678165557760,1777921678212495872,0
1,2,811,SYRK(15,15,13),1777921678212504064,1777921678254255616,0
1,2,814,SYRK(15,15,14),1777921678688775680,1777921678850345472,1777921678254259712
1,2,815,POTRF(15),1777921678850348544,1777921678867242496,0
1,3,16,SYRK(1,1,0),1777921680079518720,1777921680240985088,1777921680015723520
1,3,17,GEMM(2,1,0),1777921680240992256,1777921680545391616,1777921680240988160
1,3,18,GEMM(3,1,0),1777921680545399808,1777921680864592896,1777921680545395712
1,3,19,GEMM(4,1,0),1777921680864600064,1777921681160457216,1777921680864595968
1,3,20,GEMM(5,1,0),1777921681160464384,1777921681479716864,1777921681160460288
1,3,21,GEMM(6,1,0),1777921681479725056,1777921681783960576,1777921681479720960
1,3,22,GEMM(7,1,0),1777921681783967744,1777921682103099392,1777921681783963648
1,3,23,GEMM(8,1,0),1777921682103106560,1777921682398848000,1777921682103102464
1,3,24,GEMM(9,1,0),1777921682398856192,1777921682718094336,1777921682398852096
1,3,25,GEMM(10,1,0),1777921682718101504,1777921683022369792,1777921682718097408
1,3,26,GEMM(11,1,0),1777921683022376960,1777921683341608960,1777921683022373888
1,3,27,GEMM(12,1,0),1777921683341617152,1777921683637490688,1777921683341613056
1,3,28,GEMM(13,1,0),1777921683637498880,1777921683956771840,1777921683637494784
1,3,29,GEMM(14,1,0),1777921683956780032,1777921684261020672,1777921683956775936
1,3,30,GEMM(15,1,0),1777921684261028864,1777921684580186112,1777921684261024768
1,3,45,SYRK(3,3,0),1777921684580193280,1777921684741560320,1777921684580190208
1,3,46,GEMM(4,3,0),1777921684741567488,1777921685037415424,1777921684741563392
1,3,47,GEMM(5,3,0),1777921685037423616,1777921685356747776,1777921685037419520
1,3,48,GEMM(6,3,0),1777921685356754944,1777921685661000704,1777921685356750848
1,3,49,GEMM(7,3,0),1777921685661008896,1777921685980188672,1777921685661004800
1,3,50,GEMM(8,3,0),1777921685980196864,1777921686275940352,1777921685980192768
1,3,51,GEMM(9,3,0),1777921686275947520,1777921686595099648,1777921686275943424
1,3,52,GEMM(10,3,0),1777921686595106816,1777921686899335168,1777921686595103744
1,3,53,GEMM(11,3,0),1777921686899343360,1777921687218638848,1777921686899339264
1,3,54,GEMM(12,3,0),1777921687218646016,1777921687514489856,1777921687218641920
1,3,55,GEMM(13,3,0),1777921687514497024,1777921687833681920,1777921687514493952
1,3,56,GEMM(14,3,0),1777921687833690112,1777921688137860096,1777921687833686016
1,3,57,GEMM(15,3,0),1777921688137867264,1777921688457109504,1777921688137863168
1,3,70,SYRK(5,5,0),1777921688457117696,1777921688618691584,1777921688457113600
1,3,71,GEMM(6,5,0),1777921688618699776,1777921688922891264,1777921688618695680
1,3,72,GEMM(7,5,0),1777921688922898432,1777921689242105856,1777921688922894336
1,3,73,GEMM(8,5,0),1777921689242113024,1777921689537956864,1777921689242108928
1,3,74,GEMM(9,5,0),1777921689537965056,1777921689857266688,1777921689537960960
1,3,75,GEMM(10,5,0),1777921689857273856,1777921690161508352,1777921689857269760
1,3,76,GEMM(11,5,0),1777921690161516544,1777921690480825344,1777921690161512448
1,3,77,GEMM(12,5,0),1777921690480833536,1777921690776682496,1777921690480829440
1,3,78,GEMM(13,5,0),1777921690776688640,1777921691095897088,1777921690776685568
1,3,79,GEMM(14,5,0),1777921691095904256,1777921691400075264,1777921691095900160
1,3,80,GEMM(15,5,0),1777921691400083456,1777921691719170048,1777921691400079360
1,3,91,SYRK(7,7,0),1777921691719177216,1777921691880740864,1777921691719174144
1,3,92,GEMM(8,7,0),1777921691880748032,1777921692176717824,1777921691880743936
1,3,93,GEMM(9,7,0),1777921692176724992,1777921692495928320,1777921692176720896
1,3,94,GEMM(10,7,0),1777921692495936512,1777921692800292864,1777921692495932416
1,3,95,GEMM(11,7,0),1777921692800301056,1777921693119482880,1777921692800296960
1,3,96,GEMM(12,7,0),1777921693119491072,1777921693415290880,1777921693119486976
1,3,97,GEMM(13,7,0),1777921693415299072,1777921693734430720,1777921693415294976
1,3,98,GEMM(14,7,0),1777921693734437888,1777921694038678528,1777921693734433792
1,3,99,GEMM(15,7,0),1777921694038685696,1777921694357863424,1777921694038682624
1,3,108,SYRK(9,9,0),1777921694357870592,1777921694519559168,1777921694357866496
1,3,109,GEMM(10,9,0),1777921694519567360,1777921694823834624,1777921694519563264
1,3,110,GEMM(11,9,0),1777921694823842816,1777921695143047168,1777921694823838720
1,3,111,GEMM(12,9,0),1777921695143054336,1777921695438917632,1777921695143051264
1,3,112,GEMM(13,9,0),1777921695438924800,1777921695757998080,1777921695438921728
1,3,113,GEMM(14,9,0),1777921695758006272,1777921696062354432,1777921695758002176
1,3,114,GEMM(15,9,0),1777921696062362624,1777921696381586432,1777921696062358528
1,3,121,SYRK(11,11,0),1777921696381593600,1777921696543132672,1777921696381590528
1,3,122,GEMM(12,11,0),1777921696543139840,1777921696839015424,1777921696543135744
1,3,123,GEMM(13,11,0),1777921696839023616,1777921697158134784,1777921696839019520
1,3,124,GEMM(14,11,0),1777921697158142976,1777921697462274048,1777921697158138880
1,3,125,GEMM(15,11,0),1777921697462281216,1777921697781376000,1777921697462277120
1,3,130,SYRK(13,13,0),1777921697781383168,1777921697942987776,1777921697781380096
1,3,131,GEMM(14,13,0),1777921697942994944,1777921698247036928,1777921697942990848
1,3,132,GEMM(15,13,0),1777921698247045120,1777921698566248448,1777921698247041024
1,3,135,SYRK(15,15,0),1777921698566255616,1777921698727664640,1777921698566252544
1,3,136,POTRF(1),1777921698727668736,1777921698744567808,0
1,3,137,TRSM(2,1),1777921698744568832,1777921698791538688,0
1,3,138,TRSM(3,1),1777921698791544832,1777921698838463488,0
1,3,139,TRSM(4,1),1777921698838470656,1777921698885429248,0
1,3,140,TRSM(5,1),1777921698885437440,1777921698932393984,0
1,3,141,TRSM(6,1),1777921698932401152,1777921698979301376,0
1,3,142,TRSM(7,1),1777921698979309568,1777921699026192384,0
1,3,143,TRSM(8,1),1777921699026201600,1777921699073217536,0
1,3,144,TRSM(9,1),1777921699073224704,1777921699120126976,0
1,3,145,TRSM(10,1),1777921699120135168,1777921699166999552,0
1,3,146,TRSM(11,1),1777921699167006720,1777921699213963264,0
1,3,147,TRSM(12,1),1777921699213970432,1777921699260966912,0
1,3,148,TRSM(13,1),1777921699260976128,1777921699307896832,0
1,3,149,TRSM(14,1),1777921699307905024,1777921699354844160,0
1,3,150,TRSM(15,1),1777921699354851328,1777921699401773056,0
1,3,165,SYRK(3,3,1),1777921699401783296,1777921699443535872,0
1,3,166,GEMM(4,3,1),1777921699443539968,1777921699522718720,0
1,3,167,GEMM(5,3,1),1777921699522722816,1777921699601900544,0
1,3,168,GEMM(6,3,1),1777921699601904640,1777921699681083392,0
1,3,169,GEMM(7,3,1),1777921699681086464,1777921699760265216,0
1,3,170,GEMM(8,3,1),1777921699760268288,1777921699839446016,0
1,3,171,GEMM(9,3,1),1777921699839450112,1777921699918628864,0
1,3,172,GEMM(10,3,1),1777921699918631936,1777921699997809664,0
1,3,173,GEMM(11,3,1),1777921699997813760,1777921700076992512,0
1,3,174,GEMM(12,3,1),1777921700076995584,1777921700156173312,0
1,3,175,GEMM(13,3,1),1777921700156177408,1777921700235355136,0
1,3,176,GEMM(14,3,1),1777921700235359232,1777921700314537984,0
1,3,177,GEMM(15,3,1),1777921700314541056,1777921700393719808,0
1,3,190,SYRK(5,5,1),1777921700393722880,1777921700435475456,0
1,3,191,GEMM(6,5,1),1777921700435478528,1777921700514657280,0
1,3,192,GEMM(7,5,1),1777921700514661376,1777921700593840128,0
1,3,193,GEMM(8,5,1),1777921700593843200,1777921700673021952,0
1,3,194,GEMM(9,5,1),1777921700673025024,1777921700752203776,0
1,3,195,GEMM(10,5,1),1777921700752207872,1777921700831385600,0
1,3,196,GEMM(11,5,1),1777921700831389696,1777921700910568448,0
1,3,197,GEMM(12,5,1),1777921700910571520,1777921700989749248,0
1,3,198,GEMM(13,5,1),1777921700989753344,1777921701068932096,0
1,3,199,GEMM(14,5,1),1777921701068935168,1777921701148112896,0
1,3,200,GEMM(15,5,1),1777921701148116992,1777921701227295744,0
1,3,211,SYRK(7,7,1),1777921701227298816,1777921701269051392,0
1,3,212,GEMM(8,7,1),1777921701269054464,1777921701348233216,0
1,3,213,GEMM(9,7,1),1777921701348236288,1777921701427414016,0
1,3,214,GEMM(10,7,1),1777921701427418112,1777921701506596864,0
1,3,215,GEMM(11,7,1),1777921701506599936,1777921701585778688,0
1,3,216,GEMM(12,7,1),1777921701585781760,1777921701664960512,0
1,3,217,GEMM(13,7,1),1777921701664964608,1777921701744143360,0
1,3,218,GEMM(14,7,1),1777921701744146432,1777921701823325184,0
1,3,219,GEMM(15,7,1),1777921701823329280,1777921701902507008,0
1,3,228,SYRK(9,9,1),1777921701902511104,1777921701944263680,0
1,3,229,GEMM(10,9,1),1777921701944266752,1777921702023445504,0
1,3,230,GEMM(11,9,1),1777921702023448576,1777921702102627328,0
1,3,231,GEMM(12,9,1),1777921702102631424,1777921702181809152,0
1,3,232,GEMM(13,9,1),1777921702181813248,1777921702260992000,0
1,3,233,GEMM(14,9,1),1777921702260995072,1777921702340173824,0
1,3,234,GEMM(15,9,1),1777921702340176896,1777921702419355648,0
1,3,241,SYRK(11,11,1),1777921702419358720,1777921702461111296,0
1,3,242,GEMM(12,11,1),1777921702461114368,1777921702540292096,0
1,3,243,GEMM(13,11,1),1777921702540296192,1777921702619473920,0
1,3,244,GEMM(14,11,1),1777921702619478016,1777921702698656768,0
1,3,245,GEMM(15,11,1),1777921702698659840,1777921702777838592,0
1,3,250,SYRK(13,13,1),1777921702777842688,1777921702819595264,0
1,3,251,GEMM(14,13,1),1777921702819598336,1777921702898777088,0
1,3,252,GEMM(15,13,1),1777921702898781184,1777921702977959936,0
1,3,255,SYRK(15,15,1),1777921702977963008,1777921703019715584,0
1,3,270,SYRK(3,3,2),1777921714612626432,1777921714774280192,1777921703019719680
1,3,271,GEMM(4,3,2),1777921714774288384,1777921715070069760,1777921714774284288
1,3,272,GEMM(5,3,2),1777921715070076928,1777921715389299712,1777921715070072832
1,3,273,GEMM(6,3,2),1777921715389306880,1777921715693562880,1777921715389302784
1,3,274,GEMM(7,3,2),1777921715693569024,1777921716012819456,1777921715693565952
1,3,275,GEMM(8,3,2),1777921716012826624,1777921716308574208,1777921716012822528
1,3,276,GEMM(9,3,2),1777921716308581376,1777921716627790848,1777921716308577280
1,3,277,GEMM(10,3,2),1777921716627799040,1777921716932038656,1777921716627794944
1,3,278,GEMM(11,3,2),1777921716932046848,1777921717251284992,1777921716932042752
1,3,279,GEMM(12,3,2),1777921717251293184,1777921717547103232,1777921717251289088
1,3,280,GEMM(13,3,2),1777921717547110400,1777921717866186752,1777921717547106304
1,3,281,GEMM(14,3,2),1777921717866194944,1777921718170349568,1777921717866190848
1,3,282,GEMM(15,3,2),1777921718170356736,1777921718489647104,1777921718170353664
1,3,295,SYRK(5,5,2),1777921718489654272,1777921718651239424,1777921718489651200
1,3,296,GEMM(6,5,2),1777921718651246592,1777921718955406336,1777921718651243520
1,3,297,GEMM(7,5,2),1777921718955414528,1777921719274559488,1777921718955410432
1,3,298,GEMM(8,5,2),1777921719274566656,1777921719570372608,1777921719274562560
1,3,299,GEMM(9,5,2),1777921719570380800,1777921719889605632,1777921719570376704
1,3,300,GEMM(10,5,2),1777921719889613824,1777921720193803264,1777921719889609728
1,3,301,GEMM(11,5,2),1777921720193811456,1777921720513000448,1777921720193807360
1,3,302,GEMM(12,5,2),1777921720513008640,1777921720808883200,1777921720513004544
1,3,303,GEMM(13,5,2),1777921720808890368,1777921721127995392,1777921720808887296
1,3,304,GEMM(14,5,2),1777921721128003584,1777921721432162304,1777921721127999488
1,3,305,GEMM(15,5,2),1777921721432170496,1777921721751268352,1777921721432166400
1,3,316,SYRK(7,7,2),1777921721751275520,1777921721912747008,1777921721751272448
1,3,317,GEMM(8,7,2),1777921721912754176,1777921722208537600,1777921721912751104
1,3,318,GEMM(9,7,2),1777921722208544768,1777921722527659008,1777921722208541696
1,3,319,GEMM(10,7,2),1777921722527667200,1777921722831865856,1777921722527663104
1,3,320,GEMM(11,7,2),1777921722831874048,1777921723151058944,1777921722831869952
1,3,321,GEMM(12,7,2),1777921723151067136,1777921723446919168,1777921723151063040
1,3,322,GEMM(13,7,2),1777921723446927360,1777921723766014976,1777921723446923264
1,3,323,GEMM(14,7,2),1777921723766023168,1777921724070211584,1777921723766019072
1,3,324,GEMM(15,7,2),1777921724070219776,1777921724389452800,1777921724070215680
1,3,333,SYRK(9,9,2),1777921724389459968,1777921724550998016,1777921724389456896
1,3,334,GEMM(10,9,2),1777921724551006208,1777921724855100416,1777921724551002112
1,3,335,GEMM(11,9,2),1777921724855108608,1777921725174309888,1777921724855103488
1,3,336,GEMM(12,9,2),1777921725174318080,1777921725470054400,1777921725174313984
1,3,337,GEMM(13,9,2),1777921725470062592,1777921725789288448,1777921725470058496
1,3,338,GEMM(14,9,2),1777921725789295616,1777921726093536256,1777921725789292544
1,3,339,GEMM(15,9,2),1777921726093544448,1777921726412657664,1777921726093540352
1,3,346,SYRK(11,11,2),1777921726412664832,1777921726574212096,1777921726412661760
1,3,347,GEMM(12,11,2),1777921726574220288,1777921726869926912,1777921726574216192
1,3,348,GEMM(13,11,2),1777921726869935104,1777921727189129216,1777921726869931008
1,3,349,GEMM(14,11,2),1777921727189137408,1777921727493334016,1777921727189133312
1,3,350,GEMM(15,11,2),1777921727493341184,1777921727812459520,1777921727493337088
1,3,355,SYRK(13,13,2),1777921727812466688,1777921727973928960,1777921727812462592
1,3,356,GEMM(14,13,2),1777921727973936128,1777921728278199296,1777921727973933056
1,3,357,GEMM(15,13,2),1777921728278206464,1777921728597287936,1777921728278203392
1,3,360,SYRK(15,15,2),1777921728597295104,1777921728758802432,1777921728597291008
1,3,361,POTRF(3),1777921728758806528,1777921728775706624,0
1,3,362,TRSM(4,3),1777921728775707648,1777921728822679552,0
1,3,363,TRSM(5,3),1777921728822685696,1777921728869644288,0
1,3,364,TRSM(6,3),1777921728869652480,1777921728916556800,0
1,3,365,TRSM(7,3),1777921728916563968,1777921728963558400,0
1,3,366,TRSM(8,3),1777921728963566592,1777921729010582528,0
1,3,367,TRSM(9,3),1777921729010589696,1777921729057584128,0
1,3,368,TRSM(10,3),1777921729057592320,1777921729104568320,0
1,3,369,TRSM(11,3),1777921729104576512,1777921729151551488,0
1,3,370,TRSM(12,3),1777921729151559680,1777921729198612480,0
1,3,371,TRSM(13,3),1777921729198621696,1777921729245578240,0
1,3,372,TRSM(14,3),1777921729245586432,1777921729292542976,0
1,3,373,TRSM(15,3),1777921729292550144,1777921729339490304,0
1,3,386,SYRK(5,5,3),1777921729339499520,1777921729381252096,0
1,3,387,GEMM(6,5,3),1777921729381256192,1777921729460433920,0
1,3,388,GEMM(7,5,3),1777921729460438016,1777921729539616768,0
1,3,389,GEMM(8,5,3),1777921729539619840,1777921729618798592,0
1,3,390,GEMM(9,5,3),1777921729618801664,1777921729697980416,0
1,3,391,GEMM(10,5,3),1777921729697984512,1777921729777163264,0
1,3,392,GEMM(11,5,3),1777921729777167360,1777921729856346112,0
1,3,393,GEMM(12,5,3),1777921729856349184,1777921729935527936,0
1,3,394,GEMM(13,5,3),1777921729935532032,1777921730014710784,0
1,3,395,GEMM(14,5,3),1777921730014713856,1777921730093892608,0
1,3,396,GEMM(15,5,3),1777921730093896704,1777921730173075456,0
1,3,407,SYRK(7,7,3),1777921730173079552,1777921730214832128,0
1,3,408,GEMM(8,7,3),1777921730214836224,1777921730294013952,0
1,3,409,GEMM(9,7,3),1777921730294018048,1777921730373195776,0
1,3,410,GEMM(10,7,3),1777921730373199872,1777921730452378624,0
1,3,411,GEMM(11,7,3),1777921730452381696,1777921730531560448,0
1,3,412,GEMM(12,7,3),1777921730531564544,1777921730610742272,0
1,3,413,GEMM(13,7,3),1777921730610745344,1777921730689924096,0
1,3,414,GEMM(14,7,3),1777921730689928192,1777921730769105920,0
1,3,415,GEMM(15,7,3),1777921730769110016,1777921730848288768,0
1,3,424,SYRK(9,9,3),1777921730848292864,1777921730890044416,0
1,3,425,GEMM(10,9,3),1777921730890048512,1777921730969227264,0
1,3,426,GEMM(11,9,3),1777921730969230336,1777921731048409088,0
1,3,427,GEMM(12,9,3),1777921731048413184,1777921731127591936,0
1,3,428,GEMM(13,9,3),1777921731127595008,1777921731206773760,0
1,3,429,GEMM(14,9,3),1777921731206777856,1777921731285956608,0
1,3,430,GEMM(15,9,3),1777921731285960704,1777921731365138432,0
1,3,437,SYRK(11,11,3),1777921731365142528,1777921731406895104,0
1,3,438,GEMM(12,11,3),1777921731406898176,1777921731486075904,0
1,3,439,GEMM(13,11,3),1777921731486080000,1777921731565258752,0
1,3,440,GEMM(14,11,3),1777921731565261824,1777921731644440576,0
1,3,441,GEMM(15,11,3),1777921731644444672,1777921731723622400,0
1,3,446,SYRK(13,13,3),1777921731723626496,1777921731765378048,0
1,3,447,GEMM(14,13,3),1777921731765382144,1777921731844560896,0
1,3,448,GEMM(15,13,3),1777921731844563968,1777921731923742720,0
1,3,451,SYRK(15,15,3),1777921731923745792,1777921731965498368,0
1,3,464,SYRK(5,5,4),1777921740584024064,1777921740745696256,1777921731965502464
1,3,465,GEMM(6,5,4),1777921740745703424,1777921741049949184,1777921740745699328
1,3,466,GEMM(7,5,4),1777921741049956352,1777921741369076736,1777921741049952256
1,3,467,GEMM(8,5,4),1777921741369084928,1777921741664875520,1777921741369080832
1,3,468,GEMM(9,5,4),1777921741664883712,1777921741983998976,1777921741664879616
1,3,469,GEMM(10,5,4),1777921741984007168,1777921742288260096,1777921741984003072
1,3,470,GEMM(11,5,4),1777921742288268288,1777921742607447040,1777921742288264192
1,3,471,GEMM(12,5,4),1777921742607455232,1777921742903185408,1777921742607451136
1,3,472,GEMM(13,5,4),1777921742903192576,1777921743222351872,1777921742903188480
1,3,473,GEMM(14,5,4),1777921743222360064,1777921743526474752,1777921743222355968
1,3,474,GEMM(15,5,4),1777921743526482944,1777921743845617664,1777921743526478848
1,3,485,SYRK(7,7,4),1777921743845624832,1777921744007180288,1777921743845621760
1,3,486,GEMM(8,7,4),1777921744007188480,1777921744302982144,1777921744007184384
1,3,487,GEMM(9,7,4),1777921744302989312,1777921744622223360,1777921744302985216
1,3,488,GEMM(10,7,4),1777921744622231552,1777921744926552064,1777921744622227456
1,3,489,GEMM(11,7,4),1777921744926560256,1777921745245803520,1777921744926556160
1,3,490,GEMM(12,7,4),1777921745245811712,1777921745541617664,1777921745245807616
1,3,491,GEMM(13,7,4),1777921745541625856,1777921745860737024,1777921745541621760
1,3,492,GEMM(14,7,4),1777921745860745216,1777921746164964352,1777921745860741120
1,3,493,GEMM(15,7,4),1777921746164971520,1777921746484071424,1777921746164967424
1,3,502,SYRK(9,9,4),1777921746484078592,1777921746645619712,1777921746484074496
1,3,503,GEMM(10,9,4),1777921746645626880,1777921746949836800,1777921746645622784
1,3,504,GEMM(11,9,4),1777921746949844992,1777921747268990976,1777921746949840896
1,3,505,GEMM(12,9,4),1777921747268998144,1777921747564822528,1777921747268995072
1,3,506,GEMM(13,9,4),1777921747564830720,1777921747883953152,1777921747564826624
1,3,507,GEMM(14,9,4),1777921747883960320,1777921748188135424,1777921747883957248
1,3,508,GEMM(15,9,4),1777921748188143616,1777921748507229184,1777921748188139520
1,3,515,SYRK(11,11,4),1777921748507235328,1777921748668649472,1777921748507232256
1,3,516,GEMM(12,11,4),1777921748668656640,1777921748964383744,1777921748668653568
1,3,517,GEMM(13,11,4),1777921748964391936,1777921749283607552,1777921748964387840
1,3,518,GEMM(14,11,4),1777921749283615744,1777921749587857408,1777921749283611648
1,3,519,GEMM(15,11,4),1777921749587865600,1777921749907055616,1777921749587861504
1,3,524,SYRK(13,13,4),1777921749907062784,1777921750068596736,1777921749907059712
1,3,525,GEMM(14,13,4),1777921750068603904,1777921750372745216,1777921750068599808
1,3,526,GEMM(15,13,4),1777921750372752384,1777921750691830784,1777921750372748288
1,3,529,SYRK(15,15,4),1777921750691837952,1777921750853428224,1777921750691834880
1,3,530,POTRF(5),1777921750853431296,1777921750870331392,0
1,3,531,TRSM(6,5),1777921750870333440,1777921750917228544,0
1,3,532,TRSM(7,5),1777921750917233664,1777921750964059136,0
1,3,533,TRSM(8,5),1777921750964066304,1777921751011039232,0
1,3,534,TRSM(9,5),1777921751011046400,1777921751057945600,0
1,3,535,TRSM(10,5),1777921751057952768,1777921751104816128,0
1,3,536,TRSM(11,5),1777921751104823296,1777921751151706112,0
1,3,537,TRSM(12,5),1777921751151712256,1777921751198690304,0
1,3,538,TRSM(13,5),1777921751198697472,1777921751245559808,0
1,3,539,TRSM(14,5),1777921751245566976,1777921751292430336,0
1,3,540,TRSM(15,5),1777921751292437504,1777921751339320320,0
1,3,551,SYRK(7,7,5),1777921751339328512,1777921751381081088,0
1,3,552,GEMM(8,7,5),1777921751381085184,1777921751460262912,0
1,3,553,GEMM(9,7,5),1777921751460267008,1777921751539445760,0
1,3,554,GEMM(10,7,5),1777921751539449856,1777921751618627584,0
1,3,555,GEMM(11,7,5),1777921751618631680,1777921751697810432,0
1,3,556,GEMM(12,7,5),1777921751697813504,1777921751776991232,0
1,3,557,GEMM(13,7,5),1777921751776994304,1777921751856173056,0
1,3,558,GEMM(14,7,5),1777921751856177152,1777921751935355904,0
1,3,559,GEMM(15,7,5),1777921751935358976,1777921752014537728,0
1,3,568,SYRK(9,9,5),1777921752014540800,1777921752056293376,0
1,3,569,GEMM(10,9,5),1777921752056296448,1777921752135475200,0
1,3,570,GEMM(11,9,5),1777921752135478272,1777921752214657024,0
1,3,571,GEMM(12,9,5),1777921752214661120,1777921752293838848,0
1,3,572,GEMM(13,9,5),1777921752293841920,1777921752373020672,0
1,3,573,GEMM(14,9,5),1777921752373023744,1777921752452202496,0
1,3,574,GEMM(15,9,5),1777921752452206592,1777921752531384320,0
1,3,581,SYRK(11,11,5),1777921752531388416,1777921752573140992,0
1,3,582,GEMM(12,11,5),1777921752573144064,1777921752652321792,0
1,3,583,GEMM(13,11,5),1777921752652325888,1777921752731504640,0
1,3,584,GEMM(14,11,5),1777921752731508736,1777921752810686464,0
1,3,585,GEMM(15,11,5),1777921752810690560,1777921752889869312,0
1,3,590,SYRK(13,13,5),1777921752889872384,1777921752931624960,0
1,3,591,GEMM(14,13,5),1777921752931628032,1777921753010806784,0
1,3,592,GEMM(15,13,5),1777921753010810880,1777921753089988608,0
1,3,595,SYRK(15,15,5),1777921753089992704,1777921753131745280,0
1,3,606,SYRK(7,7,6),1777921759247803392,1777921759409413120,1777921753131748352
1,3,607,GEMM(8,7,6),1777921759409421312,1777921759705310208,1777921759409417216
1,3,608,GEMM(9,7,6),1777921759705317376,1777921760024535040,1777921759705313280
1,3,609,GEMM(10,7,6),1777921760024542208,1777921760328858624,1777921760024539136
1,3,610,GEMM(11,7,6),1777921760328865792,1777921760648099840,1777921760328861696
1,3,611,GEMM(12,7,6),1777921760648108032,1777921760943873024,1777921760648103936
1,3,612,GEMM(13,7,6),1777921760943880192,1777921761263092736,1777921760943876096
1,3,613,GEMM(14,7,6),1777921761263100928,1777921761567315968,1777921761263096832
1,3,614,GEMM(15,7,6),1777921761567324160,1777921761886460928,1777921761567320064
1,3,623,SYRK(9,9,6),1777921761886468096,1777921762048008192,1777921761886465024
1,3,624,GEMM(10,9,6),1777921762048015360,1777921762352259072,1777921762048011264
1,3,625,GEMM(11,9,6),1777921762352267264,1777921762671417344,1777921762352263168
1,3,626,GEMM(12,9,6),1777921762671425536,1777921762967203840,1777921762671421440
1,3,627,GEMM(13,9,6),1777921762967211008,1777921763286388736,1777921762967207936
1,3,628,GEMM(14,9,6),1777921763286395904,1777921763590712320,1777921763286392832
1,3,629,GEMM(15,9,6),1777921763590720512,1777921763909938176,1777921763590716416
1,3,636,SYRK(11,11,6),1777921763909945344,1777921764071457792,1777921763909941248
1,3,637,GEMM(12,11,6),1777921764071464960,1777921764367282176,1777921764071460864
1,3,638,GEMM(13,11,6),1777921764367289344,1777921764686401536,1777921764367285248
1,3,639,GEMM(14,11,6),1777921764686408704,1777921764990721024,1777921764686405632
1,3,640,GEMM(15,11,6),1777921764990729216,1777921765309984768,1777921764990725120
1,3,645,SYRK(13,13,6),1777921765309991936,1777921765471556608,1777921765309987840
1,3,646,GEMM(14,13,6),1777921765471563776,1777921765775759360,1777921765471559680
1,3,647,GEMM(15,13,6),1777921765775767552,1777921766094894080,1777921765775763456
1,3,650,SYRK(15,15,6),1777921766094900224,1777921766256324608,1777921766094897152
1,3,651,POTRF(7),1777921766256327680,1777921766273226752,0
1,3,652,TRSM(8,7),1777921766273228800,1777921766320234496,0
1,3,653,TRSM(9,7),1777921766320240640,1777921766367141888,0
1,3,654,TRSM(10,7),1777921766367151104,1777921766414035968,0
1,3,655,TRSM(11,7),1777921766414046208,1777921766460894208,0
1,3,656,TRSM(12,7),1777921766460902400,1777921766507898880,0
1,3,657,TRSM(13,7),1777921766507907072,1777921766554847232,0
1,3,658,TRSM(14,7),1777921766554854400,1777921766601717760,0
1,3,659,TRSM(15,7),1777921766601724928,1777921766648589312,0
1,3,668,SYRK(9,9,7),1777921766648598528,1777921766690351104,0
1,3,669,GEMM(10,9,7),1777921766690355200,1777921766769533952,0
1,3,670,GEMM(11,9,7),1777921766769537024,1777921766848715776,0
1,3,671,GEMM(12,9,7),1777921766848718848,1777921766927897600,0
1,3,672,GEMM(13,9,7),1777921766927900672,1777921767007079424,0
1,3,673,GEMM(14,9,7),1777921767007083520,1777921767086261248,0
1,3,674,GEMM(15,9,7),1777921767086265344,1777921767165444096,0
1,3,681,SYRK(11,11,7),1777921767165447168,1777921767207199744,0
1,3,682,GEMM(12,11,7),1777921767207203840,1777921767286381568,0
1,3,683,GEMM(13,11,7),1777921767286385664,1777921767365564416,0
1,3,684,GEMM(14,11,7),1777921767365567488,1777921767444746240,0
1,3,685,GEMM(15,11,7),1777921767444750336,1777921767523929088,0
1,3,690,SYRK(13,13,7),1777921767523932160,1777921767565684736,0
1,3,691,GEMM(14,13,7),1777921767565688832,1777921767644866560,0
1,3,692,GEMM(15,13,7),1777921767644870656,1777921767724049408,0
1,3,695,SYRK(15,15,7),1777921767724053504,1777921767765805056,0
1,3,704,SYRK(9,9,8),1777921771791905792,1777921771953428480,1777921767765809152
1,3,705,GEMM(10,9,8),1777921771953436672,1777921772257677312,1777921771953432576
1,3,706,GEMM(11,9,8),1777921772257684480,1777921772577000448,1777921772257680384
1,3,707,GEMM(12,9,8),1777921772577008640,1777921772872855552,1777921772577004544
1,3,708,GEMM(13,9,8),1777921772872863744,1777921773191984128,1777921772872859648
1,3,709,GEMM(14,9,8),1777921773191991296,1777921773496187904,1777921773191988224
1,3,710,GEMM(15,9,8),1777921773496195072,1777921773815419904,1777921773496190976
1,3,717,SYRK(11,11,8),1777921773815426048,1777921773977089024,1777921773815422976
1,3,718,GEMM(12,11,8),1777921773977096192,1777921774272905216,1777921773977092096
1,3,719,GEMM(13,11,8),1777921774272912384,1777921774592159744,1777921774272909312
1,3,720,GEMM(14,11,8),1777921774592167936,1777921774896304128,1777921774592163840
1,3,721,GEMM(15,11,8),1777921774896312320,1777921775215524864,1777921774896308224
1,3,726,SYRK(13,13,8),1777921775215532032,1777921775377010688,1777921775215528960
1,3,727,GEMM(14,13,8),1777921775377017856,1777921775681191936,1777921775377014784
1,3,728,GEMM(15,13,8),1777921775681200128,1777921776000320512,1777921775681196032
1,3,731,SYRK(15,15,8),1777921776000327680,1777921776161835008,1777921776000324608
1,3,732,POTRF(9),1777921776161838080,1777921776178738176,0
1,3,733,TRSM(10,9),1777921776178739200,1777921776225671168,0
1,3,734,TRSM(11,9),1777921776225677312,1777921776272578560,0
1,3,735,TRSM(12,9),1777921776272585728,1777921776319580160,0
1,3,736,TRSM(13,9),1777921776319587328,1777921776366471168,0
1,3,737,TRSM(14,9),1777921776366478336,1777921776413453312,0
1,3,738,TRSM(15,9),1777921776413460480,1777921776460416000,0
1,3,745,SYRK(11,11,9),1777921776460425216,1777921776502177792,0
1,3,746,GEMM(12,11,9),1777921776502180864,1777921776581359616,0
1,3,747,GEMM(13,11,9),1777921776581362688,1777921776660541440,0
1,3,748,GEMM(14,11,9),1777921776660544512,1777921776739723264,0
1,3,749,GEMM(15,11,9),1777921776739727360,1777921776818906112,0
1,3,754,SYRK(13,13,9),1777921776818910208,1777921776860662784,0
1,3,755,GEMM(14,13,9),1777921776860665856,1777921776939844608,0
1,3,756,GEMM(15,13,9),1777921776939848704,1777921777019026432,0
1,3,759,SYRK(15,15,9),1777921777019030528,1777921777060782080,0
1,3,766,SYRK(11,11,10),1777921779457200128,1777921779618809856,1777921777060786176
1,3,767,GEMM(12,11,10),1777921779618817024,1777921779914550272,1777921779618813952
1,3,768,GEMM(13,11,10),1777921779914557440,1777921780233700352,1777921779914554368
1,3,769,GEMM(14,11,10),1777921780233707520,1777921780538002432,1777921780233703424
1,3,770,GEMM(15,11,10),1777921780538009600,1777921780857014272,1777921780538006528
1,3,775,SYRK(13,13,10),1777921780857021440,1777921781018523648,1777921780857018368
1,3,776,GEMM(14,13,10),1777921781018530816,1777921781322710016,1777921781018526720
1,3,777,GEMM(15,13,10),1777921781322717184,1777921781641617408,1777921781322714112
1,3,780,SYRK(15,15,10),1777921781641623552,1777921781803088896,1777921781641620480
1,3,781,POTRF(11),1777921781803091968,1777921781819992064,0
1,3,782,TRSM(12,11),1777921781819994112,1777921781866910720,0
1,3,783,TRSM(13,11),1777921781866916864,1777921781913837568,0
1,3,784,TRSM(14,11),1777921781913845760,1777921781960749056,0
1,3,785,TRSM(15,11),1777921781960758272,1777921782007662592,0
1,3,790,SYRK(13,13,11),1777921782007672832,1777921782049425408,0
1,3,791,GEMM(14,13,11),1777921782049429504,1777921782128607232,0
1,3,792,GEMM(15,13,11),1777921782128611328,1777921782207789056,0
1,3,795,SYRK(15,15,11),1777921782207793152,1777921782249545728,0
1,3,800,SYRK(13,13,12),1777921783438943232,1777921783600548864,1777921782249548800
1,3,801,GEMM(14,13,12),1777921783600556032,1777921783904609280,1777921783600551936
1,3,802,GEMM(15,13,12),1777921783904616448,1777921784223650816,1777921783904612352
1,3,805,SYRK(15,15,12),1777921784223657984,1777921784385201152,1777921784223654912
1,3,806,POTRF(13),1777921784385204224,1777921784402104320,0
1,3,807,TRSM(14,13),1777921784402105344,1777921784448983040,0
1,3,808,TRSM(15,13),1777921784448988160,1777921784495910912,0
1,3,811,SYRK(15,15,13),1777921784495919104,1777921784537671680,0
1,3,814,SYRK(15,15,14),1777921784972241920,1777921785133812736,1777921784537674752
1,3,815,POTRF(15),1777921785133815808,1777921785150708736,0
1,4,16,SYRK(1,1,0),1777921787184400896,1777921787345967616,1777921787120230912
1,4,17,GEMM(2,1,0),1777921787345974784,1777921787650354688,1777921787345971712
1,4,18,GEMM(3,1,0),1777921787650361856,1777921787969561088,1777921787650357760
1,4,19,GEMM(4,1,0),1777921787969568256,1777921788265486848,1777921787969565184
1,4,20,GEMM(5,1,0),1777921788265494016,1777921788584694272,1777921788265489920
1,4,21,GEMM(6,1,0),1777921788584702464,1777921788888872448,1777921788584698368
1,4,22,GEMM(7,1,0),1777921788888880640,1777921789208058368,1777921788888876544
1,4,23,GEMM(8,1,0),1777921789208065536,1777921789503834624,1777921789208062464
1,4,24,GEMM(9,1,0),1777921789503842816,1777921789823045120,1777921789503838720
1,4,25,GEMM(10,1,0),1777921789823053312,1777921790127220224,1777921789823049216
1,4,26,GEMM(11,1,0),1777921790127227392,1777921790446563840,1777921790127224320
1,4,27,GEMM(12,1,0),1777921790446572032,1777921790742371840,1777921790446567936
1,4,28,GEMM(13,1,0),1777921790742379008,1777921791061505536,1777921790742374912
1,4,29,GEMM(14,1,0),1777921791061513728,1777921791365783040,1777921791061509632
1,4,30,GEMM(15,1,0),1777921791365791232,1777921791684976128,1777921791365787136
1,4,45,SYRK(3,3,0),1777921791684983296,1777921791846577664,1777921791684980224
1,4,46,GEMM(4,3,0),1777921791846584832,1777921792142349824,1777921791846580736
1,4,47,GEMM(5,3,0),1777921792142356992,1777921792461693440,1777921792142352896
1,4,48,GEMM(6,3,0),1777921792461701632,1777921792765971968,1777921792461697536
1,4,49,GEMM(7,3,0),1777921792765980160,1777921793085082112,1777921792765976064
1,4,50,GEMM(8,3,0),1777921793085089280,1777921793380894208,1777921793085085184
1,4,51,GEMM(9,3,0),1777921793380901376,1777921793700176384,1777921793380897280
1,4,52,GEMM(10,3,0),1777921793700184576,1777921794004434432,1777921793700180480
1,4,53,GEMM(11,3,0),1777921794004441600,1777921794323710464,1777921794004437504
1,4,54,GEMM(12,3,0),1777921794323718656,1777921794619491840,1777921794323714560
1,4,55,GEMM(13,3,0),1777921794619500032,1777921794938715648,1777921794619495936
1,4,56,GEMM(14,3,0),1777921794938723840,1777921795242909184,1777921794938719744
1,4,57,GEMM(15,3,0),1777921795242916352,1777921795562104320,1777921795242913280
1,4,70,SYRK(5,5,0),1777921795562111488,1777921795723744768,1777921795562108416
1,4,71,GEMM(6,5,0),1777921795723751936,1777921796027976192,1777921795723747840
1,4,72,GEMM(7,5,0),1777921796027984384,1777921796347245056,1777921796027980288
1,4,73,GEMM(8,5,0),1777921796347253248,1777921796643060224,1777921796347249152
1,4,74,GEMM(9,5,0),1777921796643068416,1777921796962247168,1777921796643064320
1,4,75,GEMM(10,5,0),1777921796962255360,1777921797266526720,1777921796962251264
1,4,76,GEMM(11,5,0),1777921797266534912,1777921797585744384,1777921797266530816
1,4,77,GEMM(12,5,0),1777921797585751552,1777921797881588224,1777921797585747456
1,4,78,GEMM(13,5,0),1777921797881595392,1777921798200738304,1777921797881592320
1,4,79,GEMM(14,5,0),1777921798200746496,1777921798504953344,1777921798200742400
1,4,80,GEMM(15,5,0),1777921798504961536,1777921798824048128,1777921798504957440
1,4,91,SYRK(7,7,0),1777921798824055296,1777921798985652736,1777921798824052224
1,4,92,GEMM(8,7,0),1777921798985659904,1777921799281556992,1777921798985655808
1,4,93,GEMM(9,7,0),1777921799281564160,1777921799600778752,1777921799281561088
1,4,94,GEMM(10,7,0),1777921799600786944,1777921799905028608,1777921799600782848
1,4,95,GEMM(11,7,0),1777921799905035776,1777921800224260608,1777921799905031680
1,4,96,GEMM(12,7,0),1777921800224267776,1777921800520044032,1777921800224263680
1,4,97,GEMM(13,7,0),1777921800520051200,1777921800839305728,1777921800520047104
1,4,98,GEMM(14,7,0),1777921800839313920,1777921801143576064,1777921800839309824
1,4,99,GEMM(15,7,0),1777921801143584256,1777921801462729216,1777921801143580160
1,4,108,SYRK(9,9,0),1777921801462736384,1777921801624294912,1777921801462732288
1,4,109,GEMM(10,9,0),1777921801624302080,1777921801928566272,1777921801624299008
1,4,110,GEMM(11,9,0),1777921801928573440,1777921802247839232,1777921801928569344
1,4,111,GEMM(12,9,0),1777921802247846400,1777921802543607296,1777921802247842304
1,4,112,GEMM(13,9,0),1777921802543614464,1777921802862871040,1777921802543611392
1,4,113,GEMM(14,9,0),1777921802862879232,1777921803167103488,1777921802862875136
1,4,114,GEMM(15,9,0),1777921803167111680,1777921803486294528,1777921803167107584
1,4,121,SYRK(11,11,0),1777921803486301696,1777921803647887872,1777921803486297600
1,4,122,GEMM(12,11,0),1777921803647895040,1777921803943670272,1777921803647890944
1,4,123,GEMM(13,11,0),1777921803943677440,1777921804262827520,1777921803943673344
1,4,124,GEMM(14,11,0),1777921804262835712,1777921804566949376,1777921804262831616
1,4,125,GEMM(15,11,0),1777921804566956544,1777921804886081024,1777921804566953472
1,4,130,SYRK(13,13,0),1777921804886087168,1777921805047671296,1777921804886084096
1,4,131,GEMM(14,13,0),1777921805047678464,1777921805351806464,1777921805047675392
1,4,132,GEMM(15,13,0),1777921805351814656,1777921805670930944,1777921805351810560
1,4,135,SYRK(15,15,0),1777921805670938112,1777921805832478208,1777921805670934016
1,4,136,POTRF(1),1777921805832481280,1777921805849380352,0
1,4,137,TRSM(2,1),1777921805849382400,1777921805896352256,0
1,4,138,TRSM(3,1),1777921805896358400,1777921805943278080,0
1,4,139,TRSM(4,1),1777921805943285248,1777921805990281728,0
1,4,140,TRSM(5,1),1777921805990289920,1777921806037263872,0
1,4,141,TRSM(6,1),1777921806037271040,1777921806084134400,0
1,4,142,TRSM(7,1),1777921806084141568,1777921806131099136,0
1,4,143,TRSM(8,1),1777921806131107328,1777921806178087424,0
1,4,144,TRSM(9,1),1777921806178094592,1777921806224977408,0
1,4,145,TRSM(10,1),1777921806224985600,1777921806271906304,0
1,4,146,TRSM(11,1),1777921806271913472,1777921806318777856,0
1,4,147,TRSM(12,1),1777921806318785024,1777921806365765120,0
1,4,148,TRSM(13,1),1777921806365774336,1777921806412676608,0
1,4,149,TRSM(14,1),1777921806412684800,1777921806459568640,0
1,4,150,TRSM(15,1),1777921806459576832,1777921806506498560,0
1,4,165,SYRK(3,3,1),1777921806506508800,1777921806548261376,0
1,4,166,GEMM(4,3,1),1777921806548264448,1777921806627443200,0
1,4,167,GEMM(5,3,1),1777921806627447296,1777921806706626048,0
1,4,168,GEMM(6,3,1),1777921806706629120,1777921806785807872,0
1,4,169,GEMM(7,3,1),1777921806785810944,1777921806864989696,0
1,4,170,GEMM(8,3,1),1777921806864992768,1777921806944171520,0
1,4,171,GEMM(9,3,1),1777921806944174592,1777921807023353344,0
1,4,172,GEMM(10,3,1),1777921807023356416,1777921807102535168,0
1,4,173,GEMM(11,3,1),1777921807102538240,1777921807181716992,0
1,4,174,GEMM(12,3,1),1777921807181720064,1777921807260897792,0
1,4,175,GEMM(13,3,1),1777921807260901888,1777921807340079616,0
1,4,176,GEMM(14,3,1),1777921807340083712,1777921807419262464,0
1,4,177,GEMM(15,3,1),1777921807419265536,1777921807498443264,0
1,4,190,SYRK(5,5,1),1777921807498447360,1777921807540199936,0
1,4,191,GEMM(6,5,1),1777921807540203008,1777921807619381760,0
1,4,192,GEMM(7,5,1),1777921807619385856,1777921807698563584,0
1,4,193,GEMM(8,5,1),1777921807698567680,1777921807777745408,0
1,4,194,GEMM(9,5,1),1777921807777749504,1777921807856928256,0
1,4,195,GEMM(10,5,1),1777921807856931328,1777921807936110080,0
1,4,196,GEMM(11,5,1),1777921807936114176,1777921808015291904,0
1,4,197,GEMM(12,5,1),1777921808015296000,1777921808094473728,0
1,4,198,GEMM(13,5,1),1777921808094476800,1777921808173655552,0
1,4,199,GEMM(14,5,1),1777921808173658624,1777921808252837376,0
1,4,200,GEMM(15,5,1),1777921808252840448,1777921808332019200,0
1,4,211,SYRK(7,7,1),1777921808332022272,1777921808373774848,0
1,4,212,GEMM(8,7,1),1777921808373777920,1777921808452955648,0
1,4,213,GEMM(9,7,1),1777921808452958720,1777921808532137472,0
1,4,214,GEMM(10,7,1),1777921808532141568,1777921808611320320,0
1,4,215,GEMM(11,7,1),1777921808611323392,1777921808690502144,0
1,4,216,GEMM(12,7,1),1777921808690505216,1777921808769683968,0
1,4,217,GEMM(13,7,1),1777921808769687040,1777921808848865792,0
1,4,218,GEMM(14,7,1),1777921808848869888,1777921808928048640,0
1,4,219,GEMM(15,7,1),1777921808928052736,1777921809007231488,0
1,4,228,SYRK(9,9,1),1777921809007235584,1777921809048987136,0
1,4,229,GEMM(10,9,1),1777921809048991232,1777921809128168960,0
1,4,230,GEMM(11,9,1),1777921809128173056,1777921809207350784,0
1,4,231,GEMM(12,9,1),1777921809207354880,1777921809286532608,0
1,4,232,GEMM(13,9,1),1777921809286535680,1777921809365714432,0
1,4,233,GEMM(14,9,1),1777921809365717504,1777921809444895232,0
1,4,234,GEMM(15,9,1),1777921809444899328,1777921809524077056,0
1,4,241,SYRK(11,11,1),1777921809524081152,1777921809565832704,0
1,4,242,GEMM(12,11,1),1777921809565836800,1777921809645014528,0
1,4,243,GEMM(13,11,1),1777921809645017600,1777921809724196352,0
1,4,244,GEMM(14,11,1),1777921809724199424,1777921809803378176,0
1,4,245,GEMM(15,11,1),1777921809803381248,1777921809882560000,0
1,4,250,SYRK(13,13,1),1777921809882564096,1777921809924316672,0
1,4,251,GEMM(14,13,1),1777921809924319744,1777921810003498496,0
1,4,252,GEMM(15,13,1),1777921810003502592,1777921810082681344,0
1,4,255,SYRK(15,15,1),1777921810082685440,1777921810124438016,0
1,4,270,SYRK(3,3,2),1777921821717198336,1777921821878755840,1777921810124441088
1,4,271,GEMM(4,3,2),1777921821878763008,1777921822174608896,1777921821878758912
1,4,272,GEMM(5,3,2),1777921822174616064,1777921822493814272,1777921822174612992
1,4,273,GEMM(6,3,2),1777921822493821440,1777921822798129664,1777921822493817344
1,4,274,GEMM(7,3,2),1777921822798136832,1777921823117285888,1777921822798132736
1,4,275,GEMM(8,3,2),1777921823117293056,1777921823413057024,1777921823117289984
1,4,276,GEMM(9,3,2),1777921823413065216,1777921823732360704,1777921823413061120
1,4,277,GEMM(10,3,2),1777921823732368896,1777921824036575744,1777921823732364800
1,4,278,GEMM(11,3,2),1777921824036582912,1777921824355774976,1777921824036578816
1,4,279,GEMM(12,3,2),1777921824355783168,1777921824651570688,1777921824355779072
1,4,280,GEMM(13,3,2),1777921824651577856,1777921824970683904,1777921824651573760
1,4,281,GEMM(14,3,2),1777921824970692096,1777921825274916352,1777921824970688000
1,4,282,GEMM(15,3,2),1777921825274924544,1777921825594030592,1777921825274920448
1,4,295,SYRK(5,5,2),1777921825594037760,1777921825755640320,1777921825594033664
1,4,296,GEMM(6,5,2),1777921825755647488,1777921826059867648,1777921825755644416
1,4,297,GEMM(7,5,2),1777921826059875840,1777921826379024896,1777921826059871744
1,4,298,GEMM(8,5,2),1777921826379032064,1777921826674971136,1777921826379027968
1,4,299,GEMM(9,5,2),1777921826674978304,1777921826994088448,1777921826674974208
1,4,300,GEMM(10,5,2),1777921826994096640,1777921827298380288,1777921826994092544
1,4,301,GEMM(11,5,2),1777921827298388480,1777921827617630720,1777921827298384384
1,4,302,GEMM(12,5,2),1777921827617638912,1777921827913513472,1777921827617634816
1,4,303,GEMM(13,5,2),1777921827913520640,1777921828232690176,1777921827913516544
1,4,304,GEMM(14,5,2),1777921828232698368,1777921828536849920,1777921828232694272
1,4,305,GEMM(15,5,2),1777921828536858112,1777921828855996928,1777921828536854016
1,4,316,SYRK(7,7,2),1777921828856004096,1777921829017564672,1777921828856001024
1,4,317,GEMM(8,7,2),1777921829017571840,1777921829313366528,1777921829017567744
1,4,318,GEMM(9,7,2),1777921829313374720,1777921829632540160,1777921829313370624
1,4,319,GEMM(10,7,2),1777921829632547328,1777921829936709120,1777921829632543232
1,4,320,GEMM(11,7,2),1777921829936717312,1777921830255878656,1777921829936713216
1,4,321,GEMM(12,7,2),1777921830255885824,1777921830551647744,1777921830255881728
1,4,322,GEMM(13,7,2),1777921830551655936,1777921830870806016,1777921830551651840
1,4,323,GEMM(14,7,2),1777921830870814208,1777921831175010816,1777921830870810112
1,4,324,GEMM(15,7,2),1777921831175017984,1777921831494196736,1777921831175013888
1,4,333,SYRK(9,9,2),1777921831494204928,1777921831655710208,1777921831494200832
1,4,334,GEMM(10,9,2),1777921831655718400,1777921831959827968,1777921831655714304
1,4,335,GEMM(11,9,2),1777921831959836160,1777921832279022080,1777921831959832064
1,4,336,GEMM(12,9,2),1777921832279029248,1777921832574855680,1777921832279025152
1,4,337,GEMM(13,9,2),1777921832574863872,1777921832894017024,1777921832574859776
1,4,338,GEMM(14,9,2),1777921832894025216,1777921833198289408,1777921832894021120
1,4,339,GEMM(15,9,2),1777921833198297600,1777921833517578752,1777921833198293504
1,4,346,SYRK(11,11,2),1777921833517585920,1777921833679299072,1777921833517582848
1,4,347,GEMM(12,11,2),1777921833679306240,1777921833975054848,1777921833679302144
1,4,348,GEMM(13,11,2),1777921833975063040,1777921834294174208,1777921833975058944
1,4,349,GEMM(14,11,2),1777921834294181376,1777921834598485504,1777921834294177280
1,4,350,GEMM(15,11,2),1777921834598492672,1777921834917561856,1777921834598488576
1,4,355,SYRK(13,13,2),1777921834917569024,1777921835079127552,1777921834917565952
1,4,356,GEMM(14,13,2),1777921835079134720,1777921835383315968,1777921835079130624
1,4,357,GEMM(15,13,2),1777921835383323136,1777921835702390272,1777921835383320064
1,4,360,SYRK(15,15,2),1777921835702397440,1777921835863926272,1777921835702394368
1,4,361,POTRF(3),1777921835863930368,1777921835880829440,0
1,4,362,TRSM(4,3),1777921835880831488,1777921835927857664,0
1,4,363,TRSM(5,3),1777921835927863808,1777921835974839808,0
1,4,364,TRSM(6,3),1777921835974848000,1777921836021825024,0
1,4,365,TRSM(7,3),1777921836021833216,1777921836068810240,0
1,4,366,TRSM(8,3),1777921836068818432,1777921836115851776,0
1,4,367,TRSM(9,3),1777921836115859968,1777921836162820608,0
1,4,368,TRSM(10,3),1777921836162828800,1777921836209805824,0
1,4,369,TRSM(11,3),1777921836209814016,1777921836256771584,0
1,4,370,TRSM(12,3),1777921836256779776,1777921836303796736,0
1,4,371,TRSM(13,3),1777921836303804928,1777921836350799360,0
1,4,372,TRSM(14,3),1777921836350806528,1777921836397728256,0
1,4,373,TRSM(15,3),1777921836397735424,1777921836444711424,0
1,4,386,SYRK(5,5,3),1777921836444720640,1777921836486473216,0
1,4,387,GEMM(6,5,3),1777921836486476288,1777921836565655040,0
1,4,388,GEMM(7,5,3),1777921836565658112,1777921836644837888,0
1,4,389,GEMM(8,5,3),1777921836644840960,1777921836724019712,0
1,4,390,GEMM(9,5,3),1777921836724022784,1777921836803201536,0
1,4,391,GEMM(10,5,3),1777921836803205632,1777921836882384384,0
1,4,392,GEMM(11,5,3),1777921836882387456,1777921836961566208,0
1,4,393,GEMM(12,5,3),1777921836961570304,1777921837040749056,0
1,4,394,GEMM(13,5,3),1777921837040752128,1777921837119930880,0
1,4,395,GEMM(14,5,3),1777921837119934976,1777921837199113728,0
1,4,396,GEMM(15,5,3),1777921837199117824,1777921837278296576,0
1,4,407,SYRK(7,7,3),1777921837278300672,1777921837320053248,0
1,4,408,GEMM(8,7,3),1777921837320057344,1777921837399235072,0
1,4,409,GEMM(9,7,3),1777921837399238144,1777921837478417920,0
1,4,410,GEMM(10,7,3),1777921837478422016,1777921837557599744,0
1,4,411,GEMM(11,7,3),1777921837557603840,1777921837636782592,0
1,4,412,GEMM(12,7,3),1777921837636785664,1777921837715963392,0
1,4,413,GEMM(13,7,3),1777921837715967488,1777921837795146240,0
1,4,414,GEMM(14,7,3),1777921837795149312,1777921837874328064,0
1,4,415,GEMM(15,7,3),1777921837874331136,1777921837953509888,0
1,4,424,SYRK(9,9,3),1777921837953512960,1777921837995265536,0
1,4,425,GEMM(10,9,3),1777921837995269632,1777921838074447360,0
1,4,426,GEMM(11,9,3),1777921838074451456,1777921838153629184,0
1,4,427,GEMM(12,9,3),1777921838153633280,1777921838232812032,0
1,4,428,GEMM(13,9,3),1777921838232815104,1777921838311993856,0
1,4,429,GEMM(14,9,3),1777921838311997952,1777921838391175680,0
1,4,430,GEMM(15,9,3),1777921838391179776,1777921838470358528,0
1,4,437,SYRK(11,11,3),1777921838470362624,1777921838512115200,0
1,4,438,GEMM(12,11,3),1777921838512118272,1777921838591297024,0
1,4,439,GEMM(13,11,3),1777921838591301120,1777921838670478848,0
1,4,440,GEMM(14,11,3),1777921838670482944,1777921838749660672,0
1,4,441,GEMM(15,11,3),1777921838749664768,1777921838828843520,0
1,4,446,SYRK(13,13,3),1777921838828847616,1777921838870600192,0
1,4,447,GEMM(14,13,3),1777921838870604288,1777921838949783040,0
1,4,448,GEMM(15,13,3),1777921838949786112,1777921839028964864,0
1,4,451,SYRK(15,15,3),1777921839028966912,1777921839070719488,0
1,4,464,SYRK(5,5,4),1777921847689468416,1777921847850964480,1777921839070723584
1,4,465,GEMM(6,5,4),1777921847850971648,1777921848155256320,1777921847850968576
1,4,466,GEMM(7,5,4),1777921848155263488,1777921848474455552,1777921848155259392
1,4,467,GEMM(8,5,4),1777921848474463744,1777921848770285056,1777921848474459648
1,4,468,GEMM(9,5,4),1777921848770293248,1777921849089354240,1777921848770289152
1,4,469,GEMM(10,5,4),1777921849089361408,1777921849393703424,1777921849089357312
1,4,470,GEMM(11,5,4),1777921849393711616,1777921849712922112,1777921849393707520
1,4,471,GEMM(12,5,4),1777921849712929280,1777921850008744448,1777921849712925184
1,4,472,GEMM(13,5,4),1777921850008752640,1777921850327847424,1777921850008748544
1,4,473,GEMM(14,5,4),1777921850327855616,1777921850632039936,1777921850327851520
1,4,474,GEMM(15,5,4),1777921850632048128,1777921850951138816,1777921850632044032
1,4,485,SYRK(7,7,4),1777921850951145984,1777921851112558080,1777921850951142912
1,4,486,GEMM(8,7,4),1777921851112566272,1777921851408492032,1777921851112562176
1,4,487,GEMM(9,7,4),1777921851408499200,1777921851727609344,1777921851408495104
1,4,488,GEMM(10,7,4),1777921851727616512,1777921852031903232,1777921851727612416
1,4,489,GEMM(11,7,4),1777921852031911424,1777921852351133184,1777921852031907328
1,4,490,GEMM(12,7,4),1777921852351141376,1777921852646998528,1777921852351137280
1,4,491,GEMM(13,7,4),1777921852647006720,1777921852966166016,1777921852647001600
1,4,492,GEMM(14,7,4),1777921852966174208,1777921853270266368,1777921852966170112
1,4,493,GEMM(15,7,4),1777921853270273536,1777921853589370368,1777921853270269440
1,4,502,SYRK(9,9,4),1777921853589377536,1777921853750980096,1777921853589373440
1,4,503,GEMM(10,9,4),1777921853750987264,1777921854055341568,1777921853750983168
1,4,504,GEMM(11,9,4),1777921854055349760,1777921854374526464,1777921854055345664
1,4,505,GEMM(12,9,4),1777921854374533632,1777921854670388736,1777921854374530560
1,4,506,GEMM(13,9,4),1777921854670396928,1777921854989504000,1777921854670392832
1,4,507,GEMM(14,9,4),1777921854989510144,1777921855293692416,1777921854989507072
1,4,508,GEMM(15,9,4),1777921855293699584,1777921855612927488,1777921855293695488
1,4,515,SYRK(11,11,4),1777921855612934656,1777921855774470656,1777921855612931584
1,4,516,GEMM(12,11,4),1777921855774477824,1777921856070218240,1777921855774473728
1,4,517,GEMM(13,11,4),1777921856070226432,1777921856389485056,1777921856070222336
1,4,518,GEMM(14,11,4),1777921856389492224,1777921856693596672,1777921856389488128
1,4,519,GEMM(15,11,4),1777921856693604864,1777921857012829696,1777921856693600768
1,4,524,SYRK(13,13,4),1777921857012836864,1777921857174361600,1777921857012833792
1,4,525,GEMM(14,13,4),1777921857174368768,1777921857478475264,1777921857174365696
1,4,526,GEMM(15,13,4),1777921857478483456,1777921857797505536,1777921857478479360
1,4,529,SYRK(15,15,4),1777921857797512704,1777921857958906368,1777921857797508608
1,4,530,POTRF(5),1777921857958909440,1777921857975807488,0
1,4,531,TRSM(6,5),1777921857975809536,1777921858022723072,0
1,4,532,TRSM(7,5),1777921858022729216,1777921858069682688,0
1,4,533,TRSM(8,5),1777921858069688832,1777921858116624896,0
1,4,534,TRSM(9,5),1777921858116632064,1777921858163532288,0
1,4,535,TRSM(10,5),1777921858163539456,1777921858210383360,0
1,4,536,TRSM(11,5),1777921858210390528,1777921858257308160,0
1,4,537,TRSM(12,5),1777921858257315328,1777921858304294400,0
1,4,538,TRSM(13,5),1777921858304300544,1777921858351127040,0
1,4,539,TRSM(14,5),1777921858351134208,1777921858398016000,0
1,4,540,TRSM(15,5),1777921858398023168,1777921858444907008,0
1,4,551,SYRK(7,7,5),1777921858444916224,1777921858486668800,0
1,4,552,GEMM(8,7,5),1777921858486672896,1777921858565850624,0
1,4,553,GEMM(9,7,5),1777921858565853696,1777921858645032448,0
1,4,554,GEMM(10,7,5),1777921858645036544,1777921858724215296,0
1,4,555,GEMM(11,7,5),1777921858724219392,1777921858803398144,0
1,4,556,GEMM(12,7,5),1777921858803401216,1777921858882578944,0
1,4,557,GEMM(13,7,5),1777921858882583040,1777921858961761792,0
1,4,558,GEMM(14,7,5),1777921858961764864,1777921859040943616,0
1,4,559,GEMM(15,7,5),1777921859040946688,1777921859120125440,0
1,4,568,SYRK(9,9,5),1777921859120128512,1777921859161881088,0
1,4,569,GEMM(10,9,5),1777921859161884160,1777921859241062912,0
1,4,570,GEMM(11,9,5),1777921859241065984,1777921859320244736,0
1,4,571,GEMM(12,9,5),1777921859320247808,1777921859399426560,0
1,4,572,GEMM(13,9,5),1777921859399429632,1777921859478608384,0
1,4,573,GEMM(14,9,5),1777921859478611456,1777921859557790208,0
1,4,574,GEMM(15,9,5),1777921859557793280,1777921859636972032,0
1,4,581,SYRK(11,11,5),1777921859636975104,1777921859678727680,0
1,4,582,GEMM(12,11,5),1777921859678731776,1777921859757909504,0
1,4,583,GEMM(13,11,5),1777921859757913600,1777921859837092352,0
1,4,584,GEMM(14,11,5),1777921859837095424,1777921859916274176,0
1,4,585,GEMM(15,11,5),1777921859916278272,1777921859995457024,0
1,4,590,SYRK(13,13,5),1777921859995460096,1777921860037212672,0
1,4,591,GEMM(14,13,5),1777921860037215744,1777921860116393472,0
1,4,592,GEMM(15,13,5),1777921860116397568,1777921860195576320,0
1,4,595,SYRK(15,15,5),1777921860195579392,1777921860237331968,0
1,4,606,SYRK(7,7,6),1777921866353203712,1777921866514780672,1777921860237335040
1,4,607,GEMM(8,7,6),1777921866514787840,1777921866810705408,1777921866514783744
1,4,608,GEMM(9,7,6),1777921866810713600,1777921867129992704,1777921866810709504
1,4,609,GEMM(10,7,6),1777921867130000896,1777921867434319360,1777921867129996800
1,4,610,GEMM(11,7,6),1777921867434327552,1777921867753583104,1777921867434322432
1,4,611,GEMM(12,7,6),1777921867753590272,1777921868049363456,1777921867753586176
1,4,612,GEMM(13,7,6),1777921868049371648,1777921868368565760,1777921868049367552
1,4,613,GEMM(14,7,6),1777921868368572928,1777921868672768512,1777921868368568832
1,4,614,GEMM(15,7,6),1777921868672776704,1777921868991961600,1777921868672772608
1,4,623,SYRK(9,9,6),1777921868991968768,1777921869153658368,1777921868991965696
1,4,624,GEMM(10,9,6),1777921869153665536,1777921869457863168,1777921869153661440
1,4,625,GEMM(11,9,6),1777921869457870336,1777921869777160704,1777921869457866240
1,4,626,GEMM(12,9,6),1777921869777168896,1777921870072992256,1777921869777164800
1,4,627,GEMM(13,9,6),1777921870072999424,1777921870392157696,1777921870072995328
1,4,628,GEMM(14,9,6),1777921870392164864,1777921870696401408,1777921870392161792
1,4,629,GEMM(15,9,6),1777921870696408576,1777921871015534080,1777921870696404480
1,4,636,SYRK(11,11,6),1777921871015541248,1777921871177148928,1777921871015538176
1,4,637,GEMM(12,11,6),1777921871177156096,1777921871473109504,1777921871177152000
1,4,638,GEMM(13,11,6),1777921871473116672,1777921871792351744,1777921871473113600
1,4,639,GEMM(14,11,6),1777921871792358912,1777921872096503296,1777921871792354816
1,4,640,GEMM(15,11,6),1777921872096510464,1777921872415725056,1777921872096507392
1,4,645,SYRK(13,13,6),1777921872415732224,1777921872577333760,1777921872415728128
1,4,646,GEMM(14,13,6),1777921872577341952,1777921872881593856,1777921872577337856
1,4,647,GEMM(15,13,6),1777921872881602048,1777921873200860672,1777921872881597952
1,4,650,SYRK(15,15,6),1777921873200867840,1777921873362602496,1777921873200863744
1,4,651,POTRF(7),1777921873362606592,1777921873379504640,0
1,4,652,TRSM(8,7),1777921873379506688,1777921873426492928,0
1,4,653,TRSM(9,7),1777921873426499072,1777921873473438208,0
1,4,654,TRSM(10,7),1777921873473447424,1777921873520276992,0
1,4,655,TRSM(11,7),1777921873520287232,1777921873567226368,0
1,4,656,TRSM(12,7),1777921873567234560,1777921873614251520,0
1,4,657,TRSM(13,7),1777921873614258688,1777921873661159936,0
1,4,658,TRSM(14,7),1777921873661168128,1777921873708108288,0
1,4,659,TRSM(15,7),1777921873708115456,1777921873754978816,0
1,4,668,SYRK(9,9,7),1777921873754989056,1777921873796741632,0
1,4,669,GEMM(10,9,7),1777921873796745728,1777921873875924480,0
1,4,670,GEMM(11,9,7),1777921873875927552,1777921873955106304,0
1,4,671,GEMM(12,9,7),1777921873955110400,1777921874034288128,0
1,4,672,GEMM(13,9,7),1777921874034292224,1777921874113470976,0
1,4,673,GEMM(14,9,7),1777921874113474048,1777921874192652800,0
1,4,674,GEMM(15,9,7),1777921874192656896,1777921874271835648,0
1,4,681,SYRK(11,11,7),1777921874271838720,1777921874313591296,0
1,4,682,GEMM(12,11,7),1777921874313595392,1777921874392773120,0
1,4,683,GEMM(13,11,7),1777921874392777216,1777921874471955968,0
1,4,684,GEMM(14,11,7),1777921874471959040,1777921874551138816,0
1,4,685,GEMM(15,11,7),1777921874551142912,1777921874630321664,0
1,4,690,SYRK(13,13,7),1777921874630324736,1777921874672077312,0
1,4,691,GEMM(14,13,7),1777921874672081408,1777921874751260160,0
1,4,692,GEMM(15,13,7),1777921874751264256,1777921874830443008,0
1,4,695,SYRK(15,15,7),1777921874830446080,1777921874872198656,0
1,4,704,SYRK(9,9,8),1777921878897877504,1777921879059422720,1777921874872201728
1,4,705,GEMM(10,9,8),1777921879059430912,1777921879363753472,1777921879059426816
1,4,706,GEMM(11,9,8),1777921879363761664,1777921879682863616,1777921879363757568
1,4,707,GEMM(12,9,8),1777921879682871808,1777921879978816000,1777921879682867712
1,4,708,GEMM(13,9,8),1777921879978823168,1777921880298031616,1777921879978819072
1,4,709,GEMM(14,9,8),1777921880298038784,1777921880602280448,1777921880298035712
1,4,710,GEMM(15,9,8),1777921880602287616,1777921880921532928,1777921880602284544
1,4,717,SYRK(11,11,8),1777921880921540096,1777921881083011584,1777921880921537024
1,4,718,GEMM(12,11,8),1777921881083018752,1777921881378814464,1777921881083014656
1,4,719,GEMM(13,11,8),1777921881378822656,1777921881698034176,1777921881378818560
1,4,720,GEMM(14,11,8),1777921881698042368,1777921882002221568,1777921881698038272
1,4,721,GEMM(15,11,8),1777921882002229760,1777921882321402368,1777921882002225664
1,4,726,SYRK(13,13,8),1777921882321409536,1777921882483023360,1777921882321406464
1,4,727,GEMM(14,13,8),1777921882483029504,1777921882787180032,1777921882483026432
1,4,728,GEMM(15,13,8),1777921882787187200,1777921883106314752,1777921882787184128
1,4,731,SYRK(15,15,8),1777921883106321920,1777921883267982848,1777921883106318848
1,4,732,POTRF(9),1777921883267985920,1777921883284883968,0
1,4,733,TRSM(10,9),1777921883284886016,1777921883331837440,0
1,4,734,TRSM(11,9),1777921883331843584,1777921883378743808,0
1,4,735,TRSM(12,9),1777921883378750976,1777921883425729024,0
1,4,736,TRSM(13,9),1777921883425735168,1777921883472675328,0
1,4,737,TRSM(14,9),1777921883472683520,1777921883519619584,0
1,4,738,TRSM(15,9),1777921883519626752,1777921883566582272,0
1,4,745,SYRK(11,11,9),1777921883566591488,1777921883608344064,0
1,4,746,GEMM(12,11,9),1777921883608347136,1777921883687525888,0
1,4,747,GEMM(13,11,9),1777921883687528960,1777921883766707712,0
1,4,748,GEMM(14,11,9),1777921883766710784,1777921883845889536,0
1,4,749,GEMM(15,11,9),1777921883845893632,1777921883925072384,0
1,4,754,SYRK(13,13,9),1777921883925075456,1777921883966828032,0
1,4,755,GEMM(14,13,9),1777921883966832128,1777921884046010880,0
1,4,756,GEMM(15,13,9),1777921884046014976,1777921884125192704,0
1,4,759,SYRK(15,15,9),1777921884125195776,1777921884166948352,0
1,4,766,SYRK(11,11,10),1777921886563159552,1777921886724624896,1777921884166952448
1,4,767,GEMM(12,11,10),1777921886724632064,1777921887020439040,1777921886724627968
1,4,768,GEMM(13,11,10),1777921887020446208,1777921887339530752,1777921887020443136
1,4,769,GEMM(14,11,10),1777921887339538944,1777921887643762176,1777921887339534848
1,4,770,GEMM(15,11,10),1777921887643770368,1777921887962713600,1777921887643766272
1,4,775,SYRK(13,13,10),1777921887962720768,1777921888124281344,1777921887962717696
1,4,776,GEMM(14,13,10),1777921888124289536,1777921888428367360,1777921888124285440
1,4,777,GEMM(15,13,10),1777921888428374528,1777921888747383296,1777921888428370432
1,4,780,SYRK(15,15,10),1777921888747390464,1777921888908843520,1777921888747386368
1,4,781,POTRF(11),1777921888908846592,1777921888925745664,0
1,4,782,TRSM(12,11),1777921888925746688,1777921888972737024,0
1,4,783,TRSM(13,11),1777921888972743168,1777921889019663872,0
1,4,784,TRSM(14,11),1777921889019672064,1777921889066647040,0
1,4,785,TRSM(15,11),1777921889066656256,1777921889113612800,0
1,4,790,SYRK(13,13,11),1777921889113623040,1777921889155375616,0
1,4,791,GEMM(14,13,11),1777921889155378688,1777921889234557440,0
1,4,792,GEMM(15,13,11),1777921889234560512,1777921889313739264,0
1,4,795,SYRK(15,15,11),1777921889313742336,1777921889355494912,0
1,4,800,SYRK(13,13,12),1777921890544638464,1777921890706106880,1777921889355499008
1,4,801,GEMM(14,13,12),1777921890706114048,1777921891010175488,1777921890706110976
1,4,802,GEMM(15,13,12),1777921891010183680,1777921891329278464,1777921891010179584
1,4,805,SYRK(15,15,12),1777921891329285632,1777921891490921984,1777921891329281536
1,4,806,POTRF(13),1777921891490925056,1777921891507826176,0
1,4,807,TRSM(14,13),1777921891507827200,1777921891554700800,0
1,4,808,TRSM(15,13),1777921891554706944,1777921891601606144,0
1,4,811,SYRK(15,15,13),1777921891601614336,1777921891643366912,0
1,4,814,SYRK(15,15,14),1777921892077966848,1777921892239472128,1777921891643369984
1,4,815,POTRF(15),1777921892239475200,1777921892256369152,0
