=== Building SLATE ===
=== Building blaspp ===
-- The CXX compiler identification is GNU 11.4.0
-- Detecting CXX compiler ABI info
-- Detecting CXX compiler ABI info - done
-- Check for working CXX compiler: /usr/bin/g++ - skipped
-- Detecting CXX compile features
-- Detecting CXX compile features - done
-- Using CMAKE_INSTALL_PREFIX = /data/users/sargent/.local/slate

-- [1mLooking for CUDA[22m (gpu_backend = cuda)
-- Found CUDAToolkit: /opt/nvidia/hpc_sdk/Linux_x86_64/24.9/cuda/12.6/targets/x86_64-linux/include (found version "12.6.20") 
-- Performing Test CMAKE_HAVE_LIBC_PTHREAD
-- Performing Test CMAKE_HAVE_LIBC_PTHREAD - Success
-- Found Threads: TRUE  
-- The CUDA compiler identification is NVIDIA 12.6.20
-- Detecting CUDA compiler ABI info
-- Detecting CUDA compiler ABI info - done
-- Check for working CUDA compiler: /opt/nvidia/hpc_sdk/Linux_x86_64/24.9/cuda/12.6/bin/nvcc - skipped
-- Detecting CUDA compile features
-- Detecting CUDA compile features - done
-- [34mBuilding CUDA support[39m

-- [31mSkipping HIP/ROCm search: gpu_backend = cuda[39m

-- [31mSkipping oneMKL-SYCL search: gpu_backend = cuda[39m

-- [1mLooking for OpenMP[22m
-- Found OpenMP_CXX: -fopenmp (found version "4.5") 
-- Found OpenMP: TRUE (found version "4.5")  

-- Checking whether std::atomic requires libatomic
   std::atomic links without -latomic              [34m yes[39m

-- blaspp_id = a73c571

-- [1mLooking for BLAS libraries and options[22m
-- Using BLAS++ BLASFinder:
   blas=auto, blas_int=auto, blas_threaded=auto, blas_fortran=add_,
   BLAS_LIBRARIES=/opt/nvidia/hpc_sdk/Linux_x86_64/24.9/compilers/lib/libblas.so
BLAS_LIBRARIES
   libs:  /opt/nvidia/hpc_sdk/Linux_x86_64/24.9/compilers/lib/libblas.so
CMake Warning at /data/users/sargent/.local/src/blaspp/build/CMakeFiles/CMakeTmp/CMakeLists.txt:22 (add_executable):
  Cannot generate a safe runtime search path for target cmTC_bae70 because
  files in some directories may conflict with libraries in implicit
  directories:

    runtime library [libgomp.so.1] in /usr/lib/gcc/x86_64-linux-gnu/11 may be hidden by files in:
      /opt/nvidia/hpc_sdk/Linux_x86_64/24.9/compilers/lib

  Some of these libraries may not be found correctly.


CMake Warning at /data/users/sargent/.local/src/blaspp/build/CMakeFiles/CMakeTmp/CMakeLists.txt:22 (add_executable):
  Cannot generate a safe runtime search path for target cmTC_1aac1 because
  files in some directories may conflict with libraries in implicit
  directories:

    runtime library [libgomp.so.1] in /usr/lib/gcc/x86_64-linux-gnu/11 may be hidden by files in:
      /opt/nvidia/hpc_sdk/Linux_x86_64/24.9/compilers/lib

  Some of these libraries may not be found correctly.


   -DBLAS_FORTRAN_ADD_                             [34m yes[39m
[34m   Found BLAS library: /opt/nvidia/hpc_sdk/Linux_x86_64/24.9/compilers/lib/libblas.so[39m

-- Checking BLAS library version
CMake Warning at /data/users/sargent/.local/src/blaspp/build/CMakeFiles/CMakeTmp/CMakeLists.txt:22 (add_executable):
  Cannot generate a safe runtime search path for target cmTC_d8d4a because
  files in some directories may conflict with libraries in implicit
  directories:

    runtime library [libgomp.so.1] in /usr/lib/gcc/x86_64-linux-gnu/11 may be hidden by files in:
      /opt/nvidia/hpc_sdk/Linux_x86_64/24.9/compilers/lib

  Some of these libraries may not be found correctly.


CMake Warning at /data/users/sargent/.local/src/blaspp/build/CMakeFiles/CMakeTmp/CMakeLists.txt:22 (add_executable):
  Cannot generate a safe runtime search path for target cmTC_87176 because
  files in some directories may conflict with libraries in implicit
  directories:

    runtime library [libgomp.so.1] in /usr/lib/gcc/x86_64-linux-gnu/11 may be hidden by files in:
      /opt/nvidia/hpc_sdk/Linux_x86_64/24.9/compilers/lib

  Some of these libraries may not be found correctly.


CMake Warning at /data/users/sargent/.local/src/blaspp/build/CMakeFiles/CMakeTmp/CMakeLists.txt:22 (add_executable):
  Cannot generate a safe runtime search path for target cmTC_9e11f because
  files in some directories may conflict with libraries in implicit
  directories:

    runtime library [libgomp.so.1] in /usr/lib/gcc/x86_64-linux-gnu/11 may be hidden by files in:
      /opt/nvidia/hpc_sdk/Linux_x86_64/24.9/compilers/lib

  Some of these libraries may not be found correctly.


CMake Warning at /data/users/sargent/.local/src/blaspp/build/CMakeFiles/CMakeTmp/CMakeLists.txt:22 (add_executable):
  Cannot generate a safe runtime search path for target cmTC_9d147 because
  files in some directories may conflict with libraries in implicit
  directories:

    runtime library [libgomp.so.1] in /usr/lib/gcc/x86_64-linux-gnu/11 may be hidden by files in:
      /opt/nvidia/hpc_sdk/Linux_x86_64/24.9/compilers/lib

  Some of these libraries may not be found correctly.


-- Checking BLAS complex return type
CMake Warning at /data/users/sargent/.local/src/blaspp/build/CMakeFiles/CMakeTmp/CMakeLists.txt:22 (add_executable):
  Cannot generate a safe runtime search path for target cmTC_aa4b7 because
  files in some directories may conflict with libraries in implicit
  directories:

    runtime library [libgomp.so.1] in /usr/lib/gcc/x86_64-linux-gnu/11 may be hidden by files in:
      /opt/nvidia/hpc_sdk/Linux_x86_64/24.9/compilers/lib

  Some of these libraries may not be found correctly.


CMake Warning at /data/users/sargent/.local/src/blaspp/build/CMakeFiles/CMakeTmp/CMakeLists.txt:22 (add_executable):
  Cannot generate a safe runtime search path for target cmTC_81160 because
  files in some directories may conflict with libraries in implicit
  directories:

    runtime library [libgomp.so.1] in /usr/lib/gcc/x86_64-linux-gnu/11 may be hidden by files in:
      /opt/nvidia/hpc_sdk/Linux_x86_64/24.9/compilers/lib

  Some of these libraries may not be found correctly.


[34m   BLAS (zdotc) returns complex as hidden argument (Intel ifort convention)[39m
-- Checking BLAS float return type
CMake Warning at /data/users/sargent/.local/src/blaspp/build/CMakeFiles/CMakeTmp/CMakeLists.txt:22 (add_executable):
  Cannot generate a safe runtime search path for target cmTC_d08fa because
  files in some directories may conflict with libraries in implicit
  directories:

    runtime library [libgomp.so.1] in /usr/lib/gcc/x86_64-linux-gnu/11 may be hidden by files in:
      /opt/nvidia/hpc_sdk/Linux_x86_64/24.9/compilers/lib

  Some of these libraries may not be found correctly.


[34m   BLAS (sdot) returns float as float (standard)[39m
-- Checking for CBLAS library 
CMake Warning at /data/users/sargent/.local/src/blaspp/build/CMakeFiles/CMakeTmp/CMakeLists.txt:22 (add_executable):
  Cannot generate a safe runtime search path for target cmTC_329d8 because
  files in some directories may conflict with libraries in implicit
  directories:

    runtime library [libgomp.so.1] in /usr/lib/gcc/x86_64-linux-gnu/11 may be hidden by files in:
      /opt/nvidia/hpc_sdk/Linux_x86_64/24.9/compilers/lib

  Some of these libraries may not be found correctly.


-- Checking for CBLAS library -lcblas
CMake Warning at /data/users/sargent/.local/src/blaspp/build/CMakeFiles/CMakeTmp/CMakeLists.txt:22 (add_executable):
  Cannot generate a safe runtime search path for target cmTC_e4d5f because
  files in some directories may conflict with libraries in implicit
  directories:

    runtime library [libgomp.so.1] in /usr/lib/gcc/x86_64-linux-gnu/11 may be hidden by files in:
      /opt/nvidia/hpc_sdk/Linux_x86_64/24.9/compilers/lib

  Some of these libraries may not be found correctly.


[31m   CBLAS library not found. Tester cannot be built.[39m

-- [1mLooking for LAPACK libraries and options[22m (lapack = auto)
CMake Warning at /data/users/sargent/.local/src/blaspp/build/CMakeFiles/CMakeTmp/CMakeLists.txt:22 (add_executable):
  Cannot generate a safe runtime search path for target cmTC_b2149 because
  files in some directories may conflict with libraries in implicit
  directories:

    runtime library [libgomp.so.1] in /usr/lib/gcc/x86_64-linux-gnu/11 may be hidden by files in:
      /opt/nvidia/hpc_sdk/Linux_x86_64/24.9/compilers/lib

  Some of these libraries may not be found correctly.


   /opt/nvidia/hpc_sdk/Linux_x86_64/24.9/compilers/lib/liblapack.so [34m yes[39m
[34m   Found LAPACK library: /opt/nvidia/hpc_sdk/Linux_x86_64/24.9/compilers/lib/liblapack.so[39m

CMake Warning at test/CMakeLists.txt:8 (message):
  CBLAS not found; tester cannot be built.


-- Configuring done (30.5s)
CMake Warning at CMakeLists.txt:303 (add_library):
  Cannot generate a safe runtime search path for target blaspp because files
  in some directories may conflict with libraries in implicit directories:

    runtime library [libgomp.so.1] in /usr/lib/gcc/x86_64-linux-gnu/11 may be hidden by files in:
      /opt/nvidia/hpc_sdk/Linux_x86_64/24.9/compilers/lib

  Some of these libraries may not be found correctly.


-- Generating done (0.2s)
-- Build files have been written to: /data/users/sargent/.local/src/blaspp/build
[  3%] Building CXX object CMakeFiles/blaspp.dir/src/asum.cc.o
[  8%] Building CXX object CMakeFiles/blaspp.dir/src/batch_syr2k.cc.o
[  8%] Building CXX object CMakeFiles/blaspp.dir/src/axpy.cc.o
[  8%] Building CXX object CMakeFiles/blaspp.dir/src/batch_gemm.cc.o
[  8%] Building CXX object CMakeFiles/blaspp.dir/src/batch_her2k.cc.o
[  8%] Building CXX object CMakeFiles/blaspp.dir/src/batch_hemm.cc.o
[  8%] Building CXX object CMakeFiles/blaspp.dir/src/batch_herk.cc.o
[  8%] Building CXX object CMakeFiles/blaspp.dir/src/batch_symm.cc.o
[  9%] Building CXX object CMakeFiles/blaspp.dir/src/batch_syrk.cc.o
[ 10%] Building CXX object CMakeFiles/blaspp.dir/src/batch_trmm.cc.o
[ 11%] Building CXX object CMakeFiles/blaspp.dir/src/batch_trsm.cc.o
[ 13%] Building CXX object CMakeFiles/blaspp.dir/src/copy.cc.o
[ 13%] Building CXX object CMakeFiles/blaspp.dir/src/dot.cc.o
[ 14%] Building CXX object CMakeFiles/blaspp.dir/src/gemm.cc.o
[ 15%] Building CXX object CMakeFiles/blaspp.dir/src/gemv.cc.o
[ 17%] Building CXX object CMakeFiles/blaspp.dir/src/ger.cc.o
[ 18%] Building CXX object CMakeFiles/blaspp.dir/src/hemm.cc.o
[ 19%] Building CXX object CMakeFiles/blaspp.dir/src/hemv.cc.o
[ 20%] Building CXX object CMakeFiles/blaspp.dir/src/her.cc.o
[ 21%] Building CXX object CMakeFiles/blaspp.dir/src/her2.cc.o
[ 22%] Building CXX object CMakeFiles/blaspp.dir/src/her2k.cc.o
[ 23%] Building CXX object CMakeFiles/blaspp.dir/src/herk.cc.o
[ 24%] Building CXX object CMakeFiles/blaspp.dir/src/iamax.cc.o
[ 25%] Building CXX object CMakeFiles/blaspp.dir/src/nrm2.cc.o
[ 26%] Building CXX object CMakeFiles/blaspp.dir/src/rot.cc.o
[ 27%] Building CXX object CMakeFiles/blaspp.dir/src/rotg.cc.o
[ 28%] Building CXX object CMakeFiles/blaspp.dir/src/rotm.cc.o
[ 29%] Building CXX object CMakeFiles/blaspp.dir/src/rotmg.cc.o
[ 31%] Building CXX object CMakeFiles/blaspp.dir/src/scal.cc.o
[ 31%] Building CXX object CMakeFiles/blaspp.dir/src/swap.cc.o
[ 32%] Building CXX object CMakeFiles/blaspp.dir/src/symm.cc.o
[ 34%] Building CXX object CMakeFiles/blaspp.dir/src/symv.cc.o
[ 35%] Building CXX object CMakeFiles/blaspp.dir/src/syr.cc.o
[ 36%] Building CXX object CMakeFiles/blaspp.dir/src/syr2.cc.o
[ 37%] Building CXX object CMakeFiles/blaspp.dir/src/syr2k.cc.o
[ 38%] Building CXX object CMakeFiles/blaspp.dir/src/syrk.cc.o
[ 39%] Building CXX object CMakeFiles/blaspp.dir/src/trmm.cc.o
[ 40%] Building CXX object CMakeFiles/blaspp.dir/src/trmv.cc.o
[ 41%] Building CXX object CMakeFiles/blaspp.dir/src/trsm.cc.o
[ 42%] Building CXX object CMakeFiles/blaspp.dir/src/trsv.cc.o
[ 44%] Building CXX object CMakeFiles/blaspp.dir/src/version.cc.o
[ 44%] Building CXX object CMakeFiles/blaspp.dir/src/util.cc.o
[ 45%] Building CXX object CMakeFiles/blaspp.dir/src/device_batch_gemm.cc.o
[ 46%] Building CXX object CMakeFiles/blaspp.dir/src/device_batch_gemm_group.cc.o
[ 47%] Building CXX object CMakeFiles/blaspp.dir/src/device_batch_hemm.cc.o
[ 48%] Building CXX object CMakeFiles/blaspp.dir/src/device_batch_her2k.cc.o
[ 50%] Building CXX object CMakeFiles/blaspp.dir/src/device_batch_herk.cc.o
[ 51%] Building CXX object CMakeFiles/blaspp.dir/src/device_batch_symm.cc.o
[ 52%] Building CXX object CMakeFiles/blaspp.dir/src/device_batch_syr2k.cc.o
[ 53%] Building CXX object CMakeFiles/blaspp.dir/src/device_batch_syrk.cc.o
[ 54%] Building CXX object CMakeFiles/blaspp.dir/src/device_batch_trmm.cc.o
[ 55%] Building CXX object CMakeFiles/blaspp.dir/src/device_batch_trsm.cc.o
[ 56%] Building CXX object CMakeFiles/blaspp.dir/src/device_error.cc.o
[ 57%] Building CXX object CMakeFiles/blaspp.dir/src/device_gemm.cc.o
[ 58%] Building CXX object CMakeFiles/blaspp.dir/src/device_gemv.cc.o
[ 59%] Building CXX object CMakeFiles/blaspp.dir/src/device_ger.cc.o
[ 60%] Building CXX object CMakeFiles/blaspp.dir/src/device_hemm.cc.o
[ 61%] Building CXX object CMakeFiles/blaspp.dir/src/device_hemv.cc.o
[ 62%] Building CXX object CMakeFiles/blaspp.dir/src/device_her.cc.o
[ 63%] Building CXX object CMakeFiles/blaspp.dir/src/device_her2.cc.o
[ 64%] Building CXX object CMakeFiles/blaspp.dir/src/device_her2k.cc.o
[ 65%] Building CXX object CMakeFiles/blaspp.dir/src/device_herk.cc.o
[ 67%] Building CXX object CMakeFiles/blaspp.dir/src/device_iamax.cc.o
[ 68%] Building CXX object CMakeFiles/blaspp.dir/src/device_queue.cc.o
[ 69%] Building CXX object CMakeFiles/blaspp.dir/src/device_symm.cc.o
[ 70%] Building CXX object CMakeFiles/blaspp.dir/src/device_symv.cc.o
[ 71%] Building CXX object CMakeFiles/blaspp.dir/src/device_syr.cc.o
[ 72%] Building CXX object CMakeFiles/blaspp.dir/src/device_syr2.cc.o
[ 73%] Building CXX object CMakeFiles/blaspp.dir/src/device_syr2k.cc.o
[ 74%] Building CXX object CMakeFiles/blaspp.dir/src/device_syrk.cc.o
[ 75%] Building CXX object CMakeFiles/blaspp.dir/src/device_asum.cc.o
[ 76%] Building CXX object CMakeFiles/blaspp.dir/src/device_axpy.cc.o
[ 77%] Building CXX object CMakeFiles/blaspp.dir/src/device_dot.cc.o
[ 79%] Building CXX object CMakeFiles/blaspp.dir/src/device_scal.cc.o
[ 79%] Building CXX object CMakeFiles/blaspp.dir/src/device_nrm2.cc.o
[ 80%] Building CXX object CMakeFiles/blaspp.dir/src/device_swap.cc.o
[ 81%] Building CXX object CMakeFiles/blaspp.dir/src/device_copy.cc.o
[ 82%] Building CXX object CMakeFiles/blaspp.dir/src/device_rot.cc.o
[ 84%] Building CXX object CMakeFiles/blaspp.dir/src/device_rotg.cc.o
[ 85%] Building CXX object CMakeFiles/blaspp.dir/src/device_rotm.cc.o
[ 86%] Building CXX object CMakeFiles/blaspp.dir/src/device_rotmg.cc.o
[ 87%] Building CXX object CMakeFiles/blaspp.dir/src/device_trmm.cc.o
[ 88%] Building CXX object CMakeFiles/blaspp.dir/src/device_trmv.cc.o
[ 90%] Building CXX object CMakeFiles/blaspp.dir/src/device_trsv.cc.o
[ 90%] Building CXX object CMakeFiles/blaspp.dir/src/device_trsm.cc.o
[ 91%] Building CXX object CMakeFiles/blaspp.dir/src/device_utils.cc.o
[ 92%] Building CXX object CMakeFiles/blaspp.dir/src/cublas_wrappers.cc.o
[ 93%] Building CXX object CMakeFiles/blaspp.dir/src/rocblas_wrappers.cc.o
[ 94%] Building CXX object CMakeFiles/blaspp.dir/src/onemkl_wrappers.cc.o
[ 95%] Building CUDA object CMakeFiles/blaspp.dir/src/cuda/device_conj.cu.o
[ 96%] Building CUDA object CMakeFiles/blaspp.dir/src/cuda/device_geadd.cu.o
[ 97%] Building CUDA object CMakeFiles/blaspp.dir/src/cuda/device_shift_vec.cu.o
[ 98%] Building CUDA object CMakeFiles/blaspp.dir/src/cuda/device_tzadd.cu.o
[100%] Linking CXX shared library libblaspp.so
[100%] Built target blaspp
[100%] Built target blaspp
Install the project...
-- Install configuration: "Release"
-- Installing: /data/users/sargent/.local/slate/lib/libblaspp.so.2.0.0
-- Up-to-date: /data/users/sargent/.local/slate/lib/libblaspp.so.2
-- Set non-toolchain portion of runtime path of "/data/users/sargent/.local/slate/lib/libblaspp.so.2.0.0" to ""
-- Up-to-date: /data/users/sargent/.local/slate/lib/libblaspp.so
-- Up-to-date: /data/users/sargent/.local/slate/include
-- Up-to-date: /data/users/sargent/.local/slate/include/blas.hh
-- Up-to-date: /data/users/sargent/.local/slate/include/blas
-- Up-to-date: /data/users/sargent/.local/slate/include/blas/device_blas.hh
-- Up-to-date: /data/users/sargent/.local/slate/include/blas/iamax.hh
-- Up-to-date: /data/users/sargent/.local/slate/include/blas/device.hh
-- Up-to-date: /data/users/sargent/.local/slate/include/blas/counter.hh
-- Up-to-date: /data/users/sargent/.local/slate/include/blas/geru.hh
-- Up-to-date: /data/users/sargent/.local/slate/include/blas/wrappers.hh
-- Up-to-date: /data/users/sargent/.local/slate/include/blas/syr.hh
-- Up-to-date: /data/users/sargent/.local/slate/include/blas/hemm.hh
-- Up-to-date: /data/users/sargent/.local/slate/include/blas/scal.hh
-- Up-to-date: /data/users/sargent/.local/slate/include/blas/mangling.h
-- Up-to-date: /data/users/sargent/.local/slate/include/blas/symm.hh
-- Up-to-date: /data/users/sargent/.local/slate/include/blas/rotm.hh
-- Up-to-date: /data/users/sargent/.local/slate/include/blas/gemm.hh
-- Up-to-date: /data/users/sargent/.local/slate/include/blas/ger.hh
-- Up-to-date: /data/users/sargent/.local/slate/include/blas/dot.hh
-- Up-to-date: /data/users/sargent/.local/slate/include/blas/util.hh
-- Up-to-date: /data/users/sargent/.local/slate/include/blas/nrm2.hh
-- Up-to-date: /data/users/sargent/.local/slate/include/blas/trmm.hh
-- Up-to-date: /data/users/sargent/.local/slate/include/blas/copy.hh
-- Up-to-date: /data/users/sargent/.local/slate/include/blas/trsv.hh
-- Up-to-date: /data/users/sargent/.local/slate/include/blas/her2.hh
-- Up-to-date: /data/users/sargent/.local/slate/include/blas/syrk.hh
-- Up-to-date: /data/users/sargent/.local/slate/include/blas/syr2.hh
-- Up-to-date: /data/users/sargent/.local/slate/include/blas/herk.hh
-- Up-to-date: /data/users/sargent/.local/slate/include/blas/her2k.hh
-- Up-to-date: /data/users/sargent/.local/slate/include/blas/hemv.hh
-- Up-to-date: /data/users/sargent/.local/slate/include/blas/symv.hh
-- Up-to-date: /data/users/sargent/.local/slate/include/blas/swap.hh
-- Up-to-date: /data/users/sargent/.local/slate/include/blas/rot.hh
-- Up-to-date: /data/users/sargent/.local/slate/include/blas/gemv.hh
-- Up-to-date: /data/users/sargent/.local/slate/include/blas/dotu.hh
-- Up-to-date: /data/users/sargent/.local/slate/include/blas/rotmg.hh
-- Up-to-date: /data/users/sargent/.local/slate/include/blas/config.h
-- Up-to-date: /data/users/sargent/.local/slate/include/blas/batch_common.hh
-- Up-to-date: /data/users/sargent/.local/slate/include/blas/trmv.hh
-- Up-to-date: /data/users/sargent/.local/slate/include/blas/her.hh
-- Up-to-date: /data/users/sargent/.local/slate/include/blas/rotg.hh
-- Up-to-date: /data/users/sargent/.local/slate/include/blas/flops.hh
-- Up-to-date: /data/users/sargent/.local/slate/include/blas/asum.hh
-- Up-to-date: /data/users/sargent/.local/slate/include/blas/syr2k.hh
-- Up-to-date: /data/users/sargent/.local/slate/include/blas/fortran.h
-- Up-to-date: /data/users/sargent/.local/slate/include/blas/trsm.hh
-- Up-to-date: /data/users/sargent/.local/slate/include/blas/axpy.hh
-- Installing: /data/users/sargent/.local/slate/include/blas/defines.h
-- Installing: /data/users/sargent/.local/slate/lib/cmake/blaspp/blasppTargets.cmake
-- Installing: /data/users/sargent/.local/slate/lib/cmake/blaspp/blasppTargets-release.cmake
-- Installing: /data/users/sargent/.local/slate/lib/cmake/blaspp/blasppConfig.cmake
-- Installing: /data/users/sargent/.local/slate/lib/cmake/blaspp/blasppConfigVersion.cmake
=== Building lapackpp ===
-- The CXX compiler identification is GNU 11.4.0
-- Detecting CXX compiler ABI info
-- Detecting CXX compiler ABI info - done
-- Check for working CXX compiler: /usr/bin/g++ - skipped
-- Detecting CXX compile features
-- Detecting CXX compile features - done
-- Using CMAKE_INSTALL_PREFIX = /data/users/sargent/.local/slate

-- [1mLooking for CUDA[22m (gpu_backend = auto)
-- Performing Test CMAKE_HAVE_LIBC_PTHREAD
-- Performing Test CMAKE_HAVE_LIBC_PTHREAD - Success
-- Found Threads: TRUE  
-- [34mBuilding CUDA support[39m

-- [31mNo HIP/ROCm support: gpu_backend = cuda[39m

-- [31mNo oneMKL-SYCL device support: gpu_backend = cuda[39m

-- lapackpp_id = 8b32767
-- Check for BLAS++
-- Found OpenMP_CXX: -fopenmp (found version "4.5") 
-- Found OpenMP: TRUE (found version "4.5")  
-- Found CUDAToolkit: /opt/nvidia/hpc_sdk/Linux_x86_64/24.9/cuda/12.6/targets/x86_64-linux/include (found version "12.6.20") 
   Found BLAS++: /data/users/sargent/.local/slate/lib/cmake/blaspp

-- Looking for LAPACK libraries and options
CMake Warning at /data/users/sargent/.local/src/lapackpp/build/CMakeFiles/CMakeTmp/CMakeLists.txt:23 (add_executable):
  Cannot generate a safe runtime search path for target cmTC_5ab44 because
  files in some directories may conflict with libraries in implicit
  directories:

    runtime library [libgomp.so.1] in /usr/lib/gcc/x86_64-linux-gnu/11 may be hidden by files in:
      /opt/nvidia/hpc_sdk/Linux_x86_64/24.9/compilers/lib

  Some of these libraries may not be found correctly.


   /opt/nvidia/hpc_sdk/Linux_x86_64/24.9/compilers/lib/liblapack.so [34m yes[39m
[34m   Found LAPACK library: /opt/nvidia/hpc_sdk/Linux_x86_64/24.9/compilers/lib/liblapack.so[39m
-- Checking LAPACK version
CMake Warning at /data/users/sargent/.local/src/lapackpp/build/CMakeFiles/CMakeTmp/CMakeLists.txt:23 (add_executable):
  Cannot generate a safe runtime search path for target cmTC_25a86 because
  files in some directories may conflict with libraries in implicit
  directories:

    runtime library [libgomp.so.1] in /usr/lib/gcc/x86_64-linux-gnu/11 may be hidden by files in:
      /opt/nvidia/hpc_sdk/Linux_x86_64/24.9/compilers/lib

  Some of these libraries may not be found correctly.


[34m   LAPACK version 3.11.00 (31100)[39m
-- Checking for XBLAS
CMake Warning at /data/users/sargent/.local/src/lapackpp/build/CMakeFiles/CMakeTmp/CMakeLists.txt:23 (add_executable):
  Cannot generate a safe runtime search path for target cmTC_64a23 because
  files in some directories may conflict with libraries in implicit
  directories:

    runtime library [libgomp.so.1] in /usr/lib/gcc/x86_64-linux-gnu/11 may be hidden by files in:
      /opt/nvidia/hpc_sdk/Linux_x86_64/24.9/compilers/lib

  Some of these libraries may not be found correctly.


[31m   XBLAS not found.[39m
-- Checking for LAPACKE library 
CMake Warning at /data/users/sargent/.local/src/lapackpp/build/CMakeFiles/CMakeTmp/CMakeLists.txt:23 (add_executable):
  Cannot generate a safe runtime search path for target cmTC_3280c because
  files in some directories may conflict with libraries in implicit
  directories:

    runtime library [libgomp.so.1] in /usr/lib/gcc/x86_64-linux-gnu/11 may be hidden by files in:
      /opt/nvidia/hpc_sdk/Linux_x86_64/24.9/compilers/lib

  Some of these libraries may not be found correctly.


-- Checking for LAPACKE library -llapacke
CMake Warning at /data/users/sargent/.local/src/lapackpp/build/CMakeFiles/CMakeTmp/CMakeLists.txt:23 (add_executable):
  Cannot generate a safe runtime search path for target cmTC_38501 because
  files in some directories may conflict with libraries in implicit
  directories:

    runtime library [libgomp.so.1] in /usr/lib/gcc/x86_64-linux-gnu/11 may be hidden by files in:
      /opt/nvidia/hpc_sdk/Linux_x86_64/24.9/compilers/lib

  Some of these libraries may not be found correctly.


[31m   LAPACKE library not found. Tester cannot be built.[39m
CMake Warning at test/CMakeLists.txt:8 (message):
  CBLAS not found; tester cannot be built.


-- Configuring done (11.5s)
CMake Warning at CMakeLists.txt:142 (add_library):
  Cannot generate a safe runtime search path for target lapackpp because
  files in some directories may conflict with libraries in implicit
  directories:

    runtime library [libgomp.so.1] in /usr/lib/gcc/x86_64-linux-gnu/11 may be hidden by files in:
      /opt/nvidia/hpc_sdk/Linux_x86_64/24.9/compilers/lib

  Some of these libraries may not be found correctly.


-- Generating done (0.3s)
-- Build files have been written to: /data/users/sargent/.local/src/lapackpp/build
[  0%] Building CXX object CMakeFiles/lapackpp.dir/src/bdsdc.cc.o
[  0%] Building CXX object CMakeFiles/lapackpp.dir/src/bbcsd.cc.o
[  0%] Building CXX object CMakeFiles/lapackpp.dir/src/bdsqr.cc.o
[  1%] Building CXX object CMakeFiles/lapackpp.dir/src/bdsvdx.cc.o
[  1%] Building CXX object CMakeFiles/lapackpp.dir/src/disna.cc.o
[  1%] Building CXX object CMakeFiles/lapackpp.dir/src/gbbrd.cc.o
[  1%] Building CXX object CMakeFiles/lapackpp.dir/src/gbequ.cc.o
[  1%] Building CXX object CMakeFiles/lapackpp.dir/src/gbcon.cc.o
[  2%] Building CXX object CMakeFiles/lapackpp.dir/src/gbequb.cc.o
[  2%] Building CXX object CMakeFiles/lapackpp.dir/src/gbrfs.cc.o
[  2%] Building CXX object CMakeFiles/lapackpp.dir/src/gbrfsx.cc.o
[  3%] Building CXX object CMakeFiles/lapackpp.dir/src/gbsv.cc.o
[  3%] Building CXX object CMakeFiles/lapackpp.dir/src/gbsvx.cc.o
[  3%] Building CXX object CMakeFiles/lapackpp.dir/src/gbtrf.cc.o
[  3%] Building CXX object CMakeFiles/lapackpp.dir/src/gbtrs.cc.o
[  3%] Building CXX object CMakeFiles/lapackpp.dir/src/gebak.cc.o
[  4%] Building CXX object CMakeFiles/lapackpp.dir/src/gebal.cc.o
[  4%] Building CXX object CMakeFiles/lapackpp.dir/src/gebrd.cc.o
[  4%] Building CXX object CMakeFiles/lapackpp.dir/src/gecon.cc.o
[  4%] Building CXX object CMakeFiles/lapackpp.dir/src/geequ.cc.o
[  4%] Building CXX object CMakeFiles/lapackpp.dir/src/gees.cc.o
[  5%] Building CXX object CMakeFiles/lapackpp.dir/src/geequb.cc.o
[  5%] Building CXX object CMakeFiles/lapackpp.dir/src/geesx.cc.o
[  5%] Building CXX object CMakeFiles/lapackpp.dir/src/geev.cc.o
[  6%] Building CXX object CMakeFiles/lapackpp.dir/src/gehrd.cc.o
[  6%] Building CXX object CMakeFiles/lapackpp.dir/src/gelq.cc.o
[  6%] Building CXX object CMakeFiles/lapackpp.dir/src/gelq2.cc.o
[  6%] Building CXX object CMakeFiles/lapackpp.dir/src/gelqf.cc.o
[  7%] Building CXX object CMakeFiles/lapackpp.dir/src/gels.cc.o
[  7%] Building CXX object CMakeFiles/lapackpp.dir/src/gelsd.cc.o
[  7%] Building CXX object CMakeFiles/lapackpp.dir/src/gelss.cc.o
[  7%] Building CXX object CMakeFiles/lapackpp.dir/src/gelsy.cc.o
[  8%] Building CXX object CMakeFiles/lapackpp.dir/src/gemlq.cc.o
[  8%] Building CXX object CMakeFiles/lapackpp.dir/src/gemqr.cc.o
[  8%] Building CXX object CMakeFiles/lapackpp.dir/src/gemqrt.cc.o
[  8%] Building CXX object CMakeFiles/lapackpp.dir/src/geql2.cc.o
[  9%] Building CXX object CMakeFiles/lapackpp.dir/src/geqlf.cc.o
[  9%] Building CXX object CMakeFiles/lapackpp.dir/src/geqp3.cc.o
[  9%] Building CXX object CMakeFiles/lapackpp.dir/src/geqr.cc.o
[  9%] Building CXX object CMakeFiles/lapackpp.dir/src/geqr2.cc.o
[ 10%] Building CXX object CMakeFiles/lapackpp.dir/src/geqrf.cc.o
[ 10%] Building CXX object CMakeFiles/lapackpp.dir/src/geqrfp.cc.o
[ 10%] Building CXX object CMakeFiles/lapackpp.dir/src/geqrt.cc.o
[ 10%] Building CXX object CMakeFiles/lapackpp.dir/src/geqrt2.cc.o
[ 11%] Building CXX object CMakeFiles/lapackpp.dir/src/geqrt3.cc.o
[ 11%] Building CXX object CMakeFiles/lapackpp.dir/src/gerfs.cc.o
[ 11%] Building CXX object CMakeFiles/lapackpp.dir/src/gerfsx.cc.o
[ 11%] Building CXX object CMakeFiles/lapackpp.dir/src/gerq2.cc.o
[ 12%] Building CXX object CMakeFiles/lapackpp.dir/src/gerqf.cc.o
[ 12%] Building CXX object CMakeFiles/lapackpp.dir/src/gesdd.cc.o
[ 12%] Building CXX object CMakeFiles/lapackpp.dir/src/gesv.cc.o
[ 12%] Building CXX object CMakeFiles/lapackpp.dir/src/gesvd.cc.o
[ 13%] Building CXX object CMakeFiles/lapackpp.dir/src/gesvdx.cc.o
[ 13%] Building CXX object CMakeFiles/lapackpp.dir/src/gesvx.cc.o
[ 13%] Building CXX object CMakeFiles/lapackpp.dir/src/getf2.cc.o
[ 13%] Building CXX object CMakeFiles/lapackpp.dir/src/getrf.cc.o
[ 14%] Building CXX object CMakeFiles/lapackpp.dir/src/getrf2.cc.o
[ 14%] Building CXX object CMakeFiles/lapackpp.dir/src/getri.cc.o
[ 14%] Building CXX object CMakeFiles/lapackpp.dir/src/getrs.cc.o
[ 14%] Building CXX object CMakeFiles/lapackpp.dir/src/getsls.cc.o
[ 15%] Building CXX object CMakeFiles/lapackpp.dir/src/ggbak.cc.o
[ 15%] Building CXX object CMakeFiles/lapackpp.dir/src/ggbal.cc.o
[ 15%] Building CXX object CMakeFiles/lapackpp.dir/src/gges.cc.o
[ 15%] Building CXX object CMakeFiles/lapackpp.dir/src/gges3.cc.o
[ 16%] Building CXX object CMakeFiles/lapackpp.dir/src/ggesx.cc.o
[ 16%] Building CXX object CMakeFiles/lapackpp.dir/src/ggev.cc.o
[ 16%] Building CXX object CMakeFiles/lapackpp.dir/src/ggev3.cc.o
[ 16%] Building CXX object CMakeFiles/lapackpp.dir/src/ggglm.cc.o
[ 17%] Building CXX object CMakeFiles/lapackpp.dir/src/gghrd.cc.o
[ 17%] Building CXX object CMakeFiles/lapackpp.dir/src/gglse.cc.o
[ 17%] Building CXX object CMakeFiles/lapackpp.dir/src/ggqrf.cc.o
[ 17%] Building CXX object CMakeFiles/lapackpp.dir/src/ggrqf.cc.o
[ 18%] Building CXX object CMakeFiles/lapackpp.dir/src/ggsvd3.cc.o
[ 18%] Building CXX object CMakeFiles/lapackpp.dir/src/gtcon.cc.o
[ 18%] Building CXX object CMakeFiles/lapackpp.dir/src/ggsvp3.cc.o
[ 18%] Building CXX object CMakeFiles/lapackpp.dir/src/gtrfs.cc.o
[ 19%] Building CXX object CMakeFiles/lapackpp.dir/src/gtsv.cc.o
[ 19%] Building CXX object CMakeFiles/lapackpp.dir/src/gtsvx.cc.o
[ 19%] Building CXX object CMakeFiles/lapackpp.dir/src/gttrf.cc.o
[ 19%] Building CXX object CMakeFiles/lapackpp.dir/src/gttrs.cc.o
[ 20%] Building CXX object CMakeFiles/lapackpp.dir/src/hbev_2stage.cc.o
[ 20%] Building CXX object CMakeFiles/lapackpp.dir/src/hbev.cc.o
[ 20%] Building CXX object CMakeFiles/lapackpp.dir/src/hbevd_2stage.cc.o
[ 20%] Building CXX object CMakeFiles/lapackpp.dir/src/hbevd.cc.o
[ 21%] Building CXX object CMakeFiles/lapackpp.dir/src/hbevx_2stage.cc.o
[ 21%] Building CXX object CMakeFiles/lapackpp.dir/src/hbevx.cc.o
[ 21%] Building CXX object CMakeFiles/lapackpp.dir/src/hbgst.cc.o
[ 21%] Building CXX object CMakeFiles/lapackpp.dir/src/hbgv.cc.o
[ 22%] Building CXX object CMakeFiles/lapackpp.dir/src/hbgvd.cc.o
[ 22%] Building CXX object CMakeFiles/lapackpp.dir/src/hbgvx.cc.o
[ 22%] Building CXX object CMakeFiles/lapackpp.dir/src/hbtrd.cc.o
[ 22%] Building CXX object CMakeFiles/lapackpp.dir/src/hecon_rk.cc.o
[ 23%] Building CXX object CMakeFiles/lapackpp.dir/src/hecon.cc.o
[ 23%] Building CXX object CMakeFiles/lapackpp.dir/src/heequb.cc.o
[ 23%] Building CXX object CMakeFiles/lapackpp.dir/src/heev_2stage.cc.o
[ 23%] Building CXX object CMakeFiles/lapackpp.dir/src/heev.cc.o
[ 24%] Building CXX object CMakeFiles/lapackpp.dir/src/heevd_2stage.cc.o
[ 24%] Building CXX object CMakeFiles/lapackpp.dir/src/heevd.cc.o
[ 24%] Building CXX object CMakeFiles/lapackpp.dir/src/heevr_2stage.cc.o
[ 24%] Building CXX object CMakeFiles/lapackpp.dir/src/heevr.cc.o
[ 25%] Building CXX object CMakeFiles/lapackpp.dir/src/heevx_2stage.cc.o
[ 25%] Building CXX object CMakeFiles/lapackpp.dir/src/heevx.cc.o
[ 25%] Building CXX object CMakeFiles/lapackpp.dir/src/hegst.cc.o
[ 25%] Building CXX object CMakeFiles/lapackpp.dir/src/hegv_2stage.cc.o
[ 26%] Building CXX object CMakeFiles/lapackpp.dir/src/hegv.cc.o
[ 26%] Building CXX object CMakeFiles/lapackpp.dir/src/hegvd.cc.o
[ 26%] Building CXX object CMakeFiles/lapackpp.dir/src/hegvx.cc.o
[ 26%] Building CXX object CMakeFiles/lapackpp.dir/src/herfs.cc.o
[ 27%] Building CXX object CMakeFiles/lapackpp.dir/src/herfsx.cc.o
[ 27%] Building CXX object CMakeFiles/lapackpp.dir/src/hesv_aa.cc.o
[ 27%] Building CXX object CMakeFiles/lapackpp.dir/src/hesv_rk.cc.o
[ 27%] Building CXX object CMakeFiles/lapackpp.dir/src/hesv_rook.cc.o
[ 28%] Building CXX object CMakeFiles/lapackpp.dir/src/hesv.cc.o
[ 28%] Building CXX object CMakeFiles/lapackpp.dir/src/hesvx.cc.o
[ 28%] Building CXX object CMakeFiles/lapackpp.dir/src/heswapr.cc.o
[ 28%] Building CXX object CMakeFiles/lapackpp.dir/src/hetrd_2stage.cc.o
[ 29%] Building CXX object CMakeFiles/lapackpp.dir/src/hetrd.cc.o
[ 29%] Building CXX object CMakeFiles/lapackpp.dir/src/hetrf_aa.cc.o
[ 29%] Building CXX object CMakeFiles/lapackpp.dir/src/hetrf_rk.cc.o
[ 29%] Building CXX object CMakeFiles/lapackpp.dir/src/hetrf_rook.cc.o
[ 30%] Building CXX object CMakeFiles/lapackpp.dir/src/hetrf.cc.o
[ 30%] Building CXX object CMakeFiles/lapackpp.dir/src/hetri_rk.cc.o
[ 30%] Building CXX object CMakeFiles/lapackpp.dir/src/hetri.cc.o
[ 30%] Building CXX object CMakeFiles/lapackpp.dir/src/hetri2.cc.o
[ 31%] Building CXX object CMakeFiles/lapackpp.dir/src/hetrs_aa.cc.o
[ 31%] Building CXX object CMakeFiles/lapackpp.dir/src/hetrs_rk.cc.o
[ 31%] Building CXX object CMakeFiles/lapackpp.dir/src/hetrs_rook.cc.o
[ 31%] Building CXX object CMakeFiles/lapackpp.dir/src/hetrs.cc.o
[ 32%] Building CXX object CMakeFiles/lapackpp.dir/src/hetrs2.cc.o
[ 32%] Building CXX object CMakeFiles/lapackpp.dir/src/hfrk.cc.o
[ 32%] Building CXX object CMakeFiles/lapackpp.dir/src/hgeqz.cc.o
[ 33%] Building CXX object CMakeFiles/lapackpp.dir/src/hpcon.cc.o
[ 33%] Building CXX object CMakeFiles/lapackpp.dir/src/hpev.cc.o
[ 33%] Building CXX object CMakeFiles/lapackpp.dir/src/hpevd.cc.o
[ 33%] Building CXX object CMakeFiles/lapackpp.dir/src/hpevx.cc.o
[ 33%] Building CXX object CMakeFiles/lapackpp.dir/src/hpgst.cc.o
[ 33%] Building CXX object CMakeFiles/lapackpp.dir/src/hpgv.cc.o
[ 34%] Building CXX object CMakeFiles/lapackpp.dir/src/hpgvd.cc.o
[ 34%] Building CXX object CMakeFiles/lapackpp.dir/src/hpgvx.cc.o
[ 34%] Building CXX object CMakeFiles/lapackpp.dir/src/hprfs.cc.o
[ 34%] Building CXX object CMakeFiles/lapackpp.dir/src/hpsv.cc.o
[ 35%] Building CXX object CMakeFiles/lapackpp.dir/src/hpsvx.cc.o
[ 35%] Building CXX object CMakeFiles/lapackpp.dir/src/hptrd.cc.o
[ 35%] Building CXX object CMakeFiles/lapackpp.dir/src/hptrf.cc.o
[ 35%] Building CXX object CMakeFiles/lapackpp.dir/src/hptri.cc.o
[ 36%] Building CXX object CMakeFiles/lapackpp.dir/src/hptrs.cc.o
[ 36%] Building CXX object CMakeFiles/lapackpp.dir/src/hseqr.cc.o
[ 36%] Building CXX object CMakeFiles/lapackpp.dir/src/lacgv.cc.o
[ 36%] Building CXX object CMakeFiles/lapackpp.dir/src/lacp2.cc.o
[ 37%] Building CXX object CMakeFiles/lapackpp.dir/src/lacpy.cc.o
[ 37%] Building CXX object CMakeFiles/lapackpp.dir/src/lae2.cc.o
[ 37%] Building CXX object CMakeFiles/lapackpp.dir/src/laed4.cc.o
[ 37%] Building CXX object CMakeFiles/lapackpp.dir/src/laev2.cc.o
[ 38%] Building CXX object CMakeFiles/lapackpp.dir/src/lag2c.cc.o
[ 38%] Building CXX object CMakeFiles/lapackpp.dir/src/lag2d.cc.o
[ 38%] Building CXX object CMakeFiles/lapackpp.dir/src/lag2s.cc.o
[ 38%] Building CXX object CMakeFiles/lapackpp.dir/src/lag2z.cc.o
[ 39%] Building CXX object CMakeFiles/lapackpp.dir/src/lagge.cc.o
[ 39%] Building CXX object CMakeFiles/lapackpp.dir/src/laghe.cc.o
[ 39%] Building CXX object CMakeFiles/lapackpp.dir/src/lagsy.cc.o
[ 39%] Building CXX object CMakeFiles/lapackpp.dir/src/langb.cc.o
[ 40%] Building CXX object CMakeFiles/lapackpp.dir/src/lange.cc.o
[ 40%] Building CXX object CMakeFiles/lapackpp.dir/src/langt.cc.o
[ 40%] Building CXX object CMakeFiles/lapackpp.dir/src/lanhb.cc.o
[ 40%] Building CXX object CMakeFiles/lapackpp.dir/src/lanhe.cc.o
[ 41%] Building CXX object CMakeFiles/lapackpp.dir/src/lanhp.cc.o
[ 41%] Building CXX object CMakeFiles/lapackpp.dir/src/lanhs.cc.o
[ 41%] Building CXX object CMakeFiles/lapackpp.dir/src/lanht.cc.o
[ 41%] Building CXX object CMakeFiles/lapackpp.dir/src/lansb.cc.o
[ 42%] Building CXX object CMakeFiles/lapackpp.dir/src/lansp.cc.o
[ 42%] Building CXX object CMakeFiles/lapackpp.dir/src/lanst.cc.o
[ 42%] Building CXX object CMakeFiles/lapackpp.dir/src/lansy.cc.o
[ 42%] Building CXX object CMakeFiles/lapackpp.dir/src/lantb.cc.o
[ 43%] Building CXX object CMakeFiles/lapackpp.dir/src/lantp.cc.o
[ 43%] Building CXX object CMakeFiles/lapackpp.dir/src/lantr.cc.o
[ 43%] Building CXX object CMakeFiles/lapackpp.dir/src/lapmr.cc.o
[ 43%] Building CXX object CMakeFiles/lapackpp.dir/src/lapmt.cc.o
[ 44%] Building CXX object CMakeFiles/lapackpp.dir/src/lapy2.cc.o
[ 44%] Building CXX object CMakeFiles/lapackpp.dir/src/lapy3.cc.o
[ 44%] Building CXX object CMakeFiles/lapackpp.dir/src/larf.cc.o
[ 44%] Building CXX object CMakeFiles/lapackpp.dir/src/larfb.cc.o
[ 45%] Building CXX object CMakeFiles/lapackpp.dir/src/larfg.cc.o
[ 45%] Building CXX object CMakeFiles/lapackpp.dir/src/larfgp.cc.o
[ 45%] Building CXX object CMakeFiles/lapackpp.dir/src/larft.cc.o
[ 45%] Building CXX object CMakeFiles/lapackpp.dir/src/larfx.cc.o
[ 46%] Building CXX object CMakeFiles/lapackpp.dir/src/larfy.cc.o
[ 46%] Building CXX object CMakeFiles/lapackpp.dir/src/larnv.cc.o
[ 46%] Building CXX object CMakeFiles/lapackpp.dir/src/lartg.cc.o
[ 46%] Building CXX object CMakeFiles/lapackpp.dir/src/lartgp.cc.o
[ 47%] Building CXX object CMakeFiles/lapackpp.dir/src/lartgs.cc.o
[ 47%] Building CXX object CMakeFiles/lapackpp.dir/src/lascl.cc.o
[ 47%] Building CXX object CMakeFiles/lapackpp.dir/src/laset.cc.o
[ 47%] Building CXX object CMakeFiles/lapackpp.dir/src/lasr.cc.o
[ 48%] Building CXX object CMakeFiles/lapackpp.dir/src/lassq.cc.o
[ 48%] Building CXX object CMakeFiles/lapackpp.dir/src/laswp.cc.o
[ 48%] Building CXX object CMakeFiles/lapackpp.dir/src/lauum.cc.o
[ 48%] Building CXX object CMakeFiles/lapackpp.dir/src/opgtr.cc.o
[ 49%] Building CXX object CMakeFiles/lapackpp.dir/src/opmtr.cc.o
[ 49%] Building CXX object CMakeFiles/lapackpp.dir/src/orcsd2by1.cc.o
[ 49%] Building CXX object CMakeFiles/lapackpp.dir/src/orgbr.cc.o
[ 49%] Building CXX object CMakeFiles/lapackpp.dir/src/orghr.cc.o
[ 50%] Building CXX object CMakeFiles/lapackpp.dir/src/orglq.cc.o
[ 50%] Building CXX object CMakeFiles/lapackpp.dir/src/orgql.cc.o
[ 50%] Building CXX object CMakeFiles/lapackpp.dir/src/orgqr.cc.o
[ 50%] Building CXX object CMakeFiles/lapackpp.dir/src/orgrq.cc.o
[ 51%] Building CXX object CMakeFiles/lapackpp.dir/src/orgtr.cc.o
[ 51%] Building CXX object CMakeFiles/lapackpp.dir/src/orhr_col.cc.o
[ 51%] Building CXX object CMakeFiles/lapackpp.dir/src/ormbr.cc.o
[ 51%] Building CXX object CMakeFiles/lapackpp.dir/src/ormhr.cc.o
[ 52%] Building CXX object CMakeFiles/lapackpp.dir/src/ormlq.cc.o
[ 52%] Building CXX object CMakeFiles/lapackpp.dir/src/ormql.cc.o
[ 52%] Building CXX object CMakeFiles/lapackpp.dir/src/ormqr.cc.o
[ 52%] Building CXX object CMakeFiles/lapackpp.dir/src/ormrq.cc.o
[ 53%] Building CXX object CMakeFiles/lapackpp.dir/src/ormrz.cc.o
[ 53%] Building CXX object CMakeFiles/lapackpp.dir/src/ormtr.cc.o
[ 53%] Building CXX object CMakeFiles/lapackpp.dir/src/pbcon.cc.o
[ 53%] Building CXX object CMakeFiles/lapackpp.dir/src/pbequ.cc.o
[ 54%] Building CXX object CMakeFiles/lapackpp.dir/src/pbrfs.cc.o
[ 54%] Building CXX object CMakeFiles/lapackpp.dir/src/pbstf.cc.o
[ 54%] Building CXX object CMakeFiles/lapackpp.dir/src/pbsv.cc.o
[ 54%] Building CXX object CMakeFiles/lapackpp.dir/src/pbsvx.cc.o
[ 55%] Building CXX object CMakeFiles/lapackpp.dir/src/pbtrf.cc.o
[ 55%] Building CXX object CMakeFiles/lapackpp.dir/src/pbtrs.cc.o
[ 55%] Building CXX object CMakeFiles/lapackpp.dir/src/pftrf.cc.o
[ 55%] Building CXX object CMakeFiles/lapackpp.dir/src/pftri.cc.o
[ 56%] Building CXX object CMakeFiles/lapackpp.dir/src/pftrs.cc.o
[ 56%] Building CXX object CMakeFiles/lapackpp.dir/src/pocon.cc.o
[ 56%] Building CXX object CMakeFiles/lapackpp.dir/src/poequ.cc.o
[ 56%] Building CXX object CMakeFiles/lapackpp.dir/src/poequb.cc.o
[ 57%] Building CXX object CMakeFiles/lapackpp.dir/src/porfs.cc.o
[ 57%] Building CXX object CMakeFiles/lapackpp.dir/src/porfsx.cc.o
[ 57%] Building CXX object CMakeFiles/lapackpp.dir/src/posv.cc.o
[ 57%] Building CXX object CMakeFiles/lapackpp.dir/src/posvx.cc.o
[ 58%] Building CXX object CMakeFiles/lapackpp.dir/src/potf2.cc.o
[ 58%] Building CXX object CMakeFiles/lapackpp.dir/src/potrf.cc.o
[ 58%] Building CXX object CMakeFiles/lapackpp.dir/src/potrf2.cc.o
[ 58%] Building CXX object CMakeFiles/lapackpp.dir/src/potri.cc.o
[ 59%] Building CXX object CMakeFiles/lapackpp.dir/src/potrs.cc.o
[ 59%] Building CXX object CMakeFiles/lapackpp.dir/src/ppcon.cc.o
[ 59%] Building CXX object CMakeFiles/lapackpp.dir/src/ppequ.cc.o
[ 59%] Building CXX object CMakeFiles/lapackpp.dir/src/pprfs.cc.o
[ 60%] Building CXX object CMakeFiles/lapackpp.dir/src/ppsv.cc.o
[ 60%] Building CXX object CMakeFiles/lapackpp.dir/src/ppsvx.cc.o
[ 60%] Building CXX object CMakeFiles/lapackpp.dir/src/pptrf.cc.o
[ 60%] Building CXX object CMakeFiles/lapackpp.dir/src/pptri.cc.o
[ 61%] Building CXX object CMakeFiles/lapackpp.dir/src/pptrs.cc.o
[ 61%] Building CXX object CMakeFiles/lapackpp.dir/src/pstrf.cc.o
[ 61%] Building CXX object CMakeFiles/lapackpp.dir/src/ptcon.cc.o
[ 61%] Building CXX object CMakeFiles/lapackpp.dir/src/pteqr.cc.o
[ 62%] Building CXX object CMakeFiles/lapackpp.dir/src/ptrfs.cc.o
[ 62%] Building CXX object CMakeFiles/lapackpp.dir/src/ptsv.cc.o
[ 62%] Building CXX object CMakeFiles/lapackpp.dir/src/ptsvx.cc.o
[ 62%] Building CXX object CMakeFiles/lapackpp.dir/src/pttrf.cc.o
[ 63%] Building CXX object CMakeFiles/lapackpp.dir/src/pttrs.cc.o
[ 63%] Building CXX object CMakeFiles/lapackpp.dir/src/sbev_2stage.cc.o
[ 63%] Building CXX object CMakeFiles/lapackpp.dir/src/sbev.cc.o
[ 63%] Building CXX object CMakeFiles/lapackpp.dir/src/sbevd_2stage.cc.o
[ 64%] Building CXX object CMakeFiles/lapackpp.dir/src/sbevd.cc.o
[ 64%] Building CXX object CMakeFiles/lapackpp.dir/src/sbevx_2stage.cc.o
[ 64%] Building CXX object CMakeFiles/lapackpp.dir/src/sbevx.cc.o
[ 64%] Building CXX object CMakeFiles/lapackpp.dir/src/sbgst.cc.o
[ 65%] Building CXX object CMakeFiles/lapackpp.dir/src/sbgv.cc.o
[ 65%] Building CXX object CMakeFiles/lapackpp.dir/src/sbgvd.cc.o
[ 65%] Building CXX object CMakeFiles/lapackpp.dir/src/sbgvx.cc.o
[ 65%] Building CXX object CMakeFiles/lapackpp.dir/src/sbtrd.cc.o
[ 66%] Building CXX object CMakeFiles/lapackpp.dir/src/sfrk.cc.o
[ 66%] Building CXX object CMakeFiles/lapackpp.dir/src/spcon.cc.o
[ 66%] Building CXX object CMakeFiles/lapackpp.dir/src/spev.cc.o
[ 66%] Building CXX object CMakeFiles/lapackpp.dir/src/spevd.cc.o
[ 66%] Building CXX object CMakeFiles/lapackpp.dir/src/spevx.cc.o
[ 67%] Building CXX object CMakeFiles/lapackpp.dir/src/spgst.cc.o
[ 67%] Building CXX object CMakeFiles/lapackpp.dir/src/spgv.cc.o
[ 67%] Building CXX object CMakeFiles/lapackpp.dir/src/spgvd.cc.o
[ 67%] Building CXX object CMakeFiles/lapackpp.dir/src/spgvx.cc.o
[ 68%] Building CXX object CMakeFiles/lapackpp.dir/src/sprfs.cc.o
[ 68%] Building CXX object CMakeFiles/lapackpp.dir/src/spsv.cc.o
[ 68%] Building CXX object CMakeFiles/lapackpp.dir/src/spsvx.cc.o
[ 68%] Building CXX object CMakeFiles/lapackpp.dir/src/sptrd.cc.o
[ 69%] Building CXX object CMakeFiles/lapackpp.dir/src/sptrf.cc.o
[ 69%] Building CXX object CMakeFiles/lapackpp.dir/src/sptri.cc.o
[ 69%] Building CXX object CMakeFiles/lapackpp.dir/src/sptrs.cc.o
[ 69%] Building CXX object CMakeFiles/lapackpp.dir/src/stedc.cc.o
[ 70%] Building CXX object CMakeFiles/lapackpp.dir/src/stein.cc.o
[ 70%] Building CXX object CMakeFiles/lapackpp.dir/src/stegr.cc.o
[ 70%] Building CXX object CMakeFiles/lapackpp.dir/src/stemr.cc.o
[ 70%] Building CXX object CMakeFiles/lapackpp.dir/src/steqr.cc.o
[ 71%] Building CXX object CMakeFiles/lapackpp.dir/src/sterf.cc.o
[ 71%] Building CXX object CMakeFiles/lapackpp.dir/src/stev.cc.o
[ 71%] Building CXX object CMakeFiles/lapackpp.dir/src/stevd.cc.o
[ 71%] Building CXX object CMakeFiles/lapackpp.dir/src/stevr.cc.o
[ 72%] Building CXX object CMakeFiles/lapackpp.dir/src/stevx.cc.o
[ 72%] Building CXX object CMakeFiles/lapackpp.dir/src/sturm.cc.o
[ 72%] Building CXX object CMakeFiles/lapackpp.dir/src/sycon_rk.cc.o
[ 72%] Building CXX object CMakeFiles/lapackpp.dir/src/sycon.cc.o
[ 73%] Building CXX object CMakeFiles/lapackpp.dir/src/syequb.cc.o
[ 73%] Building CXX object CMakeFiles/lapackpp.dir/src/syev_2stage.cc.o
[ 73%] Building CXX object CMakeFiles/lapackpp.dir/src/syev.cc.o
[ 73%] Building CXX object CMakeFiles/lapackpp.dir/src/syevd_2stage.cc.o
[ 74%] Building CXX object CMakeFiles/lapackpp.dir/src/syevd.cc.o
[ 74%] Building CXX object CMakeFiles/lapackpp.dir/src/syevr_2stage.cc.o
[ 74%] Building CXX object CMakeFiles/lapackpp.dir/src/syevr.cc.o
[ 74%] Building CXX object CMakeFiles/lapackpp.dir/src/syevx_2stage.cc.o
[ 75%] Building CXX object CMakeFiles/lapackpp.dir/src/syevx.cc.o
[ 75%] Building CXX object CMakeFiles/lapackpp.dir/src/sygst.cc.o
[ 75%] Building CXX object CMakeFiles/lapackpp.dir/src/sygv_2stage.cc.o
[ 75%] Building CXX object CMakeFiles/lapackpp.dir/src/sygv.cc.o
[ 76%] Building CXX object CMakeFiles/lapackpp.dir/src/sygvd.cc.o
[ 76%] Building CXX object CMakeFiles/lapackpp.dir/src/sygvx.cc.o
[ 76%] Building CXX object CMakeFiles/lapackpp.dir/src/syrfs.cc.o
[ 76%] Building CXX object CMakeFiles/lapackpp.dir/src/syrfsx.cc.o
[ 77%] Building CXX object CMakeFiles/lapackpp.dir/src/sysv_aa.cc.o
[ 77%] Building CXX object CMakeFiles/lapackpp.dir/src/sysv_rk.cc.o
[ 77%] Building CXX object CMakeFiles/lapackpp.dir/src/sysv_rook.cc.o
[ 77%] Building CXX object CMakeFiles/lapackpp.dir/src/sysv.cc.o
[ 78%] Building CXX object CMakeFiles/lapackpp.dir/src/sysvx.cc.o
[ 78%] Building CXX object CMakeFiles/lapackpp.dir/src/syswapr.cc.o
[ 78%] Building CXX object CMakeFiles/lapackpp.dir/src/sytrd_2stage.cc.o
[ 78%] Building CXX object CMakeFiles/lapackpp.dir/src/sytrd.cc.o
[ 79%] Building CXX object CMakeFiles/lapackpp.dir/src/sytrf_aa.cc.o
[ 79%] Building CXX object CMakeFiles/lapackpp.dir/src/sytrf_rk.cc.o
[ 79%] Building CXX object CMakeFiles/lapackpp.dir/src/sytrf_rook.cc.o
[ 79%] Building CXX object CMakeFiles/lapackpp.dir/src/sytrf.cc.o
[ 80%] Building CXX object CMakeFiles/lapackpp.dir/src/sytri_rk.cc.o
[ 80%] Building CXX object CMakeFiles/lapackpp.dir/src/sytri.cc.o
[ 80%] Building CXX object CMakeFiles/lapackpp.dir/src/sytri2.cc.o
[ 80%] Building CXX object CMakeFiles/lapackpp.dir/src/sytrs_aa.cc.o
[ 81%] Building CXX object CMakeFiles/lapackpp.dir/src/sytrs_rk.cc.o
[ 81%] Building CXX object CMakeFiles/lapackpp.dir/src/sytrs_rook.cc.o
[ 81%] Building CXX object CMakeFiles/lapackpp.dir/src/sytrs.cc.o
[ 81%] Building CXX object CMakeFiles/lapackpp.dir/src/sytrs2.cc.o
[ 82%] Building CXX object CMakeFiles/lapackpp.dir/src/tbcon.cc.o
[ 82%] Building CXX object CMakeFiles/lapackpp.dir/src/tbrfs.cc.o
[ 82%] Building CXX object CMakeFiles/lapackpp.dir/src/tbtrs.cc.o
[ 82%] Building CXX object CMakeFiles/lapackpp.dir/src/tfsm.cc.o
[ 83%] Building CXX object CMakeFiles/lapackpp.dir/src/tftri.cc.o
[ 83%] Building CXX object CMakeFiles/lapackpp.dir/src/tfttp.cc.o
[ 83%] Building CXX object CMakeFiles/lapackpp.dir/src/tfttr.cc.o
[ 83%] Building CXX object CMakeFiles/lapackpp.dir/src/tgexc.cc.o
[ 84%] Building CXX object CMakeFiles/lapackpp.dir/src/tgsen.cc.o
[ 84%] Building CXX object CMakeFiles/lapackpp.dir/src/tgsja.cc.o
[ 84%] Building CXX object CMakeFiles/lapackpp.dir/src/tgsyl.cc.o
[ 84%] Building CXX object CMakeFiles/lapackpp.dir/src/tpcon.cc.o
[ 85%] Building CXX object CMakeFiles/lapackpp.dir/src/tplqt.cc.o
[ 85%] Building CXX object CMakeFiles/lapackpp.dir/src/tplqt2.cc.o
[ 85%] Building CXX object CMakeFiles/lapackpp.dir/src/tpmlqt.cc.o
[ 85%] Building CXX object CMakeFiles/lapackpp.dir/src/tpmqrt.cc.o
[ 86%] Building CXX object CMakeFiles/lapackpp.dir/src/tpqrt.cc.o
[ 86%] Building CXX object CMakeFiles/lapackpp.dir/src/tpqrt2.cc.o
[ 86%] Building CXX object CMakeFiles/lapackpp.dir/src/tprfb.cc.o
[ 86%] Building CXX object CMakeFiles/lapackpp.dir/src/tprfs.cc.o
[ 87%] Building CXX object CMakeFiles/lapackpp.dir/src/tptri.cc.o
[ 87%] Building CXX object CMakeFiles/lapackpp.dir/src/tptrs.cc.o
[ 87%] Building CXX object CMakeFiles/lapackpp.dir/src/tpttf.cc.o
[ 87%] Building CXX object CMakeFiles/lapackpp.dir/src/tpttr.cc.o
[ 88%] Building CXX object CMakeFiles/lapackpp.dir/src/trcon.cc.o
[ 88%] Building CXX object CMakeFiles/lapackpp.dir/src/trevc.cc.o
[ 88%] Building CXX object CMakeFiles/lapackpp.dir/src/trevc3.cc.o
[ 88%] Building CXX object CMakeFiles/lapackpp.dir/src/trexc.cc.o
[ 89%] Building CXX object CMakeFiles/lapackpp.dir/src/trrfs.cc.o
[ 89%] Building CXX object CMakeFiles/lapackpp.dir/src/trsen.cc.o
[ 89%] Building CXX object CMakeFiles/lapackpp.dir/src/trtri.cc.o
[ 89%] Building CXX object CMakeFiles/lapackpp.dir/src/trtrs.cc.o
[ 90%] Building CXX object CMakeFiles/lapackpp.dir/src/trttf.cc.o
[ 90%] Building CXX object CMakeFiles/lapackpp.dir/src/trttp.cc.o
[ 90%] Building CXX object CMakeFiles/lapackpp.dir/src/tzrzf.cc.o
[ 90%] Building CXX object CMakeFiles/lapackpp.dir/src/ungbr.cc.o
[ 91%] Building CXX object CMakeFiles/lapackpp.dir/src/unghr.cc.o
[ 91%] Building CXX object CMakeFiles/lapackpp.dir/src/unglq.cc.o
[ 91%] Building CXX object CMakeFiles/lapackpp.dir/src/ungql.cc.o
[ 91%] Building CXX object CMakeFiles/lapackpp.dir/src/ungqr.cc.o
[ 92%] Building CXX object CMakeFiles/lapackpp.dir/src/ungrq.cc.o
[ 92%] Building CXX object CMakeFiles/lapackpp.dir/src/ungtr.cc.o
[ 92%] Building CXX object CMakeFiles/lapackpp.dir/src/unhr_col.cc.o
[ 92%] Building CXX object CMakeFiles/lapackpp.dir/src/unmbr.cc.o
[ 93%] Building CXX object CMakeFiles/lapackpp.dir/src/unmhr.cc.o
[ 93%] Building CXX object CMakeFiles/lapackpp.dir/src/unmlq.cc.o
[ 93%] Building CXX object CMakeFiles/lapackpp.dir/src/unmql.cc.o
[ 93%] Building CXX object CMakeFiles/lapackpp.dir/src/unmqr.cc.o
[ 94%] Building CXX object CMakeFiles/lapackpp.dir/src/unmrq.cc.o
[ 94%] Building CXX object CMakeFiles/lapackpp.dir/src/unmrz.cc.o
[ 94%] Building CXX object CMakeFiles/lapackpp.dir/src/unmtr.cc.o
[ 94%] Building CXX object CMakeFiles/lapackpp.dir/src/upgtr.cc.o
[ 95%] Building CXX object CMakeFiles/lapackpp.dir/src/upmtr.cc.o
[ 95%] Building CXX object CMakeFiles/lapackpp.dir/src/util.cc.o
[ 95%] Building CXX object CMakeFiles/lapackpp.dir/src/version.cc.o
[ 95%] Building CXX object CMakeFiles/lapackpp.dir/src/cuda/cuda_common.cc.o
[ 96%] Building CXX object CMakeFiles/lapackpp.dir/src/cuda/cuda_geqrf.cc.o
[ 96%] Building CXX object CMakeFiles/lapackpp.dir/src/cuda/cuda_getrf.cc.o
[ 96%] Building CXX object CMakeFiles/lapackpp.dir/src/cuda/cuda_potrf.cc.o
[ 96%] Building CXX object CMakeFiles/lapackpp.dir/src/cuda/cuda_heevd.cc.o
In file included from /data/users/sargent/.local/src/lapackpp/src/cuda/cuda_common.cc:10:
/data/users/sargent/.local/src/lapackpp/include/lapack/device.hh: In member function 'cusolverDnContext* lapack::Queue::solver()':
/data/users/sargent/.local/src/lapackpp/include/lapack/device.hh:90:34: warning: variable 'status' set but not used [-Wunused-but-set-variable]
   90 |                 cusolverStatus_t status;
      |                                  ^~~~~~
/data/users/sargent/.local/src/lapackpp/include/lapack/device.hh: In member function 'cusolverDnParams* lapack::Queue::solver_params()':
/data/users/sargent/.local/src/lapackpp/include/lapack/device.hh:108:38: warning: variable 'status' set but not used [-Wunused-but-set-variable]
  108 |                     cusolverStatus_t status;
      |                                      ^~~~~~
[ 97%] Building CXX object CMakeFiles/lapackpp.dir/src/rocm/rocm_geqrf.cc.o
[ 97%] Building CXX object CMakeFiles/lapackpp.dir/src/rocm/rocm_getrf.cc.o
[ 97%] Building CXX object CMakeFiles/lapackpp.dir/src/rocm/rocm_potrf.cc.o
[ 97%] Building CXX object CMakeFiles/lapackpp.dir/src/rocm/rocm_heevd.cc.o
[ 98%] Building CXX object CMakeFiles/lapackpp.dir/src/onemkl/onemkl_potrf.cc.o
[ 98%] Building CXX object CMakeFiles/lapackpp.dir/src/onemkl/onemkl_getrf.cc.o
[ 98%] Building CXX object CMakeFiles/lapackpp.dir/src/onemkl/onemkl_geqrf.cc.o
[ 98%] Building CXX object CMakeFiles/lapackpp.dir/src/onemkl/onemkl_heevd.cc.o
[ 99%] Building CXX object CMakeFiles/lapackpp.dir/src/stub/stub_getrf.cc.o
[ 99%] Building CXX object CMakeFiles/lapackpp.dir/src/stub/stub_potrf.cc.o
[ 99%] Building CXX object CMakeFiles/lapackpp.dir/src/stub/stub_geqrf.cc.o
[ 99%] Building CXX object CMakeFiles/lapackpp.dir/src/stub/stub_heevd.cc.o
In file included from /data/users/sargent/.local/src/lapackpp/src/cuda/cuda_geqrf.cc:10:
/data/users/sargent/.local/src/lapackpp/include/lapack/device.hh: In member function 'cusolverDnContext* lapack::Queue::solver()':
/data/users/sargent/.local/src/lapackpp/include/lapack/device.hh:90:34: warning: variable 'status' set but not used [-Wunused-but-set-variable]
   90 |                 cusolverStatus_t status;
      |                                  ^~~~~~
/data/users/sargent/.local/src/lapackpp/include/lapack/device.hh: In member function 'cusolverDnParams* lapack::Queue::solver_params()':
/data/users/sargent/.local/src/lapackpp/include/lapack/device.hh:108:38: warning: variable 'status' set but not used [-Wunused-but-set-variable]
  108 |                     cusolverStatus_t status;
      |                                      ^~~~~~
In file included from /data/users/sargent/.local/src/lapackpp/src/cuda/cuda_getrf.cc:10:
/data/users/sargent/.local/src/lapackpp/include/lapack/device.hh: In member function 'cusolverDnContext* lapack::Queue::solver()':
/data/users/sargent/.local/src/lapackpp/include/lapack/device.hh:90:34: warning: variable 'status' set but not used [-Wunused-but-set-variable]
   90 |                 cusolverStatus_t status;
      |                                  ^~~~~~
/data/users/sargent/.local/src/lapackpp/include/lapack/device.hh: In member function 'cusolverDnParams* lapack::Queue::solver_params()':
/data/users/sargent/.local/src/lapackpp/include/lapack/device.hh:108:38: warning: variable 'status' set but not used [-Wunused-but-set-variable]
  108 |                     cusolverStatus_t status;
      |                                      ^~~~~~
In file included from /data/users/sargent/.local/src/lapackpp/src/cuda/cuda_potrf.cc:10:
/data/users/sargent/.local/src/lapackpp/include/lapack/device.hh: In member function 'cusolverDnContext* lapack::Queue::solver()':
/data/users/sargent/.local/src/lapackpp/include/lapack/device.hh:90:34: warning: variable 'status' set but not used [-Wunused-but-set-variable]
   90 |                 cusolverStatus_t status;
      |                                  ^~~~~~
/data/users/sargent/.local/src/lapackpp/include/lapack/device.hh: In member function 'cusolverDnParams* lapack::Queue::solver_params()':
/data/users/sargent/.local/src/lapackpp/include/lapack/device.hh:108:38: warning: variable 'status' set but not used [-Wunused-but-set-variable]
  108 |                     cusolverStatus_t status;
      |                                      ^~~~~~
In file included from /data/users/sargent/.local/src/lapackpp/src/cuda/cuda_heevd.cc:10:
/data/users/sargent/.local/src/lapackpp/include/lapack/device.hh: In member function 'cusolverDnContext* lapack::Queue::solver()':
/data/users/sargent/.local/src/lapackpp/include/lapack/device.hh:90:34: warning: variable 'status' set but not used [-Wunused-but-set-variable]
   90 |                 cusolverStatus_t status;
      |                                  ^~~~~~
/data/users/sargent/.local/src/lapackpp/include/lapack/device.hh: In member function 'cusolverDnParams* lapack::Queue::solver_params()':
/data/users/sargent/.local/src/lapackpp/include/lapack/device.hh:108:38: warning: variable 'status' set but not used [-Wunused-but-set-variable]
  108 |                     cusolverStatus_t status;
      |                                      ^~~~~~
[100%] Linking CXX shared library liblapackpp.so
[100%] Built target lapackpp
[100%] Built target lapackpp
Install the project...
-- Install configuration: "Release"
-- Installing: /data/users/sargent/.local/slate/lib/liblapackpp.so.2.0.0
-- Up-to-date: /data/users/sargent/.local/slate/lib/liblapackpp.so.2
-- Set non-toolchain portion of runtime path of "/data/users/sargent/.local/slate/lib/liblapackpp.so.2.0.0" to ""
-- Up-to-date: /data/users/sargent/.local/slate/lib/liblapackpp.so
-- Up-to-date: /data/users/sargent/.local/slate/include
-- Up-to-date: /data/users/sargent/.local/slate/include/lapack
-- Up-to-date: /data/users/sargent/.local/slate/include/lapack/flops.hh
-- Up-to-date: /data/users/sargent/.local/slate/include/lapack/fortran.h
-- Up-to-date: /data/users/sargent/.local/slate/include/lapack/mangling.h
-- Up-to-date: /data/users/sargent/.local/slate/include/lapack/config.h
-- Up-to-date: /data/users/sargent/.local/slate/include/lapack/device.hh
-- Up-to-date: /data/users/sargent/.local/slate/include/lapack/util.hh
-- Up-to-date: /data/users/sargent/.local/slate/include/lapack/wrappers.hh
-- Up-to-date: /data/users/sargent/.local/slate/include/lapack.hh
-- Installing: /data/users/sargent/.local/slate/include/lapack/defines.h
-- Installing: /data/users/sargent/.local/slate/lib/cmake/lapackpp/lapackppTargets.cmake
-- Installing: /data/users/sargent/.local/slate/lib/cmake/lapackpp/lapackppTargets-release.cmake
-- Installing: /data/users/sargent/.local/slate/lib/cmake/lapackpp/lapackppConfig.cmake
-- Installing: /data/users/sargent/.local/slate/lib/cmake/lapackpp/lapackppConfigVersion.cmake
=== Building SLATE ===
-- The CXX compiler identification is GNU 11.4.0
-- The Fortran compiler identification is GNU 11.4.0
-- Detecting CXX compiler ABI info
-- Detecting CXX compiler ABI info - done
-- Check for working CXX compiler: /usr/bin/g++ - skipped
-- Detecting CXX compile features
-- Detecting CXX compile features - done
-- Detecting Fortran compiler ABI info
-- Detecting Fortran compiler ABI info - done
-- Check for working Fortran compiler: /usr/bin/gfortran - skipped
-- Using CMAKE_INSTALL_PREFIX = /data/users/sargent/.local/slate
---------------------------------------- C API: c_api = OFF
-- slate_id = ded1529

---------------------------------------- OpenMP
-- Found OpenMP_CXX: -fopenmp (found version "4.5") 
-- Found OpenMP_Fortran: -fopenmp (found version "4.5") 
-- Found OpenMP: TRUE (found version "4.5")  

---------------------------------------- MPI
-- Found MPI_CXX: /opt/nvidia/hpc_sdk/Linux_x86_64/24.9/comm_libs/12.6/hpcx/hpcx-2.20/ompi/lib/libmpi.so (found version "3.1") 
-- Found MPI: TRUE (found version "3.1") found components: CXX 
-- Found MPI: /opt/nvidia/hpc_sdk/Linux_x86_64/24.9/comm_libs/12.6/hpcx/hpcx-2.20/ompi/lib/libmpi.so

---------------------------------------- oneMKL-SYCL: gpu_backend = cuda
-- [31mNo SYCL support: gpu_backend = cuda[39m

---------------------------------------- BLAS++
-- Performing Test CMAKE_HAVE_LIBC_PTHREAD
-- Performing Test CMAKE_HAVE_LIBC_PTHREAD - Success
-- Found Threads: TRUE  
--    Found BLAS++: /data/users/sargent/.local/slate/lib/cmake/blaspp
-- BLAS++ done

---------------------------------------- LAPACK++
--    Found LAPACK++: /data/users/sargent/.local/slate/lib/cmake/lapackpp
-- LAPACK++ done

---------------------------------------- GPU support
-- [1mLooking for CUDA[22m (gpu_backend = cuda)
-- Found CUDAToolkit: /opt/nvidia/hpc_sdk/Linux_x86_64/24.9/cuda/12.6/targets/x86_64-linux/include (found version "12.6.20") 
-- The CUDA compiler identification is NVIDIA 12.6.20
-- Detecting CUDA compiler ABI info
-- Detecting CUDA compiler ABI info - done
-- Check for working CUDA compiler: /opt/nvidia/hpc_sdk/Linux_x86_64/24.9/cuda/12.6/bin/nvcc - skipped
-- Detecting CUDA compile features
-- Detecting CUDA compile features - done
-- [34mBuilding CUDA support[39m

-- [31mNo HIP/ROCm support: gpu_backend = cuda[39m

---------------------------------------- ScaLAPACK
-- Using ScaLAPACK library: /data/users/sargent/.local/ompi/lib/libscalapack.so

---------------------------------------- TestSweeper
-- Checking for TestSweeper library

---------- TestSweeper
-- Fetching TestSweeper from https://github.com/icl-utk-edu/testsweeper.git
-- Using CMAKE_INSTALL_PREFIX = /data/users/sargent/.local/slate
-- Found OpenMP_CXX: -fopenmp (found version "4.5") 
-- Found OpenMP_Fortran: -fopenmp (found version "4.5") 
-- testsweeper_id = 0091c72
-- Performing Test fp_model
-- Performing Test fp_model - Failed
-- Performing Test warn_unused
-- Performing Test warn_unused - Success
---------- TestSweeper done

-- TestSweeper done

-- Configuring done (28.4s)
CMake Warning at CMakeLists.txt:196 (add_library):
  Cannot generate a safe runtime search path for target slate because files
  in some directories may conflict with libraries in implicit directories:

    runtime library [libgomp.so.1] in /usr/lib/gcc/x86_64-linux-gnu/11 may be hidden by files in:
      /opt/nvidia/hpc_sdk/Linux_x86_64/24.9/compilers/lib

  Some of these libraries may not be found correctly.


CMake Warning at CMakeLists.txt:203 (add_library):
  Cannot generate a safe runtime search path for target slate_matgen because
  files in some directories may conflict with libraries in implicit
  directories:

    runtime library [libgomp.so.1] in /usr/lib/gcc/x86_64-linux-gnu/11 may be hidden by files in:
      /opt/nvidia/hpc_sdk/Linux_x86_64/24.9/compilers/lib

  Some of these libraries may not be found correctly.


CMake Warning at CMakeLists.txt:221 (add_library):
  Cannot generate a safe runtime search path for target slate_lapack_api
  because files in some directories may conflict with libraries in implicit
  directories:

    runtime library [libgomp.so.1] in /usr/lib/gcc/x86_64-linux-gnu/11 may be hidden by files in:
      /opt/nvidia/hpc_sdk/Linux_x86_64/24.9/compilers/lib

  Some of these libraries may not be found correctly.


CMake Warning at test/CMakeLists.txt:80 (add_executable):
  Cannot generate a safe runtime search path for target tester because files
  in some directories may conflict with libraries in implicit directories:

    runtime library [libgomp.so.1] in /usr/lib/gcc/x86_64-linux-gnu/11 may be hidden by files in:
      /opt/nvidia/hpc_sdk/Linux_x86_64/24.9/compilers/lib

  Some of these libraries may not be found correctly.


CMake Warning at test/CMakeLists.txt:80 (add_executable):
  Cannot generate a safe runtime search path for target tester because there
  is a cycle in the constraint graph:

    dir 0 is [/data/users/sargent/.local/src/slate/build/_deps/testsweeper-build]
    dir 1 is [/data/users/sargent/.local/src/slate/build]
    dir 2 is [/data/users/sargent/.local/ompi/lib]
      dir 3 must precede it due to runtime library [libmpi.so.40]
    dir 3 is [/opt/nvidia/hpc_sdk/Linux_x86_64/24.9/comm_libs/12.6/hpcx/hpcx-2.20/ompi/lib]
      dir 2 must precede it due to runtime library [libscalapack_lp64.so.2]
    dir 4 is [/data/users/sargent/.local/slate/lib]
    dir 5 is [/opt/nvidia/hpc_sdk/Linux_x86_64/24.9/compilers/lib]
    dir 6 is [/opt/nvidia/hpc_sdk/Linux_x86_64/24.9/math_libs/12.6/lib64]
    dir 7 is [/opt/nvidia/hpc_sdk/Linux_x86_64/24.9/cuda/12.6/targets/x86_64-linux/lib]

  Some of these libraries may not be found correctly.


CMake Warning at unit_test/CMakeLists.txt:19 (add_executable):
  Cannot generate a safe runtime search path for target test_BandMatrix
  because files in some directories may conflict with libraries in implicit
  directories:

    runtime library [libgomp.so.1] in /usr/lib/gcc/x86_64-linux-gnu/11 may be hidden by files in:
      /opt/nvidia/hpc_sdk/Linux_x86_64/24.9/compilers/lib

  Some of these libraries may not be found correctly.


CMake Warning at unit_test/CMakeLists.txt:19 (add_executable):
  Cannot generate a safe runtime search path for target test_HermitianMatrix
  because files in some directories may conflict with libraries in implicit
  directories:

    runtime library [libgomp.so.1] in /usr/lib/gcc/x86_64-linux-gnu/11 may be hidden by files in:
      /opt/nvidia/hpc_sdk/Linux_x86_64/24.9/compilers/lib

  Some of these libraries may not be found correctly.


CMake Warning at unit_test/CMakeLists.txt:19 (add_executable):
  Cannot generate a safe runtime search path for target test_LockGuard
  because files in some directories may conflict with libraries in implicit
  directories:

    runtime library [libgomp.so.1] in /usr/lib/gcc/x86_64-linux-gnu/11 may be hidden by files in:
      /opt/nvidia/hpc_sdk/Linux_x86_64/24.9/compilers/lib

  Some of these libraries may not be found correctly.


CMake Warning at unit_test/CMakeLists.txt:19 (add_executable):
  Cannot generate a safe runtime search path for target test_Matrix because
  files in some directories may conflict with libraries in implicit
  directories:

    runtime library [libgomp.so.1] in /usr/lib/gcc/x86_64-linux-gnu/11 may be hidden by files in:
      /opt/nvidia/hpc_sdk/Linux_x86_64/24.9/compilers/lib

  Some of these libraries may not be found correctly.


CMake Warning at unit_test/CMakeLists.txt:19 (add_executable):
  Cannot generate a safe runtime search path for target test_Memory because
  files in some directories may conflict with libraries in implicit
  directories:

    runtime library [libgomp.so.1] in /usr/lib/gcc/x86_64-linux-gnu/11 may be hidden by files in:
      /opt/nvidia/hpc_sdk/Linux_x86_64/24.9/compilers/lib

  Some of these libraries may not be found correctly.


CMake Warning at unit_test/CMakeLists.txt:19 (add_executable):
  Cannot generate a safe runtime search path for target
  test_OmpSetMaxActiveLevels because files in some directories may conflict
  with libraries in implicit directories:

    runtime library [libgomp.so.1] in /usr/lib/gcc/x86_64-linux-gnu/11 may be hidden by files in:
      /opt/nvidia/hpc_sdk/Linux_x86_64/24.9/compilers/lib

  Some of these libraries may not be found correctly.


CMake Warning at unit_test/CMakeLists.txt:19 (add_executable):
  Cannot generate a safe runtime search path for target test_SymmetricMatrix
  because files in some directories may conflict with libraries in implicit
  directories:

    runtime library [libgomp.so.1] in /usr/lib/gcc/x86_64-linux-gnu/11 may be hidden by files in:
      /opt/nvidia/hpc_sdk/Linux_x86_64/24.9/compilers/lib

  Some of these libraries may not be found correctly.


CMake Warning at unit_test/CMakeLists.txt:19 (add_executable):
  Cannot generate a safe runtime search path for target test_Tile because
  files in some directories may conflict with libraries in implicit
  directories:

    runtime library [libgomp.so.1] in /usr/lib/gcc/x86_64-linux-gnu/11 may be hidden by files in:
      /opt/nvidia/hpc_sdk/Linux_x86_64/24.9/compilers/lib

  Some of these libraries may not be found correctly.


CMake Warning at unit_test/CMakeLists.txt:19 (add_executable):
  Cannot generate a safe runtime search path for target test_Tile_kernels
  because files in some directories may conflict with libraries in implicit
  directories:

    runtime library [libgomp.so.1] in /usr/lib/gcc/x86_64-linux-gnu/11 may be hidden by files in:
      /opt/nvidia/hpc_sdk/Linux_x86_64/24.9/compilers/lib

  Some of these libraries may not be found correctly.


CMake Warning at unit_test/CMakeLists.txt:19 (add_executable):
  Cannot generate a safe runtime search path for target test_TrapezoidMatrix
  because files in some directories may conflict with libraries in implicit
  directories:

    runtime library [libgomp.so.1] in /usr/lib/gcc/x86_64-linux-gnu/11 may be hidden by files in:
      /opt/nvidia/hpc_sdk/Linux_x86_64/24.9/compilers/lib

  Some of these libraries may not be found correctly.


CMake Warning at unit_test/CMakeLists.txt:19 (add_executable):
  Cannot generate a safe runtime search path for target
  test_TriangularBandMatrix because files in some directories may conflict
  with libraries in implicit directories:

    runtime library [libgomp.so.1] in /usr/lib/gcc/x86_64-linux-gnu/11 may be hidden by files in:
      /opt/nvidia/hpc_sdk/Linux_x86_64/24.9/compilers/lib

  Some of these libraries may not be found correctly.


CMake Warning at unit_test/CMakeLists.txt:19 (add_executable):
  Cannot generate a safe runtime search path for target test_TriangularMatrix
  because files in some directories may conflict with libraries in implicit
  directories:

    runtime library [libgomp.so.1] in /usr/lib/gcc/x86_64-linux-gnu/11 may be hidden by files in:
      /opt/nvidia/hpc_sdk/Linux_x86_64/24.9/compilers/lib

  Some of these libraries may not be found correctly.


CMake Warning at unit_test/CMakeLists.txt:19 (add_executable):
  Cannot generate a safe runtime search path for target test_func because
  files in some directories may conflict with libraries in implicit
  directories:

    runtime library [libgomp.so.1] in /usr/lib/gcc/x86_64-linux-gnu/11 may be hidden by files in:
      /opt/nvidia/hpc_sdk/Linux_x86_64/24.9/compilers/lib

  Some of these libraries may not be found correctly.


CMake Warning at unit_test/CMakeLists.txt:19 (add_executable):
  Cannot generate a safe runtime search path for target test_geadd because
  files in some directories may conflict with libraries in implicit
  directories:

    runtime library [libgomp.so.1] in /usr/lib/gcc/x86_64-linux-gnu/11 may be hidden by files in:
      /opt/nvidia/hpc_sdk/Linux_x86_64/24.9/compilers/lib

  Some of these libraries may not be found correctly.


CMake Warning at unit_test/CMakeLists.txt:19 (add_executable):
  Cannot generate a safe runtime search path for target test_gecopy because
  files in some directories may conflict with libraries in implicit
  directories:

    runtime library [libgomp.so.1] in /usr/lib/gcc/x86_64-linux-gnu/11 may be hidden by files in:
      /opt/nvidia/hpc_sdk/Linux_x86_64/24.9/compilers/lib

  Some of these libraries may not be found correctly.


CMake Warning at unit_test/CMakeLists.txt:19 (add_executable):
  Cannot generate a safe runtime search path for target test_gescale because
  files in some directories may conflict with libraries in implicit
  directories:

    runtime library [libgomp.so.1] in /usr/lib/gcc/x86_64-linux-gnu/11 may be hidden by files in:
      /opt/nvidia/hpc_sdk/Linux_x86_64/24.9/compilers/lib

  Some of these libraries may not be found correctly.


CMake Warning at unit_test/CMakeLists.txt:19 (add_executable):
  Cannot generate a safe runtime search path for target test_geset because
  files in some directories may conflict with libraries in implicit
  directories:

    runtime library [libgomp.so.1] in /usr/lib/gcc/x86_64-linux-gnu/11 may be hidden by files in:
      /opt/nvidia/hpc_sdk/Linux_x86_64/24.9/compilers/lib

  Some of these libraries may not be found correctly.


CMake Warning at unit_test/CMakeLists.txt:19 (add_executable):
  Cannot generate a safe runtime search path for target test_internal_blas
  because files in some directories may conflict with libraries in implicit
  directories:

    runtime library [libgomp.so.1] in /usr/lib/gcc/x86_64-linux-gnu/11 may be hidden by files in:
      /opt/nvidia/hpc_sdk/Linux_x86_64/24.9/compilers/lib

  Some of these libraries may not be found correctly.


CMake Warning at unit_test/CMakeLists.txt:19 (add_executable):
  Cannot generate a safe runtime search path for target test_lq because files
  in some directories may conflict with libraries in implicit directories:

    runtime library [libgomp.so.1] in /usr/lib/gcc/x86_64-linux-gnu/11 may be hidden by files in:
      /opt/nvidia/hpc_sdk/Linux_x86_64/24.9/compilers/lib

  Some of these libraries may not be found correctly.


CMake Warning at unit_test/CMakeLists.txt:19 (add_executable):
  Cannot generate a safe runtime search path for target test_norm because
  files in some directories may conflict with libraries in implicit
  directories:

    runtime library [libgomp.so.1] in /usr/lib/gcc/x86_64-linux-gnu/11 may be hidden by files in:
      /opt/nvidia/hpc_sdk/Linux_x86_64/24.9/compilers/lib

  Some of these libraries may not be found correctly.


CMake Warning at unit_test/CMakeLists.txt:19 (add_executable):
  Cannot generate a safe runtime search path for target test_qr because files
  in some directories may conflict with libraries in implicit directories:

    runtime library [libgomp.so.1] in /usr/lib/gcc/x86_64-linux-gnu/11 may be hidden by files in:
      /opt/nvidia/hpc_sdk/Linux_x86_64/24.9/compilers/lib

  Some of these libraries may not be found correctly.


CMake Warning at unit_test/CMakeLists.txt:19 (add_executable):
  Cannot generate a safe runtime search path for target test_util because
  files in some directories may conflict with libraries in implicit
  directories:

    runtime library [libgomp.so.1] in /usr/lib/gcc/x86_64-linux-gnu/11 may be hidden by files in:
      /opt/nvidia/hpc_sdk/Linux_x86_64/24.9/compilers/lib

  Some of these libraries may not be found correctly.


-- Generating done (2.0s)
CMake Warning:
  Manually-specified variables were not used by the project:

    BLAS_LIBRARIES
    LAPACK_LIBRARIES


-- Build files have been written to: /data/users/sargent/.local/src/slate/build
[  0%] Building CXX object _deps/testsweeper-build/CMakeFiles/testsweeper.dir/testsweeper.cc.o
[  0%] Building CXX object _deps/testsweeper-build/CMakeFiles/testsweeper.dir/version.cc.o
[  0%] Building CXX object CMakeFiles/slate.dir/src/auxiliary/Debug.cc.o
[  0%] Building CXX object CMakeFiles/slate.dir/src/add.cc.o
[  0%] Building CXX object CMakeFiles/slate.dir/src/auxiliary/Trace.cc.o
[  1%] Building CXX object CMakeFiles/slate.dir/src/cholqr.cc.o
[  1%] Building CXX object CMakeFiles/slate.dir/src/bdsqr.cc.o
[  1%] Building CXX object CMakeFiles/slate.dir/src/colNorms.cc.o
[  2%] Building CXX object CMakeFiles/slate.dir/src/copy.cc.o
[  2%] Building CXX object CMakeFiles/slate.dir/src/core/Memory.cc.o
[  3%] Linking CXX shared library libtestsweeper.so
[  3%] Built target testsweeper
[  3%] Building CXX object CMakeFiles/slate.dir/src/core/enums.cc.o
[  3%] Building CXX object CMakeFiles/slate.dir/src/core/types.cc.o
[  4%] Building CXX object CMakeFiles/slate.dir/src/gbmm.cc.o
[  4%] Building CXX object _deps/testsweeper-build/test/CMakeFiles/testsweeper_tester.dir/test.cc.o
[  4%] Building CXX object CMakeFiles/slate.dir/src/gbsv.cc.o
[  4%] Building CXX object _deps/testsweeper-build/test/CMakeFiles/testsweeper_tester.dir/test_sort.cc.o
[  4%] Building CXX object CMakeFiles/slate.dir/src/gbtrf.cc.o
[  5%] Building CXX object CMakeFiles/slate.dir/src/gbtrs.cc.o
[  5%] Building CXX object CMakeFiles/slate.dir/src/ge2tb.cc.o
[  6%] Linking CXX executable testsweeper_tester
[  6%] Building CXX object CMakeFiles/slate.dir/src/gecondest.cc.o
[  6%] Built target testsweeper_tester
[  6%] Building CXX object CMakeFiles/slate.dir/src/gelqf.cc.o
[  7%] Building CXX object CMakeFiles/slate.dir/src/gels.cc.o
[  7%] Building CXX object CMakeFiles/slate.dir/src/gels_cholqr.cc.o
[  7%] Building CXX object CMakeFiles/slate.dir/src/gels_qr.cc.o
[  8%] Building CXX object CMakeFiles/slate.dir/src/gemm.cc.o
[  8%] Building CXX object CMakeFiles/slate.dir/src/gemmA.cc.o
[  8%] Building CXX object CMakeFiles/slate.dir/src/gemmC.cc.o
[  8%] Building CXX object CMakeFiles/slate.dir/src/geqrf.cc.o
[  9%] Building CXX object CMakeFiles/slate.dir/src/gerbt.cc.o
[  9%] Building CXX object CMakeFiles/slate.dir/src/gesv.cc.o
[  9%] Building CXX object CMakeFiles/slate.dir/src/gesv_mixed.cc.o
[ 10%] Building CXX object CMakeFiles/slate.dir/src/gesv_mixed_gmres.cc.o
[ 10%] Building CXX object CMakeFiles/slate.dir/src/gesv_nopiv.cc.o
[ 10%] Building CXX object CMakeFiles/slate.dir/src/gesv_rbt.cc.o
[ 10%] Building CXX object CMakeFiles/slate.dir/src/getrf.cc.o
[ 11%] Building CXX object CMakeFiles/slate.dir/src/getrf_nopiv.cc.o
[ 11%] Building CXX object CMakeFiles/slate.dir/src/getrf_tntpiv.cc.o
[ 11%] Building CXX object CMakeFiles/slate.dir/src/getri.cc.o
[ 12%] Building CXX object CMakeFiles/slate.dir/src/getriOOP.cc.o
[ 12%] Building CXX object CMakeFiles/slate.dir/src/getrs.cc.o
[ 12%] Building CXX object CMakeFiles/slate.dir/src/getrs_nopiv.cc.o
[ 12%] Building CXX object CMakeFiles/slate.dir/src/hb2st.cc.o
[ 13%] Building CXX object CMakeFiles/slate.dir/src/hbmm.cc.o
[ 13%] Building CXX object CMakeFiles/slate.dir/src/he2hb.cc.o
[ 13%] Building CXX object CMakeFiles/slate.dir/src/heev.cc.o
[ 14%] Building CXX object CMakeFiles/slate.dir/src/hegst.cc.o
[ 14%] Building CXX object CMakeFiles/slate.dir/src/hegv.cc.o
[ 14%] Building CXX object CMakeFiles/slate.dir/src/hemm.cc.o
[ 14%] Building CXX object CMakeFiles/slate.dir/src/hemmA.cc.o
[ 15%] Building CXX object CMakeFiles/slate.dir/src/hemmC.cc.o
[ 15%] Building CXX object CMakeFiles/slate.dir/src/her2k.cc.o
[ 15%] Building CXX object CMakeFiles/slate.dir/src/herk.cc.o
[ 16%] Building CXX object CMakeFiles/slate.dir/src/hesv.cc.o
[ 16%] Building CXX object CMakeFiles/slate.dir/src/hetrf.cc.o
[ 16%] Building CXX object CMakeFiles/slate.dir/src/hetrs.cc.o
[ 16%] Building CXX object CMakeFiles/slate.dir/src/internal/internal_comm.cc.o
[ 17%] Building CXX object CMakeFiles/slate.dir/src/internal/internal_copyhb2st.cc.o
[ 17%] Building CXX object CMakeFiles/slate.dir/src/internal/internal_copytb2bd.cc.o
[ 17%] Building CXX object CMakeFiles/slate.dir/src/internal/internal_gbnorm.cc.o
[ 18%] Building CXX object CMakeFiles/slate.dir/src/internal/internal_geadd.cc.o
[ 18%] Building CXX object CMakeFiles/slate.dir/src/internal/internal_gebr.cc.o
[ 18%] Building CXX object CMakeFiles/slate.dir/src/internal/internal_gecopy.cc.o
[ 18%] Building CXX object CMakeFiles/slate.dir/src/internal/internal_gemm.cc.o
[ 19%] Building CXX object CMakeFiles/slate.dir/src/internal/internal_gemmA.cc.o
[ 19%] Building CXX object CMakeFiles/slate.dir/src/internal/internal_genorm.cc.o
[ 19%] Building CXX object CMakeFiles/slate.dir/src/internal/internal_geqrf.cc.o
[ 20%] Building CXX object CMakeFiles/slate.dir/src/internal/internal_gerbt.cc.o
/data/users/sargent/.local/src/slate/src/internal/internal_geqrf.cc: In instantiation of 'void slate::internal::geqrf(slate::internal::TargetType<slate::Target::Devices>, slate::Matrix<scalar_t>&, slate::Matrix<scalar_t>&, std::vector<scalar_t*>, size_t, int64_t, int, int) [with scalar_t = float; size_t = long unsigned int; int64_t = long int]':
/data/users/sargent/.local/src/slate/src/internal/internal_geqrf.cc:29:10:   required from 'void slate::internal::geqrf(slate::Matrix<src_scalar_t>&&, slate::Matrix<src_scalar_t>&&, std::vector<scalar_t*>, size_t, int64_t, int, int) [with slate::Target target = slate::Target::Devices; scalar_t = float; size_t = long unsigned int; int64_t = long int]'
/data/users/sargent/.local/src/slate/src/internal/internal_geqrf.cc:423:52:   required from here
/data/users/sargent/.local/src/slate/src/internal/internal_geqrf.cc:238:12: warning: unused variable 'tot_size' [-Wunused-variable]
  238 |     size_t tot_size = size_A + diag_len + ceildiv(dsize, sizeof(scalar_t))
      |            ^~~~~~~~
/data/users/sargent/.local/src/slate/src/internal/internal_geqrf.cc: In instantiation of 'void slate::internal::geqrf(slate::internal::TargetType<slate::Target::Devices>, slate::Matrix<scalar_t>&, slate::Matrix<scalar_t>&, std::vector<scalar_t*>, size_t, int64_t, int, int) [with scalar_t = double; size_t = long unsigned int; int64_t = long int]':
/data/users/sargent/.local/src/slate/src/internal/internal_geqrf.cc:29:10:   required from 'void slate::internal::geqrf(slate::Matrix<src_scalar_t>&&, slate::Matrix<src_scalar_t>&&, std::vector<scalar_t*>, size_t, int64_t, int, int) [with slate::Target target = slate::Target::Devices; scalar_t = double; size_t = long unsigned int; int64_t = long int]'
/data/users/sargent/.local/src/slate/src/internal/internal_geqrf.cc:430:52:   required from here
/data/users/sargent/.local/src/slate/src/internal/internal_geqrf.cc:238:12: warning: unused variable 'tot_size' [-Wunused-variable]
/data/users/sargent/.local/src/slate/src/internal/internal_geqrf.cc: In instantiation of 'void slate::internal::geqrf(slate::internal::TargetType<slate::Target::Devices>, slate::Matrix<scalar_t>&, slate::Matrix<scalar_t>&, std::vector<scalar_t*>, size_t, int64_t, int, int) [with scalar_t = std::complex<float>; size_t = long unsigned int; int64_t = long int]':
/data/users/sargent/.local/src/slate/src/internal/internal_geqrf.cc:29:10:   required from 'void slate::internal::geqrf(slate::Matrix<src_scalar_t>&&, slate::Matrix<src_scalar_t>&&, std::vector<scalar_t*>, size_t, int64_t, int, int) [with slate::Target target = slate::Target::Devices; scalar_t = std::complex<float>; size_t = long unsigned int; int64_t = long int]'
/data/users/sargent/.local/src/slate/src/internal/internal_geqrf.cc:437:52:   required from here
/data/users/sargent/.local/src/slate/src/internal/internal_geqrf.cc:238:12: warning: unused variable 'tot_size' [-Wunused-variable]
/data/users/sargent/.local/src/slate/src/internal/internal_geqrf.cc: In instantiation of 'void slate::internal::geqrf(slate::internal::TargetType<slate::Target::Devices>, slate::Matrix<scalar_t>&, slate::Matrix<scalar_t>&, std::vector<scalar_t*>, size_t, int64_t, int, int) [with scalar_t = std::complex<double>; size_t = long unsigned int; int64_t = long int]':
/data/users/sargent/.local/src/slate/src/internal/internal_geqrf.cc:29:10:   required from 'void slate::internal::geqrf(slate::Matrix<src_scalar_t>&&, slate::Matrix<src_scalar_t>&&, std::vector<scalar_t*>, size_t, int64_t, int, int) [with slate::Target target = slate::Target::Devices; scalar_t = std::complex<double>; size_t = long unsigned int; int64_t = long int]'
/data/users/sargent/.local/src/slate/src/internal/internal_geqrf.cc:444:52:   required from here
/data/users/sargent/.local/src/slate/src/internal/internal_geqrf.cc:238:12: warning: unused variable 'tot_size' [-Wunused-variable]
[ 20%] Building CXX object CMakeFiles/slate.dir/src/internal/internal_gescale.cc.o
[ 20%] Building CXX object CMakeFiles/slate.dir/src/internal/internal_gescale_row_col.cc.o
[ 20%] Building CXX object CMakeFiles/slate.dir/src/internal/internal_geset.cc.o
[ 21%] Building CXX object CMakeFiles/slate.dir/src/internal/internal_getrf.cc.o
[ 21%] Building CXX object CMakeFiles/slate.dir/src/internal/internal_getrf_nopiv.cc.o
[ 21%] Building CXX object CMakeFiles/slate.dir/src/internal/internal_getrf_tntpiv.cc.o
[ 22%] Building CXX object CMakeFiles/slate.dir/src/internal/internal_hbnorm.cc.o
[ 22%] Building CXX object CMakeFiles/slate.dir/src/internal/internal_he2hb_gemm.cc.o
[ 22%] Building CXX object CMakeFiles/slate.dir/src/internal/internal_he2hb_hemm.cc.o
[ 22%] Building CXX object CMakeFiles/slate.dir/src/internal/internal_he2hb_her2k_offdiag_ranks.cc.o
/data/users/sargent/.local/src/slate/src/internal/internal_getrf_tntpiv.cc: In instantiation of 'void slate::internal::getrf_tntpiv_local(slate::internal::TargetType<slate::Target::Devices>, std::vector<slate::Tile<src_scalar_t> >&, std::vector<char*>, size_t, int, int, lapack::Queue*, int64_t, int64_t, int, int64_t, int64_t, std::vector<long int>&, std::vector<std::vector<slate::internal::AuxPivot<scalar_t> > >&, int, int, int, int64_t*) [with scalar_t = float; size_t = long unsigned int; int64_t = long int]':
/data/users/sargent/.local/src/slate/src/internal/internal_getrf_tntpiv.cc:486:27:   required from 'void slate::internal::getrf_tntpiv_panel(slate::internal::TargetType<target>, slate::Matrix<src_scalar_t>&, slate::Matrix<src_scalar_t>&, std::vector<char*>, size_t, int64_t, int64_t, std::vector<slate::Pivot>&, int, int, int64_t*) [with slate::Target target = slate::Target::Devices; scalar_t = float; size_t = long unsigned int; int64_t = long int]'
/data/users/sargent/.local/src/slate/src/internal/internal_getrf_tntpiv.cc:672:23:   required from 'void slate::internal::getrf_tntpiv_panel(slate::Matrix<src_scalar_t>&&, slate::Matrix<src_scalar_t>&&, std::vector<char*>, size_t, int64_t, int64_t, std::vector<slate::Pivot>&, int, int, int64_t*) [with slate::Target target = slate::Target::Devices; scalar_t = float; size_t = long unsigned int; int64_t = long int]'
/data/users/sargent/.local/src/slate/src/internal/internal_getrf_tntpiv.cc:808:56:   required from here
/data/users/sargent/.local/src/slate/src/internal/internal_getrf_tntpiv.cc:302:12: warning: unused variable 'total_bytes' [-Wunused-variable]
  302 |     size_t total_bytes = dsize + size_A_bytes + ipiv_bytes
      |            ^~~~~~~~~~~
/data/users/sargent/.local/src/slate/src/internal/internal_getrf_tntpiv.cc: In instantiation of 'void slate::internal::getrf_tntpiv_local(slate::internal::TargetType<slate::Target::Devices>, std::vector<slate::Tile<src_scalar_t> >&, std::vector<char*>, size_t, int, int, lapack::Queue*, int64_t, int64_t, int, int64_t, int64_t, std::vector<long int>&, std::vector<std::vector<slate::internal::AuxPivot<scalar_t> > >&, int, int, int, int64_t*) [with scalar_t = double; size_t = long unsigned int; int64_t = long int]':
/data/users/sargent/.local/src/slate/src/internal/internal_getrf_tntpiv.cc:486:27:   required from 'void slate::internal::getrf_tntpiv_panel(slate::internal::TargetType<target>, slate::Matrix<src_scalar_t>&, slate::Matrix<src_scalar_t>&, std::vector<char*>, size_t, int64_t, int64_t, std::vector<slate::Pivot>&, int, int, int64_t*) [with slate::Target target = slate::Target::Devices; scalar_t = double; size_t = long unsigned int; int64_t = long int]'
/data/users/sargent/.local/src/slate/src/internal/internal_getrf_tntpiv.cc:672:23:   required from 'void slate::internal::getrf_tntpiv_panel(slate::Matrix<src_scalar_t>&&, slate::Matrix<src_scalar_t>&&, std::vector<char*>, size_t, int64_t, int64_t, std::vector<slate::Pivot>&, int, int, int64_t*) [with slate::Target target = slate::Target::Devices; scalar_t = double; size_t = long unsigned int; int64_t = long int]'
/data/users/sargent/.local/src/slate/src/internal/internal_getrf_tntpiv.cc:818:56:   required from here
/data/users/sargent/.local/src/slate/src/internal/internal_getrf_tntpiv.cc:302:12: warning: unused variable 'total_bytes' [-Wunused-variable]
/data/users/sargent/.local/src/slate/src/internal/internal_getrf_tntpiv.cc: In instantiation of 'void slate::internal::getrf_tntpiv_local(slate::internal::TargetType<slate::Target::Devices>, std::vector<slate::Tile<src_scalar_t> >&, std::vector<char*>, size_t, int, int, lapack::Queue*, int64_t, int64_t, int, int64_t, int64_t, std::vector<long int>&, std::vector<std::vector<slate::internal::AuxPivot<scalar_t> > >&, int, int, int, int64_t*) [with scalar_t = std::complex<float>; size_t = long unsigned int; int64_t = long int]':
/data/users/sargent/.local/src/slate/src/internal/internal_getrf_tntpiv.cc:486:27:   required from 'void slate::internal::getrf_tntpiv_panel(slate::internal::TargetType<target>, slate::Matrix<src_scalar_t>&, slate::Matrix<src_scalar_t>&, std::vector<char*>, size_t, int64_t, int64_t, std::vector<slate::Pivot>&, int, int, int64_t*) [with slate::Target target = slate::Target::Devices; scalar_t = std::complex<float>; size_t = long unsigned int; int64_t = long int]'
/data/users/sargent/.local/src/slate/src/internal/internal_getrf_tntpiv.cc:672:23:   required from 'void slate::internal::getrf_tntpiv_panel(slate::Matrix<src_scalar_t>&&, slate::Matrix<src_scalar_t>&&, std::vector<char*>, size_t, int64_t, int64_t, std::vector<slate::Pivot>&, int, int, int64_t*) [with slate::Target target = slate::Target::Devices; scalar_t = std::complex<float>; size_t = long unsigned int; int64_t = long int]'
/data/users/sargent/.local/src/slate/src/internal/internal_getrf_tntpiv.cc:828:56:   required from here
/data/users/sargent/.local/src/slate/src/internal/internal_getrf_tntpiv.cc:302:12: warning: unused variable 'total_bytes' [-Wunused-variable]
/data/users/sargent/.local/src/slate/src/internal/internal_getrf_tntpiv.cc: In instantiation of 'void slate::internal::getrf_tntpiv_local(slate::internal::TargetType<slate::Target::Devices>, std::vector<slate::Tile<src_scalar_t> >&, std::vector<char*>, size_t, int, int, lapack::Queue*, int64_t, int64_t, int, int64_t, int64_t, std::vector<long int>&, std::vector<std::vector<slate::internal::AuxPivot<scalar_t> > >&, int, int, int, int64_t*) [with scalar_t = std::complex<double>; size_t = long unsigned int; int64_t = long int]':
/data/users/sargent/.local/src/slate/src/internal/internal_getrf_tntpiv.cc:486:27:   required from 'void slate::internal::getrf_tntpiv_panel(slate::internal::TargetType<target>, slate::Matrix<src_scalar_t>&, slate::Matrix<src_scalar_t>&, std::vector<char*>, size_t, int64_t, int64_t, std::vector<slate::Pivot>&, int, int, int64_t*) [with slate::Target target = slate::Target::Devices; scalar_t = std::complex<double>; size_t = long unsigned int; int64_t = long int]'
/data/users/sargent/.local/src/slate/src/internal/internal_getrf_tntpiv.cc:672:23:   required from 'void slate::internal::getrf_tntpiv_panel(slate::Matrix<src_scalar_t>&&, slate::Matrix<src_scalar_t>&&, std::vector<char*>, size_t, int64_t, int64_t, std::vector<slate::Pivot>&, int, int, int64_t*) [with slate::Target target = slate::Target::Devices; scalar_t = std::complex<double>; size_t = long unsigned int; int64_t = long int]'
/data/users/sargent/.local/src/slate/src/internal/internal_getrf_tntpiv.cc:838:56:   required from here
/data/users/sargent/.local/src/slate/src/internal/internal_getrf_tntpiv.cc:302:12: warning: unused variable 'total_bytes' [-Wunused-variable]
[ 23%] Building CXX object CMakeFiles/slate.dir/src/internal/internal_he2hb_trmm.cc.o
[ 23%] Building CXX object CMakeFiles/slate.dir/src/internal/internal_hebr.cc.o
[ 23%] Building CXX object CMakeFiles/slate.dir/src/internal/internal_hegst.cc.o
[ 24%] Building CXX object CMakeFiles/slate.dir/src/internal/internal_hemm.cc.o
[ 24%] Building CXX object CMakeFiles/slate.dir/src/internal/internal_hemmA.cc.o
[ 24%] Building CXX object CMakeFiles/slate.dir/src/internal/internal_henorm.cc.o
[ 24%] Building CXX object CMakeFiles/slate.dir/src/internal/internal_her2k.cc.o
[ 25%] Building CXX object CMakeFiles/slate.dir/src/internal/internal_herk.cc.o
[ 25%] Building CXX object CMakeFiles/slate.dir/src/internal/internal_hettmqr.cc.o
[ 25%] Building CXX object CMakeFiles/slate.dir/src/internal/internal_norm1est.cc.o
[ 26%] Building CXX object CMakeFiles/slate.dir/src/internal/internal_potrf.cc.o
[ 26%] Building CXX object CMakeFiles/slate.dir/src/internal/internal_rbt_generate.cc.o
[ 26%] Building CXX object CMakeFiles/slate.dir/src/internal/internal_reduce_info.cc.o
[ 26%] Building CXX object CMakeFiles/slate.dir/src/internal/internal_swap.cc.o
[ 27%] Building CXX object CMakeFiles/slate.dir/src/internal/internal_symm.cc.o
[ 27%] Building CXX object CMakeFiles/slate.dir/src/internal/internal_synorm.cc.o
[ 27%] Building CXX object CMakeFiles/slate.dir/src/internal/internal_syr2k.cc.o
[ 28%] Building CXX object CMakeFiles/slate.dir/src/internal/internal_syrk.cc.o
[ 28%] Building CXX object CMakeFiles/slate.dir/src/internal/internal_trmm.cc.o
[ 28%] Building CXX object CMakeFiles/slate.dir/src/internal/internal_trnorm.cc.o
[ 28%] Building CXX object CMakeFiles/slate.dir/src/internal/internal_trsm.cc.o
[ 29%] Building CXX object CMakeFiles/slate.dir/src/internal/internal_trsmA.cc.o
[ 29%] Building CXX object CMakeFiles/slate.dir/src/internal/internal_trtri.cc.o
[ 29%] Building CXX object CMakeFiles/slate.dir/src/internal/internal_trtrm.cc.o
[ 30%] Building CXX object CMakeFiles/slate.dir/src/internal/internal_ttlqt.cc.o
[ 30%] Building CXX object CMakeFiles/slate.dir/src/internal/internal_ttmlq.cc.o
[ 30%] Building CXX object CMakeFiles/slate.dir/src/internal/internal_ttmqr.cc.o
[ 30%] Building CXX object CMakeFiles/slate.dir/src/internal/internal_ttqrt.cc.o
[ 31%] Building CXX object CMakeFiles/slate.dir/src/internal/internal_tzadd.cc.o
[ 31%] Building CXX object CMakeFiles/slate.dir/src/internal/internal_tzcopy.cc.o
[ 31%] Building CXX object CMakeFiles/slate.dir/src/internal/internal_tzscale.cc.o
[ 32%] Building CXX object CMakeFiles/slate.dir/src/internal/internal_tzset.cc.o
[ 32%] Building CXX object CMakeFiles/slate.dir/src/internal/internal_unmlq.cc.o
[ 32%] Building CXX object CMakeFiles/slate.dir/src/internal/internal_unmqr.cc.o
[ 32%] Building CXX object CMakeFiles/slate.dir/src/internal/internal_unmtr_hb2st.cc.o
[ 33%] Building CXX object CMakeFiles/slate.dir/src/internal/internal_util.cc.o
/data/users/sargent/.local/src/slate/src/internal/internal_unmtr_hb2st.cc: In instantiation of 'void slate::internal::unmtr_hb2st(slate::internal::TargetType<target>, blas::Side, blas::Op, slate::Matrix<src_scalar_t>&, slate::Matrix<src_scalar_t>&) [with slate::Target target = slate::Target::HostTask; scalar_t = float]':
/data/users/sargent/.local/src/slate/src/internal/internal_unmtr_hb2st.cc:24:16:   required from 'void slate::internal::unmtr_hb2st(blas::Side, blas::Op, slate::Matrix<src_scalar_t>&, slate::Matrix<src_scalar_t>&) [with slate::Target target = slate::Target::HostTask; scalar_t = float]'
/data/users/sargent/.local/src/slate/src/internal/internal_unmtr_hb2st.cc:463:22:   required from here
/data/users/sargent/.local/src/slate/src/internal/internal_unmtr_hb2st.cc:46:13: warning: unused variable 'mb' [-Wunused-variable]
   46 |     int64_t mb = V.tileMb(0); // == 2 nb
      |             ^~
/data/users/sargent/.local/src/slate/src/internal/internal_unmtr_hb2st.cc: In instantiation of 'void slate::internal::unmtr_hb2st(slate::internal::TargetType<target>, blas::Side, blas::Op, slate::Matrix<src_scalar_t>&, slate::Matrix<src_scalar_t>&) [with slate::Target target = slate::Target::HostTask; scalar_t = double]':
/data/users/sargent/.local/src/slate/src/internal/internal_unmtr_hb2st.cc:24:16:   required from 'void slate::internal::unmtr_hb2st(blas::Side, blas::Op, slate::Matrix<src_scalar_t>&, slate::Matrix<src_scalar_t>&) [with slate::Target target = slate::Target::HostTask; scalar_t = double]'
/data/users/sargent/.local/src/slate/src/internal/internal_unmtr_hb2st.cc:469:23:   required from here
/data/users/sargent/.local/src/slate/src/internal/internal_unmtr_hb2st.cc:46:13: warning: unused variable 'mb' [-Wunused-variable]
/data/users/sargent/.local/src/slate/src/internal/internal_unmtr_hb2st.cc: In instantiation of 'void slate::internal::unmtr_hb2st(slate::internal::TargetType<target>, blas::Side, blas::Op, slate::Matrix<src_scalar_t>&, slate::Matrix<src_scalar_t>&) [with slate::Target target = slate::Target::HostTask; scalar_t = std::complex<float>]':
/data/users/sargent/.local/src/slate/src/internal/internal_unmtr_hb2st.cc:24:16:   required from 'void slate::internal::unmtr_hb2st(blas::Side, blas::Op, slate::Matrix<src_scalar_t>&, slate::Matrix<src_scalar_t>&) [with slate::Target target = slate::Target::HostTask; scalar_t = std::complex<float>]'
/data/users/sargent/.local/src/slate/src/internal/internal_unmtr_hb2st.cc:475:38:   required from here
/data/users/sargent/.local/src/slate/src/internal/internal_unmtr_hb2st.cc:46:13: warning: unused variable 'mb' [-Wunused-variable]
/data/users/sargent/.local/src/slate/src/internal/internal_unmtr_hb2st.cc: In instantiation of 'void slate::internal::unmtr_hb2st(slate::internal::TargetType<target>, blas::Side, blas::Op, slate::Matrix<src_scalar_t>&, slate::Matrix<src_scalar_t>&) [with slate::Target target = slate::Target::HostTask; scalar_t = std::complex<double>]':
/data/users/sargent/.local/src/slate/src/internal/internal_unmtr_hb2st.cc:24:16:   required from 'void slate::internal::unmtr_hb2st(blas::Side, blas::Op, slate::Matrix<src_scalar_t>&, slate::Matrix<src_scalar_t>&) [with slate::Target target = slate::Target::HostTask; scalar_t = std::complex<double>]'
/data/users/sargent/.local/src/slate/src/internal/internal_unmtr_hb2st.cc:481:39:   required from here
/data/users/sargent/.local/src/slate/src/internal/internal_unmtr_hb2st.cc:46:13: warning: unused variable 'mb' [-Wunused-variable]
/data/users/sargent/.local/src/slate/src/internal/internal_unmtr_hb2st.cc: In instantiation of 'void slate::internal::unmtr_hb2st(slate::internal::TargetType<target>, blas::Side, blas::Op, slate::Matrix<src_scalar_t>&, slate::Matrix<src_scalar_t>&) [with slate::Target target = slate::Target::Devices; scalar_t = float]':
/data/users/sargent/.local/src/slate/src/internal/internal_unmtr_hb2st.cc:24:16:   required from 'void slate::internal::unmtr_hb2st(blas::Side, blas::Op, slate::Matrix<src_scalar_t>&, slate::Matrix<src_scalar_t>&) [with slate::Target target = slate::Target::Devices; scalar_t = float]'
/data/users/sargent/.local/src/slate/src/internal/internal_unmtr_hb2st.cc:487:22:   required from here
/data/users/sargent/.local/src/slate/src/internal/internal_unmtr_hb2st.cc:46:13: warning: unused variable 'mb' [-Wunused-variable]
/data/users/sargent/.local/src/slate/src/internal/internal_unmtr_hb2st.cc: In instantiation of 'void slate::internal::unmtr_hb2st(slate::internal::TargetType<target>, blas::Side, blas::Op, slate::Matrix<src_scalar_t>&, slate::Matrix<src_scalar_t>&) [with slate::Target target = slate::Target::Devices; scalar_t = double]':
/data/users/sargent/.local/src/slate/src/internal/internal_unmtr_hb2st.cc:24:16:   required from 'void slate::internal::unmtr_hb2st(blas::Side, blas::Op, slate::Matrix<src_scalar_t>&, slate::Matrix<src_scalar_t>&) [with slate::Target target = slate::Target::Devices; scalar_t = double]'
/data/users/sargent/.local/src/slate/src/internal/internal_unmtr_hb2st.cc:493:23:   required from here
/data/users/sargent/.local/src/slate/src/internal/internal_unmtr_hb2st.cc:46:13: warning: unused variable 'mb' [-Wunused-variable]
/data/users/sargent/.local/src/slate/src/internal/internal_unmtr_hb2st.cc: In instantiation of 'void slate::internal::unmtr_hb2st(slate::internal::TargetType<target>, blas::Side, blas::Op, slate::Matrix<src_scalar_t>&, slate::Matrix<src_scalar_t>&) [with slate::Target target = slate::Target::Devices; scalar_t = std::complex<float>]':
/data/users/sargent/.local/src/slate/src/internal/internal_unmtr_hb2st.cc:24:16:   required from 'void slate::internal::unmtr_hb2st(blas::Side, blas::Op, slate::Matrix<src_scalar_t>&, slate::Matrix<src_scalar_t>&) [with slate::Target target = slate::Target::Devices; scalar_t = std::complex<float>]'
/data/users/sargent/.local/src/slate/src/internal/internal_unmtr_hb2st.cc:499:38:   required from here
/data/users/sargent/.local/src/slate/src/internal/internal_unmtr_hb2st.cc:46:13: warning: unused variable 'mb' [-Wunused-variable]
/data/users/sargent/.local/src/slate/src/internal/internal_unmtr_hb2st.cc: In instantiation of 'void slate::internal::unmtr_hb2st(slate::internal::TargetType<target>, blas::Side, blas::Op, slate::Matrix<src_scalar_t>&, slate::Matrix<src_scalar_t>&) [with slate::Target target = slate::Target::Devices; scalar_t = std::complex<double>]':
/data/users/sargent/.local/src/slate/src/internal/internal_unmtr_hb2st.cc:24:16:   required from 'void slate::internal::unmtr_hb2st(blas::Side, blas::Op, slate::Matrix<src_scalar_t>&, slate::Matrix<src_scalar_t>&) [with slate::Target target = slate::Target::Devices; scalar_t = std::complex<double>]'
/data/users/sargent/.local/src/slate/src/internal/internal_unmtr_hb2st.cc:505:39:   required from here
/data/users/sargent/.local/src/slate/src/internal/internal_unmtr_hb2st.cc:46:13: warning: unused variable 'mb' [-Wunused-variable]
[ 33%] Building CXX object CMakeFiles/slate.dir/src/norm.cc.o
[ 33%] Building CXX object CMakeFiles/slate.dir/src/pbsv.cc.o
[ 34%] Building CXX object CMakeFiles/slate.dir/src/pbtrf.cc.o
[ 34%] Building CXX object CMakeFiles/slate.dir/src/pbtrs.cc.o
[ 34%] Building CXX object CMakeFiles/slate.dir/src/pocondest.cc.o
[ 34%] Building CXX object CMakeFiles/slate.dir/src/posv.cc.o
[ 35%] Building CXX object CMakeFiles/slate.dir/src/posv_mixed.cc.o
[ 35%] Building CXX object CMakeFiles/slate.dir/src/posv_mixed_gmres.cc.o
[ 35%] Building CXX object CMakeFiles/slate.dir/src/potrf.cc.o
[ 36%] Building CXX object CMakeFiles/slate.dir/src/potri.cc.o
[ 36%] Building CXX object CMakeFiles/slate.dir/src/potrs.cc.o
[ 36%] Building CXX object CMakeFiles/slate.dir/src/print.cc.o
[ 36%] Building CXX object CMakeFiles/slate.dir/src/redistribute.cc.o
[ 37%] Building CXX object CMakeFiles/slate.dir/src/scale.cc.o
[ 37%] Building CXX object CMakeFiles/slate.dir/src/scale_row_col.cc.o
[ 37%] Building CXX object CMakeFiles/slate.dir/src/set.cc.o
[ 38%] Building CXX object CMakeFiles/slate.dir/src/set_lambdas.cc.o
[ 38%] Building CXX object CMakeFiles/slate.dir/src/stedc.cc.o
[ 38%] Building CXX object CMakeFiles/slate.dir/src/stedc_deflate.cc.o
[ 38%] Building CXX object CMakeFiles/slate.dir/src/stedc_merge.cc.o
[ 39%] Building CXX object CMakeFiles/slate.dir/src/stedc_secular.cc.o
[ 39%] Building CXX object CMakeFiles/slate.dir/src/stedc_solve.cc.o
[ 39%] Building CXX object CMakeFiles/slate.dir/src/stedc_sort.cc.o
[ 40%] Building CXX object CMakeFiles/slate.dir/src/stedc_z_vector.cc.o
[ 40%] Building CXX object CMakeFiles/slate.dir/src/steqr.cc.o
[ 40%] Building CXX object CMakeFiles/slate.dir/src/steqr_impl.cc.o
[ 40%] Building CXX object CMakeFiles/slate.dir/src/sterf.cc.o
[ 41%] Building CXX object CMakeFiles/slate.dir/src/svd.cc.o
[ 41%] Building CXX object CMakeFiles/slate.dir/src/symm.cc.o
[ 41%] Building CXX object CMakeFiles/slate.dir/src/syr2k.cc.o
[ 42%] Building CXX object CMakeFiles/slate.dir/src/syrk.cc.o
[ 42%] Building CXX object CMakeFiles/slate.dir/src/tb2bd.cc.o
[ 42%] Building CXX object CMakeFiles/slate.dir/src/tbsm.cc.o
[ 42%] Building CXX object CMakeFiles/slate.dir/src/tbsmPivots.cc.o
[ 43%] Building CXX object CMakeFiles/slate.dir/src/trcondest.cc.o
[ 43%] Building CXX object CMakeFiles/slate.dir/src/trmm.cc.o
[ 43%] Building CXX object CMakeFiles/slate.dir/src/trsm.cc.o
[ 44%] Building CXX object CMakeFiles/slate.dir/src/trsmA.cc.o
[ 44%] Building CXX object CMakeFiles/slate.dir/src/trsmB.cc.o
[ 44%] Building CXX object CMakeFiles/slate.dir/src/trtri.cc.o
[ 44%] Building CXX object CMakeFiles/slate.dir/src/trtrm.cc.o
[ 45%] Building CXX object CMakeFiles/slate.dir/src/unmbr_ge2tb.cc.o
[ 45%] Building CXX object CMakeFiles/slate.dir/src/unmlq.cc.o
[ 45%] Building CXX object CMakeFiles/slate.dir/src/unmqr.cc.o
[ 46%] Building CXX object CMakeFiles/slate.dir/src/unmtr_hb2st.cc.o
[ 46%] Building CXX object CMakeFiles/slate.dir/src/unmtr_he2hb.cc.o
[ 46%] Building CXX object CMakeFiles/slate.dir/src/version.cc.o
[ 46%] Building CXX object CMakeFiles/slate.dir/src/work/work_trmm.cc.o
[ 47%] Building CXX object CMakeFiles/slate.dir/src/work/work_trsm.cc.o
[ 47%] Building CXX object CMakeFiles/slate.dir/src/work/work_trsmA.cc.o
[ 47%] Building CUDA object CMakeFiles/slate.dir/src/cuda/device_geadd.cu.o
[ 48%] Building CUDA object CMakeFiles/slate.dir/src/cuda/device_gecopy.cu.o
[ 48%] Building CUDA object CMakeFiles/slate.dir/src/cuda/device_genorm.cu.o
[ 48%] Building CUDA object CMakeFiles/slate.dir/src/cuda/device_gescale.cu.o
[ 48%] Building CUDA object CMakeFiles/slate.dir/src/cuda/device_gescale_row_col.cu.o
[ 49%] Building CUDA object CMakeFiles/slate.dir/src/cuda/device_geset.cu.o
[ 49%] Building CUDA object CMakeFiles/slate.dir/src/cuda/device_henorm.cu.o
[ 49%] Building CUDA object CMakeFiles/slate.dir/src/cuda/device_synorm.cu.o
[ 50%] Building CUDA object CMakeFiles/slate.dir/src/cuda/device_transpose.cu.o
[ 50%] Building CUDA object CMakeFiles/slate.dir/src/cuda/device_trnorm.cu.o
[ 50%] Building CUDA object CMakeFiles/slate.dir/src/cuda/device_tzadd.cu.o
[ 50%] Building CUDA object CMakeFiles/slate.dir/src/cuda/device_tzcopy.cu.o
[ 51%] Building CUDA object CMakeFiles/slate.dir/src/cuda/device_tzscale.cu.o
[ 51%] Building CUDA object CMakeFiles/slate.dir/src/cuda/device_tzset.cu.o
[ 51%] Linking CXX shared library libslate.so
[ 51%] Built target slate
[ 51%] Building CXX object CMakeFiles/slate_matgen.dir/matgen/generate_matrix_ge.cc.o
[ 51%] Building CXX object unit_test/CMakeFiles/test_BandMatrix.dir/test_BandMatrix.cc.o
[ 51%] Building CXX object unit_test/CMakeFiles/test_LockGuard.dir/test_LockGuard.cc.o
[ 51%] Building CXX object unit_test/CMakeFiles/test_Matrix.dir/test_Matrix.cc.o
[ 51%] Building CXX object unit_test/CMakeFiles/test_HermitianMatrix.dir/test_HermitianMatrix.cc.o
[ 54%] Building CXX object unit_test/CMakeFiles/test_Memory.dir/test_Memory.cc.o
[ 54%] Building CXX object CMakeFiles/slate_lapack_api.dir/lapack_api/lapack_gecon.cc.o
[ 54%] Building CXX object unit_test/CMakeFiles/test_OmpSetMaxActiveLevels.dir/test_OmpSetMaxActiveLevels.cc.o
[ 54%] Building CXX object unit_test/CMakeFiles/test_OmpSetMaxActiveLevels.dir/unit_test.cc.o
[ 54%] Building CXX object unit_test/CMakeFiles/test_LockGuard.dir/unit_test.cc.o
[ 55%] Linking CXX executable test_OmpSetMaxActiveLevels
[ 55%] Linking CXX executable test_LockGuard
[ 55%] Building CXX object unit_test/CMakeFiles/test_Memory.dir/unit_test.cc.o
[ 55%] Built target test_OmpSetMaxActiveLevels
[ 55%] Built target test_LockGuard
[ 55%] Building CXX object unit_test/CMakeFiles/test_HermitianMatrix.dir/unit_test.cc.o
[ 55%] Building CXX object unit_test/CMakeFiles/test_SymmetricMatrix.dir/test_SymmetricMatrix.cc.o
[ 55%] Linking CXX executable test_Memory
[ 55%] Building CXX object unit_test/CMakeFiles/test_Matrix.dir/unit_test.cc.o
[ 55%] Built target test_Memory
[ 55%] Building CXX object CMakeFiles/slate_matgen.dir/matgen/generate_matrix_he_and_tz.cc.o
[ 56%] Building CXX object unit_test/CMakeFiles/test_BandMatrix.dir/unit_test.cc.o
[ 56%] Building CXX object CMakeFiles/slate_matgen.dir/matgen/generate_matrix_utils.cc.o
[ 56%] Building CXX object CMakeFiles/slate_lapack_api.dir/lapack_api/lapack_gels.cc.o
[ 56%] Linking CXX executable test_BandMatrix
[ 56%] Built target test_BandMatrix
[ 57%] Building CXX object unit_test/CMakeFiles/test_SymmetricMatrix.dir/unit_test.cc.o
[ 57%] Building CXX object CMakeFiles/slate_lapack_api.dir/lapack_api/lapack_gemm.cc.o
[ 57%] Building CXX object unit_test/CMakeFiles/test_Tile.dir/test_Tile.cc.o
[ 58%] Linking CXX executable test_HermitianMatrix
[ 58%] Built target test_HermitianMatrix
[ 59%] Building CXX object unit_test/CMakeFiles/test_Tile.dir/unit_test.cc.o
[ 60%] Building CXX object CMakeFiles/slate_matgen.dir/matgen/random.cc.o
[ 60%] Linking CXX executable test_SymmetricMatrix
[ 60%] Built target test_SymmetricMatrix
[ 60%] Building CXX object CMakeFiles/slate_lapack_api.dir/lapack_api/lapack_gesv.cc.o
[ 60%] Linking CXX executable test_Tile
[ 61%] Building CXX object CMakeFiles/slate_lapack_api.dir/lapack_api/lapack_gesv_mixed.cc.o
[ 61%] Built target test_Tile
[ 61%] Building CXX object unit_test/CMakeFiles/test_Tile_kernels.dir/test_Tile_kernels.cc.o
[ 61%] Linking CXX executable test_Matrix
[ 61%] Built target test_Matrix
[ 61%] Building CXX object unit_test/CMakeFiles/test_Tile_kernels.dir/unit_test.cc.o
[ 61%] Building CXX object CMakeFiles/slate_lapack_api.dir/lapack_api/lapack_gesvd.cc.o
[ 61%] Building CXX object unit_test/CMakeFiles/test_TrapezoidMatrix.dir/test_TrapezoidMatrix.cc.o
[ 61%] Building CXX object unit_test/CMakeFiles/test_TriangularBandMatrix.dir/test_TriangularBandMatrix.cc.o
[ 61%] Building CXX object unit_test/CMakeFiles/test_TrapezoidMatrix.dir/unit_test.cc.o
[ 61%] Building CXX object unit_test/CMakeFiles/test_TriangularBandMatrix.dir/unit_test.cc.o
[ 61%] Linking CXX shared library libslate_matgen.so
[ 62%] Building CXX object unit_test/CMakeFiles/test_TriangularMatrix.dir/test_TriangularMatrix.cc.o
[ 62%] Built target slate_matgen
[ 63%] Building CXX object unit_test/CMakeFiles/test_func.dir/test_func.cc.o
[ 63%] Building CXX object unit_test/CMakeFiles/test_geadd.dir/test_geadd.cc.o
[ 64%] Building CXX object unit_test/CMakeFiles/test_geadd.dir/unit_test.cc.o
[ 64%] Linking CXX executable test_TriangularBandMatrix
[ 64%] Building CXX object CMakeFiles/slate_lapack_api.dir/lapack_api/lapack_getrf.cc.o
[ 64%] Built target test_TriangularBandMatrix
[ 64%] Building CXX object unit_test/CMakeFiles/test_TriangularMatrix.dir/unit_test.cc.o
[ 64%] Building CXX object unit_test/CMakeFiles/test_func.dir/unit_test.cc.o
[ 64%] Building CXX object unit_test/CMakeFiles/test_gecopy.dir/test_gecopy.cc.o
[ 65%] Linking CXX executable test_Tile_kernels
[ 65%] Built target test_Tile_kernels
[ 66%] Building CXX object unit_test/CMakeFiles/test_gecopy.dir/unit_test.cc.o
[ 67%] Building CXX object CMakeFiles/slate_lapack_api.dir/lapack_api/lapack_getri.cc.o
[ 67%] Linking CXX executable test_func
[ 67%] Built target test_func
[ 67%] Building CXX object CMakeFiles/slate_lapack_api.dir/lapack_api/lapack_getrs.cc.o
[ 67%] Building CXX object CMakeFiles/slate_lapack_api.dir/lapack_api/lapack_heev.cc.o
[ 67%] Linking CXX executable test_gecopy
[ 67%] Linking CXX executable test_geadd
[ 67%] Built target test_gecopy
[ 67%] Built target test_geadd
[ 67%] Building CXX object CMakeFiles/slate_lapack_api.dir/lapack_api/lapack_heevd.cc.o
[ 67%] Building CXX object unit_test/CMakeFiles/test_gescale.dir/test_gescale.cc.o
[ 68%] Linking CXX executable test_TrapezoidMatrix
[ 68%] Building CXX object unit_test/CMakeFiles/test_geset.dir/test_geset.cc.o
[ 68%] Built target test_TrapezoidMatrix
[ 68%] Building CXX object unit_test/CMakeFiles/test_internal_blas.dir/test_internal_blas.cc.o
[ 68%] Linking CXX executable test_TriangularMatrix
[ 68%] Built target test_TriangularMatrix
[ 68%] Building CXX object unit_test/CMakeFiles/test_internal_blas.dir/unit_test.cc.o
[ 68%] Building CXX object unit_test/CMakeFiles/test_geset.dir/unit_test.cc.o
[ 68%] Building CXX object unit_test/CMakeFiles/test_gescale.dir/unit_test.cc.o
[ 69%] Building CXX object unit_test/CMakeFiles/test_lq.dir/test_lq.cc.o
[ 70%] Building CXX object unit_test/CMakeFiles/test_norm.dir/test_norm.cc.o
[ 70%] Building CXX object unit_test/CMakeFiles/test_qr.dir/test_qr.cc.o
[ 71%] Linking CXX executable test_gescale
[ 71%] Built target test_gescale
[ 72%] Building CXX object unit_test/CMakeFiles/test_norm.dir/unit_test.cc.o
[ 72%] Building CXX object CMakeFiles/slate_lapack_api.dir/lapack_api/lapack_hemm.cc.o
[ 72%] Building CXX object unit_test/CMakeFiles/test_lq.dir/unit_test.cc.o
[ 73%] Linking CXX executable test_geset
[ 73%] Built target test_geset
[ 74%] Building CXX object unit_test/CMakeFiles/test_qr.dir/unit_test.cc.o
[ 74%] Building CXX object CMakeFiles/slate_lapack_api.dir/lapack_api/lapack_her2k.cc.o
[ 74%] Building CXX object CMakeFiles/slate_lapack_api.dir/lapack_api/lapack_herk.cc.o
[ 74%] Building CXX object unit_test/CMakeFiles/test_util.dir/test_util.cc.o
[ 74%] Linking CXX executable test_norm
[ 74%] Built target test_norm
[ 75%] Building CXX object CMakeFiles/slate_lapack_api.dir/lapack_api/lapack_lange.cc.o
[ 76%] Building CXX object unit_test/CMakeFiles/test_util.dir/unit_test.cc.o
[ 76%] Linking CXX executable test_internal_blas
[ 76%] Building CXX object CMakeFiles/slate_lapack_api.dir/lapack_api/lapack_lanhe.cc.o
[ 76%] Built target test_internal_blas
[ 76%] Building CXX object test/CMakeFiles/tester.dir/matrix_params.cc.o
[ 76%] Linking CXX executable test_util
[ 76%] Built target test_util
[ 76%] Building CXX object CMakeFiles/slate_lapack_api.dir/lapack_api/lapack_lansy.cc.o
[ 76%] Building CXX object CMakeFiles/slate_lapack_api.dir/lapack_api/lapack_lantr.cc.o
[ 76%] Building CXX object test/CMakeFiles/tester.dir/matrix_utils.cc.o
[ 77%] Building CXX object CMakeFiles/slate_lapack_api.dir/lapack_api/lapack_pocon.cc.o
[ 77%] Building CXX object CMakeFiles/slate_lapack_api.dir/lapack_api/lapack_posv.cc.o
[ 78%] Building CXX object test/CMakeFiles/tester.dir/test.cc.o
[ 78%] Linking CXX executable test_lq
[ 78%] Built target test_lq
[ 78%] Building CXX object test/CMakeFiles/tester.dir/test_add.cc.o
[ 78%] Linking CXX executable test_qr
[ 78%] Built target test_qr
[ 78%] Building CXX object CMakeFiles/slate_lapack_api.dir/lapack_api/lapack_potrf.cc.o
[ 78%] Building CXX object test/CMakeFiles/tester.dir/test_bdsqr.cc.o
[ 79%] Building CXX object test/CMakeFiles/tester.dir/test_copy.cc.o
[ 79%] Building CXX object test/CMakeFiles/tester.dir/test_gbmm.cc.o
[ 79%] Building CXX object test/CMakeFiles/tester.dir/test_gbnorm.cc.o
[ 79%] Building CXX object test/CMakeFiles/tester.dir/test_gbsv.cc.o
[ 80%] Building CXX object CMakeFiles/slate_lapack_api.dir/lapack_api/lapack_potri.cc.o
[ 80%] Building CXX object CMakeFiles/slate_lapack_api.dir/lapack_api/lapack_symm.cc.o
[ 81%] Building CXX object test/CMakeFiles/tester.dir/test_ge2tb.cc.o
[ 81%] Building CXX object CMakeFiles/slate_lapack_api.dir/lapack_api/lapack_syr2k.cc.o
[ 81%] Building CXX object CMakeFiles/slate_lapack_api.dir/lapack_api/lapack_syrk.cc.o
[ 82%] Building CXX object CMakeFiles/slate_lapack_api.dir/lapack_api/lapack_trcon.cc.o
[ 82%] Building CXX object test/CMakeFiles/tester.dir/test_gecondest.cc.o
[ 82%] Building CXX object test/CMakeFiles/tester.dir/test_gelqf.cc.o
[ 82%] Building CXX object CMakeFiles/slate_lapack_api.dir/lapack_api/lapack_trmm.cc.o
[ 82%] Building CXX object CMakeFiles/slate_lapack_api.dir/lapack_api/lapack_trsm.cc.o
[ 83%] Building CXX object test/CMakeFiles/tester.dir/test_gels.cc.o
[ 83%] Building CXX object test/CMakeFiles/tester.dir/test_gemm.cc.o
[ 83%] Building CXX object test/CMakeFiles/tester.dir/test_geqrf.cc.o
[ 83%] Building CXX object test/CMakeFiles/tester.dir/test_gesv.cc.o
[ 84%] Building CXX object test/CMakeFiles/tester.dir/test_getri.cc.o
[ 84%] Building CXX object test/CMakeFiles/tester.dir/test_hb2st.cc.o
[ 84%] Building CXX object test/CMakeFiles/tester.dir/test_hbmm.cc.o
[ 85%] Linking CXX shared library libslate_lapack_api.so
[ 85%] Built target slate_lapack_api
[ 86%] Building CXX object test/CMakeFiles/tester.dir/test_hbnorm.cc.o
[ 86%] Building CXX object test/CMakeFiles/tester.dir/test_he2hb.cc.o
[ 86%] Building CXX object test/CMakeFiles/tester.dir/test_heev.cc.o
[ 86%] Building CXX object test/CMakeFiles/tester.dir/test_hegst.cc.o
[ 87%] Building CXX object test/CMakeFiles/tester.dir/test_hegv.cc.o
[ 87%] Building CXX object test/CMakeFiles/tester.dir/test_hemm.cc.o
[ 87%] Building CXX object test/CMakeFiles/tester.dir/test_her2k.cc.o
[ 88%] Building CXX object test/CMakeFiles/tester.dir/test_herk.cc.o
[ 88%] Building CXX object test/CMakeFiles/tester.dir/test_hesv.cc.o
[ 88%] Building CXX object test/CMakeFiles/tester.dir/test_matgen.cc.o
[ 88%] Building CXX object test/CMakeFiles/tester.dir/test_norm.cc.o
[ 89%] Building CXX object test/CMakeFiles/tester.dir/test_pbsv.cc.o
[ 89%] Building CXX object test/CMakeFiles/tester.dir/test_pocondest.cc.o
[ 89%] Building CXX object test/CMakeFiles/tester.dir/test_posv.cc.o
[ 90%] Building CXX object test/CMakeFiles/tester.dir/test_potri.cc.o
[ 90%] Building CXX object test/CMakeFiles/tester.dir/test_scale.cc.o
[ 90%] Building CXX object test/CMakeFiles/tester.dir/test_scale_row_col.cc.o
[ 90%] Building CXX object test/CMakeFiles/tester.dir/test_set.cc.o
[ 91%] Building CXX object test/CMakeFiles/tester.dir/test_stedc.cc.o
[ 91%] Building CXX object test/CMakeFiles/tester.dir/test_stedc_deflate.cc.o
[ 91%] Building CXX object test/CMakeFiles/tester.dir/test_stedc_secular.cc.o
[ 92%] Building CXX object test/CMakeFiles/tester.dir/test_stedc_sort.cc.o
[ 92%] Building CXX object test/CMakeFiles/tester.dir/test_stedc_z_vector.cc.o
[ 92%] Building CXX object test/CMakeFiles/tester.dir/test_steqr.cc.o
[ 92%] Building CXX object test/CMakeFiles/tester.dir/test_sterf.cc.o
[ 93%] Building CXX object test/CMakeFiles/tester.dir/test_svd.cc.o
[ 93%] Building CXX object test/CMakeFiles/tester.dir/test_symm.cc.o
[ 93%] Building CXX object test/CMakeFiles/tester.dir/test_syr2k.cc.o
[ 94%] Building CXX object test/CMakeFiles/tester.dir/test_syrk.cc.o
[ 94%] Building CXX object test/CMakeFiles/tester.dir/test_tb2bd.cc.o
[ 94%] Building CXX object test/CMakeFiles/tester.dir/test_tbsm.cc.o
[ 94%] Building CXX object test/CMakeFiles/tester.dir/test_trcondest.cc.o
[ 95%] Building CXX object test/CMakeFiles/tester.dir/test_trmm.cc.o
[ 95%] Building CXX object test/CMakeFiles/tester.dir/test_trsm.cc.o
[ 95%] Building CXX object test/CMakeFiles/tester.dir/test_trtri.cc.o
[ 96%] Building CXX object test/CMakeFiles/tester.dir/test_unmqr.cc.o
[ 96%] Building CXX object test/CMakeFiles/tester.dir/test_unmtr_hb2st.cc.o
[ 96%] Building CXX object test/CMakeFiles/tester.dir/test_unmtr_he2hb.cc.o
[ 96%] Building Fortran object test/CMakeFiles/tester.dir/pclange.f.o
[ 97%] Building Fortran object test/CMakeFiles/tester.dir/pclansy.f.o
[ 97%] Building Fortran object test/CMakeFiles/tester.dir/pclantr.f.o
[ 97%] Building Fortran object test/CMakeFiles/tester.dir/pdlange.f.o
[ 98%] Building Fortran object test/CMakeFiles/tester.dir/pdlansy.f.o
[ 98%] Building Fortran object test/CMakeFiles/tester.dir/pdlantr.f.o
[ 98%] Building Fortran object test/CMakeFiles/tester.dir/pslange.f.o
[ 98%] Building Fortran object test/CMakeFiles/tester.dir/pslansy.f.o
[ 99%] Building Fortran object test/CMakeFiles/tester.dir/pslantr.f.o
[ 99%] Building Fortran object test/CMakeFiles/tester.dir/pzlange.f.o
[ 99%] Building Fortran object test/CMakeFiles/tester.dir/pzlansy.f.o
[100%] Building Fortran object test/CMakeFiles/tester.dir/pzlantr.f.o
[100%] Linking CXX executable tester
[100%] Built target tester
[ 49%] Built target slate
[ 50%] Built target slate_matgen
[ 59%] Built target slate_lapack_api
[ 60%] Built target testsweeper
[ 80%] Built target tester
[ 81%] Built target testsweeper_tester
[ 82%] Built target test_BandMatrix
[ 83%] Built target test_HermitianMatrix
[ 84%] Built target test_LockGuard
[ 84%] Built target test_Matrix
[ 85%] Built target test_Memory
[ 86%] Built target test_OmpSetMaxActiveLevels
[ 87%] Built target test_SymmetricMatrix
[ 88%] Built target test_Tile
[ 89%] Built target test_Tile_kernels
[ 90%] Built target test_TrapezoidMatrix
[ 90%] Built target test_TriangularBandMatrix
[ 91%] Built target test_TriangularMatrix
[ 92%] Built target test_func
[ 93%] Built target test_geadd
[ 94%] Built target test_gecopy
[ 95%] Built target test_gescale
[ 96%] Built target test_geset
[ 96%] Built target test_internal_blas
[ 97%] Built target test_lq
[ 98%] Built target test_norm
[ 99%] Built target test_qr
[100%] Built target test_util
Install the project...
-- Install configuration: "Release"
-- Installing: /data/users/sargent/.local/slate/lib/libslate.so.2.0.0
-- Installing: /data/users/sargent/.local/slate/lib/libslate.so.2
-- Set non-toolchain portion of runtime path of "/data/users/sargent/.local/slate/lib/libslate.so.2.0.0" to "/data/users/sargent/.local/slate/"
-- Installing: /data/users/sargent/.local/slate/lib/libslate.so
-- Installing: /data/users/sargent/.local/slate/lib/libslate_lapack_api.so.2.0.0
-- Installing: /data/users/sargent/.local/slate/lib/libslate_lapack_api.so.2
-- Set non-toolchain portion of runtime path of "/data/users/sargent/.local/slate/lib/libslate_lapack_api.so.2.0.0" to "/data/users/sargent/.local/slate/"
-- Installing: /data/users/sargent/.local/slate/lib/libslate_lapack_api.so
-- Up-to-date: /data/users/sargent/.local/slate/include
-- Installing: /data/users/sargent/.local/slate/include/slate
-- Installing: /data/users/sargent/.local/slate/include/slate/config.hh
-- Installing: /data/users/sargent/.local/slate/include/slate/TriangularMatrix.hh
-- Installing: /data/users/sargent/.local/slate/include/slate/internal
-- Installing: /data/users/sargent/.local/slate/include/slate/internal/mpi.hh
-- Installing: /data/users/sargent/.local/slate/include/slate/internal/OmpSetMaxActiveLevels.hh
-- Installing: /data/users/sargent/.local/slate/include/slate/internal/device.hh
-- Installing: /data/users/sargent/.local/slate/include/slate/internal/LockGuard.hh
-- Installing: /data/users/sargent/.local/slate/include/slate/internal/util.hh
-- Installing: /data/users/sargent/.local/slate/include/slate/internal/openmp.hh
-- Installing: /data/users/sargent/.local/slate/include/slate/internal/Memory.hh
-- Installing: /data/users/sargent/.local/slate/include/slate/internal/Trace.hh
-- Installing: /data/users/sargent/.local/slate/include/slate/internal/comm.hh
-- Installing: /data/users/sargent/.local/slate/include/slate/internal/MatrixStorage.hh
-- Installing: /data/users/sargent/.local/slate/include/slate/BaseMatrix.hh
-- Installing: /data/users/sargent/.local/slate/include/slate/SymmetricMatrix.hh
-- Installing: /data/users/sargent/.local/slate/include/slate/Tile_aux.hh
-- Installing: /data/users/sargent/.local/slate/include/slate/Exception.hh
-- Installing: /data/users/sargent/.local/slate/include/slate/c_api
-- Installing: /data/users/sargent/.local/slate/include/slate/c_api/slate.h
-- Installing: /data/users/sargent/.local/slate/include/slate/c_api/types.h
-- Installing: /data/users/sargent/.local/slate/include/slate/BaseTrapezoidMatrix.hh
-- Installing: /data/users/sargent/.local/slate/include/slate/HermitianBandMatrix.hh
-- Installing: /data/users/sargent/.local/slate/include/slate/func.hh
-- Installing: /data/users/sargent/.local/slate/include/slate/BaseBandMatrix.hh
-- Installing: /data/users/sargent/.local/slate/include/slate/generate_matrix.hh
-- Installing: /data/users/sargent/.local/slate/include/slate/TriangularBandMatrix.hh
-- Installing: /data/users/sargent/.local/slate/include/slate/types.hh
-- Installing: /data/users/sargent/.local/slate/include/slate/TrapezoidMatrix.hh
-- Installing: /data/users/sargent/.local/slate/include/slate/BandMatrix.hh
-- Installing: /data/users/sargent/.local/slate/include/slate/Tile_blas.hh
-- Installing: /data/users/sargent/.local/slate/include/slate/enums.hh
-- Installing: /data/users/sargent/.local/slate/include/slate/Tile.hh
-- Installing: /data/users/sargent/.local/slate/include/slate/slate.hh
-- Installing: /data/users/sargent/.local/slate/include/slate/print.hh
-- Installing: /data/users/sargent/.local/slate/include/slate/simplified_api.hh
-- Installing: /data/users/sargent/.local/slate/include/slate/Matrix.hh
-- Installing: /data/users/sargent/.local/slate/include/slate/BaseTriangularBandMatrix.hh
-- Installing: /data/users/sargent/.local/slate/include/slate/HermitianMatrix.hh
-- Installing: /data/users/sargent/.local/slate/lib/cmake/slate/slateTargets.cmake
-- Installing: /data/users/sargent/.local/slate/lib/cmake/slate/slateTargets-release.cmake
-- Installing: /data/users/sargent/.local/slate/lib/cmake/slate/slateConfig.cmake
-- Installing: /data/users/sargent/.local/slate/lib/cmake/slate/slateConfigVersion.cmake
SLATE installed to /data/users/sargent/.local/slate
Pass -Dslate_DIR=/data/users/sargent/.local/slate/lib/cmake/slate to CMake
=== Done ===
