pe,run,task_id,op_name,start_ts,end_ts,wait_start_ts
1,0,16,SYRK(1,1,0),1777924263555259392,1777924263576627200,1777924263540192256
1,0,17,GEMM(2,1,0),1777924263576634368,1777924263618014208,1777924263576630272
1,0,18,GEMM(3,1,0),1777924263618021376,1777924263660015616,1777924263618018304
1,0,19,GEMM(4,1,0),1777924263660021760,1777924263700136960,1777924263660018688
1,0,20,GEMM(5,1,0),1777924263700143104,1777924263742670848,1777924263700140032
1,0,21,GEMM(6,1,0),1777924263742678016,1777924263783965696,1777924263742673920
1,0,22,GEMM(7,1,0),1777924263783972864,1777924263825593344,1777924263783968768
1,0,23,GEMM(8,1,0),1777924263825600512,1777924263865268224,1777924263825597440
1,0,24,GEMM(9,1,0),1777924263865275392,1777924263907622912,1777924263865272320
1,0,25,GEMM(10,1,0),1777924263907630080,1777924263948910592,1777924263907625984
1,0,26,GEMM(11,1,0),1777924263948917760,1777924263990816768,1777924263948913664
1,0,27,GEMM(12,1,0),1777924263990823936,1777924264030912512,1777924263990820864
1,0,28,GEMM(13,1,0),1777924264030919680,1777924264073479168,1777924264030916608
1,0,29,GEMM(14,1,0),1777924264073486336,1777924264114792448,1777924264073482240
1,0,30,GEMM(15,1,0),1777924264114799616,1777924264156355584,1777924264114795520
1,0,45,SYRK(3,3,0),1777924264156362752,1777924264177270784,1777924264156359680
1,0,46,GEMM(4,3,0),1777924264177277952,1777924264216956928,1777924264177273856
1,0,47,GEMM(5,3,0),1777924264216963072,1777924264258838528,1777924264216958976
1,0,48,GEMM(6,3,0),1777924264258845696,1777924264299479040,1777924264258842624
1,0,49,GEMM(7,3,0),1777924264299486208,1777924264340290560,1777924264299483136
1,0,50,GEMM(8,3,0),1777924264340297728,1777924264379149312,1777924264340294656
1,0,51,GEMM(9,3,0),1777924264379156480,1777924264420836352,1777924264379153408
1,0,52,GEMM(10,3,0),1777924264420843520,1777924264461502464,1777924264420839424
1,0,53,GEMM(11,3,0),1777924264461509632,1777924264502923264,1777924264461506560
1,0,54,GEMM(12,3,0),1777924264502930432,1777924264542630912,1777924264502927360
1,0,55,GEMM(13,3,0),1777924264542638080,1777924264584530944,1777924264542633984
1,0,56,GEMM(14,3,0),1777924264584537088,1777924264625178624,1777924264584532992
1,0,57,GEMM(15,3,0),1777924264625185792,1777924264666131456,1777924264625182720
1,0,70,SYRK(5,5,0),1777924264666138624,1777924264687647744,1777924264666135552
1,0,71,GEMM(6,5,0),1777924264687655936,1777924264729180160,1777924264687651840
1,0,72,GEMM(7,5,0),1777924264729187328,1777924264771021824,1777924264729183232
1,0,73,GEMM(8,5,0),1777924264771028992,1777924264810806272,1777924264771025920
1,0,74,GEMM(9,5,0),1777924264810813440,1777924264853433344,1777924264810809344
1,0,75,GEMM(10,5,0),1777924264853440512,1777924264894966784,1777924264853436416
1,0,76,GEMM(11,5,0),1777924264894973952,1777924264937174016,1777924264894970880
1,0,77,GEMM(12,5,0),1777924264937181184,1777924264977611776,1777924264937178112
1,0,78,GEMM(13,5,0),1777924264977618944,1777924265020448768,1777924264977615872
1,0,79,GEMM(14,5,0),1777924265020455936,1777924265062034432,1777924265020451840
1,0,80,GEMM(15,5,0),1777924265062041600,1777924265103833088,1777924265062037504
1,0,91,SYRK(7,7,0),1777924265103839232,1777924265123980288,1777924265103836160
1,0,92,GEMM(8,7,0),1777924265123987456,1777924265162194944,1777924265123983360
1,0,93,GEMM(9,7,0),1777924265162202112,1777924265203288064,1777924265162198016
1,0,94,GEMM(10,7,0),1777924265203295232,1777924265243364352,1777924265203291136
1,0,95,GEMM(11,7,0),1777924265243371520,1777924265283988480,1777924265243367424
1,0,96,GEMM(12,7,0),1777924265283995648,1777924265322613760,1777924265283992576
1,0,97,GEMM(13,7,0),1777924265322620928,1777924265363853312,1777924265322616832
1,0,98,GEMM(14,7,0),1777924265363860480,1777924265403866112,1777924265363857408
1,0,99,GEMM(15,7,0),1777924265403873280,1777924265444024320,1777924265403869184
1,0,108,SYRK(9,9,0),1777924265444031488,1777924265465330688,1777924265444028416
1,0,109,GEMM(10,9,0),1777924265465337856,1777924265506594816,1777924265465333760
1,0,110,GEMM(11,9,0),1777924265506601984,1777924265548507136,1777924265506598912
1,0,111,GEMM(12,9,0),1777924265548514304,1777924265588584448,1777924265548510208
1,0,112,GEMM(13,9,0),1777924265588590592,1777924265631156224,1777924265588587520
1,0,113,GEMM(14,9,0),1777924265631163392,1777924265672492032,1777924265631160320
1,0,114,GEMM(15,9,0),1777924265672498176,1777924265714104320,1777924265672495104
1,0,121,SYRK(11,11,0),1777924265714111488,1777924265734917120,1777924265714108416
1,0,122,GEMM(12,11,0),1777924265734924288,1777924265774651392,1777924265734920192
1,0,123,GEMM(13,11,0),1777924265774658560,1777924265816509440,1777924265774655488
1,0,124,GEMM(14,11,0),1777924265816516608,1777924265857167360,1777924265816512512
1,0,125,GEMM(15,11,0),1777924265857174528,1777924265898027008,1777924265857171456
1,0,130,SYRK(13,13,0),1777924265898033152,1777924265919603712,1777924265898030080
1,0,131,GEMM(14,13,0),1777924265919611904,1777924265961120768,1777924265919607808
1,0,132,GEMM(15,13,0),1777924265961127936,1777924266002925568,1777924265961124864
1,0,135,SYRK(15,15,0),1777924266002931712,1777924266023150592,1777924266002928640
1,0,136,POTRF(1),1777924266023153664,1777924266028306432,0
1,0,137,TRSM(2,1),1777924266028308480,1777924266038189056,0
1,0,138,TRSM(3,1),1777924266038196224,1777924266048074752,0
1,0,139,TRSM(4,1),1777924266048081920,1777924266057960448,0
1,0,140,TRSM(5,1),1777924266057967616,1777924266067854336,0
1,0,141,TRSM(6,1),1777924266067861504,1777924266077745152,0
1,0,142,TRSM(7,1),1777924266077752320,1777924266087634944,0
1,0,143,TRSM(8,1),1777924266087643136,1777924266097510400,0
1,0,144,TRSM(9,1),1777924266097517568,1777924266107402240,0
1,0,145,TRSM(10,1),1777924266107409408,1777924266117293056,0
1,0,146,TRSM(11,1),1777924266117300224,1777924266127184896,0
1,0,147,TRSM(12,1),1777924266127191040,1777924266137073664,0
1,0,148,TRSM(13,1),1777924266137080832,1777924266146965504,0
1,0,149,TRSM(14,1),1777924266146973696,1777924266156854272,0
1,0,150,TRSM(15,1),1777924266156862464,1777924266166744064,0
1,0,165,SYRK(3,3,1),1777924266166753280,1777924266172561408,0
1,0,166,GEMM(4,3,1),1777924266172564480,1777924266182722560,0
1,0,167,GEMM(5,3,1),1777924266182725632,1777924266192882688,0
1,0,168,GEMM(6,3,1),1777924266192885760,1777924266203042816,0
1,0,169,GEMM(7,3,1),1777924266203045888,1777924266213203968,0
1,0,170,GEMM(8,3,1),1777924266213207040,1777924266223364096,0
1,0,171,GEMM(9,3,1),1777924266223368192,1777924266233525248,0
1,0,172,GEMM(10,3,1),1777924266233528320,1777924266243685376,0
1,0,173,GEMM(11,3,1),1777924266243689472,1777924266253846528,0
1,0,174,GEMM(12,3,1),1777924266253849600,1777924266264007680,0
1,0,175,GEMM(13,3,1),1777924266264010752,1777924266274168832,0
1,0,176,GEMM(14,3,1),1777924266274171904,1777924266284329984,0
1,0,177,GEMM(15,3,1),1777924266284333056,1777924266294490112,0
1,0,190,SYRK(5,5,1),1777924266294494208,1777924266300302336,0
1,0,191,GEMM(6,5,1),1777924266300305408,1777924266310463488,0
1,0,192,GEMM(7,5,1),1777924266310466560,1777924266320622592,0
1,0,193,GEMM(8,5,1),1777924266320626688,1777924266330782720,0
1,0,194,GEMM(9,5,1),1777924266330786816,1777924266340943872,0
1,0,195,GEMM(10,5,1),1777924266340946944,1777924266351105024,0
1,0,196,GEMM(11,5,1),1777924266351108096,1777924266361265152,0
1,0,197,GEMM(12,5,1),1777924266361268224,1777924266371425280,0
1,0,198,GEMM(13,5,1),1777924266371428352,1777924266381585408,0
1,0,199,GEMM(14,5,1),1777924266381589504,1777924266391746560,0
1,0,200,GEMM(15,5,1),1777924266391749632,1777924266401906688,0
1,0,211,SYRK(7,7,1),1777924266401909760,1777924266407717888,0
1,0,212,GEMM(8,7,1),1777924266407720960,1777924266417876992,0
1,0,213,GEMM(9,7,1),1777924266417881088,1777924266428038144,0
1,0,214,GEMM(10,7,1),1777924266428041216,1777924266438198272,0
1,0,215,GEMM(11,7,1),1777924266438201344,1777924266448359424,0
1,0,216,GEMM(12,7,1),1777924266448362496,1777924266458519552,0
1,0,217,GEMM(13,7,1),1777924266458522624,1777924266468679680,0
1,0,218,GEMM(14,7,1),1777924266468682752,1777924266478839808,0
1,0,219,GEMM(15,7,1),1777924266478842880,1777924266489000960,0
1,0,228,SYRK(9,9,1),1777924266489004032,1777924266494812160,0
1,0,229,GEMM(10,9,1),1777924266494815232,1777924266504973312,0
1,0,230,GEMM(11,9,1),1777924266504976384,1777924266515133440,0
1,0,231,GEMM(12,9,1),1777924266515137536,1777924266525294592,0
1,0,232,GEMM(13,9,1),1777924266525297664,1777924266535454720,0
1,0,233,GEMM(14,9,1),1777924266535458816,1777924266545615872,0
1,0,234,GEMM(15,9,1),1777924266545618944,1777924266555777024,0
1,0,241,SYRK(11,11,1),1777924266555780096,1777924266561588224,0
1,0,242,GEMM(12,11,1),1777924266561591296,1777924266571748352,0
1,0,243,GEMM(13,11,1),1777924266571751424,1777924266581909504,0
1,0,244,GEMM(14,11,1),1777924266581913600,1777924266592070656,0
1,0,245,GEMM(15,11,1),1777924266592073728,1777924266602230784,0
1,0,250,SYRK(13,13,1),1777924266602234880,1777924266608043008,0
1,0,251,GEMM(14,13,1),1777924266608046080,1777924266618203136,0
1,0,252,GEMM(15,13,1),1777924266618207232,1777924266628364288,0
1,0,255,SYRK(15,15,1),1777924266628367360,1777924266634174464,0
1,0,270,SYRK(3,3,2),1777924268144457728,1777924268165253120,1777924266634178560
1,0,271,GEMM(4,3,2),1777924268165260288,1777924268205024256,1777924268165256192
1,0,272,GEMM(5,3,2),1777924268205031424,1777924268247060480,1777924268205028352
1,0,273,GEMM(6,3,2),1777924268247067648,1777924268287745024,1777924268247063552
1,0,274,GEMM(7,3,2),1777924268287752192,1777924268328549376,1777924268287749120
1,0,275,GEMM(8,3,2),1777924268328556544,1777924268367365120,1777924268328553472
1,0,276,GEMM(9,3,2),1777924268367372288,1777924268409094144,1777924268367368192
1,0,277,GEMM(10,3,2),1777924268409102336,1777924268449737728,1777924268409098240
1,0,278,GEMM(11,3,2),1777924268449744896,1777924268491239424,1777924268449740800
1,0,279,GEMM(12,3,2),1777924268491246592,1777924268530907136,1777924268491243520
1,0,280,GEMM(13,3,2),1777924268530914304,1777924268572804096,1777924268530910208
1,0,281,GEMM(14,3,2),1777924268572811264,1777924268613477376,1777924268572808192
1,0,282,GEMM(15,3,2),1777924268613484544,1777924268654306304,1777924268613481472
1,0,295,SYRK(5,5,2),1777924268654312448,1777924268675849216,1777924268654309376
1,0,296,GEMM(6,5,2),1777924268675856384,1777924268717472768,1777924268675853312
1,0,297,GEMM(7,5,2),1777924268717479936,1777924268759265280,1777924268717475840
1,0,298,GEMM(8,5,2),1777924268759273472,1777924268799157248,1777924268759269376
1,0,299,GEMM(9,5,2),1777924268799164416,1777924268841791488,1777924268799160320
1,0,300,GEMM(10,5,2),1777924268841798656,1777924268883351552,1777924268841795584
1,0,301,GEMM(11,5,2),1777924268883358720,1777924268925531136,1777924268883355648
1,0,302,GEMM(12,5,2),1777924268925538304,1777924268965978112,1777924268925535232
1,0,303,GEMM(13,5,2),1777924268965985280,1777924269008780288,1777924268965982208
1,0,304,GEMM(14,5,2),1777924269008787456,1777924269050280960,1777924269008784384
1,0,305,GEMM(15,5,2),1777924269050288128,1777924269092097024,1777924269050284032
1,0,316,SYRK(7,7,2),1777924269092103168,1777924269112274944,1777924269092099072
1,0,317,GEMM(8,7,2),1777924269112282112,1777924269150569472,1777924269112278016
1,0,318,GEMM(9,7,2),1777924269150576640,1777924269191712768,1777924269150573568
1,0,319,GEMM(10,7,2),1777924269191719936,1777924269231753216,1777924269191715840
1,0,320,GEMM(11,7,2),1777924269231760384,1777924269272356864,1777924269231756288
1,0,321,GEMM(12,7,2),1777924269272363008,1777924269311090688,1777924269272358912
1,0,322,GEMM(13,7,2),1777924269311097856,1777924269352338432,1777924269311094784
1,0,323,GEMM(14,7,2),1777924269352346624,1777924269392340992,1777924269352342528
1,0,324,GEMM(15,7,2),1777924269392348160,1777924269432453120,1777924269392344064
1,0,333,SYRK(9,9,2),1777924269432460288,1777924269453814784,1777924269432457216
1,0,334,GEMM(10,9,2),1777924269453821952,1777924269495153664,1777924269453817856
1,0,335,GEMM(11,9,2),1777924269495161856,1777924269537081344,1777924269495157760
1,0,336,GEMM(12,9,2),1777924269537088512,1777924269577170944,1777924269537084416
1,0,337,GEMM(13,9,2),1777924269577178112,1777924269619690496,1777924269577175040
1,0,338,GEMM(14,9,2),1777924269619697664,1777924269660980224,1777924269619693568
1,0,339,GEMM(15,9,2),1777924269660987392,1777924269702635520,1777924269660983296
1,0,346,SYRK(11,11,2),1777924269702642688,1777924269723426816,1777924269702639616
1,0,347,GEMM(12,11,2),1777924269723433984,1777924269763139584,1777924269723430912
1,0,348,GEMM(13,11,2),1777924269763146752,1777924269805038592,1777924269763142656
1,0,349,GEMM(14,11,2),1777924269805045760,1777924269845662720,1777924269805041664
1,0,350,GEMM(15,11,2),1777924269845669888,1777924269886487552,1777924269845666816
1,0,355,SYRK(13,13,2),1777924269886494720,1777924269907983360,1777924269886490624
1,0,356,GEMM(14,13,2),1777924269907990528,1777924269949543424,1777924269907987456
1,0,357,GEMM(15,13,2),1777924269949551616,1777924269991375872,1777924269949547520
1,0,360,SYRK(15,15,2),1777924269991382016,1777924270011588608,1777924269991378944
1,0,361,POTRF(3),1777924270011591680,1777924270016743424,0
1,0,362,TRSM(4,3),1777924270016745472,1777924270026625024,0
1,0,363,TRSM(5,3),1777924270026630144,1777924270036510720,0
1,0,364,TRSM(6,3),1777924270036517888,1777924270046399488,0
1,0,365,TRSM(7,3),1777924270046407680,1777924270056290304,0
1,0,366,TRSM(8,3),1777924270056297472,1777924270066164736,0
1,0,367,TRSM(9,3),1777924270066171904,1777924270076055552,0
1,0,368,TRSM(10,3),1777924270076061696,1777924270085947392,0
1,0,369,TRSM(11,3),1777924270085953536,1777924270095842304,0
1,0,370,TRSM(12,3),1777924270095849472,1777924270105731072,0
1,0,371,TRSM(13,3),1777924270105738240,1777924270115624960,0
1,0,372,TRSM(14,3),1777924270115631104,1777924270125515776,0
1,0,373,TRSM(15,3),1777924270125521920,1777924270135407616,0
1,0,386,SYRK(5,5,3),1777924270135416832,1777924270141224960,0
1,0,387,GEMM(6,5,3),1777924270141228032,1777924270151386112,0
1,0,388,GEMM(7,5,3),1777924270151389184,1777924270161546240,0
1,0,389,GEMM(8,5,3),1777924270161550336,1777924270171707392,0
1,0,390,GEMM(9,5,3),1777924270171710464,1777924270181867520,0
1,0,391,GEMM(10,5,3),1777924270181871616,1777924270192028672,0
1,0,392,GEMM(11,5,3),1777924270192031744,1777924270202188800,0
1,0,393,GEMM(12,5,3),1777924270202191872,1777924270212349952,0
1,0,394,GEMM(13,5,3),1777924270212353024,1777924270222510080,0
1,0,395,GEMM(14,5,3),1777924270222513152,1777924270232671232,0
1,0,396,GEMM(15,5,3),1777924270232674304,1777924270242831360,0
1,0,407,SYRK(7,7,3),1777924270242834432,1777924270248642560,0
1,0,408,GEMM(8,7,3),1777924270248645632,1777924270258803712,0
1,0,409,GEMM(9,7,3),1777924270258806784,1777924270268963840,0
1,0,410,GEMM(10,7,3),1777924270268966912,1777924270279124992,0
1,0,411,GEMM(11,7,3),1777924270279128064,1777924270289285120,0
1,0,412,GEMM(12,7,3),1777924270289289216,1777924270299446272,0
1,0,413,GEMM(13,7,3),1777924270299449344,1777924270309606400,0
1,0,414,GEMM(14,7,3),1777924270309609472,1777924270319767552,0
1,0,415,GEMM(15,7,3),1777924270319770624,1777924270329927680,0
1,0,424,SYRK(9,9,3),1777924270329930752,1777924270335738880,0
1,0,425,GEMM(10,9,3),1777924270335741952,1777924270345899008,0
1,0,426,GEMM(11,9,3),1777924270345902080,1777924270356060160,0
1,0,427,GEMM(12,9,3),1777924270356063232,1777924270366220288,0
1,0,428,GEMM(13,9,3),1777924270366223360,1777924270376380416,0
1,0,429,GEMM(14,9,3),1777924270376383488,1777924270386540544,0
1,0,430,GEMM(15,9,3),1777924270386543616,1777924270396701696,0
1,0,437,SYRK(11,11,3),1777924270396704768,1777924270402513920,0
1,0,438,GEMM(12,11,3),1777924270402516992,1777924270412674048,0
1,0,439,GEMM(13,11,3),1777924270412678144,1777924270422835200,0
1,0,440,GEMM(14,11,3),1777924270422839296,1777924270432996352,0
1,0,441,GEMM(15,11,3),1777924270432999424,1777924270443156480,0
1,0,446,SYRK(13,13,3),1777924270443160576,1777924270448967680,0
1,0,447,GEMM(14,13,3),1777924270448970752,1777924270459127808,0
1,0,448,GEMM(15,13,3),1777924270459131904,1777924270469288960,0
1,0,451,SYRK(15,15,3),1777924270469292032,1777924270475100160,0
1,0,464,SYRK(5,5,4),1777924271581164544,1777924271602706432,1777924270475103232
1,0,465,GEMM(6,5,4),1777924271602713600,1777924271644328960,1777924271602709504
1,0,466,GEMM(7,5,4),1777924271644336128,1777924271686194176,1777924271644333056
1,0,467,GEMM(8,5,4),1777924271686201344,1777924271726016512,1777924271686197248
1,0,468,GEMM(9,5,4),1777924271726022656,1777924271768641536,1777924271726019584
1,0,469,GEMM(10,5,4),1777924271768648704,1777924271810200576,1777924271768645632
1,0,470,GEMM(11,5,4),1777924271810208768,1777924271852431360,1777924271810204672
1,0,471,GEMM(12,5,4),1777924271852438528,1777924271892904960,1777924271852434432
1,0,472,GEMM(13,5,4),1777924271892912128,1777924271935674368,1777924271892909056
1,0,473,GEMM(14,5,4),1777924271935681536,1777924271977216000,1777924271935677440
1,0,474,GEMM(15,5,4),1777924271977223168,1777924272019045376,1777924271977219072
1,0,485,SYRK(7,7,4),1777924272019051520,1777924272039242752,1777924272019048448
1,0,486,GEMM(8,7,4),1777924272039249920,1777924272077466624,1777924272039245824
1,0,487,GEMM(9,7,4),1777924272077473792,1777924272118562816,1777924272077470720
1,0,488,GEMM(10,7,4),1777924272118569984,1777924272158604288,1777924272118565888
1,0,489,GEMM(11,7,4),1777924272158611456,1777924272199183360,1777924272158607360
1,0,490,GEMM(12,7,4),1777924272199190528,1777924272237897728,1777924272199186432
1,0,491,GEMM(13,7,4),1777924272237904896,1777924272279114752,1777924272237900800
1,0,492,GEMM(14,7,4),1777924272279121920,1777924272319124480,1777924272279117824
1,0,493,GEMM(15,7,4),1777924272319131648,1777924272359271424,1777924272319128576
1,0,502,SYRK(9,9,4),1777924272359278592,1777924272380601344,1777924272359275520
1,0,503,GEMM(10,9,4),1777924272380608512,1777924272421934080,1777924272380605440
1,0,504,GEMM(11,9,4),1777924272421941248,1777924272463825920,1777924272421937152
1,0,505,GEMM(12,9,4),1777924272463833088,1777924272503914496,1777924272463828992
1,0,506,GEMM(13,9,4),1777924272503921664,1777924272546408448,1777924272503917568
1,0,507,GEMM(14,9,4),1777924272546415616,1777924272587724800,1777924272546412544
1,0,508,GEMM(15,9,4),1777924272587731968,1777924272629327872,1777924272587727872
1,0,515,SYRK(11,11,4),1777924272629334016,1777924272650110976,1777924272629330944
1,0,516,GEMM(12,11,4),1777924272650117120,1777924272689809408,1777924272650114048
1,0,517,GEMM(13,11,4),1777924272689816576,1777924272731713536,1777924272689813504
1,0,518,GEMM(14,11,4),1777924272731719680,1777924272772350976,1777924272731715584
1,0,519,GEMM(15,11,4),1777924272772358144,1777924272813215744,1777924272772355072
1,0,524,SYRK(13,13,4),1777924272813222912,1777924272834766848,1777924272813219840
1,0,525,GEMM(14,13,4),1777924272834774016,1777924272876317696,1777924272834770944
1,0,526,GEMM(15,13,4),1777924272876324864,1777924272918130688,1777924272876321792
1,0,529,SYRK(15,15,4),1777924272918136832,1777924272938379264,1777924272918133760
1,0,530,POTRF(5),1777924272938382336,1777924272943535104,0
1,0,531,TRSM(6,5),1777924272943537152,1777924272953415680,0
1,0,532,TRSM(7,5),1777924272953421824,1777924272963302400,0
1,0,533,TRSM(8,5),1777924272963309568,1777924272973172736,0
1,0,534,TRSM(9,5),1777924272973179904,1777924272983064576,0
1,0,535,TRSM(10,5),1777924272983071744,1777924272992955392,0
1,0,536,TRSM(11,5),1777924272992963584,1777924273002848256,0
1,0,537,TRSM(12,5),1777924273002855424,1777924273012736000,0
1,0,538,TRSM(13,5),1777924273012743168,1777924273022628864,0
1,0,539,TRSM(14,5),1777924273022636032,1777924273032521728,0
1,0,540,TRSM(15,5),1777924273032528896,1777924273042411520,0
1,0,551,SYRK(7,7,5),1777924273042420736,1777924273048228864,0
1,0,552,GEMM(8,7,5),1777924273048231936,1777924273058390016,0
1,0,553,GEMM(9,7,5),1777924273058393088,1777924273068550144,0
1,0,554,GEMM(10,7,5),1777924273068554240,1777924273078711296,0
1,0,555,GEMM(11,7,5),1777924273078715392,1777924273088872448,0
1,0,556,GEMM(12,7,5),1777924273088875520,1777924273099032576,0
1,0,557,GEMM(13,7,5),1777924273099036672,1777924273109193728,0
1,0,558,GEMM(14,7,5),1777924273109196800,1777924273119354880,0
1,0,559,GEMM(15,7,5),1777924273119357952,1777924273129515008,0
1,0,568,SYRK(9,9,5),1777924273129518080,1777924273135326208,0
1,0,569,GEMM(10,9,5),1777924273135329280,1777924273145486336,0
1,0,570,GEMM(11,9,5),1777924273145490432,1777924273155647488,0
1,0,571,GEMM(12,9,5),1777924273155650560,1777924273165808640,0
1,0,572,GEMM(13,9,5),1777924273165811712,1777924273175968768,0
1,0,573,GEMM(14,9,5),1777924273175972864,1777924273186129920,0
1,0,574,GEMM(15,9,5),1777924273186132992,1777924273196290048,0
1,0,581,SYRK(11,11,5),1777924273196293120,1777924273202102272,0
1,0,582,GEMM(12,11,5),1777924273202105344,1777924273212262400,0
1,0,583,GEMM(13,11,5),1777924273212265472,1777924273222423552,0
1,0,584,GEMM(14,11,5),1777924273222426624,1777924273232583680,0
1,0,585,GEMM(15,11,5),1777924273232587776,1777924273242744832,0
1,0,590,SYRK(13,13,5),1777924273242748928,1777924273248556032,0
1,0,591,GEMM(14,13,5),1777924273248559104,1777924273258716160,0
1,0,592,GEMM(15,13,5),1777924273258720256,1777924273268878336,0
1,0,595,SYRK(15,15,5),1777924273268881408,1777924273274689536,0
1,0,606,SYRK(7,7,6),1777924274061717504,1777924274081884160,1777924273274692608
1,0,607,GEMM(8,7,6),1777924274081891328,1777924274120174592,1777924274081888256
1,0,608,GEMM(9,7,6),1777924274120180736,1777924274161307648,1777924274120177664
1,0,609,GEMM(10,7,6),1777924274161315840,1777924274201350144,1777924274161311744
1,0,610,GEMM(11,7,6),1777924274201357312,1777924274241870848,1777924274201354240
1,0,611,GEMM(12,7,6),1777924274241878016,1777924274280527872,1777924274241873920
1,0,612,GEMM(13,7,6),1777924274280535040,1777924274321768448,1777924274280530944
1,0,613,GEMM(14,7,6),1777924274321775616,1777924274361820160,1777924274321771520
1,0,614,GEMM(15,7,6),1777924274361827328,1777924274401948672,1777924274361823232
1,0,623,SYRK(9,9,6),1777924274401955840,1777924274423268352,1777924274401952768
1,0,624,GEMM(10,9,6),1777924274423275520,1777924274464599040,1777924274423271424
1,0,625,GEMM(11,9,6),1777924274464606208,1777924274506525696,1777924274464602112
1,0,626,GEMM(12,9,6),1777924274506532864,1777924274546590720,1777924274506528768
1,0,627,GEMM(13,9,6),1777924274546597888,1777924274589114368,1777924274546594816
1,0,628,GEMM(14,9,6),1777924274589121536,1777924274630414336,1777924274589117440
1,0,629,GEMM(15,9,6),1777924274630421504,1777924274672050176,1777924274630417408
1,0,636,SYRK(11,11,6),1777924274672056320,1777924274692828160,1777924274672053248
1,0,637,GEMM(12,11,6),1777924274692835328,1777924274732568576,1777924274692832256
1,0,638,GEMM(13,11,6),1777924274732575744,1777924274774467584,1777924274732571648
1,0,639,GEMM(14,11,6),1777924274774474752,1777924274815100928,1777924274774470656
1,0,640,GEMM(15,11,6),1777924274815108096,1777924274855944192,1777924274815105024
1,0,645,SYRK(13,13,6),1777924274855950336,1777924274877432832,1777924274855947264
1,0,646,GEMM(14,13,6),1777924274877440000,1777924274919030784,1777924274877436928
1,0,647,GEMM(15,13,6),1777924274919037952,1777924274960778240,1777924274919034880
1,0,650,SYRK(15,15,6),1777924274960784384,1777924274981003264,1777924274960781312
1,0,651,POTRF(7),1777924274981006336,1777924274986157056,0
1,0,652,TRSM(8,7),1777924274986159104,1777924274996021248,0
1,0,653,TRSM(9,7),1777924274996026368,1777924275005907968,0
1,0,654,TRSM(10,7),1777924275005916160,1777924275015796736,0
1,0,655,TRSM(11,7),1777924275015804928,1777924275025690624,0
1,0,656,TRSM(12,7),1777924275025698816,1777924275035581440,0
1,0,657,TRSM(13,7),1777924275035590656,1777924275045474304,0
1,0,658,TRSM(14,7),1777924275045482496,1777924275055364096,0
1,0,659,TRSM(15,7),1777924275055373312,1777924275065257984,0
1,0,668,SYRK(9,9,7),1777924275065268224,1777924275071077376,0
1,0,669,GEMM(10,9,7),1777924275071080448,1777924275081238528,0
1,0,670,GEMM(11,9,7),1777924275081242624,1777924275091400704,0
1,0,671,GEMM(12,9,7),1777924275091403776,1777924275101560832,0
1,0,672,GEMM(13,9,7),1777924275101564928,1777924275111721984,0
1,0,673,GEMM(14,9,7),1777924275111726080,1777924275121883136,0
1,0,674,GEMM(15,9,7),1777924275121887232,1777924275132044288,0
1,0,681,SYRK(11,11,7),1777924275132048384,1777924275137856512,0
1,0,682,GEMM(12,11,7),1777924275137859584,1777924275148016640,0
1,0,683,GEMM(13,11,7),1777924275148020736,1777924275158177792,0
1,0,684,GEMM(14,11,7),1777924275158181888,1777924275168338944,0
1,0,685,GEMM(15,11,7),1777924275168343040,1777924275178500096,0
1,0,690,SYRK(13,13,7),1777924275178504192,1777924275184312320,0
1,0,691,GEMM(14,13,7),1777924275184315392,1777924275194473472,0
1,0,692,GEMM(15,13,7),1777924275194477568,1777924275204634624,0
1,0,695,SYRK(15,15,7),1777924275204638720,1777924275210445824,0
1,0,704,SYRK(9,9,8),1777924275717005312,1777924275738359808,1777924275210448896
1,0,705,GEMM(10,9,8),1777924275738366976,1777924275779762176,1777924275738362880
1,0,706,GEMM(11,9,8),1777924275779769344,1777924275821723648,1777924275779766272
1,0,707,GEMM(12,9,8),1777924275821731840,1777924275861771264,1777924275821727744
1,0,708,GEMM(13,9,8),1777924275861778432,1777924275904303104,1777924275861775360
1,0,709,GEMM(14,9,8),1777924275904311296,1777924275945648128,1777924275904307200
1,0,710,GEMM(15,9,8),1777924275945656320,1777924275987240960,1777924275945652224
1,0,717,SYRK(11,11,8),1777924275987248128,1777924276008072192,1777924275987245056
1,0,718,GEMM(12,11,8),1777924276008079360,1777924276047727616,1777924276008075264
1,0,719,GEMM(13,11,8),1777924276047734784,1777924276089627648,1777924276047730688
1,0,720,GEMM(14,11,8),1777924276089633792,1777924276130268160,1777924276089629696
1,0,721,GEMM(15,11,8),1777924276130275328,1777924276171126784,1777924276130272256
1,0,726,SYRK(13,13,8),1777924276171133952,1777924276192612352,1777924276171130880
1,0,727,GEMM(14,13,8),1777924276192619520,1777924276234234880,1777924276192615424
1,0,728,GEMM(15,13,8),1777924276234242048,1777924276276040704,1777924276234238976
1,0,731,SYRK(15,15,8),1777924276276047872,1777924276296229888,1777924276276044800
1,0,732,POTRF(9),1777924276296232960,1777924276301385728,0
1,0,733,TRSM(10,9),1777924276301386752,1777924276311265280,0
1,0,734,TRSM(11,9),1777924276311270400,1777924276321152000,0
1,0,735,TRSM(12,9),1777924276321159168,1777924276331040768,0
1,0,736,TRSM(13,9),1777924276331048960,1777924276340930560,0
1,0,737,TRSM(14,9),1777924276340936704,1777924276350822400,0
1,0,738,TRSM(15,9),1777924276350829568,1777924276360714240,0
1,0,745,SYRK(11,11,9),1777924276360723456,1777924276366531584,0
1,0,746,GEMM(12,11,9),1777924276366534656,1777924276376692736,0
1,0,747,GEMM(13,11,9),1777924276376696832,1777924276386853888,0
1,0,748,GEMM(14,11,9),1777924276386857984,1777924276397015040,0
1,0,749,GEMM(15,11,9),1777924276397018112,1777924276407176192,0
1,0,754,SYRK(13,13,9),1777924276407180288,1777924276412987392,0
1,0,755,GEMM(14,13,9),1777924276412990464,1777924276423147520,0
1,0,756,GEMM(15,13,9),1777924276423151616,1777924276433308672,0
1,0,759,SYRK(15,15,9),1777924276433312768,1777924276439119872,0
1,0,766,SYRK(11,11,10),1777924276749448192,1777924276770271232,1777924276439123968
1,0,767,GEMM(12,11,10),1777924276770278400,1777924276809962496,1777924276770274304
1,0,768,GEMM(13,11,10),1777924276809969664,1777924276851868672,1777924276809966592
1,0,769,GEMM(14,11,10),1777924276851875840,1777924276892528640,1777924276851872768
1,0,770,GEMM(15,11,10),1777924276892536832,1777924276933377024,1777924276892532736
1,0,775,SYRK(13,13,10),1777924276933384192,1777924276954845184,1777924276933381120
1,0,776,GEMM(14,13,10),1777924276954853376,1777924276996415488,1777924276954849280
1,0,777,GEMM(15,13,10),1777924276996423680,1777924277038231552,1777924276996419584
1,0,780,SYRK(15,15,10),1777924277038238720,1777924277058485248,1777924277038235648
1,0,781,POTRF(11),1777924277058488320,1777924277063641088,0
1,0,782,TRSM(12,11),1777924277063642112,1777924277073523712,0
1,0,783,TRSM(13,11),1777924277073528832,1777924277083410432,0
1,0,784,TRSM(14,11),1777924277083416576,1777924277093298176,0
1,0,785,TRSM(15,11),1777924277093304320,1777924277103185920,0
1,0,790,SYRK(13,13,11),1777924277103194112,1777924277109000192,0
1,0,791,GEMM(14,13,11),1777924277109003264,1777924277119162368,0
1,0,792,GEMM(15,13,11),1777924277119165440,1777924277129322496,0
1,0,795,SYRK(15,15,11),1777924277129325568,1777924277135133696,0
1,0,800,SYRK(13,13,12),1777924277286550528,1777924277308049408,1777924277135136768
1,0,801,GEMM(14,13,12),1777924277308056576,1777924277349627904,1777924277308053504
1,0,802,GEMM(15,13,12),1777924277349635072,1777924277391426560,1777924277349630976
1,0,805,SYRK(15,15,12),1777924277391433728,1777924277411607552,1777924277391430656
1,0,806,POTRF(13),1777924277411610624,1777924277416761344,0
1,0,807,TRSM(14,13),1777924277416762368,1777924277426613248,0
1,0,808,TRSM(15,13),1777924277426620416,1777924277436473344,0
1,0,811,SYRK(15,15,13),1777924277436482560,1777924277442289664,0
1,0,814,SYRK(15,15,14),1777924277503060992,1777924277523261440,1777924277442292736
1,0,815,POTRF(15),1777924277523264512,1777924277528413184,0
1,1,16,SYRK(1,1,0),1777924278044618752,1777924278065941504,1777924278029582336
1,1,17,GEMM(2,1,0),1777924278065949696,1777924278107319296,1777924278065945600
1,1,18,GEMM(3,1,0),1777924278107326464,1777924278149343232,1777924278107322368
1,1,19,GEMM(4,1,0),1777924278149350400,1777924278189477888,1777924278149346304
1,1,20,GEMM(5,1,0),1777924278189485056,1777924278232035328,1777924278189480960
1,1,21,GEMM(6,1,0),1777924278232042496,1777924278273327104,1777924278232039424
1,1,22,GEMM(7,1,0),1777924278273334272,1777924278314992640,1777924278273331200
1,1,23,GEMM(8,1,0),1777924278314999808,1777924278354657280,1777924278314995712
1,1,24,GEMM(9,1,0),1777924278354664448,1777924278397064192,1777924278354661376
1,1,25,GEMM(10,1,0),1777924278397071360,1777924278438400000,1777924278397067264
1,1,26,GEMM(11,1,0),1777924278438407168,1777924278480272384,1777924278438403072
1,1,27,GEMM(12,1,0),1777924278480279552,1777924278520402944,1777924278480276480
1,1,28,GEMM(13,1,0),1777924278520410112,1777924278562917376,1777924278520407040
1,1,29,GEMM(14,1,0),1777924278562924544,1777924278604233728,1777924278562920448
1,1,30,GEMM(15,1,0),1777924278604240896,1777924278645872640,1777924278604237824
1,1,45,SYRK(3,3,0),1777924278645878784,1777924278666716160,1777924278645875712
1,1,46,GEMM(4,3,0),1777924278666723328,1777924278706380800,1777924278666719232
1,1,47,GEMM(5,3,0),1777924278706387968,1777924278748295168,1777924278706384896
1,1,48,GEMM(6,3,0),1777924278748302336,1777924278788916224,1777924278748299264
1,1,49,GEMM(7,3,0),1777924278788923392,1777924278829797376,1777924278788919296
1,1,50,GEMM(8,3,0),1777924278829804544,1777924278868598784,1777924278829800448
1,1,51,GEMM(9,3,0),1777924278868605952,1777924278910285824,1777924278868601856
1,1,52,GEMM(10,3,0),1777924278910292992,1777924278950900736,1777924278910288896
1,1,53,GEMM(11,3,0),1777924278950907904,1777924278992343040,1777924278950904832
1,1,54,GEMM(12,3,0),1777924278992351232,1777924279032050688,1777924278992347136
1,1,55,GEMM(13,3,0),1777924279032057856,1777924279073926144,1777924279032054784
1,1,56,GEMM(14,3,0),1777924279073933312,1777924279114609664,1777924279073929216
1,1,57,GEMM(15,3,0),1777924279114616832,1777924279155482624,1777924279114612736
1,1,70,SYRK(5,5,0),1777924279155489792,1777924279176995840,1777924279155486720
1,1,71,GEMM(6,5,0),1777924279177003008,1777924279218503680,1777924279176999936
1,1,72,GEMM(7,5,0),1777924279218510848,1777924279260397568,1777924279218506752
1,1,73,GEMM(8,5,0),1777924279260405760,1777924279300239360,1777924279260401664
1,1,74,GEMM(9,5,0),1777924279300246528,1777924279342902272,1777924279300242432
1,1,75,GEMM(10,5,0),1777924279342909440,1777924279384414208,1777924279342906368
1,1,76,GEMM(11,5,0),1777924279384421376,1777924279426633728,1777924279384417280
1,1,77,GEMM(12,5,0),1777924279426640896,1777924279467066368,1777924279426636800
1,1,78,GEMM(13,5,0),1777924279467073536,1777924279509852160,1777924279467069440
1,1,79,GEMM(14,5,0),1777924279509859328,1777924279551403008,1777924279509855232
1,1,80,GEMM(15,5,0),1777924279551410176,1777924279593293824,1777924279551407104
1,1,91,SYRK(7,7,0),1777924279593299968,1777924279613479936,1777924279593296896
1,1,92,GEMM(8,7,0),1777924279613487104,1777924279651685376,1777924279613484032
1,1,93,GEMM(9,7,0),1777924279651692544,1777924279692798976,1777924279651688448
1,1,94,GEMM(10,7,0),1777924279692806144,1777924279732811776,1777924279692802048
1,1,95,GEMM(11,7,0),1777924279732818944,1777924279773441024,1777924279732814848
1,1,96,GEMM(12,7,0),1777924279773448192,1777924279812127744,1777924279773444096
1,1,97,GEMM(13,7,0),1777924279812134912,1777924279853391872,1777924279812131840
1,1,98,GEMM(14,7,0),1777924279853399040,1777924279893449728,1777924279853395968
1,1,99,GEMM(15,7,0),1777924279893456896,1777924279933593600,1777924279893452800
1,1,108,SYRK(9,9,0),1777924279933600768,1777924279954954240,1777924279933597696
1,1,109,GEMM(10,9,0),1777924279954962432,1777924279996259328,1777924279954958336
1,1,110,GEMM(11,9,0),1777924279996266496,1777924280038204416,1777924279996262400
1,1,111,GEMM(12,9,0),1777924280038211584,1777924280078255104,1777924280038208512
1,1,112,GEMM(13,9,0),1777924280078262272,1777924280120787968,1777924280078259200
1,1,113,GEMM(14,9,0),1777924280120795136,1777924280162101248,1777924280120792064
1,1,114,GEMM(15,9,0),1777924280162108416,1777924280203714560,1777924280162105344
1,1,121,SYRK(11,11,0),1777924280203720704,1777924280224529408,1777924280203717632
1,1,122,GEMM(12,11,0),1777924280224536576,1777924280264226816,1777924280224532480
1,1,123,GEMM(13,11,0),1777924280264233984,1777924280306114560,1777924280264230912
1,1,124,GEMM(14,11,0),1777924280306121728,1777924280346811392,1777924280306117632
1,1,125,GEMM(15,11,0),1777924280346818560,1777924280387657728,1777924280346815488
1,1,130,SYRK(13,13,0),1777924280387663872,1777924280409180160,1777924280387660800
1,1,131,GEMM(14,13,0),1777924280409187328,1777924280450724864,1777924280409183232
1,1,132,GEMM(15,13,0),1777924280450731008,1777924280492527616,1777924280450727936
1,1,135,SYRK(15,15,0),1777924280492534784,1777924280512814080,1777924280492531712
1,1,136,POTRF(1),1777924280512818176,1777924280517971968,0
1,1,137,TRSM(2,1),1777924280517974016,1777924280527854592,0
1,1,138,TRSM(3,1),1777924280527860736,1777924280537743360,0
1,1,139,TRSM(4,1),1777924280537750528,1777924280547630080,0
1,1,140,TRSM(5,1),1777924280547637248,1777924280557523968,0
1,1,141,TRSM(6,1),1777924280557531136,1777924280567415808,0
1,1,142,TRSM(7,1),1777924280567422976,1777924280577308672,0
1,1,143,TRSM(8,1),1777924280577316864,1777924280587183104,0
1,1,144,TRSM(9,1),1777924280587191296,1777924280597074944,0
1,1,145,TRSM(10,1),1777924280597082112,1777924280606966784,0
1,1,146,TRSM(11,1),1777924280606974976,1777924280616860672,0
1,1,147,TRSM(12,1),1777924280616866816,1777924280626750464,0
1,1,148,TRSM(13,1),1777924280626757632,1777924280636644352,0
1,1,149,TRSM(14,1),1777924280636652544,1777924280646536192,0
1,1,150,TRSM(15,1),1777924280646544384,1777924280656428032,0
1,1,165,SYRK(3,3,1),1777924280656437248,1777924280662245376,0
1,1,166,GEMM(4,3,1),1777924280662248448,1777924280672406528,0
1,1,167,GEMM(5,3,1),1777924280672409600,1777924280682567680,0
1,1,168,GEMM(6,3,1),1777924280682570752,1777924280692727808,0
1,1,169,GEMM(7,3,1),1777924280692731904,1777924280702887936,0
1,1,170,GEMM(8,3,1),1777924280702892032,1777924280713049088,0
1,1,171,GEMM(9,3,1),1777924280713053184,1777924280723210240,0
1,1,172,GEMM(10,3,1),1777924280723213312,1777924280733371392,0
1,1,173,GEMM(11,3,1),1777924280733374464,1777924280743532544,0
1,1,174,GEMM(12,3,1),1777924280743535616,1777924280753693696,0
1,1,175,GEMM(13,3,1),1777924280753696768,1777924280763853824,0
1,1,176,GEMM(14,3,1),1777924280763856896,1777924280774013952,0
1,1,177,GEMM(15,3,1),1777924280774018048,1777924280784175104,0
1,1,190,SYRK(5,5,1),1777924280784179200,1777924280789986304,0
1,1,191,GEMM(6,5,1),1777924280789990400,1777924280800148480,0
1,1,192,GEMM(7,5,1),1777924280800151552,1777924280810308608,0
1,1,193,GEMM(8,5,1),1777924280810311680,1777924280820468736,0
1,1,194,GEMM(9,5,1),1777924280820472832,1777924280830629888,0
1,1,195,GEMM(10,5,1),1777924280830632960,1777924280840790016,0
1,1,196,GEMM(11,5,1),1777924280840794112,1777924280850951168,0
1,1,197,GEMM(12,5,1),1777924280850954240,1777924280861111296,0
1,1,198,GEMM(13,5,1),1777924280861114368,1777924280871272448,0
1,1,199,GEMM(14,5,1),1777924280871275520,1777924280881432576,0
1,1,200,GEMM(15,5,1),1777924280881435648,1777924280891593728,0
1,1,211,SYRK(7,7,1),1777924280891596800,1777924280897404928,0
1,1,212,GEMM(8,7,1),1777924280897408000,1777924280907565056,0
1,1,213,GEMM(9,7,1),1777924280907568128,1777924280917726208,0
1,1,214,GEMM(10,7,1),1777924280917729280,1777924280927886336,0
1,1,215,GEMM(11,7,1),1777924280927889408,1777924280938046464,0
1,1,216,GEMM(12,7,1),1777924280938049536,1777924280948207616,0
1,1,217,GEMM(13,7,1),1777924280948210688,1777924280958367744,0
1,1,218,GEMM(14,7,1),1777924280958371840,1777924280968528896,0
1,1,219,GEMM(15,7,1),1777924280968531968,1777924280978689024,0
1,1,228,SYRK(9,9,1),1777924280978693120,1777924280984501248,0
1,1,229,GEMM(10,9,1),1777924280984504320,1777924280994661376,0
1,1,230,GEMM(11,9,1),1777924280994665472,1777924281004822528,0
1,1,231,GEMM(12,9,1),1777924281004825600,1777924281014982656,0
1,1,232,GEMM(13,9,1),1777924281014986752,1777924281025143808,0
1,1,233,GEMM(14,9,1),1777924281025146880,1777924281035304960,0
1,1,234,GEMM(15,9,1),1777924281035308032,1777924281045466112,0
1,1,241,SYRK(11,11,1),1777924281045469184,1777924281051277312,0
1,1,242,GEMM(12,11,1),1777924281051281408,1777924281061438464,0
1,1,243,GEMM(13,11,1),1777924281061441536,1777924281071598592,0
1,1,244,GEMM(14,11,1),1777924281071602688,1777924281081758720,0
1,1,245,GEMM(15,11,1),1777924281081762816,1777924281091919872,0
1,1,250,SYRK(13,13,1),1777924281091922944,1777924281097731072,0
1,1,251,GEMM(14,13,1),1777924281097734144,1777924281107891200,0
1,1,252,GEMM(15,13,1),1777924281107894272,1777924281118051328,0
1,1,255,SYRK(15,15,1),1777924281118054400,1777924281123862528,0
1,1,270,SYRK(3,3,2),1777924282633802752,1777924282654600192,1777924281123865600
1,1,271,GEMM(4,3,2),1777924282654607360,1777924282694367232,1777924282654603264
1,1,272,GEMM(5,3,2),1777924282694374400,1777924282736385024,1777924282694370304
1,1,273,GEMM(6,3,2),1777924282736392192,1777924282777056256,1777924282736389120
1,1,274,GEMM(7,3,2),1777924282777063424,1777924282817856512,1777924282777060352
1,1,275,GEMM(8,3,2),1777924282817863680,1777924282856702976,1777924282817860608
1,1,276,GEMM(9,3,2),1777924282856710144,1777924282898417664,1777924282856706048
1,1,277,GEMM(10,3,2),1777924282898424832,1777924282939072512,1777924282898420736
1,1,278,GEMM(11,3,2),1777924282939079680,1777924282980544512,1777924282939076608
1,1,279,GEMM(12,3,2),1777924282980551680,1777924283020243968,1777924282980548608
1,1,280,GEMM(13,3,2),1777924283020251136,1777924283062089728,1777924283020248064
1,1,281,GEMM(14,3,2),1777924283062096896,1777924283102750720,1777924283062092800
1,1,282,GEMM(15,3,2),1777924283102757888,1777924283143579648,1777924283102753792
1,1,295,SYRK(5,5,2),1777924283143586816,1777924283165140992,1777924283143583744
1,1,296,GEMM(6,5,2),1777924283165148160,1777924283206679552,1777924283165145088
1,1,297,GEMM(7,5,2),1777924283206686720,1777924283248482304,1777924283206682624
1,1,298,GEMM(8,5,2),1777924283248489472,1777924283288298496,1777924283248485376
1,1,299,GEMM(9,5,2),1777924283288305664,1777924283330955264,1777924283288302592
1,1,300,GEMM(10,5,2),1777924283330962432,1777924283372506112,1777924283330959360
1,1,301,GEMM(11,5,2),1777924283372513280,1777924283414699008,1777924283372510208
1,1,302,GEMM(12,5,2),1777924283414706176,1777924283455112192,1777924283414703104
1,1,303,GEMM(13,5,2),1777924283455118336,1777924283497886720,1777924283455115264
1,1,304,GEMM(14,5,2),1777924283497893888,1777924283539466240,1777924283497889792
1,1,305,GEMM(15,5,2),1777924283539472384,1777924283581319168,1777924283539468288
1,1,316,SYRK(7,7,2),1777924283581325312,1777924283601496064,1777924283581322240
1,1,317,GEMM(8,7,2),1777924283601503232,1777924283639716864,1777924283601500160
1,1,318,GEMM(9,7,2),1777924283639724032,1777924283680854016,1777924283639720960
1,1,319,GEMM(10,7,2),1777924283680861184,1777924283720857600,1777924283680857088
1,1,320,GEMM(11,7,2),1777924283720864768,1777924283761391616,1777924283720860672
1,1,321,GEMM(12,7,2),1777924283761398784,1777924283800115200,1777924283761395712
1,1,322,GEMM(13,7,2),1777924283800122368,1777924283841304576,1777924283800119296
1,1,323,GEMM(14,7,2),1777924283841312768,1777924283881355264,1777924283841308672
1,1,324,GEMM(15,7,2),1777924283881362432,1777924283921424384,1777924283881359360
1,1,333,SYRK(9,9,2),1777924283921431552,1777924283942779904,1777924283921428480
1,1,334,GEMM(10,9,2),1777924283942787072,1777924283984180224,1777924283942782976
1,1,335,GEMM(11,9,2),1777924283984187392,1777924284026116096,1777924283984184320
1,1,336,GEMM(12,9,2),1777924284026123264,1777924284066197504,1777924284026119168
1,1,337,GEMM(13,9,2),1777924284066204672,1777924284108741632,1777924284066201600
1,1,338,GEMM(14,9,2),1777924284108748800,1777924284150093824,1777924284108745728
1,1,339,GEMM(15,9,2),1777924284150100992,1777924284191747072,1777924284150097920
1,1,346,SYRK(11,11,2),1777924284191753216,1777924284212547584,1777924284191750144
1,1,347,GEMM(12,11,2),1777924284212553728,1777924284252235776,1777924284212550656
1,1,348,GEMM(13,11,2),1777924284252241920,1777924284294151168,1777924284252238848
1,1,349,GEMM(14,11,2),1777924284294158336,1777924284334815232,1777924284294154240
1,1,350,GEMM(15,11,2),1777924284334822400,1777924284375668736,1777924284334819328
1,1,355,SYRK(13,13,2),1777924284375674880,1777924284397168640,1777924284375671808
1,1,356,GEMM(14,13,2),1777924284397176832,1777924284438699008,1777924284397172736
1,1,357,GEMM(15,13,2),1777924284438706176,1777924284480467968,1777924284438702080
1,1,360,SYRK(15,15,2),1777924284480475136,1777924284500679680,1777924284480472064
1,1,361,POTRF(3),1777924284500682752,1777924284505834496,0
1,1,362,TRSM(4,3),1777924284505836544,1777924284515716096,0
1,1,363,TRSM(5,3),1777924284515721216,1777924284525602816,0
1,1,364,TRSM(6,3),1777924284525608960,1777924284535488512,0
1,1,365,TRSM(7,3),1777924284535496704,1777924284545381376,0
1,1,366,TRSM(8,3),1777924284545388544,1777924284555255808,0
1,1,367,TRSM(9,3),1777924284555262976,1777924284565149696,0
1,1,368,TRSM(10,3),1777924284565156864,1777924284575036416,0
1,1,369,TRSM(11,3),1777924284575043584,1777924284584928256,0
1,1,370,TRSM(12,3),1777924284584935424,1777924284594818048,0
1,1,371,TRSM(13,3),1777924284594826240,1777924284604709888,0
1,1,372,TRSM(14,3),1777924284604716032,1777924284614599680,0
1,1,373,TRSM(15,3),1777924284614605824,1777924284624491520,0
1,1,386,SYRK(5,5,3),1777924284624500736,1777924284630308864,0
1,1,387,GEMM(6,5,3),1777924284630311936,1777924284640470016,0
1,1,388,GEMM(7,5,3),1777924284640473088,1777924284650630144,0
1,1,389,GEMM(8,5,3),1777924284650634240,1777924284660791296,0
1,1,390,GEMM(9,5,3),1777924284660794368,1777924284670952448,0
1,1,391,GEMM(10,5,3),1777924284670955520,1777924284681112576,0
1,1,392,GEMM(11,5,3),1777924284681115648,1777924284691272704,0
1,1,393,GEMM(12,5,3),1777924284691275776,1777924284701433856,0
1,1,394,GEMM(13,5,3),1777924284701436928,1777924284711595008,0
1,1,395,GEMM(14,5,3),1777924284711598080,1777924284721755136,0
1,1,396,GEMM(15,5,3),1777924284721758208,1777924284731915264,0
1,1,407,SYRK(7,7,3),1777924284731919360,1777924284737727488,0
1,1,408,GEMM(8,7,3),1777924284737730560,1777924284747887616,0
1,1,409,GEMM(9,7,3),1777924284747891712,1777924284758048768,0
1,1,410,GEMM(10,7,3),1777924284758051840,1777924284768208896,0
1,1,411,GEMM(11,7,3),1777924284768212992,1777924284778369024,0
1,1,412,GEMM(12,7,3),1777924284778373120,1777924284788530176,0
1,1,413,GEMM(13,7,3),1777924284788533248,1777924284798690304,0
1,1,414,GEMM(14,7,3),1777924284798693376,1777924284808850432,0
1,1,415,GEMM(15,7,3),1777924284808853504,1777924284819010560,0
1,1,424,SYRK(9,9,3),1777924284819013632,1777924284824820736,0
1,1,425,GEMM(10,9,3),1777924284824823808,1777924284834981888,0
1,1,426,GEMM(11,9,3),1777924284834984960,1777924284845142016,0
1,1,427,GEMM(12,9,3),1777924284845146112,1777924284855303168,0
1,1,428,GEMM(13,9,3),1777924284855306240,1777924284865464320,0
1,1,429,GEMM(14,9,3),1777924284865467392,1777924284875624448,0
1,1,430,GEMM(15,9,3),1777924284875627520,1777924284885785600,0
1,1,437,SYRK(11,11,3),1777924284885788672,1777924284891596800,0
1,1,438,GEMM(12,11,3),1777924284891599872,1777924284901756928,0
1,1,439,GEMM(13,11,3),1777924284901760000,1777924284911917056,0
1,1,440,GEMM(14,11,3),1777924284911921152,1777924284922077184,0
1,1,441,GEMM(15,11,3),1777924284922081280,1777924284932238336,0
1,1,446,SYRK(13,13,3),1777924284932241408,1777924284938050560,0
1,1,447,GEMM(14,13,3),1777924284938053632,1777924284948210688,0
1,1,448,GEMM(15,13,3),1777924284948213760,1777924284958370816,0
1,1,451,SYRK(15,15,3),1777924284958373888,1777924284964180992,0
1,1,464,SYRK(5,5,4),1777924286070667264,1777924286092174336,1777924284964184064
1,1,465,GEMM(6,5,4),1777924286092181504,1777924286133820416,1777924286092177408
1,1,466,GEMM(7,5,4),1777924286133827584,1777924286175685632,1777924286133823488
1,1,467,GEMM(8,5,4),1777924286175692800,1777924286215465984,1777924286175688704
1,1,468,GEMM(9,5,4),1777924286215473152,1777924286258073600,1777924286215470080
1,1,469,GEMM(10,5,4),1777924286258080768,1777924286299641856,1777924286258077696
1,1,470,GEMM(11,5,4),1777924286299649024,1777924286341871616,1777924286299644928
1,1,471,GEMM(12,5,4),1777924286341878784,1777924286382289920,1777924286341874688
1,1,472,GEMM(13,5,4),1777924286382297088,1777924286425029632,1777924286382292992
1,1,473,GEMM(14,5,4),1777924286425036800,1777924286466578432,1777924286425033728
1,1,474,GEMM(15,5,4),1777924286466585600,1777924286508383232,1777924286466581504
1,1,485,SYRK(7,7,4),1777924286508389376,1777924286528587776,1777924286508386304
1,1,486,GEMM(8,7,4),1777924286528594944,1777924286566802432,1777924286528590848
1,1,487,GEMM(9,7,4),1777924286566809600,1777924286607894528,1777924286566805504
1,1,488,GEMM(10,7,4),1777924286607901696,1777924286647926784,1777924286607898624
1,1,489,GEMM(11,7,4),1777924286647933952,1777924286688485376,1777924286647929856
1,1,490,GEMM(12,7,4),1777924286688492544,1777924286727152640,1777924286688488448
1,1,491,GEMM(13,7,4),1777924286727159808,1777924286768416768,1777924286727156736
1,1,492,GEMM(14,7,4),1777924286768423936,1777924286808424448,1777924286768420864
1,1,493,GEMM(15,7,4),1777924286808431616,1777924286848570368,1777924286808427520
1,1,502,SYRK(9,9,4),1777924286848577536,1777924286869976064,1777924286848574464
1,1,503,GEMM(10,9,4),1777924286869983232,1777924286911273984,1777924286869980160
1,1,504,GEMM(11,9,4),1777924286911281152,1777924286953149440,1777924286911277056
1,1,505,GEMM(12,9,4),1777924286953156608,1777924286993250304,1777924286953153536
1,1,506,GEMM(13,9,4),1777924286993257472,1777924287035817984,1777924286993253376
1,1,507,GEMM(14,9,4),1777924287035824128,1777924287077153792,1777924287035821056
1,1,508,GEMM(15,9,4),1777924287077160960,1777924287118738432,1777924287077156864
1,1,515,SYRK(11,11,4),1777924287118744576,1777924287139537920,1777924287118741504
1,1,516,GEMM(12,11,4),1777924287139545088,1777924287179314176,1777924287139540992
1,1,517,GEMM(13,11,4),1777924287179321344,1777924287221190656,1777924287179318272
1,1,518,GEMM(14,11,4),1777924287221198848,1777924287261874176,1777924287221194752
1,1,519,GEMM(15,11,4),1777924287261881344,1777924287302707200,1777924287261878272
1,1,524,SYRK(13,13,4),1777924287302713344,1777924287324260352,1777924287302710272
1,1,525,GEMM(14,13,4),1777924287324267520,1777924287365796864,1777924287324263424
1,1,526,GEMM(15,13,4),1777924287365804032,1777924287407611904,1777924287365800960
1,1,529,SYRK(15,15,4),1777924287407618048,1777924287427734528,1777924287407614976
1,1,530,POTRF(5),1777924287427737600,1777924287432889344,0
1,1,531,TRSM(6,5),1777924287432891392,1777924287442772992,0
1,1,532,TRSM(7,5),1777924287442778112,1777924287452659712,0
1,1,533,TRSM(8,5),1777924287452667904,1777924287462530048,0
1,1,534,TRSM(9,5),1777924287462537216,1777924287472420864,0
1,1,535,TRSM(10,5),1777924287472429056,1777924287482313728,0
1,1,536,TRSM(11,5),1777924287482322944,1777924287492207616,0
1,1,537,TRSM(12,5),1777924287492214784,1777924287502098432,0
1,1,538,TRSM(13,5),1777924287502106624,1777924287511991296,0
1,1,539,TRSM(14,5),1777924287511998464,1777924287521879040,0
1,1,540,TRSM(15,5),1777924287521887232,1777924287531769856,0
1,1,551,SYRK(7,7,5),1777924287531780096,1777924287537588224,0
1,1,552,GEMM(8,7,5),1777924287537592320,1777924287547749376,0
1,1,553,GEMM(9,7,5),1777924287547752448,1777924287557909504,0
1,1,554,GEMM(10,7,5),1777924287557913600,1777924287568071680,0
1,1,555,GEMM(11,7,5),1777924287568074752,1777924287578231808,0
1,1,556,GEMM(12,7,5),1777924287578234880,1777924287588391936,0
1,1,557,GEMM(13,7,5),1777924287588396032,1777924287598553088,0
1,1,558,GEMM(14,7,5),1777924287598556160,1777924287608713216,0
1,1,559,GEMM(15,7,5),1777924287608717312,1777924287618874368,0
1,1,568,SYRK(9,9,5),1777924287618877440,1777924287624685568,0
1,1,569,GEMM(10,9,5),1777924287624688640,1777924287634846720,0
1,1,570,GEMM(11,9,5),1777924287634849792,1777924287645006848,0
1,1,571,GEMM(12,9,5),1777924287645010944,1777924287655168000,0
1,1,572,GEMM(13,9,5),1777924287655171072,1777924287665329152,0
1,1,573,GEMM(14,9,5),1777924287665332224,1777924287675489280,0
1,1,574,GEMM(15,9,5),1777924287675493376,1777924287685650432,0
1,1,581,SYRK(11,11,5),1777924287685653504,1777924287691462656,0
1,1,582,GEMM(12,11,5),1777924287691465728,1777924287701622784,0
1,1,583,GEMM(13,11,5),1777924287701625856,1777924287711782912,0
1,1,584,GEMM(14,11,5),1777924287711787008,1777924287721944064,0
1,1,585,GEMM(15,11,5),1777924287721947136,1777924287732105216,0
1,1,590,SYRK(13,13,5),1777924287732109312,1777924287737916416,0
1,1,591,GEMM(14,13,5),1777924287737920512,1777924287748077568,0
1,1,592,GEMM(15,13,5),1777924287748081664,1777924287758238720,0
1,1,595,SYRK(15,15,5),1777924287758241792,1777924287764049920,0
1,1,606,SYRK(7,7,6),1777924288551116800,1777924288571275264,1777924287764052992
1,1,607,GEMM(8,7,6),1777924288571282432,1777924288609538048,1777924288571278336
1,1,608,GEMM(9,7,6),1777924288609545216,1777924288650747904,1777924288609542144
1,1,609,GEMM(10,7,6),1777924288650755072,1777924288690771968,1777924288650752000
1,1,610,GEMM(11,7,6),1777924288690779136,1777924288731295744,1777924288690775040
1,1,611,GEMM(12,7,6),1777924288731302912,1777924288769968128,1777924288731299840
1,1,612,GEMM(13,7,6),1777924288769975296,1777924288811257856,1777924288769972224
1,1,613,GEMM(14,7,6),1777924288811265024,1777924288851312640,1777924288811260928
1,1,614,GEMM(15,7,6),1777924288851319808,1777924288891397120,1777924288851315712
1,1,623,SYRK(9,9,6),1777924288891403264,1777924288912720896,1777924288891400192
1,1,624,GEMM(10,9,6),1777924288912727040,1777924288954000384,1777924288912723968
1,1,625,GEMM(11,9,6),1777924288954007552,1777924288995917824,1777924288954004480
1,1,626,GEMM(12,9,6),1777924288995924992,1777924289035985920,1777924288995921920
1,1,627,GEMM(13,9,6),1777924289035993088,1777924289078579200,1777924289035988992
1,1,628,GEMM(14,9,6),1777924289078586368,1777924289119843328,1777924289078582272
1,1,629,GEMM(15,9,6),1777924289119850496,1777924289161406464,1777924289119846400
1,1,636,SYRK(11,11,6),1777924289161413632,1777924289182237696,1777924289161410560
1,1,637,GEMM(12,11,6),1777924289182244864,1777924289221938176,1777924289182240768
1,1,638,GEMM(13,11,6),1777924289221945344,1777924289263832064,1777924289221941248
1,1,639,GEMM(14,11,6),1777924289263840256,1777924289304476672,1777924289263836160
1,1,640,GEMM(15,11,6),1777924289304483840,1777924289345308672,1777924289304480768
1,1,645,SYRK(13,13,6),1777924289345315840,1777924289366815744,1777924289345312768
1,1,646,GEMM(14,13,6),1777924289366822912,1777924289408415744,1777924289366818816
1,1,647,GEMM(15,13,6),1777924289408422912,1777924289450247168,1777924289408418816
1,1,650,SYRK(15,15,6),1777924289450254336,1777924289470433280,1777924289450251264
1,1,651,POTRF(7),1777924289470436352,1777924289475588096,0
1,1,652,TRSM(8,7),1777924289475589120,1777924289485453312,0
1,1,653,TRSM(9,7),1777924289485458432,1777924289495339008,0
1,1,654,TRSM(10,7),1777924289495347200,1777924289505228800,0
1,1,655,TRSM(11,7),1777924289505236992,1777924289515123712,0
1,1,656,TRSM(12,7),1777924289515131904,1777924289525013504,0
1,1,657,TRSM(13,7),1777924289525021696,1777924289534906368,0
1,1,658,TRSM(14,7),1777924289534913536,1777924289544799232,0
1,1,659,TRSM(15,7),1777924289544808448,1777924289554691072,0
1,1,668,SYRK(9,9,7),1777924289554702336,1777924289560509440,0
1,1,669,GEMM(10,9,7),1777924289560513536,1777924289570670592,0
1,1,670,GEMM(11,9,7),1777924289570674688,1777924289580832768,0
1,1,671,GEMM(12,9,7),1777924289580836864,1777924289590993920,0
1,1,672,GEMM(13,9,7),1777924289590998016,1777924289601155072,0
1,1,673,GEMM(14,9,7),1777924289601159168,1777924289611316224,0
1,1,674,GEMM(15,9,7),1777924289611320320,1777924289621477376,0
1,1,681,SYRK(11,11,7),1777924289621481472,1777924289627289600,0
1,1,682,GEMM(12,11,7),1777924289627292672,1777924289637449728,0
1,1,683,GEMM(13,11,7),1777924289637453824,1777924289647611904,0
1,1,684,GEMM(14,11,7),1777924289647614976,1777924289657772032,0
1,1,685,GEMM(15,11,7),1777924289657776128,1777924289667933184,0
1,1,690,SYRK(13,13,7),1777924289667937280,1777924289673745408,0
1,1,691,GEMM(14,13,7),1777924289673748480,1777924289683906560,0
1,1,692,GEMM(15,13,7),1777924289683910656,1777924289694068736,0
1,1,695,SYRK(15,15,7),1777924289694071808,1777924289699879936,0
1,1,704,SYRK(9,9,8),1777924290206538752,1777924290227921920,1777924289699884032
1,1,705,GEMM(10,9,8),1777924290227929088,1777924290269329408,1777924290227924992
1,1,706,GEMM(11,9,8),1777924290269336576,1777924290311281664,1777924290269332480
1,1,707,GEMM(12,9,8),1777924290311288832,1777924290351316992,1777924290311284736
1,1,708,GEMM(13,9,8),1777924290351325184,1777924290393917440,1777924290351321088
1,1,709,GEMM(14,9,8),1777924290393924608,1777924290435193856,1777924290393920512
1,1,710,GEMM(15,9,8),1777924290435201024,1777924290476777472,1777924290435196928
1,1,717,SYRK(11,11,8),1777924290476784640,1777924290497623040,1777924290476781568
1,1,718,GEMM(12,11,8),1777924290497630208,1777924290537287680,1777924290497626112
1,1,719,GEMM(13,11,8),1777924290537294848,1777924290579165184,1777924290537290752
1,1,720,GEMM(14,11,8),1777924290579172352,1777924290619803648,1777924290579169280
1,1,721,GEMM(15,11,8),1777924290619810816,1777924290660622336,1777924290619806720
1,1,726,SYRK(13,13,8),1777924290660629504,1777924290682187776,1777924290660626432
1,1,727,GEMM(14,13,8),1777924290682194944,1777924290723772416,1777924290682191872
1,1,728,GEMM(15,13,8),1777924290723779584,1777924290765582336,1777924290723776512
1,1,731,SYRK(15,15,8),1777924290765588480,1777924290785813504,1777924290765585408
1,1,732,POTRF(9),1777924290785816576,1777924290790970368,0
1,1,733,TRSM(10,9),1777924290790971392,1777924290800849920,0
1,1,734,TRSM(11,9),1777924290800855040,1777924290810736640,0
1,1,735,TRSM(12,9),1777924290810743808,1777924290820622336,0
1,1,736,TRSM(13,9),1777924290820630528,1777924290830511104,0
1,1,737,TRSM(14,9),1777924290830518272,1777924290840401920,0
1,1,738,TRSM(15,9),1777924290840410112,1777924290850293760,0
1,1,745,SYRK(11,11,9),1777924290850302976,1777924290856111104,0
1,1,746,GEMM(12,11,9),1777924290856114176,1777924290866272256,0
1,1,747,GEMM(13,11,9),1777924290866275328,1777924290876433408,0
1,1,748,GEMM(14,11,9),1777924290876436480,1777924290886594560,0
1,1,749,GEMM(15,11,9),1777924290886597632,1777924290896754688,0
1,1,754,SYRK(13,13,9),1777924290896757760,1777924290902566912,0
1,1,755,GEMM(14,13,9),1777924290902569984,1777924290912728064,0
1,1,756,GEMM(15,13,9),1777924290912731136,1777924290922889216,0
1,1,759,SYRK(15,15,9),1777924290922893312,1777924290928701440,0
1,1,766,SYRK(11,11,10),1777924291239098368,1777924291259864064,1777924290928705536
1,1,767,GEMM(12,11,10),1777924291259870208,1777924291299598336,1777924291259867136
1,1,768,GEMM(13,11,10),1777924291299605504,1777924291341527040,1777924291299601408
1,1,769,GEMM(14,11,10),1777924291341534208,1777924291382175744,1777924291341531136
1,1,770,GEMM(15,11,10),1777924291382183936,1777924291423034368,1777924291382179840
1,1,775,SYRK(13,13,10),1777924291423040512,1777924291444510720,1777924291423037440
1,1,776,GEMM(14,13,10),1777924291444516864,1777924291486073856,1777924291444513792
1,1,777,GEMM(15,13,10),1777924291486081024,1777924291527851008,1777924291486076928
1,1,780,SYRK(15,15,10),1777924291527857152,1777924291548068864,1777924291527854080
1,1,781,POTRF(11),1777924291548071936,1777924291553223680,0
1,1,782,TRSM(12,11),1777924291553225728,1777924291563103232,0
1,1,783,TRSM(13,11),1777924291563109376,1777924291572990976,0
1,1,784,TRSM(14,11),1777924291572998144,1777924291582881792,0
1,1,785,TRSM(15,11),1777924291582888960,1777924291592771584,0
1,1,790,SYRK(13,13,11),1777924291592779776,1777924291598586880,0
1,1,791,GEMM(14,13,11),1777924291598589952,1777924291608748032,0
1,1,792,GEMM(15,13,11),1777924291608751104,1777924291618909184,0
1,1,795,SYRK(15,15,11),1777924291618911232,1777924291624719360,0
1,1,800,SYRK(13,13,12),1777924291776130048,1777924291797651456,1777924291624722432
1,1,801,GEMM(14,13,12),1777924291797658624,1777924291839228928,1777924291797654528
1,1,802,GEMM(15,13,12),1777924291839236096,1777924291881017344,1777924291839232000
1,1,805,SYRK(15,15,12),1777924291881023488,1777924291901235200,1777924291881020416
1,1,806,POTRF(13),1777924291901238272,1777924291906390016,0
1,1,807,TRSM(14,13),1777924291906392064,1777924291916243968,0
1,1,808,TRSM(15,13),1777924291916250112,1777924291926106112,0
1,1,811,SYRK(15,15,13),1777924291926115328,1777924291931923456,0
1,1,814,SYRK(15,15,14),1777924291992672256,1777924292012951552,1777924291931926528
1,1,815,POTRF(15),1777924292012955648,1777924292018105344,0
1,2,16,SYRK(1,1,0),1777924292210604288,1777924292231902464,1777924292195572992
1,2,17,GEMM(2,1,0),1777924292231909632,1777924292273295616,1777924292231905536
1,2,18,GEMM(3,1,0),1777924292273302784,1777924292315349248,1777924292273298688
1,2,19,GEMM(4,1,0),1777924292315356416,1777924292355479808,1777924292315352320
1,2,20,GEMM(5,1,0),1777924292355486976,1777924292398029056,1777924292355483904
1,2,21,GEMM(6,1,0),1777924292398036224,1777924292439353600,1777924292398032128
1,2,22,GEMM(7,1,0),1777924292439359744,1777924292480961792,1777924292439356672
1,2,23,GEMM(8,1,0),1777924292480968960,1777924292520627456,1777924292480964864
1,2,24,GEMM(9,1,0),1777924292520634624,1777924292563032320,1777924292520630528
1,2,25,GEMM(10,1,0),1777924292563039488,1777924292604316928,1777924292563036416
1,2,26,GEMM(11,1,0),1777924292604324096,1777924292646242560,1777924292604321024
1,2,27,GEMM(12,1,0),1777924292646249728,1777924292686302464,1777924292646245632
1,2,28,GEMM(13,1,0),1777924292686309632,1777924292728851712,1777924292686306560
1,2,29,GEMM(14,1,0),1777924292728858880,1777924292770169088,1777924292728854784
1,2,30,GEMM(15,1,0),1777924292770175232,1777924292811829504,1777924292770171136
1,2,45,SYRK(3,3,0),1777924292811835648,1777924292832618752,1777924292811832576
1,2,46,GEMM(4,3,0),1777924292832626944,1777924292872265984,1777924292832622848
1,2,47,GEMM(5,3,0),1777924292872273152,1777924292914231552,1777924292872269056
1,2,48,GEMM(6,3,0),1777924292914238720,1777924292954824960,1777924292914235648
1,2,49,GEMM(7,3,0),1777924292954832128,1777924292995718400,1777924292954829056
1,2,50,GEMM(8,3,0),1777924292995726592,1777924293034542336,1777924292995722496
1,2,51,GEMM(9,3,0),1777924293034549504,1777924293076289792,1777924293034545408
1,2,52,GEMM(10,3,0),1777924293076296960,1777924293116943616,1777924293076293888
1,2,53,GEMM(11,3,0),1777924293116951808,1777924293158375680,1777924293116947712
1,2,54,GEMM(12,3,0),1777924293158382848,1777924293198074112,1777924293158379776
1,2,55,GEMM(13,3,0),1777924293198081280,1777924293239946496,1777924293198077184
1,2,56,GEMM(14,3,0),1777924293239953664,1777924293280577792,1777924293239949568
1,2,57,GEMM(15,3,0),1777924293280584960,1777924293321440512,1777924293280580864
1,2,70,SYRK(5,5,0),1777924293321447680,1777924293342905600,1777924293321444608
1,2,71,GEMM(6,5,0),1777924293342912768,1777924293384458496,1777924293342908672
1,2,72,GEMM(7,5,0),1777924293384465664,1777924293426306304,1777924293384462592
1,2,73,GEMM(8,5,0),1777924293426314496,1777924293466105088,1777924293426310400
1,2,74,GEMM(9,5,0),1777924293466112256,1777924293508702464,1777924293466109184
1,2,75,GEMM(10,5,0),1777924293508709632,1777924293550234880,1777924293508706560
1,2,76,GEMM(11,5,0),1777924293550242048,1777924293592472832,1777924293550237952
1,2,77,GEMM(12,5,0),1777924293592480000,1777924293632929024,1777924293592475904
1,2,78,GEMM(13,5,0),1777924293632936192,1777924293675726080,1777924293632932096
1,2,79,GEMM(14,5,0),1777924293675733248,1777924293717268736,1777924293675729152
1,2,80,GEMM(15,5,0),1777924293717275904,1777924293759085824,1777924293717271808
1,2,91,SYRK(7,7,0),1777924293759092992,1777924293779255552,1777924293759089920
1,2,92,GEMM(8,7,0),1777924293779262720,1777924293817485568,1777924293779259648
1,2,93,GEMM(9,7,0),1777924293817491712,1777924293858577664,1777924293817488640
1,2,94,GEMM(10,7,0),1777924293858584832,1777924293898643712,1777924293858580736
1,2,95,GEMM(11,7,0),1777924293898650880,1777924293939209472,1777924293898647808
1,2,96,GEMM(12,7,0),1777924293939216640,1777924293977851136,1777924293939213568
1,2,97,GEMM(13,7,0),1777924293977857280,1777924294019098880,1777924293977854208
1,2,98,GEMM(14,7,0),1777924294019106048,1777924294059110656,1777924294019101952
1,2,99,GEMM(15,7,0),1777924294059117824,1777924294099250432,1777924294059114752
1,2,108,SYRK(9,9,0),1777924294099256576,1777924294120617216,1777924294099253504
1,2,109,GEMM(10,9,0),1777924294120624384,1777924294161894656,1777924294120621312
1,2,110,GEMM(11,9,0),1777924294161901824,1777924294203827456,1777924294161898752
1,2,111,GEMM(12,9,0),1777924294203834624,1777924294243916032,1777924294203830528
1,2,112,GEMM(13,9,0),1777924294243923200,1777924294286450944,1777924294243920128
1,2,113,GEMM(14,9,0),1777924294286458112,1777924294327782656,1777924294286455040
1,2,114,GEMM(15,9,0),1777924294327789824,1777924294369425664,1777924294327785728
1,2,121,SYRK(11,11,0),1777924294369432832,1777924294390235392,1777924294369429760
1,2,122,GEMM(12,11,0),1777924294390242560,1777924294429950208,1777924294390238464
1,2,123,GEMM(13,11,0),1777924294429957376,1777924294471820544,1777924294429953280
1,2,124,GEMM(14,11,0),1777924294471827712,1777924294512469248,1777924294471824640
1,2,125,GEMM(15,11,0),1777924294512476416,1777924294553325824,1777924294512473344
1,2,130,SYRK(13,13,0),1777924294553331968,1777924294574835968,1777924294553328896
1,2,131,GEMM(14,13,0),1777924294574843136,1777924294616413440,1777924294574839040
1,2,132,GEMM(15,13,0),1777924294616420608,1777924294658179328,1777924294616416512
1,2,135,SYRK(15,15,0),1777924294658186496,1777924294678404352,1777924294658183424
1,2,136,POTRF(1),1777924294678407424,1777924294683560192,0
1,2,137,TRSM(2,1),1777924294683562240,1777924294693444864,0
1,2,138,TRSM(3,1),1777924294693451008,1777924294703331584,0
1,2,139,TRSM(4,1),1777924294703338752,1777924294713219328,0
1,2,140,TRSM(5,1),1777924294713227520,1777924294723112192,0
1,2,141,TRSM(6,1),1777924294723119360,1777924294733004032,0
1,2,142,TRSM(7,1),1777924294733011200,1777924294742894848,0
1,2,143,TRSM(8,1),1777924294742903040,1777924294752771328,0
1,2,144,TRSM(9,1),1777924294752778496,1777924294762666240,0
1,2,145,TRSM(10,1),1777924294762673408,1777924294772557056,0
1,2,146,TRSM(11,1),1777924294772564224,1777924294782449920,0
1,2,147,TRSM(12,1),1777924294782457088,1777924294792339712,0
1,2,148,TRSM(13,1),1777924294792346880,1777924294802230528,0
1,2,149,TRSM(14,1),1777924294802239744,1777924294812124416,0
1,2,150,TRSM(15,1),1777924294812132608,1777924294822017280,0
1,2,165,SYRK(3,3,1),1777924294822026496,1777924294827834624,0
1,2,166,GEMM(4,3,1),1777924294827838720,1777924294837996800,0
1,2,167,GEMM(5,3,1),1777924294837999872,1777924294848157952,0
1,2,168,GEMM(6,3,1),1777924294848161024,1777924294858319104,0
1,2,169,GEMM(7,3,1),1777924294858322176,1777924294868480256,0
1,2,170,GEMM(8,3,1),1777924294868483328,1777924294878641408,0
1,2,171,GEMM(9,3,1),1777924294878645504,1777924294888803584,0
1,2,172,GEMM(10,3,1),1777924294888806656,1777924294898964736,0
1,2,173,GEMM(11,3,1),1777924294898968832,1777924294909125888,0
1,2,174,GEMM(12,3,1),1777924294909128960,1777924294919287040,0
1,2,175,GEMM(13,3,1),1777924294919290112,1777924294929448192,0
1,2,176,GEMM(14,3,1),1777924294929451264,1777924294939608320,0
1,2,177,GEMM(15,3,1),1777924294939612416,1777924294949769472,0
1,2,190,SYRK(5,5,1),1777924294949773568,1777924294955581696,0
1,2,191,GEMM(6,5,1),1777924294955584768,1777924294965742848,0
1,2,192,GEMM(7,5,1),1777924294965744896,1777924294975901952,0
1,2,193,GEMM(8,5,1),1777924294975906048,1777924294986063104,0
1,2,194,GEMM(9,5,1),1777924294986067200,1777924294996224256,0
1,2,195,GEMM(10,5,1),1777924294996227328,1777924295006384384,0
1,2,196,GEMM(11,5,1),1777924295006387456,1777924295016545536,0
1,2,197,GEMM(12,5,1),1777924295016548608,1777924295026706688,0
1,2,198,GEMM(13,5,1),1777924295026709760,1777924295036866816,0
1,2,199,GEMM(14,5,1),1777924295036870912,1777924295047027968,0
1,2,200,GEMM(15,5,1),1777924295047031040,1777924295057189120,0
1,2,211,SYRK(7,7,1),1777924295057192192,1777924295062999296,0
1,2,212,GEMM(8,7,1),1777924295063002368,1777924295073160448,0
1,2,213,GEMM(9,7,1),1777924295073163520,1777924295083320576,0
1,2,214,GEMM(10,7,1),1777924295083324672,1777924295093481728,0
1,2,215,GEMM(11,7,1),1777924295093484800,1777924295103642880,0
1,2,216,GEMM(12,7,1),1777924295103645952,1777924295113803008,0
1,2,217,GEMM(13,7,1),1777924295113806080,1777924295123963136,0
1,2,218,GEMM(14,7,1),1777924295123967232,1777924295134123264,0
1,2,219,GEMM(15,7,1),1777924295134127360,1777924295144284416,0
1,2,228,SYRK(9,9,1),1777924295144288512,1777924295150096640,0
1,2,229,GEMM(10,9,1),1777924295150099712,1777924295160257792,0
1,2,230,GEMM(11,9,1),1777924295160260864,1777924295170418944,0
1,2,231,GEMM(12,9,1),1777924295170422016,1777924295180579072,0
1,2,232,GEMM(13,9,1),1777924295180583168,1777924295190741248,0
1,2,233,GEMM(14,9,1),1777924295190744320,1777924295200902400,0
1,2,234,GEMM(15,9,1),1777924295200905472,1777924295211063552,0
1,2,241,SYRK(11,11,1),1777924295211066624,1777924295216875776,0
1,2,242,GEMM(12,11,1),1777924295216879872,1777924295227036928,0
1,2,243,GEMM(13,11,1),1777924295227040000,1777924295237198080,0
1,2,244,GEMM(14,11,1),1777924295237202176,1777924295247359232,0
1,2,245,GEMM(15,11,1),1777924295247362304,1777924295257519360,0
1,2,250,SYRK(13,13,1),1777924295257522432,1777924295263330560,0
1,2,251,GEMM(14,13,1),1777924295263334656,1777924295273490688,0
1,2,252,GEMM(15,13,1),1777924295273494784,1777924295283652864,0
1,2,255,SYRK(15,15,1),1777924295283655936,1777924295289463040,0
1,2,270,SYRK(3,3,2),1777924296799602944,1777924296820467968,1777924295289466112
1,2,271,GEMM(4,3,2),1777924296820476160,1777924296860264704,1777924296820472064
1,2,272,GEMM(5,3,2),1777924296860271872,1777924296902260992,1777924296860267776
1,2,273,GEMM(6,3,2),1777924296902268160,1777924296942938368,1777924296902264064
1,2,274,GEMM(7,3,2),1777924296942945536,1777924296983796992,1777924296942941440
1,2,275,GEMM(8,3,2),1777924296983804160,1777924297022655744,1777924296983800064
1,2,276,GEMM(9,3,2),1777924297022662912,1777924297064344832,1777924297022659840
1,2,277,GEMM(10,3,2),1777924297064350976,1777924297105002752,1777924297064346880
1,2,278,GEMM(11,3,2),1777924297105009920,1777924297146394880,1777924297105006848
1,2,279,GEMM(12,3,2),1777924297146402048,1777924297186135296,1777924297146397952
1,2,280,GEMM(13,3,2),1777924297186142464,1777924297228006656,1777924297186138368
1,2,281,GEMM(14,3,2),1777924297228013824,1777924297268653312,1777924297228009728
1,2,282,GEMM(15,3,2),1777924297268660480,1777924297309496576,1777924297268656384
1,2,295,SYRK(5,5,2),1777924297309503744,1777924297330965760,1777924297309499648
1,2,296,GEMM(6,5,2),1777924297330972928,1777924297372519680,1777924297330969856
1,2,297,GEMM(7,5,2),1777924297372526848,1777924297414333696,1777924297372522752
1,2,298,GEMM(8,5,2),1777924297414340864,1777924297454159104,1777924297414337792
1,2,299,GEMM(9,5,2),1777924297454166272,1777924297496789248,1777924297454163200
1,2,300,GEMM(10,5,2),1777924297496796416,1777924297538327808,1777924297496792320
1,2,301,GEMM(11,5,2),1777924297538334976,1777924297580536064,1777924297538330880
1,2,302,GEMM(12,5,2),1777924297580543232,1777924297620958464,1777924297580539136
1,2,303,GEMM(13,5,2),1777924297620965632,1777924297663736064,1777924297620962560
1,2,304,GEMM(14,5,2),1777924297663743232,1777924297705259264,1777924297663740160
1,2,305,GEMM(15,5,2),1777924297705266432,1777924297747088640,1777924297705263360
1,2,316,SYRK(7,7,2),1777924297747095808,1777924297767270656,1777924297747092736
1,2,317,GEMM(8,7,2),1777924297767277824,1777924297805543680,1777924297767274752
1,2,318,GEMM(9,7,2),1777924297805549824,1777924297846688000,1777924297805545728
1,2,319,GEMM(10,7,2),1777924297846694144,1777924297886702848,1777924297846691072
1,2,320,GEMM(11,7,2),1777924297886710016,1777924297927294208,1777924297886705920
1,2,321,GEMM(12,7,2),1777924297927301376,1777924297966003456,1777924297927298304
1,2,322,GEMM(13,7,2),1777924297966010624,1777924298007223552,1777924297966006528
1,2,323,GEMM(14,7,2),1777924298007230720,1777924298047278336,1777924298007226624
1,2,324,GEMM(15,7,2),1777924298047286528,1777924298087336192,1777924298047282432
1,2,333,SYRK(9,9,2),1777924298087342336,1777924298108765440,1777924298087339264
1,2,334,GEMM(10,9,2),1777924298108772608,1777924298150167808,1777924298108768512
1,2,335,GEMM(11,9,2),1777924298150174976,1777924298192070912,1777924298150170880
1,2,336,GEMM(12,9,2),1777924298192078080,1777924298232158464,1777924298192073984
1,2,337,GEMM(13,9,2),1777924298232165632,1777924298274683136,1777924298232162560
1,2,338,GEMM(14,9,2),1777924298274690304,1777924298316002560,1777924298274687232
1,2,339,GEMM(15,9,2),1777924298316009728,1777924298357630208,1777924298316005632
1,2,346,SYRK(11,11,2),1777924298357637376,1777924298378448128,1777924298357634304
1,2,347,GEMM(12,11,2),1777924298378455296,1777924298418175232,1777924298378451200
1,2,348,GEMM(13,11,2),1777924298418182400,1777924298460045568,1777924298418178304
1,2,349,GEMM(14,11,2),1777924298460052736,1777924298500738304,1777924298460048640
1,2,350,GEMM(15,11,2),1777924298500745472,1777924298541520128,1777924298500741376
1,2,355,SYRK(13,13,2),1777924298541527296,1777924298563027200,1777924298541524224
1,2,356,GEMM(14,13,2),1777924298563034368,1777924298604597504,1777924298563030272
1,2,357,GEMM(15,13,2),1777924298604604672,1777924298646399232,1777924298604601600
1,2,360,SYRK(15,15,2),1777924298646406400,1777924298666615040,1777924298646403328
1,2,361,POTRF(3),1777924298666619136,1777924298671770880,0
1,2,362,TRSM(4,3),1777924298671772928,1777924298681652480,0
1,2,363,TRSM(5,3),1777924298681658624,1777924298691538176,0
1,2,364,TRSM(6,3),1777924298691545344,1777924298701424896,0
1,2,365,TRSM(7,3),1777924298701433088,1777924298711316736,0
1,2,366,TRSM(8,3),1777924298711323904,1777924298721192192,0
1,2,367,TRSM(9,3),1777924298721199360,1777924298731087104,0
1,2,368,TRSM(10,3),1777924298731093248,1777924298740973824,0
1,2,369,TRSM(11,3),1777924298740979968,1777924298750865664,0
1,2,370,TRSM(12,3),1777924298750871808,1777924298760756480,0
1,2,371,TRSM(13,3),1777924298760763648,1777924298770652416,0
1,2,372,TRSM(14,3),1777924298770658560,1777924298780540160,0
1,2,373,TRSM(15,3),1777924298780547328,1777924298790434048,0
1,2,386,SYRK(5,5,3),1777924298790443264,1777924298796251392,0
1,2,387,GEMM(6,5,3),1777924298796255488,1777924298806413568,0
1,2,388,GEMM(7,5,3),1777924298806416640,1777924298816573696,0
1,2,389,GEMM(8,5,3),1777924298816576768,1777924298826733824,0
1,2,390,GEMM(9,5,3),1777924298826737920,1777924298836894976,0
1,2,391,GEMM(10,5,3),1777924298836899072,1777924298847056128,0
1,2,392,GEMM(11,5,3),1777924298847058176,1777924298857216256,0
1,2,393,GEMM(12,5,3),1777924298857219328,1777924298867377408,0
1,2,394,GEMM(13,5,3),1777924298867380480,1777924298877538560,0
1,2,395,GEMM(14,5,3),1777924298877541632,1777924298887698688,0
1,2,396,GEMM(15,5,3),1777924298887702784,1777924298897859840,0
1,2,407,SYRK(7,7,3),1777924298897862912,1777924298903671040,0
1,2,408,GEMM(8,7,3),1777924298903674112,1777924298913832192,0
1,2,409,GEMM(9,7,3),1777924298913835264,1777924298923992320,0
1,2,410,GEMM(10,7,3),1777924298923996416,1777924298934153472,0
1,2,411,GEMM(11,7,3),1777924298934156544,1777924298944314624,0
1,2,412,GEMM(12,7,3),1777924298944317696,1777924298954474752,0
1,2,413,GEMM(13,7,3),1777924298954478848,1777924298964635904,0
1,2,414,GEMM(14,7,3),1777924298964638976,1777924298974797056,0
1,2,415,GEMM(15,7,3),1777924298974800128,1777924298984958208,0
1,2,424,SYRK(9,9,3),1777924298984961280,1777924298990769408,0
1,2,425,GEMM(10,9,3),1777924298990772480,1777924299000929536,0
1,2,426,GEMM(11,9,3),1777924299000933632,1777924299011091712,0
1,2,427,GEMM(12,9,3),1777924299011094784,1777924299021251840,0
1,2,428,GEMM(13,9,3),1777924299021254912,1777924299031411968,0
1,2,429,GEMM(14,9,3),1777924299031415040,1777924299041573120,0
1,2,430,GEMM(15,9,3),1777924299041576192,1777924299051733248,0
1,2,437,SYRK(11,11,3),1777924299051736320,1777924299057544448,0
1,2,438,GEMM(12,11,3),1777924299057547520,1777924299067704576,0
1,2,439,GEMM(13,11,3),1777924299067707648,1777924299077865728,0
1,2,440,GEMM(14,11,3),1777924299077868800,1777924299088026880,0
1,2,441,GEMM(15,11,3),1777924299088029952,1777924299098187008,0
1,2,446,SYRK(13,13,3),1777924299098190080,1777924299103998208,0
1,2,447,GEMM(14,13,3),1777924299104001280,1777924299114158336,0
1,2,448,GEMM(15,13,3),1777924299114161408,1777924299124318464,0
1,2,451,SYRK(15,15,3),1777924299124321536,1777924299130128640,0
1,2,464,SYRK(5,5,4),1777924300236629248,1777924300258098432,1777924299130132736
1,2,465,GEMM(6,5,4),1777924300258105600,1777924300299745536,1777924300258101504
1,2,466,GEMM(7,5,4),1777924300299752704,1777924300341638400,1777924300299748608
1,2,467,GEMM(8,5,4),1777924300341645568,1777924300381487360,1777924300341642496
1,2,468,GEMM(9,5,4),1777924300381494528,1777924300424121600,1777924300381490432
1,2,469,GEMM(10,5,4),1777924300424128768,1777924300465640704,1777924300424124672
1,2,470,GEMM(11,5,4),1777924300465647872,1777924300507911424,1777924300465643776
1,2,471,GEMM(12,5,4),1777924300507918592,1777924300548310272,1777924300507915520
1,2,472,GEMM(13,5,4),1777924300548317440,1777924300591083776,1777924300548314368
1,2,473,GEMM(14,5,4),1777924300591090944,1777924300632665344,1777924300591086848
1,2,474,GEMM(15,5,4),1777924300632672512,1777924300674527488,1777924300632668416
1,2,485,SYRK(7,7,4),1777924300674534656,1777924300694715648,1777924300674531584
1,2,486,GEMM(8,7,4),1777924300694722816,1777924300732925184,1777924300694718720
1,2,487,GEMM(9,7,4),1777924300732932352,1777924300774087936,1777924300732929280
1,2,488,GEMM(10,7,4),1777924300774095104,1777924300814114048,1777924300774091008
1,2,489,GEMM(11,7,4),1777924300814121216,1777924300854652160,1777924300814117120
1,2,490,GEMM(12,7,4),1777924300854659328,1777924300893342976,1777924300854656256
1,2,491,GEMM(13,7,4),1777924300893350144,1777924300934563072,1777924300893346048
1,2,492,GEMM(14,7,4),1777924300934570240,1777924300974601472,1777924300934567168
1,2,493,GEMM(15,7,4),1777924300974608640,1777924301014718720,1777924300974605568
1,2,502,SYRK(9,9,4),1777924301014725888,1777924301036108032,1777924301014722816
1,2,503,GEMM(10,9,4),1777924301036115200,1777924301077427456,1777924301036111104
1,2,504,GEMM(11,9,4),1777924301077435648,1777924301119297792,1777924301077431552
1,2,505,GEMM(12,9,4),1777924301119304960,1777924301159356672,1777924301119301888
1,2,506,GEMM(13,9,4),1777924301159363840,1777924301201933568,1777924301159359744
1,2,507,GEMM(14,9,4),1777924301201940736,1777924301243205888,1777924301201936640
1,2,508,GEMM(15,9,4),1777924301243213056,1777924301284808960,1777924301243208960
1,2,515,SYRK(11,11,4),1777924301284816128,1777924301305626880,1777924301284813056
1,2,516,GEMM(12,11,4),1777924301305634048,1777924301345355008,1777924301305630976
1,2,517,GEMM(13,11,4),1777924301345361152,1777924301387226368,1777924301345358080
1,2,518,GEMM(14,11,4),1777924301387233536,1777924301427872000,1777924301387229440
1,2,519,GEMM(15,11,4),1777924301427879168,1777924301468695808,1777924301427875072
1,2,524,SYRK(13,13,4),1777924301468700928,1777924301490217216,1777924301468697856
1,2,525,GEMM(14,13,4),1777924301490224384,1777924301531789568,1777924301490221312
1,2,526,GEMM(15,13,4),1777924301531796736,1777924301573603584,1777924301531792640
1,2,529,SYRK(15,15,4),1777924301573610752,1777924301593782528,1777924301573607680
1,2,530,POTRF(5),1777924301593786624,1777924301598937344,0
1,2,531,TRSM(6,5),1777924301598939392,1777924301608819968,0
1,2,532,TRSM(7,5),1777924301608826112,1777924301618705664,0
1,2,533,TRSM(8,5),1777924301618712832,1777924301628577024,0
1,2,534,TRSM(9,5),1777924301628584192,1777924301638469888,0
1,2,535,TRSM(10,5),1777924301638477056,1777924301648362752,0
1,2,536,TRSM(11,5),1777924301648370944,1777924301658255616,0
1,2,537,TRSM(12,5),1777924301658263808,1777924301668144384,0
1,2,538,TRSM(13,5),1777924301668152576,1777924301678042368,0
1,2,539,TRSM(14,5),1777924301678050560,1777924301687935232,0
1,2,540,TRSM(15,5),1777924301687943424,1777924301697828096,0
1,2,551,SYRK(7,7,5),1777924301697837312,1777924301703645440,0
1,2,552,GEMM(8,7,5),1777924301703647488,1777924301713805568,0
1,2,553,GEMM(9,7,5),1777924301713808640,1777924301723965696,0
1,2,554,GEMM(10,7,5),1777924301723968768,1777924301734125824,0
1,2,555,GEMM(11,7,5),1777924301734129920,1777924301744286976,0
1,2,556,GEMM(12,7,5),1777924301744290048,1777924301754447104,0
1,2,557,GEMM(13,7,5),1777924301754450176,1777924301764608256,0
1,2,558,GEMM(14,7,5),1777924301764611328,1777924301774768384,0
1,2,559,GEMM(15,7,5),1777924301774772480,1777924301784929536,0
1,2,568,SYRK(9,9,5),1777924301784932608,1777924301790740736,0
1,2,569,GEMM(10,9,5),1777924301790743808,1777924301800900864,0
1,2,570,GEMM(11,9,5),1777924301800904960,1777924301811062016,0
1,2,571,GEMM(12,9,5),1777924301811065088,1777924301821223168,0
1,2,572,GEMM(13,9,5),1777924301821226240,1777924301831384320,0
1,2,573,GEMM(14,9,5),1777924301831387392,1777924301841544448,0
1,2,574,GEMM(15,9,5),1777924301841547520,1777924301851704576,0
1,2,581,SYRK(11,11,5),1777924301851707648,1777924301857515776,0
1,2,582,GEMM(12,11,5),1777924301857518848,1777924301867675904,0
1,2,583,GEMM(13,11,5),1777924301867678976,1777924301877837056,0
1,2,584,GEMM(14,11,5),1777924301877840128,1777924301887997184,0
1,2,585,GEMM(15,11,5),1777924301888001280,1777924301898158336,0
1,2,590,SYRK(13,13,5),1777924301898161408,1777924301903970560,0
1,2,591,GEMM(14,13,5),1777924301903973632,1777924301914131712,0
1,2,592,GEMM(15,13,5),1777924301914134784,1777924301924292864,0
1,2,595,SYRK(15,15,5),1777924301924295936,1777924301930104064,0
1,2,606,SYRK(7,7,6),1777924302717245696,1777924302737476864,1777924301930107136
1,2,607,GEMM(8,7,6),1777924302737484032,1777924302775767296,1777924302737479936
1,2,608,GEMM(9,7,6),1777924302775774464,1777924302816919808,1777924302775771392
1,2,609,GEMM(10,7,6),1777924302816926976,1777924302856953088,1777924302816922880
1,2,610,GEMM(11,7,6),1777924302856960256,1777924302897520896,1777924302856957184
1,2,611,GEMM(12,7,6),1777924302897528064,1777924302936191232,1777924302897524992
1,2,612,GEMM(13,7,6),1777924302936198400,1777924302977461504,1777924302936194304
1,2,613,GEMM(14,7,6),1777924302977468672,1777924303017498880,1777924302977465600
1,2,614,GEMM(15,7,6),1777924303017506048,1777924303057630464,1777924303017501952
1,2,623,SYRK(9,9,6),1777924303057636608,1777924303078967552,1777924303057633536
1,2,624,GEMM(10,9,6),1777924303078974720,1777924303120256256,1777924303078970624
1,2,625,GEMM(11,9,6),1777924303120263424,1777924303162183936,1777924303120259328
1,2,626,GEMM(12,9,6),1777924303162191104,1777924303202270464,1777924303162187008
1,2,627,GEMM(13,9,6),1777924303202276608,1777924303244808448,1777924303202272512
1,2,628,GEMM(14,9,6),1777924303244815616,1777924303286103296,1777924303244811520
1,2,629,GEMM(15,9,6),1777924303286110464,1777924303327704320,1777924303286106368
1,2,636,SYRK(11,11,6),1777924303327710464,1777924303348522240,1777924303327707392
1,2,637,GEMM(12,11,6),1777924303348528384,1777924303388245248,1777924303348525312
1,2,638,GEMM(13,11,6),1777924303388252416,1777924303430120704,1777924303388248320
1,2,639,GEMM(14,11,6),1777924303430127872,1777924303470719232,1777924303430123776
1,2,640,GEMM(15,11,6),1777924303470726400,1777924303511546112,1777924303470723328
1,2,645,SYRK(13,13,6),1777924303511552256,1777924303533073664,1777924303511549184
1,2,646,GEMM(14,13,6),1777924303533080832,1777924303574589696,1777924303533076736
1,2,647,GEMM(15,13,6),1777924303574596864,1777924303616382208,1777924303574593792
1,2,650,SYRK(15,15,6),1777924303616389376,1777924303636622592,1777924303616386304
1,2,651,POTRF(7),1777924303636625664,1777924303641777408,0
1,2,652,TRSM(8,7),1777924303641779456,1777924303651640576,0
1,2,653,TRSM(9,7),1777924303651645696,1777924303661529344,0
1,2,654,TRSM(10,7),1777924303661537536,1777924303671419136,0
1,2,655,TRSM(11,7),1777924303671428352,1777924303681312000,0
1,2,656,TRSM(12,7),1777924303681320192,1777924303691203840,0
1,2,657,TRSM(13,7),1777924303691212032,1777924303701095680,0
1,2,658,TRSM(14,7),1777924303701103872,1777924303710987520,0
1,2,659,TRSM(15,7),1777924303710995712,1777924303720878336,0
1,2,668,SYRK(9,9,7),1777924303720888576,1777924303726698752,0
1,2,669,GEMM(10,9,7),1777924303726701824,1777924303736859904,0
1,2,670,GEMM(11,9,7),1777924303736864000,1777924303747021056,0
1,2,671,GEMM(12,9,7),1777924303747025152,1777924303757182208,0
1,2,672,GEMM(13,9,7),1777924303757186304,1777924303767343360,0
1,2,673,GEMM(14,9,7),1777924303767347456,1777924303777504512,0
1,2,674,GEMM(15,9,7),1777924303777507584,1777924303787664640,0
1,2,681,SYRK(11,11,7),1777924303787668736,1777924303793476864,0
1,2,682,GEMM(12,11,7),1777924303793479936,1777924303803636992,0
1,2,683,GEMM(13,11,7),1777924303803641088,1777924303813798144,0
1,2,684,GEMM(14,11,7),1777924303813802240,1777924303823960320,0
1,2,685,GEMM(15,11,7),1777924303823963392,1777924303834121472,0
1,2,690,SYRK(13,13,7),1777924303834124544,1777924303839932672,0
1,2,691,GEMM(14,13,7),1777924303839936768,1777924303850094848,0
1,2,692,GEMM(15,13,7),1777924303850098944,1777924303860256000,0
1,2,695,SYRK(15,15,7),1777924303860260096,1777924303866068224,0
1,2,704,SYRK(9,9,8),1777924304372479232,1777924304393783552,1777924303866071296
1,2,705,GEMM(10,9,8),1777924304393790720,1777924304435181824,1777924304393787648
1,2,706,GEMM(11,9,8),1777924304435188992,1777924304477090048,1777924304435185920
1,2,707,GEMM(12,9,8),1777924304477097216,1777924304517178624,1777924304477093120
1,2,708,GEMM(13,9,8),1777924304517185792,1777924304559692032,1777924304517182720
1,2,709,GEMM(14,9,8),1777924304559699200,1777924304601002240,1777924304559695104
1,2,710,GEMM(15,9,8),1777924304601009408,1777924304642629888,1777924304601006336
1,2,717,SYRK(11,11,8),1777924304642636032,1777924304663438592,1777924304642632960
1,2,718,GEMM(12,11,8),1777924304663445760,1777924304703126784,1777924304663442688
1,2,719,GEMM(13,11,8),1777924304703133952,1777924304744976640,1777924304703129856
1,2,720,GEMM(14,11,8),1777924304744983808,1777924304785590528,1777924304744980736
1,2,721,GEMM(15,11,8),1777924304785597696,1777924304826432768,1777924304785594624
1,2,726,SYRK(13,13,8),1777924304826438912,1777924304847939840,1777924304826435840
1,2,727,GEMM(14,13,8),1777924304847947008,1777924304889521408,1777924304847942912
1,2,728,GEMM(15,13,8),1777924304889528576,1777924304931341568,1777924304889524480
1,2,731,SYRK(15,15,8),1777924304931347712,1777924304951537920,1777924304931344640
1,2,732,POTRF(9),1777924304951540992,1777924304956692736,0
1,2,733,TRSM(10,9),1777924304956694784,1777924304966572288,0
1,2,734,TRSM(11,9),1777924304966578432,1777924304976460032,0
1,2,735,TRSM(12,9),1777924304976467200,1777924304986346752,0
1,2,736,TRSM(13,9),1777924304986354944,1777924304996233472,0
1,2,737,TRSM(14,9),1777924304996240640,1777924305006124288,0
1,2,738,TRSM(15,9),1777924305006130432,1777924305016017152,0
1,2,745,SYRK(11,11,9),1777924305016026368,1777924305021835520,0
1,2,746,GEMM(12,11,9),1777924305021838592,1777924305031996672,0
1,2,747,GEMM(13,11,9),1777924305031999744,1777924305042157824,0
1,2,748,GEMM(14,11,9),1777924305042160896,1777924305052317952,0
1,2,749,GEMM(15,11,9),1777924305052321024,1777924305062479104,0
1,2,754,SYRK(13,13,9),1777924305062482176,1777924305068290304,0
1,2,755,GEMM(14,13,9),1777924305068293376,1777924305078450432,0
1,2,756,GEMM(15,13,9),1777924305078454528,1777924305088612608,0
1,2,759,SYRK(15,15,9),1777924305088615680,1777924305094423808,0
1,2,766,SYRK(11,11,10),1777924305404663040,1777924305425440000,1777924305094427904
1,2,767,GEMM(12,11,10),1777924305425447168,1777924305465196800,1777924305425443072
1,2,768,GEMM(13,11,10),1777924305465203968,1777924305507121408,1777924305465200896
1,2,769,GEMM(14,11,10),1777924305507128576,1777924305547732224,1777924305507124480
1,2,770,GEMM(15,11,10),1777924305547739392,1777924305588566272,1777924305547736320
1,2,775,SYRK(13,13,10),1777924305588573440,1777924305610061056,1777924305588570368
1,2,776,GEMM(14,13,10),1777924305610068224,1777924305651616000,1777924305610064128
1,2,777,GEMM(15,13,10),1777924305651623168,1777924305693409536,1777924305651619072
1,2,780,SYRK(15,15,10),1777924305693415680,1777924305713625344,1777924305693412608
1,2,781,POTRF(11),1777924305713628416,1777924305718780160,0
1,2,782,TRSM(12,11),1777924305718782208,1777924305728662784,0
1,2,783,TRSM(13,11),1777924305728668928,1777924305738551552,0
1,2,784,TRSM(14,11),1777924305738558720,1777924305748441344,0
1,2,785,TRSM(15,11),1777924305748448512,1777924305758333184,0
1,2,790,SYRK(13,13,11),1777924305758340352,1777924305764149504,0
1,2,791,GEMM(14,13,11),1777924305764152576,1777924305774310656,0
1,2,792,GEMM(15,13,11),1777924305774313728,1777924305784471808,0
1,2,795,SYRK(15,15,11),1777924305784474880,1777924305790283008,0
1,2,800,SYRK(13,13,12),1777924305941592320,1777924305963111680,1777924305790286080
1,2,801,GEMM(14,13,12),1777924305963118848,1777924306004697344,1777924305963114752
1,2,802,GEMM(15,13,12),1777924306004704512,1777924306046509312,1777924306004700416
1,2,805,SYRK(15,15,12),1777924306046516480,1777924306066722048,1777924306046513408
1,2,806,POTRF(13),1777924306066725120,1777924306071875840,0
1,2,807,TRSM(14,13),1777924306071877888,1777924306081730816,0
1,2,808,TRSM(15,13),1777924306081736960,1777924306091590912,0
1,2,811,SYRK(15,15,13),1777924306091600128,1777924306097407232,0
1,2,814,SYRK(15,15,14),1777924306158219520,1777924306178416896,1777924306097410304
1,2,815,POTRF(15),1777924306178420992,1777924306183569664,0
1,3,16,SYRK(1,1,0),1777924306374245120,1777924306395542272,1777924306359211776
1,3,17,GEMM(2,1,0),1777924306395549440,1777924306436939520,1777924306395545344
1,3,18,GEMM(3,1,0),1777924306436947712,1777924306478985984,1777924306436943616
1,3,19,GEMM(4,1,0),1777924306478993152,1777924306519078656,1777924306478989056
1,3,20,GEMM(5,1,0),1777924306519084800,1777924306561656576,1777924306519081728
1,3,21,GEMM(6,1,0),1777924306561663744,1777924306602915584,1777924306561659648
1,3,22,GEMM(7,1,0),1777924306602922752,1777924306644591360,1777924306602919680
1,3,23,GEMM(8,1,0),1777924306644598528,1777924306684226304,1777924306644594432
1,3,24,GEMM(9,1,0),1777924306684233472,1777924306726684416,1777924306684229376
1,3,25,GEMM(10,1,0),1777924306726691584,1777924306767990528,1777924306726687488
1,3,26,GEMM(11,1,0),1777924306767997696,1777924306809882368,1777924306767993600
1,3,27,GEMM(12,1,0),1777924306809889536,1777924306849959680,1777924306809885440
1,3,28,GEMM(13,1,0),1777924306849965824,1777924306892521216,1777924306849962752
1,3,29,GEMM(14,1,0),1777924306892528384,1777924306933915392,1777924306892525312
1,3,30,GEMM(15,1,0),1777924306933922560,1777924306975559424,1777924306933918464
1,3,45,SYRK(3,3,0),1777924306975565568,1777924306996406016,1777924306975562496
1,3,46,GEMM(4,3,0),1777924306996413184,1777924307036099328,1777924306996409088
1,3,47,GEMM(5,3,0),1777924307036106496,1777924307078011648,1777924307036103424
1,3,48,GEMM(6,3,0),1777924307078018816,1777924307118657280,1777924307078014720
1,3,49,GEMM(7,3,0),1777924307118664448,1777924307159538432,1777924307118660352
1,3,50,GEMM(8,3,0),1777924307159545600,1777924307198367488,1777924307159541504
1,3,51,GEMM(9,3,0),1777924307198374656,1777924307240103680,1777924307198370560
1,3,52,GEMM(10,3,0),1777924307240110848,1777924307280766720,1777924307240106752
1,3,53,GEMM(11,3,0),1777924307280774912,1777924307322187520,1777924307280770816
1,3,54,GEMM(12,3,0),1777924307322194688,1777924307361854208,1777924307322190592
1,3,55,GEMM(13,3,0),1777924307361862400,1777924307403760384,1777924307361858304
1,3,56,GEMM(14,3,0),1777924307403767552,1777924307444443904,1777924307403764480
1,3,57,GEMM(15,3,0),1777924307444451072,1777924307485292288,1777924307444446976
1,3,70,SYRK(5,5,0),1777924307485298432,1777924307506787072,1777924307485295360
1,3,71,GEMM(6,5,0),1777924307506794240,1777924307548366592,1777924307506791168
1,3,72,GEMM(7,5,0),1777924307548373760,1777924307590171392,1777924307548370688
1,3,73,GEMM(8,5,0),1777924307590178560,1777924307629983488,1777924307590174464
1,3,74,GEMM(9,5,0),1777924307629990656,1777924307672593152,1777924307629987584
1,3,75,GEMM(10,5,0),1777924307672600320,1777924307714104064,1777924307672597248
1,3,76,GEMM(11,5,0),1777924307714111232,1777924307756347136,1777924307714107136
1,3,77,GEMM(12,5,0),1777924307756354304,1777924307796750080,1777924307756350208
1,3,78,GEMM(13,5,0),1777924307796757248,1777924307839531776,1777924307796754176
1,3,79,GEMM(14,5,0),1777924307839539968,1777924307881056000,1777924307839535872
1,3,80,GEMM(15,5,0),1777924307881063168,1777924307922895616,1777924307881060096
1,3,91,SYRK(7,7,0),1777924307922902784,1777924307943103232,1777924307922899712
1,3,92,GEMM(8,7,0),1777924307943110400,1777924307981337344,1777924307943106304
1,3,93,GEMM(9,7,0),1777924307981344512,1777924308022466304,1777924307981341440
1,3,94,GEMM(10,7,0),1777924308022474496,1777924308062514944,1777924308022470400
1,3,95,GEMM(11,7,0),1777924308062522112,1777924308103076608,1777924308062519040
1,3,96,GEMM(12,7,0),1777924308103082752,1777924308141829888,1777924308103079680
1,3,97,GEMM(13,7,0),1777924308141837056,1777924308183041792,1777924308141833984
1,3,98,GEMM(14,7,0),1777924308183048960,1777924308223051520,1777924308183044864
1,3,99,GEMM(15,7,0),1777924308223058688,1777924308263159552,1777924308223054592
1,3,108,SYRK(9,9,0),1777924308263165696,1777924308284499712,1777924308263162624
1,3,109,GEMM(10,9,0),1777924308284506880,1777924308325803776,1777924308284503808
1,3,110,GEMM(11,9,0),1777924308325810944,1777924308367700736,1777924308325807872
1,3,111,GEMM(12,9,0),1777924308367707904,1777924308407725824,1777924308367703808
1,3,112,GEMM(13,9,0),1777924308407732992,1777924308450283264,1777924308407729920
1,3,113,GEMM(14,9,0),1777924308450290432,1777924308491638528,1777924308450286336
1,3,114,GEMM(15,9,0),1777924308491645696,1777924308533271296,1777924308491642624
1,3,121,SYRK(11,11,0),1777924308533278464,1777924308554053376,1777924308533275392
1,3,122,GEMM(12,11,0),1777924308554060544,1777924308593700608,1777924308554056448
1,3,123,GEMM(13,11,0),1777924308593707776,1777924308635601664,1777924308593704704
1,3,124,GEMM(14,11,0),1777924308635608832,1777924308676216576,1777924308635605760
1,3,125,GEMM(15,11,0),1777924308676222720,1777924308717080320,1777924308676219648
1,3,130,SYRK(13,13,0),1777924308717087488,1777924308738599680,1777924308717084416
1,3,131,GEMM(14,13,0),1777924308738606848,1777924308780098304,1777924308738602752
1,3,132,GEMM(15,13,0),1777924308780105472,1777924308821982976,1777924308780101376
1,3,135,SYRK(15,15,0),1777924308821989120,1777924308842199808,1777924308821986048
1,3,136,POTRF(1),1777924308842203904,1777924308847357696,0
1,3,137,TRSM(2,1),1777924308847358720,1777924308857239296,0
1,3,138,TRSM(3,1),1777924308857245440,1777924308867128064,0
1,3,139,TRSM(4,1),1777924308867135232,1777924308877013760,0
1,3,140,TRSM(5,1),1777924308877020928,1777924308886906624,0
1,3,141,TRSM(6,1),1777924308886913792,1777924308896799488,0
1,3,142,TRSM(7,1),1777924308896806656,1777924308906694400,0
1,3,143,TRSM(8,1),1777924308906702592,1777924308916570880,0
1,3,144,TRSM(9,1),1777924308916578048,1777924308926461696,0
1,3,145,TRSM(10,1),1777924308926468864,1777924308936354560,0
1,3,146,TRSM(11,1),1777924308936361728,1777924308946246400,0
1,3,147,TRSM(12,1),1777924308946253568,1777924308956138240,0
1,3,148,TRSM(13,1),1777924308956145408,1777924308966031104,0
1,3,149,TRSM(14,1),1777924308966040320,1777924308975921920,0
1,3,150,TRSM(15,1),1777924308975930112,1777924308985814784,0
1,3,165,SYRK(3,3,1),1777924308985824000,1777924308991632128,0
1,3,166,GEMM(4,3,1),1777924308991635200,1777924309001793280,0
1,3,167,GEMM(5,3,1),1777924309001797376,1777924309011954432,0
1,3,168,GEMM(6,3,1),1777924309011957504,1777924309022114560,0
1,3,169,GEMM(7,3,1),1777924309022118656,1777924309032276736,0
1,3,170,GEMM(8,3,1),1777924309032279808,1777924309042436864,0
1,3,171,GEMM(9,3,1),1777924309042440960,1777924309052599040,0
1,3,172,GEMM(10,3,1),1777924309052602112,1777924309062760192,0
1,3,173,GEMM(11,3,1),1777924309062763264,1777924309072922368,0
1,3,174,GEMM(12,3,1),1777924309072925440,1777924309083083520,0
1,3,175,GEMM(13,3,1),1777924309083086592,1777924309093244672,0
1,3,176,GEMM(14,3,1),1777924309093247744,1777924309103404800,0
1,3,177,GEMM(15,3,1),1777924309103408896,1777924309113566976,0
1,3,190,SYRK(5,5,1),1777924309113570048,1777924309119378176,0
1,3,191,GEMM(6,5,1),1777924309119382272,1777924309129538304,0
1,3,192,GEMM(7,5,1),1777924309129540352,1777924309139697408,0
1,3,193,GEMM(8,5,1),1777924309139701504,1777924309149858560,0
1,3,194,GEMM(9,5,1),1777924309149861632,1777924309160019712,0
1,3,195,GEMM(10,5,1),1777924309160022784,1777924309170180864,0
1,3,196,GEMM(11,5,1),1777924309170183936,1777924309180340992,0
1,3,197,GEMM(12,5,1),1777924309180344064,1777924309190501120,0
1,3,198,GEMM(13,5,1),1777924309190504192,1777924309200662272,0
1,3,199,GEMM(14,5,1),1777924309200665344,1777924309210822400,0
1,3,200,GEMM(15,5,1),1777924309210826496,1777924309220983552,0
1,3,211,SYRK(7,7,1),1777924309220986624,1777924309226794752,0
1,3,212,GEMM(8,7,1),1777924309226797824,1777924309236954880,0
1,3,213,GEMM(9,7,1),1777924309236957952,1777924309247116032,0
1,3,214,GEMM(10,7,1),1777924309247119104,1777924309257276160,0
1,3,215,GEMM(11,7,1),1777924309257279232,1777924309267436288,0
1,3,216,GEMM(12,7,1),1777924309267439360,1777924309277596416,0
1,3,217,GEMM(13,7,1),1777924309277599488,1777924309287757568,0
1,3,218,GEMM(14,7,1),1777924309287760640,1777924309297917696,0
1,3,219,GEMM(15,7,1),1777924309297921792,1777924309308078848,0
1,3,228,SYRK(9,9,1),1777924309308082944,1777924309313891072,0
1,3,229,GEMM(10,9,1),1777924309313894144,1777924309324051200,0
1,3,230,GEMM(11,9,1),1777924309324055296,1777924309334212352,0
1,3,231,GEMM(12,9,1),1777924309334215424,1777924309344373504,0
1,3,232,GEMM(13,9,1),1777924309344376576,1777924309354533632,0
1,3,233,GEMM(14,9,1),1777924309354537728,1777924309364694784,0
1,3,234,GEMM(15,9,1),1777924309364697856,1777924309374855936,0
1,3,241,SYRK(11,11,1),1777924309374859008,1777924309380667136,0
1,3,242,GEMM(12,11,1),1777924309380670208,1777924309390827264,0
1,3,243,GEMM(13,11,1),1777924309390830336,1777924309400988416,0
1,3,244,GEMM(14,11,1),1777924309400992512,1777924309411149568,0
1,3,245,GEMM(15,11,1),1777924309411152640,1777924309421309696,0
1,3,250,SYRK(13,13,1),1777924309421312768,1777924309427120896,0
1,3,251,GEMM(14,13,1),1777924309427124992,1777924309437283072,0
1,3,252,GEMM(15,13,1),1777924309437286144,1777924309447443200,0
1,3,255,SYRK(15,15,1),1777924309447447296,1777924309453254400,0
1,3,270,SYRK(3,3,2),1777924310963376896,1777924310984252160,1777924309453257472
1,3,271,GEMM(4,3,2),1777924310984259328,1777924311023966976,1777924310984255232
1,3,272,GEMM(5,3,2),1777924311023974144,1777924311066008320,1777924311023970048
1,3,273,GEMM(6,3,2),1777924311066015488,1777924311106656000,1777924311066012416
1,3,274,GEMM(7,3,2),1777924311106663168,1777924311147522816,1777924311106659072
1,3,275,GEMM(8,3,2),1777924311147529984,1777924311186317056,1777924311147526912
1,3,276,GEMM(9,3,2),1777924311186324224,1777924311228040960,1777924311186321152
1,3,277,GEMM(10,3,2),1777924311228048128,1777924311268647680,1777924311228044032
1,3,278,GEMM(11,3,2),1777924311268654848,1777924311310055168,1777924311268650752
1,3,279,GEMM(12,3,2),1777924311310062336,1777924311349714688,1777924311310059264
1,3,280,GEMM(13,3,2),1777924311349721856,1777924311391562496,1777924311349718784
1,3,281,GEMM(14,3,2),1777924311391570688,1777924311432257280,1777924311391566592
1,3,282,GEMM(15,3,2),1777924311432265472,1777924311473051392,1777924311432261376
1,3,295,SYRK(5,5,2),1777924311473057536,1777924311494570752,1777924311473054464
1,3,296,GEMM(6,5,2),1777924311494577920,1777924311536186112,1777924311494573824
1,3,297,GEMM(7,5,2),1777924311536193280,1777924311577984768,1777924311536189184
1,3,298,GEMM(8,5,2),1777924311577991936,1777924311617791744,1777924311577988864
1,3,299,GEMM(9,5,2),1777924311617798912,1777924311660417792,1777924311617794816
1,3,300,GEMM(10,5,2),1777924311660424960,1777924311701943040,1777924311660421888
1,3,301,GEMM(11,5,2),1777924311701950208,1777924311744179968,1777924311701947136
1,3,302,GEMM(12,5,2),1777924311744188160,1777924311784592128,1777924311744184064
1,3,303,GEMM(13,5,2),1777924311784598272,1777924311827437312,1777924311784594176
1,3,304,GEMM(14,5,2),1777924311827444480,1777924311868976896,1777924311827440384
1,3,305,GEMM(15,5,2),1777924311868984064,1777924311910820608,1777924311868980992
1,3,316,SYRK(7,7,2),1777924311910827776,1777924311931102976,1777924311910824704
1,3,317,GEMM(8,7,2),1777924311931110144,1777924311969309440,1777924311931107072
1,3,318,GEMM(9,7,2),1777924311969316608,1777924312010416896,1777924311969312512
1,3,319,GEMM(10,7,2),1777924312010424064,1777924312050452224,1777924312010419968
1,3,320,GEMM(11,7,2),1777924312050459392,1777924312090985216,1777924312050455296
1,3,321,GEMM(12,7,2),1777924312090992384,1777924312129678080,1777924312090989312
1,3,322,GEMM(13,7,2),1777924312129685248,1777924312170901248,1777924312129681152
1,3,323,GEMM(14,7,2),1777924312170908416,1777924312210916096,1777924312170904320
1,3,324,GEMM(15,7,2),1777924312210923264,1777924312251036416,1777924312210920192
1,3,333,SYRK(9,9,2),1777924312251043584,1777924312272386816,1777924312251040512
1,3,334,GEMM(10,9,2),1777924312272393984,1777924312313772800,1777924312272390912
1,3,335,GEMM(11,9,2),1777924312313779968,1777924312355769088,1777924312313776896
1,3,336,GEMM(12,9,2),1777924312355776256,1777924312395879168,1777924312355772160
1,3,337,GEMM(13,9,2),1777924312395886336,1777924312438438656,1777924312395882240
1,3,338,GEMM(14,9,2),1777924312438445824,1777924312479699712,1777924312438442752
1,3,339,GEMM(15,9,2),1777924312479706880,1777924312521325312,1777924312479703808
1,3,346,SYRK(11,11,2),1777924312521331456,1777924312542189312,1777924312521328384
1,3,347,GEMM(12,11,2),1777924312542196480,1777924312581877504,1777924312542193408
1,3,348,GEMM(13,11,2),1777924312581884672,1777924312623758080,1777924312581880576
1,3,349,GEMM(14,11,2),1777924312623765248,1777924312664404736,1777924312623761152
1,3,350,GEMM(15,11,2),1777924312664411904,1777924312705189632,1777924312664407808
1,3,355,SYRK(13,13,2),1777924312705195776,1777924312726704896,1777924312705192704
1,3,356,GEMM(14,13,2),1777924312726712064,1777924312768244480,1777924312726707968
1,3,357,GEMM(15,13,2),1777924312768251648,1777924312810056448,1777924312768248576
1,3,360,SYRK(15,15,2),1777924312810062592,1777924312830264064,1777924312810059520
1,3,361,POTRF(3),1777924312830267136,1777924312835418880,0
1,3,362,TRSM(4,3),1777924312835420928,1777924312845299456,0
1,3,363,TRSM(5,3),1777924312845304576,1777924312855185152,0
1,3,364,TRSM(6,3),1777924312855192320,1777924312865072896,0
1,3,365,TRSM(7,3),1777924312865080064,1777924312874963712,0
1,3,366,TRSM(8,3),1777924312874970880,1777924312884839168,0
1,3,367,TRSM(9,3),1777924312884846336,1777924312894734080,0
1,3,368,TRSM(10,3),1777924312894741248,1777924312904624896,0
1,3,369,TRSM(11,3),1777924312904632064,1777924312914519808,0
1,3,370,TRSM(12,3),1777924312914525952,1777924312924407552,0
1,3,371,TRSM(13,3),1777924312924414720,1777924312934300416,0
1,3,372,TRSM(14,3),1777924312934306560,1777924312944191232,0
1,3,373,TRSM(15,3),1777924312944197376,1777924312954086144,0
1,3,386,SYRK(5,5,3),1777924312954095360,1777924312959902464,0
1,3,387,GEMM(6,5,3),1777924312959906560,1777924312970063616,0
1,3,388,GEMM(7,5,3),1777924312970066688,1777924312980223744,0
1,3,389,GEMM(8,5,3),1777924312980227840,1777924312990384896,0
1,3,390,GEMM(9,5,3),1777924312990387968,1777924313000546048,0
1,3,391,GEMM(10,5,3),1777924313000549120,1777924313010707200,0
1,3,392,GEMM(11,5,3),1777924313010710272,1777924313020867328,0
1,3,393,GEMM(12,5,3),1777924313020870400,1777924313031028480,0
1,3,394,GEMM(13,5,3),1777924313031031552,1777924313041189632,0
1,3,395,GEMM(14,5,3),1777924313041191680,1777924313051348736,0
1,3,396,GEMM(15,5,3),1777924313051352832,1777924313061509888,0
1,3,407,SYRK(7,7,3),1777924313061512960,1777924313067320064,0
1,3,408,GEMM(8,7,3),1777924313067323136,1777924313077481216,0
1,3,409,GEMM(9,7,3),1777924313077484288,1777924313087641344,0
1,3,410,GEMM(10,7,3),1777924313087644416,1777924313097801472,0
1,3,411,GEMM(11,7,3),1777924313097805568,1777924313107961600,0
1,3,412,GEMM(12,7,3),1777924313107965696,1777924313118122752,0
1,3,413,GEMM(13,7,3),1777924313118125824,1777924313128282880,0
1,3,414,GEMM(14,7,3),1777924313128285952,1777924313138444032,0
1,3,415,GEMM(15,7,3),1777924313138447104,1777924313148605184,0
1,3,424,SYRK(9,9,3),1777924313148608256,1777924313154417408,0
1,3,425,GEMM(10,9,3),1777924313154420480,1777924313164578560,0
1,3,426,GEMM(11,9,3),1777924313164581632,1777924313174738688,0
1,3,427,GEMM(12,9,3),1777924313174741760,1777924313184899840,0
1,3,428,GEMM(13,9,3),1777924313184902912,1777924313195059968,0
1,3,429,GEMM(14,9,3),1777924313195063040,1777924313205221120,0
1,3,430,GEMM(15,9,3),1777924313205225216,1777924313215382272,0
1,3,437,SYRK(11,11,3),1777924313215385344,1777924313221194496,0
1,3,438,GEMM(12,11,3),1777924313221197568,1777924313231354624,0
1,3,439,GEMM(13,11,3),1777924313231357696,1777924313241515776,0
1,3,440,GEMM(14,11,3),1777924313241518848,1777924313251675904,0
1,3,441,GEMM(15,11,3),1777924313251678976,1777924313261837056,0
1,3,446,SYRK(13,13,3),1777924313261840128,1777924313267649280,0
1,3,447,GEMM(14,13,3),1777924313267652352,1777924313277809408,0
1,3,448,GEMM(15,13,3),1777924313277813504,1777924313287970560,0
1,3,451,SYRK(15,15,3),1777924313287973632,1777924313293780736,0
1,3,464,SYRK(5,5,4),1777924314400076544,1777924314421588736,1777924313293784832
1,3,465,GEMM(6,5,4),1777924314421595904,1777924314463258368,1777924314421591808
1,3,466,GEMM(7,5,4),1777924314463265536,1777924314505113344,1777924314463262464
1,3,467,GEMM(8,5,4),1777924314505120512,1777924314544967424,1777924314505116416
1,3,468,GEMM(9,5,4),1777924314544974592,1777924314587572992,1777924314544970496
1,3,469,GEMM(10,5,4),1777924314587580160,1777924314629142272,1777924314587576064
1,3,470,GEMM(11,5,4),1777924314629149440,1777924314671406848,1777924314629146368
1,3,471,GEMM(12,5,4),1777924314671414016,1777924314711821056,1777924314671409920
1,3,472,GEMM(13,5,4),1777924314711828224,1777924314754604800,1777924314711824128
1,3,473,GEMM(14,5,4),1777924314754611968,1777924314796148480,1777924314754608896
1,3,474,GEMM(15,5,4),1777924314796154624,1777924314837960448,1777924314796151552
1,3,485,SYRK(7,7,4),1777924314837966592,1777924314858100480,1777924314837963520
1,3,486,GEMM(8,7,4),1777924314858107648,1777924314896321280,1777924314858103552
1,3,487,GEMM(9,7,4),1777924314896327424,1777924314937455360,1777924314896324352
1,3,488,GEMM(10,7,4),1777924314937462528,1777924314977470208,1777924314937458432
1,3,489,GEMM(11,7,4),1777924314977478400,1777924315018070784,1777924314977474304
1,3,490,GEMM(12,7,4),1777924315018077952,1777924315056790272,1777924315018074880
1,3,491,GEMM(13,7,4),1777924315056797440,1777924315098035968,1777924315056793344
1,3,492,GEMM(14,7,4),1777924315098043136,1777924315138060032,1777924315098039040
1,3,493,GEMM(15,7,4),1777924315138067200,1777924315178103552,1777924315138064128
1,3,502,SYRK(9,9,4),1777924315178109696,1777924315199439616,1777924315178106624
1,3,503,GEMM(10,9,4),1777924315199446784,1777924315240791808,1777924315199443712
1,3,504,GEMM(11,9,4),1777924315240798976,1777924315282673408,1777924315240795904
1,3,505,GEMM(12,9,4),1777924315282680576,1777924315322789632,1777924315282676480
1,3,506,GEMM(13,9,4),1777924315322796800,1777924315365306112,1777924315322793728
1,3,507,GEMM(14,9,4),1777924315365313280,1777924315406595840,1777924315365310208
1,3,508,GEMM(15,9,4),1777924315406603008,1777924315448223488,1777924315406598912
1,3,515,SYRK(11,11,4),1777924315448229632,1777924315469026048,1777924315448226560
1,3,516,GEMM(12,11,4),1777924315469033216,1777924315508681472,1777924315469030144
1,3,517,GEMM(13,11,4),1777924315508688640,1777924315550585600,1777924315508684544
1,3,518,GEMM(14,11,4),1777924315550592768,1777924315591212800,1777924315550588672
1,3,519,GEMM(15,11,4),1777924315591219968,1777924315632055040,1777924315591215872
1,3,524,SYRK(13,13,4),1777924315632062208,1777924315653566208,1777924315632059136
1,3,525,GEMM(14,13,4),1777924315653573376,1777924315695139584,1777924315653569280
1,3,526,GEMM(15,13,4),1777924315695146752,1777924315737000704,1777924315695143680
1,3,529,SYRK(15,15,4),1777924315737007872,1777924315757130496,1777924315737004800
1,3,530,POTRF(5),1777924315757134592,1777924315762287360,0
1,3,531,TRSM(6,5),1777924315762289408,1777924315772168960,0
1,3,532,TRSM(7,5),1777924315772174080,1777924315782056704,0
1,3,533,TRSM(8,5),1777924315782063872,1777924315791929088,0
1,3,534,TRSM(9,5),1777924315791936256,1777924315801822976,0
1,3,535,TRSM(10,5),1777924315801830144,1777924315811713792,0
1,3,536,TRSM(11,5),1777924315811721984,1777924315821605632,0
1,3,537,TRSM(12,5),1777924315821612800,1777924315831497472,0
1,3,538,TRSM(13,5),1777924315831504640,1777924315841389312,0
1,3,539,TRSM(14,5),1777924315841397504,1777924315851281152,0
1,3,540,TRSM(15,5),1777924315851289344,1777924315861170944,0
1,3,551,SYRK(7,7,5),1777924315861180160,1777924315866988288,0
1,3,552,GEMM(8,7,5),1777924315866992384,1777924315877149440,0
1,3,553,GEMM(9,7,5),1777924315877151488,1777924315887309568,0
1,3,554,GEMM(10,7,5),1777924315887312640,1777924315897469696,0
1,3,555,GEMM(11,7,5),1777924315897472768,1777924315907630848,0
1,3,556,GEMM(12,7,5),1777924315907633920,1777924315917792000,0
1,3,557,GEMM(13,7,5),1777924315917796096,1777924315927954176,0
1,3,558,GEMM(14,7,5),1777924315927957248,1777924315938114304,0
1,3,559,GEMM(15,7,5),1777924315938117376,1777924315948275456,0
1,3,568,SYRK(9,9,5),1777924315948278528,1777924315954086656,0
1,3,569,GEMM(10,9,5),1777924315954089728,1777924315964247808,0
1,3,570,GEMM(11,9,5),1777924315964250880,1777924315974407936,0
1,3,571,GEMM(12,9,5),1777924315974411008,1777924315984569088,0
1,3,572,GEMM(13,9,5),1777924315984572160,1777924315994730240,0
1,3,573,GEMM(14,9,5),1777924315994734336,1777924316004891392,0
1,3,574,GEMM(15,9,5),1777924316004894464,1777924316015052544,0
1,3,581,SYRK(11,11,5),1777924316015055616,1777924316020863744,0
1,3,582,GEMM(12,11,5),1777924316020866816,1777924316031023872,0
1,3,583,GEMM(13,11,5),1777924316031026944,1777924316041185024,0
1,3,584,GEMM(14,11,5),1777924316041189120,1777924316051346176,0
1,3,585,GEMM(15,11,5),1777924316051349248,1777924316061507328,0
1,3,590,SYRK(13,13,5),1777924316061510400,1777924316067319552,0
1,3,591,GEMM(14,13,5),1777924316067322624,1777924316077480704,0
1,3,592,GEMM(15,13,5),1777924316077483776,1777924316087641856,0
1,3,595,SYRK(15,15,5),1777924316087644928,1777924316093453056,0
1,3,606,SYRK(7,7,6),1777924316880462592,1777924316900613888,1777924316093456128
1,3,607,GEMM(8,7,6),1777924316900621056,1777924316938876672,1777924316900616960
1,3,608,GEMM(9,7,6),1777924316938883840,1777924316980032256,1777924316938880768
1,3,609,GEMM(10,7,6),1777924316980040448,1777924317020086016,1777924316980036352
1,3,610,GEMM(11,7,6),1777924317020093184,1777924317060671232,1777924317020089088
1,3,611,GEMM(12,7,6),1777924317060678400,1777924317099375360,1777924317060675328
1,3,612,GEMM(13,7,6),1777924317099382528,1777924317140643584,1777924317099378432
1,3,613,GEMM(14,7,6),1777924317140650752,1777924317180671744,1777924317140646656
1,3,614,GEMM(15,7,6),1777924317180678912,1777924317220783872,1777924317180675840
1,3,623,SYRK(9,9,6),1777924317220790016,1777924317242172160,1777924317220786944
1,3,624,GEMM(10,9,6),1777924317242179328,1777924317283467008,1777924317242175232
1,3,625,GEMM(11,9,6),1777924317283474176,1777924317325439744,1777924317283470080
1,3,626,GEMM(12,9,6),1777924317325446912,1777924317365501696,1777924317325442816
1,3,627,GEMM(13,9,6),1777924317365508864,1777924317407985408,1777924317365504768
1,3,628,GEMM(14,9,6),1777924317407992576,1777924317449296640,1777924317407989504
1,3,629,GEMM(15,9,6),1777924317449303808,1777924317490880256,1777924317449299712
1,3,636,SYRK(11,11,6),1777924317490886400,1777924317511695104,1777924317490883328
1,3,637,GEMM(12,11,6),1777924317511702272,1777924317551451904,1777924317511698176
1,3,638,GEMM(13,11,6),1777924317551459072,1777924317593306880,1777924317551456000
1,3,639,GEMM(14,11,6),1777924317593314048,1777924317633944320,1777924317593309952
1,3,640,GEMM(15,11,6),1777924317633952512,1777924317674812160,1777924317633948416
1,3,645,SYRK(13,13,6),1777924317674819328,1777924317696307968,1777924317674816256
1,3,646,GEMM(14,13,6),1777924317696315136,1777924317737894656,1777924317696311040
1,3,647,GEMM(15,13,6),1777924317737901824,1777924317779739392,1777924317737898752
1,3,650,SYRK(15,15,6),1777924317779745536,1777924317799943936,1777924317779742464
1,3,651,POTRF(7),1777924317799947008,1777924317805099776,0
1,3,652,TRSM(8,7),1777924317805101824,1777924317814964992,0
1,3,653,TRSM(9,7),1777924317814970112,1777924317824850688,0
1,3,654,TRSM(10,7),1777924317824858880,1777924317834741504,0
1,3,655,TRSM(11,7),1777924317834749696,1777924317844637440,0
1,3,656,TRSM(12,7),1777924317844645632,1777924317854528256,0
1,3,657,TRSM(13,7),1777924317854536448,1777924317864421120,0
1,3,658,TRSM(14,7),1777924317864428288,1777924317874317056,0
1,3,659,TRSM(15,7),1777924317874325248,1777924317884207872,0
1,3,668,SYRK(9,9,7),1777924317884218112,1777924317890027264,0
1,3,669,GEMM(10,9,7),1777924317890031360,1777924317900189440,0
1,3,670,GEMM(11,9,7),1777924317900192512,1777924317910350592,0
1,3,671,GEMM(12,9,7),1777924317910354688,1777924317920512768,0
1,3,672,GEMM(13,9,7),1777924317920516864,1777924317930673920,0
1,3,673,GEMM(14,9,7),1777924317930678016,1777924317940836096,0
1,3,674,GEMM(15,9,7),1777924317940839168,1777924317950997248,0
1,3,681,SYRK(11,11,7),1777924317951001344,1777924317956809472,0
1,3,682,GEMM(12,11,7),1777924317956813568,1777924317966970624,0
1,3,683,GEMM(13,11,7),1777924317966974720,1777924317977132800,0
1,3,684,GEMM(14,11,7),1777924317977135872,1777924317987293952,0
1,3,685,GEMM(15,11,7),1777924317987298048,1777924317997456128,0
1,3,690,SYRK(13,13,7),1777924317997459200,1777924318003267328,0
1,3,691,GEMM(14,13,7),1777924318003271424,1777924318013428480,0
1,3,692,GEMM(15,13,7),1777924318013432576,1777924318023589632,0
1,3,695,SYRK(15,15,7),1777924318023593728,1777924318029400832,0
1,3,704,SYRK(9,9,8),1777924318536005376,1777924318557370112,1777924318029404928
1,3,705,GEMM(10,9,8),1777924318557377280,1777924318598760192,1777924318557373184
1,3,706,GEMM(11,9,8),1777924318598767360,1777924318640682752,1777924318598764288
1,3,707,GEMM(12,9,8),1777924318640689920,1777924318680733440,1777924318640686848
1,3,708,GEMM(13,9,8),1777924318680740608,1777924318723260160,1777924318680736512
1,3,709,GEMM(14,9,8),1777924318723268352,1777924318764599040,1777924318723264256
1,3,710,GEMM(15,9,8),1777924318764606208,1777924318806186752,1777924318764602112
1,3,717,SYRK(11,11,8),1777924318806193920,1777924318826969856,1777924318806190848
1,3,718,GEMM(12,11,8),1777924318826976000,1777924318866674432,1777924318826971904
1,3,719,GEMM(13,11,8),1777924318866681600,1777924318908536576,1777924318866677504
1,3,720,GEMM(14,11,8),1777924318908543744,1777924318949174016,1777924318908539648
1,3,721,GEMM(15,11,8),1777924318949181184,1777924318990026496,1777924318949177088
1,3,726,SYRK(13,13,8),1777924318990032640,1777924319011538688,1777924318990029568
1,3,727,GEMM(14,13,8),1777924319011545856,1777924319053115136,1777924319011541760
1,3,728,GEMM(15,13,8),1777924319053122304,1777924319094986496,1777924319053119232
1,3,731,SYRK(15,15,8),1777924319094993664,1777924319115204352,1777924319094990592
1,3,732,POTRF(9),1777924319115207424,1777924319120360192,0
1,3,733,TRSM(10,9),1777924319120361216,1777924319130240768,0
1,3,734,TRSM(11,9),1777924319130246912,1777924319140125440,0
1,3,735,TRSM(12,9),1777924319140133632,1777924319150015232,0
1,3,736,TRSM(13,9),1777924319150023424,1777924319159906048,0
1,3,737,TRSM(14,9),1777924319159913216,1777924319169797888,0
1,3,738,TRSM(15,9),1777924319169805056,1777924319179690752,0
1,3,745,SYRK(11,11,9),1777924319179698944,1777924319185507072,0
1,3,746,GEMM(12,11,9),1777924319185510144,1777924319195668224,0
1,3,747,GEMM(13,11,9),1777924319195672320,1777924319205829376,0
1,3,748,GEMM(14,11,9),1777924319205832448,1777924319215990528,0
1,3,749,GEMM(15,11,9),1777924319215993600,1777924319226151680,0
1,3,754,SYRK(13,13,9),1777924319226154752,1777924319231962880,0
1,3,755,GEMM(14,13,9),1777924319231965952,1777924319242123008,0
1,3,756,GEMM(15,13,9),1777924319242127104,1777924319252284160,0
1,3,759,SYRK(15,15,9),1777924319252287232,1777924319258094336,0
1,3,766,SYRK(11,11,10),1777924319568359168,1777924319589219072,1777924319258098432
1,3,767,GEMM(12,11,10),1777924319589226240,1777924319628945152,1777924319589222144
1,3,768,GEMM(13,11,10),1777924319628952320,1777924319670809344,1777924319628948224
1,3,769,GEMM(14,11,10),1777924319670816512,1777924319711463168,1777924319670813440
1,3,770,GEMM(15,11,10),1777924319711471360,1777924319752320768,1777924319711467264
1,3,775,SYRK(13,13,10),1777924319752326912,1777924319773822720,1777924319752323840
1,3,776,GEMM(14,13,10),1777924319773829888,1777924319815335680,1777924319773826816
1,3,777,GEMM(15,13,10),1777924319815342848,1777924319857134336,1777924319815338752
1,3,780,SYRK(15,15,10),1777924319857141504,1777924319877362432,1777924319857138432
1,3,781,POTRF(11),1777924319877365504,1777924319882518272,0
1,3,782,TRSM(12,11),1777924319882519296,1777924319892399872,0
1,3,783,TRSM(13,11),1777924319892404992,1777924319902288640,0
1,3,784,TRSM(14,11),1777924319902294784,1777924319912179456,0
1,3,785,TRSM(15,11),1777924319912186624,1777924319922070272,0
1,3,790,SYRK(13,13,11),1777924319922079488,1777924319927886592,0
1,3,791,GEMM(14,13,11),1777924319927889664,1777924319938047744,0
1,3,792,GEMM(15,13,11),1777924319938050816,1777924319948208896,0
1,3,795,SYRK(15,15,11),1777924319948211968,1777924319954020096,0
1,3,800,SYRK(13,13,12),1777924320105469696,1777924320126944000,1777924319954023168
1,3,801,GEMM(14,13,12),1777924320126951168,1777924320168506112,1777924320126947072
1,3,802,GEMM(15,13,12),1777924320168513280,1777924320210337536,1777924320168510208
1,3,805,SYRK(15,15,12),1777924320210344704,1777924320230532864,1777924320210340608
1,3,806,POTRF(13),1777924320230535936,1777924320235686656,0
1,3,807,TRSM(14,13),1777924320235687680,1777924320245541632,0
1,3,808,TRSM(15,13),1777924320245547776,1777924320255400704,0
1,3,811,SYRK(15,15,13),1777924320255409920,1777924320261218048,0
1,3,814,SYRK(15,15,14),1777924320322034432,1777924320342265600,1777924320261221120
1,3,815,POTRF(15),1777924320342269696,1777924320347419392,0
1,4,16,SYRK(1,1,0),1777924320537282048,1777924320558596608,1777924320522231296
1,4,17,GEMM(2,1,0),1777924320558604800,1777924320600031744,1777924320558600704
1,4,18,GEMM(3,1,0),1777924320600038912,1777924320642037248,1777924320600035840
1,4,19,GEMM(4,1,0),1777924320642044416,1777924320682200576,1777924320642040320
1,4,20,GEMM(5,1,0),1777924320682207744,1777924320724755968,1777924320682203648
1,4,21,GEMM(6,1,0),1777924320724764160,1777924320766081536,1777924320724760064
1,4,22,GEMM(7,1,0),1777924320766088704,1777924320807751168,1777924320766085632
1,4,23,GEMM(8,1,0),1777924320807758336,1777924320847424000,1777924320807755264
1,4,24,GEMM(9,1,0),1777924320847431168,1777924320889845248,1777924320847427072
1,4,25,GEMM(10,1,0),1777924320889852416,1777924320931124736,1777924320889848320
1,4,26,GEMM(11,1,0),1777924320931131904,1777924320973037056,1777924320931127808
1,4,27,GEMM(12,1,0),1777924320973044224,1777924321013125632,1777924320973040128
1,4,28,GEMM(13,1,0),1777924321013132800,1777924321055682048,1777924321013128704
1,4,29,GEMM(14,1,0),1777924321055689216,1777924321097032192,1777924321055685120
1,4,30,GEMM(15,1,0),1777924321097039360,1777924321138600448,1777924321097035264
1,4,45,SYRK(3,3,0),1777924321138606592,1777924321159392768,1777924321138603520
1,4,46,GEMM(4,3,0),1777924321159399936,1777924321199078912,1777924321159396864
1,4,47,GEMM(5,3,0),1777924321199086080,1777924321241052672,1777924321199081984
1,4,48,GEMM(6,3,0),1777924321241059840,1777924321281692160,1777924321241056768
1,4,49,GEMM(7,3,0),1777924321281699328,1777924321322503680,1777924321281695232
1,4,50,GEMM(8,3,0),1777924321322510848,1777924321361368576,1777924321322507776
1,4,51,GEMM(9,3,0),1777924321361375744,1777924321403069952,1777924321361371648
1,4,52,GEMM(10,3,0),1777924321403077120,1777924321443680768,1777924321403074048
1,4,53,GEMM(11,3,0),1777924321443687936,1777924321485114880,1777924321443684864
1,4,54,GEMM(12,3,0),1777924321485122048,1777924321524793856,1777924321485117952
1,4,55,GEMM(13,3,0),1777924321524801024,1777924321566690816,1777924321524796928
1,4,56,GEMM(14,3,0),1777924321566697984,1777924321607330304,1777924321566694912
1,4,57,GEMM(15,3,0),1777924321607337472,1777924321648169472,1777924321607334400
1,4,70,SYRK(5,5,0),1777924321648175616,1777924321669722624,1777924321648172544
1,4,71,GEMM(6,5,0),1777924321669729792,1777924321711289856,1777924321669725696
1,4,72,GEMM(7,5,0),1777924321711297024,1777924321753144832,1777924321711292928
1,4,73,GEMM(8,5,0),1777924321753152000,1777924321792960000,1777924321753147904
1,4,74,GEMM(9,5,0),1777924321792967168,1777924321835564544,1777924321792963072
1,4,75,GEMM(10,5,0),1777924321835572736,1777924321877060096,1777924321835568640
1,4,76,GEMM(11,5,0),1777924321877067264,1777924321919266304,1777924321877064192
1,4,77,GEMM(12,5,0),1777924321919273472,1777924321959655936,1777924321919269376
1,4,78,GEMM(13,5,0),1777924321959663104,1777924322002459136,1777924321959660032
1,4,79,GEMM(14,5,0),1777924322002466304,1777924322043966976,1777924322002462208
1,4,80,GEMM(15,5,0),1777924322043974144,1777924322085831168,1777924322043971072
1,4,91,SYRK(7,7,0),1777924322085838336,1777924322106094080,1777924322085835264
1,4,92,GEMM(8,7,0),1777924322106101248,1777924322144315904,1777924322106097152
1,4,93,GEMM(9,7,0),1777924322144323072,1777924322185460224,1777924322144318976
1,4,94,GEMM(10,7,0),1777924322185467392,1777924322225490432,1777924322185463296
1,4,95,GEMM(11,7,0),1777924322225497600,1777924322266114560,1777924322225494528
1,4,96,GEMM(12,7,0),1777924322266121728,1777924322304803328,1777924322266117632
1,4,97,GEMM(13,7,0),1777924322304810496,1777924322345983488,1777924322304807424
1,4,98,GEMM(14,7,0),1777924322345990656,1777924322386029056,1777924322345987584
1,4,99,GEMM(15,7,0),1777924322386037248,1777924322426110464,1777924322386033152
1,4,108,SYRK(9,9,0),1777924322426116608,1777924322447462912,1777924322426113536
1,4,109,GEMM(10,9,0),1777924322447469056,1777924322488825344,1777924322447465984
1,4,110,GEMM(11,9,0),1777924322488832512,1777924322530688512,1777924322488829440
1,4,111,GEMM(12,9,0),1777924322530695680,1777924322570820096,1777924322530692608
1,4,112,GEMM(13,9,0),1777924322570827264,1777924322613392896,1777924322570823168
1,4,113,GEMM(14,9,0),1777924322613400064,1777924322654708224,1777924322613395968
1,4,114,GEMM(15,9,0),1777924322654716416,1777924322696355328,1777924322654712320
1,4,121,SYRK(11,11,0),1777924322696361472,1777924322717198848,1777924322696358400
1,4,122,GEMM(12,11,0),1777924322717206016,1777924322756910592,1777924322717201920
1,4,123,GEMM(13,11,0),1777924322756917760,1777924322798807552,1777924322756914688
1,4,124,GEMM(14,11,0),1777924322798814720,1777924322839407104,1777924322798810624
1,4,125,GEMM(15,11,0),1777924322839414272,1777924322880264704,1777924322839410176
1,4,130,SYRK(13,13,0),1777924322880271872,1777924322901787136,1777924322880268800
1,4,131,GEMM(14,13,0),1777924322901794304,1777924322943291904,1777924322901790208
1,4,132,GEMM(15,13,0),1777924322943299072,1777924322985131520,1777924322943296000
1,4,135,SYRK(15,15,0),1777924322985137664,1777924323005292032,1777924322985134592
1,4,136,POTRF(1),1777924323005296128,1777924323010446848,0
1,4,137,TRSM(2,1),1777924323010448896,1777924323020330496,0
1,4,138,TRSM(3,1),1777924323020335616,1777924323030216192,0
1,4,139,TRSM(4,1),1777924323030223360,1777924323040103936,0
1,4,140,TRSM(5,1),1777924323040111104,1777924323049997824,0
1,4,141,TRSM(6,1),1777924323050006016,1777924323059891712,0
1,4,142,TRSM(7,1),1777924323059898880,1777924323069783552,0
1,4,143,TRSM(8,1),1777924323069791744,1777924323079659008,0
1,4,144,TRSM(9,1),1777924323079666176,1777924323089549824,0
1,4,145,TRSM(10,1),1777924323089556992,1777924323099439616,0
1,4,146,TRSM(11,1),1777924323099446784,1777924323109327360,0
1,4,147,TRSM(12,1),1777924323109334528,1777924323119219200,0
1,4,148,TRSM(13,1),1777924323119226368,1777924323129113088,0
1,4,149,TRSM(14,1),1777924323129121280,1777924323139002880,0
1,4,150,TRSM(15,1),1777924323139011072,1777924323148896768,0
1,4,165,SYRK(3,3,1),1777924323148905984,1777924323154715136,0
1,4,166,GEMM(4,3,1),1777924323154718208,1777924323164875264,0
1,4,167,GEMM(5,3,1),1777924323164878336,1777924323175036416,0
1,4,168,GEMM(6,3,1),1777924323175038464,1777924323185195520,0
1,4,169,GEMM(7,3,1),1777924323185198592,1777924323195356672,0
1,4,170,GEMM(8,3,1),1777924323195360768,1777924323205517824,0
1,4,171,GEMM(9,3,1),1777924323205520896,1777924323215678976,0
1,4,172,GEMM(10,3,1),1777924323215682048,1777924323225839104,0
1,4,173,GEMM(11,3,1),1777924323225843200,1777924323236000256,0
1,4,174,GEMM(12,3,1),1777924323236004352,1777924323246161408,0
1,4,175,GEMM(13,3,1),1777924323246165504,1777924323256322560,0
1,4,176,GEMM(14,3,1),1777924323256325632,1777924323266483712,0
1,4,177,GEMM(15,3,1),1777924323266486784,1777924323276644864,0
1,4,190,SYRK(5,5,1),1777924323276648960,1777924323282457088,0
1,4,191,GEMM(6,5,1),1777924323282460160,1777924323292617216,0
1,4,192,GEMM(7,5,1),1777924323292621312,1777924323302778368,0
1,4,193,GEMM(8,5,1),1777924323302782464,1777924323312939520,0
1,4,194,GEMM(9,5,1),1777924323312942592,1777924323323099648,0
1,4,195,GEMM(10,5,1),1777924323323102720,1777924323333260800,0
1,4,196,GEMM(11,5,1),1777924323333263872,1777924323343421952,0
1,4,197,GEMM(12,5,1),1777924323343425024,1777924323353583104,0
1,4,198,GEMM(13,5,1),1777924323353586176,1777924323363744256,0
1,4,199,GEMM(14,5,1),1777924323363747328,1777924323373905408,0
1,4,200,GEMM(15,5,1),1777924323373908480,1777924323384065536,0
1,4,211,SYRK(7,7,1),1777924323384069632,1777924323389877760,0
1,4,212,GEMM(8,7,1),1777924323389880832,1777924323400037888,0
1,4,213,GEMM(9,7,1),1777924323400040960,1777924323410199040,0
1,4,214,GEMM(10,7,1),1777924323410202112,1777924323420360192,0
1,4,215,GEMM(11,7,1),1777924323420363264,1777924323430520320,0
1,4,216,GEMM(12,7,1),1777924323430523392,1777924323440680448,0
1,4,217,GEMM(13,7,1),1777924323440683520,1777924323450841600,0
1,4,218,GEMM(14,7,1),1777924323450844672,1777924323461001728,0
1,4,219,GEMM(15,7,1),1777924323461005824,1777924323471162880,0
1,4,228,SYRK(9,9,1),1777924323471165952,1777924323476974080,0
1,4,229,GEMM(10,9,1),1777924323476977152,1777924323487135232,0
1,4,230,GEMM(11,9,1),1777924323487138304,1777924323497296384,0
1,4,231,GEMM(12,9,1),1777924323497299456,1777924323507457536,0
1,4,232,GEMM(13,9,1),1777924323507460608,1777924323517618688,0
1,4,233,GEMM(14,9,1),1777924323517621760,1777924323527778816,0
1,4,234,GEMM(15,9,1),1777924323527782912,1777924323537940992,0
1,4,241,SYRK(11,11,1),1777924323537944064,1777924323543753216,0
1,4,242,GEMM(12,11,1),1777924323543756288,1777924323553914368,0
1,4,243,GEMM(13,11,1),1777924323553917440,1777924323564074496,0
1,4,244,GEMM(14,11,1),1777924323564078592,1777924323574235648,0
1,4,245,GEMM(15,11,1),1777924323574238720,1777924323584396800,0
1,4,250,SYRK(13,13,1),1777924323584399872,1777924323590208000,0
1,4,251,GEMM(14,13,1),1777924323590211072,1777924323600369152,0
1,4,252,GEMM(15,13,1),1777924323600372224,1777924323610529280,0
1,4,255,SYRK(15,15,1),1777924323610533376,1777924323616340480,0
1,4,270,SYRK(3,3,2),1777924325126299136,1777924325147123200,1777924323616343552
1,4,271,GEMM(4,3,2),1777924325147130368,1777924325186909696,1777924325147126272
1,4,272,GEMM(5,3,2),1777924325186916864,1777924325228945920,1777924325186912768
1,4,273,GEMM(6,3,2),1777924325228953088,1777924325269611008,1777924325228948992
1,4,274,GEMM(7,3,2),1777924325269618176,1777924325310451200,1777924325269615104
1,4,275,GEMM(8,3,2),1777924325310458368,1777924325349292544,1777924325310454272
1,4,276,GEMM(9,3,2),1777924325349299712,1777924325390976512,1777924325349296640
1,4,277,GEMM(10,3,2),1777924325390984704,1777924325431706112,1777924325390980608
1,4,278,GEMM(11,3,2),1777924325431713280,1777924325473115648,1777924325431710208
1,4,279,GEMM(12,3,2),1777924325473123840,1777924325512799744,1777924325473119744
1,4,280,GEMM(13,3,2),1777924325512807936,1777924325554643456,1777924325512803840
1,4,281,GEMM(14,3,2),1777924325554650624,1777924325595287040,1777924325554647552
1,4,282,GEMM(15,3,2),1777924325595293184,1777924325636137472,1777924325595289088
1,4,295,SYRK(5,5,2),1777924325636144640,1777924325657618944,1777924325636141568
1,4,296,GEMM(6,5,2),1777924325657626112,1777924325699167744,1777924325657623040
1,4,297,GEMM(7,5,2),1777924325699174912,1777924325740967424,1777924325699171840
1,4,298,GEMM(8,5,2),1777924325740974592,1777924325780783616,1777924325740970496
1,4,299,GEMM(9,5,2),1777924325780789760,1777924325823408640,1777924325780786688
1,4,300,GEMM(10,5,2),1777924325823415808,1777924325864949248,1777924325823411712
1,4,301,GEMM(11,5,2),1777924325864956416,1777924325907187200,1777924325864953344
1,4,302,GEMM(12,5,2),1777924325907194368,1777924325947649536,1777924325907190272
1,4,303,GEMM(13,5,2),1777924325947657728,1777924325990445568,1777924325947653632
1,4,304,GEMM(14,5,2),1777924325990452736,1777924326032010752,1777924325990448640
1,4,305,GEMM(15,5,2),1777924326032017920,1777924326073816576,1777924326032014848
1,4,316,SYRK(7,7,2),1777924326073822720,1777924326094011904,1777924326073819648
1,4,317,GEMM(8,7,2),1777924326094019072,1777924326132262400,1777924326094014976
1,4,318,GEMM(9,7,2),1777924326132269568,1777924326173373952,1777924326132265472
1,4,319,GEMM(10,7,2),1777924326173382144,1777924326213444096,1777924326173378048
1,4,320,GEMM(11,7,2),1777924326213451264,1777924326254002688,1777924326213447168
1,4,321,GEMM(12,7,2),1777924326254009856,1777924326292706816,1777924326254005760
1,4,322,GEMM(13,7,2),1777924326292713984,1777924326333979136,1777924326292709888
1,4,323,GEMM(14,7,2),1777924326333987328,1777924326374004224,1777924326333983232
1,4,324,GEMM(15,7,2),1777924326374011392,1777924326414093824,1777924326374007296
1,4,333,SYRK(9,9,2),1777924326414100992,1777924326435432960,1777924326414097920
1,4,334,GEMM(10,9,2),1777924326435440128,1777924326476769792,1777924326435436032
1,4,335,GEMM(11,9,2),1777924326476776960,1777924326518727168,1777924326476772864
1,4,336,GEMM(12,9,2),1777924326518734336,1777924326558788096,1777924326518730240
1,4,337,GEMM(13,9,2),1777924326558795264,1777924326601362944,1777924326558792192
1,4,338,GEMM(14,9,2),1777924326601369088,1777924326642656768,1777924326601364992
1,4,339,GEMM(15,9,2),1777924326642663936,1777924326684288512,1777924326642659840
1,4,346,SYRK(11,11,2),1777924326684295680,1777924326705076736,1777924326684292608
1,4,347,GEMM(12,11,2),1777924326705083904,1777924326744825344,1777924326705079808
1,4,348,GEMM(13,11,2),1777924326744832512,1777924326786766336,1777924326744828416
1,4,349,GEMM(14,11,2),1777924326786773504,1777924326827387392,1777924326786769408
1,4,350,GEMM(15,11,2),1777924326827394560,1777924326868195840,1777924326827391488
1,4,355,SYRK(13,13,2),1777924326868203008,1777924326889701888,1777924326868198912
1,4,356,GEMM(14,13,2),1777924326889709056,1777924326931236352,1777924326889704960
1,4,357,GEMM(15,13,2),1777924326931243520,1777924326973032960,1777924326931240448
1,4,360,SYRK(15,15,2),1777924326973039104,1777924326993236480,1777924326973036032
1,4,361,POTRF(3),1777924326993239552,1777924326998392320,0
1,4,362,TRSM(4,3),1777924326998394368,1777924327008275968,0
1,4,363,TRSM(5,3),1777924327008281088,1777924327018158592,0
1,4,364,TRSM(6,3),1777924327018165760,1777924327028047360,0
1,4,365,TRSM(7,3),1777924327028055552,1777924327037939200,0
1,4,366,TRSM(8,3),1777924327037946368,1777924327047812608,0
1,4,367,TRSM(9,3),1777924327047819776,1777924327057702400,0
1,4,368,TRSM(10,3),1777924327057708544,1777924327067590144,0
1,4,369,TRSM(11,3),1777924327067597312,1777924327077483008,0
1,4,370,TRSM(12,3),1777924327077490176,1777924327087369728,0
1,4,371,TRSM(13,3),1777924327087376896,1777924327097262592,0
1,4,372,TRSM(14,3),1777924327097269760,1777924327107152384,0
1,4,373,TRSM(15,3),1777924327107159552,1777924327117047296,0
1,4,386,SYRK(5,5,3),1777924327117055488,1777924327122864640,0
1,4,387,GEMM(6,5,3),1777924327122867712,1777924327133025792,0
1,4,388,GEMM(7,5,3),1777924327133028864,1777924327143185920,0
1,4,389,GEMM(8,5,3),1777924327143190016,1777924327153347072,0
1,4,390,GEMM(9,5,3),1777924327153351168,1777924327163508224,0
1,4,391,GEMM(10,5,3),1777924327163512320,1777924327173669376,0
1,4,392,GEMM(11,5,3),1777924327173672448,1777924327183829504,0
1,4,393,GEMM(12,5,3),1777924327183832576,1777924327193990656,0
1,4,394,GEMM(13,5,3),1777924327193993728,1777924327204150784,0
1,4,395,GEMM(14,5,3),1777924327204153856,1777924327214310912,0
1,4,396,GEMM(15,5,3),1777924327214313984,1777924327224472064,0
1,4,407,SYRK(7,7,3),1777924327224475136,1777924327230282240,0
1,4,408,GEMM(8,7,3),1777924327230285312,1777924327240443392,0
1,4,409,GEMM(9,7,3),1777924327240446464,1777924327250604544,0
1,4,410,GEMM(10,7,3),1777924327250607616,1777924327260764672,0
1,4,411,GEMM(11,7,3),1777924327260767744,1777924327270925824,0
1,4,412,GEMM(12,7,3),1777924327270928896,1777924327281085952,0
1,4,413,GEMM(13,7,3),1777924327281089024,1777924327291246080,0
1,4,414,GEMM(14,7,3),1777924327291249152,1777924327301407232,0
1,4,415,GEMM(15,7,3),1777924327301410304,1777924327311567360,0
1,4,424,SYRK(9,9,3),1777924327311570432,1777924327317379584,0
1,4,425,GEMM(10,9,3),1777924327317382656,1777924327327540736,0
1,4,426,GEMM(11,9,3),1777924327327543808,1777924327337700864,0
1,4,427,GEMM(12,9,3),1777924327337704960,1777924327347862016,0
1,4,428,GEMM(13,9,3),1777924327347865088,1777924327358023168,0
1,4,429,GEMM(14,9,3),1777924327358026240,1777924327368184320,0
1,4,430,GEMM(15,9,3),1777924327368187392,1777924327378345472,0
1,4,437,SYRK(11,11,3),1777924327378348544,1777924327384157696,0
1,4,438,GEMM(12,11,3),1777924327384160768,1777924327394318848,0
1,4,439,GEMM(13,11,3),1777924327394321920,1777924327404478976,0
1,4,440,GEMM(14,11,3),1777924327404482048,1777924327414639104,0
1,4,441,GEMM(15,11,3),1777924327414643200,1777924327424800256,0
1,4,446,SYRK(13,13,3),1777924327424803328,1777924327430611456,0
1,4,447,GEMM(14,13,3),1777924327430615552,1777924327440772608,0
1,4,448,GEMM(15,13,3),1777924327440775680,1777924327450932736,0
1,4,451,SYRK(15,15,3),1777924327450935808,1777924327456743936,0
1,4,464,SYRK(5,5,4),1777924328563405312,1777924328584937984,1777924327456748032
1,4,465,GEMM(6,5,4),1777924328584945152,1777924328626527744,1777924328584942080
1,4,466,GEMM(7,5,4),1777924328626534912,1777924328668398080,1777924328626530816
1,4,467,GEMM(8,5,4),1777924328668405248,1777924328708226560,1777924328668402176
1,4,468,GEMM(9,5,4),1777924328708233728,1777924328750868992,1777924328708230656
1,4,469,GEMM(10,5,4),1777924328750875136,1777924328792362496,1777924328750872064
1,4,470,GEMM(11,5,4),1777924328792368640,1777924328834621952,1777924328792365568
1,4,471,GEMM(12,5,4),1777924328834629120,1777924328875035136,1777924328834626048
1,4,472,GEMM(13,5,4),1777924328875042304,1777924328917808640,1777924328875039232
1,4,473,GEMM(14,5,4),1777924328917815808,1777924328959344128,1777924328917812736
1,4,474,GEMM(15,5,4),1777924328959351296,1777924329001147904,1777924328959348224
1,4,485,SYRK(7,7,4),1777924329001155072,1777924329021347328,1777924329001152000
1,4,486,GEMM(8,7,4),1777924329021354496,1777924329059589632,1777924329021351424
1,4,487,GEMM(9,7,4),1777924329059596800,1777924329100670464,1777924329059593728
1,4,488,GEMM(10,7,4),1777924329100677632,1777924329140744704,1777924329100673536
1,4,489,GEMM(11,7,4),1777924329140751872,1777924329181299200,1777924329140747776
1,4,490,GEMM(12,7,4),1777924329181306368,1777924329220002304,1777924329181302272
1,4,491,GEMM(13,7,4),1777924329220009472,1777924329261242880,1777924329220005376
1,4,492,GEMM(14,7,4),1777924329261250048,1777924329301224960,1777924329261246976
1,4,493,GEMM(15,7,4),1777924329301232128,1777924329341353472,1777924329301229056
1,4,502,SYRK(9,9,4),1777924329341359616,1777924329362608640,1777924329341356544
1,4,503,GEMM(10,9,4),1777924329362615808,1777924329403914752,1777924329362611712
1,4,504,GEMM(11,9,4),1777924329403921920,1777924329445882368,1777924329403917824
1,4,505,GEMM(12,9,4),1777924329445889536,1777924329485932032,1777924329445886464
1,4,506,GEMM(13,9,4),1777924329485939200,1777924329528438272,1777924329485935104
1,4,507,GEMM(14,9,4),1777924329528446464,1777924329569764864,1777924329528442368
1,4,508,GEMM(15,9,4),1777924329569772032,1777924329611361792,1777924329569767936
1,4,515,SYRK(11,11,4),1777924329611368960,1777924329632161280,1777924329611365888
1,4,516,GEMM(12,11,4),1777924329632168448,1777924329671847424,1777924329632165376
1,4,517,GEMM(13,11,4),1777924329671854592,1777924329713691136,1777924329671851520
1,4,518,GEMM(14,11,4),1777924329713698304,1777924329754356224,1777924329713695232
1,4,519,GEMM(15,11,4),1777924329754362368,1777924329795116544,1777924329754359296
1,4,524,SYRK(13,13,4),1777924329795121664,1777924329816590848,1777924329795118592
1,4,525,GEMM(14,13,4),1777924329816598016,1777924329858161152,1777924329816593920
1,4,526,GEMM(15,13,4),1777924329858168320,1777924329899919872,1777924329858165248
1,4,529,SYRK(15,15,4),1777924329899926016,1777924329920098816,1777924329899922944
1,4,530,POTRF(5),1777924329920101888,1777924329925253632,0
1,4,531,TRSM(6,5),1777924329925255680,1777924329935136256,0
1,4,532,TRSM(7,5),1777924329935141376,1777924329945022976,0
1,4,533,TRSM(8,5),1777924329945030144,1777924329954892288,0
1,4,534,TRSM(9,5),1777924329954900480,1777924329964785152,0
1,4,535,TRSM(10,5),1777924329964792320,1777924329974679040,0
1,4,536,TRSM(11,5),1777924329974687232,1777924329984570880,0
1,4,537,TRSM(12,5),1777924329984578048,1777924329994457600,0
1,4,538,TRSM(13,5),1777924329994464768,1777924330004350464,0
1,4,539,TRSM(14,5),1777924330004357632,1777924330014239232,0
1,4,540,TRSM(15,5),1777924330014247424,1777924330024130048,0
1,4,551,SYRK(7,7,5),1777924330024140288,1777924330029948416,0
1,4,552,GEMM(8,7,5),1777924330029952512,1777924330040109568,0
1,4,553,GEMM(9,7,5),1777924330040113664,1777924330050270720,0
1,4,554,GEMM(10,7,5),1777924330050273792,1777924330060431872,0
1,4,555,GEMM(11,7,5),1777924330060434944,1777924330070592000,0
1,4,556,GEMM(12,7,5),1777924330070595072,1777924330080752128,0
1,4,557,GEMM(13,7,5),1777924330080756224,1777924330090913280,0
1,4,558,GEMM(14,7,5),1777924330090917376,1777924330101073408,0
1,4,559,GEMM(15,7,5),1777924330101077504,1777924330111234560,0
1,4,568,SYRK(9,9,5),1777924330111237632,1777924330117045760,0
1,4,569,GEMM(10,9,5),1777924330117048832,1777924330127205888,0
1,4,570,GEMM(11,9,5),1777924330127209984,1777924330137367040,0
1,4,571,GEMM(12,9,5),1777924330137370112,1777924330147528192,0
1,4,572,GEMM(13,9,5),1777924330147531264,1777924330157688320,0
1,4,573,GEMM(14,9,5),1777924330157691392,1777924330167849472,0
1,4,574,GEMM(15,9,5),1777924330167852544,1777924330178010624,0
1,4,581,SYRK(11,11,5),1777924330178013696,1777924330183820800,0
1,4,582,GEMM(12,11,5),1777924330183823872,1777924330193981952,0
1,4,583,GEMM(13,11,5),1777924330193985024,1777924330204142080,0
1,4,584,GEMM(14,11,5),1777924330204146176,1777924330214304256,0
1,4,585,GEMM(15,11,5),1777924330214307328,1777924330224464384,0
1,4,590,SYRK(13,13,5),1777924330224467456,1777924330230276608,0
1,4,591,GEMM(14,13,5),1777924330230279680,1777924330240437760,0
1,4,592,GEMM(15,13,5),1777924330240440832,1777924330250597888,0
1,4,595,SYRK(15,15,5),1777924330250601984,1777924330256409088,0
1,4,606,SYRK(7,7,6),1777924331043763712,1777924331063913984,1777924330256412160
1,4,607,GEMM(8,7,6),1777924331063921152,1777924331102192128,1777924331063917056
1,4,608,GEMM(9,7,6),1777924331102199296,1777924331143394816,1777924331102195200
1,4,609,GEMM(10,7,6),1777924331143401984,1777924331183400448,1777924331143397888
1,4,610,GEMM(11,7,6),1777924331183407616,1777924331223963136,1777924331183403520
1,4,611,GEMM(12,7,6),1777924331223970304,1777924331262673408,1777924331223967232
1,4,612,GEMM(13,7,6),1777924331262680576,1777924331303935488,1777924331262677504
1,4,613,GEMM(14,7,6),1777924331303942656,1777924331343981056,1777924331303938560
1,4,614,GEMM(15,7,6),1777924331343987200,1777924331384072704,1777924331343984128
1,4,623,SYRK(9,9,6),1777924331384079872,1777924331405359616,1777924331384076800
1,4,624,GEMM(10,9,6),1777924331405366784,1777924331446693376,1777924331405363712
1,4,625,GEMM(11,9,6),1777924331446701568,1777924331488560640,1777924331446697472
1,4,626,GEMM(12,9,6),1777924331488567808,1777924331528625664,1777924331488564736
1,4,627,GEMM(13,9,6),1777924331528632832,1777924331571185152,1777924331528628736
1,4,628,GEMM(14,9,6),1777924331571192320,1777924331612450304,1777924331571188224
1,4,629,GEMM(15,9,6),1777924331612457472,1777924331654067712,1777924331612454400
1,4,636,SYRK(11,11,6),1777924331654074880,1777924331674946048,1777924331654071808
1,4,637,GEMM(12,11,6),1777924331674953216,1777924331714615808,1777924331674950144
1,4,638,GEMM(13,11,6),1777924331714622976,1777924331756550656,1777924331714618880
1,4,639,GEMM(14,11,6),1777924331756557824,1777924331797163520,1777924331756553728
1,4,640,GEMM(15,11,6),1777924331797170688,1777924331838035456,1777924331797167616
1,4,645,SYRK(13,13,6),1777924331838042624,1777924331859532288,1777924331838039552
1,4,646,GEMM(14,13,6),1777924331859539456,1777924331901096448,1777924331859536384
1,4,647,GEMM(15,13,6),1777924331901103616,1777924331942922752,1777924331901099520
1,4,650,SYRK(15,15,6),1777924331942929920,1777924331963109888,1777924331942926848
1,4,651,POTRF(7),1777924331963112960,1777924331968263680,0
1,4,652,TRSM(8,7),1777924331968264704,1777924331978127872,0
1,4,653,TRSM(9,7),1777924331978132992,1777924331988013568,0
1,4,654,TRSM(10,7),1777924331988021760,1777924331997900288,0
1,4,655,TRSM(11,7),1777924331997909504,1777924332007796224,0
1,4,656,TRSM(12,7),1777924332007804416,1777924332017689088,0
1,4,657,TRSM(13,7),1777924332017697280,1777924332027578880,0
1,4,658,TRSM(14,7),1777924332027587072,1777924332037471744,0
1,4,659,TRSM(15,7),1777924332037479936,1777924332047362560,0
1,4,668,SYRK(9,9,7),1777924332047373824,1777924332053180928,0
1,4,669,GEMM(10,9,7),1777924332053185024,1777924332063343104,0
1,4,670,GEMM(11,9,7),1777924332063347200,1777924332073505280,0
1,4,671,GEMM(12,9,7),1777924332073508352,1777924332083666432,0
1,4,672,GEMM(13,9,7),1777924332083669504,1777924332093827584,0
1,4,673,GEMM(14,9,7),1777924332093830656,1777924332103988736,0
1,4,674,GEMM(15,9,7),1777924332103991808,1777924332114149888,0
1,4,681,SYRK(11,11,7),1777924332114152960,1777924332119961088,0
1,4,682,GEMM(12,11,7),1777924332119965184,1777924332130122240,0
1,4,683,GEMM(13,11,7),1777924332130125312,1777924332140283392,0
1,4,684,GEMM(14,11,7),1777924332140286464,1777924332150444544,0
1,4,685,GEMM(15,11,7),1777924332150447616,1777924332160605696,0
1,4,690,SYRK(13,13,7),1777924332160609792,1777924332166417920,0
1,4,691,GEMM(14,13,7),1777924332166420992,1777924332176579072,0
1,4,692,GEMM(15,13,7),1777924332176583168,1777924332186740224,0
1,4,695,SYRK(15,15,7),1777924332186744320,1777924332192551424,0
1,4,704,SYRK(9,9,8),1777924332698951168,1777924332720257536,1777924332192555520
1,4,705,GEMM(10,9,8),1777924332720264704,1777924332761681408,1777924332720261632
1,4,706,GEMM(11,9,8),1777924332761688576,1777924332803543552,1777924332761684480
1,4,707,GEMM(12,9,8),1777924332803550720,1777924332843666944,1777924332803547648
1,4,708,GEMM(13,9,8),1777924332843674112,1777924332886236672,1777924332843670016
1,4,709,GEMM(14,9,8),1777924332886243840,1777924332927530496,1777924332886240768
1,4,710,GEMM(15,9,8),1777924332927537664,1777924332969153024,1777924332927533568
1,4,717,SYRK(11,11,8),1777924332969160192,1777924332990002688,1777924332969157120
1,4,718,GEMM(12,11,8),1777924332990009856,1777924333029644800,1777924332990006784
1,4,719,GEMM(13,11,8),1777924333029651968,1777924333071579648,1777924333029648896
1,4,720,GEMM(14,11,8),1777924333071586816,1777924333112194560,1777924333071582720
1,4,721,GEMM(15,11,8),1777924333112202752,1777924333153080832,1777924333112198656
1,4,726,SYRK(13,13,8),1777924333153088000,1777924333174594048,1777924333153084928
1,4,727,GEMM(14,13,8),1777924333174602240,1777924333216115200,1777924333174598144
1,4,728,GEMM(15,13,8),1777924333216122368,1777924333257971200,1777924333216119296
1,4,731,SYRK(15,15,8),1777924333257978368,1777924333278164480,1777924333257975296
1,4,732,POTRF(9),1777924333278167552,1777924333283319296,0
1,4,733,TRSM(10,9),1777924333283320320,1777924333293199872,0
1,4,734,TRSM(11,9),1777924333293206016,1777924333303084544,0
1,4,735,TRSM(12,9),1777924333303091712,1777924333312969216,0
1,4,736,TRSM(13,9),1777924333312978432,1777924333322860032,0
1,4,737,TRSM(14,9),1777924333322867200,1777924333332753920,0
1,4,738,TRSM(15,9),1777924333332761088,1777924333342641664,0
1,4,745,SYRK(11,11,9),1777924333342650880,1777924333348460032,0
1,4,746,GEMM(12,11,9),1777924333348463104,1777924333358621184,0
1,4,747,GEMM(13,11,9),1777924333358625280,1777924333368782336,0
1,4,748,GEMM(14,11,9),1777924333368786432,1777924333378943488,0
1,4,749,GEMM(15,11,9),1777924333378946560,1777924333389103616,0
1,4,754,SYRK(13,13,9),1777924333389107712,1777924333394915840,0
1,4,755,GEMM(14,13,9),1777924333394918912,1777924333405076992,0
1,4,756,GEMM(15,13,9),1777924333405080064,1777924333415238144,0
1,4,759,SYRK(15,15,9),1777924333415241216,1777924333421049344,0
1,4,766,SYRK(11,11,10),1777924333731310080,1777924333752143360,1777924333421052416
1,4,767,GEMM(12,11,10),1777924333752150528,1777924333791823360,1777924333752147456
1,4,768,GEMM(13,11,10),1777924333791830528,1777924333833738752,1777924333791826432
1,4,769,GEMM(14,11,10),1777924333833745920,1777924333874399744,1777924333833742848
1,4,770,GEMM(15,11,10),1777924333874407936,1777924333915216384,1777924333874403840
1,4,775,SYRK(13,13,10),1777924333915222528,1777924333936776704,1777924333915219456
1,4,776,GEMM(14,13,10),1777924333936783872,1777924333978295808,1777924333936780800
1,4,777,GEMM(15,13,10),1777924333978301952,1777924334020093440,1777924333978298880
1,4,780,SYRK(15,15,10),1777924334020099584,1777924334040411648,1777924334020096512
1,4,781,POTRF(11),1777924334040415744,1777924334045566464,0
1,4,782,TRSM(12,11),1777924334045568512,1777924334055449088,0
1,4,783,TRSM(13,11),1777924334055455232,1777924334065336832,0
1,4,784,TRSM(14,11),1777924334065344000,1777924334075226624,0
1,4,785,TRSM(15,11),1777924334075232768,1777924334085114368,0
1,4,790,SYRK(13,13,11),1777924334085123584,1777924334090930688,0
1,4,791,GEMM(14,13,11),1777924334090933760,1777924334101091840,0
1,4,792,GEMM(15,13,11),1777924334101093888,1777924334111250944,0
1,4,795,SYRK(15,15,11),1777924334111254016,1777924334117062144,0
1,4,800,SYRK(13,13,12),1777924334268432896,1777924334289976832,1777924334117065216
1,4,801,GEMM(14,13,12),1777924334289984000,1777924334331547136,1777924334289979904
1,4,802,GEMM(15,13,12),1777924334331554304,1777924334373357056,1777924334331551232
1,4,805,SYRK(15,15,12),1777924334373364224,1777924334393566720,1777924334373360128
1,4,806,POTRF(13),1777924334393569792,1777924334398721536,0
1,4,807,TRSM(14,13),1777924334398722560,1777924334408574464,0
1,4,808,TRSM(15,13),1777924334408579584,1777924334418435584,0
1,4,811,SYRK(15,15,13),1777924334418444800,1777924334424252928,0
1,4,814,SYRK(15,15,14),1777924334485127680,1777924334505349632,1777924334424256000
1,4,815,POTRF(15),1777924334505353728,1777924334510503424,0
