pe,run,task_id,op_name,start_ts,end_ts,wait_start_ts
0,0,0,POTRF(0),1777924263540224256,1777924263545368832,0
0,0,1,TRSM(1,0),1777924263545370880,1777924263555253504,0
0,0,2,TRSM(2,0),1777924263555258624,1777924263565140224,0
0,0,3,TRSM(3,0),1777924263565147392,1777924263575035136,0
0,0,4,TRSM(4,0),1777924263575043328,1777924263584932096,0
0,0,5,TRSM(5,0),1777924263584939264,1777924263594831104,0
0,0,6,TRSM(6,0),1777924263594839296,1777924263604730112,0
0,0,7,TRSM(7,0),1777924263604737280,1777924263614627072,0
0,0,8,TRSM(8,0),1777924263614634240,1777924263624507648,0
0,0,9,TRSM(9,0),1777924263624514816,1777924263634405632,0
0,0,10,TRSM(10,0),1777924263634413824,1777924263644301568,0
0,0,11,TRSM(11,0),1777924263644307712,1777924263654194432,0
0,0,12,TRSM(12,0),1777924263654201600,1777924263664090368,0
0,0,13,TRSM(13,0),1777924263664097536,1777924263673988352,0
0,0,14,TRSM(14,0),1777924263673995520,1777924263683888384,0
0,0,15,TRSM(15,0),1777924263683895552,1777924263693782272,0
0,0,31,SYRK(2,2,0),1777924263693791488,1777924263699604736,0
0,0,32,GEMM(3,2,0),1777924263699607808,1777924263709779200,0
0,0,33,GEMM(4,2,0),1777924263709782272,1777924263719950592,0
0,0,34,GEMM(5,2,0),1777924263719953664,1777924263730121984,0
0,0,35,GEMM(6,2,0),1777924263730126080,1777924263740292352,0
0,0,36,GEMM(7,2,0),1777924263740296448,1777924263750463744,0
0,0,37,GEMM(8,2,0),1777924263750466816,1777924263760635136,0
0,0,38,GEMM(9,2,0),1777924263760639232,1777924263770809600,0
0,0,39,GEMM(10,2,0),1777924263770812672,1777924263780980992,0
0,0,40,GEMM(11,2,0),1777924263780984064,1777924263791153408,0
0,0,41,GEMM(12,2,0),1777924263791157504,1777924263801327872,0
0,0,42,GEMM(13,2,0),1777924263801330944,1777924263811503360,0
0,0,43,GEMM(14,2,0),1777924263811506432,1777924263821678848,0
0,0,44,GEMM(15,2,0),1777924263821681920,1777924263831851264,0
0,0,58,SYRK(4,4,0),1777924263831855360,1777924263837666560,0
0,0,59,GEMM(5,4,0),1777924263837670656,1777924263847840000,0
0,0,60,GEMM(6,4,0),1777924263847843072,1777924263858013440,0
0,0,61,GEMM(7,4,0),1777924263858016512,1777924263868187904,0
0,0,62,GEMM(8,4,0),1777924263868190976,1777924263878360320,0
0,0,63,GEMM(9,4,0),1777924263878363392,1777924263888530688,0
0,0,64,GEMM(10,4,0),1777924263888534784,1777924263898701056,0
0,0,65,GEMM(11,4,0),1777924263898704128,1777924263908871424,0
0,0,66,GEMM(12,4,0),1777924263908875520,1777924263919045888,0
0,0,67,GEMM(13,4,0),1777924263919048960,1777924263929218304,0
0,0,68,GEMM(14,4,0),1777924263929221376,1777924263939393792,0
0,0,69,GEMM(15,4,0),1777924263939396864,1777924263949565184,0
0,0,81,SYRK(6,6,0),1777924263949568256,1777924263955380480,0
0,0,82,GEMM(7,6,0),1777924263955383552,1777924263965553920,0
0,0,83,GEMM(8,6,0),1777924263965556992,1777924263975727360,0
0,0,84,GEMM(9,6,0),1777924263975731456,1777924263985900800,0
0,0,85,GEMM(10,6,0),1777924263985904896,1777924263996076288,0
0,0,86,GEMM(11,6,0),1777924263996079360,1777924264006249728,0
0,0,87,GEMM(12,6,0),1777924264006252800,1777924264016421120,0
0,0,88,GEMM(13,6,0),1777924264016425216,1777924264026594560,0
0,0,89,GEMM(14,6,0),1777924264026597632,1777924264036766976,0
0,0,90,GEMM(15,6,0),1777924264036771072,1777924264046941440,0
0,0,100,SYRK(8,8,0),1777924264046944512,1777924264052755712,0
0,0,101,GEMM(9,8,0),1777924264052758784,1777924264062926080,0
0,0,102,GEMM(10,8,0),1777924264062929152,1777924264073097472,0
0,0,103,GEMM(11,8,0),1777924264073100544,1777924264083271936,0
0,0,104,GEMM(12,8,0),1777924264083275008,1777924264093443328,0
0,0,105,GEMM(13,8,0),1777924264093447424,1777924264103616768,0
0,0,106,GEMM(14,8,0),1777924264103619840,1777924264113789184,0
0,0,107,GEMM(15,8,0),1777924264113793280,1777924264123960576,0
0,0,115,SYRK(10,10,0),1777924264123963648,1777924264129776896,0
0,0,116,GEMM(11,10,0),1777924264129779968,1777924264139947264,0
0,0,117,GEMM(12,10,0),1777924264139951360,1777924264150120704,0
0,0,118,GEMM(13,10,0),1777924264150123776,1777924264160293120,0
0,0,119,GEMM(14,10,0),1777924264160296192,1777924264170464512,0
0,0,120,GEMM(15,10,0),1777924264170468608,1777924264180636928,0
0,0,126,SYRK(12,12,0),1777924264180640000,1777924264186453248,0
0,0,127,GEMM(13,12,0),1777924264186455296,1777924264196625664,0
0,0,128,GEMM(14,12,0),1777924264196628736,1777924264206800128,0
0,0,129,GEMM(15,12,0),1777924264206804224,1777924264216973568,0
0,0,133,SYRK(14,14,0),1777924264216976640,1777924264222789888,0
0,0,134,GEMM(15,14,0),1777924264222792960,1777924264232963328,0
0,0,151,SYRK(2,2,1),1777924266038193408,1777924266058694912,1777924264232966400
0,0,152,GEMM(3,2,1),1777924266058702080,1777924266100130048,1777924266058697984
0,0,153,GEMM(4,2,1),1777924266100137216,1777924266139756800,1777924266100133120
0,0,154,GEMM(5,2,1),1777924266139763968,1777924266181737728,1777924266139759872
0,0,155,GEMM(6,2,1),1777924266181744896,1777924266222411008,1777924266181740800
0,0,156,GEMM(7,2,1),1777924266222418176,1777924266263407872,1777924266222415104
0,0,157,GEMM(8,2,1),1777924266263415040,1777924266302441728,1777924266263410944
0,0,158,GEMM(9,2,1),1777924266302449920,1777924266344240384,1777924266302445824
0,0,159,GEMM(10,2,1),1777924266344247552,1777924266384996608,1777924266344243456
0,0,160,GEMM(11,2,1),1777924266385002752,1777924266426338560,1777924266384999680
0,0,161,GEMM(12,2,1),1777924266426345728,1777924266465874176,1777924266426342656
0,0,162,GEMM(13,2,1),1777924266465881344,1777924266507824384,1777924266465878272
0,0,163,GEMM(14,2,1),1777924266507830528,1777924266548558080,1777924266507827456
0,0,164,GEMM(15,2,1),1777924266548565248,1777924266589510912,1777924266548561152
0,0,178,SYRK(4,4,1),1777924266589517056,1777924266608666880,1777924266589513984
0,0,179,GEMM(5,4,1),1777924266608674048,1777924266648677632,1777924266608669952
0,0,180,GEMM(6,4,1),1777924266648684800,1777924266687345920,1777924266648681728
0,0,181,GEMM(7,4,1),1777924266687353088,1777924266726136064,1777924266687348992
0,0,182,GEMM(8,4,1),1777924266726143232,1777924266762907904,1777924266726139136
0,0,183,GEMM(9,4,1),1777924266762915072,1777924266802623744,1777924266762910976
0,0,184,GEMM(10,4,1),1777924266802630912,1777924266841310464,1777924266802627840
0,0,185,GEMM(11,4,1),1777924266841317632,1777924266880766208,1777924266841313536
0,0,186,GEMM(12,4,1),1777924266880773376,1777924266918621440,1777924266880769280
0,0,187,GEMM(13,4,1),1777924266918627584,1777924266958554368,1777924266918624512
0,0,188,GEMM(14,4,1),1777924266958560512,1777924266997278976,1777924266958556416
0,0,189,GEMM(15,4,1),1777924266997285120,1777924267036098816,1777924266997282048
0,0,201,SYRK(6,6,1),1777924267036105984,1777924267056599296,1777924267036101888
0,0,202,GEMM(7,6,1),1777924267056606464,1777924267097586944,1777924267056602368
0,0,203,GEMM(8,6,1),1777924267097594112,1777924267136583936,1777924267097590016
0,0,204,GEMM(9,6,1),1777924267136591104,1777924267178359040,1777924267136587008
0,0,205,GEMM(10,6,1),1777924267178366208,1777924267219039488,1777924267178363136
0,0,206,GEMM(11,6,1),1777924267219046656,1777924267260392704,1777924267219042560
0,0,207,GEMM(12,6,1),1777924267260399872,1777924267299878144,1777924267260396800
0,0,208,GEMM(13,6,1),1777924267299885312,1777924267341846784,1777924267299881216
0,0,209,GEMM(14,6,1),1777924267341853952,1777924267382543616,1777924267341849856
0,0,210,GEMM(15,6,1),1777924267382550784,1777924267423502592,1777924267382547712
0,0,220,SYRK(8,8,1),1777924267423509760,1777924267441983744,1777924267423506688
0,0,221,GEMM(9,8,1),1777924267441990912,1777924267480558848,1777924267441987840
0,0,222,GEMM(10,8,1),1777924267480566016,1777924267518184704,1777924267480561920
0,0,223,GEMM(11,8,1),1777924267518191872,1777924267555958016,1777924267518187776
0,0,224,GEMM(12,8,1),1777924267555965184,1777924267592094976,1777924267555961088
0,0,225,GEMM(13,8,1),1777924267592101120,1777924267630620928,1777924267592098048
0,0,226,GEMM(14,8,1),1777924267630628096,1777924267668236544,1777924267630624000
0,0,227,GEMM(15,8,1),1777924267668243712,1777924267706283264,1777924267668239616
0,0,235,SYRK(10,10,1),1777924267706289408,1777924267726782720,1777924267706286336
0,0,236,GEMM(11,10,1),1777924267726789888,1777924267768135936,1777924267726785792
0,0,237,GEMM(12,10,1),1777924267768143104,1777924267807639808,1777924267768139008
0,0,238,GEMM(13,10,1),1777924267807645952,1777924267849591040,1777924267807642880
0,0,239,GEMM(14,10,1),1777924267849598208,1777924267890358528,1777924267849595136
0,0,240,GEMM(15,10,1),1777924267890365696,1777924267931378944,1777924267890362624
0,0,246,SYRK(12,12,1),1777924267931386112,1777924267950479616,1777924267931383040
0,0,247,GEMM(13,12,1),1777924267950486784,1777924267990457600,1777924267950482688
0,0,248,GEMM(14,12,1),1777924267990464768,1777924268029144320,1777924267990460672
0,0,249,GEMM(15,12,1),1777924268029151488,1777924268067933440,1777924268029147392
0,0,253,SYRK(14,14,1),1777924268067940608,1777924268088460544,1777924268067937536
0,0,254,GEMM(15,14,1),1777924268088467712,1777924268129424640,1777924268088463616
0,0,256,POTRF(2),1777924268129428736,1777924268134567168,0
0,0,257,TRSM(3,2),1777924268134568192,1777924268144446720,0
0,0,258,TRSM(4,2),1777924268144452864,1777924268154329344,0
0,0,259,TRSM(5,2),1777924268154336512,1777924268164218112,0
0,0,260,TRSM(6,2),1777924268164226304,1777924268174102784,0
0,0,261,TRSM(7,2),1777924268174109952,1777924268183990528,0
0,0,262,TRSM(8,2),1777924268183997696,1777924268193863936,0
0,0,263,TRSM(9,2),1777924268193871104,1777924268203755776,0
0,0,264,TRSM(10,2),1777924268203764992,1777924268213647616,0
0,0,265,TRSM(11,2),1777924268213654784,1777924268223538432,0
0,0,266,TRSM(12,2),1777924268223544576,1777924268233425152,0
0,0,267,TRSM(13,2),1777924268233432320,1777924268243315968,0
0,0,268,TRSM(14,2),1777924268243323136,1777924268253220096,0
0,0,269,TRSM(15,2),1777924268253227264,1777924268263142656,0
0,0,283,SYRK(4,4,2),1777924268263150848,1777924268268976384,0
0,0,284,GEMM(5,4,2),1777924268268979456,1777924268279174400,0
0,0,285,GEMM(6,4,2),1777924268279177472,1777924268289366272,0
0,0,286,GEMM(7,4,2),1777924268289369344,1777924268299558144,0
0,0,287,GEMM(8,4,2),1777924268299562240,1777924268309757184,0
0,0,288,GEMM(9,4,2),1777924268309759232,1777924268319954176,0
0,0,289,GEMM(10,4,2),1777924268319957248,1777924268330147072,0
0,0,290,GEMM(11,4,2),1777924268330150144,1777924268340344064,0
0,0,291,GEMM(12,4,2),1777924268340348160,1777924268350540032,0
0,0,292,GEMM(13,4,2),1777924268350543104,1777924268360713472,0
0,0,293,GEMM(14,4,2),1777924268360717568,1777924268370884864,0
0,0,294,GEMM(15,4,2),1777924268370887936,1777924268381058304,0
0,0,306,SYRK(6,6,2),1777924268381061376,1777924268386872576,0
0,0,307,GEMM(7,6,2),1777924268386875648,1777924268397047040,0
0,0,308,GEMM(8,6,2),1777924268397050112,1777924268407219456,0
0,0,309,GEMM(9,6,2),1777924268407222528,1777924268417392896,0
0,0,310,GEMM(10,6,2),1777924268417395968,1777924268427564288,0
0,0,311,GEMM(11,6,2),1777924268427567360,1777924268437736704,0
0,0,312,GEMM(12,6,2),1777924268437739776,1777924268447909120,0
0,0,313,GEMM(13,6,2),1777924268447913216,1777924268458084608,0
0,0,314,GEMM(14,6,2),1777924268458087680,1777924268468254976,0
0,0,315,GEMM(15,6,2),1777924268468258048,1777924268478428416,0
0,0,325,SYRK(8,8,2),1777924268478431488,1777924268484242688,0
0,0,326,GEMM(9,8,2),1777924268484245760,1777924268494416128,0
0,0,327,GEMM(10,8,2),1777924268494419200,1777924268504590592,0
0,0,328,GEMM(11,8,2),1777924268504593664,1777924268514765056,0
0,0,329,GEMM(12,8,2),1777924268514768128,1777924268524936448,0
0,0,330,GEMM(13,8,2),1777924268524939520,1777924268535107840,0
0,0,331,GEMM(14,8,2),1777924268535110912,1777924268545282304,0
0,0,332,GEMM(15,8,2),1777924268545285376,1777924268555456768,0
0,0,340,SYRK(10,10,2),1777924268555460864,1777924268561274112,0
0,0,341,GEMM(11,10,2),1777924268561277184,1777924268571450624,0
0,0,342,GEMM(12,10,2),1777924268571454720,1777924268581625088,0
0,0,343,GEMM(13,10,2),1777924268581628160,1777924268591800576,0
0,0,344,GEMM(14,10,2),1777924268591803648,1777924268601972992,0
0,0,345,GEMM(15,10,2),1777924268601975040,1777924268612145408,0
0,0,351,SYRK(12,12,2),1777924268612148480,1777924268617959680,0
0,0,352,GEMM(13,12,2),1777924268617962752,1777924268628131072,0
0,0,353,GEMM(14,12,2),1777924268628135168,1777924268638305536,0
0,0,354,GEMM(15,12,2),1777924268638309632,1777924268648476928,0
0,0,358,SYRK(14,14,2),1777924268648480000,1777924268654292224,0
0,0,359,GEMM(15,14,2),1777924268654294272,1777924268664465664,0
0,0,374,SYRK(4,4,3),1777924270026623232,1777924270045783296,1777924268664469760
0,0,375,GEMM(5,4,3),1777924270045790464,1777924270085800192,1777924270045787392
0,0,376,GEMM(6,4,3),1777924270085807360,1777924270124554496,1777924270085803264
0,0,377,GEMM(7,4,3),1777924270124561664,1777924270163386624,1777924270124557568
0,0,378,GEMM(8,4,3),1777924270163393792,1777924270200169728,1777924270163389696
0,0,379,GEMM(9,4,3),1777924270200176896,1777924270239922432,1777924270200172800
0,0,380,GEMM(10,4,3),1777924270239929600,1777924270278582528,1777924270239926528
0,0,381,GEMM(11,4,3),1777924270278589696,1777924270318135552,1777924270278586624
0,0,382,GEMM(12,4,3),1777924270318141696,1777924270355974400,1777924270318138624
0,0,383,GEMM(13,4,3),1777924270355981568,1777924270395891968,1777924270355977472
0,0,384,GEMM(14,4,3),1777924270395899136,1777924270434556160,1777924270395895040
0,0,385,GEMM(15,4,3),1777924270434563328,1777924270473328896,1777924270434559232
0,0,397,SYRK(6,6,3),1777924270473335040,1777924270493797632,1777924270473331968
0,0,398,GEMM(7,6,3),1777924270493803776,1777924270534771968,1777924270493799680
0,0,399,GEMM(8,6,3),1777924270534779136,1777924270573752576,1777924270534775040
0,0,400,GEMM(9,6,3),1777924270573759744,1777924270615518464,1777924270573755648
0,0,401,GEMM(10,6,3),1777924270615525632,1777924270656211200,1777924270615521536
0,0,402,GEMM(11,6,3),1777924270656218368,1777924270697542912,1777924270656214272
0,0,403,GEMM(12,6,3),1777924270697550080,1777924270737048832,1777924270697545984
0,0,404,GEMM(13,6,3),1777924270737056000,1777924270778908928,1777924270737052928
0,0,405,GEMM(14,6,3),1777924270778916096,1777924270819599616,1777924270778912000
0,0,406,GEMM(15,6,3),1777924270819606784,1777924270860566784,1777924270819602688
0,0,416,SYRK(8,8,3),1777924270860572928,1777924270878996736,1777924270860569856
0,0,417,GEMM(9,8,3),1777924270879002880,1777924270917563648,1777924270878998784
0,0,418,GEMM(10,8,3),1777924270917570816,1777924270955131136,1777924270917566720
0,0,419,GEMM(11,8,3),1777924270955138304,1777924270992909568,1777924270955134208
0,0,420,GEMM(12,8,3),1777924270992916736,1777924271029022976,1777924270992912640
0,0,421,GEMM(13,8,3),1777924271029030144,1777924271067581696,1777924271029026048
0,0,422,GEMM(14,8,3),1777924271067588864,1777924271105206528,1777924271067585792
0,0,423,GEMM(15,8,3),1777924271105213696,1777924271143229696,1777924271105210624
0,0,431,SYRK(10,10,3),1777924271143236864,1777924271163713792,1777924271143233792
0,0,432,GEMM(11,10,3),1777924271163720960,1777924271205050624,1777924271163716864
0,0,433,GEMM(12,10,3),1777924271205057792,1777924271244592384,1777924271205053696
0,0,434,GEMM(13,10,3),1777924271244599552,1777924271286520064,1777924271244595456
0,0,435,GEMM(14,10,3),1777924271286527232,1777924271327228160,1777924271286524160
0,0,436,GEMM(15,10,3),1777924271327235328,1777924271368198400,1777924271327231232
0,0,442,SYRK(12,12,3),1777924271368204544,1777924271387243776,1777924271368201472
0,0,443,GEMM(13,12,3),1777924271387250944,1777924271427158272,1777924271387247872
0,0,444,GEMM(14,12,3),1777924271427165440,1777924271465844992,1777924271427162368
0,0,445,GEMM(15,12,3),1777924271465852160,1777924271504638208,1777924271465849088
0,0,449,SYRK(14,14,3),1777924271504645376,1777924271525133568,1777924271504642304
0,0,450,GEMM(15,14,3),1777924271525140736,1777924271566126336,1777924271525136640
0,0,452,POTRF(4),1777924271566129408,1777924271571267840,0
0,0,453,TRSM(5,4),1777924271571268864,1777924271581149440,0
0,0,454,TRSM(6,4),1777924271581155584,1777924271591032064,0
0,0,455,TRSM(7,4),1777924271591041280,1777924271600922880,0
0,0,456,TRSM(8,4),1777924271600930048,1777924271610790144,0
0,0,457,TRSM(9,4),1777924271610798336,1777924271620677888,0
0,0,458,TRSM(10,4),1777924271620686080,1777924271630566656,0
0,0,459,TRSM(11,4),1777924271630573824,1777924271640456448,0
0,0,460,TRSM(12,4),1777924271640463616,1777924271650358528,0
0,0,461,TRSM(13,4),1777924271650365696,1777924271660284160,0
0,0,462,TRSM(14,4),1777924271660291328,1777924271670203648,0
0,0,463,TRSM(15,4),1777924271670210816,1777924271680125184,0
0,0,475,SYRK(6,6,4),1777924271680134400,1777924271685959936,0
0,0,476,GEMM(7,6,4),1777924271685964032,1777924271696165120,0
0,0,477,GEMM(8,6,4),1777924271696169216,1777924271706366208,0
0,0,478,GEMM(9,6,4),1777924271706370304,1777924271716561152,0
0,0,479,GEMM(10,6,4),1777924271716565248,1777924271726759168,0
0,0,480,GEMM(11,6,4),1777924271726762240,1777924271736959232,0
0,0,481,GEMM(12,6,4),1777924271736962304,1777924271747164416,0
0,0,482,GEMM(13,6,4),1777924271747167488,1777924271757338880,0
0,0,483,GEMM(14,6,4),1777924271757342976,1777924271767511296,0
0,0,484,GEMM(15,6,4),1777924271767514368,1777924271777684736,0
0,0,494,SYRK(8,8,4),1777924271777687808,1777924271783497984,0
0,0,495,GEMM(9,8,4),1777924271783502080,1777924271793674496,0
0,0,496,GEMM(10,8,4),1777924271793677568,1777924271803845888,0
0,0,497,GEMM(11,8,4),1777924271803848960,1777924271814019328,0
0,0,498,GEMM(12,8,4),1777924271814022400,1777924271824194816,0
0,0,499,GEMM(13,8,4),1777924271824197888,1777924271834366208,0
0,0,500,GEMM(14,8,4),1777924271834369280,1777924271844539648,0
0,0,501,GEMM(15,8,4),1777924271844542720,1777924271854708992,0
0,0,509,SYRK(10,10,4),1777924271854713088,1777924271860523264,0
0,0,510,GEMM(11,10,4),1777924271860526336,1777924271870697728,0
0,0,511,GEMM(12,10,4),1777924271870700800,1777924271880868096,0
0,0,512,GEMM(13,10,4),1777924271880871168,1777924271891040512,0
0,0,513,GEMM(14,10,4),1777924271891044608,1777924271901214976,0
0,0,514,GEMM(15,10,4),1777924271901218048,1777924271911386368,0
0,0,520,SYRK(12,12,4),1777924271911389440,1777924271917201664,0
0,0,521,GEMM(13,12,4),1777924271917204736,1777924271927372032,0
0,0,522,GEMM(14,12,4),1777924271927375104,1777924271937544448,0
0,0,523,GEMM(15,12,4),1777924271937547520,1777924271947718912,0
0,0,527,SYRK(14,14,4),1777924271947721984,1777924271953534208,0
0,0,528,GEMM(15,14,4),1777924271953537280,1777924271963705600,0
0,0,541,SYRK(6,6,5),1777924272953411840,1777924272973914368,1777924271963708672
0,0,542,GEMM(7,6,5),1777924272973921536,1777924273015000320,1777924272973918464
0,0,543,GEMM(8,6,5),1777924273015007488,1777924273054029056,1777924273015003392
0,0,544,GEMM(9,6,5),1777924273054036224,1777924273095772416,1777924273054032128
0,0,545,GEMM(10,6,5),1777924273095779584,1777924273136511232,1777924273095775488
0,0,546,GEMM(11,6,5),1777924273136519424,1777924273177846016,1777924273136515328
0,0,547,GEMM(12,6,5),1777924273177853184,1777924273217364224,1777924273177849088
0,0,548,GEMM(13,6,5),1777924273217371392,1777924273259306240,1777924273217367296
0,0,549,GEMM(14,6,5),1777924273259313408,1777924273300014336,1777924273259309312
0,0,550,GEMM(15,6,5),1777924273300021504,1777924273340936448,1777924273300017408
0,0,560,SYRK(8,8,5),1777924273340943616,1777924273359320320,1777924273340940544
0,0,561,GEMM(9,8,5),1777924273359327488,1777924273397875968,1777924273359323392
0,0,562,GEMM(10,8,5),1777924273397882112,1777924273435447552,1777924273397879040
0,0,563,GEMM(11,8,5),1777924273435454720,1777924273473292544,1777924273435450624
0,0,564,GEMM(12,8,5),1777924273473299712,1777924273509461248,1777924273473295616
0,0,565,GEMM(13,8,5),1777924273509467392,1777924273547980032,1777924273509464320
0,0,566,GEMM(14,8,5),1777924273547987200,1777924273585592576,1777924273547983104
0,0,567,GEMM(15,8,5),1777924273585599744,1777924273623642368,1777924273585595648
0,0,575,SYRK(10,10,5),1777924273623649536,1777924273644142848,1777924273623646464
0,0,576,GEMM(11,10,5),1777924273644150016,1777924273685449984,1777924273644145920
0,0,577,GEMM(12,10,5),1777924273685457152,1777924273724989696,1777924273685453056
0,0,578,GEMM(13,10,5),1777924273724996864,1777924273766954240,1777924273724992768
0,0,579,GEMM(14,10,5),1777924273766961408,1777924273807691008,1777924273766957312
0,0,580,GEMM(15,10,5),1777924273807698176,1777924273848652032,1777924273807694080
0,0,586,SYRK(12,12,5),1777924273848658176,1777924273867793664,1777924273848655104
0,0,587,GEMM(13,12,5),1777924273867800832,1777924273907673344,1777924273867796736
0,0,588,GEMM(14,12,5),1777924273907679488,1777924273946386688,1777924273907676416
0,0,589,GEMM(15,12,5),1777924273946393856,1777924273985152256,1777924273946389760
0,0,593,SYRK(14,14,5),1777924273985158400,1777924274005661952,1777924273985155328
0,0,594,GEMM(15,14,5),1777924274005668096,1777924274046675200,1777924274005665024
0,0,596,POTRF(6),1777924274046679296,1777924274051816704,0
0,0,597,TRSM(7,6),1777924274051818752,1777924274061699328,0
0,0,598,TRSM(8,6),1777924274061705472,1777924274071562496,0
0,0,599,TRSM(9,6),1777924274071572736,1777924274081452288,0
0,0,600,TRSM(10,6),1777924274081460480,1777924274091341056,0
0,0,601,TRSM(11,6),1777924274091349248,1777924274101230848,0
0,0,602,TRSM(12,6),1777924274101238016,1777924274111119616,0
0,0,603,TRSM(13,6),1777924274111127808,1777924274121011456,0
0,0,604,TRSM(14,6),1777924274121019648,1777924274130902272,0
0,0,605,TRSM(15,6),1777924274130909440,1777924274140792064,0
0,0,615,SYRK(8,8,6),1777924274140802304,1777924274146609408,0
0,0,616,GEMM(9,8,6),1777924274146613504,1777924274156808448,0
0,0,617,GEMM(10,8,6),1777924274156811520,1777924274167005440,0
0,0,618,GEMM(11,8,6),1777924274167008512,1777924274177205504,0
0,0,619,GEMM(12,8,6),1777924274177209600,1777924274187401472,0
0,0,620,GEMM(13,8,6),1777924274187404544,1777924274197603584,0
0,0,621,GEMM(14,8,6),1777924274197606656,1777924274207803648,0
0,0,622,GEMM(15,8,6),1777924274207806720,1777924274218004736,0
0,0,630,SYRK(10,10,6),1777924274218007808,1777924274223835392,0
0,0,631,GEMM(11,10,6),1777924274223838464,1777924274234033408,0
0,0,632,GEMM(12,10,6),1777924274234036480,1777924274244229376,0
0,0,633,GEMM(13,10,6),1777924274244232448,1777924274254408960,0
0,0,634,GEMM(14,10,6),1777924274254412032,1777924274264582400,0
0,0,635,GEMM(15,10,6),1777924274264586496,1777924274274756864,0
0,0,641,SYRK(12,12,6),1777924274274760960,1777924274280572160,0
0,0,642,GEMM(13,12,6),1777924274280576256,1777924274290742528,0
0,0,643,GEMM(14,12,6),1777924274290745600,1777924274300916992,0
0,0,644,GEMM(15,12,6),1777924274300920064,1777924274311089408,0
0,0,648,SYRK(14,14,6),1777924274311093504,1777924274316904704,0
0,0,649,GEMM(15,14,6),1777924274316907776,1777924274327077120,0
0,0,660,SYRK(8,8,7),1777924274996014336,1777924275014489344,1777924274327079168
0,0,661,GEMM(9,8,7),1777924275014496512,1777924275053159680,1777924275014492416
0,0,662,GEMM(10,8,7),1777924275053166848,1777924275090772224,1777924275053162752
0,0,663,GEMM(11,8,7),1777924275090779392,1777924275128574208,1777924275090776320
0,0,664,GEMM(12,8,7),1777924275128581376,1777924275164710144,1777924275128578304
0,0,665,GEMM(13,8,7),1777924275164717312,1777924275203284224,1777924275164714240
0,0,666,GEMM(14,8,7),1777924275203291392,1777924275240891648,1777924275203288320
0,0,667,GEMM(15,8,7),1777924275240898816,1777924275278910720,1777924275240894720
0,0,675,SYRK(10,10,7),1777924275278916864,1777924275299382528,1777924275278913792
0,0,676,GEMM(11,10,7),1777924275299389696,1777924275340743936,1777924275299385600
0,0,677,GEMM(12,10,7),1777924275340751104,1777924275380301056,1777924275340747008
0,0,678,GEMM(13,10,7),1777924275380308224,1777924275422262528,1777924275380304128
0,0,679,GEMM(14,10,7),1777924275422268672,1777924275462966528,1777924275422264576
0,0,680,GEMM(15,10,7),1777924275462973696,1777924275503916288,1777924275462969600
0,0,686,SYRK(12,12,7),1777924275503923456,1777924275523033344,1777924275503920384
0,0,687,GEMM(13,12,7),1777924275523040512,1777924275562991872,1777924275523037440
0,0,688,GEMM(14,12,7),1777924275562998016,1777924275601670400,1777924275562993920
0,0,689,GEMM(15,12,7),1777924275601676544,1777924275640493312,1777924275601672448
0,0,693,SYRK(14,14,7),1777924275640499456,1777924275661019392,1777924275640496384
0,0,694,GEMM(15,14,7),1777924275661026560,1777924275701965056,1777924275661022464
0,0,696,POTRF(8),1777924275701969152,1777924275707107584,0
0,0,697,TRSM(9,8),1777924275707108608,1777924275716986112,0
0,0,698,TRSM(10,8),1777924275716991232,1777924275726863616,0
0,0,699,TRSM(11,8),1777924275726871808,1777924275736747264,0
0,0,700,TRSM(12,8),1777924275736755456,1777924275746636032,0
0,0,701,TRSM(13,8),1777924275746643200,1777924275756549376,0
0,0,702,TRSM(14,8),1777924275756557568,1777924275766465792,0
0,0,703,TRSM(15,8),1777924275766473984,1777924275776384256,0
0,0,711,SYRK(10,10,8),1777924275776392448,1777924275782217984,0
0,0,712,GEMM(11,10,8),1777924275782221056,1777924275792417024,0
0,0,713,GEMM(12,10,8),1777924275792420096,1777924275802619136,0
0,0,714,GEMM(13,10,8),1777924275802622208,1777924275812823296,0
0,0,715,GEMM(14,10,8),1777924275812826368,1777924275823018240,0
0,0,716,GEMM(15,10,8),1777924275823021312,1777924275833222400,0
0,0,722,SYRK(12,12,8),1777924275833225472,1777924275839051008,0
0,0,723,GEMM(13,12,8),1777924275839054080,1777924275849239808,0
0,0,724,GEMM(14,12,8),1777924275849243904,1777924275859412224,0
0,0,725,GEMM(15,12,8),1777924275859416320,1777924275869585664,0
0,0,729,SYRK(14,14,8),1777924275869589760,1777924275875401984,0
0,0,730,GEMM(15,14,8),1777924275875405056,1777924275885574400,0
0,0,739,SYRK(10,10,9),1777924276311256320,1777924276331757824,1777924275885577472
0,0,740,GEMM(11,10,9),1777924276331764992,1777924276373221632,1777924276331760896
0,0,741,GEMM(12,10,9),1777924276373228800,1777924276412740864,1777924276373224704
0,0,742,GEMM(13,10,9),1777924276412749056,1777924276454670592,1777924276412744960
0,0,743,GEMM(14,10,9),1777924276454677760,1777924276495388928,1777924276454673664
0,0,744,GEMM(15,10,9),1777924276495396096,1777924276536396032,1777924276495392000
0,0,750,SYRK(12,12,9),1777924276536402176,1777924276555450624,1777924276536399104
0,0,751,GEMM(13,12,9),1777924276555457792,1777924276595396864,1777924276555453696
0,0,752,GEMM(14,12,9),1777924276595404032,1777924276634102016,1777924276595400960
0,0,753,GEMM(15,12,9),1777924276634109184,1777924276672935168,1777924276634105088
0,0,757,SYRK(14,14,9),1777924276672941312,1777924276693472512,1777924276672938240
0,0,758,GEMM(15,14,9),1777924276693479680,1777924276734406912,1777924276693476608
0,0,760,POTRF(10),1777924276734411008,1777924276739549440,0
0,0,761,TRSM(11,10),1777924276739551488,1777924276749426944,0
0,0,762,TRSM(12,10),1777924276749433088,1777924276759312640,0
0,0,763,TRSM(13,10),1777924276759321856,1777924276769202432,0
0,0,764,TRSM(14,10),1777924276769215744,1777924276779097344,0
0,0,765,TRSM(15,10),1777924276779104512,1777924276788986112,0
0,0,771,SYRK(12,12,10),1777924276788993280,1777924276794801408,0
0,0,772,GEMM(13,12,10),1777924276794804480,1777924276804962560,0
0,0,773,GEMM(14,12,10),1777924276804965632,1777924276815121664,0
0,0,774,GEMM(15,12,10),1777924276815125760,1777924276825282816,0
0,0,778,SYRK(14,14,10),1777924276825285888,1777924276831092992,0
0,0,779,GEMM(15,14,10),1777924276831096064,1777924276841253120,0
0,0,786,SYRK(12,12,11),1777924277073514752,1777924277092600064,1777924276841256192
0,0,787,GEMM(13,12,11),1777924277092607232,1777924277132551424,1777924277092603136
0,0,788,GEMM(14,12,11),1777924277132558592,1777924277171273984,1777924277132555520
0,0,789,GEMM(15,12,11),1777924277171281152,1777924277210025216,1777924277171278080
0,0,793,SYRK(14,14,11),1777924277210032384,1777924277230526720,1777924277210029312
0,0,794,GEMM(15,14,11),1777924277230533888,1777924277271512320,1777924277230529792
0,0,796,POTRF(12),1777924277271515392,1777924277276653824,0
0,0,797,TRSM(13,12),1777924277276655872,1777924277286528256,0
0,0,798,TRSM(14,12),1777924277286534400,1777924277296402688,0
0,0,799,TRSM(15,12),1777924277296411904,1777924277306285312,0
0,0,803,SYRK(14,14,12),1777924277306294528,1777924277312101632,0
0,0,804,GEMM(15,14,12),1777924277312104704,1777924277322261760,0
0,0,809,SYRK(14,14,13),1777924277426604288,1777924277447096576,1777924277322265856
0,0,810,GEMM(15,14,13),1777924277447103744,1777924277488038144,1777924277447099648
0,0,812,POTRF(14),1777924277488041216,1777924277493186816,0
0,0,813,TRSM(15,14),1777924277493188864,1777924277503039744,0
0,1,0,POTRF(0),1777924278029581568,1777924278034732288,0
0,1,1,TRSM(1,0),1777924278034734336,1777924278044612864,0
0,1,2,TRSM(2,0),1777924278044619008,1777924278054499584,0
0,1,3,TRSM(3,0),1777924278054507776,1777924278064398592,0
0,1,4,TRSM(4,0),1777924278064406784,1777924278074295552,0
0,1,5,TRSM(5,0),1777924278074302720,1777924278084193536,0
0,1,6,TRSM(6,0),1777924278084201728,1777924278094091520,0
0,1,7,TRSM(7,0),1777924278094098688,1777924278103986432,0
0,1,8,TRSM(8,0),1777924278103992576,1777924278113873152,0
0,1,9,TRSM(9,0),1777924278113880320,1777924278123773184,0
0,1,10,TRSM(10,0),1777924278123780352,1777924278133669120,0
0,1,11,TRSM(11,0),1777924278133676288,1777924278143566080,0
0,1,12,TRSM(12,0),1777924278143573248,1777924278153465088,0
0,1,13,TRSM(13,0),1777924278153471232,1777924278163361024,0
0,1,14,TRSM(14,0),1777924278163367168,1777924278173254912,0
0,1,15,TRSM(15,0),1777924278173262080,1777924278183152896,0
0,1,31,SYRK(2,2,0),1777924278183161088,1777924278188976384,0
0,1,32,GEMM(3,2,0),1777924278188979456,1777924278199149824,0
0,1,33,GEMM(4,2,0),1777924278199152896,1777924278209322240,0
0,1,34,GEMM(5,2,0),1777924278209325312,1777924278219494656,0
0,1,35,GEMM(6,2,0),1777924278219498752,1777924278229669120,0
0,1,36,GEMM(7,2,0),1777924278229672192,1777924278239843584,0
0,1,37,GEMM(8,2,0),1777924278239846656,1777924278250013952,0
0,1,38,GEMM(9,2,0),1777924278250018048,1777924278260185344,0
0,1,39,GEMM(10,2,0),1777924278260189440,1777924278270359808,0
0,1,40,GEMM(11,2,0),1777924278270362880,1777924278280534272,0
0,1,41,GEMM(12,2,0),1777924278280538368,1777924278290709760,0
0,1,42,GEMM(13,2,0),1777924278290713856,1777924278300884224,0
0,1,43,GEMM(14,2,0),1777924278300888320,1777924278311058688,0
0,1,44,GEMM(15,2,0),1777924278311062784,1777924278321231104,0
0,1,58,SYRK(4,4,0),1777924278321235200,1777924278327047424,0
0,1,59,GEMM(5,4,0),1777924278327050496,1777924278337218816,0
0,1,60,GEMM(6,4,0),1777924278337222912,1777924278347392256,0
0,1,61,GEMM(7,4,0),1777924278347395328,1777924278357565696,0
0,1,62,GEMM(8,4,0),1777924278357568768,1777924278367738112,0
0,1,63,GEMM(9,4,0),1777924278367741184,1777924278377909504,0
0,1,64,GEMM(10,4,0),1777924278377913600,1777924278388081920,0
0,1,65,GEMM(11,4,0),1777924278388086016,1777924278398252288,0
0,1,66,GEMM(12,4,0),1777924278398255360,1777924278408424704,0
0,1,67,GEMM(13,4,0),1777924278408427776,1777924278418598144,0
0,1,68,GEMM(14,4,0),1777924278418601216,1777924278428770560,0
0,1,69,GEMM(15,4,0),1777924278428773632,1777924278438942976,0
0,1,81,SYRK(6,6,0),1777924278438946048,1777924278444758272,0
0,1,82,GEMM(7,6,0),1777924278444761344,1777924278454929664,0
0,1,83,GEMM(8,6,0),1777924278454932736,1777924278465103104,0
0,1,84,GEMM(9,6,0),1777924278465106176,1777924278475278592,0
0,1,85,GEMM(10,6,0),1777924278475282688,1777924278485452032,0
0,1,86,GEMM(11,6,0),1777924278485455104,1777924278495625472,0
0,1,87,GEMM(12,6,0),1777924278495628544,1777924278505796864,0
0,1,88,GEMM(13,6,0),1777924278505799936,1777924278515968256,0
0,1,89,GEMM(14,6,0),1777924278515972352,1777924278526142720,0
0,1,90,GEMM(15,6,0),1777924278526145792,1777924278536315136,0
0,1,100,SYRK(8,8,0),1777924278536318208,1777924278542129408,0
0,1,101,GEMM(9,8,0),1777924278542132480,1777924278552303872,0
0,1,102,GEMM(10,8,0),1777924278552306944,1777924278562475264,0
0,1,103,GEMM(11,8,0),1777924278562479360,1777924278572646656,0
0,1,104,GEMM(12,8,0),1777924278572649728,1777924278582821120,0
0,1,105,GEMM(13,8,0),1777924278582824192,1777924278592994560,0
0,1,106,GEMM(14,8,0),1777924278592997632,1777924278603166976,0
0,1,107,GEMM(15,8,0),1777924278603170048,1777924278613338368,0
0,1,115,SYRK(10,10,0),1777924278613341440,1777924278619154688,0
0,1,116,GEMM(11,10,0),1777924278619158784,1777924278629330176,0
0,1,117,GEMM(12,10,0),1777924278629333248,1777924278639502592,0
0,1,118,GEMM(13,10,0),1777924278639506688,1777924278649675008,0
0,1,119,GEMM(14,10,0),1777924278649678080,1777924278659844352,0
0,1,120,GEMM(15,10,0),1777924278659846400,1777924278670015744,0
0,1,126,SYRK(12,12,0),1777924278670019840,1777924278675832064,0
0,1,127,GEMM(13,12,0),1777924278675834112,1777924278686005504,0
0,1,128,GEMM(14,12,0),1777924278686008576,1777924278696178944,0
0,1,129,GEMM(15,12,0),1777924278696182016,1777924278706354432,0
0,1,133,SYRK(14,14,0),1777924278706356480,1777924278712167680,0
0,1,134,GEMM(15,14,0),1777924278712170752,1777924278722339072,0
0,1,151,SYRK(2,2,1),1777924280527857920,1777924280548352256,1777924278722343168
0,1,152,GEMM(3,2,1),1777924280548359424,1777924280589739264,1777924280548356352
0,1,153,GEMM(4,2,1),1777924280589746432,1777924280629377280,1777924280589743360
0,1,154,GEMM(5,2,1),1777924280629383424,1777924280671418624,1777924280629380352
0,1,155,GEMM(6,2,1),1777924280671425792,1777924280712173824,1777924280671422720
0,1,156,GEMM(7,2,1),1777924280712180992,1777924280753134848,1777924280712177920
0,1,157,GEMM(8,2,1),1777924280753142016,1777924280792087808,1777924280753137920
0,1,158,GEMM(9,2,1),1777924280792094976,1777924280833882368,1777924280792090880
0,1,159,GEMM(10,2,1),1777924280833888512,1777924280874595584,1777924280833885440
0,1,160,GEMM(11,2,1),1777924280874602752,1777924280915933440,1777924280874598656
0,1,161,GEMM(12,2,1),1777924280915940608,1777924280955448576,1777924280915936512
0,1,162,GEMM(13,2,1),1777924280955455744,1777924280997368064,1777924280955451648
0,1,163,GEMM(14,2,1),1777924280997375232,1777924281038116096,1777924280997372160
0,1,164,GEMM(15,2,1),1777924281038123264,1777924281079081216,1777924281038119168
0,1,178,SYRK(4,4,1),1777924281079087360,1777924281098167552,1777924281079084288
0,1,179,GEMM(5,4,1),1777924281098174720,1777924281138110720,1777924281098170624
0,1,180,GEMM(6,4,1),1777924281138117888,1777924281176809728,1777924281138114816
0,1,181,GEMM(7,4,1),1777924281176815872,1777924281215641856,1777924281176811776
0,1,182,GEMM(8,4,1),1777924281215649024,1777924281252442368,1777924281215644928
0,1,183,GEMM(9,4,1),1777924281252449536,1777924281292120320,1777924281252446464
0,1,184,GEMM(10,4,1),1777924281292127488,1777924281330825472,1777924281292124416
0,1,185,GEMM(11,4,1),1777924281330832640,1777924281370274048,1777924281330829568
0,1,186,GEMM(12,4,1),1777924281370281216,1777924281408097536,1777924281370277120
0,1,187,GEMM(13,4,1),1777924281408103680,1777924281447985408,1777924281408100608
0,1,188,GEMM(14,4,1),1777924281447992576,1777924281486662912,1777924281447989504
0,1,189,GEMM(15,4,1),1777924281486669056,1777924281525429504,1777924281486665984
0,1,201,SYRK(6,6,1),1777924281525435648,1777924281545950464,1777924281525432576
0,1,202,GEMM(7,6,1),1777924281545957632,1777924281586907392,1777924281545954560
0,1,203,GEMM(8,6,1),1777924281586914560,1777924281625923840,1777924281586911488
0,1,204,GEMM(9,6,1),1777924281625931008,1777924281667729664,1777924281625926912
0,1,205,GEMM(10,6,1),1777924281667736832,1777924281708420352,1777924281667732736
0,1,206,GEMM(11,6,1),1777924281708427520,1777924281749785856,1777924281708423424
0,1,207,GEMM(12,6,1),1777924281749793024,1777924281789272320,1777924281749788928
0,1,208,GEMM(13,6,1),1777924281789279488,1777924281831238912,1777924281789275392
0,1,209,GEMM(14,6,1),1777924281831246080,1777924281871968512,1777924281831241984
0,1,210,GEMM(15,6,1),1777924281871975680,1777924281912953088,1777924281871972608
0,1,220,SYRK(8,8,1),1777924281912960256,1777924281931463936,1777924281912957184
0,1,221,GEMM(9,8,1),1777924281931471104,1777924281970055424,1777924281931467008
0,1,222,GEMM(10,8,1),1777924281970062592,1777924282007672064,1777924281970058496
0,1,223,GEMM(11,8,1),1777924282007679232,1777924282045431040,1777924282007676160
0,1,224,GEMM(12,8,1),1777924282045437184,1777924282081571072,1777924282045434112
0,1,225,GEMM(13,8,1),1777924282081578240,1777924282120109312,1777924282081575168
0,1,226,GEMM(14,8,1),1777924282120115456,1777924282157721856,1777924282120112384
0,1,227,GEMM(15,8,1),1777924282157729024,1777924282195748096,1777924282157725952
0,1,235,SYRK(10,10,1),1777924282195755264,1777924282216291584,1777924282195752192
0,1,236,GEMM(11,10,1),1777924282216298752,1777924282257617152,1777924282216295680
0,1,237,GEMM(12,10,1),1777924282257624320,1777924282297129216,1777924282257620224
0,1,238,GEMM(13,10,1),1777924282297136384,1777924282339068160,1777924282297132288
0,1,239,GEMM(14,10,1),1777924282339075328,1777924282379783424,1777924282339072256
0,1,240,GEMM(15,10,1),1777924282379790592,1777924282420786432,1777924282379787520
0,1,246,SYRK(12,12,1),1777924282420792576,1777924282439854336,1777924282420789504
0,1,247,GEMM(13,12,1),1777924282439861504,1777924282479755520,1777924282439857408
0,1,248,GEMM(14,12,1),1777924282479762688,1777924282518467840,1777924282479758592
0,1,249,GEMM(15,12,1),1777924282518475008,1777924282557249792,1777924282518471936
0,1,253,SYRK(14,14,1),1777924282557255936,1777924282577805568,1777924282557252864
0,1,254,GEMM(15,14,1),1777924282577812736,1777924282618768640,1777924282577808640
0,1,256,POTRF(2),1777924282618771712,1777924282623911168,0
0,1,257,TRSM(3,2),1777924282623912192,1777924282633790720,0
0,1,258,TRSM(4,2),1777924282633796864,1777924282643670272,0
0,1,259,TRSM(5,2),1777924282643677440,1777924282653561088,0
0,1,260,TRSM(6,2),1777924282653568256,1777924282663451904,0
0,1,261,TRSM(7,2),1777924282663459072,1777924282673342720,0
0,1,262,TRSM(8,2),1777924282673349888,1777924282683217152,0
0,1,263,TRSM(9,2),1777924282683224320,1777924282693107968,0
0,1,264,TRSM(10,2),1777924282693116160,1777924282702997760,0
0,1,265,TRSM(11,2),1777924282703003904,1777924282712884480,0
0,1,266,TRSM(12,2),1777924282712890624,1777924282722772224,0
0,1,267,TRSM(13,2),1777924282722778368,1777924282732662016,0
0,1,268,TRSM(14,2),1777924282732669184,1777924282742552832,0
0,1,269,TRSM(15,2),1777924282742560000,1777924282752468224,0
0,1,283,SYRK(4,4,2),1777924282752476416,1777924282758301952,0
0,1,284,GEMM(5,4,2),1777924282758305024,1777924282768502016,0
0,1,285,GEMM(6,4,2),1777924282768505088,1777924282778695936,0
0,1,286,GEMM(7,4,2),1777924282778699008,1777924282788894976,0
0,1,287,GEMM(8,4,2),1777924282788899072,1777924282799092992,0
0,1,288,GEMM(9,4,2),1777924282799096064,1777924282809284864,0
0,1,289,GEMM(10,4,2),1777924282809287936,1777924282819479808,0
0,1,290,GEMM(11,4,2),1777924282819482880,1777924282829677824,0
0,1,291,GEMM(12,4,2),1777924282829680896,1777924282839875840,0
0,1,292,GEMM(13,4,2),1777924282839878912,1777924282850058496,0
0,1,293,GEMM(14,4,2),1777924282850061568,1777924282860231936,0
0,1,294,GEMM(15,4,2),1777924282860235008,1777924282870406400,0
0,1,306,SYRK(6,6,2),1777924282870409472,1777924282876222720,0
0,1,307,GEMM(7,6,2),1777924282876225792,1777924282886394112,0
0,1,308,GEMM(8,6,2),1777924282886397184,1777924282896570624,0
0,1,309,GEMM(9,6,2),1777924282896573696,1777924282906744064,0
0,1,310,GEMM(10,6,2),1777924282906747136,1777924282916915456,0
0,1,311,GEMM(11,6,2),1777924282916918528,1777924282927090944,0
0,1,312,GEMM(12,6,2),1777924282927094016,1777924282937266432,0
0,1,313,GEMM(13,6,2),1777924282937269504,1777924282947440896,0
0,1,314,GEMM(14,6,2),1777924282947444992,1777924282957614336,0
0,1,315,GEMM(15,6,2),1777924282957617408,1777924282967789824,0
0,1,325,SYRK(8,8,2),1777924282967792896,1777924282973606144,0
0,1,326,GEMM(9,8,2),1777924282973609216,1777924282983779584,0
0,1,327,GEMM(10,8,2),1777924282983782656,1777924282993953024,0
0,1,328,GEMM(11,8,2),1777924282993956096,1777924283004125440,0
0,1,329,GEMM(12,8,2),1777924283004129536,1777924283014296832,0
0,1,330,GEMM(13,8,2),1777924283014300928,1777924283024468224,0
0,1,331,GEMM(14,8,2),1777924283024471296,1777924283034639616,0
0,1,332,GEMM(15,8,2),1777924283034642688,1777924283044813056,0
0,1,340,SYRK(10,10,2),1777924283044816128,1777924283050628352,0
0,1,341,GEMM(11,10,2),1777924283050631424,1777924283060800768,0
0,1,342,GEMM(12,10,2),1777924283060803840,1777924283070975232,0
0,1,343,GEMM(13,10,2),1777924283070978304,1777924283081147648,0
0,1,344,GEMM(14,10,2),1777924283081150720,1777924283091319040,0
0,1,345,GEMM(15,10,2),1777924283091322112,1777924283101491456,0
0,1,351,SYRK(12,12,2),1777924283101495552,1777924283107305728,0
0,1,352,GEMM(13,12,2),1777924283107309824,1777924283117479168,0
0,1,353,GEMM(14,12,2),1777924283117482240,1777924283127652608,0
0,1,354,GEMM(15,12,2),1777924283127655680,1777924283137824000,0
0,1,358,SYRK(14,14,2),1777924283137827072,1777924283143639296,0
0,1,359,GEMM(15,14,2),1777924283143642368,1777924283153811712,0
0,1,374,SYRK(4,4,3),1777924284515714304,1777924284534832384,1777924283153814784
0,1,375,GEMM(5,4,3),1777924284534839552,1777924284574833920,1777924284534836480
0,1,376,GEMM(6,4,3),1777924284574841088,1777924284613605632,1777924284574838016
0,1,377,GEMM(7,4,3),1777924284613612800,1777924284652456192,1777924284613608704
0,1,378,GEMM(8,4,3),1777924284652463360,1777924284689221888,1777924284652460288
0,1,379,GEMM(9,4,3),1777924284689229056,1777924284728998144,1777924284689224960
0,1,380,GEMM(10,4,3),1777924284729005312,1777924284767654144,1777924284729001216
0,1,381,GEMM(11,4,3),1777924284767661312,1777924284807113984,1777924284767658240
0,1,382,GEMM(12,4,3),1777924284807121152,1777924284844907776,1777924284807117056
0,1,383,GEMM(13,4,3),1777924284844914944,1777924284884849920,1777924284844910848
0,1,384,GEMM(14,4,3),1777924284884857088,1777924284923574528,1777924284884854016
0,1,385,GEMM(15,4,3),1777924284923582720,1777924284962409728,1777924284923578624
0,1,397,SYRK(6,6,3),1777924284962416896,1777924284982941952,1777924284962412800
0,1,398,GEMM(7,6,3),1777924284982949120,1777924285023916288,1777924284982946048
0,1,399,GEMM(8,6,3),1777924285023923456,1777924285062891776,1777924285023919360
0,1,400,GEMM(9,6,3),1777924285062898944,1777924285104697600,1777924285062895872
0,1,401,GEMM(10,6,3),1777924285104704768,1777924285145409792,1777924285104700672
0,1,402,GEMM(11,6,3),1777924285145416960,1777924285186755840,1777924285145412864
0,1,403,GEMM(12,6,3),1777924285186763008,1777924285226251520,1777924285186759936
0,1,404,GEMM(13,6,3),1777924285226258688,1777924285268202752,1777924285226254592
0,1,405,GEMM(14,6,3),1777924285268209920,1777924285308883200,1777924285268206848
0,1,406,GEMM(15,6,3),1777924285308890368,1777924285349859584,1777924285308886272
0,1,416,SYRK(8,8,3),1777924285349866752,1777924285368281344,1777924285349862656
0,1,417,GEMM(9,8,3),1777924285368288512,1777924285406895360,1777924285368284416
0,1,418,GEMM(10,8,3),1777924285406902528,1777924285444496640,1777924285406898432
0,1,419,GEMM(11,8,3),1777924285444503808,1777924285482277120,1777924285444499712
0,1,420,GEMM(12,8,3),1777924285482284288,1777924285518373120,1777924285482280192
0,1,421,GEMM(13,8,3),1777924285518380288,1777924285556935936,1777924285518377216
0,1,422,GEMM(14,8,3),1777924285556943104,1777924285594557696,1777924285556939008
0,1,423,GEMM(15,8,3),1777924285594564864,1777924285632621824,1777924285594560768
0,1,431,SYRK(10,10,3),1777924285632627968,1777924285653137664,1777924285632624896
0,1,432,GEMM(11,10,3),1777924285653143808,1777924285694487808,1777924285653140736
0,1,433,GEMM(12,10,3),1777924285694494976,1777924285734041856,1777924285694490880
0,1,434,GEMM(13,10,3),1777924285734049024,1777924285775981824,1777924285734045952
0,1,435,GEMM(14,10,3),1777924285775987968,1777924285816664320,1777924285775984896
0,1,436,GEMM(15,10,3),1777924285816671488,1777924285857629440,1777924285816667392
0,1,442,SYRK(12,12,3),1777924285857635584,1777924285876683008,1777924285857632512
0,1,443,GEMM(13,12,3),1777924285876690176,1777924285916591360,1777924285876686080
0,1,444,GEMM(14,12,3),1777924285916598528,1777924285955313920,1777924285916595456
0,1,445,GEMM(15,12,3),1777924285955321088,1777924285994080512,1777924285955318016
0,1,449,SYRK(14,14,3),1777924285994087680,1777924286014574848,1777924285994084608
0,1,450,GEMM(15,14,3),1777924286014582016,1777924286055628032,1777924286014578944
0,1,452,POTRF(4),1777924286055631104,1777924286060770560,0
0,1,453,TRSM(5,4),1777924286060772608,1777924286070652160,0
0,1,454,TRSM(6,4),1777924286070658304,1777924286080532736,0
0,1,455,TRSM(7,4),1777924286080540928,1777924286090423552,0
0,1,456,TRSM(8,4),1777924286090431744,1777924286100294912,0
0,1,457,TRSM(9,4),1777924286100303104,1777924286110186752,0
0,1,458,TRSM(10,4),1777924286110194944,1777924286120074496,0
0,1,459,TRSM(11,4),1777924286120081664,1777924286129965312,0
0,1,460,TRSM(12,4),1777924286129972480,1777924286139856128,0
0,1,461,TRSM(13,4),1777924286139863296,1777924286149772544,0
0,1,462,TRSM(14,4),1777924286149780736,1777924286159696128,0
0,1,463,TRSM(15,4),1777924286159704320,1777924286169621760,0
0,1,475,SYRK(6,6,4),1777924286169629952,1777924286175457536,0
0,1,476,GEMM(7,6,4),1777924286175460608,1777924286185659648,0
0,1,477,GEMM(8,6,4),1777924286185662720,1777924286195861760,0
0,1,478,GEMM(9,6,4),1777924286195865856,1777924286206062848,0
0,1,479,GEMM(10,6,4),1777924286206066944,1777924286216262912,0
0,1,480,GEMM(11,6,4),1777924286216265984,1777924286226465024,0
0,1,481,GEMM(12,6,4),1777924286226469120,1777924286236671232,0
0,1,482,GEMM(13,6,4),1777924286236673280,1777924286246857984,0
0,1,483,GEMM(14,6,4),1777924286246861056,1777924286257031424,0
0,1,484,GEMM(15,6,4),1777924286257034496,1777924286267206912,0
0,1,494,SYRK(8,8,4),1777924286267209984,1777924286273022208,0
0,1,495,GEMM(9,8,4),1777924286273025280,1777924286283196672,0
0,1,496,GEMM(10,8,4),1777924286283199744,1777924286293369088,0
0,1,497,GEMM(11,8,4),1777924286293372160,1777924286303541504,0
0,1,498,GEMM(12,8,4),1777924286303544576,1777924286313716992,0
0,1,499,GEMM(13,8,4),1777924286313720064,1777924286323893504,0
0,1,500,GEMM(14,8,4),1777924286323896576,1777924286334063872,0
0,1,501,GEMM(15,8,4),1777924286334066944,1777924286344238336,0
0,1,509,SYRK(10,10,4),1777924286344241408,1777924286350055680,0
0,1,510,GEMM(11,10,4),1777924286350058752,1777924286360230144,0
0,1,511,GEMM(12,10,4),1777924286360233216,1777924286370402560,0
0,1,512,GEMM(13,10,4),1777924286370405632,1777924286380576000,0
0,1,513,GEMM(14,10,4),1777924286380579072,1777924286390749440,0
0,1,514,GEMM(15,10,4),1777924286390752512,1777924286400924928,0
0,1,520,SYRK(12,12,4),1777924286400929024,1777924286406741248,0
0,1,521,GEMM(13,12,4),1777924286406745344,1777924286416914688,0
0,1,522,GEMM(14,12,4),1777924286416918784,1777924286427088128,0
0,1,523,GEMM(15,12,4),1777924286427091200,1777924286437262592,0
0,1,527,SYRK(14,14,4),1777924286437266688,1777924286443077888,0
0,1,528,GEMM(15,14,4),1777924286443080960,1777924286453250304,0
0,1,541,SYRK(6,6,5),1777924287442768128,1777924287463238912,1777924286453253376
0,1,542,GEMM(7,6,5),1777924287463247104,1777924287504322816,1777924287463243008
0,1,543,GEMM(8,6,5),1777924287504329984,1777924287543385344,1777924287504325888
0,1,544,GEMM(9,6,5),1777924287543392512,1777924287585145088,1777924287543388416
0,1,545,GEMM(10,6,5),1777924287585152256,1777924287625830656,1777924287585148160
0,1,546,GEMM(11,6,5),1777924287625837824,1777924287667164416,1777924287625834752
0,1,547,GEMM(12,6,5),1777924287667171584,1777924287706709248,1777924287667168512
0,1,548,GEMM(13,6,5),1777924287706716416,1777924287748658432,1777924287706712320
0,1,549,GEMM(14,6,5),1777924287748664576,1777924287789365504,1777924287748661504
0,1,550,GEMM(15,6,5),1777924287789372672,1777924287830294784,1777924287789368576
0,1,560,SYRK(8,8,5),1777924287830301952,1777924287848808704,1777924287830297856
0,1,561,GEMM(9,8,5),1777924287848815872,1777924287887377664,1777924287848811776
0,1,562,GEMM(10,8,5),1777924287887384832,1777924287924978944,1777924287887380736
0,1,563,GEMM(11,8,5),1777924287924986112,1777924287962765568,1777924287924982016
0,1,564,GEMM(12,8,5),1777924287962772736,1777924287998913792,1777924287962768640
0,1,565,GEMM(13,8,5),1777924287998920960,1777924288037405952,1777924287998917888
0,1,566,GEMM(14,8,5),1777924288037412096,1777924288075011328,1777924288037408000
0,1,567,GEMM(15,8,5),1777924288075018496,1777924288113057024,1777924288075014400
0,1,575,SYRK(10,10,5),1777924288113064192,1777924288133555456,1777924288113061120
0,1,576,GEMM(11,10,5),1777924288133562624,1777924288174920960,1777924288133558528
0,1,577,GEMM(12,10,5),1777924288174928128,1777924288214435072,1777924288174924032
0,1,578,GEMM(13,10,5),1777924288214441216,1777924288256457984,1777924288214438144
0,1,579,GEMM(14,10,5),1777924288256465152,1777924288297214208,1777924288256462080
0,1,580,GEMM(15,10,5),1777924288297221376,1777924288338214144,1777924288297217280
0,1,586,SYRK(12,12,5),1777924288338220288,1777924288357250304,1777924288338217216
0,1,587,GEMM(13,12,5),1777924288357257472,1777924288397158656,1777924288357253376
0,1,588,GEMM(14,12,5),1777924288397165824,1777924288435847424,1777924288397161728
0,1,589,GEMM(15,12,5),1777924288435854592,1777924288474654976,1777924288435850496
0,1,593,SYRK(14,14,5),1777924288474662144,1777924288495115520,1777924288474659072
0,1,594,GEMM(15,14,5),1777924288495122688,1777924288536075520,1777924288495118592
0,1,596,POTRF(6),1777924288536078592,1777924288541218048,0
0,1,597,TRSM(7,6),1777924288541220096,1777924288551097600,0
0,1,598,TRSM(8,6),1777924288551103744,1777924288560961792,0
0,1,599,TRSM(9,6),1777924288560972032,1777924288570851584,0
0,1,600,TRSM(10,6),1777924288570859776,1777924288580740352,0
0,1,601,TRSM(11,6),1777924288580748544,1777924288590632192,0
0,1,602,TRSM(12,6),1777924288590640384,1777924288600521984,0
0,1,603,TRSM(13,6),1777924288600530176,1777924288610410752,0
0,1,604,TRSM(14,6),1777924288610418944,1777924288620301568,0
0,1,605,TRSM(15,6),1777924288620309760,1777924288630190336,0
0,1,615,SYRK(8,8,6),1777924288630200576,1777924288636007680,0
0,1,616,GEMM(9,8,6),1777924288636010752,1777924288646186240,0
0,1,617,GEMM(10,8,6),1777924288646190336,1777924288656381184,0
0,1,618,GEMM(11,8,6),1777924288656385280,1777924288666583296,0
0,1,619,GEMM(12,8,6),1777924288666586368,1777924288676782336,0
0,1,620,GEMM(13,8,6),1777924288676786432,1777924288686980352,0
0,1,621,GEMM(14,8,6),1777924288686984448,1777924288697179392,0
0,1,622,GEMM(15,8,6),1777924288697183488,1777924288707378432,0
0,1,630,SYRK(10,10,6),1777924288707381504,1777924288713209088,0
0,1,631,GEMM(11,10,6),1777924288713212160,1777924288723412224,0
0,1,632,GEMM(12,10,6),1777924288723416320,1777924288733613312,0
0,1,633,GEMM(13,10,6),1777924288733616384,1777924288743808256,0
0,1,634,GEMM(14,10,6),1777924288743812352,1777924288753982720,0
0,1,635,GEMM(15,10,6),1777924288753986816,1777924288764155136,0
0,1,641,SYRK(12,12,6),1777924288764159232,1777924288769970432,0
0,1,642,GEMM(13,12,6),1777924288769974528,1777924288780144896,0
0,1,643,GEMM(14,12,6),1777924288780147968,1777924288790320384,0
0,1,644,GEMM(15,12,6),1777924288790323456,1777924288800494848,0
0,1,648,SYRK(14,14,6),1777924288800498944,1777924288806312192,0
0,1,649,GEMM(15,14,6),1777924288806316288,1777924288816484608,0
0,1,660,SYRK(8,8,7),1777924289485445376,1777924289503836416,1777924288816488704
0,1,661,GEMM(9,8,7),1777924289503843584,1777924289542481152,1777924289503839488
0,1,662,GEMM(10,8,7),1777924289542488320,1777924289580113152,1777924289542484224
0,1,663,GEMM(11,8,7),1777924289580120320,1777924289617905920,1777924289580116224
0,1,664,GEMM(12,8,7),1777924289617913088,1777924289654060288,1777924289617908992
0,1,665,GEMM(13,8,7),1777924289654067456,1777924289692586240,1777924289654063360
0,1,666,GEMM(14,8,7),1777924289692593408,1777924289730170112,1777924289692590336
0,1,667,GEMM(15,8,7),1777924289730177280,1777924289768287488,1777924289730174208
0,1,675,SYRK(10,10,7),1777924289768293632,1777924289788823808,1777924289768290560
0,1,676,GEMM(11,10,7),1777924289788830976,1777924289830180096,1777924289788827904
0,1,677,GEMM(12,10,7),1777924289830187264,1777924289869688064,1777924289830183168
0,1,678,GEMM(13,10,7),1777924289869695232,1777924289911579904,1777924289869691136
0,1,679,GEMM(14,10,7),1777924289911587072,1777924289952378112,1777924289911584000
0,1,680,GEMM(15,10,7),1777924289952385280,1777924289993376000,1777924289952382208
0,1,686,SYRK(12,12,7),1777924289993383168,1777924290012488960,1777924289993380096
0,1,687,GEMM(13,12,7),1777924290012496128,1777924290052428032,1777924290012492032
0,1,688,GEMM(14,12,7),1777924290052435200,1777924290091151616,1777924290052431104
0,1,689,GEMM(15,12,7),1777924290091158784,1777924290129924352,1777924290091154688
0,1,693,SYRK(14,14,7),1777924290129931520,1777924290150506752,1777924290129928448
0,1,694,GEMM(15,14,7),1777924290150513920,1777924290191501568,1777924290150510848
0,1,696,POTRF(8),1777924290191504640,1777924290196643072,0
0,1,697,TRSM(9,8),1777924290196645120,1777924290206518528,0
0,1,698,TRSM(10,8),1777924290206524672,1777924290216397056,0
0,1,699,TRSM(11,8),1777924290216404224,1777924290226279680,0
0,1,700,TRSM(12,8),1777924290226287872,1777924290236164352,0
0,1,701,TRSM(13,8),1777924290236171520,1777924290246066432,0
0,1,702,TRSM(14,8),1777924290246075648,1777924290255987968,0
0,1,703,TRSM(15,8),1777924290255995136,1777924290265902336,0
0,1,711,SYRK(10,10,8),1777924290265911552,1777924290271741184,0
0,1,712,GEMM(11,10,8),1777924290271744256,1777924290281948416,0
0,1,713,GEMM(12,10,8),1777924290281951488,1777924290292146432,0
0,1,714,GEMM(13,10,8),1777924290292150528,1777924290302349568,0
0,1,715,GEMM(14,10,8),1777924290302353664,1777924290312543488,0
0,1,716,GEMM(15,10,8),1777924290312546560,1777924290322750720,0
0,1,722,SYRK(12,12,8),1777924290322753792,1777924290328581376,0
0,1,723,GEMM(13,12,8),1777924290328585472,1777924290338777344,0
0,1,724,GEMM(14,12,8),1777924290338781440,1777924290348960000,0
0,1,725,GEMM(15,12,8),1777924290348963072,1777924290359133440,0
0,1,729,SYRK(14,14,8),1777924290359137536,1777924290364950784,0
0,1,730,GEMM(15,14,8),1777924290364953856,1777924290375126272,0
0,1,739,SYRK(10,10,9),1777924290800840960,1777924290821330176,1777924290375129344
0,1,740,GEMM(11,10,9),1777924290821337344,1777924290862758144,1777924290821333248
0,1,741,GEMM(12,10,9),1777924290862765312,1777924290902282496,1777924290862761216
0,1,742,GEMM(13,10,9),1777924290902290688,1777924290944195840,1777924290902286592
0,1,743,GEMM(14,10,9),1777924290944203008,1777924290984946944,1777924290944199936
0,1,744,GEMM(15,10,9),1777924290984954112,1777924291025993984,1777924290984950016
0,1,750,SYRK(12,12,9),1777924291026000128,1777924291045068032,1777924291025997056
0,1,751,GEMM(13,12,9),1777924291045075200,1777924291085022464,1777924291045072128
0,1,752,GEMM(14,12,9),1777924291085029632,1777924291123765504,1777924291085026560
0,1,753,GEMM(15,12,9),1777924291123771648,1777924291162619136,1777924291123768576
0,1,757,SYRK(14,14,9),1777924291162625280,1777924291183096064,1777924291162622208
0,1,758,GEMM(15,14,9),1777924291183103232,1777924291224051968,1777924291183099136
0,1,760,POTRF(10),1777924291224055040,1777924291229194496,0
0,1,761,TRSM(11,10),1777924291229195520,1777924291239076096,0
0,1,762,TRSM(12,10),1777924291239082240,1777924291248960768,0
0,1,763,TRSM(13,10),1777924291248967936,1777924291258848512,0
0,1,764,TRSM(14,10),1777924291258856704,1777924291268737280,0
0,1,765,TRSM(15,10),1777924291268744448,1777924291278626048,0
0,1,771,SYRK(12,12,10),1777924291278634240,1777924291284442368,0
0,1,772,GEMM(13,12,10),1777924291284444416,1777924291294603520,0
0,1,773,GEMM(14,12,10),1777924291294606592,1777924291304762624,0
0,1,774,GEMM(15,12,10),1777924291304766720,1777924291314923776,0
0,1,778,SYRK(14,14,10),1777924291314926848,1777924291320733952,0
0,1,779,GEMM(15,14,10),1777924291320737024,1777924291330895104,0
0,1,786,SYRK(12,12,11),1777924291563093248,1777924291582149888,1777924291330898176
0,1,787,GEMM(13,12,11),1777924291582157056,1777924291622132992,1777924291582153984
0,1,788,GEMM(14,12,11),1777924291622140160,1777924291660846336,1777924291622136064
0,1,789,GEMM(15,12,11),1777924291660853504,1777924291699597568,1777924291660849408
0,1,793,SYRK(14,14,11),1777924291699603712,1777924291720118528,1777924291699600640
0,1,794,GEMM(15,14,11),1777924291720125696,1777924291761093888,1777924291720122624
0,1,796,POTRF(12),1777924291761096960,1777924291766235392,0
0,1,797,TRSM(13,12),1777924291766237440,1777924291776106752,0
0,1,798,TRSM(14,12),1777924291776112896,1777924291785981184,0
0,1,799,TRSM(15,12),1777924291785990400,1777924291795863808,0
0,1,803,SYRK(14,14,12),1777924291795873024,1777924291801680128,0
0,1,804,GEMM(15,14,12),1777924291801683200,1777924291811840256,0
0,1,809,SYRK(14,14,13),1777924291916233984,1777924291936689408,1777924291811843328
0,1,810,GEMM(15,14,13),1777924291936696576,1777924291977650432,1777924291936693504
0,1,812,POTRF(14),1777924291977654528,1777924291982798080,0
0,1,813,TRSM(15,14),1777924291982800128,1777924291992649984,0
0,2,0,POTRF(0),1777924292195573248,1777924292200720896,0
0,2,1,TRSM(1,0),1777924292200721920,1777924292210599424,0
0,2,2,TRSM(2,0),1777924292210604544,1777924292220486144,0
0,2,3,TRSM(3,0),1777924292220495360,1777924292230382080,0
0,2,4,TRSM(4,0),1777924292230389248,1777924292240279040,0
0,2,5,TRSM(5,0),1777924292240286208,1777924292250179072,0
0,2,6,TRSM(6,0),1777924292250186240,1777924292260077056,0
0,2,7,TRSM(7,0),1777924292260084224,1777924292269977088,0
0,2,8,TRSM(8,0),1777924292269984256,1777924292279858688,0
0,2,9,TRSM(9,0),1777924292279865856,1777924292289757696,0
0,2,10,TRSM(10,0),1777924292289764864,1777924292299651584,0
0,2,11,TRSM(11,0),1777924292299658752,1777924292309551616,0
0,2,12,TRSM(12,0),1777924292309558784,1777924292319450624,0
0,2,13,TRSM(13,0),1777924292319457792,1777924292329348608,0
0,2,14,TRSM(14,0),1777924292329356800,1777924292339242496,0
0,2,15,TRSM(15,0),1777924292339249664,1777924292349138432,0
0,2,31,SYRK(2,2,0),1777924292349147648,1777924292354958848,0
0,2,32,GEMM(3,2,0),1777924292354962944,1777924292365135360,0
0,2,33,GEMM(4,2,0),1777924292365138432,1777924292375308800,0
0,2,34,GEMM(5,2,0),1777924292375312896,1777924292385481216,0
0,2,35,GEMM(6,2,0),1777924292385485312,1777924292395653632,0
0,2,36,GEMM(7,2,0),1777924292395657728,1777924292405825024,0
0,2,37,GEMM(8,2,0),1777924292405829120,1777924292416000512,0
0,2,38,GEMM(9,2,0),1777924292416003584,1777924292426176000,0
0,2,39,GEMM(10,2,0),1777924292426179072,1777924292436352512,0
0,2,40,GEMM(11,2,0),1777924292436355584,1777924292446528000,0
0,2,41,GEMM(12,2,0),1777924292446531072,1777924292456700416,0
0,2,42,GEMM(13,2,0),1777924292456704512,1777924292466876928,0
0,2,43,GEMM(14,2,0),1777924292466880000,1777924292477053440,0
0,2,44,GEMM(15,2,0),1777924292477056512,1777924292487224832,0
0,2,58,SYRK(4,4,0),1777924292487228928,1777924292493042176,0
0,2,59,GEMM(5,4,0),1777924292493045248,1777924292503217664,0
0,2,60,GEMM(6,4,0),1777924292503220736,1777924292513393152,0
0,2,61,GEMM(7,4,0),1777924292513397248,1777924292523567616,0
0,2,62,GEMM(8,4,0),1777924292523571712,1777924292533744128,0
0,2,63,GEMM(9,4,0),1777924292533748224,1777924292543917568,0
0,2,64,GEMM(10,4,0),1777924292543920640,1777924292554087936,0
0,2,65,GEMM(11,4,0),1777924292554092032,1777924292564261376,0
0,2,66,GEMM(12,4,0),1777924292564264448,1777924292574435840,0
0,2,67,GEMM(13,4,0),1777924292574438912,1777924292584612352,0
0,2,68,GEMM(14,4,0),1777924292584615424,1777924292594786816,0
0,2,69,GEMM(15,4,0),1777924292594789888,1777924292604961280,0
0,2,81,SYRK(6,6,0),1777924292604963328,1777924292610774528,0
0,2,82,GEMM(7,6,0),1777924292610777600,1777924292620947968,0
0,2,83,GEMM(8,6,0),1777924292620951040,1777924292631122432,0
0,2,84,GEMM(9,6,0),1777924292631126528,1777924292641298944,0
0,2,85,GEMM(10,6,0),1777924292641302016,1777924292651472384,0
0,2,86,GEMM(11,6,0),1777924292651475456,1777924292661645824,0
0,2,87,GEMM(12,6,0),1777924292661648896,1777924292671817216,0
0,2,88,GEMM(13,6,0),1777924292671821312,1777924292681990656,0
0,2,89,GEMM(14,6,0),1777924292681993728,1777924292692165120,0
0,2,90,GEMM(15,6,0),1777924292692168192,1777924292702339584,0
0,2,100,SYRK(8,8,0),1777924292702342656,1777924292708154880,0
0,2,101,GEMM(9,8,0),1777924292708158976,1777924292718331392,0
0,2,102,GEMM(10,8,0),1777924292718334464,1777924292728503808,0
0,2,103,GEMM(11,8,0),1777924292728507904,1777924292738680320,0
0,2,104,GEMM(12,8,0),1777924292738684416,1777924292748854784,0
0,2,105,GEMM(13,8,0),1777924292748857856,1777924292759028224,0
0,2,106,GEMM(14,8,0),1777924292759031296,1777924292769201664,0
0,2,107,GEMM(15,8,0),1777924292769204736,1777924292779372032,0
0,2,115,SYRK(10,10,0),1777924292779376128,1777924292785189376,0
0,2,116,GEMM(11,10,0),1777924292785192448,1777924292795363840,0
0,2,117,GEMM(12,10,0),1777924292795366912,1777924292805538304,0
0,2,118,GEMM(13,10,0),1777924292805541376,1777924292815712768,0
0,2,119,GEMM(14,10,0),1777924292815716864,1777924292825886208,0
0,2,120,GEMM(15,10,0),1777924292825889280,1777924292836057600,0
0,2,126,SYRK(12,12,0),1777924292836060672,1777924292841872896,0
0,2,127,GEMM(13,12,0),1777924292841875968,1777924292852046336,0
0,2,128,GEMM(14,12,0),1777924292852049408,1777924292862219776,0
0,2,129,GEMM(15,12,0),1777924292862223872,1777924292872397312,0
0,2,133,SYRK(14,14,0),1777924292872400384,1777924292878212608,0
0,2,134,GEMM(15,14,0),1777924292878215680,1777924292888388096,0
0,2,151,SYRK(2,2,1),1777924294693448192,1777924294713952768,1777924292888391168
0,2,152,GEMM(3,2,1),1777924294713959936,1777924294755409408,1777924294713956864
0,2,153,GEMM(4,2,1),1777924294755416576,1777924294795084288,1777924294755413504
0,2,154,GEMM(5,2,1),1777924294795091456,1777924294837049856,1777924294795087360
0,2,155,GEMM(6,2,1),1777924294837057024,1777924294877814272,1777924294837053952
0,2,156,GEMM(7,2,1),1777924294877821440,1777924294918773248,1777924294877817344
0,2,157,GEMM(8,2,1),1777924294918779392,1777924294957763072,1777924294918776320
0,2,158,GEMM(9,2,1),1777924294957770240,1777924294999571968,1777924294957766144
0,2,159,GEMM(10,2,1),1777924294999579136,1777924295040311808,1777924294999576064
0,2,160,GEMM(11,2,1),1777924295040318976,1777924295081686528,1777924295040314880
0,2,161,GEMM(12,2,1),1777924295081693696,1777924295121157632,1777924295081690624
0,2,162,GEMM(13,2,1),1777924295121163776,1777924295163082240,1777924295121160704
0,2,163,GEMM(14,2,1),1777924295163089408,1777924295203841536,1777924295163086336
0,2,164,GEMM(15,2,1),1777924295203848704,1777924295244836352,1777924295203845632
0,2,178,SYRK(4,4,1),1777924295244843520,1777924295263884800,1777924295244840448
0,2,179,GEMM(5,4,1),1777924295263891968,1777924295303867904,1777924295263887872
0,2,180,GEMM(6,4,1),1777924295303875072,1777924295342535168,1777924295303870976
0,2,181,GEMM(7,4,1),1777924295342542336,1777924295381339648,1777924295342538240
0,2,182,GEMM(8,4,1),1777924295381346816,1777924295418150400,1777924295381343744
0,2,183,GEMM(9,4,1),1777924295418157568,1777924295457856000,1777924295418153472
0,2,184,GEMM(10,4,1),1777924295457863168,1777924295496561152,1777924295457859072
0,2,185,GEMM(11,4,1),1777924295496568320,1777924295536043520,1777924295496564224
0,2,186,GEMM(12,4,1),1777924295536050688,1777924295573799424,1777924295536046592
0,2,187,GEMM(13,4,1),1777924295573806592,1777924295613733376,1777924295573802496
0,2,188,GEMM(14,4,1),1777924295613740544,1777924295652452864,1777924295613737472
0,2,189,GEMM(15,4,1),1777924295652460032,1777924295691215360,1777924295652455936
0,2,201,SYRK(6,6,1),1777924295691221504,1777924295711717888,1777924295691218432
0,2,202,GEMM(7,6,1),1777924295711725056,1777924295752662528,1777924295711721984
0,2,203,GEMM(8,6,1),1777924295752669696,1777924295791664640,1777924295752666624
0,2,204,GEMM(9,6,1),1777924295791671808,1777924295833424384,1777924295791668736
0,2,205,GEMM(10,6,1),1777924295833431552,1777924295874074112,1777924295833427456
0,2,206,GEMM(11,6,1),1777924295874081280,1777924295915478528,1777924295874078208
0,2,207,GEMM(12,6,1),1777924295915485696,1777924295954951680,1777924295915481600
0,2,208,GEMM(13,6,1),1777924295954958848,1777924295996915200,1777924295954954752
0,2,209,GEMM(14,6,1),1777924295996922368,1777924296037640704,1777924295996918272
0,2,210,GEMM(15,6,1),1777924296037647872,1777924296078622208,1777924296037643776
0,2,220,SYRK(8,8,1),1777924296078628352,1777924296097059328,1777924296078625280
0,2,221,GEMM(9,8,1),1777924296097066496,1777924296135618048,1777924296097062400
0,2,222,GEMM(10,8,1),1777924296135625216,1777924296173180416,1777924296135621120
0,2,223,GEMM(11,8,1),1777924296173187584,1777924296210985472,1777924296173183488
0,2,224,GEMM(12,8,1),1777924296210992640,1777924296247180800,1777924296210989568
0,2,225,GEMM(13,8,1),1777924296247187968,1777924296285712896,1777924296247183872
0,2,226,GEMM(14,8,1),1777924296285720064,1777924296323328512,1777924296285715968
0,2,227,GEMM(15,8,1),1777924296323335680,1777924296361415168,1777924296323332608
0,2,235,SYRK(10,10,1),1777924296361421312,1777924296381964800,1777924296361418240
0,2,236,GEMM(11,10,1),1777924296381971968,1777924296423342592,1777924296381968896
0,2,237,GEMM(12,10,1),1777924296423349760,1777924296462851584,1777924296423345664
0,2,238,GEMM(13,10,1),1777924296462858752,1777924296504801792,1777924296462855680
0,2,239,GEMM(14,10,1),1777924296504808960,1777924296545508864,1777924296504804864
0,2,240,GEMM(15,10,1),1777924296545516032,1777924296586536448,1777924296545511936
0,2,246,SYRK(12,12,1),1777924296586543616,1777924296605613568,1777924296586540544
0,2,247,GEMM(13,12,1),1777924296605619712,1777924296645483008,1777924296605616640
0,2,248,GEMM(14,12,1),1777924296645491200,1777924296684217856,1777924296645487104
0,2,249,GEMM(15,12,1),1777924296684225024,1777924296723016192,1777924296684220928
0,2,253,SYRK(14,14,1),1777924296723022336,1777924296743557632,1777924296723019264
0,2,254,GEMM(15,14,1),1777924296743564800,1777924296784567808,1777924296743560704
0,2,256,POTRF(2),1777924296784570880,1777924296789710336,0
0,2,257,TRSM(3,2),1777924296789711360,1777924296799591936,0
0,2,258,TRSM(4,2),1777924296799598080,1777924296809471488,0
0,2,259,TRSM(5,2),1777924296809478656,1777924296819360256,0
0,2,260,TRSM(6,2),1777924296819367424,1777924296829250048,0
0,2,261,TRSM(7,2),1777924296829256192,1777924296839139840,0
0,2,262,TRSM(8,2),1777924296839145984,1777924296849042944,0
0,2,263,TRSM(9,2),1777924296849050112,1777924296858966528,0
0,2,264,TRSM(10,2),1777924296858974720,1777924296868886016,0
0,2,265,TRSM(11,2),1777924296868893184,1777924296878809600,0
0,2,266,TRSM(12,2),1777924296878815744,1777924296888730112,0
0,2,267,TRSM(13,2),1777924296888737280,1777924296898657792,0
0,2,268,TRSM(14,2),1777924296898664960,1777924296908578304,0
0,2,269,TRSM(15,2),1777924296908585472,1777924296918507008,0
0,2,283,SYRK(4,4,2),1777924296918515200,1777924296924344832,0
0,2,284,GEMM(5,4,2),1777924296924347904,1777924296934553088,0
0,2,285,GEMM(6,4,2),1777924296934556160,1777924296944729600,0
0,2,286,GEMM(7,4,2),1777924296944733696,1777924296954903040,0
0,2,287,GEMM(8,4,2),1777924296954906112,1777924296965075456,0
0,2,288,GEMM(9,4,2),1777924296965078528,1777924296975249920,0
0,2,289,GEMM(10,4,2),1777924296975254016,1777924296985422336,0
0,2,290,GEMM(11,4,2),1777924296985425408,1777924296995595776,0
0,2,291,GEMM(12,4,2),1777924296995599872,1777924297005769216,0
0,2,292,GEMM(13,4,2),1777924297005773312,1777924297015944704,0
0,2,293,GEMM(14,4,2),1777924297015948800,1777924297026118144,0
0,2,294,GEMM(15,4,2),1777924297026121216,1777924297036293632,0
0,2,306,SYRK(6,6,2),1777924297036297728,1777924297042109952,0
0,2,307,GEMM(7,6,2),1777924297042113024,1777924297052284416,0
0,2,308,GEMM(8,6,2),1777924297052287488,1777924297062458880,0
0,2,309,GEMM(9,6,2),1777924297062461952,1777924297072633344,0
0,2,310,GEMM(10,6,2),1777924297072636416,1777924297082806784,0
0,2,311,GEMM(11,6,2),1777924297082809856,1777924297092980224,0
0,2,312,GEMM(12,6,2),1777924297092983296,1777924297103155712,0
0,2,313,GEMM(13,6,2),1777924297103158784,1777924297113330176,0
0,2,314,GEMM(14,6,2),1777924297113333248,1777924297123503616,0
0,2,315,GEMM(15,6,2),1777924297123506688,1777924297133679104,0
0,2,325,SYRK(8,8,2),1777924297133682176,1777924297139495424,0
0,2,326,GEMM(9,8,2),1777924297139498496,1777924297149670912,0
0,2,327,GEMM(10,8,2),1777924297149673984,1777924297159846400,0
0,2,328,GEMM(11,8,2),1777924297159849472,1777924297170021888,0
0,2,329,GEMM(12,8,2),1777924297170024960,1777924297180196352,0
0,2,330,GEMM(13,8,2),1777924297180199424,1777924297190369792,0
0,2,331,GEMM(14,8,2),1777924297190372864,1777924297200545280,0
0,2,332,GEMM(15,8,2),1777924297200548352,1777924297210720768,0
0,2,340,SYRK(10,10,2),1777924297210723840,1777924297216539136,0
0,2,341,GEMM(11,10,2),1777924297216542208,1777924297226713600,0
0,2,342,GEMM(12,10,2),1777924297226716672,1777924297236889088,0
0,2,343,GEMM(13,10,2),1777924297236892160,1777924297247065600,0
0,2,344,GEMM(14,10,2),1777924297247068672,1777924297257239040,0
0,2,345,GEMM(15,10,2),1777924297257242112,1777924297267411456,0
0,2,351,SYRK(12,12,2),1777924297267414528,1777924297273228800,0
0,2,352,GEMM(13,12,2),1777924297273231872,1777924297283403264,0
0,2,353,GEMM(14,12,2),1777924297283406336,1777924297293577728,0
0,2,354,GEMM(15,12,2),1777924297293580800,1777924297303751168,0
0,2,358,SYRK(14,14,2),1777924297303754240,1777924297309565440,0
0,2,359,GEMM(15,14,2),1777924297309568512,1777924297319738880,0
0,2,374,SYRK(4,4,3),1777924298681650688,1777924298700721664,1777924297319741952
0,2,375,GEMM(5,4,3),1777924298700728832,1777924298740675072,1777924298700724736
0,2,376,GEMM(6,4,3),1777924298740682240,1777924298779462144,1777924298740679168
0,2,377,GEMM(7,4,3),1777924298779469312,1777924298818320896,1777924298779466240
0,2,378,GEMM(8,4,3),1777924298818328064,1777924298855060992,1777924298818324992
0,2,379,GEMM(9,4,3),1777924298855067136,1777924298894795264,1777924298855063040
0,2,380,GEMM(10,4,3),1777924298894802432,1777924298933489152,1777924298894798336
0,2,381,GEMM(11,4,3),1777924298933496320,1777924298972986880,1777924298933492224
0,2,382,GEMM(12,4,3),1777924298972994048,1777924299010819584,1777924298972990976
0,2,383,GEMM(13,4,3),1777924299010827776,1777924299050713600,1777924299010823680
0,2,384,GEMM(14,4,3),1777924299050720768,1777924299089383936,1777924299050717696
0,2,385,GEMM(15,4,3),1777924299089391104,1777924299128223232,1777924299089387008
0,2,397,SYRK(6,6,3),1777924299128229376,1777924299148777984,1777924299128226304
0,2,398,GEMM(7,6,3),1777924299148785152,1777924299189749248,1777924299148781056
0,2,399,GEMM(8,6,3),1777924299189756416,1777924299228737024,1777924299189752320
0,2,400,GEMM(9,6,3),1777924299228744192,1777924299270541824,1777924299228740096
0,2,401,GEMM(10,6,3),1777924299270548992,1777924299311248896,1777924299270545920
0,2,402,GEMM(11,6,3),1777924299311256064,1777924299352572416,1777924299311251968
0,2,403,GEMM(12,6,3),1777924299352579584,1777924299392034304,1777924299352576512
0,2,404,GEMM(13,6,3),1777924299392041472,1777924299434023424,1777924299392038400
0,2,405,GEMM(14,6,3),1777924299434030592,1777924299474750976,1777924299434027520
0,2,406,GEMM(15,6,3),1777924299474758144,1777924299515733504,1777924299474755072
0,2,416,SYRK(8,8,3),1777924299515739648,1777924299534259712,1777924299515736576
0,2,417,GEMM(9,8,3),1777924299534266880,1777924299572833792,1777924299534263808
0,2,418,GEMM(10,8,3),1777924299572840960,1777924299610382848,1777924299572837888
0,2,419,GEMM(11,8,3),1777924299610390016,1777924299648167424,1777924299610385920
0,2,420,GEMM(12,8,3),1777924299648174592,1777924299684284928,1777924299648170496
0,2,421,GEMM(13,8,3),1777924299684292096,1777924299722823168,1777924299684288000
0,2,422,GEMM(14,8,3),1777924299722830336,1777924299760479744,1777924299722827264
0,2,423,GEMM(15,8,3),1777924299760486912,1777924299798522368,1777924299760483840
0,2,431,SYRK(10,10,3),1777924299798528512,1777924299819053568,1777924299798525440
0,2,432,GEMM(11,10,3),1777924299819060736,1777924299860403712,1777924299819056640
0,2,433,GEMM(12,10,3),1777924299860410880,1777924299899975168,1777924299860407808
0,2,434,GEMM(13,10,3),1777924299899982336,1777924299941887488,1777924299899978240
0,2,435,GEMM(14,10,3),1777924299941894656,1777924299982579200,1777924299941891584
0,2,436,GEMM(15,10,3),1777924299982586368,1777924300023588352,1777924299982582272
0,2,442,SYRK(12,12,3),1777924300023595520,1777924300042712576,1777924300023592448
0,2,443,GEMM(13,12,3),1777924300042718720,1777924300082632192,1777924300042715648
0,2,444,GEMM(14,12,3),1777924300082638336,1777924300121336320,1777924300082635264
0,2,445,GEMM(15,12,3),1777924300121343488,1777924300160105984,1777924300121340416
0,2,449,SYRK(14,14,3),1777924300160112128,1777924300180600320,1777924300160109056
0,2,450,GEMM(15,14,3),1777924300180606464,1777924300221585920,1777924300180603392
0,2,452,POTRF(4),1777924300221588992,1777924300226729472,0
0,2,453,TRSM(5,4),1777924300226731520,1777924300236613120,0
0,2,454,TRSM(6,4),1777924300236619264,1777924300246494720,0
0,2,455,TRSM(7,4),1777924300246502912,1777924300256384512,0
0,2,456,TRSM(8,4),1777924300256392704,1777924300266253824,0
0,2,457,TRSM(9,4),1777924300266262016,1777924300276143616,0
0,2,458,TRSM(10,4),1777924300276150784,1777924300286034432,0
0,2,459,TRSM(11,4),1777924300286040576,1777924300295924224,0
0,2,460,TRSM(12,4),1777924300295930368,1777924300305814016,0
0,2,461,TRSM(13,4),1777924300305821184,1777924300315708928,0
0,2,462,TRSM(14,4),1777924300315716096,1777924300325599744,0
0,2,463,TRSM(15,4),1777924300325606912,1777924300335492608,0
0,2,475,SYRK(6,6,4),1777924300335500800,1777924300341319168,0
0,2,476,GEMM(7,6,4),1777924300341322240,1777924300351518208,0
0,2,477,GEMM(8,6,4),1777924300351522304,1777924300361714176,0
0,2,478,GEMM(9,6,4),1777924300361718272,1777924300371914240,0
0,2,479,GEMM(10,6,4),1777924300371918336,1777924300382114304,0
0,2,480,GEMM(11,6,4),1777924300382117376,1777924300392316416,0
0,2,481,GEMM(12,6,4),1777924300392319488,1777924300402517504,0
0,2,482,GEMM(13,6,4),1777924300402520576,1777924300412720640,0
0,2,483,GEMM(14,6,4),1777924300412723712,1777924300422919680,0
0,2,484,GEMM(15,6,4),1777924300422922752,1777924300433115648,0
0,2,494,SYRK(8,8,4),1777924300433118720,1777924300438940160,0
0,2,495,GEMM(9,8,4),1777924300438943232,1777924300449112576,0
0,2,496,GEMM(10,8,4),1777924300449115648,1777924300459284992,0
0,2,497,GEMM(11,8,4),1777924300459288064,1777924300469458432,0
0,2,498,GEMM(12,8,4),1777924300469461504,1777924300479635968,0
0,2,499,GEMM(13,8,4),1777924300479639040,1777924300489810432,0
0,2,500,GEMM(14,8,4),1777924300489813504,1777924300499982848,0
0,2,501,GEMM(15,8,4),1777924300499985920,1777924300510156288,0
0,2,509,SYRK(10,10,4),1777924300510159360,1777924300515970560,0
0,2,510,GEMM(11,10,4),1777924300515973632,1777924300526146048,0
0,2,511,GEMM(12,10,4),1777924300526149120,1777924300536318464,0
0,2,512,GEMM(13,10,4),1777924300536321536,1777924300546494976,0
0,2,513,GEMM(14,10,4),1777924300546498048,1777924300556670464,0
0,2,514,GEMM(15,10,4),1777924300556673536,1777924300566845952,0
0,2,520,SYRK(12,12,4),1777924300566849024,1777924300572662272,0
0,2,521,GEMM(13,12,4),1777924300572665344,1777924300582836736,0
0,2,522,GEMM(14,12,4),1777924300582840832,1777924300593010176,0
0,2,523,GEMM(15,12,4),1777924300593014272,1777924300603185664,0
0,2,527,SYRK(14,14,4),1777924300603188736,1777924300608999936,0
0,2,528,GEMM(15,14,4),1777924300609003008,1777924300619175424,0
0,2,541,SYRK(6,6,5),1777924301608815104,1777924301629366784,1777924300619178496
0,2,542,GEMM(7,6,5),1777924301629373952,1777924301670408704,1777924301629370880
0,2,543,GEMM(8,6,5),1777924301670415872,1777924301709460992,1777924301670411776
0,2,544,GEMM(9,6,5),1777924301709468160,1777924301751263744,1777924301709465088
0,2,545,GEMM(10,6,5),1777924301751270912,1777924301791979008,1777924301751266816
0,2,546,GEMM(11,6,5),1777924301791986176,1777924301833309696,1777924301791983104
0,2,547,GEMM(12,6,5),1777924301833316864,1777924301872826880,1777924301833313792
0,2,548,GEMM(13,6,5),1777924301872834048,1777924301914819072,1777924301872829952
0,2,549,GEMM(14,6,5),1777924301914826240,1777924301955502592,1777924301914822144
0,2,550,GEMM(15,6,5),1777924301955509760,1777924301996503552,1777924301955505664
0,2,560,SYRK(8,8,5),1777924301996509696,1777924302015016448,1777924301996506624
0,2,561,GEMM(9,8,5),1777924302015023616,1777924302053600768,1777924302015019520
0,2,562,GEMM(10,8,5),1777924302053607936,1777924302091169280,1777924302053603840
0,2,563,GEMM(11,8,5),1777924302091176448,1777924302128962048,1777924302091173376
0,2,564,GEMM(12,8,5),1777924302128969216,1777924302165080576,1777924302128965120
0,2,565,GEMM(13,8,5),1777924302165087744,1777924302203601408,1777924302165084672
0,2,566,GEMM(14,8,5),1777924302203608576,1777924302241241600,1777924302203604480
0,2,567,GEMM(15,8,5),1777924302241248768,1777924302279241216,1777924302241244672
0,2,575,SYRK(10,10,5),1777924302279247360,1777924302299773440,1777924302279244288
0,2,576,GEMM(11,10,5),1777924302299780608,1777924302341074432,1777924302299776512
0,2,577,GEMM(12,10,5),1777924302341081600,1777924302380563968,1777924302341077504
0,2,578,GEMM(13,10,5),1777924302380570112,1777924302422538752,1777924302380567040
0,2,579,GEMM(14,10,5),1777924302422545920,1777924302463208960,1777924302422541824
0,2,580,GEMM(15,10,5),1777924302463216128,1777924302504157696,1777924302463212032
0,2,586,SYRK(12,12,5),1777924302504163840,1777924302523290112,1777924302504160768
0,2,587,GEMM(13,12,5),1777924302523297280,1777924302563196416,1777924302523294208
0,2,588,GEMM(14,12,5),1777924302563203584,1777924302601912832,1777924302563200512
0,2,589,GEMM(15,12,5),1777924302601920000,1777924302640715264,1777924302601915904
0,2,593,SYRK(14,14,5),1777924302640721408,1777924302661216768,1777924302640718336
0,2,594,GEMM(15,14,5),1777924302661223936,1777924302702204416,1777924302661220864
0,2,596,POTRF(6),1777924302702207488,1777924302707345920,0
0,2,597,TRSM(7,6),1777924302707347968,1777924302717225472,0
0,2,598,TRSM(8,6),1777924302717231616,1777924302727088640,0
0,2,599,TRSM(9,6),1777924302727097856,1777924302736981504,0
0,2,600,TRSM(10,6),1777924302736989696,1777924302746897920,0
0,2,601,TRSM(11,6),1777924302746906112,1777924302756825600,0
0,2,602,TRSM(12,6),1777924302756832768,1777924302766748160,0
0,2,603,TRSM(13,6),1777924302766756352,1777924302776666624,0
0,2,604,TRSM(14,6),1777924302776673792,1777924302786589184,0
0,2,605,TRSM(15,6),1777924302786597376,1777924302796509696,0
0,2,615,SYRK(8,8,6),1777924302796519936,1777924302802346496,0
0,2,616,GEMM(9,8,6),1777924302802350592,1777924302812542464,0
0,2,617,GEMM(10,8,6),1777924302812546560,1777924302822740480,0
0,2,618,GEMM(11,8,6),1777924302822744576,1777924302832941568,0
0,2,619,GEMM(12,8,6),1777924302832945664,1777924302843126272,0
0,2,620,GEMM(13,8,6),1777924302843129344,1777924302853299712,0
0,2,621,GEMM(14,8,6),1777924302853302784,1777924302863473152,0
0,2,622,GEMM(15,8,6),1777924302863476224,1777924302873647616,0
0,2,630,SYRK(10,10,6),1777924302873651712,1777924302879461888,0
0,2,631,GEMM(11,10,6),1777924302879465984,1777924302889638400,0
0,2,632,GEMM(12,10,6),1777924302889641472,1777924302899812864,0
0,2,633,GEMM(13,10,6),1777924302899815936,1777924302909987328,0
0,2,634,GEMM(14,10,6),1777924302909990400,1777924302920163840,0
0,2,635,GEMM(15,10,6),1777924302920166912,1777924302930336256,0
0,2,641,SYRK(12,12,6),1777924302930340352,1777924302936151552,0
0,2,642,GEMM(13,12,6),1777924302936153600,1777924302946323968,0
0,2,643,GEMM(14,12,6),1777924302946328064,1777924302956500480,0
0,2,644,GEMM(15,12,6),1777924302956504576,1777924302966675968,0
0,2,648,SYRK(14,14,6),1777924302966680064,1777924302972491264,0
0,2,649,GEMM(15,14,6),1777924302972495360,1777924302982663680,0
0,2,660,SYRK(8,8,7),1777924303651632640,1777924303670040064,1777924302982667776
0,2,661,GEMM(9,8,7),1777924303670047232,1777924303708678656,1777924303670044160
0,2,662,GEMM(10,8,7),1777924303708685824,1777924303746337280,1777924303708681728
0,2,663,GEMM(11,8,7),1777924303746344448,1777924303784092160,1777924303746341376
0,2,664,GEMM(12,8,7),1777924303784099328,1777924303820275200,1777924303784096256
0,2,665,GEMM(13,8,7),1777924303820282368,1777924303858766336,1777924303820278272
0,2,666,GEMM(14,8,7),1777924303858773504,1777924303896337920,1777924303858769408
0,2,667,GEMM(15,8,7),1777924303896345088,1777924303934367232,1777924303896340992
0,2,675,SYRK(10,10,7),1777924303934373376,1777924303954850304,1777924303934370304
0,2,676,GEMM(11,10,7),1777924303954857472,1777924303996169728,1777924303954854400
0,2,677,GEMM(12,10,7),1777924303996176896,1777924304035696128,1777924303996173824
0,2,678,GEMM(13,10,7),1777924304035703296,1777924304077587968,1777924304035699200
0,2,679,GEMM(14,10,7),1777924304077595136,1777924304118299136,1777924304077591040
0,2,680,GEMM(15,10,7),1777924304118306304,1777924304159317504,1777924304118302208
0,2,686,SYRK(12,12,7),1777924304159324672,1777924304178438656,1777924304159321600
0,2,687,GEMM(13,12,7),1777924304178445824,1777924304218366464,1777924304178441728
0,2,688,GEMM(14,12,7),1777924304218373632,1777924304257109504,1777924304218370560
0,2,689,GEMM(15,12,7),1777924304257116672,1777924304295902720,1777924304257113600
0,2,693,SYRK(14,14,7),1777924304295909888,1777924304316452352,1777924304295905792
0,2,694,GEMM(15,14,7),1777924304316459520,1777924304357438976,1777924304316456448
0,2,696,POTRF(8),1777924304357442048,1777924304362581504,0
0,2,697,TRSM(9,8),1777924304362583552,1777924304372457984,0
0,2,698,TRSM(10,8),1777924304372464128,1777924304382337536,0
0,2,699,TRSM(11,8),1777924304382344704,1777924304392220160,0
0,2,700,TRSM(12,8),1777924304392228352,1777924304402104832,0
0,2,701,TRSM(13,8),1777924304402112000,1777924304411994624,0
0,2,702,TRSM(14,8),1777924304412001792,1777924304421877248,0
0,2,703,TRSM(15,8),1777924304421884416,1777924304431760896,0
0,2,711,SYRK(10,10,8),1777924304431770112,1777924304437583360,0
0,2,712,GEMM(11,10,8),1777924304437586432,1777924304447779328,0
0,2,713,GEMM(12,10,8),1777924304447783424,1777924304457984512,0
0,2,714,GEMM(13,10,8),1777924304457987584,1777924304468180480,0
0,2,715,GEMM(14,10,8),1777924304468183552,1777924304478373376,0
0,2,716,GEMM(15,10,8),1777924304478376448,1777924304488577536,0
0,2,722,SYRK(12,12,8),1777924304488580608,1777924304494406144,0
0,2,723,GEMM(13,12,8),1777924304494409216,1777924304504603136,0
0,2,724,GEMM(14,12,8),1777924304504606208,1777924304514802176,0
0,2,725,GEMM(15,12,8),1777924304514805248,1777924304525004288,0
0,2,729,SYRK(14,14,8),1777924304525007360,1777924304530834944,0
0,2,730,GEMM(15,14,8),1777924304530838016,1777924304541024768,0
0,2,739,SYRK(10,10,9),1777924304966562304,1777924304987053568,1777924304541028864
0,2,740,GEMM(11,10,9),1777924304987060736,1777924305028455936,1777924304987056640
0,2,741,GEMM(12,10,9),1777924305028463104,1777924305067992576,1777924305028460032
0,2,742,GEMM(13,10,9),1777924305067999744,1777924305109929472,1777924305067995648
0,2,743,GEMM(14,10,9),1777924305109936640,1777924305150658048,1777924305109932544
0,2,744,GEMM(15,10,9),1777924305150665216,1777924305191666176,1777924305150662144
0,2,750,SYRK(12,12,9),1777924305191672320,1777924305210717696,1777924305191669248
0,2,751,GEMM(13,12,9),1777924305210724864,1777924305250694656,1777924305210721792
0,2,752,GEMM(14,12,9),1777924305250701824,1777924305289354752,1777924305250697728
0,2,753,GEMM(15,12,9),1777924305289361920,1777924305328153088,1777924305289357824
0,2,757,SYRK(14,14,9),1777924305328159232,1777924305348669952,1777924305328156160
0,2,758,GEMM(15,14,9),1777924305348677120,1777924305389617664,1777924305348673024
0,2,760,POTRF(10),1777924305389620736,1777924305394759168,0
0,2,761,TRSM(11,10),1777924305394761216,1777924305404639744,0
0,2,762,TRSM(12,10),1777924305404645888,1777924305414521344,0
0,2,763,TRSM(13,10),1777924305414528512,1777924305424411136,0
0,2,764,TRSM(14,10),1777924305424418304,1777924305434299904,0
0,2,765,TRSM(15,10),1777924305434307072,1777924305444217344,0
0,2,771,SYRK(12,12,10),1777924305444225536,1777924305450051072,0
0,2,772,GEMM(13,12,10),1777924305450054144,1777924305460251136,0
0,2,773,GEMM(14,12,10),1777924305460254208,1777924305470450176,0
0,2,774,GEMM(15,12,10),1777924305470453248,1777924305480651264,0
0,2,778,SYRK(14,14,10),1777924305480654336,1777924305486482944,0
0,2,779,GEMM(15,14,10),1777924305486486016,1777924305496687104,0
0,2,786,SYRK(12,12,11),1777924305728651776,1777924305747720704,1777924305496690176
0,2,787,GEMM(13,12,11),1777924305747727872,1777924305787614720,1777924305747723776
0,2,788,GEMM(14,12,11),1777924305787621888,1777924305826334208,1777924305787617792
0,2,789,GEMM(15,12,11),1777924305826341376,1777924305865148928,1777924305826337280
0,2,793,SYRK(14,14,11),1777924305865155072,1777924305885581824,1777924305865152000
0,2,794,GEMM(15,14,11),1777924305885587968,1777924305926551040,1777924305885584896
0,2,796,POTRF(12),1777924305926554112,1777924305931692544,0
0,2,797,TRSM(13,12),1777924305931694592,1777924305941568000,0
0,2,798,TRSM(14,12),1777924305941575168,1777924305951443456,0
0,2,799,TRSM(15,12),1777924305951452672,1777924305961323008,0
0,2,803,SYRK(14,14,12),1777924305961332224,1777924305967140352,0
0,2,804,GEMM(15,14,12),1777924305967143424,1777924305977301504,0
0,2,809,SYRK(14,14,13),1777924306081719808,1777924306102171136,1777924305977304576
0,2,810,GEMM(15,14,13),1777924306102178304,1777924306143194624,1777924306102174208
0,2,812,POTRF(14),1777924306143198720,1777924306148342272,0
0,2,813,TRSM(15,14),1777924306148344320,1777924306158196224,0
0,3,0,POTRF(0),1777924306359211776,1777924306364358400,0
0,3,1,TRSM(1,0),1777924306364360448,1777924306374240000,0
0,3,2,TRSM(2,0),1777924306374245120,1777924306384125696,0
0,3,3,TRSM(3,0),1777924306384132864,1777924306394018560,0
0,3,4,TRSM(4,0),1777924306394025728,1777924306403910400,0
0,3,5,TRSM(5,0),1777924306403917568,1777924306413809408,0
0,3,6,TRSM(6,0),1777924306413816576,1777924306423705344,0
0,3,7,TRSM(7,0),1777924306423712512,1777924306433601280,0
0,3,8,TRSM(8,0),1777924306433609472,1777924306443481856,0
0,3,9,TRSM(9,0),1777924306443489024,1777924306453381888,0
0,3,10,TRSM(10,0),1777924306453389056,1777924306463278848,0
0,3,11,TRSM(11,0),1777924306463286016,1777924306473174784,0
0,3,12,TRSM(12,0),1777924306473181952,1777924306483073792,0
0,3,13,TRSM(13,0),1777924306483080960,1777924306492971776,0
0,3,14,TRSM(14,0),1777924306492978944,1777924306502865664,0
0,3,15,TRSM(15,0),1777924306502873856,1777924306512761600,0
0,3,31,SYRK(2,2,0),1777924306512769792,1777924306518585088,0
0,3,32,GEMM(3,2,0),1777924306518589184,1777924306528759552,0
0,3,33,GEMM(4,2,0),1777924306528763648,1777924306538932992,0
0,3,34,GEMM(5,2,0),1777924306538936064,1777924306549106432,0
0,3,35,GEMM(6,2,0),1777924306549110528,1777924306559278848,0
0,3,36,GEMM(7,2,0),1777924306559281920,1777924306569451264,0
0,3,37,GEMM(8,2,0),1777924306569455360,1777924306579628800,0
0,3,38,GEMM(9,2,0),1777924306579631872,1777924306589804288,0
0,3,39,GEMM(10,2,0),1777924306589808384,1777924306599982848,0
0,3,40,GEMM(11,2,0),1777924306599985920,1777924306610156288,0
0,3,41,GEMM(12,2,0),1777924306610159360,1777924306620330752,0
0,3,42,GEMM(13,2,0),1777924306620333824,1777924306630507264,0
0,3,43,GEMM(14,2,0),1777924306630510336,1777924306640680704,0
0,3,44,GEMM(15,2,0),1777924306640683776,1777924306650856192,0
0,3,58,SYRK(4,4,0),1777924306650860288,1777924306656671488,0
0,3,59,GEMM(5,4,0),1777924306656674560,1777924306666845952,0
0,3,60,GEMM(6,4,0),1777924306666849024,1777924306677021440,0
0,3,61,GEMM(7,4,0),1777924306677024512,1777924306687196928,0
0,3,62,GEMM(8,4,0),1777924306687200000,1777924306697372416,0
0,3,63,GEMM(9,4,0),1777924306697376512,1777924306707543808,0
0,3,64,GEMM(10,4,0),1777924306707546880,1777924306717717248,0
0,3,65,GEMM(11,4,0),1777924306717720320,1777924306727890688,0
0,3,66,GEMM(12,4,0),1777924306727893760,1777924306738068224,0
0,3,67,GEMM(13,4,0),1777924306738072320,1777924306748245760,0
0,3,68,GEMM(14,4,0),1777924306748248832,1777924306758423296,0
0,3,69,GEMM(15,4,0),1777924306758426368,1777924306768597760,0
0,3,81,SYRK(6,6,0),1777924306768600832,1777924306774414080,0
0,3,82,GEMM(7,6,0),1777924306774417152,1777924306784585472,0
0,3,83,GEMM(8,6,0),1777924306784588544,1777924306794759936,0
0,3,84,GEMM(9,6,0),1777924306794764032,1777924306804939520,0
0,3,85,GEMM(10,6,0),1777924306804942592,1777924306815115008,0
0,3,86,GEMM(11,6,0),1777924306815118080,1777924306825293568,0
0,3,87,GEMM(12,6,0),1777924306825296640,1777924306835467008,0
0,3,88,GEMM(13,6,0),1777924306835470080,1777924306845641472,0
0,3,89,GEMM(14,6,0),1777924306845645568,1777924306855817984,0
0,3,90,GEMM(15,6,0),1777924306855821056,1777924306865991424,0
0,3,100,SYRK(8,8,0),1777924306865995520,1777924306871807744,0
0,3,101,GEMM(9,8,0),1777924306871810816,1777924306881983232,0
0,3,102,GEMM(10,8,0),1777924306881986304,1777924306892156672,0
0,3,103,GEMM(11,8,0),1777924306892159744,1777924306902332160,0
0,3,104,GEMM(12,8,0),1777924306902335232,1777924306912507648,0
0,3,105,GEMM(13,8,0),1777924306912510720,1777924306922683136,0
0,3,106,GEMM(14,8,0),1777924306922686208,1777924306932857600,0
0,3,107,GEMM(15,8,0),1777924306932860672,1777924306943026944,0
0,3,115,SYRK(10,10,0),1777924306943031040,1777924306948842240,0
0,3,116,GEMM(11,10,0),1777924306948845312,1777924306959015680,0
0,3,117,GEMM(12,10,0),1777924306959018752,1777924306969191168,0
0,3,118,GEMM(13,10,0),1777924306969195264,1777924306979367680,0
0,3,119,GEMM(14,10,0),1777924306979370752,1777924306989539072,0
0,3,120,GEMM(15,10,0),1777924306989542144,1777924306999714560,0
0,3,126,SYRK(12,12,0),1777924306999717632,1777924307005528832,0
0,3,127,GEMM(13,12,0),1777924307005530880,1777924307015705344,0
0,3,128,GEMM(14,12,0),1777924307015708416,1777924307025880832,0
0,3,129,GEMM(15,12,0),1777924307025883904,1777924307036058368,0
0,3,133,SYRK(14,14,0),1777924307036060416,1777924307041874688,0
0,3,134,GEMM(15,14,0),1777924307041877760,1777924307052048128,0
0,3,151,SYRK(2,2,1),1777924308857242368,1777924308877747968,1777924307052051200
0,3,152,GEMM(3,2,1),1777924308877755136,1777924308919162624,1777924308877752064
0,3,153,GEMM(4,2,1),1777924308919169792,1777924308958761728,1777924308919166720
0,3,154,GEMM(5,2,1),1777924308958768896,1777924309000779520,1777924308958764800
0,3,155,GEMM(6,2,1),1777924309000786688,1777924309041517312,1777924309000782592
0,3,156,GEMM(7,2,1),1777924309041524480,1777924309082525440,1777924309041520384
0,3,157,GEMM(8,2,1),1777924309082532608,1777924309121528576,1777924309082529536
0,3,158,GEMM(9,2,1),1777924309121535744,1777924309163333376,1777924309121531648
0,3,159,GEMM(10,2,1),1777924309163340544,1777924309204040448,1777924309163337472
0,3,160,GEMM(11,2,1),1777924309204046592,1777924309245385472,1777924309204043520
0,3,161,GEMM(12,2,1),1777924309245392640,1777924309284924160,1777924309245388544
0,3,162,GEMM(13,2,1),1777924309284931328,1777924309326840576,1777924309284927232
0,3,163,GEMM(14,2,1),1777924309326847744,1777924309367537408,1777924309326843648
0,3,164,GEMM(15,2,1),1777924309367544576,1777924309408520960,1777924309367540480
0,3,178,SYRK(4,4,1),1777924309408528128,1777924309427612416,1777924309408525056
0,3,179,GEMM(5,4,1),1777924309427619584,1777924309467567872,1777924309427615488
0,3,180,GEMM(6,4,1),1777924309467575040,1777924309506277120,1777924309467571968
0,3,181,GEMM(7,4,1),1777924309506284288,1777924309545074432,1777924309506280192
0,3,182,GEMM(8,4,1),1777924309545081600,1777924309581869824,1777924309545078528
0,3,183,GEMM(9,4,1),1777924309581876992,1777924309621525248,1777924309581873920
0,3,184,GEMM(10,4,1),1777924309621532416,1777924309660222208,1777924309621529344
0,3,185,GEMM(11,4,1),1777924309660229376,1777924309699713792,1777924309660225280
0,3,186,GEMM(12,4,1),1777924309699720960,1777924309737481984,1777924309699716864
0,3,187,GEMM(13,4,1),1777924309737489152,1777924309777416960,1777924309737486080
0,3,188,GEMM(14,4,1),1777924309777425152,1777924309816082176,1777924309777421056
0,3,189,GEMM(15,4,1),1777924309816089344,1777924309854929664,1777924309816085248
0,3,201,SYRK(6,6,1),1777924309854935808,1777924309875478272,1777924309854932736
0,3,202,GEMM(7,6,1),1777924309875485440,1777924309916410624,1777924309875481344
0,3,203,GEMM(8,6,1),1777924309916417792,1777924309955372800,1777924309916413696
0,3,204,GEMM(9,6,1),1777924309955379968,1777924309997181696,1777924309955376896
0,3,205,GEMM(10,6,1),1777924309997188864,1777924310037884672,1777924309997184768
0,3,206,GEMM(11,6,1),1777924310037891840,1777924310079283968,1777924310037887744
0,3,207,GEMM(12,6,1),1777924310079291136,1777924310118768384,1777924310079288064
0,3,208,GEMM(13,6,1),1777924310118775552,1777924310160711424,1777924310118772480
0,3,209,GEMM(14,6,1),1777924310160718592,1777924310201413376,1777924310160714496
0,3,210,GEMM(15,6,1),1777924310201420544,1777924310242376448,1777924310201417472
0,3,220,SYRK(8,8,1),1777924310242382592,1777924310260860672,1777924310242379520
0,3,221,GEMM(9,8,1),1777924310260867840,1777924310299468544,1777924310260863744
0,3,222,GEMM(10,8,1),1777924310299474688,1777924310337055488,1777924310299471616
0,3,223,GEMM(11,8,1),1777924310337062656,1777924310374886144,1777924310337058560
0,3,224,GEMM(12,8,1),1777924310374893312,1777924310411045632,1777924310374890240
0,3,225,GEMM(13,8,1),1777924310411052800,1777924310449568512,1777924310411048704
0,3,226,GEMM(14,8,1),1777924310449575680,1777924310487180032,1777924310449571584
0,3,227,GEMM(15,8,1),1777924310487188224,1777924310525232896,1777924310487184128
0,3,235,SYRK(10,10,1),1777924310525239040,1777924310545766144,1777924310525235968
0,3,236,GEMM(11,10,1),1777924310545773312,1777924310587125504,1777924310545769216
0,3,237,GEMM(12,10,1),1777924310587132672,1777924310626646784,1777924310587128576
0,3,238,GEMM(13,10,1),1777924310626652928,1777924310668625664,1777924310626649856
0,3,239,GEMM(14,10,1),1777924310668632832,1777924310709368576,1777924310668629760
0,3,240,GEMM(15,10,1),1777924310709375744,1777924310750328576,1777924310709371648
0,3,246,SYRK(12,12,1),1777924310750335744,1777924310769425152,1777924310750332672
0,3,247,GEMM(13,12,1),1777924310769432320,1777924310809377536,1777924310769428224
0,3,248,GEMM(14,12,1),1777924310809384704,1777924310848057088,1777924310809381632
0,3,249,GEMM(15,12,1),1777924310848064256,1777924310886877952,1777924310848060160
0,3,253,SYRK(14,14,1),1777924310886885120,1777924310907386624,1777924310886882048
0,3,254,GEMM(15,14,1),1777924310907393792,1777924310948340480,1777924310907389696
0,3,256,POTRF(2),1777924310948343552,1777924310953481984,0
0,3,257,TRSM(3,2),1777924310953484032,1777924310963364608,0
0,3,258,TRSM(4,2),1777924310963370752,1777924310973245184,0
0,3,259,TRSM(5,2),1777924310973252352,1777924310983132928,0
0,3,260,TRSM(6,2),1777924310983141120,1777924310993017600,0
0,3,261,TRSM(7,2),1777924310993024768,1777924311002904320,0
0,3,262,TRSM(8,2),1777924311002911488,1777924311012780800,0
0,3,263,TRSM(9,2),1777924311012787968,1777924311022675712,0
0,3,264,TRSM(10,2),1777924311022683904,1777924311032564480,0
0,3,265,TRSM(11,2),1777924311032571648,1777924311042482944,0
0,3,266,TRSM(12,2),1777924311042489088,1777924311052405504,0
0,3,267,TRSM(13,2),1777924311052412672,1777924311062331136,0
0,3,268,TRSM(14,2),1777924311062338304,1777924311072252672,0
0,3,269,TRSM(15,2),1777924311072259840,1777924311082178304,0
0,3,283,SYRK(4,4,2),1777924311082187520,1777924311088016128,0
0,3,284,GEMM(5,4,2),1777924311088020224,1777924311098218240,0
0,3,285,GEMM(6,4,2),1777924311098221312,1777924311108413184,0
0,3,286,GEMM(7,4,2),1777924311108416256,1777924311118614272,0
0,3,287,GEMM(8,4,2),1777924311118617344,1777924311128814336,0
0,3,288,GEMM(9,4,2),1777924311128817408,1777924311139005184,0
0,3,289,GEMM(10,4,2),1777924311139008256,1777924311149176576,0
0,3,290,GEMM(11,4,2),1777924311149179648,1777924311159352064,0
0,3,291,GEMM(12,4,2),1777924311159355136,1777924311169525504,0
0,3,292,GEMM(13,4,2),1777924311169532672,1777924311179704064,0
0,3,293,GEMM(14,4,2),1777924311179708160,1777924311189877504,0
0,3,294,GEMM(15,4,2),1777924311189880576,1777924311200051968,0
0,3,306,SYRK(6,6,2),1777924311200055040,1777924311205868288,0
0,3,307,GEMM(7,6,2),1777924311205870336,1777924311216043776,0
0,3,308,GEMM(8,6,2),1777924311216046848,1777924311226217216,0
0,3,309,GEMM(9,6,2),1777924311226221312,1777924311236390656,0
0,3,310,GEMM(10,6,2),1777924311236394752,1777924311246562048,0
0,3,311,GEMM(11,6,2),1777924311246566144,1777924311256737536,0
0,3,312,GEMM(12,6,2),1777924311256740608,1777924311266914048,0
0,3,313,GEMM(13,6,2),1777924311266918144,1777924311277090560,0
0,3,314,GEMM(14,6,2),1777924311277093632,1777924311287265024,0
0,3,315,GEMM(15,6,2),1777924311287268096,1777924311297440512,0
0,3,325,SYRK(8,8,2),1777924311297443584,1777924311303256832,0
0,3,326,GEMM(9,8,2),1777924311303259904,1777924311313429248,0
0,3,327,GEMM(10,8,2),1777924311313432320,1777924311323603712,0
0,3,328,GEMM(11,8,2),1777924311323606784,1777924311333778176,0
0,3,329,GEMM(12,8,2),1777924311333781248,1777924311343950592,0
0,3,330,GEMM(13,8,2),1777924311343953664,1777924311354121984,0
0,3,331,GEMM(14,8,2),1777924311354125056,1777924311364292352,0
0,3,332,GEMM(15,8,2),1777924311364296448,1777924311374466816,0
0,3,340,SYRK(10,10,2),1777924311374469888,1777924311380281088,0
0,3,341,GEMM(11,10,2),1777924311380284160,1777924311390455552,0
0,3,342,GEMM(12,10,2),1777924311390458624,1777924311400630016,0
0,3,343,GEMM(13,10,2),1777924311400634112,1777924311410806528,0
0,3,344,GEMM(14,10,2),1777924311410809600,1777924311420978944,0
0,3,345,GEMM(15,10,2),1777924311420982016,1777924311431152384,0
0,3,351,SYRK(12,12,2),1777924311431156480,1777924311436969728,0
0,3,352,GEMM(13,12,2),1777924311436972800,1777924311447143168,0
0,3,353,GEMM(14,12,2),1777924311447146240,1777924311457321728,0
0,3,354,GEMM(15,12,2),1777924311457324800,1777924311467494144,0
0,3,358,SYRK(14,14,2),1777924311467497216,1777924311473310464,0
0,3,359,GEMM(15,14,2),1777924311473313536,1777924311483483904,0
0,3,374,SYRK(4,4,3),1777924312845296384,1777924312864396032,1777924311483488000
0,3,375,GEMM(5,4,3),1777924312864403200,1777924312904390400,1777924312864400128
0,3,376,GEMM(6,4,3),1777924312904397568,1777924312943172352,1777924312904394496
0,3,377,GEMM(7,4,3),1777924312943179520,1777924312982002432,1777924312943175424
0,3,378,GEMM(8,4,3),1777924312982009600,1777924313018773248,1777924312982005504
0,3,379,GEMM(9,4,3),1777924313018780416,1777924313058502400,1777924313018777344
0,3,380,GEMM(10,4,3),1777924313058509568,1777924313097233152,1777924313058505472
0,3,381,GEMM(11,4,3),1777924313097240320,1777924313136695040,1777924313097236224
0,3,382,GEMM(12,4,3),1777924313136702208,1777924313174503168,1777924313136699136
0,3,383,GEMM(13,4,3),1777924313174509312,1777924313214446336,1777924313174506240
0,3,384,GEMM(14,4,3),1777924313214453504,1777924313253136128,1777924313214449408
0,3,385,GEMM(15,4,3),1777924313253143296,1777924313291959040,1777924313253139200
0,3,397,SYRK(6,6,3),1777924313291966208,1777924313312486144,1777924313291963136
0,3,398,GEMM(7,6,3),1777924313312493312,1777924313353433856,1777924313312489216
0,3,399,GEMM(8,6,3),1777924313353441024,1777924313392465664,1777924313353436928
0,3,400,GEMM(9,6,3),1777924313392472832,1777924313434264320,1777924313392468736
0,3,401,GEMM(10,6,3),1777924313434271488,1777924313474949888,1777924313434268416
0,3,402,GEMM(11,6,3),1777924313474957056,1777924313516280576,1777924313474952960
0,3,403,GEMM(12,6,3),1777924313516286720,1777924313555848960,1777924313516283648
0,3,404,GEMM(13,6,3),1777924313555856128,1777924313597787904,1777924313555852032
0,3,405,GEMM(14,6,3),1777924313597795072,1777924313638485760,1777924313597792000
0,3,406,GEMM(15,6,3),1777924313638492928,1777924313679458048,1777924313638488832
0,3,416,SYRK(8,8,3),1777924313679465216,1777924313697878784,1777924313679462144
0,3,417,GEMM(9,8,3),1777924313697885952,1777924313736448768,1777924313697882880
0,3,418,GEMM(10,8,3),1777924313736455936,1777924313774001920,1777924313736451840
0,3,419,GEMM(11,8,3),1777924313774009088,1777924313811759872,1777924313774006016
0,3,420,GEMM(12,8,3),1777924313811767040,1777924313847915264,1777924313811762944
0,3,421,GEMM(13,8,3),1777924313847922432,1777924313886412544,1777924313847918336
0,3,422,GEMM(14,8,3),1777924313886419712,1777924313924056832,1777924313886415616
0,3,423,GEMM(15,8,3),1777924313924064000,1777924313962108672,1777924313924059904
0,3,431,SYRK(10,10,3),1777924313962114816,1777924313982617344,1777924313962111744
0,3,432,GEMM(11,10,3),1777924313982624512,1777924314023979776,1777924313982621440
0,3,433,GEMM(12,10,3),1777924314023986944,1777924314063491840,1777924314023983872
0,3,434,GEMM(13,10,3),1777924314063499008,1777924314105458432,1777924314063494912
0,3,435,GEMM(14,10,3),1777924314105465600,1777924314146144000,1777924314105462528
0,3,436,GEMM(15,10,3),1777924314146151168,1777924314187088640,1777924314146147072
0,3,442,SYRK(12,12,3),1777924314187094784,1777924314206219008,1777924314187091712
0,3,443,GEMM(13,12,3),1777924314206226176,1777924314246146816,1777924314206223104
0,3,444,GEMM(14,12,3),1777924314246153984,1777924314284755712,1777924314246150912
0,3,445,GEMM(15,12,3),1777924314284762880,1777924314323555072,1777924314284759808
0,3,449,SYRK(14,14,3),1777924314323562240,1777924314344090368,1777924314323559168
0,3,450,GEMM(15,14,3),1777924314344097536,1777924314385039104,1777924314344093440
0,3,452,POTRF(4),1777924314385042176,1777924314390180608,0
0,3,453,TRSM(5,4),1777924314390182656,1777924314400060160,0
0,3,454,TRSM(6,4),1777924314400066304,1777924314409942784,0
0,3,455,TRSM(7,4),1777924314409950976,1777924314419831552,0
0,3,456,TRSM(8,4),1777924314419838720,1777924314429700864,0
0,3,457,TRSM(9,4),1777924314429709056,1777924314439614208,0
0,3,458,TRSM(10,4),1777924314439621376,1777924314449535744,0
0,3,459,TRSM(11,4),1777924314449541888,1777924314459459328,0
0,3,460,TRSM(12,4),1777924314459466496,1777924314469380864,0
0,3,461,TRSM(13,4),1777924314469388032,1777924314479307520,0
0,3,462,TRSM(14,4),1777924314479315712,1777924314489231104,0
0,3,463,TRSM(15,4),1777924314489238272,1777924314499150592,0
0,3,475,SYRK(6,6,4),1777924314499159808,1777924314504987392,0
0,3,476,GEMM(7,6,4),1777924314504989440,1777924314515193600,0
0,3,477,GEMM(8,6,4),1777924314515197696,1777924314525388544,0
0,3,478,GEMM(9,6,4),1777924314525391616,1777924314535586560,0
0,3,479,GEMM(10,6,4),1777924314535590656,1777924314545762048,0
0,3,480,GEMM(11,6,4),1777924314545765120,1777924314555937536,0
0,3,481,GEMM(12,6,4),1777924314555940608,1777924314566113024,0
0,3,482,GEMM(13,6,4),1777924314566116096,1777924314576290560,0
0,3,483,GEMM(14,6,4),1777924314576293632,1777924314586465024,0
0,3,484,GEMM(15,6,4),1777924314586468096,1777924314596639488,0
0,3,494,SYRK(8,8,4),1777924314596642560,1777924314602452736,0
0,3,495,GEMM(9,8,4),1777924314602456832,1777924314612629248,0
0,3,496,GEMM(10,8,4),1777924314612632320,1777924314622802688,0
0,3,497,GEMM(11,8,4),1777924314622805760,1777924314632974080,0
0,3,498,GEMM(12,8,4),1777924314632978176,1777924314643150592,0
0,3,499,GEMM(13,8,4),1777924314643153664,1777924314653323008,0
0,3,500,GEMM(14,8,4),1777924314653327104,1777924314663498496,0
0,3,501,GEMM(15,8,4),1777924314663502592,1777924314673673984,0
0,3,509,SYRK(10,10,4),1777924314673677056,1777924314679489280,0
0,3,510,GEMM(11,10,4),1777924314679492352,1777924314689664768,0
0,3,511,GEMM(12,10,4),1777924314689668864,1777924314699839232,0
0,3,512,GEMM(13,10,4),1777924314699842304,1777924314710013696,0
0,3,513,GEMM(14,10,4),1777924314710016768,1777924314720190208,0
0,3,514,GEMM(15,10,4),1777924314720193280,1777924314730366720,0
0,3,520,SYRK(12,12,4),1777924314730370816,1777924314736183040,0
0,3,521,GEMM(13,12,4),1777924314736186112,1777924314746356480,0
0,3,522,GEMM(14,12,4),1777924314746359552,1777924314756529920,0
0,3,523,GEMM(15,12,4),1777924314756532992,1777924314766707456,0
0,3,527,SYRK(14,14,4),1777924314766710528,1777924314772520704,0
0,3,528,GEMM(15,14,4),1777924314772523776,1777924314782695168,0
0,3,541,SYRK(6,6,5),1777924315772161792,1777924315792652032,1777924314782698240
0,3,542,GEMM(7,6,5),1777924315792659200,1777924315833700096,1777924315792655104
0,3,543,GEMM(8,6,5),1777924315833707264,1777924315872752384,1777924315833703168
0,3,544,GEMM(9,6,5),1777924315872759552,1777924315914534656,1777924315872755456
0,3,545,GEMM(10,6,5),1777924315914541824,1777924315955263232,1777924315914537728
0,3,546,GEMM(11,6,5),1777924315955270400,1777924315996575488,1777924315955267328
0,3,547,GEMM(12,6,5),1777924315996582656,1777924316036093696,1777924315996579584
0,3,548,GEMM(13,6,5),1777924316036100864,1777924316078054144,1777924316036096768
0,3,549,GEMM(14,6,5),1777924316078061312,1777924316118757120,1777924316078057216
0,3,550,GEMM(15,6,5),1777924316118764288,1777924316159683328,1777924316118760192
0,3,560,SYRK(8,8,5),1777924316159690496,1777924316178118400,1777924316159687424
0,3,561,GEMM(9,8,5),1777924316178125568,1777924316216716032,1777924316178122496
0,3,562,GEMM(10,8,5),1777924316216723200,1777924316254330624,1777924316216720128
0,3,563,GEMM(11,8,5),1777924316254337792,1777924316292103936,1777924316254333696
0,3,564,GEMM(12,8,5),1777924316292111104,1777924316328280832,1777924316292108032
0,3,565,GEMM(13,8,5),1777924316328288000,1777924316366788352,1777924316328283904
0,3,566,GEMM(14,8,5),1777924316366795520,1777924316404435712,1777924316366792448
0,3,567,GEMM(15,8,5),1777924316404442880,1777924316442475264,1777924316404439808
0,3,575,SYRK(10,10,5),1777924316442482432,1777924316462983936,1777924316442479360
0,3,576,GEMM(11,10,5),1777924316462991104,1777924316504320768,1777924316462987008
0,3,577,GEMM(12,10,5),1777924316504327936,1777924316543776512,1777924316504323840
0,3,578,GEMM(13,10,5),1777924316543783680,1777924316585665280,1777924316543779584
0,3,579,GEMM(14,10,5),1777924316585672448,1777924316626417408,1777924316585668352
0,3,580,GEMM(15,10,5),1777924316626424576,1777924316667388672,1777924316626420480
0,3,586,SYRK(12,12,5),1777924316667394816,1777924316686461696,1777924316667391744
0,3,587,GEMM(13,12,5),1777924316686468864,1777924316726414080,1777924316686464768
0,3,588,GEMM(14,12,5),1777924316726421248,1777924316765117184,1777924316726417152
0,3,589,GEMM(15,12,5),1777924316765124352,1777924316803937024,1777924316765121280
0,3,593,SYRK(14,14,5),1777924316803944192,1777924316824437504,1777924316803941120
0,3,594,GEMM(15,14,5),1777924316824443648,1777924316865421056,1777924316824440576
0,3,596,POTRF(6),1777924316865425152,1777924316870563584,0
0,3,597,TRSM(7,6),1777924316870565632,1777924316880443136,0
0,3,598,TRSM(8,6),1777924316880448256,1777924316890307328,0
0,3,599,TRSM(9,6),1777924316890317568,1777924316900198144,0
0,3,600,TRSM(10,6),1777924316900206336,1777924316910088960,0
0,3,601,TRSM(11,6),1777924316910097152,1777924316919979776,0
0,3,602,TRSM(12,6),1777924316919987968,1777924316929868544,0
0,3,603,TRSM(13,6),1777924316929877760,1777924316939787008,0
0,3,604,TRSM(14,6),1777924316939794176,1777924316949705472,0
0,3,605,TRSM(15,6),1777924316949714688,1777924316959628032,0
0,3,615,SYRK(8,8,6),1777924316959638272,1777924316965466880,0
0,3,616,GEMM(9,8,6),1777924316965470976,1777924316975663872,0
0,3,617,GEMM(10,8,6),1777924316975667968,1777924316985859840,0
0,3,618,GEMM(11,8,6),1777924316985863936,1777924316996065024,0
0,3,619,GEMM(12,8,6),1777924316996069120,1777924317006260992,0
0,3,620,GEMM(13,8,6),1777924317006264064,1777924317016461056,0
0,3,621,GEMM(14,8,6),1777924317016465152,1777924317026660096,0
0,3,622,GEMM(15,8,6),1777924317026664192,1777924317036848896,0
0,3,630,SYRK(10,10,6),1777924317036852992,1777924317042665216,0
0,3,631,GEMM(11,10,6),1777924317042668288,1777924317052838656,0
0,3,632,GEMM(12,10,6),1777924317052842752,1777924317063014144,0
0,3,633,GEMM(13,10,6),1777924317063017216,1777924317073188608,0
0,3,634,GEMM(14,10,6),1777924317073192704,1777924317083364096,0
0,3,635,GEMM(15,10,6),1777924317083367168,1777924317093541632,0
0,3,641,SYRK(12,12,6),1777924317093544704,1777924317099357952,0
0,3,642,GEMM(13,12,6),1777924317099360000,1777924317109530368,0
0,3,643,GEMM(14,12,6),1777924317109533440,1777924317119702784,0
0,3,644,GEMM(15,12,6),1777924317119706880,1777924317129876224,0
0,3,648,SYRK(14,14,6),1777924317129880320,1777924317135692544,0
0,3,649,GEMM(15,14,6),1777924317135695616,1777924317145868032,0
0,3,660,SYRK(8,8,7),1777924317814955776,1777924317833416448,1777924317145872128
0,3,661,GEMM(9,8,7),1777924317833423616,1777924317872034560,1777924317833420544
0,3,662,GEMM(10,8,7),1777924317872041728,1777924317909612288,1777924317872038656
0,3,663,GEMM(11,8,7),1777924317909619456,1777924317947394816,1777924317909616384
0,3,664,GEMM(12,8,7),1777924317947401984,1777924317983551232,1777924317947397888
0,3,665,GEMM(13,8,7),1777924317983558400,1777924318022068992,1777924317983554304
0,3,666,GEMM(14,8,7),1777924318022077184,1777924318059692800,1777924318022073088
0,3,667,GEMM(15,8,7),1777924318059699968,1777924318097738496,1777924318059695872
0,3,675,SYRK(10,10,7),1777924318097745664,1777924318118310656,1777924318097742592
0,3,676,GEMM(11,10,7),1777924318118317824,1777924318159674112,1777924318118314752
0,3,677,GEMM(12,10,7),1777924318159681280,1777924318199122688,1777924318159677184
0,3,678,GEMM(13,10,7),1777924318199129856,1777924318241079040,1777924318199125760
0,3,679,GEMM(14,10,7),1777924318241086208,1777924318281800448,1777924318241082112
0,3,680,GEMM(15,10,7),1777924318281807616,1777924318322808576,1777924318281803520
0,3,686,SYRK(12,12,7),1777924318322813696,1777924318341926656,1777924318322810624
0,3,687,GEMM(13,12,7),1777924318341933824,1777924318381916928,1777924318341929728
0,3,688,GEMM(14,12,7),1777924318381924096,1777924318420632320,1777924318381921024
0,3,689,GEMM(15,12,7),1777924318420639488,1777924318459428608,1777924318420635392
0,3,693,SYRK(14,14,7),1777924318459434752,1777924318479975168,1777924318459431680
0,3,694,GEMM(15,14,7),1777924318479982336,1777924318520962816,1777924318479979264
0,3,696,POTRF(8),1777924318520966912,1777924318526106368,0
0,3,697,TRSM(9,8),1777924318526107392,1777924318535982848,0
0,3,698,TRSM(10,8),1777924318535988992,1777924318545860352,0
0,3,699,TRSM(11,8),1777924318545867520,1777924318555745024,0
0,3,700,TRSM(12,8),1777924318555753216,1777924318565626624,0
0,3,701,TRSM(13,8),1777924318565633792,1777924318575513344,0
0,3,702,TRSM(14,8),1777924318575520512,1777924318585396992,0
0,3,703,TRSM(15,8),1777924318585403136,1777924318595284736,0
0,3,711,SYRK(10,10,8),1777924318595293952,1777924318601102080,0
0,3,712,GEMM(11,10,8),1777924318601105152,1777924318611263232,0
0,3,713,GEMM(12,10,8),1777924318611266304,1777924318621425408,0
0,3,714,GEMM(13,10,8),1777924318621428480,1777924318631585536,0
0,3,715,GEMM(14,10,8),1777924318631588608,1777924318641783552,0
0,3,716,GEMM(15,10,8),1777924318641786624,1777924318651991808,0
0,3,722,SYRK(12,12,8),1777924318651994880,1777924318657821440,0
0,3,723,GEMM(13,12,8),1777924318657824512,1777924318668024576,0
0,3,724,GEMM(14,12,8),1777924318668027648,1777924318678217472,0
0,3,725,GEMM(15,12,8),1777924318678220544,1777924318688415488,0
0,3,729,SYRK(14,14,8),1777924318688419584,1777924318694247168,0
0,3,730,GEMM(15,14,8),1777924318694251264,1777924318704450304,0
0,3,739,SYRK(10,10,9),1777924319130229504,1777924319150749440,1777924318704453376
0,3,740,GEMM(11,10,9),1777924319150756608,1777924319192144640,1777924319150752512
0,3,741,GEMM(12,10,9),1777924319192151808,1777924319231668992,1777924319192147712
0,3,742,GEMM(13,10,9),1777924319231676160,1777924319273638656,1777924319231672064
0,3,743,GEMM(14,10,9),1777924319273645824,1777924319314364160,1777924319273642752
0,3,744,GEMM(15,10,9),1777924319314371328,1777924319355331328,1777924319314367232
0,3,750,SYRK(12,12,9),1777924319355338496,1777924319374393088,1777924319355335424
0,3,751,GEMM(13,12,9),1777924319374400256,1777924319414360832,1777924319374396160
0,3,752,GEMM(14,12,9),1777924319414368000,1777924319453008640,1777924319414363904
0,3,753,GEMM(15,12,9),1777924319453015808,1777924319491803904,1777924319453012736
0,3,757,SYRK(14,14,9),1777924319491810048,1777924319512334080,1777924319491806976
0,3,758,GEMM(15,14,9),1777924319512341248,1777924319553308416,1777924319512338176
0,3,760,POTRF(10),1777924319553312512,1777924319558450944,0
0,3,761,TRSM(11,10),1777924319558452992,1777924319568334592,0
0,3,762,TRSM(12,10),1777924319568340736,1777924319578218240,0
0,3,763,TRSM(13,10),1777924319578225408,1777924319588105984,0
0,3,764,TRSM(14,10),1777924319588113152,1777924319597993728,0
0,3,765,TRSM(15,10),1777924319598000896,1777924319607885568,0
0,3,771,SYRK(12,12,10),1777924319607893760,1777924319613700864,0
0,3,772,GEMM(13,12,10),1777924319613703936,1777924319623860992,0
0,3,773,GEMM(14,12,10),1777924319623864064,1777924319634031360,0
0,3,774,GEMM(15,12,10),1777924319634034432,1777924319644234496,0
0,3,778,SYRK(14,14,10),1777924319644237568,1777924319650067200,0
0,3,779,GEMM(15,14,10),1777924319650070272,1777924319660272384,0
0,3,786,SYRK(12,12,11),1777924319892387584,1777924319911445248,1777924319660275456
0,3,787,GEMM(13,12,11),1777924319911451392,1777924319951394560,1777924319911448320
0,3,788,GEMM(14,12,11),1777924319951401728,1777924319990103808,1777924319951397632
0,3,789,GEMM(15,12,11),1777924319990110976,1777924320028904192,1777924319990106880
0,3,793,SYRK(14,14,11),1777924320028910336,1777924320049411840,1777924320028907264
0,3,794,GEMM(15,14,11),1777924320049419008,1777924320090430208,1777924320049414912
0,3,796,POTRF(12),1777924320090434304,1777924320095572736,0
0,3,797,TRSM(13,12),1777924320095573760,1777924320105444096,0
0,3,798,TRSM(14,12),1777924320105450240,1777924320115321600,0
0,3,799,TRSM(15,12),1777924320115330816,1777924320125202176,0
0,3,803,SYRK(14,14,12),1777924320125211392,1777924320131018496,0
0,3,804,GEMM(15,14,12),1777924320131021568,1777924320141213440,0
0,3,809,SYRK(14,14,13),1777924320245529344,1777924320266070784,1777924320141216512
0,3,810,GEMM(15,14,13),1777924320266077952,1777924320307011328,1777924320266073856
0,3,812,POTRF(14),1777924320307014400,1777924320312158976,0
0,3,813,TRSM(15,14),1777924320312160000,1777924320322009856,0
0,4,0,POTRF(0),1777924320522229504,1777924320527388416,0
0,4,1,TRSM(1,0),1777924320527390464,1777924320537276160,0
0,4,2,TRSM(2,0),1777924320537281280,1777924320547162880,0
0,4,3,TRSM(3,0),1777924320547171072,1777924320557056768,0
0,4,4,TRSM(4,0),1777924320557064960,1777924320566951680,0
0,4,5,TRSM(5,0),1777924320566959872,1777924320576850688,0
0,4,6,TRSM(6,0),1777924320576857856,1777924320586751744,0
0,4,7,TRSM(7,0),1777924320586758912,1777924320596648704,0
0,4,8,TRSM(8,0),1777924320596656896,1777924320606531328,0
0,4,9,TRSM(9,0),1777924320606538496,1777924320616430336,0
0,4,10,TRSM(10,0),1777924320616437504,1777924320626324224,0
0,4,11,TRSM(11,0),1777924320626331392,1777924320636219136,0
0,4,12,TRSM(12,0),1777924320636227328,1777924320646118144,0
0,4,13,TRSM(13,0),1777924320646124288,1777924320656016128,0
0,4,14,TRSM(14,0),1777924320656023296,1777924320665915136,0
0,4,15,TRSM(15,0),1777924320665922304,1777924320675815168,0
0,4,31,SYRK(2,2,0),1777924320675823360,1777924320681636608,0
0,4,32,GEMM(3,2,0),1777924320681639680,1777924320691812096,0
0,4,33,GEMM(4,2,0),1777924320691816192,1777924320701986560,0
0,4,34,GEMM(5,2,0),1777924320701989632,1777924320712157952,0
0,4,35,GEMM(6,2,0),1777924320712161024,1777924320722332416,0
0,4,36,GEMM(7,2,0),1777924320722335488,1777924320732507904,0
0,4,37,GEMM(8,2,0),1777924320732510976,1777924320742685440,0
0,4,38,GEMM(9,2,0),1777924320742688512,1777924320752861952,0
0,4,39,GEMM(10,2,0),1777924320752866048,1777924320763036416,0
0,4,40,GEMM(11,2,0),1777924320763040512,1777924320773209856,0
0,4,41,GEMM(12,2,0),1777924320773213952,1777924320783386368,0
0,4,42,GEMM(13,2,0),1777924320783389440,1777924320793559808,0
0,4,43,GEMM(14,2,0),1777924320793563904,1777924320803734272,0
0,4,44,GEMM(15,2,0),1777924320803737344,1777924320813906688,0
0,4,58,SYRK(4,4,0),1777924320813910784,1777924320819721984,0
0,4,59,GEMM(5,4,0),1777924320819726080,1777924320829896448,0
0,4,60,GEMM(6,4,0),1777924320829900544,1777924320840069888,0
0,4,61,GEMM(7,4,0),1777924320840072960,1777924320850242304,0
0,4,62,GEMM(8,4,0),1777924320850245376,1777924320860415744,0
0,4,63,GEMM(9,4,0),1777924320860418816,1777924320870587136,0
0,4,64,GEMM(10,4,0),1777924320870591232,1777924320880760576,0
0,4,65,GEMM(11,4,0),1777924320880764672,1777924320890936064,0
0,4,66,GEMM(12,4,0),1777924320890939136,1777924320901110528,0
0,4,67,GEMM(13,4,0),1777924320901113600,1777924320911283968,0
0,4,68,GEMM(14,4,0),1777924320911288064,1777924320921459456,0
0,4,69,GEMM(15,4,0),1777924320921462528,1777924320931632896,0
0,4,81,SYRK(6,6,0),1777924320931635968,1777924320937449216,0
0,4,82,GEMM(7,6,0),1777924320937452288,1777924320947622656,0
0,4,83,GEMM(8,6,0),1777924320947625728,1777924320957796096,0
0,4,84,GEMM(9,6,0),1777924320957800192,1777924320967971584,0
0,4,85,GEMM(10,6,0),1777924320967974656,1777924320978146048,0
0,4,86,GEMM(11,6,0),1777924320978149120,1777924320988319488,0
0,4,87,GEMM(12,6,0),1777924320988322560,1777924320998492928,0
0,4,88,GEMM(13,6,0),1777924320998496000,1777924321008667392,0
0,4,89,GEMM(14,6,0),1777924321008671488,1777924321018839808,0
0,4,90,GEMM(15,6,0),1777924321018842880,1777924321029016320,0
0,4,100,SYRK(8,8,0),1777924321029019392,1777924321034831616,0
0,4,101,GEMM(9,8,0),1777924321034834688,1777924321045006080,0
0,4,102,GEMM(10,8,0),1777924321045009152,1777924321055180544,0
0,4,103,GEMM(11,8,0),1777924321055183616,1777924321065353984,0
0,4,104,GEMM(12,8,0),1777924321065358080,1777924321075529472,0
0,4,105,GEMM(13,8,0),1777924321075532544,1777924321085703936,0
0,4,106,GEMM(14,8,0),1777924321085707008,1777924321095876352,0
0,4,107,GEMM(15,8,0),1777924321095879424,1777924321106049792,0
0,4,115,SYRK(10,10,0),1777924321106053888,1777924321111866112,0
0,4,116,GEMM(11,10,0),1777924321111869184,1777924321122041600,0
0,4,117,GEMM(12,10,0),1777924321122044672,1777924321132216064,0
0,4,118,GEMM(13,10,0),1777924321132219136,1777924321142389504,0
0,4,119,GEMM(14,10,0),1777924321142393600,1777924321152560896,0
0,4,120,GEMM(15,10,0),1777924321152564992,1777924321162738432,0
0,4,126,SYRK(12,12,0),1777924321162741504,1777924321168554752,0
0,4,127,GEMM(13,12,0),1777924321168557824,1777924321178730240,0
0,4,128,GEMM(14,12,0),1777924321178733312,1777924321188905728,0
0,4,129,GEMM(15,12,0),1777924321188908800,1777924321199082240,0
0,4,133,SYRK(14,14,0),1777924321199084288,1777924321204896512,0
0,4,134,GEMM(15,14,0),1777924321204899584,1777924321215075072,0
0,4,151,SYRK(2,2,1),1777924323020331776,1777924323040779008,1777924321215078144
0,4,152,GEMM(3,2,1),1777924323040785152,1777924323082281728,1777924323040782080
0,4,153,GEMM(4,2,1),1777924323082288896,1777924323121884928,1777924323082284800
0,4,154,GEMM(5,2,1),1777924323121892096,1777924323163899648,1777924323121888000
0,4,155,GEMM(6,2,1),1777924323163906816,1777924323204617984,1777924323163903744
0,4,156,GEMM(7,2,1),1777924323204625152,1777924323245556480,1777924323204622080
0,4,157,GEMM(8,2,1),1777924323245563648,1777924323284552448,1777924323245560576
0,4,158,GEMM(9,2,1),1777924323284559616,1777924323326349056,1777924323284556544
0,4,159,GEMM(10,2,1),1777924323326356224,1777924323367066368,1777924323326352128
0,4,160,GEMM(11,2,1),1777924323367073536,1777924323408403200,1777924323367069440
0,4,161,GEMM(12,2,1),1777924323408410368,1777924323447882496,1777924323408406272
0,4,162,GEMM(13,2,1),1777924323447889664,1777924323489873664,1777924323447886592
0,4,163,GEMM(14,2,1),1777924323489880832,1777924323530563328,1777924323489876736
0,4,164,GEMM(15,2,1),1777924323530570496,1777924323571534592,1777924323530566400
0,4,178,SYRK(4,4,1),1777924323571540736,1777924323590570752,1777924323571537664
0,4,179,GEMM(5,4,1),1777924323590577920,1777924323630478080,1777924323590573824
0,4,180,GEMM(6,4,1),1777924323630485248,1777924323669184256,1777924323630482176
0,4,181,GEMM(7,4,1),1777924323669192448,1777924323708012288,1777924323669188352
0,4,182,GEMM(8,4,1),1777924323708019456,1777924323744795392,1777924323708015360
0,4,183,GEMM(9,4,1),1777924323744801536,1777924323784529664,1777924323744798464
0,4,184,GEMM(10,4,1),1777924323784536832,1777924323823243008,1777924323784532736
0,4,185,GEMM(11,4,1),1777924323823250176,1777924323862725376,1777924323823246080
0,4,186,GEMM(12,4,1),1777924323862732544,1777924323900522240,1777924323862729472
0,4,187,GEMM(13,4,1),1777924323900529408,1777924323940442880,1777924323900526336
0,4,188,GEMM(14,4,1),1777924323940450048,1777924323979088640,1777924323940445952
0,4,189,GEMM(15,4,1),1777924323979095808,1777924324017900288,1777924323979091712
0,4,201,SYRK(6,6,1),1777924324017906432,1777924324038390528,1777924324017903360
0,4,202,GEMM(7,6,1),1777924324038397696,1777924324079371008,1777924324038393600
0,4,203,GEMM(8,6,1),1777924324079378176,1777924324118378240,1777924324079374080
0,4,204,GEMM(9,6,1),1777924324118385408,1777924324160198400,1777924324118382336
0,4,205,GEMM(10,6,1),1777924324160205568,1777924324200901376,1777924324160201472
0,4,206,GEMM(11,6,1),1777924324200908544,1777924324242216704,1777924324200905472
0,4,207,GEMM(12,6,1),1777924324242222848,1777924324281760512,1777924324242218752
0,4,208,GEMM(13,6,1),1777924324281767680,1777924324323700480,1777924324281763584
0,4,209,GEMM(14,6,1),1777924324323707648,1777924324364453632,1777924324323704576
0,4,210,GEMM(15,6,1),1777924324364460800,1777924324405434112,1777924324364457728
0,4,220,SYRK(8,8,1),1777924324405440256,1777924324423879424,1777924324405437184
0,4,221,GEMM(9,8,1),1777924324423886592,1777924324462497536,1777924324423883520
0,4,222,GEMM(10,8,1),1777924324462504704,1777924324500055808,1777924324462501632
0,4,223,GEMM(11,8,1),1777924324500062976,1777924324537805568,1777924324500058880
0,4,224,GEMM(12,8,1),1777924324537812736,1777924324573941504,1777924324537808640
0,4,225,GEMM(13,8,1),1777924324573948672,1777924324612435712,1777924324573944576
0,4,226,GEMM(14,8,1),1777924324612442880,1777924324650059520,1777924324612438784
0,4,227,GEMM(15,8,1),1777924324650066688,1777924324688146176,1777924324650063616
0,4,235,SYRK(10,10,1),1777924324688152320,1777924324708717312,1777924324688149248
0,4,236,GEMM(11,10,1),1777924324708723456,1777924324750076672,1777924324708719360
0,4,237,GEMM(12,10,1),1777924324750083840,1777924324789591808,1777924324750079744
0,4,238,GEMM(13,10,1),1777924324789598976,1777924324831552256,1777924324789594880
0,4,239,GEMM(14,10,1),1777924324831559424,1777924324872288000,1777924324831555328
0,4,240,GEMM(15,10,1),1777924324872295168,1777924324913299200,1777924324872292096
0,4,246,SYRK(12,12,1),1777924324913305344,1777924324932341504,1777924324913302272
0,4,247,GEMM(13,12,1),1777924324932348672,1777924324972305152,1777924324932345600
0,4,248,GEMM(14,12,1),1777924324972312320,1777924325010970368,1777924324972309248
0,4,249,GEMM(15,12,1),1777924325010976512,1777924325049782016,1777924325010973440
0,4,253,SYRK(14,14,1),1777924325049788160,1777924325070283520,1777924325049785088
0,4,254,GEMM(15,14,1),1777924325070290688,1777924325111261952,1777924325070286592
0,4,256,POTRF(2),1777924325111265024,1777924325116404480,0
0,4,257,TRSM(3,2),1777924325116406528,1777924325126286080,0
0,4,258,TRSM(4,2),1777924325126292224,1777924325136166656,0
0,4,259,TRSM(5,2),1777924325136173824,1777924325146055424,0
0,4,260,TRSM(6,2),1777924325146063616,1777924325155945216,0
0,4,261,TRSM(7,2),1777924325155951360,1777924325165830912,0
0,4,262,TRSM(8,2),1777924325165838080,1777924325175705344,0
0,4,263,TRSM(9,2),1777924325175712512,1777924325185595136,0
0,4,264,TRSM(10,2),1777924325185603328,1777924325195485952,0
0,4,265,TRSM(11,2),1777924325195493120,1777924325205376768,0
0,4,266,TRSM(12,2),1777924325205383936,1777924325215262464,0
0,4,267,TRSM(13,2),1777924325215269632,1777924325225155328,0
0,4,268,TRSM(14,2),1777924325225162496,1777924325235057408,0
0,4,269,TRSM(15,2),1777924325235063552,1777924325244980992,0
0,4,283,SYRK(4,4,2),1777924325244989184,1777924325250817792,0
0,4,284,GEMM(5,4,2),1777924325250820864,1777924325261020928,0
0,4,285,GEMM(6,4,2),1777924325261024000,1777924325271219968,0
0,4,286,GEMM(7,4,2),1777924325271223040,1777924325281419008,0
0,4,287,GEMM(8,4,2),1777924325281422080,1777924325291612928,0
0,4,288,GEMM(9,4,2),1777924325291617024,1777924325301816064,0
0,4,289,GEMM(10,4,2),1777924325301819136,1777924325312012032,0
0,4,290,GEMM(11,4,2),1777924325312015104,1777924325322213120,0
0,4,291,GEMM(12,4,2),1777924325322216192,1777924325332408064,0
0,4,292,GEMM(13,4,2),1777924325332411136,1777924325342585600,0
0,4,293,GEMM(14,4,2),1777924325342588672,1777924325352761088,0
0,4,294,GEMM(15,4,2),1777924325352764160,1777924325362937600,0
0,4,306,SYRK(6,6,2),1777924325362940672,1777924325368753920,0
0,4,307,GEMM(7,6,2),1777924325368756992,1777924325378928384,0
0,4,308,GEMM(8,6,2),1777924325378931456,1777924325389103872,0
0,4,309,GEMM(9,6,2),1777924325389107968,1777924325399280384,0
0,4,310,GEMM(10,6,2),1777924325399283456,1777924325409451776,0
0,4,311,GEMM(11,6,2),1777924325409454848,1777924325419625216,0
0,4,312,GEMM(12,6,2),1777924325419628288,1777924325429798656,0
0,4,313,GEMM(13,6,2),1777924325429801728,1777924325439972096,0
0,4,314,GEMM(14,6,2),1777924325439976192,1777924325450146560,0
0,4,315,GEMM(15,6,2),1777924325450149632,1777924325460321024,0
0,4,325,SYRK(8,8,2),1777924325460324096,1777924325466136320,0
0,4,326,GEMM(9,8,2),1777924325466139392,1777924325476309760,0
0,4,327,GEMM(10,8,2),1777924325476312832,1777924325486485248,0
0,4,328,GEMM(11,8,2),1777924325486488320,1777924325496657664,0
0,4,329,GEMM(12,8,2),1777924325496660736,1777924325506830080,0
0,4,330,GEMM(13,8,2),1777924325506833152,1777924325517001472,0
0,4,331,GEMM(14,8,2),1777924325517004544,1777924325527175936,0
0,4,332,GEMM(15,8,2),1777924325527179008,1777924325537352448,0
0,4,340,SYRK(10,10,2),1777924325537355520,1777924325543169792,0
0,4,341,GEMM(11,10,2),1777924325543172864,1777924325553342208,0
0,4,342,GEMM(12,10,2),1777924325553345280,1777924325563515648,0
0,4,343,GEMM(13,10,2),1777924325563518720,1777924325573690112,0
0,4,344,GEMM(14,10,2),1777924325573693184,1777924325583861504,0
0,4,345,GEMM(15,10,2),1777924325583864576,1777924325594039040,0
0,4,351,SYRK(12,12,2),1777924325594042112,1777924325599858432,0
0,4,352,GEMM(13,12,2),1777924325599862528,1777924325610033920,0
0,4,353,GEMM(14,12,2),1777924325610036992,1777924325620208384,0
0,4,354,GEMM(15,12,2),1777924325620211456,1777924325630381824,0
0,4,358,SYRK(14,14,2),1777924325630384896,1777924325636198144,0
0,4,359,GEMM(15,14,2),1777924325636201216,1777924325646372608,0
0,4,374,SYRK(4,4,3),1777924327008272128,1777924327027361536,1777924325646376704
0,4,375,GEMM(5,4,3),1777924327027368704,1777924327067320064,1777924327027364608
0,4,376,GEMM(6,4,3),1777924327067326208,1777924327106144000,1777924327067322112
0,4,377,GEMM(7,4,3),1777924327106151168,1777924327145025280,1777924327106148096
0,4,378,GEMM(8,4,3),1777924327145031424,1777924327181833984,1777924327145028352
0,4,379,GEMM(9,4,3),1777924327181841152,1777924327221525248,1777924327181838080
0,4,380,GEMM(10,4,3),1777924327221533440,1777924327260232448,1777924327221529344
0,4,381,GEMM(11,4,3),1777924327260239616,1777924327299731200,1777924327260235520
0,4,382,GEMM(12,4,3),1777924327299738368,1777924327337542400,1777924327299734272
0,4,383,GEMM(13,4,3),1777924327337549568,1777924327377501952,1777924327337545472
0,4,384,GEMM(14,4,3),1777924327377509120,1777924327416184576,1777924327377506048
0,4,385,GEMM(15,4,3),1777924327416191744,1777924327455020800,1777924327416187648
0,4,397,SYRK(6,6,3),1777924327455026944,1777924327475516160,1777924327455023872
0,4,398,GEMM(7,6,3),1777924327475523328,1777924327516475136,1777924327475520256
0,4,399,GEMM(8,6,3),1777924327516482304,1777924327555490560,1777924327516479232
0,4,400,GEMM(9,6,3),1777924327555497728,1777924327597259520,1777924327555494656
0,4,401,GEMM(10,6,3),1777924327597266688,1777924327637950208,1777924327597262592
0,4,402,GEMM(11,6,3),1777924327637956352,1777924327679314688,1777924327637953280
0,4,403,GEMM(12,6,3),1777924327679321856,1777924327718813440,1777924327679317760
0,4,404,GEMM(13,6,3),1777924327718819584,1777924327760779008,1777924327718816512
0,4,405,GEMM(14,6,3),1777924327760786176,1777924327801476864,1777924327760782080
0,4,406,GEMM(15,6,3),1777924327801484032,1777924327842471680,1777924327801479936
0,4,416,SYRK(8,8,3),1777924327842477824,1777924327860993792,1777924327842474752
0,4,417,GEMM(9,8,3),1777924327861000960,1777924327899570944,1777924327860996864
0,4,418,GEMM(10,8,3),1777924327899578112,1777924327937187584,1777924327899574016
0,4,419,GEMM(11,8,3),1777924327937194752,1777924327974984448,1777924327937190656
0,4,420,GEMM(12,8,3),1777924327974992640,1777924328011087616,1777924327974988544
0,4,421,GEMM(13,8,3),1777924328011094784,1777924328049585920,1777924328011091712
0,4,422,GEMM(14,8,3),1777924328049593088,1777924328087272192,1777924328049590016
0,4,423,GEMM(15,8,3),1777924328087279360,1777924328125286144,1777924328087276288
0,4,431,SYRK(10,10,3),1777924328125291264,1777924328145885952,1777924328125288192
0,4,432,GEMM(11,10,3),1777924328145893120,1777924328187263744,1777924328145889024
0,4,433,GEMM(12,10,3),1777924328187270912,1777924328226737920,1777924328187267840
0,4,434,GEMM(13,10,3),1777924328226746112,1777924328268680960,1777924328226742016
0,4,435,GEMM(14,10,3),1777924328268688128,1777924328309365504,1777924328268685056
0,4,436,GEMM(15,10,3),1777924328309372672,1777924328350338816,1777924328309368576
0,4,442,SYRK(12,12,3),1777924328350344960,1777924328369427200,1777924328350341888
0,4,443,GEMM(13,12,3),1777924328369434368,1777924328409381632,1777924328369431296
0,4,444,GEMM(14,12,3),1777924328409388800,1777924328448096000,1777924328409385728
0,4,445,GEMM(15,12,3),1777924328448103168,1777924328486897408,1777924328448099072
0,4,449,SYRK(14,14,3),1777924328486904576,1777924328507398912,1777924328486901504
0,4,450,GEMM(15,14,3),1777924328507406080,1777924328548365056,1777924328507403008
0,4,452,POTRF(4),1777924328548368128,1777924328553507584,0
0,4,453,TRSM(5,4),1777924328553508608,1777924328563387136,0
0,4,454,TRSM(6,4),1777924328563393280,1777924328573267712,0
0,4,455,TRSM(7,4),1777924328573275904,1777924328583156480,0
0,4,456,TRSM(8,4),1777924328583163648,1777924328593024768,0
0,4,457,TRSM(9,4),1777924328593032960,1777924328602915584,0
0,4,458,TRSM(10,4),1777924328602922752,1777924328612803328,0
0,4,459,TRSM(11,4),1777924328612809472,1777924328622693120,0
0,4,460,TRSM(12,4),1777924328622700288,1777924328632595200,0
0,4,461,TRSM(13,4),1777924328632602368,1777924328642522880,0
0,4,462,TRSM(14,4),1777924328642530048,1777924328652447488,0
0,4,463,TRSM(15,4),1777924328652454656,1777924328662373120,0
0,4,475,SYRK(6,6,4),1777924328662381312,1777924328668208896,0
0,4,476,GEMM(7,6,4),1777924328668211968,1777924328678408960,0
0,4,477,GEMM(8,6,4),1777924328678412032,1777924328688609024,0
0,4,478,GEMM(9,6,4),1777924328688613120,1777924328698809088,0
0,4,479,GEMM(10,6,4),1777924328698813184,1777924328709007104,0
0,4,480,GEMM(11,6,4),1777924328709010176,1777924328719212288,0
0,4,481,GEMM(12,6,4),1777924328719215360,1777924328729414400,0
0,4,482,GEMM(13,6,4),1777924328729417472,1777924328739588864,0
0,4,483,GEMM(14,6,4),1777924328739591936,1777924328749762304,0
0,4,484,GEMM(15,6,4),1777924328749765376,1777924328759935744,0
0,4,494,SYRK(8,8,4),1777924328759938816,1777924328765750016,0
0,4,495,GEMM(9,8,4),1777924328765753088,1777924328775924480,0
0,4,496,GEMM(10,8,4),1777924328775927552,1777924328786096896,0
0,4,497,GEMM(11,8,4),1777924328786099968,1777924328796270336,0
0,4,498,GEMM(12,8,4),1777924328796273408,1777924328806441728,0
0,4,499,GEMM(13,8,4),1777924328806444800,1777924328816616192,0
0,4,500,GEMM(14,8,4),1777924328816620288,1777924328826791680,0
0,4,501,GEMM(15,8,4),1777924328826794752,1777924328836967168,0
0,4,509,SYRK(10,10,4),1777924328836970240,1777924328842782464,0
0,4,510,GEMM(11,10,4),1777924328842785536,1777924328852955904,0
0,4,511,GEMM(12,10,4),1777924328852958976,1777924328863128320,0
0,4,512,GEMM(13,10,4),1777924328863131392,1777924328873300736,0
0,4,513,GEMM(14,10,4),1777924328873303808,1777924328883471104,0
0,4,514,GEMM(15,10,4),1777924328883474176,1777924328893641472,0
0,4,520,SYRK(12,12,4),1777924328893645568,1777924328899456768,0
0,4,521,GEMM(13,12,4),1777924328899459840,1777924328909628160,0
0,4,522,GEMM(14,12,4),1777924328909632256,1777924328919801600,0
0,4,523,GEMM(15,12,4),1777924328919804672,1777924328929978112,0
0,4,527,SYRK(14,14,4),1777924328929981184,1777924328935794432,0
0,4,528,GEMM(15,14,4),1777924328935797504,1777924328945966848,0
0,4,541,SYRK(6,6,5),1777924329935128320,1777924329955615488,1777924328945969920
0,4,542,GEMM(7,6,5),1777924329955622656,1777924329996655360,1777924329955619584
0,4,543,GEMM(8,6,5),1777924329996662528,1777924330035790592,1777924329996658432
0,4,544,GEMM(9,6,5),1777924330035797760,1777924330077642496,1777924330035794688
0,4,545,GEMM(10,6,5),1777924330077649664,1777924330118406912,1777924330077645568
0,4,546,GEMM(11,6,5),1777924330118414080,1777924330159742720,1777924330118409984
0,4,547,GEMM(12,6,5),1777924330159749888,1777924330199216896,1777924330159745792
0,4,548,GEMM(13,6,5),1777924330199223040,1777924330241171200,1777924330199219968
0,4,549,GEMM(14,6,5),1777924330241178368,1777924330281885440,1777924330241174272
0,4,550,GEMM(15,6,5),1777924330281892608,1777924330322902784,1777924330281888512
0,4,560,SYRK(8,8,5),1777924330322908928,1777924330341353216,1777924330322905856
0,4,561,GEMM(9,8,5),1777924330341360384,1777924330379943680,1777924330341357312
0,4,562,GEMM(10,8,5),1777924330379950848,1777924330417549056,1777924330379946752
0,4,563,GEMM(11,8,5),1777924330417556224,1777924330455355136,1777924330417552128
0,4,564,GEMM(12,8,5),1777924330455362304,1777924330491531008,1777924330455359232
0,4,565,GEMM(13,8,5),1777924330491538176,1777924330530019072,1777924330491535104
0,4,566,GEMM(14,8,5),1777924330530026240,1777924330567643904,1777924330530022144
0,4,567,GEMM(15,8,5),1777924330567651072,1777924330605702912,1777924330567646976
0,4,575,SYRK(10,10,5),1777924330605709056,1777924330626255616,1777924330605705984
0,4,576,GEMM(11,10,5),1777924330626262784,1777924330667561728,1777924330626259712
0,4,577,GEMM(12,10,5),1777924330667567872,1777924330707053312,1777924330667564800
0,4,578,GEMM(13,10,5),1777924330707060480,1777924330749013760,1777924330707056384
0,4,579,GEMM(14,10,5),1777924330749020928,1777924330789689088,1777924330749016832
0,4,580,GEMM(15,10,5),1777924330789696256,1777924330830678784,1777924330789692160
0,4,586,SYRK(12,12,5),1777924330830684928,1777924330849762048,1777924330830681856
0,4,587,GEMM(13,12,5),1777924330849768192,1777924330889643776,1777924330849765120
0,4,588,GEMM(14,12,5),1777924330889650944,1777924330928372480,1777924330889646848
0,4,589,GEMM(15,12,5),1777924330928379648,1777924330967192320,1777924330928376576
0,4,593,SYRK(14,14,5),1777924330967199488,1777924330987750144,1777924330967195392
0,4,594,GEMM(15,14,5),1777924330987757312,1777924331028720384,1777924330987753216
0,4,596,POTRF(6),1777924331028723456,1777924331033861888,0
0,4,597,TRSM(7,6),1777924331033862912,1777924331043742464,0
0,4,598,TRSM(8,6),1777924331043747584,1777924331053604608,0
0,4,599,TRSM(9,6),1777924331053614848,1777924331063496448,0
0,4,600,TRSM(10,6),1777924331063503616,1777924331073385216,0
0,4,601,TRSM(11,6),1777924331073393408,1777924331083277056,0
0,4,602,TRSM(12,6),1777924331083285248,1777924331093164800,0
0,4,603,TRSM(13,6),1777924331093172992,1777924331103058688,0
0,4,604,TRSM(14,6),1777924331103065856,1777924331112947456,0
0,4,605,TRSM(15,6),1777924331112954624,1777924331122839296,0
0,4,615,SYRK(8,8,6),1777924331122848512,1777924331128656640,0
0,4,616,GEMM(9,8,6),1777924331128659712,1777924331138854656,0
0,4,617,GEMM(10,8,6),1777924331138858752,1777924331149054720,0
0,4,618,GEMM(11,8,6),1777924331149058816,1777924331159251712,0
0,4,619,GEMM(12,8,6),1777924331159255808,1777924331169446656,0
0,4,620,GEMM(13,8,6),1777924331169450752,1777924331179646720,0
0,4,621,GEMM(14,8,6),1777924331179649792,1777924331189844736,0
0,4,622,GEMM(15,8,6),1777924331189848832,1777924331200042752,0
0,4,630,SYRK(10,10,6),1777924331200045824,1777924331205872384,0
0,4,631,GEMM(11,10,6),1777924331205876480,1777924331216069376,0
0,4,632,GEMM(12,10,6),1777924331216072448,1777924331226261248,0
0,4,633,GEMM(13,10,6),1777924331226264320,1777924331236441856,0
0,4,634,GEMM(14,10,6),1777924331236444928,1777924331246616320,0
0,4,635,GEMM(15,10,6),1777924331246619392,1777924331256790784,0
0,4,641,SYRK(12,12,6),1777924331256793856,1777924331262608128,0
0,4,642,GEMM(13,12,6),1777924331262610176,1777924331272779520,0
0,4,643,GEMM(14,12,6),1777924331272782592,1777924331282952960,0
0,4,644,GEMM(15,12,6),1777924331282957056,1777924331293127424,0
0,4,648,SYRK(14,14,6),1777924331293130496,1777924331298942720,0
0,4,649,GEMM(15,14,6),1777924331298946816,1777924331309117184,0
0,4,660,SYRK(8,8,7),1777924331978116864,1777924331996531456,1777924331309120256
0,4,661,GEMM(9,8,7),1777924331996538624,1777924332035138304,1777924331996534528
0,4,662,GEMM(10,8,7),1777924332035145472,1777924332072783616,1777924332035142400
0,4,663,GEMM(11,8,7),1777924332072790784,1777924332110544640,1777924332072787712
0,4,664,GEMM(12,8,7),1777924332110551808,1777924332146730752,1777924332110548736
0,4,665,GEMM(13,8,7),1777924332146737920,1777924332185244416,1777924332146734848
0,4,666,GEMM(14,8,7),1777924332185251584,1777924332222895872,1777924332185248512
0,4,667,GEMM(15,8,7),1777924332222903040,1777924332260952832,1777924332222899968
0,4,675,SYRK(10,10,7),1777924332260960000,1777924332281419520,1777924332260956928
0,4,676,GEMM(11,10,7),1777924332281426688,1777924332322799360,1777924332281423616
0,4,677,GEMM(12,10,7),1777924332322806528,1777924332362294016,1777924332322803456
0,4,678,GEMM(13,10,7),1777924332362301184,1777924332404189952,1777924332362298112
0,4,679,GEMM(14,10,7),1777924332404197120,1777924332444937984,1777924332404193024
0,4,680,GEMM(15,10,7),1777924332444945152,1777924332485913344,1777924332444941056
0,4,686,SYRK(12,12,7),1777924332485919488,1777924332504997632,1777924332485916416
0,4,687,GEMM(13,12,7),1777924332505004800,1777924332544921344,1777924332505000704
0,4,688,GEMM(14,12,7),1777924332544928512,1777924332583607040,1777924332544925440
0,4,689,GEMM(15,12,7),1777924332583614208,1777924332622427904,1777924332583610112
0,4,693,SYRK(14,14,7),1777924332622433024,1777924332642908928,1777924332622429952
0,4,694,GEMM(15,14,7),1777924332642916096,1777924332683906816,1777924332642912000
0,4,696,POTRF(8),1777924332683910912,1777924332689049344,0
0,4,697,TRSM(9,8),1777924332689050368,1777924332698926848,0
0,4,698,TRSM(10,8),1777924332698932992,1777924332708806400,0
0,4,699,TRSM(11,8),1777924332708814592,1777924332718693120,0
0,4,700,TRSM(12,8),1777924332718701312,1777924332728580864,0
0,4,701,TRSM(13,8),1777924332728588032,1777924332738502400,0
0,4,702,TRSM(14,8),1777924332738509568,1777924332748417792,0
0,4,703,TRSM(15,8),1777924332748424960,1777924332758339328,0
0,4,711,SYRK(10,10,8),1777924332758348544,1777924332764179200,0
0,4,712,GEMM(11,10,8),1777924332764182272,1777924332774382336,0
0,4,713,GEMM(12,10,8),1777924332774385408,1777924332784577280,0
0,4,714,GEMM(13,10,8),1777924332784580352,1777924332794777344,0
0,4,715,GEMM(14,10,8),1777924332794781440,1777924332804982528,0
0,4,716,GEMM(15,10,8),1777924332804985600,1777924332815181568,0
0,4,722,SYRK(12,12,8),1777924332815184640,1777924332821010176,0
0,4,723,GEMM(13,12,8),1777924332821014272,1777924332831198976,0
0,4,724,GEMM(14,12,8),1777924332831202048,1777924332841372416,0
0,4,725,GEMM(15,12,8),1777924332841375488,1777924332851543808,0
0,4,729,SYRK(14,14,8),1777924332851547904,1777924332857360128,0
0,4,730,GEMM(15,14,8),1777924332857363200,1777924332867533568,0
0,4,739,SYRK(10,10,9),1777924333293187840,1777924333313744640,1777924332867537664
0,4,740,GEMM(11,10,9),1777924333313751808,1777924333355198208,1777924333313748736
0,4,741,GEMM(12,10,9),1777924333355205376,1777924333394675456,1777924333355201280
0,4,742,GEMM(13,10,9),1777924333394682624,1777924333436617472,1777924333394678528
0,4,743,GEMM(14,10,9),1777924333436625664,1777924333477321472,1777924333436621568
0,4,744,GEMM(15,10,9),1777924333477328640,1777924333518311168,1777924333477324544
0,4,750,SYRK(12,12,9),1777924333518317312,1777924333537391360,1777924333518314240
0,4,751,GEMM(13,12,9),1777924333537398528,1777924333577329408,1777924333537395456
0,4,752,GEMM(14,12,9),1777924333577336576,1777924333616003840,1777924333577332480
0,4,753,GEMM(15,12,9),1777924333616011008,1777924333654828800,1777924333616006912
0,4,757,SYRK(14,14,9),1777924333654834944,1777924333675336448,1777924333654831872
0,4,758,GEMM(15,14,9),1777924333675343616,1777924333716264704,1777924333675340544
0,4,760,POTRF(10),1777924333716267776,1777924333721406208,0
0,4,761,TRSM(11,10),1777924333721407232,1777924333731284736,0
0,4,762,TRSM(12,10),1777924333731290880,1777924333741169408,0
0,4,763,TRSM(13,10),1777924333741175552,1777924333751055104,0
0,4,764,TRSM(14,10),1777924333751062272,1777924333760941824,0
0,4,765,TRSM(15,10),1777924333760948992,1777924333770830592,0
0,4,771,SYRK(12,12,10),1777924333770838784,1777924333776645888,0
0,4,772,GEMM(13,12,10),1777924333776648960,1777924333786807040,0
0,4,773,GEMM(14,12,10),1777924333786810112,1777924333796968192,0
0,4,774,GEMM(15,12,10),1777924333796971264,1777924333807128320,0
0,4,778,SYRK(14,14,10),1777924333807131392,1777924333812938496,0
0,4,779,GEMM(15,14,10),1777924333812941568,1777924333823098624,0
0,4,786,SYRK(12,12,11),1777924334055436032,1777924334074458880,1777924333823101696
0,4,787,GEMM(13,12,11),1777924334074466048,1777924334114361088,1777924334074462976
0,4,788,GEMM(14,12,11),1777924334114368256,1777924334153111296,1777924334114364160
0,4,789,GEMM(15,12,11),1777924334153118464,1777924334191938304,1777924334153114368
0,4,793,SYRK(14,14,11),1777924334191945472,1777924334212377344,1777924334191942400
0,4,794,GEMM(15,14,11),1777924334212384512,1777924334253390592,1777924334212380416
0,4,796,POTRF(12),1777924334253393664,1777924334258532096,0
0,4,797,TRSM(13,12),1777924334258534144,1777924334268406528,0
0,4,798,TRSM(14,12),1777924334268412672,1777924334278281984,0
0,4,799,TRSM(15,12),1777924334278291200,1777924334288163584,0
0,4,803,SYRK(14,14,12),1777924334288172800,1777924334293979904,0
0,4,804,GEMM(15,14,12),1777924334293982976,1777924334304141056,0
0,4,809,SYRK(14,14,13),1777924334408560384,1777924334429143808,1777924334304144128
0,4,810,GEMM(15,14,13),1777924334429150976,1777924334470102784,1777924334429146880
0,4,812,POTRF(14),1777924334470106880,1777924334475248384,0
0,4,813,TRSM(15,14),1777924334475250432,1777924334485102336,0
