pe,run,task_id,op_name,start_ts,end_ts,wait_start_ts
1,0,16,SYRK(1,1,0),1777921907172475904,1777921908441707520,1777921906578953216
1,0,17,GEMM(2,1,0),1777921907339413504,1777921912373036032,1777921906578959360
1,0,18,GEMM(3,1,0),1777921907339334656,1777921912373036032,1777921906578965504
1,0,19,GEMM(4,1,0),1777921907504503808,1777921912373037056,1777921906578971648
1,0,20,GEMM(5,1,0),1777921907504504832,1777921912373039104,1777921906578974720
1,0,21,GEMM(6,1,0),1777921907504528384,1777921912373038080,1777921906578981888
1,0,22,GEMM(7,1,0),1777921907504503808,1777921912373038080,1777921906578989056
1,0,23,GEMM(8,1,0),1777921907504527360,1777921916839025664,1777921906578994176
1,0,24,GEMM(9,1,0),1777921912373267456,1777921916839025664,1777921906578998272
1,0,25,GEMM(10,1,0),1777921912373288960,1777921916839026688,1777921906579002368
1,0,26,GEMM(11,1,0),1777921912373267456,1777921916839025664,1777921906579006464
1,0,27,GEMM(12,1,0),1777921912373267456,1777921916839031808,1777921906579010560
1,0,28,GEMM(13,1,0),1777921912373278720,1777921916839101440,1777921906579014656
1,0,29,GEMM(14,1,0),1777921912373276672,1777921916839026688,1777921906579018752
1,0,30,GEMM(15,1,0),1777921912373350400,1777921916839026688,1777921906579025920
1,0,45,SYRK(3,3,0),1777921907339303936,1777921912373036032,1777921906579030016
1,0,46,GEMM(4,3,0),1777921907339374592,1777921912373036032,1777921906579034112
1,0,47,GEMM(5,3,0),1777921907504518144,1777921912373038080,1777921906579039232
1,0,48,GEMM(6,3,0),1777921907504505856,1777921912373037056,1777921906579043328
1,0,49,GEMM(7,3,0),1777921907504504832,1777921912373039104,1777921906579050496
1,0,50,GEMM(8,3,0),1777921907504505856,1777921912373039104,1777921906579055616
1,0,51,GEMM(9,3,0),1777921912373267456,1777921916839054336,1777921906579061760
1,0,52,GEMM(10,3,0),1777921912373276672,1777921916839056384,1777921906579064832
1,0,53,GEMM(11,3,0),1777921912373276672,1777921916839026688,1777921906579069952
1,0,54,GEMM(12,3,0),1777921912373129216,1777921916839025664,1777921906579077120
1,0,55,GEMM(13,3,0),1777921912373402624,1777921919070875648,1777921906579087360
1,0,56,GEMM(14,3,0),1777921912373267456,1777921916839030784,1777921906579093504
1,0,57,GEMM(15,3,0),1777921912373267456,1777921916839149568,1777921906579098624
1,0,70,SYRK(5,5,0),1777921907504504832,1777921912373039104,1777921906579105792
1,0,71,GEMM(6,5,0),1777921907504527360,1777921912373143552,1777921906579109888
1,0,72,GEMM(7,5,0),1777921907504516096,1777921912373037056,1777921906579113984
1,0,73,GEMM(8,5,0),1777921907504503808,1777921912373036032,1777921906579118080
1,0,74,GEMM(9,5,0),1777921916839291904,1777921919070841856,1777921912373036032
1,0,75,GEMM(10,5,0),1777921916839289856,1777921919070841856,1777921912373406720
1,0,76,GEMM(11,5,0),1777921916839298048,1777921919070842880,1777921912373332992
1,0,77,GEMM(12,5,0),1777921916839288832,1777921919070878720,1777921912373312512
1,0,78,GEMM(13,5,0),1777921916839289856,1777921919543641088,1777921912373292032
1,0,79,GEMM(14,5,0),1777921916839291904,1777921919070841856,1777921912373311488
1,0,80,GEMM(15,5,0),1777921916839289856,1777921919070841856,1777921912373390336
1,0,91,SYRK(7,7,0),1777921919543291904,1777921926267950080,1777921916839407616
1,0,92,GEMM(8,7,0),1777921919071157248,1777921919543641088,1777921916839162880
1,0,93,GEMM(9,7,0),1777921919869489152,1777921926270977024,1777921916839379968
1,0,94,GEMM(10,7,0),1777921919543641088,1777921926267955200,1777921916839300096
1,0,95,GEMM(11,7,0),1777921919869477888,1777921926270978048,1777921916839504896
1,0,96,GEMM(12,7,0),1777921919543641088,1777921926267950080,1777921916839411712
1,0,97,GEMM(13,7,0),1777921920200322048,1777921926270979072,1777921916839370752
1,0,98,GEMM(14,7,0),1777921919543642112,1777921926267951104,1777921916839365632
1,0,99,GEMM(15,7,0),1777921919543641088,1777921926267950080,1777921916839408640
1,0,108,SYRK(9,9,0),1777921919071167488,1777921922726651904,1777921916839166976
1,0,109,GEMM(10,9,0),1777921920200321024,1777921926270978048,1777921916839370752
1,0,110,GEMM(11,9,0),1777921919543641088,1777921926268004352,1777921916839321600
1,0,111,GEMM(12,9,0),1777921919869503488,1777921926270978048,1777921916839424000
1,0,112,GEMM(13,9,0),1777921919869477888,1777921926270978048,1777921916839411712
1,0,113,GEMM(14,9,0),1777921920200321024,1777921926270979072,1777921916839370752
1,0,114,GEMM(15,9,0),1777921919543642112,1777921926270977024,1777921916839369728
1,0,121,SYRK(11,11,0),1777921919543284736,1777921922727056384,1777921916839331840
1,0,122,GEMM(12,11,0),1777921919543641088,1777921926268004352,1777921916839331840
1,0,123,GEMM(13,11,0),1777921920200344576,1777921926270978048,1777921919071182848
1,0,124,GEMM(14,11,0),1777921919543642112,1777921926267950080,1777921916839322624
1,0,125,GEMM(15,11,0),1777921920200334336,1777921926271269888,1777921916839464960
1,0,130,SYRK(13,13,0),1777921919543291904,1777921924333543424,1777921916839411712
1,0,131,GEMM(14,13,0),1777921920200321024,1777921926270978048,1777921916839371776
1,0,132,GEMM(15,13,0),1777921919869476864,1777921926270977024,1777921916839370752
1,0,135,SYRK(15,15,0),1777921919543284736,1777921924333496320,1777921916839329792
1,0,136,POTRF(1),1777921919071283200,1777921926270978048,0
1,0,137,TRSM(2,1),1777921919071184896,1777921927076610048,0
1,0,138,TRSM(3,1),1777921919071203328,1777921927072949248,0
1,0,139,TRSM(4,1),1777921919071193088,1777921927073338368,0
1,0,140,TRSM(5,1),1777921920200321024,1777921927080511488,0
1,0,141,TRSM(6,1),1777921919070986240,1777921927065900032,0
1,0,142,TRSM(7,1),1777921919071169536,1777921927065900032,0
1,0,143,TRSM(8,1),1777921926270978048,1777921927084593152,0
1,0,144,TRSM(9,1),1777921922721730560,1777921927080511488,0
1,0,145,TRSM(10,1),1777921926562088960,1777921930021203968,0
1,0,146,TRSM(11,1),1777921926536933376,1777921929080811520,0
1,0,147,TRSM(12,1),1777921926549756928,1777921929316568064,0
1,0,148,TRSM(13,1),1777921926575355904,1777921930178107392,0
1,0,149,TRSM(14,1),1777921926512123904,1777921929158868992,0
1,0,150,TRSM(15,1),1777921926524449792,1777921929314822144,0
1,0,165,SYRK(3,3,1),1777921926600480768,1777921927037734912,0
1,0,166,GEMM(4,3,1),1777921926587926528,1777921927036791808,0
1,0,167,GEMM(5,3,1),1777921928624056320,1777921929070645248,0
1,0,168,GEMM(6,3,1),1777921927644702720,1777921928376263680,0
1,0,169,GEMM(7,3,1),1777921928140173312,1777921928624398336,0
1,0,170,GEMM(8,3,1),1777921928636134400,1777921929071178752,0
1,0,171,GEMM(9,3,1),1777921927632035840,1777921928127491072,0
1,0,172,GEMM(10,3,1),1777921927892788224,1777921928611911680,0
1,0,173,GEMM(11,3,1),1777921926600481792,1777921927037173760,0
1,0,174,GEMM(12,3,1),1777921926587926528,1777921927036791808,0
1,0,175,GEMM(13,3,1),1777921928624056320,1777921929070645248,0
1,0,176,GEMM(14,3,1),1777921927644702720,1777921928376054784,0
1,0,177,GEMM(15,3,1),1777921928140173312,1777921928624398336,0
1,0,190,SYRK(5,5,1),1777921928636134400,1777921929071178752,0
1,0,191,GEMM(6,5,1),1777921927632035840,1777921928127491072,0
1,0,192,GEMM(7,5,1),1777921927892788224,1777921928611911680,0
1,0,193,GEMM(8,5,1),1777921926600481792,1777921927037173760,0
1,0,194,GEMM(9,5,1),1777921926587926528,1777921927037173760,0
1,0,195,GEMM(10,5,1),1777921928624056320,1777921929071178752,0
1,0,196,GEMM(11,5,1),1777921927644702720,1777921928376054784,0
1,0,197,GEMM(12,5,1),1777921928140173312,1777921928636135424,0
1,0,198,GEMM(13,5,1),1777921928636134400,1777921929071512576,0
1,0,199,GEMM(14,5,1),1777921927632035840,1777921928140854272,0
1,0,200,GEMM(15,5,1),1777921927892788224,1777921928624398336,0
1,0,211,SYRK(7,7,1),1777921927283251200,1777921927484884992,0
1,0,212,GEMM(8,7,1),1777921927084592128,1777921927283251200,0
1,0,213,GEMM(9,7,1),1777921930021756928,1777921930256608256,0
1,0,214,GEMM(10,7,1),1777921929080851456,1777921929316568064,0
1,0,215,GEMM(11,7,1),1777921929785902080,1777921930021742592,0
1,0,216,GEMM(12,7,1),1777921930256625664,1777921930454470656,0
1,0,217,GEMM(13,7,1),1777921929316567040,1777921929551841280,0
1,0,218,GEMM(14,7,1),1777921929550413824,1777921930021741568,0
1,0,219,GEMM(15,7,1),1777921927283251200,1777921927484884992,0
1,0,228,SYRK(9,9,1),1777921927084592128,1777921927283251200,0
1,0,229,GEMM(10,9,1),1777921930021758976,1777921930256609280,0
1,0,230,GEMM(11,9,1),1777921929158868992,1777921929316568064,0
1,0,231,GEMM(12,9,1),1777921929785902080,1777921930021742592,0
1,0,232,GEMM(13,9,1),1777921930335010816,1777921930454470656,0
1,0,233,GEMM(14,9,1),1777921929316568064,1777921929551841280,0
1,0,234,GEMM(15,9,1),1777921929550413824,1777921929786606592,0
1,0,241,SYRK(11,11,1),1777921927283251200,1777921927484884992,0
1,0,242,GEMM(12,11,1),1777921927084592128,1777921927484130304,0
1,0,243,GEMM(13,11,1),1777921930099712000,1777921930335011840,0
1,0,244,GEMM(14,11,1),1777921929158868992,1777921929551841280,0
1,0,245,GEMM(15,11,1),1777921929785902080,1777921930178107392,0
1,0,250,SYRK(13,13,1),1777921930335011840,1777921930456790016,0
1,0,251,GEMM(14,13,1),1777921929316568064,1777921929786606592,0
1,0,252,GEMM(15,13,1),1777921929550413824,1777921929786606592,0
1,0,255,SYRK(15,15,1),1777921927283251200,1777921927486386176,0
1,0,270,SYRK(3,3,2),1777921944693562368,1777921949445248000,1777921927084592128
1,0,271,GEMM(4,3,2),1777921944693480448,1777921949445248000,1777921930178106368
1,0,272,GEMM(5,3,2),1777921944693478400,1777921949445248000,1777921929158868992
1,0,273,GEMM(6,3,2),1777921944693467136,1777921949445245952,1777921929785902080
1,0,274,GEMM(7,3,2),1777921944693481472,1777921949445261312,1777921930335011840
1,0,275,GEMM(8,3,2),1777921944693468160,1777921949445273600,1777921929316568064
1,0,276,GEMM(9,3,2),1777921944693482496,1777921949445248000,1777921929550414848
1,0,277,GEMM(10,3,2),1777921944693467136,1777921949445245952,1777921927485256704
1,0,278,GEMM(11,3,2),1777921949445451776,1777921953921259520,1777921927483031552
1,0,279,GEMM(12,3,2),1777921949445462016,1777921953921259520,1777921930256615424
1,0,280,GEMM(13,3,2),1777921949445452800,1777921953921259520,1777921929550413824
1,0,281,GEMM(14,3,2),1777921949445460992,1777921953921259520,1777921930021752832
1,0,282,GEMM(15,3,2),1777921949445452800,1777921953921259520,1777921930454475776
1,0,295,SYRK(5,5,2),1777921944232624128,1777921949445327872,1777921929785902080
1,0,296,GEMM(6,5,2),1777921944693341184,1777921949445270528,1777921930021746688
1,0,297,GEMM(7,5,2),1777921944693466112,1777921949445245952,1777921927485256704
1,0,298,GEMM(8,5,2),1777921944232624128,1777921944693255168,1777921927483031552
1,0,299,GEMM(9,5,2),1777921944693480448,1777921949445248000,1777921930256615424
1,0,300,GEMM(10,5,2),1777921944693482496,1777921949445248000,1777921929550413824
1,0,301,GEMM(11,5,2),1777921949445463040,1777921953921260544,1777921930021753856
1,0,302,GEMM(12,5,2),1777921949445452800,1777921953921259520,1777921930454475776
1,0,303,GEMM(13,5,2),1777921949445538816,1777921955868385280,1777921929785902080
1,0,304,GEMM(14,5,2),1777921949445451776,1777921953921259520,1777921930021748736
1,0,305,GEMM(15,5,2),1777921949445451776,1777921953921258496,1777921927485256704
1,0,316,SYRK(7,7,2),1777921944693473280,1777921949445244928,1777921927484884992
1,0,317,GEMM(8,7,2),1777921944693467136,1777921949445245952,1777921930454469632
1,0,318,GEMM(9,7,2),1777921944693556224,1777921953921258496,1777921929785903104
1,0,319,GEMM(10,7,2),1777921944693478400,1777921949445319680,1777921930256608256
1,0,320,GEMM(11,7,2),1777921949445459968,1777921953921259520,1777921930456796160
1,0,321,GEMM(12,7,2),1777921949445531648,1777921953921272832,1777921930021202944
1,0,322,GEMM(13,7,2),1777921949445335040,1777921953921334272,1777921930021750784
1,0,323,GEMM(14,7,2),1777921949445451776,1777921953921258496,1777921927488287744
1,0,324,GEMM(15,7,2),1777921953921554432,1777921957157018624,1777921949445580800
1,0,333,SYRK(9,9,2),1777921955867964416,1777921957157360640,1777921949445602304
1,0,334,GEMM(10,9,2),1777921953921564672,1777921955868383232,1777921949445473280
1,0,335,GEMM(11,9,2),1777921953921563648,1777921955868386304,1777921949445510144
1,0,336,GEMM(12,9,2),1777921955868382208,1777921958423410688,1777921949772935168
1,0,337,GEMM(13,9,2),1777921955868385280,1777921958113026048,1777921949772923904
1,0,338,GEMM(14,9,2),1777921953921553408,1777921955868378112,1777921949445536768
1,0,339,GEMM(15,9,2),1777921953921552384,1777921955868378112,1777921949445520384
1,0,346,SYRK(11,11,2),1777921957157360640,1777921958761811968,1777921953921649664
1,0,347,GEMM(12,11,2),1777921956508019712,1777921958757430272,1777921953921585152
1,0,348,GEMM(13,11,2),1777921956510691328,1777921958757396480,1777921953921619968
1,0,349,GEMM(14,11,2),1777921957137846272,1777921958759902208,1777921953921399808
1,0,350,GEMM(15,11,2),1777921956510691328,1777921958758595584,1777921953921627136
1,0,355,SYRK(13,13,2),1777921955868181504,1777921957157360640,1777921949772923904
1,0,356,GEMM(14,13,2),1777921955868379136,1777921958113026048,1777921949772923904
1,0,357,GEMM(15,13,2),1777921953921553408,1777921955868378112,1777921949445520384
1,0,360,SYRK(15,15,2),1777921957157360640,1777921958760866816,1777921953921671168
1,0,361,POTRF(3),1777921953921598464,1777921958757396480,0
1,0,362,TRSM(4,3),1777921953921616896,1777921959979468800,0
1,0,363,TRSM(5,3),1777921953921619968,1777921959986904064,0
1,0,364,TRSM(6,3),1777921953921569792,1777921959982771200,0
1,0,365,TRSM(7,3),1777921957155801088,1777921960110768128,0
1,0,366,TRSM(8,3),1777921953921678336,1777921959986684928,0
1,0,367,TRSM(9,3),1777921953921634304,1777921959990227968,0
1,0,368,TRSM(10,3),1777921953921672192,1777921959989842944,0
1,0,369,TRSM(11,3),1777921955868385280,1777921960111924224,0
1,0,370,TRSM(12,3),1777921959000425472,1777921961639355392,0
1,0,371,TRSM(13,3),1777921959038618624,1777921961799603200,0
1,0,372,TRSM(14,3),1777921959013000192,1777921961560436736,0
1,0,373,TRSM(15,3),1777921959273424896,1777921961719394304,0
1,0,386,SYRK(5,5,3),1777921959026282496,1777921959756923904,0
1,0,387,GEMM(6,5,3),1777921959063214080,1777921959956144128,0
1,0,388,GEMM(7,5,3),1777921959050953728,1777921959956144128,0
1,0,389,GEMM(8,5,3),1777921959285697536,1777921959957170176,0
1,0,390,GEMM(9,5,3),1777921960859607040,1777921961058260992,0
1,0,391,GEMM(10,5,3),1777921961083403264,1777921961555786752,0
1,0,392,GEMM(11,5,3),1777921960610981888,1777921960847550464,0
1,0,393,GEMM(12,5,3),1777921961071249408,1777921961555243008,0
1,0,394,GEMM(13,5,3),1777921959026282496,1777921959757382656,0
1,0,395,GEMM(14,5,3),1777921959063214080,1777921959956144128,0
1,0,396,GEMM(15,5,3),1777921959050952704,1777921959954526208,0
1,0,407,SYRK(7,7,3),1777921959285697536,1777921959957170176,0
1,0,408,GEMM(8,7,3),1777921960859607040,1777921961058260992,0
1,0,409,GEMM(9,7,3),1777921961083403264,1777921961556277248,0
1,0,410,GEMM(10,7,3),1777921960610981888,1777921960847551488,0
1,0,411,GEMM(11,7,3),1777921961071249408,1777921961555243008,0
1,0,412,GEMM(12,7,3),1777921959026282496,1777921959756923904,0
1,0,413,GEMM(13,7,3),1777921959063214080,1777921959956668416,0
1,0,414,GEMM(14,7,3),1777921959050952704,1777921959954525184,0
1,0,415,GEMM(15,7,3),1777921959285698560,1777921959957560320,0
1,0,424,SYRK(9,9,3),1777921960859607040,1777921961059280896,0
1,0,425,GEMM(10,9,3),1777921961083403264,1777921961555786752,0
1,0,426,GEMM(11,9,3),1777921960610981888,1777921960860442624,0
1,0,427,GEMM(12,9,3),1777921961071249408,1777921961555786752,0
1,0,428,GEMM(13,9,3),1777921959990226944,1777921960112737280,0
1,0,429,GEMM(14,9,3),1777921960112736256,1777921960427305984,0
1,0,430,GEMM(15,9,3),1777921960112265216,1777921960427305984,0
1,0,437,SYRK(11,11,3),1777921960424834048,1777921960508737536,0
1,0,438,GEMM(12,11,3),1777921961639364608,1777921961719331840,0
1,0,439,GEMM(13,11,3),1777921961799617536,1777921961882180608,0
1,0,440,GEMM(14,11,3),1777921961560668160,1777921961717487616,0
1,0,441,GEMM(15,11,3),1777921961719406592,1777921961879862272,0
1,0,446,SYRK(13,13,3),1777921959990226944,1777921960424835072,0
1,0,447,GEMM(14,13,3),1777921960112737280,1777921960508737536,0
1,0,448,GEMM(15,13,3),1777921960112265216,1777921960427305984,0
1,0,451,SYRK(15,15,3),1777921960424834048,1777921960510314496,0
1,0,464,SYRK(5,5,4),1777921973544326144,1777921982931504128,1777921961716871168
1,0,465,GEMM(6,5,4),1777921973544320000,1777921977852751872,1777921961879861248
1,0,466,GEMM(7,5,4),1777921973544320000,1777921977852751872,1777921961637746688
1,0,467,GEMM(8,5,4),1777921973544235008,1777921977852749824,1777921961799149568
1,0,468,GEMM(9,5,4),1777921973544311808,1777921977852751872,1777921959990226944
1,0,469,GEMM(10,5,4),1777921973544311808,1777921977852751872,1777921960112737280
1,0,470,GEMM(11,5,4),1777921973544311808,1777921977852811264,1777921960112265216
1,0,471,GEMM(12,5,4),1777921977853012992,1777921982931505152,1777921960424834048
1,0,472,GEMM(13,5,4),1777921977852940288,1777921982931537920,1777921961716871168
1,0,473,GEMM(14,5,4),1777921977852997632,1777921982931505152,1777921961879862272
1,0,474,GEMM(15,5,4),1777921977852959744,1777921982936130560,1777921961637747712
1,0,485,SYRK(7,7,4),1777921973544326144,1777921977852752896,1777921961799149568
1,0,486,GEMM(8,7,4),1777921973544314880,1777921977852751872,1777921959990227968
1,0,487,GEMM(9,7,4),1777921973544310784,1777921977852750848,1777921960112737280
1,0,488,GEMM(10,7,4),1777921973544301568,1777921977852768256,1777921960112265216
1,0,489,GEMM(11,7,4),1777921973544318976,1777921977852781568,1777921960424834048
1,0,490,GEMM(12,7,4),1777921977852959744,1777921982931505152,1777921961716871168
1,0,491,GEMM(13,7,4),1777921977852974080,1777921982934337536,1777921961879862272
1,0,492,GEMM(14,7,4),1777921977852939264,1777921982931573760,1777921961637747712
1,0,493,GEMM(15,7,4),1777921977853057024,1777921982952354816,1777921961799150592
1,0,502,SYRK(9,9,4),1777921973384535040,1777921977852758016,1777921960424833024
1,0,503,GEMM(10,9,4),1777921973544320000,1777921977852825600,1777921960508540928
1,0,504,GEMM(11,9,4),1777921973544301568,1777921977852749824,1777921960508540928
1,0,505,GEMM(12,9,4),1777921977852939264,1777921982931505152,1777921960508993536
1,0,506,GEMM(13,9,4),1777921977852940288,1777921982931505152,1777921961719337984
1,0,507,GEMM(14,9,4),1777921977852959744,1777921982931506176,1777921961882185728
1,0,508,GEMM(15,9,4),1777921977852959744,1777921982931505152,1777921961718091776
1,0,515,SYRK(11,11,4),1777921973544320000,1777921977852812288,1777921961879869440
1,0,516,GEMM(12,11,4),1777921977852940288,1777921982931505152,1777921960507233280
1,0,517,GEMM(13,11,4),1777921977852939264,1777921982931504128,1777921960508993536
1,0,518,GEMM(14,11,4),1777921977853004800,1777921982931504128,1777921960508540928
1,0,519,GEMM(15,11,4),1777921977852961792,1777921982931505152,1777921960510816256
1,0,524,SYRK(13,13,4),1777921983759156224,1777921983926308864,1777921982936129536
1,0,525,GEMM(14,13,4),1777921982950293504,1777921983759156224,1777921977853045760
1,0,526,GEMM(15,13,4),1777921982950293504,1777921983759156224,1777921977853048832
1,0,529,SYRK(15,15,4),1777921982950293504,1777921983919720448,1777921977853006848
1,0,530,POTRF(5),1777921977852991488,1777921983759156224,0
1,0,531,TRSM(6,5),1777921977852971008,1777921985539730432,0
1,0,532,TRSM(7,5),1777921977852967936,1777921985539872768,0
1,0,533,TRSM(8,5),1777921982936130560,1777921985541407744,0
1,0,534,TRSM(9,5),1777921982936129536,1777921985541211136,0
1,0,535,TRSM(10,5),1777921982936130560,1777921985541211136,0
1,0,536,TRSM(11,5),1777921982952166400,1777921985542138880,0
1,0,537,TRSM(12,5),1777921977853007872,1777921985540646912,0
1,0,538,TRSM(13,5),1777921982934321152,1777921985541040128,0
1,0,539,TRSM(14,5),1777921984176494592,1777921986510442496,0
1,0,540,TRSM(15,5),1777921984163776512,1777921986508493824,0
1,0,551,SYRK(7,7,5),1777921984672751616,1777921985515660288,0
1,0,552,GEMM(8,7,5),1777921984450680832,1777921985514991616,0
1,0,553,GEMM(9,7,5),1777921984462925824,1777921985515201536,0
1,0,554,GEMM(10,7,5),1777921984685218816,1777921985516193792,0
1,0,555,GEMM(11,7,5),1777921984189726720,1777921984660884480,0
1,0,556,GEMM(12,7,5),1777921984202433536,1777921985118686208,0
1,0,557,GEMM(13,7,5),1777921986006511616,1777921986482154496,0
1,0,558,GEMM(14,7,5),1777921985993010176,1777921986481695744,0
1,0,559,GEMM(15,7,5),1777921984672751616,1777921985515660288,0
1,0,568,SYRK(9,9,5),1777921984450679808,1777921985514991616,0
1,0,569,GEMM(10,9,5),1777921984462925824,1777921985515201536,0
1,0,570,GEMM(11,9,5),1777921984685218816,1777921985516194816,0
1,0,571,GEMM(12,9,5),1777921984189726720,1777921984660884480,0
1,0,572,GEMM(13,9,5),1777921984202433536,1777921985118686208,0
1,0,573,GEMM(14,9,5),1777921986006511616,1777921986482154496,0
1,0,574,GEMM(15,9,5),1777921985993010176,1777921986481095680,0
1,0,581,SYRK(11,11,5),1777921984672752640,1777921985515660288,0
1,0,582,GEMM(12,11,5),1777921984450680832,1777921985515200512,0
1,0,583,GEMM(13,11,5),1777921984462925824,1777921985515660288,0
1,0,584,GEMM(14,11,5),1777921984685218816,1777921985516343296,0
1,0,585,GEMM(15,11,5),1777921984189726720,1777921984672752640,0
1,0,590,SYRK(13,13,5),1777921984202434560,1777921985119293440,0
1,0,591,GEMM(14,13,5),1777921986006511616,1777921986482762752,0
1,0,592,GEMM(15,13,5),1777921985993010176,1777921986481095680,0
1,0,595,SYRK(15,15,5),1777921985541808128,1777921985597930496,0
1,0,606,SYRK(7,7,6),1777921985596114944,1777921985824753664,1777921985541406720
1,0,607,GEMM(8,7,6),1777921997353356288,1777921998900090880,1777921985541406720
1,0,608,GEMM(9,7,6),1777921997353483264,1777921998900090880,1777921985819918336
1,0,609,GEMM(10,7,6),1777921996865272832,1777921998900088832,1777921985540953088
1,0,610,GEMM(11,7,6),1777921998900376576,1777922005416121344,1777921985541311488
1,0,611,GEMM(12,7,6),1777921998900576256,1777922005419175936,1777921986523483136
1,0,612,GEMM(13,7,6),1777921998900375552,1777922005416121344,1777921986509194240
1,0,613,GEMM(14,7,6),1777921998900376576,1777922005416122368,1777921985541808128
1,0,614,GEMM(15,7,6),1777921998900376576,1777922005416121344,1777921985541406720
1,0,623,SYRK(9,9,6),1777921997353477120,1777922005416120320,1777921985541406720
1,0,624,GEMM(10,9,6),1777921997353477120,1777921998900090880,1777921985819918336
1,0,625,GEMM(11,9,6),1777921998900374528,1777922005416120320,1777921985540953088
1,0,626,GEMM(12,9,6),1777921998900375552,1777922005416120320,1777921985541311488
1,0,627,GEMM(13,9,6),1777921998900544512,1777922005419166720,1777921986523483136
1,0,628,GEMM(14,9,6),1777921998900376576,1777922005416121344,1777921986509194240
1,0,629,GEMM(15,9,6),1777921998900546560,1777922005419143168,1777921985541808128
1,0,636,SYRK(11,11,6),1777921998900211712,1777922005416120320,1777921985541407744
1,0,637,GEMM(12,11,6),1777921998900374528,1777922005416120320,1777921985541406720
1,0,638,GEMM(13,11,6),1777921998900376576,1777922005416121344,1777921985819918336
1,0,639,GEMM(14,11,6),1777921998900497408,1777922006009810944,1777921985540953088
1,0,640,GEMM(15,11,6),1777921998900375552,1777922005416121344,1777921985541311488
1,0,645,SYRK(13,13,6),1777921998900375552,1777922005416121344,1777921986523483136
1,0,646,GEMM(14,13,6),1777921998900375552,1777922005416121344,1777921986509194240
1,0,647,GEMM(15,13,6),1777921998900375552,1777922005416121344,1777921985541808128
1,0,650,SYRK(15,15,6),1777921998900374528,1777922005416120320,1777921985541407744
1,0,651,POTRF(7),1777921985541407744,1777921985822644224,0
1,0,652,TRSM(8,7),1777921985819918336,1777921986595866624,0
1,0,653,TRSM(9,7),1777921985540953088,1777921986591238144,0
1,0,654,TRSM(10,7),1777921985541311488,1777921986595563520,0
1,0,655,TRSM(11,7),1777921986523483136,1777921986672998400,0
1,0,656,TRSM(12,7),1777921986509195264,1777921986672094208,0
1,0,657,TRSM(13,7),1777921985822103552,1777921986595816448,0
1,0,658,TRSM(14,7),1777921985825956864,1777921986597710848,0
1,0,659,TRSM(15,7),1777921998900448256,1777922011579341824,0
1,0,668,SYRK(9,9,7),1777921998900421632,1777922005416122368,0
1,0,669,GEMM(10,9,7),1777921998900422656,1777922005419142144,0
1,0,670,GEMM(11,9,7),1777922005419144192,1777922006338754560,0
1,0,671,GEMM(12,9,7),1777922006008871936,1777922006338754560,0
1,0,672,GEMM(13,9,7),1777922005419143168,1777922006009811968,0
1,0,673,GEMM(14,9,7),1777922005419143168,1777922006009811968,0
1,0,674,GEMM(15,9,7),1777922005419143168,1777922006009811968,0
1,0,681,SYRK(11,11,7),1777922010737086464,1777922010821109760,0
1,0,682,GEMM(12,11,7),1777921998900427776,1777922005416122368,0
1,0,683,GEMM(13,11,7),1777922005419143168,1777922006009811968,0
1,0,684,GEMM(14,11,7),1777922005419144192,1777922006009812992,0
1,0,685,GEMM(15,11,7),1777922006008872960,1777922006338755584,0
1,0,690,SYRK(13,13,7),1777922005419143168,1777922006009811968,0
1,0,691,GEMM(14,13,7),1777922006008872960,1777922006338754560,0
1,0,692,GEMM(15,13,7),1777922005419143168,1777922006009812992,0
1,0,695,SYRK(15,15,7),1777922010737086464,1777922010821482496,0
1,0,704,SYRK(9,9,8),1777922006337481728,1777922008555798528,1777922005419142144
1,0,705,GEMM(10,9,8),1777922009789464576,1777922010500072448,1777922006337482752
1,0,706,GEMM(11,9,8),1777922006338754560,1777922009790690304,1777922005419144192
1,0,707,GEMM(12,9,8),1777922007928206336,1777922009791935488,1777922006008872960
1,0,708,GEMM(13,9,8),1777922006337482752,1777922008555798528,1777922005419144192
1,0,709,GEMM(14,9,8),1777922008553052160,1777922009792157696,1777922006008872960
1,0,710,GEMM(15,9,8),1777922006337482752,1777922009176791040,1777922005419143168
1,0,717,SYRK(11,11,8),1777922010821482496,1777922011020283904,1777922010737086464
1,0,718,GEMM(12,11,8),1777922006337481728,1777922008555858944,1777922005419142144
1,0,719,GEMM(13,11,8),1777922009789473792,1777922010500072448,1777922006337482752
1,0,720,GEMM(14,11,8),1777922006338754560,1777922009177657344,1777922005419144192
1,0,721,GEMM(15,11,8),1777922007928206336,1777922009790690304,1777922006008872960
1,0,726,SYRK(13,13,8),1777922006337481728,1777922008555857920,1777922005419144192
1,0,727,GEMM(14,13,8),1777922008553052160,1777922010499274752,1777922006008873984
1,0,728,GEMM(15,13,8),1777922006337481728,1777922008555798528,1777922005419144192
1,0,731,SYRK(15,15,8),1777922011665547264,1777922011898376192,1777922011582091264
1,0,732,POTRF(9),1777922005419143168,1777922008555798528,0
1,0,733,TRSM(10,9),1777922006337482752,1777922011891486720,0
1,0,734,TRSM(11,9),1777922008553052160,1777922011898712064,0
1,0,735,TRSM(12,9),1777922008553052160,1777922011982973952,0
1,0,736,TRSM(13,9),1777922006337482752,1777922011665547264,0
1,0,737,TRSM(14,9),1777922006337482752,1777922011895071744,0
1,0,738,TRSM(15,9),1777922006337482752,1777922011668504576,0
1,0,745,SYRK(11,11,9),1777922011582092288,1777922011665462272,0
1,0,746,GEMM(12,11,9),1777922006009810944,1777922006338755584,0
1,0,747,GEMM(13,11,9),1777922011020282880,1777922011454896128,0
1,0,748,GEMM(14,11,9),1777922011205321728,1777922011548532736,0
1,0,749,GEMM(15,11,9),1777922011296404480,1777922011562826752,0
1,0,754,SYRK(13,13,9),1777922010995331072,1777922011284275200,0
1,0,755,GEMM(14,13,9),1777922011193006080,1777922011533349888,0
1,0,756,GEMM(15,13,9),1777922011007643648,1777922011284275200,0
1,0,759,SYRK(15,15,9),1777922011582092288,1777922011668504576,0
1,0,766,SYRK(11,11,10),1777922019125143552,1777922022124687360,1777922009789463552
1,0,767,GEMM(12,11,10),1777922018829779968,1777922022119365632,1777922011020283904
1,0,768,GEMM(13,11,10),1777922018829913088,1777922022119365632,1777922011205321728
1,0,769,GEMM(14,11,10),1777922018829990912,1777922022119368704,1777922011296404480
1,0,770,GEMM(15,11,10),1777922018829880320,1777922022119365632,1777922010995331072
1,0,775,SYRK(13,13,10),1777922018829878272,1777922022119376896,1777922011193005056
1,0,776,GEMM(14,13,10),1777922018829881344,1777922022119366656,1777922011007643648
1,0,777,GEMM(15,13,10),1777922018829878272,1777922022119365632,1777922011582092288
1,0,780,SYRK(15,15,10),1777922018673673216,1777922021957573632,1777922009789463552
1,0,781,POTRF(11),1777922011020283904,1777922011562945536,0
1,0,782,TRSM(12,11),1777922011205322752,1777922012271965184,0
1,0,783,TRSM(13,11),1777922011296404480,1777922012283665408,0
1,0,784,TRSM(14,11),1777922010995331072,1777922012270968832,0
1,0,785,TRSM(15,11),1777922011193006080,1777922012271630336,0
1,0,790,SYRK(13,13,11),1777922011007643648,1777922011284276224,0
1,0,791,GEMM(14,13,11),1777922011901802496,1777922012077775872,0
1,0,792,GEMM(15,13,11),1777922009789464576,1777922010501663744,0
1,0,795,SYRK(15,15,11),1777922011898712064,1777922012062022656,0
1,0,800,SYRK(13,13,12),1777922018829878272,1777922022119369728,1777922012229798912
1,0,801,GEMM(14,13,12),1777922018829879296,1777922022119366656,1777922012245373952
1,0,802,GEMM(15,13,12),1777922018829864960,1777922022119365632,1777922012204215296
1,0,805,SYRK(15,15,12),1777922018829878272,1777922022119366656,1777922012217224192
1,0,806,POTRF(13),1777922011895195648,1777922012079788032,0
1,0,807,TRSM(14,13),1777922011901803520,1777922012287363072,0
1,0,808,TRSM(15,13),1777922009789464576,1777922012077133824,0
1,0,811,SYRK(15,15,13),1777922011898712064,1777922012077584384,0
1,0,814,SYRK(15,15,14),1777922018829877248,1777922022119369728,1777922012229799936
1,0,815,POTRF(15),1777922012245373952,1777922012265041920,0
1,1,16,SYRK(1,1,0),1777922024791401984,1777922030003532288,1777922024204297728
1,1,17,GEMM(2,1,0),1777922024964861440,1777922034479250944,1777922024204308992
1,1,18,GEMM(3,1,0),1777922024964763136,1777922030003532288,1777922024204321280
1,1,19,GEMM(4,1,0),1777922024964814336,1777922030003541504,1777922024204330496
1,1,20,GEMM(5,1,0),1777922024964773376,1777922030003534336,1777922024204338688
1,1,21,GEMM(6,1,0),1777922024964773376,1777922030003534336,1777922024204348928
1,1,22,GEMM(7,1,0),1777922024964772352,1777922030003534336,1777922024204359168
1,1,23,GEMM(8,1,0),1777922024964773376,1777922030003535360,1777922024204368384
1,1,24,GEMM(9,1,0),1777922030003789312,1777922034479251968,1777922024204377600
1,1,25,GEMM(10,1,0),1777922030003821056,1777922034479252992,1777922024204383744
1,1,26,GEMM(11,1,0),1777922030003837440,1777922034806137344,1777922024204391936
1,1,27,GEMM(12,1,0),1777922030003789312,1777922034479251968,1777922024204401152
1,1,28,GEMM(13,1,0),1777922030003789312,1777922034479251968,1777922024204409344
1,1,29,GEMM(14,1,0),1777922030003831296,1777922034479254016,1777922024204417536
1,1,30,GEMM(15,1,0),1777922030003803648,1777922034479251968,1777922024204425728
1,1,45,SYRK(3,3,0),1777922024964717056,1777922030003532288,1777922024204432896
1,1,46,GEMM(4,3,0),1777922024964763136,1777922030003532288,1777922024204442112
1,1,47,GEMM(5,3,0),1777922024964763136,1777922030003532288,1777922024204451328
1,1,48,GEMM(6,3,0),1777922024964763136,1777922030003532288,1777922024204459520
1,1,49,GEMM(7,3,0),1777922024964763136,1777922030003532288,1777922024204466688
1,1,50,GEMM(8,3,0),1777922024964772352,1777922030003533312,1777922024204474880
1,1,51,GEMM(9,3,0),1777922030003789312,1777922034479251968,1777922024204484096
1,1,52,GEMM(10,3,0),1777922030003789312,1777922034479251968,1777922024204491264
1,1,53,GEMM(11,3,0),1777922030003813888,1777922034479336960,1777922024204500480
1,1,54,GEMM(12,3,0),1777922030003815936,1777922034479278592,1777922024204508672
1,1,55,GEMM(13,3,0),1777922030003807744,1777922034479251968,1777922024204514816
1,1,56,GEMM(14,3,0),1777922030003839488,1777922034479252992,1777922024204523008
1,1,57,GEMM(15,3,0),1777922030003831296,1777922034479252992,1777922024204530176
1,1,70,SYRK(5,5,0),1777922024964773376,1777922030003542528,1777922024204539392
1,1,71,GEMM(6,5,0),1777922024964804096,1777922030003549696,1777922024204549632
1,1,72,GEMM(7,5,0),1777922024964773376,1777922030003534336,1777922024204557824
1,1,73,GEMM(8,5,0),1777922024964772352,1777922030003534336,1777922024204564992
1,1,74,GEMM(9,5,0),1777922034806450688,1777922037510480384,1777922030329738752
1,1,75,GEMM(10,5,0),1777922037510479360,1777922042624452096,1777922034479640064
1,1,76,GEMM(11,5,0),1777922034479600128,1777922037510478336,1777922030003848704
1,1,77,GEMM(12,5,0),1777922034806195712,1777922037510479360,1777922030329772544
1,1,78,GEMM(13,5,0),1777922034806428160,1777922037510528512,1777922034152592896
1,1,79,GEMM(14,5,0),1777922034806434304,1777922037510480384,1777922030003877376
1,1,80,GEMM(15,5,0),1777922034806477312,1777922037510480384,1777922030329738752
1,1,91,SYRK(7,7,0),1777922034806186496,1777922037510478336,1777922030329738752
1,1,92,GEMM(8,7,0),1777922037510481408,1777922043265857024,1777922034479667712
1,1,93,GEMM(9,7,0),1777922037510486528,1777922042937594368,1777922034479639040
1,1,94,GEMM(10,7,0),1777922042296681984,1777922043923581440,1777922034806307328
1,1,95,GEMM(11,7,0),1777922037510480384,1777922042937522688,1777922034479692288
1,1,96,GEMM(12,7,0),1777922034806420992,1777922042624452096,1777922034479600128
1,1,97,GEMM(13,7,0),1777922042624451072,1777922043924577792,1777922034479677952
1,1,98,GEMM(14,7,0),1777922034806412800,1777922037510479360,1777922034479410688
1,1,99,GEMM(15,7,0),1777922034806494720,1777922037510481408,1777922030329796096
1,1,108,SYRK(9,9,0),1777922037510478336,1777922042624509440,1777922034479763968
1,1,109,GEMM(10,9,0),1777922037510479360,1777922042937522688,1777922034479639040
1,1,110,GEMM(11,9,0),1777922040575050240,1777922043908967936,1777922034806330880
1,1,111,GEMM(12,9,0),1777922037510481408,1777922043265857024,1777922034479692288
1,1,112,GEMM(13,9,0),1777922037510479360,1777922042937536000,1777922034479601152
1,1,113,GEMM(14,9,0),1777922037510480384,1777922043265854976,1777922034479783424
1,1,114,GEMM(15,9,0),1777922037510481408,1777922043908966912,1777922034479743488
1,1,121,SYRK(11,11,0),1777922037510559232,1777922043265857024,1777922034479659520
1,1,122,GEMM(12,11,0),1777922037510487552,1777922043265854976,1777922034479774208
1,1,123,GEMM(13,11,0),1777922037510480384,1777922042937522688,1777922034479639040
1,1,124,GEMM(14,11,0),1777922038302465536,1777922043908966912,1777922034806368768
1,1,125,GEMM(15,11,0),1777922037510481408,1777922043578075648,1777922034479692288
1,1,130,SYRK(13,13,0),1777922037510552064,1777922042937523712,1777922034479612416
1,1,131,GEMM(14,13,0),1777922037510481408,1777922043265854976,1777922034479687168
1,1,132,GEMM(15,13,0),1777922037510481408,1777922042937594368,1777922034479648256
1,1,135,SYRK(15,15,0),1777922037510555136,1777922042937522688,1777922034479660544
1,1,136,POTRF(1),1777922037510648320,1777922043927168512,0
1,1,137,TRSM(2,1),1777922043908966912,1777922044737780224,0
1,1,138,TRSM(3,1),1777922042624451072,1777922044720879104,0
1,1,139,TRSM(4,1),1777922042624451072,1777922044724412928,0
1,1,140,TRSM(5,1),1777922042624450048,1777922044734279168,0
1,1,141,TRSM(6,1),1777922042624451072,1777922044724598272,0
1,1,142,TRSM(7,1),1777922042624451072,1777922044717873664,0
1,1,143,TRSM(8,1),1777922042624450048,1777922044718025216,0
1,1,144,TRSM(9,1),1777922043908966912,1777922044734279168,0
1,1,145,TRSM(10,1),1777922044450898432,1777922047440550400,0
1,1,146,TRSM(11,1),1777922044191940096,1777922046812992000,0
1,1,147,TRSM(12,1),1777922044204084736,1777922047204620800,0
1,1,148,TRSM(13,1),1777922044228672000,1777922047205351936,0
1,1,149,TRSM(14,1),1777922044216382976,1777922046736027136,0
1,1,150,TRSM(15,1),1777922044167375360,1777922046736025088,0
1,1,165,SYRK(3,3,1),1777922044179707392,1777922044452484608,0
1,1,166,GEMM(4,3,1),1777922044438757888,1777922044689024512,0
1,1,167,GEMM(5,3,1),1777922045819364864,1777922046724191744,0
1,1,168,GEMM(6,3,1),1777922045299644928,1777922046487497216,0
1,1,169,GEMM(7,3,1),1777922045311981056,1777922046723317248,0
1,1,170,GEMM(8,3,1),1777922045571618304,1777922046723888640,0
1,1,171,GEMM(9,3,1),1777922045324172800,1777922046723888640,0
1,1,172,GEMM(10,3,1),1777922045287312896,1777922046290368000,0
1,1,173,GEMM(11,3,1),1777922044179707392,1777922044452484608,0
1,1,174,GEMM(12,3,1),1777922044438757888,1777922044689025536,0
1,1,175,GEMM(13,3,1),1777922045819364864,1777922046725035520,0
1,1,176,GEMM(14,3,1),1777922045299645952,1777922046488103424,0
1,1,177,GEMM(15,3,1),1777922045311981056,1777922046723568128,0
1,1,190,SYRK(5,5,1),1777922045571619328,1777922046723888640,0
1,1,191,GEMM(6,5,1),1777922045324172800,1777922046723568128,0
1,1,192,GEMM(7,5,1),1777922045287311872,1777922046289935872,0
1,1,193,GEMM(8,5,1),1777922044179707392,1777922044452555264,0
1,1,194,GEMM(9,5,1),1777922044438758912,1777922044689724928,0
1,1,195,GEMM(10,5,1),1777922045819364864,1777922046724191744,0
1,1,196,GEMM(11,5,1),1777922045299644928,1777922046487497216,0
1,1,197,GEMM(12,5,1),1777922045311981056,1777922046723317248,0
1,1,198,GEMM(13,5,1),1777922045571619328,1777922046724191744,0
1,1,199,GEMM(14,5,1),1777922045324172800,1777922046723568128,0
1,1,200,GEMM(15,5,1),1777922045287312896,1777922046289935872,0
1,1,211,SYRK(7,7,1),1777922044734278144,1777922044938997248,0
1,1,212,GEMM(8,7,1),1777922044938997248,1777922045138001408,0
1,1,213,GEMM(9,7,1),1777922047873810944,1777922048108592640,0
1,1,214,GEMM(10,7,1),1777922047205350912,1777922047440550400,0
1,1,215,GEMM(11,7,1),1777922047440549376,1777922047675340288,0
1,1,216,GEMM(12,7,1),1777922047675338240,1777922047873811968,0
1,1,217,GEMM(13,7,1),1777922046812925440,1777922047205350912,0
1,1,218,GEMM(14,7,1),1777922046736038400,1777922047205350912,0
1,1,219,GEMM(15,7,1),1777922044734278144,1777922044938997248,0
1,1,228,SYRK(9,9,1),1777922044938997248,1777922045138001408,0
1,1,229,GEMM(10,9,1),1777922047873810944,1777922048108592640,0
1,1,230,GEMM(11,9,1),1777922047205350912,1777922047440550400,0
1,1,231,GEMM(12,9,1),1777922047440549376,1777922047675340288,0
1,1,232,GEMM(13,9,1),1777922047675338240,1777922048108592640,0
1,1,233,GEMM(14,9,1),1777922046812925440,1777922047205351936,0
1,1,234,GEMM(15,9,1),1777922046812925440,1777922047205350912,0
1,1,241,SYRK(11,11,1),1777922044734278144,1777922044938997248,0
1,1,242,GEMM(12,11,1),1777922044938997248,1777922045138698752,0
1,1,243,GEMM(13,11,1),1777922047873810944,1777922048110908928,0
1,1,244,GEMM(14,11,1),1777922047205350912,1777922047675340288,0
1,1,245,GEMM(15,11,1),1777922047440549376,1777922047873811968,0
1,1,250,SYRK(13,13,1),1777922047675339264,1777922047873811968,0
1,1,251,GEMM(14,13,1),1777922046812925440,1777922047440550400,0
1,1,252,GEMM(15,13,1),1777922046812925440,1777922047205350912,0
1,1,255,SYRK(15,15,1),1777922044734278144,1777922045137279488,0
1,1,270,SYRK(3,3,2),1777922061946158592,1777922062710800896,1777922044938997248
1,1,271,GEMM(4,3,2),1777922061946158592,1777922067171035648,1777922047873810944
1,1,272,GEMM(5,3,2),1777922062711019008,1777922067171037696,1777922047205351936
1,1,273,GEMM(6,3,2),1777922062711092736,1777922072301443584,1777922047440549376
1,1,274,GEMM(7,3,2),1777922062711019008,1777922067171084800,1777922047675339264
1,1,275,GEMM(8,3,2),1777922061946158592,1777922062710841856,1777922046812925440
1,1,276,GEMM(9,3,2),1777922062711019008,1777922067171037696,1777922046812925440
1,1,277,GEMM(10,3,2),1777922062711016960,1777922067171035648,1777922045135778304
1,1,278,GEMM(11,3,2),1777922067171265024,1777922072301355520,1777922045138654720
1,1,279,GEMM(12,3,2),1777922067171265024,1777922072301354496,1777922048108601856
1,1,280,GEMM(13,3,2),1777922067171265024,1777922072301355520,1777922047675338240
1,1,281,GEMM(14,3,2),1777922067171254784,1777922072301354496,1777922047873810944
1,1,282,GEMM(15,3,2),1777922067171285504,1777922073294396928,1777922048108591616
1,1,295,SYRK(5,5,2),1777922062711019008,1777922067171036672,1777922047440548352
1,1,296,GEMM(6,5,2),1777922062711017984,1777922067171075584,1777922047440548352
1,1,297,GEMM(7,5,2),1777922062711091712,1777922067171038720,1777922045135778304
1,1,298,GEMM(8,5,2),1777922062711095808,1777922067171038720,1777922045138654720
1,1,299,GEMM(9,5,2),1777922062711019008,1777922067171038720,1777922048108601856
1,1,300,GEMM(10,5,2),1777922062711019008,1777922067171038720,1777922047675338240
1,1,301,GEMM(11,5,2),1777922067171254784,1777922072301354496,1777922047873810944
1,1,302,GEMM(12,5,2),1777922067171267072,1777922072301354496,1777922048108597760
1,1,303,GEMM(13,5,2),1777922067171265024,1777922072301355520,1777922047440548352
1,1,304,GEMM(14,5,2),1777922067171267072,1777922072301355520,1777922047440548352
1,1,305,GEMM(15,5,2),1777922067171264000,1777922072301354496,1777922045135778304
1,1,316,SYRK(7,7,2),1777922062710875648,1777922067171035648,1777922045139214848
1,1,317,GEMM(8,7,2),1777922062711019008,1777922067171038720,1777922048110913024
1,1,318,GEMM(9,7,2),1777922062711019008,1777922067171083776,1777922047873810944
1,1,319,GEMM(10,7,2),1777922062711017984,1777922067171035648,1777922048108591616
1,1,320,GEMM(11,7,2),1777922067171298816,1777922072301356544,1777922048108599808
1,1,321,GEMM(12,7,2),1777922067171267072,1777922072301433344,1777922047675338240
1,1,322,GEMM(13,7,2),1777922067171267072,1777922072301358592,1777922047440549376
1,1,323,GEMM(14,7,2),1777922067171265024,1777922072301354496,1777922045138001408
1,1,324,GEMM(15,7,2),1777922067171265024,1777922072301355520,1777922062711026176
1,1,333,SYRK(9,9,2),1777922072306571776,1777922073297056256,1777922067171357184
1,1,334,GEMM(10,9,2),1777922072948770304,1777922076161139200,1777922067171357184
1,1,335,GEMM(11,9,2),1777922072633984512,1777922076161139200,1777922072301682176
1,1,336,GEMM(12,9,2),1777922072948770304,1777922076161140224,1777922067498691072
1,1,337,GEMM(13,9,2),1777922067171267072,1777922072301355520,1777922062711036416
1,1,338,GEMM(14,9,2),1777922072967954944,1777922076161140224,1777922067498691072
1,1,339,GEMM(15,9,2),1777922072306739712,1777922076161139200,1777922067498692096
1,1,346,SYRK(11,11,2),1777922072967954944,1777922076161825280,1777922072301773312
1,1,347,GEMM(12,11,2),1777922072967954944,1777922076161140224,1777922072301743616
1,1,348,GEMM(13,11,2),1777922072967954944,1777922076161140224,1777922072301727232
1,1,349,GEMM(14,11,2),1777922072634040832,1777922076161139200,1777922072301695488
1,1,350,GEMM(15,11,2),1777922076162676224,1777922076492944896,1777922076159672832
1,1,355,SYRK(13,13,2),1777922072306571776,1777922074263401984,1777922067498695168
1,1,356,GEMM(14,13,2),1777922072306572800,1777922074878215680,1777922067498690048
1,1,357,GEMM(15,13,2),1777922072633987584,1777922076161139200,1777922067498693120
1,1,360,SYRK(15,15,2),1777922072967954944,1777922076161140224,1777922072301786624
1,1,361,POTRF(3),1777922072301764096,1777922076159673856,0
1,1,362,TRSM(4,3),1777922072301728256,1777922077712570880,0
1,1,363,TRSM(5,3),1777922072301718016,1777922077711923712,0
1,1,364,TRSM(6,3),1777922076159673856,1777922078155605504,0
1,1,365,TRSM(7,3),1777922072301820416,1777922077712488960,0
1,1,366,TRSM(8,3),1777922072301772288,1777922077708592640,0
1,1,367,TRSM(9,3),1777922072301815296,1777922077712198144,0
1,1,368,TRSM(10,3),1777922072301811200,1777922077712425472,0
1,1,369,TRSM(11,3),1777922072306573824,1777922077995223552,0
1,1,370,TRSM(12,3),1777922077225120256,1777922079525463552,0
1,1,371,TRSM(13,3),1777922076742572544,1777922079291132416,0
1,1,372,TRSM(14,3),1777922077486428672,1777922079447341568,0
1,1,373,TRSM(15,3),1777922076977442304,1777922079291132416,0
1,1,386,SYRK(5,5,3),1777922076730246656,1777922077459826176,0
1,1,387,GEMM(6,5,3),1777922076754894336,1777922077461787136,0
1,1,388,GEMM(7,5,3),1777922076767339008,1777922077461932544,0
1,1,389,GEMM(8,5,3),1777922077474113024,1777922077687104000,0
1,1,390,GEMM(9,5,3),1777922079085080064,1777922079283996160,0
1,1,391,GEMM(10,5,3),1777922078341508608,1777922078837072384,0
1,1,392,GEMM(11,5,3),1777922078601521664,1777922079073376768,0
1,1,393,GEMM(12,5,3),1777922078354072064,1777922079072582144,0
1,1,394,GEMM(13,5,3),1777922076730247680,1777922077461048832,0
1,1,395,GEMM(14,5,3),1777922076754894336,1777922077461346816,0
1,1,396,GEMM(15,5,3),1777922076767339008,1777922077461932544,0
1,1,407,SYRK(7,7,3),1777922077474113024,1777922077687104000,0
1,1,408,GEMM(8,7,3),1777922079085080064,1777922079283996160,0
1,1,409,GEMM(9,7,3),1777922078341508608,1777922078837072384,0
1,1,410,GEMM(10,7,3),1777922078601521664,1777922079073376768,0
1,1,411,GEMM(11,7,3),1777922078354072064,1777922079072582144,0
1,1,412,GEMM(12,7,3),1777922076730246656,1777922077459826176,0
1,1,413,GEMM(13,7,3),1777922076754894336,1777922077461346816,0
1,1,414,GEMM(14,7,3),1777922076767339008,1777922077474114048,0
1,1,415,GEMM(15,7,3),1777922077474113024,1777922077688138240,0
1,1,424,SYRK(9,9,3),1777922079085080064,1777922079285253632,0
1,1,425,GEMM(10,9,3),1777922078341508608,1777922078837312000,0
1,1,426,GEMM(11,9,3),1777922078601521664,1777922079085081088,0
1,1,427,GEMM(12,9,3),1777922078354072064,1777922079073376768,0
1,1,428,GEMM(13,9,3),1777922077712424448,1777922077835281920,0
1,1,429,GEMM(14,9,3),1777922077831396864,1777922078151862784,0
1,1,430,GEMM(15,9,3),1777922077835280896,1777922078155714048,0
1,1,437,SYRK(11,11,3),1777922078156195328,1777922078237950464,0
1,1,438,GEMM(12,11,3),1777922079525477888,1777922079605519872,0
1,1,439,GEMM(13,11,3),1777922079291146752,1777922079447326208,0
1,1,440,GEMM(14,11,3),1777922079447353856,1777922079603192320,0
1,1,441,GEMM(15,11,3),1777922079368034816,1777922079525321216,0
1,1,446,SYRK(13,13,3),1777922077712424448,1777922077995223552,0
1,1,447,GEMM(14,13,3),1777922077831396864,1777922078151862784,0
1,1,448,GEMM(15,13,3),1777922077835281920,1777922078155715072,0
1,1,451,SYRK(15,15,3),1777922078156195328,1777922078239049216,0
1,1,464,SYRK(5,5,4),1777922091271550464,1777922096779923968,1777922079603191296
1,1,465,GEMM(6,5,4),1777922091271596544,1777922096779924992,1777922079368033792
1,1,466,GEMM(7,5,4),1777922091271523840,1777922096779960832,1777922079525019136
1,1,467,GEMM(8,5,4),1777922091271545344,1777922096779924992,1777922079368034816
1,1,468,GEMM(9,5,4),1777922091271521792,1777922096779922944,1777922077712424448
1,1,469,GEMM(10,5,4),1777922091271506432,1777922096779921920,1777922077831397888
1,1,470,GEMM(11,5,4),1777922091271546368,1777922096779923968,1777922077835281920
1,1,471,GEMM(12,5,4),1777922091271507456,1777922096779976192,1777922078156195328
1,1,472,GEMM(13,5,4),1777922096780238336,1777922100660954624,1777922079603192320
1,1,473,GEMM(14,5,4),1777922096780237312,1777922100661555712,1777922079368034816
1,1,474,GEMM(15,5,4),1777922096780205568,1777922100661555712,1777922079525019136
1,1,485,SYRK(7,7,4),1777922091111492096,1777922096779954688,1777922079368034816
1,1,486,GEMM(8,7,4),1777922091271516672,1777922096779924992,1777922077712425472
1,1,487,GEMM(9,7,4),1777922091271521792,1777922096779923968,1777922077831397888
1,1,488,GEMM(10,7,4),1777922091271449088,1777922096779921920,1777922077835281920
1,1,489,GEMM(11,7,4),1777922091271549440,1777922096779923968,1777922078156195328
1,1,490,GEMM(12,7,4),1777922091271535104,1777922096779924992,1777922079603192320
1,1,491,GEMM(13,7,4),1777922096780204544,1777922100661555712,1777922079368034816
1,1,492,GEMM(14,7,4),1777922096780182016,1777922100660954624,1777922079525019136
1,1,493,GEMM(15,7,4),1777922096780205568,1777922100661555712,1777922079368034816
1,1,502,SYRK(9,9,4),1777922091271506432,1777922096779921920,1777922078150273536
1,1,503,GEMM(10,9,4),1777922091271548416,1777922096779943424,1777922078155714048
1,1,504,GEMM(11,9,4),1777922091271593472,1777922096780013056,1777922078156196352
1,1,505,GEMM(12,9,4),1777922091271578112,1777922100660350464,1777922078237959680
1,1,506,GEMM(13,9,4),1777922096780193280,1777922100660954624,1777922079605526016
1,1,507,GEMM(14,9,4),1777922096780193280,1777922100660988416,1777922079447331328
1,1,508,GEMM(15,9,4),1777922096780224000,1777922101315170816,1777922079603199488
1,1,515,SYRK(11,11,4),1777922091271594496,1777922096779944448,1777922079525327360
1,1,516,GEMM(12,11,4),1777922091271547392,1777922096779923968,1777922078155604480
1,1,517,GEMM(13,11,4),1777922096780193280,1777922100660954624,1777922078155714048
1,1,518,GEMM(14,11,4),1777922096780193280,1777922100660955648,1777922078156196352
1,1,519,GEMM(15,11,4),1777922096780192256,1777922100660954624,1777922078239056384
1,1,524,SYRK(13,13,4),1777922100675385856,1777922101647575552,1777922097092246016
1,1,525,GEMM(14,13,4),1777922100661665280,1777922101646118400,1777922097092246016
1,1,526,GEMM(15,13,4),1777922100661667328,1777922101647575552,1777922096780230144
1,1,529,SYRK(15,15,4),1777922100675385856,1777922101648148992,1777922097092246016
1,1,530,POTRF(5),1777922097092246016,1777922101646062080,0
1,1,531,TRSM(6,5),1777922096780248576,1777922103261230592,0
1,1,532,TRSM(7,5),1777922096780224000,1777922103257473536,0
1,1,533,TRSM(8,5),1777922096780227072,1777922103265041920,0
1,1,534,TRSM(9,5),1777922100661555712,1777922103264921088,0
1,1,535,TRSM(10,5),1777922100676393472,1777922103304616448,0
1,1,536,TRSM(11,5),1777922100982938112,1777922103528402432,0
1,1,537,TRSM(12,5),1777922097092246016,1777922103264821760,0
1,1,538,TRSM(13,5),1777922100661555712,1777922103265066496,0
1,1,539,TRSM(14,5),1777922101900556800,1777922104235416064,0
1,1,540,TRSM(15,5),1777922101888236032,1777922104235246080,0
1,1,551,SYRK(7,7,5),1777922101938926080,1777922103002892800,0
1,1,552,GEMM(8,7,5),1777922101926592000,1777922103002241536,0
1,1,553,GEMM(9,7,5),1777922102199241216,1777922103239619072,0
1,1,554,GEMM(10,7,5),1777922102568835584,1777922103239832064,0
1,1,555,GEMM(11,7,5),1777922101914184192,1777922102767067648,0
1,1,556,GEMM(12,7,5),1777922101951263232,1777922103238801920,0
1,1,557,GEMM(13,7,5),1777922103731883520,1777922104210656768,0
1,1,558,GEMM(14,7,5),1777922103719558656,1777922104210370048,0
1,1,559,GEMM(15,7,5),1777922101938926080,1777922103002892800,0
1,1,568,SYRK(9,9,5),1777922101926593024,1777922103002241536,0
1,1,569,GEMM(10,9,5),1777922102199241216,1777922103239619072,0
1,1,570,GEMM(11,9,5),1777922102568835584,1777922103239832064,0
1,1,571,GEMM(12,9,5),1777922101914184192,1777922102767068672,0
1,1,572,GEMM(13,9,5),1777922101951263232,1777922103239619072,0
1,1,573,GEMM(14,9,5),1777922103731883520,1777922104211548672,0
1,1,574,GEMM(15,9,5),1777922103719557632,1777922104210370048,0
1,1,581,SYRK(11,11,5),1777922101938927104,1777922103002892800,0
1,1,582,GEMM(12,11,5),1777922101926593024,1777922103002892800,0
1,1,583,GEMM(13,11,5),1777922102199241216,1777922103239832064,0
1,1,584,GEMM(14,11,5),1777922102568836608,1777922103240201728,0
1,1,585,GEMM(15,11,5),1777922101914184192,1777922102767849984,0
1,1,590,SYRK(13,13,5),1777922101951263232,1777922103238801920,0
1,1,591,GEMM(14,13,5),1777922103731883520,1777922104210656768,0
1,1,592,GEMM(15,13,5),1777922103719558656,1777922104210594304,0
1,1,595,SYRK(15,15,5),1777922103265066496,1777922103531560448,0
1,1,606,SYRK(7,7,6),1777922103305895424,1777922103547515392,1777922103265066496
1,1,607,GEMM(8,7,6),1777922115269081600,1777922122934109696,1777922103306039808
1,1,608,GEMM(9,7,6),1777922115269080576,1777922122934016512,1777922103547089408
1,1,609,GEMM(10,7,6),1777922115269102080,1777922122934017536,1777922103265040896
1,1,610,GEMM(11,7,6),1777922115269150208,1777922123723998720,1777922103305854464
1,1,611,GEMM(12,7,6),1777922115269103104,1777922122934018560,1777922104248078848
1,1,612,GEMM(13,7,6),1777922114601565696,1777922122934016512,1777922104235750912
1,1,613,GEMM(14,7,6),1777922115269081600,1777922122934016512,1777922103265066496
1,1,614,GEMM(15,7,6),1777922115269117440,1777922122934017536,1777922103265067520
1,1,623,SYRK(9,9,6),1777922115269156352,1777922122934017536,1777922103306039808
1,1,624,GEMM(10,9,6),1777922115269102080,1777922122934018560,1777922103547514368
1,1,625,GEMM(11,9,6),1777922115269081600,1777922122934025728,1777922103265040896
1,1,626,GEMM(12,9,6),1777922115269102080,1777922122934017536,1777922103305854464
1,1,627,GEMM(13,9,6),1777922115269111296,1777922122934018560,1777922104248078848
1,1,628,GEMM(14,9,6),1777922115269103104,1777922122934021632,1777922104235750912
1,1,629,GEMM(15,9,6),1777922115269081600,1777922122934016512,1777922103265066496
1,1,636,SYRK(11,11,6),1777922115269111296,1777922122934017536,1777922103265067520
1,1,637,GEMM(12,11,6),1777922115269158400,1777922122934017536,1777922103306039808
1,1,638,GEMM(13,11,6),1777922115269102080,1777922122934111744,1777922103547515392
1,1,639,GEMM(14,11,6),1777922115269106176,1777922122934017536,1777922103265041920
1,1,640,GEMM(15,11,6),1777922115269102080,1777922122934018560,1777922103305855488
1,1,645,SYRK(13,13,6),1777922114601565696,1777922115268772352,1777922104248079872
1,1,646,GEMM(14,13,6),1777922115269103104,1777922122934018560,1777922104235750912
1,1,647,GEMM(15,13,6),1777922115268908544,1777922122934119936,1777922103265066496
1,1,650,SYRK(15,15,6),1777922115269081600,1777922122934017536,1777922103265067520
1,1,651,POTRF(7),1777922103306040832,1777922103550337536,0
1,1,652,TRSM(8,7),1777922103547515392,1777922104320669184,0
1,1,653,TRSM(9,7),1777922103265041920,1777922104319606272,0
1,1,654,TRSM(10,7),1777922103305855488,1777922104316240384,0
1,1,655,TRSM(11,7),1777922104248079872,1777922104397678080,0
1,1,656,TRSM(12,7),1777922104235750912,1777922104396765696,0
1,1,657,TRSM(13,7),1777922103531659776,1777922104320665088,0
1,1,658,TRSM(14,7),1777922103548022272,1777922104321266176,0
1,1,659,TRSM(15,7),1777922122977460736,1777922129296706048,0
1,1,668,SYRK(9,9,7),1777922122934180352,1777922123803190784,0
1,1,669,GEMM(10,9,7),1777922122934304256,1777922123803190784,0
1,1,670,GEMM(11,9,7),1777922123803192832,1777922126325256704,0
1,1,671,GEMM(12,9,7),1777922122934419968,1777922123803192832,0
1,1,672,GEMM(13,9,7),1777922122934392320,1777922123803191808,0
1,1,673,GEMM(14,9,7),1777922122934368768,1777922123803192832,0
1,1,674,GEMM(15,9,7),1777922122934343168,1777922123803191808,0
1,1,681,SYRK(11,11,7),1777922128449992192,1777922128557089280,0
1,1,682,GEMM(12,11,7),1777922122977459712,1777922126021429760,0
1,1,683,GEMM(13,11,7),1777922122934305280,1777922123803191808,0
1,1,684,GEMM(14,11,7),1777922123803192832,1777922126944036352,0
1,1,685,GEMM(15,11,7),1777922122934420992,1777922123803193856,0
1,1,690,SYRK(13,13,7),1777922122934393344,1777922123803191808,0
1,1,691,GEMM(14,13,7),1777922122934441472,1777922123803192832,0
1,1,692,GEMM(15,13,7),1777922122934349312,1777922123803191808,0
1,1,695,SYRK(15,15,7),1777922128449992192,1777922128569763328,0
1,1,704,SYRK(9,9,8),1777922124275891712,1777922128130595328,1777922122977459712
1,1,705,GEMM(10,9,8),1777922123803194880,1777922127407017472,1777922122934318592
1,1,706,GEMM(11,9,8),1777922127409665536,1777922128130735616,1777922123803192832
1,1,707,GEMM(12,9,8),1777922123959237120,1777922127409665536,1777922122977459712
1,1,708,GEMM(13,9,8),1777922123803194880,1777922127409466880,1777922122934393344
1,1,709,GEMM(14,9,8),1777922123803194880,1777922127407017472,1777922122934370816
1,1,710,GEMM(15,9,8),1777922123803194880,1777922127407017472,1777922122934350336
1,1,717,SYRK(11,11,8),1777922128712344064,1777922129273430528,1777922128449992192
1,1,718,GEMM(12,11,8),1777922124275891712,1777922127409665536,1777922122977459712
1,1,719,GEMM(13,11,8),1777922123803193856,1777922127404593664,1777922122934319616
1,1,720,GEMM(14,11,8),1777922127409665536,1777922128131628544,1777922123803192832
1,1,721,GEMM(15,11,8),1777922123959238144,1777922127409665536,1777922122977459712
1,1,726,SYRK(13,13,8),1777922123803194880,1777922127407017472,1777922122934393344
1,1,727,GEMM(14,13,8),1777922123881032192,1777922127409665536,1777922122934373888
1,1,728,GEMM(15,13,8),1777922123803194880,1777922127407017472,1777922122934350336
1,1,731,SYRK(15,15,8),1777922129394234880,1777922129717668352,1777922129297746432
1,1,732,POTRF(9),1777922126018289152,1777922128130735616,0
1,1,733,TRSM(10,9),1777922124583716352,1777922129297968640,0
1,1,734,TRSM(11,9),1777922127409466880,1777922129298006528,0
1,1,735,TRSM(12,9),1777922126018288128,1777922129387302400,0
1,1,736,TRSM(13,9),1777922123959237120,1777922129297800704,0
1,1,737,TRSM(14,9),1777922126018288128,1777922129387302400,0
1,1,738,TRSM(15,9),1777922126018288128,1777922129393993216,0
1,1,745,SYRK(11,11,9),1777922129297746432,1777922129393805824,0
1,1,746,GEMM(12,11,9),1777922127409665536,1777922128130735616,0
1,1,747,GEMM(13,11,9),1777922128569387520,1777922129123588608,0
1,1,748,GEMM(14,11,9),1777922128557089280,1777922129122840064,0
1,1,749,GEMM(15,11,9),1777922128634804736,1777922129257662976,0
1,1,754,SYRK(13,13,9),1777922128544904704,1777922128883592704,0
1,1,755,GEMM(14,13,9),1777922128581711360,1777922129245611520,0
1,1,756,GEMM(15,13,9),1777922128804554240,1777922129273430528,0
1,1,759,SYRK(15,15,9),1777922129297747456,1777922129393992192,0
1,1,766,SYRK(11,11,10),1777922136861994496,1777922139853281792,1777922128130792960
1,1,767,GEMM(12,11,10),1777922136558434816,1777922139847729664,1777922128569387520
1,1,768,GEMM(13,11,10),1777922136558490112,1777922139847730688,1777922128557089280
1,1,769,GEMM(14,11,10),1777922136558530048,1777922139847730688,1777922128634804736
1,1,770,GEMM(15,11,10),1777922136558436864,1777922139847729664,1777922128544904704
1,1,775,SYRK(13,13,10),1777922136558434816,1777922139847737856,1777922128581710336
1,1,776,GEMM(14,13,10),1777922136558343680,1777922139847729664,1777922128804554240
1,1,777,GEMM(15,13,10),1777922136558434816,1777922139847729664,1777922129297747456
1,1,780,SYRK(15,15,10),1777922136402180608,1777922139685899776,1777922128130792960
1,1,781,POTRF(11),1777922128569388544,1777922129277038080,0
1,1,782,TRSM(12,11),1777922128557089280,1777922129994256896,0
1,1,783,TRSM(13,11),1777922128634804736,1777922129994488320,0
1,1,784,TRSM(14,11),1777922128544905728,1777922129993387520,0
1,1,785,TRSM(15,11),1777922128581711360,1777922129994359296,0
1,1,790,SYRK(13,13,11),1777922128804554240,1777922129274547712,0
1,1,791,GEMM(14,13,11),1777922129718431232,1777922129799928320,0
1,1,792,GEMM(15,13,11),1777922128131266048,1777922128212068864,0
1,1,795,SYRK(15,15,11),1777922129393992192,1777922129701787136,0
1,1,800,SYRK(13,13,12),1777922136558433792,1777922139847729664,1777922129939293696
1,1,801,GEMM(14,13,12),1777922136558434816,1777922139847730688,1777922129964377600
1,1,802,GEMM(15,13,12),1777922136558423552,1777922139847729664,1777922129926445568
1,1,805,SYRK(15,15,12),1777922136558434816,1777922139847730688,1777922129952036352
1,1,806,POTRF(13),1777922129701787136,1777922129799051776,0
1,1,807,TRSM(14,13),1777922129718431232,1777922130010495488,0
1,1,808,TRSM(15,13),1777922128131266048,1777922129701795328,0
1,1,811,SYRK(15,15,13),1777922129393992192,1777922129701787136,0
1,1,814,SYRK(15,15,14),1777922136558434816,1777922139847730688,1777922129939293696
1,1,815,POTRF(15),1777922129964378624,1777922129984755200,0
1,2,16,SYRK(1,1,0),1777922142520785664,1777922147733340928,1777922141927370496
1,2,17,GEMM(2,1,0),1777922142520784640,1777922143302161152,1777922141927382784
1,2,18,GEMM(3,1,0),1777922143302303488,1777922152207972096,1777922141927393024
1,2,19,GEMM(4,1,0),1777922142520784640,1777922143302162176,1777922141927402240
1,2,20,GEMM(5,1,0),1777922143302303488,1777922147733344000,1777922141927410432
1,2,21,GEMM(6,1,0),1777922143302294272,1777922147733341952,1777922141927421696
1,2,22,GEMM(7,1,0),1777922143302298368,1777922147733359360,1777922141927430912
1,2,23,GEMM(8,1,0),1777922143302298368,1777922147733347072,1777922141927439104
1,2,24,GEMM(9,1,0),1777922147733675776,1777922152207961856,1777922141927447296
1,2,25,GEMM(10,1,0),1777922147733666560,1777922152207960832,1777922141927454464
1,2,26,GEMM(11,1,0),1777922147733659392,1777922152207961856,1777922141927462656
1,2,27,GEMM(12,1,0),1777922147733676800,1777922152207964928,1777922141927470848
1,2,28,GEMM(13,1,0),1777922147733666560,1777922152207975168,1777922141927479040
1,2,29,GEMM(14,1,0),1777922147733676800,1777922152207961856,1777922141927487232
1,2,30,GEMM(15,1,0),1777922147733676800,1777922153136221952,1777922141927494400
1,2,45,SYRK(3,3,0),1777922143302298368,1777922147733354240,1777922141927502592
1,2,46,GEMM(4,3,0),1777922143302294272,1777922147733353216,1777922141927510784
1,2,47,GEMM(5,3,0),1777922143302298368,1777922147733362432,1777922141927520000
1,2,48,GEMM(6,3,0),1777922143302303488,1777922147733394176,1777922141927528192
1,2,49,GEMM(7,3,0),1777922143302303488,1777922147733345024,1777922141927535360
1,2,50,GEMM(8,3,0),1777922143302303488,1777922147733358336,1777922141927542528
1,2,51,GEMM(9,3,0),1777922147733659392,1777922152208030464,1777922141927551744
1,2,52,GEMM(10,3,0),1777922147733668608,1777922152207971072,1777922141927558912
1,2,53,GEMM(11,3,0),1777922147733666560,1777922152207961856,1777922141927568128
1,2,54,GEMM(12,3,0),1777922147733666560,1777922152207961856,1777922141927576320
1,2,55,GEMM(13,3,0),1777922147733665536,1777922152207974144,1777922141927583488
1,2,56,GEMM(14,3,0),1777922147733666560,1777922152207964928,1777922141927591680
1,2,57,GEMM(15,3,0),1777922147733659392,1777922152207974144,1777922141927599872
1,2,70,SYRK(5,5,0),1777922143302209280,1777922147733340928,1777922141927608064
1,2,71,GEMM(6,5,0),1777922143302294272,1777922147733341952,1777922141927618304
1,2,72,GEMM(7,5,0),1777922143302293248,1777922147733340928,1777922141927626496
1,2,73,GEMM(8,5,0),1777922143302302464,1777922147733363456,1777922141927632640
1,2,74,GEMM(9,5,0),1777922153136513792,1777922154613072640,1777922147733743360
1,2,75,GEMM(10,5,0),1777922152208245504,1777922154608871168,1777922143302320896
1,2,76,GEMM(11,5,0),1777922154613071616,1777922160975569664,1777922152509581056
1,2,77,GEMM(12,5,0),1777922152207960832,1777922153136225024,1777922143468068608
1,2,78,GEMM(13,5,0),1777922153136511744,1777922159699255040,1777922147733690112
1,2,79,GEMM(14,5,0),1777922152208244480,1777922153136225024,1777922147733476096
1,2,80,GEMM(15,5,0),1777922153136513792,1777922154613072640,1777922147733749504
1,2,91,SYRK(7,7,0),1777922153136225024,1777922154613071616,1777922147733734144
1,2,92,GEMM(8,7,0),1777922154613072640,1777922160975560448,1777922152509582080
1,2,93,GEMM(9,7,0),1777922154613123840,1777922160975568640,1777922152509581056
1,2,94,GEMM(10,7,0),1777922154613072640,1777922160975697664,1777922152509581056
1,2,95,GEMM(11,7,0),1777922154613072640,1777922160975559424,1777922152509582080
1,2,96,GEMM(12,7,0),1777922154613072640,1777922160975560448,1777922152509580032
1,2,97,GEMM(13,7,0),1777922154613071616,1777922160647220992,1777922152509581056
1,2,98,GEMM(14,7,0),1777922159695774464,1777922161636858624,1777922153136366336
1,2,99,GEMM(15,7,0),1777922153136513792,1777922154613070592,1777922147733734144
1,2,108,SYRK(9,9,0),1777922154611347200,1777922160647193344,1777922152509582080
1,2,109,GEMM(10,9,0),1777922154613071616,1777922160975559424,1777922152509581056
1,2,110,GEMM(11,9,0),1777922154613071616,1777922160975560448,1777922152509581056
1,2,111,GEMM(12,9,0),1777922154613071616,1777922160975569664,1777922152509583104
1,2,112,GEMM(13,9,0),1777922154613071616,1777922160975625984,1777922152509580032
1,2,113,GEMM(14,9,0),1777922154613072640,1777922161620993792,1777922152509582080
1,2,114,GEMM(15,9,0),1777922155923469056,1777922161620994816,1777922153136385792
1,2,121,SYRK(11,11,0),1777922154611347200,1777922160647175936,1777922152509582080
1,2,122,GEMM(12,11,0),1777922154613114624,1777922160975560448,1777922152509582080
1,2,123,GEMM(13,11,0),1777922154613071616,1777922160975560448,1777922152509581056
1,2,124,GEMM(14,11,0),1777922154774569728,1777922161620993792,1777922152509581056
1,2,125,GEMM(15,11,0),1777922154774569728,1777922161620994816,1777922152509583104
1,2,130,SYRK(13,13,0),1777922154608869120,1777922160647197440,1777922152509581056
1,2,131,GEMM(14,13,0),1777922154774566656,1777922161620993792,1777922152509582080
1,2,132,GEMM(15,13,0),1777922159695709952,1777922161620994816,1777922153136426752
1,2,135,SYRK(15,15,0),1777922154611347200,1777922160647166720,1777922152509583104
1,2,136,POTRF(1),1777922159695709952,1777922161639400192,0
1,2,137,TRSM(2,1),1777922154774566656,1777922162442695424,0
1,2,138,TRSM(3,1),1777922161620993792,1777922162449312512,0
1,2,139,TRSM(4,1),1777922153301272320,1777922162429110016,0
1,2,140,TRSM(5,1),1777922161620336384,1777922162436117248,0
1,2,141,TRSM(6,1),1777922153301272320,1777922162432820992,0
1,2,142,TRSM(7,1),1777922159695708928,1777922162435961600,0
1,2,143,TRSM(8,1),1777922159695708928,1777922162449312512,0
1,2,144,TRSM(9,1),1777922161620994816,1777922162449696512,0
1,2,145,TRSM(10,1),1777922161903630080,1777922164524611328,0
1,2,146,TRSM(11,1),1777922161940485888,1777922165114733312,0
1,2,147,TRSM(12,1),1777922161878091520,1777922164681461504,0
1,2,148,TRSM(13,1),1777922161928291072,1777922164524544768,0
1,2,149,TRSM(14,1),1777922161890774784,1777922164447662848,0
1,2,150,TRSM(15,1),1777922161915959040,1777922165114733312,0
1,2,165,SYRK(3,3,1),1777922161952845568,1777922162399598336,0
1,2,166,GEMM(4,3,1),1777922161966298880,1777922162402908928,0
1,2,167,GEMM(5,3,1),1777922162998900480,1777922163963828992,0
1,2,168,GEMM(6,3,1),1777922163530845952,1777922164435832576,0
1,2,169,GEMM(7,3,1),1777922163011169024,1777922163964179200,0
1,2,170,GEMM(8,3,1),1777922163035671296,1777922164435246848,0
1,2,171,GEMM(9,3,1),1777922163023501056,1777922164435246848,0
1,2,172,GEMM(10,3,1),1777922163518728960,1777922164435831552,0
1,2,173,GEMM(11,3,1),1777922161952845568,1777922162401983232,0
1,2,174,GEMM(12,3,1),1777922161966298880,1777922162402909952,0
1,2,175,GEMM(13,3,1),1777922162998900480,1777922163963828992,0
1,2,176,GEMM(14,3,1),1777922163530845952,1777922164436660992,0
1,2,177,GEMM(15,3,1),1777922163011168000,1777922163964179200,0
1,2,190,SYRK(5,5,1),1777922163035671296,1777922164435246848,0
1,2,191,GEMM(6,5,1),1777922163023501056,1777922164434854656,0
1,2,192,GEMM(7,5,1),1777922163518727936,1777922164435498752,0
1,2,193,GEMM(8,5,1),1777922161952846592,1777922162399598336,0
1,2,194,GEMM(9,5,1),1777922161966298880,1777922162403675904,0
1,2,195,GEMM(10,5,1),1777922162998900480,1777922163964179200,0
1,2,196,GEMM(11,5,1),1777922163530845952,1777922164435832576,0
1,2,197,GEMM(12,5,1),1777922163011168000,1777922163964179200,0
1,2,198,GEMM(13,5,1),1777922163035671296,1777922164435498752,0
1,2,199,GEMM(14,5,1),1777922163023501056,1777922164434854656,0
1,2,200,GEMM(15,5,1),1777922163518728960,1777922164435499776,0
1,2,211,SYRK(7,7,1),1777922162449982208,1777922162651198208,0
1,2,212,GEMM(8,7,1),1777922162649492224,1777922162849872640,0
1,2,213,GEMM(9,7,1),1777922164681672448,1777922165114733312,0
1,2,214,GEMM(10,7,1),1777922165349561088,1777922165820247808,0
1,2,215,GEMM(11,7,1),1777922165114732288,1777922165349547776,0
1,2,216,GEMM(12,7,1),1777922164681672448,1777922165114733312,0
1,2,217,GEMM(13,7,1),1777922164447674112,1777922164681672448,0
1,2,218,GEMM(14,7,1),1777922165428539136,1777922165820247808,0
1,2,219,GEMM(15,7,1),1777922162449982208,1777922162651198208,0
1,2,228,SYRK(9,9,1),1777922162649492224,1777922162849872640,0
1,2,229,GEMM(10,9,1),1777922164681672448,1777922165114733312,0
1,2,230,GEMM(11,9,1),1777922165428539136,1777922165820247808,0
1,2,231,GEMM(12,9,1),1777922165114732288,1777922165349547776,0
1,2,232,GEMM(13,9,1),1777922164681672448,1777922165114734336,0
1,2,233,GEMM(14,9,1),1777922164524544768,1777922164681672448,0
1,2,234,GEMM(15,9,1),1777922165428539136,1777922165820247808,0
1,2,241,SYRK(11,11,1),1777922162449982208,1777922162651198208,0
1,2,242,GEMM(12,11,1),1777922162649492224,1777922162850793216,0
1,2,243,GEMM(13,11,1),1777922164681672448,1777922165114733312,0
1,2,244,GEMM(14,11,1),1777922165428539136,1777922165820247808,0
1,2,245,GEMM(15,11,1),1777922165114732288,1777922165428540160,0
1,2,250,SYRK(13,13,1),1777922164681672448,1777922165349547776,0
1,2,251,GEMM(14,13,1),1777922164524544768,1777922165114733312,0
1,2,252,GEMM(15,13,1),1777922165428539136,1777922165822565120,0
1,2,255,SYRK(15,15,1),1777922162449982208,1777922162849872640,0
1,2,270,SYRK(3,3,2),1777922180454785792,1777922184880836352,1777922162649492224
1,2,271,GEMM(4,3,2),1777922180454935296,1777922184880837376,1777922164681672448
1,2,272,GEMM(5,3,2),1777922180454936320,1777922184880846592,1777922165428539136
1,2,273,GEMM(6,3,2),1777922180454935296,1777922184880837376,1777922165114732288
1,2,274,GEMM(7,3,2),1777922180454935296,1777922184880838400,1777922164681673472
1,2,275,GEMM(8,3,2),1777922180454936320,1777922184880844544,1777922164524544768
1,2,276,GEMM(9,3,2),1777922180454936320,1777922184880838400,1777922165428539136
1,2,277,GEMM(10,3,2),1777922180454935296,1777922184880836352,1777922162849452800
1,2,278,GEMM(11,3,2),1777922184881065728,1777922189356730112,1777922162850262784
1,2,279,GEMM(12,3,2),1777922184881066752,1777922189356730112,1777922165349546752
1,2,280,GEMM(13,3,2),1777922184881066752,1777922189356731136,1777922165820257024
1,2,281,GEMM(14,3,2),1777922184881065728,1777922189356730112,1777922165349554944
1,2,282,GEMM(15,3,2),1777922184881086208,1777922189356731136,1777922165349545728
1,2,295,SYRK(5,5,2),1777922180454935296,1777922184880836352,1777922165114732288
1,2,296,GEMM(6,5,2),1777922180454936320,1777922184880838400,1777922165820252928
1,2,297,GEMM(7,5,2),1777922180455019264,1777922189356730112,1777922162849453824
1,2,298,GEMM(8,5,2),1777922180454952704,1777922184880836352,1777922162850262784
1,2,299,GEMM(9,5,2),1777922180454936320,1777922184880838400,1777922165349546752
1,2,300,GEMM(10,5,2),1777922180454936320,1777922184880838400,1777922165820257024
1,2,301,GEMM(11,5,2),1777922184881065728,1777922189356758784,1777922165349554944
1,2,302,GEMM(12,5,2),1777922184881138432,1777922189356732160,1777922165349545728
1,2,303,GEMM(13,5,2),1777922184881100544,1777922191635803904,1777922165114732288
1,2,304,GEMM(14,5,2),1777922184881065728,1777922189356755712,1777922165820252928
1,2,305,GEMM(15,5,2),1777922184881065728,1777922189356730112,1777922162849453824
1,2,316,SYRK(7,7,2),1777922179667741440,1777922180454718208,1777922162851081984
1,2,317,GEMM(8,7,2),1777922179667742464,1777922184880836352,1777922165349546752
1,2,318,GEMM(9,7,2),1777922179667741440,1777922180454758144,1777922165820258048
1,2,319,GEMM(10,7,2),1777922180454936320,1777922184880838400,1777922165820246784
1,2,320,GEMM(11,7,2),1777922184881066752,1777922189356733184,1777922165349556992
1,2,321,GEMM(12,7,2),1777922184881064704,1777922189356730112,1777922165349546752
1,2,322,GEMM(13,7,2),1777922184881066752,1777922189356745472,1777922165822570240
1,2,323,GEMM(14,7,2),1777922184881064704,1777922189356729088,1777922162850261760
1,2,324,GEMM(15,7,2),1777922189362435840,1777922193874751232,1777922184881101568
1,2,333,SYRK(9,9,2),1777922189362057984,1777922193234428672,1777922184881144576
1,2,334,GEMM(10,9,2),1777922189362268928,1777922193400957696,1777922184881125120
1,2,335,GEMM(11,9,2),1777922189362273024,1777922193400948480,1777922184881206016
1,2,336,GEMM(12,9,2),1777922189690443520,1777922193874752256,1777922184881102592
1,2,337,GEMM(13,9,2),1777922189362266880,1777922193400964864,1777922184881101568
1,2,338,GEMM(14,9,2),1777922189362266880,1777922193400959744,1777922184881101568
1,2,339,GEMM(15,9,2),1777922189524150016,1777922193874752256,1777922184881124096
1,2,346,SYRK(11,11,2),1777922191307689728,1777922194197956352,1777922189357116160
1,2,347,GEMM(12,11,2),1777922191307690752,1777922194203065088,1777922189357154048
1,2,348,GEMM(13,11,2),1777922189690518272,1777922194197952256,1777922189357115136
1,2,349,GEMM(14,11,2),1777922189690457856,1777922194197952256,1777922189357108992
1,2,350,GEMM(15,11,2),1777922192590984960,1777922194204758784,1777922189357271808
1,2,355,SYRK(13,13,2),1777922189362056960,1777922191960002304,1777922184881102592
1,2,356,GEMM(14,13,2),1777922189362266880,1777922193400956672,1777922184881101568
1,2,357,GEMM(15,13,2),1777922189690444544,1777922194197952256,1777922189357054720
1,2,360,SYRK(15,15,2),1777922190003139328,1777922194197955328,1777922189357137664
1,2,361,POTRF(3),1777922189357153024,1777922193873270528,0
1,2,362,TRSM(4,3),1777922189357129472,1777922195422881536,0
1,2,363,TRSM(5,3),1777922189357113088,1777922195429425920,0
1,2,364,TRSM(6,3),1777922189357192960,1777922195425957632,0
1,2,365,TRSM(7,3),1777922193873270528,1777922195869531904,0
1,2,366,TRSM(8,3),1777922189357162240,1777922195422882560,0
1,2,367,TRSM(9,3),1777922189357052672,1777922195422435072,0
1,2,368,TRSM(10,3),1777922189357138688,1777922195422435072,0
1,2,369,TRSM(11,3),1777922189362280192,1777922195745905408,0
1,2,370,TRSM(12,3),1777922194468795136,1777922197081923328,0
1,2,371,TRSM(13,3),1777922194976569088,1777922197004436224,0
1,2,372,TRSM(14,3),1777922194493264640,1777922197159583488,0
1,2,373,TRSM(15,3),1777922195397660416,1777922197240750848,0
1,2,386,SYRK(5,5,3),1777922194481134336,1777922195384291072,0
1,2,387,GEMM(6,5,3),1777922194444185344,1777922195186955008,0
1,2,388,GEMM(7,5,3),1777922194456514304,1777922195187316480,0
1,2,389,GEMM(8,5,3),1777922194988689152,1777922195398228736,0
1,2,390,GEMM(9,5,3),1777922196055220992,1777922196748194560,0
1,2,391,GEMM(10,5,3),1777922196067534592,1777922196748608256,0
1,2,392,GEMM(11,5,3),1777922196079857408,1777922196748928768,0
1,2,393,GEMM(12,5,3),1777922196761309952,1777922196997943040,0
1,2,394,GEMM(13,5,3),1777922194481134336,1777922195384291072,0
1,2,395,GEMM(14,5,3),1777922194444185344,1777922195186955008,0
1,2,396,GEMM(15,5,3),1777922194456514304,1777922195187316480,0
1,2,407,SYRK(7,7,3),1777922194988689152,1777922195399298816,0
1,2,408,GEMM(8,7,3),1777922196055220992,1777922196748194560,0
1,2,409,GEMM(9,7,3),1777922196067535616,1777922196748609280,0
1,2,410,GEMM(10,7,3),1777922196079857408,1777922196761837312,0
1,2,411,GEMM(11,7,3),1777922196761309952,1777922196997943040,0
1,2,412,GEMM(12,7,3),1777922194481135360,1777922195385848576,0
1,2,413,GEMM(13,7,3),1777922194444185344,1777922195187316480,0
1,2,414,GEMM(14,7,3),1777922194456514304,1777922195187406592,0
1,2,415,GEMM(15,7,3),1777922194988690176,1777922195398228736,0
1,2,424,SYRK(9,9,3),1777922196055220992,1777922196748608256,0
1,2,425,GEMM(10,9,3),1777922196067535616,1777922196748928768,0
1,2,426,GEMM(11,9,3),1777922196079857408,1777922196748928768,0
1,2,427,GEMM(12,9,3),1777922196761309952,1777922196998920960,0
1,2,428,GEMM(13,9,3),1777922195744441088,1777922195869530880,0
1,2,429,GEMM(14,9,3),1777922195425955584,1777922195746921216,0
1,2,430,GEMM(15,9,3),1777922195425956608,1777922195746921216,0
1,2,437,SYRK(11,11,3),1777922195869530880,1777922195951602432,0
1,2,438,GEMM(12,11,3),1777922197082610432,1777922197239461632,0
1,2,439,GEMM(13,11,3),1777922197004447488,1777922197161072384,0
1,2,440,GEMM(14,11,3),1777922197161087744,1777922197317632768,0
1,2,441,GEMM(15,11,3),1777922197240765184,1777922197319950080,0
1,2,446,SYRK(13,13,3),1777922195744441088,1777922195869614848,0
1,2,447,GEMM(14,13,3),1777922195425955584,1777922195746921216,0
1,2,448,GEMM(15,13,3),1777922195425956608,1777922195864494848,0
1,2,451,SYRK(15,15,3),1777922195869530880,1777922195952477952,0
1,2,464,SYRK(5,5,4),1777922209029354240,1777922214540365568,1777922197082610432
1,2,465,GEMM(6,5,4),1777922209029369600,1777922214540362496,1777922197081339648
1,2,466,GEMM(7,5,4),1777922209029348096,1777922214540388096,1777922197238468352
1,2,467,GEMM(8,5,4),1777922209029246720,1777922214540360448,1777922197317631744
1,2,468,GEMM(9,5,4),1777922209029340928,1777922214540372736,1777922195744441088
1,2,469,GEMM(10,5,4),1777922209029349120,1777922214540400384,1777922195425956608
1,2,470,GEMM(11,5,4),1777922209029360384,1777922214540364544,1777922195425956608
1,2,471,GEMM(12,5,4),1777922209029350144,1777922214540380928,1777922195869530880
1,2,472,GEMM(13,5,4),1777922214540570368,1777922218406271744,1777922197082610432
1,2,473,GEMM(14,5,4),1777922214540601088,1777922218408001280,1777922197081340672
1,2,474,GEMM(15,5,4),1777922214540569344,1777922218406271744,1777922197238468352
1,2,485,SYRK(7,7,4),1777922208869389056,1777922214540432128,1777922197317631744
1,2,486,GEMM(8,7,4),1777922209029348096,1777922214540455680,1777922195744441088
1,2,487,GEMM(9,7,4),1777922209029347072,1777922214540368640,1777922195425956608
1,2,488,GEMM(10,7,4),1777922209029337856,1777922214540363520,1777922195425956608
1,2,489,GEMM(11,7,4),1777922209029349120,1777922214540401408,1777922195869530880
1,2,490,GEMM(12,7,4),1777922209029367552,1777922214540388096,1777922197082611456
1,2,491,GEMM(13,7,4),1777922214540430080,1777922218406270720,1777922197081340672
1,2,492,GEMM(14,7,4),1777922214540559104,1777922218406271744,1777922197238469376
1,2,493,GEMM(15,7,4),1777922214540567296,1777922218406271744,1777922197317631744
1,2,502,SYRK(9,9,4),1777922209029340928,1777922214540378880,1777922195949597440
1,2,503,GEMM(10,9,4),1777922209029349120,1777922214540410624,1777922195864494848
1,2,504,GEMM(11,9,4),1777922209029480192,1777922218403298048,1777922195864494848
1,2,505,GEMM(12,9,4),1777922209029326592,1777922214540419840,1777922195951928064
1,2,506,GEMM(13,9,4),1777922214540652288,1777922219224073984,1777922197239467776
1,2,507,GEMM(14,9,4),1777922214540579584,1777922218406308608,1777922197161078528
1,2,508,GEMM(15,9,4),1777922214540562176,1777922218406309632,1777922197317636864
1,2,515,SYRK(11,11,4),1777922209029488384,1777922214540412672,1777922197319954176
1,2,516,GEMM(12,11,4),1777922209029361408,1777922214540362496,1777922195950612224
1,2,517,GEMM(13,11,4),1777922214540648192,1777922218408589056,1777922195864494848
1,2,518,GEMM(14,11,4),1777922214540534528,1777922218406271744,1777922195869531904
1,2,519,GEMM(15,11,4),1777922214540545792,1777922218406271744,1777922195952483072
1,2,524,SYRK(13,13,4),1777922218408628992,1777922219389665024,1777922214540612352
1,2,525,GEMM(14,13,4),1777922218408627968,1777922219225719552,1777922214540585728
1,2,526,GEMM(15,13,4),1777922218408628992,1777922219225720576,1777922214540586752
1,2,529,SYRK(15,15,4),1777922219225088768,1777922219391758080,1777922214867497728
1,2,530,POTRF(5),1777922214540560128,1777922219225719552,0
1,2,531,TRSM(6,5),1777922214540628736,1777922221003429632,0
1,2,532,TRSM(7,5),1777922214540613376,1777922221000096512,0
1,2,533,TRSM(8,5),1777922214540606208,1777922221003502336,0
1,2,534,TRSM(9,5),1777922218422529792,1777922221048725248,0
1,2,535,TRSM(10,5),1777922218422529792,1777922221048192768,0
1,2,536,TRSM(11,5),1777922218422529792,1777922221046960896,0
1,2,537,TRSM(12,5),1777922214867456768,1777922221006686976,0
1,2,538,TRSM(13,5),1777922218406271744,1777922221007165184,0
1,2,539,TRSM(14,5),1777922219631019776,1777922221994991360,0
1,2,540,TRSM(15,5),1777922219655871232,1777922221994991360,0
1,2,551,SYRK(7,7,5),1777922219643546368,1777922220076919552,0
1,2,552,GEMM(8,7,5),1777922220311642880,1777922220982918912,0
1,2,553,GEMM(9,7,5),1777922220298857216,1777922220982395648,0
1,2,554,GEMM(10,7,5),1777922220286542592,1777922220981781248,0
1,2,555,GEMM(11,7,5),1777922219668105984,1777922220274999040,0
1,2,556,GEMM(12,7,5),1777922219840336640,1777922220299678464,0
1,2,557,GEMM(13,7,5),1777922221482062592,1777922221972825856,0
1,2,558,GEMM(14,7,5),1777922221494385408,1777922221973015296,0
1,2,559,GEMM(15,7,5),1777922219643547392,1777922220076919552,0
1,2,568,SYRK(9,9,5),1777922220311642880,1777922220982918912,0
1,2,569,GEMM(10,9,5),1777922220298857216,1777922220981991168,0
1,2,570,GEMM(11,9,5),1777922220286542592,1777922220981782272,0
1,2,571,GEMM(12,9,5),1777922219668105984,1777922220274999040,0
1,2,572,GEMM(13,9,5),1777922219840337664,1777922220312126208,0
1,2,573,GEMM(14,9,5),1777922221482062592,1777922221972825856,0
1,2,574,GEMM(15,9,5),1777922221494386432,1777922221973015296,0
1,2,581,SYRK(11,11,5),1777922219643547392,1777922220076919552,0
1,2,582,GEMM(12,11,5),1777922220311642880,1777922220983663360,0
1,2,583,GEMM(13,11,5),1777922220298857216,1777922220981991168,0
1,2,584,GEMM(14,11,5),1777922220286543616,1777922220981991168,0
1,2,585,GEMM(15,11,5),1777922219668105984,1777922220299678464,0
1,2,590,SYRK(13,13,5),1777922219840337664,1777922220299678464,0
1,2,591,GEMM(14,13,5),1777922221482063616,1777922221973014272,0
1,2,592,GEMM(15,13,5),1777922221494386432,1777922221973015296,0
1,2,595,SYRK(15,15,5),1777922221007224576,1777922221064282880,0
1,2,606,SYRK(7,7,6),1777922221065070336,1777922221308456704,1777922221048963840
1,2,607,GEMM(8,7,6),1777922237346152192,1777922240773960448,1777922221048724224
1,2,608,GEMM(9,7,6),1777922232590668544,1777922234469985024,1777922221048504064
1,2,609,GEMM(10,7,6),1777922232590668544,1777922237346161408,1777922221046959872
1,2,610,GEMM(11,7,6),1777922237346266880,1777922240773960448,1777922221046959872
1,2,611,GEMM(12,7,6),1777922233550116608,1777922237346247424,1777922222031220480
1,2,612,GEMM(13,7,6),1777922233550116608,1777922237346151168,1777922222031221504
1,2,613,GEMM(14,7,6),1777922237346150144,1777922240773960448,1777922221007224576
1,2,614,GEMM(15,7,6),1777922233550116608,1777922237346165504,1777922221048963840
1,2,623,SYRK(9,9,6),1777922232348487424,1777922234022657792,1777922221048724224
1,2,624,GEMM(10,9,6),1777922232590778112,1777922237346149120,1777922221048504064
1,2,625,GEMM(11,9,6),1777922237346150144,1777922240773960448,1777922221046959872
1,2,626,GEMM(12,9,6),1777922233550116608,1777922237346151168,1777922221046959872
1,2,627,GEMM(13,9,6),1777922233550116608,1777922237346154240,1777922222031221504
1,2,628,GEMM(14,9,6),1777922237346164480,1777922240773960448,1777922222031221504
1,2,629,GEMM(15,9,6),1777922233072108288,1777922237346151168,1777922221007224576
1,2,636,SYRK(11,11,6),1777922237346153216,1777922240773961472,1777922221048963840
1,2,637,GEMM(12,11,6),1777922237346175744,1777922240773960448,1777922221048725248
1,2,638,GEMM(13,11,6),1777922237346160384,1777922240773960448,1777922221048504064
1,2,639,GEMM(14,11,6),1777922237346150144,1777922240773960448,1777922221046959872
1,2,640,GEMM(15,11,6),1777922237346150144,1777922240773960448,1777922221046959872
1,2,645,SYRK(13,13,6),1777922233550116608,1777922237346151168,1777922222031221504
1,2,646,GEMM(14,13,6),1777922237346150144,1777922240773961472,1777922222031221504
1,2,647,GEMM(15,13,6),1777922233550116608,1777922237346151168,1777922221007224576
1,2,650,SYRK(15,15,6),1777922233550188288,1777922240773959424,1777922221048963840
1,2,651,POTRF(7),1777922221048725248,1777922221307504384,0
1,2,652,TRSM(8,7),1777922221048504064,1777922222075232000,0
1,2,653,TRSM(9,7),1777922221046959872,1777922222071610112,0
1,2,654,TRSM(10,7),1777922221046959872,1777922222071610112,0
1,2,655,TRSM(11,7),1777922222031221504,1777922222155588352,0
1,2,656,TRSM(12,7),1777922222031221504,1777922222156477184,0
1,2,657,TRSM(13,7),1777922221065070336,1777922222078639872,0
1,2,658,TRSM(14,7),1777922221309427456,1777922222079862528,0
1,2,659,TRSM(15,7),1777922241166053120,1777922247026532096,0
1,2,668,SYRK(9,9,7),1777922237346150144,1777922241009158912,0
1,2,669,GEMM(10,9,7),1777922240695474944,1777922241166055168,0
1,2,670,GEMM(11,9,7),1777922241166054144,1777922241678088960,0
1,2,671,GEMM(12,9,7),1777922240773958400,1777922241166056192,0
1,2,672,GEMM(13,9,7),1777922237346325248,1777922241166055168,0
1,2,673,GEMM(14,9,7),1777922241166053120,1777922241678087936,0
1,2,674,GEMM(15,9,7),1777922240695474944,1777922241166055168,0
1,2,681,SYRK(11,11,7),1777922246182441728,1777922246265858816,0
1,2,682,GEMM(12,11,7),1777922240695474944,1777922241166055168,0
1,2,683,GEMM(13,11,7),1777922241166052096,1777922241678087936,0
1,2,684,GEMM(14,11,7),1777922241166054144,1777922245230428928,0
1,2,685,GEMM(15,11,7),1777922240773959424,1777922241677314816,0
1,2,690,SYRK(13,13,7),1777922241166053120,1777922241678087936,0
1,2,691,GEMM(14,13,7),1777922241166053120,1777922241678088960,0
1,2,692,GEMM(15,13,7),1777922241166053120,1777922241678087936,0
1,2,695,SYRK(15,15,7),1777922246182441728,1777922246289920768,0
1,2,704,SYRK(9,9,8),1777922241679361792,1777922245232573184,1777922241166052096
1,2,705,GEMM(10,9,8),1777922241679361792,1777922245232573184,1777922241166052096
1,2,706,GEMM(11,9,8),1777922244131036928,1777922245941673728,1777922241166054144
1,2,707,GEMM(12,9,8),1777922241679361792,1777922245232573184,1777922240773959424
1,2,708,GEMM(13,9,8),1777922241679375104,1777922245862377216,1777922241166053120
1,2,709,GEMM(14,9,8),1777922241679375104,1777922245863987968,1777922241166053120
1,2,710,GEMM(15,9,8),1777922241679362816,1777922245232574208,1777922241166052096
1,2,717,SYRK(11,11,8),1777922246289920768,1777922246817415936,1777922246182441728
1,2,718,GEMM(12,11,8),1777922241679361792,1777922245232573184,1777922241166052096
1,2,719,GEMM(13,11,8),1777922241679361792,1777922245232573184,1777922241166053120
1,2,720,GEMM(14,11,8),1777922244129765120,1777922245863984896,1777922241166054144
1,2,721,GEMM(15,11,8),1777922241679361792,1777922245232573184,1777922240773959424
1,2,726,SYRK(13,13,8),1777922241679375104,1777922245862440704,1777922241166053120
1,2,727,GEMM(14,13,8),1777922241679375104,1777922245862387456,1777922241166054144
1,2,728,GEMM(15,13,8),1777922241679361792,1777922245232574208,1777922241166053120
1,2,731,SYRK(15,15,8),1777922247122036480,1777922247466715904,1777922247027314432
1,2,732,POTRF(9),1777922241166055168,1777922245862402816,0
1,2,733,TRSM(10,9),1777922241677313792,1777922247027315456,0
1,2,734,TRSM(11,9),1777922241679375104,1777922247122036480,0
1,2,735,TRSM(12,9),1777922241677313792,1777922247107581696,0
1,2,736,TRSM(13,9),1777922241677313792,1777922247112358656,0
1,2,737,TRSM(14,9),1777922241679375104,1777922247112358656,0
1,2,738,TRSM(15,9),1777922241677313792,1777922247027510016,0
1,2,745,SYRK(11,11,9),1777922247027314432,1777922247118813952,0
1,2,746,GEMM(12,11,9),1777922241679374080,1777922245232574208,0
1,2,747,GEMM(13,11,9),1777922246277549824,1777922246817415936,0
1,2,748,GEMM(14,11,9),1777922246697114368,1777922246991527680,0
1,2,749,GEMM(15,11,9),1777922246302190336,1777922246975040256,0
1,2,754,SYRK(13,13,9),1777922246314403584,1777922246990470912,0
1,2,755,GEMM(14,13,9),1777922246684881664,1777922246990975744,0
1,2,756,GEMM(15,13,9),1777922246289878784,1777922246817415936,0
1,2,759,SYRK(15,15,9),1777922247027315456,1777922247122036480,0
1,2,766,SYRK(11,11,10),1777922254119422720,1777922254874803968,1777922245863824128
1,2,767,GEMM(12,11,10),1777922254119422720,1777922254874803968,1777922246277549824
1,2,768,GEMM(13,11,10),1777922254875008768,1777922257564805888,1777922246697113344
1,2,769,GEMM(14,11,10),1777922254119422720,1777922257564805888,1777922246302190336
1,2,770,GEMM(15,11,10),1777922254875008768,1777922257564806912,1777922246314403584
1,2,775,SYRK(13,13,10),1777922254875009792,1777922257564836608,1777922246684881664
1,2,776,GEMM(14,13,10),1777922254875008768,1777922257564805888,1777922246289877760
1,2,777,GEMM(15,13,10),1777922254875009792,1777922257564806912,1777922247027315456
1,2,780,SYRK(15,15,10),1777922254875076352,1777922257570362112,1777922245863824128
1,2,781,POTRF(11),1777922246277550848,1777922247005460224,0
1,2,782,TRSM(12,11),1777922246697114368,1777922247740062464,0
1,2,783,TRSM(13,11),1777922246302190336,1777922247739663104,0
1,2,784,TRSM(14,11),1777922246314403584,1777922247739653888,0
1,2,785,TRSM(15,11),1777922246684881664,1777922247739623168,0
1,2,790,SYRK(13,13,11),1777922246289878784,1777922246817415936,0
1,2,791,GEMM(14,13,11),1777922247467380480,1777922247547638528,0
1,2,792,GEMM(15,13,11),1777922245864132352,1777922245944929024,0
1,2,795,SYRK(15,15,11),1777922247118813952,1777922247450394368,0
1,2,800,SYRK(13,13,12),1777922254874996480,1777922257564807936,1777922247709375232
1,2,801,GEMM(14,13,12),1777922254875009792,1777922257564806912,1777922247684971264
1,2,802,GEMM(15,13,12),1777922254874997504,1777922257564805888,1777922247697301248
1,2,805,SYRK(15,15,12),1777922254874894080,1777922257564805888,1777922247672698624
1,2,806,POTRF(13),1777922247118814976,1777922247546855168,0
1,2,807,TRSM(14,13),1777922247467380480,1777922247755475712,0
1,2,808,TRSM(15,13),1777922245864132352,1777922247450770176,0
1,2,811,SYRK(15,15,13),1777922247118813952,1777922247450768128,0
1,2,814,SYRK(15,15,14),1777922254875007744,1777922257564808960,1777922247709375232
1,2,815,POTRF(15),1777922247684972288,1777922247730109184,0
1,3,16,SYRK(1,1,0),1777922258851066880,1777922264048590848,1777922258267265024
1,3,17,GEMM(2,1,0),1777922259025735680,1777922264048596992,1777922258267270144
1,3,18,GEMM(3,1,0),1777922259025718272,1777922264048593920,1777922258267274240
1,3,19,GEMM(4,1,0),1777922259025779712,1777922268514531328,1777922258267278336
1,3,20,GEMM(5,1,0),1777922259025718272,1777922264048591872,1777922258267282432
1,3,21,GEMM(6,1,0),1777922259025727488,1777922264048593920,1777922258267286528
1,3,22,GEMM(7,1,0),1777922259025726464,1777922264048599040,1777922258267290624
1,3,23,GEMM(8,1,0),1777922259025726464,1777922264048593920,1777922258267294720
1,3,24,GEMM(9,1,0),1777922264048827392,1777922268514532352,1777922258267297792
1,3,25,GEMM(10,1,0),1777922264048838656,1777922268514533376,1777922258267301888
1,3,26,GEMM(11,1,0),1777922264048678912,1777922268514532352,1777922258267305984
1,3,27,GEMM(12,1,0),1777922264048833536,1777922268514539520,1777922258267309056
1,3,28,GEMM(13,1,0),1777922264048818176,1777922268514533376,1777922258267313152
1,3,29,GEMM(14,1,0),1777922264048797696,1777922268514532352,1777922258267317248
1,3,30,GEMM(15,1,0),1777922264048807936,1777922270947674112,1777922258267321344
1,3,45,SYRK(3,3,0),1777922259025717248,1777922264048620544,1777922258267324416
1,3,46,GEMM(4,3,0),1777922259025718272,1777922264048591872,1777922258267334656
1,3,47,GEMM(5,3,0),1777922259025726464,1777922264048592896,1777922258267337728
1,3,48,GEMM(6,3,0),1777922259025737728,1777922264048603136,1777922258267342848
1,3,49,GEMM(7,3,0),1777922259025718272,1777922264048593920,1777922258267345920
1,3,50,GEMM(8,3,0),1777922259025737728,1777922264048600064,1777922258267350016
1,3,51,GEMM(9,3,0),1777922264048796672,1777922268514548736,1777922258267353088
1,3,52,GEMM(10,3,0),1777922264048796672,1777922268514555904,1777922258267358208
1,3,53,GEMM(11,3,0),1777922264048833536,1777922268514533376,1777922258267361280
1,3,54,GEMM(12,3,0),1777922264048809984,1777922268514532352,1777922258267365376
1,3,55,GEMM(13,3,0),1777922264048801792,1777922268514532352,1777922258267369472
1,3,56,GEMM(14,3,0),1777922264048801792,1777922268514538496,1777922258267372544
1,3,57,GEMM(15,3,0),1777922264048846848,1777922268514533376,1777922258267376640
1,3,70,SYRK(5,5,0),1777922259025719296,1777922264048591872,1777922258267380736
1,3,71,GEMM(6,5,0),1777922259025727488,1777922264048645120,1777922258267384832
1,3,72,GEMM(7,5,0),1777922259025718272,1777922264048591872,1777922258267388928
1,3,73,GEMM(8,5,0),1777922259025719296,1777922264048599040,1777922258267393024
1,3,74,GEMM(9,5,0),1777922268515609600,1777922274712795136,1777922264375299072
1,3,75,GEMM(10,5,0),1777922268515346432,1777922270947796992,1777922264048859136
1,3,76,GEMM(11,5,0),1777922268515529728,1777922271113318400,1777922268514531328
1,3,77,GEMM(12,5,0),1777922270947675136,1777922275692004352,1777922268514929664
1,3,78,GEMM(13,5,0),1777922268515357696,1777922270947675136,1777922264375299072
1,3,79,GEMM(14,5,0),1777922268515479552,1777922270947677184,1777922264375299072
1,3,80,GEMM(15,5,0),1777922268515345408,1777922270947676160,1777922264375299072
1,3,91,SYRK(7,7,0),1777922268515244032,1777922270947675136,1777922264375336960
1,3,92,GEMM(8,7,0),1777922270947676160,1777922275692004352,1777922268514869248
1,3,93,GEMM(9,7,0),1777922270947676160,1777922275365459968,1777922268514919424
1,3,94,GEMM(10,7,0),1777922270947675136,1777922276320271360,1777922268515018752
1,3,95,GEMM(11,7,0),1777922273432891392,1777922276963237888,1777922268515134464
1,3,96,GEMM(12,7,0),1777922270947676160,1777922275692004352,1777922268514960384
1,3,97,GEMM(13,7,0),1777922271113318400,1777922276963236864,1777922268514973696
1,3,98,GEMM(14,7,0),1777922276963404800,1777922277940681728,1777922274712793088
1,3,99,GEMM(15,7,0),1777922268515492864,1777922271113321472,1777922264375299072
1,3,108,SYRK(9,9,0),1777922270292293632,1777922275365513216,1777922268514910208
1,3,109,GEMM(10,9,0),1777922270947688448,1777922275692004352,1777922268514923520
1,3,110,GEMM(11,9,0),1777922271742006272,1777922276963237888,1777922268515141632
1,3,111,GEMM(12,9,0),1777922273432891392,1777922276963237888,1777922268515068928
1,3,112,GEMM(13,9,0),1777922271113411584,1777922276963236864,1777922268514964480
1,3,113,GEMM(14,9,0),1777922270947716096,1777922276320271360,1777922268514972672
1,3,114,GEMM(15,9,0),1777922276963402752,1777922277940681728,1777922274712794112
1,3,121,SYRK(11,11,0),1777922270947674112,1777922276963047424,1777922268514971648
1,3,122,GEMM(12,11,0),1777922270947675136,1777922275692004352,1777922268514910208
1,3,123,GEMM(13,11,0),1777922270947676160,1777922276320271360,1777922268514923520
1,3,124,GEMM(14,11,0),1777922274712833024,1777922276963237888,1777922268515067904
1,3,125,GEMM(15,11,0),1777922274712795136,1777922277939994624,1777922268515067904
1,3,130,SYRK(13,13,0),1777922270947675136,1777922275692004352,1777922268514971648
1,3,131,GEMM(14,13,0),1777922270947678208,1777922276320271360,1777922268515001344
1,3,132,GEMM(15,13,0),1777922276963402752,1777922277940681728,1777922274712794112
1,3,135,SYRK(15,15,0),1777922270947676160,1777922276320271360,1777922268514979840
1,3,136,POTRF(1),1777922276963047424,1777922277943331840,0
1,3,137,TRSM(2,1),1777922274712795136,1777922278743715840,0
1,3,138,TRSM(3,1),1777922275038884864,1777922278733843456,0
1,3,139,TRSM(4,1),1777922276963236864,1777922278753418240,0
1,3,140,TRSM(5,1),1777922274712793088,1777922278733910016,0
1,3,141,TRSM(6,1),1777922274712794112,1777922278740493312,0
1,3,142,TRSM(7,1),1777922274712794112,1777922278750184448,0
1,3,143,TRSM(8,1),1777922274712793088,1777922278743539712,0
1,3,144,TRSM(9,1),1777922276963603456,1777922278753418240,0
1,3,145,TRSM(10,1),1777922278220020736,1777922281418938368,0
1,3,146,TRSM(11,1),1777922278195396608,1777922280751855616,0
1,3,147,TRSM(12,1),1777922278256977920,1777922281496783872,0
1,3,148,TRSM(13,1),1777922278183067648,1777922280751860736,0
1,3,149,TRSM(14,1),1777922278207730688,1777922280751863808,0
1,3,150,TRSM(15,1),1777922278244642816,1777922281418938368,0
1,3,165,SYRK(3,3,1),1777922278232244224,1777922278703940608,0
1,3,166,GEMM(4,3,1),1777922278269369344,1777922278705369088,0
1,3,167,GEMM(5,3,1),1777922279339963392,1777922280739329024,0
1,3,168,GEMM(6,3,1),1777922279315607552,1777922280503918592,0
1,3,169,GEMM(7,3,1),1777922279797438464,1777922280740060160,0
1,3,170,GEMM(8,3,1),1777922279303290880,1777922280502961152,0
1,3,171,GEMM(9,3,1),1777922279327913984,1777922280739329024,0
1,3,172,GEMM(10,3,1),1777922279352115200,1777922280739505152,0
1,3,173,GEMM(11,3,1),1777922278232243200,1777922278703940608,0
1,3,174,GEMM(12,3,1),1777922278269369344,1777922278705992704,0
1,3,175,GEMM(13,3,1),1777922279339963392,1777922280739329024,0
1,3,176,GEMM(14,3,1),1777922279315606528,1777922280503918592,0
1,3,177,GEMM(15,3,1),1777922279797438464,1777922280740060160,0
1,3,190,SYRK(5,5,1),1777922279303291904,1777922280503918592,0
1,3,191,GEMM(6,5,1),1777922279327912960,1777922280738825216,0
1,3,192,GEMM(7,5,1),1777922279352115200,1777922280739505152,0
1,3,193,GEMM(8,5,1),1777922278232243200,1777922278705220608,0
1,3,194,GEMM(9,5,1),1777922278269369344,1777922278705369088,0
1,3,195,GEMM(10,5,1),1777922279339963392,1777922280739505152,0
1,3,196,GEMM(11,5,1),1777922279315607552,1777922280504045568,0
1,3,197,GEMM(12,5,1),1777922279797438464,1777922280740636672,0
1,3,198,GEMM(13,5,1),1777922279303290880,1777922280502962176,0
1,3,199,GEMM(14,5,1),1777922279327912960,1777922280738825216,0
1,3,200,GEMM(15,5,1),1777922279352115200,1777922280740060160,0
1,3,211,SYRK(7,7,1),1777922278754222080,1777922278955412480,0
1,3,212,GEMM(8,7,1),1777922278953766912,1777922279154006016,0
1,3,213,GEMM(9,7,1),1777922281419044864,1777922281889632256,0
1,3,214,GEMM(10,7,1),1777922280751865856,1777922281419028480,0
1,3,215,GEMM(11,7,1),1777922281889650688,1777922282124385280,0
1,3,216,GEMM(12,7,1),1777922280828763136,1777922281419028480,0
1,3,217,GEMM(13,7,1),1777922280828764160,1777922281419028480,0
1,3,218,GEMM(14,7,1),1777922281496782848,1777922281889633280,0
1,3,219,GEMM(15,7,1),1777922278754222080,1777922278955412480,0
1,3,228,SYRK(9,9,1),1777922278953766912,1777922279154006016,0
1,3,229,GEMM(10,9,1),1777922281496781824,1777922281889633280,0
1,3,230,GEMM(11,9,1),1777922280828763136,1777922281419028480,0
1,3,231,GEMM(12,9,1),1777922281967477760,1777922282124385280,0
1,3,232,GEMM(13,9,1),1777922280828763136,1777922281419028480,0
1,3,233,GEMM(14,9,1),1777922280828764160,1777922281419028480,0
1,3,234,GEMM(15,9,1),1777922281496782848,1777922281889633280,0
1,3,241,SYRK(11,11,1),1777922278754222080,1777922278955412480,0
1,3,242,GEMM(12,11,1),1777922278953766912,1777922279154651136,0
1,3,243,GEMM(13,11,1),1777922281496782848,1777922281889633280,0
1,3,244,GEMM(14,11,1),1777922280828763136,1777922281419028480,0
1,3,245,GEMM(15,11,1),1777922281967477760,1777922282126699520,0
1,3,250,SYRK(13,13,1),1777922280828764160,1777922281419028480,0
1,3,251,GEMM(14,13,1),1777922280828764160,1777922281496783872,0
1,3,252,GEMM(15,13,1),1777922281496782848,1777922281967477760,0
1,3,255,SYRK(15,15,1),1777922278754223104,1777922279154006016,0
1,3,270,SYRK(3,3,2),1777922296423824384,1777922301145439232,1777922278953767936
1,3,271,GEMM(4,3,2),1777922296423782400,1777922301145441280,1777922281496782848
1,3,272,GEMM(5,3,2),1777922296423788544,1777922301145440256,1777922280828763136
1,3,273,GEMM(6,3,2),1777922296423786496,1777922301145441280,1777922281967477760
1,3,274,GEMM(7,3,2),1777922296423832576,1777922301145441280,1777922280828764160
1,3,275,GEMM(8,3,2),1777922296423796736,1777922301145441280,1777922280828764160
1,3,276,GEMM(9,3,2),1777922296423786496,1777922301145444352,1777922281496782848
1,3,277,GEMM(10,3,2),1777922296423631872,1777922301145440256,1777922279153460224
1,3,278,GEMM(11,3,2),1777922301145646080,1777922305608170496,1777922279154603008
1,3,279,GEMM(12,3,2),1777922301145506816,1777922305608150016,1777922281889639424
1,3,280,GEMM(13,3,2),1777922301145666560,1777922305608152064,1777922281419031552
1,3,281,GEMM(14,3,2),1777922301145604096,1777922305608203264,1777922282124389376
1,3,282,GEMM(15,3,2),1777922301145631744,1777922305608233984,1777922281419039744
1,3,295,SYRK(5,5,2),1777922296423831552,1777922301145442304,1777922281419036672
1,3,296,GEMM(6,5,2),1777922296423796736,1777922301145441280,1777922281889642496
1,3,297,GEMM(7,5,2),1777922296423760896,1777922301145439232,1777922279153460224
1,3,298,GEMM(8,5,2),1777922296423760896,1777922301145439232,1777922279154603008
1,3,299,GEMM(9,5,2),1777922296423794688,1777922301145441280,1777922281889639424
1,3,300,GEMM(10,5,2),1777922296735059968,1777922305608148992,1777922281419032576
1,3,301,GEMM(11,5,2),1777922301145657344,1777922305608151040,1777922282124389376
1,3,302,GEMM(12,5,2),1777922301145622528,1777922305608198144,1777922281419039744
1,3,303,GEMM(13,5,2),1777922301145590784,1777922305608156160,1777922281419036672
1,3,304,GEMM(14,5,2),1777922301145607168,1777922305608151040,1777922281889642496
1,3,305,GEMM(15,5,2),1777922301145646080,1777922305608156160,1777922279153460224
1,3,316,SYRK(7,7,2),1777922295938106368,1777922300834258944,1777922279154698240
1,3,317,GEMM(8,7,2),1777922296423793664,1777922301145441280,1777922281889640448
1,3,318,GEMM(9,7,2),1777922295938106368,1777922296423549952,1777922281419032576
1,3,319,GEMM(10,7,2),1777922296423782400,1777922301145439232,1777922282126704640
1,3,320,GEMM(11,7,2),1777922301145590784,1777922305608221696,1777922281419039744
1,3,321,GEMM(12,7,2),1777922301145655296,1777922307069028352,1777922281889632256
1,3,322,GEMM(13,7,2),1777922301145590784,1777922305608150016,1777922282124384256
1,3,323,GEMM(14,7,2),1777922301145590784,1777922305608150016,1777922279154603008
1,3,324,GEMM(15,7,2),1777922305608489984,1777922308512126976,1777922301145646080
1,3,333,SYRK(9,9,2),1777922307069028352,1777922309154123776,1777922301447569408
1,3,334,GEMM(10,9,2),1777922307543126016,1777922310447458304,1777922301447572480
1,3,335,GEMM(11,9,2),1777922307069029376,1777922309154130944,1777922301145689088
1,3,336,GEMM(12,9,2),1777922305608503296,1777922307069029376,1777922301145647104
1,3,337,GEMM(13,9,2),1777922305608489984,1777922307069029376,1777922301145647104
1,3,338,GEMM(14,9,2),1777922307069029376,1777922309154169856,1777922301447569408
1,3,339,GEMM(15,9,2),1777922305608488960,1777922307069029376,1777922301145662464
1,3,346,SYRK(11,11,2),1777922308517558272,1777922310450455552,1777922305608612864
1,3,347,GEMM(12,11,2),1777922309154123776,1777922310450794496,1777922305608702976
1,3,348,GEMM(13,11,2),1777922307543093248,1777922309505532928,1777922305608549376
1,3,349,GEMM(14,11,2),1777922309157176320,1777922310451420160,1777922305608655872
1,3,350,GEMM(15,11,2),1777922309154123776,1777922310450794496,1777922305608613888
1,3,355,SYRK(13,13,2),1777922305608501248,1777922307069029376,1777922301145646080
1,3,356,GEMM(14,13,2),1777922307068364800,1777922308517583872,1777922301447572480
1,3,357,GEMM(15,13,2),1777922307069029376,1777922309503326208,1777922301447570432
1,3,360,SYRK(15,15,2),1777922308517558272,1777922310450794496,1777922305608616960
1,3,361,POTRF(3),1777922305608680448,1777922310450455552,0
1,3,362,TRSM(4,3),1777922305608560640,1777922311796700160,0
1,3,363,TRSM(5,3),1777922305608656896,1777922311672948736,0
1,3,364,TRSM(6,3),1777922305608626176,1777922311672259584,0
1,3,365,TRSM(7,3),1777922305608550400,1777922311672683520,0
1,3,366,TRSM(8,3),1777922305608507392,1777922311672259584,0
1,3,367,TRSM(9,3),1777922305608549376,1777922311672726528,0
1,3,368,TRSM(10,3),1777922305608619008,1777922311672948736,0
1,3,369,TRSM(11,3),1777922308512125952,1777922311796700160,0
1,3,370,TRSM(12,3),1777922310961981440,1777922313487043584,0
1,3,371,TRSM(13,3),1777922310925076480,1777922313405861888,0
1,3,372,TRSM(14,3),1777922310702654464,1777922313250705408,0
1,3,373,TRSM(15,3),1777922310937639936,1777922313328924672,0
1,3,386,SYRK(5,5,3),1777922310689909760,1777922310925655040,0
1,3,387,GEMM(6,5,3),1777922310912751616,1777922311446189056,0
1,3,388,GEMM(7,5,3),1777922310949755904,1777922311643547648,0
1,3,389,GEMM(8,5,3),1777922311210253312,1777922311646231552,0
1,3,390,GEMM(9,5,3),1777922313045069824,1777922313244032000,0
1,3,391,GEMM(10,5,3),1777922312314056704,1777922313032603648,0
1,3,392,GEMM(11,5,3),1777922312301493248,1777922312797062144,0
1,3,393,GEMM(12,5,3),1777922312561588224,1777922313033366528,0
1,3,394,GEMM(13,5,3),1777922310689909760,1777922310925655040,0
1,3,395,GEMM(14,5,3),1777922310912751616,1777922311446189056,0
1,3,396,GEMM(15,5,3),1777922310949755904,1777922311643547648,0
1,3,407,SYRK(7,7,3),1777922311210253312,1777922311646971904,0
1,3,408,GEMM(8,7,3),1777922313045069824,1777922313244032000,0
1,3,409,GEMM(9,7,3),1777922312314056704,1777922313033366528,0
1,3,410,GEMM(10,7,3),1777922312301494272,1777922312797062144,0
1,3,411,GEMM(11,7,3),1777922312561589248,1777922313045403648,0
1,3,412,GEMM(12,7,3),1777922310689909760,1777922310937856000,0
1,3,413,GEMM(13,7,3),1777922310912751616,1777922311446738944,0
1,3,414,GEMM(14,7,3),1777922310949755904,1777922311645169664,0
1,3,415,GEMM(15,7,3),1777922311210253312,1777922311646231552,0
1,3,424,SYRK(9,9,3),1777922313045402624,1777922313245646848,0
1,3,425,GEMM(10,9,3),1777922312314056704,1777922313032603648,0
1,3,426,GEMM(11,9,3),1777922312301494272,1777922312797317120,0
1,3,427,GEMM(12,9,3),1777922312561589248,1777922313033366528,0
1,3,428,GEMM(13,9,3),1777922311672947712,1777922311958086656,0
1,3,429,GEMM(14,9,3),1777922311675851776,1777922311959015424,0
1,3,430,GEMM(15,9,3),1777922311958086656,1777922312116170752,0
1,3,437,SYRK(11,11,3),1777922312113843200,1777922312197696512,0
1,3,438,GEMM(12,11,3),1777922313487053824,1777922313566249984,0
1,3,439,GEMM(13,11,3),1777922313407360000,1777922313563933696,0
1,3,440,GEMM(14,11,3),1777922313250716672,1777922313407344640,0
1,3,441,GEMM(15,11,3),1777922313328935936,1777922313485997056,0
1,3,446,SYRK(13,13,3),1777922311672947712,1777922311958914048,0
1,3,447,GEMM(14,13,3),1777922311675851776,1777922312113844224,0
1,3,448,GEMM(15,13,3),1777922311958086656,1777922312197696512,0
1,3,451,SYRK(15,15,3),1777922312113843200,1777922312198835200,0
1,3,464,SYRK(5,5,4),1777922325094581248,1777922326357350400,1777922313563932672
1,3,465,GEMM(6,5,4),1777922325094580224,1777922326357349376,1777922313484773376
1,3,466,GEMM(7,5,4),1777922326357618688,1777922334609887232,1777922313327641600
1,3,467,GEMM(8,5,4),1777922325094581248,1777922326357354496,1777922313405860864
1,3,468,GEMM(9,5,4),1777922325094582272,1777922334609885184,1777922311672947712
1,3,469,GEMM(10,5,4),1777922326357586944,1777922334609885184,1777922311675852800
1,3,470,GEMM(11,5,4),1777922326357597184,1777922334609886208,1777922311958086656
1,3,471,GEMM(12,5,4),1777922326357677056,1777922334609888256,1777922312113843200
1,3,472,GEMM(13,5,4),1777922326357609472,1777922334609887232,1777922313563932672
1,3,473,GEMM(14,5,4),1777922326357682176,1777922335257513984,1777922313484773376
1,3,474,GEMM(15,5,4),1777922326357586944,1777922334609885184,1777922313327641600
1,3,485,SYRK(7,7,4),1777922326357597184,1777922334609886208,1777922313405861888
1,3,486,GEMM(8,7,4),1777922326357603328,1777922334609886208,1777922311672948736
1,3,487,GEMM(9,7,4),1777922326357597184,1777922334609886208,1777922311675852800
1,3,488,GEMM(10,7,4),1777922326357597184,1777922334609886208,1777922311958087680
1,3,489,GEMM(11,7,4),1777922326357597184,1777922334609886208,1777922312113843200
1,3,490,GEMM(12,7,4),1777922326357597184,1777922334609885184,1777922313563932672
1,3,491,GEMM(13,7,4),1777922326357601280,1777922334609887232,1777922313484773376
1,3,492,GEMM(14,7,4),1777922326357619712,1777922334609888256,1777922313327641600
1,3,493,GEMM(15,7,4),1777922326357616640,1777922334609887232,1777922313405861888
1,3,502,SYRK(9,9,4),1777922325094582272,1777922326357350400,1777922312113843200
1,3,503,GEMM(10,9,4),1777922326357600256,1777922334609886208,1777922312113843200
1,3,504,GEMM(11,9,4),1777922326357609472,1777922334609943552,1777922312197605376
1,3,505,GEMM(12,9,4),1777922326357585920,1777922334609895424,1777922312198256640
1,3,506,GEMM(13,9,4),1777922326357600256,1777922334609887232,1777922313566255104
1,3,507,GEMM(14,9,4),1777922326357586944,1777922334609952768,1777922313563937792
1,3,508,GEMM(15,9,4),1777922326357600256,1777922334609925120,1777922313407352832
1,3,515,SYRK(11,11,4),1777922326357614592,1777922334609887232,1777922313486001152
1,3,516,GEMM(12,11,4),1777922326357586944,1777922334609885184,1777922312113843200
1,3,517,GEMM(13,11,4),1777922326357586944,1777922334609885184,1777922312196196352
1,3,518,GEMM(14,11,4),1777922326357608448,1777922334609941504,1777922312198256640
1,3,519,GEMM(15,11,4),1777922326357590016,1777922334609885184,1777922312198844416
1,3,524,SYRK(13,13,4),1777922334610079744,1777922335257513984,1777922326357621760
1,3,525,GEMM(14,13,4),1777922334609948672,1777922335257513984,1777922326357477376
1,3,526,GEMM(15,13,4),1777922335272265728,1777922335600223232,1777922334610127872
1,3,529,SYRK(15,15,4),1777922334610084864,1777922335272966144,1777922326357615616
1,3,530,POTRF(5),1777922334610121728,1777922335599926272,0
1,3,531,TRSM(6,5),1777922334610154496,1777922337249790976,0
1,3,532,TRSM(7,5),1777922334610171904,1777922337210228736,0
1,3,533,TRSM(8,5),1777922334610147328,1777922337210057728,0
1,3,534,TRSM(9,5),1777922334610136064,1777922337210228736,0
1,3,535,TRSM(10,5),1777922335272264704,1777922337257298944,0
1,3,536,TRSM(11,5),1777922334610120704,1777922337254056960,0
1,3,537,TRSM(12,5),1777922334610092032,1777922337210228736,0
1,3,538,TRSM(13,5),1777922335257536512,1777922337257298944,0
1,3,539,TRSM(14,5),1777922335890441216,1777922338233839616,0
1,3,540,TRSM(15,5),1777922335878161408,1777922338221652992,0
1,3,551,SYRK(7,7,5),1777922335841235968,1777922336520610816,0
1,3,552,GEMM(8,7,5),1777922335866005504,1777922337188340736,0
1,3,553,GEMM(9,7,5),1777922336074599424,1777922337189854208,0
1,3,554,GEMM(10,7,5),1777922336062322688,1777922337189776384,0
1,3,555,GEMM(11,7,5),1777922335853768704,1777922336990729216,0
1,3,556,GEMM(12,7,5),1777922336322120704,1777922337190037504,0
1,3,557,GEMM(13,7,5),1777922337727795200,1777922338203535360,0
1,3,558,GEMM(14,7,5),1777922337708967936,1777922338203447296,0
1,3,559,GEMM(15,7,5),1777922335841236992,1777922336520813568,0
1,3,568,SYRK(9,9,5),1777922335866006528,1777922337189402624,0
1,3,569,GEMM(10,9,5),1777922336074599424,1777922337189854208,0
1,3,570,GEMM(11,9,5),1777922336062322688,1777922337189776384,0
1,3,571,GEMM(12,9,5),1777922335853769728,1777922336990729216,0
1,3,572,GEMM(13,9,5),1777922336322120704,1777922337191445504,0
1,3,573,GEMM(14,9,5),1777922337727795200,1777922338203535360,0
1,3,574,GEMM(15,9,5),1777922337708967936,1777922338202650624,0
1,3,581,SYRK(11,11,5),1777922335841236992,1777922336520610816,0
1,3,582,GEMM(12,11,5),1777922335866005504,1777922337188340736,0
1,3,583,GEMM(13,11,5),1777922336074600448,1777922337190037504,0
1,3,584,GEMM(14,11,5),1777922336062322688,1777922337189853184,0
1,3,585,GEMM(15,11,5),1777922335853769728,1777922336991393792,0
1,3,590,SYRK(13,13,5),1777922336322120704,1777922337190037504,0
1,3,591,GEMM(14,13,5),1777922337727795200,1777922338203825152,0
1,3,592,GEMM(15,13,5),1777922337708967936,1777922338202651648,0
1,3,595,SYRK(15,15,5),1777922337210271744,1777922337257298944,0
1,3,606,SYRK(7,7,6),1777922337257654272,1777922337531865088,1777922337249789952
1,3,607,GEMM(8,7,6),1777922349998047232,1777922354895776768,1777922337257793536
1,3,608,GEMM(9,7,6),1777922348896528384,1777922349997760512,1777922337257502720
1,3,609,GEMM(10,7,6),1777922349998046208,1777922354895774720,1777922337249790976
1,3,610,GEMM(11,7,6),1777922354896118784,1777922357556304896,1777922337257794560
1,3,611,GEMM(12,7,6),1777922348514456576,1777922349997849600,1777922338258910208
1,3,612,GEMM(13,7,6),1777922349998043136,1777922354895752192,1777922338257961984
1,3,613,GEMM(14,7,6),1777922349998035968,1777922354895750144,1777922337210271744
1,3,614,GEMM(15,7,6),1777922349998043136,1777922354895785984,1777922337249789952
1,3,623,SYRK(9,9,6),1777922348896640000,1777922349997761536,1777922337257793536
1,3,624,GEMM(10,9,6),1777922349998048256,1777922354895755264,1777922337257502720
1,3,625,GEMM(11,9,6),1777922354896049152,1777922357556304896,1777922337249790976
1,3,626,GEMM(12,9,6),1777922348896642048,1777922354895750144,1777922337257794560
1,3,627,GEMM(13,9,6),1777922349998052352,1777922354895752192,1777922338258910208
1,3,628,GEMM(14,9,6),1777922349998046208,1777922354895752192,1777922338257961984
1,3,629,GEMM(15,9,6),1777922349998047232,1777922354895752192,1777922337210271744
1,3,636,SYRK(11,11,6),1777922354896028672,1777922357556303872,1777922337249790976
1,3,637,GEMM(12,11,6),1777922354896122880,1777922357556304896,1777922337257793536
1,3,638,GEMM(13,11,6),1777922354896070656,1777922357556303872,1777922337257502720
1,3,639,GEMM(14,11,6),1777922354896049152,1777922357556303872,1777922337249790976
1,3,640,GEMM(15,11,6),1777922354896049152,1777922357556303872,1777922337257794560
1,3,645,SYRK(13,13,6),1777922349998046208,1777922354895752192,1777922338258910208
1,3,646,GEMM(14,13,6),1777922349997870080,1777922354895750144,1777922338257963008
1,3,647,GEMM(15,13,6),1777922349998042112,1777922354895771648,1777922337210271744
1,3,650,SYRK(15,15,6),1777922349998146560,1777922357242528768,1777922337249790976
1,3,651,POTRF(7),1777922337257794560,1777922337534431232,0
1,3,652,TRSM(8,7),1777922337257502720,1777922338298346496,0
1,3,653,TRSM(9,7),1777922337249790976,1777922338298314752,0
1,3,654,TRSM(10,7),1777922337257794560,1777922338304995328,0
1,3,655,TRSM(11,7),1777922338258911232,1777922338382297088,0
1,3,656,TRSM(12,7),1777922338257963008,1777922338382941184,0
1,3,657,TRSM(13,7),1777922337257502720,1777922338301983744,0
1,3,658,TRSM(14,7),1777922337532949504,1777922338301984768,0
1,3,659,TRSM(15,7),1777922354896118784,1777922363211717632,0
1,3,668,SYRK(9,9,7),1777922349998064640,1777922354895752192,0
1,3,669,GEMM(10,9,7),1777922354896090112,1777922357556304896,0
1,3,670,GEMM(11,9,7),1777922357557355520,1777922359590337536,0
1,3,671,GEMM(12,9,7),1777922349998082048,1777922354895755264,0
1,3,672,GEMM(13,9,7),1777922354896112640,1777922357557134336,0
1,3,673,GEMM(14,9,7),1777922355059727360,1777922357557354496,0
1,3,674,GEMM(15,9,7),1777922354896065536,1777922357556304896,0
1,3,681,SYRK(11,11,7),1777922362366556160,1777922362461814784,0
1,3,682,GEMM(12,11,7),1777922355059728384,1777922357557354496,0
1,3,683,GEMM(13,11,7),1777922357557355520,1777922359590335488,0
1,3,684,GEMM(14,11,7),1777922357557355520,1777922359590335488,0
1,3,685,GEMM(15,11,7),1777922355059727360,1777922357557355520,0
1,3,690,SYRK(13,13,7),1777922354896184320,1777922357557354496,0
1,3,691,GEMM(14,13,7),1777922355059806208,1777922359590047744,0
1,3,692,GEMM(15,13,7),1777922357557356544,1777922359590786048,0
1,3,695,SYRK(15,15,7),1777922362366556160,1777922362486258688,0
1,3,704,SYRK(9,9,8),1777922359590789120,1777922362049390592,1777922357557354496
1,3,705,GEMM(10,9,8),1777922359667693568,1777922362049747968,1777922357557355520
1,3,706,GEMM(11,9,8),1777922359682505728,1777922362049748992,1777922357557356544
1,3,707,GEMM(12,9,8),1777922357557405696,1777922359590786048,1777922355059728384
1,3,708,GEMM(13,9,8),1777922357557355520,1777922359590047744,1777922354896114688
1,3,709,GEMM(14,9,8),1777922357557405696,1777922359590786048,1777922355059728384
1,3,710,GEMM(15,9,8),1777922359682505728,1777922362049748992,1777922357557356544
1,3,717,SYRK(11,11,8),1777922362575972352,1777922363018622976,1777922362366556160
1,3,718,GEMM(12,11,8),1777922359590786048,1777922362049747968,1777922357557355520
1,3,719,GEMM(13,11,8),1777922359682505728,1777922362049747968,1777922357557355520
1,3,720,GEMM(14,11,8),1777922359682505728,1777922362049748992,1777922357557356544
1,3,721,GEMM(15,11,8),1777922357557405696,1777922359590786048,1777922355059728384
1,3,726,SYRK(13,13,8),1777922357557355520,1777922359590047744,1777922354896118784
1,3,727,GEMM(14,13,8),1777922357557405696,1777922360142363648,1777922355059728384
1,3,728,GEMM(15,13,8),1777922359682506752,1777922362050271232,1777922357557356544
1,3,731,SYRK(15,15,8),1777922363381423104,1777922363644895232,1777922363218597888
1,3,732,POTRF(9),1777922357557355520,1777922362049390592,0
1,3,733,TRSM(10,9),1777922357557355520,1777922363212313600,0
1,3,734,TRSM(11,9),1777922359682506752,1777922363625664512,0
1,3,735,TRSM(12,9),1777922355059728384,1777922363212313600,0
1,3,736,TRSM(13,9),1777922357557356544,1777922363215354880,0
1,3,737,TRSM(14,9),1777922358355524608,1777922363381423104,0
1,3,738,TRSM(15,9),1777922357557356544,1777922363219088384,0
1,3,745,SYRK(11,11,9),1777922363218597888,1777922363301182464,0
1,3,746,GEMM(12,11,9),1777922359590047744,1777922360447010816,0
1,3,747,GEMM(13,11,9),1777922362461814784,1777922362976738304,0
1,3,748,GEMM(14,11,9),1777922363002652672,1777922363179015168,0
1,3,749,GEMM(15,11,9),1777922362473959424,1777922362977539072,0
1,3,754,SYRK(13,13,9),1777922362486258688,1777922362990998528,0
1,3,755,GEMM(14,13,9),1777922362990465024,1777922363178023936,0
1,3,756,GEMM(15,13,9),1777922362498561024,1777922362990998528,0
1,3,759,SYRK(15,15,9),1777922363218597888,1777922363389225984,0
1,3,766,SYRK(11,11,10),1777922370303961088,1777922371059241984,1777922362049970176
1,3,767,GEMM(12,11,10),1777922370303961088,1777922371059241984,1777922362461814784
1,3,768,GEMM(13,11,10),1777922371059444736,1777922373749785600,1777922363002651648
1,3,769,GEMM(14,11,10),1777922370303961088,1777922373749793792,1777922362473960448
1,3,770,GEMM(15,11,10),1777922371059445760,1777922373749808128,1777922362486258688
1,3,775,SYRK(13,13,10),1777922371059439616,1777922373749790720,1777922362990464000
1,3,776,GEMM(14,13,10),1777922371059440640,1777922373749785600,1777922362498561024
1,3,777,GEMM(15,13,10),1777922371059445760,1777922373749786624,1777922363218598912
1,3,780,SYRK(15,15,10),1777922371059445760,1777922373749786624,1777922362050062336
1,3,781,POTRF(11),1777922362461814784,1777922363177880576,0
1,3,782,TRSM(12,11),1777922363002652672,1777922363917221888,0
1,3,783,TRSM(13,11),1777922362473959424,1777922363917008896,0
1,3,784,TRSM(14,11),1777922362486258688,1777922363917156352,0
1,3,785,TRSM(15,11),1777922362990465024,1777922363917237248,0
1,3,790,SYRK(13,13,11),1777922362498561024,1777922362990998528,0
1,3,791,GEMM(14,13,11),1777922363645039616,1777922363725922304,0
1,3,792,GEMM(15,13,11),1777922362050062336,1777922362130780160,0
1,3,795,SYRK(15,15,11),1777922363299217408,1777922363389227008,0
1,3,800,SYRK(13,13,12),1777922371059445760,1777922373749916672,1777922363887300608
1,3,801,GEMM(14,13,12),1777922371059445760,1777922373749786624,1777922363849991168
1,3,802,GEMM(15,13,12),1777922371059439616,1777922373749785600,1777922363862641664
1,3,805,SYRK(15,15,12),1777922371059445760,1777922373754828800,1777922363874969600
1,3,806,POTRF(13),1777922363381423104,1777922363724293120,0
1,3,807,TRSM(14,13),1777922363645039616,1777922363933031424,0
1,3,808,TRSM(15,13),1777922362050062336,1777922363644643328,0
1,3,811,SYRK(15,15,13),1777922363299217408,1777922363625664512,0
1,3,814,SYRK(15,15,14),1777922371059328000,1777922373749890048,1777922363887300608
1,3,815,POTRF(15),1777922363849992192,1777922363908503552,0
1,4,16,SYRK(1,1,0),1777922375033205760,1777922380254277632,1777922374452657152
1,4,17,GEMM(2,1,0),1777922375210344448,1777922380254277632,1777922374452663296
1,4,18,GEMM(3,1,0),1777922375210361856,1777922380254279680,1777922374452667392
1,4,19,GEMM(4,1,0),1777922375210385408,1777922380254278656,1777922374452671488
1,4,20,GEMM(5,1,0),1777922375210366976,1777922384727031808,1777922374452675584
1,4,21,GEMM(6,1,0),1777922375210360832,1777922380254280704,1777922374452679680
1,4,22,GEMM(7,1,0),1777922375210360832,1777922380254279680,1777922374452684800
1,4,23,GEMM(8,1,0),1777922375210368000,1777922380254280704,1777922374452688896
1,4,24,GEMM(9,1,0),1777922380254488576,1777922384727032832,1777922374452691968
1,4,25,GEMM(10,1,0),1777922380254349312,1777922384727031808,1777922374452696064
1,4,26,GEMM(11,1,0),1777922380254488576,1777922384727035904,1777922374452699136
1,4,27,GEMM(12,1,0),1777922380254488576,1777922384727042048,1777922374452703232
1,4,28,GEMM(13,1,0),1777922380254488576,1777922384727034880,1777922374452707328
1,4,29,GEMM(14,1,0),1777922380254488576,1777922384727032832,1777922374452711424
1,4,30,GEMM(15,1,0),1777922380254512128,1777922387132765184,1777922374452715520
1,4,45,SYRK(3,3,0),1777922375210371072,1777922380254280704,1777922374452718592
1,4,46,GEMM(4,3,0),1777922375210353664,1777922380254278656,1777922374452722688
1,4,47,GEMM(5,3,0),1777922375210353664,1777922380254278656,1777922374452726784
1,4,48,GEMM(6,3,0),1777922375210356736,1777922380254281728,1777922374452729856
1,4,49,GEMM(7,3,0),1777922375210360832,1777922380254278656,1777922374452733952
1,4,50,GEMM(8,3,0),1777922375210352640,1777922380254278656,1777922374452738048
1,4,51,GEMM(9,3,0),1777922380254477312,1777922384727061504,1777922374452742144
1,4,52,GEMM(10,3,0),1777922380254478336,1777922384727097344,1777922374452745216
1,4,53,GEMM(11,3,0),1777922380254488576,1777922384727032832,1777922374452749312
1,4,54,GEMM(12,3,0),1777922380254488576,1777922384727033856,1777922374452753408
1,4,55,GEMM(13,3,0),1777922380254488576,1777922384727032832,1777922374452757504
1,4,56,GEMM(14,3,0),1777922380254500864,1777922384727042048,1777922374452760576
1,4,57,GEMM(15,3,0),1777922380254478336,1777922384727031808,1777922374452764672
1,4,70,SYRK(5,5,0),1777922375210360832,1777922380254280704,1777922374452768768
1,4,71,GEMM(6,5,0),1777922375210361856,1777922380254392320,1777922374452771840
1,4,72,GEMM(7,5,0),1777922375210360832,1777922380254280704,1777922374452775936
1,4,73,GEMM(8,5,0),1777922375210365952,1777922380254281728,1777922374452780032
1,4,74,GEMM(9,5,0),1777922384727984128,1777922389672396800,1777922380254594048
1,4,75,GEMM(10,5,0),1777922384727794688,1777922387465183232,1777922380254516224
1,4,76,GEMM(11,5,0),1777922384727874560,1777922387132766208,1777922380254543872
1,4,77,GEMM(12,5,0),1777922384727794688,1777922387132766208,1777922380254538752
1,4,78,GEMM(13,5,0),1777922387132765184,1777922391281612800,1777922384727462912
1,4,79,GEMM(14,5,0),1777922384727869440,1777922387132766208,1777922380254561280
1,4,80,GEMM(15,5,0),1777922384727810048,1777922387132767232,1777922380566693888
1,4,91,SYRK(7,7,0),1777922384727693312,1777922387132766208,1777922380254540800
1,4,92,GEMM(8,7,0),1777922387132766208,1777922390953040896,1777922384727438336
1,4,93,GEMM(9,7,0),1777922389672394752,1777922393197434880,1777922384727518208
1,4,94,GEMM(10,7,0),1777922387465092096,1777922393196985344,1777922384727493632
1,4,95,GEMM(11,7,0),1777922387132766208,1777922390953031680,1777922384727469056
1,4,96,GEMM(12,7,0),1777922387132766208,1777922391281559552,1777922384727451648
1,4,97,GEMM(13,7,0),1777922388397606912,1777922393197221888,1777922384727471104
1,4,98,GEMM(14,7,0),1777922393197662208,1777922394181287936,1777922389672395776
1,4,99,GEMM(15,7,0),1777922384727794688,1777922387132766208,1777922380254518272
1,4,108,SYRK(9,9,0),1777922386805954560,1777922390953032704,1777922384727441408
1,4,109,GEMM(10,9,0),1777922389203778560,1777922393197221888,1777922384727518208
1,4,110,GEMM(11,9,0),1777922389672394752,1777922393197434880,1777922384727517184
1,4,111,GEMM(12,9,0),1777922387132767232,1777922393196984320,1777922384727450624
1,4,112,GEMM(13,9,0),1777922387299465216,1777922393196989440,1777922384727453696
1,4,113,GEMM(14,9,0),1777922387132766208,1777922391906297856,1777922384727476224
1,4,114,GEMM(15,9,0),1777922393197663232,1777922394181287936,1777922389672395776
1,4,121,SYRK(11,11,0),1777922387132765184,1777922391281585152,1777922384727382016
1,4,122,GEMM(12,11,0),1777922389672395776,1777922394180119552,1777922384727441408
1,4,123,GEMM(13,11,0),1777922389672395776,1777922393197434880,1777922384727519232
1,4,124,GEMM(14,11,0),1777922387465086976,1777922393196985344,1777922384727518208
1,4,125,GEMM(15,11,0),1777922387465086976,1777922393197221888,1777922384727450624
1,4,130,SYRK(13,13,0),1777922386805954560,1777922389999030272,1777922384727454720
1,4,131,GEMM(14,13,0),1777922389203836928,1777922393197434880,1777922384727493632
1,4,132,GEMM(15,13,0),1777922393197663232,1777922394181287936,1777922389672395776
1,4,135,SYRK(15,15,0),1777922387132764160,1777922391906297856,1777922384727390208
1,4,136,POTRF(1),1777922393196984320,1777922394183614464,0
1,4,137,TRSM(2,1),1777922390953030656,1777922394986803200,0
1,4,138,TRSM(3,1),1777922389672394752,1777922394976683008,0
1,4,139,TRSM(4,1),1777922389672395776,1777922394990625792,0
1,4,140,TRSM(5,1),1777922393197220864,1777922394990059520,0
1,4,141,TRSM(6,1),1777922389672395776,1777922394977173504,0
1,4,142,TRSM(7,1),1777922389672395776,1777922394980228096,0
1,4,143,TRSM(8,1),1777922389672394752,1777922394976979968,0
1,4,144,TRSM(9,1),1777922393197662208,1777922394990443520,0
1,4,145,TRSM(10,1),1777922394472525824,1777922397460764672,0
1,4,146,TRSM(11,1),1777922394422777856,1777922396991345664,0
1,4,147,TRSM(12,1),1777922394706895872,1777922398129352704,0
1,4,148,TRSM(13,1),1777922394484829184,1777922397226690560,0
1,4,149,TRSM(14,1),1777922394447726592,1777922397460764672,0
1,4,150,TRSM(15,1),1777922394460292096,1777922397225547776,0
1,4,165,SYRK(3,3,1),1777922394435400704,1777922394708199424,0
1,4,166,GEMM(4,3,1),1777922394694673408,1777922394945350656,0
1,4,167,GEMM(5,3,1),1777922396496251904,1777922396980162560,0
1,4,168,GEMM(6,3,1),1777922395542836224,1777922396248564736,0
1,4,169,GEMM(7,3,1),1777922396508524544,1777922396981207040,0
1,4,170,GEMM(8,3,1),1777922395567506432,1777922396496577536,0
1,4,171,GEMM(9,3,1),1777922395815101440,1777922396496907264,0
1,4,172,GEMM(10,3,1),1777922395555397632,1777922396496577536,0
1,4,173,GEMM(11,3,1),1777922394435399680,1777922394708199424,0
1,4,174,GEMM(12,3,1),1777922394694673408,1777922394945350656,0
1,4,175,GEMM(13,3,1),1777922396496251904,1777922396981207040,0
1,4,176,GEMM(14,3,1),1777922395542835200,1777922396248116224,0
1,4,177,GEMM(15,3,1),1777922396508524544,1777922396981207040,0
1,4,190,SYRK(5,5,1),1777922395567506432,1777922396496577536,0
1,4,191,GEMM(6,5,1),1777922395815101440,1777922396509012992,0
1,4,192,GEMM(7,5,1),1777922395555396608,1777922396484078592,0
1,4,193,GEMM(8,5,1),1777922394435400704,1777922394708639744,0
1,4,194,GEMM(9,5,1),1777922394694673408,1777922394946269184,0
1,4,195,GEMM(10,5,1),1777922396496251904,1777922396980162560,0
1,4,196,GEMM(11,5,1),1777922395542836224,1777922396248117248,0
1,4,197,GEMM(12,5,1),1777922396508524544,1777922396981893120,0
1,4,198,GEMM(13,5,1),1777922395567506432,1777922396496907264,0
1,4,199,GEMM(14,5,1),1777922395815101440,1777922396496907264,0
1,4,200,GEMM(15,5,1),1777922395555396608,1777922396484079616,0
1,4,211,SYRK(7,7,1),1777922394990442496,1777922395194712064,0
1,4,212,GEMM(8,7,1),1777922395194712064,1777922395393915904,0
1,4,213,GEMM(9,7,1),1777922397658828800,1777922398129352704,0
1,4,214,GEMM(10,7,1),1777922396991442944,1777922397226592256,0
1,4,215,GEMM(11,7,1),1777922398129369088,1777922398364628992,0
1,4,216,GEMM(12,7,1),1777922397460763648,1777922397658828800,0
1,4,217,GEMM(13,7,1),1777922397658828800,1777922398129352704,0
1,4,218,GEMM(14,7,1),1777922397226717184,1777922397461405696,0
1,4,219,GEMM(15,7,1),1777922394990442496,1777922395194712064,0
1,4,228,SYRK(9,9,1),1777922395194712064,1777922395394953216,0
1,4,229,GEMM(10,9,1),1777922397658828800,1777922398129353728,0
1,4,230,GEMM(11,9,1),1777922396991442944,1777922397226593280,0
1,4,231,GEMM(12,9,1),1777922398207706112,1777922398364628992,0
1,4,232,GEMM(13,9,1),1777922397460763648,1777922397658828800,0
1,4,233,GEMM(14,9,1),1777922397658828800,1777922398129352704,0
1,4,234,GEMM(15,9,1),1777922397226717184,1777922397461405696,0
1,4,241,SYRK(11,11,1),1777922394990442496,1777922395194712064,0
1,4,242,GEMM(12,11,1),1777922395194712064,1777922395393915904,0
1,4,243,GEMM(13,11,1),1777922397658828800,1777922398207707136,0
1,4,244,GEMM(14,11,1),1777922396991442944,1777922397461405696,0
1,4,245,GEMM(15,11,1),1777922398207706112,1777922398366946304,0
1,4,250,SYRK(13,13,1),1777922397460763648,1777922398129352704,0
1,4,251,GEMM(14,13,1),1777922397658828800,1777922398129352704,0
1,4,252,GEMM(15,13,1),1777922397226717184,1777922397658828800,0
1,4,255,SYRK(15,15,1),1777922394990442496,1777922395393201152,0
1,4,270,SYRK(3,3,2),1777922412321721344,1777922415535968256,1777922395194712064
1,4,271,GEMM(4,3,2),1777922412321670144,1777922415535901696,1777922397658828800
1,4,272,GEMM(5,3,2),1777922412321669120,1777922415535898624,1777922396991442944
1,4,273,GEMM(6,3,2),1777922412321658880,1777922415535898624,1777922398207706112
1,4,274,GEMM(7,3,2),1777922412321670144,1777922415535900672,1777922397460763648
1,4,275,GEMM(8,3,2),1777922415536300032,1777922422962065408,1777922397658828800
1,4,276,GEMM(9,3,2),1777922412321672192,1777922415535900672,1777922397226717184
1,4,277,GEMM(10,3,2),1777922415536180224,1777922421824344064,1777922395391766528
1,4,278,GEMM(11,3,2),1777922415536199680,1777922421824345088,1777922395394368512
1,4,279,GEMM(12,3,2),1777922415536201728,1777922421824346112,1777922398129363968
1,4,280,GEMM(13,3,2),1777922415536214016,1777922421824346112,1777922397226717184
1,4,281,GEMM(14,3,2),1777922415536214016,1777922421824346112,1777922398364634112
1,4,282,GEMM(15,3,2),1777922415536207872,1777922421824345088,1777922398129351680
1,4,295,SYRK(5,5,2),1777922412161739776,1777922415535897600,1777922398129357824
1,4,296,GEMM(6,5,2),1777922412321670144,1777922421824364544,1777922397658635264
1,4,297,GEMM(7,5,2),1777922412321659904,1777922415535898624,1777922395391766528
1,4,298,GEMM(8,5,2),1777922415536200704,1777922421824345088,1777922395395214336
1,4,299,GEMM(9,5,2),1777922412321670144,1777922415535900672,1777922398129363968
1,4,300,GEMM(10,5,2),1777922415536214016,1777922421824347136,1777922397226717184
1,4,301,GEMM(11,5,2),1777922415536199680,1777922421824415744,1777922398364634112
1,4,302,GEMM(12,5,2),1777922415536216064,1777922421824346112,1777922398129351680
1,4,303,GEMM(13,5,2),1777922415536211968,1777922421824347136,1777922398129357824
1,4,304,GEMM(14,5,2),1777922415536200704,1777922421824345088,1777922397658635264
1,4,305,GEMM(15,5,2),1777922415536200704,1777922421824345088,1777922395391766528
1,4,316,SYRK(7,7,2),1777922412321580032,1777922415535898624,1777922395395214336
1,4,317,GEMM(8,7,2),1777922415536292864,1777922421824347136,1777922398364627968
1,4,318,GEMM(9,7,2),1777922412321670144,1777922415535898624,1777922397658635264
1,4,319,GEMM(10,7,2),1777922415536200704,1777922421824349184,1777922398366951424
1,4,320,GEMM(11,7,2),1777922415536180224,1777922421824345088,1777922398129361920
1,4,321,GEMM(12,7,2),1777922415536200704,1777922421824345088,1777922398129358848
1,4,322,GEMM(13,7,2),1777922415536200704,1777922421824431104,1777922398129351680
1,4,323,GEMM(14,7,2),1777922415536199680,1777922421824345088,1777922395393977344
1,4,324,GEMM(15,7,2),1777922421824697344,1777922422962065408,1777922415536224256
1,4,333,SYRK(9,9,2),1777922421824701440,1777922422962065408,1777922415536235520
1,4,334,GEMM(10,9,2),1777922421824811008,1777922423587604480,1777922415536214016
1,4,335,GEMM(11,9,2),1777922421824709632,1777922422962065408,1777922415536214016
1,4,336,GEMM(12,9,2),1777922422962085888,1777922425825823744,1777922415536236544
1,4,337,GEMM(13,9,2),1777922426146799616,1777922426645277696,1777922422962267136
1,4,338,GEMM(14,9,2),1777922422962085888,1777922425181446144,1777922415536235520
1,4,339,GEMM(15,9,2),1777922422975852544,1777922425825823744,1777922421824771072
1,4,346,SYRK(11,11,2),1777922422975851520,1777922425825823744,1777922421824736256
1,4,347,GEMM(12,11,2),1777922422975852544,1777922425825823744,1777922421824709632
1,4,348,GEMM(13,11,2),1777922425820237824,1777922426644927488,1777922421824940032
1,4,349,GEMM(14,11,2),1777922422975851520,1777922425825823744,1777922421824812032
1,4,350,GEMM(15,11,2),1777922423583519744,1777922425825823744,1777922421824847872
1,4,355,SYRK(13,13,2),1777922426146806784,1777922426645588992,1777922422962267136
1,4,356,GEMM(14,13,2),1777922423583518720,1777922426151855104,1777922421824882688
1,4,357,GEMM(15,13,2),1777922422975852544,1777922425825823744,1777922421824785408
1,4,360,SYRK(15,15,2),1777922422975851520,1777922425825823744,1777922421824737280
1,4,361,POTRF(3),1777922421824760832,1777922425181521920,0
1,4,362,TRSM(4,3),1777922421824866304,1777922427869144064,0
1,4,363,TRSM(5,3),1777922421824818176,1777922427862509568,0
1,4,364,TRSM(6,3),1777922421824856064,1777922427869144064,0
1,4,365,TRSM(7,3),1777922422962267136,1777922428032557056,0
1,4,366,TRSM(8,3),1777922421824811008,1777922427862727680,0
1,4,367,TRSM(9,3),1777922421824787456,1777922427862510592,0
1,4,368,TRSM(10,3),1777922421824771072,1777922427862727680,0
1,4,369,TRSM(11,3),1777922422962084864,1777922428027392000,0
1,4,370,TRSM(12,3),1777922426945187840,1777922429443438592,0
1,4,371,TRSM(13,3),1777922426884119552,1777922429601072128,0
1,4,372,TRSM(14,3),1777922426933268480,1777922429522672640,0
1,4,373,TRSM(15,3),1777922427205184512,1777922429679288320,0
1,4,386,SYRK(5,5,3),1777922426920943616,1777922427837372416,0
1,4,387,GEMM(6,5,3),1777922426896428032,1777922427639503872,0
1,4,388,GEMM(7,5,3),1777922426908759040,1777922427837153280,0
1,4,389,GEMM(8,5,3),1777922427192868864,1777922427838016512,0
1,4,390,GEMM(9,5,3),1777922428507403264,1777922429188295680,0
1,4,391,GEMM(10,5,3),1777922428494835712,1777922428952119296,0
1,4,392,GEMM(11,5,3),1777922428754954240,1777922429188756480,0
1,4,393,GEMM(12,5,3),1777922429200896000,1777922429438288896,0
1,4,394,GEMM(13,5,3),1777922426920943616,1777922427837372416,0
1,4,395,GEMM(14,5,3),1777922426896428032,1777922427639503872,0
1,4,396,GEMM(15,5,3),1777922426908759040,1777922427837153280,0
1,4,407,SYRK(7,7,3),1777922427192868864,1777922427838016512,0
1,4,408,GEMM(8,7,3),1777922428507403264,1777922429188295680,0
1,4,409,GEMM(9,7,3),1777922428494835712,1777922428952119296,0
1,4,410,GEMM(10,7,3),1777922428754954240,1777922429200897024,0
1,4,411,GEMM(11,7,3),1777922429200896000,1777922429437399040,0
1,4,412,GEMM(12,7,3),1777922426920943616,1777922427837593600,0
1,4,413,GEMM(13,7,3),1777922426896428032,1777922427639503872,0
1,4,414,GEMM(14,7,3),1777922426908759040,1777922427837372416,0
1,4,415,GEMM(15,7,3),1777922427192869888,1777922427839463424,0
1,4,424,SYRK(9,9,3),1777922428507403264,1777922429188756480,0
1,4,425,GEMM(10,9,3),1777922428494835712,1777922428952900608,0
1,4,426,GEMM(11,9,3),1777922428754954240,1777922429188756480,0
1,4,427,GEMM(12,9,3),1777922429200896000,1777922429437399040,0
1,4,428,GEMM(13,9,3),1777922428027390976,1777922428308843520,0
1,4,429,GEMM(14,9,3),1777922427865980928,1777922428032857088,0
1,4,430,GEMM(15,9,3),1777922428027390976,1777922428308842496,0
1,4,437,SYRK(11,11,3),1777922428308842496,1777922428391319552,0
1,4,438,GEMM(12,11,3),1777922429443447808,1777922429599607808,0
1,4,439,GEMM(13,11,3),1777922429601081344,1777922429757177856,0
1,4,440,GEMM(14,11,3),1777922429522682880,1777922429678714880,0
1,4,441,GEMM(15,11,3),1777922429679297536,1777922429759036416,0
1,4,446,SYRK(13,13,3),1777922428027390976,1777922428390386688,0
1,4,447,GEMM(14,13,3),1777922427865980928,1777922428307789824,0
1,4,448,GEMM(15,13,3),1777922428027390976,1777922428308843520,0
1,4,451,SYRK(15,15,3),1777922428308842496,1777922428392104960,0
1,4,464,SYRK(5,5,4),1777922444554295296,1777922450775791616,1777922429520441344
1,4,465,GEMM(6,5,4),1777922444554355712,1777922450775853056,1777922429678713856
1,4,466,GEMM(7,5,4),1777922444554304512,1777922450775775232,1777922429599606784
1,4,467,GEMM(8,5,4),1777922444554307584,1777922450775775232,1777922429757176832
1,4,468,GEMM(9,5,4),1777922444554298368,1777922450775846912,1777922428027390976
1,4,469,GEMM(10,5,4),1777922444554296320,1777922450775805952,1777922427865980928
1,4,470,GEMM(11,5,4),1777922444554386432,1777922450775798784,1777922428027390976
1,4,471,GEMM(12,5,4),1777922444554284032,1777922450775774208,1777922428308842496
1,4,472,GEMM(13,5,4),1777922444554307584,1777922450775843840,1777922429520441344
1,4,473,GEMM(14,5,4),1777922444554303488,1777922450775792640,1777922429678713856
1,4,474,GEMM(15,5,4),1777922444554368000,1777922451599603712,1777922429599606784
1,4,485,SYRK(7,7,4),1777922441262488576,1777922444554039296,1777922429757176832
1,4,486,GEMM(8,7,4),1777922441421943808,1777922444554042368,1777922428027390976
1,4,487,GEMM(9,7,4),1777922441421947904,1777922444554041344,1777922427865981952
1,4,488,GEMM(10,7,4),1777922441421943808,1777922444554058752,1777922428027390976
1,4,489,GEMM(11,7,4),1777922441421938688,1777922444554056704,1777922428308842496
1,4,490,GEMM(12,7,4),1777922441421965312,1777922444554042368,1777922429520441344
1,4,491,GEMM(13,7,4),1777922444554345472,1777922450775791616,1777922429678713856
1,4,492,GEMM(14,7,4),1777922444554305536,1777922450775839744,1777922429599606784
1,4,493,GEMM(15,7,4),1777922444554295296,1777922450775794688,1777922429757176832
1,4,502,SYRK(9,9,4),1777922441421862912,1777922444554040320,1777922428389521408
1,4,503,GEMM(10,9,4),1777922441421975552,1777922444554042368,1777922428307788800
1,4,504,GEMM(11,9,4),1777922441422082048,1777922444554042368,1777922428389521408
1,4,505,GEMM(12,9,4),1777922441421939712,1777922444554042368,1777922428391511040
1,4,506,GEMM(13,9,4),1777922444554368000,1777922450775776256,1777922429600816128
1,4,507,GEMM(14,9,4),1777922444554307584,1777922450775815168,1777922429757184000
1,4,508,GEMM(15,9,4),1777922444554284032,1777922450775799808,1777922429678948352
1,4,515,SYRK(11,11,4),1777922441422097408,1777922450775780352,1777922429759042560
1,4,516,GEMM(12,11,4),1777922441421942784,1777922444554056704,1777922428391319552
1,4,517,GEMM(13,11,4),1777922444554294272,1777922450775780352,1777922428308843520
1,4,518,GEMM(14,11,4),1777922444554321920,1777922450775774208,1777922428389521408
1,4,519,GEMM(15,11,4),1777922444554344448,1777922450775785472,1777922428392111104
1,4,524,SYRK(13,13,4),1777922450781262848,1777922451601641472,1777922450776035328
1,4,525,GEMM(14,13,4),1777922450781423616,1777922451767724032,1777922450776180736
1,4,526,GEMM(15,13,4),1777922450781263872,1777922451762291712,1777922450775909376
1,4,529,SYRK(15,15,4),1777922451269019648,1777922451768942592,1777922450776124416
1,4,530,POTRF(5),1777922450776179712,1777922451764984832,0
1,4,531,TRSM(6,5),1777922450776054784,1777922453378238464,0
1,4,532,TRSM(7,5),1777922450776079360,1777922453378137088,0
1,4,533,TRSM(8,5),1777922450776066048,1777922453647371264,0
1,4,534,TRSM(9,5),1777922450776025088,1777922453377740800,0
1,4,535,TRSM(10,5),1777922450776140800,1777922453378191360,0
1,4,536,TRSM(11,5),1777922451764975616,1777922453662804992,0
1,4,537,TRSM(12,5),1777922450776104960,1777922453377952768,0
1,4,538,TRSM(13,5),1777922450781265920,1777922453661552640,0
1,4,539,TRSM(14,5),1777922452255836160,1777922454406565888,0
1,4,540,TRSM(15,5),1777922452033610752,1777922454406564864,0
1,4,551,SYRK(7,7,5),1777922452503975936,1777922453122182144,0
1,4,552,GEMM(8,7,5),1777922452008778752,1777922452491817984,0
1,4,553,GEMM(9,7,5),1777922452243681280,1777922453109350400,0
1,4,554,GEMM(10,7,5),1777922453122181120,1777922453361106944,0
1,4,555,GEMM(11,7,5),1777922452021284864,1777922452751828992,0
1,4,556,GEMM(12,7,5),1777922452515903488,1777922453123287040,0
1,4,557,GEMM(13,7,5),1777922453894260736,1777922454376231936,0
1,4,558,GEMM(14,7,5),1777922453881948160,1777922454376050688,0
1,4,559,GEMM(15,7,5),1777922452503975936,1777922453122182144,0
1,4,568,SYRK(9,9,5),1777922452008778752,1777922452491817984,0
1,4,569,GEMM(10,9,5),1777922452243681280,1777922453109350400,0
1,4,570,GEMM(11,9,5),1777922453122182144,1777922453361106944,0
1,4,571,GEMM(12,9,5),1777922452021284864,1777922452751828992,0
1,4,572,GEMM(13,9,5),1777922452515903488,1777922453123900416,0
1,4,573,GEMM(14,9,5),1777922453894260736,1777922454376231936,0
1,4,574,GEMM(15,9,5),1777922453881948160,1777922454376050688,0
1,4,581,SYRK(11,11,5),1777922452503975936,1777922453123141632,0
1,4,582,GEMM(12,11,5),1777922452008778752,1777922452504193024,0
1,4,583,GEMM(13,11,5),1777922452243681280,1777922453110685696,0
1,4,584,GEMM(14,11,5),1777922453122182144,1777922453361688576,0
1,4,585,GEMM(15,11,5),1777922452021284864,1777922452752421888,0
1,4,590,SYRK(13,13,5),1777922452515903488,1777922453123287040,0
1,4,591,GEMM(14,13,5),1777922453894260736,1777922454376231936,0
1,4,592,GEMM(15,13,5),1777922453881948160,1777922454376230912,0
1,4,595,SYRK(15,15,5),1777922453662803968,1777922453705372672,0
1,4,606,SYRK(7,7,6),1777922453378447360,1777922453661552640,1777922453378192384
1,4,607,GEMM(8,7,6),1777922465419658240,1777922469383215104,1777922453378237440
1,4,608,GEMM(9,7,6),1777922464681411584,1777922469383164928,1777922453704300544
1,4,609,GEMM(10,7,6),1777922469383375872,1777922473197993984,1777922453378199552
1,4,610,GEMM(11,7,6),1777922465419538432,1777922469383164928,1777922453702861824
1,4,611,GEMM(12,7,6),1777922465419661312,1777922473197147136,1777922454407041024
1,4,612,GEMM(13,7,6),1777922469383386112,1777922473197995008,1777922454407041024
1,4,613,GEMM(14,7,6),1777922465419658240,1777922469383165952,1777922453662803968
1,4,614,GEMM(15,7,6),1777922469383374848,1777922473197993984,1777922453378192384
1,4,623,SYRK(9,9,6),1777922464681411584,1777922465419561984,1777922453378237440
1,4,624,GEMM(10,9,6),1777922469383374848,1777922473197995008,1777922453704300544
1,4,625,GEMM(11,9,6),1777922465419658240,1777922469383169024,1777922453378200576
1,4,626,GEMM(12,9,6),1777922465419658240,1777922469383168000,1777922453702861824
1,4,627,GEMM(13,9,6),1777922469383386112,1777922473197995008,1777922454407042048
1,4,628,GEMM(14,9,6),1777922465419659264,1777922469383168000,1777922454407041024
1,4,629,GEMM(15,9,6),1777922469383249920,1777922473197993984,1777922453662803968
1,4,636,SYRK(11,11,6),1777922465419642880,1777922469383165952,1777922453378192384
1,4,637,GEMM(12,11,6),1777922465419642880,1777922469383166976,1777922453378237440
1,4,638,GEMM(13,11,6),1777922469383386112,1777922473197995008,1777922453704301568
1,4,639,GEMM(14,11,6),1777922465419658240,1777922469383169024,1777922453378200576
1,4,640,GEMM(15,11,6),1777922469383376896,1777922473197993984,1777922453702861824
1,4,645,SYRK(13,13,6),1777922469383378944,1777922473197995008,1777922454407042048
1,4,646,GEMM(14,13,6),1777922469383377920,1777922473197995008,1777922454407041024
1,4,647,GEMM(15,13,6),1777922469383386112,1777922473197995008,1777922453662803968
1,4,650,SYRK(15,15,6),1777922469383373824,1777922473197993984,1777922453378192384
1,4,651,POTRF(7),1777922453378238464,1777922453704272896,0
1,4,652,TRSM(8,7),1777922453704301568,1777922454478068736,0
1,4,653,TRSM(9,7),1777922453378201600,1777922454469236736,0
1,4,654,TRSM(10,7),1777922453702861824,1777922454478160896,0
1,4,655,TRSM(11,7),1777922454407042048,1777922454555201536,0
1,4,656,TRSM(12,7),1777922454407041024,1777922454554592256,0
1,4,657,TRSM(13,7),1777922453705435136,1777922454478291968,0
1,4,658,TRSM(14,7),1777922453662803968,1777922454477710336,0
1,4,659,TRSM(15,7),1777922469708023808,1777922479290779648,0
1,4,668,SYRK(9,9,7),1777922469383469056,1777922473197995008,0
1,4,669,GEMM(10,9,7),1777922473275746304,1777922473945185280,0
1,4,670,GEMM(11,9,7),1777922469383441408,1777922473197996032,0
1,4,671,GEMM(12,9,7),1777922473197995008,1777922473945184256,0
1,4,672,GEMM(13,9,7),1777922473275746304,1777922473945185280,0
1,4,673,GEMM(14,9,7),1777922469383396352,1777922473197995008,0
1,4,674,GEMM(15,9,7),1777922473275745280,1777922473945184256,0
1,4,681,SYRK(11,11,7),1777922478446404608,1777922478620071936,0
1,4,682,GEMM(12,11,7),1777922473275747328,1777922477751476224,0
1,4,683,GEMM(13,11,7),1777922473275746304,1777922473945568256,0
1,4,684,GEMM(14,11,7),1777922469383447552,1777922473276299264,0
1,4,685,GEMM(15,11,7),1777922473275745280,1777922473945184256,0
1,4,690,SYRK(13,13,7),1777922473275746304,1777922473945185280,0
1,4,691,GEMM(14,13,7),1777922473275745280,1777922473945184256,0
1,4,692,GEMM(15,13,7),1777922473275745280,1777922473945184256,0
1,4,695,SYRK(15,15,7),1777922478446404608,1777922478644518912,0
1,4,704,SYRK(9,9,8),1777922473945569280,1777922478049827840,1777922473275747328
1,4,705,GEMM(10,9,8),1777922473945569280,1777922478048274432,1777922473275746304
1,4,706,GEMM(11,9,8),1777922473945569280,1777922478044499968,1777922473275746304
1,4,707,GEMM(12,9,8),1777922473945568256,1777922477751739392,1777922473275745280
1,4,708,GEMM(13,9,8),1777922473945568256,1777922478044452864,1777922473275746304
1,4,709,GEMM(14,9,8),1777922473945569280,1777922478047330304,1777922473275747328
1,4,710,GEMM(15,9,8),1777922473945568256,1777922477751739392,1777922473275746304
1,4,717,SYRK(11,11,8),1777922478645073920,1777922479239843840,1777922478446405632
1,4,718,GEMM(12,11,8),1777922474739168256,1777922478128431104,1777922473275747328
1,4,719,GEMM(13,11,8),1777922473945569280,1777922478044455936,1777922473275746304
1,4,720,GEMM(14,11,8),1777922473945569280,1777922478047340544,1777922473275746304
1,4,721,GEMM(15,11,8),1777922473945568256,1777922478044460032,1777922473275746304
1,4,726,SYRK(13,13,8),1777922473945568256,1777922478044460032,1777922473275746304
1,4,727,GEMM(14,13,8),1777922473945569280,1777922478048243712,1777922473275747328
1,4,728,GEMM(15,13,8),1777922473945568256,1777922478044477440,1777922473275746304
1,4,731,SYRK(15,15,8),1777922479383480320,1777922479689573376,1777922479294997504
1,4,732,POTRF(9),1777922473275748352,1777922477751738368,0
1,4,733,TRSM(10,9),1777922473945569280,1777922479383318528,0
1,4,734,TRSM(11,9),1777922473275747328,1777922479291092992,0
1,4,735,TRSM(12,9),1777922473945569280,1777922479295186944,0
1,4,736,TRSM(13,9),1777922473945569280,1777922479383501824,0
1,4,737,TRSM(14,9),1777922473275747328,1777922479376143360,0
1,4,738,TRSM(15,9),1777922473945569280,1777922479382851584,0
1,4,745,SYRK(11,11,9),1777922479294997504,1777922479383318528,0
1,4,746,GEMM(12,11,9),1777922478048243712,1777922478129906688,0
1,4,747,GEMM(13,11,9),1777922478747876352,1777922479240858624,0
1,4,748,GEMM(14,11,9),1777922478459051008,1777922478645195776,0
1,4,749,GEMM(15,11,9),1777922478632330240,1777922479119787008,0
1,4,754,SYRK(13,13,9),1777922478760160256,1777922479241494528,0
1,4,755,GEMM(14,13,9),1777922478644518912,1777922479239490560,0
1,4,756,GEMM(15,13,9),1777922478656928768,1777922479240494080,0
1,4,759,SYRK(15,15,9),1777922479294997504,1777922479383480320,0
1,4,766,SYRK(11,11,10),1777922486546742272,1777922489835860992,1777922478128297984
1,4,767,GEMM(12,11,10),1777922486546753536,1777922489835862016,1777922478747876352
1,4,768,GEMM(13,11,10),1777922486546752512,1777922489835860992,1777922478459051008
1,4,769,GEMM(14,11,10),1777922486546837504,1777922489841404928,1777922478632331264
1,4,770,GEMM(15,11,10),1777922486546754560,1777922489835862016,1777922478760160256
1,4,775,SYRK(13,13,10),1777922486546649088,1777922489835932672,1777922478644518912
1,4,776,GEMM(14,13,10),1777922486546743296,1777922489835860992,1777922478656928768
1,4,777,GEMM(15,13,10),1777922486546742272,1777922489835860992,1777922479294997504
1,4,780,SYRK(15,15,10),1777922486390541312,1777922489835860992,1777922478129468416
1,4,781,POTRF(11),1777922478747877376,1777922479272075264,0
1,4,782,TRSM(12,11),1777922478459051008,1777922479978267648,0
1,4,783,TRSM(13,11),1777922478632331264,1777922479978390528,0
1,4,784,TRSM(14,11),1777922478760160256,1777922479979423744,0
1,4,785,TRSM(15,11),1777922478644518912,1777922479978992640,0
1,4,790,SYRK(13,13,11),1777922478656928768,1777922479240738816,0
1,4,791,GEMM(14,13,11),1777922479691021312,1777922479786336256,0
1,4,792,GEMM(15,13,11),1777922478129468416,1777922478211123200,0
1,4,795,SYRK(15,15,11),1777922479600028672,1777922479691021312,0
1,4,800,SYRK(13,13,12),1777922486546753536,1777922489835866112,1777922479911049216
1,4,801,GEMM(14,13,12),1777922486546742272,1777922489835862016,1777922479924269056
1,4,802,GEMM(15,13,12),1777922486546743296,1777922489835860992,1777922479948901376
1,4,805,SYRK(15,15,12),1777922486546754560,1777922489835862016,1777922479936596992
1,4,806,POTRF(13),1777922479600041984,1777922479785769984,0
1,4,807,TRSM(14,13),1777922479691021312,1777922479994831872,0
1,4,808,TRSM(15,13),1777922478208532480,1777922479785399296,0
1,4,811,SYRK(15,15,13),1777922479600028672,1777922479785465856,0
1,4,814,SYRK(15,15,14),1777922486546742272,1777922489835866112,1777922479911050240
1,4,815,POTRF(15),1777922479924269056,1777922479970330624,0
