pe,run,task_id,op_name,start_ts,end_ts,wait_start_ts
0,0,0,POTRF(0),1777921906578974976,1777921906596594944,0
0,0,1,TRSM(1,0),1777921906592502016,1777921907159467264,0
0,0,2,TRSM(2,0),1777921906592502016,1777921907162866944,0
0,0,3,TRSM(3,0),1777921906592502016,1777921907159467264,0
0,0,4,TRSM(4,0),1777921906592502016,1777921907162687744,0
0,0,5,TRSM(5,0),1777921906592502016,1777921907175807232,0
0,0,6,TRSM(6,0),1777921906592503040,1777921907172466944,0
0,0,7,TRSM(7,0),1777921906592502016,1777921907175807232,0
0,0,8,TRSM(8,0),1777921906592503040,1777921907179116800,0
0,0,9,TRSM(9,0),1777921906838155520,1777921909369643264,0
0,0,10,TRSM(10,0),1777921906874909952,1777921909682993408,0
0,0,11,TRSM(11,0),1777921906850494720,1777921909369643264,0
0,0,12,TRSM(12,0),1777921906862764288,1777921909682993408,0
0,0,13,TRSM(13,0),1777921906912073984,1777921910750432512,0
0,0,14,TRSM(14,0),1777921906887243008,1777921909682993408,0
0,0,15,TRSM(15,0),1777921906899564800,1777921910750432512,0
0,0,31,SYRK(2,2,0),1777921906924409088,1777921907125516544,0
0,0,32,GEMM(3,2,0),1777921907668607232,1777921908870779136,0
0,0,33,GEMM(4,2,0),1777921907717515520,1777921909119644928,0
0,0,34,GEMM(5,2,0),1777921907693338880,1777921909119561984,0
0,0,35,GEMM(6,2,0),1777921907681010944,1777921909118512384,0
0,0,36,GEMM(7,2,0),1777921908883253504,1777921909356446976,0
0,0,37,GEMM(8,2,0),1777921907705534720,1777921909119561984,0
0,0,38,GEMM(9,2,0),1777921907965824256,1777921909355388160,0
0,0,39,GEMM(10,2,0),1777921906924409088,1777921907126749440,0
0,0,40,GEMM(11,2,0),1777921907668607232,1777921908870779136,0
0,0,41,GEMM(12,2,0),1777921907717515520,1777921909119722752,0
0,0,42,GEMM(13,2,0),1777921907693338880,1777921909119458560,0
0,0,43,GEMM(14,2,0),1777921907681010944,1777921909118512384,0
0,0,44,GEMM(15,2,0),1777921908883253504,1777921909356448000,0
0,0,58,SYRK(4,4,0),1777921907705534720,1777921909119644928,0
0,0,59,GEMM(5,4,0),1777921907965824256,1777921909356446976,0
0,0,60,GEMM(6,4,0),1777921906924409088,1777921907125516544,0
0,0,61,GEMM(7,4,0),1777921907668607232,1777921908883767552,0
0,0,62,GEMM(8,4,0),1777921907717515520,1777921909119644928,0
0,0,63,GEMM(9,4,0),1777921907693338880,1777921909119458560,0
0,0,64,GEMM(10,4,0),1777921907681010944,1777921909119458560,0
0,0,65,GEMM(11,4,0),1777921908883253504,1777921909357077760,0
0,0,66,GEMM(12,4,0),1777921907705534720,1777921909119561984,0
0,0,67,GEMM(13,4,0),1777921907965824256,1777921909355388160,0
0,0,68,GEMM(14,4,0),1777921907180354816,1777921907496023296,0
0,0,69,GEMM(15,4,0),1777921909369690368,1777921909683166464,0
0,0,81,SYRK(6,6,0),1777921909997273344,1777921910750433536,0
0,0,82,GEMM(7,6,0),1777921909682120960,1777921909997272320,0
0,0,83,GEMM(8,6,0),1777921909997273344,1777921910750433536,0
0,0,84,GEMM(9,6,0),1777921910829017344,1777921911378940160,0
0,0,85,GEMM(10,6,0),1777921909997272320,1777921910750432512,0
0,0,86,GEMM(11,6,0),1777921910750447872,1777921911378940160,0
0,0,87,GEMM(12,6,0),1777921907180354816,1777921907496023296,0
0,0,88,GEMM(13,6,0),1777921909369691392,1777921909683166464,0
0,0,89,GEMM(14,6,0),1777921909997273344,1777921910750433536,0
0,0,90,GEMM(15,6,0),1777921909682120960,1777921910750432512,0
0,0,100,SYRK(8,8,0),1777921909997273344,1777921910750434560,0
0,0,101,GEMM(9,8,0),1777921910829017344,1777921911378940160,0
0,0,102,GEMM(10,8,0),1777921909997272320,1777921910750433536,0
0,0,103,GEMM(11,8,0),1777921910829016320,1777921911378940160,0
0,0,104,GEMM(12,8,0),1777921907180354816,1777921907496023296,0
0,0,105,GEMM(13,8,0),1777921909369691392,1777921909683167488,0
0,0,106,GEMM(14,8,0),1777921909997273344,1777921910750433536,0
0,0,107,GEMM(15,8,0),1777921909682120960,1777921909997273344,0
0,0,115,SYRK(10,10,0),1777921909997273344,1777921910750434560,0
0,0,116,GEMM(11,10,0),1777921910829017344,1777921911378941184,0
0,0,117,GEMM(12,10,0),1777921909997272320,1777921910750433536,0
0,0,118,GEMM(13,10,0),1777921910829016320,1777921911378940160,0
0,0,119,GEMM(14,10,0),1777921907180354816,1777921907496500480,0
0,0,120,GEMM(15,10,0),1777921909369691392,1777921909997272320,0
0,0,126,SYRK(12,12,0),1777921909997273344,1777921910750433536,0
0,0,127,GEMM(13,12,0),1777921909682121984,1777921909997273344,0
0,0,128,GEMM(14,12,0),1777921909997274368,1777921910829018368,0
0,0,129,GEMM(15,12,0),1777921910829017344,1777921911381263616,0
0,0,133,SYRK(14,14,0),1777921909997273344,1777921910750433536,0
0,0,134,GEMM(15,14,0),1777921910829016320,1777921911378940160,0
0,0,151,SYRK(2,2,1),1777921927538031872,1777921932129545472,1777921907496500480
0,0,152,GEMM(3,2,1),1777921927538042112,1777921932129471744,1777921909997123840
0,0,153,GEMM(4,2,1),1777921927538034944,1777921932129468672,1777921910750445824
0,0,154,GEMM(5,2,1),1777921927538043136,1777921932129471744,1777921910750431488
0,0,155,GEMM(6,2,1),1777921927537924352,1777921932129468672,1777921910829016320
0,0,156,GEMM(7,2,1),1777921927538031872,1777921932129468672,1777921911378952448
0,0,157,GEMM(8,2,1),1777921927538042112,1777921932129471744,1777921910750436608
0,0,158,GEMM(9,2,1),1777921927538031872,1777921932129470720,1777921911378947328
0,0,159,GEMM(10,2,1),1777921932129722624,1777921936426140928,1777921907496500480
0,0,160,GEMM(11,2,1),1777921932129723648,1777921936426141952,1777921909997123840
0,0,161,GEMM(12,2,1),1777921932129723648,1777921936426140928,1777921910750445824
0,0,162,GEMM(13,2,1),1777921932129723648,1777921936426141952,1777921910750440704
0,0,163,GEMM(14,2,1),1777921932129723648,1777921936426140928,1777921910829017344
0,0,164,GEMM(15,2,1),1777921932129723648,1777921936426141952,1777921911378952448
0,0,178,SYRK(4,4,1),1777921927538098432,1777921932129479936,1777921910750437632
0,0,179,GEMM(5,4,1),1777921927538032896,1777921932129471744,1777921911378947328
0,0,180,GEMM(6,4,1),1777921927538151680,1777921936426139904,1777921907496500480
0,0,181,GEMM(7,4,1),1777921927538075904,1777921932129468672,1777921909997123840
0,0,182,GEMM(8,4,1),1777921927538031872,1777921932129469696,1777921910750446848
0,0,183,GEMM(9,4,1),1777921927538032896,1777921932129471744,1777921910750441728
0,0,184,GEMM(10,4,1),1777921932129723648,1777921936426140928,1777921910829017344
0,0,185,GEMM(11,4,1),1777921932129722624,1777921936426140928,1777921911378952448
0,0,186,GEMM(12,4,1),1777921932129723648,1777921936426140928,1777921910750437632
0,0,187,GEMM(13,4,1),1777921932129723648,1777921936426141952,1777921911378947328
0,0,188,GEMM(14,4,1),1777921932129722624,1777921936426140928,1777921907497055488
0,0,189,GEMM(15,4,1),1777921932129802496,1777921939357126912,1777921910750431488
0,0,201,SYRK(6,6,1),1777921927072623872,1777921927537848576,1777921910750446848
0,0,202,GEMM(7,6,1),1777921927072624896,1777921932129468672,1777921910750444800
0,0,203,GEMM(8,6,1),1777921927538036992,1777921932129470720,1777921911378939136
0,0,204,GEMM(9,6,1),1777921927538034944,1777921932129469696,1777921911381268736
0,0,205,GEMM(10,6,1),1777921932129723648,1777921936426140928,1777921910750438656
0,0,206,GEMM(11,6,1),1777921932129574144,1777921936426139904,1777921911378948352
0,0,207,GEMM(12,6,1),1777921936431496448,1777921940586632448,1777921932129740032
0,0,208,GEMM(13,6,1),1777921936431496448,1777921940586632448,1777921932129769728
0,0,209,GEMM(14,6,1),1777921936431497472,1777921940899080448,1777921932129791232
0,0,210,GEMM(15,6,1),1777921936431497472,1777921940586632448,1777921932129779968
0,0,220,SYRK(8,8,1),1777921936431299840,1777921940434963712,1777921932129761536
0,0,221,GEMM(9,8,1),1777921936431496448,1777921940586632448,1777921932129748224
0,0,222,GEMM(10,8,1),1777921936431496448,1777921940898968832,1777921932129773824
0,0,223,GEMM(11,8,1),1777921936431499520,1777921940586632448,1777921932129728768
0,0,224,GEMM(12,8,1),1777921939337983232,1777921942886522112,1777921936426619136
0,0,225,GEMM(13,8,1),1777921936577007872,1777921942886088960,1777921936426610944
0,0,226,GEMM(14,8,1),1777921936577007872,1777921942886521088,1777921936426584320
0,0,227,GEMM(15,8,1),1777921939356039424,1777921942886522112,1777921936426664192
0,0,235,SYRK(10,10,1),1777921936577038592,1777921942886088960,1777921936426301696
0,0,236,GEMM(11,10,1),1777921936577007872,1777921942886088960,1777921936426540288
0,0,237,GEMM(12,10,1),1777921936431496448,1777921941651892480,1777921932129773824
0,0,238,GEMM(13,10,1),1777921936431496448,1777921940586632448,1777921932129736960
0,0,239,GEMM(14,10,1),1777921939356039424,1777921942886522112,1777921936426627328
0,0,240,GEMM(15,10,1),1777921939356039424,1777921942886523136,1777921936426610944
0,0,246,SYRK(12,12,1),1777921939337974016,1777921942886522112,1777921936426592512
0,0,247,GEMM(13,12,1),1777921939337974016,1777921942886522112,1777921936426664192
0,0,248,GEMM(14,12,1),1777921939356040448,1777921943203626240,1777921936426668288
0,0,249,GEMM(15,12,1),1777921938752332032,1777921942886522112,1777921936426540288
0,0,253,SYRK(14,14,1),1777921936886750464,1777921942886522112,1777921936426659072
0,0,254,GEMM(15,14,1),1777921942880989440,1777921943205184768,1777921936426680576
0,0,256,POTRF(2),1777921936426659072,1777921942886088960,0
0,0,257,TRSM(3,2),1777921942883588352,1777921944676308224,0
0,0,258,TRSM(4,2),1777921936426605824,1777921944236201216,0
0,0,259,TRSM(5,2),1777921936426665216,1777921944229059840,0
0,0,260,TRSM(6,2),1777921936426668288,1777921944232568064,0
0,0,261,TRSM(7,2),1777921936426558720,1777921944439555328,0
0,0,262,TRSM(8,2),1777921936426584320,1777921944228478208,0
0,0,263,TRSM(9,2),1777921936426680576,1777921944439555328,0
0,0,264,TRSM(10,2),1777921942886521088,1777921944681331968,0
0,0,265,TRSM(11,2),1777921943954765056,1777921946681045248,0
0,0,266,TRSM(12,2),1777921943680013568,1777921946440860928,0
0,0,267,TRSM(13,2),1777921943457521920,1777921946128324864,0
0,0,268,TRSM(14,2),1777921943667867904,1777921946519958784,0
0,0,269,TRSM(15,2),1777921943692331264,1777921946128333056,0
0,0,283,SYRK(4,4,2),1777921943444476160,1777921943692913920,0
0,0,284,GEMM(5,4,2),1777921943704852736,1777921943954766080,0
0,0,285,GEMM(6,4,2),1777921943968104704,1777921944207854848,0
0,0,286,GEMM(7,4,2),1777921945883572480,1777921946120823040,0
0,0,287,GEMM(8,4,2),1777921944977751296,1777921945869872384,0
0,0,288,GEMM(9,4,2),1777921944965095680,1777921945435648256,0
0,0,289,GEMM(10,4,2),1777921945238096128,1777921945870880000,0
0,0,290,GEMM(11,4,2),1777921945226065152,1777921945870880000,0
0,0,291,GEMM(12,4,2),1777921943444476160,1777921943692913920,0
0,0,292,GEMM(13,4,2),1777921943704852736,1777921943954766080,0
0,0,293,GEMM(14,4,2),1777921943968104704,1777921944207854848,0
0,0,294,GEMM(15,4,2),1777921945883573504,1777921946122120448,0
0,0,306,SYRK(6,6,2),1777921944977751296,1777921945869872384,0
0,0,307,GEMM(7,6,2),1777921944965095680,1777921945436569856,0
0,0,308,GEMM(8,6,2),1777921945238096128,1777921945871859968,0
0,0,309,GEMM(9,6,2),1777921945226065152,1777921945870764288,0
0,0,310,GEMM(10,6,2),1777921943444476160,1777921943704853760,0
0,0,311,GEMM(11,6,2),1777921943704853760,1777921943956260096,0
0,0,312,GEMM(12,6,2),1777921943968104704,1777921944208353536,0
0,0,313,GEMM(13,6,2),1777921945883573504,1777921946120823040,0
0,0,314,GEMM(14,6,2),1777921944977751296,1777921945870764288,0
0,0,315,GEMM(15,6,2),1777921944965095680,1777921945435648256,0
0,0,325,SYRK(8,8,2),1777921945238096128,1777921945870880000,0
0,0,326,GEMM(9,8,2),1777921945226065152,1777921945870764288,0
0,0,327,GEMM(10,8,2),1777921944232567040,1777921944441276672,0
0,0,328,GEMM(11,8,2),1777921944441499904,1777921944680923392,0
0,0,329,GEMM(12,8,2),1777921944681977088,1777921944839874816,0
0,0,330,GEMM(13,8,2),1777921946681059584,1777921946837543168,0
0,0,331,GEMM(14,8,2),1777921946442189056,1777921946561642752,0
0,0,332,GEMM(15,8,2),1777921946128335104,1777921946284949760,0
0,0,340,SYRK(10,10,2),1777921946561642752,1777921946680709376,0
0,0,341,GEMM(11,10,2),1777921946283532544,1777921946442175744,0
0,0,342,GEMM(12,10,2),1777921944232568064,1777921944441276672,0
0,0,343,GEMM(13,10,2),1777921944441499904,1777921944680923392,0
0,0,344,GEMM(14,10,2),1777921944681978112,1777921944839997696,0
0,0,345,GEMM(15,10,2),1777921946759035136,1777921946839863552,0
0,0,351,SYRK(12,12,2),1777921946519957760,1777921946680709376,0
0,0,352,GEMM(13,12,2),1777921946128337152,1777921946442175744,0
0,0,353,GEMM(14,12,2),1777921946561642752,1777921946759036160,0
0,0,354,GEMM(15,12,2),1777921946283532544,1777921946519958784,0
0,0,358,SYRK(14,14,2),1777921944232568064,1777921944676308224,0
0,0,359,GEMM(15,14,2),1777921944441499904,1777921944681246976,0
0,0,374,SYRK(4,4,3),1777921959986064640,1777921965523121408,1777921944681978112
0,0,375,GEMM(5,4,3),1777921960131590400,1777921965523193088,1777921946759035136
0,0,376,GEMM(6,4,3),1777921960131591424,1777921965523124480,1777921946519957760
0,0,377,GEMM(7,4,3),1777921960131591424,1777921965523186944,1777921946283532544
0,0,378,GEMM(8,4,3),1777921960131590400,1777921965523123456,1777921946561642752
0,0,379,GEMM(9,4,3),1777921960131603712,1777921965523140864,1777921946283532544
0,0,380,GEMM(10,4,3),1777921960131688704,1777921969197971712,1777921944232568064
0,0,381,GEMM(11,4,3),1777921960131590400,1777921965523192064,1777921944441500928
0,0,382,GEMM(12,4,3),1777921965523368192,1777921969198473472,1777921944681978112
0,0,383,GEMM(13,4,3),1777921965523372288,1777921969198476544,1777921946759035136
0,0,384,GEMM(14,4,3),1777921965523365120,1777921969198473472,1777921946519957760
0,0,385,GEMM(15,4,3),1777921965523407104,1777921969198473472,1777921946283532544
0,0,397,SYRK(6,6,3),1777921960131496192,1777921965523121408,1777921946561642752
0,0,398,GEMM(7,6,3),1777921960131590400,1777921965523126528,1777921946283533568
0,0,399,GEMM(8,6,3),1777921960131589376,1777921965523121408,1777921944441499904
0,0,400,GEMM(9,6,3),1777921960131688704,1777921965523124480,1777921944681262336
0,0,401,GEMM(10,6,3),1777921960131590400,1777921965523123456,1777921944839997696
0,0,402,GEMM(11,6,3),1777921960131590400,1777921965523124480,1777921946837550336
0,0,403,GEMM(12,6,3),1777921965523413248,1777921970875647232,1777921946680368384
0,0,404,GEMM(13,6,3),1777921965523376384,1777921969198474496,1777921946440860928
0,0,405,GEMM(14,6,3),1777921965523383552,1777921969198474496,1777921946680721664
0,0,406,GEMM(15,6,3),1777921965523377408,1777921969198474496,1777921946442184960
0,0,416,SYRK(8,8,3),1777921960131589376,1777921965523143936,1777921944441499904
0,0,417,GEMM(9,8,3),1777921960131589376,1777921965523121408,1777921944681262336
0,0,418,GEMM(10,8,3),1777921960131685632,1777921965523121408,1777921944840120576
0,0,419,GEMM(11,8,3),1777921960131591424,1777921965523124480,1777921946839867648
0,0,420,GEMM(12,8,3),1777921965523386624,1777921969198478592,1777921946680715520
0,0,421,GEMM(13,8,3),1777921965523378432,1777921969198488832,1777921946442180864
0,0,422,GEMM(14,8,3),1777921965523423488,1777921969198476544,1777921946837542144
0,0,423,GEMM(15,8,3),1777921965523367168,1777921969198473472,1777921946560845056
0,0,431,SYRK(10,10,3),1777921960131590400,1777921965523186944,1777921944680923392
0,0,432,GEMM(11,10,3),1777921960131597568,1777921965523122432,1777921944681480448
0,0,433,GEMM(12,10,3),1777921969198938368,1777921971500321024,1777921965821553920
0,0,434,GEMM(13,10,3),1777921969198653696,1777921970875843840,1777921965523387648
0,0,435,GEMM(14,10,3),1777921969198650624,1777921970875843840,1777921965821556992
0,0,436,GEMM(15,10,3),1777921970875843840,1777921971501373696,1777921965821553920
0,0,442,SYRK(12,12,3),1777921969198651648,1777921970875843840,1777921965523421440
0,0,443,GEMM(13,12,3),1777921969198680320,1777921970875843840,1777921965821553920
0,0,444,GEMM(14,12,3),1777921970875844864,1777921971969176832,1777921969198474496
0,0,445,GEMM(15,12,3),1777921969198651648,1777921970875843840,1777921965523443968
0,0,449,SYRK(14,14,3),1777921971495769344,1777921971969307904,1777921969198935296
0,0,450,GEMM(15,14,3),1777921971495769344,1777921971970135296,1777921969199177984
0,0,452,POTRF(4),1777921969199177984,1777921971501373696,0
0,0,453,TRSM(5,4),1777921969198571776,1777921973384318208,0
0,0,454,TRSM(6,4),1777921965523421440,1777921973384723712,0
0,0,455,TRSM(7,4),1777921965821554944,1777921973387619584,0
0,0,456,TRSM(8,4),1777921969198474496,1777921973384768768,0
0,0,457,TRSM(9,4),1777921965523444992,1777921973384244480,0
0,0,458,TRSM(10,4),1777921969198935296,1777921973469626624,0
0,0,459,TRSM(11,4),1777921969199177984,1777921973469626624,0
0,0,460,TRSM(12,4),1777921970875987200,1777921973670165760,0
0,0,461,TRSM(13,4),1777921972209561856,1777921974548396288,0
0,0,462,TRSM(14,4),1777921972234050816,1777921974548319488,0
0,0,463,TRSM(15,4),1777921972258561280,1777921974548278528,0
0,0,475,SYRK(6,6,4),1777921972246234368,1777921973112680704,0
0,0,476,GEMM(7,6,4),1777921972221869312,1777921972877703424,0
0,0,477,GEMM(8,6,4),1777921972270781696,1777921973113939200,0
0,0,478,GEMM(9,6,4),1777921972519273728,1777921973127568640,0
0,0,479,GEMM(10,6,4),1777921973126813952,1777921973366527232,0
0,0,480,GEMM(11,6,4),1777921973821548800,1777921974541135104,0
0,0,481,GEMM(12,6,4),1777921973809195264,1777921974305362176,0
0,0,482,GEMM(13,6,4),1777921974069575936,1777921974541844736,0
0,0,483,GEMM(14,6,4),1777921972246235392,1777921973112680704,0
0,0,484,GEMM(15,6,4),1777921972221869312,1777921972877703424,0
0,0,494,SYRK(8,8,4),1777921972270781696,1777921973114875136,0
0,0,495,GEMM(9,8,4),1777921972519274752,1777921973114875136,0
0,0,496,GEMM(10,8,4),1777921973126813952,1777921973366527232,0
0,0,497,GEMM(11,8,4),1777921973821548800,1777921974541844736,0
0,0,498,GEMM(12,8,4),1777921973809195264,1777921974305362176,0
0,0,499,GEMM(13,8,4),1777921974069575936,1777921974541845760,0
0,0,500,GEMM(14,8,4),1777921972246235392,1777921973113852160,0
0,0,501,GEMM(15,8,4),1777921972221870336,1777921972878144768,0
0,0,509,SYRK(10,10,4),1777921972270781696,1777921973113940224,0
0,0,510,GEMM(11,10,4),1777921972519274752,1777921973114875136,0
0,0,511,GEMM(12,10,4),1777921973126813952,1777921973366674688,0
0,0,512,GEMM(13,10,4),1777921973821548800,1777921974541135104,0
0,0,513,GEMM(14,10,4),1777921973809195264,1777921974305698048,0
0,0,514,GEMM(15,10,4),1777921974069575936,1777921974542754048,0
0,0,520,SYRK(12,12,4),1777921973473002752,1777921973671602432,0
0,0,521,GEMM(13,12,4),1777921973384723712,1777921973473003776,0
0,0,522,GEMM(14,12,4),1777921973512885504,1777921973671602432,0
0,0,523,GEMM(15,12,4),1777921973512885504,1777921973712832768,0
0,0,527,SYRK(14,14,4),1777921973671616768,1777921973713790208,0
0,0,528,GEMM(15,14,4),1777921974548407552,1777921974652207360,0
0,0,541,SYRK(6,6,5),1777921985540391168,1777921986075343104,1777921974548328704
0,0,542,GEMM(7,6,5),1777921985540392192,1777921991114606848,1777921974548286720
0,0,543,GEMM(8,6,5),1777921986075518208,1777921991114608896,1777921973473002752
0,0,544,GEMM(9,6,5),1777921986075507968,1777921991114631424,1777921973384723712
0,0,545,GEMM(10,6,5),1777921986075584768,1777921994034940160,1777921973512885504
0,0,546,GEMM(11,6,5),1777921986075526400,1777921991114691840,1777921973512885504
0,0,547,GEMM(12,6,5),1777921986075426048,1777921991114609920,1777921973711137024
0,0,548,GEMM(13,6,5),1777921986075556096,1777921991114609920,1777921974649885952
0,0,549,GEMM(14,6,5),1777921991117820160,1777921994034940160,1777921974548330752
0,0,550,GEMM(15,6,5),1777921991117821184,1777921994035713280,1777921974548289792
0,0,560,SYRK(8,8,5),1777921986075508992,1777921991114607872,1777921973473002752
0,0,561,GEMM(9,8,5),1777921986075574528,1777921991114608896,1777921973384723712
0,0,562,GEMM(10,8,5),1777921986075518208,1777921991114608896,1777921973512885504
0,0,563,GEMM(11,8,5),1777921986075526400,1777921991114644736,1777921973512885504
0,0,564,GEMM(12,8,5),1777921986075545856,1777921991114684672,1777921973711137024
0,0,565,GEMM(13,8,5),1777921986075607296,1777921991117820160,1777921974649885952
0,0,566,GEMM(14,8,5),1777921991117821184,1777921994035130624,1777921974548332800
0,0,567,GEMM(15,8,5),1777921991117821184,1777921994034941184,1777921974548291840
0,0,575,SYRK(10,10,5),1777921986075518208,1777921991114690816,1777921973473002752
0,0,576,GEMM(11,10,5),1777921986075542784,1777921991114608896,1777921973384723712
0,0,577,GEMM(12,10,5),1777921986075526400,1777921991114609920,1777921973512885504
0,0,578,GEMM(13,10,5),1777921986075526400,1777921991114609920,1777921973512885504
0,0,579,GEMM(14,10,5),1777921991117820160,1777921994034940160,1777921973711137024
0,0,580,GEMM(15,10,5),1777921991117821184,1777921994034940160,1777921974649885952
0,0,586,SYRK(12,12,5),1777921986075508992,1777921991114608896,1777921974548333824
0,0,587,GEMM(13,12,5),1777921986075526400,1777921991114629376,1777921974548292864
0,0,588,GEMM(14,12,5),1777921991117820160,1777921994034940160,1777921973671612672
0,0,589,GEMM(15,12,5),1777921991117821184,1777921994034940160,1777921973512885504
0,0,593,SYRK(14,14,5),1777921991117821184,1777921994034941184,1777921973671606528
0,0,594,GEMM(15,14,5),1777921991117821184,1777921994034940160,1777921973712903424
0,0,596,POTRF(6),1777921973713795328,1777921973732009216,0
0,0,597,TRSM(7,6),1777921974652211456,1777921974713904384,0
0,0,598,TRSM(8,6),1777921986075586816,1777921996865146112,0
0,0,599,TRSM(9,6),1777921991117821184,1777921996865147136,0
0,0,600,TRSM(10,6),1777921991117821184,1777921996865147136,0
0,0,601,TRSM(11,6),1777921991117821184,1777921997455906048,0
0,0,602,TRSM(12,6),1777921994035213568,1777921998763467008,0
0,0,603,TRSM(13,6),1777921991117821184,1777921996865370368,0
0,0,604,TRSM(14,6),1777921991117821184,1777921997456251136,0
0,0,605,TRSM(15,6),1777921991117821184,1777921997515254016,0
0,0,615,SYRK(8,8,6),1777921994278198528,1777921995349797120,0
0,0,616,GEMM(9,8,6),1777921994327441664,1777921995784365312,0
0,0,617,GEMM(10,8,6),1777921994290537728,1777921995469469952,0
0,0,618,GEMM(11,8,6),1777921994302874880,1777921995626806528,0
0,0,619,GEMM(12,8,6),1777921994957545728,1777921995785392384,0
0,0,620,GEMM(13,8,6),1777921994315203840,1777921995784048896,0
0,0,621,GEMM(14,8,6),1777921994499533056,1777921995784704256,0
0,0,622,GEMM(15,8,6),1777921994709779712,1777921995785193728,0
0,0,630,SYRK(10,10,6),1777921994278198528,1777921995349797120,0
0,0,631,GEMM(11,10,6),1777921994327442688,1777921995784365312,0
0,0,632,GEMM(12,10,6),1777921994290537728,1777921995469926656,0
0,0,633,GEMM(13,10,6),1777921994302874880,1777921995627151616,0
0,0,634,GEMM(14,10,6),1777921994957545728,1777921995785814272,0
0,0,635,GEMM(15,10,6),1777921994315204864,1777921995784049920,0
0,0,641,SYRK(12,12,6),1777921994499534080,1777921995785139456,0
0,0,642,GEMM(13,12,6),1777921994709778688,1777921995785139456,0
0,0,643,GEMM(14,12,6),1777921994278198528,1777921995350629632,0
0,0,644,GEMM(15,12,6),1777921994327442688,1777921995784704256,0
0,0,648,SYRK(14,14,6),1777921994290537728,1777921995469469952,0
0,0,649,GEMM(15,14,6),1777921994302874880,1777921995626806528,0
0,0,660,SYRK(8,8,7),1777921996091010304,1777921996852882688,1777921994957545728
0,0,661,GEMM(9,8,7),1777921995785392384,1777921996847722752,1777921994315203840
0,0,662,GEMM(10,8,7),1777921995785411840,1777921996851450112,1777921994499534080
0,0,663,GEMM(11,8,7),1777921995785493760,1777921996852306176,1777921994709779712
0,0,664,GEMM(12,8,7),1777921997459413248,1777921998764814592,1777921996865208576
0,0,665,GEMM(13,8,7),1777921997459477760,1777921998764860672,1777921996865189120
0,0,666,GEMM(14,8,7),1777921996865209600,1777921998761854208,1777921996865157376
0,0,667,GEMM(15,8,7),1777922011580712192,1777922012886510848,1777921998757879040
0,0,675,SYRK(10,10,7),1777922000876421376,1777922001591011584,1777921998844127488
0,0,676,GEMM(11,10,7),1777921998765566208,1777922000383597824,1777921997515254016
0,0,677,GEMM(12,10,7),1777921998765566208,1777922000382285056,1777921998761835776
0,0,678,GEMM(13,10,7),1777922000382347520,1777922001589593344,1777921998765329664
0,0,679,GEMM(14,10,7),1777921997459408128,1777922000105270528,1777921996865208576
0,0,680,GEMM(15,10,7),1777922011580712192,1777922012886509824,1777921996865189120
0,0,686,SYRK(12,12,7),1777921996865209600,1777921997459408128,1777921996865158400
0,0,687,GEMM(13,12,7),1777921998765566208,1777922000382285056,1777921998757924096
0,0,688,GEMM(14,12,7),1777922000876421376,1777922001589722368,1777921998844127488
0,0,689,GEMM(15,12,7),1777922011580712192,1777922015583182080,1777921997515254016
0,0,693,SYRK(14,14,7),1777921998842606848,1777922000877368576,1777921998761835776
0,0,694,GEMM(15,14,7),1777922011580712192,1777922012886509824,1777921998765329664
0,0,696,POTRF(8),1777921996865208576,1777921998761835776,0
0,0,697,TRSM(9,8),1777921996865189120,1777922002520308992,0
0,0,698,TRSM(10,8),1777921996865158400,1777922002518391040,0
0,0,699,TRSM(11,8),1777921998757879040,1777922002520656128,0
0,0,700,TRSM(12,8),1777921998844127488,1777922002561008896,0
0,0,701,TRSM(13,8),1777921997515254016,1777922002520604928,0
0,0,702,TRSM(14,8),1777921998761835776,1777922002520711424,0
0,0,703,TRSM(15,8),1777921998765329664,1777922002560182528,0
0,0,711,SYRK(10,10,8),1777921997455905024,1777921998764814592,0
0,0,712,GEMM(11,10,8),1777922001930773760,1777922002101225728,0
0,0,713,GEMM(12,10,8),1777922001797463296,1777922001919149312,0
0,0,714,GEMM(13,10,8),1777922002125978880,1777922002506986752,0
0,0,715,GEMM(14,10,8),1777922002150204672,1777922002508074240,0
0,0,716,GEMM(15,10,8),1777922002113645824,1777922002506666240,0
0,0,722,SYRK(12,12,8),1777922002101225728,1777922002506438912,0
0,0,723,GEMM(13,12,8),1777922002138192128,1777922002507126016,0
0,0,724,GEMM(14,12,8),1777921998765329664,1777922000382285056,0
0,0,725,GEMM(15,12,8),1777922001930773760,1777922002101225728,0
0,0,729,SYRK(14,14,8),1777922001797463296,1777922001931330816,0
0,0,730,GEMM(15,14,8),1777922012886814976,1777922016198176000,0
0,0,739,SYRK(10,10,9),1777922012886785280,1777922015584496896,1777922002150205696
0,0,740,GEMM(11,10,9),1777922012886746368,1777922015584496896,1777922002113645824
0,0,741,GEMM(12,10,9),1777922012886764800,1777922015584495872,1777922002101224704
0,0,742,GEMM(13,10,9),1777922012886747392,1777922015584496896,1777922002138192128
0,0,743,GEMM(14,10,9),1777922012886798592,1777922015584496896,1777922000382284032
0,0,744,GEMM(15,10,9),1777922015890636032,1777922016939378944,1777922012967912704
0,0,750,SYRK(12,12,9),1777922012886745344,1777922015584496896,1777922001797464320
0,0,751,GEMM(13,12,9),1777922015890721024,1777922017244348672,1777922012967912704
0,0,752,GEMM(14,12,9),1777922012886759680,1777922015584496896,1777922002150205696
0,0,753,GEMM(15,12,9),1777922016856636672,1777922017261964544,1777922015584496896
0,0,757,SYRK(14,14,9),1777922012886735104,1777922015584495872,1777922002101225728
0,0,758,GEMM(15,14,9),1777922015584496896,1777922016856636672,1777922012886670592
0,0,760,POTRF(10),1777922000382285056,1777922001589723392,0
0,0,761,TRSM(11,10),1777922012967912704,1777922018673776896,0
0,0,762,TRSM(12,10),1777922002519039232,1777922002705807616,0
0,0,763,TRSM(13,10),1777922012967912704,1777922018674147584,0
0,0,764,TRSM(14,10),1777922002561020160,1777922002706497792,0
0,0,765,TRSM(15,10),1777922015584496896,1777922018670659840,0
0,0,771,SYRK(12,12,10),1777922002520720640,1777922002562599168,0
0,0,772,GEMM(13,12,10),1777922012886677760,1777922015584495872,0
0,0,773,GEMM(14,12,10),1777922000876421376,1777922001589722368,0
0,0,774,GEMM(15,12,10),1777922017548884224,1777922017719734528,0
0,0,778,SYRK(14,14,10),1777922002632117504,1777922002688542976,0
0,0,779,GEMM(15,14,10),1777922017561229568,1777922018641929472,0
0,0,786,SYRK(12,12,11),1777922012886755584,1777922015584496896,1777922002701230336
0,0,787,GEMM(13,12,11),1777922017719734528,1777922018659520768,1777922017536526592
0,0,788,GEMM(14,12,11),1777922012886753536,1777922015584496896,1777922002560181504
0,0,789,GEMM(15,12,11),1777922015584497920,1777922016939378944,1777922012886690048
0,0,793,SYRK(14,14,11),1777922012886758656,1777922015584495872,1777922000876421376
0,0,794,GEMM(15,14,11),1777922017719787776,1777922018659520768,1777922017548884224
0,0,796,POTRF(12),1777922002632117504,1777922002701901056,0
0,0,797,TRSM(13,12),1777922017561229568,1777922018760156416,0
0,0,798,TRSM(14,12),1777922016198117632,1777922018677944576,0
0,0,799,TRSM(15,12),1777922017536526592,1777922018756228352,0
0,0,803,SYRK(14,14,12),1777922015890635008,1777922016939378944,0
0,0,804,GEMM(15,14,12),1777922016198117632,1777922017245678848,0
0,0,809,SYRK(14,14,13),1777922017260298496,1777922017412601088,1777922016198117632
0,0,810,GEMM(15,14,13),1777922017719787776,1777922018659520768,1777922017548885248
0,0,812,POTRF(14),1777922016198118656,1777922017411149056,0
0,0,813,TRSM(15,14),1777922018749863168,1777922018801256704,0
0,1,0,POTRF(0),1777922024204296448,1777922024221922560,0
0,1,1,TRSM(1,0),1777922024217840896,1777922024784692480,0
0,1,2,TRSM(2,0),1777922024217840896,1777922024791390464,0
0,1,3,TRSM(3,0),1777922024217841920,1777922024785015040,0
0,1,4,TRSM(4,0),1777922024217841920,1777922024791139584,0
0,1,5,TRSM(5,0),1777922024217841920,1777922024794824960,0
0,1,6,TRSM(6,0),1777922024217841920,1777922024801332480,0
0,1,7,TRSM(7,0),1777922024217841920,1777922024794824960,0
0,1,8,TRSM(8,0),1777922024217841920,1777922024804555008,0
0,1,9,TRSM(9,0),1777922024463114496,1777922026995112192,0
0,1,10,TRSM(10,0),1777922024487959808,1777922027308432640,0
0,1,11,TRSM(11,0),1777922024475638016,1777922027308287232,0
0,1,12,TRSM(12,0),1777922024500280576,1777922026995112192,0
0,1,13,TRSM(13,0),1777922024512653568,1777922026995091712,0
0,1,14,TRSM(14,0),1777922024537696512,1777922028489123072,0
0,1,15,TRSM(15,0),1777922024524996864,1777922027308287232,0
0,1,31,SYRK(2,2,0),1777922024550033664,1777922024751265024,0
0,1,32,GEMM(3,2,0),1777922025293967616,1777922026546234624,0
0,1,33,GEMM(4,2,0),1777922025591024896,1777922026981039360,0
0,1,34,GEMM(5,2,0),1777922025318650112,1777922026980028672,0
0,1,35,GEMM(6,2,0),1777922025306320128,1777922026781853952,0
0,1,36,GEMM(7,2,0),1777922025330954496,1777922026980614400,0
0,1,37,GEMM(8,2,0),1777922025838950656,1777922026981323008,0
0,1,38,GEMM(9,2,0),1777922025343077632,1777922026981039360,0
0,1,39,GEMM(10,2,0),1777922024550033664,1777922024751265024,0
0,1,40,GEMM(11,2,0),1777922025293968640,1777922026546663680,0
0,1,41,GEMM(12,2,0),1777922025591024896,1777922026981323008,0
0,1,42,GEMM(13,2,0),1777922025318650112,1777922026980028672,0
0,1,43,GEMM(14,2,0),1777922025306320128,1777922026781853952,0
0,1,44,GEMM(15,2,0),1777922025330954496,1777922026980614400,0
0,1,58,SYRK(4,4,0),1777922025838950656,1777922026981323008,0
0,1,59,GEMM(5,4,0),1777922025343077632,1777922026980774144,0
0,1,60,GEMM(6,4,0),1777922024550033664,1777922024752104704,0
0,1,61,GEMM(7,4,0),1777922025293967616,1777922026546234624,0
0,1,62,GEMM(8,4,0),1777922025591024896,1777922026981039360,0
0,1,63,GEMM(9,4,0),1777922025318650112,1777922026980614400,0
0,1,64,GEMM(10,4,0),1777922025306320128,1777922026782588160,0
0,1,65,GEMM(11,4,0),1777922025330955520,1777922026980774144,0
0,1,66,GEMM(12,4,0),1777922025838950656,1777922026981889280,0
0,1,67,GEMM(13,4,0),1777922025343077632,1777922026980774144,0
0,1,68,GEMM(14,4,0),1777922024805769472,1777922025121619200,0
0,1,69,GEMM(15,4,0),1777922027308431616,1777922027860614400,0
0,1,81,SYRK(6,6,0),1777922028489121024,1777922028727316736,0
0,1,82,GEMM(7,6,0),1777922027860226304,1777922028489124096,0
0,1,83,GEMM(8,6,0),1777922027308431616,1777922027860615424,0
0,1,84,GEMM(9,6,0),1777922026995111168,1777922027308431616,0
0,1,85,GEMM(10,6,0),1777922028727331072,1777922029004184832,0
0,1,86,GEMM(11,6,0),1777922027860226304,1777922028489123072,0
0,1,87,GEMM(12,6,0),1777922024805769472,1777922025121619200,0
0,1,88,GEMM(13,6,0),1777922027308431616,1777922027860614400,0
0,1,89,GEMM(14,6,0),1777922028489121024,1777922028727316736,0
0,1,90,GEMM(15,6,0),1777922027860226304,1777922028489124096,0
0,1,100,SYRK(8,8,0),1777922027308431616,1777922027860615424,0
0,1,101,GEMM(9,8,0),1777922026995111168,1777922027308431616,0
0,1,102,GEMM(10,8,0),1777922028806490368,1777922029004184832,0
0,1,103,GEMM(11,8,0),1777922027860226304,1777922028489123072,0
0,1,104,GEMM(12,8,0),1777922024805769472,1777922025121620224,0
0,1,105,GEMM(13,8,0),1777922027308431616,1777922027860614400,0
0,1,106,GEMM(14,8,0),1777922028489121024,1777922028727316736,0
0,1,107,GEMM(15,8,0),1777922027860226304,1777922028489124096,0
0,1,115,SYRK(10,10,0),1777922027308431616,1777922027860615424,0
0,1,116,GEMM(11,10,0),1777922026995112192,1777922027308431616,0
0,1,117,GEMM(12,10,0),1777922028806490368,1777922029004184832,0
0,1,118,GEMM(13,10,0),1777922027860226304,1777922028489123072,0
0,1,119,GEMM(14,10,0),1777922024805769472,1777922025121635584,0
0,1,120,GEMM(15,10,0),1777922027308431616,1777922027860614400,0
0,1,126,SYRK(12,12,0),1777922028489121024,1777922028806491392,0
0,1,127,GEMM(13,12,0),1777922027860227328,1777922028727316736,0
0,1,128,GEMM(14,12,0),1777922027308431616,1777922028489123072,0
0,1,129,GEMM(15,12,0),1777922026995112192,1777922027860614400,0
0,1,133,SYRK(14,14,0),1777922028806490368,1777922029006505216,0
0,1,134,GEMM(15,14,0),1777922027860226304,1777922028489124096,0
0,1,151,SYRK(2,2,1),1777922046547312896,1777922049823933696,1777922025122447616
0,1,152,GEMM(3,2,1),1777922046547313920,1777922049823933696,1777922028489122048
0,1,153,GEMM(4,2,1),1777922046547400960,1777922049823933696,1777922028727323904
0,1,154,GEMM(5,2,1),1777922046547313920,1777922049823934720,1777922028727315712
0,1,155,GEMM(6,2,1),1777922046547312896,1777922049823933696,1777922028489122048
0,1,156,GEMM(7,2,1),1777922046547312896,1777922049823931648,1777922027860225280
0,1,157,GEMM(8,2,1),1777922046547313920,1777922049823933696,1777922029004190976
0,1,158,GEMM(9,2,1),1777922046547313920,1777922049824021760,1777922028727314688
0,1,159,GEMM(10,2,1),1777922049824188672,1777922054125844736,1777922025122447616
0,1,160,GEMM(11,2,1),1777922049824188672,1777922054125924608,1777922028489122048
0,1,161,GEMM(12,2,1),1777922049824302336,1777922054125845760,1777922028727324928
0,1,162,GEMM(13,2,1),1777922049824201984,1777922054125845760,1777922028727315712
0,1,163,GEMM(14,2,1),1777922049824189696,1777922054125845760,1777922028489122048
0,1,164,GEMM(15,2,1),1777922049824189696,1777922054125844736,1777922027860226304
0,1,178,SYRK(4,4,1),1777922044734259456,1777922046249132288,1777922029004192000
0,1,179,GEMM(5,4,1),1777922046547312896,1777922049823932672,1777922028727314688
0,1,180,GEMM(6,4,1),1777922045775632640,1777922049823931648,1777922025122447616
0,1,181,GEMM(7,4,1),1777922044734259456,1777922046249132288,1777922028489122048
0,1,182,GEMM(8,4,1),1777922044734259456,1777922046249132288,1777922028727324928
0,1,183,GEMM(9,4,1),1777922046547313920,1777922054125844736,1777922028727315712
0,1,184,GEMM(10,4,1),1777922049824206080,1777922057055862016,1777922028489122048
0,1,185,GEMM(11,4,1),1777922049824201984,1777922054125845760,1777922027860226304
0,1,186,GEMM(12,4,1),1777922049824201984,1777922054125926656,1777922029004192000
0,1,187,GEMM(13,4,1),1777922049824288000,1777922054125845760,1777922028727314688
0,1,188,GEMM(14,4,1),1777922049824188672,1777922054125844736,1777922025122447616
0,1,189,GEMM(15,4,1),1777922049824201984,1777922054125849856,1777922028489122048
0,1,201,SYRK(6,6,1),1777922044734261504,1777922046547313920,1777922029004183808
0,1,202,GEMM(7,6,1),1777922044734260480,1777922046547312896,1777922028727321856
0,1,203,GEMM(8,6,1),1777922044734260480,1777922046547312896,1777922028727314688
0,1,204,GEMM(9,6,1),1777922046547399936,1777922049823931648,1777922028489122048
0,1,205,GEMM(10,6,1),1777922049824189696,1777922054125845760,1777922029006510336
0,1,206,GEMM(11,6,1),1777922049824189696,1777922054125844736,1777922028727314688
0,1,207,GEMM(12,6,1),1777922054130905344,1777922058919610624,1777922049824274688
0,1,208,GEMM(13,6,1),1777922054130904320,1777922058919581952,1777922049824254208
0,1,209,GEMM(14,6,1),1777922054130904320,1777922058919580928,1777922049824240896
0,1,210,GEMM(15,6,1),1777922054130905344,1777922060617915648,1777922049824273664
0,1,220,SYRK(8,8,1),1777922054130724096,1777922058001089792,1777922049824284928
0,1,221,GEMM(9,8,1),1777922054130904320,1777922058919592192,1777922049824212224
0,1,222,GEMM(10,8,1),1777922054130904320,1777922058919581952,1777922049824242944
0,1,223,GEMM(11,8,1),1777922054130904320,1777922058919581952,1777922049824240896
0,1,224,GEMM(12,8,1),1777922054291934464,1777922060618341632,1777922054126286080
0,1,225,GEMM(13,8,1),1777922054291934464,1777922060618340608,1777922054126271744
0,1,226,GEMM(14,8,1),1777922057053476096,1777922060618341632,1777922054126329088
0,1,227,GEMM(15,8,1),1777922054291933440,1777922060618340608,1777922054126288128
0,1,235,SYRK(10,10,1),1777922054276666624,1777922060617915648,1777922054126194944
0,1,236,GEMM(11,10,1),1777922054276648192,1777922060617915648,1777922054126285056
0,1,237,GEMM(12,10,1),1777922054130904320,1777922058919580928,1777922049824247040
0,1,238,GEMM(13,10,1),1777922054130904320,1777922058919581952,1777922049824240896
0,1,239,GEMM(14,10,1),1777922057053400320,1777922060618341632,1777922054126286080
0,1,240,GEMM(15,10,1),1777922054276648192,1777922060618340608,1777922054126255360
0,1,246,SYRK(12,12,1),1777922057053399296,1777922060619046144,1777922054126329088
0,1,247,GEMM(13,12,1),1777922057053408512,1777922060618341632,1777922054126288128
0,1,248,GEMM(14,12,1),1777922060619769088,1777922060916653312,1777922060613515520
0,1,249,GEMM(15,12,1),1777922057053400320,1777922060618341632,1777922054126341376
0,1,253,SYRK(14,14,1),1777922054276654336,1777922060617916672,1777922054126218496
0,1,254,GEMM(15,14,1),1777922057053400320,1777922060618341632,1777922054126357760
0,1,256,POTRF(2),1777922054126289152,1777922058919580928,0
0,1,257,TRSM(3,2),1777922054126320896,1777922061939673344,0
0,1,258,TRSM(4,2),1777922054126335232,1777922061939250432,0
0,1,259,TRSM(5,2),1777922054126303488,1777922061952922880,0
0,1,260,TRSM(6,2),1777922060613459200,1777922062151540992,0
0,1,261,TRSM(7,2),1777922054126341376,1777922061942949120,0
0,1,262,TRSM(8,2),1777922054126241024,1777922061939202304,0
0,1,263,TRSM(9,2),1777922054126365952,1777922061953115392,0
0,1,264,TRSM(10,2),1777922060618340608,1777922062151540992,0
0,1,265,TRSM(11,2),1777922061179805952,1777922063837699328,0
0,1,266,TRSM(12,2),1777922061167500544,1777922063992872192,0
0,1,267,TRSM(13,2),1777922061402125568,1777922064272619776,0
0,1,268,TRSM(14,2),1777922061664419072,1777922064434023680,0
0,1,269,TRSM(15,2),1777922061389975808,1777922064113830144,0
0,1,283,SYRK(4,4,2),1777922061154660608,1777922061403208960,0
0,1,284,GEMM(5,4,2),1777922061414841600,1777922061665151232,0
0,1,285,GEMM(6,4,2),1777922061677256960,1777922061916918016,0
0,1,286,GEMM(7,4,2),1777922062687502592,1777922063369975040,0
0,1,287,GEMM(8,4,2),1777922062675154176,1777922063369472256,0
0,1,288,GEMM(9,4,2),1777922063382669568,1777922063829293312,0
0,1,289,GEMM(10,4,2),1777922063395379456,1777922063831558400,0
0,1,290,GEMM(11,4,2),1777922062699790592,1777922063370263808,0
0,1,291,GEMM(12,4,2),1777922061154660608,1777922061403208960,0
0,1,292,GEMM(13,4,2),1777922061414841600,1777922061665151232,0
0,1,293,GEMM(14,4,2),1777922061677256960,1777922061916919040,0
0,1,294,GEMM(15,4,2),1777922062687502592,1777922063370263808,0
0,1,306,SYRK(6,6,2),1777922062675154176,1777922063369473280,0
0,1,307,GEMM(7,6,2),1777922063382669568,1777922063829293312,0
0,1,308,GEMM(8,6,2),1777922063395379456,1777922063830291712,0
0,1,309,GEMM(9,6,2),1777922062699790592,1777922063371166976,0
0,1,310,GEMM(10,6,2),1777922061154660608,1777922061415464192,0
0,1,311,GEMM(11,6,2),1777922061414841600,1777922061677766912,0
0,1,312,GEMM(12,6,2),1777922061677256960,1777922061917158656,0
0,1,313,GEMM(13,6,2),1777922062687502592,1777922063369974016,0
0,1,314,GEMM(14,6,2),1777922062675154176,1777922063369974016,0
0,1,315,GEMM(15,6,2),1777922063382669568,1777922063830290688,0
0,1,325,SYRK(8,8,2),1777922063395379456,1777922063830291712,0
0,1,326,GEMM(9,8,2),1777922062699791616,1777922063370263808,0
0,1,327,GEMM(10,8,2),1777922061952921856,1777922062151540992,0
0,1,328,GEMM(11,8,2),1777922062151539968,1777922062391324928,0
0,1,329,GEMM(12,8,2),1777922062391324928,1777922062549559552,0
0,1,330,GEMM(13,8,2),1777922063837800704,1777922063994540288,0
0,1,331,GEMM(14,8,2),1777922063994604800,1777922064114255104,0
0,1,332,GEMM(15,8,2),1777922064272630016,1777922064433843456,0
0,1,340,SYRK(10,10,2),1777922064434034944,1777922064557323520,0
0,1,341,GEMM(11,10,2),1777922064114267392,1777922064271866112,0
0,1,342,GEMM(12,10,2),1777922061952921856,1777922062151540992,0
0,1,343,GEMM(13,10,2),1777922062151539968,1777922062391324928,0
0,1,344,GEMM(14,10,2),1777922062391324928,1777922062549800192,0
0,1,345,GEMM(15,10,2),1777922063837801728,1777922064114255104,0
0,1,351,SYRK(12,12,2),1777922063994604800,1777922064271866112,0
0,1,352,GEMM(13,12,2),1777922064352493824,1777922064476290304,0
0,1,353,GEMM(14,12,2),1777922064476289280,1777922064559643904,0
0,1,354,GEMM(15,12,2),1777922064114268416,1777922064272604416,0
0,1,358,SYRK(14,14,2),1777922061952921856,1777922062390916352,0
0,1,359,GEMM(15,14,2),1777922062151539968,1777922062391325952,0
0,1,374,SYRK(4,4,3),1777922077856127232,1777922080293700864,1777922062391324928
0,1,375,GEMM(5,4,3),1777922077856046336,1777922080293737728,1777922063837801728
0,1,376,GEMM(6,4,3),1777922080293995776,1777922086919699712,1777922063994604800
0,1,377,GEMM(7,4,3),1777922077856046336,1777922080293713152,1777922064352493824
0,1,378,GEMM(8,4,3),1777922077856046336,1777922080293698816,1777922064476289280
0,1,379,GEMM(9,4,3),1777922077856060672,1777922080293703936,1777922064270060800
0,1,380,GEMM(10,4,3),1777922077856039168,1777922080293708032,1777922061952921856
0,1,381,GEMM(11,4,3),1777922080293971200,1777922086919697664,1777922062151540992
0,1,382,GEMM(12,4,3),1777922080293971200,1777922086919698688,1777922062391324928
0,1,383,GEMM(13,4,3),1777922080294059264,1777922086919699712,1777922063837801728
0,1,384,GEMM(14,4,3),1777922080294004992,1777922086919699712,1777922063994604800
0,1,385,GEMM(15,4,3),1777922080294018304,1777922086919698688,1777922064352493824
0,1,397,SYRK(6,6,3),1777922080294009088,1777922086919787776,1777922064476289280
0,1,398,GEMM(7,6,3),1777922080293982464,1777922086919698688,1777922064270060800
0,1,399,GEMM(8,6,3),1777922080294008064,1777922086919697664,1777922062386106624
0,1,400,GEMM(9,6,3),1777922080293971200,1777922086919698688,1777922062546778368
0,1,401,GEMM(10,6,3),1777922080294024448,1777922086919698688,1777922062549800192
0,1,402,GEMM(11,6,3),1777922080294002944,1777922086919699712,1777922063994604800
0,1,403,GEMM(12,6,3),1777922080293989632,1777922086919699712,1777922064114259200
0,1,404,GEMM(13,6,3),1777922080293996800,1777922086919699712,1777922064433848576
0,1,405,GEMM(14,6,3),1777922080294039808,1777922086919788800,1777922064557327616
0,1,406,GEMM(15,6,3),1777922080294008064,1777922086919699712,1777922064271872256
0,1,416,SYRK(8,8,3),1777922077711967488,1777922080293708032,1777922062386106624
0,1,417,GEMM(9,8,3),1777922077855940864,1777922080293698816,1777922062546778368
0,1,418,GEMM(10,8,3),1777922077856142592,1777922086919697664,1777922062549930240
0,1,419,GEMM(11,8,3),1777922080293975296,1777922086919698688,1777922064114261248
0,1,420,GEMM(12,8,3),1777922080294027520,1777922086919698688,1777922064271870208
0,1,421,GEMM(13,8,3),1777922080294050048,1777922086919700736,1777922064557322496
0,1,422,GEMM(14,8,3),1777922080294075648,1777922087218980096,1777922064559648000
0,1,423,GEMM(15,8,3),1777922080293996800,1777922086919699712,1777922064272609536
0,1,431,SYRK(10,10,3),1777922077856038144,1777922080293780736,1777922062391325952
0,1,432,GEMM(11,10,3),1777922080293960960,1777922086919697664,1777922062546779392
0,1,433,GEMM(12,10,3),1777922087219071232,1777922089691698432,1777922080613819648
0,1,434,GEMM(13,10,3),1777922087219071232,1777922089689478400,1777922080294054144
0,1,435,GEMM(14,10,3),1777922087379086592,1777922089691698432,1777922086920148224
0,1,436,GEMM(15,10,3),1777922087219071232,1777922089689493760,1777922080294121728
0,1,442,SYRK(12,12,3),1777922087218777344,1777922088611412224,1777922080613819648
0,1,443,GEMM(13,12,3),1777922087218981120,1777922089689478400,1777922080613819648
0,1,444,GEMM(14,12,3),1777922086920094976,1777922088609005824,1777922080294040832
0,1,445,GEMM(15,12,3),1777922087379086592,1777922089691698432,1777922086920165632
0,1,449,SYRK(14,14,3),1777922087379086592,1777922089691698432,1777922086920203520
0,1,450,GEMM(15,14,3),1777922087379086592,1777922089692046592,1777922086920185088
0,1,452,POTRF(4),1777922086920241408,1777922089685296384,0
0,1,453,TRSM(5,4),1777922086920205568,1777922091114614016,0
0,1,454,TRSM(6,4),1777922086920099072,1777922091108159744,0
0,1,455,TRSM(7,4),1777922086919875840,1777922091108194560,0
0,1,456,TRSM(8,4),1777922086920164608,1777922091111064832,0
0,1,457,TRSM(9,4),1777922086920171776,1777922091114511616,0
0,1,458,TRSM(10,4),1777922086920203520,1777922091111486720,0
0,1,459,TRSM(11,4),1777922086920185088,1777922091111486720,0
0,1,460,TRSM(12,4),1777922087218980096,1777922091114614016,0
0,1,461,TRSM(13,4),1777922090006892800,1777922092271992064,0
0,1,462,TRSM(14,4),1777922089945433344,1777922092271413504,0
0,1,463,TRSM(15,4),1777922089933101312,1777922092271856896,0
0,1,475,SYRK(6,6,4),1777922089957701888,1777922090849285376,0
0,1,476,GEMM(7,6,4),1777922089982164224,1777922091085080832,0
0,1,477,GEMM(8,6,4),1777922089994440960,1777922091085080832,0
0,1,478,GEMM(9,6,4),1777922089969885440,1777922091084971264,0
0,1,479,GEMM(10,6,4),1777922090217072896,1777922091086205184,0
0,1,480,GEMM(11,6,4),1777922092028861696,1777922092265233664,0
0,1,481,GEMM(12,6,4),1777922091532659968,1777922092016500992,0
0,1,482,GEMM(13,6,4),1777922091544996096,1777922092029334784,0
0,1,483,GEMM(14,6,4),1777922089957701888,1777922090849513728,0
0,1,484,GEMM(15,6,4),1777922089982164224,1777922091084971264,0
0,1,494,SYRK(8,8,4),1777922089994440960,1777922091085940992,0
0,1,495,GEMM(9,8,4),1777922089969884416,1777922091084092672,0
0,1,496,GEMM(10,8,4),1777922090217072896,1777922091086714112,0
0,1,497,GEMM(11,8,4),1777922092028861696,1777922092265233664,0
0,1,498,GEMM(12,8,4),1777922091532659968,1777922092016500992,0
0,1,499,GEMM(13,8,4),1777922091544996096,1777922092029334784,0
0,1,500,GEMM(14,8,4),1777922089957701888,1777922090849285376,0
0,1,501,GEMM(15,8,4),1777922089982164224,1777922091084971264,0
0,1,509,SYRK(10,10,4),1777922089994440960,1777922091085080832,0
0,1,510,GEMM(11,10,4),1777922089969884416,1777922091084092672,0
0,1,511,GEMM(12,10,4),1777922090217072896,1777922091086206208,0
0,1,512,GEMM(13,10,4),1777922092028861696,1777922092266386688,0
0,1,513,GEMM(14,10,4),1777922091532659968,1777922092028862720,0
0,1,514,GEMM(15,10,4),1777922091544996096,1777922092029490432,0
0,1,520,SYRK(12,12,4),1777922091117796608,1777922091435898112,0
0,1,521,GEMM(13,12,4),1777922091314856192,1777922091435898112,0
0,1,522,GEMM(14,12,4),1777922091117795584,1777922091316280576,0
0,1,523,GEMM(15,12,4),1777922091117795584,1777922091316280576,0
0,1,527,SYRK(14,14,4),1777922091314857216,1777922091436617984,0
0,1,528,GEMM(15,14,4),1777922092272003328,1777922092375788800,0
0,1,541,SYRK(6,6,5),1777922103264422144,1777922103800447232,1777922092271422720
0,1,542,GEMM(7,6,5),1777922103264423168,1777922108851014912,1777922092271867136
0,1,543,GEMM(8,6,5),1777922103800615168,1777922108851088640,1777922091117796608
0,1,544,GEMM(9,6,5),1777922103800618240,1777922108851014912,1777922091314856192
0,1,545,GEMM(10,6,5),1777922103800603904,1777922108851013888,1777922091117795584
0,1,546,GEMM(11,6,5),1777922103800614144,1777922108851013888,1777922091117796608
0,1,547,GEMM(12,6,5),1777922103800694016,1777922108851014912,1777922091314856192
0,1,548,GEMM(13,6,5),1777922103800679680,1777922108851014912,1777922092373466368
0,1,549,GEMM(14,6,5),1777922108851361024,1777922111769044224,1777922092271424768
0,1,550,GEMM(15,6,5),1777922108851281152,1777922111769044224,1777922092271869184
0,1,560,SYRK(8,8,5),1777922103800615168,1777922108851014912,1777922091117796608
0,1,561,GEMM(9,8,5),1777922103800677632,1777922108851021056,1777922091314856192
0,1,562,GEMM(10,8,5),1777922103800603904,1777922108851017984,1777922091117795584
0,1,563,GEMM(11,8,5),1777922103800614144,1777922108851013888,1777922091117796608
0,1,564,GEMM(12,8,5),1777922103800576256,1777922108851011840,1777922091314856192
0,1,565,GEMM(13,8,5),1777922103800680704,1777922111768954112,1777922092373466368
0,1,566,GEMM(14,8,5),1777922108851281152,1777922111769044224,1777922092271425792
0,1,567,GEMM(15,8,5),1777922108851281152,1777922111769044224,1777922092271870208
0,1,575,SYRK(10,10,5),1777922103800615168,1777922108851014912,1777922091117796608
0,1,576,GEMM(11,10,5),1777922103800614144,1777922108851086592,1777922091314856192
0,1,577,GEMM(12,10,5),1777922103800603904,1777922108851019008,1777922091117795584
0,1,578,GEMM(13,10,5),1777922103800615168,1777922108851013888,1777922091117796608
0,1,579,GEMM(14,10,5),1777922108851281152,1777922111768955136,1777922091314857216
0,1,580,GEMM(15,10,5),1777922108851281152,1777922111769585920,1777922092373466368
0,1,586,SYRK(12,12,5),1777922103800618240,1777922108851014912,1777922092271427840
0,1,587,GEMM(13,12,5),1777922103800614144,1777922108851013888,1777922092271872256
0,1,588,GEMM(14,12,5),1777922108851270912,1777922111768955136,1777922091436075264
0,1,589,GEMM(15,12,5),1777922108851280128,1777922111768955136,1777922091436075264
0,1,593,SYRK(14,14,5),1777922108851271936,1777922111768954112,1777922091433873664
0,1,594,GEMM(15,14,5),1777922108851271936,1777922111768955136,1777922091433873664
0,1,596,POTRF(6),1777922091436624128,1777922091455419648,0
0,1,597,TRSM(7,6),1777922092375791872,1777922092437487872,0
0,1,598,TRSM(8,6),1777922103800686848,1777922114601449728,0
0,1,599,TRSM(9,6),1777922108851327232,1777922115048005888,0
0,1,600,TRSM(10,6),1777922108851347712,1777922115047369984,0
0,1,601,TRSM(11,6),1777922108851342592,1777922115042981120,0
0,1,602,TRSM(12,6),1777922108851289344,1777922115043110144,0
0,1,603,TRSM(13,6),1777922108851281152,1777922114601407744,0
0,1,604,TRSM(14,6),1777922108851311872,1777922115042981120,0
0,1,605,TRSM(15,6),1777922108851297536,1777922115042981120,0
0,1,615,SYRK(8,8,6),1777922112012371200,1777922113281873152,0
0,1,616,GEMM(9,8,6),1777922112572182784,1777922113519281408,0
0,1,617,GEMM(10,8,6),1777922112085519616,1777922113518629120,0
0,1,618,GEMM(11,8,6),1777922112049061120,1777922113517981952,0
0,1,619,GEMM(12,8,6),1777922112024707328,1777922113282582784,0
0,1,620,GEMM(13,8,6),1777922112037024000,1777922113282767104,0
0,1,621,GEMM(14,8,6),1777922112073537792,1777922113518517504,0
0,1,622,GEMM(15,8,6),1777922112061238528,1777922113518387456,0
0,1,630,SYRK(10,10,6),1777922112012371200,1777922113281873152,0
0,1,631,GEMM(11,10,6),1777922112572182784,1777922113519281408,0
0,1,632,GEMM(12,10,6),1777922112085519616,1777922113518629120,0
0,1,633,GEMM(13,10,6),1777922112049061120,1777922113517981952,0
0,1,634,GEMM(14,10,6),1777922112024707328,1777922113282767104,0
0,1,635,GEMM(15,10,6),1777922112037024000,1777922113282879744,0
0,1,641,SYRK(12,12,6),1777922112073537792,1777922113518517504,0
0,1,642,GEMM(13,12,6),1777922112061239552,1777922113518517504,0
0,1,643,GEMM(14,12,6),1777922112012371200,1777922113282581760,0
0,1,644,GEMM(15,12,6),1777922112572182784,1777922114584276224,0
0,1,648,SYRK(14,14,6),1777922112085519616,1777922113519280384,0
0,1,649,GEMM(15,14,6),1777922112049061120,1777922113518387456,0
0,1,660,SYRK(8,8,7),1777922113518629120,1777922114587505920,1777922112024707328
0,1,661,GEMM(9,8,7),1777922113518643456,1777922114587847936,1777922112037024000
0,1,662,GEMM(10,8,7),1777922113519324416,1777922114588562688,1777922112073538816
0,1,663,GEMM(11,8,7),1777922113519281408,1777922114587848960,1777922112061238528
0,1,664,GEMM(12,8,7),1777922115105576192,1777922115922939136,1777922115042980096
0,1,665,GEMM(13,8,7),1777922118704974080,1777922119128424704,1777922115915896064
0,1,666,GEMM(14,8,7),1777922116135832832,1777922118707315968,1777922115103979776
0,1,667,GEMM(15,8,7),1777922129297182976,1777922133231463680,1777922115047890176
0,1,675,SYRK(10,10,7),1777922115915898112,1777922118624721152,1777922115047940352
0,1,676,GEMM(11,10,7),1777922114601458944,1777922115106114816,1777922114601449728
0,1,677,GEMM(12,10,7),1777922115922932992,1777922118628021504,1777922115103979776
0,1,678,GEMM(13,10,7),1777922115915997440,1777922118627735808,1777922115047952640
0,1,679,GEMM(14,10,7),1777922115105576192,1777922118231975168,1777922115042981120
0,1,680,GEMM(15,10,7),1777922129297182976,1777922130606733568,1777922115915896064
0,1,686,SYRK(12,12,7),1777922115922932992,1777922118706444544,1777922115105576192
0,1,687,GEMM(13,12,7),1777922115916002560,1777922118624722176,1777922115047899392
0,1,688,GEMM(14,12,7),1777922115915991296,1777922118624722176,1777922115047941376
0,1,689,GEMM(15,12,7),1777922129297181952,1777922130606732544,1777922114601449728
0,1,693,SYRK(14,14,7),1777922115922932992,1777922118628022528,1777922115103979776
0,1,694,GEMM(15,14,7),1777922129297181952,1777922130606732544,1777922115047953664
0,1,696,POTRF(8),1777922115042982144,1777922115106114816,0
0,1,697,TRSM(9,8),1777922115915896064,1777922120192641280,0
0,1,698,TRSM(10,8),1777922115105576192,1777922120192278784,0
0,1,699,TRSM(11,8),1777922115047913728,1777922120192189696,0
0,1,700,TRSM(12,8),1777922115047941376,1777922120192004352,0
0,1,701,TRSM(13,8),1777922114601449728,1777922120150573312,0
0,1,702,TRSM(14,8),1777922115103979776,1777922120151786752,0
0,1,703,TRSM(15,8),1777922115047968000,1777922120192004352,0
0,1,711,SYRK(10,10,8),1777922115047786752,1777922115920300288,0
0,1,712,GEMM(11,10,8),1777922119782119680,1777922120139100416,0
0,1,713,GEMM(12,10,8),1777922119612334336,1777922120138046720,0
0,1,714,GEMM(13,10,8),1777922119600025856,1777922120138046720,0
0,1,715,GEMM(14,10,8),1777922119547018496,1777922119981062400,0
0,1,716,GEMM(15,10,8),1777922119429689600,1777922119522585856,0
0,1,722,SYRK(12,12,8),1777922119522096384,1777922119782119680,0
0,1,723,GEMM(13,12,8),1777922119534672128,1777922119980822784,0
0,1,724,GEMM(14,12,8),1777922118227835136,1777922119127820544,0
0,1,725,GEMM(15,12,8),1777922119782119680,1777922120139555072,0
0,1,729,SYRK(14,14,8),1777922119612334336,1777922120138871040,0
0,1,730,GEMM(15,14,8),1777922133534216448,1777922134667513088,0
0,1,739,SYRK(10,10,9),1777922130607144192,1777922133231465728,1777922119547018496
0,1,740,GEMM(11,10,9),1777922130607001856,1777922133231464704,1777922119429689600
0,1,741,GEMM(12,10,9),1777922130607002880,1777922133231464704,1777922119522096384
0,1,742,GEMM(13,10,9),1777922130607002880,1777922133231464704,1777922119534672128
0,1,743,GEMM(14,10,9),1777922130607095040,1777922133231465728,1777922118704974080
0,1,744,GEMM(15,10,9),1777922133534216448,1777922134667415808,1777922130607106304
0,1,750,SYRK(12,12,9),1777922130607000832,1777922133231464704,1777922119612334336
0,1,751,GEMM(13,12,9),1777922134667513088,1777922135139179776,1777922133534216448
0,1,752,GEMM(14,12,9),1777922130607004928,1777922133231465728,1777922119547018496
0,1,753,GEMM(15,12,9),1777922133231465728,1777922134667415808,1777922130606893312
0,1,757,SYRK(14,14,9),1777922130607001856,1777922133231464704,1777922119522096384
0,1,758,GEMM(15,14,9),1777922133534241024,1777922134667415808,1777922130607040768
0,1,760,POTRF(10),1777922118704974080,1777922119226104064,0
0,1,761,TRSM(11,10),1777922130609266944,1777922136402184448,0
0,1,762,TRSM(12,10),1777922120192294144,1777922120338624768,0
0,1,763,TRSM(13,10),1777922133534216448,1777922136405631232,0
0,1,764,TRSM(14,10),1777922120192188672,1777922120338537728,0
0,1,765,TRSM(15,10),1777922130606919936,1777922136401486080,0
0,1,771,SYRK(12,12,10),1777922120151796992,1777922120193832192,0
0,1,772,GEMM(13,12,10),1777922130607040768,1777922133538323712,0
0,1,773,GEMM(14,12,10),1777922119128103168,1777922119223998720,0
0,1,774,GEMM(15,12,10),1777922135584078080,1777922135688641792,0
0,1,778,SYRK(14,14,10),1777922120276946176,1777922120333762816,0
0,1,779,GEMM(15,14,10),1777922135687482624,1777922136387067136,0
0,1,786,SYRK(12,12,11),1777922130607000832,1777922133231464704,1777922120264600832
0,1,787,GEMM(13,12,11),1777922135265649920,1777922135596863744,1777922135264495872
0,1,788,GEMM(14,12,11),1777922130607040768,1777922133231465728,1777922120191404288
0,1,789,GEMM(15,12,11),1777922133534218496,1777922134667415808,1777922130607099136
0,1,793,SYRK(14,14,11),1777922130606991616,1777922133231464704,1777922119128104192
0,1,794,GEMM(15,14,11),1777922135766703360,1777922136388458752,1777922135584078080
0,1,796,POTRF(12),1777922120276947200,1777922120336209152,0
0,1,797,TRSM(13,12),1777922135687482624,1777922136488403200,0
0,1,798,TRSM(14,12),1777922133534216448,1777922136402332928,0
0,1,799,TRSM(15,12),1777922135264495872,1777922136484259072,0
0,1,803,SYRK(14,14,12),1777922133534216448,1777922134667513088,0
0,1,804,GEMM(15,14,12),1777922133534216448,1777922135138576640,0
0,1,809,SYRK(14,14,13),1777922134667513088,1777922135139993856,1777922133534216448
0,1,810,GEMM(15,14,13),1777922135766703360,1777922136388027648,1777922135584078080
0,1,812,POTRF(14),1777922133534226688,1777922135139179776,0
0,1,813,TRSM(15,14),1777922136477799680,1777922136529412352,0
0,2,0,POTRF(0),1777922141927379712,1777922141945010944,0
0,2,1,TRSM(1,0),1777922141940919040,1777922142507828992,0
0,2,2,TRSM(2,0),1777922141940918016,1777922142504370944,0
0,2,3,TRSM(3,0),1777922141940919040,1777922142514521856,0
0,2,4,TRSM(4,0),1777922141940919040,1777922142507890432,0
0,2,5,TRSM(5,0),1777922141940919040,1777922142514521856,0
0,2,6,TRSM(6,0),1777922141940919040,1777922142520976128,0
0,2,7,TRSM(7,0),1777922141940919040,1777922142520768256,0
0,2,8,TRSM(8,0),1777922141940919040,1777922142528180992,0
0,2,9,TRSM(9,0),1777922142198681344,1777922144717808384,0
0,2,10,TRSM(10,0),1777922142186351360,1777922144717628160,0
0,2,11,TRSM(11,0),1777922142223183616,1777922144955444992,0
0,2,12,TRSM(12,0),1777922142210955008,1777922144954915584,0
0,2,13,TRSM(13,0),1777922142235492096,1777922144954915584,0
0,2,14,TRSM(14,0),1777922142260584192,1777922145821911808,0
0,2,15,TRSM(15,0),1777922142248012544,1777922145269600000,0
0,2,31,SYRK(2,2,0),1777922142273768192,1777922142475629312,0
0,2,32,GEMM(3,2,0),1777922143029123840,1777922144256938752,0
0,2,33,GEMM(4,2,0),1777922143016507136,1777922143537658624,0
0,2,34,GEMM(5,2,0),1777922143289426688,1777922144505769728,0
0,2,35,GEMM(6,2,0),1777922143277444864,1777922144505402112,0
0,2,36,GEMM(7,2,0),1777922143301655296,1777922144505769728,0
0,2,37,GEMM(8,2,0),1777922144269404928,1777922144704807680,0
0,2,38,GEMM(9,2,0),1777922143549860608,1777922144703807232,0
0,2,39,GEMM(10,2,0),1777922142273768192,1777922142475629312,0
0,2,40,GEMM(11,2,0),1777922143029123840,1777922144269755136,0
0,2,41,GEMM(12,2,0),1777922143016508160,1777922143537659648,0
0,2,42,GEMM(13,2,0),1777922143289425664,1777922144505648896,0
0,2,43,GEMM(14,2,0),1777922143277444864,1777922144505402112,0
0,2,44,GEMM(15,2,0),1777922143301655296,1777922144505865984,0
0,2,58,SYRK(4,4,0),1777922144269404928,1777922144704808704,0
0,2,59,GEMM(5,4,0),1777922143549860608,1777922144703808256,0
0,2,60,GEMM(6,4,0),1777922142273768192,1777922142476491520,0
0,2,61,GEMM(7,4,0),1777922143029123840,1777922144256938752,0
0,2,62,GEMM(8,4,0),1777922143016508160,1777922143550179072,0
0,2,63,GEMM(9,4,0),1777922143289426688,1777922144505649920,0
0,2,64,GEMM(10,4,0),1777922143277444864,1777922144505648896,0
0,2,65,GEMM(11,4,0),1777922143301655296,1777922144505769728,0
0,2,66,GEMM(12,4,0),1777922144269404928,1777922144705544960,0
0,2,67,GEMM(13,4,0),1777922143549860608,1777922144704807680,0
0,2,68,GEMM(14,4,0),1777922142528772864,1777922142844522240,0
0,2,69,GEMM(15,4,0),1777922144955443968,1777922145269600000,0
0,2,81,SYRK(6,6,0),1777922144717808384,1777922144955443968,0
0,2,82,GEMM(7,6,0),1777922145821909760,1777922146135971584,0
0,2,83,GEMM(8,6,0),1777922145268822784,1777922145821912832,0
0,2,84,GEMM(9,6,0),1777922145268822784,1777922145821911808,0
0,2,85,GEMM(10,6,0),1777922146450155264,1777922146726826752,0
0,2,86,GEMM(11,6,0),1777922146135970560,1777922146450156288,0
0,2,87,GEMM(12,6,0),1777922142528772864,1777922142844522240,0
0,2,88,GEMM(13,6,0),1777922144955443968,1777922145269600000,0
0,2,89,GEMM(14,6,0),1777922144717808384,1777922144955443968,0
0,2,90,GEMM(15,6,0),1777922145821909760,1777922146135971584,0
0,2,100,SYRK(8,8,0),1777922145268823808,1777922145821912832,0
0,2,101,GEMM(9,8,0),1777922145268822784,1777922145821911808,0
0,2,102,GEMM(10,8,0),1777922146450155264,1777922146726826752,0
0,2,103,GEMM(11,8,0),1777922146135970560,1777922146450156288,0
0,2,104,GEMM(12,8,0),1777922142528772864,1777922142844522240,0
0,2,105,GEMM(13,8,0),1777922144955443968,1777922145269600000,0
0,2,106,GEMM(14,8,0),1777922144717808384,1777922144955444992,0
0,2,107,GEMM(15,8,0),1777922145821910784,1777922146135971584,0
0,2,115,SYRK(10,10,0),1777922145268823808,1777922145821912832,0
0,2,116,GEMM(11,10,0),1777922145268822784,1777922145821911808,0
0,2,117,GEMM(12,10,0),1777922146450155264,1777922146726826752,0
0,2,118,GEMM(13,10,0),1777922146135970560,1777922146450156288,0
0,2,119,GEMM(14,10,0),1777922142528772864,1777922142845004544,0
0,2,120,GEMM(15,10,0),1777922144955443968,1777922145821911808,0
0,2,126,SYRK(12,12,0),1777922144717808384,1777922145269600000,0
0,2,127,GEMM(13,12,0),1777922145821910784,1777922146450156288,0
0,2,128,GEMM(14,12,0),1777922145268823808,1777922146135971584,0
0,2,129,GEMM(15,12,0),1777922145268822784,1777922145821912832,0
0,2,133,SYRK(14,14,0),1777922146450155264,1777922146729136896,0
0,2,134,GEMM(15,14,0),1777922146135970560,1777922146726826752,0
0,2,151,SYRK(2,2,1),1777922162577728256,1777922167526330112,1777922142845085440
0,2,152,GEMM(3,2,1),1777922162577728256,1777922167526374144,1777922145821910784
0,2,153,GEMM(4,2,1),1777922162577728256,1777922167526316800,1777922145268821760
0,2,154,GEMM(5,2,1),1777922162577784576,1777922171843743488,1777922146450155264
0,2,155,GEMM(6,2,1),1777922162577738496,1777922167526349568,1777922146135969536
0,2,156,GEMM(7,2,1),1777922162577719040,1777922167526353664,1777922146135969536
0,2,157,GEMM(8,2,1),1777922162577787648,1777922167526377216,1777922146726833920
0,2,158,GEMM(9,2,1),1777922162577725184,1777922167526319872,1777922146726825728
0,2,159,GEMM(10,2,1),1777922167526499072,1777922171843731200,1777922142845086464
0,2,160,GEMM(11,2,1),1777922167526555392,1777922171843674880,1777922145821910784
0,2,161,GEMM(12,2,1),1777922167526521600,1777922171843666688,1777922145268821760
0,2,162,GEMM(13,2,1),1777922167526559488,1777922172785050368,1777922146450155264
0,2,163,GEMM(14,2,1),1777922167526527744,1777922171843666688,1777922146135970560
0,2,164,GEMM(15,2,1),1777922167526527744,1777922171843672832,1777922146135969536
0,2,178,SYRK(4,4,1),1777922162432801536,1777922167526344448,1777922146726833920
0,2,179,GEMM(5,4,1),1777922162577725184,1777922167526319872,1777922146726825728
0,2,180,GEMM(6,4,1),1777922162577615616,1777922167526316800,1777922142845086464
0,2,181,GEMM(7,4,1),1777922162577701632,1777922167526341376,1777922145821910784
0,2,182,GEMM(8,4,1),1777922162577725184,1777922167526334208,1777922145268822784
0,2,183,GEMM(9,4,1),1777922162577724160,1777922167526368000,1777922146450155264
0,2,184,GEMM(10,4,1),1777922167526529792,1777922171843671808,1777922146135969536
0,2,185,GEMM(11,4,1),1777922167526536960,1777922171843667712,1777922146135970560
0,2,186,GEMM(12,4,1),1777922167526531840,1777922171843671808,1777922146726833920
0,2,187,GEMM(13,4,1),1777922167526522624,1777922171843667712,1777922146726825728
0,2,188,GEMM(14,4,1),1777922167526588160,1777922171843668736,1777922142845490944
0,2,189,GEMM(15,4,1),1777922167526520576,1777922171843689216,1777922146135969536
0,2,201,SYRK(6,6,1),1777922162577725184,1777922167526365952,1777922145821910784
0,2,202,GEMM(7,6,1),1777922162577732352,1777922167526332160,1777922146726825728
0,2,203,GEMM(8,6,1),1777922162577739520,1777922167526317824,1777922146450154240
0,2,204,GEMM(9,6,1),1777922162577751808,1777922167526319872,1777922146135970560
0,2,205,GEMM(10,6,1),1777922167526504192,1777922171843666688,1777922146729144064
0,2,206,GEMM(11,6,1),1777922167526519552,1777922171843666688,1777922146726831872
0,2,207,GEMM(12,6,1),1777922172785257216,1777922176323735296,1777922167526626048
0,2,208,GEMM(13,6,1),1777922171843886848,1777922172785256192,1777922167526536960
0,2,209,GEMM(14,6,1),1777922171843738368,1777922172785256192,1777922167526450944
0,2,210,GEMM(15,6,1),1777922176933421824,1777922178629987072,1777922172148669184
0,2,220,SYRK(8,8,1),1777922172785257216,1777922175224149760,1777922167526567680
0,2,221,GEMM(9,8,1),1777922171843885824,1777922175221518080,1777922167526588160
0,2,222,GEMM(10,8,1),1777922172785257216,1777922176005844736,1777922167526633216
0,2,223,GEMM(11,8,1),1777922172785257216,1777922176637819648,1777922167526630144
0,2,224,GEMM(12,8,1),1777922176933421824,1777922178629987072,1777922172148669184
0,2,225,GEMM(13,8,1),1777922173223817984,1777922176938990336,1777922171843984128
0,2,226,GEMM(14,8,1),1777922174454658816,1777922178626842368,1777922172148668160
0,2,227,GEMM(15,8,1),1777922176938990336,1777922178630331136,1777922172785257216
0,2,235,SYRK(10,10,1),1777922172785451776,1777922176936312576,1777922171843971840
0,2,236,GEMM(11,10,1),1777922174123673344,1777922176938990336,1777922171844004608
0,2,237,GEMM(12,10,1),1777922172785257216,1777922176005847808,1777922167526632192
0,2,238,GEMM(13,10,1),1777922172785257216,1777922176005844736,1777922167526631168
0,2,239,GEMM(14,10,1),1777922176933507840,1777922178630331136,1777922172148668160
0,2,240,GEMM(15,10,1),1777922173223817984,1777922176938989312,1777922171843984128
0,2,246,SYRK(12,12,1),1777922176933420800,1777922178629987072,1777922172148668160
0,2,247,GEMM(13,12,1),1777922176938990336,1777922178630805248,1777922172785257216
0,2,248,GEMM(14,12,1),1777922172785451776,1777922176936311552,1777922171843964672
0,2,249,GEMM(15,12,1),1777922174436030208,1777922176938990336,1777922171844040448
0,2,253,SYRK(14,14,1),1777922173223817984,1777922176938990336,1777922171843964672
0,2,254,GEMM(15,14,1),1777922172785451776,1777922176938989312,1777922171843932928
0,2,256,POTRF(2),1777922172148669184,1777922176936311552,0
0,2,257,TRSM(3,2),1777922171843992320,1777922179661257472,0
0,2,258,TRSM(4,2),1777922172148669184,1777922179658257152,0
0,2,259,TRSM(5,2),1777922172785257216,1777922179667993344,0
0,2,260,TRSM(6,2),1777922171843920640,1777922179654784768,0
0,2,261,TRSM(7,2),1777922171844024064,1777922179658225408,0
0,2,262,TRSM(8,2),1777922171843981056,1777922179658225408,0
0,2,263,TRSM(9,2),1777922171843931904,1777922179654509312,0
0,2,264,TRSM(10,2),1777922176938989312,1777922180105734912,0
0,2,265,TRSM(11,2),1777922179155217152,1777922181985879808,0
0,2,266,TRSM(12,2),1777922179167260416,1777922182064471808,0
0,2,267,TRSM(13,2),1777922179179738880,1777922181672514304,0
0,2,268,TRSM(14,2),1777922178882617088,1777922181553212160,0
0,2,269,TRSM(15,2),1777922178894951168,1777922181671228160,0
0,2,283,SYRK(4,4,2),1777922178907255552,1777922179379584768,0
0,2,284,GEMM(5,4,2),1777922178869966592,1777922179378329344,0
0,2,285,GEMM(6,4,2),1777922179392512768,1777922179632766720,0
0,2,286,GEMM(7,4,2),1777922180861247232,1777922181543604992,0
0,2,287,GEMM(8,4,2),1777922181109231360,1777922181544345344,0
0,2,288,GEMM(9,4,2),1777922180613004032,1777922181345329920,0
0,2,289,GEMM(10,4,2),1777922180390194944,1777922180849038080,0
0,2,290,GEMM(11,4,2),1777922180402598656,1777922181096559360,0
0,2,291,GEMM(12,4,2),1777922178907255552,1777922179379584768,0
0,2,292,GEMM(13,4,2),1777922178869966592,1777922179377442560,0
0,2,293,GEMM(14,4,2),1777922179392512768,1777922179632766720,0
0,2,294,GEMM(15,4,2),1777922180861247232,1777922181543604992,0
0,2,306,SYRK(6,6,2),1777922181109231360,1777922181544345344,0
0,2,307,GEMM(7,6,2),1777922180613004032,1777922181345562368,0
0,2,308,GEMM(8,6,2),1777922180390194944,1777922180849038080,0
0,2,309,GEMM(9,6,2),1777922180402598656,1777922181096559360,0
0,2,310,GEMM(10,6,2),1777922178907255552,1777922179380180736,0
0,2,311,GEMM(11,6,2),1777922178869966592,1777922179377442560,0
0,2,312,GEMM(12,6,2),1777922179392513792,1777922179633252096,0
0,2,313,GEMM(13,6,2),1777922180861248256,1777922181544243968,0
0,2,314,GEMM(14,6,2),1777922181109231360,1777922181545274112,0
0,2,315,GEMM(15,6,2),1777922180613004032,1777922181345330944,0
0,2,325,SYRK(8,8,2),1777922180390195968,1777922180861565696,0
0,2,326,GEMM(9,8,2),1777922180402599680,1777922181109613312,0
0,2,327,GEMM(10,8,2),1777922179906865920,1777922180105729792,0
0,2,328,GEMM(11,8,2),1777922179661256448,1777922179907327744,0
0,2,329,GEMM(12,8,2),1777922180105989888,1777922180264631040,0
0,2,330,GEMM(13,8,2),1777922181986257664,1777922182143163136,0
0,2,331,GEMM(14,8,2),1777922182143176448,1777922182262368000,0
0,2,332,GEMM(15,8,2),1777922181750342400,1777922181986242304,0
0,2,340,SYRK(10,10,2),1777922181553223424,1777922181672513280,0
0,2,341,GEMM(11,10,2),1777922181672525568,1777922181986242304,0
0,2,342,GEMM(12,10,2),1777922179906866944,1777922180105729792,0
0,2,343,GEMM(13,10,2),1777922179661256448,1777922179907327744,0
0,2,344,GEMM(14,10,2),1777922180105989888,1777922180264976128,0
0,2,345,GEMM(15,10,2),1777922182064470784,1777922182221513472,0
0,2,351,SYRK(12,12,2),1777922182221512448,1777922182264689408,0
0,2,352,GEMM(13,12,2),1777922181750342400,1777922182064471808,0
0,2,353,GEMM(14,12,2),1777922181592834816,1777922181750699776,0
0,2,354,GEMM(15,12,2),1777922181750341376,1777922181986242304,0
0,2,358,SYRK(14,14,2),1777922179906866944,1777922180262958848,0
0,2,359,GEMM(15,14,2),1777922179661256448,1777922180105729792,0
0,2,374,SYRK(4,4,3),1777922195572973312,1777922197384965888,1777922180105989888
0,2,375,GEMM(5,4,3),1777922197385298688,1777922204663524096,1777922182064470784
0,2,376,GEMM(6,4,3),1777922197385297664,1777922204663523072,1777922182221512448
0,2,377,GEMM(7,4,3),1777922197385282304,1777922204663523072,1777922181750342400
0,2,378,GEMM(8,4,3),1777922195573049088,1777922204663521024,1777922181592835840
0,2,379,GEMM(9,4,3),1777922195573031680,1777922197384965888,1777922181750341376
0,2,380,GEMM(10,4,3),1777922195572972288,1777922197384965888,1777922179906866944
0,2,381,GEMM(11,4,3),1777922197385282304,1777922204663523072,1777922179661256448
0,2,382,GEMM(12,4,3),1777922197385282304,1777922204663541504,1777922180106141440
0,2,383,GEMM(13,4,3),1777922197385264896,1777922204663526144,1777922182064470784
0,2,384,GEMM(14,4,3),1777922197385282304,1777922204663523072,1777922182221513472
0,2,385,GEMM(15,4,3),1777922197385281280,1777922204663522048,1777922181750342400
0,2,397,SYRK(6,6,3),1777922197385282304,1777922204663541504,1777922181592835840
0,2,398,GEMM(7,6,3),1777922197385299712,1777922204663560960,1777922181750341376
0,2,399,GEMM(8,6,3),1777922197385265920,1777922204663568128,1777922180105785088
0,2,400,GEMM(9,6,3),1777922197385265920,1777922204663526144,1777922180104663808
0,2,401,GEMM(10,6,3),1777922197385282304,1777922204663523072,1777922180264975104
0,2,402,GEMM(11,6,3),1777922197385282304,1777922204663599872,1777922182143168256
0,2,403,GEMM(12,6,3),1777922197385299712,1777922204663548672,1777922182262373120
0,2,404,GEMM(13,6,3),1777922197385298688,1777922204663524096,1777922181986251520
0,2,405,GEMM(14,6,3),1777922197385265920,1777922204663565056,1777922181672520448
0,2,406,GEMM(15,6,3),1777922197385296640,1777922204663524096,1777922181986247424
0,2,416,SYRK(8,8,3),1777922195572889344,1777922197384963840,1777922180105785088
0,2,417,GEMM(9,8,3),1777922195572963072,1777922197384967936,1777922180104663808
0,2,418,GEMM(10,8,3),1777922195572963072,1777922197384964864,1777922180265065216
0,2,419,GEMM(11,8,3),1777922197385299712,1777922204663610112,1777922182262366976
0,2,420,GEMM(12,8,3),1777922197385356032,1777922204961353472,1777922182264693504
0,2,421,GEMM(13,8,3),1777922197385323264,1777922204663584512,1777922182143162112
0,2,422,GEMM(14,8,3),1777922197385282304,1777922204663544576,1777922181985878784
0,2,423,GEMM(15,8,3),1777922197385299712,1777922204663524096,1777922181986247424
0,2,431,SYRK(10,10,3),1777922195422825216,1777922197384963840,1777922180264631040
0,2,432,GEMM(11,10,3),1777922197385265920,1777922204663581440,1777922180105785088
0,2,433,GEMM(12,10,3),1777922204962856704,1777922205884796672,1777922197700862720
0,2,434,GEMM(13,10,3),1777922205580324608,1777922207452443392,1777922204957943552
0,2,435,GEMM(14,10,3),1777922204963208960,1777922207452443392,1777922204663936768
0,2,436,GEMM(15,10,3),1777922205580324608,1777922207452443392,1777922204664065792
0,2,442,SYRK(12,12,3),1777922205580324608,1777922207453669120,1777922204957943552
0,2,443,GEMM(13,12,3),1777922204962857728,1777922205884658432,1777922197700860672
0,2,444,GEMM(14,12,3),1777922204663900928,1777922205882275584,1777922197385326336
0,2,445,GEMM(15,12,3),1777922205580324608,1777922207452443392,1777922204957943552
0,2,449,SYRK(14,14,3),1777922205884658432,1777922207454435072,1777922204961353472
0,2,450,GEMM(15,14,3),1777922205580324608,1777922207452443392,1777922204957943552
0,2,452,POTRF(4),1777922204664034048,1777922207297573632,0
0,2,453,TRSM(5,4),1777922204663987968,1777922208869302016,0
0,2,454,TRSM(6,4),1777922204957943552,1777922208872502016,0
0,2,455,TRSM(7,4),1777922204663972608,1777922208869191424,0
0,2,456,TRSM(8,4),1777922204957943552,1777922208869318400,0
0,2,457,TRSM(9,4),1777922204957944576,1777922208872314624,0
0,2,458,TRSM(10,4),1777922204961356544,1777922208878765824,0
0,2,459,TRSM(11,4),1777922204957943552,1777922208872500992,0
0,2,460,TRSM(12,4),1777922204963050240,1777922208872500992,0
0,2,461,TRSM(13,4),1777922207706532608,1777922210032406272,0
0,2,462,TRSM(14,4),1777922207755671296,1777922210118954752,0
0,2,463,TRSM(15,4),1777922207693961984,1777922210032391936,0
0,2,475,SYRK(6,6,4),1777922207718877952,1777922208845344512,0
0,2,476,GEMM(7,6,4),1777922207731115776,1777922208845924096,0
0,2,477,GEMM(8,6,4),1777922207780290304,1777922208847088384,0
0,2,478,GEMM(9,6,4),1777922207743461120,1777922208846548736,0
0,2,479,GEMM(10,6,4),1777922207767990016,1777922208846965504,0
0,2,480,GEMM(11,6,4),1777922209293544192,1777922210025241344,0
0,2,481,GEMM(12,6,4),1777922209305886464,1777922210025580288,0
0,2,482,GEMM(13,6,4),1777922209318210304,1777922210025746176,0
0,2,483,GEMM(14,6,4),1777922207718877952,1777922208845344512,0
0,2,484,GEMM(15,6,4),1777922207731115776,1777922208846548736,0
0,2,494,SYRK(8,8,4),1777922207780291328,1777922208847416064,0
0,2,495,GEMM(9,8,4),1777922207743461120,1777922208846818048,0
0,2,496,GEMM(10,8,4),1777922207767990016,1777922208846965504,0
0,2,497,GEMM(11,8,4),1777922209293544192,1777922210025241344,0
0,2,498,GEMM(12,8,4),1777922209305886464,1777922210025746176,0
0,2,499,GEMM(13,8,4),1777922209318210304,1777922210025746176,0
0,2,500,GEMM(14,8,4),1777922207718877952,1777922208845924096,0
0,2,501,GEMM(15,8,4),1777922207731114752,1777922208845924096,0
0,2,509,SYRK(10,10,4),1777922207780291328,1777922208847089408,0
0,2,510,GEMM(11,10,4),1777922207743461120,1777922208846548736,0
0,2,511,GEMM(12,10,4),1777922207767990016,1777922208847088384,0
0,2,512,GEMM(13,10,4),1777922209293544192,1777922210025580288,0
0,2,513,GEMM(14,10,4),1777922209305887488,1777922210025580288,0
0,2,514,GEMM(15,10,4),1777922209318210304,1777922210026921728,0
0,2,520,SYRK(12,12,4),1777922208878764800,1777922209118095104,0
0,2,521,GEMM(13,12,4),1777922208918788864,1777922209197361920,0
0,2,522,GEMM(14,12,4),1777922209116569344,1777922209212743424,0
0,2,523,GEMM(15,12,4),1777922208918788864,1777922209118095104,0
0,2,527,SYRK(14,14,4),1777922208918788864,1777922209118095104,0
0,2,528,GEMM(15,14,4),1777922210032418560,1777922210120385280,0
0,2,541,SYRK(6,6,5),1777922221174607616,1777922226594134784,1777922210118964992
0,2,542,GEMM(7,6,5),1777922221006589696,1777922221973761792,1777922210032401152
0,2,543,GEMM(8,6,5),1777922221174607616,1777922221973761792,1777922208878764800
0,2,544,GEMM(9,6,5),1777922221973761792,1777922229516876544,1777922208918788864
0,2,545,GEMM(10,6,5),1777922221973760768,1777922226594134784,1777922209116569344
0,2,546,GEMM(11,6,5),1777922221973760768,1777922226594134784,1777922208918787840
0,2,547,GEMM(12,6,5),1777922221973760768,1777922226594135808,1777922208918788864
0,2,548,GEMM(13,6,5),1777922221973774080,1777922226594135808,1777922210118063872
0,2,549,GEMM(14,6,5),1777922226594343680,1777922229516876544,1777922210118967040
0,2,550,GEMM(15,6,5),1777922226594331392,1777922229516876544,1777922210032403200
0,2,560,SYRK(8,8,5),1777922221006588672,1777922221973759744,1777922208878764800
0,2,561,GEMM(9,8,5),1777922221973761792,1777922226594135808,1777922208918789888
0,2,562,GEMM(10,8,5),1777922221973761792,1777922226594135808,1777922209116569344
0,2,563,GEMM(11,8,5),1777922221973760768,1777922226594145024,1777922208918788864
0,2,564,GEMM(12,8,5),1777922221973760768,1777922226594134784,1777922208918788864
0,2,565,GEMM(13,8,5),1777922221973769984,1777922226594134784,1777922210118064896
0,2,566,GEMM(14,8,5),1777922226598303488,1777922229517718272,1777922210118969088
0,2,567,GEMM(15,8,5),1777922226594342656,1777922229516876544,1777922210032405248
0,2,575,SYRK(10,10,5),1777922221973760768,1777922226594134784,1777922208878764800
0,2,576,GEMM(11,10,5),1777922221973825280,1777922226594136832,1777922208918789888
0,2,577,GEMM(12,10,5),1777922221973761792,1777922226594135808,1777922209116570368
0,2,578,GEMM(13,10,5),1777922221973760768,1777922226594213632,1777922208918788864
0,2,579,GEMM(14,10,5),1777922226598310656,1777922229516961536,1777922208918788864
0,2,580,GEMM(15,10,5),1777922226594215680,1777922229516876544,1777922210118064896
0,2,586,SYRK(12,12,5),1777922221973761792,1777922226594222848,1777922210118971136
0,2,587,GEMM(13,12,5),1777922221973761792,1777922226594155264,1777922210032406272
0,2,588,GEMM(14,12,5),1777922226594332416,1777922229516876544,1777922209195277056
0,2,589,GEMM(15,12,5),1777922226594332416,1777922229516876544,1777922209197428480
0,2,593,SYRK(14,14,5),1777922226594455296,1777922229516960512,1777922209212902144
0,2,594,GEMM(15,14,5),1777922226594332416,1777922229516876544,1777922209195277056
0,2,596,POTRF(6),1777922209195277056,1777922209216145152,0
0,2,597,TRSM(7,6),1777922210120389376,1777922210175469312,0
0,2,598,TRSM(8,6),1777922226598303488,1777922233343624960,0
0,2,599,TRSM(9,6),1777922226594132736,1777922232348355328,0
0,2,600,TRSM(10,6),1777922226594132736,1777922232348355328,0
0,2,601,TRSM(11,6),1777922229517045504,1777922233343624960,0
0,2,602,TRSM(12,6),1777922226598302464,1777922232348470016,0
0,2,603,TRSM(13,6),1777922226598302464,1777922232348706560,0
0,2,604,TRSM(14,6),1777922226598302464,1777922233340954368,0
0,2,605,TRSM(15,6),1777922226598302464,1777922232348569344,0
0,2,615,SYRK(8,8,6),1777922230267123456,1777922231266828032,0
0,2,616,GEMM(9,8,6),1777922229759914752,1777922230581264128,0
0,2,617,GEMM(10,8,6),1777922229772262144,1777922230738466560,0
0,2,618,GEMM(11,8,6),1777922230750879488,1777922231267798784,0
0,2,619,GEMM(12,8,6),1777922230044742400,1777922231031139072,0
0,2,620,GEMM(13,8,6),1777922229796993792,1777922231030615808,0
0,2,621,GEMM(14,8,6),1777922230254932736,1777922231266632448,0
0,2,622,GEMM(15,8,6),1777922229784698624,1777922231030563584,0
0,2,630,SYRK(10,10,6),1777922230267123456,1777922231267263232,0
0,2,631,GEMM(11,10,6),1777922229760448256,1777922230581606144,0
0,2,632,GEMM(12,10,6),1777922229772262144,1777922230751337216,0
0,2,633,GEMM(13,10,6),1777922230750879488,1777922231267798784,0
0,2,634,GEMM(14,10,6),1777922230044742400,1777922231030938368,0
0,2,635,GEMM(15,10,6),1777922229796992768,1777922231030564608,0
0,2,641,SYRK(12,12,6),1777922230254932736,1777922231266828032,0
0,2,642,GEMM(13,12,6),1777922229784698624,1777922231030269696,0
0,2,643,GEMM(14,12,6),1777922230267123456,1777922231266828032,0
0,2,644,GEMM(15,12,6),1777922229760448256,1777922230581264128,0
0,2,648,SYRK(14,14,6),1777922229772262144,1777922230738465536,0
0,2,649,GEMM(15,14,6),1777922230750879488,1777922232038712064,0
0,2,660,SYRK(8,8,7),1777922231266865920,1777922232335297280,1777922230044742400
0,2,661,GEMM(9,8,7),1777922231266828032,1777922232334706432,1777922229796992768
0,2,662,GEMM(10,8,7),1777922231267798784,1777922232335846144,1777922230254933760
0,2,663,GEMM(11,8,7),1777922231266828032,1777922232334706432,1777922229784699648
0,2,664,GEMM(12,8,7),1777922235525137152,1777922236801850112,1777922233954112256
0,2,665,GEMM(13,8,7),1777922232348706560,1777922233343178496,1777922232348414720
0,2,666,GEMM(14,8,7),1777922232348706560,1777922233343178496,1777922232348413696
0,2,667,GEMM(15,8,7),1777922247026925312,1777922248330164992,1777922233954112256
0,2,675,SYRK(10,10,7),1777922233344148224,1777922233956200192,1777922232348721920
0,2,676,GEMM(11,10,7),1777922233952374528,1777922234880161536,1777922233340954368
0,2,677,GEMM(12,10,7),1777922234879214336,1777922235541967616,1777922233344184064
0,2,678,GEMM(13,10,7),1777922233952454400,1777922235541427968,1777922233340954368
0,2,679,GEMM(14,10,7),1777922235539904256,1777922236802767616,1777922233954113280
0,2,680,GEMM(15,10,7),1777922247026926336,1777922251025578752,1777922232348414720
0,2,686,SYRK(12,12,7),1777922232348706560,1777922233954113280,1777922232348414720
0,2,687,GEMM(13,12,7),1777922235525137152,1777922236801850112,1777922233954112256
0,2,688,GEMM(14,12,7),1777922233344148224,1777922234880161536,1777922232348721920
0,2,689,GEMM(15,12,7),1777922247026925312,1777922248330160896,1777922233340955392
0,2,693,SYRK(14,14,7),1777922234879214336,1777922235542341376,1777922233344184064
0,2,694,GEMM(15,14,7),1777922247026926336,1777922248330160896,1777922233340954368
0,2,696,POTRF(8),1777922233954113280,1777922236801850112,0
0,2,697,TRSM(9,8),1777922232348414720,1777922237905212160,0
0,2,698,TRSM(10,8),1777922232348414720,1777922237904684800,0
0,2,699,TRSM(11,8),1777922233954113280,1777922237905464064,0
0,2,700,TRSM(12,8),1777922232348721920,1777922237904971520,0
0,2,701,TRSM(13,8),1777922233340954368,1777922237905464064,0
0,2,702,TRSM(14,8),1777922233344184064,1777922237905420032,0
0,2,703,TRSM(15,8),1777922233340954368,1777922237905212160,0
0,2,711,SYRK(10,10,8),1777922234880161536,1777922236346142464,0
0,2,712,GEMM(11,10,8),1777922237196466944,1777922237679776512,0
0,2,713,GEMM(12,10,8),1777922237183938304,1777922237576282880,0
0,2,714,GEMM(13,10,8),1777922237692218112,1777922237892732672,0
0,2,715,GEMM(14,10,8),1777922237208806144,1777922237692219136,0
0,2,716,GEMM(15,10,8),1777922237601058560,1777922237891707648,0
0,2,722,SYRK(12,12,8),1777922237589036800,1777922237891520256,0
0,2,723,GEMM(13,12,8),1777922237340598016,1777922237812476672,0
0,2,724,GEMM(14,12,8),1777922236802766592,1777922236884787968,0
0,2,725,GEMM(15,12,8),1777922237196466944,1777922237679776512,0
0,2,729,SYRK(14,14,8),1777922237183939328,1777922237576868608,0
0,2,730,GEMM(15,14,8),1777922248330389248,1777922251026875136,0
0,2,739,SYRK(10,10,9),1777922248330475264,1777922252075912960,1777922237208807168
0,2,740,GEMM(11,10,9),1777922248330401536,1777922251026876160,1777922237601058560
0,2,741,GEMM(12,10,9),1777922248330365696,1777922251026876160,1777922237589036800
0,2,742,GEMM(13,10,9),1777922248330355456,1777922251026875136,1777922237340598016
0,2,743,GEMM(14,10,9),1777922248330484480,1777922251026876160,1777922236880958208
0,2,744,GEMM(15,10,9),1777922252075913984,1777922252856589056,1777922251026876160
0,2,750,SYRK(12,12,9),1777922248330352384,1777922251026916096,1777922237183938304
0,2,751,GEMM(13,12,9),1777922251027069696,1777922252075913984,1777922248330413824
0,2,752,GEMM(14,12,9),1777922248330359552,1777922251026876160,1777922237208807168
0,2,753,GEMM(15,12,9),1777922252075913984,1777922252709713664,1777922248481501952
0,2,757,SYRK(14,14,9),1777922248330353408,1777922251026875136,1777922237589036800
0,2,758,GEMM(15,14,9),1777922251027069696,1777922252075912960,1777922248330362624
0,2,760,POTRF(10),1777922236880959232,1777922236983934720,0
0,2,761,TRSM(11,10),1777922251026876160,1777922254119259904,0
0,2,762,TRSM(12,10),1777922237904878336,1777922238090261248,0
0,2,763,TRSM(13,10),1777922248330413824,1777922254119721728,0
0,2,764,TRSM(14,10),1777922237905211136,1777922238090958592,0
0,2,765,TRSM(15,10),1777922248481501952,1777922254126569216,0
0,2,771,SYRK(12,12,10),1777922237905463040,1777922237947491072,0
0,2,772,GEMM(13,12,10),1777922248330367744,1777922251026876160,0
0,2,773,GEMM(14,12,10),1777922236885818112,1777922236982039296,0
0,2,774,GEMM(15,12,10),1777922252997369600,1777922253168065280,0
0,2,778,SYRK(14,14,10),1777922238017036032,1777922238073402112,0
0,2,779,GEMM(15,14,10),1777922252984851200,1777922253154936576,0
0,2,786,SYRK(12,12,11),1777922248330353408,1777922251026875136,1777922238085789440
0,2,787,GEMM(13,12,11),1777922253786814208,1777922254109473536,1777922253167311616
0,2,788,GEMM(14,12,11),1777922248330352384,1777922251026876160,1777922237905463040
0,2,789,GEMM(15,12,11),1777922251027113728,1777922252075913984,1777922248330379008
0,2,793,SYRK(14,14,11),1777922248330354432,1777922251026876160,1777922236885823232
0,2,794,GEMM(15,14,11),1777922253168271104,1777922254107851520,1777922252997369600
0,2,796,POTRF(12),1777922238017036032,1777922238086407936,0
0,2,797,TRSM(13,12),1777922252984851200,1777922254205598464,0
0,2,798,TRSM(14,12),1777922252689063680,1777922254126834432,0
0,2,799,TRSM(15,12),1777922253167312640,1777922254206032640,0
0,2,803,SYRK(14,14,12),1777922251027459840,1777922252708876032,0
0,2,804,GEMM(15,14,12),1777922251027459840,1777922252075913984,0
0,2,809,SYRK(14,14,13),1777922252689063680,1777922252859910912,1777922251027459840
0,2,810,GEMM(15,14,13),1777922253168271104,1777922253801591552,1777922252997369600
0,2,812,POTRF(14),1777922251027460864,1777922252858948352,0
0,2,813,TRSM(15,14),1777922254185855744,1777922254250048256,0
0,3,0,POTRF(0),1777922258267267072,1777922258284898304,0
0,3,1,TRSM(1,0),1777922258280812544,1777922258844509184,0
0,3,2,TRSM(2,0),1777922258280812544,1777922258844568576,0
0,3,3,TRSM(3,0),1777922258280812544,1777922258847569920,0
0,3,4,TRSM(4,0),1777922258280812544,1777922258860941312,0
0,3,5,TRSM(5,0),1777922258280813568,1777922258850976768,0
0,3,6,TRSM(6,0),1777922258280813568,1777922258857459712,0
0,3,7,TRSM(7,0),1777922258280813568,1777922258867600384,0
0,3,8,TRSM(8,0),1777922258280813568,1777922258860941312,0
0,3,9,TRSM(9,0),1777922258526209024,1777922261057869824,0
0,3,10,TRSM(10,0),1777922258538791936,1777922261057900544,0
0,3,11,TRSM(11,0),1777922258551117824,1777922261057869824,0
0,3,12,TRSM(12,0),1777922258587929600,1777922261134883840,0
0,3,13,TRSM(13,0),1777922258563410944,1777922261134882816,0
0,3,14,TRSM(14,0),1777922258575772672,1777922261134883840,0
0,3,15,TRSM(15,0),1777922258612514816,1777922262237155328,0
0,3,31,SYRK(2,2,0),1777922258600192000,1777922258813179904,0
0,3,32,GEMM(3,2,0),1777922259356876800,1777922260571187200,0
0,3,33,GEMM(4,2,0),1777922259369224192,1777922260806941696,0
0,3,34,GEMM(5,2,0),1777922259381542912,1777922260807660544,0
0,3,35,GEMM(6,2,0),1777922259653885952,1777922261044267008,0
0,3,36,GEMM(7,2,0),1777922259393754112,1777922261042854912,0
0,3,37,GEMM(8,2,0),1777922259405953024,1777922261043418112,0
0,3,38,GEMM(9,2,0),1777922260137661440,1777922261044267008,0
0,3,39,GEMM(10,2,0),1777922258600192000,1777922258813179904,0
0,3,40,GEMM(11,2,0),1777922259356877824,1777922260571187200,0
0,3,41,GEMM(12,2,0),1777922259369225216,1777922260807531520,0
0,3,42,GEMM(13,2,0),1777922259381542912,1777922260807532544,0
0,3,43,GEMM(14,2,0),1777922259653885952,1777922261043723264,0
0,3,44,GEMM(15,2,0),1777922259393754112,1777922261042854912,0
0,3,58,SYRK(4,4,0),1777922259405953024,1777922261043418112,0
0,3,59,GEMM(5,4,0),1777922260137661440,1777922261044646912,0
0,3,60,GEMM(6,4,0),1777922258600193024,1777922258814411776,0
0,3,61,GEMM(7,4,0),1777922259356877824,1777922260571636736,0
0,3,62,GEMM(8,4,0),1777922259369224192,1777922260806941696,0
0,3,63,GEMM(9,4,0),1777922259381542912,1777922260807532544,0
0,3,64,GEMM(10,4,0),1777922259653886976,1777922261043723264,0
0,3,65,GEMM(11,4,0),1777922259393754112,1777922261043417088,0
0,3,66,GEMM(12,4,0),1777922259405954048,1777922261043723264,0
0,3,67,GEMM(13,4,0),1777922260137661440,1777922261044267008,0
0,3,68,GEMM(14,4,0),1777922258868193280,1777922259183385600,0
0,3,69,GEMM(15,4,0),1777922261134882816,1777922261684998144,0
0,3,81,SYRK(6,6,0),1777922261684597760,1777922262237156352,0
0,3,82,GEMM(7,6,0),1777922261057899520,1777922261684997120,0
0,3,83,GEMM(8,6,0),1777922261922829312,1777922262752425984,0
0,3,84,GEMM(9,6,0),1777922261684997120,1777922262752423936,0
0,3,85,GEMM(10,6,0),1777922261922830336,1777922262830444544,0
0,3,86,GEMM(11,6,0),1777922262752442368,1777922263066668032,0
0,3,87,GEMM(12,6,0),1777922258868193280,1777922259183385600,0
0,3,88,GEMM(13,6,0),1777922261134882816,1777922261684999168,0
0,3,89,GEMM(14,6,0),1777922261684597760,1777922262237156352,0
0,3,90,GEMM(15,6,0),1777922261134882816,1777922261684998144,0
0,3,100,SYRK(8,8,0),1777922261922829312,1777922262752425984,0
0,3,101,GEMM(9,8,0),1777922261684998144,1777922262752424960,0
0,3,102,GEMM(10,8,0),1777922261922830336,1777922262752427008,0
0,3,103,GEMM(11,8,0),1777922262830443520,1777922263066668032,0
0,3,104,GEMM(12,8,0),1777922258868193280,1777922259183385600,0
0,3,105,GEMM(13,8,0),1777922261134882816,1777922261684999168,0
0,3,106,GEMM(14,8,0),1777922261684597760,1777922262237156352,0
0,3,107,GEMM(15,8,0),1777922261134882816,1777922261684998144,0
0,3,115,SYRK(10,10,0),1777922261922830336,1777922262752427008,0
0,3,116,GEMM(11,10,0),1777922261684998144,1777922262752424960,0
0,3,117,GEMM(12,10,0),1777922261922830336,1777922262752427008,0
0,3,118,GEMM(13,10,0),1777922262830444544,1777922263066668032,0
0,3,119,GEMM(14,10,0),1777922258868193280,1777922259184171008,0
0,3,120,GEMM(15,10,0),1777922261134882816,1777922262237155328,0
0,3,126,SYRK(12,12,0),1777922261684597760,1777922262752423936,0
0,3,127,GEMM(13,12,0),1777922261134882816,1777922261684998144,0
0,3,128,GEMM(14,12,0),1777922261922830336,1777922262752427008,0
0,3,129,GEMM(15,12,0),1777922261684998144,1777922262752425984,0
0,3,133,SYRK(14,14,0),1777922261922830336,1777922262752427008,0
0,3,134,GEMM(15,14,0),1777922262830444544,1777922263068990464,0
0,3,151,SYRK(2,2,1),1777922278899701760,1777922283825773568,1777922259184171008
0,3,152,GEMM(3,2,1),1777922278899709952,1777922283825771520,1777922262237154304
0,3,153,GEMM(4,2,1),1777922278899795968,1777922288127088640,1777922262752424960
0,3,154,GEMM(5,2,1),1777922278899710976,1777922283825795072,1777922262237154304
0,3,155,GEMM(6,2,1),1777922278899709952,1777922283825805312,1777922262752435200
0,3,156,GEMM(7,2,1),1777922278899709952,1777922283825772544,1777922262752430080
0,3,157,GEMM(8,2,1),1777922278899633152,1777922283825770496,1777922263066667008
0,3,158,GEMM(9,2,1),1777922278899719168,1777922283825782784,1777922263066674176
0,3,159,GEMM(10,2,1),1777922283825945600,1777922288127108096,1777922259184171008
0,3,160,GEMM(11,2,1),1777922283825976320,1777922288127036416,1777922262237154304
0,3,161,GEMM(12,2,1),1777922283825838080,1777922288127035392,1777922262752424960
0,3,162,GEMM(13,2,1),1777922283826000896,1777922288446508032,1777922262237154304
0,3,163,GEMM(14,2,1),1777922283825992704,1777922288127036416,1777922262752435200
0,3,164,GEMM(15,2,1),1777922283825974272,1777922288127037440,1777922262752431104
0,3,178,SYRK(4,4,1),1777922278899730432,1777922283825773568,1777922263066667008
0,3,179,GEMM(5,4,1),1777922278899728384,1777922283825826816,1777922263066674176
0,3,180,GEMM(6,4,1),1777922278899692544,1777922283825810432,1777922259184171008
0,3,181,GEMM(7,4,1),1777922278899710976,1777922283825771520,1777922262237155328
0,3,182,GEMM(8,4,1),1777922278899730432,1777922283825804288,1777922262752424960
0,3,183,GEMM(9,4,1),1777922278899771392,1777922283825823744,1777922262237154304
0,3,184,GEMM(10,4,1),1777922283825993728,1777922288127036416,1777922262752435200
0,3,185,GEMM(11,4,1),1777922283825969152,1777922288127037440,1777922262752432128
0,3,186,GEMM(12,4,1),1777922283825994752,1777922288127036416,1777922263066667008
0,3,187,GEMM(13,4,1),1777922283825975296,1777922288127036416,1777922263066674176
0,3,188,GEMM(14,4,1),1777922283825941504,1777922288127035392,1777922259184899072
0,3,189,GEMM(15,4,1),1777922283825961984,1777922288127098880,1777922262752425984
0,3,201,SYRK(6,6,1),1777922278750175232,1777922283825770496,1777922262752429056
0,3,202,GEMM(7,6,1),1777922278899718144,1777922283825824768,1777922262237155328
0,3,203,GEMM(8,6,1),1777922278899775488,1777922283825830912,1777922262752436224
0,3,204,GEMM(9,6,1),1777922278899709952,1777922283825772544,1777922262752438272
0,3,205,GEMM(10,6,1),1777922283825992704,1777922288127036416,1777922263066667008
0,3,206,GEMM(11,6,1),1777922283825980416,1777922288127036416,1777922263068995584
0,3,207,GEMM(12,6,1),1777922288592354304,1777922293982112768,1777922283826042880
0,3,208,GEMM(13,6,1),1777922288589769728,1777922293982075904,1777922283826027520
0,3,209,GEMM(14,6,1),1777922290138797056,1777922294281609216,1777922288127452160
0,3,210,GEMM(15,6,1),1777922288446517248,1777922291976601600,1777922283826082816
0,3,220,SYRK(8,8,1),1777922288445650944,1777922290749861888,1777922283826096128
0,3,221,GEMM(9,8,1),1777922288127292416,1777922289529594880,1777922283825987584
0,3,222,GEMM(10,8,1),1777922288589728768,1777922293063248896,1777922284116912128
0,3,223,GEMM(11,8,1),1777922288446508032,1777922290749863936,1777922284116937728
0,3,224,GEMM(12,8,1),1777922288920567808,1777922293985349632,1777922288127301632
0,3,225,GEMM(13,8,1),1777922290138804224,1777922294281609216,1777922288127403008
0,3,226,GEMM(14,8,1),1777922292613678080,1777922294902986752,1777922288127453184
0,3,227,GEMM(15,8,1),1777922294281641984,1777922294908869632,1777922289525213184
0,3,235,SYRK(10,10,1),1777922289530107904,1777922294281609216,1777922288127449088
0,3,236,GEMM(11,10,1),1777922289525213184,1777922294280170496,1777922288127358976
0,3,237,GEMM(12,10,1),1777922288446517248,1777922292770482176,1777922284116911104
0,3,238,GEMM(13,10,1),1777922288592396288,1777922293985348608,1777922288127034368
0,3,239,GEMM(14,10,1),1777922288920567808,1777922293985348608,1777922288127320064
0,3,240,GEMM(15,10,1),1777922289525212160,1777922293985349632,1777922288127403008
0,3,246,SYRK(12,12,1),1777922290138804224,1777922294281609216,1777922288127467520
0,3,247,GEMM(13,12,1),1777922294281610240,1777922294908048384,1777922289525214208
0,3,248,GEMM(14,12,1),1777922289820376064,1777922294281609216,1777922288127494144
0,3,249,GEMM(15,12,1),1777922288920567808,1777922293985349632,1777922288127386624
0,3,253,SYRK(14,14,1),1777922290138798080,1777922294281641984,1777922288127442944
0,3,254,GEMM(15,14,1),1777922288920567808,1777922293985348608,1777922288127337472
0,3,256,POTRF(2),1777922288127337472,1777922291976601600,0
0,3,257,TRSM(3,2),1777922288127414272,1777922295938364416,0
0,3,258,TRSM(4,2),1777922288127467520,1777922295934416896,0
0,3,259,TRSM(5,2),1777922289525213184,1777922296180788224,0
0,3,260,TRSM(6,2),1777922288127399936,1777922295938243584,0
0,3,261,TRSM(7,2),1777922288127363072,1777922295934797824,0
0,3,262,TRSM(8,2),1777922288127459328,1777922295937661952,0
0,3,263,TRSM(9,2),1777922288127337472,1777922295930937344,0
0,3,264,TRSM(10,2),1777922294281609216,1777922296383675392,0
0,3,265,TRSM(11,2),1777922295431968768,1777922297986766848,0
0,3,266,TRSM(12,2),1777922295158952960,1777922298142915584,0
0,3,267,TRSM(13,2),1777922295654738944,1777922298382835712,0
0,3,268,TRSM(14,2),1777922295642601472,1777922298142915584,0
0,3,269,TRSM(15,2),1777922295171374080,1777922297829729280,0
0,3,283,SYRK(4,4,2),1777922295183557632,1777922295655901184,0
0,3,284,GEMM(5,4,2),1777922295146615808,1777922295629773824,0
0,3,285,GEMM(6,4,2),1777922295671802880,1777922295911101440,0
0,3,286,GEMM(7,4,2),1777922296691863552,1777922297572382720,0
0,3,287,GEMM(8,4,2),1777922296679559168,1777922297572382720,0
0,3,288,GEMM(9,4,2),1777922297584830464,1777922297822311424,0
0,3,289,GEMM(10,4,2),1777922296704055296,1777922297572477952,0
0,3,290,GEMM(11,4,2),1777922296667245568,1777922297571268608,0
0,3,291,GEMM(12,4,2),1777922295183557632,1777922295655901184,0
0,3,292,GEMM(13,4,2),1777922295146615808,1777922295629773824,0
0,3,293,GEMM(14,4,2),1777922295671803904,1777922295911101440,0
0,3,294,GEMM(15,4,2),1777922296691863552,1777922297572477952,0
0,3,306,SYRK(6,6,2),1777922296679558144,1777922297572259840,0
0,3,307,GEMM(7,6,2),1777922297584830464,1777922297822311424,0
0,3,308,GEMM(8,6,2),1777922296704055296,1777922297572477952,0
0,3,309,GEMM(9,6,2),1777922296667245568,1777922297571268608,0
0,3,310,GEMM(10,6,2),1777922295183557632,1777922295656189952,0
0,3,311,GEMM(11,6,2),1777922295146616832,1777922295630492672,0
0,3,312,GEMM(12,6,2),1777922295671803904,1777922295911362560,0
0,3,313,GEMM(13,6,2),1777922296691863552,1777922297572382720,0
0,3,314,GEMM(14,6,2),1777922296679558144,1777922297572259840,0
0,3,315,GEMM(15,6,2),1777922297584830464,1777922297823494144,0
0,3,325,SYRK(8,8,2),1777922296704055296,1777922297573113856,0
0,3,326,GEMM(9,8,2),1777922296667245568,1777922297571968000,0
0,3,327,GEMM(10,8,2),1777922296184082432,1777922296382945280,0
0,3,328,GEMM(11,8,2),1777922295937660928,1777922296184082432,0
0,3,329,GEMM(12,8,2),1777922296383687680,1777922296541803520,0
0,3,330,GEMM(13,8,2),1777922297986965504,1777922298144092160,0
0,3,331,GEMM(14,8,2),1777922298144102400,1777922298382476288,0
0,3,332,GEMM(15,8,2),1777922298382845952,1777922298539026432,0
0,3,340,SYRK(10,10,2),1777922298221754368,1777922298382476288,0
0,3,341,GEMM(11,10,2),1777922297829879808,1777922297986682880,0
0,3,342,GEMM(12,10,2),1777922296184082432,1777922296382945280,0
0,3,343,GEMM(13,10,2),1777922295937660928,1777922296184082432,0
0,3,344,GEMM(14,10,2),1777922296460850176,1777922296542565376,0
0,3,345,GEMM(15,10,2),1777922297986965504,1777922298222478336,0
0,3,351,SYRK(12,12,2),1777922298221753344,1777922298382476288,0
0,3,352,GEMM(13,12,2),1777922298460643328,1777922298541346816,0
0,3,353,GEMM(14,12,2),1777922298221754368,1777922298460644352,0
0,3,354,GEMM(15,12,2),1777922297829879808,1777922298142915584,0
0,3,358,SYRK(14,14,2),1777922296184082432,1777922296460850176,0
0,3,359,GEMM(15,14,2),1777922295937660928,1777922296184318976,0
0,3,374,SYRK(4,4,3),1777922312262574080,1777922317199879168,1777922296460850176
0,3,375,GEMM(5,4,3),1777922312262558720,1777922317199849472,1777922297986965504
0,3,376,GEMM(6,4,3),1777922312262559744,1777922317199854592,1777922298221753344
0,3,377,GEMM(7,4,3),1777922312262568960,1777922317199915008,1777922298460643328
0,3,378,GEMM(8,4,3),1777922312262561792,1777922317199868928,1777922298221754368
0,3,379,GEMM(9,4,3),1777922312262561792,1777922317199846400,1777922297829879808
0,3,380,GEMM(10,4,3),1777922312262559744,1777922317199853568,1777922296184082432
0,3,381,GEMM(11,4,3),1777922312262559744,1777922317199850496,1777922295937661952
0,3,382,GEMM(12,4,3),1777922317200038912,1777922320876548096,1777922296460850176
0,3,383,GEMM(13,4,3),1777922317200096256,1777922322863678464,1777922297986966528
0,3,384,GEMM(14,4,3),1777922317200039936,1777922320876548096,1777922298221753344
0,3,385,GEMM(15,4,3),1777922317199963136,1777922320876547072,1777922298460644352
0,3,397,SYRK(6,6,3),1777922311672672256,1777922312262361088,1777922298221754368
0,3,398,GEMM(7,6,3),1777922312262486016,1777922317199843328,1777922297829879808
0,3,399,GEMM(8,6,3),1777922311672672256,1777922316881370112,1777922296383125504
0,3,400,GEMM(9,6,3),1777922312262550528,1777922317199844352,1777922296381148160
0,3,401,GEMM(10,6,3),1777922312262551552,1777922317199846400,1777922296542167040
0,3,402,GEMM(11,6,3),1777922312580398080,1777922320876547072,1777922298144097280
0,3,403,GEMM(12,6,3),1777922317200029696,1777922320876557312,1777922298382481408
0,3,404,GEMM(13,6,3),1777922317200049152,1777922320876548096,1777922298539032576
0,3,405,GEMM(14,6,3),1777922317200039936,1777922320876548096,1777922298382484480
0,3,406,GEMM(15,6,3),1777922317200039936,1777922320876548096,1777922297986765824
0,3,416,SYRK(8,8,3),1777922311672672256,1777922312262418432,1777922296383126528
0,3,417,GEMM(9,8,3),1777922312262559744,1777922317199846400,1777922296381148160
0,3,418,GEMM(10,8,3),1777922312262589440,1777922317199852544,1777922296542568448
0,3,419,GEMM(11,8,3),1777922312262624256,1777922317199846400,1777922298381828096
0,3,420,GEMM(12,8,3),1777922317200039936,1777922320876552192,1777922298382481408
0,3,421,GEMM(13,8,3),1777922317200029696,1777922320876548096,1777922298541352960
0,3,422,GEMM(14,8,3),1777922317200029696,1777922320876548096,1777922298539025408
0,3,423,GEMM(15,8,3),1777922317200029696,1777922320876548096,1777922298144091136
0,3,431,SYRK(10,10,3),1777922312262550528,1777922317199862784,1777922296540130304
0,3,432,GEMM(11,10,3),1777922312262539264,1777922317199853568,1777922296381448192
0,3,433,GEMM(12,10,3),1777922320876650496,1777922322864230400,1777922317200073728
0,3,434,GEMM(13,10,3),1777922320876650496,1777922322864230400,1777922317200073728
0,3,435,GEMM(14,10,3),1777922320876656640,1777922322864238592,1777922317200073728
0,3,436,GEMM(15,10,3),1777922322862403584,1777922323198485504,1777922317512122368
0,3,442,SYRK(12,12,3),1777922320876650496,1777922323182451712,1777922317200094208
0,3,443,GEMM(13,12,3),1777922320876650496,1777922322864230400,1777922317200071680
0,3,444,GEMM(14,12,3),1777922320876661760,1777922322864229376,1777922317200059392
0,3,445,GEMM(15,12,3),1777922320876651520,1777922322864230400,1777922317200093184
0,3,449,SYRK(14,14,3),1777922323197271040,1777922323669496832,1777922322860027904
0,3,450,GEMM(15,14,3),1777922323352742912,1777922323671438336,1777922323181512704
0,3,452,POTRF(4),1777922320876792832,1777922323352886272,0
0,3,453,TRSM(5,4),1777922320876608512,1777922325088068608,0
0,3,454,TRSM(6,4),1777922317200120832,1777922325084635136,0
0,3,455,TRSM(7,4),1777922317200074752,1777922325094630400,0
0,3,456,TRSM(8,4),1777922317200099328,1777922325084635136,0
0,3,457,TRSM(9,4),1777922317200094208,1777922325088194560,0
0,3,458,TRSM(10,4),1777922322862402560,1777922325134534656,0
0,3,459,TRSM(11,4),1777922323181512704,1777922325212852224,0
0,3,460,TRSM(12,4),1777922323179587584,1777922325134534656,0
0,3,461,TRSM(13,4),1777922323934087168,1777922326248250368,0
0,3,462,TRSM(14,4),1777922323909284864,1777922326247015424,0
0,3,463,TRSM(15,4),1777922324156812288,1777922326248251392,0
0,3,475,SYRK(6,6,4),1777922323921808384,1777922324392329216,0
0,3,476,GEMM(7,6,4),1777922323946640384,1777922324430262272,0
0,3,477,GEMM(8,6,4),1777922324405294080,1777922325062910976,0
0,3,478,GEMM(9,6,4),1777922324430262272,1777922325064638464,0
0,3,479,GEMM(10,6,4),1777922324417925120,1777922325064461312,0
0,3,480,GEMM(11,6,4),1777922325757370368,1777922326241624064,0
0,3,481,GEMM(12,6,4),1777922325508172800,1777922325744846848,0
0,3,482,GEMM(13,6,4),1777922325769687040,1777922326241886208,0
0,3,483,GEMM(14,6,4),1777922323921808384,1777922324392329216,0
0,3,484,GEMM(15,6,4),1777922323946640384,1777922324430729216,0
0,3,494,SYRK(8,8,4),1777922324405294080,1777922325063368704,0
0,3,495,GEMM(9,8,4),1777922324430262272,1777922325065327616,0
0,3,496,GEMM(10,8,4),1777922324417926144,1777922325064638464,0
0,3,497,GEMM(11,8,4),1777922325757370368,1777922326241624064,0
0,3,498,GEMM(12,8,4),1777922325508924416,1777922325745879040,0
0,3,499,GEMM(13,8,4),1777922325769688064,1777922326241886208,0
0,3,500,GEMM(14,8,4),1777922323921808384,1777922324405723136,0
0,3,501,GEMM(15,8,4),1777922323946640384,1777922324430262272,0
0,3,509,SYRK(10,10,4),1777922324405294080,1777922325062910976,0
0,3,510,GEMM(11,10,4),1777922324430262272,1777922325064638464,0
0,3,511,GEMM(12,10,4),1777922324417926144,1777922325064461312,0
0,3,512,GEMM(13,10,4),1777922325757370368,1777922326241885184,0
0,3,513,GEMM(14,10,4),1777922325508924416,1777922325744847872,0
0,3,514,GEMM(15,10,4),1777922325769688064,1777922326243492864,0
0,3,520,SYRK(12,12,4),1777922325094480896,1777922325214441472,0
0,3,521,GEMM(13,12,4),1777922325134533632,1777922325334170624,0
0,3,522,GEMM(14,12,4),1777922325214441472,1777922325334556672,0
0,3,523,GEMM(15,12,4),1777922325332559872,1777922325428470784,0
0,3,527,SYRK(14,14,4),1777922325214441472,1777922325413483520,0
0,3,528,GEMM(15,14,4),1777922326248260608,1777922326327583744,0
0,3,541,SYRK(6,6,5),1777922337380769792,1777922342770144256,1777922326247026688
0,3,542,GEMM(7,6,5),1777922337380750336,1777922342770112512,1777922326325262336
0,3,543,GEMM(8,6,5),1777922337380730880,1777922342770109440,1777922325094480896
0,3,544,GEMM(9,6,5),1777922337380862976,1777922345687102464,1777922325134533632
0,3,545,GEMM(10,6,5),1777922337380749312,1777922342770111488,1777922325214441472
0,3,546,GEMM(11,6,5),1777922337380729856,1777922342770111488,1777922325332559872
0,3,547,GEMM(12,6,5),1777922337380750336,1777922342770111488,1777922325214441472
0,3,548,GEMM(13,6,5),1777922337380769792,1777922342770125824,1777922326325262336
0,3,549,GEMM(14,6,5),1777922342770383872,1777922345688713216,1777922326247028736
0,3,550,GEMM(15,6,5),1777922342770362368,1777922345687102464,1777922326325262336
0,3,560,SYRK(8,8,5),1777922337210131456,1777922342770109440,1777922325094480896
0,3,561,GEMM(9,8,5),1777922337380571136,1777922342770109440,1777922325134533632
0,3,562,GEMM(10,8,5),1777922337380749312,1777922342770111488,1777922325214441472
0,3,563,GEMM(11,8,5),1777922337380769792,1777922342770112512,1777922325332559872
0,3,564,GEMM(12,8,5),1777922337380769792,1777922342770112512,1777922325214441472
0,3,565,GEMM(13,8,5),1777922337380769792,1777922342770112512,1777922326325262336
0,3,566,GEMM(14,8,5),1777922342770382848,1777922345688713216,1777922326247029760
0,3,567,GEMM(15,8,5),1777922342770383872,1777922345688713216,1777922326325262336
0,3,575,SYRK(10,10,5),1777922337380750336,1777922342770111488,1777922325094481920
0,3,576,GEMM(11,10,5),1777922337380752384,1777922342770111488,1777922325134533632
0,3,577,GEMM(12,10,5),1777922337380750336,1777922342770111488,1777922325214441472
0,3,578,GEMM(13,10,5),1777922337380769792,1777922342770165760,1777922325332559872
0,3,579,GEMM(14,10,5),1777922342770451456,1777922345690546176,1777922325214442496
0,3,580,GEMM(15,10,5),1777922342770417664,1777922345689074688,1777922326325262336
0,3,586,SYRK(12,12,5),1777922337380750336,1777922342770192384,1777922326247031808
0,3,587,GEMM(13,12,5),1777922337380769792,1777922342770112512,1777922326325262336
0,3,588,GEMM(14,12,5),1777922342770382848,1777922345687103488,1777922325332559872
0,3,589,GEMM(15,12,5),1777922342770387968,1777922345687103488,1777922325411702784
0,3,593,SYRK(14,14,5),1777922342770446336,1777922345687102464,1777922325412755456
0,3,594,GEMM(15,14,5),1777922342770374656,1777922345687102464,1777922325428676608
0,3,596,POTRF(6),1777922325413601280,1777922325431793664,0
0,3,597,TRSM(7,6),1777922326327588864,1777922326374608896,0
0,3,598,TRSM(8,6),1777922342770390016,1777922349186045952,0
0,3,599,TRSM(9,6),1777922342770400256,1777922348514325504,0
0,3,600,TRSM(10,6),1777922342770418688,1777922349190994944,0
0,3,601,TRSM(11,6),1777922345689672704,1777922350965015552,0
0,3,602,TRSM(12,6),1777922342770390016,1777922348514302976,0
0,3,603,TRSM(13,6),1777922342770452480,1777922349186045952,0
0,3,604,TRSM(14,6),1777922342770411520,1777922349186045952,0
0,3,605,TRSM(15,6),1777922342770505728,1777922349598234624,0
0,3,615,SYRK(8,8,6),1777922345969490944,1777922347190484992,0
0,3,616,GEMM(9,8,6),1777922345944837120,1777922346836110336,0
0,3,617,GEMM(10,8,6),1777922346386751488,1777922347203268608,0
0,3,618,GEMM(11,8,6),1777922347203267584,1777922348189589504,0
0,3,619,GEMM(12,8,6),1777922345932503040,1777922346835232768,0
0,3,620,GEMM(13,8,6),1777922345981749248,1777922347191020544,0
0,3,621,GEMM(14,8,6),1777922345957183488,1777922347033808896,0
0,3,622,GEMM(15,8,6),1777922346518267904,1777922347203978240,0
0,3,630,SYRK(10,10,6),1777922345969490944,1777922347190484992,0
0,3,631,GEMM(11,10,6),1777922345944837120,1777922346836110336,0
0,3,632,GEMM(12,10,6),1777922346386751488,1777922347203978240,0
0,3,633,GEMM(13,10,6),1777922347203267584,1777922348189589504,0
0,3,634,GEMM(14,10,6),1777922345932503040,1777922346836110336,0
0,3,635,GEMM(15,10,6),1777922345981750272,1777922347191406592,0
0,3,641,SYRK(12,12,6),1777922345957183488,1777922347033166848,0
0,3,642,GEMM(13,12,6),1777922346518267904,1777922347349903360,0
0,3,643,GEMM(14,12,6),1777922345969490944,1777922347191020544,0
0,3,644,GEMM(15,12,6),1777922345944838144,1777922346836249600,0
0,3,648,SYRK(14,14,6),1777922346386752512,1777922347203268608,0
0,3,649,GEMM(15,14,6),1777922347203267584,1777922348189589504,0
0,3,660,SYRK(8,8,7),1777922347191020544,1777922348189589504,1777922345932503040
0,3,661,GEMM(9,8,7),1777922347203978240,1777922348501305344,1777922345981750272
0,3,662,GEMM(10,8,7),1777922347203268608,1777922348496011264,1777922345957183488
0,3,663,GEMM(11,8,7),1777922347873968128,1777922348501952512,1777922346518267904
0,3,664,GEMM(12,8,7),1777922349656020992,1777922351560622080,1777922349191684096
0,3,665,GEMM(13,8,7),1777922349191704576,1777922349657902080,1777922348514350080
0,3,666,GEMM(14,8,7),1777922350958716928,1777922352696768512,1777922349598234624
0,3,667,GEMM(15,8,7),1777922363212187648,1777922364517893120,1777922352175753216
0,3,675,SYRK(10,10,7),1777922348514350080,1777922349190938624,1777922348514338816
0,3,676,GEMM(11,10,7),1777922349615392768,1777922351560593408,1777922349191685120
0,3,677,GEMM(12,10,7),1777922350150421504,1777922352175753216,1777922349192007680
0,3,678,GEMM(13,10,7),1777922352175753216,1777922353195118592,1777922349657405440
0,3,679,GEMM(14,10,7),1777922349657370624,1777922352175125504,1777922349191685120
0,3,680,GEMM(15,10,7),1777922363212187648,1777922364517894144,1777922349185430528
0,3,686,SYRK(12,12,7),1777922350958715904,1777922352175753216,1777922349598234624
0,3,687,GEMM(13,12,7),1777922352697349120,1777922353201211392,1777922352175753216
0,3,688,GEMM(14,12,7),1777922348514350080,1777922349599764480,1777922348514338816
0,3,689,GEMM(15,12,7),1777922363212188672,1777922367216283648,1777922349191685120
0,3,693,SYRK(14,14,7),1777922350150430720,1777922352175753216,1777922349192007680
0,3,694,GEMM(15,14,7),1777922363212187648,1777922364517894144,1777922349657405440
0,3,696,POTRF(8),1777922349191685120,1777922350150421504,0
0,3,697,TRSM(9,8),1777922349185430528,1777922354127737856,0
0,3,698,TRSM(10,8),1777922349598234624,1777922354128131072,0
0,3,699,TRSM(11,8),1777922352175753216,1777922354169857024,0
0,3,700,TRSM(12,8),1777922348514338816,1777922354126348288,0
0,3,701,TRSM(13,8),1777922349191685120,1777922354127943680,0
0,3,702,TRSM(14,8),1777922349192007680,1777922354128186368,0
0,3,703,TRSM(15,8),1777922349657405440,1777922354169497600,0
0,3,711,SYRK(10,10,8),1777922349599764480,1777922350965447680,0
0,3,712,GEMM(11,10,8),1777922353497772032,1777922353799495680,0
0,3,713,GEMM(12,10,8),1777922353510155264,1777922353891025920,0
0,3,714,GEMM(13,10,8),1777922354036321280,1777922354118064128,0
0,3,715,GEMM(14,10,8),1777922353405515776,1777922353498657792,0
0,3,716,GEMM(15,10,8),1777922353680222208,1777922353945315328,0
0,3,722,SYRK(12,12,8),1777922353811952640,1777922353945422848,0
0,3,723,GEMM(13,12,8),1777922353944322048,1777922354038127616,0
0,3,724,GEMM(14,12,8),1777922352175752192,1777922352697348096,0
0,3,725,GEMM(15,12,8),1777922353497772032,1777922353812178944,0
0,3,729,SYRK(14,14,8),1777922353510155264,1777922353891233792,0
0,3,730,GEMM(15,14,8),1777922364520377344,1777922367837582336,0
0,3,739,SYRK(10,10,9),1777922364518238208,1777922367216285696,1777922353405516800
0,3,740,GEMM(11,10,9),1777922364518155264,1777922367216285696,1777922353680222208
0,3,741,GEMM(12,10,9),1777922364518147072,1777922367216284672,1777922353811953664
0,3,742,GEMM(13,10,9),1777922364518144000,1777922367216284672,1777922353944322048
0,3,743,GEMM(14,10,9),1777922364518256640,1777922367216285696,1777922352175802368
0,3,744,GEMM(15,10,9),1777922367216285696,1777922368449185792,1777922364518032384
0,3,750,SYRK(12,12,9),1777922364518147072,1777922367216284672,1777922353510155264
0,3,751,GEMM(13,12,9),1777922367521822720,1777922368573619200,1777922364520366080
0,3,752,GEMM(14,12,9),1777922364518155264,1777922367216284672,1777922353405516800
0,3,753,GEMM(15,12,9),1777922368573619200,1777922369045623808,1777922367521869824
0,3,757,SYRK(14,14,9),1777922364518147072,1777922367216284672,1777922353811953664
0,3,758,GEMM(15,14,9),1777922367216287744,1777922368573345792,1777922364518173696
0,3,760,POTRF(10),1777922352175803392,1777922353200062464,0
0,3,761,TRSM(11,10),1777922364518043648,1777922370303552512,0
0,3,762,TRSM(12,10),1777922354128153600,1777922354314188800,0
0,3,763,TRSM(13,10),1777922364520366080,1777922370308450304,0
0,3,764,TRSM(14,10),1777922354127087616,1777922354313688064,0
0,3,765,TRSM(15,10),1777922367833227264,1777922370309121024,0
0,3,771,SYRK(12,12,10),1777922354128506880,1777922354170496000,0
0,3,772,GEMM(13,12,10),1777922364518185984,1777922367216285696,0
0,3,773,GEMM(14,12,10),1777922352697347072,1777922353200062464,0
0,3,774,GEMM(15,12,10),1777922369170137088,1777922369870034944,0
0,3,778,SYRK(14,14,10),1777922354253231104,1777922354309609472,0
0,3,779,GEMM(15,14,10),1777922369882079232,1777922369974265856,0
0,3,786,SYRK(12,12,11),1777922364518190080,1777922367216284672,1777922354240641024
0,3,787,GEMM(13,12,11),1777922369987829760,1777922370296242176,1777922369986028544
0,3,788,GEMM(14,12,11),1777922364518142976,1777922367216284672,1777922354128507904
0,3,789,GEMM(15,12,11),1777922367521823744,1777922368573345792,1777922364518219776
0,3,793,SYRK(14,14,11),1777922364518144000,1777922367216284672,1777922353195118592
0,3,794,GEMM(15,14,11),1777922369250061312,1777922369882781696,1777922369170137088
0,3,796,POTRF(12),1777922354253232128,1777922354311713792,0
0,3,797,TRSM(13,12),1777922369882079232,1777922370391180288,0
0,3,798,TRSM(14,12),1777922367833227264,1777922370308813824,0
0,3,799,TRSM(15,12),1777922369986028544,1777922370395466752,0
0,3,803,SYRK(14,14,12),1777922367833227264,1777922368573619200,0
0,3,804,GEMM(15,14,12),1777922367833227264,1777922369045475328,0
0,3,809,SYRK(14,14,13),1777922368573620224,1777922369046523904,1777922367521823744
0,3,810,GEMM(15,14,13),1777922369250061312,1777922369882080256,1777922369170137088
0,3,812,POTRF(14),1777922367833240576,1777922369045623808,0
0,3,813,TRSM(15,14),1777922370371152896,1777922370435542016,0
0,4,0,POTRF(0),1777922374452660480,1777922374470286592,0
0,4,1,TRSM(1,0),1777922374466200832,1777922375029714176,0
0,4,2,TRSM(2,0),1777922374466201856,1777922375029870848,0
0,4,3,TRSM(3,0),1777922374466201856,1777922375032961280,0
0,4,4,TRSM(4,0),1777922374466201856,1777922375033185536,0
0,4,5,TRSM(5,0),1777922374466201856,1777922375049628928,0
0,4,6,TRSM(6,0),1777922374466201856,1777922375042896128,0
0,4,7,TRSM(7,0),1777922374466201856,1777922375042896128,0
0,4,8,TRSM(8,0),1777922374466201856,1777922375039658240,0
0,4,9,TRSM(9,0),1777922374711970048,1777922377243059456,0
0,4,10,TRSM(10,0),1777922374724305152,1777922377243242752,0
0,4,11,TRSM(11,0),1777922374736615680,1777922377555636480,0
0,4,12,TRSM(12,0),1777922374748824832,1777922377555636480,0
0,4,13,TRSM(13,0),1777922374797513984,1777922378347495680,0
0,4,14,TRSM(14,0),1777922374785328384,1777922377794992384,0
0,4,15,TRSM(15,0),1777922374773062912,1777922377556775168,0
0,4,31,SYRK(2,2,0),1777922374760782080,1777922374998105344,0
0,4,32,GEMM(3,2,0),1777922375541782784,1777922376062981376,0
0,4,33,GEMM(4,2,0),1777922375554417920,1777922376782294272,0
0,4,34,GEMM(5,2,0),1777922375802747136,1777922376993184000,0
0,4,35,GEMM(6,2,0),1777922375814755584,1777922376993383680,0
0,4,36,GEMM(7,2,0),1777922376794776832,1777922377230664960,0
0,4,37,GEMM(8,2,0),1777922376075211008,1777922377229131008,0
0,4,38,GEMM(9,2,0),1777922375826945280,1777922376993477888,0
0,4,39,GEMM(10,2,0),1777922374760783104,1777922374998105344,0
0,4,40,GEMM(11,2,0),1777922375541782784,1777922376062981376,0
0,4,41,GEMM(12,2,0),1777922375554417920,1777922376782294272,0
0,4,42,GEMM(13,2,0),1777922375802748160,1777922376993184000,0
0,4,43,GEMM(14,2,0),1777922375814756608,1777922376993383680,0
0,4,44,GEMM(15,2,0),1777922376794776832,1777922377230208256,0
0,4,58,SYRK(4,4,0),1777922376075211008,1777922377229131008,0
0,4,59,GEMM(5,4,0),1777922375826945280,1777922376993477888,0
0,4,60,GEMM(6,4,0),1777922374760783104,1777922374998710528,0
0,4,61,GEMM(7,4,0),1777922375541782784,1777922376075212032,0
0,4,62,GEMM(8,4,0),1777922375554417920,1777922376795141376,0
0,4,63,GEMM(9,4,0),1777922375802748160,1777922376993383680,0
0,4,64,GEMM(10,4,0),1777922375814756608,1777922376993477888,0
0,4,65,GEMM(11,4,0),1777922376794776832,1777922377230209280,0
0,4,66,GEMM(12,4,0),1777922376075211008,1777922377230208256,0
0,4,67,GEMM(13,4,0),1777922375826945280,1777922376993477888,0
0,4,68,GEMM(14,4,0),1777922375053355264,1777922375368576256,0
0,4,69,GEMM(15,4,0),1777922377243242752,1777922377556775168,0
0,4,81,SYRK(6,6,0),1777922377556775168,1777922377794992384,0
0,4,82,GEMM(7,6,0),1777922377794409728,1777922378347496704,0
0,4,83,GEMM(8,6,0),1777922377794409728,1777922378347495680,0
0,4,84,GEMM(9,6,0),1777922378938069248,1777922379252369664,0
0,4,85,GEMM(10,6,0),1777922378661475584,1777922378938071296,0
0,4,86,GEMM(11,6,0),1777922378347494656,1777922378661476608,0
0,4,87,GEMM(12,6,0),1777922375053356288,1777922375368576256,0
0,4,88,GEMM(13,6,0),1777922377243242752,1777922377556775168,0
0,4,89,GEMM(14,6,0),1777922377556775168,1777922377794992384,0
0,4,90,GEMM(15,6,0),1777922377794409728,1777922378347496704,0
0,4,100,SYRK(8,8,0),1777922377794409728,1777922378347495680,0
0,4,101,GEMM(9,8,0),1777922378938069248,1777922379252369664,0
0,4,102,GEMM(10,8,0),1777922378661475584,1777922378938071296,0
0,4,103,GEMM(11,8,0),1777922378347494656,1777922378661476608,0
0,4,104,GEMM(12,8,0),1777922375053356288,1777922375368576256,0
0,4,105,GEMM(13,8,0),1777922377243242752,1777922377556775168,0
0,4,106,GEMM(14,8,0),1777922377556775168,1777922377794992384,0
0,4,107,GEMM(15,8,0),1777922377794409728,1777922378347496704,0
0,4,115,SYRK(10,10,0),1777922377794409728,1777922378347495680,0
0,4,116,GEMM(11,10,0),1777922378938070272,1777922379252369664,0
0,4,117,GEMM(12,10,0),1777922378661475584,1777922378938071296,0
0,4,118,GEMM(13,10,0),1777922378347494656,1777922378661476608,0
0,4,119,GEMM(14,10,0),1777922375053356288,1777922375368740096,0
0,4,120,GEMM(15,10,0),1777922377243242752,1777922377794992384,0
0,4,126,SYRK(12,12,0),1777922377556775168,1777922378347495680,0
0,4,127,GEMM(13,12,0),1777922377794409728,1777922378347496704,0
0,4,128,GEMM(14,12,0),1777922377794410752,1777922378661476608,0
0,4,129,GEMM(15,12,0),1777922378938070272,1777922379254688000,0
0,4,133,SYRK(14,14,0),1777922378661475584,1777922379252369664,0
0,4,134,GEMM(15,14,0),1777922378347494656,1777922378938070272,0
0,4,151,SYRK(2,2,1),1777922395427369216,1777922400079460608,1777922375368765696
0,4,152,GEMM(3,2,1),1777922395427384576,1777922400079462656,1777922377794408704
0,4,153,GEMM(4,2,1),1777922395427387648,1777922400079463680,1777922378347494656
0,4,154,GEMM(5,2,1),1777922395427387648,1777922400079463680,1777922378661474560
0,4,155,GEMM(6,2,1),1777922395427381504,1777922400079465728,1777922378661474560
0,4,156,GEMM(7,2,1),1777922395427380480,1777922400079461632,1777922379252373760
0,4,157,GEMM(8,2,1),1777922395427381504,1777922400079463680,1777922379252368640
0,4,158,GEMM(9,2,1),1777922395427384576,1777922400079552768,1777922378938069248
0,4,159,GEMM(10,2,1),1777922400079809792,1777922404371299584,1777922375368765696
0,4,160,GEMM(11,2,1),1777922400079736064,1777922404371370240,1777922377794409728
0,4,161,GEMM(12,2,1),1777922400079734016,1777922404371300608,1777922378347494656
0,4,162,GEMM(13,2,1),1777922400079734016,1777922404371299584,1777922378661474560
0,4,163,GEMM(14,2,1),1777922400079735040,1777922404371299584,1777922378661474560
0,4,164,GEMM(15,2,1),1777922400079735040,1777922404371299584,1777922379252374784
0,4,178,SYRK(4,4,1),1777922395427381504,1777922400079462656,1777922379252368640
0,4,179,GEMM(5,4,1),1777922395427381504,1777922400079461632,1777922378938069248
0,4,180,GEMM(6,4,1),1777922395427387648,1777922400079460608,1777922375368765696
0,4,181,GEMM(7,4,1),1777922395427391744,1777922400079461632,1777922377794409728
0,4,182,GEMM(8,4,1),1777922395427400960,1777922400079462656,1777922378347494656
0,4,183,GEMM(9,4,1),1777922395427458304,1777922404371298560,1777922378661474560
0,4,184,GEMM(10,4,1),1777922400079735040,1777922404665853184,1777922378661475584
0,4,185,GEMM(11,4,1),1777922400079734016,1777922404371299584,1777922379252375808
0,4,186,GEMM(12,4,1),1777922400079735040,1777922404371387648,1777922379252368640
0,4,187,GEMM(13,4,1),1777922400079810816,1777922404371299584,1777922378938069248
0,4,188,GEMM(14,4,1),1777922400079734016,1777922404371299584,1777922375369221376
0,4,189,GEMM(15,4,1),1777922400079735040,1777922404371300608,1777922378347494656
0,4,201,SYRK(6,6,1),1777922394986785024,1777922400079460608,1777922378661474560
0,4,202,GEMM(7,6,1),1777922395427264768,1777922400079460608,1777922378661474560
0,4,203,GEMM(8,6,1),1777922394986785024,1777922395427183872,1777922378938069248
0,4,204,GEMM(9,6,1),1777922395427491072,1777922400079463680,1777922379254692096
0,4,205,GEMM(10,6,1),1777922400079735040,1777922404371299584,1777922379252377856
0,4,206,GEMM(11,6,1),1777922400079734016,1777922404371299584,1777922379252368640
0,4,207,GEMM(12,6,1),1777922404371708160,1777922406059432192,1777922400079630592
0,4,208,GEMM(13,6,1),1777922404665111808,1777922406064295168,1777922400079780096
0,4,209,GEMM(14,6,1),1777922405585444096,1777922409443652864,1777922400079790336
0,4,210,GEMM(15,6,1),1777922405272407296,1777922409443637504,1777922400079800576
0,4,220,SYRK(8,8,1),1777922404665111808,1777922407608619264,1777922400079780096
0,4,221,GEMM(9,8,1),1777922404665111808,1777922407287628032,1777922400079811840
0,4,222,GEMM(10,8,1),1777922404665138432,1777922406378224896,1777922400079800576
0,4,223,GEMM(11,8,1),1777922404665886976,1777922409443637504,1777922400079740160
0,4,224,GEMM(12,8,1),1777922405751847168,1777922410837708032,1777922404371713280
0,4,225,GEMM(13,8,1),1777922407287629056,1777922410839542016,1777922404371863808
0,4,226,GEMM(14,8,1),1777922407287629056,1777922410839540992,1777922404371782912
0,4,227,GEMM(15,8,1),1777922405751847168,1777922410837708032,1777922404371748096
0,4,235,SYRK(10,10,1),1777922405751848192,1777922410837708032,1777922404371750144
0,4,236,GEMM(11,10,1),1777922405736674560,1777922410837708032,1777922404371586304
0,4,237,GEMM(12,10,1),1777922405585352960,1777922409443637504,1777922400079800576
0,4,238,GEMM(13,10,1),1777922405585353984,1777922410833628416,1777922400079767808
0,4,239,GEMM(14,10,1),1777922405751847168,1777922410837709056,1777922404371744000
0,4,240,GEMM(15,10,1),1777922407287712000,1777922410840050944,1777922404371867904
0,4,246,SYRK(12,12,1),1777922405751848192,1777922410837708032,1777922404371783936
0,4,247,GEMM(13,12,1),1777922405751847168,1777922410837708032,1777922404371746048
0,4,248,GEMM(14,12,1),1777922410839542016,1777922411135283456,1777922405736674560
0,4,249,GEMM(15,12,1),1777922405751847168,1777922410839130368,1777922404371758336
0,4,253,SYRK(14,14,1),1777922407287629056,1777922410839540992,1777922404371817728
0,4,254,GEMM(15,14,1),1777922407287629056,1777922410839542016,1777922404371817728
0,4,256,POTRF(2),1777922404371748096,1777922409438531840,0
0,4,257,TRSM(3,2),1777922404371932416,1777922412164524288,0
0,4,258,TRSM(4,2),1777922404371792128,1777922412174224640,0
0,4,259,TRSM(5,2),1777922404371746048,1777922412157972736,0
0,4,260,TRSM(6,2),1777922405736674560,1777922412174743808,0
0,4,261,TRSM(7,2),1777922404371766528,1777922412161401088,0
0,4,262,TRSM(8,2),1777922404371827968,1777922412175001856,0
0,4,263,TRSM(9,2),1777922404371817728,1777922412161120512,0
0,4,264,TRSM(10,2),1777922409438530816,1777922412609704192,0
0,4,265,TRSM(11,2),1777922411410853120,1777922414057143552,0
0,4,266,TRSM(12,2),1777922411423108352,1777922414134272256,0
0,4,267,TRSM(13,2),1777922411373178112,1777922414332041472,0
0,4,268,TRSM(14,2),1777922411435415808,1777922414332041472,0
0,4,269,TRSM(15,2),1777922411398313216,1777922414213047552,0
0,4,283,SYRK(4,4,2),1777922411683140864,1777922411883718912,0
0,4,284,GEMM(5,4,2),1777922411385967872,1777922411684730112,0
0,4,285,GEMM(6,4,2),1777922411896154368,1777922412135984384,0
0,4,286,GEMM(7,4,2),1777922412930723072,1777922414046886144,0
0,4,287,GEMM(8,4,2),1777922412918543616,1777922414046886144,0
0,4,288,GEMM(9,4,2),1777922412893863168,1777922413848191232,0
0,4,289,GEMM(10,4,2),1777922413178685696,1777922414047119616,0
0,4,290,GEMM(11,4,2),1777922412906223872,1777922414046063872,0
0,4,291,GEMM(12,4,2),1777922411683141888,1777922411897219328,0
0,4,292,GEMM(13,4,2),1777922411385967872,1777922411684730112,0
0,4,293,GEMM(14,4,2),1777922411896154368,1777922412135984384,0
0,4,294,GEMM(15,4,2),1777922412930723072,1777922414047119616,0
0,4,306,SYRK(6,6,2),1777922412918543616,1777922414046673152,0
0,4,307,GEMM(7,6,2),1777922412893863168,1777922413848519936,0
0,4,308,GEMM(8,6,2),1777922413178685696,1777922414048090368,0
0,4,309,GEMM(9,6,2),1777922412906223872,1777922414046063872,0
0,4,310,GEMM(10,6,2),1777922411683140864,1777922411883718912,0
0,4,311,GEMM(11,6,2),1777922411385967872,1777922411684923648,0
0,4,312,GEMM(12,6,2),1777922411896154368,1777922412136381696,0
0,4,313,GEMM(13,6,2),1777922412930723072,1777922414046886144,0
0,4,314,GEMM(14,6,2),1777922412918543616,1777922414046673152,0
0,4,315,GEMM(15,6,2),1777922412893863168,1777922413848191232,0
0,4,325,SYRK(8,8,2),1777922413178685696,1777922414047119616,0
0,4,326,GEMM(9,8,2),1777922412906223872,1777922414046673152,0
0,4,327,GEMM(10,8,2),1777922412411064576,1777922412610419968,0
0,4,328,GEMM(11,8,2),1777922412175001856,1777922412411064576,0
0,4,329,GEMM(12,8,2),1777922412610983168,1777922412768648448,0
0,4,330,GEMM(13,8,2),1777922414057152768,1777922414213420288,0
0,4,331,GEMM(14,8,2),1777922414213419264,1777922414332041472,0
0,4,332,GEMM(15,8,2),1777922414529851648,1777922414765805824,0
0,4,340,SYRK(10,10,2),1777922414489356544,1777922414765805824,0
0,4,341,GEMM(11,10,2),1777922414332040448,1777922414489344256,0
0,4,342,GEMM(12,10,2),1777922412411064576,1777922412610419968,0
0,4,343,GEMM(13,10,2),1777922412175001856,1777922412411064576,0
0,4,344,GEMM(14,10,2),1777922412610983168,1777922412769271040,0
0,4,345,GEMM(15,10,2),1777922414134160640,1777922414332041472,0
0,4,351,SYRK(12,12,2),1777922414213420288,1777922414489344256,0
0,4,352,GEMM(13,12,2),1777922414529851648,1777922414768125184,0
0,4,353,GEMM(14,12,2),1777922414529851648,1777922414765805824,0
0,4,354,GEMM(15,12,2),1777922414332040448,1777922414529852672,0
0,4,358,SYRK(14,14,2),1777922412411064576,1777922412767094016,0
0,4,359,GEMM(15,14,2),1777922412175001856,1777922412609704192,0
0,4,374,SYRK(4,4,3),1777922428772464896,1777922433395349760,1777922412610983168
0,4,375,GEMM(5,4,3),1777922428772450560,1777922433395349760,1777922414134160640
0,4,376,GEMM(6,4,3),1777922428772454656,1777922437058016512,1777922414213420288
0,4,377,GEMM(7,4,3),1777922428772454656,1777922433395409152,1777922414529851648
0,4,378,GEMM(8,4,3),1777922428772456704,1777922433395350784,1777922414529851648
0,4,379,GEMM(9,4,3),1777922428772466944,1777922433395350784,1777922414332040448
0,4,380,GEMM(10,4,3),1777922428772466944,1777922433395349760,1777922412411064576
0,4,381,GEMM(11,4,3),1777922428772435200,1777922433395349760,1777922412175001856
0,4,382,GEMM(12,4,3),1777922433395581184,1777922437059082496,1777922412610983168
0,4,383,GEMM(13,4,3),1777922433395605760,1777922437059088640,1777922414134160640
0,4,384,GEMM(14,4,3),1777922433395604736,1777922437059082496,1777922414213420288
0,4,385,GEMM(15,4,3),1777922433395681536,1777922439053193472,1777922414529852672
0,4,397,SYRK(6,6,3),1777922428772468992,1777922433395350784,1777922414529851648
0,4,398,GEMM(7,6,3),1777922428772450560,1777922433395350784,1777922414332040448
0,4,399,GEMM(8,6,3),1777922428772465920,1777922433395347712,1777922412610983168
0,4,400,GEMM(9,6,3),1777922428772424960,1777922433395349760,1777922412608391424
0,4,401,GEMM(10,6,3),1777922428772372736,1777922433395347712,1777922412768956672
0,4,402,GEMM(11,6,3),1777922428772445440,1777922433395350784,1777922414332040448
0,4,403,GEMM(12,6,3),1777922433395581184,1777922437059082496,1777922414489343232
0,4,404,GEMM(13,6,3),1777922433395593472,1777922437059082496,1777922414765810944
0,4,405,GEMM(14,6,3),1777922433395605760,1777922437059082496,1777922414765812992
0,4,406,GEMM(15,6,3),1777922433395605760,1777922437060581632,1777922414489352448
0,4,416,SYRK(8,8,3),1777922427865918720,1777922428772240640,1777922412610983168
0,4,417,GEMM(9,8,3),1777922427865917696,1777922428772239616,1777922412608392448
0,4,418,GEMM(10,8,3),1777922427865918720,1777922433395347712,1777922412770871552
0,4,419,GEMM(11,8,3),1777922428772436224,1777922433395349760,1777922414489343232
0,4,420,GEMM(12,8,3),1777922433395593472,1777922437059088640,1777922414489348352
0,4,421,GEMM(13,8,3),1777922433395593472,1777922437059085568,1777922414768130304
0,4,422,GEMM(14,8,3),1777922433395437824,1777922437059082496,1777922414765812992
0,4,423,GEMM(15,8,3),1777922433395592448,1777922437059082496,1777922414765804800
0,4,431,SYRK(10,10,3),1777922427865917696,1777922428772294912,1777922412768648448
0,4,432,GEMM(11,10,3),1777922428772436224,1777922433395349760,1777922412610419968
0,4,433,GEMM(12,10,3),1777922437060575488,1777922439053193472,1777922433395605760
0,4,434,GEMM(13,10,3),1777922437060583680,1777922439053193472,1777922433395604736
0,4,435,GEMM(14,10,3),1777922439053194496,1777922439840687360,1777922437060574464
0,4,436,GEMM(15,10,3),1777922437060593920,1777922439053193472,1777922433395605760
0,4,442,SYRK(12,12,3),1777922437060582656,1777922439053193472,1777922433395623168
0,4,443,GEMM(13,12,3),1777922437060590848,1777922439053193472,1777922433395612928
0,4,444,GEMM(14,12,3),1777922437060576512,1777922439053193472,1777922433395604736
0,4,445,GEMM(15,12,3),1777922437060575488,1777922439369413888,1777922433395642624
0,4,449,SYRK(14,14,3),1777922439068006656,1777922439840813312,1777922437060575488
0,4,450,GEMM(15,14,3),1777922439365320960,1777922439841479936,1777922437060575488
0,4,452,POTRF(4),1777922437060576512,1777922439521521920,0
0,4,453,TRSM(5,4),1777922439365320960,1777922441463279872,0
0,4,454,TRSM(6,4),1777922433395648768,1777922441261876480,0
0,4,455,TRSM(7,4),1777922433395619072,1777922441258364160,0
0,4,456,TRSM(8,4),1777922433692109056,1777922441262593280,0
0,4,457,TRSM(9,4),1777922433395648768,1777922441262720256,0
0,4,458,TRSM(10,4),1777922437060594944,1777922441263075584,0
0,4,459,TRSM(11,4),1777922437060575488,1777922441381927168,0
0,4,460,TRSM(12,4),1777922439053193472,1777922441381927168,0
0,4,461,TRSM(13,4),1777922440997808384,1777922442419948800,0
0,4,462,TRSM(14,4),1777922440092964096,1777922442419091712,0
0,4,463,TRSM(15,4),1777922440080341248,1777922442418842880,0
0,4,475,SYRK(6,6,4),1777922440105269504,1777922440576025856,0
0,4,476,GEMM(7,6,4),1777922440118364416,1777922440985397504,0
0,4,477,GEMM(8,6,4),1777922440328627456,1777922441233123584,0
0,4,478,GEMM(9,6,4),1777922440340959488,1777922441234211072,0
0,4,479,GEMM(10,6,4),1777922440589560064,1777922441235664128,0
0,4,480,GEMM(11,6,4),1777922442178199808,1777922442416214272,0
0,4,481,GEMM(12,6,4),1777922441680183552,1777922442164026624,0
0,4,482,GEMM(13,6,4),1777922441692506368,1777922442164897024,0
0,4,483,GEMM(14,6,4),1777922440105269504,1777922440576025856,0
0,4,484,GEMM(15,6,4),1777922440118364416,1777922440985397504,0
0,4,494,SYRK(8,8,4),1777922440328627456,1777922441234211072,0
0,4,495,GEMM(9,8,4),1777922440340959488,1777922441234639104,0
0,4,496,GEMM(10,8,4),1777922440589561088,1777922441235664128,0
0,4,497,GEMM(11,8,4),1777922442178199808,1777922442416729344,0
0,4,498,GEMM(12,8,4),1777922441680183552,1777922442164897024,0
0,4,499,GEMM(13,8,4),1777922441692506368,1777922442164897024,0
0,4,500,GEMM(14,8,4),1777922440105269504,1777922440577692928,0
0,4,501,GEMM(15,8,4),1777922440118364416,1777922440985637120,0
0,4,509,SYRK(10,10,4),1777922440328627456,1777922441233123584,0
0,4,510,GEMM(11,10,4),1777922440340959488,1777922441234211072,0
0,4,511,GEMM(12,10,4),1777922440589561088,1777922441236672768,0
0,4,512,GEMM(13,10,4),1777922442178199808,1777922442416214272,0
0,4,513,GEMM(14,10,4),1777922441680183552,1777922442164026624,0
0,4,514,GEMM(15,10,4),1777922441692506368,1777922442165640448,0
0,4,520,SYRK(12,12,4),1777922441263069440,1777922441385675008,0
0,4,521,GEMM(13,12,4),1777922441263070464,1777922441385917696,0
0,4,522,GEMM(14,12,4),1777922441385673984,1777922441584332032,0
0,4,523,GEMM(15,12,4),1777922441463278848,1777922441584332032,0
0,4,527,SYRK(14,14,4),1777922441463277824,1777922441585369344,0
0,4,528,GEMM(15,14,4),1777922442419961088,1777922442499275008,0
0,4,541,SYRK(6,6,5),1777922453561103616,1777922455394870528,1777922442419101952
0,4,542,GEMM(7,6,5),1777922453561102592,1777922455394870528,1777922442418857216
0,4,543,GEMM(8,6,5),1777922455395054848,1777922461850712320,1777922441263070464
0,4,544,GEMM(9,6,5),1777922453561103616,1777922455394886912,1777922441263070464
0,4,545,GEMM(10,6,5),1777922453561103616,1777922455394870528,1777922441385673984
0,4,546,GEMM(11,6,5),1777922455395134720,1777922461855333632,1777922441463277824
0,4,547,GEMM(12,6,5),1777922453561103616,1777922455394869504,1777922441463278848
0,4,548,GEMM(13,6,5),1777922455395072256,1777922461853282560,1777922442496952576
0,4,549,GEMM(14,6,5),1777922455395066112,1777922461853282560,1777922442419104000
0,4,550,GEMM(15,6,5),1777922455395054848,1777922461850713344,1777922442418859264
0,4,560,SYRK(8,8,5),1777922455395054848,1777922461850713344,1777922441263070464
0,4,561,GEMM(9,8,5),1777922455395054848,1777922461850713344,1777922441263070464
0,4,562,GEMM(10,8,5),1777922455395020032,1777922461850793216,1777922441385673984
0,4,563,GEMM(11,8,5),1777922455395050752,1777922461850712320,1777922441463277824
0,4,564,GEMM(12,8,5),1777922455395054848,1777922461850713344,1777922441463278848
0,4,565,GEMM(13,8,5),1777922455395075328,1777922461854776576,1777922442496953600
0,4,566,GEMM(14,8,5),1777922455395067136,1777922461853282560,1777922442419106048
0,4,567,GEMM(15,8,5),1777922455395057920,1777922461853281536,1777922442418861312
0,4,575,SYRK(10,10,5),1777922453561102592,1777922461556433152,1777922441263070464
0,4,576,GEMM(11,10,5),1777922455395053824,1777922461850712320,1777922441263070464
0,4,577,GEMM(12,10,5),1777922453560976640,1777922455394957568,1777922441385675008
0,4,578,GEMM(13,10,5),1777922455395058944,1777922461853281536,1777922441463277824
0,4,579,GEMM(14,10,5),1777922455395066112,1777922461853281536,1777922441463278848
0,4,580,GEMM(15,10,5),1777922455395067136,1777922461853287680,1777922442496953600
0,4,586,SYRK(12,12,5),1777922453378094336,1777922455394868480,1777922442419108096
0,4,587,GEMM(13,12,5),1777922455395065088,1777922461853282560,1777922442418863360
0,4,588,GEMM(14,12,5),1777922455688322304,1777922461856710912,1777922441463277824
0,4,589,GEMM(15,12,5),1777922455395070208,1777922461853284608,1777922441463278848
0,4,593,SYRK(14,14,5),1777922455395054848,1777922461850712320,1777922441584377088
0,4,594,GEMM(15,14,5),1777922455395160320,1777922461855333632,1777922441584377088
0,4,596,POTRF(6),1777922441585374464,1777922441604754688,0
0,4,597,TRSM(7,6),1777922442499281152,1777922442546290944,0
0,4,598,TRSM(8,6),1777922455395073280,1777922464681573632,0
0,4,599,TRSM(9,6),1777922455395081472,1777922464681194752,0
0,4,600,TRSM(10,6),1777922461855333632,1777922466971599104,0
0,4,601,TRSM(11,6),1777922455395094784,1777922464681267456,0
0,4,602,TRSM(12,6),1777922455395105024,1777922464682019072,0
0,4,603,TRSM(13,6),1777922461856221440,1777922467631952128,0
0,4,604,TRSM(14,6),1777922455395086592,1777922464681591040,0
0,4,605,TRSM(15,6),1777922461855333632,1777922465557717248,0
0,4,615,SYRK(8,8,6),1777922462122985728,1777922463055570176,0
0,4,616,GEMM(9,8,6),1777922462098466048,1777922462898658560,0
0,4,617,GEMM(10,8,6),1777922463080801536,1777922463899619584,0
0,4,618,GEMM(11,8,6),1777922462110784768,1777922462899038464,0
0,4,619,GEMM(12,8,6),1777922462619035904,1777922463081056512,0
0,4,620,GEMM(13,8,6),1777922463093316864,1777922464046488832,0
0,4,621,GEMM(14,8,6),1777922462135217408,1777922463056634112,0
0,4,622,GEMM(15,8,6),1777922463068466432,1777922463899015424,0
0,4,630,SYRK(10,10,6),1777922462122985728,1777922463056634112,0
0,4,631,GEMM(11,10,6),1777922462098466048,1777922462898658560,0
0,4,632,GEMM(12,10,6),1777922463080801536,1777922463899619584,0
0,4,633,GEMM(13,10,6),1777922462110784768,1777922462899238144,0
0,4,634,GEMM(14,10,6),1777922462619035904,1777922463081455872,0
0,4,635,GEMM(15,10,6),1777922463093316864,1777922464046633216,0
0,4,641,SYRK(12,12,6),1777922462135217408,1777922463056846080,0
0,4,642,GEMM(13,12,6),1777922463068466432,1777922463899015424,0
0,4,643,GEMM(14,12,6),1777922462122985728,1777922463055570176,0
0,4,644,GEMM(15,12,6),1777922462098467072,1777922462899038464,0
0,4,648,SYRK(14,14,6),1777922463080801536,1777922463899619584,0
0,4,649,GEMM(15,14,6),1777922462110784768,1777922462899038464,0
0,4,660,SYRK(8,8,7),1777922463737068800,1777922464358803712,1777922462619035904
0,4,661,GEMM(9,8,7),1777922464353872128,1777922464672850176,1777922463093316864
0,4,662,GEMM(10,8,7),1777922463081056512,1777922464045342976,1777922462135218432
0,4,663,GEMM(11,8,7),1777922464046488832,1777922464671726848,1777922463068466432
0,4,664,GEMM(12,8,7),1777922465502412032,1777922467631948032,1777922464682018048
0,4,665,GEMM(13,8,7),1777922464682063104,1777922466970330368,1777922464681572608
0,4,666,GEMM(14,8,7),1777922468144448768,1777922468853254400,1777922467631947008
0,4,667,GEMM(15,8,7),1777922479294262528,1777922480602103040,1777922464681572608
0,4,675,SYRK(10,10,7),1777922466971599104,1777922468147074304,1777922465502000384
0,4,676,GEMM(11,10,7),1777922468851499264,1777922469356206336,1777922467633490176
0,4,677,GEMM(12,10,7),1777922465502388480,1777922466971524352,1777922464682063104
0,4,678,GEMM(13,10,7),1777922467633490176,1777922468852308224,1777922466971682048
0,4,679,GEMM(14,10,7),1777922465502388480,1777922466971524352,1777922464682018048
0,4,680,GEMM(15,10,7),1777922479294261504,1777922480602091776,1777922464681572608
0,4,686,SYRK(12,12,7),1777922468144449792,1777922468852308224,1777922467631947008
0,4,687,GEMM(13,12,7),1777922464682063104,1777922465502387456,1777922464681573632
0,4,688,GEMM(14,12,7),1777922466971599104,1777922467633181952,1777922465502000384
0,4,689,GEMM(15,12,7),1777922479294261504,1777922480602092800,1777922467633490176
0,4,693,SYRK(14,14,7),1777922465502388480,1777922466971524352,1777922464682063104
0,4,694,GEMM(15,14,7),1777922479294262528,1777922483223210240,1777922466971683072
0,4,696,POTRF(8),1777922464682019072,1777922466971524352,0
0,4,697,TRSM(9,8),1777922464681572608,1777922470281548032,0
0,4,698,TRSM(10,8),1777922467631947008,1777922470325039360,0
0,4,699,TRSM(11,8),1777922464681573632,1777922470281943296,0
0,4,700,TRSM(12,8),1777922465502000384,1777922470282016000,0
0,4,701,TRSM(13,8),1777922467633490176,1777922470324328704,0
0,4,702,TRSM(14,8),1777922464682063104,1777922470282765568,0
0,4,703,TRSM(15,8),1777922466971683072,1777922470323561728,0
0,4,711,SYRK(10,10,8),1777922465502000384,1777922466970330368,0
0,4,712,GEMM(11,10,8),1777922469560911104,1777922469912935680,0
0,4,713,GEMM(12,10,8),1777922470071664896,1777922470271581440,0
0,4,714,GEMM(13,10,8),1777922469573688576,1777922469954992384,0
0,4,715,GEMM(14,10,8),1777922469586034944,1777922469955408128,0
0,4,716,GEMM(15,10,8),1777922470059813120,1777922470271581440,0
0,4,722,SYRK(12,12,8),1777922469755564288,1777922469968226560,0
0,4,723,GEMM(13,12,8),1777922469967224064,1777922470072859904,0
0,4,724,GEMM(14,12,8),1777922467633361152,1777922468148096256,0
0,4,725,GEMM(15,12,8),1777922469560911104,1777922469912935680,0
0,4,729,SYRK(14,14,8),1777922470071664896,1777922470273352960,0
0,4,730,GEMM(15,14,8),1777922480602367232,1777922484151215360,0
0,4,739,SYRK(10,10,9),1777922480602331392,1777922483223210240,1777922469586034944
0,4,740,GEMM(11,10,9),1777922480602326272,1777922483223210240,1777922470059813120
0,4,741,GEMM(12,10,9),1777922480602326272,1777922483223211264,1777922469755564288
0,4,742,GEMM(13,10,9),1777922480602317056,1777922483223210240,1777922469967224064
0,4,743,GEMM(14,10,9),1777922480602333440,1777922483223211264,1777922467633361152
0,4,744,GEMM(15,10,9),1777922483223211264,1777922484151210240,1777922480602276096
0,4,750,SYRK(12,12,9),1777922480602326272,1777922483223210240,1777922470071664896
0,4,751,GEMM(13,12,9),1777922483223214336,1777922484349841664,1777922480602425600
0,4,752,GEMM(14,12,9),1777922480602356992,1777922483223211264,1777922469586035968
0,4,753,GEMM(15,12,9),1777922483223213312,1777922484151197952,1777922480604827904
0,4,757,SYRK(14,14,9),1777922480602326272,1777922483223211264,1777922469755564288
0,4,758,GEMM(15,14,9),1777922484349938944,1777922485131583744,1777922483837644032
0,4,760,POTRF(10),1777922467633362176,1777922469355383040,0
0,4,761,TRSM(11,10),1777922480602282240,1777922486397487360,0
0,4,762,TRSM(12,10),1777922470325047552,1777922470469115136,0
0,4,763,TRSM(13,10),1777922480604828928,1777922486390406400,0
0,4,764,TRSM(14,10),1777922470282165504,1777922470468647168,0
0,4,765,TRSM(15,10),1777922480604828928,1777922486390368512,0
0,4,771,SYRK(12,12,10),1777922470282808576,1777922470324955392,0
0,4,772,GEMM(13,12,10),1777922484146483456,1777922484349841664,0
0,4,773,GEMM(14,12,10),1777922468148095232,1777922468854899968,0
0,4,774,GEMM(15,12,10),1777922485587868928,1777922485758927104,0
0,4,778,SYRK(14,14,10),1777922470408230144,1777922470464574720,0
0,4,779,GEMM(15,14,10),1777922485575677184,1777922485746688256,0
0,4,786,SYRK(12,12,11),1777922480602388736,1777922483223211264,1777922470395087104
0,4,787,GEMM(13,12,11),1777922485257663744,1777922485588533504,1777922485256355072
0,4,788,GEMM(14,12,11),1777922480602326272,1777922483223211264,1777922470282808576
0,4,789,GEMM(15,12,11),1777922484349938944,1777922485127344384,1777922484146483456
0,4,793,SYRK(14,14,11),1777922480602354944,1777922483223210240,1777922468851499264
0,4,794,GEMM(15,14,11),1777922485758390528,1777922486380639488,1777922485587869952
0,4,796,POTRF(12),1777922470408230144,1777922470467075328,0
0,4,797,TRSM(13,12),1777922485575677184,1777922486476894464,0
0,4,798,TRSM(14,12),1777922484146483456,1777922486397893888,0
0,4,799,TRSM(15,12),1777922485256356096,1777922486475756800,0
0,4,803,SYRK(14,14,12),1777922484146483456,1777922484981860608,0
0,4,804,GEMM(15,14,12),1777922484146483456,1777922484349938944,0
0,4,809,SYRK(14,14,13),1777922484363681024,1777922485133064448,1777922484146483456
0,4,810,GEMM(15,14,13),1777922485758390528,1777922486380115200,1777922485587868928
0,4,812,POTRF(14),1777922484146483456,1777922485127357696,0
0,4,813,TRSM(15,14),1777922486469478656,1777922486520961280,0
