pe,run,task_id,op_name,start_ts,end_ts,wait_start_ts
0,0,0,GETRF(0),1777919594130612480,1777919594159762688,0
0,0,1,TRSM_R(1,0),1777919594159769856,1777919594206904576,0
0,0,3,TRSM_R(2,0),1777919594206912768,1777919594254005504,0
0,0,4,TRSM_L(0,2),1777919594254014720,1777919594296422656,0
0,0,5,TRSM_R(3,0),1777919594296423680,1777919594343513344,0
0,0,7,TRSM_R(4,0),1777919594343523584,1777919594390595840,0
0,0,8,TRSM_L(0,4),1777919594390606080,1777919594433008896,0
0,0,9,TRSM_R(5,0),1777919594433010944,1777919594480134400,0
0,0,11,TRSM_R(6,0),1777919594480143616,1777919594527235328,0
0,0,12,TRSM_L(0,6),1777919594527244544,1777919594569652480,0
0,0,13,TRSM_R(7,0),1777919594569654528,1777919594616751360,0
0,0,15,TRSM_R(8,0),1777919594616759552,1777919594663831808,0
0,0,16,TRSM_L(0,8),1777919594663842048,1777919594706245888,0
0,0,17,TRSM_R(9,0),1777919594706247936,1777919594753337600,0
0,0,19,TRSM_R(10,0),1777919594753346816,1777919594800440576,0
0,0,20,TRSM_L(0,10),1777919594800450816,1777919594842856704,0
0,0,21,TRSM_R(11,0),1777919594842857728,1777919594889947392,0
0,0,23,TRSM_R(12,0),1777919594889955584,1777919594937025792,0
0,0,24,TRSM_L(0,12),1777919594937033984,1777919594979443968,0
0,0,25,TRSM_R(13,0),1777919594979444992,1777919595026563328,0
0,0,27,TRSM_R(14,0),1777919595026571520,1777919595073665280,0
0,0,28,TRSM_L(0,14),1777919595073674496,1777919595116082432,0
0,0,29,TRSM_R(15,0),1777919595116084480,1777919595163177216,0
0,0,32,GEMM(1,2,0),1777919595163186432,1777919595242484992,0
0,0,34,GEMM(1,4,0),1777919595242488064,1777919595321785600,0
0,0,36,GEMM(1,6,0),1777919595321789696,1777919595401091328,0
0,0,38,GEMM(1,8,0),1777919595401095424,1777919595480384768,0
0,0,40,GEMM(1,10,0),1777919595480387840,1777919595559675136,0
0,0,42,GEMM(1,12,0),1777919595559679232,1777919595638970624,0
0,0,44,GEMM(1,14,0),1777919595638974720,1777919595718258944,0
0,0,47,GEMM(2,2,0),1777919595718263040,1777919595797561600,0
0,0,49,GEMM(2,4,0),1777919595797564672,1777919595876865280,0
0,0,51,GEMM(2,6,0),1777919595876868352,1777919595956161792,0
0,0,53,GEMM(2,8,0),1777919595956165888,1777919596035465472,0
0,0,55,GEMM(2,10,0),1777919596035469568,1777919596114767104,0
0,0,57,GEMM(2,12,0),1777919596114770176,1777919596194057472,0
0,0,59,GEMM(2,14,0),1777919596194060544,1777919596273361152,0
0,0,62,GEMM(3,2,0),1777919596273364224,1777919596352655616,0
0,0,64,GEMM(3,4,0),1777919596352659712,1777919596431950080,0
0,0,66,GEMM(3,6,0),1777919596431954176,1777919596511253760,0
0,0,68,GEMM(3,8,0),1777919596511257856,1777919596590557440,0
0,0,70,GEMM(3,10,0),1777919596590560512,1777919596669850880,0
0,0,72,GEMM(3,12,0),1777919596669853952,1777919596749150464,0
0,0,74,GEMM(3,14,0),1777919596749153536,1777919596828459264,0
0,0,77,GEMM(4,2,0),1777919596828462336,1777919596907760896,0
0,0,79,GEMM(4,4,0),1777919596907763968,1777919596987060480,0
0,0,81,GEMM(4,6,0),1777919596987063552,1777919597066364160,0
0,0,83,GEMM(4,8,0),1777919597066367232,1777919597145663744,0
0,0,85,GEMM(4,10,0),1777919597145666816,1777919597224958208,0
0,0,87,GEMM(4,12,0),1777919597224961280,1777919597304249600,0
0,0,89,GEMM(4,14,0),1777919597304252672,1777919597383542016,0
0,0,92,GEMM(5,2,0),1777919597383545088,1777919597462839552,0
0,0,94,GEMM(5,4,0),1777919597462842624,1777919597542142208,0
0,0,96,GEMM(5,6,0),1777919597542146304,1777919597621443840,0
0,0,98,GEMM(5,8,0),1777919597621447936,1777919597700748544,0
0,0,100,GEMM(5,10,0),1777919597700751616,1777919597780053248,0
0,0,102,GEMM(5,12,0),1777919597780056320,1777919597859358976,0
0,0,104,GEMM(5,14,0),1777919597859362048,1777919597938652416,0
0,0,107,GEMM(6,2,0),1777919597938656512,1777919598017952000,0
0,0,109,GEMM(6,4,0),1777919598017956096,1777919598097247488,0
0,0,111,GEMM(6,6,0),1777919598097251584,1777919598176541952,0
0,0,113,GEMM(6,8,0),1777919598176545024,1777919598255844608,0
0,0,115,GEMM(6,10,0),1777919598255848704,1777919598335143168,0
0,0,117,GEMM(6,12,0),1777919598335147264,1777919598414445824,0
0,0,119,GEMM(6,14,0),1777919598414448896,1777919598493748480,0
0,0,122,GEMM(7,2,0),1777919598493751552,1777919598573046016,0
0,0,124,GEMM(7,4,0),1777919598573050112,1777919598652340480,0
0,0,126,GEMM(7,6,0),1777919598652343552,1777919598731635968,0
0,0,128,GEMM(7,8,0),1777919598731640064,1777919598810925312,0
0,0,130,GEMM(7,10,0),1777919598810929408,1777919598890228992,0
0,0,132,GEMM(7,12,0),1777919598890232064,1777919598969524480,0
0,0,134,GEMM(7,14,0),1777919598969528576,1777919599048817920,0
0,0,137,GEMM(8,2,0),1777919599048822016,1777919599128099072,0
0,0,139,GEMM(8,4,0),1777919599128103168,1777919599207384320,0
0,0,141,GEMM(8,6,0),1777919599207387392,1777919599286674688,0
0,0,143,GEMM(8,8,0),1777919599286677760,1777919599365958912,0
0,0,145,GEMM(8,10,0),1777919599365961984,1777919599445235968,0
0,0,147,GEMM(8,12,0),1777919599445239040,1777919599524523264,0
0,0,149,GEMM(8,14,0),1777919599524526336,1777919599603816704,0
0,0,152,GEMM(9,2,0),1777919599603819776,1777919599683113216,0
0,0,154,GEMM(9,4,0),1777919599683117312,1777919599762405632,0
0,0,156,GEMM(9,6,0),1777919599762408704,1777919599841689856,0
0,0,158,GEMM(9,8,0),1777919599841693952,1777919599920982272,0
0,0,160,GEMM(9,10,0),1777919599920986368,1777919600000268544,0
0,0,162,GEMM(9,12,0),1777919600000271616,1777919600079551744,0
0,0,164,GEMM(9,14,0),1777919600079555840,1777919600158836992,0
0,0,167,GEMM(10,2,0),1777919600158841088,1777919600238127360,0
0,0,169,GEMM(10,4,0),1777919600238131456,1777919600317415680,0
0,0,171,GEMM(10,6,0),1777919600317418752,1777919600396697856,0
0,0,173,GEMM(10,8,0),1777919600396701952,1777919600475974912,0
0,0,175,GEMM(10,10,0),1777919600475977984,1777919600555252992,0
0,0,177,GEMM(10,12,0),1777919600555257088,1777919600634535168,0
0,0,179,GEMM(10,14,0),1777919600634539264,1777919600713827584,0
0,0,182,GEMM(11,2,0),1777919600713831680,1777919600793114880,0
0,0,184,GEMM(11,4,0),1777919600793118976,1777919600872407296,0
0,0,186,GEMM(11,6,0),1777919600872411392,1777919600951701760,0
0,0,188,GEMM(11,8,0),1777919600951705856,1777919601030999296,0
0,0,190,GEMM(11,10,0),1777919601031003392,1777919601110289664,0
0,0,192,GEMM(11,12,0),1777919601110296832,1777919601189581056,0
0,0,194,GEMM(11,14,0),1777919601189585152,1777919601268871424,0
0,0,197,GEMM(12,2,0),1777919601268875520,1777919601348152576,0
0,0,199,GEMM(12,4,0),1777919601348156672,1777919601427435776,0
0,0,201,GEMM(12,6,0),1777919601427438848,1777919601506723072,0
0,0,203,GEMM(12,8,0),1777919601506727168,1777919601586001152,0
0,0,205,GEMM(12,10,0),1777919601586005248,1777919601665279232,0
0,0,207,GEMM(12,12,0),1777919601665283328,1777919601744558336,0
0,0,209,GEMM(12,14,0),1777919601744561408,1777919601823844608,0
0,0,212,GEMM(13,2,0),1777919601823848704,1777919601903141120,0
0,0,214,GEMM(13,4,0),1777919601903145216,1777919601982439680,0
0,0,216,GEMM(13,6,0),1777919601982442752,1777919602061730048,0
0,0,218,GEMM(13,8,0),1777919602061733120,1777919602141023488,0
0,0,220,GEMM(13,10,0),1777919602141027584,1777919602220322048,0
0,0,222,GEMM(13,12,0),1777919602220326144,1777919602299618560,0
0,0,224,GEMM(13,14,0),1777919602299621632,1777919602378914048,0
0,0,227,GEMM(14,2,0),1777919602378918144,1777919602458211584,0
0,0,229,GEMM(14,4,0),1777919602458215680,1777919602537515264,0
0,0,231,GEMM(14,6,0),1777919602537518336,1777919602616814848,0
0,0,233,GEMM(14,8,0),1777919602616817920,1777919602696114432,0
0,0,235,GEMM(14,10,0),1777919602696117504,1777919602775416064,0
0,0,237,GEMM(14,12,0),1777919602775419136,1777919602854713600,0
0,0,239,GEMM(14,14,0),1777919602854717696,1777919602934025472,0
0,0,242,GEMM(15,2,0),1777919602934029568,1777919603013324032,0
0,0,244,GEMM(15,4,0),1777919603013327104,1777919603092629760,0
0,0,246,GEMM(15,6,0),1777919603092631808,1777919603171931392,0
0,0,248,GEMM(15,8,0),1777919603171934464,1777919603251237120,0
0,0,250,GEMM(15,10,0),1777919603251240192,1777919603330546944,0
0,0,252,GEMM(15,12,0),1777919603330550016,1777919603409848576,0
0,0,254,GEMM(15,14,0),1777919603409851648,1777919603489143040,0
0,0,258,TRSM_L(1,2),1777919619275497728,1777919619382723840,1777919603489144064
0,0,262,TRSM_L(1,4),1777919619382731008,1777919619489881344,1777919619382726912
0,0,266,TRSM_L(1,6),1777919619489887488,1777919619597104384,1777919619489884416
0,0,270,TRSM_L(1,8),1777919619597111552,1777919619704128768,1777919619597107456
0,0,274,TRSM_L(1,10),1777919619704135936,1777919619811066112,1777919619704131840
0,0,278,TRSM_L(1,12),1777919619811073280,1777919619918288128,1777919619811069184
0,0,282,TRSM_L(1,14),1777919619918294272,1777919620025522432,1777919619918290176
0,0,285,GEMM(2,2,1),1777919620025529600,1777919620221467904,1777919620025526528
0,0,287,GEMM(2,4,1),1777919620221475072,1777919620417416448,1777919620221472000
0,0,289,GEMM(2,6,1),1777919620417423616,1777919620613250304,1777919620417419520
0,0,291,GEMM(2,8,1),1777919620613257472,1777919620809105664,1777919620613254400
0,0,293,GEMM(2,10,1),1777919620809112832,1777919621005022464,1777919620809109760
0,0,295,GEMM(2,12,1),1777919621005030656,1777919621200943360,1777919621005026560
0,0,297,GEMM(2,14,1),1777919621200950528,1777919621396733184,1777919621200947456
0,0,299,GEMM(3,2,1),1777919621396740352,1777919621607164160,1777919621396736256
0,0,301,GEMM(3,4,1),1777919621607171328,1777919621817496832,1777919621607168256
0,0,303,GEMM(3,6,1),1777919621817504000,1777919622027929856,1777919621817499904
0,0,305,GEMM(3,8,1),1777919622027937024,1777919622238234880,1777919622027933952
0,0,307,GEMM(3,10,1),1777919622238242048,1777919622448680192,1777919622238237952
0,0,309,GEMM(3,12,1),1777919622448687360,1777919622659142912,1777919622448684288
0,0,311,GEMM(3,14,1),1777919622659150080,1777919622869530880,1777919622659147008
0,0,313,GEMM(4,2,1),1777919622869538048,1777919623060846848,1777919622869534976
0,0,315,GEMM(4,4,1),1777919623060854016,1777919623252248832,1777919623060850944
0,0,317,GEMM(4,6,1),1777919623252256000,1777919623443613952,1777919623252252928
0,0,319,GEMM(4,8,1),1777919623443621120,1777919623634960640,1777919623443618048
0,0,321,GEMM(4,10,1),1777919623634967808,1777919623826266368,1777919623634964736
0,0,323,GEMM(4,12,1),1777919623826273536,1777919624017581312,1777919623826270464
0,0,325,GEMM(4,14,1),1777919624017588480,1777919624208860416,1777919624017584384
0,0,327,GEMM(5,2,1),1777919624208867584,1777919624419330304,1777919624208863488
0,0,329,GEMM(5,4,1),1777919624419337472,1777919624629778688,1777919624419334400
0,0,331,GEMM(5,6,1),1777919624629785856,1777919624840361216,1777919624629781760
0,0,333,GEMM(5,8,1),1777919624840369408,1777919625050780928,1777919624840365312
0,0,335,GEMM(5,10,1),1777919625050788096,1777919625261178112,1777919625050784000
0,0,337,GEMM(5,12,1),1777919625261185280,1777919625471725824,1777919625261181184
0,0,339,GEMM(5,14,1),1777919625471732992,1777919625682121984,1777919625471728896
0,0,341,GEMM(6,2,1),1777919625682129152,1777919625877996800,1777919625682126080
0,0,343,GEMM(6,4,1),1777919625878003968,1777919626073985280,1777919625878000896
0,0,345,GEMM(6,6,1),1777919626073992448,1777919626269890816,1777919626073988352
0,0,347,GEMM(6,8,1),1777919626269897984,1777919626465749248,1777919626269894912
0,0,349,GEMM(6,10,1),1777919626465756416,1777919626661658880,1777919626465752320
0,0,351,GEMM(6,12,1),1777919626661666048,1777919626857580800,1777919626661661952
0,0,353,GEMM(6,14,1),1777919626857587968,1777919627053520128,1777919626857584896
0,0,355,GEMM(7,2,1),1777919627053527296,1777919627263948032,1777919627053523200
0,0,357,GEMM(7,4,1),1777919627263955200,1777919627474458880,1777919627263952128
0,0,359,GEMM(7,6,1),1777919627474466048,1777919627684973824,1777919627474462976
0,0,361,GEMM(7,8,1),1777919627684979968,1777919627895430400,1777919627684976896
0,0,363,GEMM(7,10,1),1777919627895437568,1777919628105946368,1777919627895434496
0,0,365,GEMM(7,12,1),1777919628105953536,1777919628316295424,1777919628105949440
0,0,367,GEMM(7,14,1),1777919628316302592,1777919628526724352,1777919628316299520
0,0,369,GEMM(8,2,1),1777919628526731520,1777919628718057728,1777919628526727424
0,0,371,GEMM(8,4,1),1777919628718064896,1777919628909407488,1777919628718061824
0,0,373,GEMM(8,6,1),1777919628909414656,1777919629100711168,1777919628909410560
0,0,375,GEMM(8,8,1),1777919629100718336,1777919629292044544,1777919629100715264
0,0,377,GEMM(8,10,1),1777919629292052736,1777919629483398400,1777919629292048640
0,0,379,GEMM(8,12,1),1777919629483405568,1777919629674761472,1777919629483402496
0,0,381,GEMM(8,14,1),1777919629674768640,1777919629866079488,1777919629674765568
0,0,383,GEMM(9,2,1),1777919629866086656,1777919630076504320,1777919629866082560
0,0,385,GEMM(9,4,1),1777919630076511488,1777919630286928128,1777919630076508416
0,0,387,GEMM(9,6,1),1777919630286935296,1777919630497387776,1777919630286932224
0,0,389,GEMM(9,8,1),1777919630497394944,1777919630707770624,1777919630497390848
0,0,391,GEMM(9,10,1),1777919630707777792,1777919630918089984,1777919630707774720
0,0,393,GEMM(9,12,1),1777919630918097152,1777919631128509696,1777919630918093056
0,0,395,GEMM(9,14,1),1777919631128516864,1777919631338870016,1777919631128512768
0,0,397,GEMM(10,2,1),1777919631338877184,1777919631534686464,1777919631338874112
0,0,399,GEMM(10,4,1),1777919631534693632,1777919631730572544,1777919631534689536
0,0,401,GEMM(10,6,1),1777919631730579712,1777919631926384896,1777919631730576640
0,0,403,GEMM(10,8,1),1777919631926392064,1777919632122211584,1777919631926387968
0,0,405,GEMM(10,10,1),1777919632122218752,1777919632318027008,1777919632122215680
0,0,407,GEMM(10,12,1),1777919632318034176,1777919632513830144,1777919632318030080
0,0,409,GEMM(10,14,1),1777919632513837312,1777919632709653760,1777919632513834240
0,0,411,GEMM(11,2,1),1777919632709660928,1777919632919915776,1777919632709657856
0,0,413,GEMM(11,4,1),1777919632919922944,1777919633130213632,1777919632919918848
0,0,415,GEMM(11,6,1),1777919633130220800,1777919633340473600,1777919633130217728
0,0,417,GEMM(11,8,1),1777919633340480768,1777919633550809344,1777919633340476672
0,0,419,GEMM(11,10,1),1777919633550816512,1777919633761190144,1777919633550812416
0,0,421,GEMM(11,12,1),1777919633761196288,1777919633971466496,1777919633761193216
0,0,423,GEMM(11,14,1),1777919633971473664,1777919634181793024,1777919633971469568
0,0,425,GEMM(12,2,1),1777919634181800192,1777919634373131520,1777919634181797120
0,0,427,GEMM(12,4,1),1777919634373138688,1777919634564487424,1777919634373135616
0,0,429,GEMM(12,6,1),1777919634564494592,1777919634755804416,1777919634564490496
0,0,431,GEMM(12,8,1),1777919634755810560,1777919634947092736,1777919634755807488
0,0,433,GEMM(12,10,1),1777919634947100928,1777919635138409728,1777919634947096832
0,0,435,GEMM(12,12,1),1777919635138416896,1777919635329764608,1777919635138413824
0,0,437,GEMM(12,14,1),1777919635329771776,1777919635521091840,1777919635329767680
0,0,439,GEMM(13,2,1),1777919635521099008,1777919635731503360,1777919635521095936
0,0,441,GEMM(13,4,1),1777919635731510528,1777919635941823744,1777919635731507456
0,0,443,GEMM(13,6,1),1777919635941830912,1777919636152101120,1777919635941827840
0,0,445,GEMM(13,8,1),1777919636152108288,1777919636362468608,1777919636152104192
0,0,447,GEMM(13,10,1),1777919636362475776,1777919636572881152,1777919636362471680
0,0,449,GEMM(13,12,1),1777919636572888320,1777919636783348992,1777919636572885248
0,0,451,GEMM(13,14,1),1777919636783355136,1777919636993812736,1777919636783352064
0,0,453,GEMM(14,2,1),1777919636993819904,1777919637189661952,1777919636993816832
0,0,455,GEMM(14,4,1),1777919637189669120,1777919637385449728,1777919637189666048
0,0,457,GEMM(14,6,1),1777919637385456896,1777919637581238528,1777919637385453824
0,0,459,GEMM(14,8,1),1777919637581245696,1777919637777063168,1777919637581242624
0,0,461,GEMM(14,10,1),1777919637777070336,1777919637972833536,1777919637777067264
0,0,463,GEMM(14,12,1),1777919637972840704,1777919638168603904,1777919637972837632
0,0,465,GEMM(14,14,1),1777919638168611072,1777919638364440832,1777919638168606976
0,0,467,GEMM(15,2,1),1777919638364448000,1777919638574806272,1777919638364443904
0,0,469,GEMM(15,4,1),1777919638574813440,1777919638785103104,1777919638574810368
0,0,471,GEMM(15,6,1),1777919638785110272,1777919638995489024,1777919638785106176
0,0,473,GEMM(15,8,1),1777919638995496192,1777919639205819648,1777919638995493120
0,0,475,GEMM(15,10,1),1777919639205826816,1777919639416227072,1777919639205823744
0,0,477,GEMM(15,12,1),1777919639416234240,1777919639626605824,1777919639416231168
0,0,479,GEMM(15,14,1),1777919639626612992,1777919639836891392,1777919639626609920
0,0,481,GETRF(2),1777919639836895488,1777919639866014976,0
0,0,482,TRSM_R(3,2),1777919639866021120,1777919639913107712,0
0,0,484,TRSM_R(4,2),1777919639913115904,1777919639960257792,0
0,0,485,TRSM_L(2,4),1777919639960265984,1777919640002778368,0
0,0,486,TRSM_R(5,2),1777919640002779392,1777919640049997056,0
0,0,488,TRSM_R(6,2),1777919640050004224,1777919640097072384,0
0,0,489,TRSM_L(2,6),1777919640097081600,1777919640139491584,0
0,0,490,TRSM_R(7,2),1777919640139492608,1777919640186610944,0
0,0,492,TRSM_R(8,2),1777919640186618112,1777919640233737472,0
0,0,493,TRSM_L(2,8),1777919640233744640,1777919640276156672,0
0,0,494,TRSM_R(9,2),1777919640276157696,1777919640323281152,0
0,0,496,TRSM_R(10,2),1777919640323286272,1777919640370403584,0
0,0,497,TRSM_L(2,10),1777919640370412800,1777919640412821760,0
0,0,498,TRSM_R(11,2),1777919640412823808,1777919640459925760,0
0,0,500,TRSM_R(12,2),1777919640459933952,1777919640507061504,0
0,0,501,TRSM_L(2,12),1777919640507069696,1777919640549486848,0
0,0,502,TRSM_R(13,2),1777919640549487872,1777919640596592896,0
0,0,504,TRSM_R(14,2),1777919640596601088,1777919640643751168,0
0,0,505,TRSM_L(2,14),1777919640643759360,1777919640686216448,0
0,0,506,TRSM_R(15,2),1777919640686218496,1777919640733348096,0
0,0,509,GEMM(3,4,2),1777919640733357312,1777919640812658944,0
0,0,511,GEMM(3,6,2),1777919640812663040,1777919640891950336,0
0,0,513,GEMM(3,8,2),1777919640891954432,1777919640971248896,0
0,0,515,GEMM(3,10,2),1777919640971251968,1777919641050553600,0
0,0,517,GEMM(3,12,2),1777919641050556672,1777919641129841920,0
0,0,519,GEMM(3,14,2),1777919641129844992,1777919641209133312,0
0,0,522,GEMM(4,4,2),1777919641209137408,1777919641288435968,0
0,0,524,GEMM(4,6,2),1777919641288439040,1777919641367733504,0
0,0,526,GEMM(4,8,2),1777919641367736576,1777919641447045376,0
0,0,528,GEMM(4,10,2),1777919641447049472,1777919641526345984,0
0,0,530,GEMM(4,12,2),1777919641526349056,1777919641605650688,0
0,0,532,GEMM(4,14,2),1777919641605654784,1777919641684958464,0
0,0,535,GEMM(5,4,2),1777919641684961536,1777919641764265216,0
0,0,537,GEMM(5,6,2),1777919641764268288,1777919641843572992,0
0,0,539,GEMM(5,8,2),1777919641843576064,1777919641922875648,0
0,0,541,GEMM(5,10,2),1777919641922878720,1777919642002172160,0
0,0,543,GEMM(5,12,2),1777919642002176256,1777919642081466624,0
0,0,545,GEMM(5,14,2),1777919642081469696,1777919642160754944,0
0,0,548,GEMM(6,4,2),1777919642160759040,1777919642240043264,0
0,0,550,GEMM(6,6,2),1777919642240045312,1777919642319327488,0
0,0,552,GEMM(6,8,2),1777919642319330560,1777919642398609664,0
0,0,554,GEMM(6,10,2),1777919642398613760,1777919642477900032,0
0,0,556,GEMM(6,12,2),1777919642477904128,1777919642557182208,0
0,0,558,GEMM(6,14,2),1777919642557186304,1777919642636465408,0
0,0,561,GEMM(7,4,2),1777919642636469504,1777919642715754752,0
0,0,563,GEMM(7,6,2),1777919642715758848,1777919642795047168,0
0,0,565,GEMM(7,8,2),1777919642795050240,1777919642874328320,0
0,0,567,GEMM(7,10,2),1777919642874332416,1777919642953618688,0
0,0,569,GEMM(7,12,2),1777919642953622784,1777919643032905984,0
0,0,571,GEMM(7,14,2),1777919643032909056,1777919643112185088,0
0,0,574,GEMM(8,4,2),1777919643112189184,1777919643191465216,0
0,0,576,GEMM(8,6,2),1777919643191469312,1777919643270746368,0
0,0,578,GEMM(8,8,2),1777919643270750464,1777919643350025472,0
0,0,580,GEMM(8,10,2),1777919643350029568,1777919643429304576,0
0,0,582,GEMM(8,12,2),1777919643429308672,1777919643508584704,0
0,0,584,GEMM(8,14,2),1777919643508588800,1777919643587858688,0
0,0,587,GEMM(9,4,2),1777919643587862784,1777919643667142912,0
0,0,589,GEMM(9,6,2),1777919643667145984,1777919643746430208,0
0,0,591,GEMM(9,8,2),1777919643746433280,1777919643825734912,0
0,0,593,GEMM(9,10,2),1777919643825739008,1777919643905030400,0
0,0,595,GEMM(9,12,2),1777919643905033472,1777919643984320768,0
0,0,597,GEMM(9,14,2),1777919643984324864,1777919644063615232,0
0,0,600,GEMM(10,4,2),1777919644063618304,1777919644142910720,0
0,0,602,GEMM(10,6,2),1777919644142913792,1777919644222199040,0
0,0,604,GEMM(10,8,2),1777919644222203136,1777919644301492480,0
0,0,606,GEMM(10,10,2),1777919644301496576,1777919644380776704,0
0,0,608,GEMM(10,12,2),1777919644380780800,1777919644460065024,0
0,0,610,GEMM(10,14,2),1777919644460069120,1777919644539356416,0
0,0,613,GEMM(11,4,2),1777919644539360512,1777919644618662144,0
0,0,615,GEMM(11,6,2),1777919644618666240,1777919644697964800,0
0,0,617,GEMM(11,8,2),1777919644697968896,1777919644777261312,0
0,0,619,GEMM(11,10,2),1777919644777265408,1777919644856564992,0
0,0,621,GEMM(11,12,2),1777919644856568064,1777919644935870720,0
0,0,623,GEMM(11,14,2),1777919644935873792,1777919645015171328,0
0,0,626,GEMM(12,4,2),1777919645015174400,1777919645094470912,0
0,0,628,GEMM(12,6,2),1777919645094473984,1777919645173769472,0
0,0,630,GEMM(12,8,2),1777919645173772544,1777919645253057792,0
0,0,632,GEMM(12,10,2),1777919645253061888,1777919645332357376,0
0,0,634,GEMM(12,12,2),1777919645332360448,1777919645411651840,0
0,0,636,GEMM(12,14,2),1777919645411654912,1777919645490945280,0
0,0,639,GEMM(13,4,2),1777919645490948352,1777919645570246912,0
0,0,641,GEMM(13,6,2),1777919645570249984,1777919645649543424,0
0,0,643,GEMM(13,8,2),1777919645649547520,1777919645728840960,0
0,0,645,GEMM(13,10,2),1777919645728844032,1777919645808130304,0
0,0,647,GEMM(13,12,2),1777919645808134400,1777919645887429888,0
0,0,649,GEMM(13,14,2),1777919645887432960,1777919645966732544,0
0,0,652,GEMM(14,4,2),1777919645966736640,1777919646046021888,0
0,0,654,GEMM(14,6,2),1777919646046024960,1777919646125318400,0
0,0,656,GEMM(14,8,2),1777919646125321472,1777919646204605696,0
0,0,658,GEMM(14,10,2),1777919646204609792,1777919646283903232,0
0,0,660,GEMM(14,12,2),1777919646283906304,1777919646363200768,0
0,0,662,GEMM(14,14,2),1777919646363204864,1777919646442492160,0
0,0,665,GEMM(15,4,2),1777919646442495232,1777919646521781504,0
0,0,667,GEMM(15,6,2),1777919646521784576,1777919646601071872,0
0,0,669,GEMM(15,8,2),1777919646601074944,1777919646680368384,0
0,0,671,GEMM(15,10,2),1777919646680372480,1777919646759661824,0
0,0,673,GEMM(15,12,2),1777919646759665920,1777919646838952192,0
0,0,675,GEMM(15,14,2),1777919646838955264,1777919646918251776,0
0,0,679,TRSM_L(3,4),1777919659028863232,1777919659136123136,1777919646918254848
0,0,683,TRSM_L(3,6),1777919659136129280,1777919659243505920,1777919659136126208
0,0,687,TRSM_L(3,8),1777919659243513088,1777919659350537472,1777919659243508992
0,0,691,TRSM_L(3,10),1777919659350544640,1777919659457759488,1777919659350540544
0,0,695,TRSM_L(3,12),1777919659457765632,1777919659565051136,1777919659457762560
0,0,699,TRSM_L(3,14),1777919659565057280,1777919659672268032,1777919659565054208
0,0,702,GEMM(4,4,3),1777919659672275200,1777919659863642368,1777919659672271104
0,0,704,GEMM(4,6,3),1777919659863649536,1777919660055007488,1777919659863646464
0,0,706,GEMM(4,8,3),1777919660055014656,1777919660246325504,1777919660055010560
0,0,708,GEMM(4,10,3),1777919660246332672,1777919660437675264,1777919660246329600
0,0,710,GEMM(4,12,3),1777919660437682432,1777919660628988160,1777919660437679360
0,0,712,GEMM(4,14,3),1777919660628995328,1777919660820315392,1777919660628992256
0,0,714,GEMM(5,4,3),1777919660820322560,1777919661030435072,1777919660820318464
0,0,716,GEMM(5,6,3),1777919661030442240,1777919661240622336,1777919661030439168
0,0,718,GEMM(5,8,3),1777919661240629504,1777919661450763520,1777919661240626432
0,0,720,GEMM(5,10,3),1777919661450770688,1777919661661015296,1777919661450767616
0,0,722,GEMM(5,12,3),1777919661661023488,1777919661871222016,1777919661661019392
0,0,724,GEMM(5,14,3),1777919661871229184,1777919662081328384,1777919661871226112
0,0,726,GEMM(6,4,3),1777919662081334528,1777919662277028096,1777919662081331456
0,0,728,GEMM(6,6,3),1777919662277035264,1777919662472812800,1777919662277031168
0,0,730,GEMM(6,8,3),1777919662472819968,1777919662668603648,1777919662472816896
0,0,732,GEMM(6,10,3),1777919662668610816,1777919662864387328,1777919662668607744
0,0,734,GEMM(6,12,3),1777919662864394496,1777919663060119808,1777919662864390400
0,0,736,GEMM(6,14,3),1777919663060126976,1777919663255872768,1777919663060122880
0,0,738,GEMM(7,4,3),1777919663255879936,1777919663466214656,1777919663255876864
0,0,740,GEMM(7,6,3),1777919663466221824,1777919663676561664,1777919663466218752
0,0,742,GEMM(7,8,3),1777919663676568832,1777919663886842112,1777919663676564736
0,0,744,GEMM(7,10,3),1777919663886849280,1777919664097096960,1777919663886845184
0,0,746,GEMM(7,12,3),1777919664097105152,1777919664307366144,1777919664097101056
0,0,748,GEMM(7,14,3),1777919664307373312,1777919664517604608,1777919664307370240
0,0,750,GEMM(8,4,3),1777919664517611776,1777919664708975872,1777919664517607680
0,0,752,GEMM(8,6,3),1777919664708983040,1777919664900270336,1777919664708979968
0,0,754,GEMM(8,8,3),1777919664900277504,1777919665091567872,1777919664900274432
0,0,756,GEMM(8,10,3),1777919665091575040,1777919665282852096,1777919665091571968
0,0,758,GEMM(8,12,3),1777919665282859264,1777919665474145536,1777919665282855168
0,0,760,GEMM(8,14,3),1777919665474152704,1777919665665427712,1777919665474149632
0,0,762,GEMM(9,4,3),1777919665665434880,1777919665875629312,1777919665665430784
0,0,764,GEMM(9,6,3),1777919665875635456,1777919666085684480,1777919665875632384
0,0,766,GEMM(9,8,3),1777919666085691648,1777919666295916800,1777919666085688576
0,0,768,GEMM(9,10,3),1777919666295923968,1777919666506054912,1777919666295920896
0,0,770,GEMM(9,12,3),1777919666506062080,1777919666716210432,1777919666506059008
0,0,772,GEMM(9,14,3),1777919666716217600,1777919666926381312,1777919666716213504
0,0,774,GEMM(10,4,3),1777919666926388480,1777919667122099456,1777919666926385408
0,0,776,GEMM(10,6,3),1777919667122106624,1777919667317843200,1777919667122103552
0,0,778,GEMM(10,8,3),1777919667317850368,1777919667513530624,1777919667317847296
0,0,780,GEMM(10,10,3),1777919667513537792,1777919667709175040,1777919667513534720
0,0,782,GEMM(10,12,3),1777919667709182208,1777919667904941312,1777919667709178112
0,0,784,GEMM(10,14,3),1777919667904948480,1777919668100588800,1777919667904944384
0,0,786,GEMM(11,4,3),1777919668100595968,1777919668310793472,1777919668100592896
0,0,788,GEMM(11,6,3),1777919668310800640,1777919668520970496,1777919668310797568
0,0,790,GEMM(11,8,3),1777919668520977664,1777919668731092224,1777919668520974592
0,0,792,GEMM(11,10,3),1777919668731099392,1777919668941313280,1777919668731096320
0,0,794,GEMM(11,12,3),1777919668941320448,1777919669151530240,1777919668941317376
0,0,796,GEMM(11,14,3),1777919669151537408,1777919669361746176,1777919669151533312
0,0,798,GEMM(12,4,3),1777919669361753344,1777919669553175808,1777919669361749248
0,0,800,GEMM(12,6,3),1777919669553181952,1777919669744626944,1777919669553177856
0,0,802,GEMM(12,8,3),1777919669744634112,1777919669935955200,1777919669744631040
0,0,804,GEMM(12,10,3),1777919669935962368,1777919670127258880,1777919669935959296
0,0,806,GEMM(12,12,3),1777919670127266048,1777919670318610688,1777919670127262976
0,0,808,GEMM(12,14,3),1777919670318617856,1777919670509881600,1777919670318613760
0,0,810,GEMM(13,4,3),1777919670509888768,1777919670720151808,1777919670509884672
0,0,812,GEMM(13,6,3),1777919670720158976,1777919670930420992,1777919670720155904
0,0,814,GEMM(13,8,3),1777919670930428160,1777919671140776192,1777919670930425088
0,0,816,GEMM(13,10,3),1777919671140783360,1777919671351024896,1777919671140780288
0,0,818,GEMM(13,12,3),1777919671351032064,1777919671561245952,1777919671351028992
0,0,820,GEMM(13,14,3),1777919671561253120,1777919671771486464,1777919671561250048
0,0,822,GEMM(14,4,3),1777919671771493632,1777919671967190272,1777919671771489536
0,0,824,GEMM(14,6,3),1777919671967196416,1777919672162964736,1777919671967193344
0,0,826,GEMM(14,8,3),1777919672162971904,1777919672358688000,1777919672162967808
0,0,828,GEMM(14,10,3),1777919672358695168,1777919672554428672,1777919672358691072
0,0,830,GEMM(14,12,3),1777919672554435840,1777919672750163200,1777919672554432768
0,0,832,GEMM(14,14,3),1777919672750169344,1777919672945950976,1777919672750166272
0,0,834,GEMM(15,4,3),1777919672945958144,1777919673156134144,1777919672945955072
0,0,836,GEMM(15,6,3),1777919673156141312,1777919673366398208,1777919673156137216
0,0,838,GEMM(15,8,3),1777919673366405376,1777919673576727808,1777919673366401280
0,0,840,GEMM(15,10,3),1777919673576734976,1777919673787058432,1777919673576730880
0,0,842,GEMM(15,12,3),1777919673787066624,1777919673997347072,1777919673787062528
0,0,844,GEMM(15,14,3),1777919673997354240,1777919674207719680,1777919673997351168
0,0,846,GETRF(4),1777919674207723776,1777919674236840192,0
0,0,847,TRSM_R(5,4),1777919674236846336,1777919674283891968,0
0,0,849,TRSM_R(6,4),1777919674283902208,1777919674330942720,0
0,0,850,TRSM_L(4,6),1777919674330952960,1777919674373467392,0
0,0,851,TRSM_R(7,4),1777919674373469440,1777919674420672768,0
0,0,853,TRSM_R(8,4),1777919674420681984,1777919674467784960,0
0,0,854,TRSM_L(4,8),1777919674467795200,1777919674510201088,0
0,0,855,TRSM_R(9,4),1777919674510205184,1777919674557332736,0
0,0,857,TRSM_R(10,4),1777919674557342976,1777919674604435712,0
0,0,858,TRSM_L(4,10),1777919674604444928,1777919674646853888,0
0,0,859,TRSM_R(11,4),1777919674646856960,1777919674693953792,0
0,0,861,TRSM_R(12,4),1777919674693963008,1777919674741052672,0
0,0,862,TRSM_L(4,12),1777919674741063936,1777919674783471872,0
0,0,863,TRSM_R(13,4),1777919674783473920,1777919674830572800,0
0,0,865,TRSM_R(14,4),1777919674830580992,1777919674877675776,0
0,0,866,TRSM_L(4,14),1777919674877684992,1777919674920093952,0
0,0,867,TRSM_R(15,4),1777919674920096000,1777919674967193856,0
0,0,870,GEMM(5,6,4),1777919674967204096,1777919675046518016,0
0,0,872,GEMM(5,8,4),1777919675046521088,1777919675125824768,0
0,0,874,GEMM(5,10,4),1777919675125828864,1777919675205123328,0
0,0,876,GEMM(5,12,4),1777919675205126400,1777919675284423936,0
0,0,878,GEMM(5,14,4),1777919675284428032,1777919675363719424,0
0,0,881,GEMM(6,6,4),1777919675363721472,1777919675443024128,0
0,0,883,GEMM(6,8,4),1777919675443027200,1777919675522326784,0
0,0,885,GEMM(6,10,4),1777919675522330880,1777919675601636608,0
0,0,887,GEMM(6,12,4),1777919675601639680,1777919675680940288,0
0,0,889,GEMM(6,14,4),1777919675680944384,1777919675760247040,0
0,0,892,GEMM(7,6,4),1777919675760250112,1777919675839552768,0
0,0,894,GEMM(7,8,4),1777919675839556864,1777919675918858496,0
0,0,896,GEMM(7,10,4),1777919675918862592,1777919675998158080,0
0,0,898,GEMM(7,12,4),1777919675998161152,1777919676077453568,0
0,0,900,GEMM(7,14,4),1777919676077456640,1777919676156759296,0
0,0,903,GEMM(8,6,4),1777919676156762368,1777919676236051712,0
0,0,905,GEMM(8,8,4),1777919676236054784,1777919676315342080,0
0,0,907,GEMM(8,10,4),1777919676315345152,1777919676394636544,0
0,0,909,GEMM(8,12,4),1777919676394639616,1777919676473926912,0
0,0,911,GEMM(8,14,4),1777919676473929984,1777919676553220352,0
0,0,914,GEMM(9,6,4),1777919676553224448,1777919676632516864,0
0,0,916,GEMM(9,8,4),1777919676632519936,1777919676711820544,0
0,0,918,GEMM(9,10,4),1777919676711823616,1777919676791128320,0
0,0,920,GEMM(9,12,4),1777919676791131392,1777919676870432000,0
0,0,922,GEMM(9,14,4),1777919676870435072,1777919676949726464,0
0,0,925,GEMM(10,6,4),1777919676949729536,1777919677029031168,0
0,0,927,GEMM(10,8,4),1777919677029035264,1777919677108325632,0
0,0,929,GEMM(10,10,4),1777919677108328704,1777919677187621120,0
0,0,931,GEMM(10,12,4),1777919677187625216,1777919677266919680,0
0,0,933,GEMM(10,14,4),1777919677266923776,1777919677346230528,0
0,0,936,GEMM(11,6,4),1777919677346233600,1777919677425531136,0
0,0,938,GEMM(11,8,4),1777919677425534208,1777919677504831744,0
0,0,940,GEMM(11,10,4),1777919677504834816,1777919677584130304,0
0,0,942,GEMM(11,12,4),1777919677584133376,1777919677663438080,0
0,0,944,GEMM(11,14,4),1777919677663441152,1777919677742747904,0
0,0,947,GEMM(12,6,4),1777919677742752000,1777919677822046464,0
0,0,949,GEMM(12,8,4),1777919677822050560,1777919677901349120,0
0,0,951,GEMM(12,10,4),1777919677901353216,1777919677980649728,0
0,0,953,GEMM(12,12,4),1777919677980652800,1777919678059952384,0
0,0,955,GEMM(12,14,4),1777919678059955456,1777919678139245824,0
0,0,958,GEMM(13,6,4),1777919678139249920,1777919678218546432,0
0,0,960,GEMM(13,8,4),1777919678218550528,1777919678297850112,0
0,0,962,GEMM(13,10,4),1777919678297853184,1777919678377166080,0
0,0,964,GEMM(13,12,4),1777919678377169152,1777919678456472832,0
0,0,966,GEMM(13,14,4),1777919678456476928,1777919678535780608,0
0,0,969,GEMM(14,6,4),1777919678535784704,1777919678615085312,0
0,0,971,GEMM(14,8,4),1777919678615089408,1777919678694382848,0
0,0,973,GEMM(14,10,4),1777919678694386944,1777919678773689600,0
0,0,975,GEMM(14,12,4),1777919678773692672,1777919678852988160,0
0,0,977,GEMM(14,14,4),1777919678852991232,1777919678932275456,0
0,0,980,GEMM(15,6,4),1777919678932278528,1777919679011562752,0
0,0,982,GEMM(15,8,4),1777919679011565824,1777919679090857216,0
0,0,984,GEMM(15,10,4),1777919679090861312,1777919679170160896,0
0,0,986,GEMM(15,12,4),1777919679170163968,1777919679249467648,0
0,0,988,GEMM(15,14,4),1777919679249471744,1777919679328779520,0
0,0,992,TRSM_L(5,6),1777919688234665216,1777919688341944576,1777919679328781568
0,0,996,TRSM_L(5,8),1777919688341950720,1777919688449296640,1777919688341947648
0,0,1000,TRSM_L(5,10),1777919688449302784,1777919688556477696,1777919688449298688
0,0,1004,TRSM_L(5,12),1777919688556483840,1777919688663717120,1777919688556479744
0,0,1008,TRSM_L(5,14),1777919688663724288,1777919688770754816,1777919688663720192
0,0,1011,GEMM(6,6,5),1777919688770761984,1777919688966728960,1777919688770757888
0,0,1013,GEMM(6,8,5),1777919688966736128,1777919689162593536,1777919688966733056
0,0,1015,GEMM(6,10,5),1777919689162600704,1777919689358592256,1777919689162597632
0,0,1017,GEMM(6,12,5),1777919689358599424,1777919689554403584,1777919689358596352
0,0,1019,GEMM(6,14,5),1777919689554410752,1777919689750467840,1777919689554407680
0,0,1021,GEMM(7,6,5),1777919689750475008,1777919689960834304,1777919689750471936
0,0,1023,GEMM(7,8,5),1777919689960841472,1777919690171189504,1777919689960837376
0,0,1025,GEMM(7,10,5),1777919690171196672,1777919690381546752,1777919690171193600
0,0,1027,GEMM(7,12,5),1777919690381553920,1777919690592041216,1777919690381549824
0,0,1029,GEMM(7,14,5),1777919690592048384,1777919690802417920,1777919690592044288
0,0,1031,GEMM(8,6,5),1777919690802425088,1777919690993869056,1777919690802422016
0,0,1033,GEMM(8,8,5),1777919690993876224,1777919691185232128,1777919690993873152
0,0,1035,GEMM(8,10,5),1777919691185239296,1777919691376568576,1777919691185235200
0,0,1037,GEMM(8,12,5),1777919691376575744,1777919691567909120,1777919691376572672
0,0,1039,GEMM(8,14,5),1777919691567916288,1777919691759428864,1777919691567912192
0,0,1041,GEMM(9,6,5),1777919691759436032,1777919691969729792,1777919691759432960
0,0,1043,GEMM(9,8,5),1777919691969736960,1777919692180035840,1777919691969732864
0,0,1045,GEMM(9,10,5),1777919692180043008,1777919692390291712,1777919692180039936
0,0,1047,GEMM(9,12,5),1777919692390299904,1777919692600566016,1777919692390295808
0,0,1049,GEMM(9,14,5),1777919692600573184,1777919692810806528,1777919692600570112
0,0,1051,GEMM(10,6,5),1777919692810813696,1777919693006647552,1777919692810810624
0,0,1053,GEMM(10,8,5),1777919693006654720,1777919693202475264,1777919693006651648
0,0,1055,GEMM(10,10,5),1777919693202482432,1777919693398309120,1777919693202479360
0,0,1057,GEMM(10,12,5),1777919693398316288,1777919693594155264,1777919693398313216
0,0,1059,GEMM(10,14,5),1777919693594162432,1777919693789982976,1777919693594159360
0,0,1061,GEMM(11,6,5),1777919693789989120,1777919694000302336,1777919693789986048
0,0,1063,GEMM(11,8,5),1777919694000309504,1777919694210657536,1777919694000306432
0,0,1065,GEMM(11,10,5),1777919694210664704,1777919694420978944,1777919694210661632
0,0,1067,GEMM(11,12,5),1777919694420986112,1777919694631344384,1777919694420983040
0,0,1069,GEMM(11,14,5),1777919694631350528,1777919694841527552,1777919694631347456
0,0,1071,GEMM(12,6,5),1777919694841534720,1777919695032908032,1777919694841531648
0,0,1073,GEMM(12,8,5),1777919695032915200,1777919695224298752,1777919695032912128
0,0,1075,GEMM(12,10,5),1777919695224305920,1777919695415621888,1777919695224302848
0,0,1077,GEMM(12,12,5),1777919695415629056,1777919695606920448,1777919695415624960
0,0,1079,GEMM(12,14,5),1777919695606927616,1777919695798308096,1777919695606924544
0,0,1081,GEMM(13,6,5),1777919695798314240,1777919696008749312,1777919695798311168
0,0,1083,GEMM(13,8,5),1777919696008756480,1777919696219065600,1777919696008753408
0,0,1085,GEMM(13,10,5),1777919696219072768,1777919696429441280,1777919696219069696
0,0,1087,GEMM(13,12,5),1777919696429448448,1777919696639781120,1777919696429444352
0,0,1089,GEMM(13,14,5),1777919696639788288,1777919696850325760,1777919696639784192
0,0,1091,GEMM(14,6,5),1777919696850332928,1777919697046144256,1777919696850329856
0,0,1093,GEMM(14,8,5),1777919697046151424,1777919697242079488,1777919697046148352
0,0,1095,GEMM(14,10,5),1777919697242086656,1777919697437919488,1777919697242083584
0,0,1097,GEMM(14,12,5),1777919697437926656,1777919697633773824,1777919697437922560
0,0,1099,GEMM(14,14,5),1777919697633780992,1777919697829541120,1777919697633777920
0,0,1101,GEMM(15,6,5),1777919697829548288,1777919698039879936,1777919697829545216
0,0,1103,GEMM(15,8,5),1777919698039887104,1777919698250241280,1777919698039883008
0,0,1105,GEMM(15,10,5),1777919698250248448,1777919698460603648,1777919698250245376
0,0,1107,GEMM(15,12,5),1777919698460610816,1777919698671030528,1777919698460607744
0,0,1109,GEMM(15,14,5),1777919698671037696,1777919698881342720,1777919698671033600
0,0,1111,GETRF(6),1777919698881345792,1777919698910481664,0
0,0,1112,TRSM_R(7,6),1777919698910486784,1777919698957709568,0
0,0,1114,TRSM_R(8,6),1777919698957718784,1777919699004962048,0
0,0,1115,TRSM_L(6,8),1777919699004970240,1777919699047468288,0
0,0,1116,TRSM_R(9,6),1777919699047471360,1777919699094616320,0
0,0,1118,TRSM_R(10,6),1777919699094624512,1777919699141728512,0
0,0,1119,TRSM_L(6,10),1777919699141737728,1777919699184154880,0
0,0,1120,TRSM_R(11,6),1777919699184157952,1777919699231301888,0
0,0,1122,TRSM_R(12,6),1777919699231311104,1777919699278428416,0
0,0,1123,TRSM_L(6,12),1777919699278436608,1777919699320851712,0
0,0,1124,TRSM_R(13,6),1777919699320853760,1777919699368001792,0
0,0,1126,TRSM_R(14,6),1777919699368009984,1777919699415152896,0
0,0,1127,TRSM_L(6,14),1777919699415161088,1777919699457620224,0
0,0,1128,TRSM_R(15,6),1777919699457621248,1777919699504766208,0
0,0,1131,GEMM(7,8,6),1777919699504776448,1777919699584077056,0
0,0,1133,GEMM(7,10,6),1777919699584080128,1777919699663384832,0
0,0,1135,GEMM(7,12,6),1777919699663387904,1777919699742694656,0
0,0,1137,GEMM(7,14,6),1777919699742698752,1777919699822008576,0
0,0,1140,GEMM(8,8,6),1777919699822011648,1777919699901323520,0
0,0,1142,GEMM(8,10,6),1777919699901326592,1777919699980631296,0
0,0,1144,GEMM(8,12,6),1777919699980635392,1777919700059930880,0
0,0,1146,GEMM(8,14,6),1777919700059933952,1777919700139233536,0
0,0,1149,GEMM(9,8,6),1777919700139236608,1777919700218543360,0
0,0,1151,GEMM(9,10,6),1777919700218546432,1777919700297855232,0
0,0,1153,GEMM(9,12,6),1777919700297859328,1777919700377155840,0
0,0,1155,GEMM(9,14,6),1777919700377159936,1777919700456464640,0
0,0,1158,GEMM(10,8,6),1777919700456467712,1777919700535783680,0
0,0,1160,GEMM(10,10,6),1777919700535786752,1777919700615093504,0
0,0,1162,GEMM(10,12,6),1777919700615097600,1777919700694408448,0
0,0,1164,GEMM(10,14,6),1777919700694411520,1777919700773718272,0
0,0,1167,GEMM(11,8,6),1777919700773722368,1777919700853020928,0
0,0,1169,GEMM(11,10,6),1777919700853025024,1777919700932318464,0
0,0,1171,GEMM(11,12,6),1777919700932322560,1777919701011617024,0
0,0,1173,GEMM(11,14,6),1777919701011620096,1777919701090919680,0
0,0,1176,GEMM(12,8,6),1777919701090922752,1777919701170219264,0
0,0,1178,GEMM(12,10,6),1777919701170223360,1777919701249534208,0
0,0,1180,GEMM(12,12,6),1777919701249538304,1777919701328836864,0
0,0,1182,GEMM(12,14,6),1777919701328840960,1777919701408140544,0
0,0,1185,GEMM(13,8,6),1777919701408144640,1777919701487450368,0
0,0,1187,GEMM(13,10,6),1777919701487454464,1777919701566748928,0
0,0,1189,GEMM(13,12,6),1777919701566753024,1777919701646059776,0
0,0,1191,GEMM(13,14,6),1777919701646063872,1777919701725365504,0
0,0,1194,GEMM(14,8,6),1777919701725368576,1777919701804669184,0
0,0,1196,GEMM(14,10,6),1777919701804673280,1777919701883979008,0
0,0,1198,GEMM(14,12,6),1777919701883983104,1777919701963285760,0
0,0,1200,GEMM(14,14,6),1777919701963289856,1777919702042591488,0
0,0,1203,GEMM(15,8,6),1777919702042595584,1777919702121902336,0
0,0,1205,GEMM(15,10,6),1777919702121905408,1777919702201200896,0
0,0,1207,GEMM(15,12,6),1777919702201204992,1777919702280507648,0
0,0,1209,GEMM(15,14,6),1777919702280510720,1777919702359802112,0
0,0,1213,TRSM_L(7,8),1777919708569355520,1777919708676579584,1777919702359803136
0,0,1217,TRSM_L(7,10),1777919708676585728,1777919708783591680,1777919708676582656
0,0,1221,TRSM_L(7,12),1777919708783598848,1777919708890690816,1777919708783594752
0,0,1225,TRSM_L(7,14),1777919708890696960,1777919708997637376,1777919708890693888
0,0,1228,GEMM(8,8,7),1777919708997644544,1777919709189009664,1777919708997640448
0,0,1230,GEMM(8,10,7),1777919709189017856,1777919709380306176,1777919709189013760
0,0,1232,GEMM(8,12,7),1777919709380313344,1777919709571612928,1777919709380309248
0,0,1234,GEMM(8,14,7),1777919709571620096,1777919709762969856,1777919709571617024
0,0,1236,GEMM(9,8,7),1777919709762977024,1777919709973192960,1777919709762972928
0,0,1238,GEMM(9,10,7),1777919709973200128,1777919710183352576,1777919709973196032
0,0,1240,GEMM(9,12,7),1777919710183359744,1777919710393545984,1777919710183355648
0,0,1242,GEMM(9,14,7),1777919710393553152,1777919710603727104,1777919710393550080
0,0,1244,GEMM(10,8,7),1777919710603733248,1777919710799453440,1777919710603730176
0,0,1246,GEMM(10,10,7),1777919710799461632,1777919710995149056,1777919710799457536
0,0,1248,GEMM(10,12,7),1777919710995155200,1777919711190877440,1777919710995152128
0,0,1250,GEMM(10,14,7),1777919711190884608,1777919711386556672,1777919711190881536
0,0,1252,GEMM(11,8,7),1777919711386562816,1777919711596812544,1777919711386559744
0,0,1254,GEMM(11,10,7),1777919711596819712,1777919711806930176,1777919711596816640
0,0,1256,GEMM(11,12,7),1777919711806937344,1777919712017110272,1777919711806934272
0,0,1258,GEMM(11,14,7),1777919712017117440,1777919712227214592,1777919712017113344
0,0,1260,GEMM(12,8,7),1777919712227221760,1777919712418538752,1777919712227217664
0,0,1262,GEMM(12,10,7),1777919712418545920,1777919712609850624,1777919712418542848
0,0,1264,GEMM(12,12,7),1777919712609857792,1777919712801200384,1777919712609853696
0,0,1266,GEMM(12,14,7),1777919712801207552,1777919712992480512,1777919712801204480
0,0,1268,GEMM(13,8,7),1777919712992487680,1777919713202727168,1777919712992483584
0,0,1270,GEMM(13,10,7),1777919713202734336,1777919713413192960,1777919713202731264
0,0,1272,GEMM(13,12,7),1777919713413200128,1777919713623396608,1777919713413196032
0,0,1274,GEMM(13,14,7),1777919713623403776,1777919713833682176,1777919713623399680
0,0,1276,GEMM(14,8,7),1777919713833689344,1777919714029480192,1777919713833686272
0,0,1278,GEMM(14,10,7),1777919714029487360,1777919714225308928,1777919714029483264
0,0,1280,GEMM(14,12,7),1777919714225316096,1777919714421175552,1777919714225312000
0,0,1282,GEMM(14,14,7),1777919714421182720,1777919714616880384,1777919714421178624
0,0,1284,GEMM(15,8,7),1777919714616887552,1777919714827174144,1777919714616884480
0,0,1286,GEMM(15,10,7),1777919714827181312,1777919715037488384,1777919714827178240
0,0,1288,GEMM(15,12,7),1777919715037495552,1777919715247837440,1777919715037492480
0,0,1290,GEMM(15,14,7),1777919715247844608,1777919715458113792,1777919715247840512
0,0,1292,GETRF(8),1777919715458117888,1777919715487235328,0
0,0,1293,TRSM_R(9,8),1777919715487241472,1777919715534377216,0
0,0,1295,TRSM_R(10,8),1777919715534388480,1777919715581593856,0
0,0,1296,TRSM_L(8,10),1777919715581604096,1777919715624129792,0
0,0,1297,TRSM_R(11,8),1777919715624130816,1777919715671267584,0
0,0,1299,TRSM_R(12,8),1777919715671278848,1777919715718353152,0
0,0,1300,TRSM_L(8,12),1777919715718362368,1777919715760765184,0
0,0,1301,TRSM_R(13,8),1777919715760766208,1777919715807867136,0
0,0,1303,TRSM_R(14,8),1777919715807877376,1777919715854999808,0
0,0,1304,TRSM_L(8,14),1777919715855010048,1777919715897422080,0
0,0,1305,TRSM_R(15,8),1777919715897426176,1777919715944529152,0
0,0,1308,GEMM(9,10,8),1777919715944538368,1777919716023853312,0
0,0,1310,GEMM(9,12,8),1777919716023856384,1777919716103168256,0
0,0,1312,GEMM(9,14,8),1777919716103171328,1777919716182471936,0
0,0,1315,GEMM(10,10,8),1777919716182476032,1777919716261780736,0
0,0,1317,GEMM(10,12,8),1777919716261783808,1777919716341079296,0
0,0,1319,GEMM(10,14,8),1777919716341082368,1777919716420384000,0
0,0,1322,GEMM(11,10,8),1777919716420387072,1777919716499698944,0
0,0,1324,GEMM(11,12,8),1777919716499703040,1777919716579011840,0
0,0,1326,GEMM(11,14,8),1777919716579015936,1777919716658318592,0
0,0,1329,GEMM(12,10,8),1777919716658322688,1777919716737615104,0
0,0,1331,GEMM(12,12,8),1777919716737618176,1777919716816920832,0
0,0,1333,GEMM(12,14,8),1777919716816924928,1777919716896225536,0
0,0,1336,GEMM(13,10,8),1777919716896228608,1777919716975524096,0
0,0,1338,GEMM(13,12,8),1777919716975528192,1777919717054838016,0
0,0,1340,GEMM(13,14,8),1777919717054841088,1777919717134143744,0
0,0,1343,GEMM(14,10,8),1777919717134146816,1777919717213450496,0
0,0,1345,GEMM(14,12,8),1777919717213453568,1777919717292761344,0
0,0,1347,GEMM(14,14,8),1777919717292765440,1777919717372067072,0
0,0,1350,GEMM(15,10,8),1777919717372070144,1777919717451370752,0
0,0,1352,GEMM(15,12,8),1777919717451373824,1777919717530669312,0
0,0,1354,GEMM(15,14,8),1777919717530672384,1777919717609977088,0
0,0,1358,TRSM_L(9,10),1777919721599356160,1777919721706538240,1777919717609978112
0,0,1362,TRSM_L(9,12),1777919721706544384,1777919721813570816,1777919721706540288
0,0,1366,TRSM_L(9,14),1777919721813576960,1777919721920710912,1777919721813573888
0,0,1369,GEMM(10,10,9),1777919721920718080,1777919722116643072,1777919721920715008
0,0,1371,GEMM(10,12,9),1777919722116650240,1777919722312523008,1777919722116647168
0,0,1373,GEMM(10,14,9),1777919722312529152,1777919722508337408,1777919722312526080
0,0,1375,GEMM(11,10,9),1777919722508344576,1777919722718638336,1777919722508341504
0,0,1377,GEMM(11,12,9),1777919722718645504,1777919722928878848,1777919722718642432
0,0,1379,GEMM(11,14,9),1777919722928886016,1777919723139194112,1777919722928882944
0,0,1381,GEMM(12,10,9),1777919723139201280,1777919723330559232,1777919723139198208
0,0,1383,GEMM(12,12,9),1777919723330566400,1777919723521949952,1777919723330563328
0,0,1385,GEMM(12,14,9),1777919723521957120,1777919723713258752,1777919723521954048
0,0,1387,GEMM(13,10,9),1777919723713265920,1777919723923754240,1777919723713261824
0,0,1389,GEMM(13,12,9),1777919723923761408,1777919724134199552,1777919723923758336
0,0,1391,GEMM(13,14,9),1777919724134207744,1777919724344699136,1777919724134203648
0,0,1393,GEMM(14,10,9),1777919724344706304,1777919724540655872,1777919724344703232
0,0,1395,GEMM(14,12,9),1777919724540663040,1777919724736483584,1777919724540659968
0,0,1397,GEMM(14,14,9),1777919724736490752,1777919724932349184,1777919724736486656
0,0,1399,GEMM(15,10,9),1777919724932356352,1777919725142852864,1777919724932353280
0,0,1401,GEMM(15,12,9),1777919725142860032,1777919725353322752,1777919725142855936
0,0,1403,GEMM(15,14,9),1777919725353329920,1777919725563693312,1777919725353325824
0,0,1405,GETRF(10),1777919725563697408,1777919725592816896,0
0,0,1406,TRSM_R(11,10),1777919725592823040,1777919725640003840,0
0,0,1408,TRSM_R(12,10),1777919725640012032,1777919725687244032,0
0,0,1409,TRSM_L(10,12),1777919725687252224,1777919725729730816,0
0,0,1410,TRSM_R(13,10),1777919725729732864,1777919725776876800,0
0,0,1412,TRSM_R(14,10),1777919725776883968,1777919725824023808,0
0,0,1413,TRSM_L(10,14),1777919725824032000,1777919725866450176,0
0,0,1414,TRSM_R(15,10),1777919725866452224,1777919725913595136,0
0,0,1417,GEMM(11,12,10),1777919725913605376,1777919725992900864,0
0,0,1419,GEMM(11,14,10),1777919725992903936,1777919726072206592,0
0,0,1422,GEMM(12,12,10),1777919726072209664,1777919726151511296,0
0,0,1424,GEMM(12,14,10),1777919726151515392,1777919726230814976,0
0,0,1427,GEMM(13,12,10),1777919726230818048,1777919726310123776,0
0,0,1429,GEMM(13,14,10),1777919726310127872,1777919726389441792,0
0,0,1432,GEMM(14,12,10),1777919726389445888,1777919726468743424,0
0,0,1434,GEMM(14,14,10),1777919726468747520,1777919726548041984,0
0,0,1437,GEMM(15,12,10),1777919726548046080,1777919726627331328,0
0,0,1439,GEMM(15,14,10),1777919726627335424,1777919726706626816,0
0,0,1443,TRSM_L(11,12),1777919728976276736,1777919729083237632,1777919726706628864
0,0,1447,TRSM_L(11,14),1777919729083244800,1777919729190404352,1777919729083240704
0,0,1450,GEMM(12,12,11),1777919729190411520,1777919729381702912,1777919729190407424
0,0,1452,GEMM(12,14,11),1777919729381710080,1777919729573100800,1777919729381707008
0,0,1454,GEMM(13,12,11),1777919729573107968,1777919729783235840,1777919729573104896
0,0,1456,GEMM(13,14,11),1777919729783241984,1777919729993482496,1777919729783238912
0,0,1458,GEMM(14,12,11),1777919729993489664,1777919730189224192,1777919729993486592
0,0,1460,GEMM(14,14,11),1777919730189231360,1777919730384869632,1777919730189228288
0,0,1462,GEMM(15,12,11),1777919730384876800,1777919730595092736,1777919730384872704
0,0,1464,GEMM(15,14,11),1777919730595099904,1777919730805362944,1777919730595095808
0,0,1466,GETRF(12),1777919730805367040,1777919730834485504,0
0,0,1467,TRSM_R(13,12),1777919730834490624,1777919730881531136,0
0,0,1469,TRSM_R(14,12),1777919730881542400,1777919730928681216,0
0,0,1470,TRSM_L(12,14),1777919730928691456,1777919730971202816,0
0,0,1471,TRSM_R(15,12),1777919730971203840,1777919731018436864,0
0,0,1474,GEMM(13,14,12),1777919731018447104,1777919731097763072,0
0,0,1477,GEMM(14,14,12),1777919731097767168,1777919731177065728,0
0,0,1480,GEMM(15,14,12),1777919731177068800,1777919731256373504,0
0,0,1484,TRSM_L(13,14),1777919732289948928,1777919732396953856,1777919731256375552
0,0,1487,GEMM(14,14,13),1777919732396961024,1777919732592878848,1777919732396956928
0,0,1489,GEMM(15,14,13),1777919732592886016,1777919732803302656,1777919732592882944
0,0,1491,GETRF(14),1777919732803306752,1777919732832440576,0
0,0,1492,TRSM_R(15,14),1777919732832446720,1777919732879538432,0
0,1,0,GETRF(0),1777919735246812928,1777919735275974400,0
0,1,1,TRSM_R(1,0),1777919735275980544,1777919735323074304,0
0,1,3,TRSM_R(2,0),1777919735323082496,1777919735370208000,0
0,1,4,TRSM_L(0,2),1777919735370218240,1777919735412622080,0
0,1,5,TRSM_R(3,0),1777919735412624128,1777919735459734272,0
0,1,7,TRSM_R(4,0),1777919735459744512,1777919735506819840,0
0,1,8,TRSM_L(0,4),1777919735506830080,1777919735549238016,0
0,1,9,TRSM_R(5,0),1777919735549240064,1777919735596335872,0
0,1,11,TRSM_R(6,0),1777919735596344064,1777919735643432704,0
0,1,12,TRSM_L(0,6),1777919735643442944,1777919735685848832,0
0,1,13,TRSM_R(7,0),1777919735685850880,1777919735732964096,0
0,1,15,TRSM_R(8,0),1777919735732973312,1777919735780039424,0
0,1,16,TRSM_L(0,8),1777919735780049664,1777919735822452480,0
0,1,17,TRSM_R(9,0),1777919735822454528,1777919735869564672,0
0,1,19,TRSM_R(10,0),1777919735869573888,1777919735916705536,0
0,1,20,TRSM_L(0,10),1777919735916715776,1777919735959117568,0
0,1,21,TRSM_R(11,0),1777919735959118592,1777919736006210304,0
0,1,23,TRSM_R(12,0),1777919736006219520,1777919736053287680,0
0,1,24,TRSM_L(0,12),1777919736053296896,1777919736095705856,0
0,1,25,TRSM_R(13,0),1777919736095707904,1777919736142837504,0
0,1,27,TRSM_R(14,0),1777919736142845696,1777919736189940480,0
0,1,28,TRSM_L(0,14),1777919736189949696,1777919736232356608,0
0,1,29,TRSM_R(15,0),1777919736232358656,1777919736279456512,0
0,1,32,GEMM(1,2,0),1777919736279470848,1777919736358760192,0
0,1,34,GEMM(1,4,0),1777919736358764288,1777919736438052608,0
0,1,36,GEMM(1,6,0),1777919736438055680,1777919736517356288,0
0,1,38,GEMM(1,8,0),1777919736517360384,1777919736596651776,0
0,1,40,GEMM(1,10,0),1777919736596654848,1777919736675945216,0
0,1,42,GEMM(1,12,0),1777919736675949312,1777919736755241728,0
0,1,44,GEMM(1,14,0),1777919736755244800,1777919736834535168,0
0,1,47,GEMM(2,2,0),1777919736834539264,1777919736913832704,0
0,1,49,GEMM(2,4,0),1777919736913836800,1777919736993130240,0
0,1,51,GEMM(2,6,0),1777919736993134336,1777919737072426752,0
0,1,53,GEMM(2,8,0),1777919737072429824,1777919737151729408,0
0,1,55,GEMM(2,10,0),1777919737151732480,1777919737231032064,0
0,1,57,GEMM(2,12,0),1777919737231035136,1777919737310332672,0
0,1,59,GEMM(2,14,0),1777919737310334720,1777919737389635328,0
0,1,62,GEMM(3,2,0),1777919737389639424,1777919737468940032,0
0,1,64,GEMM(3,4,0),1777919737468944128,1777919737548239616,0
0,1,66,GEMM(3,6,0),1777919737548242688,1777919737627540224,0
0,1,68,GEMM(3,8,0),1777919737627544320,1777919737706837760,0
0,1,70,GEMM(3,10,0),1777919737706841856,1777919737786143488,0
0,1,72,GEMM(3,12,0),1777919737786146560,1777919737865442048,0
0,1,74,GEMM(3,14,0),1777919737865445120,1777919737944739584,0
0,1,77,GEMM(4,2,0),1777919737944742656,1777919738024045312,0
0,1,79,GEMM(4,4,0),1777919738024049408,1777919738103348992,0
0,1,81,GEMM(4,6,0),1777919738103352064,1777919738182650624,0
0,1,83,GEMM(4,8,0),1777919738182653696,1777919738261948160,0
0,1,85,GEMM(4,10,0),1777919738261951232,1777919738341244672,0
0,1,87,GEMM(4,12,0),1777919738341247744,1777919738420537088,0
0,1,89,GEMM(4,14,0),1777919738420540160,1777919738499829504,0
0,1,92,GEMM(5,2,0),1777919738499832576,1777919738579124992,0
0,1,94,GEMM(5,4,0),1777919738579129088,1777919738658433792,0
0,1,96,GEMM(5,6,0),1777919738658436864,1777919738737736448,0
0,1,98,GEMM(5,8,0),1777919738737740544,1777919738817036032,0
0,1,100,GEMM(5,10,0),1777919738817039104,1777919738896339712,0
0,1,102,GEMM(5,12,0),1777919738896342784,1777919738975628032,0
0,1,104,GEMM(5,14,0),1777919738975632128,1777919739054919424,0
0,1,107,GEMM(6,2,0),1777919739054922496,1777919739134215936,0
0,1,109,GEMM(6,4,0),1777919739134219008,1777919739213509376,0
0,1,111,GEMM(6,6,0),1777919739213512448,1777919739292801792,0
0,1,113,GEMM(6,8,0),1777919739292804864,1777919739372101376,0
0,1,115,GEMM(6,10,0),1777919739372104448,1777919739451395840,0
0,1,117,GEMM(6,12,0),1777919739451399936,1777919739530694400,0
0,1,119,GEMM(6,14,0),1777919739530697472,1777919739610004224,0
0,1,122,GEMM(7,2,0),1777919739610008320,1777919739689299712,0
0,1,124,GEMM(7,4,0),1777919739689303808,1777919739768598272,0
0,1,126,GEMM(7,6,0),1777919739768601344,1777919739847895808,0
0,1,128,GEMM(7,8,0),1777919739847898880,1777919739927196416,0
0,1,130,GEMM(7,10,0),1777919739927200512,1777919740006503168,0
0,1,132,GEMM(7,12,0),1777919740006506240,1777919740085814016,0
0,1,134,GEMM(7,14,0),1777919740085817088,1777919740165118720,0
0,1,137,GEMM(8,2,0),1777919740165121792,1777919740244421376,0
0,1,139,GEMM(8,4,0),1777919740244425472,1777919740323719936,0
0,1,141,GEMM(8,6,0),1777919740323723008,1777919740403024640,0
0,1,143,GEMM(8,8,0),1777919740403028736,1777919740482319104,0
0,1,145,GEMM(8,10,0),1777919740482322176,1777919740561611520,0
0,1,147,GEMM(8,12,0),1777919740561614592,1777919740640904960,0
0,1,149,GEMM(8,14,0),1777919740640908032,1777919740720202496,0
0,1,152,GEMM(9,2,0),1777919740720206592,1777919740799511296,0
0,1,154,GEMM(9,4,0),1777919740799514368,1777919740878814976,0
0,1,156,GEMM(9,6,0),1777919740878819072,1777919740958120704,0
0,1,158,GEMM(9,8,0),1777919740958123776,1777919741037421312,0
0,1,160,GEMM(9,10,0),1777919741037424384,1777919741116728064,0
0,1,162,GEMM(9,12,0),1777919741116732160,1777919741196023552,0
0,1,164,GEMM(9,14,0),1777919741196026624,1777919741275324160,0
0,1,167,GEMM(10,2,0),1777919741275328256,1777919741354630912,0
0,1,169,GEMM(10,4,0),1777919741354635008,1777919741433935616,0
0,1,171,GEMM(10,6,0),1777919741433939712,1777919741513234176,0
0,1,173,GEMM(10,8,0),1777919741513238272,1777919741592540928,0
0,1,175,GEMM(10,10,0),1777919741592544000,1777919741671833344,0
0,1,177,GEMM(10,12,0),1777919741671837440,1777919741751126784,0
0,1,179,GEMM(10,14,0),1777919741751130880,1777919741830426368,0
0,1,182,GEMM(11,2,0),1777919741830430464,1777919741909720832,0
0,1,184,GEMM(11,4,0),1777919741909724928,1777919741989022464,0
0,1,186,GEMM(11,6,0),1777919741989026560,1777919742068318976,0
0,1,188,GEMM(11,8,0),1777919742068323072,1777919742147611392,0
0,1,190,GEMM(11,10,0),1777919742147614464,1777919742226906880,0
0,1,192,GEMM(11,12,0),1777919742226910976,1777919742306205440,0
0,1,194,GEMM(11,14,0),1777919742306209536,1777919742385495808,0
0,1,197,GEMM(12,2,0),1777919742385499904,1777919742464785152,0
0,1,199,GEMM(12,4,0),1777919742464789248,1777919742544073472,0
0,1,201,GEMM(12,6,0),1777919742544076544,1777919742623374080,0
0,1,203,GEMM(12,8,0),1777919742623378176,1777919742702669568,0
0,1,205,GEMM(12,10,0),1777919742702672640,1777919742781968128,0
0,1,207,GEMM(12,12,0),1777919742781972224,1777919742861273856,0
0,1,209,GEMM(12,14,0),1777919742861276928,1777919742940563200,0
0,1,212,GEMM(13,2,0),1777919742940566272,1777919743019854592,0
0,1,214,GEMM(13,4,0),1777919743019858688,1777919743099152128,0
0,1,216,GEMM(13,6,0),1777919743099155200,1777919743178447616,0
0,1,218,GEMM(13,8,0),1777919743178450688,1777919743257744128,0
0,1,220,GEMM(13,10,0),1777919743257748224,1777919743337041664,0
0,1,222,GEMM(13,12,0),1777919743337044736,1777919743416346368,0
0,1,224,GEMM(13,14,0),1777919743416350464,1777919743495653120,0
0,1,227,GEMM(14,2,0),1777919743495656192,1777919743574959872,0
0,1,229,GEMM(14,4,0),1777919743574963968,1777919743654267648,0
0,1,231,GEMM(14,6,0),1777919743654271744,1777919743733578496,0
0,1,233,GEMM(14,8,0),1777919743733581568,1777919743812881152,0
0,1,235,GEMM(14,10,0),1777919743812884224,1777919743892183808,0
0,1,237,GEMM(14,12,0),1777919743892187904,1777919743971486464,0
0,1,239,GEMM(14,14,0),1777919743971489536,1777919744050796288,0
0,1,242,GEMM(15,2,0),1777919744050799360,1777919744130100992,0
0,1,244,GEMM(15,4,0),1777919744130105088,1777919744209403648,0
0,1,246,GEMM(15,6,0),1777919744209406720,1777919744288712448,0
0,1,248,GEMM(15,8,0),1777919744288715520,1777919744368016128,0
0,1,250,GEMM(15,10,0),1777919744368020224,1777919744447323904,0
0,1,252,GEMM(15,12,0),1777919744447326976,1777919744526621440,0
0,1,254,GEMM(15,14,0),1777919744526624512,1777919744605928192,0
0,1,258,TRSM_L(1,2),1777919760392236800,1777919760499454720,1777919744605930240
0,1,262,TRSM_L(1,4),1777919760499460864,1777919760606378752,1777919760499456768
0,1,266,TRSM_L(1,6),1777919760606384896,1777919760713345792,1777919760606380800
0,1,270,TRSM_L(1,8),1777919760713352960,1777919760820359936,1777919760713348864
0,1,274,TRSM_L(1,10),1777919760820367104,1777919760927177472,1777919760820363008
0,1,278,TRSM_L(1,12),1777919760927184640,1777919761034392320,1777919760927180544
0,1,282,TRSM_L(1,14),1777919761034399488,1777919761141418752,1777919761034395392
0,1,285,GEMM(2,2,1),1777919761141424896,1777919761337324288,1777919761141421824
0,1,287,GEMM(2,4,1),1777919761337331456,1777919761533156096,1777919761337327360
0,1,289,GEMM(2,6,1),1777919761533163264,1777919761728970496,1777919761533159168
0,1,291,GEMM(2,8,1),1777919761728977664,1777919761924948736,1777919761728973568
0,1,293,GEMM(2,10,1),1777919761924955904,1777919762120771328,1777919761924952832
0,1,295,GEMM(2,12,1),1777919762120778496,1777919762316649216,1777919762120775424
0,1,297,GEMM(2,14,1),1777919762316656384,1777919762512512768,1777919762316653312
0,1,299,GEMM(3,2,1),1777919762512519936,1777919762722844416,1777919762512516864
0,1,301,GEMM(3,4,1),1777919762722851584,1777919762933164800,1777919762722848512
0,1,303,GEMM(3,6,1),1777919762933170944,1777919763143579392,1777919762933167872
0,1,305,GEMM(3,8,1),1777919763143586560,1777919763353976576,1777919763143583488
0,1,307,GEMM(3,10,1),1777919763353983744,1777919763564311296,1777919763353980672
0,1,309,GEMM(3,12,1),1777919763564318464,1777919763774711552,1777919763564314368
0,1,311,GEMM(3,14,1),1777919763774718720,1777919763985056512,1777919763774715648
0,1,313,GEMM(4,2,1),1777919763985063680,1777919764176456448,1777919763985059584
0,1,315,GEMM(4,4,1),1777919764176463616,1777919764367825664,1777919764176459520
0,1,317,GEMM(4,6,1),1777919764367832832,1777919764559101696,1777919764367828736
0,1,319,GEMM(4,8,1),1777919764559108864,1777919764750430976,1777919764559105792
0,1,321,GEMM(4,10,1),1777919764750438144,1777919764941775616,1777919764750434048
0,1,323,GEMM(4,12,1),1777919764941782784,1777919765133130496,1777919764941778688
0,1,325,GEMM(4,14,1),1777919765133137664,1777919765324529408,1777919765133134592
0,1,327,GEMM(5,2,1),1777919765324536576,1777919765534885632,1777919765324533504
0,1,329,GEMM(5,4,1),1777919765534892800,1777919765745306368,1777919765534888704
0,1,331,GEMM(5,6,1),1777919765745313536,1777919765955812096,1777919765745309440
0,1,333,GEMM(5,8,1),1777919765955819264,1777919766166251264,1777919765955815168
0,1,335,GEMM(5,10,1),1777919766166258432,1777919766376712960,1777919766166254336
0,1,337,GEMM(5,12,1),1777919766376721152,1777919766587074304,1777919766376717056
0,1,339,GEMM(5,14,1),1777919766587081472,1777919766797573888,1777919766587078400
0,1,341,GEMM(6,2,1),1777919766797581056,1777919766993432320,1777919766797577984
0,1,343,GEMM(6,4,1),1777919766993439488,1777919767189353216,1777919766993436416
0,1,345,GEMM(6,6,1),1777919767189360384,1777919767385302784,1777919767189357312
0,1,347,GEMM(6,8,1),1777919767385309952,1777919767581083392,1777919767385306880
0,1,349,GEMM(6,10,1),1777919767581090560,1777919767777046272,1777919767581087488
0,1,351,GEMM(6,12,1),1777919767777053440,1777919767972985600,1777919767777050368
0,1,353,GEMM(6,14,1),1777919767972992768,1777919768168903424,1777919767972989696
0,1,355,GEMM(7,2,1),1777919768168910592,1777919768379386624,1777919768168906496
0,1,357,GEMM(7,4,1),1777919768379393792,1777919768589838080,1777919768379389696
0,1,359,GEMM(7,6,1),1777919768589845248,1777919768800308992,1777919768589842176
0,1,361,GEMM(7,8,1),1777919768800316160,1777919769010719488,1777919768800313088
0,1,363,GEMM(7,10,1),1777919769010726656,1777919769221163776,1777919769010723584
0,1,365,GEMM(7,12,1),1777919769221170944,1777919769431594752,1777919769221166848
0,1,367,GEMM(7,14,1),1777919769431601920,1777919769641957120,1777919769431598848
0,1,369,GEMM(8,2,1),1777919769641964288,1777919769833375488,1777919769641960192
0,1,371,GEMM(8,4,1),1777919769833382656,1777919770024715008,1777919769833378560
0,1,373,GEMM(8,6,1),1777919770024722176,1777919770216096512,1777919770024719104
0,1,375,GEMM(8,8,1),1777919770216103680,1777919770407467776,1777919770216100608
0,1,377,GEMM(8,10,1),1777919770407474944,1777919770598716160,1777919770407471872
0,1,379,GEMM(8,12,1),1777919770598723328,1777919770790108928,1777919770598719232
0,1,381,GEMM(8,14,1),1777919770790116096,1777919770981497600,1777919770790113024
0,1,383,GEMM(9,2,1),1777919770981504768,1777919771191827200,1777919770981500672
0,1,385,GEMM(9,4,1),1777919771191834368,1777919771402225408,1777919771191831296
0,1,387,GEMM(9,6,1),1777919771402231552,1777919771612652288,1777919771402228480
0,1,389,GEMM(9,8,1),1777919771612659456,1777919771823149824,1777919771612656384
0,1,391,GEMM(9,10,1),1777919771823156992,1777919772033473280,1777919771823153920
0,1,393,GEMM(9,12,1),1777919772033480448,1777919772243733248,1777919772033477376
0,1,395,GEMM(9,14,1),1777919772243740416,1777919772454008576,1777919772243736320
0,1,397,GEMM(10,2,1),1777919772454015744,1777919772649929472,1777919772454012672
0,1,399,GEMM(10,4,1),1777919772649936640,1777919772845833984,1777919772649933568
0,1,401,GEMM(10,6,1),1777919772845841152,1777919773041665792,1777919772845837056
0,1,403,GEMM(10,8,1),1777919773041673984,1777919773237505792,1777919773041669888
0,1,405,GEMM(10,10,1),1777919773237512960,1777919773433337600,1777919773237509888
0,1,407,GEMM(10,12,1),1777919773433344768,1777919773629081344,1777919773433341696
0,1,409,GEMM(10,14,1),1777919773629088512,1777919773824883456,1777919773629085440
0,1,411,GEMM(11,2,1),1777919773824890624,1777919774035314432,1777919773824887552
0,1,413,GEMM(11,4,1),1777919774035322624,1777919774245632768,1777919774035318528
0,1,415,GEMM(11,6,1),1777919774245640960,1777919774455944960,1777919774245636864
0,1,417,GEMM(11,8,1),1777919774455952128,1777919774666212096,1777919774455948032
0,1,419,GEMM(11,10,1),1777919774666219264,1777919774876567296,1777919774666216192
0,1,421,GEMM(11,12,1),1777919774876574464,1777919775086942976,1777919774876570368
0,1,423,GEMM(11,14,1),1777919775086950144,1777919775297212160,1777919775086947072
0,1,425,GEMM(12,2,1),1777919775297219328,1777919775488564992,1777919775297216256
0,1,427,GEMM(12,4,1),1777919775488572160,1777919775679857408,1777919775488568064
0,1,429,GEMM(12,6,1),1777919775679864576,1777919775871196928,1777919775679860480
0,1,431,GEMM(12,8,1),1777919775871204096,1777919776062494464,1777919775871201024
0,1,433,GEMM(12,10,1),1777919776062501632,1777919776253810432,1777919776062498560
0,1,435,GEMM(12,12,1),1777919776253817600,1777919776445188864,1777919776253814528
0,1,437,GEMM(12,14,1),1777919776445196032,1777919776636468992,1777919776445191936
0,1,439,GEMM(13,2,1),1777919776636476160,1777919776846801664,1777919776636473088
0,1,441,GEMM(13,4,1),1777919776846808832,1777919777057243904,1777919776846804736
0,1,443,GEMM(13,6,1),1777919777057250048,1777919777267542784,1777919777057246976
0,1,445,GEMM(13,8,1),1777919777267548928,1777919777477899008,1777919777267545856
0,1,447,GEMM(13,10,1),1777919777477906176,1777919777688251136,1777919777477902080
0,1,449,GEMM(13,12,1),1777919777688258304,1777919777898610432,1777919777688254208
0,1,451,GEMM(13,14,1),1777919777898617600,1777919778109067008,1777919777898614528
0,1,453,GEMM(14,2,1),1777919778109074176,1777919778304843520,1777919778109070080
0,1,455,GEMM(14,4,1),1777919778304851712,1777919778500718336,1777919778304847616
0,1,457,GEMM(14,6,1),1777919778500725504,1777919778696540928,1777919778500722432
0,1,459,GEMM(14,8,1),1777919778696548096,1777919778892359424,1777919778696545024
0,1,461,GEMM(14,10,1),1777919778892366592,1777919779088107264,1777919778892363520
0,1,463,GEMM(14,12,1),1777919779088114432,1777919779283951360,1777919779088111360
0,1,465,GEMM(14,14,1),1777919779283958528,1777919779479785216,1777919779283954432
0,1,467,GEMM(15,2,1),1777919779479792384,1777919779690053376,1777919779479788288
0,1,469,GEMM(15,4,1),1777919779690060544,1777919779900473088,1777919779690057472
0,1,471,GEMM(15,6,1),1777919779900480256,1777919780110733056,1777919779900476160
0,1,473,GEMM(15,8,1),1777919780110740224,1777919780320986880,1777919780110737152
0,1,475,GEMM(15,10,1),1777919780320994048,1777919780531352320,1777919780320989952
0,1,477,GEMM(15,12,1),1777919780531359488,1777919780741639936,1777919780531356416
0,1,479,GEMM(15,14,1),1777919780741647104,1777919780951942912,1777919780741644032
0,1,481,GETRF(2),1777919780951947008,1777919780981066496,0
0,1,482,TRSM_R(3,2),1777919780981072640,1777919781028280064,0
0,1,484,TRSM_R(4,2),1777919781028288256,1777919781075535616,0
0,1,485,TRSM_L(2,4),1777919781075543808,1777919781118008064,0
0,1,486,TRSM_R(5,2),1777919781118010112,1777919781165149952,0
0,1,488,TRSM_R(6,2),1777919781165157120,1777919781212284672,0
0,1,489,TRSM_L(2,6),1777919781212292864,1777919781254712064,0
0,1,490,TRSM_R(7,2),1777919781254714112,1777919781301858048,0
0,1,492,TRSM_R(8,2),1777919781301865216,1777919781348985600,0
0,1,493,TRSM_L(2,8),1777919781348994816,1777919781391409920,0
0,1,494,TRSM_R(9,2),1777919781391411968,1777919781438501632,0
0,1,496,TRSM_R(10,2),1777919781438509824,1777919781485575936,0
0,1,497,TRSM_L(2,10),1777919781485584128,1777919781527998208,0
0,1,498,TRSM_R(11,2),1777919781528000256,1777919781575103232,0
0,1,500,TRSM_R(12,2),1777919781575111424,1777919781622195968,0
0,1,501,TRSM_L(2,12),1777919781622204160,1777919781664614144,0
0,1,502,TRSM_R(13,2),1777919781664615168,1777919781711710976,0
0,1,504,TRSM_R(14,2),1777919781711719168,1777919781758809856,0
0,1,505,TRSM_L(2,14),1777919781758819072,1777919781801246464,0
0,1,506,TRSM_R(15,2),1777919781801247488,1777919781848338176,0
0,1,509,GEMM(3,4,2),1777919781848348416,1777919781927659264,0
0,1,511,GEMM(3,6,2),1777919781927663360,1777919782006970112,0
0,1,513,GEMM(3,8,2),1777919782006974208,1777919782086290176,0
0,1,515,GEMM(3,10,2),1777919782086293248,1777919782165618432,0
0,1,517,GEMM(3,12,2),1777919782165621504,1777919782244934400,0
0,1,519,GEMM(3,14,2),1777919782244937472,1777919782324248320,0
0,1,522,GEMM(4,4,2),1777919782324251392,1777919782403560192,0
0,1,524,GEMM(4,6,2),1777919782403563264,1777919782482858752,0
0,1,526,GEMM(4,8,2),1777919782482862848,1777919782562161408,0
0,1,528,GEMM(4,10,2),1777919782562164480,1777919782641460992,0
0,1,530,GEMM(4,12,2),1777919782641464064,1777919782720761600,0
0,1,532,GEMM(4,14,2),1777919782720765696,1777919782800082688,0
0,1,535,GEMM(5,4,2),1777919782800085760,1777919782879393536,0
0,1,537,GEMM(5,6,2),1777919782879397632,1777919782958705408,0
0,1,539,GEMM(5,8,2),1777919782958708480,1777919783038016256,0
0,1,541,GEMM(5,10,2),1777919783038020352,1777919783117327104,0
0,1,543,GEMM(5,12,2),1777919783117330176,1777919783196644096,0
0,1,545,GEMM(5,14,2),1777919783196647168,1777919783275947776,0
0,1,548,GEMM(6,4,2),1777919783275951872,1777919783355245312,0
0,1,550,GEMM(6,6,2),1777919783355248384,1777919783434539776,0
0,1,552,GEMM(6,8,2),1777919783434543872,1777919783513839360,0
0,1,554,GEMM(6,10,2),1777919783513842432,1777919783593143040,0
0,1,556,GEMM(6,12,2),1777919783593146112,1777919783672454912,0
0,1,558,GEMM(6,14,2),1777919783672459008,1777919783751754496,0
0,1,561,GEMM(7,4,2),1777919783751758592,1777919783831052032,0
0,1,563,GEMM(7,6,2),1777919783831055104,1777919783910344448,0
0,1,565,GEMM(7,8,2),1777919783910348544,1777919783989652224,0
0,1,567,GEMM(7,10,2),1777919783989656320,1777919784068950784,0
0,1,569,GEMM(7,12,2),1777919784068954880,1777919784148258560,0
0,1,571,GEMM(7,14,2),1777919784148262656,1777919784227561216,0
0,1,574,GEMM(8,4,2),1777919784227565312,1777919784306850560,0
0,1,576,GEMM(8,6,2),1777919784306853632,1777919784386155264,0
0,1,578,GEMM(8,8,2),1777919784386159360,1777919784465455872,0
0,1,580,GEMM(8,10,2),1777919784465458944,1777919784544754432,0
0,1,582,GEMM(8,12,2),1777919784544758528,1777919784624057088,0
0,1,584,GEMM(8,14,2),1777919784624061184,1777919784703354624,0
0,1,587,GEMM(9,4,2),1777919784703357696,1777919784782673664,0
0,1,589,GEMM(9,6,2),1777919784782676736,1777919784861981440,0
0,1,591,GEMM(9,8,2),1777919784861985536,1777919784941298432,0
0,1,593,GEMM(9,10,2),1777919784941302528,1777919785020611328,0
0,1,595,GEMM(9,12,2),1777919785020614400,1777919785099933440,0
0,1,597,GEMM(9,14,2),1777919785099936512,1777919785179242240,0
0,1,600,GEMM(10,4,2),1777919785179245312,1777919785258550016,0
0,1,602,GEMM(10,6,2),1777919785258554112,1777919785337861888,0
0,1,604,GEMM(10,8,2),1777919785337865984,1777919785417170688,0
0,1,606,GEMM(10,10,2),1777919785417173760,1777919785496475392,0
0,1,608,GEMM(10,12,2),1777919785496479488,1777919785575785216,0
0,1,610,GEMM(10,14,2),1777919785575789312,1777919785655105280,0
0,1,613,GEMM(11,4,2),1777919785655108352,1777919785734397696,0
0,1,615,GEMM(11,6,2),1777919785734400768,1777919785813708544,0
0,1,617,GEMM(11,8,2),1777919785813712640,1777919785893022464,0
0,1,619,GEMM(11,10,2),1777919785893025536,1777919785972331264,0
0,1,621,GEMM(11,12,2),1777919785972335360,1777919786051647232,0
0,1,623,GEMM(11,14,2),1777919786051651328,1777919786130956032,0
0,1,626,GEMM(12,4,2),1777919786130959104,1777919786210264832,0
0,1,628,GEMM(12,6,2),1777919786210267904,1777919786289564416,0
0,1,630,GEMM(12,8,2),1777919786289567488,1777919786368869120,0
0,1,632,GEMM(12,10,2),1777919786368872192,1777919786448174848,0
0,1,634,GEMM(12,12,2),1777919786448178944,1777919786527467264,0
0,1,636,GEMM(12,14,2),1777919786527470336,1777919786606768896,0
0,1,639,GEMM(13,4,2),1777919786606771968,1777919786686081792,0
0,1,641,GEMM(13,6,2),1777919786686084864,1777919786765389568,0
0,1,643,GEMM(13,8,2),1777919786765392640,1777919786844691200,0
0,1,645,GEMM(13,10,2),1777919786844695296,1777919786923995904,0
0,1,647,GEMM(13,12,2),1777919786924000000,1777919787003296512,0
0,1,649,GEMM(13,14,2),1777919787003299584,1777919787082605312,0
0,1,652,GEMM(14,4,2),1777919787082609408,1777919787161915136,0
0,1,654,GEMM(14,6,2),1777919787161918208,1777919787241217792,0
0,1,656,GEMM(14,8,2),1777919787241220864,1777919787320528640,0
0,1,658,GEMM(14,10,2),1777919787320532736,1777919787399836416,0
0,1,660,GEMM(14,12,2),1777919787399840512,1777919787479145216,0
0,1,662,GEMM(14,14,2),1777919787479149312,1777919787558450944,0
0,1,665,GEMM(15,4,2),1777919787558454016,1777919787637760768,0
0,1,667,GEMM(15,6,2),1777919787637763840,1777919787717066496,0
0,1,669,GEMM(15,8,2),1777919787717069568,1777919787796372224,0
0,1,671,GEMM(15,10,2),1777919787796375296,1777919787875684096,0
0,1,673,GEMM(15,12,2),1777919787875688192,1777919787954993920,0
0,1,675,GEMM(15,14,2),1777919787954998016,1777919788034306816,0
0,1,679,TRSM_L(3,4),1777919800144519936,1777919800251656960,1777919788034308864
0,1,683,TRSM_L(3,6),1777919800251664128,1777919800358920960,1777919800251660032
0,1,687,TRSM_L(3,8),1777919800358928128,1777919800466347776,1777919800358924032
0,1,691,TRSM_L(3,10),1777919800466353920,1777919800573383424,1777919800466349824
0,1,695,TRSM_L(3,12),1777919800573389568,1777919800680739584,1777919800573386496
0,1,699,TRSM_L(3,14),1777919800680745728,1777919800788217600,1777919800680742656
0,1,702,GEMM(4,4,3),1777919800788224768,1777919800979515136,1777919800788221696
0,1,704,GEMM(4,6,3),1777919800979521280,1777919801170902784,1777919800979518208
0,1,706,GEMM(4,8,3),1777919801170909952,1777919801362292480,1777919801170906880
0,1,708,GEMM(4,10,3),1777919801362299648,1777919801553583872,1777919801362296576
0,1,710,GEMM(4,12,3),1777919801553591040,1777919801744934656,1777919801553587968
0,1,712,GEMM(4,14,3),1777919801744941824,1777919801936341760,1777919801744938752
0,1,714,GEMM(5,4,3),1777919801936348928,1777919802146610944,1777919801936345856
0,1,716,GEMM(5,6,3),1777919802146619136,1777919802356662016,1777919802146615040
0,1,718,GEMM(5,8,3),1777919802356669184,1777919802566760192,1777919802356665088
0,1,720,GEMM(5,10,3),1777919802566767360,1777919802777002752,1777919802566763264
0,1,722,GEMM(5,12,3),1777919802777009920,1777919802987063040,1777919802777006848
0,1,724,GEMM(5,14,3),1777919802987070208,1777919803197202176,1777919802987066112
0,1,726,GEMM(6,4,3),1777919803197209344,1777919803392935680,1777919803197206272
0,1,728,GEMM(6,6,3),1777919803392942848,1777919803588654848,1777919803392939776
0,1,730,GEMM(6,8,3),1777919803588662016,1777919803784367872,1777919803588657920
0,1,732,GEMM(6,10,3),1777919803784375040,1777919803980266240,1777919803784371968
0,1,734,GEMM(6,12,3),1777919803980273408,1777919804176094976,1777919803980270336
0,1,736,GEMM(6,14,3),1777919804176101120,1777919804371880704,1777919804176098048
0,1,738,GEMM(7,4,3),1777919804371886848,1777919804582144768,1777919804371883776
0,1,740,GEMM(7,6,3),1777919804582151936,1777919804792516352,1777919804582148864
0,1,742,GEMM(7,8,3),1777919804792523520,1777919805002822400,1777919804792520448
0,1,744,GEMM(7,10,3),1777919805002829568,1777919805213026048,1777919805002826496
0,1,746,GEMM(7,12,3),1777919805213033216,1777919805423186688,1777919805213029120
0,1,748,GEMM(7,14,3),1777919805423193856,1777919805633428224,1777919805423190784
0,1,750,GEMM(8,4,3),1777919805633436416,1777919805824753408,1777919805633432320
0,1,752,GEMM(8,6,3),1777919805824760576,1777919806016036608,1777919805824756480
0,1,754,GEMM(8,8,3),1777919806016043776,1777919806207375104,1777919806016040704
0,1,756,GEMM(8,10,3),1777919806207382272,1777919806398746368,1777919806207379200
0,1,758,GEMM(8,12,3),1777919806398753536,1777919806590042880,1777919806398750464
0,1,760,GEMM(8,14,3),1777919806590050048,1777919806781354752,1777919806590046976
0,1,762,GEMM(9,4,3),1777919806781361920,1777919806991521536,1777919806781358848
0,1,764,GEMM(9,6,3),1777919806991528704,1777919807201735424,1777919806991525632
0,1,766,GEMM(9,8,3),1777919807201742592,1777919807411825408,1777919807201738496
0,1,768,GEMM(9,10,3),1777919807411832576,1777919807622003456,1777919807411828480
0,1,770,GEMM(9,12,3),1777919807622010624,1777919807832188672,1777919807622007552
0,1,772,GEMM(9,14,3),1777919807832195840,1777919808042434304,1777919807832191744
0,1,774,GEMM(10,4,3),1777919808042441472,1777919808238211840,1777919808042437376
0,1,776,GEMM(10,6,3),1777919808238219008,1777919808433925888,1777919808238214912
0,1,778,GEMM(10,8,3),1777919808433933056,1777919808629588736,1777919808433929984
0,1,780,GEMM(10,10,3),1777919808629595904,1777919808825412352,1777919808629592832
0,1,782,GEMM(10,12,3),1777919808825419520,1777919809021147904,1777919808825415424
0,1,784,GEMM(10,14,3),1777919809021155072,1777919809216820992,1777919809021150976
0,1,786,GEMM(11,4,3),1777919809216828160,1777919809427043072,1777919809216824064
0,1,788,GEMM(11,6,3),1777919809427050240,1777919809637161728,1777919809427046144
0,1,790,GEMM(11,8,3),1777919809637168896,1777919809847373568,1777919809637165824
0,1,792,GEMM(11,10,3),1777919809847380736,1777919810057504512,1777919809847377664
0,1,794,GEMM(11,12,3),1777919810057511680,1777919810267732736,1777919810057507584
0,1,796,GEMM(11,14,3),1777919810267739904,1777919810477909760,1777919810267736832
0,1,798,GEMM(12,4,3),1777919810477916928,1777919810669214464,1777919810477913856
0,1,800,GEMM(12,6,3),1777919810669221632,1777919810860526336,1777919810669218560
0,1,802,GEMM(12,8,3),1777919810860533504,1777919811051875072,1777919810860530432
0,1,804,GEMM(12,10,3),1777919811051882240,1777919811243206400,1777919811051879168
0,1,806,GEMM(12,12,3),1777919811243213568,1777919811434579712,1777919811243210496
0,1,808,GEMM(12,14,3),1777919811434586880,1777919811625860864,1777919811434583808
0,1,810,GEMM(13,4,3),1777919811625868032,1777919811836066560,1777919811625864960
0,1,812,GEMM(13,6,3),1777919811836073728,1777919812046343936,1777919811836070656
0,1,814,GEMM(13,8,3),1777919812046351104,1777919812256610048,1777919812046348032
0,1,816,GEMM(13,10,3),1777919812256617216,1777919812466795264,1777919812256614144
0,1,818,GEMM(13,12,3),1777919812466802432,1777919812677105408,1777919812466798336
0,1,820,GEMM(13,14,3),1777919812677111552,1777919812887355136,1777919812677108480
0,1,822,GEMM(14,4,3),1777919812887362304,1777919813082972928,1777919812887359232
0,1,824,GEMM(14,6,3),1777919813082980096,1777919813278660352,1777919813082977024
0,1,826,GEMM(14,8,3),1777919813278667520,1777919813474441984,1777919813278664448
0,1,828,GEMM(14,10,3),1777919813474449152,1777919813670270720,1777919813474446080
0,1,830,GEMM(14,12,3),1777919813670277888,1777919813866008320,1777919813670274816
0,1,832,GEMM(14,14,3),1777919813866015488,1777919814061645568,1777919813866011392
0,1,834,GEMM(15,4,3),1777919814061652736,1777919814271962880,1777919814061648640
0,1,836,GEMM(15,6,3),1777919814271970048,1777919814482195200,1777919814271966976
0,1,838,GEMM(15,8,3),1777919814482202368,1777919814692504320,1777919814482199296
0,1,840,GEMM(15,10,3),1777919814692511488,1777919814902852352,1777919814692508416
0,1,842,GEMM(15,12,3),1777919814902859520,1777919815113092864,1777919814902856448
0,1,844,GEMM(15,14,3),1777919815113100032,1777919815323388672,1777919815113096960
0,1,846,GETRF(4),1777919815323392768,1777919815352510208,0
0,1,847,TRSM_R(5,4),1777919815352516352,1777919815399650048,0
0,1,849,TRSM_R(6,4),1777919815399660288,1777919815446861568,0
0,1,850,TRSM_L(4,6),1777919815446870784,1777919815489369856,0
0,1,851,TRSM_R(7,4),1777919815489371904,1777919815536499456,0
0,1,853,TRSM_R(8,4),1777919815536508672,1777919815583581952,0
0,1,854,TRSM_L(4,8),1777919815583591168,1777919815625998080,0
0,1,855,TRSM_R(9,4),1777919815626001152,1777919815673134848,0
0,1,857,TRSM_R(10,4),1777919815673145088,1777919815720270592,0
0,1,858,TRSM_L(4,10),1777919815720280832,1777919815762686720,0
0,1,859,TRSM_R(11,4),1777919815762688768,1777919815809778432,0
0,1,861,TRSM_R(12,4),1777919815809787648,1777919815856869120,0
0,1,862,TRSM_L(4,12),1777919815856878336,1777919815899287296,0
0,1,863,TRSM_R(13,4),1777919815899288320,1777919815946386176,0
0,1,865,TRSM_R(14,4),1777919815946394368,1777919815993493248,0
0,1,866,TRSM_L(4,14),1777919815993501440,1777919816035914496,0
0,1,867,TRSM_R(15,4),1777919816035916544,1777919816083012352,0
0,1,870,GEMM(5,6,4),1777919816083022592,1777919816162334464,0
0,1,872,GEMM(5,8,4),1777919816162338560,1777919816241648384,0
0,1,874,GEMM(5,10,4),1777919816241651456,1777919816320963328,0
0,1,876,GEMM(5,12,4),1777919816320967424,1777919816400272128,0
0,1,878,GEMM(5,14,4),1777919816400276224,1777919816479576832,0
0,1,881,GEMM(6,6,4),1777919816479580928,1777919816558885632,0
0,1,883,GEMM(6,8,4),1777919816558888704,1777919816638201600,0
0,1,885,GEMM(6,10,4),1777919816638204672,1777919816717518592,0
0,1,887,GEMM(6,12,4),1777919816717521664,1777919816796834560,0
0,1,889,GEMM(6,14,4),1777919816796838656,1777919816876141312,0
0,1,892,GEMM(7,6,4),1777919816876145408,1777919816955448064,0
0,1,894,GEMM(7,8,4),1777919816955452160,1777919817034765056,0
0,1,896,GEMM(7,10,4),1777919817034769152,1777919817114080000,0
0,1,898,GEMM(7,12,4),1777919817114083072,1777919817193390848,0
0,1,900,GEMM(7,14,4),1777919817193393920,1777919817272706816,0
0,1,903,GEMM(8,6,4),1777919817272709888,1777919817352010496,0
0,1,905,GEMM(8,8,4),1777919817352013568,1777919817431315200,0
0,1,907,GEMM(8,10,4),1777919817431318272,1777919817510618880,0
0,1,909,GEMM(8,12,4),1777919817510621952,1777919817589919488,0
0,1,911,GEMM(8,14,4),1777919817589922560,1777919817669221120,0
0,1,914,GEMM(9,6,4),1777919817669224192,1777919817748528896,0
0,1,916,GEMM(9,8,4),1777919817748531968,1777919817827838720,0
0,1,918,GEMM(9,10,4),1777919817827841792,1777919817907141376,0
0,1,920,GEMM(9,12,4),1777919817907144448,1777919817986452224,0
0,1,922,GEMM(9,14,4),1777919817986455296,1777919818065754880,0
0,1,925,GEMM(10,6,4),1777919818065757952,1777919818145064704,0
0,1,927,GEMM(10,8,4),1777919818145067776,1777919818224369408,0
0,1,929,GEMM(10,10,4),1777919818224372480,1777919818303658752,0
0,1,931,GEMM(10,12,4),1777919818303661824,1777919818382961408,0
0,1,933,GEMM(10,14,4),1777919818382964480,1777919818462264064,0
0,1,936,GEMM(11,6,4),1777919818462267136,1777919818541579008,0
0,1,938,GEMM(11,8,4),1777919818541582080,1777919818620894976,0
0,1,940,GEMM(11,10,4),1777919818620898048,1777919818700203776,0
0,1,942,GEMM(11,12,4),1777919818700207872,1777919818779520768,0
0,1,944,GEMM(11,14,4),1777919818779523840,1777919818858831616,0
0,1,947,GEMM(12,6,4),1777919818858835712,1777919818938134272,0
0,1,949,GEMM(12,8,4),1777919818938138368,1777919819017430784,0
0,1,951,GEMM(12,10,4),1777919819017434880,1777919819096736512,0
0,1,953,GEMM(12,12,4),1777919819096740608,1777919819176030976,0
0,1,955,GEMM(12,14,4),1777919819176034048,1777919819255327488,0
0,1,958,GEMM(13,6,4),1777919819255330560,1777919819334626048,0
0,1,960,GEMM(13,8,4),1777919819334629120,1777919819413922560,0
0,1,962,GEMM(13,10,4),1777919819413925632,1777919819493222144,0
0,1,964,GEMM(13,12,4),1777919819493225216,1777919819572519680,0
0,1,966,GEMM(13,14,4),1777919819572522752,1777919819651823360,0
0,1,969,GEMM(14,6,4),1777919819651827456,1777919819731124992,0
0,1,971,GEMM(14,8,4),1777919819731129088,1777919819810420480,0
0,1,973,GEMM(14,10,4),1777919819810424576,1777919819889720064,0
0,1,975,GEMM(14,12,4),1777919819889724160,1777919819969015552,0
0,1,977,GEMM(14,14,4),1777919819969019648,1777919820048301824,0
0,1,980,GEMM(15,6,4),1777919820048305920,1777919820127601408,0
0,1,982,GEMM(15,8,4),1777919820127605504,1777919820206906112,0
0,1,984,GEMM(15,10,4),1777919820206910208,1777919820286206720,0
0,1,986,GEMM(15,12,4),1777919820286209792,1777919820365508352,0
0,1,988,GEMM(15,14,4),1777919820365512448,1777919820444814080,0
0,1,992,TRSM_L(5,6),1777919829351581440,1777919829458918144,1777919820444816128
0,1,996,TRSM_L(5,8),1777919829458925312,1777919829566228224,1777919829458921216
0,1,1000,TRSM_L(5,10),1777919829566234368,1777919829673554688,1777919829566231296
0,1,1004,TRSM_L(5,12),1777919829673560832,1777919829780652800,1777919829673557760
0,1,1008,TRSM_L(5,14),1777919829780659968,1777919829888118528,1777919829780655872
0,1,1011,GEMM(6,6,5),1777919829888125696,1777919830083944192,1777919829888121600
0,1,1013,GEMM(6,8,5),1777919830083951360,1777919830279912192,1777919830083948288
0,1,1015,GEMM(6,10,5),1777919830279919360,1777919830475749120,1777919830279916288
0,1,1017,GEMM(6,12,5),1777919830475756288,1777919830671549184,1777919830475752192
0,1,1019,GEMM(6,14,5),1777919830671557376,1777919830867435264,1777919830671553280
0,1,1021,GEMM(7,6,5),1777919830867443456,1777919831077745408,1777919830867439360
0,1,1023,GEMM(7,8,5),1777919831077751552,1777919831288106752,1777919831077748480
0,1,1025,GEMM(7,10,5),1777919831288113920,1777919831498527488,1777919831288109824
0,1,1027,GEMM(7,12,5),1777919831498533632,1777919831708860160,1777919831498530560
0,1,1029,GEMM(7,14,5),1777919831708867328,1777919831919227648,1777919831708863232
0,1,1031,GEMM(8,6,5),1777919831919234816,1777919832110629632,1777919831919231744
0,1,1033,GEMM(8,8,5),1777919832110636800,1777919832301950720,1777919832110633728
0,1,1035,GEMM(8,10,5),1777919832301957888,1777919832493376256,1777919832301954816
0,1,1037,GEMM(8,12,5),1777919832493383424,1777919832684651264,1777919832493379328
0,1,1039,GEMM(8,14,5),1777919832684658432,1777919832876046080,1777919832684655360
0,1,1041,GEMM(9,6,5),1777919832876053248,1777919833086374656,1777919832876049152
0,1,1043,GEMM(9,8,5),1777919833086381824,1777919833296705280,1777919833086378752
0,1,1045,GEMM(9,10,5),1777919833296712448,1777919833506977536,1777919833296709376
0,1,1047,GEMM(9,12,5),1777919833506984704,1777919833717302016,1777919833506981632
0,1,1049,GEMM(9,14,5),1777919833717309184,1777919833927636736,1777919833717305088
0,1,1051,GEMM(10,6,5),1777919833927643904,1777919834123461376,1777919833927640832
0,1,1053,GEMM(10,8,5),1777919834123468544,1777919834319236864,1777919834123464448
0,1,1055,GEMM(10,10,5),1777919834319244032,1777919834515078912,1777919834319240960
0,1,1057,GEMM(10,12,5),1777919834515086080,1777919834710902528,1777919834515081984
0,1,1059,GEMM(10,14,5),1777919834710909696,1777919834906696448,1777919834710905600
0,1,1061,GEMM(11,6,5),1777919834906703616,1777919835117063936,1777919834906700544
0,1,1063,GEMM(11,8,5),1777919835117072128,1777919835327297280,1777919835117068032
0,1,1065,GEMM(11,10,5),1777919835327304448,1777919835537580800,1777919835327301376
0,1,1067,GEMM(11,12,5),1777919835537587968,1777919835747930880,1777919835537583872
0,1,1069,GEMM(11,14,5),1777919835747938048,1777919835958149888,1777919835747933952
0,1,1071,GEMM(12,6,5),1777919835958157056,1777919836149494528,1777919835958152960
0,1,1073,GEMM(12,8,5),1777919836149501696,1777919836340785920,1777919836149498624
0,1,1075,GEMM(12,10,5),1777919836340794112,1777919836532115200,1777919836340790016
0,1,1077,GEMM(12,12,5),1777919836532123392,1777919836723440384,1777919836532119296
0,1,1079,GEMM(12,14,5),1777919836723447552,1777919836914804480,1777919836723444480
0,1,1081,GEMM(13,6,5),1777919836914811648,1777919837125158656,1777919836914807552
0,1,1083,GEMM(13,8,5),1777919837125165824,1777919837335518976,1777919837125162752
0,1,1085,GEMM(13,10,5),1777919837335526144,1777919837545892608,1777919837335523072
0,1,1087,GEMM(13,12,5),1777919837545899776,1777919837756226304,1777919837545895680
0,1,1089,GEMM(13,14,5),1777919837756233472,1777919837966542592,1777919837756230400
0,1,1091,GEMM(14,6,5),1777919837966549760,1777919838162502400,1777919837966545664
0,1,1093,GEMM(14,8,5),1777919838162509568,1777919838358236928,1777919838162505472
0,1,1095,GEMM(14,10,5),1777919838358244096,1777919838554022656,1777919838358240000
0,1,1097,GEMM(14,12,5),1777919838554029824,1777919838749790976,1777919838554025728
0,1,1099,GEMM(14,14,5),1777919838749798144,1777919838945649408,1777919838749794048
0,1,1101,GEMM(15,6,5),1777919838945656576,1777919839155956480,1777919838945653504
0,1,1103,GEMM(15,8,5),1777919839155964672,1777919839366242048,1777919839155960576
0,1,1105,GEMM(15,10,5),1777919839366250240,1777919839576651520,1777919839366246144
0,1,1107,GEMM(15,12,5),1777919839576658688,1777919839786934016,1777919839576654592
0,1,1109,GEMM(15,14,5),1777919839786941184,1777919839997287168,1777919839786937088
0,1,1111,GETRF(6),1777919839997290240,1777919840026425088,0
0,1,1112,TRSM_R(7,6),1777919840026430208,1777919840073489152,0
0,1,1114,TRSM_R(8,6),1777919840073497344,1777919840120716032,0
0,1,1115,TRSM_L(6,8),1777919840120724224,1777919840163282688,0
0,1,1116,TRSM_R(9,6),1777919840163285760,1777919840210406144,0
0,1,1118,TRSM_R(10,6),1777919840210413312,1777919840257510144,0
0,1,1119,TRSM_L(6,10),1777919840257519360,1777919840299967232,0
0,1,1120,TRSM_R(11,6),1777919840299970304,1777919840347111168,0
0,1,1122,TRSM_R(12,6),1777919840347120384,1777919840394241792,0
0,1,1123,TRSM_L(6,12),1777919840394249984,1777919840436664064,0
0,1,1124,TRSM_R(13,6),1777919840436666112,1777919840483808000,0
0,1,1126,TRSM_R(14,6),1777919840483816192,1777919840530949888,0
0,1,1127,TRSM_L(6,14),1777919840530958080,1777919840573412096,0
0,1,1128,TRSM_R(15,6),1777919840573414144,1777919840620559104,0
0,1,1131,GEMM(7,8,6),1777919840620568320,1777919840699869952,0
0,1,1133,GEMM(7,10,6),1777919840699873024,1777919840779177728,0
0,1,1135,GEMM(7,12,6),1777919840779181824,1777919840858490624,0
0,1,1137,GEMM(7,14,6),1777919840858494720,1777919840937795328,0
0,1,1140,GEMM(8,8,6),1777919840937799424,1777919841017096960,0
0,1,1142,GEMM(8,10,6),1777919841017101056,1777919841096405760,0
0,1,1144,GEMM(8,12,6),1777919841096409856,1777919841175708416,0
0,1,1146,GEMM(8,14,6),1777919841175711488,1777919841255014144,0
0,1,1149,GEMM(9,8,6),1777919841255017216,1777919841334327040,0
0,1,1151,GEMM(9,10,6),1777919841334330112,1777919841413637888,0
0,1,1153,GEMM(9,12,6),1777919841413640960,1777919841492943616,0
0,1,1155,GEMM(9,14,6),1777919841492947712,1777919841572252416,0
0,1,1158,GEMM(10,8,6),1777919841572255488,1777919841651550976,0
0,1,1160,GEMM(10,10,6),1777919841651555072,1777919841730852608,0
0,1,1162,GEMM(10,12,6),1777919841730856704,1777919841810156288,0
0,1,1164,GEMM(10,14,6),1777919841810159360,1777919841889460992,0
0,1,1167,GEMM(11,8,6),1777919841889465088,1777919841968766720,0
0,1,1169,GEMM(11,10,6),1777919841968770816,1777919842048067328,0
0,1,1171,GEMM(11,12,6),1777919842048071424,1777919842127356672,0
0,1,1173,GEMM(11,14,6),1777919842127359744,1777919842206662400,0
0,1,1176,GEMM(12,8,6),1777919842206666496,1777919842285966080,0
0,1,1178,GEMM(12,10,6),1777919842285970176,1777919842365262592,0
0,1,1180,GEMM(12,12,6),1777919842365266688,1777919842444552960,0
0,1,1182,GEMM(12,14,6),1777919842444556032,1777919842523846400,0
0,1,1185,GEMM(13,8,6),1777919842523850496,1777919842603152128,0
0,1,1187,GEMM(13,10,6),1777919842603156224,1777919842682448640,0
0,1,1189,GEMM(13,12,6),1777919842682452736,1777919842761753344,0
0,1,1191,GEMM(13,14,6),1777919842761757440,1777919842841060096,0
0,1,1194,GEMM(14,8,6),1777919842841064192,1777919842920362752,0
0,1,1196,GEMM(14,10,6),1777919842920365824,1777919842999653120,0
0,1,1198,GEMM(14,12,6),1777919842999657216,1777919843078951680,0
0,1,1200,GEMM(14,14,6),1777919843078954752,1777919843158238976,0
0,1,1203,GEMM(15,8,6),1777919843158243072,1777919843237540608,0
0,1,1205,GEMM(15,10,6),1777919843237543680,1777919843316833024,0
0,1,1207,GEMM(15,12,6),1777919843316836096,1777919843396128512,0
0,1,1209,GEMM(15,14,6),1777919843396131584,1777919843475425024,0
0,1,1213,TRSM_L(7,8),1777919849685819136,1777919849792956160,1777919843475427072
0,1,1217,TRSM_L(7,10),1777919849792962304,1777919849900118784,1777919849792959232
0,1,1221,TRSM_L(7,12),1777919849900124928,1777919850007395072,1777919849900121856
0,1,1225,TRSM_L(7,14),1777919850007401216,1777919850114595584,1777919850007398144
0,1,1228,GEMM(8,8,7),1777919850114602752,1777919850305956608,1777919850114599680
0,1,1230,GEMM(8,10,7),1777919850305963776,1777919850497320704,1777919850305960704
0,1,1232,GEMM(8,12,7),1777919850497327872,1777919850688617216,1777919850497324800
0,1,1234,GEMM(8,14,7),1777919850688624384,1777919850879943424,1777919850688621312
0,1,1236,GEMM(9,8,7),1777919850879950592,1777919851090131712,1777919850879947520
0,1,1238,GEMM(9,10,7),1777919851090138880,1777919851300497152,1777919851090134784
0,1,1240,GEMM(9,12,7),1777919851300504320,1777919851510696704,1777919851300501248
0,1,1242,GEMM(9,14,7),1777919851510703872,1777919851720904448,1777919851510699776
0,1,1244,GEMM(10,8,7),1777919851720910592,1777919851916553984,1777919851720907520
0,1,1246,GEMM(10,10,7),1777919851916561152,1777919852112226048,1777919851916558080
0,1,1248,GEMM(10,12,7),1777919852112233216,1777919852308026112,1777919852112230144
0,1,1250,GEMM(10,14,7),1777919852308033280,1777919852503742208,1777919852308030208
0,1,1252,GEMM(11,8,7),1777919852503749376,1777919852713787136,1777919852503746304
0,1,1254,GEMM(11,10,7),1777919852713794304,1777919852923881216,1777919852713791232
0,1,1256,GEMM(11,12,7),1777919852923888384,1777919853134059264,1777919852923885312
0,1,1258,GEMM(11,14,7),1777919853134066432,1777919853344117504,1777919853134063360
0,1,1260,GEMM(12,8,7),1777919853344124672,1777919853535482624,1777919853344121600
0,1,1262,GEMM(12,10,7),1777919853535489792,1777919853726753536,1777919853535485696
0,1,1264,GEMM(12,12,7),1777919853726760704,1777919853918072576,1777919853726757632
0,1,1266,GEMM(12,14,7),1777919853918079744,1777919854109372160,1777919853918076672
0,1,1268,GEMM(13,8,7),1777919854109379328,1777919854319617792,1777919854109375232
0,1,1270,GEMM(13,10,7),1777919854319624960,1777919854530036480,1777919854319621888
0,1,1272,GEMM(13,12,7),1777919854530043648,1777919854740303616,1777919854530040576
0,1,1274,GEMM(13,14,7),1777919854740310784,1777919854950685440,1777919854740307712
0,1,1276,GEMM(14,8,7),1777919854950692608,1777919855146400512,1777919854950689536
0,1,1278,GEMM(14,10,7),1777919855146407680,1777919855342219008,1777919855146403584
0,1,1280,GEMM(14,12,7),1777919855342226176,1777919855538066176,1777919855342223104
0,1,1282,GEMM(14,14,7),1777919855538073344,1777919855733850880,1777919855538070272
0,1,1284,GEMM(15,8,7),1777919855733858048,1777919855944171264,1777919855733853952
0,1,1286,GEMM(15,10,7),1777919855944178432,1777919856154488576,1777919855944174336
0,1,1288,GEMM(15,12,7),1777919856154495744,1777919856364891904,1777919856154492672
0,1,1290,GEMM(15,14,7),1777919856364899072,1777919856575130368,1777919856364894976
0,1,1292,GETRF(8),1777919856575134464,1777919856604250880,0
0,1,1293,TRSM_R(9,8),1777919856604257024,1777919856651342592,0
0,1,1295,TRSM_R(10,8),1777919856651352832,1777919856698490624,0
0,1,1296,TRSM_L(8,10),1777919856698499840,1777919856741036800,0
0,1,1297,TRSM_R(11,8),1777919856741038848,1777919856788244224,0
0,1,1299,TRSM_R(12,8),1777919856788255488,1777919856835271424,0
0,1,1300,TRSM_L(8,12),1777919856835281664,1777919856877685504,0
0,1,1301,TRSM_R(13,8),1777919856877687552,1777919856924782336,0
0,1,1303,TRSM_R(14,8),1777919856924791552,1777919856971883264,0
0,1,1304,TRSM_L(8,14),1777919856971893504,1777919857014297344,0
0,1,1305,TRSM_R(15,8),1777919857014300416,1777919857061439232,0
0,1,1308,GEMM(9,10,8),1777919857061448448,1777919857140740864,0
0,1,1310,GEMM(9,12,8),1777919857140744960,1777919857220049664,0
0,1,1312,GEMM(9,14,8),1777919857220053760,1777919857299343104,0
0,1,1315,GEMM(10,10,8),1777919857299346176,1777919857378643712,0
0,1,1317,GEMM(10,12,8),1777919857378646784,1777919857457948416,0
0,1,1319,GEMM(10,14,8),1777919857457951488,1777919857537253120,0
0,1,1322,GEMM(11,10,8),1777919857537256192,1777919857616556800,0
0,1,1324,GEMM(11,12,8),1777919857616560896,1777919857695871744,0
0,1,1326,GEMM(11,14,8),1777919857695874816,1777919857775180544,0
0,1,1329,GEMM(12,10,8),1777919857775184640,1777919857854483200,0
0,1,1331,GEMM(12,12,8),1777919857854486272,1777919857933787904,0
0,1,1333,GEMM(12,14,8),1777919857933790976,1777919858013091584,0
0,1,1336,GEMM(13,10,8),1777919858013094656,1777919858092395264,0
0,1,1338,GEMM(13,12,8),1777919858092398336,1777919858171693824,0
0,1,1340,GEMM(13,14,8),1777919858171697920,1777919858251003648,0
0,1,1343,GEMM(14,10,8),1777919858251006720,1777919858330307328,0
0,1,1345,GEMM(14,12,8),1777919858330311424,1777919858409609984,0
0,1,1347,GEMM(14,14,8),1777919858409613056,1777919858488915712,0
0,1,1350,GEMM(15,10,8),1777919858488918784,1777919858568216320,0
0,1,1352,GEMM(15,12,8),1777919858568219392,1777919858647523072,0
0,1,1354,GEMM(15,14,8),1777919858647527168,1777919858726832896,0
0,1,1358,TRSM_L(9,10),1777919862716433152,1777919862823764736,1777919858726833920
0,1,1362,TRSM_L(9,12),1777919862823771904,1777919862930767616,1777919862823767808
0,1,1366,TRSM_L(9,14),1777919862930773760,1777919863037894400,1777919862930770688
0,1,1369,GEMM(10,10,9),1777919863037901568,1777919863233714944,1777919863037898496
0,1,1371,GEMM(10,12,9),1777919863233722112,1777919863429602048,1777919863233719040
0,1,1373,GEMM(10,14,9),1777919863429609216,1777919863625528064,1777919863429606144
0,1,1375,GEMM(11,10,9),1777919863625534208,1777919863835833088,1777919863625531136
0,1,1377,GEMM(11,12,9),1777919863835840256,1777919864046051072,1777919863835837184
0,1,1379,GEMM(11,14,9),1777919864046058240,1777919864256397056,1777919864046054144
0,1,1381,GEMM(12,10,9),1777919864256404224,1777919864447841024,1777919864256400128
0,1,1383,GEMM(12,12,9),1777919864447848192,1777919864639255296,1777919864447845120
0,1,1385,GEMM(12,14,9),1777919864639262464,1777919864830595840,1777919864639258368
0,1,1387,GEMM(13,10,9),1777919864830603008,1777919865041008384,1777919864830599936
0,1,1389,GEMM(13,12,9),1777919865041015552,1777919865251484416,1777919865041012480
0,1,1391,GEMM(13,14,9),1777919865251491584,1777919865461959424,1777919865251487488
0,1,1393,GEMM(14,10,9),1777919865461966592,1777919865657849600,1777919865461962496
0,1,1395,GEMM(14,12,9),1777919865657856768,1777919865853709056,1777919865657853696
0,1,1397,GEMM(14,14,9),1777919865853716224,1777919866049597184,1777919865853713152
0,1,1399,GEMM(15,10,9),1777919866049603328,1777919866260097792,1777919866049600256
0,1,1401,GEMM(15,12,9),1777919866260104960,1777919866470448896,1777919866260101888
0,1,1403,GEMM(15,14,9),1777919866470456064,1777919866680832768,1777919866470452992
0,1,1405,GETRF(10),1777919866680836864,1777919866709957376,0
0,1,1406,TRSM_R(11,10),1777919866709963520,1777919866757001984,0
0,1,1408,TRSM_R(12,10),1777919866757010176,1777919866804201216,0
0,1,1409,TRSM_L(10,12),1777919866804209408,1777919866846758656,0
0,1,1410,TRSM_R(13,10),1777919866846759680,1777919866893954816,0
0,1,1412,TRSM_R(14,10),1777919866893961984,1777919866941069056,0
0,1,1413,TRSM_L(10,14),1777919866941077248,1777919866983490304,0
0,1,1414,TRSM_R(15,10),1777919866983492352,1777919867030613760,0
0,1,1417,GEMM(11,12,10),1777919867030622976,1777919867109916416,0
0,1,1419,GEMM(11,14,10),1777919867109920512,1777919867189202688,0
0,1,1422,GEMM(12,12,10),1777919867189206784,1777919867268497152,0
0,1,1424,GEMM(12,14,10),1777919867268500224,1777919867347790592,0
0,1,1427,GEMM(13,12,10),1777919867347793664,1777919867427086080,0
0,1,1429,GEMM(13,14,10),1777919867427089152,1777919867506386688,0
0,1,1432,GEMM(14,12,10),1777919867506390784,1777919867585687296,0
0,1,1434,GEMM(14,14,10),1777919867585691392,1777919867664985856,0
0,1,1437,GEMM(15,12,10),1777919867664989952,1777919867744279296,0
0,1,1439,GEMM(15,14,10),1777919867744283392,1777919867823572736,0
0,1,1443,TRSM_L(11,12),1777919870093432576,1777919870200464128,1777919867823573760
0,1,1447,TRSM_L(11,14),1777919870200470272,1777919870307291904,1777919870200467200
0,1,1450,GEMM(12,12,11),1777919870307298048,1777919870498663168,1777919870307294976
0,1,1452,GEMM(12,14,11),1777919870498670336,1777919870690003712,1777919870498666240
0,1,1454,GEMM(13,12,11),1777919870690009856,1777919870900165376,1777919870690006784
0,1,1456,GEMM(13,14,11),1777919870900172544,1777919871110344448,1777919870900169472
0,1,1458,GEMM(14,12,11),1777919871110351616,1777919871306012416,1777919871110348544
0,1,1460,GEMM(14,14,11),1777919871306019584,1777919871501625088,1777919871306015488
0,1,1462,GEMM(15,12,11),1777919871501632256,1777919871711899392,1777919871501629184
0,1,1464,GEMM(15,14,11),1777919871711906560,1777919871922057984,1777919871711903488
0,1,1466,GETRF(12),1777919871922062080,1777919871951180544,0
0,1,1467,TRSM_R(13,12),1777919871951185664,1777919871998335744,0
0,1,1469,TRSM_R(14,12),1777919871998345984,1777919872045557504,0
0,1,1470,TRSM_L(12,14),1777919872045566720,1777919872088022784,0
0,1,1471,TRSM_R(15,12),1777919872088023808,1777919872135147264,0
0,1,1474,GEMM(13,14,12),1777919872135158528,1777919872214449920,0
0,1,1477,GEMM(14,14,12),1777919872214452992,1777919872293746432,0
0,1,1480,GEMM(15,14,12),1777919872293750528,1777919872373050112,0
0,1,1484,TRSM_L(13,14),1777919873406625536,1777919873513522944,1777919872373052160
0,1,1487,GEMM(14,14,13),1777919873513531136,1777919873709351680,1777919873513527040
0,1,1489,GEMM(15,14,13),1777919873709358848,1777919873919757056,1777919873709355776
0,1,1491,GETRF(14),1777919873919760128,1777919873948894976,0
0,1,1492,TRSM_R(15,14),1777919873948901120,1777919873996045056,0
0,2,0,GETRF(0),1777919876373190144,1777919876402338304,0
0,2,1,TRSM_R(1,0),1777919876402344448,1777919876449446400,0
0,2,3,TRSM_R(2,0),1777919876449454592,1777919876496549376,0
0,2,4,TRSM_L(0,2),1777919876496559616,1777919876538967552,0
0,2,5,TRSM_R(3,0),1777919876538969600,1777919876586062336,0
0,2,7,TRSM_R(4,0),1777919876586072576,1777919876633144832,0
0,2,8,TRSM_L(0,4),1777919876633155072,1777919876675558912,0
0,2,9,TRSM_R(5,0),1777919876675559936,1777919876722650624,0
0,2,11,TRSM_R(6,0),1777919876722659840,1777919876769750528,0
0,2,12,TRSM_L(0,6),1777919876769759744,1777919876812164608,0
0,2,13,TRSM_R(7,0),1777919876812166656,1777919876859259392,0
0,2,15,TRSM_R(8,0),1777919876859268608,1777919876906319360,0
0,2,16,TRSM_L(0,8),1777919876906329600,1777919876948735488,0
0,2,17,TRSM_R(9,0),1777919876948737536,1777919876995808768,0
0,2,19,TRSM_R(10,0),1777919876995816960,1777919877042913792,0
0,2,20,TRSM_L(0,10),1777919877042924032,1777919877085330944,0
0,2,21,TRSM_R(11,0),1777919877085331968,1777919877132456448,0
0,2,23,TRSM_R(12,0),1777919877132465664,1777919877179521536,0
0,2,24,TRSM_L(0,12),1777919877179529728,1777919877221937664,0
0,2,25,TRSM_R(13,0),1777919877221939712,1777919877269076480,0
0,2,27,TRSM_R(14,0),1777919877269084672,1777919877316218368,0
0,2,28,TRSM_L(0,14),1777919877316227584,1777919877358672384,0
0,2,29,TRSM_R(15,0),1777919877358674432,1777919877405771264,0
0,2,32,GEMM(1,2,0),1777919877405780480,1777919877485081088,0
0,2,34,GEMM(1,4,0),1777919877485084160,1777919877564377600,0
0,2,36,GEMM(1,6,0),1777919877564380672,1777919877643685376,0
0,2,38,GEMM(1,8,0),1777919877643688448,1777919877722977792,0
0,2,40,GEMM(1,10,0),1777919877722980864,1777919877802273280,0
0,2,42,GEMM(1,12,0),1777919877802276352,1777919877881569792,0
0,2,44,GEMM(1,14,0),1777919877881572864,1777919877960864256,0
0,2,47,GEMM(2,2,0),1777919877960867328,1777919878040157696,0
0,2,49,GEMM(2,4,0),1777919878040160768,1777919878119456256,0
0,2,51,GEMM(2,6,0),1777919878119459328,1777919878198766080,0
0,2,53,GEMM(2,8,0),1777919878198770176,1777919878278073856,0
0,2,55,GEMM(2,10,0),1777919878278076928,1777919878357373440,0
0,2,57,GEMM(2,12,0),1777919878357377536,1777919878436676096,0
0,2,59,GEMM(2,14,0),1777919878436679168,1777919878515984896,0
0,2,62,GEMM(3,2,0),1777919878515988992,1777919878595298816,0
0,2,64,GEMM(3,4,0),1777919878595302912,1777919878674614784,0
0,2,66,GEMM(3,6,0),1777919878674618880,1777919878753928704,0
0,2,68,GEMM(3,8,0),1777919878753931776,1777919878833240576,0
0,2,70,GEMM(3,10,0),1777919878833243648,1777919878912540160,0
0,2,72,GEMM(3,12,0),1777919878912543232,1777919878991849984,0
0,2,74,GEMM(3,14,0),1777919878991853056,1777919879071158784,0
0,2,77,GEMM(4,2,0),1777919879071161856,1777919879150460416,0
0,2,79,GEMM(4,4,0),1777919879150463488,1777919879229762048,0
0,2,81,GEMM(4,6,0),1777919879229765120,1777919879309058560,0
0,2,83,GEMM(4,8,0),1777919879309061632,1777919879388359168,0
0,2,85,GEMM(4,10,0),1777919879388362240,1777919879467665920,0
0,2,87,GEMM(4,12,0),1777919879467668992,1777919879546961408,0
0,2,89,GEMM(4,14,0),1777919879546964480,1777919879626260992,0
0,2,92,GEMM(5,2,0),1777919879626264064,1777919879705562624,0
0,2,94,GEMM(5,4,0),1777919879705566720,1777919879784872448,0
0,2,96,GEMM(5,6,0),1777919879784875520,1777919879864177152,0
0,2,98,GEMM(5,8,0),1777919879864180224,1777919879943481856,0
0,2,100,GEMM(5,10,0),1777919879943485952,1777919880022785536,0
0,2,102,GEMM(5,12,0),1777919880022788608,1777919880102086144,0
0,2,104,GEMM(5,14,0),1777919880102089216,1777919880181385728,0
0,2,107,GEMM(6,2,0),1777919880181388800,1777919880260688384,0
0,2,109,GEMM(6,4,0),1777919880260692480,1777919880339990016,0
0,2,111,GEMM(6,6,0),1777919880339994112,1777919880419291648,0
0,2,113,GEMM(6,8,0),1777919880419295744,1777919880498600448,0
0,2,115,GEMM(6,10,0),1777919880498604544,1777919880577903104,0
0,2,117,GEMM(6,12,0),1777919880577906176,1777919880657206784,0
0,2,119,GEMM(6,14,0),1777919880657210880,1777919880736512512,0
0,2,122,GEMM(7,2,0),1777919880736516608,1777919880815812096,0
0,2,124,GEMM(7,4,0),1777919880815815168,1777919880895116800,0
0,2,126,GEMM(7,6,0),1777919880895119872,1777919880974421504,0
0,2,128,GEMM(7,8,0),1777919880974424576,1777919881053715968,0
0,2,130,GEMM(7,10,0),1777919881053720064,1777919881133012480,0
0,2,132,GEMM(7,12,0),1777919881133015552,1777919881212315136,0
0,2,134,GEMM(7,14,0),1777919881212318208,1777919881291624960,0
0,2,137,GEMM(8,2,0),1777919881291629056,1777919881370923520,0
0,2,139,GEMM(8,4,0),1777919881370927616,1777919881450219008,0
0,2,141,GEMM(8,6,0),1777919881450223104,1777919881529513472,0
0,2,143,GEMM(8,8,0),1777919881529517568,1777919881608808960,0
0,2,145,GEMM(8,10,0),1777919881608813056,1777919881688097280,0
0,2,147,GEMM(8,12,0),1777919881688101376,1777919881767383552,0
0,2,149,GEMM(8,14,0),1777919881767387648,1777919881846680064,0
0,2,152,GEMM(9,2,0),1777919881846683136,1777919881925989888,0
0,2,154,GEMM(9,4,0),1777919881925992960,1777919882005283328,0
0,2,156,GEMM(9,6,0),1777919882005286400,1777919882084589056,0
0,2,158,GEMM(9,8,0),1777919882084592128,1777919882163892736,0
0,2,160,GEMM(9,10,0),1777919882163896832,1777919882243199488,0
0,2,162,GEMM(9,12,0),1777919882243203584,1777919882322504192,0
0,2,164,GEMM(9,14,0),1777919882322508288,1777919882401801728,0
0,2,167,GEMM(10,2,0),1777919882401804800,1777919882481103360,0
0,2,169,GEMM(10,4,0),1777919882481107456,1777919882560402944,0
0,2,171,GEMM(10,6,0),1777919882560407040,1777919882639709696,0
0,2,173,GEMM(10,8,0),1777919882639713792,1777919882719011328,0
0,2,175,GEMM(10,10,0),1777919882719015424,1777919882798316032,0
0,2,177,GEMM(10,12,0),1777919882798320128,1777919882877615616,0
0,2,179,GEMM(10,14,0),1777919882877619712,1777919882956917248,0
0,2,182,GEMM(11,2,0),1777919882956920320,1777919883036222976,0
0,2,184,GEMM(11,4,0),1777919883036227072,1777919883115522560,0
0,2,186,GEMM(11,6,0),1777919883115526656,1777919883194819072,0
0,2,188,GEMM(11,8,0),1777919883194823168,1777919883274112512,0
0,2,190,GEMM(11,10,0),1777919883274116608,1777919883353410048,0
0,2,192,GEMM(11,12,0),1777919883353414144,1777919883432714752,0
0,2,194,GEMM(11,14,0),1777919883432718848,1777919883512012288,0
0,2,197,GEMM(12,2,0),1777919883512015360,1777919883591300608,0
0,2,199,GEMM(12,4,0),1777919883591304704,1777919883670592000,0
0,2,201,GEMM(12,6,0),1777919883670595072,1777919883749886464,0
0,2,203,GEMM(12,8,0),1777919883749890560,1777919883829179904,0
0,2,205,GEMM(12,10,0),1777919883829184000,1777919883908472320,0
0,2,207,GEMM(12,12,0),1777919883908476416,1777919883987756544,0
0,2,209,GEMM(12,14,0),1777919883987760640,1777919884067044864,0
0,2,212,GEMM(13,2,0),1777919884067048960,1777919884146337280,0
0,2,214,GEMM(13,4,0),1777919884146341376,1777919884225633792,0
0,2,216,GEMM(13,6,0),1777919884225636864,1777919884304925184,0
0,2,218,GEMM(13,8,0),1777919884304929280,1777919884384212480,0
0,2,220,GEMM(13,10,0),1777919884384215552,1777919884463510016,0
0,2,222,GEMM(13,12,0),1777919884463513088,1777919884542809600,0
0,2,224,GEMM(13,14,0),1777919884542813696,1777919884622104064,0
0,2,227,GEMM(14,2,0),1777919884622108160,1777919884701402624,0
0,2,229,GEMM(14,4,0),1777919884701406720,1777919884780710400,0
0,2,231,GEMM(14,6,0),1777919884780713472,1777919884860013056,0
0,2,233,GEMM(14,8,0),1777919884860016128,1777919884939314688,0
0,2,235,GEMM(14,10,0),1777919884939318784,1777919885018612224,0
0,2,237,GEMM(14,12,0),1777919885018616320,1777919885097913856,0
0,2,239,GEMM(14,14,0),1777919885097917952,1777919885177212416,0
0,2,242,GEMM(15,2,0),1777919885177216512,1777919885256508928,0
0,2,244,GEMM(15,4,0),1777919885256512000,1777919885335813632,0
0,2,246,GEMM(15,6,0),1777919885335816704,1777919885415121408,0
0,2,248,GEMM(15,8,0),1777919885415125504,1777919885494425088,0
0,2,250,GEMM(15,10,0),1777919885494428160,1777919885573724672,0
0,2,252,GEMM(15,12,0),1777919885573727744,1777919885653027328,0
0,2,254,GEMM(15,14,0),1777919885653030400,1777919885732324864,0
0,2,258,TRSM_L(1,2),1777919901518596608,1777919901625694720,1777919885732326912
0,2,262,TRSM_L(1,4),1777919901625700864,1777919901732792832,1777919901625696768
0,2,266,TRSM_L(1,6),1777919901732800000,1777919901839903232,1777919901732795904
0,2,270,TRSM_L(1,8),1777919901839910400,1777919901947145728,1777919901839906304
0,2,274,TRSM_L(1,10),1777919901947152896,1777919902054140416,1777919901947148800
0,2,278,TRSM_L(1,12),1777919902054146560,1777919902161095168,1777919902054143488
0,2,282,TRSM_L(1,14),1777919902161102336,1777919902268249600,1777919902161098240
0,2,285,GEMM(2,2,1),1777919902268256768,1777919902464305664,1777919902268253696
0,2,287,GEMM(2,4,1),1777919902464312832,1777919902660169216,1777919902464308736
0,2,289,GEMM(2,6,1),1777919902660177408,1777919902856043008,1777919902660173312
0,2,291,GEMM(2,8,1),1777919902856050176,1777919903051849216,1777919902856046080
0,2,293,GEMM(2,10,1),1777919903051856384,1777919903247714816,1777919903051853312
0,2,295,GEMM(2,12,1),1777919903247721984,1777919903443572224,1777919903247718912
0,2,297,GEMM(2,14,1),1777919903443579392,1777919903639500288,1777919903443575296
0,2,299,GEMM(3,2,1),1777919903639508480,1777919903849925120,1777919903639504384
0,2,301,GEMM(3,4,1),1777919903849932288,1777919904060253696,1777919903849929216
0,2,303,GEMM(3,6,1),1777919904060260864,1777919904270672384,1777919904060256768
0,2,305,GEMM(3,8,1),1777919904270679552,1777919904481026560,1777919904270675456
0,2,307,GEMM(3,10,1),1777919904481033728,1777919904691276288,1777919904481029632
0,2,309,GEMM(3,12,1),1777919904691283456,1777919904901642752,1777919904691279360
0,2,311,GEMM(3,14,1),1777919904901649920,1777919905111954944,1777919904901646848
0,2,313,GEMM(4,2,1),1777919905111961088,1777919905303325184,1777919905111958016
0,2,315,GEMM(4,4,1),1777919905303332352,1777919905494680064,1777919905303329280
0,2,317,GEMM(4,6,1),1777919905494687232,1777919905685968384,1777919905494684160
0,2,319,GEMM(4,8,1),1777919905685975552,1777919905877433856,1777919905685971456
0,2,321,GEMM(4,10,1),1777919905877441024,1777919906068734464,1777919905877437952
0,2,323,GEMM(4,12,1),1777919906068741632,1777919906260089344,1777919906068737536
0,2,325,GEMM(4,14,1),1777919906260095488,1777919906451406336,1777919906260092416
0,2,327,GEMM(5,2,1),1777919906451412480,1777919906661856768,1777919906451409408
0,2,329,GEMM(5,4,1),1777919906661863936,1777919906872302080,1777919906661859840
0,2,331,GEMM(5,6,1),1777919906872310272,1777919907082983936,1777919906872306176
0,2,333,GEMM(5,8,1),1777919907082991104,1777919907293389312,1777919907082988032
0,2,335,GEMM(5,10,1),1777919907293396480,1777919907503915520,1777919907293393408
0,2,337,GEMM(5,12,1),1777919907503922688,1777919907714287104,1777919907503919616
0,2,339,GEMM(5,14,1),1777919907714294272,1777919907924694528,1777919907714291200
0,2,341,GEMM(6,2,1),1777919907924701696,1777919908120507904,1777919907924697600
0,2,343,GEMM(6,4,1),1777919908120515072,1777919908316352000,1777919908120510976
0,2,345,GEMM(6,6,1),1777919908316359168,1777919908512243200,1777919908316356096
0,2,347,GEMM(6,8,1),1777919908512250368,1777919908708172288,1777919908512246272
0,2,349,GEMM(6,10,1),1777919908708179456,1777919908904070656,1777919908708175360
0,2,351,GEMM(6,12,1),1777919908904077824,1777919909099883008,1777919908904074752
0,2,353,GEMM(6,14,1),1777919909099890176,1777919909295731200,1777919909099886080
0,2,355,GEMM(7,2,1),1777919909295738368,1777919909506209280,1777919909295735296
0,2,357,GEMM(7,4,1),1777919909506216448,1777919909716687360,1777919909506212352
0,2,359,GEMM(7,6,1),1777919909716694528,1777919909927109120,1777919909716691456
0,2,361,GEMM(7,8,1),1777919909927116288,1777919910137517568,1777919909927112192
0,2,363,GEMM(7,10,1),1777919910137524736,1777919910347915776,1777919910137521664
0,2,365,GEMM(7,12,1),1777919910347922944,1777919910558326272,1777919910347918848
0,2,367,GEMM(7,14,1),1777919910558333440,1777919910768764416,1777919910558330368
0,2,369,GEMM(8,2,1),1777919910768771584,1777919910960102912,1777919910768768512
0,2,371,GEMM(8,4,1),1777919910960110080,1777919911151463936,1777919910960107008
0,2,373,GEMM(8,6,1),1777919911151471104,1777919911342837248,1777919911151467008
0,2,375,GEMM(8,8,1),1777919911342844416,1777919911534110208,1777919911342840320
0,2,377,GEMM(8,10,1),1777919911534117376,1777919911725378048,1777919911534114304
0,2,379,GEMM(8,12,1),1777919911725385216,1777919911916791296,1777919911725382144
0,2,381,GEMM(8,14,1),1777919911916798464,1777919912108087808,1777919911916794368
0,2,383,GEMM(9,2,1),1777919912108094976,1777919912318392832,1777919912108090880
0,2,385,GEMM(9,4,1),1777919912318400000,1777919912528740864,1777919912318395904
0,2,387,GEMM(9,6,1),1777919912528748032,1777919912739133952,1777919912528743936
0,2,389,GEMM(9,8,1),1777919912739141120,1777919912949471744,1777919912739137024
0,2,391,GEMM(9,10,1),1777919912949478912,1777919913159798272,1777919912949475840
0,2,393,GEMM(9,12,1),1777919913159805440,1777919913370104320,1777919913159801344
0,2,395,GEMM(9,14,1),1777919913370111488,1777919913580493312,1777919913370107392
0,2,397,GEMM(10,2,1),1777919913580500480,1777919913776325120,1777919913580497408
0,2,399,GEMM(10,4,1),1777919913776332288,1777919913972181504,1777919913776328192
0,2,401,GEMM(10,6,1),1777919913972187648,1777919914168044032,1777919913972184576
0,2,403,GEMM(10,8,1),1777919914168052224,1777919914363944448,1777919914168048128
0,2,405,GEMM(10,10,1),1777919914363951616,1777919914559855104,1777919914363948544
0,2,407,GEMM(10,12,1),1777919914559862272,1777919914755615232,1777919914559858176
0,2,409,GEMM(10,14,1),1777919914755622400,1777919914951455232,1777919914755618304
0,2,411,GEMM(11,2,1),1777919914951462400,1777919915161846272,1777919914951458304
0,2,413,GEMM(11,4,1),1777919915161853440,1777919915372177920,1777919915161849344
0,2,415,GEMM(11,6,1),1777919915372185088,1777919915582407168,1777919915372182016
0,2,417,GEMM(11,8,1),1777919915582414336,1777919915792621056,1777919915582411264
0,2,419,GEMM(11,10,1),1777919915792628224,1777919916002910720,1777919915792624128
0,2,421,GEMM(11,12,1),1777919916002917888,1777919916213265920,1777919916002913792
0,2,423,GEMM(11,14,1),1777919916213272064,1777919916423642624,1777919916213268992
0,2,425,GEMM(12,2,1),1777919916423650816,1777919916614990336,1777919916423646720
0,2,427,GEMM(12,4,1),1777919916614997504,1777919916806270464,1777919916614994432
0,2,429,GEMM(12,6,1),1777919916806277632,1777919916997545472,1777919916806274560
0,2,431,GEMM(12,8,1),1777919916997552640,1777919917188918784,1777919916997549568
0,2,433,GEMM(12,10,1),1777919917188925952,1777919917380229632,1777919917188921856
0,2,435,GEMM(12,12,1),1777919917380236800,1777919917571556864,1777919917380233728
0,2,437,GEMM(12,14,1),1777919917571564032,1777919917762872832,1777919917571559936
0,2,439,GEMM(13,2,1),1777919917762880000,1777919917973253632,1777919917762875904
0,2,441,GEMM(13,4,1),1777919917973260800,1777919918183567872,1777919917973256704
0,2,443,GEMM(13,6,1),1777919918183575040,1777919918393934336,1777919918183570944
0,2,445,GEMM(13,8,1),1777919918393941504,1777919918604198400,1777919918393938432
0,2,447,GEMM(13,10,1),1777919918604205568,1777919918814671360,1777919918604202496
0,2,449,GEMM(13,12,1),1777919918814678528,1777919919025026560,1777919918814674432
0,2,451,GEMM(13,14,1),1777919919025033728,1777919919235403264,1777919919025030656
0,2,453,GEMM(14,2,1),1777919919235410432,1777919919431177728,1777919919235406336
0,2,455,GEMM(14,4,1),1777919919431184896,1777919919627012608,1777919919431181824
0,2,457,GEMM(14,6,1),1777919919627019776,1777919919822839296,1777919919627016704
0,2,459,GEMM(14,8,1),1777919919822846464,1777919920018663936,1777919919822842368
0,2,461,GEMM(14,10,1),1777919920018671104,1777919920214399488,1777919920018668032
0,2,463,GEMM(14,12,1),1777919920214406656,1777919920410231296,1777919920214403584
0,2,465,GEMM(14,14,1),1777919920410238464,1777919920606071296,1777919920410235392
0,2,467,GEMM(15,2,1),1777919920606078464,1777919920816477696,1777919920606075392
0,2,469,GEMM(15,4,1),1777919920816484864,1777919921026943488,1777919920816480768
0,2,471,GEMM(15,6,1),1777919921026950656,1777919921237276160,1777919921026947584
0,2,473,GEMM(15,8,1),1777919921237283328,1777919921447511552,1777919921237279232
0,2,475,GEMM(15,10,1),1777919921447518720,1777919921657846272,1777919921447515648
0,2,477,GEMM(15,12,1),1777919921657853440,1777919921868297728,1777919921657850368
0,2,479,GEMM(15,14,1),1777919921868304896,1777919922078582272,1777919921868301824
0,2,481,GETRF(2),1777919922078586368,1777919922107705856,0
0,2,482,TRSM_R(3,2),1777919922107712000,1777919922154795520,0
0,2,484,TRSM_R(4,2),1777919922154802688,1777919922202026496,0
0,2,485,TRSM_L(2,4),1777919922202034688,1777919922244588032,0
0,2,486,TRSM_R(5,2),1777919922244590080,1777919922291728896,0
0,2,488,TRSM_R(6,2),1777919922291736064,1777919922338880000,0
0,2,489,TRSM_L(2,6),1777919922338888192,1777919922381297152,0
0,2,490,TRSM_R(7,2),1777919922381298176,1777919922428381696,0
0,2,492,TRSM_R(8,2),1777919922428389888,1777919922475507200,0
0,2,493,TRSM_L(2,8),1777919922475515392,1777919922517934592,0
0,2,494,TRSM_R(9,2),1777919922517936640,1777919922565059072,0
0,2,496,TRSM_R(10,2),1777919922565067264,1777919922612205056,0
0,2,497,TRSM_L(2,10),1777919922612214272,1777919922654625280,0
0,2,498,TRSM_R(11,2),1777919922654627328,1777919922701745664,0
0,2,500,TRSM_R(12,2),1777919922701752832,1777919922748834304,0
0,2,501,TRSM_L(2,12),1777919922748842496,1777919922791255552,0
0,2,502,TRSM_R(13,2),1777919922791257600,1777919922838329856,0
0,2,504,TRSM_R(14,2),1777919922838338048,1777919922885483008,0
0,2,505,TRSM_L(2,14),1777919922885492224,1777919922927912448,0
0,2,506,TRSM_R(15,2),1777919922927914496,1777919922975045120,0
0,2,509,GEMM(3,4,2),1777919922975055360,1777919923054361088,0
0,2,511,GEMM(3,6,2),1777919923054364160,1777919923133662720,0
0,2,513,GEMM(3,8,2),1777919923133665792,1777919923212962304,0
0,2,515,GEMM(3,10,2),1777919923212965376,1777919923292267008,0
0,2,517,GEMM(3,12,2),1777919923292270080,1777919923371573760,0
0,2,519,GEMM(3,14,2),1777919923371576832,1777919923450872320,0
0,2,522,GEMM(4,4,2),1777919923450875392,1777919923530178048,0
0,2,524,GEMM(4,6,2),1777919923530181120,1777919923609477632,0
0,2,526,GEMM(4,8,2),1777919923609481728,1777919923688778240,0
0,2,528,GEMM(4,10,2),1777919923688782336,1777919923768087040,0
0,2,530,GEMM(4,12,2),1777919923768091136,1777919923847392768,0
0,2,532,GEMM(4,14,2),1777919923847395840,1777919923926699520,0
0,2,535,GEMM(5,4,2),1777919923926703616,1777919924006008320,0
0,2,537,GEMM(5,6,2),1777919924006012416,1777919924085318144,0
0,2,539,GEMM(5,8,2),1777919924085322240,1777919924164634112,0
0,2,541,GEMM(5,10,2),1777919924164637184,1777919924243942912,0
0,2,543,GEMM(5,12,2),1777919924243945984,1777919924323244544,0
0,2,545,GEMM(5,14,2),1777919924323247616,1777919924402552320,0
0,2,548,GEMM(6,4,2),1777919924402556416,1777919924481851904,0
0,2,550,GEMM(6,6,2),1777919924481854976,1777919924561153536,0
0,2,552,GEMM(6,8,2),1777919924561157632,1777919924640450048,0
0,2,554,GEMM(6,10,2),1777919924640454144,1777919924719754752,0
0,2,556,GEMM(6,12,2),1777919924719758848,1777919924799047168,0
0,2,558,GEMM(6,14,2),1777919924799051264,1777919924878346752,0
0,2,561,GEMM(7,4,2),1777919924878349824,1777919924957643264,0
0,2,563,GEMM(7,6,2),1777919924957647360,1777919925036944896,0
0,2,565,GEMM(7,8,2),1777919925036947968,1777919925116233216,0
0,2,567,GEMM(7,10,2),1777919925116237312,1777919925195525632,0
0,2,569,GEMM(7,12,2),1777919925195529728,1777919925274817024,0
0,2,571,GEMM(7,14,2),1777919925274821120,1777919925354107392,0
0,2,574,GEMM(8,4,2),1777919925354110464,1777919925433392640,0
0,2,576,GEMM(8,6,2),1777919925433396736,1777919925512686080,0
0,2,578,GEMM(8,8,2),1777919925512690176,1777919925591973376,0
0,2,580,GEMM(8,10,2),1777919925591977472,1777919925671268864,0
0,2,582,GEMM(8,12,2),1777919925671272960,1777919925750561280,0
0,2,584,GEMM(8,14,2),1777919925750564352,1777919925829847552,0
0,2,587,GEMM(9,4,2),1777919925829850624,1777919925909148160,0
0,2,589,GEMM(9,6,2),1777919925909152256,1777919925988452864,0
0,2,591,GEMM(9,8,2),1777919925988456960,1777919926067754496,0
0,2,593,GEMM(9,10,2),1777919926067757568,1777919926147060224,0
0,2,595,GEMM(9,12,2),1777919926147064320,1777919926226360832,0
0,2,597,GEMM(9,14,2),1777919926226364928,1777919926305660416,0
0,2,600,GEMM(10,4,2),1777919926305664512,1777919926384957952,0
0,2,602,GEMM(10,6,2),1777919926384961024,1777919926464256512,0
0,2,604,GEMM(10,8,2),1777919926464260608,1777919926543559168,0
0,2,606,GEMM(10,10,2),1777919926543562240,1777919926622857728,0
0,2,608,GEMM(10,12,2),1777919926622860800,1777919926702161408,0
0,2,610,GEMM(10,14,2),1777919926702165504,1777919926781460992,0
0,2,613,GEMM(11,4,2),1777919926781465088,1777919926860761600,0
0,2,615,GEMM(11,6,2),1777919926860765696,1777919926940070400,0
0,2,617,GEMM(11,8,2),1777919926940074496,1777919927019372032,0
0,2,619,GEMM(11,10,2),1777919927019376128,1777919927098677760,0
0,2,621,GEMM(11,12,2),1777919927098681856,1777919927177987584,0
0,2,623,GEMM(11,14,2),1777919927177990656,1777919927257290240,0
0,2,626,GEMM(12,4,2),1777919927257293312,1777919927336593920,0
0,2,628,GEMM(12,6,2),1777919927336596992,1777919927415894528,0
0,2,630,GEMM(12,8,2),1777919927415897600,1777919927495183872,0
0,2,632,GEMM(12,10,2),1777919927495186944,1777919927574475264,0
0,2,634,GEMM(12,12,2),1777919927574479360,1777919927653764608,0
0,2,636,GEMM(12,14,2),1777919927653768704,1777919927733057024,0
0,2,639,GEMM(13,4,2),1777919927733060096,1777919927812354560,0
0,2,641,GEMM(13,6,2),1777919927812357632,1777919927891650048,0
0,2,643,GEMM(13,8,2),1777919927891653120,1777919927970945536,0
0,2,645,GEMM(13,10,2),1777919927970948608,1777919928050234880,0
0,2,647,GEMM(13,12,2),1777919928050238976,1777919928129533440,0
0,2,649,GEMM(13,14,2),1777919928129537536,1777919928208834048,0
0,2,652,GEMM(14,4,2),1777919928208837120,1777919928288131584,0
0,2,654,GEMM(14,6,2),1777919928288134656,1777919928367440384,0
0,2,656,GEMM(14,8,2),1777919928367444480,1777919928446738944,0
0,2,658,GEMM(14,10,2),1777919928446742016,1777919928526046720,0
0,2,660,GEMM(14,12,2),1777919928526049792,1777919928605346304,0
0,2,662,GEMM(14,14,2),1777919928605349376,1777919928684645888,0
0,2,665,GEMM(15,4,2),1777919928684648960,1777919928763944448,0
0,2,667,GEMM(15,6,2),1777919928763947520,1777919928843233792,0
0,2,669,GEMM(15,8,2),1777919928843236864,1777919928922532352,0
0,2,671,GEMM(15,10,2),1777919928922536448,1777919929001830912,0
0,2,673,GEMM(15,12,2),1777919929001833984,1777919929081131520,0
0,2,675,GEMM(15,14,2),1777919929081134592,1777919929160438272,0
0,2,679,TRSM_L(3,4),1777919941271639552,1777919941378861568,1777919929160441344
0,2,683,TRSM_L(3,6),1777919941378867712,1777919941486121472,1777919941378863616
0,2,687,TRSM_L(3,8),1777919941486128640,1777919941593211392,1777919941486124544
0,2,691,TRSM_L(3,10),1777919941593217536,1777919941700280832,1777919941593214464
0,2,695,TRSM_L(3,12),1777919941700286976,1777919941807200768,1777919941700283904
0,2,699,TRSM_L(3,14),1777919941807206912,1777919941914862080,1777919941807203840
0,2,702,GEMM(4,4,3),1777919941914869248,1777919942106285568,1777919941914865152
0,2,704,GEMM(4,6,3),1777919942106292736,1777919942297613824,1777919942106289664
0,2,706,GEMM(4,8,3),1777919942297620992,1777919942488888832,1777919942297617920
0,2,708,GEMM(4,10,3),1777919942488896000,1777919942680269312,1777919942488892928
0,2,710,GEMM(4,12,3),1777919942680276480,1777919942871640576,1777919942680273408
0,2,712,GEMM(4,14,3),1777919942871647744,1777919943063032320,1777919942871643648
0,2,714,GEMM(5,4,3),1777919943063039488,1777919943273143808,1777919943063035392
0,2,716,GEMM(5,6,3),1777919943273150976,1777919943483416064,1777919943273146880
0,2,718,GEMM(5,8,3),1777919943483423232,1777919943693584896,1777919943483420160
0,2,720,GEMM(5,10,3),1777919943693592064,1777919943903768064,1777919943693588992
0,2,722,GEMM(5,12,3),1777919943903775232,1777919944113926656,1777919943903772160
0,2,724,GEMM(5,14,3),1777919944113933824,1777919944324035072,1777919944113930752
0,2,726,GEMM(6,4,3),1777919944324042240,1777919944519647744,1777919944324039168
0,2,728,GEMM(6,6,3),1777919944519654912,1777919944715548160,1777919944519650816
0,2,730,GEMM(6,8,3),1777919944715555328,1777919944911317504,1777919944715551232
0,2,732,GEMM(6,10,3),1777919944911324672,1777919945107052032,1777919944911321600
0,2,734,GEMM(6,12,3),1777919945107059200,1777919945302832640,1777919945107056128
0,2,736,GEMM(6,14,3),1777919945302839808,1777919945498552832,1777919945302835712
0,2,738,GEMM(7,4,3),1777919945498560000,1777919945708765696,1777919945498556928
0,2,740,GEMM(7,6,3),1777919945708772864,1777919945918939648,1777919945708769792
0,2,742,GEMM(7,8,3),1777919945918946816,1777919946129156608,1777919945918942720
0,2,744,GEMM(7,10,3),1777919946129163776,1777919946339397120,1777919946129160704
0,2,746,GEMM(7,12,3),1777919946339404288,1777919946549646848,1777919946339400192
0,2,748,GEMM(7,14,3),1777919946549654016,1777919946759846400,1777919946549649920
0,2,750,GEMM(8,4,3),1777919946759853568,1777919946951187968,1777919946759850496
0,2,752,GEMM(8,6,3),1777919946951195136,1777919947142541824,1777919946951192064
0,2,754,GEMM(8,8,3),1777919947142548992,1777919947333916160,1777919947142545920
0,2,756,GEMM(8,10,3),1777919947333923328,1777919947525206528,1777919947333919232
0,2,758,GEMM(8,12,3),1777919947525213696,1777919947716486656,1777919947525209600
0,2,760,GEMM(8,14,3),1777919947716493824,1777919947907849728,1777919947716489728
0,2,762,GEMM(9,4,3),1777919947907856896,1777919948117976576,1777919947907853824
0,2,764,GEMM(9,6,3),1777919948117983744,1777919948328273408,1777919948117980672
0,2,766,GEMM(9,8,3),1777919948328279552,1777919948538406400,1777919948328276480
0,2,768,GEMM(9,10,3),1777919948538413568,1777919948748537344,1777919948538410496
0,2,770,GEMM(9,12,3),1777919948748544512,1777919948958681600,1777919948748540416
0,2,772,GEMM(9,14,3),1777919948958688768,1777919949168848384,1777919948958684672
0,2,774,GEMM(10,4,3),1777919949168854528,1777919949364548096,1777919949168851456
0,2,776,GEMM(10,6,3),1777919949364555264,1777919949560376832,1777919949364552192
0,2,778,GEMM(10,8,3),1777919949560384000,1777919949756194304,1777919949560380928
0,2,780,GEMM(10,10,3),1777919949756201472,1777919949951983104,1777919949756197376
0,2,782,GEMM(10,12,3),1777919949951990272,1777919950147735040,1777919949951986176
0,2,784,GEMM(10,14,3),1777919950147742208,1777919950343416320,1777919950147739136
0,2,786,GEMM(11,4,3),1777919950343423488,1777919950553637376,1777919950343420416
0,2,788,GEMM(11,6,3),1777919950553644544,1777919950763908608,1777919950553641472
0,2,790,GEMM(11,8,3),1777919950763916800,1777919950974180864,1777919950763912704
0,2,792,GEMM(11,10,3),1777919950974188032,1777919951184374272,1777919950974183936
0,2,794,GEMM(11,12,3),1777919951184381440,1777919951394478592,1777919951184378368
0,2,796,GEMM(11,14,3),1777919951394485760,1777919951604748800,1777919951394481664
0,2,798,GEMM(12,4,3),1777919951604754944,1777919951796137472,1777919951604751872
0,2,800,GEMM(12,6,3),1777919951796144640,1777919951987470848,1777919951796141568
0,2,802,GEMM(12,8,3),1777919951987478016,1777919952178913792,1777919951987473920
0,2,804,GEMM(12,10,3),1777919952178920960,1777919952370274816,1777919952178916864
0,2,806,GEMM(12,12,3),1777919952370281984,1777919952561625600,1777919952370278912
0,2,808,GEMM(12,14,3),1777919952561632768,1777919952752994816,1777919952561629696
0,2,810,GEMM(13,4,3),1777919952753001984,1777919952963216896,1777919952752997888
0,2,812,GEMM(13,6,3),1777919952963224064,1777919953173458432,1777919952963219968
0,2,814,GEMM(13,8,3),1777919953173465600,1777919953383689728,1777919953173462528
0,2,816,GEMM(13,10,3),1777919953383696896,1777919953593947648,1777919953383693824
0,2,818,GEMM(13,12,3),1777919953593954816,1777919953804248576,1777919953593950720
0,2,820,GEMM(13,14,3),1777919953804255744,1777919954014612992,1777919953804251648
0,2,822,GEMM(14,4,3),1777919954014620160,1777919954210374144,1777919954014617088
0,2,824,GEMM(14,6,3),1777919954210381312,1777919954406060544,1777919954210378240
0,2,826,GEMM(14,8,3),1777919954406067712,1777919954601782784,1777919954406063616
0,2,828,GEMM(14,10,3),1777919954601789952,1777919954797517312,1777919954601786880
0,2,830,GEMM(14,12,3),1777919954797524480,1777919954993269248,1777919954797521408
0,2,832,GEMM(14,14,3),1777919954993276416,1777919955189046784,1777919954993273344
0,2,834,GEMM(15,4,3),1777919955189053952,1777919955399295488,1777919955189050880
0,2,836,GEMM(15,6,3),1777919955399302656,1777919955609538048,1777919955399299584
0,2,838,GEMM(15,8,3),1777919955609545216,1777919955819874816,1777919955609542144
0,2,840,GEMM(15,10,3),1777919955819881984,1777919956030139904,1777919955819878912
0,2,842,GEMM(15,12,3),1777919956030147072,1777919956240470528,1777919956030144000
0,2,844,GEMM(15,14,3),1777919956240477696,1777919956450743808,1777919956240474624
0,2,846,GETRF(4),1777919956450746880,1777919956479865344,0
0,2,847,TRSM_R(5,4),1777919956479871488,1777919956526916096,0
0,2,849,TRSM_R(6,4),1777919956526925312,1777919956574089728,0
0,2,850,TRSM_L(4,6),1777919956574099968,1777919956616606208,0
0,2,851,TRSM_R(7,4),1777919956616608256,1777919956663790080,0
0,2,853,TRSM_R(8,4),1777919956663798272,1777919956710910464,0
0,2,854,TRSM_L(4,8),1777919956710920704,1777919956753325568,0
0,2,855,TRSM_R(9,4),1777919956753328640,1777919956800442880,0
0,2,857,TRSM_R(10,4),1777919956800453120,1777919956847549952,0
0,2,858,TRSM_L(4,10),1777919956847559168,1777919956890004992,0
0,2,859,TRSM_R(11,4),1777919956890009088,1777919956937103872,0
0,2,861,TRSM_R(12,4),1777919956937113088,1777919956984187392,0
0,2,862,TRSM_L(4,12),1777919956984197632,1777919957026598400,0
0,2,863,TRSM_R(13,4),1777919957026600448,1777919957073734144,0
0,2,865,TRSM_R(14,4),1777919957073742336,1777919957120838144,0
0,2,866,TRSM_L(4,14),1777919957120847360,1777919957163261440,0
0,2,867,TRSM_R(15,4),1777919957163262464,1777919957210345984,0
0,2,870,GEMM(5,6,4),1777919957210356224,1777919957289650688,0
0,2,872,GEMM(5,8,4),1777919957289653760,1777919957368943104,0
0,2,874,GEMM(5,10,4),1777919957368946176,1777919957448228352,0
0,2,876,GEMM(5,12,4),1777919957448231424,1777919957527522816,0
0,2,878,GEMM(5,14,4),1777919957527526912,1777919957606812160,0
0,2,881,GEMM(6,6,4),1777919957606815232,1777919957686107648,0
0,2,883,GEMM(6,8,4),1777919957686111744,1777919957765400064,0
0,2,885,GEMM(6,10,4),1777919957765404160,1777919957844701696,0
0,2,887,GEMM(6,12,4),1777919957844705792,1777919957924002304,0
0,2,889,GEMM(6,14,4),1777919957924005376,1777919958003296768,0
0,2,892,GEMM(7,6,4),1777919958003300864,1777919958082587136,0
0,2,894,GEMM(7,8,4),1777919958082591232,1777919958161884672,0
0,2,896,GEMM(7,10,4),1777919958161887744,1777919958241175040,0
0,2,898,GEMM(7,12,4),1777919958241178112,1777919958320468480,0
0,2,900,GEMM(7,14,4),1777919958320471552,1777919958399764992,0
0,2,903,GEMM(8,6,4),1777919958399768064,1777919958479047168,0
0,2,905,GEMM(8,8,4),1777919958479050240,1777919958558339584,0
0,2,907,GEMM(8,10,4),1777919958558343680,1777919958637635072,0
0,2,909,GEMM(8,12,4),1777919958637638144,1777919958716922368,0
0,2,911,GEMM(8,14,4),1777919958716926464,1777919958796216832,0
0,2,914,GEMM(9,6,4),1777919958796220928,1777919958875522560,0
0,2,916,GEMM(9,8,4),1777919958875525632,1777919958954826240,0
0,2,918,GEMM(9,10,4),1777919958954829312,1777919959034120704,0
0,2,920,GEMM(9,12,4),1777919959034123776,1777919959113418240,0
0,2,922,GEMM(9,14,4),1777919959113422336,1777919959192720896,0
0,2,925,GEMM(10,6,4),1777919959192724992,1777919959272026624,0
0,2,927,GEMM(10,8,4),1777919959272029696,1777919959351334400,0
0,2,929,GEMM(10,10,4),1777919959351337472,1777919959430637056,0
0,2,931,GEMM(10,12,4),1777919959430641152,1777919959509936640,0
0,2,933,GEMM(10,14,4),1777919959509940736,1777919959589237248,0
0,2,936,GEMM(11,6,4),1777919959589241344,1777919959668545024,0
0,2,938,GEMM(11,8,4),1777919959668549120,1777919959747842560,0
0,2,940,GEMM(11,10,4),1777919959747846656,1777919959827140096,0
0,2,942,GEMM(11,12,4),1777919959827144192,1777919959906442752,0
0,2,944,GEMM(11,14,4),1777919959906446848,1777919959985741312,0
0,2,947,GEMM(12,6,4),1777919959985745408,1777919960065040896,0
0,2,949,GEMM(12,8,4),1777919960065044992,1777919960144329216,0
0,2,951,GEMM(12,10,4),1777919960144333312,1777919960223625728,0
0,2,953,GEMM(12,12,4),1777919960223628800,1777919960302921216,0
0,2,955,GEMM(12,14,4),1777919960302924288,1777919960382213632,0
0,2,958,GEMM(13,6,4),1777919960382216704,1777919960461511168,0
0,2,960,GEMM(13,8,4),1777919960461515264,1777919960540807680,0
0,2,962,GEMM(13,10,4),1777919960540810752,1777919960620104192,0
0,2,964,GEMM(13,12,4),1777919960620107264,1777919960699400704,0
0,2,966,GEMM(13,14,4),1777919960699403776,1777919960778683904,0
0,2,969,GEMM(14,6,4),1777919960778688000,1777919960857973248,0
0,2,971,GEMM(14,8,4),1777919960857977344,1777919960937259520,0
0,2,973,GEMM(14,10,4),1777919960937263616,1777919961016548864,0
0,2,975,GEMM(14,12,4),1777919961016552960,1777919961095839232,0
0,2,977,GEMM(14,14,4),1777919961095843328,1777919961175123456,0
0,2,980,GEMM(15,6,4),1777919961175127552,1777919961254422016,0
0,2,982,GEMM(15,8,4),1777919961254426112,1777919961333712384,0
0,2,984,GEMM(15,10,4),1777919961333715456,1777919961413006848,0
0,2,986,GEMM(15,12,4),1777919961413009920,1777919961492300288,0
0,2,988,GEMM(15,14,4),1777919961492304384,1777919961571591680,0
0,2,992,TRSM_L(5,6),1777919970477531648,1777919970584730112,1777919961571592704
0,2,996,TRSM_L(5,8),1777919970584736256,1777919970692105728,1777919970584733184
0,2,1000,TRSM_L(5,10),1777919970692111872,1777919970799350272,1777919970692107776
0,2,1004,TRSM_L(5,12),1777919970799357440,1777919970906793472,1777919970799353344
0,2,1008,TRSM_L(5,14),1777919970906799616,1777919971014137344,1777919970906795520
0,2,1011,GEMM(6,6,5),1777919971014144512,1777919971210033664,1777919971014141440
0,2,1013,GEMM(6,8,5),1777919971210040832,1777919971405923840,1777919971210037760
0,2,1015,GEMM(6,10,5),1777919971405929984,1777919971601805824,1777919971405926912
0,2,1017,GEMM(6,12,5),1777919971601812992,1777919971797620224,1777919971601808896
0,2,1019,GEMM(6,14,5),1777919971797627392,1777919971993420288,1777919971797624320
0,2,1021,GEMM(7,6,5),1777919971993427456,1777919972203807232,1777919971993424384
0,2,1023,GEMM(7,8,5),1777919972203814400,1777919972414184960,1777919972203811328
0,2,1025,GEMM(7,10,5),1777919972414192128,1777919972624548352,1777919972414188032
0,2,1027,GEMM(7,12,5),1777919972624555520,1777919972834902528,1777919972624552448
0,2,1029,GEMM(7,14,5),1777919972834909696,1777919973045356032,1777919972834905600
0,2,1031,GEMM(8,6,5),1777919973045363200,1777919973236833792,1777919973045360128
0,2,1033,GEMM(8,8,5),1777919973236840960,1777919973428251136,1777919973236837888
0,2,1035,GEMM(8,10,5),1777919973428258304,1777919973619608064,1777919973428255232
0,2,1037,GEMM(8,12,5),1777919973619615232,1777919973810935296,1777919973619611136
0,2,1039,GEMM(8,14,5),1777919973810942464,1777919974002314752,1777919973810939392
0,2,1041,GEMM(9,6,5),1777919974002321920,1777919974212554240,1777919974002318848
0,2,1043,GEMM(9,8,5),1777919974212561408,1777919974422818304,1777919974212558336
0,2,1045,GEMM(9,10,5),1777919974422825472,1777919974633255424,1777919974422822400
0,2,1047,GEMM(9,12,5),1777919974633262592,1777919974843595264,1777919974633258496
0,2,1049,GEMM(9,14,5),1777919974843602432,1777919975053978112,1777919974843599360
0,2,1051,GEMM(10,6,5),1777919975053985280,1777919975249812992,1777919975053982208
0,2,1053,GEMM(10,8,5),1777919975249820160,1777919975445606912,1777919975249816064
0,2,1055,GEMM(10,10,5),1777919975445613056,1777919975641411072,1777919975445609984
0,2,1057,GEMM(10,12,5),1777919975641418240,1777919975837267456,1777919975641415168
0,2,1059,GEMM(10,14,5),1777919975837274624,1777919976033059328,1777919975837270528
0,2,1061,GEMM(11,6,5),1777919976033066496,1777919976243323392,1777919976033063424
0,2,1063,GEMM(11,8,5),1777919976243330560,1777919976453613056,1777919976243327488
0,2,1065,GEMM(11,10,5),1777919976453620224,1777919976663962112,1777919976453616128
0,2,1067,GEMM(11,12,5),1777919976663969280,1777919976874371584,1777919976663966208
0,2,1069,GEMM(11,14,5),1777919976874378752,1777919977084643840,1777919976874375680
0,2,1071,GEMM(12,6,5),1777919977084651008,1777919977275969024,1777919977084647936
0,2,1073,GEMM(12,8,5),1777919977275977216,1777919977467254272,1777919977275973120
0,2,1075,GEMM(12,10,5),1777919977467261440,1777919977658705408,1777919977467257344
0,2,1077,GEMM(12,12,5),1777919977658711552,1777919977850134016,1777919977658708480
0,2,1079,GEMM(12,14,5),1777919977850141184,1777919978041482752,1777919977850137088
0,2,1081,GEMM(13,6,5),1777919978041490944,1777919978251900416,1777919978041486848
0,2,1083,GEMM(13,8,5),1777919978251907584,1777919978462237184,1777919978251904512
0,2,1085,GEMM(13,10,5),1777919978462244352,1777919978672614912,1777919978462240256
0,2,1087,GEMM(13,12,5),1777919978672622080,1777919978883107328,1777919978672619008
0,2,1089,GEMM(13,14,5),1777919978883114496,1777919979093450240,1777919978883110400
0,2,1091,GEMM(14,6,5),1777919979093457408,1777919979289277952,1777919979093454336
0,2,1093,GEMM(14,8,5),1777919979289285120,1777919979485085184,1777919979289282048
0,2,1095,GEMM(14,10,5),1777919979485092352,1777919979680938496,1777919979485088256
0,2,1097,GEMM(14,12,5),1777919979680945664,1777919979876616704,1777919979680941568
0,2,1099,GEMM(14,14,5),1777919979876623872,1777919980072405504,1777919979876619776
0,2,1101,GEMM(15,6,5),1777919980072413696,1777919980282769920,1777919980072409600
0,2,1103,GEMM(15,8,5),1777919980282777088,1777919980493043200,1777919980282772992
0,2,1105,GEMM(15,10,5),1777919980493049344,1777919980703340032,1777919980493046272
0,2,1107,GEMM(15,12,5),1777919980703347200,1777919980913600000,1777919980703343104
0,2,1109,GEMM(15,14,5),1777919980913607168,1777919981123939840,1777919980913603072
0,2,1111,GETRF(6),1777919981123942912,1777919981153076736,0
0,2,1112,TRSM_R(7,6),1777919981153082880,1777919981200171520,0
0,2,1114,TRSM_R(8,6),1777919981200179712,1777919981247302144,0
0,2,1115,TRSM_L(6,8),1777919981247310336,1777919981289862656,0
0,2,1116,TRSM_R(9,6),1777919981289864704,1777919981337101824,0
0,2,1118,TRSM_R(10,6),1777919981337108992,1777919981384248832,0
0,2,1119,TRSM_L(6,10),1777919981384257024,1777919981426660864,0
0,2,1120,TRSM_R(11,6),1777919981426663936,1777919981473787392,0
0,2,1122,TRSM_R(12,6),1777919981473795584,1777919981520918016,0
0,2,1123,TRSM_L(6,12),1777919981520926208,1777919981563338240,0
0,2,1124,TRSM_R(13,6),1777919981563340288,1777919981610460672,0
0,2,1126,TRSM_R(14,6),1777919981610468864,1777919981657605632,0
0,2,1127,TRSM_L(6,14),1777919981657613824,1777919981700065792,0
0,2,1128,TRSM_R(15,6),1777919981700066816,1777919981747208704,0
0,2,1131,GEMM(7,8,6),1777919981747218944,1777919981826521600,0
0,2,1133,GEMM(7,10,6),1777919981826524672,1777919981905821184,0
0,2,1135,GEMM(7,12,6),1777919981905825280,1777919981985112576,0
0,2,1137,GEMM(7,14,6),1777919981985115648,1777919982064409088,0
0,2,1140,GEMM(8,8,6),1777919982064413184,1777919982143712768,0
0,2,1142,GEMM(8,10,6),1777919982143716864,1777919982223010304,0
0,2,1144,GEMM(8,12,6),1777919982223014400,1777919982302313984,0
0,2,1146,GEMM(8,14,6),1777919982302317056,1777919982381612544,0
0,2,1149,GEMM(9,8,6),1777919982381616640,1777919982460924416,0
0,2,1151,GEMM(9,10,6),1777919982460928512,1777919982540228096,0
0,2,1153,GEMM(9,12,6),1777919982540231168,1777919982619528704,0
0,2,1155,GEMM(9,14,6),1777919982619531776,1777919982698826240,0
0,2,1158,GEMM(10,8,6),1777919982698830336,1777919982778120704,0
0,2,1160,GEMM(10,10,6),1777919982778124800,1777919982857417216,0
0,2,1162,GEMM(10,12,6),1777919982857421312,1777919982936714752,0
0,2,1164,GEMM(10,14,6),1777919982936718848,1777919983016009216,0
0,2,1167,GEMM(11,8,6),1777919983016013312,1777919983095300608,0
0,2,1169,GEMM(11,10,6),1777919983095304704,1777919983174594048,0
0,2,1171,GEMM(11,12,6),1777919983174598144,1777919983253884416,0
0,2,1173,GEMM(11,14,6),1777919983253888512,1777919983333180928,0
0,2,1176,GEMM(12,8,6),1777919983333184000,1777919983412470272,0
0,2,1178,GEMM(12,10,6),1777919983412474368,1777919983491763712,0
0,2,1180,GEMM(12,12,6),1777919983491766784,1777919983571051008,0
0,2,1182,GEMM(12,14,6),1777919983571055104,1777919983650347520,0
0,2,1185,GEMM(13,8,6),1777919983650351616,1777919983729647104,0
0,2,1187,GEMM(13,10,6),1777919983729650176,1777919983808939520,0
0,2,1189,GEMM(13,12,6),1777919983808943616,1777919983888237056,0
0,2,1191,GEMM(13,14,6),1777919983888241152,1777919983967538688,0
0,2,1194,GEMM(14,8,6),1777919983967541760,1777919984046836224,0
0,2,1196,GEMM(14,10,6),1777919984046839296,1777919984126137856,0
0,2,1198,GEMM(14,12,6),1777919984126140928,1777919984205436416,0
0,2,1200,GEMM(14,14,6),1777919984205439488,1777919984284742144,0
0,2,1203,GEMM(15,8,6),1777919984284745216,1777919984364049920,0
0,2,1205,GEMM(15,10,6),1777919984364054016,1777919984443356672,0
0,2,1207,GEMM(15,12,6),1777919984443360768,1777919984522664448,0
0,2,1209,GEMM(15,14,6),1777919984522667520,1777919984601966080,0
0,2,1213,TRSM_L(7,8),1777919990812885504,1777919990919876096,1777919984601968128
0,2,1217,TRSM_L(7,10),1777919990919882240,1777919991026949632,1777919990919879168
0,2,1221,TRSM_L(7,12),1777919991026956800,1777919991133974016,1777919991026952704
0,2,1225,TRSM_L(7,14),1777919991133981184,1777919991241168384,1777919991133977088
0,2,1228,GEMM(8,8,7),1777919991241175552,1777919991432545792,1777919991241172480
0,2,1230,GEMM(8,10,7),1777919991432552960,1777919991623805440,1777919991432548864
0,2,1232,GEMM(8,12,7),1777919991623812608,1777919991815100928,1777919991623808512
0,2,1234,GEMM(8,14,7),1777919991815108096,1777919992006365696,1777919991815104000
0,2,1236,GEMM(9,8,7),1777919992006372864,1777919992216622592,1777919992006369792
0,2,1238,GEMM(9,10,7),1777919992216628736,1777919992426754560,1777919992216625664
0,2,1240,GEMM(9,12,7),1777919992426761728,1777919992636849664,1777919992426758656
0,2,1242,GEMM(9,14,7),1777919992636856832,1777919992847000064,1777919992636853760
0,2,1244,GEMM(10,8,7),1777919992847007232,1777919993042731520,1777919992847004160
0,2,1246,GEMM(10,10,7),1777919993042739712,1777919993238415872,1777919993042735616
0,2,1248,GEMM(10,12,7),1777919993238423040,1777919993434097152,1777919993238419968
0,2,1250,GEMM(10,14,7),1777919993434104320,1777919993629798912,1777919993434101248
0,2,1252,GEMM(11,8,7),1777919993629806080,1777919993839827456,1777919993629803008
0,2,1254,GEMM(11,10,7),1777919993839834624,1777919994049896960,1777919993839830528
0,2,1256,GEMM(11,12,7),1777919994049904128,1777919994259967488,1777919994049900032
0,2,1258,GEMM(11,14,7),1777919994259974656,1777919994469969408,1777919994259971584
0,2,1260,GEMM(12,8,7),1777919994469976576,1777919994661330432,1777919994469973504
0,2,1262,GEMM(12,10,7),1777919994661337600,1777919994852565504,1777919994661333504
0,2,1264,GEMM(12,12,7),1777919994852572672,1777919995043929600,1777919994852568576
0,2,1266,GEMM(12,14,7),1777919995043936768,1777919995235332608,1777919995043932672
0,2,1268,GEMM(13,8,7),1777919995235339776,1777919995445674496,1777919995235336704
0,2,1270,GEMM(13,10,7),1777919995445681664,1777919995656014336,1777919995445677568
0,2,1272,GEMM(13,12,7),1777919995656021504,1777919995866304000,1777919995656017408
0,2,1274,GEMM(13,14,7),1777919995866310144,1777919996076596736,1777919995866307072
0,2,1276,GEMM(14,8,7),1777919996076603904,1777919996272399872,1777919996076600832
0,2,1278,GEMM(14,10,7),1777919996272407040,1777919996468151808,1777919996272403968
0,2,1280,GEMM(14,12,7),1777919996468158976,1777919996664103424,1777919996468155904
0,2,1282,GEMM(14,14,7),1777919996664110592,1777919996859878912,1777919996664107520
0,2,1284,GEMM(15,8,7),1777919996859886080,1777919997070222848,1777919996859881984
0,2,1286,GEMM(15,10,7),1777919997070230016,1777919997280568832,1777919997070226944
0,2,1288,GEMM(15,12,7),1777919997280576000,1777919997491039744,1777919997280571904
0,2,1290,GEMM(15,14,7),1777919997491046912,1777919997701412352,1777919997491043840
0,2,1292,GETRF(8),1777919997701415424,1777919997730531840,0
0,2,1293,TRSM_R(9,8),1777919997730537984,1777919997777620480,0
0,2,1295,TRSM_R(10,8),1777919997777630720,1777919997824673280,0
0,2,1296,TRSM_L(8,10),1777919997824683520,1777919997867173376,0
0,2,1297,TRSM_R(11,8),1777919997867174400,1777919997914419712,0
0,2,1299,TRSM_R(12,8),1777919997914430976,1777919997961571840,0
0,2,1300,TRSM_L(8,12),1777919997961581056,1777919998003983872,0
0,2,1301,TRSM_R(13,8),1777919998003985920,1777919998051123712,0
0,2,1303,TRSM_R(14,8),1777919998051132928,1777919998098229760,0
0,2,1304,TRSM_L(8,14),1777919998098238976,1777919998140647936,0
0,2,1305,TRSM_R(15,8),1777919998140651008,1777919998187790848,0
0,2,1308,GEMM(9,10,8),1777919998187801088,1777919998267101696,0
0,2,1310,GEMM(9,12,8),1777919998267105792,1777919998346416640,0
0,2,1312,GEMM(9,14,8),1777919998346420736,1777919998425730560,0
0,2,1315,GEMM(10,10,8),1777919998425733632,1777919998505041408,0
0,2,1317,GEMM(10,12,8),1777919998505045504,1777919998584351232,0
0,2,1319,GEMM(10,14,8),1777919998584354304,1777919998663663104,0
0,2,1322,GEMM(11,10,8),1777919998663666176,1777919998742977024,0
0,2,1324,GEMM(11,12,8),1777919998742980096,1777919998822287872,0
0,2,1326,GEMM(11,14,8),1777919998822291968,1777919998901604864,0
0,2,1329,GEMM(12,10,8),1777919998901607936,1777919998980912640,0
0,2,1331,GEMM(12,12,8),1777919998980915712,1777919999060217344,0
0,2,1333,GEMM(12,14,8),1777919999060221440,1777919999139523072,0
0,2,1336,GEMM(13,10,8),1777919999139526144,1777919999218831872,0
0,2,1338,GEMM(13,12,8),1777919999218834944,1777919999298139648,0
0,2,1340,GEMM(13,14,8),1777919999298142720,1777919999377442304,0
0,2,1343,GEMM(14,10,8),1777919999377446400,1777919999456741888,0
0,2,1345,GEMM(14,12,8),1777919999456745984,1777919999536049664,0
0,2,1347,GEMM(14,14,8),1777919999536052736,1777919999615353344,0
0,2,1350,GEMM(15,10,8),1777919999615356416,1777919999694664192,0
0,2,1352,GEMM(15,12,8),1777919999694667264,1777919999773963776,0
0,2,1354,GEMM(15,14,8),1777919999773966848,1777919999853267456,0
0,2,1358,TRSM_L(9,10),1777920003842702848,1777920003949708800,1777919999853269504
0,2,1362,TRSM_L(9,12),1777920003949715968,1777920004056922624,1777920003949711872
0,2,1366,TRSM_L(9,14),1777920004056928768,1777920004164283904,1777920004056925696
0,2,1369,GEMM(10,10,9),1777920004164291072,1777920004360166912,1777920004164288000
0,2,1371,GEMM(10,12,9),1777920004360174080,1777920004555969024,1777920004360169984
0,2,1373,GEMM(10,14,9),1777920004555976192,1777920004751824384,1777920004555972096
0,2,1375,GEMM(11,10,9),1777920004751831552,1777920004962211328,1777920004751828480
0,2,1377,GEMM(11,12,9),1777920004962218496,1777920005172516352,1777920004962215424
0,2,1379,GEMM(11,14,9),1777920005172523520,1777920005382769152,1777920005172520448
0,2,1381,GEMM(12,10,9),1777920005382776320,1777920005574160896,1777920005382772224
0,2,1383,GEMM(12,12,9),1777920005574168064,1777920005765529088,1777920005574164992
0,2,1385,GEMM(12,14,9),1777920005765536256,1777920005956918784,1777920005765533184
0,2,1387,GEMM(13,10,9),1777920005956925952,1777920006167294464,1777920005956922880
0,2,1389,GEMM(13,12,9),1777920006167301632,1777920006377818624,1777920006167298560
0,2,1391,GEMM(13,14,9),1777920006377825792,1777920006588250624,1777920006377822720
0,2,1393,GEMM(14,10,9),1777920006588257792,1777920006784162304,1777920006588254720
0,2,1395,GEMM(14,12,9),1777920006784169472,1777920006979966464,1777920006784165376
0,2,1397,GEMM(14,14,9),1777920006979973632,1777920007175844352,1777920006979970560
0,2,1399,GEMM(15,10,9),1777920007175851520,1777920007386297856,1777920007175848448
0,2,1401,GEMM(15,12,9),1777920007386305024,1777920007596733952,1777920007386301952
0,2,1403,GEMM(15,14,9),1777920007596742144,1777920007807292928,1777920007596738048
0,2,1405,GETRF(10),1777920007807296000,1777920007836416512,0
0,2,1406,TRSM_R(11,10),1777920007836422656,1777920007883463168,0
0,2,1408,TRSM_R(12,10),1777920007883470336,1777920007930567168,0
0,2,1409,TRSM_L(10,12),1777920007930575360,1777920007973099008,0
0,2,1410,TRSM_R(13,10),1777920007973101056,1777920008020364800,0
0,2,1412,TRSM_R(14,10),1777920008020371968,1777920008067517952,0
0,2,1413,TRSM_L(10,14),1777920008067526144,1777920008109943296,0
0,2,1414,TRSM_R(15,10),1777920008109945344,1777920008157092352,0
0,2,1417,GEMM(11,12,10),1777920008157101568,1777920008236416512,0
0,2,1419,GEMM(11,14,10),1777920008236419584,1777920008315735552,0
0,2,1422,GEMM(12,12,10),1777920008315739648,1777920008395052544,0
0,2,1424,GEMM(12,14,10),1777920008395056640,1777920008474366464,0
0,2,1427,GEMM(13,12,10),1777920008474369536,1777920008553669120,0
0,2,1429,GEMM(13,14,10),1777920008553672192,1777920008632980992,0
0,2,1432,GEMM(14,12,10),1777920008632984064,1777920008712284672,0
0,2,1434,GEMM(14,14,10),1777920008712287744,1777920008791592448,0
0,2,1437,GEMM(15,12,10),1777920008791596544,1777920008870883840,0
0,2,1439,GEMM(15,14,10),1777920008870887936,1777920008950189568,0
0,2,1443,TRSM_L(11,12),1777920011219706368,1777920011327059456,1777920008950191616
0,2,1447,TRSM_L(11,14),1777920011327065600,1777920011434176000,1777920011327062528
0,2,1450,GEMM(12,12,11),1777920011434182144,1777920011625461248,1777920011434179072
0,2,1452,GEMM(12,14,11),1777920011625468416,1777920011816732160,1777920011625465344
0,2,1454,GEMM(13,12,11),1777920011816739328,1777920012026963456,1777920011816735232
0,2,1456,GEMM(13,14,11),1777920012026970624,1777920012237219328,1777920012026967552
0,2,1458,GEMM(14,12,11),1777920012237226496,1777920012432929280,1777920012237222400
0,2,1460,GEMM(14,14,11),1777920012432936448,1777920012628680192,1777920012432933376
0,2,1462,GEMM(15,12,11),1777920012628687360,1777920012838937088,1777920012628684288
0,2,1464,GEMM(15,14,11),1777920012838944256,1777920013049228800,1777920012838941184
0,2,1466,GETRF(12),1777920013049232896,1777920013078351360,0
0,2,1467,TRSM_R(13,12),1777920013078356480,1777920013125452288,0
0,2,1469,TRSM_R(14,12),1777920013125462528,1777920013172666880,0
0,2,1470,TRSM_L(12,14),1777920013172677120,1777920013215173120,0
0,2,1471,TRSM_R(15,12),1777920013215175168,1777920013262328320,0
0,2,1474,GEMM(13,14,12),1777920013262338560,1777920013341657600,0
0,2,1477,GEMM(14,14,12),1777920013341660672,1777920013420984832,0
0,2,1480,GEMM(15,14,12),1777920013420987904,1777920013500312064,0
0,2,1484,TRSM_L(13,14),1777920014533808640,1777920014640934400,1777920013500313088
0,2,1487,GEMM(14,14,13),1777920014640941568,1777920014836849152,1777920014640938496
0,2,1489,GEMM(15,14,13),1777920014836856320,1777920015047199232,1777920014836853248
0,2,1491,GETRF(14),1777920015047202304,1777920015076336128,0
0,2,1492,TRSM_R(15,14),1777920015076343296,1777920015123444224,0
0,3,0,GETRF(0),1777920017490621184,1777920017519774464,0
0,3,1,TRSM_R(1,0),1777920017519780608,1777920017566877440,0
0,3,3,TRSM_R(2,0),1777920017566886656,1777920017613977344,0
0,3,4,TRSM_L(0,2),1777920017613987584,1777920017656432384,0
0,3,5,TRSM_R(3,0),1777920017656433408,1777920017703525120,0
0,3,7,TRSM_R(4,0),1777920017703536384,1777920017750588160,0
0,3,8,TRSM_L(0,4),1777920017750598400,1777920017792997120,0
0,3,9,TRSM_R(5,0),1777920017792998144,1777920017840128768,0
0,3,11,TRSM_R(6,0),1777920017840136960,1777920017887268608,0
0,3,12,TRSM_L(0,6),1777920017887277824,1777920017929687808,0
0,3,13,TRSM_R(7,0),1777920017929689856,1777920017976783616,0
0,3,15,TRSM_R(8,0),1777920017976791808,1777920018023858944,0
0,3,16,TRSM_L(0,8),1777920018023869184,1777920018066268928,0
0,3,17,TRSM_R(9,0),1777920018066269952,1777920018113355520,0
0,3,19,TRSM_R(10,0),1777920018113363712,1777920018160488192,0
0,3,20,TRSM_L(0,10),1777920018160497408,1777920018202902272,0
0,3,21,TRSM_R(11,0),1777920018202903296,1777920018250027776,0
0,3,23,TRSM_R(12,0),1777920018250035968,1777920018297108224,0
0,3,24,TRSM_L(0,12),1777920018297116416,1777920018339522304,0
0,3,25,TRSM_R(13,0),1777920018339524352,1777920018386622208,0
0,3,27,TRSM_R(14,0),1777920018386630400,1777920018433725184,0
0,3,28,TRSM_L(0,14),1777920018433734400,1777920018476141312,0
0,3,29,TRSM_R(15,0),1777920018476143360,1777920018523237120,0
0,3,32,GEMM(1,2,0),1777920018523246336,1777920018602548992,0
0,3,34,GEMM(1,4,0),1777920018602552064,1777920018681844480,0
0,3,36,GEMM(1,6,0),1777920018681847552,1777920018761151232,0
0,3,38,GEMM(1,8,0),1777920018761154304,1777920018840446720,0
0,3,40,GEMM(1,10,0),1777920018840449792,1777920018919739136,0
0,3,42,GEMM(1,12,0),1777920018919742208,1777920018999044864,0
0,3,44,GEMM(1,14,0),1777920018999047936,1777920019078352640,0
0,3,47,GEMM(2,2,0),1777920019078355712,1777920019157662464,0
0,3,49,GEMM(2,4,0),1777920019157666560,1777920019236970240,0
0,3,51,GEMM(2,6,0),1777920019236974336,1777920019316285184,0
0,3,53,GEMM(2,8,0),1777920019316289280,1777920019395595008,0
0,3,55,GEMM(2,10,0),1777920019395598080,1777920019474908928,0
0,3,57,GEMM(2,12,0),1777920019474913024,1777920019554219776,0
0,3,59,GEMM(2,14,0),1777920019554222848,1777920019633530624,0
0,3,62,GEMM(3,2,0),1777920019633533696,1777920019712840448,0
0,3,64,GEMM(3,4,0),1777920019712843520,1777920019792136960,0
0,3,66,GEMM(3,6,0),1777920019792140032,1777920019871451904,0
0,3,68,GEMM(3,8,0),1777920019871456000,1777920019950754560,0
0,3,70,GEMM(3,10,0),1777920019950758656,1777920020030064384,0
0,3,72,GEMM(3,12,0),1777920020030068480,1777920020109369088,0
0,3,74,GEMM(3,14,0),1777920020109372160,1777920020188674816,0
0,3,77,GEMM(4,2,0),1777920020188678912,1777920020267978496,0
0,3,79,GEMM(4,4,0),1777920020267981568,1777920020347283200,0
0,3,81,GEMM(4,6,0),1777920020347286272,1777920020426592000,0
0,3,83,GEMM(4,8,0),1777920020426595072,1777920020505898752,0
0,3,85,GEMM(4,10,0),1777920020505901824,1777920020585205504,0
0,3,87,GEMM(4,12,0),1777920020585208576,1777920020664510208,0
0,3,89,GEMM(4,14,0),1777920020664513280,1777920020743810816,0
0,3,92,GEMM(5,2,0),1777920020743814912,1777920020823119616,0
0,3,94,GEMM(5,4,0),1777920020823122688,1777920020902426368,0
0,3,96,GEMM(5,6,0),1777920020902430464,1777920020981733120,0
0,3,98,GEMM(5,8,0),1777920020981736192,1777920021061035776,0
0,3,100,GEMM(5,10,0),1777920021061038848,1777920021140338432,0
0,3,102,GEMM(5,12,0),1777920021140341504,1777920021219635968,0
0,3,104,GEMM(5,14,0),1777920021219639040,1777920021298934528,0
0,3,107,GEMM(6,2,0),1777920021298937600,1777920021378237184,0
0,3,109,GEMM(6,4,0),1777920021378240256,1777920021457536768,0
0,3,111,GEMM(6,6,0),1777920021457540864,1777920021536834304,0
0,3,113,GEMM(6,8,0),1777920021536838400,1777920021616137984,0
0,3,115,GEMM(6,10,0),1777920021616141056,1777920021695433472,0
0,3,117,GEMM(6,12,0),1777920021695437568,1777920021774743296,0
0,3,119,GEMM(6,14,0),1777920021774746368,1777920021854046976,0
0,3,122,GEMM(7,2,0),1777920021854050048,1777920021933348608,0
0,3,124,GEMM(7,4,0),1777920021933352704,1777920022012651264,0
0,3,126,GEMM(7,6,0),1777920022012655360,1777920022091955968,0
0,3,128,GEMM(7,8,0),1777920022091959040,1777920022171258624,0
0,3,130,GEMM(7,10,0),1777920022171260672,1777920022250560256,0
0,3,132,GEMM(7,12,0),1777920022250563328,1777920022329863936,0
0,3,134,GEMM(7,14,0),1777920022329868032,1777920022409172736,0
0,3,137,GEMM(8,2,0),1777920022409175808,1777920022488472320,0
0,3,139,GEMM(8,4,0),1777920022488475392,1777920022567762688,0
0,3,141,GEMM(8,6,0),1777920022567766784,1777920022647054080,0
0,3,143,GEMM(8,8,0),1777920022647057152,1777920022726352640,0
0,3,145,GEMM(8,10,0),1777920022726356736,1777920022805645056,0
0,3,147,GEMM(8,12,0),1777920022805649152,1777920022884944640,0
0,3,149,GEMM(8,14,0),1777920022884948736,1777920022964243200,0
0,3,152,GEMM(9,2,0),1777920022964247296,1777920023043540736,0
0,3,154,GEMM(9,4,0),1777920023043543808,1777920023122849536,0
0,3,156,GEMM(9,6,0),1777920023122852608,1777920023202146048,0
0,3,158,GEMM(9,8,0),1777920023202149120,1777920023281439488,0
0,3,160,GEMM(9,10,0),1777920023281443584,1777920023360737024,0
0,3,162,GEMM(9,12,0),1777920023360741120,1777920023440034560,0
0,3,164,GEMM(9,14,0),1777920023440038656,1777920023519338240,0
0,3,167,GEMM(10,2,0),1777920023519342336,1777920023598637824,0
0,3,169,GEMM(10,4,0),1777920023598641920,1777920023677945600,0
0,3,171,GEMM(10,6,0),1777920023677949696,1777920023757246208,0
0,3,173,GEMM(10,8,0),1777920023757250304,1777920023836541696,0
0,3,175,GEMM(10,10,0),1777920023836544768,1777920023915843328,0
0,3,177,GEMM(10,12,0),1777920023915846400,1777920023995147008,0
0,3,179,GEMM(10,14,0),1777920023995151104,1777920024074459904,0
0,3,182,GEMM(11,2,0),1777920024074464000,1777920024153768704,0
0,3,184,GEMM(11,4,0),1777920024153772800,1777920024233066240,0
0,3,186,GEMM(11,6,0),1777920024233069312,1777920024312365824,0
0,3,188,GEMM(11,8,0),1777920024312369920,1777920024391664384,0
0,3,190,GEMM(11,10,0),1777920024391668480,1777920024470961920,0
0,3,192,GEMM(11,12,0),1777920024470964992,1777920024550260480,0
0,3,194,GEMM(11,14,0),1777920024550263552,1777920024629567232,0
0,3,197,GEMM(12,2,0),1777920024629571328,1777920024708868864,0
0,3,199,GEMM(12,4,0),1777920024708872960,1777920024788163328,0
0,3,201,GEMM(12,6,0),1777920024788167424,1777920024867458816,0
0,3,203,GEMM(12,8,0),1777920024867462912,1777920024946751232,0
0,3,205,GEMM(12,10,0),1777920024946754304,1777920025026047744,0
0,3,207,GEMM(12,12,0),1777920025026051840,1777920025105341184,0
0,3,209,GEMM(12,14,0),1777920025105344256,1777920025184632576,0
0,3,212,GEMM(13,2,0),1777920025184635648,1777920025263931136,0
0,3,214,GEMM(13,4,0),1777920025263934208,1777920025343229696,0
0,3,216,GEMM(13,6,0),1777920025343233792,1777920025422530304,0
0,3,218,GEMM(13,8,0),1777920025422534400,1777920025501828864,0
0,3,220,GEMM(13,10,0),1777920025501831936,1777920025581138688,0
0,3,222,GEMM(13,12,0),1777920025581141760,1777920025660440320,0
0,3,224,GEMM(13,14,0),1777920025660444416,1777920025739739904,0
0,3,227,GEMM(14,2,0),1777920025739742976,1777920025819052800,0
0,3,229,GEMM(14,4,0),1777920025819056896,1777920025898357504,0
0,3,231,GEMM(14,6,0),1777920025898360576,1777920025977657088,0
0,3,233,GEMM(14,8,0),1777920025977660160,1777920026056971008,0
0,3,235,GEMM(14,10,0),1777920026056974080,1777920026136273664,0
0,3,237,GEMM(14,12,0),1777920026136277760,1777920026215579392,0
0,3,239,GEMM(14,14,0),1777920026215583488,1777920026294888192,0
0,3,242,GEMM(15,2,0),1777920026294892288,1777920026374189824,0
0,3,244,GEMM(15,4,0),1777920026374192896,1777920026453498624,0
0,3,246,GEMM(15,6,0),1777920026453501696,1777920026532799232,0
0,3,248,GEMM(15,8,0),1777920026532802304,1777920026612105984,0
0,3,250,GEMM(15,10,0),1777920026612109056,1777920026691424000,0
0,3,252,GEMM(15,12,0),1777920026691427072,1777920026770729728,0
0,3,254,GEMM(15,14,0),1777920026770733824,1777920026850043648,0
0,3,258,TRSM_L(1,2),1777920042636536576,1777920042743718656,1777920026850044672
0,3,262,TRSM_L(1,4),1777920042743724800,1777920042850946816,1777920042743721728
0,3,266,TRSM_L(1,6),1777920042850952960,1777920042957927168,1777920042850949888
0,3,270,TRSM_L(1,8),1777920042957933312,1777920043064874752,1777920042957930240
0,3,274,TRSM_L(1,10),1777920043064880896,1777920043171845888,1777920043064876800
0,3,278,TRSM_L(1,12),1777920043171852032,1777920043278698240,1777920043171847936
0,3,282,TRSM_L(1,14),1777920043278705408,1777920043385612032,1777920043278701312
0,3,285,GEMM(2,2,1),1777920043385619200,1777920043581489920,1777920043385615104
0,3,287,GEMM(2,4,1),1777920043581497088,1777920043777396480,1777920043581494016
0,3,289,GEMM(2,6,1),1777920043777403648,1777920043973346048,1777920043777400576
0,3,291,GEMM(2,8,1),1777920043973353216,1777920044169172736,1777920043973349120
0,3,293,GEMM(2,10,1),1777920044169179904,1777920044364978944,1777920044169176832
0,3,295,GEMM(2,12,1),1777920044364987136,1777920044560931584,1777920044364983040
0,3,297,GEMM(2,14,1),1777920044560938752,1777920044756731648,1777920044560935680
0,3,299,GEMM(3,2,1),1777920044756738816,1777920044967090944,1777920044756735744
0,3,301,GEMM(3,4,1),1777920044967098112,1777920045177438976,1777920044967094016
0,3,303,GEMM(3,6,1),1777920045177446144,1777920045387816704,1777920045177442048
0,3,305,GEMM(3,8,1),1777920045387823872,1777920045598147328,1777920045387820800
0,3,307,GEMM(3,10,1),1777920045598154496,1777920045808549632,1777920045598150400
0,3,309,GEMM(3,12,1),1777920045808556800,1777920046018959104,1777920045808552704
0,3,311,GEMM(3,14,1),1777920046018966272,1777920046229276416,1777920046018962176
0,3,313,GEMM(4,2,1),1777920046229283584,1777920046420593408,1777920046229280512
0,3,315,GEMM(4,4,1),1777920046420600576,1777920046611927808,1777920046420597504
0,3,317,GEMM(4,6,1),1777920046611934976,1777920046803263232,1777920046611931904
0,3,319,GEMM(4,8,1),1777920046803270400,1777920046994572032,1777920046803267328
0,3,321,GEMM(4,10,1),1777920046994579200,1777920047185873664,1777920046994575104
0,3,323,GEMM(4,12,1),1777920047185880832,1777920047377135360,1777920047185877760
0,3,325,GEMM(4,14,1),1777920047377142528,1777920047568507648,1777920047377138432
0,3,327,GEMM(5,2,1),1777920047568514816,1777920047778917120,1777920047568511744
0,3,329,GEMM(5,4,1),1777920047778924288,1777920047989415680,1777920047778921216
0,3,331,GEMM(5,6,1),1777920047989422848,1777920048199832320,1777920047989419776
0,3,333,GEMM(5,8,1),1777920048199839488,1777920048410237696,1777920048199836416
0,3,335,GEMM(5,10,1),1777920048410244864,1777920048620667648,1777920048410241792
0,3,337,GEMM(5,12,1),1777920048620674816,1777920048831040256,1777920048620671744
0,3,339,GEMM(5,14,1),1777920048831047424,1777920049041578752,1777920048831043328
0,3,341,GEMM(6,2,1),1777920049041585920,1777920049237611264,1777920049041582848
0,3,343,GEMM(6,4,1),1777920049237618432,1777920049433477888,1777920049237614336
0,3,345,GEMM(6,6,1),1777920049433485056,1777920049629326080,1777920049433481984
0,3,347,GEMM(6,8,1),1777920049629333248,1777920049825157888,1777920049629329152
0,3,349,GEMM(6,10,1),1777920049825165056,1777920050021064448,1777920049825161984
0,3,351,GEMM(6,12,1),1777920050021071616,1777920050216868608,1777920050021068544
0,3,353,GEMM(6,14,1),1777920050216874752,1777920050412791552,1777920050216871680
0,3,355,GEMM(7,2,1),1777920050412798720,1777920050623222528,1777920050412795648
0,3,357,GEMM(7,4,1),1777920050623230720,1777920050833606400,1777920050623226624
0,3,359,GEMM(7,6,1),1777920050833613568,1777920051044081408,1777920050833609472
0,3,361,GEMM(7,8,1),1777920051044088576,1777920051254530816,1777920051044084480
0,3,363,GEMM(7,10,1),1777920051254537984,1777920051464978176,1777920051254534912
0,3,365,GEMM(7,12,1),1777920051464985344,1777920051675356928,1777920051464982272
0,3,367,GEMM(7,14,1),1777920051675364096,1777920051885695744,1777920051675361024
0,3,369,GEMM(8,2,1),1777920051885702912,1777920052076993280,1777920051885699840
0,3,371,GEMM(8,4,1),1777920052077000448,1777920052268280576,1777920052076996352
0,3,373,GEMM(8,6,1),1777920052268287744,1777920052459583232,1777920052268283648
0,3,375,GEMM(8,8,1),1777920052459590400,1777920052650939136,1777920052459586304
0,3,377,GEMM(8,10,1),1777920052650946304,1777920052842200832,1777920052650942208
0,3,379,GEMM(8,12,1),1777920052842208000,1777920053033481984,1777920052842204928
0,3,381,GEMM(8,14,1),1777920053033489152,1777920053224801024,1777920053033485056
0,3,383,GEMM(9,2,1),1777920053224808192,1777920053435272960,1777920053224804096
0,3,385,GEMM(9,4,1),1777920053435280128,1777920053645661952,1777920053435276032
0,3,387,GEMM(9,6,1),1777920053645669120,1777920053856040704,1777920053645666048
0,3,389,GEMM(9,8,1),1777920053856047872,1777920054066406144,1777920053856044800
0,3,391,GEMM(9,10,1),1777920054066413312,1777920054276711168,1777920054066410240
0,3,393,GEMM(9,12,1),1777920054276718336,1777920054487142144,1777920054276715264
0,3,395,GEMM(9,14,1),1777920054487149312,1777920054697494272,1777920054487145216
0,3,397,GEMM(10,2,1),1777920054697501440,1777920054893299456,1777920054697498368
0,3,399,GEMM(10,4,1),1777920054893305600,1777920055089123072,1777920054893302528
0,3,401,GEMM(10,6,1),1777920055089131264,1777920055284893440,1777920055089127168
0,3,403,GEMM(10,8,1),1777920055284900608,1777920055480751872,1777920055284896512
0,3,405,GEMM(10,10,1),1777920055480759040,1777920055676640000,1777920055480754944
0,3,407,GEMM(10,12,1),1777920055676647168,1777920055872450304,1777920055676643072
0,3,409,GEMM(10,14,1),1777920055872457472,1777920056068369152,1777920055872453376
0,3,411,GEMM(11,2,1),1777920056068377344,1777920056278765312,1777920056068373248
0,3,413,GEMM(11,4,1),1777920056278772480,1777920056489108224,1777920056278769408
0,3,415,GEMM(11,6,1),1777920056489115392,1777920056699396864,1777920056489112320
0,3,417,GEMM(11,8,1),1777920056699404032,1777920056909770496,1777920056699400960
0,3,419,GEMM(11,10,1),1777920056909777664,1777920057120081664,1777920056909773568
0,3,421,GEMM(11,12,1),1777920057120088832,1777920057330363136,1777920057120085760
0,3,423,GEMM(11,14,1),1777920057330370304,1777920057540671232,1777920057330367232
0,3,425,GEMM(12,2,1),1777920057540678400,1777920057732020992,1777920057540674304
0,3,427,GEMM(12,4,1),1777920057732028160,1777920057923416832,1777920057732025088
0,3,429,GEMM(12,6,1),1777920057923424000,1777920058114725632,1777920057923419904
0,3,431,GEMM(12,8,1),1777920058114732800,1777920058306050816,1777920058114728704
0,3,433,GEMM(12,10,1),1777920058306057984,1777920058497410816,1777920058306053888
0,3,435,GEMM(12,12,1),1777920058497417984,1777920058688717568,1777920058497414912
0,3,437,GEMM(12,14,1),1777920058688724736,1777920058880002816,1777920058688721664
0,3,439,GEMM(13,2,1),1777920058880009984,1777920059090430720,1777920058880006912
0,3,441,GEMM(13,4,1),1777920059090437888,1777920059300800256,1777920059090434816
0,3,443,GEMM(13,6,1),1777920059300807424,1777920059511151360,1777920059300804352
0,3,445,GEMM(13,8,1),1777920059511158528,1777920059721444096,1777920059511154432
0,3,447,GEMM(13,10,1),1777920059721451264,1777920059931838208,1777920059721447168
0,3,449,GEMM(13,12,1),1777920059931845376,1777920060142250752,1777920059931842304
0,3,451,GEMM(13,14,1),1777920060142257920,1777920060352556800,1777920060142254848
0,3,453,GEMM(14,2,1),1777920060352563968,1777920060548312832,1777920060352559872
0,3,455,GEMM(14,4,1),1777920060548320000,1777920060744145664,1777920060548316928
0,3,457,GEMM(14,6,1),1777920060744152832,1777920060939986688,1777920060744148736
0,3,459,GEMM(14,8,1),1777920060939993856,1777920061135837952,1777920060939989760
0,3,461,GEMM(14,10,1),1777920061135845120,1777920061331813120,1777920061135841024
0,3,463,GEMM(14,12,1),1777920061331820288,1777920061527672576,1777920061331816192
0,3,465,GEMM(14,14,1),1777920061527680768,1777920061723542272,1777920061527676672
0,3,467,GEMM(15,2,1),1777920061723549440,1777920061933873920,1777920061723545344
0,3,469,GEMM(15,4,1),1777920061933881088,1777920062144218880,1777920061933878016
0,3,471,GEMM(15,6,1),1777920062144226048,1777920062354609920,1777920062144222976
0,3,473,GEMM(15,8,1),1777920062354618112,1777920062564907776,1777920062354614016
0,3,475,GEMM(15,10,1),1777920062564914944,1777920062775300864,1777920062564910848
0,3,477,GEMM(15,12,1),1777920062775307008,1777920062985671424,1777920062775303936
0,3,479,GEMM(15,14,1),1777920062985678592,1777920063195954944,1777920062985675520
0,3,481,GETRF(2),1777920063195958016,1777920063225077504,0
0,3,482,TRSM_R(3,2),1777920063225083648,1777920063272155904,0
0,3,484,TRSM_R(4,2),1777920063272164096,1777920063319287552,0
0,3,485,TRSM_L(2,4),1777920063319295744,1777920063361811200,0
0,3,486,TRSM_R(5,2),1777920063361813248,1777920063409044224,0
0,3,488,TRSM_R(6,2),1777920063409051392,1777920063456170752,0
0,3,489,TRSM_L(2,6),1777920063456177920,1777920063498593024,0
0,3,490,TRSM_R(7,2),1777920063498595072,1777920063545718528,0
0,3,492,TRSM_R(8,2),1777920063545725696,1777920063592847104,0
0,3,493,TRSM_L(2,8),1777920063592856320,1777920063635271424,0
0,3,494,TRSM_R(9,2),1777920063635272448,1777920063682380544,0
0,3,496,TRSM_R(10,2),1777920063682388736,1777920063729507072,0
0,3,497,TRSM_L(2,10),1777920063729515264,1777920063771928320,0
0,3,498,TRSM_R(11,2),1777920063771930368,1777920063819015936,0
0,3,500,TRSM_R(12,2),1777920063819023104,1777920063866143488,0
0,3,501,TRSM_L(2,12),1777920063866151680,1777920063908565760,0
0,3,502,TRSM_R(13,2),1777920063908566784,1777920063955712768,0
0,3,504,TRSM_R(14,2),1777920063955720960,1777920064002847488,0
0,3,505,TRSM_L(2,14),1777920064002856704,1777920064045310720,0
0,3,506,TRSM_R(15,2),1777920064045312768,1777920064092407552,0
0,3,509,GEMM(3,4,2),1777920064092416768,1777920064171727616,0
0,3,511,GEMM(3,6,2),1777920064171730688,1777920064251032320,0
0,3,513,GEMM(3,8,2),1777920064251035392,1777920064330339072,0
0,3,515,GEMM(3,10,2),1777920064330342144,1777920064409646848,0
0,3,517,GEMM(3,12,2),1777920064409649920,1777920064488952576,0
0,3,519,GEMM(3,14,2),1777920064488956672,1777920064568260352,0
0,3,522,GEMM(4,4,2),1777920064568263424,1777920064647566080,0
0,3,524,GEMM(4,6,2),1777920064647570176,1777920064726871808,0
0,3,526,GEMM(4,8,2),1777920064726874880,1777920064806178560,0
0,3,528,GEMM(4,10,2),1777920064806181632,1777920064885480192,0
0,3,530,GEMM(4,12,2),1777920064885483264,1777920064964781824,0
0,3,532,GEMM(4,14,2),1777920064964785920,1777920065044085504,0
0,3,535,GEMM(5,4,2),1777920065044088576,1777920065123393280,0
0,3,537,GEMM(5,6,2),1777920065123397376,1777920065202696960,0
0,3,539,GEMM(5,8,2),1777920065202701056,1777920065282006784,0
0,3,541,GEMM(5,10,2),1777920065282009856,1777920065361311488,0
0,3,543,GEMM(5,12,2),1777920065361314560,1777920065440623360,0
0,3,545,GEMM(5,14,2),1777920065440627456,1777920065519929088,0
0,3,548,GEMM(6,4,2),1777920065519932160,1777920065599236864,0
0,3,550,GEMM(6,6,2),1777920065599240960,1777920065678548736,0
0,3,552,GEMM(6,8,2),1777920065678552832,1777920065757855488,0
0,3,554,GEMM(6,10,2),1777920065757859584,1777920065837162240,0
0,3,556,GEMM(6,12,2),1777920065837166336,1777920065916462848,0
0,3,558,GEMM(6,14,2),1777920065916466944,1777920065995760384,0
0,3,561,GEMM(7,4,2),1777920065995764480,1777920066075063040,0
0,3,563,GEMM(7,6,2),1777920066075067136,1777920066154366720,0
0,3,565,GEMM(7,8,2),1777920066154369792,1777920066233659136,0
0,3,567,GEMM(7,10,2),1777920066233663232,1777920066312948480,0
0,3,569,GEMM(7,12,2),1777920066312952576,1777920066392247040,0
0,3,571,GEMM(7,14,2),1777920066392251136,1777920066471541504,0
0,3,574,GEMM(8,4,2),1777920066471545600,1777920066550824704,0
0,3,576,GEMM(8,6,2),1777920066550828800,1777920066630109952,0
0,3,578,GEMM(8,8,2),1777920066630114048,1777920066709400320,0
0,3,580,GEMM(8,10,2),1777920066709404416,1777920066788692736,0
0,3,582,GEMM(8,12,2),1777920066788696832,1777920066867984128,0
0,3,584,GEMM(8,14,2),1777920066867987200,1777920066947271424,0
0,3,587,GEMM(9,4,2),1777920066947275520,1777920067026569984,0
0,3,589,GEMM(9,6,2),1777920067026574080,1777920067105864448,0
0,3,591,GEMM(9,8,2),1777920067105868544,1777920067185164032,0
0,3,593,GEMM(9,10,2),1777920067185168128,1777920067264466688,0
0,3,595,GEMM(9,12,2),1777920067264470784,1777920067343762176,0
0,3,597,GEMM(9,14,2),1777920067343766272,1777920067423064832,0
0,3,600,GEMM(10,4,2),1777920067423067904,1777920067502373632,0
0,3,602,GEMM(10,6,2),1777920067502377728,1777920067581677312,0
0,3,604,GEMM(10,8,2),1777920067581680384,1777920067660987136,0
0,3,606,GEMM(10,10,2),1777920067660990208,1777920067740294912,0
0,3,608,GEMM(10,12,2),1777920067740297984,1777920067819606784,0
0,3,610,GEMM(10,14,2),1777920067819610880,1777920067898919680,0
0,3,613,GEMM(11,4,2),1777920067898922752,1777920067978223360,0
0,3,615,GEMM(11,6,2),1777920067978227456,1777920068057526016,0
0,3,617,GEMM(11,8,2),1777920068057530112,1777920068136838912,0
0,3,619,GEMM(11,10,2),1777920068136841984,1777920068216148736,0
0,3,621,GEMM(11,12,2),1777920068216151808,1777920068295454464,0
0,3,623,GEMM(11,14,2),1777920068295457536,1777920068374755072,0
0,3,626,GEMM(12,4,2),1777920068374758144,1777920068454052608,0
0,3,628,GEMM(12,6,2),1777920068454055680,1777920068533353216,0
0,3,630,GEMM(12,8,2),1777920068533356288,1777920068612643584,0
0,3,632,GEMM(12,10,2),1777920068612646656,1777920068691939072,0
0,3,634,GEMM(12,12,2),1777920068691942144,1777920068771228416,0
0,3,636,GEMM(12,14,2),1777920068771231488,1777920068850523904,0
0,3,639,GEMM(13,4,2),1777920068850526976,1777920068929824512,0
0,3,641,GEMM(13,6,2),1777920068929827584,1777920069009111808,0
0,3,643,GEMM(13,8,2),1777920069009114880,1777920069088409344,0
0,3,645,GEMM(13,10,2),1777920069088413440,1777920069167706880,0
0,3,647,GEMM(13,12,2),1777920069167709952,1777920069247002368,0
0,3,649,GEMM(13,14,2),1777920069247006464,1777920069326307072,0
0,3,652,GEMM(14,4,2),1777920069326311168,1777920069405616896,0
0,3,654,GEMM(14,6,2),1777920069405619968,1777920069484917504,0
0,3,656,GEMM(14,8,2),1777920069484920576,1777920069564221184,0
0,3,658,GEMM(14,10,2),1777920069564225280,1777920069643520768,0
0,3,660,GEMM(14,12,2),1777920069643523840,1777920069722817280,0
0,3,662,GEMM(14,14,2),1777920069722820352,1777920069802109696,0
0,3,665,GEMM(15,4,2),1777920069802112768,1777920069881409280,0
0,3,667,GEMM(15,6,2),1777920069881412352,1777920069960703744,0
0,3,669,GEMM(15,8,2),1777920069960706816,1777920070040003328,0
0,3,671,GEMM(15,10,2),1777920070040007424,1777920070119297792,0
0,3,673,GEMM(15,12,2),1777920070119300864,1777920070198597376,0
0,3,675,GEMM(15,14,2),1777920070198601472,1777920070277893888,0
0,3,679,TRSM_L(3,4),1777920082387772160,1777920082494974720,1777920070277896960
0,3,683,TRSM_L(3,6),1777920082494981888,1777920082602087168,1777920082494977792
0,3,687,TRSM_L(3,8),1777920082602093312,1777920082709355264,1777920082602089216
0,3,691,TRSM_L(3,10),1777920082709361408,1777920082816322304,1777920082709358336
0,3,695,TRSM_L(3,12),1777920082816328448,1777920082923617024,1777920082816325376
0,3,699,TRSM_L(3,14),1777920082923623168,1777920083030765312,1777920082923619072
0,3,702,GEMM(4,4,3),1777920083030773504,1777920083222140672,1777920083030769408
0,3,704,GEMM(4,6,3),1777920083222147840,1777920083413478144,1777920083222143744
0,3,706,GEMM(4,8,3),1777920083413485312,1777920083604867840,1777920083413481216
0,3,708,GEMM(4,10,3),1777920083604875008,1777920083796137728,1777920083604870912
0,3,710,GEMM(4,12,3),1777920083796144896,1777920083987543808,1777920083796140800
0,3,712,GEMM(4,14,3),1777920083987550976,1777920084178898688,1777920083987547904
0,3,714,GEMM(5,4,3),1777920084178905856,1777920084389145344,1777920084178902784
0,3,716,GEMM(5,6,3),1777920084389152512,1777920084599308032,1777920084389149440
0,3,718,GEMM(5,8,3),1777920084599315200,1777920084809539328,1777920084599311104
0,3,720,GEMM(5,10,3),1777920084809546496,1777920085019682560,1777920084809543424
0,3,722,GEMM(5,12,3),1777920085019689728,1777920085229914880,1777920085019686656
0,3,724,GEMM(5,14,3),1777920085229922048,1777920085440097024,1777920085229917952
0,3,726,GEMM(6,4,3),1777920085440104192,1777920085635866368,1777920085440100096
0,3,728,GEMM(6,6,3),1777920085635873536,1777920085831706368,1777920085635869440
0,3,730,GEMM(6,8,3),1777920085831713536,1777920086027533056,1777920085831710464
0,3,732,GEMM(6,10,3),1777920086027540224,1777920086223235840,1777920086027536128
0,3,734,GEMM(6,12,3),1777920086223241984,1777920086419105536,1777920086223238912
0,3,736,GEMM(6,14,3),1777920086419112704,1777920086614823680,1777920086419109632
0,3,738,GEMM(7,4,3),1777920086614830848,1777920086825115392,1777920086614826752
0,3,740,GEMM(7,6,3),1777920086825122560,1777920087035304704,1777920086825119488
0,3,742,GEMM(7,8,3),1777920087035311872,1777920087245585152,1777920087035307776
0,3,744,GEMM(7,10,3),1777920087245592320,1777920087455842048,1777920087245588224
0,3,746,GEMM(7,12,3),1777920087455849216,1777920087666096896,1777920087455845120
0,3,748,GEMM(7,14,3),1777920087666104064,1777920087876307712,1777920087666099968
0,3,750,GEMM(8,4,3),1777920087876314880,1777920088067618560,1777920087876311808
0,3,752,GEMM(8,6,3),1777920088067625728,1777920088258888448,1777920088067622656
0,3,754,GEMM(8,8,3),1777920088258895616,1777920088450276096,1777920088258892544
0,3,756,GEMM(8,10,3),1777920088450283264,1777920088641595136,1777920088450279168
0,3,758,GEMM(8,12,3),1777920088641602304,1777920088832889600,1777920088641599232
0,3,760,GEMM(8,14,3),1777920088832896768,1777920089024163584,1777920088832892672
0,3,762,GEMM(9,4,3),1777920089024170752,1777920089234291456,1777920089024166656
0,3,764,GEMM(9,6,3),1777920089234298624,1777920089444465408,1777920089234295552
0,3,766,GEMM(9,8,3),1777920089444472576,1777920089654500096,1777920089444469504
0,3,768,GEMM(9,10,3),1777920089654507264,1777920089864596224,1777920089654504192
0,3,770,GEMM(9,12,3),1777920089864603392,1777920090074646272,1777920089864600320
0,3,772,GEMM(9,14,3),1777920090074653440,1777920090284823296,1777920090074649344
0,3,774,GEMM(10,4,3),1777920090284830464,1777920090480542464,1777920090284827392
0,3,776,GEMM(10,6,3),1777920090480549632,1777920090676258560,1777920090480546560
0,3,778,GEMM(10,8,3),1777920090676265728,1777920090871914240,1777920090676261632
0,3,780,GEMM(10,10,3),1777920090871921408,1777920091067705088,1777920090871917312
0,3,782,GEMM(10,12,3),1777920091067712256,1777920091263465216,1777920091067709184
0,3,784,GEMM(10,14,3),1777920091263472384,1777920091459155712,1777920091263468288
0,3,786,GEMM(11,4,3),1777920091459162880,1777920091669342976,1777920091459159808
0,3,788,GEMM(11,6,3),1777920091669350144,1777920091879561984,1777920091669346048
0,3,790,GEMM(11,8,3),1777920091879569152,1777920092089818880,1777920091879565056
0,3,792,GEMM(11,10,3),1777920092089826048,1777920092300031744,1777920092089821952
0,3,794,GEMM(11,12,3),1777920092300038912,1777920092510233344,1777920092300034816
0,3,796,GEMM(11,14,3),1777920092510240512,1777920092720476928,1777920092510237440
0,3,798,GEMM(12,4,3),1777920092720484096,1777920092911864576,1777920092720481024
0,3,800,GEMM(12,6,3),1777920092911871744,1777920093103220480,1777920092911867648
0,3,802,GEMM(12,8,3),1777920093103227648,1777920093294565120,1777920093103224576
0,3,804,GEMM(12,10,3),1777920093294572288,1777920093485887232,1777920093294569216
0,3,806,GEMM(12,12,3),1777920093485894400,1777920093677202176,1777920093485891328
0,3,808,GEMM(12,14,3),1777920093677209344,1777920093868576512,1777920093677206272
0,3,810,GEMM(13,4,3),1777920093868583680,1777920094078823168,1777920093868579584
0,3,812,GEMM(13,6,3),1777920094078830336,1777920094289175296,1777920094078827264
0,3,814,GEMM(13,8,3),1777920094289182464,1777920094499349248,1777920094289178368
0,3,816,GEMM(13,10,3),1777920094499356416,1777920094709693184,1777920094499353344
0,3,818,GEMM(13,12,3),1777920094709700352,1777920094919837440,1777920094709697280
0,3,820,GEMM(13,14,3),1777920094919844608,1777920095130136320,1777920094919840512
0,3,822,GEMM(14,4,3),1777920095130143488,1777920095325899520,1777920095130140416
0,3,824,GEMM(14,6,3),1777920095325906688,1777920095521650432,1777920095325903616
0,3,826,GEMM(14,8,3),1777920095521657600,1777920095717344000,1777920095521654528
0,3,828,GEMM(14,10,3),1777920095717351168,1777920095913266944,1777920095717347072
0,3,830,GEMM(14,12,3),1777920095913274112,1777920096109082368,1777920095913271040
0,3,832,GEMM(14,14,3),1777920096109089536,1777920096304827136,1777920096109086464
0,3,834,GEMM(15,4,3),1777920096304834304,1777920096515135232,1777920096304830208
0,3,836,GEMM(15,6,3),1777920096515141376,1777920096725436160,1777920096515138304
0,3,838,GEMM(15,8,3),1777920096725443328,1777920096935676672,1777920096725440256
0,3,840,GEMM(15,10,3),1777920096935683840,1777920097145975552,1777920096935679744
0,3,842,GEMM(15,12,3),1777920097145982720,1777920097356308224,1777920097145978624
0,3,844,GEMM(15,14,3),1777920097356315392,1777920097566555904,1777920097356312320
0,3,846,GETRF(4),1777920097566560000,1777920097595683584,0
0,3,847,TRSM_R(5,4),1777920097595689728,1777920097642937088,0
0,3,849,TRSM_R(6,4),1777920097642947328,1777920097690191616,0
0,3,850,TRSM_L(4,6),1777920097690201856,1777920097732621056,0
0,3,851,TRSM_R(7,4),1777920097732623104,1777920097779747584,0
0,3,853,TRSM_R(8,4),1777920097779756800,1777920097826822912,0
0,3,854,TRSM_L(4,8),1777920097826833152,1777920097869235968,0
0,3,855,TRSM_R(9,4),1777920097869239040,1777920097916374784,0
0,3,857,TRSM_R(10,4),1777920097916384000,1777920097963509504,0
0,3,858,TRSM_L(4,10),1777920097963518720,1777920098005928704,0
0,3,859,TRSM_R(11,4),1777920098005932800,1777920098053024512,0
0,3,861,TRSM_R(12,4),1777920098053033728,1777920098100108032,0
0,3,862,TRSM_L(4,12),1777920098100118272,1777920098142524160,0
0,3,863,TRSM_R(13,4),1777920098142526208,1777920098189629184,0
0,3,865,TRSM_R(14,4),1777920098189637376,1777920098236766976,0
0,3,866,TRSM_L(4,14),1777920098236776192,1777920098279188224,0
0,3,867,TRSM_R(15,4),1777920098279190272,1777920098326323968,0
0,3,870,GEMM(5,6,4),1777920098326334208,1777920098405646080,0
0,3,872,GEMM(5,8,4),1777920098405649152,1777920098484960000,0
0,3,874,GEMM(5,10,4),1777920098484964096,1777920098564262656,0
0,3,876,GEMM(5,12,4),1777920098564265728,1777920098643572480,0
0,3,878,GEMM(5,14,4),1777920098643576576,1777920098722879232,0
0,3,881,GEMM(6,6,4),1777920098722882304,1777920098802187008,0
0,3,883,GEMM(6,8,4),1777920098802191104,1777920098881507072,0
0,3,885,GEMM(6,10,4),1777920098881511168,1777920098960824064,0
0,3,887,GEMM(6,12,4),1777920098960828160,1777920099040135936,0
0,3,889,GEMM(6,14,4),1777920099040140032,1777920099119443712,0
0,3,892,GEMM(7,6,4),1777920099119446784,1777920099198755584,0
0,3,894,GEMM(7,8,4),1777920099198759680,1777920099278068480,0
0,3,896,GEMM(7,10,4),1777920099278072576,1777920099357385472,0
0,3,898,GEMM(7,12,4),1777920099357389568,1777920099436695296,0
0,3,900,GEMM(7,14,4),1777920099436699392,1777920099516015360,0
0,3,903,GEMM(8,6,4),1777920099516018432,1777920099595316992,0
0,3,905,GEMM(8,8,4),1777920099595320064,1777920099674625792,0
0,3,907,GEMM(8,10,4),1777920099674628864,1777920099753926400,0
0,3,909,GEMM(8,12,4),1777920099753929472,1777920099833231104,0
0,3,911,GEMM(8,14,4),1777920099833234176,1777920099912537856,0
0,3,914,GEMM(9,6,4),1777920099912540928,1777920099991837440,0
0,3,916,GEMM(9,8,4),1777920099991840512,1777920100071151360,0
0,3,918,GEMM(9,10,4),1777920100071155456,1777920100150460160,0
0,3,920,GEMM(9,12,4),1777920100150463232,1777920100229769984,0
0,3,922,GEMM(9,14,4),1777920100229773056,1777920100309072640,0
0,3,925,GEMM(10,6,4),1777920100309076736,1777920100388378368,0
0,3,927,GEMM(10,8,4),1777920100388381440,1777920100467677952,0
0,3,929,GEMM(10,10,4),1777920100467681024,1777920100546978560,0
0,3,931,GEMM(10,12,4),1777920100546981632,1777920100626282240,0
0,3,933,GEMM(10,14,4),1777920100626285312,1777920100705593088,0
0,3,936,GEMM(11,6,4),1777920100705596160,1777920100784908032,0
0,3,938,GEMM(11,8,4),1777920100784911104,1777920100864213760,0
0,3,940,GEMM(11,10,4),1777920100864216832,1777920100943520512,0
0,3,942,GEMM(11,12,4),1777920100943523584,1777920101022824192,0
0,3,944,GEMM(11,14,4),1777920101022827264,1777920101102129920,0
0,3,947,GEMM(12,6,4),1777920101102132992,1777920101181430528,0
0,3,949,GEMM(12,8,4),1777920101181433600,1777920101260734208,0
0,3,951,GEMM(12,10,4),1777920101260738304,1777920101340044032,0
0,3,953,GEMM(12,12,4),1777920101340047104,1777920101419354880,0
0,3,955,GEMM(12,14,4),1777920101419357952,1777920101498652416,0
0,3,958,GEMM(13,6,4),1777920101498655488,1777920101577952000,0
0,3,960,GEMM(13,8,4),1777920101577955072,1777920101657248512,0
0,3,962,GEMM(13,10,4),1777920101657252608,1777920101736546048,0
0,3,964,GEMM(13,12,4),1777920101736550144,1777920101815846656,0
0,3,966,GEMM(13,14,4),1777920101815850752,1777920101895143168,0
0,3,969,GEMM(14,6,4),1777920101895147264,1777920101974434560,0
0,3,971,GEMM(14,8,4),1777920101974438656,1777920102053726976,0
0,3,973,GEMM(14,10,4),1777920102053731072,1777920102133024512,0
0,3,975,GEMM(14,12,4),1777920102133028608,1777920102212323072,0
0,3,977,GEMM(14,14,4),1777920102212327168,1777920102291621632,0
0,3,980,GEMM(15,6,4),1777920102291624704,1777920102370914048,0
0,3,982,GEMM(15,8,4),1777920102370918144,1777920102450207488,0
0,3,984,GEMM(15,10,4),1777920102450210560,1777920102529497856,0
0,3,986,GEMM(15,12,4),1777920102529501952,1777920102608793344,0
0,3,988,GEMM(15,14,4),1777920102608797440,1777920102688083712,0
0,3,992,TRSM_L(5,6),1777920111594150656,1777920111701320448,1777920102688085760
0,3,996,TRSM_L(5,8),1777920111701326592,1777920111808811776,1777920111701323520
0,3,1000,TRSM_L(5,10),1777920111808818944,1777920111916167936,1777920111808814848
0,3,1004,TRSM_L(5,12),1777920111916174080,1777920112023335680,1777920111916171008
0,3,1008,TRSM_L(5,14),1777920112023341824,1777920112130558720,1777920112023338752
0,3,1011,GEMM(6,6,5),1777920112130565888,1777920112326493952,1777920112130561792
0,3,1013,GEMM(6,8,5),1777920112326501120,1777920112522392320,1777920112326498048
0,3,1015,GEMM(6,10,5),1777920112522399488,1777920112718238464,1777920112522396416
0,3,1017,GEMM(6,12,5),1777920112718245632,1777920112913996544,1777920112718242560
0,3,1019,GEMM(6,14,5),1777920112914003712,1777920113109834496,1777920112913999616
0,3,1021,GEMM(7,6,5),1777920113109841664,1777920113320168192,1777920113109838592
0,3,1023,GEMM(7,8,5),1777920113320175360,1777920113530594048,1777920113320171264
0,3,1025,GEMM(7,10,5),1777920113530601216,1777920113740942080,1777920113530598144
0,3,1027,GEMM(7,12,5),1777920113740949248,1777920113951342336,1777920113740945152
0,3,1029,GEMM(7,14,5),1777920113951349504,1777920114161778432,1777920113951345408
0,3,1031,GEMM(8,6,5),1777920114161785600,1777920114353126144,1777920114161781504
0,3,1033,GEMM(8,8,5),1777920114353133312,1777920114544521984,1777920114353129216
0,3,1035,GEMM(8,10,5),1777920114544529152,1777920114735921920,1777920114544526080
0,3,1037,GEMM(8,12,5),1777920114735929088,1777920114927250176,1777920114735926016
0,3,1039,GEMM(8,14,5),1777920114927257344,1777920115118703360,1777920114927253248
0,3,1041,GEMM(9,6,5),1777920115118710528,1777920115328953088,1777920115118707456
0,3,1043,GEMM(9,8,5),1777920115328959232,1777920115539225344,1777920115328956160
0,3,1045,GEMM(9,10,5),1777920115539232512,1777920115749702400,1777920115539229440
0,3,1047,GEMM(9,12,5),1777920115749709568,1777920115960081152,1777920115749705472
0,3,1049,GEMM(9,14,5),1777920115960087296,1777920116170389248,1777920115960084224
0,3,1051,GEMM(10,6,5),1777920116170396416,1777920116366258944,1777920116170392320
0,3,1053,GEMM(10,8,5),1777920116366266112,1777920116562129664,1777920116366263040
0,3,1055,GEMM(10,10,5),1777920116562136832,1777920116758084352,1777920116562132736
0,3,1057,GEMM(10,12,5),1777920116758091520,1777920116953871104,1777920116758087424
0,3,1059,GEMM(10,14,5),1777920116953878272,1777920117149632256,1777920116953874176
0,3,1061,GEMM(11,6,5),1777920117149639424,1777920117359969024,1777920117149635328
0,3,1063,GEMM(11,8,5),1777920117359976192,1777920117570257664,1777920117359972096
0,3,1065,GEMM(11,10,5),1777920117570263808,1777920117780630272,1777920117570260736
0,3,1067,GEMM(11,12,5),1777920117780637440,1777920117990958848,1777920117780634368
0,3,1069,GEMM(11,14,5),1777920117990966016,1777920118201182976,1777920117990961920
0,3,1071,GEMM(12,6,5),1777920118201190144,1777920118392581888,1777920118201187072
0,3,1073,GEMM(12,8,5),1777920118392589056,1777920118583926528,1777920118392584960
0,3,1075,GEMM(12,10,5),1777920118583933696,1777920118775238400,1777920118583929600
0,3,1077,GEMM(12,12,5),1777920118775245568,1777920118966499072,1777920118775241472
0,3,1079,GEMM(12,14,5),1777920118966506240,1777920119157920512,1777920118966502144
0,3,1081,GEMM(13,6,5),1777920119157927680,1777920119368448768,1777920119157924608
0,3,1083,GEMM(13,8,5),1777920119368455936,1777920119578858240,1777920119368452864
0,3,1085,GEMM(13,10,5),1777920119578864384,1777920119789337344,1777920119578861312
0,3,1087,GEMM(13,12,5),1777920119789344512,1777920119999684352,1777920119789341440
0,3,1089,GEMM(13,14,5),1777920119999691520,1777920120210211584,1777920119999687424
0,3,1091,GEMM(14,6,5),1777920120210218752,1777920120406170368,1777920120210215680
0,3,1093,GEMM(14,8,5),1777920120406177536,1777920120602018560,1777920120406173440
0,3,1095,GEMM(14,10,5),1777920120602026752,1777920120797992704,1777920120602022656
0,3,1097,GEMM(14,12,5),1777920120797999872,1777920120993670912,1777920120797996800
0,3,1099,GEMM(14,14,5),1777920120993678080,1777920121189466880,1777920120993673984
0,3,1101,GEMM(15,6,5),1777920121189474048,1777920121399731968,1777920121189469952
0,3,1103,GEMM(15,8,5),1777920121399739136,1777920121610020608,1777920121399735040
0,3,1105,GEMM(15,10,5),1777920121610027776,1777920121820346112,1777920121610023680
0,3,1107,GEMM(15,12,5),1777920121820353280,1777920122030639872,1777920121820350208
0,3,1109,GEMM(15,14,5),1777920122030647040,1777920122240939776,1777920122030643968
0,3,1111,GETRF(6),1777920122240942848,1777920122270078720,0
0,3,1112,TRSM_R(7,6),1777920122270084864,1777920122317290240,0
0,3,1114,TRSM_R(8,6),1777920122317298432,1777920122364543744,0
0,3,1115,TRSM_L(6,8),1777920122364551936,1777920122407016192,0
0,3,1116,TRSM_R(9,6),1777920122407019264,1777920122454164224,0
0,3,1118,TRSM_R(10,6),1777920122454172416,1777920122501316352,0
0,3,1119,TRSM_L(6,10),1777920122501324544,1777920122543773440,0
0,3,1120,TRSM_R(11,6),1777920122543776512,1777920122590861056,0
0,3,1122,TRSM_R(12,6),1777920122590869248,1777920122637958912,0
0,3,1123,TRSM_L(6,12),1777920122637967104,1777920122680380160,0
0,3,1124,TRSM_R(13,6),1777920122680382208,1777920122727518976,0
0,3,1126,TRSM_R(14,6),1777920122727527168,1777920122774650624,0
0,3,1127,TRSM_L(6,14),1777920122774658816,1777920122817110784,0
0,3,1128,TRSM_R(15,6),1777920122817111808,1777920122864200448,0
0,3,1131,GEMM(7,8,6),1777920122864209664,1777920122943517440,0
0,3,1133,GEMM(7,10,6),1777920122943521536,1777920123022833408,0
0,3,1135,GEMM(7,12,6),1777920123022837504,1777920123102146304,0
0,3,1137,GEMM(7,14,6),1777920123102149376,1777920123181455104,0
0,3,1140,GEMM(8,8,6),1777920123181459200,1777920123260773120,0
0,3,1142,GEMM(8,10,6),1777920123260776192,1777920123340082944,0
0,3,1144,GEMM(8,12,6),1777920123340086016,1777920123419399936,0
0,3,1146,GEMM(8,14,6),1777920123419403008,1777920123498713856,0
0,3,1149,GEMM(9,8,6),1777920123498717952,1777920123578039040,0
0,3,1151,GEMM(9,10,6),1777920123578042112,1777920123657358080,0
0,3,1153,GEMM(9,12,6),1777920123657361152,1777920123736673024,0
0,3,1155,GEMM(9,14,6),1777920123736677120,1777920123815988992,0
0,3,1158,GEMM(10,8,6),1777920123815993088,1777920123895304960,0
0,3,1160,GEMM(10,10,6),1777920123895309056,1777920123974622976,0
0,3,1162,GEMM(10,12,6),1777920123974627072,1777920124053938944,0
0,3,1164,GEMM(10,14,6),1777920124053943040,1777920124133252864,0
0,3,1167,GEMM(11,8,6),1777920124133255936,1777920124212568832,0
0,3,1169,GEMM(11,10,6),1777920124212572928,1777920124291890944,0
0,3,1171,GEMM(11,12,6),1777920124291895040,1777920124371203840,0
0,3,1173,GEMM(11,14,6),1777920124371207936,1777920124450524928,0
0,3,1176,GEMM(12,8,6),1777920124450529024,1777920124529834752,0
0,3,1178,GEMM(12,10,6),1777920124529838848,1777920124609148672,0
0,3,1180,GEMM(12,12,6),1777920124609151744,1777920124688456448,0
0,3,1182,GEMM(12,14,6),1777920124688460544,1777920124767760128,0
0,3,1185,GEMM(13,8,6),1777920124767764224,1777920124847074048,0
0,3,1187,GEMM(13,10,6),1777920124847077120,1777920124926384896,0
0,3,1189,GEMM(13,12,6),1777920124926387968,1777920125005697792,0
0,3,1191,GEMM(13,14,6),1777920125005701888,1777920125085014784,0
0,3,1194,GEMM(14,8,6),1777920125085017856,1777920125164329728,0
0,3,1196,GEMM(14,10,6),1777920125164332800,1777920125243652864,0
0,3,1198,GEMM(14,12,6),1777920125243656960,1777920125322952448,0
0,3,1200,GEMM(14,14,6),1777920125322955520,1777920125402266368,0
0,3,1203,GEMM(15,8,6),1777920125402270464,1777920125481587456,0
0,3,1205,GEMM(15,10,6),1777920125481590528,1777920125560901376,0
0,3,1207,GEMM(15,12,6),1777920125560905472,1777920125640210176,0
0,3,1209,GEMM(15,14,6),1777920125640214272,1777920125719521024,0
0,3,1213,TRSM_L(7,8),1777920131929558784,1777920132036603648,1777920125719522048
0,3,1217,TRSM_L(7,10),1777920132036609792,1777920132143779584,1777920132036606720
0,3,1221,TRSM_L(7,12),1777920132143786752,1777920132250868480,1777920132143782656
0,3,1225,TRSM_L(7,14),1777920132250874624,1777920132358238976,1777920132250871552
0,3,1228,GEMM(8,8,7),1777920132358246144,1777920132549555968,1777920132358243072
0,3,1230,GEMM(8,10,7),1777920132549563136,1777920132740850432,1777920132549559040
0,3,1232,GEMM(8,12,7),1777920132740857600,1777920132932142848,1777920132740854528
0,3,1234,GEMM(8,14,7),1777920132932150016,1777920133123433216,1777920132932146944
0,3,1236,GEMM(9,8,7),1777920133123440384,1777920133333692160,1777920133123437312
0,3,1238,GEMM(9,10,7),1777920133333699328,1777920133543874304,1777920133333695232
0,3,1240,GEMM(9,12,7),1777920133543881472,1777920133754273536,1777920133543878400
0,3,1242,GEMM(9,14,7),1777920133754280704,1777920133964413696,1777920133754276608
0,3,1244,GEMM(10,8,7),1777920133964420864,1777920134160168704,1777920133964417792
0,3,1246,GEMM(10,10,7),1777920134160175872,1777920134355905280,1777920134160171776
0,3,1248,GEMM(10,12,7),1777920134355912448,1777920134551595776,1777920134355909376
0,3,1250,GEMM(10,14,7),1777920134551602944,1777920134747390720,1777920134551598848
0,3,1252,GEMM(11,8,7),1777920134747397888,1777920134957526784,1777920134747394816
0,3,1254,GEMM(11,10,7),1777920134957533952,1777920135167584000,1777920134957530880
0,3,1256,GEMM(11,12,7),1777920135167591168,1777920135377731328,1777920135167587072
0,3,1258,GEMM(11,14,7),1777920135377738496,1777920135587715840,1777920135377735424
0,3,1260,GEMM(12,8,7),1777920135587723008,1777920135778984704,1777920135587718912
0,3,1262,GEMM(12,10,7),1777920135778991872,1777920135970368256,1777920135778987776
0,3,1264,GEMM(12,12,7),1777920135970375424,1777920136161705728,1777920135970372352
0,3,1266,GEMM(12,14,7),1777920136161712896,1777920136352961280,1777920136161708800
0,3,1268,GEMM(13,8,7),1777920136352968448,1777920136563327744,1777920136352965376
0,3,1270,GEMM(13,10,7),1777920136563334912,1777920136773623552,1777920136563331840
0,3,1272,GEMM(13,12,7),1777920136773630720,1777920136983963392,1777920136773627648
0,3,1274,GEMM(13,14,7),1777920136983970560,1777920137194288896,1777920136983967488
0,3,1276,GEMM(14,8,7),1777920137194296064,1777920137390186240,1777920137194292992
0,3,1278,GEMM(14,10,7),1777920137390193408,1777920137585951488,1777920137390190336
0,3,1280,GEMM(14,12,7),1777920137585958656,1777920137781769984,1777920137585954560
0,3,1282,GEMM(14,14,7),1777920137781777152,1777920137977483008,1777920137781774080
0,3,1284,GEMM(15,8,7),1777920137977490176,1777920138187886336,1777920137977486080
0,3,1286,GEMM(15,10,7),1777920138187893504,1777920138398244608,1777920138187890432
0,3,1288,GEMM(15,12,7),1777920138398251776,1777920138608597760,1777920138398247680
0,3,1290,GEMM(15,14,7),1777920138608604928,1777920138818922240,1777920138608601856
0,3,1292,GETRF(8),1777920138818925312,1777920138848043776,0
0,3,1293,TRSM_R(9,8),1777920138848049920,1777920138895188736,0
0,3,1295,TRSM_R(10,8),1777920138895198976,1777920138942401280,0
0,3,1296,TRSM_L(8,10),1777920138942410496,1777920138984937216,0
0,3,1297,TRSM_R(11,8),1777920138984939264,1777920139032033024,0
0,3,1299,TRSM_R(12,8),1777920139032043264,1777920139079156480,0
0,3,1300,TRSM_L(8,12),1777920139079165696,1777920139121569536,0
0,3,1301,TRSM_R(13,8),1777920139121571584,1777920139168660224,0
0,3,1303,TRSM_R(14,8),1777920139168670464,1777920139215768320,0
0,3,1304,TRSM_L(8,14),1777920139215778560,1777920139258189568,0
0,3,1305,TRSM_R(15,8),1777920139258192640,1777920139305331456,0
0,3,1308,GEMM(9,10,8),1777920139305340672,1777920139384646400,0
0,3,1310,GEMM(9,12,8),1777920139384649472,1777920139463968512,0
0,3,1312,GEMM(9,14,8),1777920139463971584,1777920139543280384,0
0,3,1315,GEMM(10,10,8),1777920139543284480,1777920139622596352,0
0,3,1317,GEMM(10,12,8),1777920139622599424,1777920139701913344,0
0,3,1319,GEMM(10,14,8),1777920139701917440,1777920139781225216,0
0,3,1322,GEMM(11,10,8),1777920139781228288,1777920139860539136,0
0,3,1324,GEMM(11,12,8),1777920139860543232,1777920139939848960,0
0,3,1326,GEMM(11,14,8),1777920139939852032,1777920140019161856,0
0,3,1329,GEMM(12,10,8),1777920140019164928,1777920140098471680,0
0,3,1331,GEMM(12,12,8),1777920140098474752,1777920140177786624,0
0,3,1333,GEMM(12,14,8),1777920140177789696,1777920140257095424,0
0,3,1336,GEMM(13,10,8),1777920140257098496,1777920140336409344,0
0,3,1338,GEMM(13,12,8),1777920140336413440,1777920140415726336,0
0,3,1340,GEMM(13,14,8),1777920140415729408,1777920140495035136,0
0,3,1343,GEMM(14,10,8),1777920140495039232,1777920140574353152,0
0,3,1345,GEMM(14,12,8),1777920140574357248,1777920140653665024,0
0,3,1347,GEMM(14,14,8),1777920140653669120,1777920140732971776,0
0,3,1350,GEMM(15,10,8),1777920140732974848,1777920140812274432,0
0,3,1352,GEMM(15,12,8),1777920140812277504,1777920140891579136,0
0,3,1354,GEMM(15,14,8),1777920140891583232,1777920140970888960,0
0,3,1358,TRSM_L(9,10),1777920144960518912,1777920145067745024,1777920140970891008
0,3,1362,TRSM_L(9,12),1777920145067751168,1777920145174979328,1777920145067748096
0,3,1366,TRSM_L(9,14),1777920145174985472,1777920145281944320,1777920145174982400
0,3,1369,GEMM(10,10,9),1777920145281951488,1777920145477809920,1777920145281948416
0,3,1371,GEMM(10,12,9),1777920145477817088,1777920145673588480,1777920145477814016
0,3,1373,GEMM(10,14,9),1777920145673595648,1777920145869360896,1777920145673591552
0,3,1375,GEMM(11,10,9),1777920145869368064,1777920146079729408,1777920145869363968
0,3,1377,GEMM(11,12,9),1777920146079736576,1777920146290090752,1777920146079733504
0,3,1379,GEMM(11,14,9),1777920146290097920,1777920146500530944,1777920146290093824
0,3,1381,GEMM(12,10,9),1777920146500538112,1777920146692004608,1777920146500535040
0,3,1383,GEMM(12,12,9),1777920146692011776,1777920146883311360,1777920146692007680
0,3,1385,GEMM(12,14,9),1777920146883317504,1777920147074773760,1777920146883314432
0,3,1387,GEMM(13,10,9),1777920147074781952,1777920147285181184,1777920147074777856
0,3,1389,GEMM(13,12,9),1777920147285188352,1777920147495679744,1777920147285185280
0,3,1391,GEMM(13,14,9),1777920147495686912,1777920147706124032,1777920147495682816
0,3,1393,GEMM(14,10,9),1777920147706131200,1777920147901975296,1777920147706127104
0,3,1395,GEMM(14,12,9),1777920147901982464,1777920148097779456,1777920147901979392
0,3,1397,GEMM(14,14,9),1777920148097785600,1777920148293587712,1777920148097782528
0,3,1399,GEMM(15,10,9),1777920148293594880,1777920148504056576,1777920148293590784
0,3,1401,GEMM(15,12,9),1777920148504063744,1777920148714465024,1777920148504060672
0,3,1403,GEMM(15,14,9),1777920148714472192,1777920148924815104,1777920148714469120
0,3,1405,GETRF(10),1777920148924818176,1777920148953938688,0
0,3,1406,TRSM_R(11,10),1777920148953944832,1777920149001134848,0
0,3,1408,TRSM_R(12,10),1777920149001143040,1777920149048391424,0
0,3,1409,TRSM_L(10,12),1777920149048399616,1777920149090891520,0
0,3,1410,TRSM_R(13,10),1777920149090893568,1777920149138047744,0
0,3,1412,TRSM_R(14,10),1777920149138054912,1777920149185197824,0
0,3,1413,TRSM_L(10,14),1777920149185206016,1777920149227625216,0
0,3,1414,TRSM_R(15,10),1777920149227627264,1777920149274771200,0
0,3,1417,GEMM(11,12,10),1777920149274781440,1777920149354077952,0
0,3,1419,GEMM(11,14,10),1777920149354082048,1777920149433368320,0
0,3,1422,GEMM(12,12,10),1777920149433372416,1777920149512666880,0
0,3,1424,GEMM(12,14,10),1777920149512670976,1777920149591967488,0
0,3,1427,GEMM(13,12,10),1777920149591970560,1777920149671272192,0
0,3,1429,GEMM(13,14,10),1777920149671276288,1777920149750583040,0
0,3,1432,GEMM(14,12,10),1777920149750586112,1777920149829889792,0
0,3,1434,GEMM(14,14,10),1777920149829893888,1777920149909195520,0
0,3,1437,GEMM(15,12,10),1777920149909199616,1777920149988505344,0
0,3,1439,GEMM(15,14,10),1777920149988509440,1777920150067812096,0
0,3,1443,TRSM_L(11,12),1777920152337630976,1777920152444576512,1777920150067814144
0,3,1447,TRSM_L(11,14),1777920152444582656,1777920152551540480,1777920152444578560
0,3,1450,GEMM(12,12,11),1777920152551547648,1777920152742907648,1777920152551544576
0,3,1452,GEMM(12,14,11),1777920152742914816,1777920152934173440,1777920152742910720
0,3,1454,GEMM(13,12,11),1777920152934180608,1777920153144356608,1777920152934177536
0,3,1456,GEMM(13,14,11),1777920153144363776,1777920153354610432,1777920153144360704
0,3,1458,GEMM(14,12,11),1777920153354617600,1777920153550187264,1777920153354614528
0,3,1460,GEMM(14,14,11),1777920153550194432,1777920153745827584,1777920153550191360
0,3,1462,GEMM(15,12,11),1777920153745834752,1777920153956002560,1777920153745831680
0,3,1464,GEMM(15,14,11),1777920153956009728,1777920154166184704,1777920153956005632
0,3,1466,GETRF(12),1777920154166188800,1777920154195307264,0
0,3,1467,TRSM_R(13,12),1777920154195313408,1777920154242361088,0
0,3,1469,TRSM_R(14,12),1777920154242371328,1777920154289499904,0
0,3,1470,TRSM_L(12,14),1777920154289509120,1777920154332040960,0
0,3,1471,TRSM_R(15,12),1777920154332043008,1777920154379281152,0
0,3,1474,GEMM(13,14,12),1777920154379292416,1777920154458599168,0
0,3,1477,GEMM(14,14,12),1777920154458602240,1777920154537899776,0
0,3,1480,GEMM(15,14,12),1777920154537903872,1777920154617201408,0
0,3,1484,TRSM_L(13,14),1777920155650568960,1777920155757473536,1777920154617203456
0,3,1487,GEMM(14,14,13),1777920155757480704,1777920155953240832,1777920155757476608
0,3,1489,GEMM(15,14,13),1777920155953248000,1777920156163710720,1777920155953244928
0,3,1491,GETRF(14),1777920156163713792,1777920156192847616,0
0,3,1492,TRSM_R(15,14),1777920156192853760,1777920156239932160,0
0,4,0,GETRF(0),1777920158588175616,1777920158617294080,0
0,4,1,TRSM_R(1,0),1777920158617300224,1777920158664344832,0
0,4,3,TRSM_R(2,0),1777920158664354048,1777920158711575808,0
0,4,4,TRSM_L(0,2),1777920158711586048,1777920158754092288,0
0,4,5,TRSM_R(3,0),1777920158754094336,1777920158801243392,0
0,4,7,TRSM_R(4,0),1777920158801253632,1777920158848334080,0
0,4,8,TRSM_L(0,4),1777920158848344320,1777920158890744064,0
0,4,9,TRSM_R(5,0),1777920158890745088,1777920158937834752,0
0,4,11,TRSM_R(6,0),1777920158937842944,1777920158984938752,0
0,4,12,TRSM_L(0,6),1777920158984948992,1777920159027391744,0
0,4,13,TRSM_R(7,0),1777920159027392768,1777920159074475264,0
0,4,15,TRSM_R(8,0),1777920159074484480,1777920159121558784,0
0,4,16,TRSM_L(0,8),1777920159121569024,1777920159163970816,0
0,4,17,TRSM_R(9,0),1777920159163971840,1777920159211067648,0
0,4,19,TRSM_R(10,0),1777920159211091200,1777920159258187008,0
0,4,20,TRSM_L(0,10),1777920159258196224,1777920159300608256,0
0,4,21,TRSM_R(11,0),1777920159300609280,1777920159347706112,0
0,4,23,TRSM_R(12,0),1777920159347715328,1777920159394788608,0
0,4,24,TRSM_L(0,12),1777920159394797824,1777920159437244672,0
0,4,25,TRSM_R(13,0),1777920159437246720,1777920159484343552,0
0,4,27,TRSM_R(14,0),1777920159484352768,1777920159531451648,0
0,4,28,TRSM_L(0,14),1777920159531459840,1777920159573909760,0
0,4,29,TRSM_R(15,0),1777920159573911808,1777920159621010688,0
0,4,32,GEMM(1,2,0),1777920159621022976,1777920159700327680,0
0,4,34,GEMM(1,4,0),1777920159700331776,1777920159779631360,0
0,4,36,GEMM(1,6,0),1777920159779634432,1777920159858944256,0
0,4,38,GEMM(1,8,0),1777920159858947328,1777920159938243840,0
0,4,40,GEMM(1,10,0),1777920159938247936,1777920160017544448,0
0,4,42,GEMM(1,12,0),1777920160017547520,1777920160096844032,0
0,4,44,GEMM(1,14,0),1777920160096847104,1777920160176142592,0
0,4,47,GEMM(2,2,0),1777920160176146688,1777920160255449344,0
0,4,49,GEMM(2,4,0),1777920160255453440,1777920160334760192,0
0,4,51,GEMM(2,6,0),1777920160334764288,1777920160414066944,0
0,4,53,GEMM(2,8,0),1777920160414070016,1777920160493383936,0
0,4,55,GEMM(2,10,0),1777920160493387008,1777920160572707072,0
0,4,57,GEMM(2,12,0),1777920160572710144,1777920160652018944,0
0,4,59,GEMM(2,14,0),1777920160652022016,1777920160731318528,0
0,4,62,GEMM(3,2,0),1777920160731322624,1777920160810615040,0
0,4,64,GEMM(3,4,0),1777920160810618112,1777920160889928960,0
0,4,66,GEMM(3,6,0),1777920160889933056,1777920160969241856,0
0,4,68,GEMM(3,8,0),1777920160969245952,1777920161048548608,0
0,4,70,GEMM(3,10,0),1777920161048551680,1777920161127855360,0
0,4,72,GEMM(3,12,0),1777920161127858432,1777920161207160064,0
0,4,74,GEMM(3,14,0),1777920161207163136,1777920161286481152,0
0,4,77,GEMM(4,2,0),1777920161286484224,1777920161365786880,0
0,4,79,GEMM(4,4,0),1777920161365790976,1777920161445095680,0
0,4,81,GEMM(4,6,0),1777920161445098752,1777920161524399360,0
0,4,83,GEMM(4,8,0),1777920161524402432,1777920161603706112,0
0,4,85,GEMM(4,10,0),1777920161603709184,1777920161683012864,0
0,4,87,GEMM(4,12,0),1777920161683015936,1777920161762314496,0
0,4,89,GEMM(4,14,0),1777920161762317568,1777920161841613056,0
0,4,92,GEMM(5,2,0),1777920161841616128,1777920161920912640,0
0,4,94,GEMM(5,4,0),1777920161920915712,1777920162000212224,0
0,4,96,GEMM(5,6,0),1777920162000215296,1777920162079517952,0
0,4,98,GEMM(5,8,0),1777920162079521024,1777920162158822656,0
0,4,100,GEMM(5,10,0),1777920162158825728,1777920162238127360,0
0,4,102,GEMM(5,12,0),1777920162238130432,1777920162317434112,0
0,4,104,GEMM(5,14,0),1777920162317437184,1777920162396736768,0
0,4,107,GEMM(6,2,0),1777920162396739840,1777920162476046592,0
0,4,109,GEMM(6,4,0),1777920162476049664,1777920162555350272,0
0,4,111,GEMM(6,6,0),1777920162555353344,1777920162634650880,0
0,4,113,GEMM(6,8,0),1777920162634653952,1777920162713962752,0
0,4,115,GEMM(6,10,0),1777920162713965824,1777920162793264384,0
0,4,117,GEMM(6,12,0),1777920162793268480,1777920162872559872,0
0,4,119,GEMM(6,14,0),1777920162872563968,1777920162951857408,0
0,4,122,GEMM(7,2,0),1777920162951861504,1777920163031164160,0
0,4,124,GEMM(7,4,0),1777920163031168256,1777920163110476032,0
0,4,126,GEMM(7,6,0),1777920163110480128,1777920163189774592,0
0,4,128,GEMM(7,8,0),1777920163189777664,1777920163269073152,0
0,4,130,GEMM(7,10,0),1777920163269077248,1777920163348367616,0
0,4,132,GEMM(7,12,0),1777920163348370688,1777920163427668224,0
0,4,134,GEMM(7,14,0),1777920163427671296,1777920163506965760,0
0,4,137,GEMM(8,2,0),1777920163506968832,1777920163586257152,0
0,4,139,GEMM(8,4,0),1777920163586261248,1777920163665557760,0
0,4,141,GEMM(8,6,0),1777920163665560832,1777920163744846080,0
0,4,143,GEMM(8,8,0),1777920163744850176,1777920163824140544,0
0,4,145,GEMM(8,10,0),1777920163824144640,1777920163903425792,0
0,4,147,GEMM(8,12,0),1777920163903428864,1777920163982711040,0
0,4,149,GEMM(8,14,0),1777920163982714112,1777920164062008576,0
0,4,152,GEMM(9,2,0),1777920164062012672,1777920164141316352,0
0,4,154,GEMM(9,4,0),1777920164141320448,1777920164220626176,0
0,4,156,GEMM(9,6,0),1777920164220629248,1777920164299918592,0
0,4,158,GEMM(9,8,0),1777920164299921664,1777920164379212032,0
0,4,160,GEMM(9,10,0),1777920164379215104,1777920164458514688,0
0,4,162,GEMM(9,12,0),1777920164458517760,1777920164537810176,0
0,4,164,GEMM(9,14,0),1777920164537812224,1777920164617109760,0
0,4,167,GEMM(10,2,0),1777920164617113856,1777920164696411392,0
0,4,169,GEMM(10,4,0),1777920164696415488,1777920164775713024,0
0,4,171,GEMM(10,6,0),1777920164775717120,1777920164855017728,0
0,4,173,GEMM(10,8,0),1777920164855021824,1777920164934325504,0
0,4,175,GEMM(10,10,0),1777920164934329600,1777920165013625088,0
0,4,177,GEMM(10,12,0),1777920165013629184,1777920165092923648,0
0,4,179,GEMM(10,14,0),1777920165092927744,1777920165172223232,0
0,4,182,GEMM(11,2,0),1777920165172227328,1777920165251514624,0
0,4,184,GEMM(11,4,0),1777920165251518720,1777920165330816256,0
0,4,186,GEMM(11,6,0),1777920165330820352,1777920165410104576,0
0,4,188,GEMM(11,8,0),1777920165410107648,1777920165489393920,0
0,4,190,GEMM(11,10,0),1777920165489398016,1777920165568683264,0
0,4,192,GEMM(11,12,0),1777920165568686336,1777920165647972608,0
0,4,194,GEMM(11,14,0),1777920165647975680,1777920165727262976,0
0,4,197,GEMM(12,2,0),1777920165727267072,1777920165806558464,0
0,4,199,GEMM(12,4,0),1777920165806561536,1777920165885850880,0
0,4,201,GEMM(12,6,0),1777920165885854976,1777920165965152512,0
0,4,203,GEMM(12,8,0),1777920165965155584,1777920166044449024,0
0,4,205,GEMM(12,10,0),1777920166044453120,1777920166123736320,0
0,4,207,GEMM(12,12,0),1777920166123739392,1777920166203025664,0
0,4,209,GEMM(12,14,0),1777920166203029760,1777920166282312960,0
0,4,212,GEMM(13,2,0),1777920166282317056,1777920166361610496,0
0,4,214,GEMM(13,4,0),1777920166361613568,1777920166440905984,0
0,4,216,GEMM(13,6,0),1777920166440910080,1777920166520207616,0
0,4,218,GEMM(13,8,0),1777920166520210688,1777920166599512320,0
0,4,220,GEMM(13,10,0),1777920166599515392,1777920166678829312,0
0,4,222,GEMM(13,12,0),1777920166678833408,1777920166758138112,0
0,4,224,GEMM(13,14,0),1777920166758141184,1777920166837446912,0
0,4,227,GEMM(14,2,0),1777920166837449984,1777920166916749568,0
0,4,229,GEMM(14,4,0),1777920166916752640,1777920166996050176,0
0,4,231,GEMM(14,6,0),1777920166996053248,1777920167075354880,0
0,4,233,GEMM(14,8,0),1777920167075357952,1777920167154653440,0
0,4,235,GEMM(14,10,0),1777920167154656512,1777920167233947904,0
0,4,237,GEMM(14,12,0),1777920167233952000,1777920167313234176,0
0,4,239,GEMM(14,14,0),1777920167313238272,1777920167392537856,0
0,4,242,GEMM(15,2,0),1777920167392541952,1777920167471839488,0
0,4,244,GEMM(15,4,0),1777920167471843584,1777920167551144192,0
0,4,246,GEMM(15,6,0),1777920167551147264,1777920167630452992,0
0,4,248,GEMM(15,8,0),1777920167630457088,1777920167709760768,0
0,4,250,GEMM(15,10,0),1777920167709763840,1777920167789074688,0
0,4,252,GEMM(15,12,0),1777920167789077760,1777920167868377344,0
0,4,254,GEMM(15,14,0),1777920167868380416,1777920167947681024,0
0,4,258,TRSM_L(1,2),1777920183733805312,1777920183840986368,1777920167947683072
0,4,262,TRSM_L(1,4),1777920183840992512,1777920183947832576,1777920183840988416
0,4,266,TRSM_L(1,6),1777920183947838720,1777920184054870272,1777920183947835648
0,4,270,TRSM_L(1,8),1777920184054876416,1777920184161842432,1777920184054872320
0,4,274,TRSM_L(1,10),1777920184161849600,1777920184268667136,1777920184161845504
0,4,278,TRSM_L(1,12),1777920184268673280,1777920184375688448,1777920184268670208
0,4,282,TRSM_L(1,14),1777920184375695616,1777920184482781440,1777920184375691520
0,4,285,GEMM(2,2,1),1777920184482788608,1777920184678601984,1777920184482785536
0,4,287,GEMM(2,4,1),1777920184678609152,1777920184874493184,1777920184678606080
0,4,289,GEMM(2,6,1),1777920184874500352,1777920185070378240,1777920184874497280
0,4,291,GEMM(2,8,1),1777920185070385408,1777920185266259200,1777920185070382336
0,4,293,GEMM(2,10,1),1777920185266266368,1777920185462228224,1777920185266262272
0,4,295,GEMM(2,12,1),1777920185462235392,1777920185658103040,1777920185462231296
0,4,297,GEMM(2,14,1),1777920185658110208,1777920185853874432,1777920185658107136
0,4,299,GEMM(3,2,1),1777920185853881600,1777920186064289024,1777920185853878528
0,4,301,GEMM(3,4,1),1777920186064296192,1777920186274783488,1777920186064293120
0,4,303,GEMM(3,6,1),1777920186274790656,1777920186485174528,1777920186274787584
0,4,305,GEMM(3,8,1),1777920186485181696,1777920186695514368,1777920186485177600
0,4,307,GEMM(3,10,1),1777920186695521536,1777920186905859328,1777920186695518464
0,4,309,GEMM(3,12,1),1777920186905866496,1777920187116144896,1777920186905862400
0,4,311,GEMM(3,14,1),1777920187116152064,1777920187326469376,1777920187116148992
0,4,313,GEMM(4,2,1),1777920187326476544,1777920187517836544,1777920187326473472
0,4,315,GEMM(4,4,1),1777920187517843712,1777920187709250816,1777920187517839616
0,4,317,GEMM(4,6,1),1777920187709257984,1777920187900543232,1777920187709254912
0,4,319,GEMM(4,8,1),1777920187900550400,1777920188091890944,1777920187900546304
0,4,321,GEMM(4,10,1),1777920188091898112,1777920188283265280,1777920188091895040
0,4,323,GEMM(4,12,1),1777920188283272448,1777920188474650880,1777920188283269376
0,4,325,GEMM(4,14,1),1777920188474658048,1777920188665939200,1777920188474654976
0,4,327,GEMM(5,2,1),1777920188665945344,1777920188876268800,1777920188665942272
0,4,329,GEMM(5,4,1),1777920188876275968,1777920189086729472,1777920188876272896
0,4,331,GEMM(5,6,1),1777920189086736640,1777920189297170688,1777920189086733568
0,4,333,GEMM(5,8,1),1777920189297177856,1777920189507655936,1777920189297173760
0,4,335,GEMM(5,10,1),1777920189507663104,1777920189718130944,1777920189507660032
0,4,337,GEMM(5,12,1),1777920189718138112,1777920189928689920,1777920189718135040
0,4,339,GEMM(5,14,1),1777920189928697088,1777920190139073792,1777920189928694016
0,4,341,GEMM(6,2,1),1777920190139080960,1777920190334933248,1777920190139077888
0,4,343,GEMM(6,4,1),1777920190334940416,1777920190530937088,1777920190334936320
0,4,345,GEMM(6,6,1),1777920190530944256,1777920190726841600,1777920190530941184
0,4,347,GEMM(6,8,1),1777920190726848768,1777920190922676480,1777920190726845696
0,4,349,GEMM(6,10,1),1777920190922683648,1777920191118611712,1777920190922680576
0,4,351,GEMM(6,12,1),1777920191118617856,1777920191314462976,1777920191118614784
0,4,353,GEMM(6,14,1),1777920191314470144,1777920191510335744,1777920191314466048
0,4,355,GEMM(7,2,1),1777920191510342912,1777920191720785152,1777920191510339840
0,4,357,GEMM(7,4,1),1777920191720792320,1777920191931314432,1777920191720788224
0,4,359,GEMM(7,6,1),1777920191931321600,1777920192141762816,1777920191931317504
0,4,361,GEMM(7,8,1),1777920192141769984,1777920192352177408,1777920192141765888
0,4,363,GEMM(7,10,1),1777920192352184576,1777920192562683136,1777920192352180480
0,4,365,GEMM(7,12,1),1777920192562690304,1777920192773072128,1777920192562687232
0,4,367,GEMM(7,14,1),1777920192773079296,1777920192983493888,1777920192773076224
0,4,369,GEMM(8,2,1),1777920192983501056,1777920193174832384,1777920192983496960
0,4,371,GEMM(8,4,1),1777920193174839552,1777920193366110464,1777920193174835456
0,4,373,GEMM(8,6,1),1777920193366117632,1777920193557471488,1777920193366114560
0,4,375,GEMM(8,8,1),1777920193557478656,1777920193748819200,1777920193557474560
0,4,377,GEMM(8,10,1),1777920193748826368,1777920193940108544,1777920193748823296
0,4,379,GEMM(8,12,1),1777920193940115712,1777920194131414272,1777920193940112640
0,4,381,GEMM(8,14,1),1777920194131421440,1777920194322777344,1777920194131417344
0,4,383,GEMM(9,2,1),1777920194322784512,1777920194533090560,1777920194322781440
0,4,385,GEMM(9,4,1),1777920194533097728,1777920194743581952,1777920194533093632
0,4,387,GEMM(9,6,1),1777920194743589120,1777920194953947392,1777920194743586048
0,4,389,GEMM(9,8,1),1777920194953954560,1777920195164356864,1777920194953950464
0,4,391,GEMM(9,10,1),1777920195164364032,1777920195374694656,1777920195164359936
0,4,393,GEMM(9,12,1),1777920195374701824,1777920195585138944,1777920195374698752
0,4,395,GEMM(9,14,1),1777920195585146112,1777920195795570944,1777920195585143040
0,4,397,GEMM(10,2,1),1777920195795578112,1777920195991518464,1777920195795574016
0,4,399,GEMM(10,4,1),1777920195991525632,1777920196187422976,1777920195991522560
0,4,401,GEMM(10,6,1),1777920196187430144,1777920196383301888,1777920196187427072
0,4,403,GEMM(10,8,1),1777920196383309056,1777920196579117312,1777920196383304960
0,4,405,GEMM(10,10,1),1777920196579124480,1777920196774968576,1777920196579121408
0,4,407,GEMM(10,12,1),1777920196774975744,1777920196970834176,1777920196774971648
0,4,409,GEMM(10,14,1),1777920196970841344,1777920197166701824,1777920196970837248
0,4,411,GEMM(11,2,1),1777920197166708992,1777920197377003776,1777920197166705920
0,4,413,GEMM(11,4,1),1777920197377010944,1777920197587343616,1777920197377007872
0,4,415,GEMM(11,6,1),1777920197587350784,1777920197797630208,1777920197587347712
0,4,417,GEMM(11,8,1),1777920197797637376,1777920198007977216,1777920197797634304
0,4,419,GEMM(11,10,1),1777920198007984384,1777920198218273024,1777920198007981312
0,4,421,GEMM(11,12,1),1777920198218280192,1777920198428556544,1777920198218277120
0,4,423,GEMM(11,14,1),1777920198428563712,1777920198638986496,1777920198428559616
0,4,425,GEMM(12,2,1),1777920198638993664,1777920198830283008,1777920198638990592
0,4,427,GEMM(12,4,1),1777920198830290176,1777920199021613312,1777920198830287104
0,4,429,GEMM(12,6,1),1777920199021620480,1777920199212948736,1777920199021617408
0,4,431,GEMM(12,8,1),1777920199212955904,1777920199404314880,1777920199212951808
0,4,433,GEMM(12,10,1),1777920199404322048,1777920199595631872,1777920199404317952
0,4,435,GEMM(12,12,1),1777920199595639040,1777920199787003136,1777920199595635968
0,4,437,GEMM(12,14,1),1777920199787011328,1777920199978267904,1777920199787007232
0,4,439,GEMM(13,2,1),1777920199978275072,1777920200188613888,1777920199978272000
0,4,441,GEMM(13,4,1),1777920200188621056,1777920200398943488,1777920200188616960
0,4,443,GEMM(13,6,1),1777920200398950656,1777920200609320192,1777920200398947584
0,4,445,GEMM(13,8,1),1777920200609327360,1777920200819670272,1777920200609324288
0,4,447,GEMM(13,10,1),1777920200819677440,1777920201030012160,1777920200819674368
0,4,449,GEMM(13,12,1),1777920201030020352,1777920201240334592,1777920201030016256
0,4,451,GEMM(13,14,1),1777920201240341760,1777920201450740992,1777920201240338688
0,4,453,GEMM(14,2,1),1777920201450748160,1777920201646515456,1777920201450745088
0,4,455,GEMM(14,4,1),1777920201646522624,1777920201842404608,1777920201646519552
0,4,457,GEMM(14,6,1),1777920201842411776,1777920202038143232,1777920201842407680
0,4,459,GEMM(14,8,1),1777920202038149376,1777920202233867520,1777920202038146304
0,4,461,GEMM(14,10,1),1777920202233874688,1777920202429588736,1777920202233870592
0,4,463,GEMM(14,12,1),1777920202429595904,1777920202625447168,1777920202429592832
0,4,465,GEMM(14,14,1),1777920202625453312,1777920202821287168,1777920202625450240
0,4,467,GEMM(15,2,1),1777920202821294336,1777920203031618816,1777920202821291264
0,4,469,GEMM(15,4,1),1777920203031625984,1777920203242032384,1777920203031622912
0,4,471,GEMM(15,6,1),1777920203242039552,1777920203452340480,1777920203242036480
0,4,473,GEMM(15,8,1),1777920203452347648,1777920203662672128,1777920203452344576
0,4,475,GEMM(15,10,1),1777920203662679296,1777920203872995584,1777920203662675200
0,4,477,GEMM(15,12,1),1777920203873003776,1777920204083336448,1777920203872999680
0,4,479,GEMM(15,14,1),1777920204083343616,1777920204293622016,1777920204083339520
0,4,481,GETRF(2),1777920204293626112,1777920204322745600,0
0,4,482,TRSM_R(3,2),1777920204322751744,1777920204369849600,0
0,4,484,TRSM_R(4,2),1777920204369856768,1777920204417097984,0
0,4,485,TRSM_L(2,4),1777920204417107200,1777920204459623680,0
0,4,486,TRSM_R(5,2),1777920204459625728,1777920204506746112,0
0,4,488,TRSM_R(6,2),1777920204506753280,1777920204553796864,0
0,4,489,TRSM_L(2,6),1777920204553806080,1777920204596221184,0
0,4,490,TRSM_R(7,2),1777920204596223232,1777920204643341568,0
0,4,492,TRSM_R(8,2),1777920204643348736,1777920204690466048,0
0,4,493,TRSM_L(2,8),1777920204690474240,1777920204732924160,0
0,4,494,TRSM_R(9,2),1777920204732925184,1777920204780067072,0
0,4,496,TRSM_R(10,2),1777920204780075264,1777920204827172096,0
0,4,497,TRSM_L(2,10),1777920204827181312,1777920204869598464,0
0,4,498,TRSM_R(11,2),1777920204869600512,1777920204916665600,0
0,4,500,TRSM_R(12,2),1777920204916673792,1777920204963793152,0
0,4,501,TRSM_L(2,12),1777920204963801344,1777920205006211328,0
0,4,502,TRSM_R(13,2),1777920205006213376,1777920205053332736,0
0,4,504,TRSM_R(14,2),1777920205053340928,1777920205100463360,0
0,4,505,TRSM_L(2,14),1777920205100471552,1777920205142889728,0
0,4,506,TRSM_R(15,2),1777920205142890752,1777920205190019328,0
0,4,509,GEMM(3,4,2),1777920205190029568,1777920205269335296,0
0,4,511,GEMM(3,6,2),1777920205269339392,1777920205348643072,0
0,4,513,GEMM(3,8,2),1777920205348646144,1777920205427945728,0
0,4,515,GEMM(3,10,2),1777920205427949824,1777920205507252480,0
0,4,517,GEMM(3,12,2),1777920205507256576,1777920205586553088,0
0,4,519,GEMM(3,14,2),1777920205586557184,1777920205665852672,0
0,4,522,GEMM(4,4,2),1777920205665856768,1777920205745148160,0
0,4,524,GEMM(4,6,2),1777920205745151232,1777920205824451840,0
0,4,526,GEMM(4,8,2),1777920205824455936,1777920205903757568,0
0,4,528,GEMM(4,10,2),1777920205903761664,1777920205983064320,0
0,4,530,GEMM(4,12,2),1777920205983068416,1777920206062361856,0
0,4,532,GEMM(4,14,2),1777920206062365952,1777920206141675776,0
0,4,535,GEMM(5,4,2),1777920206141678848,1777920206220985600,0
0,4,537,GEMM(5,6,2),1777920206220989696,1777920206300278016,0
0,4,539,GEMM(5,8,2),1777920206300282112,1777920206379584768,0
0,4,541,GEMM(5,10,2),1777920206379586816,1777920206458889472,0
0,4,543,GEMM(5,12,2),1777920206458895616,1777920206538191104,0
0,4,545,GEMM(5,14,2),1777920206538194176,1777920206617484544,0
0,4,548,GEMM(6,4,2),1777920206617487616,1777920206696777984,0
0,4,550,GEMM(6,6,2),1777920206696782080,1777920206776075520,0
0,4,552,GEMM(6,8,2),1777920206776079616,1777920206855372032,0
0,4,554,GEMM(6,10,2),1777920206855376128,1777920206934675712,0
0,4,556,GEMM(6,12,2),1777920206934679808,1777920207013974272,0
0,4,558,GEMM(6,14,2),1777920207013977344,1777920207093267712,0
0,4,561,GEMM(7,4,2),1777920207093271808,1777920207172565248,0
0,4,563,GEMM(7,6,2),1777920207172569344,1777920207251866880,0
0,4,565,GEMM(7,8,2),1777920207251870976,1777920207331163392,0
0,4,567,GEMM(7,10,2),1777920207331167488,1777920207410458880,0
0,4,569,GEMM(7,12,2),1777920207410462976,1777920207489762560,0
0,4,571,GEMM(7,14,2),1777920207489765632,1777920207569058048,0
0,4,574,GEMM(8,4,2),1777920207569062144,1777920207648346368,0
0,4,576,GEMM(8,6,2),1777920207648350464,1777920207727637760,0
0,4,578,GEMM(8,8,2),1777920207727641856,1777920207806921984,0
0,4,580,GEMM(8,10,2),1777920207806926080,1777920207886222592,0
0,4,582,GEMM(8,12,2),1777920207886226688,1777920207965515008,0
0,4,584,GEMM(8,14,2),1777920207965518080,1777920208044804352,0
0,4,587,GEMM(9,4,2),1777920208044806400,1777920208124110080,0
0,4,589,GEMM(9,6,2),1777920208124114176,1777920208203417856,0
0,4,591,GEMM(9,8,2),1777920208203421952,1777920208282731776,0
0,4,593,GEMM(9,10,2),1777920208282735872,1777920208362041600,0
0,4,595,GEMM(9,12,2),1777920208362045696,1777920208441349376,0
0,4,597,GEMM(9,14,2),1777920208441352448,1777920208520661248,0
0,4,600,GEMM(10,4,2),1777920208520665344,1777920208599966976,0
0,4,602,GEMM(10,6,2),1777920208599971072,1777920208679274752,0
0,4,604,GEMM(10,8,2),1777920208679278848,1777920208758580480,0
0,4,606,GEMM(10,10,2),1777920208758583552,1777920208837881088,0
0,4,608,GEMM(10,12,2),1777920208837885184,1777920208917181696,0
0,4,610,GEMM(10,14,2),1777920208917185792,1777920208996490496,0
0,4,613,GEMM(11,4,2),1777920208996494592,1777920209075802368,0
0,4,615,GEMM(11,6,2),1777920209075806464,1777920209155111168,0
0,4,617,GEMM(11,8,2),1777920209155115264,1777920209234419968,0
0,4,619,GEMM(11,10,2),1777920209234424064,1777920209313733888,0
0,4,621,GEMM(11,12,2),1777920209313736960,1777920209393045760,0
0,4,623,GEMM(11,14,2),1777920209393049856,1777920209472360704,0
0,4,626,GEMM(12,4,2),1777920209472363776,1777920209551667456,0
0,4,628,GEMM(12,6,2),1777920209551670528,1777920209630968064,0
0,4,630,GEMM(12,8,2),1777920209630972160,1777920209710268672,0
0,4,632,GEMM(12,10,2),1777920209710271744,1777920209789566208,0
0,4,634,GEMM(12,12,2),1777920209789569280,1777920209868856576,0
0,4,636,GEMM(12,14,2),1777920209868859648,1777920209948157184,0
0,4,639,GEMM(13,4,2),1777920209948160256,1777920210027465984,0
0,4,641,GEMM(13,6,2),1777920210027469056,1777920210106765568,0
0,4,643,GEMM(13,8,2),1777920210106768640,1777920210186070272,0
0,4,645,GEMM(13,10,2),1777920210186073344,1777920210265374976,0
0,4,647,GEMM(13,12,2),1777920210265379072,1777920210344681728,0
0,4,649,GEMM(13,14,2),1777920210344684800,1777920210423989504,0
0,4,652,GEMM(14,4,2),1777920210423992576,1777920210503288064,0
0,4,654,GEMM(14,6,2),1777920210503291136,1777920210582587648,0
0,4,656,GEMM(14,8,2),1777920210582590720,1777920210661890304,0
0,4,658,GEMM(14,10,2),1777920210661894400,1777920210741190912,0
0,4,660,GEMM(14,12,2),1777920210741193984,1777920210820487424,0
0,4,662,GEMM(14,14,2),1777920210820491520,1777920210899790080,0
0,4,665,GEMM(15,4,2),1777920210899794176,1777920210979101952,0
0,4,667,GEMM(15,6,2),1777920210979105024,1777920211058398464,0
0,4,669,GEMM(15,8,2),1777920211058402560,1777920211137717504,0
0,4,671,GEMM(15,10,2),1777920211137721600,1777920211217015040,0
0,4,673,GEMM(15,12,2),1777920211217018112,1777920211296306432,0
0,4,675,GEMM(15,14,2),1777920211296310528,1777920211375603968,0
0,4,679,TRSM_L(3,4),1777920223485280512,1777920223592632576,1777920211375607040
0,4,683,TRSM_L(3,6),1777920223592638720,1777920223699865856,1777920223592635648
0,4,687,TRSM_L(3,8),1777920223699873024,1777920223807016192,1777920223699868928
0,4,691,TRSM_L(3,10),1777920223807023360,1777920223914274048,1777920223807019264
0,4,695,TRSM_L(3,12),1777920223914280192,1777920224021472512,1777920223914277120
0,4,699,TRSM_L(3,14),1777920224021478656,1777920224128666880,1777920224021475584
0,4,702,GEMM(4,4,3),1777920224128674048,1777920224320006400,1777920224128669952
0,4,704,GEMM(4,6,3),1777920224320013568,1777920224511347968,1777920224320010496
0,4,706,GEMM(4,8,3),1777920224511355136,1777920224702654720,1777920224511352064
0,4,708,GEMM(4,10,3),1777920224702661888,1777920224894030080,1777920224702657792
0,4,710,GEMM(4,12,3),1777920224894038272,1777920225085407488,1777920224894034176
0,4,712,GEMM(4,14,3),1777920225085414656,1777920225276728576,1777920225085411584
0,4,714,GEMM(5,4,3),1777920225276735744,1777920225486915840,1777920225276731648
0,4,716,GEMM(5,6,3),1777920225486924032,1777920225697148160,1777920225486919936
0,4,718,GEMM(5,8,3),1777920225697155328,1777920225907249408,1777920225697152256
0,4,720,GEMM(5,10,3),1777920225907256576,1777920226117473536,1777920225907253504
0,4,722,GEMM(5,12,3),1777920226117480704,1777920226327617792,1777920226117476608
0,4,724,GEMM(5,14,3),1777920226327624960,1777920226537741568,1777920226327621888
0,4,726,GEMM(6,4,3),1777920226537748736,1777920226733430016,1777920226537745664
0,4,728,GEMM(6,6,3),1777920226733437184,1777920226929097984,1777920226733433088
0,4,730,GEMM(6,8,3),1777920226929105152,1777920227124833536,1777920226929102080
0,4,732,GEMM(6,10,3),1777920227124840704,1777920227320594688,1777920227124836608
0,4,734,GEMM(6,12,3),1777920227320601856,1777920227516333312,1777920227320598784
0,4,736,GEMM(6,14,3),1777920227516340480,1777920227711998208,1777920227516337408
0,4,738,GEMM(7,4,3),1777920227712005376,1777920227922239744,1777920227712001280
0,4,740,GEMM(7,6,3),1777920227922246912,1777920228132368640,1777920227922243840
0,4,742,GEMM(7,8,3),1777920228132375808,1777920228342609152,1777920228132372736
0,4,744,GEMM(7,10,3),1777920228342616320,1777920228552996096,1777920228342613248
0,4,746,GEMM(7,12,3),1777920228553003264,1777920228763277568,1777920228552999168
0,4,748,GEMM(7,14,3),1777920228763284736,1777920228973601024,1777920228763280640
0,4,750,GEMM(8,4,3),1777920228973608192,1777920229164985600,1777920228973605120
0,4,752,GEMM(8,6,3),1777920229164992768,1777920229356247296,1777920229164988672
0,4,754,GEMM(8,8,3),1777920229356254464,1777920229547617536,1777920229356250368
0,4,756,GEMM(8,10,3),1777920229547624704,1777920229739021568,1777920229547620608
0,4,758,GEMM(8,12,3),1777920229739028736,1777920229930364160,1777920229739024640
0,4,760,GEMM(8,14,3),1777920229930372352,1777920230121685248,1777920229930368256
0,4,762,GEMM(9,4,3),1777920230121692416,1777920230331966720,1777920230121688320
0,4,764,GEMM(9,6,3),1777920230331972864,1777920230542060800,1777920230331969792
0,4,766,GEMM(9,8,3),1777920230542067968,1777920230752147712,1777920230542063872
0,4,768,GEMM(9,10,3),1777920230752154880,1777920230962257152,1777920230752151808
0,4,770,GEMM(9,12,3),1777920230962264320,1777920231172318464,1777920230962260224
0,4,772,GEMM(9,14,3),1777920231172325632,1777920231382455552,1777920231172322560
0,4,774,GEMM(10,4,3),1777920231382462720,1777920231578234112,1777920231382459648
0,4,776,GEMM(10,6,3),1777920231578241280,1777920231773937920,1777920231578237184
0,4,778,GEMM(10,8,3),1777920231773945088,1777920231969741056,1777920231773942016
0,4,780,GEMM(10,10,3),1777920231969748224,1777920232165474560,1777920231969745152
0,4,782,GEMM(10,12,3),1777920232165481728,1777920232361242880,1777920232165478656
0,4,784,GEMM(10,14,3),1777920232361250048,1777920232556924160,1777920232361246976
0,4,786,GEMM(11,4,3),1777920232556931328,1777920232767165696,1777920232556928256
0,4,788,GEMM(11,6,3),1777920232767172864,1777920232977395968,1777920232767169792
0,4,790,GEMM(11,8,3),1777920232977403136,1777920233187711232,1777920232977400064
0,4,792,GEMM(11,10,3),1777920233187718400,1777920233397913856,1777920233187714304
0,4,794,GEMM(11,12,3),1777920233397921024,1777920233608093952,1777920233397917952
0,4,796,GEMM(11,14,3),1777920233608101120,1777920233818274048,1777920233608098048
0,4,798,GEMM(12,4,3),1777920233818281216,1777920234009594112,1777920233818278144
0,4,800,GEMM(12,6,3),1777920234009601280,1777920234200955136,1777920234009598208
0,4,802,GEMM(12,8,3),1777920234200962304,1777920234392269056,1777920234200958208
0,4,804,GEMM(12,10,3),1777920234392276224,1777920234583628032,1777920234392273152
0,4,806,GEMM(12,12,3),1777920234583634176,1777920234774921472,1777920234583631104
0,4,808,GEMM(12,14,3),1777920234774928640,1777920234966245632,1777920234774924544
0,4,810,GEMM(13,4,3),1777920234966252800,1777920235176532224,1777920234966249728
0,4,812,GEMM(13,6,3),1777920235176539392,1777920235387047168,1777920235176536320
0,4,814,GEMM(13,8,3),1777920235387054336,1777920235597408512,1777920235387051264
0,4,816,GEMM(13,10,3),1777920235597415680,1777920235807712512,1777920235597411584
0,4,818,GEMM(13,12,3),1777920235807719680,1777920236018008320,1777920235807716608
0,4,820,GEMM(13,14,3),1777920236018015488,1777920236228310272,1777920236018012416
0,4,822,GEMM(14,4,3),1777920236228317440,1777920236423978240,1777920236228314368
0,4,824,GEMM(14,6,3),1777920236423984384,1777920236619693312,1777920236423981312
0,4,826,GEMM(14,8,3),1777920236619700480,1777920236815523072,1777920236619697408
0,4,828,GEMM(14,10,3),1777920236815530240,1777920237011311872,1777920236815527168
0,4,830,GEMM(14,12,3),1777920237011319040,1777920237207053568,1777920237011315968
0,4,832,GEMM(14,14,3),1777920237207060736,1777920237402770688,1777920237207057664
0,4,834,GEMM(15,4,3),1777920237402777856,1777920237613086976,1777920237402774784
0,4,836,GEMM(15,6,3),1777920237613094144,1777920237823326464,1777920237613091072
0,4,838,GEMM(15,8,3),1777920237823333632,1777920238033584384,1777920237823330560
0,4,840,GEMM(15,10,3),1777920238033592576,1777920238243869952,1777920238033588480
0,4,842,GEMM(15,12,3),1777920238243877120,1777920238454224128,1777920238243874048
0,4,844,GEMM(15,14,3),1777920238454231296,1777920238664457472,1777920238454227200
0,4,846,GETRF(4),1777920238664460544,1777920238693579008,0
0,4,847,TRSM_R(5,4),1777920238693585152,1777920238740628736,0
0,4,849,TRSM_R(6,4),1777920238740638976,1777920238787856640,0
0,4,850,TRSM_L(4,6),1777920238787866880,1777920238830413056,0
0,4,851,TRSM_R(7,4),1777920238830414080,1777920238877583616,0
0,4,853,TRSM_R(8,4),1777920238877591808,1777920238924665088,0
0,4,854,TRSM_L(4,8),1777920238924674304,1777920238967074048,0
0,4,855,TRSM_R(9,4),1777920238967077120,1777920239014203648,0
0,4,857,TRSM_R(10,4),1777920239014212864,1777920239061340416,0
0,4,858,TRSM_L(4,10),1777920239061349632,1777920239103757568,0
0,4,859,TRSM_R(11,4),1777920239103760640,1777920239150850304,0
0,4,861,TRSM_R(12,4),1777920239150859520,1777920239197936896,0
0,4,862,TRSM_L(4,12),1777920239197948160,1777920239240357120,0
0,4,863,TRSM_R(13,4),1777920239240358144,1777920239287490816,0
0,4,865,TRSM_R(14,4),1777920239287499008,1777920239334629632,0
0,4,866,TRSM_L(4,14),1777920239334637824,1777920239377053952,0
0,4,867,TRSM_R(15,4),1777920239377054976,1777920239424154880,0
0,4,870,GEMM(5,6,4),1777920239424164096,1777920239503486208,0
0,4,872,GEMM(5,8,4),1777920239503490304,1777920239582806272,0
0,4,874,GEMM(5,10,4),1777920239582810368,1777920239662125312,0
0,4,876,GEMM(5,12,4),1777920239662128384,1777920239741454592,0
0,4,878,GEMM(5,14,4),1777920239741458688,1777920239820765440,0
0,4,881,GEMM(6,6,4),1777920239820769536,1777920239900078336,0
0,4,883,GEMM(6,8,4),1777920239900082432,1777920239979397376,0
0,4,885,GEMM(6,10,4),1777920239979401472,1777920240058711296,0
0,4,887,GEMM(6,12,4),1777920240058715392,1777920240138024192,0
0,4,889,GEMM(6,14,4),1777920240138028288,1777920240217348352,0
0,4,892,GEMM(7,6,4),1777920240217352448,1777920240296663296,0
0,4,894,GEMM(7,8,4),1777920240296666368,1777920240375976192,0
0,4,896,GEMM(7,10,4),1777920240375980288,1777920240455293184,0
0,4,898,GEMM(7,12,4),1777920240455297280,1777920240534609152,0
0,4,900,GEMM(7,14,4),1777920240534612224,1777920240613925120,0
0,4,903,GEMM(8,6,4),1777920240613928192,1777920240693234944,0
0,4,905,GEMM(8,8,4),1777920240693239040,1777920240772544768,0
0,4,907,GEMM(8,10,4),1777920240772547840,1777920240851847424,0
0,4,909,GEMM(8,12,4),1777920240851850496,1777920240931149056,0
0,4,911,GEMM(8,14,4),1777920240931152128,1777920241010454784,0
0,4,914,GEMM(9,6,4),1777920241010457856,1777920241089772800,0
0,4,916,GEMM(9,8,4),1777920241089775872,1777920241169094912,0
0,4,918,GEMM(9,10,4),1777920241169099008,1777920241248403712,0
0,4,920,GEMM(9,12,4),1777920241248407808,1777920241327714560,0
0,4,922,GEMM(9,14,4),1777920241327717632,1777920241407038720,0
0,4,925,GEMM(10,6,4),1777920241407041792,1777920241486347520,0
0,4,927,GEMM(10,8,4),1777920241486350592,1777920241565665536,0
0,4,929,GEMM(10,10,4),1777920241565668608,1777920241644988672,0
0,4,931,GEMM(10,12,4),1777920241644991744,1777920241724298496,0
0,4,933,GEMM(10,14,4),1777920241724302592,1777920241803606272,0
0,4,936,GEMM(11,6,4),1777920241803609344,1777920241882912000,0
0,4,938,GEMM(11,8,4),1777920241882915072,1777920241962217728,0
0,4,940,GEMM(11,10,4),1777920241962220800,1777920242041530624,0
0,4,942,GEMM(11,12,4),1777920242041533696,1777920242120846592,0
0,4,944,GEMM(11,14,4),1777920242120850688,1777920242200159488,0
0,4,947,GEMM(12,6,4),1777920242200162560,1777920242279470336,0
0,4,949,GEMM(12,8,4),1777920242279473408,1777920242358778112,0
0,4,951,GEMM(12,10,4),1777920242358781184,1777920242438098176,0
0,4,953,GEMM(12,12,4),1777920242438101248,1777920242517411072,0
0,4,955,GEMM(12,14,4),1777920242517414144,1777920242596722944,0
0,4,958,GEMM(13,6,4),1777920242596726016,1777920242676024576,0
0,4,960,GEMM(13,8,4),1777920242676027648,1777920242755326208,0
0,4,962,GEMM(13,10,4),1777920242755329280,1777920242834640128,0
0,4,964,GEMM(13,12,4),1777920242834643200,1777920242913949952,0
0,4,966,GEMM(13,14,4),1777920242913954048,1777920242993251584,0
0,4,969,GEMM(14,6,4),1777920242993255680,1777920243072552192,0
0,4,971,GEMM(14,8,4),1777920243072556288,1777920243151850752,0
0,4,973,GEMM(14,10,4),1777920243151854848,1777920243231155456,0
0,4,975,GEMM(14,12,4),1777920243231159552,1777920243310456064,0
0,4,977,GEMM(14,14,4),1777920243310459136,1777920243389754624,0
0,4,980,GEMM(15,6,4),1777920243389758720,1777920243469057280,0
0,4,982,GEMM(15,8,4),1777920243469061376,1777920243548355840,0
0,4,984,GEMM(15,10,4),1777920243548359936,1777920243627658496,0
0,4,986,GEMM(15,12,4),1777920243627662592,1777920243706955008,0
0,4,988,GEMM(15,14,4),1777920243706958080,1777920243786261760,0
0,4,992,TRSM_L(5,6),1777920252691984640,1777920252799211776,1777920243786263808
0,4,996,TRSM_L(5,8),1777920252799217920,1777920252906526976,1777920252799214848
0,4,1000,TRSM_L(5,10),1777920252906533120,1777920253013835008,1777920252906530048
0,4,1004,TRSM_L(5,12),1777920253013841152,1777920253121235200,1777920253013838080
0,4,1008,TRSM_L(5,14),1777920253121241344,1777920253228398848,1777920253121238272
0,4,1011,GEMM(6,6,5),1777920253228406016,1777920253424264448,1777920253228401920
0,4,1013,GEMM(6,8,5),1777920253424271616,1777920253620167936,1777920253424267520
0,4,1015,GEMM(6,10,5),1777920253620174080,1777920253816012032,1777920253620171008
0,4,1017,GEMM(6,12,5),1777920253816018176,1777920254011995392,1777920253816015104
0,4,1019,GEMM(6,14,5),1777920254012002560,1777920254207771904,1777920254011998464
0,4,1021,GEMM(7,6,5),1777920254207779072,1777920254418047232,1777920254207774976
0,4,1023,GEMM(7,8,5),1777920254418054400,1777920254628334848,1777920254418051328
0,4,1025,GEMM(7,10,5),1777920254628342016,1777920254838752512,1777920254628337920
0,4,1027,GEMM(7,12,5),1777920254838759680,1777920255049165056,1777920254838755584
0,4,1029,GEMM(7,14,5),1777920255049172224,1777920255259645184,1777920255049169152
0,4,1031,GEMM(8,6,5),1777920255259652352,1777920255450962176,1777920255259648256
0,4,1033,GEMM(8,8,5),1777920255450968320,1777920255642216704,1777920255450965248
0,4,1035,GEMM(8,10,5),1777920255642224896,1777920255833583872,1777920255642220800
0,4,1037,GEMM(8,12,5),1777920255833591040,1777920256024946944,1777920255833587968
0,4,1039,GEMM(8,14,5),1777920256024954112,1777920256216366336,1777920256024951040
0,4,1041,GEMM(9,6,5),1777920256216373504,1777920256426594560,1777920256216370432
0,4,1043,GEMM(9,8,5),1777920256426601728,1777920256636923136,1777920256426598656
0,4,1045,GEMM(9,10,5),1777920256636930304,1777920256847336704,1777920256636927232
0,4,1047,GEMM(9,12,5),1777920256847343872,1777920257057693952,1777920256847339776
0,4,1049,GEMM(9,14,5),1777920257057701120,1777920257268022528,1777920257057698048
0,4,1051,GEMM(10,6,5),1777920257268029696,1777920257463830784,1777920257268026624
0,4,1053,GEMM(10,8,5),1777920257463837952,1777920257659595008,1777920257463834880
0,4,1055,GEMM(10,10,5),1777920257659602176,1777920257855374592,1777920257659599104
0,4,1057,GEMM(10,12,5),1777920257855381760,1777920258051245312,1777920257855378688
0,4,1059,GEMM(10,14,5),1777920258051251456,1777920258247034112,1777920258051248384
0,4,1061,GEMM(11,6,5),1777920258247041280,1777920258457280768,1777920258247038208
0,4,1063,GEMM(11,8,5),1777920258457287936,1777920258667547904,1777920258457284864
0,4,1065,GEMM(11,10,5),1777920258667555072,1777920258877974784,1777920258667550976
0,4,1067,GEMM(11,12,5),1777920258877981952,1777920259088315648,1777920258877977856
0,4,1069,GEMM(11,14,5),1777920259088322816,1777920259298570496,1777920259088318720
0,4,1071,GEMM(12,6,5),1777920259298577664,1777920259489973504,1777920259298573568
0,4,1073,GEMM(12,8,5),1777920259489981696,1777920259681313024,1777920259489977600
0,4,1075,GEMM(12,10,5),1777920259681320192,1777920259872618752,1777920259681316096
0,4,1077,GEMM(12,12,5),1777920259872625920,1777920260063960320,1777920259872621824
0,4,1079,GEMM(12,14,5),1777920260063967488,1777920260255295744,1777920260063963392
0,4,1081,GEMM(13,6,5),1777920260255302912,1777920260465748224,1777920260255298816
0,4,1083,GEMM(13,8,5),1777920260465755392,1777920260676120832,1777920260465751296
0,4,1085,GEMM(13,10,5),1777920260676128000,1777920260886552832,1777920260676124928
0,4,1087,GEMM(13,12,5),1777920260886558976,1777920261096935680,1777920260886555904
0,4,1089,GEMM(13,14,5),1777920261096942848,1777920261307343104,1777920261096939776
0,4,1091,GEMM(14,6,5),1777920261307350272,1777920261503213824,1777920261307347200
0,4,1093,GEMM(14,8,5),1777920261503220992,1777920261699070208,1777920261503216896
0,4,1095,GEMM(14,10,5),1777920261699077376,1777920261894891776,1777920261699074304
0,4,1097,GEMM(14,12,5),1777920261894898944,1777920262090652928,1777920261894895872
0,4,1099,GEMM(14,14,5),1777920262090660096,1777920262286431488,1777920262090657024
0,4,1101,GEMM(15,6,5),1777920262286438656,1777920262496832768,1777920262286434560
0,4,1103,GEMM(15,8,5),1777920262496839936,1777920262707200256,1777920262496835840
0,4,1105,GEMM(15,10,5),1777920262707207424,1777920262917582080,1777920262707204352
0,4,1107,GEMM(15,12,5),1777920262917589248,1777920263128042752,1777920262917585152
0,4,1109,GEMM(15,14,5),1777920263128050944,1777920263338323200,1777920263128046848
0,4,1111,GETRF(6),1777920263338326272,1777920263367461120,0
0,4,1112,TRSM_R(7,6),1777920263367466240,1777920263414523136,0
0,4,1114,TRSM_R(8,6),1777920263414531328,1777920263461689600,0
0,4,1115,TRSM_L(6,8),1777920263461697792,1777920263504209152,0
0,4,1116,TRSM_R(9,6),1777920263504212224,1777920263551406336,0
0,4,1118,TRSM_R(10,6),1777920263551413504,1777920263598550272,0
0,4,1119,TRSM_L(6,10),1777920263598559488,1777920263640970496,0
0,4,1120,TRSM_R(11,6),1777920263640973568,1777920263688098048,0
0,4,1122,TRSM_R(12,6),1777920263688106240,1777920263735228672,0
0,4,1123,TRSM_L(6,12),1777920263735236864,1777920263777683712,0
0,4,1124,TRSM_R(13,6),1777920263777684736,1777920263824804096,0
0,4,1126,TRSM_R(14,6),1777920263824812288,1777920263871951104,0
0,4,1127,TRSM_L(6,14),1777920263871959296,1777920263914382592,0
0,4,1128,TRSM_R(15,6),1777920263914384640,1777920263961475328,0
0,4,1131,GEMM(7,8,6),1777920263961485568,1777920264040781056,0
0,4,1133,GEMM(7,10,6),1777920264040785152,1777920264120089856,0
0,4,1135,GEMM(7,12,6),1777920264120092928,1777920264199387392,0
0,4,1137,GEMM(7,14,6),1777920264199391488,1777920264278695168,0
0,4,1140,GEMM(8,8,6),1777920264278698240,1777920264357996800,0
0,4,1142,GEMM(8,10,6),1777920264357999872,1777920264437290240,0
0,4,1144,GEMM(8,12,6),1777920264437293312,1777920264516585728,0
0,4,1146,GEMM(8,14,6),1777920264516588800,1777920264595884288,0
0,4,1149,GEMM(9,8,6),1777920264595888384,1777920264675187968,0
0,4,1151,GEMM(9,10,6),1777920264675191040,1777920264754490624,0
0,4,1153,GEMM(9,12,6),1777920264754493696,1777920264833795328,0
0,4,1155,GEMM(9,14,6),1777920264833799424,1777920264913105152,0
0,4,1158,GEMM(10,8,6),1777920264913109248,1777920264992412928,0
0,4,1160,GEMM(10,10,6),1777920264992416000,1777920265071707392,0
0,4,1162,GEMM(10,12,6),1777920265071711488,1777920265151009024,0
0,4,1164,GEMM(10,14,6),1777920265151013120,1777920265230310656,0
0,4,1167,GEMM(11,8,6),1777920265230313728,1777920265309609216,0
0,4,1169,GEMM(11,10,6),1777920265309613312,1777920265388903680,0
0,4,1171,GEMM(11,12,6),1777920265388907776,1777920265468206336,0
0,4,1173,GEMM(11,14,6),1777920265468210432,1777920265547505920,0
0,4,1176,GEMM(12,8,6),1777920265547510016,1777920265626802432,0
0,4,1178,GEMM(12,10,6),1777920265626806528,1777920265706097920,0
0,4,1180,GEMM(12,12,6),1777920265706102016,1777920265785392384,0
0,4,1182,GEMM(12,14,6),1777920265785395456,1777920265864686848,0
0,4,1185,GEMM(13,8,6),1777920265864689920,1777920265943990528,0
0,4,1187,GEMM(13,10,6),1777920265943994624,1777920266023293184,0
0,4,1189,GEMM(13,12,6),1777920266023297280,1777920266102593792,0
0,4,1191,GEMM(13,14,6),1777920266102596864,1777920266181897472,0
0,4,1194,GEMM(14,8,6),1777920266181901568,1777920266261197056,0
0,4,1196,GEMM(14,10,6),1777920266261201152,1777920266340493568,0
0,4,1198,GEMM(14,12,6),1777920266340497664,1777920266419791104,0
0,4,1200,GEMM(14,14,6),1777920266419795200,1777920266499091712,0
0,4,1203,GEMM(15,8,6),1777920266499094784,1777920266578398464,0
0,4,1205,GEMM(15,10,6),1777920266578401536,1777920266657702144,0
0,4,1207,GEMM(15,12,6),1777920266657705216,1777920266736998656,0
0,4,1209,GEMM(15,14,6),1777920266737002752,1777920266816303360,0
0,4,1213,TRSM_L(7,8),1777920273027246336,1777920273134516480,1777920266816304384
0,4,1217,TRSM_L(7,10),1777920273134522624,1777920273241734400,1777920273134519552
0,4,1221,TRSM_L(7,12),1777920273241740544,1777920273348818176,1777920273241737472
0,4,1225,TRSM_L(7,14),1777920273348825344,1777920273456086272,1777920273348821248
0,4,1228,GEMM(8,8,7),1777920273456093440,1777920273647378688,1777920273456089344
0,4,1230,GEMM(8,10,7),1777920273647385856,1777920273838669056,1777920273647381760
0,4,1232,GEMM(8,12,7),1777920273838676224,1777920274030034176,1777920273838673152
0,4,1234,GEMM(8,14,7),1777920274030041344,1777920274221326592,1777920274030037248
0,4,1236,GEMM(9,8,7),1777920274221333760,1777920274431633664,1777920274221330688
0,4,1238,GEMM(9,10,7),1777920274431640832,1777920274641826048,1777920274431637760
0,4,1240,GEMM(9,12,7),1777920274641833216,1777920274852057344,1777920274641830144
0,4,1242,GEMM(9,14,7),1777920274852064512,1777920275062156544,1777920274852061440
0,4,1244,GEMM(10,8,7),1777920275062163712,1777920275257928960,1777920275062160640
0,4,1246,GEMM(10,10,7),1777920275257936128,1777920275453632768,1777920275257932032
0,4,1248,GEMM(10,12,7),1777920275453639936,1777920275649375488,1777920275453636864
0,4,1250,GEMM(10,14,7),1777920275649382656,1777920275845095680,1777920275649379584
0,4,1252,GEMM(11,8,7),1777920275845103872,1777920276055307520,1777920275845099776
0,4,1254,GEMM(11,10,7),1777920276055314688,1777920276265295104,1777920276055310592
0,4,1256,GEMM(11,12,7),1777920276265302272,1777920276475387136,1777920276265299200
0,4,1258,GEMM(11,14,7),1777920276475394304,1777920276685439232,1777920276475390208
0,4,1260,GEMM(12,8,7),1777920276685445376,1777920276876808448,1777920276685442304
0,4,1262,GEMM(12,10,7),1777920276876815616,1777920277068105984,1777920276876811520
0,4,1264,GEMM(12,12,7),1777920277068113152,1777920277259465984,1777920277068110080
0,4,1266,GEMM(12,14,7),1777920277259473152,1777920277450753280,1777920277259470080
0,4,1268,GEMM(13,8,7),1777920277450760448,1777920277661039872,1777920277450756352
0,4,1270,GEMM(13,10,7),1777920277661047040,1777920277871444224,1777920277661043968
0,4,1272,GEMM(13,12,7),1777920277871451392,1777920278081765632,1777920277871447296
0,4,1274,GEMM(13,14,7),1777920278081772800,1777920278292065536,1777920278081768704
0,4,1276,GEMM(14,8,7),1777920278292072704,1777920278487828736,1777920278292069632
0,4,1278,GEMM(14,10,7),1777920278487835904,1777920278683584768,1777920278487832832
0,4,1280,GEMM(14,12,7),1777920278683591936,1777920278879455488,1777920278683588864
0,4,1282,GEMM(14,14,7),1777920278879462656,1777920279075264768,1777920278879459584
0,4,1284,GEMM(15,8,7),1777920279075271936,1777920279285545216,1777920279075268864
0,4,1286,GEMM(15,10,7),1777920279285552384,1777920279495938304,1777920279285549312
0,4,1288,GEMM(15,12,7),1777920279495945472,1777920279706261760,1777920279495941376
0,4,1290,GEMM(15,14,7),1777920279706268928,1777920279916646656,1777920279706265856
0,4,1292,GETRF(8),1777920279916649728,1777920279945766144,0
0,4,1293,TRSM_R(9,8),1777920279945772288,1777920279992855808,0
0,4,1295,TRSM_R(10,8),1777920279992866048,1777920280039923968,0
0,4,1296,TRSM_L(8,10),1777920280039933184,1777920280082439424,0
0,4,1297,TRSM_R(11,8),1777920280082441472,1777920280129679616,0
0,4,1299,TRSM_R(12,8),1777920280129693952,1777920280176775424,0
0,4,1300,TRSM_L(8,12),1777920280176785664,1777920280219188480,0
0,4,1301,TRSM_R(13,8),1777920280219190528,1777920280266285312,0
0,4,1303,TRSM_R(14,8),1777920280266295552,1777920280313427200,0
0,4,1304,TRSM_L(8,14),1777920280313436416,1777920280355841280,0
0,4,1305,TRSM_R(15,8),1777920280355844352,1777920280402943232,0
0,4,1308,GEMM(9,10,8),1777920280402953472,1777920280482255104,0
0,4,1310,GEMM(9,12,8),1777920280482258176,1777920280561559808,0
0,4,1312,GEMM(9,14,8),1777920280561563904,1777920280640863488,0
0,4,1315,GEMM(10,10,8),1777920280640866560,1777920280720160000,0
0,4,1317,GEMM(10,12,8),1777920280720164096,1777920280799460608,0
0,4,1319,GEMM(10,14,8),1777920280799463680,1777920280878757120,0
0,4,1322,GEMM(11,10,8),1777920280878760192,1777920280958059776,0
0,4,1324,GEMM(11,12,8),1777920280958063872,1777920281037364480,0
0,4,1326,GEMM(11,14,8),1777920281037368576,1777920281116673280,0
0,4,1329,GEMM(12,10,8),1777920281116676352,1777920281195975936,0
0,4,1331,GEMM(12,12,8),1777920281195979008,1777920281275280640,0
0,4,1333,GEMM(12,14,8),1777920281275283712,1777920281354578176,0
0,4,1336,GEMM(13,10,8),1777920281354582272,1777920281433876736,0
0,4,1338,GEMM(13,12,8),1777920281433879808,1777920281513173248,0
0,4,1340,GEMM(13,14,8),1777920281513177344,1777920281592473856,0
0,4,1343,GEMM(14,10,8),1777920281592476928,1777920281671769344,0
0,4,1345,GEMM(14,12,8),1777920281671772416,1777920281751073024,0
0,4,1347,GEMM(14,14,8),1777920281751077120,1777920281830374656,0
0,4,1350,GEMM(15,10,8),1777920281830377728,1777920281909683456,0
0,4,1352,GEMM(15,12,8),1777920281909686528,1777920281988989184,0
0,4,1354,GEMM(15,14,8),1777920281988993280,1777920282068289792,0
0,4,1358,TRSM_L(9,10),1777920286058520832,1777920286165638400,1777920282068291840
0,4,1362,TRSM_L(9,12),1777920286165644544,1777920286272602368,1777920286165641472
0,4,1366,TRSM_L(9,14),1777920286272608512,1777920286379717888,1777920286272605440
0,4,1369,GEMM(10,10,9),1777920286379725056,1777920286575634688,1777920286379720960
0,4,1371,GEMM(10,12,9),1777920286575641856,1777920286771505408,1777920286575638784
0,4,1373,GEMM(10,14,9),1777920286771512576,1777920286967314688,1777920286771509504
0,4,1375,GEMM(11,10,9),1777920286967321856,1777920287177690368,1777920286967317760
0,4,1377,GEMM(11,12,9),1777920287177697536,1777920287388044544,1777920287177693440
0,4,1379,GEMM(11,14,9),1777920287388051712,1777920287598326016,1777920287388048640
0,4,1381,GEMM(12,10,9),1777920287598333184,1777920287789729024,1777920287598329088
0,4,1383,GEMM(12,12,9),1777920287789736192,1777920287981090048,1777920287789733120
0,4,1385,GEMM(12,14,9),1777920287981096192,1777920288172458240,1777920287981093120
0,4,1387,GEMM(13,10,9),1777920288172465408,1777920288382933248,1777920288172462336
0,4,1389,GEMM(13,12,9),1777920288382940416,1777920288593301760,1777920288382936320
0,4,1391,GEMM(13,14,9),1777920288593307904,1777920288803720448,1777920288593304832
0,4,1393,GEMM(14,10,9),1777920288803727616,1777920288999617792,1777920288803723520
0,4,1395,GEMM(14,12,9),1777920288999624960,1777920289195595008,1777920288999621888
0,4,1397,GEMM(14,14,9),1777920289195602176,1777920289391496448,1777920289195599104
0,4,1399,GEMM(15,10,9),1777920289391503616,1777920289601995008,1777920289391500544
0,4,1401,GEMM(15,12,9),1777920289602002176,1777920289812435200,1777920289601999104
0,4,1403,GEMM(15,14,9),1777920289812442368,1777920290022942976,1777920289812438272
0,4,1405,GETRF(10),1777920290022946048,1777920290052066560,0
0,4,1406,TRSM_R(11,10),1777920290052072704,1777920290099129600,0
0,4,1408,TRSM_R(12,10),1777920290099137792,1777920290146270464,0
0,4,1409,TRSM_L(10,12),1777920290146278656,1777920290188797184,0
0,4,1410,TRSM_R(13,10),1777920290188799232,1777920290236048640,0
0,4,1412,TRSM_R(14,10),1777920290236056832,1777920290283196672,0
0,4,1413,TRSM_L(10,14),1777920290283204864,1777920290325620992,0
0,4,1414,TRSM_R(15,10),1777920290325623040,1777920290372735232,0
0,4,1417,GEMM(11,12,10),1777920290372744448,1777920290452065536,0
0,4,1419,GEMM(11,14,10),1777920290452068608,1777920290531386624,0
0,4,1422,GEMM(12,12,10),1777920290531389696,1777920290610705664,0
0,4,1424,GEMM(12,14,10),1777920290610709760,1777920290690011392,0
0,4,1427,GEMM(13,12,10),1777920290690015488,1777920290769331456,0
0,4,1429,GEMM(13,14,10),1777920290769335552,1777920290848659712,0
0,4,1432,GEMM(14,12,10),1777920290848663808,1777920290927979776,0
0,4,1434,GEMM(14,14,10),1777920290927983872,1777920291007304960,0
0,4,1437,GEMM(15,12,10),1777920291007309056,1777920291086618880,0
0,4,1439,GEMM(15,14,10),1777920291086622976,1777920291165935872,0
0,4,1443,TRSM_L(11,12),1777920293435539712,1777920293542708480,1777920291165936896
0,4,1447,TRSM_L(11,14),1777920293542714624,1777920293649834240,1777920293542710528
0,4,1450,GEMM(12,12,11),1777920293649841408,1777920293841114368,1777920293649837312
0,4,1452,GEMM(12,14,11),1777920293841121536,1777920294032451840,1777920293841118464
0,4,1454,GEMM(13,12,11),1777920294032459008,1777920294242665728,1777920294032454912
0,4,1456,GEMM(13,14,11),1777920294242671872,1777920294452830464,1777920294242668800
0,4,1458,GEMM(14,12,11),1777920294452837632,1777920294648558848,1777920294452834560
0,4,1460,GEMM(14,14,11),1777920294648566016,1777920294844177664,1777920294648562944
0,4,1462,GEMM(15,12,11),1777920294844184832,1777920295054361856,1777920294844180736
0,4,1464,GEMM(15,14,11),1777920295054369024,1777920295264627968,1777920295054364928
0,4,1466,GETRF(12),1777920295264631040,1777920295293750528,0
0,4,1467,TRSM_R(13,12),1777920295293756672,1777920295340862720,0
0,4,1469,TRSM_R(14,12),1777920295340872960,1777920295388123392,0
0,4,1470,TRSM_L(12,14),1777920295388132608,1777920295430660352,0
0,4,1471,TRSM_R(15,12),1777920295430661376,1777920295477758208,0
0,4,1474,GEMM(13,14,12),1777920295477769472,1777920295557087488,0
0,4,1477,GEMM(14,14,12),1777920295557091584,1777920295636409600,0
0,4,1480,GEMM(15,14,12),1777920295636412672,1777920295715733760,0
0,4,1484,TRSM_L(13,14),1777920296749039872,1777920296855960832,1777920295715735808
0,4,1487,GEMM(14,14,13),1777920296855968000,1777920297051867392,1777920296855963904
0,4,1489,GEMM(15,14,13),1777920297051874560,1777920297262196992,1777920297051871488
0,4,1491,GETRF(14),1777920297262201088,1777920297291333888,0
0,4,1492,TRSM_R(15,14),1777920297291340032,1777920297338448128,0
