pe,run,task_id,op_name,start_ts,end_ts,wait_start_ts
1,0,16,SYRK(1,1,0),1777924343150885120,1777924343593398528,1777924342894801152
1,0,17,GEMM(2,1,0),1777924343174455552,1777924343593400576,1777924342894806272
1,0,18,GEMM(3,1,0),1777924343174462720,1777924343593400576,1777924342894811392
1,0,19,GEMM(4,1,0),1777924343174461696,1777924343593405696,1777924342894815488
1,0,20,GEMM(5,1,0),1777924343174462720,1777924343593400576,1777924342894819584
1,0,21,GEMM(6,1,0),1777924343593697536,1777924344429005056,1777924342894825728
1,0,22,GEMM(7,1,0),1777924343174462720,1777924343593400576,1777924342894829824
1,0,23,GEMM(8,1,0),1777924343593703680,1777924344428994816,1777924342894834944
1,0,24,GEMM(9,1,0),1777924343593627904,1777924344428992768,1777924342894839040
1,0,25,GEMM(10,1,0),1777924343593638144,1777924344428992768,1777924342894842112
1,0,26,GEMM(11,1,0),1777924343593638144,1777924344429022464,1777924342894846208
1,0,27,GEMM(12,1,0),1777924343593639168,1777924344428993792,1777924342894852352
1,0,28,GEMM(13,1,0),1777924343593639168,1777924344429042944,1777924342894860544
1,0,29,GEMM(14,1,0),1777924343593657600,1777924344428994816,1777924342894864640
1,0,30,GEMM(15,1,0),1777924343593775360,1777924344688767232,1777924342894869760
1,0,45,SYRK(3,3,0),1777924343174462720,1777924343593411840,1777924342894874880
1,0,46,GEMM(4,3,0),1777924343174462720,1777924343593448704,1777924342894878976
1,0,47,GEMM(5,3,0),1777924343174462720,1777924343593455872,1777924342894883072
1,0,48,GEMM(6,3,0),1777924343593627904,1777924344428994816,1777924342894888192
1,0,49,GEMM(7,3,0),1777924343174462720,1777924343593401600,1777924342894891264
1,0,50,GEMM(8,3,0),1777924343593641216,1777924344428993792,1777924342894897408
1,0,51,GEMM(9,3,0),1777924343593648384,1777924344428995840,1777924342894901504
1,0,52,GEMM(10,3,0),1777924343593648384,1777924344428995840,1777924342894906624
1,0,53,GEMM(11,3,0),1777924343593658624,1777924344429013248,1777924342894910720
1,0,54,GEMM(12,3,0),1777924343593648384,1777924344429025536,1777924342894915840
1,0,55,GEMM(13,3,0),1777924343593658624,1777924344429033728,1777924342894923008
1,0,56,GEMM(14,3,0),1777924343593627904,1777924344428992768,1777924342894928128
1,0,57,GEMM(15,3,0),1777924343593641216,1777924344429037824,1777924342894935296
1,0,70,SYRK(5,5,0),1777924343174472960,1777924344428992768,1777924342894941440
1,0,71,GEMM(6,5,0),1777924343593718016,1777924344429026560,1777924342894945536
1,0,72,GEMM(7,5,0),1777924343174462720,1777924343593401600,1777924342894950656
1,0,73,GEMM(8,5,0),1777924343593658624,1777924344428994816,1777924342894954752
1,0,74,GEMM(9,5,0),1777924344429233408,1777924344688777472,1777924343593525504
1,0,75,GEMM(10,5,0),1777924344429220096,1777924344688766208,1777924343593687296
1,0,76,GEMM(11,5,0),1777924344429210880,1777924344688766208,1777924343593659648
1,0,77,GEMM(12,5,0),1777924344429247744,1777924344688778496,1777924343593658624
1,0,78,GEMM(13,5,0),1777924344429209856,1777924344688766208,1777924343593724160
1,0,79,GEMM(14,5,0),1777924344691002624,1777924345507032320,1777924344472361216
1,0,80,GEMM(15,5,0),1777924344429247744,1777924344968959232,1777924343593724160
1,0,91,SYRK(7,7,0),1777924344691003648,1777924345355818240,1777924344688764160
1,0,92,GEMM(8,7,0),1777924344711000320,1777924345550011648,1777924344472361216
1,0,93,GEMM(9,7,0),1777924344691003648,1777924345464405248,1777924344429231360
1,0,94,GEMM(10,7,0),1777924344733689088,1777924345550011648,1777924344688764160
1,0,95,GEMM(11,7,0),1777924344733689088,1777924345550011648,1777924344688763136
1,0,96,GEMM(12,7,0),1777924344733689088,1777924345550011648,1777924344688763136
1,0,97,GEMM(13,7,0),1777924344775756032,1777924345550012672,1777924344472365312
1,0,98,GEMM(14,7,0),1777924345547692288,1777924345687519488,1777924344689278208
1,0,99,GEMM(15,7,0),1777924344967376128,1777924345677536512,1777924344688764160
1,0,108,SYRK(9,9,0),1777924344690226432,1777924345006313728,1777924344472372480
1,0,109,GEMM(10,9,0),1777924344691008768,1777924345507106048,1777924344429259008
1,0,110,GEMM(11,9,0),1777924344733689088,1777924345550011648,1777924344688764160
1,0,111,GEMM(12,9,0),1777924344715900160,1777924345550012672,1777924344688763136
1,0,112,GEMM(13,9,0),1777924344775646464,1777924345550012672,1777924344688763136
1,0,113,GEMM(14,9,0),1777924344691003648,1777924345550010624,1777924344472372480
1,0,114,GEMM(15,9,0),1777924345507023104,1777924345686818048,1777924344690225408
1,0,121,SYRK(11,11,0),1777924344733690112,1777924345550015744,1777924344688764160
1,0,122,GEMM(12,11,0),1777924344733689088,1777924345550012672,1777924344472389888
1,0,123,GEMM(13,11,0),1777924344796128512,1777924345590688000,1777924344429259008
1,0,124,GEMM(14,11,0),1777924344733689088,1777924345550011648,1777924344688764160
1,0,125,GEMM(15,11,0),1777924344733689088,1777924345550011648,1777924344688764160
1,0,130,SYRK(13,13,0),1777924344775646464,1777924345550012672,1777924344688764160
1,0,131,GEMM(14,13,0),1777924344691002624,1777924345507003648,1777924344472376576
1,0,132,GEMM(15,13,0),1777924345550011648,1777924345793382656,1777924344690225408
1,0,135,SYRK(15,15,0),1777924344691030272,1777924345507009792,1777924344688765184
1,0,136,POTRF(1),1777924344689279232,1777924345047266560,0
1,0,137,TRSM(2,1),1777924344689177856,1777924345930602752,0
1,0,138,TRSM(3,1),1777924344689170688,1777924345931229440,0
1,0,139,TRSM(4,1),1777924344689136896,1777924345930602752,0
1,0,140,TRSM(5,1),1777924344689118464,1777924345930602752,0
1,0,141,TRSM(6,1),1777924345590659328,1777924346007953664,0
1,0,142,TRSM(7,1),1777924345548639488,1777924345972519168,0
1,0,143,TRSM(8,1),1777924345550011648,1777924345972575488,0
1,0,144,TRSM(9,1),1777924345674798336,1777924346007954688,0
1,0,145,TRSM(10,1),1777924345550012672,1777924346007953664,0
1,0,146,TRSM(11,1),1777924345674798336,1777924346007954688,0
1,0,147,TRSM(12,1),1777924345674798336,1777924346018202880,0
1,0,148,TRSM(13,1),1777924345674797312,1777924346007954688,0
1,0,149,TRSM(14,1),1777924345674797312,1777924345972570368,0
1,0,150,TRSM(15,1),1777924345803353344,1777924346158224640,0
1,0,165,SYRK(3,3,1),1777924345792920832,1777924345840145664,0
1,0,166,GEMM(4,3,1),1777924345674798336,1777924345803970816,0
1,0,167,GEMM(5,3,1),1777924345590710528,1777924345803422976,0
1,0,168,GEMM(6,3,1),1777924345674798336,1777924345803880704,0
1,0,169,GEMM(7,3,1),1777924345674798336,1777924345803831552,0
1,0,170,GEMM(8,3,1),1777924345674797312,1777924345803422976,0
1,0,171,GEMM(9,3,1),1777924345674842368,1777924345803660544,0
1,0,172,GEMM(10,3,1),1777924345803353344,1777924345850388736,0
1,0,173,GEMM(11,3,1),1777924345792920832,1777924345840145664,0
1,0,174,GEMM(12,3,1),1777924345674799360,1777924345803970816,0
1,0,175,GEMM(13,3,1),1777924345686818048,1777924345839624448,0
1,0,176,GEMM(14,3,1),1777924345674798336,1777924345803880704,0
1,0,177,GEMM(15,3,1),1777924345674799360,1777924345803831552,0
1,0,190,SYRK(5,5,1),1777924345674798336,1777924345803831552,0
1,0,191,GEMM(6,5,1),1777924345674797312,1777924345803660544,0
1,0,192,GEMM(7,5,1),1777924345828344064,1777924345851433216,0
1,0,193,GEMM(8,5,1),1777924345792921856,1777924345849938176,0
1,0,194,GEMM(9,5,1),1777924345674799360,1777924345829131520,0
1,0,195,GEMM(10,5,1),1777924345931429120,1777924345972575488,0
1,0,196,GEMM(11,5,1),1777924345931429120,1777924346007954688,0
1,0,197,GEMM(12,5,1),1777924345931429120,1777924345972575488,0
1,0,198,GEMM(13,5,1),1777924345931429120,1777924345972575488,0
1,0,199,GEMM(14,5,1),1777924346018059520,1777924346158224640,0
1,0,200,GEMM(15,5,1),1777924345972669696,1777924346018202880,0
1,0,211,SYRK(7,7,1),1777924345972669696,1777924346008182016,0
1,0,212,GEMM(8,7,1),1777924346018059520,1777924346158224640,0
1,0,213,GEMM(9,7,1),1777924346018059520,1777924346158225664,0
1,0,214,GEMM(10,7,1),1777924346008196352,1777924346158224640,0
1,0,215,GEMM(11,7,1),1777924346178444544,1777924346218353920,0
1,0,216,GEMM(12,7,1),1777924346018060544,1777924346158225664,0
1,0,217,GEMM(13,7,1),1777924346018059520,1777924346158225664,0
1,0,218,GEMM(14,7,1),1777924346158244096,1777924346178445568,0
1,0,219,GEMM(15,7,1),1777924345972669696,1777924346008183040,0
1,0,228,SYRK(9,9,1),1777924346018059520,1777924346158225664,0
1,0,229,GEMM(10,9,1),1777924346018060544,1777924346158225664,0
1,0,230,GEMM(11,9,1),1777924346018059520,1777924346158224640,0
1,0,231,GEMM(12,9,1),1777924346178444544,1777924346218353920,0
1,0,232,GEMM(13,9,1),1777924346018060544,1777924346158226688,0
1,0,233,GEMM(14,9,1),1777924346018059520,1777924346158225664,0
1,0,234,GEMM(15,9,1),1777924346158246144,1777924346218352896,0
1,0,241,SYRK(11,11,1),1777924345972669696,1777924346008183040,0
1,0,242,GEMM(12,11,1),1777924346018059520,1777924346158225664,0
1,0,243,GEMM(13,11,1),1777924346018060544,1777924346158225664,0
1,0,244,GEMM(14,11,1),1777924346018058496,1777924346158224640,0
1,0,245,GEMM(15,11,1),1777924346178445568,1777924346219487488,0
1,0,250,SYRK(13,13,1),1777924346018060544,1777924346178445568,0
1,0,251,GEMM(14,13,1),1777924346018059520,1777924346158225664,0
1,0,252,GEMM(15,13,1),1777924346178443520,1777924346218352896,0
1,0,255,SYRK(15,15,1),1777924345972669696,1777924346008183040,0
1,0,270,SYRK(3,3,2),1777924348320387328,1777924348422970624,1777924346018059520
1,0,271,GEMM(4,3,2),1777924348423169280,1777924349132873984,1777924346018060544
1,0,272,GEMM(5,3,2),1777924348423170304,1777924349132869888,1777924346018059520
1,0,273,GEMM(6,3,2),1777924348320387328,1777924349132928256,1777924346178444544
1,0,274,GEMM(7,3,2),1777924348423220480,1777924349132871936,1777924346018060544
1,0,275,GEMM(8,3,2),1777924348423168256,1777924349132892416,1777924346158232832
1,0,276,GEMM(9,3,2),1777924348320387328,1777924348422970624,1777924346178444544
1,0,277,GEMM(10,3,2),1777924348423170304,1777924349132875008,1777924346008186112
1,0,278,GEMM(11,3,2),1777924349133069568,1777924349634954496,1777924346158236928
1,0,279,GEMM(12,3,2),1777924349133102336,1777924349634951424,1777924346158242048
1,0,280,GEMM(13,3,2),1777924348423171328,1777924349132872960,1777924346158229760
1,0,281,GEMM(14,3,2),1777924349133067520,1777924349634952448,1777924346218358016
1,0,282,GEMM(15,3,2),1777924349133083904,1777924349634951424,1777924346178444544
1,0,295,SYRK(5,5,2),1777924348423186688,1777924349132870912,1777924346158232832
1,0,296,GEMM(6,5,2),1777924348423207168,1777924349132934400,1777924346218352896
1,0,297,GEMM(7,5,2),1777924348423152896,1777924349132870912,1777924346008187136
1,0,298,GEMM(8,5,2),1777924348423172352,1777924349132873984,1777924346158237952
1,0,299,GEMM(9,5,2),1777924348423173376,1777924349132870912,1777924346158242048
1,0,300,GEMM(10,5,2),1777924348423169280,1777924349132893440,1777924346158229760
1,0,301,GEMM(11,5,2),1777924349133077760,1777924349634956544,1777924346218358016
1,0,302,GEMM(12,5,2),1777924349133100288,1777924349635000576,1777924346178445568
1,0,303,GEMM(13,5,2),1777924348423175424,1777924349132870912,1777924346178444544
1,0,304,GEMM(14,5,2),1777924349133079808,1777924349634950400,1777924346218361088
1,0,305,GEMM(15,5,2),1777924349133084928,1777924349742198016,1777924346008187136
1,0,316,SYRK(7,7,2),1777924348423179520,1777924349132868864,1777924346158237952
1,0,317,GEMM(8,7,2),1777924348423180544,1777924349132869888,1777924346158243072
1,0,318,GEMM(9,7,2),1777924348423046400,1777924349132870912,1777924346158230784
1,0,319,GEMM(10,7,2),1777924348423243008,1777924349633362176,1777924346219493632
1,0,320,GEMM(11,7,2),1777924349133084928,1777924349635000576,1777924346218352896
1,0,321,GEMM(12,7,2),1777924349133069568,1777924349634950400,1777924346178444544
1,0,322,GEMM(13,7,2),1777924348423175424,1777924349132873984,1777924346218361088
1,0,323,GEMM(14,7,2),1777924349133077760,1777924349634950400,1777924346008187136
1,0,324,GEMM(15,7,2),1777924349132937472,1777924349634950400,1777924348423210240
1,0,333,SYRK(9,9,2),1777924349635156224,1777924349992472832,1777924349133191424
1,0,334,GEMM(10,9,2),1777924349675647232,1777924350035543296,1777924349133241600
1,0,335,GEMM(11,9,2),1777924349982388480,1777924350111201536,1777924349173627136
1,0,336,GEMM(12,9,2),1777924349675646208,1777924349992472832,1777924349133143296
1,0,337,GEMM(13,9,2),1777924349675646208,1777924349992472832,1777924349173627136
1,0,338,GEMM(14,9,2),1777924349634952448,1777924349981825280,1777924348465035520
1,0,339,GEMM(15,9,2),1777924349635126528,1777924349982380288,1777924349133112576
1,0,346,SYRK(11,11,2),1777924350100231424,1777924350348799232,1777924349718322432
1,0,347,GEMM(12,11,2),1777924350100231424,1777924350348799232,1777924349718326528
1,0,348,GEMM(13,11,2),1777924349675664640,1777924349992473856,1777924349133202688
1,0,349,GEMM(14,11,2),1777924350090028288,1777924350348578048,1777924349675647232
1,0,350,GEMM(15,11,2),1777924350100231424,1777924350348799232,1777924349675647232
1,0,355,SYRK(13,13,2),1777924349675660544,1777924349992472832,1777924349173627136
1,0,356,GEMM(14,13,2),1777924349992254720,1777924350111418624,1777924349173627136
1,0,357,GEMM(15,13,2),1777924349675646208,1777924349992472832,1777924349133108480
1,0,360,SYRK(15,15,2),1777924350100231424,1777924350348799232,1777924349718322432
1,0,361,POTRF(3),1777924349718326528,1777924350100789504,0
1,0,362,TRSM(4,3),1777924349133203712,1777924350494108928,0
1,0,363,TRSM(5,3),1777924349675647232,1777924350503994624,0
1,0,364,TRSM(6,3),1777924349718359296,1777924350509465856,0
1,0,365,TRSM(7,3),1777924349173638400,1777924350494010624,0
1,0,366,TRSM(8,3),1777924349675646208,1777924350503994624,0
1,0,367,TRSM(9,3),1777924349992304896,1777924350574491904,0
1,0,368,TRSM(10,3),1777924349718323456,1777924350504134912,0
1,0,369,TRSM(11,3),1777924349995179264,1777924350594217216,0
1,0,370,TRSM(12,3),1777924349173634304,1777924350503845120,0
1,0,371,TRSM(13,3),1777924349675647232,1777924350503295232,0
1,0,372,TRSM(14,3),1777924349718367488,1777924350503994624,0
1,0,373,TRSM(15,3),1777924349740223744,1777924350574491904,0
1,0,386,SYRK(5,5,3),1777924349675646208,1777924349992472832,0
1,0,387,GEMM(6,5,3),1777924349992305920,1777924350202984704,0
1,0,388,GEMM(7,5,3),1777924349740223744,1777924350090029312,0
1,0,389,GEMM(8,5,3),1777924350090029312,1777924350348683520,0
1,0,390,GEMM(9,5,3),1777924350100789504,1777924350348799232,0
1,0,391,GEMM(10,5,3),1777924350347739392,1777924350379397376,0
1,0,392,GEMM(11,5,3),1777924350090029312,1777924350348579072,0
1,0,393,GEMM(12,5,3),1777924350090029312,1777924350348578048,0
1,0,394,GEMM(13,5,3),1777924349995179264,1777924350347185408,0
1,0,395,GEMM(14,5,3),1777924350035543296,1777924350347764992,0
1,0,396,GEMM(15,5,3),1777924350369237248,1777924350425827584,0
1,0,407,SYRK(7,7,3),1777924350369238272,1777924350425827584,0
1,0,408,GEMM(8,7,3),1777924350100789504,1777924350368740608,0
1,0,409,GEMM(9,7,3),1777924350368753920,1777924350425826560,0
1,0,410,GEMM(10,7,3),1777924350369238272,1777924350426319104,0
1,0,411,GEMM(11,7,3),1777924350090029312,1777924350348579072,0
1,0,412,GEMM(12,7,3),1777924350347739392,1777924350369631488,0
1,0,413,GEMM(13,7,3),1777924350090029312,1777924350348579072,0
1,0,414,GEMM(14,7,3),1777924350369237248,1777924350425827584,0
1,0,415,GEMM(15,7,3),1777924350369238272,1777924350425827584,0
1,0,424,SYRK(9,9,3),1777924350503294208,1777924350574491904,0
1,0,425,GEMM(10,9,3),1777924350509465856,1777924350574491904,0
1,0,426,GEMM(11,9,3),1777924350574490880,1777924350594217216,0
1,0,427,GEMM(12,9,3),1777924350494133504,1777924350509465856,0
1,0,428,GEMM(13,9,3),1777924350509466880,1777924350574492928,0
1,0,429,GEMM(14,9,3),1777924350594229504,1777924350614409472,0
1,0,430,GEMM(15,9,3),1777924350509465856,1777924350574492928,0
1,0,437,SYRK(11,11,3),1777924350614407424,1777924350634745088,0
1,0,438,GEMM(12,11,3),1777924350509464832,1777924350574491904,0
1,0,439,GEMM(13,11,3),1777924350509465856,1777924350574491904,0
1,0,440,GEMM(14,11,3),1777924350574490880,1777924350614408448,0
1,0,441,GEMM(15,11,3),1777924350614407424,1777924350635873536,0
1,0,446,SYRK(13,13,3),1777924350509466880,1777924350594217216,0
1,0,447,GEMM(14,13,3),1777924350594229504,1777924350634745088,0
1,0,448,GEMM(15,13,3),1777924350509465856,1777924350574492928,0
1,0,451,SYRK(15,15,3),1777924350614407424,1777924350634745088,0
1,0,464,SYRK(5,5,4),1777924352343395584,1777924352574631168,1777924350509464832
1,0,465,GEMM(6,5,4),1777924352343395584,1777924352574698752,1777924350509465856
1,0,466,GEMM(7,5,4),1777924352574924032,1777924353596536064,1777924350574490880
1,0,467,GEMM(8,5,4),1777924352343395584,1777924352574631168,1777924350614407424
1,0,468,GEMM(9,5,4),1777924352595251456,1777924353596585216,1777924350509466880
1,0,469,GEMM(10,5,4),1777924352343395584,1777924352574631168,1777924350594230528
1,0,470,GEMM(11,5,4),1777924352574829824,1777924353594904832,1777924350509465856
1,0,471,GEMM(12,5,4),1777924352574838016,1777924353594893568,1777924350614407424
1,0,472,GEMM(13,5,4),1777924352343395584,1777924352574631168,1777924350509465856
1,0,473,GEMM(14,5,4),1777924352574826752,1777924353594891520,1777924350509465856
1,0,474,GEMM(15,5,4),1777924352343396608,1777924353512396032,1777924350574491904
1,0,485,SYRK(7,7,4),1777924352574707968,1777924353594890496,1777924350614408448
1,0,486,GEMM(8,7,4),1777924352595251456,1777924353797108992,1777924350509466880
1,0,487,GEMM(9,7,4),1777924352574845184,1777924353594892544,1777924350614407424
1,0,488,GEMM(10,7,4),1777924352574842112,1777924353594891520,1777924350509465856
1,0,489,GEMM(11,7,4),1777924352574843136,1777924353594893568,1777924350614407424
1,0,490,GEMM(12,7,4),1777924352574830848,1777924353594892544,1777924350594215168
1,0,491,GEMM(13,7,4),1777924352574826752,1777924353594891520,1777924350594216192
1,0,492,GEMM(14,7,4),1777924352574832896,1777924353594891520,1777924350594227456
1,0,493,GEMM(15,7,4),1777924352574848256,1777924353594905856,1777924350614408448
1,0,502,SYRK(9,9,4),1777924352574838016,1777924353594927360,1777924350594216192
1,0,503,GEMM(10,9,4),1777924352574826752,1777924353594891520,1777924350634744064
1,0,504,GEMM(11,9,4),1777924352574829824,1777924353594891520,1777924350594216192
1,0,505,GEMM(12,9,4),1777924352574838016,1777924353594941696,1777924350634752256
1,0,506,GEMM(13,9,4),1777924352574826752,1777924353594891520,1777924350594216192
1,0,507,GEMM(14,9,4),1777924352574911744,1777924353596536064,1777924350594216192
1,0,508,GEMM(15,9,4),1777924352574839040,1777924353594892544,1777924350634744064
1,0,515,SYRK(11,11,4),1777924352574826752,1777924353594904832,1777924350635879680
1,0,516,GEMM(12,11,4),1777924352574830848,1777924353594892544,1777924350594223360
1,0,517,GEMM(13,11,4),1777924352574839040,1777924353594894592,1777924350634750208
1,0,518,GEMM(14,11,4),1777924352574830848,1777924353594893568,1777924350594216192
1,0,519,GEMM(15,11,4),1777924352574919936,1777924353594893568,1777924350634752256
1,0,524,SYRK(13,13,4),1777924353596536064,1777924353797108992,1777924352574947584
1,0,525,GEMM(14,13,4),1777924353596536064,1777924353797110016,1777924352574903552
1,0,526,GEMM(15,13,4),1777924353872107776,1777924353921629440,1777924353796960512
1,0,529,SYRK(15,15,4),1777924353596536064,1777924353797108992,1777924352574848256
1,0,530,POTRF(5),1777924353796960512,1777924353872106752,0
1,0,531,TRSM(6,5),1777924352574904576,1777924353987992832,0
1,0,532,TRSM(7,5),1777924353596536064,1777924354023998720,0
1,0,533,TRSM(8,5),1777924353596537088,1777924354023998720,0
1,0,534,TRSM(9,5),1777924352574889216,1777924353987896576,0
1,0,535,TRSM(10,5),1777924353596536064,1777924354023997696,0
1,0,536,TRSM(11,5),1777924353796959488,1777924354023997696,0
1,0,537,TRSM(12,5),1777924353596538112,1777924354022164736,0
1,0,538,TRSM(13,5),1777924353821152512,1777924354044131584,0
1,0,539,TRSM(14,5),1777924353596536064,1777924353987896576,0
1,0,540,TRSM(15,5),1777924353596537088,1777924353987896576,0
1,0,551,SYRK(7,7,5),1777924353596537088,1777924353797664000,0
1,0,552,GEMM(8,7,5),1777924353596587264,1777924353797570816,0
1,0,553,GEMM(9,7,5),1777924353596536064,1777924353797110016,0
1,0,554,GEMM(10,7,5),1777924353796959488,1777924353852214528,0
1,0,555,GEMM(11,7,5),1777924353596537088,1777924353797780736,0
1,0,556,GEMM(12,7,5),1777924353821152512,1777924353873526016,0
1,0,557,GEMM(13,7,5),1777924353596536064,1777924353797474560,0
1,0,558,GEMM(14,7,5),1777924353596537088,1777924353797662976,0
1,0,559,GEMM(15,7,5),1777924353596538112,1777924353797779712,0
1,0,568,SYRK(9,9,5),1777924353596536064,1777924353797340416,0
1,0,569,GEMM(10,9,5),1777924353596650752,1777924353818524928,0
1,0,570,GEMM(11,9,5),1777924353796959488,1777924353821152512,0
1,0,571,GEMM(12,9,5),1777924353596538112,1777924353797929216,0
1,0,572,GEMM(13,9,5),1777924353821152512,1777924353914726656,0
1,0,573,GEMM(14,9,5),1777924353596587264,1777924353797474560,0
1,0,574,GEMM(15,9,5),1777924353596537088,1777924353797664000,0
1,0,581,SYRK(11,11,5),1777924353596537088,1777924353797738752,0
1,0,582,GEMM(12,11,5),1777924353817244928,1777924353872106752,0
1,0,583,GEMM(13,11,5),1777924353817244928,1777924353872821504,0
1,0,584,GEMM(14,11,5),1777924353922214144,1777924353934228736,0
1,0,585,GEMM(15,11,5),1777924353817243904,1777924353872106752,0
1,0,590,SYRK(13,13,5),1777924353913268480,1777924353923019008,0
1,0,591,GEMM(14,13,5),1777924353988008192,1777924354023998720,0
1,0,592,GEMM(15,13,5),1777924354024183040,1777924354039710976,0
1,0,595,SYRK(15,15,5),1777924354024184064,1777924354043250944,0
1,0,606,SYRK(7,7,6),1777924353988008192,1777924354024185088,1777924353987991808
1,0,607,GEMM(8,7,6),1777924356198581504,1777924356559543552,1777924354024184064
1,0,608,GEMM(9,7,6),1777924355535720704,1777924355831940352,1777924354024016128
1,0,609,GEMM(10,7,6),1777924356049071360,1777924356559542528,1777924354024024320
1,0,610,GEMM(11,7,6),1777924355484084480,1777924355698430208,1777924354044195072
1,0,611,GEMM(12,7,6),1777924355831902464,1777924356559542528,1777924353988009216
1,0,612,GEMM(13,7,6),1777924355831908608,1777924356431047936,1777924354024184064
1,0,613,GEMM(14,7,6),1777924355484165376,1777924355831838976,1777924354024184064
1,0,614,GEMM(15,7,6),1777924356037391616,1777924356559542528,1777924353987991808
1,0,623,SYRK(9,9,6),1777924355592409344,1777924356037391616,1777924354024184064
1,0,624,GEMM(10,9,6),1777924356037403904,1777924356559542528,1777924354024018176
1,0,625,GEMM(11,9,6),1777924355645913344,1777924356037391616,1777924354024025344
1,0,626,GEMM(12,9,6),1777924355831840000,1777924356552809728,1777924354044197120
1,0,627,GEMM(13,9,6),1777924355722217728,1777924356237601024,1777924354020367616
1,0,628,GEMM(14,9,6),1777924355645910272,1777924356237668608,1777924354024184064
1,0,629,GEMM(15,9,6),1777924356049071360,1777924356559543552,1777924354024185088
1,0,636,SYRK(11,11,6),1777924355466083584,1777924355645901056,1777924353987991808
1,0,637,GEMM(12,11,6),1777924355831860480,1777924356431047936,1777924354024184064
1,0,638,GEMM(13,11,6),1777924355722203392,1777924356237601024,1777924354024020224
1,0,639,GEMM(14,11,6),1777924355484082432,1777924355722203392,1777924354024026368
1,0,640,GEMM(15,11,6),1777924356198574336,1777924356559543552,1777924354044203264
1,0,645,SYRK(13,13,6),1777924355722206464,1777924356237654272,1777924354020367616
1,0,646,GEMM(14,13,6),1777924355722222848,1777924356331087104,1777924354024184064
1,0,647,GEMM(15,13,6),1777924356198574336,1777924356559543552,1777924354024185088
1,0,650,SYRK(15,15,6),1777924356049071360,1777924356559542528,1777924353987991808
1,0,651,POTRF(7),1777924354024185088,1777924354045118720,0
1,0,652,TRSM(8,7),1777924354024023296,1777924354086048000,0
1,0,653,TRSM(9,7),1777924354024028416,1777924354084337920,0
1,0,654,TRSM(10,7),1777924354044205312,1777924354086279424,0
1,0,655,TRSM(11,7),1777924354024007936,1777924354083193088,0
1,0,656,TRSM(12,7),1777924354042631424,1777924354085935360,0
1,0,657,TRSM(13,7),1777924354043530496,1777924354086034688,0
1,0,658,TRSM(14,7),1777924354039162112,1777924354086053120,0
1,0,659,TRSM(15,7),1777924356584817920,1777924357390855424,0
1,0,668,SYRK(9,9,7),1777924356237600000,1777924356584820992,0
1,0,669,GEMM(10,9,7),1777924356584819968,1777924356676099328,0
1,0,670,GEMM(11,9,7),1777924355831838976,1777924356431049984,0
1,0,671,GEMM(12,9,7),1777924356584818944,1777924356675897600,0
1,0,672,GEMM(13,9,7),1777924356559542528,1777924356584820992,0
1,0,673,GEMM(14,9,7),1777924356037390592,1777924356559542528,0
1,0,674,GEMM(15,9,7),1777924356584818944,1777924356675897600,0
1,0,681,SYRK(11,11,7),1777924356584817920,1777924356675531008,0
1,0,682,GEMM(12,11,7),1777924356584818944,1777924356675897600,0
1,0,683,GEMM(13,11,7),1777924356584819968,1777924356723004672,0
1,0,684,GEMM(14,11,7),1777924356559543552,1777924356675531008,0
1,0,685,GEMM(15,11,7),1777924356584818944,1777924356675897600,0
1,0,690,SYRK(13,13,7),1777924356559542528,1777924356584820992,0
1,0,691,GEMM(14,13,7),1777924356584819968,1777924356675898624,0
1,0,692,GEMM(15,13,7),1777924356584818944,1777924356675898624,0
1,0,695,SYRK(15,15,7),1777924356584818944,1777924356675897600,0
1,0,704,SYRK(9,9,8),1777924356721040640,1777924357210134784,1777924356584817920
1,0,705,GEMM(10,9,8),1777924356920843520,1777924357303844096,1777924356584819968
1,0,706,GEMM(11,9,8),1777924356721043712,1777924357210134784,1777924356584817920
1,0,707,GEMM(12,9,8),1777924356721536256,1777924357303555328,1777924356584818944
1,0,708,GEMM(13,9,8),1777924356675529984,1777924357201052928,1777924356559542528
1,0,709,GEMM(14,9,8),1777924356721466624,1777924357292262656,1777924356584819968
1,0,710,GEMM(15,9,8),1777924356721481984,1777924357292261632,1777924356584818944
1,0,717,SYRK(11,11,8),1777924356721035520,1777924357210134784,1777924356584818944
1,0,718,GEMM(12,11,8),1777924356721058048,1777924357292260608,1777924356584818944
1,0,719,GEMM(13,11,8),1777924356920839424,1777924357303896320,1777924356584819968
1,0,720,GEMM(14,11,8),1777924356721056000,1777924357210134784,1777924356584817920
1,0,721,GEMM(15,11,8),1777924356721466624,1777924357292261632,1777924356584819968
1,0,726,SYRK(13,13,8),1777924356681014528,1777924357201052928,1777924356559542528
1,0,727,GEMM(14,13,8),1777924356721467648,1777924357292262656,1777924356584819968
1,0,728,GEMM(15,13,8),1777924356721480960,1777924357292261632,1777924356584818944
1,0,731,SYRK(15,15,8),1777924357405063424,1777924357445856512,1777924357394105600
1,0,732,POTRF(9),1777924356675529984,1777924357210134784,0
1,0,733,TRSM(10,9),1777924356722541824,1777924357405063424,0
1,0,734,TRSM(11,9),1777924356584817920,1777924357388771584,0
1,0,735,TRSM(12,9),1777924356721466624,1777924357404807424,0
1,0,736,TRSM(13,9),1777924356675529984,1777924357391023360,0
1,0,737,TRSM(14,9),1777924356584819968,1777924357387842816,0
1,0,738,TRSM(15,9),1777924356721466624,1777924357404868864,0
1,0,745,SYRK(11,11,9),1777924357394105600,1777924357405063424,0
1,0,746,GEMM(12,11,9),1777924356747586816,1777924357303844096,0
1,0,747,GEMM(13,11,9),1777924357199017216,1777924357319538944,0
1,0,748,GEMM(14,11,9),1777924356721031424,1777924357210134784,0
1,0,749,GEMM(15,11,9),1777924356721474816,1777924357292262656,0
1,0,754,SYRK(13,13,9),1777924356675529984,1777924356747586816,0
1,0,755,GEMM(14,13,9),1777924356721467648,1777924357292318976,0
1,0,756,GEMM(15,13,9),1777924356721467648,1777924357292823808,0
1,0,759,SYRK(15,15,9),1777924357394105600,1777924357429235968,0
1,0,766,SYRK(11,11,10),1777924358398820608,1777924358788433152,1777924357303843072
1,0,767,GEMM(12,11,10),1777924358398915840,1777924358788433152,1777924357319073024
1,0,768,GEMM(13,11,10),1777924358398904576,1777924358788433152,1777924357303843072
1,0,769,GEMM(14,11,10),1777924358398915840,1777924358788433152,1777924357303939328
1,0,770,GEMM(15,11,10),1777924358398980352,1777924358788449536,1777924357303265536
1,0,775,SYRK(13,13,10),1777924358338689280,1777924358726750464,1777924357303844096
1,0,776,GEMM(14,13,10),1777924358338689280,1777924358398725376,1777924357303843072
1,0,777,GEMM(15,13,10),1777924358398915840,1777924358788487424,1777924357394106624
1,0,780,SYRK(15,15,10),1777924358398914816,1777924358788537600,1777924357303843072
1,0,781,POTRF(11),1777924357319074048,1777924357326575872,0
1,0,782,TRSM(12,11),1777924357303843072,1777924357445856512,0
1,0,783,TRSM(13,11),1777924357303939328,1777924357445856512,0
1,0,784,TRSM(14,11),1777924357303265536,1777924357405063424,0
1,0,785,TRSM(15,11),1777924357303844096,1777924357445856512,0
1,0,790,SYRK(13,13,11),1777924357303845120,1777924357323838720,0
1,0,791,GEMM(14,13,11),1777924357445860608,1777924357457077504,0
1,0,792,GEMM(15,13,11),1777924357303843072,1777924357320162560,0
1,0,795,SYRK(15,15,11),1777924357429979392,1777924357445856512,0
1,0,800,SYRK(13,13,12),1777924358398915840,1777924358788433152,1777924357391021312
1,0,801,GEMM(14,13,12),1777924358398915840,1777924358788434176,1777924357427518720
1,0,802,GEMM(15,13,12),1777924358419478784,1777924358791384320,1777924357394175232
1,0,805,SYRK(15,15,12),1777924358398915840,1777924358788450560,1777924357390855424
1,0,806,POTRF(13),1777924357427518720,1777924357456022784,0
1,0,807,TRSM(14,13),1777924357445861632,1777924357466641664,0
1,0,808,TRSM(15,13),1777924357319073024,1777924357429180672,0
1,0,811,SYRK(15,15,13),1777924357429979392,1777924357445856512,0
1,0,814,SYRK(15,15,14),1777924358419441920,1777924358788434176,1777924357391022336
1,0,815,POTRF(15),1777924357427539200,1777924357456022784,0
1,1,16,SYRK(1,1,0),1777924359598986752,1777924360017431040,1777924359313302016
1,1,17,GEMM(2,1,0),1777924359598986752,1777924360017439232,1777924359313312256
1,1,18,GEMM(3,1,0),1777924359598988800,1777924360854131200,1777924359313322496
1,1,19,GEMM(4,1,0),1777924359598986752,1777924360017404416,1777924359313332736
1,1,20,GEMM(5,1,0),1777924359598986752,1777924360017424896,1777924359313344000
1,1,21,GEMM(6,1,0),1777924359598987776,1777924360017443328,1777924359313352192
1,1,22,GEMM(7,1,0),1777924360017649152,1777924360854112768,1777924359313362432
1,1,23,GEMM(8,1,0),1777924360017657344,1777924360854113792,1777924359313370624
1,1,24,GEMM(9,1,0),1777924360017618432,1777924360854111744,1777924359313378816
1,1,25,GEMM(10,1,0),1777924360017628672,1777924360854111744,1777924359313387008
1,1,26,GEMM(11,1,0),1777924360017638912,1777924360854112768,1777924359313396224
1,1,27,GEMM(12,1,0),1777924360017618432,1777924360854111744,1777924359313403392
1,1,28,GEMM(13,1,0),1777924360017627648,1777924360854151680,1777924359313411584
1,1,29,GEMM(14,1,0),1777924360017618432,1777924360854116864,1777924359313420800
1,1,30,GEMM(15,1,0),1777924360017665536,1777924360854112768,1777924359313428992
1,1,45,SYRK(3,3,0),1777924359598987776,1777924360017407488,1777924359313437184
1,1,46,GEMM(4,3,0),1777924359598987776,1777924360017409536,1777924359313445376
1,1,47,GEMM(5,3,0),1777924359598987776,1777924360017409536,1777924359313453568
1,1,48,GEMM(6,3,0),1777924359598988800,1777924360017432064,1777924359313460736
1,1,49,GEMM(7,3,0),1777924360017634816,1777924360854130176,1777924359313469952
1,1,50,GEMM(8,3,0),1777924360017651200,1777924360854111744,1777924359313478144
1,1,51,GEMM(9,3,0),1777924360017645056,1777924360854112768,1777924359313487360
1,1,52,GEMM(10,3,0),1777924360017499648,1777924360854110720,1777924359313495552
1,1,53,GEMM(11,3,0),1777924360017634816,1777924360854137344,1777924359313504768
1,1,54,GEMM(12,3,0),1777924360017653248,1777924360854138368,1777924359313511936
1,1,55,GEMM(13,3,0),1777924360017739264,1777924361070395904,1777924359313520128
1,1,56,GEMM(14,3,0),1777924360017638912,1777924360854113792,1777924359313529344
1,1,57,GEMM(15,3,0),1777924360017637888,1777924360854133248,1777924359313537536
1,1,70,SYRK(5,5,0),1777924359569469952,1777924360017402368,1777924359313544704
1,1,71,GEMM(6,5,0),1777924359598986752,1777924360017494528,1777924359313552896
1,1,72,GEMM(7,5,0),1777924360017638912,1777924360854180352,1777924359313560064
1,1,73,GEMM(8,5,0),1777924360017625600,1777924360854111744,1777924359313568256
1,1,74,GEMM(9,5,0),1777924360854360576,1777924361806515712,1777924360017662464
1,1,75,GEMM(10,5,0),1777924360854347264,1777924361070396928,1777924360017736192
1,1,76,GEMM(11,5,0),1777924361072930304,1777924362096167424,1777924360854422016
1,1,77,GEMM(12,5,0),1777924360854387200,1777924361070396928,1777924360017726976
1,1,78,GEMM(13,5,0),1777924360854348288,1777924361070402048,1777924360017679872
1,1,79,GEMM(14,5,0),1777924360854348288,1777924361070435840,1777924360017726976
1,1,80,GEMM(15,5,0),1777924361072931328,1777924362096218624,1777924360854360576
1,1,91,SYRK(7,7,0),1777924361072895488,1777924362053614080,1777924360854428160
1,1,92,GEMM(8,7,0),1777924361072897536,1777924361888026112,1777924360896895488
1,1,93,GEMM(9,7,0),1777924361072897536,1777924361806735872,1777924360854388224
1,1,94,GEMM(10,7,0),1777924361072897536,1777924361806748160,1777924360896927232
1,1,95,GEMM(11,7,0),1777924361072898560,1777924361887981056,1777924360896895488
1,1,96,GEMM(12,7,0),1777924361613649408,1777924362098492928,1777924360854395392
1,1,97,GEMM(13,7,0),1777924361301393920,1777924362098501120,1777924360896895488
1,1,98,GEMM(14,7,0),1777924361613578752,1777924362098491904,1777924360854390272
1,1,99,GEMM(15,7,0),1777924361072896512,1777924361887980032,1777924360854452736
1,1,108,SYRK(9,9,0),1777924361072896512,1777924361845933568,1777924360896895488
1,1,109,GEMM(10,9,0),1777924361072931328,1777924362096244224,1777924360854399488
1,1,110,GEMM(11,9,0),1777924361072897536,1777924361888040448,1777924360896914944
1,1,111,GEMM(12,9,0),1777924361072898560,1777924362053622272,1777924360896895488
1,1,112,GEMM(13,9,0),1777924361072906752,1777924361806735872,1777924360854398464
1,1,113,GEMM(14,9,0),1777924361072900608,1777924361887980032,1777924360896895488
1,1,114,GEMM(15,9,0),1777924361613578752,1777924362098491904,1777924360854420992
1,1,121,SYRK(11,11,0),1777924361072896512,1777924361806755328,1777924360854411776
1,1,122,GEMM(12,11,0),1777924361072898560,1777924361888053760,1777924360896895488
1,1,123,GEMM(13,11,0),1777924361676707328,1777924362157318656,1777924361070546432
1,1,124,GEMM(14,11,0),1777924361260668416,1777924362098490880,1777924360896895488
1,1,125,GEMM(15,11,0),1777924361072982528,1777924362098490880,1777924361070393856
1,1,130,SYRK(13,13,0),1777924361072896512,1777924361888025088,1777924360854398464
1,1,131,GEMM(14,13,0),1777924361072898560,1777924361887981056,1777924360896928256
1,1,132,GEMM(15,13,0),1777924361613633024,1777924362098492928,1777924360854390272
1,1,135,SYRK(15,15,0),1777924361072896512,1777924361806735872,1777924360854411776
1,1,136,POTRF(1),1777924362096878080,1777924362254274048,0
1,1,137,TRSM(2,1),1777924361070820864,1777924362357150208,0
1,1,138,TRSM(3,1),1777924362098491904,1777924362397357568,0
1,1,139,TRSM(4,1),1777924361070757376,1777924362355619328,0
1,1,140,TRSM(5,1),1777924361070758400,1777924362357331456,0
1,1,141,TRSM(6,1),1777924361070806528,1777924362356733440,0
1,1,142,TRSM(7,1),1777924362098492928,1777924362367628800,0
1,1,143,TRSM(8,1),1777924362098491904,1777924362397357568,0
1,1,144,TRSM(9,1),1777924362156748288,1777924362397357568,0
1,1,145,TRSM(10,1),1777924362097826304,1777924362397356544,0
1,1,146,TRSM(11,1),1777924362098491904,1777924362397357568,0
1,1,147,TRSM(12,1),1777924362098490880,1777924362397256192,0
1,1,148,TRSM(13,1),1777924362156748288,1777924362407198208,0
1,1,149,TRSM(14,1),1777924362153784832,1777924362407198208,0
1,1,150,TRSM(15,1),1777924362153784832,1777924362397357568,0
1,1,165,SYRK(3,3,1),1777924362098491904,1777924362158091776,0
1,1,166,GEMM(4,3,1),1777924362156748288,1777924362254488064,0
1,1,167,GEMM(5,3,1),1777924362098492928,1777924362158031360,0
1,1,168,GEMM(6,3,1),1777924362098491904,1777924362217485824,0
1,1,169,GEMM(7,3,1),1777924362098491904,1777924362158091776,0
1,1,170,GEMM(8,3,1),1777924362156748288,1777924362254552576,0
1,1,171,GEMM(9,3,1),1777924362153783808,1777924362254274048,0
1,1,172,GEMM(10,3,1),1777924362153783808,1777924362254274048,0
1,1,173,GEMM(11,3,1),1777924362098491904,1777924362158091776,0
1,1,174,GEMM(12,3,1),1777924362156748288,1777924362254515712,0
1,1,175,GEMM(13,3,1),1777924362253209088,1777924362275569152,0
1,1,176,GEMM(14,3,1),1777924362153783808,1777924362254274048,0
1,1,177,GEMM(15,3,1),1777924362153784832,1777924362254488064,0
1,1,190,SYRK(5,5,1),1777924362156749312,1777924362264549888,0
1,1,191,GEMM(6,5,1),1777924362153784832,1777924362254488064,0
1,1,192,GEMM(7,5,1),1777924362153784832,1777924362254317056,0
1,1,193,GEMM(8,5,1),1777924362098491904,1777924362158133760,0
1,1,194,GEMM(9,5,1),1777924362264273408,1777924362276993536,0
1,1,195,GEMM(10,5,1),1777924362367252992,1777924362397357568,0
1,1,196,GEMM(11,5,1),1777924362467057152,1777924362588108288,0
1,1,197,GEMM(12,5,1),1777924362357330432,1777924362397357568,0
1,1,198,GEMM(13,5,1),1777924362367707648,1777924362407198208,0
1,1,199,GEMM(14,5,1),1777924362366903808,1777924362397357568,0
1,1,200,GEMM(15,5,1),1777924362397357568,1777924362467059200,0
1,1,211,SYRK(7,7,1),1777924362467057152,1777924362588107264,0
1,1,212,GEMM(8,7,1),1777924362467058176,1777924362588109312,0
1,1,213,GEMM(9,7,1),1777924362407197184,1777924362467060224,0
1,1,214,GEMM(10,7,1),1777924362467057152,1777924362588108288,0
1,1,215,GEMM(11,7,1),1777924362407196160,1777924362467059200,0
1,1,216,GEMM(12,7,1),1777924362588106240,1777924362644657664,0
1,1,217,GEMM(13,7,1),1777924362588105216,1777924362643526144,0
1,1,218,GEMM(14,7,1),1777924362467058176,1777924362588108288,0
1,1,219,GEMM(15,7,1),1777924362467058176,1777924362588108288,0
1,1,228,SYRK(9,9,1),1777924362467058176,1777924362588109312,0
1,1,229,GEMM(10,9,1),1777924362407197184,1777924362467060224,0
1,1,230,GEMM(11,9,1),1777924362467058176,1777924362588108288,0
1,1,231,GEMM(12,9,1),1777924362407196160,1777924362467059200,0
1,1,232,GEMM(13,9,1),1777924362588106240,1777924362643526144,0
1,1,233,GEMM(14,9,1),1777924362588105216,1777924362643526144,0
1,1,234,GEMM(15,9,1),1777924362467058176,1777924362588108288,0
1,1,241,SYRK(11,11,1),1777924362467057152,1777924362588107264,0
1,1,242,GEMM(12,11,1),1777924362467058176,1777924362643525120,0
1,1,243,GEMM(13,11,1),1777924362407197184,1777924362588107264,0
1,1,244,GEMM(14,11,1),1777924362467058176,1777924362588108288,0
1,1,245,GEMM(15,11,1),1777924362407196160,1777924362467060224,0
1,1,250,SYRK(13,13,1),1777924362588106240,1777924362643526144,0
1,1,251,GEMM(14,13,1),1777924362588106240,1777924362643526144,0
1,1,252,GEMM(15,13,1),1777924362467058176,1777924362588108288,0
1,1,255,SYRK(15,15,1),1777924362467057152,1777924362588107264,0
1,1,270,SYRK(3,3,2),1777924364749747712,1777924365079373312,1777924362467058176
1,1,271,GEMM(4,3,2),1777924364749747712,1777924365079373312,1777924362407197184
1,1,272,GEMM(5,3,2),1777924365079613952,1777924366023542272,1777924362643524096
1,1,273,GEMM(6,3,2),1777924364749746688,1777924365079383552,1777924362407196160
1,1,274,GEMM(7,3,2),1777924364767921664,1777924365981808128,1777924362588106240
1,1,275,GEMM(8,3,2),1777924364749747712,1777924365079454208,1777924362588106240
1,1,276,GEMM(9,3,2),1777924364749746688,1777924365079371264,1777924362588106240
1,1,277,GEMM(10,3,2),1777924365120130560,1777924366174764544,1777924362643524096
1,1,278,GEMM(11,3,2),1777924365079598592,1777924366023541248,1777924362643523072
1,1,279,GEMM(12,3,2),1777924365079565824,1777924366023582208,1777924362588106240
1,1,280,GEMM(13,3,2),1777924365079589376,1777924366023540224,1777924362643524096
1,1,281,GEMM(14,3,2),1777924365079590400,1777924366023540224,1777924362588106240
1,1,282,GEMM(15,3,2),1777924365079578112,1777924366023581184,1777924362644662784
1,1,295,SYRK(5,5,2),1777924365079637504,1777924366023542272,1777924362643532288
1,1,296,GEMM(6,5,2),1777924365079577088,1777924366023608832,1777924362643525120
1,1,297,GEMM(7,5,2),1777924365079566848,1777924366023554560,1777924362643524096
1,1,298,GEMM(8,5,2),1777924365079597568,1777924366023541248,1777924362643524096
1,1,299,GEMM(9,5,2),1777924365079566848,1777924366023540224,1777924362588106240
1,1,300,GEMM(10,5,2),1777924365079566848,1777924366023600640,1777924362643524096
1,1,301,GEMM(11,5,2),1777924365079597568,1777924366023541248,1777924362588106240
1,1,302,GEMM(12,5,2),1777924365079612928,1777924366023541248,1777924362644664832
1,1,303,GEMM(13,5,2),1777924365079589376,1777924366023540224,1777924362643532288
1,1,304,GEMM(14,5,2),1777924365079578112,1777924366023540224,1777924362643525120
1,1,305,GEMM(15,5,2),1777924365079589376,1777924366023540224,1777924362643524096
1,1,316,SYRK(7,7,2),1777924364749745664,1777924365079370240,1777924362643530240
1,1,317,GEMM(8,7,2),1777924364749747712,1777924365079373312,1777924362643523072
1,1,318,GEMM(9,7,2),1777924364749746688,1777924365079372288,1777924362643524096
1,1,319,GEMM(10,7,2),1777924365079567872,1777924366023540224,1777924362588106240
1,1,320,GEMM(11,7,2),1777924365079648768,1777924366023541248,1777924362644665856
1,1,321,GEMM(12,7,2),1777924365079566848,1777924366023540224,1777924362643532288
1,1,322,GEMM(13,7,2),1777924365079598592,1777924366023541248,1777924362643525120
1,1,323,GEMM(14,7,2),1777924365079463424,1777924366023539200,1777924362643524096
1,1,324,GEMM(15,7,2),1777924366023813632,1777924366183076352,1777924365079682560
1,1,333,SYRK(9,9,2),1777924366023813632,1777924366179601920,1777924365079703040
1,1,334,GEMM(10,9,2),1777924366224801280,1777924366634844672,1777924366023940608
1,1,335,GEMM(11,9,2),1777924366023812608,1777924366179601920,1777924365079737856
1,1,336,GEMM(12,9,2),1777924366182970880,1777924366623669760,1777924366023541248
1,1,337,GEMM(13,9,2),1777924366182833664,1777924366623669760,1777924365120131584
1,1,338,GEMM(14,9,2),1777924366023813632,1777924366179601920,1777924365079613952
1,1,339,GEMM(15,9,2),1777924366634823168,1777924366835414528,1777924366182970880
1,1,346,SYRK(11,11,2),1777924366183503360,1777924366634586624,1777924366023893504
1,1,347,GEMM(12,11,2),1777924366183497216,1777924366634586624,1777924366023813632
1,1,348,GEMM(13,11,2),1777924366224281088,1777924366634823168,1777924366023899648
1,1,349,GEMM(14,11,2),1777924366183503360,1777924366634822144,1777924366023864832
1,1,350,GEMM(15,11,2),1777924366224281088,1777924366634823168,1777924366023921152
1,1,355,SYRK(13,13,2),1777924366183503360,1777924366634586624,1777924366023876096
1,1,356,GEMM(14,13,2),1777924366183503360,1777924366634587648,1777924366023837184
1,1,357,GEMM(15,13,2),1777924366634823168,1777924366795395584,1777924366182970880
1,1,360,SYRK(15,15,2),1777924366183503360,1777924366634587648,1777924366023893504
1,1,361,POTRF(3),1777924366023830016,1777924366496158208,0
1,1,362,TRSM(4,3),1777924366023913984,1777924366944268800,0
1,1,363,TRSM(5,3),1777924366023905792,1777924366924983808,0
1,1,364,TRSM(6,3),1777924366023881216,1777924366944735744,0
1,1,365,TRSM(7,3),1777924366023839232,1777924366924901888,0
1,1,366,TRSM(8,3),1777924366023928320,1777924366924983808,0
1,1,367,TRSM(9,3),1777924366182970880,1777924367034993152,0
1,1,368,TRSM(10,3),1777924366023852544,1777924366924984832,0
1,1,369,TRSM(11,3),1777924366182566400,1777924366989889024,0
1,1,370,TRSM(12,3),1777924366023918080,1777924366944735744,0
1,1,371,TRSM(13,3),1777924366023875072,1777924366944282112,0
1,1,372,TRSM(14,3),1777924366023889408,1777924366924786176,0
1,1,373,TRSM(15,3),1777924366023840256,1777924366924901888,0
1,1,386,SYRK(5,5,3),1777924366066526720,1777924366183497216,0
1,1,387,GEMM(6,5,3),1777924366182971904,1777924366633942528,0
1,1,388,GEMM(7,5,3),1777924366277150208,1777924366635078144,0
1,1,389,GEMM(8,5,3),1777924366183496192,1777924366634586624,0
1,1,390,GEMM(9,5,3),1777924366737291776,1777924366856124928,0
1,1,391,GEMM(10,5,3),1777924366183497216,1777924366634586624,0
1,1,392,GEMM(11,5,3),1777924366634823168,1777924366795394560,0
1,1,393,GEMM(12,5,3),1777924366634822144,1777924366795394560,0
1,1,394,GEMM(13,5,3),1777924366183497216,1777924366634586624,0
1,1,395,GEMM(14,5,3),1777924366836049408,1777924366858581504,0
1,1,396,GEMM(15,5,3),1777924366635208192,1777924366835414528,0
1,1,407,SYRK(7,7,3),1777924366635208192,1777924366835414528,0
1,1,408,GEMM(8,7,3),1777924366737291776,1777924366836049408,0
1,1,409,GEMM(9,7,3),1777924366737291776,1777924366836049408,0
1,1,410,GEMM(10,7,3),1777924366737291776,1777924366836050432,0
1,1,411,GEMM(11,7,3),1777924366635209216,1777924366835414528,0
1,1,412,GEMM(12,7,3),1777924366635209216,1777924366836049408,0
1,1,413,GEMM(13,7,3),1777924366836049408,1777924366858668544,0
1,1,414,GEMM(14,7,3),1777924366635208192,1777924366835414528,0
1,1,415,GEMM(15,7,3),1777924366635208192,1777924366835414528,0
1,1,424,SYRK(9,9,3),1777924366989865472,1777924367034993152,0
1,1,425,GEMM(10,9,3),1777924366944736768,1777924366989890048,0
1,1,426,GEMM(11,9,3),1777924366989888000,1777924367034994176,0
1,1,427,GEMM(12,9,3),1777924366924983808,1777924366944736768,0
1,1,428,GEMM(13,9,3),1777924366944736768,1777924366989890048,0
1,1,429,GEMM(14,9,3),1777924367045203456,1777924367065448960,0
1,1,430,GEMM(15,9,3),1777924366944735744,1777924366989890048,0
1,1,437,SYRK(11,11,3),1777924367034993152,1777924367045192192,0
1,1,438,GEMM(12,11,3),1777924366989888000,1777924367034993152,0
1,1,439,GEMM(13,11,3),1777924366989866496,1777924367034993152,0
1,1,440,GEMM(14,11,3),1777924366989889024,1777924367045192192,0
1,1,441,GEMM(15,11,3),1777924366924983808,1777924366989889024,0
1,1,446,SYRK(13,13,3),1777924366944736768,1777924367034993152,0
1,1,447,GEMM(14,13,3),1777924367055333888,1777924367066582528,0
1,1,448,GEMM(15,13,3),1777924366944735744,1777924366989890048,0
1,1,451,SYRK(15,15,3),1777924367034993152,1777924367055334912,0
1,1,464,SYRK(5,5,4),1777924368793117184,1777924369023462912,1777924366989888000
1,1,465,GEMM(6,5,4),1777924368793117184,1777924369335574016,1777924366989865472
1,1,466,GEMM(7,5,4),1777924369064862208,1777924370044315136,1777924366989889024
1,1,467,GEMM(8,5,4),1777924368793116160,1777924369023462912,1777924366924983808
1,1,468,GEMM(9,5,4),1777924369023719936,1777924370042796544,1777924366944736768
1,1,469,GEMM(10,5,4),1777924368793116160,1777924369023462912,1777924367055333888
1,1,470,GEMM(11,5,4),1777924369064788480,1777924370042824192,1777924366944735744
1,1,471,GEMM(12,5,4),1777924369023462912,1777924370042795520,1777924367034993152
1,1,472,GEMM(13,5,4),1777924368793116160,1777924369023462912,1777924366989888000
1,1,473,GEMM(14,5,4),1777924368793117184,1777924369023462912,1777924366989865472
1,1,474,GEMM(15,5,4),1777924369064786432,1777924370042851840,1777924366989889024
1,1,485,SYRK(7,7,4),1777924369023731200,1777924370042824192,1777924366924984832
1,1,486,GEMM(8,7,4),1777924369064786432,1777924370042836480,1777924366944736768
1,1,487,GEMM(9,7,4),1777924369064787456,1777924370044320256,1777924367055333888
1,1,488,GEMM(10,7,4),1777924369064805888,1777924370042803712,1777924366944735744
1,1,489,GEMM(11,7,4),1777924369064787456,1777924370042797568,1777924367034993152
1,1,490,GEMM(12,7,4),1777924369023718912,1777924370042799616,1777924367045191168
1,1,491,GEMM(13,7,4),1777924369064786432,1777924370042799616,1777924367034992128
1,1,492,GEMM(14,7,4),1777924369064808960,1777924370042854912,1777924367045192192
1,1,493,GEMM(15,7,4),1777924369023718912,1777924370042795520,1777924366989865472
1,1,502,SYRK(9,9,4),1777924369023730176,1777924370042796544,1777924367034992128
1,1,503,GEMM(10,9,4),1777924369064788480,1777924370044320256,1777924367065455104
1,1,504,GEMM(11,9,4),1777924369064788480,1777924370044320256,1777924367034992128
1,1,505,GEMM(12,9,4),1777924369023797760,1777924370042835456,1777924367045200384
1,1,506,GEMM(13,9,4),1777924369023719936,1777924370042799616,1777924367045191168
1,1,507,GEMM(14,9,4),1777924369064786432,1777924370042853888,1777924367045191168
1,1,508,GEMM(15,9,4),1777924369064787456,1777924370042825216,1777924367045202432
1,1,515,SYRK(11,11,4),1777924369023719936,1777924370042831360,1777924367034992128
1,1,516,GEMM(12,11,4),1777924369064787456,1777924370042801664,1777924367045191168
1,1,517,GEMM(13,11,4),1777924369064787456,1777924370042798592,1777924367066586624
1,1,518,GEMM(14,11,4),1777924369064786432,1777924370042797568,1777924367034992128
1,1,519,GEMM(15,11,4),1777924369064856064,1777924370218217984,1777924367065447936
1,1,524,SYRK(13,13,4),1777924370044428800,1777924370218217984,1777924369064787456
1,1,525,GEMM(14,13,4),1777924370218392064,1777924370350957056,1777924370042795520
1,1,526,GEMM(15,13,4),1777924370263358976,1777924370356914688,1777924370044629504
1,1,529,SYRK(15,15,4),1777924370044427776,1777924370218217984,1777924369023604224
1,1,530,POTRF(5),1777924370044491264,1777924370309246464,0
1,1,531,TRSM(6,5),1777924369064787456,1777924370454336000,0
1,1,532,TRSM(7,5),1777924370044428800,1777924370465285632,0
1,1,533,TRSM(8,5),1777924370044429824,1777924370455393792,0
1,1,534,TRSM(9,5),1777924369064808960,1777924370434233856,0
1,1,535,TRSM(10,5),1777924370042795520,1777924370454119936,0
1,1,536,TRSM(11,5),1777924370044629504,1777924370465285632,0
1,1,537,TRSM(12,5),1777924370044427776,1777924370455393792,0
1,1,538,TRSM(13,5),1777924370220925440,1777924370484079104,0
1,1,539,TRSM(14,5),1777924370044630528,1777924370473520640,0
1,1,540,TRSM(15,5),1777924370044428800,1777924370465285632,0
1,1,551,SYRK(7,7,5),1777924370044428800,1777924370220925440,0
1,1,552,GEMM(8,7,5),1777924370044427776,1777924370218217984,0
1,1,553,GEMM(9,7,5),1777924370044428800,1777924370218265088,0
1,1,554,GEMM(10,7,5),1777924370044629504,1777924370220926464,0
1,1,555,GEMM(11,7,5),1777924370044427776,1777924370218265088,0
1,1,556,GEMM(12,7,5),1777924370220925440,1777924370351599104,0
1,1,557,GEMM(13,7,5),1777924370044630528,1777924370221329920,0
1,1,558,GEMM(14,7,5),1777924370044629504,1777924370220925440,0
1,1,559,GEMM(15,7,5),1777924370044428800,1777924370218392064,0
1,1,568,SYRK(9,9,5),1777924370044427776,1777924370218217984,0
1,1,569,GEMM(10,9,5),1777924370044428800,1777924370218265088,0
1,1,570,GEMM(11,9,5),1777924370044629504,1777924370221192704,0
1,1,571,GEMM(12,9,5),1777924370044428800,1777924370218350080,0
1,1,572,GEMM(13,9,5),1777924370220925440,1777924370351599104,0
1,1,573,GEMM(14,9,5),1777924370044630528,1777924370263282176,0
1,1,574,GEMM(15,9,5),1777924370044629504,1777924370220926464,0
1,1,581,SYRK(11,11,5),1777924370221329920,1777924370351715840,0
1,1,582,GEMM(12,11,5),1777924370221329920,1777924370351715840,0
1,1,583,GEMM(13,11,5),1777924370351969792,1777924370378552832,0
1,1,584,GEMM(14,11,5),1777924370368025088,1777924370379185664,0
1,1,585,GEMM(15,11,5),1777924370221329920,1777924370351748608,0
1,1,590,SYRK(13,13,5),1777924370351726080,1777924370368168448,0
1,1,591,GEMM(14,13,5),1777924370455393792,1777924370473777664,0
1,1,592,GEMM(15,13,5),1777924370473930240,1777924370484905472,0
1,1,595,SYRK(15,15,5),1777924370465243648,1777924370484283904,0
1,1,606,SYRK(7,7,6),1777924370434482688,1777924370455393792,1777924370434472448
1,1,607,GEMM(8,7,6),1777924371927019008,1777924371976763904,1777924370455392768
1,1,608,GEMM(9,7,6),1777924372024785408,1777924372705711616,1777924370473931264
1,1,609,GEMM(10,7,6),1777924372024785408,1777924372705702400,1777924370468020736
1,1,610,GEMM(11,7,6),1777924372024786432,1777924372747914752,1777924370484346368
1,1,611,GEMM(12,7,6),1777924372705718784,1777924373163340288,1777924370483871232
1,1,612,GEMM(13,7,6),1777924372747914752,1777924373163340288,1777924370473930240
1,1,613,GEMM(14,7,6),1777924372042226176,1777924372858071552,1777924370465243648
1,1,614,GEMM(15,7,6),1777924372024785408,1777924372705718784,1777924370434472448
1,1,623,SYRK(9,9,6),1777924372024784384,1777924372705708544,1777924370455393792
1,1,624,GEMM(10,9,6),1777924372024785408,1777924372705713664,1777924370473931264
1,1,625,GEMM(11,9,6),1777924372024785408,1777924372705702400,1777924370468020736
1,1,626,GEMM(12,9,6),1777924372652331520,1777924372901061120,1777924370484346368
1,1,627,GEMM(13,9,6),1777924372858089984,1777924373163341312,1777924370483871232
1,1,628,GEMM(14,9,6),1777924372024785408,1777924372705748480,1777924370473931264
1,1,629,GEMM(15,9,6),1777924372024786432,1777924372705703424,1777924370465244672
1,1,636,SYRK(11,11,6),1777924372024785408,1777924372705725952,1777924370434472448
1,1,637,GEMM(12,11,6),1777924372705733120,1777924372942938624,1777924370455393792
1,1,638,GEMM(13,11,6),1777924372858086912,1777924373163341312,1777924370473931264
1,1,639,GEMM(14,11,6),1777924372024785408,1777924372705713664,1777924370468020736
1,1,640,GEMM(15,11,6),1777924372024786432,1777924372705754624,1777924370484347392
1,1,645,SYRK(13,13,6),1777924372858092032,1777924373163341312,1777924370483871232
1,1,646,GEMM(14,13,6),1777924372805796352,1777924373163341312,1777924370473931264
1,1,647,GEMM(15,13,6),1777924372858078720,1777924373163341312,1777924370465243648
1,1,650,SYRK(15,15,6),1777924372024784384,1777924372705760768,1777924370434472448
1,1,651,POTRF(7),1777924370455393792,1777924370473931264,0
1,1,652,TRSM(8,7),1777924370473931264,1777924370527171072,0
1,1,653,TRSM(9,7),1777924370468020736,1777924370527116800,0
1,1,654,TRSM(10,7),1777924370484347392,1777924370527314432,0
1,1,655,TRSM(11,7),1777924370483871232,1777924370527159808,0
1,1,656,TRSM(12,7),1777924370484908544,1777924370527553024,0
1,1,657,TRSM(13,7),1777924370484315648,1777924370527463936,0
1,1,658,TRSM(14,7),1777924370464861696,1777924370526469632,0
1,1,659,TRSM(15,7),1777924371976771072,1777924371986653696,0
1,1,668,SYRK(9,9,7),1777924372858070528,1777924373163342336,0
1,1,669,GEMM(10,9,7),1777924372858070528,1777924373163341312,0
1,1,670,GEMM(11,9,7),1777924372858071552,1777924373163341312,0
1,1,671,GEMM(12,9,7),1777924373198572032,1777924373330872832,0
1,1,672,GEMM(13,9,7),1777924373198574080,1777924373373306368,0
1,1,673,GEMM(14,9,7),1777924373163339264,1777924373198576128,0
1,1,674,GEMM(15,9,7),1777924372858071552,1777924373163342336,0
1,1,681,SYRK(11,11,7),1777924372858070528,1777924373163342336,0
1,1,682,GEMM(12,11,7),1777924372858070528,1777924373163342336,0
1,1,683,GEMM(13,11,7),1777924372858070528,1777924373163341312,0
1,1,684,GEMM(14,11,7),1777924373163339264,1777924373198576128,0
1,1,685,GEMM(15,11,7),1777924373198573056,1777924373330872832,0
1,1,690,SYRK(13,13,7),1777924373198574080,1777924373487029760,0
1,1,691,GEMM(14,13,7),1777924373163339264,1777924373198575104,0
1,1,692,GEMM(15,13,7),1777924372858071552,1777924373198575104,0
1,1,695,SYRK(15,15,7),1777924373163340288,1777924373330871808,0
1,1,704,SYRK(9,9,8),1777924373487028736,1777924373820042752,1777924373198573056
1,1,705,GEMM(10,9,8),1777924373198573056,1777924373330872832,1777924372858070528
1,1,706,GEMM(11,9,8),1777924373330871808,1777924373577083392,1777924373163340288
1,1,707,GEMM(12,9,8),1777924373487028736,1777924373820042752,1777924373198573056
1,1,708,GEMM(13,9,8),1777924373719815680,1777924373898181120,1777924373198574080
1,1,709,GEMM(14,9,8),1777924373487029760,1777924373891940864,1777924373198574080
1,1,710,GEMM(15,9,8),1777924373315635712,1777924373497530880,1777924372858071552
1,1,717,SYRK(11,11,8),1777924373436002816,1777924373820042752,1777924373163340288
1,1,718,GEMM(12,11,8),1777924373487028736,1777924373860054528,1777924373198573056
1,1,719,GEMM(13,11,8),1777924373198573056,1777924373330872832,1777924372858070528
1,1,720,GEMM(14,11,8),1777924373475474944,1777924373820042752,1777924373163339264
1,1,721,GEMM(15,11,8),1777924373487028736,1777924373820042752,1777924373198573056
1,1,726,SYRK(13,13,8),1777924373726461440,1777924373898212864,1777924373198575104
1,1,727,GEMM(14,13,8),1777924373496972800,1777924373897820672,1777924373198574080
1,1,728,GEMM(15,13,8),1777924373330871808,1777924373497530880,1777924372858071552
1,1,731,SYRK(15,15,8),1777924373475453440,1777924373820042752,1777924373163340288
1,1,732,POTRF(9),1777924373198573056,1777924373497530880,0
1,1,733,TRSM(10,9),1777924373198574080,1777924374291542528,0
1,1,734,TRSM(11,9),1777924373198574080,1777924374292500992,0
1,1,735,TRSM(12,9),1777924373487028736,1777924374311730688,0
1,1,736,TRSM(13,9),1777924373497529856,1777924374311900672,0
1,1,737,TRSM(14,9),1777924373330871808,1777924374292812288,0
1,1,738,TRSM(15,9),1777924373198573056,1777924374291297792,0
1,1,745,SYRK(11,11,9),1777924373198574080,1777924373373254144,0
1,1,746,GEMM(12,11,9),1777924373333838336,1777924373817902592,0
1,1,747,GEMM(13,11,9),1777924373198573056,1777924373334242816,0
1,1,748,GEMM(14,11,9),1777924373330871808,1777924373775564288,0
1,1,749,GEMM(15,11,9),1777924373487029760,1777924373886523904,0
1,1,754,SYRK(13,13,9),1777924373775631872,1777924373898212864,0
1,1,755,GEMM(14,13,9),1777924373330871808,1777924373497530880,0
1,1,756,GEMM(15,13,9),1777924373330871808,1777924373516937728,0
1,1,759,SYRK(15,15,9),1777924373487028736,1777924373881294336,0
1,1,766,SYRK(11,11,10),1777924373997492736,1777924374188652032,1777924373897755136
1,1,767,GEMM(12,11,10),1777924373898212864,1777924374041969152,1777924373487029760
1,1,768,GEMM(13,11,10),1777924373958113792,1777924374188014080,1777924373820042752
1,1,769,GEMM(14,11,10),1777924374039670272,1777924374188692992,1777924373897755136
1,1,770,GEMM(15,11,10),1777924374186309120,1777924374230472192,1777924373918174720
1,1,775,SYRK(13,13,10),1777924374041641472,1777924374229569024,1777924373898211840
1,1,776,GEMM(14,13,10),1777924373955637760,1777924374105540096,1777924373817952768
1,1,777,GEMM(15,13,10),1777924373997453824,1777924374188643840,1777924373897755136
1,1,780,SYRK(15,15,10),1777924374039670272,1777924374188692992,1777924373898180096
1,1,781,POTRF(11),1777924373487029760,1777924373898212864,0
1,1,782,TRSM(12,11),1777924373897755136,1777924374344023552,0
1,1,783,TRSM(13,11),1777924373897755136,1777924374340146688,0
1,1,784,TRSM(14,11),1777924373955637760,1777924374340148736,0
1,1,785,TRSM(15,11),1777924373907674624,1777924374344198656,0
1,1,790,SYRK(13,13,11),1777924373817885184,1777924373957694976,0
1,1,791,GEMM(14,13,11),1777924373897755136,1777924373958113792,0
1,1,792,GEMM(15,13,11),1777924373898180096,1777924373958274560,0
1,1,795,SYRK(15,15,11),1777924374293617152,1777924374308352512,0
1,1,800,SYRK(13,13,12),1777924374311831040,1777924374344023552,1777924374306559488
1,1,801,GEMM(14,13,12),1777924375022739968,1777924375123318272,1777924374337937920
1,1,802,GEMM(15,13,12),1777924375061495296,1777924375143191040,1777924374340121088
1,1,805,SYRK(15,15,12),1777924375103048192,1777924375146103296,1777924374306559488
1,1,806,POTRF(13),1777924374293618176,1777924374340121088,0
1,1,807,TRSM(14,13),1777924373897755136,1777924374312039936,0
1,1,808,TRSM(15,13),1777924373898181120,1777924374340122112,0
1,1,811,SYRK(15,15,13),1777924374293618176,1777924374311297536,0
1,1,814,SYRK(15,15,14),1777924375061572096,1777924375143191040,1777924374306559488
1,1,815,POTRF(15),1777924374337933824,1777924374346373632,0
1,2,16,SYRK(1,1,0),1777924375924008448,1777924375986541056,1777924375667965440
1,2,17,GEMM(2,1,0),1777924375924009472,1777924376948195840,1777924375667972608
1,2,18,GEMM(3,1,0),1777924375986578944,1777924376948195840,1777924375667976704
1,2,19,GEMM(4,1,0),1777924375986672128,1777924376948197888,1777924375667980800
1,2,20,GEMM(5,1,0),1777924375986720256,1777924376948198912,1777924375667984896
1,2,21,GEMM(6,1,0),1777924375986675200,1777924376948220416,1777924375667988992
1,2,22,GEMM(7,1,0),1777924375986661888,1777924376948196864,1777924375667993088
1,2,23,GEMM(8,1,0),1777924375986711040,1777924376948198912,1777924375667998208
1,2,24,GEMM(9,1,0),1777924375986696704,1777924376948256256,1777924375668001280
1,2,25,GEMM(10,1,0),1777924375986687488,1777924376948196864,1777924375668005376
1,2,26,GEMM(11,1,0),1777924375986667008,1777924376948212224,1777924375668008448
1,2,27,GEMM(12,1,0),1777924375986746880,1777924377245705728,1777924375668012544
1,2,28,GEMM(13,1,0),1777924376948422144,1777924377245740544,1777924375668015616
1,2,29,GEMM(14,1,0),1777924376948448768,1777924377245740544,1777924375668019712
1,2,30,GEMM(15,1,0),1777924376948421120,1777924377245705728,1777924375668023808
1,2,45,SYRK(3,3,0),1777924375986656768,1777924376948195840,1777924375668027904
1,2,46,GEMM(4,3,0),1777924375986683392,1777924376948272640,1777924375668032000
1,2,47,GEMM(5,3,0),1777924375986674176,1777924376948260352,1777924375668036096
1,2,48,GEMM(6,3,0),1777924375986704896,1777924376948264448,1777924375668039168
1,2,49,GEMM(7,3,0),1777924375986662912,1777924376948196864,1777924375668043264
1,2,50,GEMM(8,3,0),1777924375986674176,1777924376948196864,1777924375668047360
1,2,51,GEMM(9,3,0),1777924375986671104,1777924376948263424,1777924375668051456
1,2,52,GEMM(10,3,0),1777924375986671104,1777924376948228608,1777924375668055552
1,2,53,GEMM(11,3,0),1777924375986671104,1777924376948223488,1777924375668059648
1,2,54,GEMM(12,3,0),1777924375986671104,1777924376948224512,1777924375668062720
1,2,55,GEMM(13,3,0),1777924376948404736,1777924377245728256,1777924375668066816
1,2,56,GEMM(14,3,0),1777924376948413952,1777924377245705728,1777924375668069888
1,2,57,GEMM(15,3,0),1777924376948423168,1777924377288555008,1777924375668073984
1,2,70,SYRK(5,5,0),1777924375986668032,1777924376948197888,1777924375668079104
1,2,71,GEMM(6,5,0),1777924375986690560,1777924376948246016,1777924375668086272
1,2,72,GEMM(7,5,0),1777924375986674176,1777924376948197888,1777924375668089344
1,2,73,GEMM(8,5,0),1777924375986680320,1777924376948198912,1777924375668093440
1,2,74,GEMM(9,5,0),1777924376948414976,1777924377245719040,1777924375986687488
1,2,75,GEMM(10,5,0),1777924377245777408,1777924377415132672,1777924376948347392
1,2,76,GEMM(11,5,0),1777924377372398080,1777924377880580608,1777924376948439552
1,2,77,GEMM(12,5,0),1777924377372397056,1777924377900451328,1777924376948469248
1,2,78,GEMM(13,5,0),1777924377372397056,1777924377880580608,1777924376948425216
1,2,79,GEMM(14,5,0),1777924377288640000,1777924377880580608,1777924376948478464
1,2,80,GEMM(15,5,0),1777924377309211136,1777924377880580608,1777924376948549120
1,2,91,SYRK(7,7,0),1777924377288548864,1777924377880578560,1777924376948507136
1,2,92,GEMM(8,7,0),1777924377330846208,1777924377880580608,1777924376948507136
1,2,93,GEMM(9,7,0),1777924377372398080,1777924377880580608,1777924376948465152
1,2,94,GEMM(10,7,0),1777924377372397056,1777924377880581632,1777924376948439552
1,2,95,GEMM(11,7,0),1777924378030816768,1777924378515274240,1777924377288561152
1,2,96,GEMM(12,7,0),1777924377880579584,1777924378515273216,1777924377245989376
1,2,97,GEMM(13,7,0),1777924377880579584,1777924378365073920,1777924377246030336
1,2,98,GEMM(14,7,0),1777924378030817792,1777924378515273216,1777924377288546816
1,2,99,GEMM(15,7,0),1777924377372396032,1777924377880580608,1777924376948523520
1,2,108,SYRK(9,9,0),1777924377288547840,1777924377537103360,1777924376948519424
1,2,109,GEMM(10,9,0),1777924377372398080,1777924377880580608,1777924376948457984
1,2,110,GEMM(11,9,0),1777924377372397056,1777924377880581632,1777924376948440576
1,2,111,GEMM(12,9,0),1777924378155845120,1777924378515424768,1777924377288623616
1,2,112,GEMM(13,9,0),1777924377880579584,1777924378197197312,1777924377245990400
1,2,113,GEMM(14,9,0),1777924377880579584,1777924378365070848,1777924377246018048
1,2,114,GEMM(15,9,0),1777924378030816768,1777924378515274240,1777924377288546816
1,2,121,SYRK(11,11,0),1777924377288548864,1777924377537079808,1777924376948546048
1,2,122,GEMM(12,11,0),1777924377330868736,1777924377880580608,1777924376948519424
1,2,123,GEMM(13,11,0),1777924377880579584,1777924378365070848,1777924377245983232
1,2,124,GEMM(14,11,0),1777924377900451328,1777924378515274240,1777924377288546816
1,2,125,GEMM(15,11,0),1777924378156551680,1777924378515663360,1777924377372397056
1,2,130,SYRK(13,13,0),1777924377875864064,1777924378197196288,1777924377245989376
1,2,131,GEMM(14,13,0),1777924377880579584,1777924378197197312,1777924377246023168
1,2,132,GEMM(15,13,0),1777924378030816768,1777924378515274240,1777924377288560128
1,2,135,SYRK(15,15,0),1777924377288547840,1777924377458149888,1777924376948546048
1,2,136,POTRF(1),1777924377288552960,1777924378156504576,0
1,2,137,TRSM(2,1),1777924377880579584,1777924378766469632,0
1,2,138,TRSM(3,1),1777924378156503552,1777924378766830080,0
1,2,139,TRSM(4,1),1777924378156503552,1777924378766708224,0
1,2,140,TRSM(5,1),1777924378156531200,1777924378705225216,0
1,2,141,TRSM(6,1),1777924378156505600,1777924378766708224,0
1,2,142,TRSM(7,1),1777924378156520960,1777924378766707200,0
1,2,143,TRSM(8,1),1777924378156502528,1777924378705225216,0
1,2,144,TRSM(9,1),1777924378156531200,1777924378705316352,0
1,2,145,TRSM(10,1),1777924378156503552,1777924378705315328,0
1,2,146,TRSM(11,1),1777924378156503552,1777924378766708224,0
1,2,147,TRSM(12,1),1777924378555385344,1777924378936386048,0
1,2,148,TRSM(13,1),1777924378555385344,1777924378876713472,0
1,2,149,TRSM(14,1),1777924378515273216,1777924378836380160,0
1,2,150,TRSM(15,1),1777924378555385344,1777924378836380160,0
1,2,165,SYRK(3,3,1),1777924378156502528,1777924378515424768,0
1,2,166,GEMM(4,3,1),1777924378156503552,1777924378515727872,0
1,2,167,GEMM(5,3,1),1777924378156559872,1777924378556393984,0
1,2,168,GEMM(6,3,1),1777924378156503552,1777924378515771904,0
1,2,169,GEMM(7,3,1),1777924378555517440,1777924378623391232,0
1,2,170,GEMM(8,3,1),1777924378555385344,1777924378623346176,0
1,2,171,GEMM(9,3,1),1777924378515273216,1777924378556595712,0
1,2,172,GEMM(10,3,1),1777924378555385344,1777924378623371776,0
1,2,173,GEMM(11,3,1),1777924378156502528,1777924378515424768,0
1,2,174,GEMM(12,3,1),1777924378156504576,1777924378525120000,0
1,2,175,GEMM(13,3,1),1777924378515273216,1777924378556595712,0
1,2,176,GEMM(14,3,1),1777924378555385344,1777924378623346176,0
1,2,177,GEMM(15,3,1),1777924378556008960,1777924378623598080,0
1,2,190,SYRK(5,5,1),1777924378555385344,1777924378623346176,0
1,2,191,GEMM(6,5,1),1777924378515274240,1777924378622329344,0
1,2,192,GEMM(7,5,1),1777924378555385344,1777924378623391232,0
1,2,193,GEMM(8,5,1),1777924378156544512,1777924378515424768,0
1,2,194,GEMM(9,5,1),1777924378505328128,1777924378556558848,0
1,2,195,GEMM(10,5,1),1777924378766934528,1777924378836876800,0
1,2,196,GEMM(11,5,1),1777924378836379136,1777924378876713472,0
1,2,197,GEMM(12,5,1),1777924378766934528,1777924378836877824,0
1,2,198,GEMM(13,5,1),1777924378705843712,1777924378766830080,0
1,2,199,GEMM(14,5,1),1777924378766935552,1777924378876713472,0
1,2,200,GEMM(15,5,1),1777924378766935552,1777924378836877824,0
1,2,211,SYRK(7,7,1),1777924378705843712,1777924378766830080,0
1,2,212,GEMM(8,7,1),1777924378705843712,1777924378766830080,0
1,2,213,GEMM(9,7,1),1777924378766934528,1777924378836877824,0
1,2,214,GEMM(10,7,1),1777924378836379136,1777924378876713472,0
1,2,215,GEMM(11,7,1),1777924378961725952,1777924378991800832,0
1,2,216,GEMM(12,7,1),1777924378936385024,1777924378961714688,0
1,2,217,GEMM(13,7,1),1777924378876714496,1777924378936386048,0
1,2,218,GEMM(14,7,1),1777924378876714496,1777924378936386048,0
1,2,219,GEMM(15,7,1),1777924378705843712,1777924378766830080,0
1,2,228,SYRK(9,9,1),1777924378705844736,1777924378766831104,0
1,2,229,GEMM(10,9,1),1777924378766934528,1777924378836877824,0
1,2,230,GEMM(11,9,1),1777924378836379136,1777924378876713472,0
1,2,231,GEMM(12,9,1),1777924378971883008,1777924378991801856,0
1,2,232,GEMM(13,9,1),1777924378936385024,1777924378961714688,0
1,2,233,GEMM(14,9,1),1777924378876714496,1777924378936387072,0
1,2,234,GEMM(15,9,1),1777924378876714496,1777924378936387072,0
1,2,241,SYRK(11,11,1),1777924378705843712,1777924378766830080,0
1,2,242,GEMM(12,11,1),1777924378705844736,1777924378836876800,0
1,2,243,GEMM(13,11,1),1777924378766934528,1777924378836877824,0
1,2,244,GEMM(14,11,1),1777924378836379136,1777924378936386048,0
1,2,245,GEMM(15,11,1),1777924378971883008,1777924378992937472,0
1,2,250,SYRK(13,13,1),1777924378936385024,1777924378971884032,0
1,2,251,GEMM(14,13,1),1777924378876714496,1777924378961714688,0
1,2,252,GEMM(15,13,1),1777924378876714496,1777924378936387072,0
1,2,255,SYRK(15,15,1),1777924378705843712,1777924378766830080,0
1,2,270,SYRK(3,3,2),1777924381178774016,1777924381602371072,1777924378705844736
1,2,271,GEMM(4,3,2),1777924381178922496,1777924381602373120,1777924378876398080
1,2,272,GEMM(5,3,2),1777924381178911232,1777924381602373120,1777924378936385024
1,2,273,GEMM(6,3,2),1777924381178850816,1777924381602380288,1777924378971883008
1,2,274,GEMM(7,3,2),1777924381178861056,1777924381602376192,1777924378936385024
1,2,275,GEMM(8,3,2),1777924381602619904,1777924382431149568,1777924378936385024
1,2,276,GEMM(9,3,2),1777924381178958336,1777924382345482752,1777924378876714496
1,2,277,GEMM(10,3,2),1777924381602567680,1777924382431153664,1777924378766933504
1,2,278,GEMM(11,3,2),1777924381602580992,1777924382431153664,1777924378766933504
1,2,279,GEMM(12,3,2),1777924381602667008,1777924382431151616,1777924378876398080
1,2,280,GEMM(13,3,2),1777924381602558464,1777924382431218176,1777924378936385024
1,2,281,GEMM(14,3,2),1777924381602570752,1777924382431150592,1777924378991805952
1,2,282,GEMM(15,3,2),1777924381602630144,1777924382431149568,1777924378961722880
1,2,295,SYRK(5,5,2),1777924381159591424,1777924381602371072,1777924378961713664
1,2,296,GEMM(6,5,2),1777924381178862080,1777924381602380288,1777924378961713664
1,2,297,GEMM(7,5,2),1777924381178861056,1777924381602444800,1777924378766934528
1,2,298,GEMM(8,5,2),1777924381602630144,1777924382431150592,1777924378766934528
1,2,299,GEMM(9,5,2),1777924381178849792,1777924381602371072,1777924378876398080
1,2,300,GEMM(10,5,2),1777924381644932608,1777924382431151616,1777924378936385024
1,2,301,GEMM(11,5,2),1777924381644981760,1777924382637621760,1777924378991806976
1,2,302,GEMM(12,5,2),1777924381602580992,1777924382431165952,1777924378961723904
1,2,303,GEMM(13,5,2),1777924381602570752,1777924382431174144,1777924378961713664
1,2,304,GEMM(14,5,2),1777924381602558464,1777924382431182336,1777924378961713664
1,2,305,GEMM(15,5,2),1777924381602448896,1777924382431200768,1777924378766934528
1,2,316,SYRK(7,7,2),1777924381178850816,1777924381602372096,1777924378876399104
1,2,317,GEMM(8,7,2),1777924381602579968,1777924382431150592,1777924378876398080
1,2,318,GEMM(9,7,2),1777924381178861056,1777924381602455040,1777924378961713664
1,2,319,GEMM(10,7,2),1777924381602558464,1777924382431149568,1777924378992941568
1,2,320,GEMM(11,7,2),1777924381602578944,1777924382431160832,1777924378991800832
1,2,321,GEMM(12,7,2),1777924381602570752,1777924382431172096,1777924378961720832
1,2,322,GEMM(13,7,2),1777924381602558464,1777924382431149568,1777924378961713664
1,2,323,GEMM(14,7,2),1777924381602579968,1777924382431151616,1777924378766934528
1,2,324,GEMM(15,7,2),1777924382431387136,1777924382637621760,1777924381602675200
1,2,333,SYRK(9,9,2),1777924382431434240,1777924382638086656,1777924381602639360
1,2,334,GEMM(10,9,2),1777924382431386112,1777924382637621760,1777924381602657792
1,2,335,GEMM(11,9,2),1777924382431429120,1777924382637621760,1777924381602636288
1,2,336,GEMM(12,9,2),1777924382431387136,1777924382637622784,1777924381602639360
1,2,337,GEMM(13,9,2),1777924382638264832,1777924383134222848,1777924382431430144
1,2,338,GEMM(14,9,2),1777924382638262784,1777924383029002752,1777924382431150592
1,2,339,GEMM(15,9,2),1777924382640807424,1777924383134693888,1777924382431517184
1,2,346,SYRK(11,11,2),1777924382723498496,1777924383134868992,1777924382605929984
1,2,347,GEMM(12,11,2),1777924382744705536,1777924383134868992,1777924382605929984
1,2,348,GEMM(13,11,2),1777924382682677760,1777924383134765568,1777924382431557120
1,2,349,GEMM(14,11,2),1777924382764704256,1777924383135324672,1777924382605929984
1,2,350,GEMM(15,11,2),1777924382640807424,1777924383134693888,1777924382431480320
1,2,355,SYRK(13,13,2),1777924382640807424,1777924383134693888,1777924382431436288
1,2,356,GEMM(14,13,2),1777924382637925888,1777924383009027584,1777924382431150592
1,2,357,GEMM(15,13,2),1777924382680636928,1777924383134693888,1777924382431561216
1,2,360,SYRK(15,15,2),1777924382734659072,1777924383134868992,1777924382605929984
1,2,361,POTRF(3),1777924382605929984,1777924382911884800,0
1,2,362,TRSM(4,3),1777924382431562240,1777924383346351616,0
1,2,363,TRSM(5,3),1777924382638262784,1777924383401228800,0
1,2,364,TRSM(6,3),1777924382431480320,1777924383330850304,0
1,2,365,TRSM(7,3),1777924382431511040,1777924383356211712,0
1,2,366,TRSM(8,3),1777924382431387136,1777924383328733696,0
1,2,367,TRSM(9,3),1777924382431543808,1777924383345908224,0
1,2,368,TRSM(10,3),1777924382605929984,1777924383356280320,0
1,2,369,TRSM(11,3),1777924382640807424,1777924383441131008,0
1,2,370,TRSM(12,3),1777924382431608320,1777924383346351616,0
1,2,371,TRSM(13,3),1777924382638262784,1777924383401228800,0
1,2,372,TRSM(14,3),1777924382431493632,1777924383345908224,0
1,2,373,TRSM(15,3),1777924382431458816,1777924383330447872,0
1,2,386,SYRK(5,5,3),1777924382431399424,1777924382637924864,0
1,2,387,GEMM(6,5,3),1777924382431557120,1777924382807848448,0
1,2,388,GEMM(7,5,3),1777924382638262784,1777924383048247808,0
1,2,389,GEMM(8,5,3),1777924382681399808,1777924383134693888,0
1,2,390,GEMM(9,5,3),1777924382638263808,1777924383131805184,0
1,2,391,GEMM(10,5,3),1777924382638262784,1777924383089612288,0
1,2,392,GEMM(11,5,3),1777924382638263808,1777924383089612288,0
1,2,393,GEMM(12,5,3),1777924383134868992,1777924383251352064,0
1,2,394,GEMM(13,5,3),1777924383134765568,1777924383215636992,0
1,2,395,GEMM(14,5,3),1777924383135159808,1777924383251352064,0
1,2,396,GEMM(15,5,3),1777924383164779008,1777924383261987328,0
1,2,407,SYRK(7,7,3),1777924383164777984,1777924383261986304,0
1,2,408,GEMM(8,7,3),1777924383154640384,1777924383261986304,0
1,2,409,GEMM(9,7,3),1777924383205686784,1777924383262770688,0
1,2,410,GEMM(10,7,3),1777924383135159808,1777924383251352064,0
1,2,411,GEMM(11,7,3),1777924383135159808,1777924383251352064,0
1,2,412,GEMM(12,7,3),1777924383134765568,1777924383206139392,0
1,2,413,GEMM(13,7,3),1777924383135159808,1777924383261862400,0
1,2,414,GEMM(14,7,3),1777924383164779008,1777924383262574080,0
1,2,415,GEMM(15,7,3),1777924383164777984,1777924383261986304,0
1,2,424,SYRK(9,9,3),1777924383356280320,1777924383401229824,0
1,2,425,GEMM(10,9,3),1777924383441131008,1777924383461160448,0
1,2,426,GEMM(11,9,3),1777924383345744384,1777924383401228800,0
1,2,427,GEMM(12,9,3),1777924383401205248,1777924383441131008,0
1,2,428,GEMM(13,9,3),1777924383330883072,1777924383346391552,0
1,2,429,GEMM(14,9,3),1777924383356280320,1777924383401229824,0
1,2,430,GEMM(15,9,3),1777924383401228800,1777924383441131008,0
1,2,437,SYRK(11,11,3),1777924383461160448,1777924383471579648,0
1,2,438,GEMM(12,11,3),1777924383356281344,1777924383441131008,0
1,2,439,GEMM(13,11,3),1777924383451226624,1777924383471578624,0
1,2,440,GEMM(14,11,3),1777924383356280320,1777924383401228800,0
1,2,441,GEMM(15,11,3),1777924383401205248,1777924383441131008,0
1,2,446,SYRK(13,13,3),1777924383330883072,1777924383356280320,0
1,2,447,GEMM(14,13,3),1777924383356280320,1777924383401229824,0
1,2,448,GEMM(15,13,3),1777924383401228800,1777924383451227648,0
1,2,451,SYRK(15,15,3),1777924383461160448,1777924383472738816,0
1,2,464,SYRK(5,5,4),1777924385183242752,1777924385598417408,1777924383356281344
1,2,465,GEMM(6,5,4),1777924385183153664,1777924385556376064,1777924383451226624
1,2,466,GEMM(7,5,4),1777924385224461824,1777924385598418432,1777924383356280320
1,2,467,GEMM(8,5,4),1777924385224408576,1777924385598418432,1777924383401205248
1,2,468,GEMM(9,5,4),1777924385224408576,1777924385598413312,1777924383330883072
1,2,469,GEMM(10,5,4),1777924385224408576,1777924385598413312,1777924383356280320
1,2,470,GEMM(11,5,4),1777924385598414336,1777924386575496704,1777924383401228800
1,2,471,GEMM(12,5,4),1777924385598412288,1777924386411518464,1777924383461160448
1,2,472,GEMM(13,5,4),1777924385598411264,1777924386411516416,1777924383356281344
1,2,473,GEMM(14,5,4),1777924385598412288,1777924386411575808,1777924383451226624
1,2,474,GEMM(15,5,4),1777924385598412288,1777924386411525632,1777924383356280320
1,2,485,SYRK(7,7,4),1777924385183242752,1777924385598417408,1777924383401205248
1,2,486,GEMM(8,7,4),1777924385224408576,1777924385598414336,1777924383330884096
1,2,487,GEMM(9,7,4),1777924385183225344,1777924385598418432,1777924383356280320
1,2,488,GEMM(10,7,4),1777924385224408576,1777924385598426624,1777924383401228800
1,2,489,GEMM(11,7,4),1777924385598413312,1777924386411517440,1777924383461160448
1,2,490,GEMM(12,7,4),1777924385598480896,1777924386411517440,1777924383441129984
1,2,491,GEMM(13,7,4),1777924385598416384,1777924386411593216,1777924383471578624
1,2,492,GEMM(14,7,4),1777924385598412288,1777924386411527680,1777924383441129984
1,2,493,GEMM(15,7,4),1777924385598412288,1777924386411516416,1777924383451225600
1,2,502,SYRK(9,9,4),1777924385163340288,1777924385308281344,1777924383355581952
1,2,503,GEMM(10,9,4),1777924385246132736,1777924386411516416,1777924383441129984
1,2,504,GEMM(11,9,4),1777924385598414336,1777924386411517440,1777924383451226624
1,2,505,GEMM(12,9,4),1777924385598412288,1777924386411518464,1777924383471588864
1,2,506,GEMM(13,9,4),1777924385598487040,1777924386411517440,1777924383451226624
1,2,507,GEMM(14,9,4),1777924385598417408,1777924386411525632,1777924383471584768
1,2,508,GEMM(15,9,4),1777924385598481920,1777924386411518464,1777924383441129984
1,2,515,SYRK(11,11,4),1777924385598418432,1777924386411516416,1777924383451225600
1,2,516,GEMM(12,11,4),1777924385598414336,1777924386411518464,1777924383401205248
1,2,517,GEMM(13,11,4),1777924385598455296,1777924386411516416,1777924383441129984
1,2,518,GEMM(14,11,4),1777924385598413312,1777924386411516416,1777924383461159424
1,2,519,GEMM(15,11,4),1777924385598414336,1777924386411517440,1777924383472744960
1,2,524,SYRK(13,13,4),1777924386595089920,1777924386716407296,1777924386411515392
1,2,525,GEMM(14,13,4),1777924386411735552,1777924386575497728,1777924385598414336
1,2,526,GEMM(15,13,4),1777924386595089920,1777924386710740480,1777924386411515392
1,2,529,SYRK(15,15,4),1777924386575496704,1777924386710740480,1777924386411515392
1,2,530,POTRF(5),1777924386411523584,1777924386595089920,0
1,2,531,TRSM(6,5),1777924386411515392,1777924386809404928,0
1,2,532,TRSM(7,5),1777924386613436928,1777924386851065344,0
1,2,533,TRSM(8,5),1777924386413694464,1777924386804642304,0
1,2,534,TRSM(9,5),1777924386413696512,1777924386809404928,0
1,2,535,TRSM(10,5),1777924386413695488,1777924386820955648,0
1,2,536,TRSM(11,5),1777924386413695488,1777924386809404928,0
1,2,537,TRSM(12,5),1777924386411515392,1777924386803194368,0
1,2,538,TRSM(13,5),1777924386458714624,1777924386849839616,0
1,2,539,TRSM(14,5),1777924386411516416,1777924386804270592,0
1,2,540,TRSM(15,5),1777924386613436928,1777924386849839616,0
1,2,551,SYRK(7,7,5),1777924386413696512,1777924386595536384,0
1,2,552,GEMM(8,7,5),1777924386413696512,1777924386595633664,0
1,2,553,GEMM(9,7,5),1777924386413697536,1777924386595089920,0
1,2,554,GEMM(10,7,5),1777924386413695488,1777924386595632640,0
1,2,555,GEMM(11,7,5),1777924386413721088,1777924386595379712,0
1,2,556,GEMM(12,7,5),1777924386458714624,1777924386614345216,0
1,2,557,GEMM(13,7,5),1777924386413696512,1777924386595536384,0
1,2,558,GEMM(14,7,5),1777924386613437952,1777924386716791296,0
1,2,559,GEMM(15,7,5),1777924386413694464,1777924386595536384,0
1,2,568,SYRK(9,9,5),1777924386413696512,1777924386595633664,0
1,2,569,GEMM(10,9,5),1777924386413696512,1777924386595089920,0
1,2,570,GEMM(11,9,5),1777924386413734400,1777924386614345216,0
1,2,571,GEMM(12,9,5),1777924386413694464,1777924386595089920,0
1,2,572,GEMM(13,9,5),1777924386458714624,1777924386680007168,0
1,2,573,GEMM(14,9,5),1777924386413695488,1777924386595536384,0
1,2,574,GEMM(15,9,5),1777924386613437952,1777924386716931584,0
1,2,581,SYRK(11,11,5),1777924386413695488,1777924386595536384,0
1,2,582,GEMM(12,11,5),1777924386716931584,1777924386748123648,0
1,2,583,GEMM(13,11,5),1777924386613436928,1777924386716753408,0
1,2,584,GEMM(14,11,5),1777924386716790272,1777924386747776512,0
1,2,585,GEMM(15,11,5),1777924386716790272,1777924386747398656,0
1,2,590,SYRK(13,13,5),1777924386677631488,1777924386736941568,0
1,2,591,GEMM(14,13,5),1777924386810995200,1777924386849839616,0
1,2,592,GEMM(15,13,5),1777924386851296768,1777924386861752832,0
1,2,595,SYRK(15,15,5),1777924386804650496,1777924386810976768,0
1,2,606,SYRK(7,7,6),1777924386821308928,1777924386850570752,1777924386820264448
1,2,607,GEMM(8,7,6),1777924388335422976,1777924389403506176,1777924386821306880
1,2,608,GEMM(9,7,6),1777924388695938560,1777924389403507200,1777924386810990080
1,2,609,GEMM(10,7,6),1777924388286400000,1777924388695653888,1777924386804467200
1,2,610,GEMM(11,7,6),1777924388335415808,1777924388695655936,1777924386850733568
1,2,611,GEMM(12,7,6),1777924388696055296,1777924389403507200,1777924386810996224
1,2,612,GEMM(13,7,6),1777924388695937536,1777924389403506176,1777924386851296768
1,2,613,GEMM(14,7,6),1777924388335450624,1777924388695655936,1777924386809404928
1,2,614,GEMM(15,7,6),1777924388335434240,1777924388695655936,1777924386820263424
1,2,623,SYRK(9,9,6),1777924388696043008,1777924389403507200,1777924386821306880
1,2,624,GEMM(10,9,6),1777924388695974400,1777924389403507200,1777924386810991104
1,2,625,GEMM(11,9,6),1777924388695937536,1777924389403506176,1777924386804468224
1,2,626,GEMM(12,9,6),1777924388695937536,1777924389403506176,1777924386850733568
1,2,627,GEMM(13,9,6),1777924388695937536,1777924389403507200,1777924386810996224
1,2,628,GEMM(14,9,6),1777924388695969280,1777924389403507200,1777924386851296768
1,2,629,GEMM(15,9,6),1777924388695759360,1777924389403506176,1777924386809403904
1,2,636,SYRK(11,11,6),1777924388335393280,1777924388695653888,1777924386820263424
1,2,637,GEMM(12,11,6),1777924388695969280,1777924389403508224,1777924386821306880
1,2,638,GEMM(13,11,6),1777924388695969280,1777924389403507200,1777924386810993152
1,2,639,GEMM(14,11,6),1777924388335425024,1777924388695716352,1777924386804468224
1,2,640,GEMM(15,11,6),1777924388335445504,1777924388695655936,1777924386850733568
1,2,645,SYRK(13,13,6),1777924388695969280,1777924389403507200,1777924386810996224
1,2,646,GEMM(14,13,6),1777924388695969280,1777924389403508224,1777924386851296768
1,2,647,GEMM(15,13,6),1777924388695937536,1777924389403506176,1777924386809404928
1,2,650,SYRK(15,15,6),1777924388335425024,1777924388695655936,1777924386820263424
1,2,651,POTRF(7),1777924386821307904,1777924386861505024,0
1,2,652,TRSM(8,7),1777924386810994176,1777924386899504640,0
1,2,653,TRSM(9,7),1777924386804468224,1777924386898554368,0
1,2,654,TRSM(10,7),1777924386850734592,1777924386903216640,0
1,2,655,TRSM(11,7),1777924386850570752,1777924386903400960,0
1,2,656,TRSM(12,7),1777924386862065152,1777924386903633408,0
1,2,657,TRSM(13,7),1777924386810981888,1777924386898554368,0
1,2,658,TRSM(14,7),1777924386850733568,1777924386903253504,0
1,2,659,TRSM(15,7),1777924389454322176,1777924390204563968,0
1,2,668,SYRK(9,9,7),1777924389454320128,1777924389536035328,0
1,2,669,GEMM(10,9,7),1777924388696070656,1777924389403508224,0
1,2,670,GEMM(11,9,7),1777924388695970304,1777924389403507200,0
1,2,671,GEMM(12,9,7),1777924389454320128,1777924389536146944,0
1,2,672,GEMM(13,9,7),1777924389454322176,1777924389576969728,0
1,2,673,GEMM(14,9,7),1777924388695982592,1777924389403508224,0
1,2,674,GEMM(15,9,7),1777924388696018432,1777924389403508224,0
1,2,681,SYRK(11,11,7),1777924389454321152,1777924389576291840,0
1,2,682,GEMM(12,11,7),1777924389454321152,1777924389575390720,0
1,2,683,GEMM(13,11,7),1777924389454320128,1777924389536034304,0
1,2,684,GEMM(14,11,7),1777924389403510272,1777924389535873536,0
1,2,685,GEMM(15,11,7),1777924389454321152,1777924389576297984,0
1,2,690,SYRK(13,13,7),1777924389454322176,1777924389587437056,0
1,2,691,GEMM(14,13,7),1777924389454322176,1777924389576886784,0
1,2,692,GEMM(15,13,7),1777924388696086016,1777924389454323200,0
1,2,695,SYRK(15,15,7),1777924389454321152,1777924389576292864,0
1,2,704,SYRK(9,9,8),1777924389587033600,1777924390104461824,1777924389454321152
1,2,705,GEMM(10,9,8),1777924389587032576,1777924390101650944,1777924389454320128
1,2,706,GEMM(11,9,8),1777924389587033600,1777924390101650944,1777924389442699776
1,2,707,GEMM(12,9,8),1777924389587033600,1777924390109729280,1777924389454321152
1,2,708,GEMM(13,9,8),1777924389587689984,1777924390115847680,1777924389454322176
1,2,709,GEMM(14,9,8),1777924389587688960,1777924390109981184,1777924389454322176
1,2,710,GEMM(15,9,8),1777924389403509248,1777924389454323200,1777924388696031744
1,2,717,SYRK(11,11,8),1777924389587620352,1777924390109730304,1777924389454321152
1,2,718,GEMM(12,11,8),1777924389587033600,1777924390104461824,1777924389454320128
1,2,719,GEMM(13,11,8),1777924389587033600,1777924390101650944,1777924389454320128
1,2,720,GEMM(14,11,8),1777924389587032576,1777924390101650944,1777924389454319104
1,2,721,GEMM(15,11,8),1777924389587620352,1777924390109730304,1777924389454321152
1,2,726,SYRK(13,13,8),1777924389587688960,1777924390109981184,1777924389454322176
1,2,727,GEMM(14,13,8),1777924389587688960,1777924390109981184,1777924389454322176
1,2,728,GEMM(15,13,8),1777924389489812992,1777924389587730944,1777924388696120832
1,2,731,SYRK(15,15,8),1777924390219823616,1777924390259111424,1777924390205723136
1,2,732,POTRF(9),1777924389587033600,1777924390125706752,0
1,2,733,TRSM(10,9),1777924389454320128,1777924390205724160,0
1,2,734,TRSM(11,9),1777924389454320128,1777924390205724160,0
1,2,735,TRSM(12,9),1777924389587033600,1777924390258823680,0
1,2,736,TRSM(13,9),1777924389587688960,1777924390219924992,0
1,2,737,TRSM(14,9),1777924389454322176,1777924390215689728,0
1,2,738,TRSM(15,9),1777924389454321152,1777924390205724160,0
1,2,745,SYRK(11,11,9),1777924390205723136,1777924390219823616,0
1,2,746,GEMM(12,11,9),1777924390104193536,1777924390140157440,0
1,2,747,GEMM(13,11,9),1777924389587033600,1777924390104461824,0
1,2,748,GEMM(14,11,9),1777924389587032576,1777924390101650944,0
1,2,749,GEMM(15,11,9),1777924389587619328,1777924390109729280,0
1,2,754,SYRK(13,13,9),1777924389871545856,1777924390125794816,0
1,2,755,GEMM(14,13,9),1777924389587688960,1777924390109730304,0
1,2,756,GEMM(15,13,9),1777924389535872512,1777924390101082624,0
1,2,759,SYRK(15,15,9),1777924390205724160,1777924390219924992,0
1,2,766,SYRK(11,11,10),1777924391150309888,1777924391248256512,1777924390125279744
1,2,767,GEMM(12,11,10),1777924391150309888,1777924391248256512,1777924390115808768
1,2,768,GEMM(13,11,10),1777924391248457216,1777924391600227840,1777924390115808768
1,2,769,GEMM(14,11,10),1777924391150310912,1777924391558704640,1777924390125706752
1,2,770,GEMM(15,11,10),1777924391248457216,1777924391600255488,1777924390125821440
1,2,775,SYRK(13,13,10),1777924391248444928,1777924391600265728,1777924390125706752
1,2,776,GEMM(14,13,10),1777924391248444928,1777924391600240128,1777924389535872512
1,2,777,GEMM(15,13,10),1777924391248465408,1777924391600240128,1777924390205724160
1,2,780,SYRK(15,15,10),1777924391248451072,1777924391600256512,1777924390125279744
1,2,781,POTRF(11),1777924390115808768,1777924390140773888,0
1,2,782,TRSM(12,11),1777924390115808768,1777924390270294528,0
1,2,783,TRSM(13,11),1777924390125706752,1777924390272972288,0
1,2,784,TRSM(14,11),1777924390125821440,1777924390270294528,0
1,2,785,TRSM(15,11),1777924390125706752,1777924390270295552,0
1,2,790,SYRK(13,13,11),1777924390098716160,1777924390126213632,0
1,2,791,GEMM(14,13,11),1777924390260019712,1777924390272972288,0
1,2,792,GEMM(15,13,11),1777924390126449152,1777924390140895744,0
1,2,795,SYRK(15,15,11),1777924390219822592,1777924390259111424,0
1,2,800,SYRK(13,13,12),1777924391248338432,1777924391600226816,1777924390219822592
1,2,801,GEMM(14,13,12),1777924391269422592,1777924391603033600,1777924390260019712
1,2,802,GEMM(15,13,12),1777924391248458240,1777924391600241152,1777924390259111424
1,2,805,SYRK(15,15,12),1777924391248467456,1777924391600326144,1777924390258291200
1,2,806,POTRF(13),1777924390215673344,1777924390270295552,0
1,2,807,TRSM(14,13),1777924390260019712,1777924390283499008,0
1,2,808,TRSM(15,13),1777924390140772864,1777924390273905152,0
1,2,811,SYRK(15,15,13),1777924390219822592,1777924390259111424,0
1,2,814,SYRK(15,15,14),1777924391248457216,1777924391600227840,1777924390219822592
1,2,815,POTRF(15),1777924390260020736,1777924390275592704,0
1,3,16,SYRK(1,1,0),1777924392034430720,1777924392491507456,1777924391778329344
1,3,17,GEMM(2,1,0),1777924392071907072,1777924392491510528,1777924391778334464
1,3,18,GEMM(3,1,0),1777924392071907072,1777924392491510528,1777924391778339584
1,3,19,GEMM(4,1,0),1777924392071908096,1777924392491522816,1777924391778344704
1,3,20,GEMM(5,1,0),1777924392071909120,1777924392491522816,1777924391778347776
1,3,21,GEMM(6,1,0),1777924392071908096,1777924392491511552,1777924391778352896
1,3,22,GEMM(7,1,0),1777924392491700992,1777924393372017408,1777924391778356992
1,3,23,GEMM(8,1,0),1777924392491599616,1777924393328697088,1777924391778360064
1,3,24,GEMM(9,1,0),1777924392491689728,1777924393328727808,1777924391778364160
1,3,25,GEMM(10,1,0),1777924392491684608,1777924393328697088,1777924391778367232
1,3,26,GEMM(11,1,0),1777924392491684608,1777924393328708352,1777924391778371328
1,3,27,GEMM(12,1,0),1777924392491689728,1777924393328697088,1777924391778374400
1,3,28,GEMM(13,1,0),1777924392491684608,1777924393328726784,1777924391778378496
1,3,29,GEMM(14,1,0),1777924392491699968,1777924393328699136,1777924391778382592
1,3,30,GEMM(15,1,0),1777924392491739904,1777924393328742144,1777924391778385664
1,3,45,SYRK(3,3,0),1777924392071907072,1777924392491510528,1777924391778390784
1,3,46,GEMM(4,3,0),1777924392071908096,1777924392491565824,1777924391778393856
1,3,47,GEMM(5,3,0),1777924392071909120,1777924392491570944,1777924391778397952
1,3,48,GEMM(6,3,0),1777924392071908096,1777924392491525888,1777924391778402048
1,3,49,GEMM(7,3,0),1777924392491693824,1777924393328726784,1777924391778406144
1,3,50,GEMM(8,3,0),1777924392491693824,1777924393328698112,1777924391778410240
1,3,51,GEMM(9,3,0),1777924392491693824,1777924393328780032,1777924391778414336
1,3,52,GEMM(10,3,0),1777924392491699968,1777924393328786176,1777924391778417408
1,3,53,GEMM(11,3,0),1777924392491694848,1777924393328698112,1777924391778421504
1,3,54,GEMM(12,3,0),1777924392491694848,1777924393328746240,1777924391778424576
1,3,55,GEMM(13,3,0),1777924392491693824,1777924393328737024,1777924391778428672
1,3,56,GEMM(14,3,0),1777924392491694848,1777924393328698112,1777924391778432768
1,3,57,GEMM(15,3,0),1777924392491682560,1777924393328725760,1777924391778436864
1,3,70,SYRK(5,5,0),1777924392071909120,1777924393328697088,1777924391778439936
1,3,71,GEMM(6,5,0),1777924392071908096,1777924392491529984,1777924391778444032
1,3,72,GEMM(7,5,0),1777924392491746048,1777924393328708352,1777924391778448128
1,3,73,GEMM(8,5,0),1777924392491699968,1777924393328699136,1777924391778452224
1,3,74,GEMM(9,5,0),1777924393372313344,1777924393587228416,1777924392491727616
1,3,75,GEMM(10,5,0),1777924393416269568,1777924393944040192,1777924392491758336
1,3,76,GEMM(11,5,0),1777924393328755456,1777924393544723200,1777924392491706112
1,3,77,GEMM(12,5,0),1777924393372313344,1777924393587232512,1777924392491726592
1,3,78,GEMM(13,5,0),1777924393372167936,1777924393587228416,1777924392491725568
1,3,79,GEMM(14,5,0),1777924393372314368,1777924393839027968,1777924392491749120
1,3,80,GEMM(15,5,0),1777924394403744512,1777924394607598336,1777924393372425984
1,3,91,SYRK(7,7,0),1777924393756926720,1777924394404099840,1777924393372013312
1,3,92,GEMM(8,7,0),1777924393756927744,1777924394404099840,1777924393372026624
1,3,93,GEMM(9,7,0),1777924393544688384,1777924393944083200,1777924393328984832
1,3,94,GEMM(10,7,0),1777924393544743680,1777924394403690240,1777924393328943872
1,3,95,GEMM(11,7,0),1777924393544716032,1777924394402948864,1777924393328915200
1,3,96,GEMM(12,7,0),1777924393757079296,1777924394587416320,1777924393372015360
1,3,97,GEMM(13,7,0),1777924393757068032,1777924394404100864,1777924393372015360
1,3,98,GEMM(14,7,0),1777924394402902784,1777924394607598336,1777924393372417792
1,3,99,GEMM(15,7,0),1777924393756927744,1777924394404140800,1777924393372013312
1,3,108,SYRK(9,9,0),1777924393672719104,1777924394404112128,1777924393372059392
1,3,109,GEMM(10,9,0),1777924393544695552,1777924394402147072,1777924393328989952
1,3,110,GEMM(11,9,0),1777924393544759040,1777924393966359296,1777924393328965376
1,3,111,GEMM(12,9,0),1777924393587227392,1777924394403690240,1777924393328914176
1,3,112,GEMM(13,9,0),1777924393756927744,1777924394404116224,1777924393372060416
1,3,113,GEMM(14,9,0),1777924393756927744,1777924394404099840,1777924393372015360
1,3,114,GEMM(15,9,0),1777924394402916096,1777924394587491072,1777924393372440320
1,3,121,SYRK(11,11,0),1777924393587228416,1777924394403690240,1777924393372099328
1,3,122,GEMM(12,11,0),1777924393756927744,1777924394404099840,1777924393372033792
1,3,123,GEMM(13,11,0),1777924393587228416,1777924394404145920,1777924393328990976
1,3,124,GEMM(14,11,0),1777924393544689408,1777924393966289664,1777924393328958208
1,3,125,GEMM(15,11,0),1777924393757004544,1777924394404099840,1777924393328923392
1,3,130,SYRK(13,13,0),1777924393756927744,1777924394404109056,1777924393372078848
1,3,131,GEMM(14,13,0),1777924393756932864,1777924394404099840,1777924393372021504
1,3,132,GEMM(15,13,0),1777924394403745536,1777924394617706240,1777924393416269568
1,3,135,SYRK(15,15,0),1777924393756926720,1777924394404099840,1777924393372069632
1,3,136,POTRF(1),1777924393944027904,1777924394703530752,0
1,3,137,TRSM(2,1),1777924394404097792,1777924394833282816,0
1,3,138,TRSM(3,1),1777924393798324992,1777924394832157440,0
1,3,139,TRSM(4,1),1777924393839027968,1777924394832376576,0
1,3,140,TRSM(5,1),1777924393944025856,1777924394832065280,0
1,3,141,TRSM(6,1),1777924394402901760,1777924394833114880,0
1,3,142,TRSM(7,1),1777924394703729408,1777924394998677248,0
1,3,143,TRSM(8,1),1777924394583977728,1777924394898263808,0
1,3,144,TRSM(9,1),1777924394586906368,1777924394833114880,0
1,3,145,TRSM(10,1),1777924394404098816,1777924394832376576,0
1,3,146,TRSM(11,1),1777924394486063872,1777924394863535872,0
1,3,147,TRSM(12,1),1777924394486128384,1777924394863535872,0
1,3,148,TRSM(13,1),1777924394703377152,1777924394938668800,0
1,3,149,TRSM(14,1),1777924394586906368,1777924394938348288,0
1,3,150,TRSM(15,1),1777924394703729408,1777924395079432960,0
1,3,165,SYRK(3,3,1),1777924394586906368,1777924394704075520,0
1,3,166,GEMM(4,3,1),1777924394586906368,1777924394703966976,0
1,3,167,GEMM(5,3,1),1777924394404099840,1777924394617911040,0
1,3,168,GEMM(6,3,1),1777924394486063872,1777924394703730432,0
1,3,169,GEMM(7,3,1),1777924394572161792,1777924394703858432,0
1,3,170,GEMM(8,3,1),1777924394703377152,1777924394740570880,0
1,3,171,GEMM(9,3,1),1777924394586906368,1777924394704075520,0
1,3,172,GEMM(10,3,1),1777924394703729408,1777924394750273280,0
1,3,173,GEMM(11,3,1),1777924394586907392,1777924394739976960,0
1,3,174,GEMM(12,3,1),1777924394586906368,1777924394704075520,0
1,3,175,GEMM(13,3,1),1777924394586906368,1777924394704118528,0
1,3,176,GEMM(14,3,1),1777924394486064896,1777924394703530752,0
1,3,177,GEMM(15,3,1),1777924394586906368,1777924394704118528,0
1,3,190,SYRK(5,5,1),1777924394703377152,1777924394750273280,0
1,3,191,GEMM(6,5,1),1777924394586906368,1777924394704118528,0
1,3,192,GEMM(7,5,1),1777924394703807232,1777924394750337792,0
1,3,193,GEMM(8,5,1),1777924394586906368,1777924394704118528,0
1,3,194,GEMM(9,5,1),1777924394718987008,1777924394751625984,0
1,3,195,GEMM(10,5,1),1777924394863001344,1777924394938829568,0
1,3,196,GEMM(11,5,1),1777924394833407744,1777924394898263808,0
1,3,197,GEMM(12,5,1),1777924394833500928,1777924394938829568,0
1,3,198,GEMM(13,5,1),1777924394833407744,1777924394863644416,0
1,3,199,GEMM(14,5,1),1777924394852871936,1777924394938829568,0
1,3,200,GEMM(15,5,1),1777924395079452416,1777924395099468544,0
1,3,211,SYRK(7,7,1),1777924394998295296,1777924395079432960,0
1,3,212,GEMM(8,7,1),1777924394852871936,1777924394938829568,0
1,3,213,GEMM(9,7,1),1777924394863001344,1777924394938830592,0
1,3,214,GEMM(10,7,1),1777924394938830592,1777924394998678272,0
1,3,215,GEMM(11,7,1),1777924394938829568,1777924394998678272,0
1,3,216,GEMM(12,7,1),1777924394998295296,1777924395079432960,0
1,3,217,GEMM(13,7,1),1777924394998296320,1777924395079433984,0
1,3,218,GEMM(14,7,1),1777924395079452416,1777924395119368960,0
1,3,219,GEMM(15,7,1),1777924394998296320,1777924395079432960,0
1,3,228,SYRK(9,9,1),1777924394852871936,1777924394938829568,0
1,3,229,GEMM(10,9,1),1777924394863001344,1777924394938830592,0
1,3,230,GEMM(11,9,1),1777924394938830592,1777924394998679296,0
1,3,231,GEMM(12,9,1),1777924394938829568,1777924394998678272,0
1,3,232,GEMM(13,9,1),1777924394998295296,1777924395079432960,0
1,3,233,GEMM(14,9,1),1777924394998296320,1777924395079433984,0
1,3,234,GEMM(15,9,1),1777924395099467520,1777924395119369984,0
1,3,241,SYRK(11,11,1),1777924394998296320,1777924395079432960,0
1,3,242,GEMM(12,11,1),1777924394852871936,1777924394938829568,0
1,3,243,GEMM(13,11,1),1777924394863002368,1777924394998678272,0
1,3,244,GEMM(14,11,1),1777924394938830592,1777924395079432960,0
1,3,245,GEMM(15,11,1),1777924394938830592,1777924394998678272,0
1,3,250,SYRK(13,13,1),1777924394998295296,1777924395079432960,0
1,3,251,GEMM(14,13,1),1777924394998296320,1777924395099468544,0
1,3,252,GEMM(15,13,1),1777924395099467520,1777924395120497408,0
1,3,255,SYRK(15,15,1),1777924394998296320,1777924395079433984,0
1,3,270,SYRK(3,3,2),1777924397226326784,1777924397286037248,1777924394852871936
1,3,271,GEMM(4,3,2),1777924397245089536,1777924397669103360,1777924394998295296
1,3,272,GEMM(5,3,2),1777924397286037248,1777924397669146368,1777924394938830592
1,3,273,GEMM(6,3,2),1777924397286036224,1777924397669105408,1777924394958376704
1,3,274,GEMM(7,3,2),1777924397286049536,1777924397669110528,1777924394998295296
1,3,275,GEMM(8,3,2),1777924397669397248,1777924398499875584,1777924394998296320
1,3,276,GEMM(9,3,2),1777924397286037248,1777924397669106432,1777924395119368960
1,3,277,GEMM(10,3,2),1777924397669341952,1777924398499873536,1777924395079448320
1,3,278,GEMM(11,3,2),1777924397669348096,1777924398499873536,1777924394958376704
1,3,279,GEMM(12,3,2),1777924397669350144,1777924398499874560,1777924394998295296
1,3,280,GEMM(13,3,2),1777924397669342976,1777924398499874560,1777924395079431936
1,3,281,GEMM(14,3,2),1777924397669341952,1777924398499874560,1777924395079431936
1,3,282,GEMM(15,3,2),1777924397669381888,1777924398499875584,1777924395079446272
1,3,295,SYRK(5,5,2),1777924397286055680,1777924397669137152,1777924395079442176
1,3,296,GEMM(6,5,2),1777924397286092544,1777924397669106432,1777924395119375104
1,3,297,GEMM(7,5,2),1777924397286037248,1777924397669147392,1777924395079448320
1,3,298,GEMM(8,5,2),1777924397669387008,1777924398499875584,1777924394958376704
1,3,299,GEMM(9,5,2),1777924397286037248,1777924397669148416,1777924394998295296
1,3,300,GEMM(10,5,2),1777924397669341952,1777924398499874560,1777924395079431936
1,3,301,GEMM(11,5,2),1777924397669352192,1777924398499873536,1777924395079431936
1,3,302,GEMM(12,5,2),1777924397669376768,1777924398499875584,1777924395079447296
1,3,303,GEMM(13,5,2),1777924397669341952,1777924398499945216,1777924395079442176
1,3,304,GEMM(14,5,2),1777924397669383936,1777924398499900160,1777924395119375104
1,3,305,GEMM(15,5,2),1777924397669362432,1777924398499897088,1777924395079448320
1,3,316,SYRK(7,7,2),1777924397286058752,1777924397669106432,1777924394958376704
1,3,317,GEMM(8,7,2),1777924397669383936,1777924398623492864,1777924395079430912
1,3,318,GEMM(9,7,2),1777924397286062848,1777924398499873536,1777924395079440128
1,3,319,GEMM(10,7,2),1777924397669381888,1777924398499892992,1777924395079431936
1,3,320,GEMM(11,7,2),1777924397669401344,1777924398499875584,1777924395079447296
1,3,321,GEMM(12,7,2),1777924397669364480,1777924398499939072,1777924395119368960
1,3,322,GEMM(13,7,2),1777924397669356288,1777924398499873536,1777924395120503552
1,3,323,GEMM(14,7,2),1777924397669351168,1777924398499894016,1777924395079448320
1,3,324,GEMM(15,7,2),1777924398500282112,1777924398623549184,1777924397669103360
1,3,333,SYRK(9,9,2),1777924398500203264,1777924398623492864,1777924397669371648
1,3,334,GEMM(10,9,2),1777924398623549184,1777924398939477760,1777924397669438208
1,3,335,GEMM(11,9,2),1777924398500204288,1777924398623492864,1777924397669261056
1,3,336,GEMM(12,9,2),1777924398623550208,1777924399184702208,1777924397669485312
1,3,337,GEMM(13,9,2),1777924398792390400,1777924399185545984,1777924398500298496
1,3,338,GEMM(14,9,2),1777924398623376128,1777924398939477760,1777924397669433088
1,3,339,GEMM(15,9,2),1777924398666216192,1777924399185544960,1777924398500243200
1,3,346,SYRK(11,11,2),1777924398794521344,1777924399185761024,1777924398500406016
1,3,347,GEMM(12,11,2),1777924398794527488,1777924399185654528,1777924398500406016
1,3,348,GEMM(13,11,2),1777924398666243840,1777924399185544960,1777924398500042496
1,3,349,GEMM(14,11,2),1777924398794521344,1777924399185654528,1777924398500363008
1,3,350,GEMM(15,11,2),1777924398751222528,1777924399185545984,1777924398500329216
1,3,355,SYRK(13,13,2),1777924398792408832,1777924399185545984,1777924398500309760
1,3,356,GEMM(14,13,2),1777924398623549184,1777924398982002432,1777924397669418752
1,3,357,GEMM(15,13,2),1777924398666183424,1777924399185544960,1777924398500254464
1,3,360,SYRK(15,15,2),1777924398794551040,1777924399185654528,1777924398500407040
1,3,361,POTRF(3),1777924398500411136,1777924398795200256,0
1,3,362,TRSM(4,3),1777924398500384512,1777924399446299392,0
1,3,363,TRSM(5,3),1777924398500363008,1777924399401448192,0
1,3,364,TRSM(6,3),1777924398500279040,1777924399421541120,0
1,3,365,TRSM(7,3),1777924398500308736,1777924399421541120,0
1,3,366,TRSM(8,3),1777924398500312832,1777924399401392896,0
1,3,367,TRSM(9,3),1777924398500254464,1777924399400471296,0
1,3,368,TRSM(10,3),1777924398500423424,1777924399421541120,0
1,3,369,TRSM(11,3),1777924398666182400,1777924399531806464,0
1,3,370,TRSM(12,3),1777924398500469504,1777924399446646528,0
1,3,371,TRSM(13,3),1777924398500406016,1777924399421541120,0
1,3,372,TRSM(14,3),1777924398500278016,1777924399401391872,0
1,3,373,TRSM(15,3),1777924398500350720,1777924399401616128,0
1,3,386,SYRK(5,5,3),1777924398500361984,1777924398795199232,0
1,3,387,GEMM(6,5,3),1777924398500259584,1777924398623686400,0
1,3,388,GEMM(7,5,3),1777924398792401664,1777924399185654528,0
1,3,389,GEMM(8,5,3),1777924398666195712,1777924399185544960,0
1,3,390,GEMM(9,5,3),1777924399185544960,1777924399226802944,0
1,3,391,GEMM(10,5,3),1777924398666187520,1777924399185544960,0
1,3,392,GEMM(11,5,3),1777924399185653504,1777924399332520704,0
1,3,393,GEMM(12,5,3),1777924399215597312,1777924399332688640,0
1,3,394,GEMM(13,5,3),1777924399185544960,1777924399286735616,0
1,3,395,GEMM(14,5,3),1777924399215597312,1777924399332688640,0
1,3,396,GEMM(15,5,3),1777924399225819904,1777924399332714240,0
1,3,407,SYRK(7,7,3),1777924399225732864,1777924399332714240,0
1,3,408,GEMM(8,7,3),1777924399215597312,1777924399332688640,0
1,3,409,GEMM(9,7,3),1777924399225732864,1777924399332713216,0
1,3,410,GEMM(10,7,3),1777924399215597312,1777924399332688640,0
1,3,411,GEMM(11,7,3),1777924399215597312,1777924399332688640,0
1,3,412,GEMM(12,7,3),1777924399185544960,1777924399226802944,0
1,3,413,GEMM(13,7,3),1777924399215597312,1777924399332713216,0
1,3,414,GEMM(14,7,3),1777924399225819904,1777924399333670656,0
1,3,415,GEMM(15,7,3),1777924399225732864,1777924399332713216,0
1,3,424,SYRK(9,9,3),1777924399516283648,1777924399537007360,0
1,3,425,GEMM(10,9,3),1777924399420933888,1777924399516614400,0
1,3,426,GEMM(11,9,3),1777924399446646528,1777924399516614400,0
1,3,427,GEMM(12,9,3),1777924399446646528,1777924399516615424,0
1,3,428,GEMM(13,9,3),1777924399420933888,1777924399446646528,0
1,3,429,GEMM(14,9,3),1777924399401615104,1777924399421542144,0
1,3,430,GEMM(15,9,3),1777924399446647552,1777924399516615424,0
1,3,437,SYRK(11,11,3),1777924399531819776,1777924399542119168,0
1,3,438,GEMM(12,11,3),1777924399516283648,1777924399531806464,0
1,3,439,GEMM(13,11,3),1777924399446647552,1777924399531806464,0
1,3,440,GEMM(14,11,3),1777924399446646528,1777924399516614400,0
1,3,441,GEMM(15,11,3),1777924399446647552,1777924399516614400,0
1,3,446,SYRK(13,13,3),1777924399420933888,1777924399446646528,0
1,3,447,GEMM(14,13,3),1777924399401616128,1777924399446646528,0
1,3,448,GEMM(15,13,3),1777924399446647552,1777924399516615424,0
1,3,451,SYRK(15,15,3),1777924399537006336,1777924399543281408,0
1,3,464,SYRK(5,5,4),1777924401244709632,1777924401475042048,1777924399516283648
1,3,465,GEMM(6,5,4),1777924401244709632,1777924401475055360,1777924399446647552
1,3,466,GEMM(7,5,4),1777924401475290880,1777924402494783232,1777924399446646528
1,3,467,GEMM(8,5,4),1777924401244708608,1777924401475035904,1777924399446647552
1,3,468,GEMM(9,5,4),1777924401475266304,1777924402494783232,1777924399420933888
1,3,469,GEMM(10,5,4),1777924401244709632,1777924401475037952,1777924399401616128
1,3,470,GEMM(11,5,4),1777924401475266304,1777924402494792448,1777924399446647552
1,3,471,GEMM(12,5,4),1777924401475271424,1777924402494784256,1777924399537006336
1,3,472,GEMM(13,5,4),1777924401244709632,1777924402473247488,1777924399516283648
1,3,473,GEMM(14,5,4),1777924401475274496,1777924402494784256,1777924399446648576
1,3,474,GEMM(15,5,4),1777924401244708608,1777924401475061504,1777924399446646528
1,3,485,SYRK(7,7,4),1777924401475266304,1777924402494783232,1777924399446647552
1,3,486,GEMM(8,7,4),1777924401475274496,1777924402494796544,1777924399420933888
1,3,487,GEMM(9,7,4),1777924401475287808,1777924402494784256,1777924399401616128
1,3,488,GEMM(10,7,4),1777924401475352320,1777924402496028416,1777924399446647552
1,3,489,GEMM(11,7,4),1777924401475266304,1777924402494783232,1777924399537006336
1,3,490,GEMM(12,7,4),1777924401475266304,1777924402494822144,1777924399542118144
1,3,491,GEMM(13,7,4),1777924401475121920,1777924402494782208,1777924399531805440
1,3,492,GEMM(14,7,4),1777924401475325696,1777924402496040704,1777924399531804416
1,3,493,GEMM(15,7,4),1777924401475266304,1777924402494794496,1777924399531805440
1,3,502,SYRK(9,9,4),1777924401516935936,1777924402656016128,1777924399516283648
1,3,503,GEMM(10,9,4),1777924401475329792,1777924402496029440,1777924399446298368
1,3,504,GEMM(11,9,4),1777924401475291904,1777924402494783232,1777924399531805440
1,3,505,GEMM(12,9,4),1777924401475287808,1777924402494798592,1777924399542123264
1,3,506,GEMM(13,9,4),1777924401475270400,1777924402494824192,1777924399542118144
1,3,507,GEMM(14,9,4),1777924401475247872,1777924402494802688,1777924399531812608
1,3,508,GEMM(15,9,4),1777924401475275520,1777924402494784256,1777924399531804416
1,3,515,SYRK(11,11,4),1777924401475276544,1777924402494798592,1777924399531805440
1,3,516,GEMM(12,11,4),1777924401475259136,1777924402494820096,1777924399516283648
1,3,517,GEMM(13,11,4),1777924401475276544,1777924402496028416,1777924399516283648
1,3,518,GEMM(14,11,4),1777924401475289856,1777924402494784256,1777924399531805440
1,3,519,GEMM(15,11,4),1777924401475302144,1777924402494789376,1777924399543287552
1,3,524,SYRK(13,13,4),1777924402496029440,1777924402656408320,1777924401475297024
1,3,525,GEMM(14,13,4),1777924402496029440,1777924402656588544,1777924401475286784
1,3,526,GEMM(15,13,4),1777924402719692544,1777924402818660096,1777924402496029440
1,3,529,SYRK(15,15,4),1777924402496029440,1777924402656408320,1777924401475309312
1,3,530,POTRF(5),1777924402496039680,1777924402720775936,0
1,3,531,TRSM(6,5),1777924401475297024,1777924402886358784,0
1,3,532,TRSM(7,5),1777924402496082688,1777924402897147648,0
1,3,533,TRSM(8,5),1777924402496029440,1777924402907449088,0
1,3,534,TRSM(9,5),1777924402496043776,1777924402897146624,0
1,3,535,TRSM(10,5),1777924402496030464,1777924402907449088,0
1,3,536,TRSM(11,5),1777924402496029440,1777924402907449088,0
1,3,537,TRSM(12,5),1777924402496028416,1777924402897147648,0
1,3,538,TRSM(13,5),1777924402659287808,1777924402942125824,0
1,3,539,TRSM(14,5),1777924402496029440,1777924402897147648,0
1,3,540,TRSM(15,5),1777924402655820544,1777924402907449088,0
1,3,551,SYRK(7,7,5),1777924402496029440,1777924402656707328,0
1,3,552,GEMM(8,7,5),1777924402496030464,1777924402720692992,0
1,3,553,GEMM(9,7,5),1777924402496030464,1777924402659287808,0
1,3,554,GEMM(10,7,5),1777924402655820544,1777924402720775936,0
1,3,555,GEMM(11,7,5),1777924402496029440,1777924402656751360,0
1,3,556,GEMM(12,7,5),1777924402719637248,1777924402813490944,0
1,3,557,GEMM(13,7,5),1777924402655820544,1777924402720899840,0
1,3,558,GEMM(14,7,5),1777924402655820544,1777924402720899840,0
1,3,559,GEMM(15,7,5),1777924402496029440,1777924402656588544,0
1,3,568,SYRK(9,9,5),1777924402496030464,1777924402656016128,0
1,3,569,GEMM(10,9,5),1777924402496030464,1777924402659555072,0
1,3,570,GEMM(11,9,5),1777924402655820544,1777924402812703488,0
1,3,571,GEMM(12,9,5),1777924402496030464,1777924402659287808,0
1,3,572,GEMM(13,9,5),1777924402719637248,1777924402813491968,0
1,3,573,GEMM(14,9,5),1777924402655820544,1777924402720775936,0
1,3,574,GEMM(15,9,5),1777924402655820544,1777924402720899840,0
1,3,581,SYRK(11,11,5),1777924402496032512,1777924402656644864,0
1,3,582,GEMM(12,11,5),1777924402719637248,1777924402813490944,0
1,3,583,GEMM(13,11,5),1777924402719692544,1777924402813491968,0
1,3,584,GEMM(14,11,5),1777924402819322624,1777924402830250752,0
1,3,585,GEMM(15,11,5),1777924402719637248,1777924402813490944,0
1,3,590,SYRK(13,13,5),1777924402812320512,1777924402828733184,0
1,3,591,GEMM(14,13,5),1777924402886366976,1777924402897321728,0
1,3,592,GEMM(15,13,5),1777924402897459968,1777924402932528896,0
1,3,595,SYRK(15,15,5),1777924402930077440,1777924402942125824,0
1,3,606,SYRK(7,7,6),1777924402907480832,1777924402941753088,1777924402897459968
1,3,607,GEMM(8,7,6),1777924404574573312,1777924405232401152,1777924402930076416
1,3,608,GEMM(9,7,6),1777924404492492544,1777924405190603520,1777924402930075392
1,3,609,GEMM(10,7,6),1777924404926908160,1777924405459004160,1777924402897459968
1,3,610,GEMM(11,7,6),1777924404574598912,1777924405333681920,1777924402942556928
1,3,611,GEMM(12,7,6),1777924404574554880,1777924405232401152,1777924402897458944
1,3,612,GEMM(13,7,6),1777924404574560000,1777924405333731072,1777924402930076416
1,3,613,GEMM(14,7,6),1777924404366108416,1777924404417020672,1777924402930077440
1,3,614,GEMM(15,7,6),1777924404873372416,1777924405458964224,1777924402897459968
1,3,623,SYRK(9,9,6),1777924404448817920,1777924404574555904,1777924402930079488
1,3,624,GEMM(10,9,6),1777924404663850752,1777924405458968320,1777924402930076416
1,3,625,GEMM(11,9,6),1777924404574554880,1777924405333676800,1777924402897459968
1,3,626,GEMM(12,9,6),1777924404574554880,1777924405232408320,1777924402942556928
1,3,627,GEMM(13,9,6),1777924404574642944,1777924405458970368,1777924402897458944
1,3,628,GEMM(14,9,6),1777924404448816896,1777924404574637824,1777924402930076416
1,3,629,GEMM(15,9,6),1777924405125845760,1777924405516309248,1777924402930077440
1,3,636,SYRK(11,11,6),1777924404574593792,1777924405232401152,1777924402897459968
1,3,637,GEMM(12,11,6),1777924404574555904,1777924405458963200,1777924402930076416
1,3,638,GEMM(13,11,6),1777924404574554880,1777924405190582016,1777924402930076416
1,3,639,GEMM(14,11,6),1777924404574554880,1777924405333676800,1777924402897459968
1,3,640,GEMM(15,11,6),1777924405125872384,1777924405458976512,1777924402942557952
1,3,645,SYRK(13,13,6),1777924404574635776,1777924405458963200,1777924402897458944
1,3,646,GEMM(14,13,6),1777924404574562048,1777924405272788736,1777924402930077440
1,3,647,GEMM(15,13,6),1777924405125862144,1777924405458965248,1777924402930077440
1,3,650,SYRK(15,15,6),1777924404926908160,1777924405458965248,1777924402897459968
1,3,651,POTRF(7),1777924402930079488,1777924402943893248,0
1,3,652,TRSM(8,7),1777924402930076416,1777924402984152832,0
1,3,653,TRSM(9,7),1777924402897460992,1777924402981875456,0
1,3,654,TRSM(10,7),1777924402942557952,1777924402985149184,0
1,3,655,TRSM(11,7),1777924402897458944,1777924402981875456,0
1,3,656,TRSM(12,7),1777924402937974528,1777924402984152832,0
1,3,657,TRSM(13,7),1777924402942312192,1777924402985020160,0
1,3,658,TRSM(14,7),1777924402942125824,1777924402984152832,0
1,3,659,TRSM(15,7),1777924405458968320,1777924406304360192,0
1,3,668,SYRK(9,9,7),1777924405458963200,1777924405516309248,0
1,3,669,GEMM(10,9,7),1777924405516307200,1777924405581927168,0
1,3,670,GEMM(11,9,7),1777924405458964224,1777924405516678912,0
1,3,671,GEMM(12,9,7),1777924405458963200,1777924405516309248,0
1,3,672,GEMM(13,9,7),1777924405458964224,1777924405516677888,0
1,3,673,GEMM(14,9,7),1777924404417028864,1777924404427190016,0
1,3,674,GEMM(15,9,7),1777924405516306176,1777924405581926144,0
1,3,681,SYRK(11,11,7),1777924405458963200,1777924405516677888,0
1,3,682,GEMM(12,11,7),1777924405516308224,1777924405581927168,0
1,3,683,GEMM(13,11,7),1777924405516307200,1777924405581927168,0
1,3,684,GEMM(14,11,7),1777924405458990848,1777924405581926144,0
1,3,685,GEMM(15,11,7),1777924405516308224,1777924405663913728,0
1,3,690,SYRK(13,13,7),1777924405458964224,1777924405516678912,0
1,3,691,GEMM(14,13,7),1777924405581555456,1777924405941167872,0
1,3,692,GEMM(15,13,7),1777924405516306176,1777924405581926144,0
1,3,695,SYRK(15,15,7),1777924405516307200,1777924405581927168,0
1,3,704,SYRK(9,9,8),1777924405660699392,1777924406115588864,1777924405516307200
1,3,705,GEMM(10,9,8),1777924405660699392,1777924406114768640,1777924405516307200
1,3,706,GEMM(11,9,8),1777924405664468736,1777924406209113856,1777924405516308224
1,3,707,GEMM(12,9,8),1777924405664469760,1777924406209594112,1777924405516308224
1,3,708,GEMM(13,9,8),1777924405581554432,1777924405664468736,1777924405458964224
1,3,709,GEMM(14,9,8),1777924405941167872,1777924406209594112,1777924405581554432
1,3,710,GEMM(15,9,8),1777924405660698368,1777924406114768640,1777924405516306176
1,3,717,SYRK(11,11,8),1777924405660699392,1777924406115571456,1777924405516307200
1,3,718,GEMM(12,11,8),1777924405660699392,1777924406115586816,1777924405516307200
1,3,719,GEMM(13,11,8),1777924405660698368,1777924406115707648,1777924405516307200
1,3,720,GEMM(14,11,8),1777924405664468736,1777924406209113856,1777924405516308224
1,3,721,GEMM(15,11,8),1777924405664468736,1777924406209113856,1777924405516309248
1,3,726,SYRK(13,13,8),1777924405581555456,1777924405664468736,1777924405458964224
1,3,727,GEMM(14,13,8),1777924405941167872,1777924406218692352,1777924405581555456
1,3,728,GEMM(15,13,8),1777924405660698368,1777924406114773760,1777924405516306176
1,3,731,SYRK(15,15,8),1777924406318192384,1777924406348068608,1777924406305443584
1,3,732,POTRF(9),1777924405581555456,1777924406114814720,0
1,3,733,TRSM(10,9),1777924405660699392,1777924406345162496,0
1,3,734,TRSM(11,9),1777924405581555456,1777924406305584896,0
1,3,735,TRSM(12,9),1777924405581555456,1777924406306395904,0
1,3,736,TRSM(13,9),1777924405581555456,1777924406306395904,0
1,3,737,TRSM(14,9),1777924405581555456,1777924406305520384,0
1,3,738,TRSM(15,9),1777924405660699392,1777924406345162496,0
1,3,745,SYRK(11,11,9),1777924406305443584,1777924406318191360,0
1,3,746,GEMM(12,11,9),1777924405663645440,1777924406208267008,0
1,3,747,GEMM(13,11,9),1777924405660699392,1777924406115585792,0
1,3,748,GEMM(14,11,9),1777924405660699392,1777924406115709696,0
1,3,749,GEMM(15,11,9),1777924405951204096,1777924406234597120,0
1,3,754,SYRK(13,13,9),1777924405581555456,1777924405664418560,0
1,3,755,GEMM(14,13,9),1777924406196812544,1777924406235612928,0
1,3,756,GEMM(15,13,9),1777924405660699392,1777924406196813568,0
1,3,759,SYRK(15,15,9),1777924406305444608,1777924406318192384,0
1,3,766,SYRK(11,11,10),1777924407252794112,1777924407557915392,1777924406209114880
1,3,767,GEMM(12,11,10),1777924407252794112,1777924407557922560,1777924406209114880
1,3,768,GEMM(13,11,10),1777924407252795136,1777924407702470400,1777924406234383104
1,3,769,GEMM(14,11,10),1777924407252795136,1777924407557911296,1777924406234597120
1,3,770,GEMM(15,11,10),1777924407252795136,1777924407557912320,1777924406113524480
1,3,775,SYRK(13,13,10),1777924407252794112,1777924407557911296,1777924406234598144
1,3,776,GEMM(14,13,10),1777924407252794112,1777924407557911296,1777924406209113856
1,3,777,GEMM(15,13,10),1777924407252795136,1777924407557912320,1777924406305444608
1,3,780,SYRK(15,15,10),1777924407252795136,1777924407557911296,1777924406209114880
1,3,781,POTRF(11),1777924406209115904,1777924406241858304,0
1,3,782,TRSM(12,11),1777924406234384128,1777924406369569536,0
1,3,783,TRSM(13,11),1777924406234597120,1777924406372625152,0
1,3,784,TRSM(14,11),1777924406113508096,1777924406348844800,0
1,3,785,TRSM(15,11),1777924406235417344,1777924406372690688,0
1,3,790,SYRK(13,13,11),1777924406209113856,1777924406235717376,0
1,3,791,GEMM(14,13,11),1777924406348843776,1777924406369649408,0
1,3,792,GEMM(15,13,11),1777924406209114880,1777924406239368960,0
1,3,795,SYRK(15,15,11),1777924406348843776,1777924406372625152,0
1,3,800,SYRK(13,13,12),1777924407558153984,1777924407702472448,1777924406318191360
1,3,801,GEMM(14,13,12),1777924407558148864,1777924407702470400,1777924406318192384
1,3,802,GEMM(15,13,12),1777924407558145792,1777924407702470400,1777924406318192384
1,3,805,SYRK(15,15,12),1777924407558148864,1777924407702470400,1777924406318191360
1,3,806,POTRF(13),1777924406348844800,1777924406374806272,0
1,3,807,TRSM(14,13),1777924406348843776,1777924406382682880,0
1,3,808,TRSM(15,13),1777924406218691328,1777924406348844800,0
1,3,811,SYRK(15,15,13),1777924406348844800,1777924406369649408,0
1,3,814,SYRK(15,15,14),1777924407558153984,1777924407705415424,1777924406318191360
1,3,815,POTRF(15),1777924406318192384,1777924406369649408,0
1,4,16,SYRK(1,1,0),1777924408200846592,1777924408998110464,1777924407880834304
1,4,17,GEMM(2,1,0),1777924408200837376,1777924408998102272,1777924407880839424
1,4,18,GEMM(3,1,0),1777924408200840448,1777924408998101248,1777924407880843520
1,4,19,GEMM(4,1,0),1777924408200820992,1777924408998129920,1777924407880847616
1,4,20,GEMM(5,1,0),1777924408200829184,1777924408998112512,1777924407880851712
1,4,21,GEMM(6,1,0),1777924408200846592,1777924408998103296,1777924407880855808
1,4,22,GEMM(7,1,0),1777924408200842496,1777924408998103296,1777924407880858880
1,4,23,GEMM(8,1,0),1777924408200840448,1777924408998102272,1777924407880867072
1,4,24,GEMM(9,1,0),1777924408200849664,1777924408998103296,1777924407880871168
1,4,25,GEMM(10,1,0),1777924408998183168,1777924409418418432,1777924407880874240
1,4,26,GEMM(11,1,0),1777924408200836352,1777924408998102272,1777924407880882432
1,4,27,GEMM(12,1,0),1777924408998327552,1777924409418418432,1777924407880886528
1,4,28,GEMM(13,1,0),1777924408998339840,1777924409418438912,1777924407880889600
1,4,29,GEMM(14,1,0),1777924408998350080,1777924409418427648,1777924407880893696
1,4,30,GEMM(15,1,0),1777924408998339840,1777924409418419456,1777924407880897792
1,4,45,SYRK(3,3,0),1777924408136970496,1777924408200688896,1777924407880901888
1,4,46,GEMM(4,3,0),1777924408136970496,1777924408998100224,1777924407880904960
1,4,47,GEMM(5,3,0),1777924408200842496,1777924408998102272,1777924407880909056
1,4,48,GEMM(6,3,0),1777924408200845568,1777924409418418432,1777924407880912128
1,4,49,GEMM(7,3,0),1777924408200825088,1777924408998101248,1777924407880916224
1,4,50,GEMM(8,3,0),1777924408200843520,1777924408998102272,1777924407880920320
1,4,51,GEMM(9,3,0),1777924408200838400,1777924408998102272,1777924407880923392
1,4,52,GEMM(10,3,0),1777924408998327552,1777924409418418432,1777924407880927488
1,4,53,GEMM(11,3,0),1777924408200837376,1777924408998107392,1777924407880932608
1,4,54,GEMM(12,3,0),1777924408998338816,1777924409418457344,1777924407880935680
1,4,55,GEMM(13,3,0),1777924408998427904,1777924409923886336,1777924407880939776
1,4,56,GEMM(14,3,0),1777924408998390016,1777924409418419456,1777924407880943872
1,4,57,GEMM(15,3,0),1777924408998327552,1777924409418428672,1777924407880947968
1,4,70,SYRK(5,5,0),1777924408200742144,1777924408998127872,1777924407880951040
1,4,71,GEMM(6,5,0),1777924408200845568,1777924408998183168,1777924407880955136
1,4,72,GEMM(7,5,0),1777924408200845568,1777924408998129920,1777924407880958208
1,4,73,GEMM(8,5,0),1777924408200825088,1777924408998102272,1777924407880962304
1,4,74,GEMM(9,5,0),1777924409418664192,1777924409923793152,1777924408998387968
1,4,75,GEMM(10,5,0),1777924409418659072,1777924409923792128,1777924408998398208
1,4,76,GEMM(11,5,0),1777924409418659072,1777924409923816704,1777924408998430976
1,4,77,GEMM(12,5,0),1777924409418668288,1777924409923887360,1777924408998377728
1,4,78,GEMM(13,5,0),1777924409418657024,1777924409923791104,1777924408998376704
1,4,79,GEMM(14,5,0),1777924409418657024,1777924409923791104,1777924408998381824
1,4,80,GEMM(15,5,0),1777924409418668288,1777924409923825920,1777924408998375680
1,4,91,SYRK(7,7,0),1777924409418696960,1777924409923821824,1777924408998418688
1,4,92,GEMM(8,7,0),1777924409418669312,1777924409923832064,1777924408998352128
1,4,93,GEMM(9,7,0),1777924410095564032,1777924410665897216,1777924409418716416
1,4,94,GEMM(10,7,0),1777924409418656000,1777924409923791104,1777924408998433024
1,4,95,GEMM(11,7,0),1777924409924015360,1777924410092643584,1777924409418591488
1,4,96,GEMM(12,7,0),1777924410095564032,1777924410665897216,1777924409418787072
1,4,97,GEMM(13,7,0),1777924409924062464,1777924410092643584,1777924409418675456
1,4,98,GEMM(14,7,0),1777924410095564032,1777924410665897216,1777924409418762496
1,4,99,GEMM(15,7,0),1777924409418684672,1777924410092445952,1777924408998364416
1,4,108,SYRK(9,9,0),1777924409418650880,1777924409923790080,1777924408998357248
1,4,109,GEMM(10,9,0),1777924410095295744,1777924410665896192,1777924409418726656
1,4,110,GEMM(11,9,0),1777924410095564032,1777924410665897216,1777924409418713344
1,4,111,GEMM(12,9,0),1777924409923861760,1777924410092643584,1777924409418589440
1,4,112,GEMM(13,9,0),1777924410095564032,1777924410666059008,1777924409418787072
1,4,113,GEMM(14,9,0),1777924410095564032,1777924410665896192,1777924409418710272
1,4,114,GEMM(15,9,0),1777924410095564032,1777924410666059008,1777924409418811648
1,4,121,SYRK(11,11,0),1777924409418700032,1777924409923838208,1777924408998364416
1,4,122,GEMM(12,11,0),1777924410095564032,1777924410665897216,1777924409418743040
1,4,123,GEMM(13,11,0),1777924410664865024,1777924410719304960,1777924409965308160
1,4,124,GEMM(14,11,0),1777924410095295744,1777924410665896192,1777924409418710272
1,4,125,GEMM(15,11,0),1777924409924008192,1777924410095700224,1777924409418670336
1,4,130,SYRK(13,13,0),1777924410095295744,1777924410665896192,1777924409418784000
1,4,131,GEMM(14,13,0),1777924410095564032,1777924410665897216,1777924409418724608
1,4,132,GEMM(15,13,0),1777924410095563008,1777924410665896192,1777924409418800384
1,4,135,SYRK(15,15,0),1777924409418656000,1777924409923791104,1777924408998375680
1,4,136,POTRF(1),1777924409924092160,1777924410665896192,0
1,4,137,TRSM(2,1),1777924409965308160,1777924410963014912,0
1,4,138,TRSM(3,1),1777924409924156672,1777924410917466368,0
1,4,139,TRSM(4,1),1777924409965308160,1777924410963013888,0
1,4,140,TRSM(5,1),1777924409924106496,1777924410917466368,0
1,4,141,TRSM(6,1),1777924409924054272,1777924410916171008,0
1,4,142,TRSM(7,1),1777924409924111616,1777924410917137664,0
1,4,143,TRSM(8,1),1777924409924082944,1777924410917137664,0
1,4,144,TRSM(9,1),1777924410095294720,1777924410983319808,0
1,4,145,TRSM(10,1),1777924410718267648,1777924411063208192,0
1,4,146,TRSM(11,1),1777924409924131072,1777924410963014912,0
1,4,147,TRSM(12,1),1777924410095565056,1777924410963014912,0
1,4,148,TRSM(13,1),1777924410718267648,1777924411063085312,0
1,4,149,TRSM(14,1),1777924410095565056,1777924410982851840,0
1,4,150,TRSM(15,1),1777924410718267648,1777924411118324992,0
1,4,165,SYRK(3,3,1),1777924410095564032,1777924410665897216,0
1,4,166,GEMM(4,3,1),1777924410095295744,1777924410665896192,0
1,4,167,GEMM(5,3,1),1777924410718267648,1777924410825709824,0
1,4,168,GEMM(6,3,1),1777924410718268672,1777924410825741568,0
1,4,169,GEMM(7,3,1),1777924410095565056,1777924410718268672,0
1,4,170,GEMM(8,3,1),1777924410718615808,1777924410825789696,0
1,4,171,GEMM(9,3,1),1777924410718267648,1777924410825741568,0
1,4,172,GEMM(10,3,1),1777924410718615808,1777924410825789696,0
1,4,173,GEMM(11,3,1),1777924410095564032,1777924410665897216,0
1,4,174,GEMM(12,3,1),1777924410718267648,1777924410825685248,0
1,4,175,GEMM(13,3,1),1777924410824942848,1777924410836603136,0
1,4,176,GEMM(14,3,1),1777924410718268672,1777924410825765120,0
1,4,177,GEMM(15,3,1),1777924410665046272,1777924410824649984,0
1,4,190,SYRK(5,5,1),1777924410718615808,1777924410835194112,0
1,4,191,GEMM(6,5,1),1777924410718268672,1777924410825741568,0
1,4,192,GEMM(7,5,1),1777924410718615808,1777924410825789696,0
1,4,193,GEMM(8,5,1),1777924410095564032,1777924410665897216,0
1,4,194,GEMM(9,5,1),1777924410718267648,1777924410825741568,0
1,4,195,GEMM(10,5,1),1777924410983447808,1777924411063208192,0
1,4,196,GEMM(11,5,1),1777924410962937088,1777924410983447808,0
1,4,197,GEMM(12,5,1),1777924410983447808,1777924411063208192,0
1,4,198,GEMM(13,5,1),1777924410962937088,1777924411063208192,0
1,4,199,GEMM(14,5,1),1777924410917534976,1777924410963524864,0
1,4,200,GEMM(15,5,1),1777924410917537024,1777924410983447808,0
1,4,211,SYRK(7,7,1),1777924410917537024,1777924410963524864,0
1,4,212,GEMM(8,7,1),1777924411063084288,1777924411118326016,0
1,4,213,GEMM(9,7,1),1777924411138219264,1777924411203469568,0
1,4,214,GEMM(10,7,1),1777924410983447808,1777924411063208192,0
1,4,215,GEMM(11,7,1),1777924410983448832,1777924411063208192,0
1,4,216,GEMM(12,7,1),1777924411118339328,1777924411138220288,0
1,4,217,GEMM(13,7,1),1777924411063083264,1777924411118326016,0
1,4,218,GEMM(14,7,1),1777924411138219264,1777924411203470592,0
1,4,219,GEMM(15,7,1),1777924410917537024,1777924410963524864,0
1,4,228,SYRK(9,9,1),1777924411063084288,1777924411118326016,0
1,4,229,GEMM(10,9,1),1777924411138219264,1777924411203469568,0
1,4,230,GEMM(11,9,1),1777924410983447808,1777924411063208192,0
1,4,231,GEMM(12,9,1),1777924410983448832,1777924411063209216,0
1,4,232,GEMM(13,9,1),1777924411118340352,1777924411203469568,0
1,4,233,GEMM(14,9,1),1777924411063083264,1777924411118324992,0
1,4,234,GEMM(15,9,1),1777924411138219264,1777924411203470592,0
1,4,241,SYRK(11,11,1),1777924410917537024,1777924410963524864,0
1,4,242,GEMM(12,11,1),1777924411063084288,1777924411138220288,0
1,4,243,GEMM(13,11,1),1777924411138219264,1777924411203470592,0
1,4,244,GEMM(14,11,1),1777924410983447808,1777924411063208192,0
1,4,245,GEMM(15,11,1),1777924410983448832,1777924411118324992,0
1,4,250,SYRK(13,13,1),1777924411138218240,1777924411203469568,0
1,4,251,GEMM(14,13,1),1777924411063084288,1777924411118326016,0
1,4,252,GEMM(15,13,1),1777924411138219264,1777924411204604160,0
1,4,255,SYRK(15,15,1),1777924410917537024,1777924410963524864,0
1,4,270,SYRK(3,3,2),1777924413356326144,1777924413685414144,1777924411063084288
1,4,271,GEMM(4,3,2),1777924413356326144,1777924413685330176,1777924411138219264
1,4,272,GEMM(5,3,2),1777924413685331200,1777924414296920320,1777924411063083264
1,4,273,GEMM(6,3,2),1777924413356325120,1777924413685381376,1777924411118323968
1,4,274,GEMM(7,3,2),1777924413356326144,1777924413685333248,1777924411138219264
1,4,275,GEMM(8,3,2),1777924413374129408,1777924413685332224,1777924411063084288
1,4,276,GEMM(9,3,2),1777924413356326144,1777924413685330176,1777924411138219264
1,4,277,GEMM(10,3,2),1777924413685331200,1777924414502205696,1777924410982799616
1,4,278,GEMM(11,3,2),1777924413685410048,1777924414629201152,1777924411118335232
1,4,279,GEMM(12,3,2),1777924414021091584,1777924414629205248,1777924411203475712
1,4,280,GEMM(13,3,2),1777924414063411456,1777924414629254400,1777924411118323968
1,4,281,GEMM(14,3,2),1777924413725520128,1777924414629208320,1777924411118323968
1,4,282,GEMM(15,3,2),1777924414063412480,1777924414629203200,1777924411203468544
1,4,295,SYRK(5,5,2),1777924413685383424,1777924414629254400,1777924411118337280
1,4,296,GEMM(6,5,2),1777924413685348608,1777924414377444608,1777924411203480832
1,4,297,GEMM(7,5,2),1777924413685331200,1777924414296908032,1777924410982799616
1,4,298,GEMM(8,5,2),1777924413685331200,1777924414253424896,1777924411118335232
1,4,299,GEMM(9,5,2),1777924413685331200,1777924414336391424,1777924411203476736
1,4,300,GEMM(10,5,2),1777924413685332224,1777924414629201152,1777924411118323968
1,4,301,GEMM(11,5,2),1777924413685399808,1777924414629207296,1777924411118324992
1,4,302,GEMM(12,5,2),1777924413895333120,1777924414629211392,1777924411203473664
1,4,303,GEMM(13,5,2),1777924413768329472,1777924414629271808,1777924411118337280
1,4,304,GEMM(14,5,2),1777924414021079296,1777924414629259520,1777924411203481856
1,4,305,GEMM(15,5,2),1777924414063411456,1777924414726619392,1777924410982799616
1,4,316,SYRK(7,7,2),1777924413356324096,1777924413645956352,1777924411203468544
1,4,317,GEMM(8,7,2),1777924413416346880,1777924414170840320,1777924411203476736
1,4,318,GEMM(9,7,2),1777924413356325120,1777924413685329152,1777924411118323968
1,4,319,GEMM(10,7,2),1777924413685346560,1777924414377444608,1777924411118333184
1,4,320,GEMM(11,7,2),1777924413685363968,1777924414377455872,1777924411203474688
1,4,321,GEMM(12,7,2),1777924413854289152,1777924414629260544,1777924411118338304
1,4,322,GEMM(13,7,2),1777924414021079296,1777924414629209344,1777924411204610304
1,4,323,GEMM(14,7,2),1777924413725534464,1777924414629201152,1777924410982799616
1,4,324,GEMM(15,7,2),1777924414726619392,1777924415084508416,1777924414170839296
1,4,333,SYRK(9,9,2),1777924414726619392,1777924415104301312,1777924414063411456
1,4,334,GEMM(10,9,2),1777924414727604480,1777924415260240128,1777924414629201152
1,4,335,GEMM(11,9,2),1777924414629524736,1777924414726619392,1777924414063411456
1,4,336,GEMM(12,9,2),1777924414726620416,1777924415084526848,1777924414063411456
1,4,337,GEMM(13,9,2),1777924414629507328,1777924414727461120,1777924414063413504
1,4,338,GEMM(14,9,2),1777924414727225600,1777924415241354496,1777924414063411456
1,4,339,GEMM(15,9,2),1777924414727604480,1777924415263413504,1777924414629202176
1,4,346,SYRK(11,11,2),1777924415103957248,1777924415380792576,1777924414716099840
1,4,347,GEMM(12,11,2),1777924414727604480,1777924415260244224,1777924414629406976
1,4,348,GEMM(13,11,2),1777924414871061760,1777924415304721664,1777924414629525760
1,4,349,GEMM(14,11,2),1777924414871090432,1777924415305209088,1777924414629612800
1,4,350,GEMM(15,11,2),1777924414872781056,1777924415305467136,1777924414629632256
1,4,355,SYRK(13,13,2),1777924414955938048,1777924415325630720,1777924414629702912
1,4,356,GEMM(14,13,2),1777924414727604480,1777924415260240128,1777924414629201152
1,4,357,GEMM(15,13,2),1777924414727604480,1777924415241354496,1777924414629202176
1,4,360,SYRK(15,15,2),1777924415103957248,1777924415326053632,1777924414716099840
1,4,361,POTRF(3),1777924414629468416,1777924415084508416,0
1,4,362,TRSM(4,3),1777924414716104960,1777924415540943104,0
1,4,363,TRSM(5,3),1777924414629613824,1777924415540943104,0
1,4,364,TRSM(6,3),1777924414629646592,1777924415531382016,0
1,4,365,TRSM(7,3),1777924414629702912,1777924415531422976,0
1,4,366,TRSM(8,3),1777924414629622016,1777924415531382016,0
1,4,367,TRSM(9,3),1777924414828553472,1777924415631430912,0
1,4,368,TRSM(10,3),1777924414716114176,1777924415541241088,0
1,4,369,TRSM(11,3),1777924414726352128,1777924415631430912,0
1,4,370,TRSM(12,3),1777924414716099840,1777924415631429888,0
1,4,371,TRSM(13,3),1777924414629613824,1777924415531233536,0
1,4,372,TRSM(14,3),1777924414629654784,1777924415531382016,0
1,4,373,TRSM(15,3),1777924414716099840,1777924415541241088,0
1,4,386,SYRK(5,5,3),1777924414629635328,1777924414727603456,0
1,4,387,GEMM(6,5,3),1777924414828553472,1777924415263414528,0
1,4,388,GEMM(7,5,3),1777924415261248768,1777924415401506048,0
1,4,389,GEMM(8,5,3),1777924415302572288,1777924415421158656,0
1,4,390,GEMM(9,5,3),1777924415305467136,1777924415432003840,0
1,4,391,GEMM(10,5,3),1777924414828555520,1777924415302573312,0
1,4,392,GEMM(11,5,3),1777924415261248768,1777924415381409024,0
1,4,393,GEMM(12,5,3),1777924414872781056,1777924415305209088,0
1,4,394,GEMM(13,5,3),1777924415305243904,1777924415421369600,0
1,4,395,GEMM(14,5,3),1777924415324785920,1777924415432004864,0
1,4,396,GEMM(15,5,3),1777924415431280896,1777924415464323328,0
1,4,407,SYRK(7,7,3),1777924415305466112,1777924415421560064,0
1,4,408,GEMM(8,7,3),1777924415335165184,1777924415442381056,0
1,4,409,GEMM(9,7,3),1777924415335706880,1777924415442453760,0
1,4,410,GEMM(10,7,3),1777924415380791552,1777924415463090432,0
1,4,411,GEMM(11,7,3),1777924415400795392,1777924415463657728,0
1,4,412,GEMM(12,7,3),1777924415305466112,1777924415421560064,0
1,4,413,GEMM(13,7,3),1777924415324827904,1777924415441983744,0
1,4,414,GEMM(14,7,3),1777924415431280896,1777924415464324352,0
1,4,415,GEMM(15,7,3),1777924415305466112,1777924415421560064,0
1,4,424,SYRK(9,9,3),1777924415576643840,1777924415631430912,0
1,4,425,GEMM(10,9,3),1777924415576643840,1777924415631430912,0
1,4,426,GEMM(11,9,3),1777924415540600064,1777924415576644864,0
1,4,427,GEMM(12,9,3),1777924415540599040,1777924415576644864,0
1,4,428,GEMM(13,9,3),1777924415531422976,1777924415576643840,0
1,4,429,GEMM(14,9,3),1777924415636704512,1777924415672021248,0
1,4,430,GEMM(15,9,3),1777924415576644864,1777924415631430912,0
1,4,437,SYRK(11,11,3),1777924415631444224,1777924415672021248,0
1,4,438,GEMM(12,11,3),1777924415636703488,1777924415672021248,0
1,4,439,GEMM(13,11,3),1777924415576644864,1777924415631430912,0
1,4,440,GEMM(14,11,3),1777924415540600064,1777924415631430912,0
1,4,441,GEMM(15,11,3),1777924415576644864,1777924415631430912,0
1,4,446,SYRK(13,13,3),1777924415540599040,1777924415576643840,0
1,4,447,GEMM(14,13,3),1777924415636704512,1777924415673155840,0
1,4,448,GEMM(15,13,3),1777924415576644864,1777924415636705536,0
1,4,451,SYRK(15,15,3),1777924415636703488,1777924415672021248,0
1,4,464,SYRK(5,5,4),1777924417371737344,1777924417473933568,1777924415636704512
1,4,465,GEMM(6,5,4),1777924417474124032,1777924418624017664,1777924415576644864
1,4,466,GEMM(7,5,4),1777924417474190592,1777924418623931648,1777924415540600064
1,4,467,GEMM(8,5,4),1777924417371736320,1777924417473992960,1777924415576644864
1,4,468,GEMM(9,5,4),1777924417516783872,1777924418768305408,1777924415540599040
1,4,469,GEMM(10,5,4),1777924417474120960,1777924418623930624,1777924415636704512
1,4,470,GEMM(11,5,4),1777924417474005248,1777924418623928576,1777924415576644864
1,4,471,GEMM(12,5,4),1777924417474104576,1777924418623928576,1777924415636703488
1,4,472,GEMM(13,5,4),1777924417516783872,1777924418623931648,1777924415636704512
1,4,473,GEMM(14,5,4),1777924417371738368,1777924418494240000,1777924415576644864
1,4,474,GEMM(15,5,4),1777924417474121984,1777924418623929600,1777924415540600064
1,4,485,SYRK(7,7,4),1777924417474138368,1777924418623929600,1777924415576644864
1,4,486,GEMM(8,7,4),1777924417474198784,1777924418623931648,1777924415540599040
1,4,487,GEMM(9,7,4),1777924417474131200,1777924418623931648,1777924415636704512
1,4,488,GEMM(10,7,4),1777924417474124032,1777924418623931648,1777924415576645888
1,4,489,GEMM(11,7,4),1777924417474120960,1777924418623930624,1777924415636703488
1,4,490,GEMM(12,7,4),1777924417474120960,1777924418623931648,1777924415636704512
1,4,491,GEMM(13,7,4),1777924417474121984,1777924418623929600,1777924415631436032
1,4,492,GEMM(14,7,4),1777924417474123008,1777924418623930624,1777924415631429888
1,4,493,GEMM(15,7,4),1777924417474115840,1777924418623929600,1777924415631429888
1,4,502,SYRK(9,9,4),1777924417474119936,1777924418623929600,1777924415631428864
1,4,503,GEMM(10,9,4),1777924417516783872,1777924418623931648,1777924415672030464
1,4,504,GEMM(11,9,4),1777924417474121984,1777924418623929600,1777924415631439104
1,4,505,GEMM(12,9,4),1777924417474119936,1777924418623930624,1777924415672026368
1,4,506,GEMM(13,9,4),1777924417474120960,1777924418623930624,1777924415672028416
1,4,507,GEMM(14,9,4),1777924417474195712,1777924418623931648,1777924415631436032
1,4,508,GEMM(15,9,4),1777924417474108672,1777924418623929600,1777924415631433984
1,4,515,SYRK(11,11,4),1777924417474154752,1777924418623930624,1777924415631441152
1,4,516,GEMM(12,11,4),1777924417474150656,1777924418623930624,1777924415631428864
1,4,517,GEMM(13,11,4),1777924417474109696,1777924418623929600,1777924415673159936
1,4,518,GEMM(14,11,4),1777924417474119936,1777924418623929600,1777924415672020224
1,4,519,GEMM(15,11,4),1777924417474222336,1777924418623931648,1777924415672026368
1,4,524,SYRK(13,13,4),1777924418624255232,1777924418768761088,1777924417474160896
1,4,525,GEMM(14,13,4),1777924418804948224,1777924418903423232,1777924418624376064
1,4,526,GEMM(15,13,4),1777924418804948224,1777924418903055616,1777924418624341248
1,4,529,SYRK(15,15,4),1777924418687742208,1777924418896609536,1777924417516783872
1,4,530,POTRF(5),1777924418803774720,1777924418934131968,0
1,4,531,TRSM(6,5),1777924418624315648,1777924419016434944,0
1,4,532,TRSM(7,5),1777924418624346368,1777924419016283392,0
1,4,533,TRSM(8,5),1777924418624274688,1777924419025587456,0
1,4,534,TRSM(9,5),1777924418624265472,1777924419025587456,0
1,4,535,TRSM(10,5),1777924418624376064,1777924419027171584,0
1,4,536,TRSM(11,5),1777924418624340224,1777924419025587456,0
1,4,537,TRSM(12,5),1777924418624395520,1777924419042423040,0
1,4,538,TRSM(13,5),1777924418902221056,1777924419071297792,0
1,4,539,TRSM(14,5),1777924418624320768,1777924419027079424,0
1,4,540,TRSM(15,5),1777924418624300288,1777924419016357120,0
1,4,551,SYRK(7,7,5),1777924418624444672,1777924418804556032,0
1,4,552,GEMM(8,7,5),1777924418624387328,1777924418801876224,0
1,4,553,GEMM(9,7,5),1777924418624376064,1777924418803411200,0
1,4,554,GEMM(10,7,5),1777924418624377088,1777924418801876224,0
1,4,555,GEMM(11,7,5),1777924418624387328,1777924418803774720,0
1,4,556,GEMM(12,7,5),1777924418902221056,1777924418934132992,0
1,4,557,GEMM(13,7,5),1777924418624322816,1777924418783868160,0
1,4,558,GEMM(14,7,5),1777924418624298240,1777924418768899328,0
1,4,559,GEMM(15,7,5),1777924418677588224,1777924418804947200,0
1,4,568,SYRK(9,9,5),1777924418624387328,1777924418803368192,0
1,4,569,GEMM(10,9,5),1777924418624377088,1777924418803379456,0
1,4,570,GEMM(11,9,5),1777924418624361728,1777924418801880320,0
1,4,571,GEMM(12,9,5),1777924418624425216,1777924418803774720,0
1,4,572,GEMM(13,9,5),1777924418902221056,1777924418934178048,0
1,4,573,GEMM(14,9,5),1777924418624329984,1777924418801876224,0
1,4,574,GEMM(15,9,5),1777924418624302336,1777924418768988416,0
1,4,581,SYRK(11,11,5),1777924418677588224,1777924418804556032,0
1,4,582,GEMM(12,11,5),1777924418803774720,1777924418902792448,0
1,4,583,GEMM(13,11,5),1777924418933789952,1777924418960456960,0
1,4,584,GEMM(14,11,5),1777924418933123328,1777924418954732800,0
1,4,585,GEMM(15,11,5),1777924418903055616,1777924418954689792,0
1,4,590,SYRK(13,13,5),1777924418954164480,1777924418961992960,0
1,4,591,GEMM(14,13,5),1777924419027171584,1777924419042423040,0
1,4,592,GEMM(15,13,5),1777924419016357120,1777924419027172608,0
1,4,595,SYRK(15,15,5),1777924419036670208,1777924419071297792,0
1,4,606,SYRK(7,7,6),1777924419042667776,1777924419071638784,1777924419036670208
1,4,607,GEMM(8,7,6),1777924420580434176,1777924420969181440,1777924419042422016
1,4,608,GEMM(9,7,6),1777924420505570560,1777924420969195776,1777924419036671232
1,4,609,GEMM(10,7,6),1777924420580454656,1777924420969255168,1777924419071031552
1,4,610,GEMM(11,7,6),1777924421022173440,1777924421615894784,1777924419072009472
1,4,611,GEMM(12,7,6),1777924420969446656,1777924421615644928,1777924419036671232
1,4,612,GEMM(13,7,6),1777924420969506048,1777924421615643904,1777924419027171584
1,4,613,GEMM(14,7,6),1777924420580440320,1777924420969185536,1777924419036670208
1,4,614,GEMM(15,7,6),1777924420580431104,1777924420969181440,1777924419036670208
1,4,623,SYRK(9,9,6),1777924420505570560,1777924420580251904,1777924419042422016
1,4,624,GEMM(10,9,6),1777924420580440320,1777924421565937920,1777924419036671232
1,4,625,GEMM(11,9,6),1777924420969492736,1777924421615644928,1777924419071031552
1,4,626,GEMM(12,9,6),1777924420969639168,1777924421615645952,1777924419072009472
1,4,627,GEMM(13,9,6),1777924420969340160,1777924421615643904,1777924419036671232
1,4,628,GEMM(14,9,6),1777924420580432128,1777924420969181440,1777924419027171584
1,4,629,GEMM(15,9,6),1777924420580465920,1777924420969296128,1777924419036670208
1,4,636,SYRK(11,11,6),1777924420969469184,1777924421615644928,1777924419036670208
1,4,637,GEMM(12,11,6),1777924420969452800,1777924421615644928,1777924419042422016
1,4,638,GEMM(13,11,6),1777924420969440512,1777924421615644928,1777924419036671232
1,4,639,GEMM(14,11,6),1777924420969425152,1777924421615643904,1777924419071031552
1,4,640,GEMM(15,11,6),1777924420969452800,1777924421615644928,1777924419072009472
1,4,645,SYRK(13,13,6),1777924420969452800,1777924421615644928,1777924419036671232
1,4,646,GEMM(14,13,6),1777924420969512192,1777924421615644928,1777924419027171584
1,4,647,GEMM(15,13,6),1777924420969436416,1777924421615644928,1777924419036671232
1,4,650,SYRK(15,15,6),1777924420580351232,1777924420969181440,1777924419036670208
1,4,651,POTRF(7),1777924419042423040,1777924419073837312,0
1,4,652,TRSM(8,7),1777924419036671232,1777924419114637568,0
1,4,653,TRSM(9,7),1777924419071031552,1777924419114761472,0
1,4,654,TRSM(10,7),1777924419072009472,1777924419114935552,0
1,4,655,TRSM(11,7),1777924419042667776,1777924419114643712,0
1,4,656,TRSM(12,7),1777924419036670208,1777924419114549504,0
1,4,657,TRSM(13,7),1777924419071652096,1777924419114751232,0
1,4,658,TRSM(14,7),1777924419071652096,1777924419114835200,0
1,4,659,TRSM(15,7),1777924420969551104,1777924422418770176,0
1,4,668,SYRK(9,9,7),1777924420969551104,1777924421615645952,0
1,4,669,GEMM(10,9,7),1777924420969528576,1777924421615645952,0
1,4,670,GEMM(11,9,7),1777924421686567168,1777924421710418176,0
1,4,671,GEMM(12,9,7),1777924421615895808,1777924421686736128,0
1,4,672,GEMM(13,9,7),1777924421615894784,1777924421686736128,0
1,4,673,GEMM(14,9,7),1777924420969482496,1777924421615645952,0
1,4,674,GEMM(15,9,7),1777924420969497856,1777924421615644928,0
1,4,681,SYRK(11,11,7),1777924420969646336,1777924421615894784,0
1,4,682,GEMM(12,11,7),1777924421615894784,1777924421686736128,0
1,4,683,GEMM(13,11,7),1777924421615895808,1777924421689441536,0
1,4,684,GEMM(14,11,7),1777924421686567168,1777924422231047424,0
1,4,685,GEMM(15,11,7),1777924421615895808,1777924421686737152,0
1,4,690,SYRK(13,13,7),1777924421615894784,1777924421686736128,0
1,4,691,GEMM(14,13,7),1777924421022218496,1777924421686735104,0
1,4,692,GEMM(15,13,7),1777924421615896832,1777924421710095616,0
1,4,695,SYRK(15,15,7),1777924421615895808,1777924421686737152,0
1,4,704,SYRK(9,9,8),1777924421709676800,1777924422232775936,1777924421615895808
1,4,705,GEMM(10,9,8),1777924421710418176,1777924422243134720,1777924421615896832
1,4,706,GEMM(11,9,8),1777924422232936704,1777924422346389760,1777924421686637824
1,4,707,GEMM(12,9,8),1777924421709676800,1777924422232767744,1777924421615895808
1,4,708,GEMM(13,9,8),1777924421709676800,1777924422232753408,1777924421615894784
1,4,709,GEMM(14,9,8),1777924421710419200,1777924422325486848,1777924421615896832
1,4,710,GEMM(15,9,8),1777924421710418176,1777924422243134720,1777924421615896832
1,4,717,SYRK(11,11,8),1777924421709676800,1777924422232773888,1777924421615895808
1,4,718,GEMM(12,11,8),1777924421709676800,1777924422232763648,1777924421615895808
1,4,719,GEMM(13,11,8),1777924421710418176,1777924422243134720,1777924421615896832
1,4,720,GEMM(14,11,8),1777924422232933632,1777924422345993472,1777924421686637824
1,4,721,GEMM(15,11,8),1777924421709676800,1777924422232767744,1777924421615895808
1,4,726,SYRK(13,13,8),1777924421709676800,1777924422232755456,1777924421615894784
1,4,727,GEMM(14,13,8),1777924421710419200,1777924422243134720,1777924421615897856
1,4,728,GEMM(15,13,8),1777924421710418176,1777924422243134720,1777924421615896832
1,4,731,SYRK(15,15,8),1777924422445591808,1777924422477686016,1777924422422429952
1,4,732,POTRF(9),1777924421615896832,1777924421710418176,0
1,4,733,TRSM(10,9),1777924421615896832,1777924422420748544,0
1,4,734,TRSM(11,9),1777924422230475008,1777924422474689792,0
1,4,735,TRSM(12,9),1777924421709677824,1777924422434279680,0
1,4,736,TRSM(13,9),1777924421709677824,1777924422446029056,0
1,4,737,TRSM(14,9),1777924421615897856,1777924422446029056,0
1,4,738,TRSM(15,9),1777924421615896832,1777924422422854912,0
1,4,745,SYRK(11,11,9),1777924422422429952,1777924422435582208,0
1,4,746,GEMM(12,11,9),1777924421709676800,1777924422232754432,0
1,4,747,GEMM(13,11,9),1777924421710417152,1777924422243134720,0
1,4,748,GEMM(14,11,9),1777924422243134720,1777924422346561792,0
1,4,749,GEMM(15,11,9),1777924421709677824,1777924422242921728,0
1,4,754,SYRK(13,13,9),1777924421709677824,1777924422232848640,0
1,4,755,GEMM(14,13,9),1777924421709676800,1777924422232753408,0
1,4,756,GEMM(15,13,9),1777924421972297984,1777924422345789696,0
1,4,759,SYRK(15,15,9),1777924422422429952,1777924422446169344,0
1,4,766,SYRK(11,11,10),1777924423386730752,1777924423819127040,1777924422243135744
1,4,767,GEMM(12,11,10),1777924423386732800,1777924423819127040,1777924422345696512
1,4,768,GEMM(13,11,10),1777924423386747136,1777924423819128064,1777924422351778048
1,4,769,GEMM(14,11,10),1777924423386670336,1777924423819127040,1777924422243135744
1,4,770,GEMM(15,11,10),1777924423386732800,1777924423819127040,1777924422243135744
1,4,775,SYRK(13,13,10),1777924423386731776,1777924423819128064,1777924422345992448
1,4,776,GEMM(14,13,10),1777924423386749184,1777924423819184384,1777924422345696512
1,4,777,GEMM(15,13,10),1777924423386802432,1777924423819128064,1777924422422429952
1,4,780,SYRK(15,15,10),1777924423369252096,1777924423819206912,1777924422243135744
1,4,781,POTRF(11),1777924422345697536,1777924422358210816,0
1,4,782,TRSM(12,11),1777924422351779072,1777924422488667392,0
1,4,783,TRSM(13,11),1777924422243134720,1777924422476023040,0
1,4,784,TRSM(14,11),1777924422243135744,1777924422477686016,0
1,4,785,TRSM(15,11),1777924422345993472,1777924422487892224,0
1,4,790,SYRK(13,13,11),1777924422345696512,1777924422356404480,0
1,4,791,GEMM(14,13,11),1777924422477998336,1777924422488781056,0
1,4,792,GEMM(15,13,11),1777924422243135744,1777924422351779072,0
1,4,795,SYRK(15,15,11),1777924422433827072,1777924422446302464,0
1,4,800,SYRK(13,13,12),1777924423386730752,1777924423819127040,1777924422477999360
1,4,801,GEMM(14,13,12),1777924423386732800,1777924423819127040,1777924422446301440
1,4,802,GEMM(15,13,12),1777924423386748160,1777924423819128064,1777924422476172544
1,4,805,SYRK(15,15,12),1777924423386802432,1777924423821957376,1777924422476172544
1,4,806,POTRF(13),1777924422445483264,1777924422477999360,0
1,4,807,TRSM(14,13),1777924422477998336,1777924422498358528,0
1,4,808,TRSM(15,13),1777924422243135744,1777924422477686016,0
1,4,811,SYRK(15,15,13),1777924422433827072,1777924422476023040,0
1,4,814,SYRK(15,15,14),1777924423386730752,1777924423819127040,1777924422477999360
1,4,815,POTRF(15),1777924422446302464,1777924422488085760,0
