pe,run,task_id,op_name,start_ts,end_ts,wait_start_ts
0,0,0,POTRF(0),1777924342894778368,1777924343050191872,0
0,0,1,TRSM(1,0),1777924342897307648,1777924343150730240,0
0,0,2,TRSM(2,0),1777924342897307648,1777924343150857216,0
0,0,3,TRSM(3,0),1777924342897308672,1777924343150905344,0
0,0,4,TRSM(4,0),1777924342897308672,1777924343150760960,0
0,0,5,TRSM(5,0),1777924342897308672,1777924343150906368,0
0,0,6,TRSM(6,0),1777924342897308672,1777924343160641536,0
0,0,7,TRSM(7,0),1777924342897308672,1777924343151023104,0
0,0,8,TRSM(8,0),1777924342897308672,1777924343170309120,0
0,0,9,TRSM(9,0),1777924342897308672,1777924343160641536,0
0,0,10,TRSM(10,0),1777924342897308672,1777924343170309120,0
0,0,11,TRSM(11,0),1777924342897309696,1777924343170501632,0
0,0,12,TRSM(12,0),1777924342897309696,1777924343170501632,0
0,0,13,TRSM(13,0),1777924342897309696,1777924343170501632,0
0,0,14,TRSM(14,0),1777924342897309696,1777924343200360448,0
0,0,15,TRSM(15,0),1777924342897309696,1777924343180459008,0
0,0,31,SYRK(2,2,0),1777924342897309696,1777924343050267648,0
0,0,32,GEMM(3,2,0),1777924342897309696,1777924343050268672,0
0,0,33,GEMM(4,2,0),1777924342897309696,1777924343050268672,0
0,0,34,GEMM(5,2,0),1777924342897309696,1777924343050268672,0
0,0,35,GEMM(6,2,0),1777924342897310720,1777924343050268672,0
0,0,36,GEMM(7,2,0),1777924342897310720,1777924343050268672,0
0,0,37,GEMM(8,2,0),1777924342897310720,1777924343050268672,0
0,0,38,GEMM(9,2,0),1777924342897310720,1777924343050268672,0
0,0,39,GEMM(10,2,0),1777924342897310720,1777924343050268672,0
0,0,40,GEMM(11,2,0),1777924342897310720,1777924343050269696,0
0,0,41,GEMM(12,2,0),1777924342897310720,1777924343050269696,0
0,0,42,GEMM(13,2,0),1777924342897310720,1777924343050269696,0
0,0,43,GEMM(14,2,0),1777924342897310720,1777924343050269696,0
0,0,44,GEMM(15,2,0),1777924342897310720,1777924343050269696,0
0,0,58,SYRK(4,4,0),1777924342897311744,1777924343050269696,0
0,0,59,GEMM(5,4,0),1777924342897311744,1777924343051077632,0
0,0,60,GEMM(6,4,0),1777924343050760192,1777924343063045120,0
0,0,61,GEMM(7,4,0),1777924343150939136,1777924343180459008,0
0,0,62,GEMM(8,4,0),1777924343160640512,1777924343200361472,0
0,0,63,GEMM(9,4,0),1777924343170308096,1777924343200361472,0
0,0,64,GEMM(10,4,0),1777924343151023104,1777924343200360448,0
0,0,65,GEMM(11,4,0),1777924343170309120,1777924343260546048,0
0,0,66,GEMM(12,4,0),1777924343200360448,1777924343260547072,0
0,0,67,GEMM(13,4,0),1777924343200359424,1777924343260546048,0
0,0,68,GEMM(14,4,0),1777924343260544000,1777924343491961856,0
0,0,69,GEMM(15,4,0),1777924343200360448,1777924343260546048,0
0,0,81,SYRK(6,6,0),1777924343260542976,1777924343491961856,0
0,0,82,GEMM(7,6,0),1777924343260542976,1777924343491961856,0
0,0,83,GEMM(8,6,0),1777924343260545024,1777924343491962880,0
0,0,84,GEMM(9,6,0),1777924343260544000,1777924343491962880,0
0,0,85,GEMM(10,6,0),1777924343260545024,1777924343491963904,0
0,0,86,GEMM(11,6,0),1777924343260544000,1777924343491962880,0
0,0,87,GEMM(12,6,0),1777924343260544000,1777924343491961856,0
0,0,88,GEMM(13,6,0),1777924343200360448,1777924343260546048,0
0,0,89,GEMM(14,6,0),1777924343260542976,1777924343491960832,0
0,0,90,GEMM(15,6,0),1777924343260544000,1777924343491961856,0
0,0,100,SYRK(8,8,0),1777924343260545024,1777924343491962880,0
0,0,101,GEMM(9,8,0),1777924343260544000,1777924343491962880,0
0,0,102,GEMM(10,8,0),1777924343260545024,1777924343491963904,0
0,0,103,GEMM(11,8,0),1777924343260544000,1777924343491962880,0
0,0,104,GEMM(12,8,0),1777924343260544000,1777924343491961856,0
0,0,105,GEMM(13,8,0),1777924343200360448,1777924343260546048,0
0,0,106,GEMM(14,8,0),1777924343260542976,1777924343491960832,0
0,0,107,GEMM(15,8,0),1777924343260542976,1777924343491961856,0
0,0,115,SYRK(10,10,0),1777924343260545024,1777924343491962880,0
0,0,116,GEMM(11,10,0),1777924343260545024,1777924343491962880,0
0,0,117,GEMM(12,10,0),1777924343260546048,1777924343517180928,0
0,0,118,GEMM(13,10,0),1777924343260544000,1777924343491962880,0
0,0,119,GEMM(14,10,0),1777924343260544000,1777924343491961856,0
0,0,120,GEMM(15,10,0),1777924343200360448,1777924343491960832,0
0,0,126,SYRK(12,12,0),1777924343260544000,1777924343491961856,0
0,0,127,GEMM(13,12,0),1777924343260544000,1777924343491961856,0
0,0,128,GEMM(14,12,0),1777924343260545024,1777924343491963904,0
0,0,129,GEMM(15,12,0),1777924343491959808,1777924343518312448,0
0,0,133,SYRK(14,14,0),1777924343491959808,1777924343517180928,0
0,0,134,GEMM(15,14,0),1777924343491959808,1777924343517181952,0
0,0,151,SYRK(2,2,1),1777924345931320320,1777924346092467200,1777924343517178880
0,0,152,GEMM(3,2,1),1777924346092620800,1777924347010160640,1777924343491959808
0,0,153,GEMM(4,2,1),1777924345931321344,1777924347010143232,1777924343517178880
0,0,154,GEMM(5,2,1),1777924345931321344,1777924346092448768,1777924343517177856
0,0,155,GEMM(6,2,1),1777924346092653568,1777924347010190336,1777924343517179904
0,0,156,GEMM(7,2,1),1777924346092673024,1777924347010193408,1777924343517178880
0,0,157,GEMM(8,2,1),1777924346092682240,1777924347010145280,1777924343517179904
0,0,158,GEMM(9,2,1),1777924346092647424,1777924347010144256,1777924343517178880
0,0,159,GEMM(10,2,1),1777924346092702720,1777924347010146304,1777924343517178880
0,0,160,GEMM(11,2,1),1777924346092678144,1777924347010212864,1777924343491959808
0,0,161,GEMM(12,2,1),1777924347010361344,1777924347258344448,1777924343517178880
0,0,162,GEMM(13,2,1),1777924346092642304,1777924347010157568,1777924343517177856
0,0,163,GEMM(14,2,1),1777924346092645376,1777924347010144256,1777924343517179904
0,0,164,GEMM(15,2,1),1777924347010360320,1777924347254018048,1777924343517179904
0,0,178,SYRK(4,4,1),1777924345931320320,1777924346092439552,1777924343517180928
0,0,179,GEMM(5,4,1),1777924345931320320,1777924346092443648,1777924343517178880
0,0,180,GEMM(6,4,1),1777924346092686336,1777924347010146304,1777924343517178880
0,0,181,GEMM(7,4,1),1777924346092505088,1777924347010166784,1777924343491959808
0,0,182,GEMM(8,4,1),1777924346092643328,1777924347010145280,1777924343517177856
0,0,183,GEMM(9,4,1),1777924346092769280,1777924347253511168,1777924343517177856
0,0,184,GEMM(10,4,1),1777924346092642304,1777924347010144256,1777924343517179904
0,0,185,GEMM(11,4,1),1777924346092642304,1777924347010201600,1777924343517179904
0,0,186,GEMM(12,4,1),1777924347010413568,1777924347258480640,1777924343517187072
0,0,187,GEMM(13,4,1),1777924346092682240,1777924347010145280,1777924343517178880
0,0,188,GEMM(14,4,1),1777924346092645376,1777924347010145280,1777924343517178880
0,0,189,GEMM(15,4,1),1777924347010338816,1777924347254049792,1777924343517179904
0,0,201,SYRK(6,6,1),1777924346092620800,1777924347010143232,1777924343517178880
0,0,202,GEMM(7,6,1),1777924346092676096,1777924347010146304,1777924343517177856
0,0,203,GEMM(8,6,1),1777924346092636160,1777924347010144256,1777924343517179904
0,0,204,GEMM(9,6,1),1777924346092641280,1777924347010177024,1777924343518316544
0,0,205,GEMM(10,6,1),1777924346092657664,1777924347010214912,1777924343517187072
0,0,206,GEMM(11,6,1),1777924346092684288,1777924347010145280,1777924343517188096
0,0,207,GEMM(12,6,1),1777924347010365440,1777924347254037504,1777924346092650496
0,0,208,GEMM(13,6,1),1777924347258481664,1777924347780562944,1777924347010425856
0,0,209,GEMM(14,6,1),1777924347258346496,1777924347780562944,1777924347010376704
0,0,210,GEMM(15,6,1),1777924347010219008,1777924347254018048,1777924346092700672
0,0,220,SYRK(8,8,1),1777924347337575424,1777924347780848640,1777924347052036096
0,0,221,GEMM(9,8,1),1777924347421385728,1777924348013580288,1777924347215108096
0,0,222,GEMM(10,8,1),1777924347421379584,1777924347820190720,1777924347215109120
0,0,223,GEMM(11,8,1),1777924347258346496,1777924347661900800,1777924347010402304
0,0,224,GEMM(12,8,1),1777924347258481664,1777924347780847616,1777924347010406400
0,0,225,GEMM(13,8,1),1777924347778192384,1777924348014705664,1777924347253507072
0,0,226,GEMM(14,8,1),1777924348014580736,1777924348169174016,1777924347421379584
0,0,227,GEMM(15,8,1),1777924347336867840,1777924347780847616,1777924347052036096
0,0,235,SYRK(10,10,1),1777924347337575424,1777924347781015552,1777924347052036096
0,0,236,GEMM(11,10,1),1777924347780847616,1777924348044420096,1777924347258345472
0,0,237,GEMM(12,10,1),1777924347421393920,1777924347820190720,1777924347215108096
0,0,238,GEMM(13,10,1),1777924347258346496,1777924347662097408,1777924347010399232
0,0,239,GEMM(14,10,1),1777924347258481664,1777924347780562944,1777924347010406400
0,0,240,GEMM(15,10,1),1777924347698475008,1777924348014580736,1777924347253507072
0,0,246,SYRK(12,12,1),1777924348014581760,1777924348169303040,1777924347421379584
0,0,247,GEMM(13,12,1),1777924347780562944,1777924348044420096,1777924347258344448
0,0,248,GEMM(14,12,1),1777924347336192000,1777924347780847616,1777924347052036096
0,0,249,GEMM(15,12,1),1777924347780848640,1777924348044420096,1777924347258345472
0,0,253,SYRK(14,14,1),1777924348014705664,1777924348219634688,1777924347542343680
0,0,254,GEMM(15,14,1),1777924347258345472,1777924347543017472,1777924347010391040
0,0,256,POTRF(2),1777924347010410496,1777924347543030784,0
0,0,257,TRSM(3,2),1777924347258346496,1777924348317716480,0
0,0,258,TRSM(4,2),1777924347421379584,1777924348350885888,0
0,0,259,TRSM(5,2),1777924347258344448,1777924348320365568,0
0,0,260,TRSM(6,2),1777924347052112896,1777924348317716480,0
0,0,261,TRSM(7,2),1777924347258345472,1777924348320366592,0
0,0,262,TRSM(8,2),1777924347542343680,1777924348406216704,0
0,0,263,TRSM(9,2),1777924347010402304,1777924348316390400,0
0,0,264,TRSM(10,2),1777924347258346496,1777924348318464000,0
0,0,265,TRSM(11,2),1777924347900135424,1777924348436156416,0
0,0,266,TRSM(12,2),1777924347859946496,1777924348436156416,0
0,0,267,TRSM(13,2),1777924347258346496,1777924348350444544,0
0,0,268,TRSM(14,2),1777924348013270016,1777924348436156416,0
0,0,269,TRSM(15,2),1777924348074567680,1777924348461307904,0
0,0,283,SYRK(4,4,2),1777924348014580736,1777924348169174016,0
0,0,284,GEMM(5,4,2),1777924347780856832,1777924348044420096,0
0,0,285,GEMM(6,4,2),1777924347901268992,1777924348168460288,0
0,0,286,GEMM(7,4,2),1777924348166328320,1777924348220583936,0
0,0,287,GEMM(8,4,2),1777924348219560960,1777924348247087104,0
0,0,288,GEMM(9,4,2),1777924348013268992,1777924348168938496,0
0,0,289,GEMM(10,4,2),1777924348013270016,1777924348168939520,0
0,0,290,GEMM(11,4,2),1777924348168460288,1777924348220583936,0
0,0,291,GEMM(12,4,2),1777924348014580736,1777924348169174016,0
0,0,292,GEMM(13,4,2),1777924347780894720,1777924348044421120,0
0,0,293,GEMM(14,4,2),1777924347901268992,1777924348168461312,0
0,0,294,GEMM(15,4,2),1777924348166328320,1777924348220362752,0
0,0,306,SYRK(6,6,2),1777924348219921408,1777924348247744512,0
0,0,307,GEMM(7,6,2),1777924348168460288,1777924348235558912,0
0,0,308,GEMM(8,6,2),1777924348013270016,1777924348169033728,0
0,0,309,GEMM(9,6,2),1777924348168460288,1777924348220583936,0
0,0,310,GEMM(10,6,2),1777924348229689344,1777924348248320000,0
0,0,311,GEMM(11,6,2),1777924347780894720,1777924348145593344,0
0,0,312,GEMM(12,6,2),1777924347901268992,1777924348168938496,0
0,0,313,GEMM(13,6,2),1777924348350366720,1777924348406491136,0
0,0,314,GEMM(14,6,2),1777924348406491136,1777924348436156416,0
0,0,315,GEMM(15,6,2),1777924348351054848,1777924348436156416,0
0,0,325,SYRK(8,8,2),1777924348350365696,1777924348406491136,0
0,0,326,GEMM(9,8,2),1777924348351054848,1777924348406492160,0
0,0,327,GEMM(10,8,2),1777924348435926016,1777924348461307904,0
0,0,328,GEMM(11,8,2),1777924348320365568,1777924348351054848,0
0,0,329,GEMM(12,8,2),1777924348350366720,1777924348406492160,0
0,0,330,GEMM(13,8,2),1777924348461321216,1777924348531982336,0
0,0,331,GEMM(14,8,2),1777924348471443456,1777924348531983360,0
0,0,332,GEMM(15,8,2),1777924348406491136,1777924348436156416,0
0,0,340,SYRK(10,10,2),1777924348471444480,1777924348531983360,0
0,0,341,GEMM(11,10,2),1777924348471444480,1777924348531983360,0
0,0,342,GEMM(12,10,2),1777924348435926016,1777924348461307904,0
0,0,343,GEMM(13,10,2),1777924348320365568,1777924348351055872,0
0,0,344,GEMM(14,10,2),1777924348350366720,1777924348406491136,0
0,0,345,GEMM(15,10,2),1777924348471443456,1777924348531983360,0
0,0,351,SYRK(12,12,2),1777924348471443456,1777924348531983360,0
0,0,352,GEMM(13,12,2),1777924348406491136,1777924348461307904,0
0,0,353,GEMM(14,12,2),1777924348471444480,1777924348533113856,0
0,0,354,GEMM(15,12,2),1777924348471444480,1777924348531983360,0
0,0,358,SYRK(14,14,2),1777924348435926016,1777924348471445504,0
0,0,359,GEMM(15,14,2),1777924348320365568,1777924348406491136,0
0,0,374,SYRK(4,4,3),1777924350494121984,1777924350550370304,1777924348350366720
0,0,375,GEMM(5,4,3),1777924350550369280,1777924351188283392,1777924348471444480
0,0,376,GEMM(6,4,3),1777924350982042624,1777924351697899520,1777924348471444480
0,0,377,GEMM(7,4,3),1777924350510775296,1777924350982043648,1777924348406491136
0,0,378,GEMM(8,4,3),1777924350550369280,1777924351066425344,1777924348471445504
0,0,379,GEMM(9,4,3),1777924351229881344,1777924351697884160,1777924348471444480
0,0,380,GEMM(10,4,3),1777924350550397952,1777924351066425344,1777924348435926016
0,0,381,GEMM(11,4,3),1777924351229899776,1777924351697948672,1777924348320365568
0,0,382,GEMM(12,4,3),1777924350550380544,1777924350982044672,1777924348350366720
0,0,383,GEMM(13,4,3),1777924350550369280,1777924350982127616,1777924348471443456
0,0,384,GEMM(14,4,3),1777924350550387712,1777924350982048768,1777924348471444480
0,0,385,GEMM(15,4,3),1777924351229869056,1777924351697883136,1777924348461306880
0,0,397,SYRK(6,6,3),1777924350982043648,1777924351697881088,1777924348471445504
0,0,398,GEMM(7,6,3),1777924350884973568,1777924351290613760,1777924348471444480
0,0,399,GEMM(8,6,3),1777924350922106880,1777924351290635264,1777924348471444480
0,0,400,GEMM(9,6,3),1777924351229869056,1777924351697895424,1777924348405874688
0,0,401,GEMM(10,6,3),1777924350768776192,1777924351290611712,1777924348435926016
0,0,402,GEMM(11,6,3),1777924351250308096,1777924351764265984,1777924348531991552
0,0,403,GEMM(12,6,3),1777924350963058688,1777924351329321984,1777924348531994624
0,0,404,GEMM(13,6,3),1777924350690892800,1777924351290611712,1777924348461306880
0,0,405,GEMM(14,6,3),1777924350982046720,1777924351616142336,1777924348531988480
0,0,406,GEMM(15,6,3),1777924351229881344,1777924351697933312,1777924348531990528
0,0,416,SYRK(8,8,3),1777924350550430720,1777924351290611712,1777924348471443456
0,0,417,GEMM(9,8,3),1777924351250302976,1777924351697895424,1777924348405873664
0,0,418,GEMM(10,8,3),1777924350550369280,1777924351108040704,1777924348435926016
0,0,419,GEMM(11,8,3),1777924351229869056,1777924351697889280,1777924348531992576
0,0,420,GEMM(12,8,3),1777924350550429696,1777924351147897856,1777924348531994624
0,0,421,GEMM(13,8,3),1777924350550397952,1777924351024845824,1777924348461316096
0,0,422,GEMM(14,8,3),1777924350550382592,1777924351066437632,1777924348533120000
0,0,423,GEMM(15,8,3),1777924351188352000,1777924351697939456,1777924348531990528
0,0,431,SYRK(10,10,3),1777924350550369280,1777924351024845824,1777924348531982336
0,0,432,GEMM(11,10,3),1777924351229879296,1777924351697893376,1777924348435926016
0,0,433,GEMM(12,10,3),1777924351697910784,1777924351784936448,1777924350982042624
0,0,434,GEMM(13,10,3),1777924351814792192,1777924352050715648,1777924351290611712
0,0,435,GEMM(14,10,3),1777924352034739200,1777924352173380608,1777924351752690688
0,0,436,GEMM(15,10,3),1777924351814792192,1777924352050812928,1777924351290610688
0,0,442,SYRK(12,12,3),1777924351814792192,1777924352050716672,1777924351290611712
0,0,443,GEMM(13,12,3),1777924352049904640,1777924352173380608,1777924351752691712
0,0,444,GEMM(14,12,3),1777924351814792192,1777924352050716672,1777924351290611712
0,0,445,GEMM(15,12,3),1777924352049904640,1777924352228856832,1777924351764263936
0,0,449,SYRK(14,14,3),1777924351814793216,1777924352050812928,1777924351290610688
0,0,450,GEMM(15,14,3),1777924351814792192,1777924352050715648,1777924351290611712
0,0,452,POTRF(4),1777924351752701952,1777924352050715648,0
0,0,453,TRSM(5,4),1777924351752691712,1777924352343258112,0
0,0,454,TRSM(6,4),1777924351752690688,1777924352343223296,0
0,0,455,TRSM(7,4),1777924351752701952,1777924352348469248,0
0,0,456,TRSM(8,4),1777924351697882112,1777924352333358080,0
0,0,457,TRSM(9,4),1777924351764263936,1777924352348469248,0
0,0,458,TRSM(10,4),1777924351697882112,1777924352333285376,0
0,0,459,TRSM(11,4),1777924351814792192,1777924352378302464,0
0,0,460,TRSM(12,4),1777924351817808896,1777924352378302464,0
0,0,461,TRSM(13,4),1777924351752690688,1777924352343258112,0
0,0,462,TRSM(14,4),1777924351752691712,1777924352348469248,0
0,0,463,TRSM(15,4),1777924351752691712,1777924352343209984,0
0,0,475,SYRK(6,6,4),1777924351697882112,1777924351764629504,0
0,0,476,GEMM(7,6,4),1777924351764263936,1777924351818660864,0
0,0,477,GEMM(8,6,4),1777924351697882112,1777924351764265984,0
0,0,478,GEMM(9,6,4),1777924351814793216,1777924352090499072,0
0,0,479,GEMM(10,6,4),1777924351817808896,1777924352092297216,0
0,0,480,GEMM(11,6,4),1777924351752690688,1777924351818551296,0
0,0,481,GEMM(12,6,4),1777924351752691712,1777924351818607616,0
0,0,482,GEMM(13,6,4),1777924351764264960,1777924352034739200,0
0,0,483,GEMM(14,6,4),1777924351697946624,1777924351818414080,0
0,0,484,GEMM(15,6,4),1777924351764263936,1777924351818702848,0
0,0,494,SYRK(8,8,4),1777924351818606592,1777924352172962816,0
0,0,495,GEMM(9,8,4),1777924352170313728,1777924352229426176,0
0,0,496,GEMM(10,8,4),1777924352229085184,1777924352270521344,0
0,0,497,GEMM(11,8,4),1777924352170313728,1777924352229426176,0
0,0,498,GEMM(12,8,4),1777924352170313728,1777924352229427200,0
0,0,499,GEMM(13,8,4),1777924352229086208,1777924352270521344,0
0,0,500,GEMM(14,8,4),1777924352170313728,1777924352269613056,0
0,0,501,GEMM(15,8,4),1777924352229426176,1777924352270937088,0
0,0,509,SYRK(10,10,4),1777924352170313728,1777924352229426176,0
0,0,510,GEMM(11,10,4),1777924352170313728,1777924352229426176,0
0,0,511,GEMM(12,10,4),1777924352229086208,1777924352270696448,0
0,0,512,GEMM(13,10,4),1777924352348343296,1777924352378302464,0
0,0,513,GEMM(14,10,4),1777924352348343296,1777924352413692928,0
0,0,514,GEMM(15,10,4),1777924352378362880,1777924352413985792,0
0,0,520,SYRK(12,12,4),1777924352343357440,1777924352378302464,0
0,0,521,GEMM(13,12,4),1777924352378361856,1777924352413985792,0
0,0,522,GEMM(14,12,4),1777924352333357056,1777924352348469248,0
0,0,523,GEMM(15,12,4),1777924352378363904,1777924352417076224,0
0,0,527,SYRK(14,14,4),1777924352378362880,1777924352413985792,0
0,0,528,GEMM(15,14,4),1777924352348343296,1777924352378302464,0
0,0,541,SYRK(6,6,5),1777924354057581568,1777924355101147136,1777924352378361856
0,0,542,GEMM(7,6,5),1777924354057515008,1777924355101144064,1777924352378362880
0,0,543,GEMM(8,6,5),1777924354057534464,1777924355101145088,1777924352343357440
0,0,544,GEMM(9,6,5),1777924354057561088,1777924355101146112,1777924352378361856
0,0,545,GEMM(10,6,5),1777924354057527296,1777924355101146112,1777924352333357056
0,0,546,GEMM(11,6,5),1777924354057571328,1777924355101146112,1777924352378363904
0,0,547,GEMM(12,6,5),1777924354057586688,1777924355101146112,1777924352378363904
0,0,548,GEMM(13,6,5),1777924354057529344,1777924355101184000,1777924352348343296
0,0,549,GEMM(14,6,5),1777924354057527296,1777924355101145088,1777924352378362880
0,0,550,GEMM(15,6,5),1777924354057549824,1777924355101145088,1777924352378362880
0,0,560,SYRK(8,8,5),1777924354057516032,1777924355101145088,1777924352343357440
0,0,561,GEMM(9,8,5),1777924354057592832,1777924355101222912,1777924352378361856
0,0,562,GEMM(10,8,5),1777924354057516032,1777924355101144064,1777924352333357056
0,0,563,GEMM(11,8,5),1777924354057589760,1777924355101146112,1777924352378363904
0,0,564,GEMM(12,8,5),1777924354057516032,1777924355101144064,1777924352378363904
0,0,565,GEMM(13,8,5),1777924354057408512,1777924355101144064,1777924352348343296
0,0,566,GEMM(14,8,5),1777924354057603072,1777924355269507072,1777924352378362880
0,0,567,GEMM(15,8,5),1777924354057570304,1777924355101146112,1777924352378362880
0,0,575,SYRK(10,10,5),1777924354057550848,1777924355101145088,1777924352343357440
0,0,576,GEMM(11,10,5),1777924354057551872,1777924355101227008,1777924352378361856
0,0,577,GEMM(12,10,5),1777924354057555968,1777924355101145088,1777924352333357056
0,0,578,GEMM(13,10,5),1777924354057562112,1777924355101146112,1777924352378363904
0,0,579,GEMM(14,10,5),1777924354057535488,1777924355101146112,1777924352378363904
0,0,580,GEMM(15,10,5),1777924354057535488,1777924355101146112,1777924352378309632
0,0,586,SYRK(12,12,5),1777924354057528320,1777924355101145088,1777924352413984768
0,0,587,GEMM(13,12,5),1777924354057534464,1777924355101147136,1777924352413993984
0,0,588,GEMM(14,12,5),1777924354057516032,1777924355101144064,1777924352378308608
0,0,589,GEMM(15,12,5),1777924354057505792,1777924355101144064,1777924352413989888
0,0,593,SYRK(14,14,5),1777924353987895296,1777924354057329664,1777924352378301440
0,0,594,GEMM(15,14,5),1777924353987895296,1777924355101144064,1777924352417083392
0,0,596,POTRF(6),1777924352413992960,1777924352419428352,0
0,0,597,TRSM(7,6),1777924352378310656,1777924352426983424,0
0,0,598,TRSM(8,6),1777924355101476864,1777924355702702080,0
0,0,599,TRSM(9,6),1777924355101447168,1777924355465785344,0
0,0,600,TRSM(10,6),1777924355101491200,1777924355553440768,0
0,0,601,TRSM(11,6),1777924355101447168,1777924355466057728,0
0,0,602,TRSM(12,6),1777924355101457408,1777924355491271680,0
0,0,603,TRSM(13,6),1777924355101463552,1777924355476113408,0
0,0,604,TRSM(14,6),1777924355101412352,1777924355466057728,0
0,0,605,TRSM(15,6),1777924355101485056,1777924355553485824,0
0,0,615,SYRK(8,8,6),1777924355101486080,1777924355269951488,0
0,0,616,GEMM(9,8,6),1777924355101450240,1777924355269719040,0
0,0,617,GEMM(10,8,6),1777924355102083072,1777924355417161728,0
0,0,618,GEMM(11,8,6),1777924355101447168,1777924355269611520,0
0,0,619,GEMM(12,8,6),1777924355101457408,1777924355269818368,0
0,0,620,GEMM(13,8,6),1777924355101475840,1777924355269951488,0
0,0,621,GEMM(14,8,6),1777924355101416448,1777924355269507072,0
0,0,622,GEMM(15,8,6),1777924355101486080,1777924355270004736,0
0,0,630,SYRK(10,10,6),1777924355270059008,1777924355419338752,0
0,0,631,GEMM(11,10,6),1777924355101450240,1777924355269718016,0
0,0,632,GEMM(12,10,6),1777924355102013440,1777924355270060032,0
0,0,633,GEMM(13,10,6),1777924355102013440,1777924355270060032,0
0,0,634,GEMM(14,10,6),1777924355101457408,1777924355269818368,0
0,0,635,GEMM(15,10,6),1777924355101475840,1777924355269951488,0
0,0,641,SYRK(12,12,6),1777924355101429760,1777924355269507072,0
0,0,642,GEMM(13,12,6),1777924355101486080,1777924355270060032,0
0,0,643,GEMM(14,12,6),1777924355270060032,1777924355419432960,0
0,0,644,GEMM(15,12,6),1777924355101450240,1777924355269719040,0
0,0,648,SYRK(14,14,6),1777924355102013440,1777924355270060032,0
0,0,649,GEMM(15,14,6),1777924355102013440,1777924355270060032,0
0,0,660,SYRK(8,8,7),1777924355270164480,1777924355419540480,1777924355101457408
0,0,661,GEMM(9,8,7),1777924355270164480,1777924355419707392,1777924355101475840
0,0,662,GEMM(10,8,7),1777924355270163456,1777924355419539456,1777924355101508608
0,0,663,GEMM(11,8,7),1777924355270163456,1777924355419539456,1777924355101488128
0,0,664,GEMM(12,8,7),1777924356033925120,1777924356145345536,1777924355791223808
0,0,665,GEMM(13,8,7),1777924355554871296,1777924355715694592,1777924355475960832
0,0,666,GEMM(14,8,7),1777924355891045376,1777924356141106176,1777924355714904064
0,0,667,GEMM(15,8,7),1777924357408926720,1777924357634971648,1777924355466064896
0,0,675,SYRK(10,10,7),1777924355791224832,1777924355894863872,1777924355655199744
0,0,676,GEMM(11,10,7),1777924355715590144,1777924355891752960,1777924355552837632
0,0,677,GEMM(12,10,7),1777924355552837632,1777924355705291776,1777924355466151936
0,0,678,GEMM(13,10,7),1777924355891045376,1777924356038603776,1777924355714903040
0,0,679,GEMM(14,10,7),1777924356033925120,1777924356150748160,1777924355791223808
0,0,680,GEMM(15,10,7),1777924357408785408,1777924357634962432,1777924355475960832
0,0,686,SYRK(12,12,7),1777924355891045376,1777924356038603776,1777924355714904064
0,0,687,GEMM(13,12,7),1777924355481257984,1777924355705291776,1777924355466065920
0,0,688,GEMM(14,12,7),1777924355791370240,1777924355894863872,1777924355655199744
0,0,689,GEMM(15,12,7),1777924357408926720,1777924357635005440,1777924355552837632
0,0,693,SYRK(14,14,7),1777924355552876544,1777924355705397248,1777924355466151936
0,0,694,GEMM(15,14,7),1777924357408926720,1777924357634990080,1777924355714904064
0,0,696,POTRF(8),1777924355791239168,1777924356038603776,0
0,0,697,TRSM(9,8),1777924355475960832,1777924356212517888,0
0,0,698,TRSM(10,8),1777924355714904064,1777924356218428416,0
0,0,699,TRSM(11,8),1777924355466066944,1777924356208737280,0
0,0,700,TRSM(12,8),1777924355655199744,1777924356226497536,0
0,0,701,TRSM(13,8),1777924355552837632,1777924356223197184,0
0,0,702,TRSM(14,8),1777924355466151936,1777924356210548736,0
0,0,703,TRSM(15,8),1777924355714904064,1777924356223197184,0
0,0,711,SYRK(10,10,8),1777924355894863872,1777924356144365568,0
0,0,712,GEMM(11,10,8),1777924355475960832,1777924355553452032,0
0,0,713,GEMM(12,10,8),1777924355714904064,1777924355795171328,0
0,0,714,GEMM(13,10,8),1777924355466066944,1777924355491712000,0
0,0,715,GEMM(14,10,8),1777924355655200768,1777924355794032640,0
0,0,716,GEMM(15,10,8),1777924355552838656,1777924355715590144,0
0,0,722,SYRK(12,12,8),1777924355475474432,1777924355552854016,0
0,0,723,GEMM(13,12,8),1777924355714904064,1777924355795171328,0
0,0,724,GEMM(14,12,8),1777924356150142976,1777924356162466816,0
0,0,725,GEMM(15,12,8),1777924355792608256,1777924356033661952,0
0,0,729,SYRK(14,14,8),1777924356145345536,1777924356162198528,0
0,0,730,GEMM(15,14,8),1777924357675729920,1777924357942274048,0
0,0,739,SYRK(10,10,9),1777924357635193856,1777924357929165824,1777924356038603776
0,0,740,GEMM(11,10,9),1777924357635159040,1777924357917371392,1777924356030240768
0,0,741,GEMM(12,10,9),1777924357635144704,1777924357917373440,1777924355715590144
0,0,742,GEMM(13,10,9),1777924357675797504,1777924357942541312,1777924356144283648
0,0,743,GEMM(14,10,9),1777924357635026944,1777924357917371392,1777924356160703488
0,0,744,GEMM(15,10,9),1777924357986546688,1777924358238043136,1777924357835799552
0,0,750,SYRK(12,12,9),1777924357408925696,1777924357635001344,1777924356145345536
0,0,751,GEMM(13,12,9),1777924357942784000,1777924358238043136,1777924357675729920
0,0,752,GEMM(14,12,9),1777924357409052672,1777924357867804672,1777924356038603776
0,0,753,GEMM(15,12,9),1777924358026078208,1777924358257559552,1777924357867803648
0,0,757,SYRK(14,14,9),1777924357389646848,1777924357634961408,1777924355715590144
0,0,758,GEMM(15,14,9),1777924357942541312,1777924358106457088,1777924357635160064
0,0,760,POTRF(10),1777924356160703488,1777924356177296384,0
0,0,761,TRSM(11,10),1777924357835800576,1777924358339032064,0
0,0,762,TRSM(12,10),1777924356218436608,1777924356241020928,0
0,0,763,TRSM(13,10),1777924357675729920,1777924358338616320,0
0,0,764,TRSM(14,10),1777924356226510848,1777924356242620416,0
0,0,765,TRSM(15,10),1777924357867803648,1777924358340412416,0
0,0,771,SYRK(12,12,10),1777924356212515840,1777924356223197184,0
0,0,772,GEMM(13,12,10),1777924357635201024,1777924357942274048,0
0,0,773,GEMM(14,12,10),1777924356165516288,1777924356177355776,0
0,0,774,GEMM(15,12,10),1777924357867802624,1777924357942784000,0
0,0,778,SYRK(14,14,10),1777924356218438656,1777924356226497536,0
0,0,779,GEMM(15,14,10),1777924357835799552,1777924357942541312,0
0,0,786,SYRK(12,12,11),1777924357635142656,1777924357917429760,1777924356226762752
0,0,787,GEMM(13,12,11),1777924358026078208,1777924358238043136,1777924357867803648
0,0,788,GEMM(14,12,11),1777924357635165184,1777924357929165824,1777924356212516864
0,0,789,GEMM(15,12,11),1777924357942541312,1777924358237791232,1777924357635207168
0,0,793,SYRK(14,14,11),1777924357635174400,1777924357917385728,1777924356165517312
0,0,794,GEMM(15,14,11),1777924358026078208,1777924358238043136,1777924357867803648
0,0,796,POTRF(12),1777924356223183872,1777924356228852736,0
0,0,797,TRSM(13,12),1777924357942784000,1777924358340173824,0
0,0,798,TRSM(14,12),1777924357942541312,1777924358339745792,0
0,0,799,TRSM(15,12),1777924357942541312,1777924358339714048,0
0,0,803,SYRK(14,14,12),1777924357942541312,1777924358067226624,0
0,0,804,GEMM(15,14,12),1777924358025314304,1777924358238043136,0
0,0,809,SYRK(14,14,13),1777924358237791232,1777924358299064320,1777924357942541312
0,0,810,GEMM(15,14,13),1777924358258563072,1777924358299735040,1777924358257143808
0,0,812,POTRF(14),1777924357675746304,1777924358067226624,0
0,0,813,TRSM(15,14),1777924358257143808,1777924358340652032,0
0,1,0,POTRF(0),1777924359313360896,1777924359468784640,0
0,1,1,TRSM(1,0),1777924359315895296,1777924359569339392,0
0,1,2,TRSM(2,0),1777924359315895296,1777924359569339392,0
0,1,3,TRSM(3,0),1777924359315895296,1777924359569484800,0
0,1,4,TRSM(4,0),1777924359315895296,1777924359569340416,0
0,1,5,TRSM(5,0),1777924359315895296,1777924359569373184,0
0,1,6,TRSM(6,0),1777924359315895296,1777924359569460224,0
0,1,7,TRSM(7,0),1777924359315895296,1777924359609154560,0
0,1,8,TRSM(8,0),1777924359315895296,1777924359609154560,0
0,1,9,TRSM(9,0),1777924359315895296,1777924359609154560,0
0,1,10,TRSM(10,0),1777924359315895296,1777924359609201664,0
0,1,11,TRSM(11,0),1777924359315895296,1777924359618759680,0
0,1,12,TRSM(12,0),1777924359315896320,1777924359609201664,0
0,1,13,TRSM(13,0),1777924359315896320,1777924359609201664,0
0,1,14,TRSM(14,0),1777924359315896320,1777924359618760704,0
0,1,15,TRSM(15,0),1777924359315896320,1777924359618760704,0
0,1,31,SYRK(2,2,0),1777924359315896320,1777924359468829696,0
0,1,32,GEMM(3,2,0),1777924359315896320,1777924359468829696,0
0,1,33,GEMM(4,2,0),1777924359315896320,1777924359468829696,0
0,1,34,GEMM(5,2,0),1777924359315896320,1777924359468829696,0
0,1,35,GEMM(6,2,0),1777924359315896320,1777924359468829696,0
0,1,36,GEMM(7,2,0),1777924359315897344,1777924359468829696,0
0,1,37,GEMM(8,2,0),1777924359315897344,1777924359468830720,0
0,1,38,GEMM(9,2,0),1777924359315897344,1777924359468830720,0
0,1,39,GEMM(10,2,0),1777924359315897344,1777924359468830720,0
0,1,40,GEMM(11,2,0),1777924359315897344,1777924359468830720,0
0,1,41,GEMM(12,2,0),1777924359315897344,1777924359468830720,0
0,1,42,GEMM(13,2,0),1777924359315897344,1777924359468830720,0
0,1,43,GEMM(14,2,0),1777924359315897344,1777924359468830720,0
0,1,44,GEMM(15,2,0),1777924359315897344,1777924359468830720,0
0,1,58,SYRK(4,4,0),1777924359315898368,1777924359468831744,0
0,1,59,GEMM(5,4,0),1777924359315898368,1777924359469649920,0
0,1,60,GEMM(6,4,0),1777924359469388800,1777924359481717760,0
0,1,61,GEMM(7,4,0),1777924359569505280,1777924359618760704,0
0,1,62,GEMM(8,4,0),1777924359569484800,1777924359609201664,0
0,1,63,GEMM(9,4,0),1777924359618758656,1777924359820293120,0
0,1,64,GEMM(10,4,0),1777924359569484800,1777924359609201664,0
0,1,65,GEMM(11,4,0),1777924359569484800,1777924359618759680,0
0,1,66,GEMM(12,4,0),1777924359598978048,1777924359628898304,0
0,1,67,GEMM(13,4,0),1777924359628896256,1777924359820294144,0
0,1,68,GEMM(14,4,0),1777924359628896256,1777924359820293120,0
0,1,69,GEMM(15,4,0),1777924359628896256,1777924359820294144,0
0,1,81,SYRK(6,6,0),1777924359628897280,1777924359820295168,0
0,1,82,GEMM(7,6,0),1777924359820292096,1777924359915756544,0
0,1,83,GEMM(8,6,0),1777924359628896256,1777924359820294144,0
0,1,84,GEMM(9,6,0),1777924359628895232,1777924359820293120,0
0,1,85,GEMM(10,6,0),1777924359820291072,1777924359915755520,0
0,1,86,GEMM(11,6,0),1777924359820291072,1777924359915755520,0
0,1,87,GEMM(12,6,0),1777924359628895232,1777924359820293120,0
0,1,88,GEMM(13,6,0),1777924359628896256,1777924359820294144,0
0,1,89,GEMM(14,6,0),1777924359628897280,1777924359820295168,0
0,1,90,GEMM(15,6,0),1777924359820292096,1777924359915756544,0
0,1,100,SYRK(8,8,0),1777924359628896256,1777924359820294144,0
0,1,101,GEMM(9,8,0),1777924359628896256,1777924359820293120,0
0,1,102,GEMM(10,8,0),1777924359820291072,1777924359915755520,0
0,1,103,GEMM(11,8,0),1777924359820292096,1777924359915756544,0
0,1,104,GEMM(12,8,0),1777924359628896256,1777924359820294144,0
0,1,105,GEMM(13,8,0),1777924359628896256,1777924359820294144,0
0,1,106,GEMM(14,8,0),1777924359628897280,1777924359820295168,0
0,1,107,GEMM(15,8,0),1777924359820292096,1777924359935641600,0
0,1,115,SYRK(10,10,0),1777924359628897280,1777924359820295168,0
0,1,116,GEMM(11,10,0),1777924359628896256,1777924359820293120,0
0,1,117,GEMM(12,10,0),1777924359820291072,1777924359915755520,0
0,1,118,GEMM(13,10,0),1777924359820292096,1777924359915755520,0
0,1,119,GEMM(14,10,0),1777924359628896256,1777924359820294144,0
0,1,120,GEMM(15,10,0),1777924359628896256,1777924359820294144,0
0,1,126,SYRK(12,12,0),1777924359628897280,1777924359915755520,0
0,1,127,GEMM(13,12,0),1777924359915754496,1777924359936778240,0
0,1,128,GEMM(14,12,0),1777924359628897280,1777924359820295168,0
0,1,129,GEMM(15,12,0),1777924359628895232,1777924359820293120,0
0,1,133,SYRK(14,14,0),1777924359820292096,1777924359915756544,0
0,1,134,GEMM(15,14,0),1777924359915753472,1777924359935641600,0
0,1,151,SYRK(2,2,1),1777924362373460992,1777924362619886592,1777924359915753472
0,1,152,GEMM(3,2,1),1777924362620042240,1777924363598052352,1777924359915753472
0,1,153,GEMM(4,2,1),1777924362394081280,1777924363071212544,1777924359915754496
0,1,154,GEMM(5,2,1),1777924362373590016,1777924362619889664,1777924359935640576
0,1,155,GEMM(6,2,1),1777924362373586944,1777924362619858944,1777924359915753472
0,1,156,GEMM(7,2,1),1777924362619891712,1777924363598077952,1777924359915752448
0,1,157,GEMM(8,2,1),1777924362619960320,1777924363598049280,1777924359935639552
0,1,158,GEMM(9,2,1),1777924362620048384,1777924363598049280,1777924359935639552
0,1,159,GEMM(10,2,1),1777924362742834176,1777924363598051328,1777924359915752448
0,1,160,GEMM(11,2,1),1777924362742834176,1777924363598105600,1777924359915753472
0,1,161,GEMM(12,2,1),1777924362659519488,1777924363598050304,1777924359915754496
0,1,162,GEMM(13,2,1),1777924362620046336,1777924363598083072,1777924359935640576
0,1,163,GEMM(14,2,1),1777924362620054528,1777924363598050304,1777924359915753472
0,1,164,GEMM(15,2,1),1777924362742834176,1777924363598056448,1777924359915752448
0,1,178,SYRK(4,4,1),1777924362356740096,1777924362579569664,1777924359935640576
0,1,179,GEMM(5,4,1),1777924362373590016,1777924362619859968,1777924359935639552
0,1,180,GEMM(6,4,1),1777924362373643264,1777924362619876352,1777924359915752448
0,1,181,GEMM(7,4,1),1777924362619859968,1777924363190790144,1777924359915753472
0,1,182,GEMM(8,4,1),1777924362742847488,1777924363598051328,1777924359915754496
0,1,183,GEMM(9,4,1),1777924362742943744,1777924363699579904,1777924359935648768
0,1,184,GEMM(10,4,1),1777924362620041216,1777924363598049280,1777924359915753472
0,1,185,GEMM(11,4,1),1777924362742886400,1777924363598100480,1777924359915752448
0,1,186,GEMM(12,4,1),1777924362701323264,1777924363598051328,1777924359935640576
0,1,187,GEMM(13,4,1),1777924362742835200,1777924363598051328,1777924359935639552
0,1,188,GEMM(14,4,1),1777924362620042240,1777924363598054400,1777924359915753472
0,1,189,GEMM(15,4,1),1777924362659519488,1777924363598061568,1777924359915754496
0,1,201,SYRK(6,6,1),1777924362373585920,1777924362619858944,1777924359935639552
0,1,202,GEMM(7,6,1),1777924362619868160,1777924363229450240,1777924359936784384
0,1,203,GEMM(8,6,1),1777924362659567616,1777924363598050304,1777924359915754496
0,1,204,GEMM(9,6,1),1777924362742834176,1777924363598052352,1777924359915753472
0,1,205,GEMM(10,6,1),1777924362620055552,1777924363598081024,1777924359935640576
0,1,206,GEMM(11,6,1),1777924362742864896,1777924363598051328,1777924359935645696
0,1,207,GEMM(12,6,1),1777924363598220288,1777924363704943616,1777924362742834176
0,1,208,GEMM(13,6,1),1777924363705049088,1777924364311797760,1777924363598229504
0,1,209,GEMM(14,6,1),1777924363704170496,1777924364310372352,1777924363598049280
0,1,210,GEMM(15,6,1),1777924363598220288,1777924363700750336,1777924362742834176
0,1,220,SYRK(8,8,1),1777924363598109696,1777924363700750336,1777924362742834176
0,1,221,GEMM(9,8,1),1777924363746102272,1777924364451052544,1777924363616874496
0,1,222,GEMM(10,8,1),1777924363923225600,1777924364521884672,1777924363699556352
0,1,223,GEMM(11,8,1),1777924363746102272,1777924364448847872,1777924363699055616
0,1,224,GEMM(12,8,1),1777924363704702976,1777924364310652928,1777924363598249984
0,1,225,GEMM(13,8,1),1777924363746110464,1777924364448841728,1777924363699055616
0,1,226,GEMM(14,8,1),1777924363746102272,1777924364448838656,1777924363616874496
0,1,227,GEMM(15,8,1),1777924363743989760,1777924364311797760,1777924363598269440
0,1,235,SYRK(10,10,1),1777924363704702976,1777924364311513088,1777924363598279680
0,1,236,GEMM(11,10,1),1777924363746102272,1777924364448833536,1777924363616874496
0,1,237,GEMM(12,10,1),1777924363923215360,1777924364451700736,1777924363699572736
0,1,238,GEMM(13,10,1),1777924363746104320,1777924364448839680,1777924363699055616
0,1,239,GEMM(14,10,1),1777924363744059392,1777924364448829440,1777924363598255104
0,1,240,GEMM(15,10,1),1777924363746102272,1777924364448829440,1777924363699055616
0,1,246,SYRK(12,12,1),1777924363746102272,1777924364448886784,1777924363616874496
0,1,247,GEMM(13,12,1),1777924364448829440,1777924364617423872,1777924363704700928
0,1,248,GEMM(14,12,1),1777924363744033792,1777924364448825344,1777924363598291968
0,1,249,GEMM(15,12,1),1777924363923215360,1777924364451700736,1777924363699556352
0,1,253,SYRK(14,14,1),1777924363923215360,1777924364451700736,1777924363699556352
0,1,254,GEMM(15,14,1),1777924363746102272,1777924364448842752,1777924363699092480
0,1,256,POTRF(2),1777924363598269440,1777924363847191552,0
0,1,257,TRSM(3,2),1777924363699055616,1777924364748836864,0
0,1,258,TRSM(4,2),1777924363616875520,1777924364746698752,0
0,1,259,TRSM(5,2),1777924363704701952,1777924364749729792,0
0,1,260,TRSM(6,2),1777924363598299136,1777924364747058176,0
0,1,261,TRSM(7,2),1777924363699567616,1777924364748836864,0
0,1,262,TRSM(8,2),1777924363699556352,1777924364748836864,0
0,1,263,TRSM(9,2),1777924363699055616,1777924364747058176,0
0,1,264,TRSM(10,2),1777924363803332608,1777924364840486912,0
0,1,265,TRSM(11,2),1777924364451186688,1777924364870615040,0
0,1,266,TRSM(12,2),1777924364449408000,1777924364870615040,0
0,1,267,TRSM(13,2),1777924363704701952,1777924364749730816,0
0,1,268,TRSM(14,2),1777924363704701952,1777924364794790912,0
0,1,269,TRSM(15,2),1777924364511323136,1777924364885701632,0
0,1,283,SYRK(4,4,2),1777924364627900416,1777924364675683328,0
0,1,284,GEMM(5,4,2),1777924364489850880,1777924364638809088,0
0,1,285,GEMM(6,4,2),1777924364449408000,1777924364617423872,0
0,1,286,GEMM(7,4,2),1777924364489850880,1777924364638810112,0
0,1,287,GEMM(8,4,2),1777924364489850880,1777924364638810112,0
0,1,288,GEMM(9,4,2),1777924364451186688,1777924364627988480,0
0,1,289,GEMM(10,4,2),1777924364450939904,1777924364627564544,0
0,1,290,GEMM(11,4,2),1777924364511323136,1777924364664089600,0
0,1,291,GEMM(12,4,2),1777924364627900416,1777924364675683328,0
0,1,292,GEMM(13,4,2),1777924364489850880,1777924364638810112,0
0,1,293,GEMM(14,4,2),1777924364489849856,1777924364638809088,0
0,1,294,GEMM(15,4,2),1777924364489850880,1777924364638810112,0
0,1,306,SYRK(6,6,2),1777924364489850880,1777924364638810112,0
0,1,307,GEMM(7,6,2),1777924364638810112,1777924364676210688,0
0,1,308,GEMM(8,6,2),1777924364451700736,1777924364638238720,0
0,1,309,GEMM(9,6,2),1777924364531630080,1777924364673675264,0
0,1,310,GEMM(10,6,2),1777924364627900416,1777924364675860480,0
0,1,311,GEMM(11,6,2),1777924364489850880,1777924364638810112,0
0,1,312,GEMM(12,6,2),1777924364489886720,1777924364638809088,0
0,1,313,GEMM(13,6,2),1777924364794789888,1777924364840843264,0
0,1,314,GEMM(14,6,2),1777924364749729792,1777924364840486912,0
0,1,315,GEMM(15,6,2),1777924364840236032,1777924364870615040,0
0,1,325,SYRK(8,8,2),1777924364749728768,1777924364795449344,0
0,1,326,GEMM(9,8,2),1777924364794789888,1777924364840843264,0
0,1,327,GEMM(10,8,2),1777924364794789888,1777924364840843264,0
0,1,328,GEMM(11,8,2),1777924364749728768,1777924364795449344,0
0,1,329,GEMM(12,8,2),1777924364885700608,1777924364905666560,0
0,1,330,GEMM(13,8,2),1777924364905665536,1777924364941069312,0
0,1,331,GEMM(14,8,2),1777924364905664512,1777924364941069312,0
0,1,332,GEMM(15,8,2),1777924364840236032,1777924364885701632,0
0,1,340,SYRK(10,10,2),1777924364870340608,1777924364905666560,0
0,1,341,GEMM(11,10,2),1777924364941068288,1777924364960982016,0
0,1,342,GEMM(12,10,2),1777924364794789888,1777924364840843264,0
0,1,343,GEMM(13,10,2),1777924364749729792,1777924364795449344,0
0,1,344,GEMM(14,10,2),1777924364885700608,1777924364941069312,0
0,1,345,GEMM(15,10,2),1777924364905665536,1777924364960980992,0
0,1,351,SYRK(12,12,2),1777924364905665536,1777924364941069312,0
0,1,352,GEMM(13,12,2),1777924364840236032,1777924364870615040,0
0,1,353,GEMM(14,12,2),1777924364870340608,1777924364885701632,0
0,1,354,GEMM(15,12,2),1777924364941068288,1777924364962112512,0
0,1,358,SYRK(14,14,2),1777924364794789888,1777924364870615040,0
0,1,359,GEMM(15,14,2),1777924364749729792,1777924364795450368,0
0,1,374,SYRK(4,4,3),1777924366962279424,1777924367858276352,1777924364885700608
0,1,375,GEMM(5,4,3),1777924366962257920,1777924367858278400,1777924364905665536
0,1,376,GEMM(6,4,3),1777924366962271232,1777924367858279424,1777924364905665536
0,1,377,GEMM(7,4,3),1777924366962284544,1777924367858345984,1777924364840236032
0,1,378,GEMM(8,4,3),1777924366962269184,1777924367858276352,1777924364870340608
0,1,379,GEMM(9,4,3),1777924367858557952,1777924368190928896,1777924364941068288
0,1,380,GEMM(10,4,3),1777924366962257920,1777924367858279424,1777924364794789888
0,1,381,GEMM(11,4,3),1777924367858506752,1777924368190785536,1777924364749729792
0,1,382,GEMM(12,4,3),1777924366962255872,1777924367858293760,1777924364885700608
0,1,383,GEMM(13,4,3),1777924366962257920,1777924367858283520,1777924364905665536
0,1,384,GEMM(14,4,3),1777924366962270208,1777924367858277376,1777924364905665536
0,1,385,GEMM(15,4,3),1777924366962248704,1777924367858275328,1777924364885700608
0,1,397,SYRK(6,6,3),1777924366962274304,1777924367858278400,1777924364870341632
0,1,398,GEMM(7,6,3),1777924366962331648,1777924367858281472,1777924364941068288
0,1,399,GEMM(8,6,3),1777924366962256896,1777924367858276352,1777924364870341632
0,1,400,GEMM(9,6,3),1777924367858476032,1777924368190784512,1777924364840236032
0,1,401,GEMM(10,6,3),1777924366962325504,1777924367858277376,1777924364941068288
0,1,402,GEMM(11,6,3),1777924367858476032,1777924368190784512,1777924364960980992
0,1,403,GEMM(12,6,3),1777924366962330624,1777924367858342912,1777924364960980992
0,1,404,GEMM(13,6,3),1777924366962257920,1777924367858279424,1777924364905664512
0,1,405,GEMM(14,6,3),1777924366962256896,1777924367858341888,1777924364941067264
0,1,406,GEMM(15,6,3),1777924367001048064,1777924368170505216,1777924364960986112
0,1,416,SYRK(8,8,3),1777924366962249728,1777924367858276352,1777924364870341632
0,1,417,GEMM(9,8,3),1777924367858507776,1777924368190785536,1777924364840236032
0,1,418,GEMM(10,8,3),1777924366962256896,1777924367858276352,1777924364960979968
0,1,419,GEMM(11,8,3),1777924367858352128,1777924368190784512,1777924364960989184
0,1,420,GEMM(12,8,3),1777924366962304000,1777924367858277376,1777924364960980992
0,1,421,GEMM(13,8,3),1777924366962262016,1777924367858277376,1777924364905664512
0,1,422,GEMM(14,8,3),1777924366962257920,1777924367858339840,1777924364941068288
0,1,423,GEMM(15,8,3),1777924366962157568,1777924367858301952,1777924364962116608
0,1,431,SYRK(10,10,3),1777924366944266240,1777924367816500224,1777924364885700608
0,1,432,GEMM(11,10,3),1777924367858476032,1777924368190784512,1777924364840236032
0,1,433,GEMM(12,10,3),1777924368193968128,1777924368532677632,1777924367858522112
0,1,434,GEMM(13,10,3),1777924368193968128,1777924368532619264,1777924367858509824
0,1,435,GEMM(14,10,3),1777924368194434048,1777924368532817920,1777924367858578432
0,1,436,GEMM(15,10,3),1777924368194441216,1777924368533372928,1777924367896620032
0,1,442,SYRK(12,12,3),1777924368193969152,1777924368532817920,1777924367858543616
0,1,443,GEMM(13,12,3),1777924368533029888,1777924368682898432,1777924368193968128
0,1,444,GEMM(14,12,3),1777924368193967104,1777924368532582400,1777924367858494464
0,1,445,GEMM(15,12,3),1777924368532817920,1777924368682897408,1777924368193967104
0,1,449,SYRK(14,14,3),1777924368193969152,1777924368532678656,1777924367858527232
0,1,450,GEMM(15,14,3),1777924368193968128,1777924368532677632,1777924367858521088
0,1,452,POTRF(4),1777924367858568192,1777924368532357120,0
0,1,453,TRSM(5,4),1777924367896692736,1777924368792521728,0
0,1,454,TRSM(6,4),1777924367858561024,1777924368787240960,0
0,1,455,TRSM(7,4),1777924368193968128,1777924368827710464,0
0,1,456,TRSM(8,4),1777924367858515968,1777924368777361408,0
0,1,457,TRSM(9,4),1777924368193967104,1777924368802939904,0
0,1,458,TRSM(10,4),1777924367858531328,1777924368776239104,0
0,1,459,TRSM(11,4),1777924368193967104,1777924368802939904,0
0,1,460,TRSM(12,4),1777924368193564672,1777924368793044992,0
0,1,461,TRSM(13,4),1777924367896620032,1777924368787487744,0
0,1,462,TRSM(14,4),1777924367896631296,1777924368777361408,0
0,1,463,TRSM(15,4),1777924368193968128,1777924368802939904,0
0,1,475,SYRK(6,6,4),1777924367858506752,1777924368190785536,0
0,1,476,GEMM(7,6,4),1777924368193967104,1777924368532581376,0
0,1,477,GEMM(8,6,4),1777924367858538496,1777924368193564672,0
0,1,478,GEMM(9,6,4),1777924368193967104,1777924368532619264,0
0,1,479,GEMM(10,6,4),1777924368193564672,1777924368532544512,0
0,1,480,GEMM(11,6,4),1777924367896620032,1777924368193830912,0
0,1,481,GEMM(12,6,4),1777924367896620032,1777924368194362368,0
0,1,482,GEMM(13,6,4),1777924368193968128,1777924368532678656,0
0,1,483,GEMM(14,6,4),1777924367858519040,1777924368190929920,0
0,1,484,GEMM(15,6,4),1777924368193967104,1777924368532582400,0
0,1,494,SYRK(8,8,4),1777924368533078016,1777924368682898432,0
0,1,495,GEMM(9,8,4),1777924368533028864,1777924368682898432,0
0,1,496,GEMM(10,8,4),1777924368570513408,1777924368693855232,0
0,1,497,GEMM(11,8,4),1777924368652807168,1777924368714660864,0
0,1,498,GEMM(12,8,4),1777924368570514432,1777924368693855232,0
0,1,499,GEMM(13,8,4),1777924368693855232,1777924368715551744,0
0,1,500,GEMM(14,8,4),1777924368533028864,1777924368682897408,0
0,1,501,GEMM(15,8,4),1777924368693855232,1777924368715767808,0
0,1,509,SYRK(10,10,4),1777924368533078016,1777924368693476352,0
0,1,510,GEMM(11,10,4),1777924368533076992,1777924368682898432,0
0,1,511,GEMM(12,10,4),1777924368570513408,1777924368694467584,0
0,1,512,GEMM(13,10,4),1777924368802569216,1777924368827710464,0
0,1,513,GEMM(14,10,4),1777924368793095168,1777924368827710464,0
0,1,514,GEMM(15,10,4),1777924368837879808,1777924368861717504,0
0,1,520,SYRK(12,12,4),1777924368786714624,1777924368802940928,0
0,1,521,GEMM(13,12,4),1777924368827723776,1777924368858207232,0
0,1,522,GEMM(14,12,4),1777924368777435136,1777924368793044992,0
0,1,523,GEMM(15,12,4),1777924368837878784,1777924368858207232,0
0,1,527,SYRK(14,14,4),1777924368802569216,1777924368837880832,0
0,1,528,GEMM(15,14,4),1777924368802569216,1777924368827710464,0
0,1,541,SYRK(6,6,5),1777924370455303168,1777924370578014208,1777924368793095168
0,1,542,GEMM(7,6,5),1777924370578269184,1777924371563366400,1777924368837879808
0,1,543,GEMM(8,6,5),1777924370578264064,1777924371563422720,1777924368786714624
0,1,544,GEMM(9,6,5),1777924370455303168,1777924370578006016,1777924368837878784
0,1,545,GEMM(10,6,5),1777924370455303168,1777924371562854400,1777924368777435136
0,1,546,GEMM(11,6,5),1777924370578333696,1777924371676569600,1777924368837879808
0,1,547,GEMM(12,6,5),1777924370578274304,1777924371563384832,1777924368802569216
0,1,548,GEMM(13,6,5),1777924370578270208,1777924371563397120,1777924368802569216
0,1,549,GEMM(14,6,5),1777924370578282496,1777924371563374592,1777924368793095168
0,1,550,GEMM(15,6,5),1777924370578311168,1777924371564534784,1777924368837879808
0,1,560,SYRK(8,8,5),1777924370578255872,1777924371563369472,1777924368786714624
0,1,561,GEMM(9,8,5),1777924370578297856,1777924371563388928,1777924368837878784
0,1,562,GEMM(10,8,5),1777924370578272256,1777924371563365376,1777924368777435136
0,1,563,GEMM(11,8,5),1777924370578315264,1777924371563394048,1777924368837879808
0,1,564,GEMM(12,8,5),1777924370578272256,1777924371563366400,1777924368802569216
0,1,565,GEMM(13,8,5),1777924370578288640,1777924371564565504,1777924368802569216
0,1,566,GEMM(14,8,5),1777924370578298880,1777924371563373568,1777924368793095168
0,1,567,GEMM(15,8,5),1777924370578320384,1777924371564535808,1777924368837879808
0,1,575,SYRK(10,10,5),1777924370455302144,1777924370578002944,1777924368786715648
0,1,576,GEMM(11,10,5),1777924370578277376,1777924371563387904,1777924368837879808
0,1,577,GEMM(12,10,5),1777924370578275328,1777924371563368448,1777924368777435136
0,1,578,GEMM(13,10,5),1777924370578265088,1777924371563405312,1777924368837879808
0,1,579,GEMM(14,10,5),1777924370578279424,1777924371563416576,1777924368802569216
0,1,580,GEMM(15,10,5),1777924370578305024,1777924371564535808,1777924368827714560
0,1,586,SYRK(12,12,5),1777924370578244608,1777924371563373568,1777924368827716608
0,1,587,GEMM(13,12,5),1777924370578270208,1777924371563371520,1777924368861722624
0,1,588,GEMM(14,12,5),1777924370578271232,1777924371563366400,1777924368827710464
0,1,589,GEMM(15,12,5),1777924370578272256,1777924371563365376,1777924368858211328
0,1,593,SYRK(14,14,5),1777924370578292736,1777924371564535808,1777924368793095168
0,1,594,GEMM(15,14,5),1777924370578257920,1777924371563370496,1777924368861147136
0,1,596,POTRF(6),1777924368858159104,1777924368863766528,0
0,1,597,TRSM(7,6),1777924368827719680,1777924368870943744,0
0,1,598,TRSM(8,6),1777924370578302976,1777924371926761472,0
0,1,599,TRSM(9,6),1777924371564536832,1777924372019491840,0
0,1,600,TRSM(10,6),1777924371564536832,1777924372019491840,0
0,1,601,TRSM(11,6),1777924370597702656,1777924372019491840,0
0,1,602,TRSM(12,6),1777924371564534784,1777924372019491840,0
0,1,603,TRSM(13,6),1777924371726280704,1777924372090488832,0
0,1,604,TRSM(14,6),1777924371564536832,1777924372019491840,0
0,1,605,TRSM(15,6),1777924371564536832,1777924372019491840,0
0,1,615,SYRK(8,8,6),1777924371564546048,1777924371676775424,0
0,1,616,GEMM(9,8,6),1777924371676124160,1777924371727561728,0
0,1,617,GEMM(10,8,6),1777924371564537856,1777924371676833792,0
0,1,618,GEMM(11,8,6),1777924371564535808,1777924371676569600,0
0,1,619,GEMM(12,8,6),1777924371564535808,1777924371676699648,0
0,1,620,GEMM(13,8,6),1777924371726281728,1777924371785361408,0
0,1,621,GEMM(14,8,6),1777924371564536832,1777924371676699648,0
0,1,622,GEMM(15,8,6),1777924371676123136,1777924371727561728,0
0,1,630,SYRK(10,10,6),1777924371564550144,1777924371676569600,0
0,1,631,GEMM(11,10,6),1777924371676124160,1777924371782190080,0
0,1,632,GEMM(12,10,6),1777924371564536832,1777924371676833792,0
0,1,633,GEMM(13,10,6),1777924371564535808,1777924371676570624,0
0,1,634,GEMM(14,10,6),1777924371564535808,1777924371676700672,0
0,1,635,GEMM(15,10,6),1777924371726281728,1777924371785361408,0
0,1,641,SYRK(12,12,6),1777924371564536832,1777924371676699648,0
0,1,642,GEMM(13,12,6),1777924371676123136,1777924371727561728,0
0,1,643,GEMM(14,12,6),1777924371564535808,1777924371676569600,0
0,1,644,GEMM(15,12,6),1777924371676124160,1777924371727561728,0
0,1,648,SYRK(14,14,6),1777924371564537856,1777924371727327232,0
0,1,649,GEMM(15,14,6),1777924371564565504,1777924371676700672,0
0,1,660,SYRK(8,8,7),1777924371784869888,1777924371842074624,1777924371676123136
0,1,661,GEMM(9,8,7),1777924371841297408,1777924371881785344,1777924371726281728
0,1,662,GEMM(10,8,7),1777924371726282752,1777924371839964160,1777924371564536832
0,1,663,GEMM(11,8,7),1777924371784869888,1777924371880500224,1777924371676124160
0,1,664,GEMM(12,8,7),1777924371927049216,1777924372019491840,1777924371927015424
0,1,665,GEMM(13,8,7),1777924372094265344,1777924372721404928,1777924372034679808
0,1,666,GEMM(14,8,7),1777924372093733888,1777924372712246272,1777924372034677760
0,1,667,GEMM(15,8,7),1777924372093733888,1777924372712246272,1777924372034678784
0,1,675,SYRK(10,10,7),1777924372094265344,1777924372721404928,1777924372034679808
0,1,676,GEMM(11,10,7),1777924372737603584,1777924372864758784,1777924372383727616
0,1,677,GEMM(12,10,7),1777924372093733888,1777924372712246272,1777924372034678784
0,1,678,GEMM(13,10,7),1777924372094000128,1777924372721403904,1777924372034678784
0,1,679,GEMM(14,10,7),1777924371927050240,1777924372019491840,1777924371927015424
0,1,680,GEMM(15,10,7),1777924372094265344,1777924372722114560,1777924372034679808
0,1,686,SYRK(12,12,7),1777924372093733888,1777924372712246272,1777924372034677760
0,1,687,GEMM(13,12,7),1777924372093734912,1777924372721403904,1777924372034678784
0,1,688,GEMM(14,12,7),1777924372094000128,1777924372721403904,1777924372034679808
0,1,689,GEMM(15,12,7),1777924372737602560,1777924372864405504,1777924372383727616
0,1,693,SYRK(14,14,7),1777924372093733888,1777924372712246272,1777924372034678784
0,1,694,GEMM(15,14,7),1777924372094000128,1777924372721404928,1777924372034678784
0,1,696,POTRF(8),1777924371927016448,1777924372025081856,0
0,1,697,TRSM(9,8),1777924372034679808,1777924372913089536,0
0,1,698,TRSM(10,8),1777924372034677760,1777924372903531520,0
0,1,699,TRSM(11,8),1777924372034678784,1777924372908378112,0
0,1,700,TRSM(12,8),1777924372034679808,1777924372908360704,0
0,1,701,TRSM(13,8),1777924372383727616,1777924372949254144,0
0,1,702,TRSM(14,8),1777924372034678784,1777924372912377856,0
0,1,703,TRSM(15,8),1777924372034678784,1777924372909661184,0
0,1,711,SYRK(10,10,8),1777924372019224576,1777924372035040256,0
0,1,712,GEMM(11,10,8),1777924372034679808,1777924372091204608,0
0,1,713,GEMM(12,10,8),1777924372034678784,1777924372090868736,0
0,1,714,GEMM(13,10,8),1777924372034678784,1777924372091016192,0
0,1,715,GEMM(14,10,8),1777924372034679808,1777924372091152384,0
0,1,716,GEMM(15,10,8),1777924372383727616,1777924372737646592,0
0,1,722,SYRK(12,12,8),1777924372034678784,1777924372091111424,0
0,1,723,GEMM(13,12,8),1777924372034679808,1777924372094653440,0
0,1,724,GEMM(14,12,8),1777924372024758272,1777924372090488832,0
0,1,725,GEMM(15,12,8),1777924372722760704,1777924372864009216,0
0,1,729,SYRK(14,14,8),1777924372722091008,1777924372748150784,0
0,1,730,GEMM(15,14,8),1777924372722091008,1777924372861278208,0
0,1,739,SYRK(10,10,9),1777924374292712448,1777924374882183168,1777924372722760704
0,1,740,GEMM(11,10,9),1777924374359347200,1777924374921847808,1777924372864959488
0,1,741,GEMM(12,10,9),1777924374401409024,1777924374936968192,1777924372722091008
0,1,742,GEMM(13,10,9),1777924374359285760,1777924374921847808,1777924372722760704
0,1,743,GEMM(14,10,9),1777924374359347200,1777924374921847808,1777924372024758272
0,1,744,GEMM(15,10,9),1777924374292712448,1777924374359262208,1777924372737602560
0,1,750,SYRK(12,12,9),1777924374359367680,1777924374921847808,1777924372722091008
0,1,751,GEMM(13,12,9),1777924374359407616,1777924374921848832,1777924372722760704
0,1,752,GEMM(14,12,9),1777924374359347200,1777924374921847808,1777924372722760704
0,1,753,GEMM(15,12,9),1777924374359347200,1777924374921847808,1777924372864959488
0,1,757,SYRK(14,14,9),1777924374359347200,1777924374921847808,1777924372722091008
0,1,758,GEMM(15,14,9),1777924374359451648,1777924374921848832,1777924372722760704
0,1,760,POTRF(10),1777924372034680832,1777924372712245248,0
0,1,761,TRSM(11,10),1777924372939195392,1777924372986095616,0
0,1,762,TRSM(12,10),1777924372903543808,1777924372983124992,0
0,1,763,TRSM(13,10),1777924372913088512,1777924372985613312,0
0,1,764,TRSM(14,10),1777924372912377856,1777924372985107456,0
0,1,765,TRSM(15,10),1777924372949762048,1777924372986185728,0
0,1,771,SYRK(12,12,10),1777924372913089536,1777924372949254144,0
0,1,772,GEMM(13,12,10),1777924372913088512,1777924372939195392,0
0,1,773,GEMM(14,12,10),1777924372093733888,1777924372712245248,0
0,1,774,GEMM(15,12,10),1777924372939195392,1777924372949968896,0
0,1,778,SYRK(14,14,10),1777924372903549952,1777924372912377856,0
0,1,779,GEMM(15,14,10),1777924372913088512,1777924372939195392,0
0,1,786,SYRK(12,12,11),1777924374359397376,1777924374921902080,1777924372912377856
0,1,787,GEMM(13,12,11),1777924374359408640,1777924374921911296,1777924372949764096
0,1,788,GEMM(14,12,11),1777924374359363584,1777924374921848832,1777924372913089536
0,1,789,GEMM(15,12,11),1777924374359357440,1777924374921848832,1777924372913089536
0,1,793,SYRK(14,14,11),1777924374359398400,1777924374921848832,1777924372093733888
0,1,794,GEMM(15,14,11),1777924374359357440,1777924374921848832,1777924372939195392
0,1,796,POTRF(12),1777924372903550976,1777924372939195392,0
0,1,797,TRSM(13,12),1777924372913088512,1777924372983691264,0
0,1,798,TRSM(14,12),1777924374921848832,1777924375022708736,0
0,1,799,TRSM(15,12),1777924374922568704,1777924375023272960,0
0,1,803,SYRK(14,14,12),1777924374976334848,1777924375003696128,0
0,1,804,GEMM(15,14,12),1777924374922568704,1777924374976323584,0
0,1,809,SYRK(14,14,13),1777924374975207424,1777924375003308032,1777924374922568704
0,1,810,GEMM(15,14,13),1777924374933764096,1777924375003309056,1777924374401409024
0,1,812,POTRF(14),1777924374922568704,1777924374976741376,0
0,1,813,TRSM(15,14),1777924374921963520,1777924375023230976,0
0,2,0,POTRF(0),1777924375667974656,1777924375823408640,0
0,2,1,TRSM(1,0),1777924375670505984,1777924375923812864,0
0,2,2,TRSM(2,0),1777924375670505984,1777924375923812864,0
0,2,3,TRSM(3,0),1777924375670505984,1777924375923901952,0
0,2,4,TRSM(4,0),1777924375670505984,1777924375924042240,0
0,2,5,TRSM(5,0),1777924375670505984,1777924375953543680,0
0,2,6,TRSM(6,0),1777924375670507008,1777924375923998208,0
0,2,7,TRSM(7,0),1777924375670507008,1777924375924043264,0
0,2,8,TRSM(8,0),1777924375670507008,1777924375924095488,0
0,2,9,TRSM(9,0),1777924375670507008,1777924375954036224,0
0,2,10,TRSM(10,0),1777924375670507008,1777924375954036224,0
0,2,11,TRSM(11,0),1777924375670507008,1777924375954036224,0
0,2,12,TRSM(12,0),1777924375670507008,1777924375954036224,0
0,2,13,TRSM(13,0),1777924375670507008,1777924376023623168,0
0,2,14,TRSM(14,0),1777924375670508032,1777924375983973888,0
0,2,15,TRSM(15,0),1777924375670508032,1777924375983973888,0
0,2,31,SYRK(2,2,0),1777924375670508032,1777924375823450624,0
0,2,32,GEMM(3,2,0),1777924375670508032,1777924375823450624,0
0,2,33,GEMM(4,2,0),1777924375670508032,1777924375823450624,0
0,2,34,GEMM(5,2,0),1777924375670508032,1777924375823450624,0
0,2,35,GEMM(6,2,0),1777924375670508032,1777924375823450624,0
0,2,36,GEMM(7,2,0),1777924375670508032,1777924375823450624,0
0,2,37,GEMM(8,2,0),1777924375670509056,1777924375823450624,0
0,2,38,GEMM(9,2,0),1777924375670509056,1777924375823451648,0
0,2,39,GEMM(10,2,0),1777924375670509056,1777924375823451648,0
0,2,40,GEMM(11,2,0),1777924375670509056,1777924375823451648,0
0,2,41,GEMM(12,2,0),1777924375670509056,1777924375823451648,0
0,2,42,GEMM(13,2,0),1777924375670509056,1777924375823451648,0
0,2,43,GEMM(14,2,0),1777924375670509056,1777924375823451648,0
0,2,44,GEMM(15,2,0),1777924375670509056,1777924375823451648,0
0,2,58,SYRK(4,4,0),1777924375670509056,1777924375823451648,0
0,2,59,GEMM(5,4,0),1777924375670510080,1777924375824273920,0
0,2,60,GEMM(6,4,0),1777924375824014848,1777924375836295680,0
0,2,61,GEMM(7,4,0),1777924375924094464,1777924375954036224,0
0,2,62,GEMM(8,4,0),1777924375924094464,1777924375954036224,0
0,2,63,GEMM(9,4,0),1777924375924094464,1777924375983974912,0
0,2,64,GEMM(10,4,0),1777924375953542656,1777924375983974912,0
0,2,65,GEMM(11,4,0),1777924376023621120,1777924376174827008,0
0,2,66,GEMM(12,4,0),1777924375953543680,1777924376023623168,0
0,2,67,GEMM(13,4,0),1777924375953543680,1777924375983974912,0
0,2,68,GEMM(14,4,0),1777924375983498752,1777924376023624192,0
0,2,69,GEMM(15,4,0),1777924376023621120,1777924376174825984,0
0,2,81,SYRK(6,6,0),1777924376023622144,1777924376174827008,0
0,2,82,GEMM(7,6,0),1777924376023621120,1777924376174827008,0
0,2,83,GEMM(8,6,0),1777924376023621120,1777924376174825984,0
0,2,84,GEMM(9,6,0),1777924376250266112,1777924376290292224,0
0,2,85,GEMM(10,6,0),1777924376174824960,1777924376250269184,0
0,2,86,GEMM(11,6,0),1777924376174823936,1777924376250268160,0
0,2,87,GEMM(12,6,0),1777924375983499776,1777924376023624192,0
0,2,88,GEMM(13,6,0),1777924376023621120,1777924376174825984,0
0,2,89,GEMM(14,6,0),1777924376023622144,1777924376174827008,0
0,2,90,GEMM(15,6,0),1777924376023622144,1777924376174827008,0
0,2,100,SYRK(8,8,0),1777924376023621120,1777924376174827008,0
0,2,101,GEMM(9,8,0),1777924376250266112,1777924376290292224,0
0,2,102,GEMM(10,8,0),1777924376174824960,1777924376250269184,0
0,2,103,GEMM(11,8,0),1777924376174823936,1777924376250268160,0
0,2,104,GEMM(12,8,0),1777924375983499776,1777924376023624192,0
0,2,105,GEMM(13,8,0),1777924376023621120,1777924376174825984,0
0,2,106,GEMM(14,8,0),1777924376023622144,1777924376174827008,0
0,2,107,GEMM(15,8,0),1777924376023622144,1777924376174827008,0
0,2,115,SYRK(10,10,0),1777924376023621120,1777924376174825984,0
0,2,116,GEMM(11,10,0),1777924376250266112,1777924376290292224,0
0,2,117,GEMM(12,10,0),1777924376174824960,1777924376250269184,0
0,2,118,GEMM(13,10,0),1777924376174823936,1777924376250268160,0
0,2,119,GEMM(14,10,0),1777924375983499776,1777924376174825984,0
0,2,120,GEMM(15,10,0),1777924376023621120,1777924376174825984,0
0,2,126,SYRK(12,12,0),1777924376023622144,1777924376174827008,0
0,2,127,GEMM(13,12,0),1777924376023623168,1777924376250268160,0
0,2,128,GEMM(14,12,0),1777924376023622144,1777924376174827008,0
0,2,129,GEMM(15,12,0),1777924376250266112,1777924376291426816,0
0,2,133,SYRK(14,14,0),1777924376174824960,1777924376290292224,0
0,2,134,GEMM(15,14,0),1777924376174823936,1777924376250268160,0
0,2,151,SYRK(2,2,1),1777924378766836224,1777924378951288320,1777924376174823936
0,2,152,GEMM(3,2,1),1777924378951510528,1777924379929872896,1777924376250265088
0,2,153,GEMM(4,2,1),1777924378951488000,1777924379929911808,1777924376250266112
0,2,154,GEMM(5,2,1),1777924378766835200,1777924378951250432,1777924376250267136
0,2,155,GEMM(6,2,1),1777924378951498240,1777924379929966080,1777924376250267136
0,2,156,GEMM(7,2,1),1777924378951546368,1777924379929915904,1777924376290299392
0,2,157,GEMM(8,2,1),1777924378766836224,1777924378951256576,1777924376290290176
0,2,158,GEMM(9,2,1),1777924378766836224,1777924379929910784,1777924376290291200
0,2,159,GEMM(10,2,1),1777924378766836224,1777924378951247360,1777924376174823936
0,2,160,GEMM(11,2,1),1777924378951553536,1777924379929939456,1777924376250265088
0,2,161,GEMM(12,2,1),1777924379930100224,1777924380169185792,1777924376250266112
0,2,162,GEMM(13,2,1),1777924378951492096,1777924379929928192,1777924376250267136
0,2,163,GEMM(14,2,1),1777924378951477760,1777924379929883136,1777924376250267136
0,2,164,GEMM(15,2,1),1777924378951556608,1777924379929873920,1777924376290299392
0,2,178,SYRK(4,4,1),1777924378951504384,1777924379929871872,1777924376290290176
0,2,179,GEMM(5,4,1),1777924378951505408,1777924379929873920,1777924376290291200
0,2,180,GEMM(6,4,1),1777924378951545344,1777924380167667200,1777924376174824960
0,2,181,GEMM(7,4,1),1777924378951477760,1777924379929887232,1777924376250265088
0,2,182,GEMM(8,4,1),1777924378951499264,1777924379929871872,1777924376250266112
0,2,183,GEMM(9,4,1),1777924378951590400,1777924379929878016,1777924376250267136
0,2,184,GEMM(10,4,1),1777924378951503360,1777924379929872896,1777924376250267136
0,2,185,GEMM(11,4,1),1777924378951503360,1777924379929940480,1777924376290299392
0,2,186,GEMM(12,4,1),1777924379930119680,1777924380169185792,1777924376290290176
0,2,187,GEMM(13,4,1),1777924378951502336,1777924379929873920,1777924376290291200
0,2,188,GEMM(14,4,1),1777924378951489024,1777924379929871872,1777924376250265088
0,2,189,GEMM(15,4,1),1777924378951488000,1777924379929883136,1777924376250265088
0,2,201,SYRK(6,6,1),1777924378951510528,1777924379929872896,1777924376250267136
0,2,202,GEMM(7,6,1),1777924378951545344,1777924379929875968,1777924376290290176
0,2,203,GEMM(8,6,1),1777924378951510528,1777924379929872896,1777924376250267136
0,2,204,GEMM(9,6,1),1777924378951504384,1777924379929875968,1777924376291429888
0,2,205,GEMM(10,6,1),1777924378951505408,1777924379929918976,1777924376290296320
0,2,206,GEMM(11,6,1),1777924378951517696,1777924379929871872,1777924376290291200
0,2,207,GEMM(12,6,1),1777924379930100224,1777924380169185792,1777924378951518720
0,2,208,GEMM(13,6,1),1777924380372071936,1777924380792483328,1777924379970294272
0,2,209,GEMM(14,6,1),1777924380169350656,1777924380781439488,1777924379930146304
0,2,210,GEMM(15,6,1),1777924379930108416,1777924380169345536,1777924378951561728
0,2,220,SYRK(8,8,1),1777924380372086272,1777924380792483328,1777924379930181120
0,2,221,GEMM(9,8,1),1777924380372071936,1777924380792483328,1777924379970294272
0,2,222,GEMM(10,8,1),1777924379930174976,1777924380479157760,1777924378951533056
0,2,223,GEMM(11,8,1),1777924380329713152,1777924380782704128,1777924379930170880
0,2,224,GEMM(12,8,1),1777924379930100224,1777924380169185792,1777924378951546368
0,2,225,GEMM(13,8,1),1777924380372142592,1777924380897997312,1777924379970422272
0,2,226,GEMM(14,8,1),1777924380791885312,1777924380978292224,1777924380169346560
0,2,227,GEMM(15,8,1),1777924380169347584,1777924380479251968,1777924379930128896
0,2,235,SYRK(10,10,1),1777924380169397760,1777924380781787648,1777924379930182144
0,2,236,GEMM(11,10,1),1777924380169403904,1777924380782704128,1777924379970294272
0,2,237,GEMM(12,10,1),1777924380169347584,1777924380479252992,1777924379930127872
0,2,238,GEMM(13,10,1),1777924380169346560,1777924380479252992,1777924379930170880
0,2,239,GEMM(14,10,1),1777924380781439488,1777924380948071936,1777924380169345536
0,2,240,GEMM(15,10,1),1777924380329664000,1777924380782705152,1777924379970303488
0,2,246,SYRK(12,12,1),1777924380782705152,1777924380978292224,1777924380169346560
0,2,247,GEMM(13,12,1),1777924380169347584,1777924380642033152,1777924379930130944
0,2,248,GEMM(14,12,1),1777924380329650688,1777924380782704128,1777924379970304512
0,2,249,GEMM(15,12,1),1777924380329650688,1777924380782704128,1777924379970294272
0,2,253,SYRK(14,14,1),1777924380782704128,1777924380948221440,1777924380169347584
0,2,254,GEMM(15,14,1),1777924380169397760,1777924380781787648,1777924379930171904
0,2,256,POTRF(2),1777924380169346560,1777924380792483328,0
0,2,257,TRSM(3,2),1777924379970294272,1777924381159574016,0
0,2,258,TRSM(4,2),1777924380169346560,1777924381159575040,0
0,2,259,TRSM(5,2),1777924379930132992,1777924381156615680,0
0,2,260,TRSM(6,2),1777924379970294272,1777924381160623616,0
0,2,261,TRSM(7,2),1777924379970294272,1777924381159575040,0
0,2,262,TRSM(8,2),1777924380169347584,1777924381160708608,0
0,2,263,TRSM(9,2),1777924379930171904,1777924381158468096,0
0,2,264,TRSM(10,2),1777924380642033152,1777924381261530624,0
0,2,265,TRSM(11,2),1777924380947207680,1777924381261530624,0
0,2,266,TRSM(12,2),1777924380831980032,1777924381261530624,0
0,2,267,TRSM(13,2),1777924380169402880,1777924381236312576,0
0,2,268,TRSM(14,2),1777924380947207680,1777924381261530624,0
0,2,269,TRSM(15,2),1777924380947207680,1777924381281408512,0
0,2,283,SYRK(4,4,2),1777924380781909504,1777924380948071936,0
0,2,284,GEMM(5,4,2),1777924380897110528,1777924381018876416,0
0,2,285,GEMM(6,4,2),1777924380642033152,1777924380947208704,0
0,2,286,GEMM(7,4,2),1777924380977589760,1777924381069623808,0
0,2,287,GEMM(8,4,2),1777924381038323200,1777924381086024192,0
0,2,288,GEMM(9,4,2),1777924380781909504,1777924380948071936,0
0,2,289,GEMM(10,4,2),1777924380947207680,1777924381039278592,0
0,2,290,GEMM(11,4,2),1777924380947207680,1777924381039278592,0
0,2,291,GEMM(12,4,2),1777924380782061056,1777924380948221440,0
0,2,292,GEMM(13,4,2),1777924380897189376,1777924381039036928,0
0,2,293,GEMM(14,4,2),1777924381018421760,1777924381085609472,0
0,2,294,GEMM(15,4,2),1777924380977589760,1777924381085313536,0
0,2,306,SYRK(6,6,2),1777924381038323200,1777924381086751232,0
0,2,307,GEMM(7,6,2),1777924380792483328,1777924381018710528,0
0,2,308,GEMM(8,6,2),1777924380947207680,1777924381039239680,0
0,2,309,GEMM(9,6,2),1777924380947208704,1777924381069578752,0
0,2,310,GEMM(10,6,2),1777924381018422784,1777924381085609472,0
0,2,311,GEMM(11,6,2),1777924380897110528,1777924381018875392,0
0,2,312,GEMM(12,6,2),1777924381018421760,1777924381085764096,0
0,2,313,GEMM(13,6,2),1777924381170120192,1777924381236519424,0
0,2,314,GEMM(14,6,2),1777924381170120192,1777924381236520448,0
0,2,315,GEMM(15,6,2),1777924381160649216,1777924381230560768,0
0,2,325,SYRK(8,8,2),1777924381200556544,1777924381261530624,0
0,2,326,GEMM(9,8,2),1777924381170120192,1777924381261156864,0
0,2,327,GEMM(10,8,2),1777924381230560768,1777924381261530624,0
0,2,328,GEMM(11,8,2),1777924381160707584,1777924381230560768,0
0,2,329,GEMM(12,8,2),1777924381281407488,1777924381351881216,0
0,2,330,GEMM(13,8,2),1777924381281408512,1777924381351882240,0
0,2,331,GEMM(14,8,2),1777924381281407488,1777924381351882240,0
0,2,332,GEMM(15,8,2),1777924381261530624,1777924381281409536,0
0,2,340,SYRK(10,10,2),1777924381281406464,1777924381351881216,0
0,2,341,GEMM(11,10,2),1777924381351895552,1777924381372037632,0
0,2,342,GEMM(12,10,2),1777924381230560768,1777924381261530624,0
0,2,343,GEMM(13,10,2),1777924381160707584,1777924381230560768,0
0,2,344,GEMM(14,10,2),1777924381281407488,1777924381351881216,0
0,2,345,GEMM(15,10,2),1777924381281408512,1777924381372037632,0
0,2,351,SYRK(12,12,2),1777924381281407488,1777924381351882240,0
0,2,352,GEMM(13,12,2),1777924381261530624,1777924381351881216,0
0,2,353,GEMM(14,12,2),1777924381281406464,1777924381351881216,0
0,2,354,GEMM(15,12,2),1777924381351896576,1777924381373172224,0
0,2,358,SYRK(14,14,2),1777924381230560768,1777924381281408512,0
0,2,359,GEMM(15,14,2),1777924381160708608,1777924381236382208,0
0,2,374,SYRK(4,4,3),1777924383487430144,1777924384529101312,1777924381281407488
0,2,375,GEMM(5,4,3),1777924383525192192,1777924384606833152,1777924381281408512
0,2,376,GEMM(6,4,3),1777924383487431168,1777924384529100288,1777924381281407488
0,2,377,GEMM(7,4,3),1777924383487428096,1777924384529101312,1777924381261530624
0,2,378,GEMM(8,4,3),1777924383487428096,1777924384529101312,1777924381281407488
0,2,379,GEMM(9,4,3),1777924383487455744,1777924384529175040,1777924381372036608
0,2,380,GEMM(10,4,3),1777924383487518208,1777924384529115648,1777924381230560768
0,2,381,GEMM(11,4,3),1777924383487406592,1777924384529100288,1777924381160708608
0,2,382,GEMM(12,4,3),1777924383487448576,1777924384529104384,1777924381281407488
0,2,383,GEMM(13,4,3),1777924383487438336,1777924384529109504,1777924381281408512
0,2,384,GEMM(14,4,3),1777924383487456768,1777924384529102336,1777924381281408512
0,2,385,GEMM(15,4,3),1777924383487442432,1777924384529102336,1777924381261531648
0,2,397,SYRK(6,6,3),1777924383347094016,1777924383487248896,1777924381281407488
0,2,398,GEMM(7,6,3),1777924383487424000,1777924384529115648,1777924381372036608
0,2,399,GEMM(8,6,3),1777924383347009024,1777924383487217152,1777924381281407488
0,2,400,GEMM(9,6,3),1777924383487447552,1777924384529100288,1777924381261156864
0,2,401,GEMM(10,6,3),1777924383487461888,1777924384529102336,1777924381351893504
0,2,402,GEMM(11,6,3),1777924383487443456,1777924384529100288,1777924381351890432
0,2,403,GEMM(12,6,3),1777924383487506944,1777924384529175040,1777924381372036608
0,2,404,GEMM(13,6,3),1777924383487429120,1777924384529100288,1777924381351880192
0,2,405,GEMM(14,6,3),1777924383487473152,1777924384529177088,1777924381351888384
0,2,406,GEMM(15,6,3),1777924383347094016,1777924383487216128,1777924381372041728
0,2,416,SYRK(8,8,3),1777924383330428416,1777924383487213056,1777924381281406464
0,2,417,GEMM(9,8,3),1777924383487443456,1777924384529101312,1777924381261155840
0,2,418,GEMM(10,8,3),1777924383487436288,1777924384529102336,1777924381351893504
0,2,419,GEMM(11,8,3),1777924383487428096,1777924384529101312,1777924381372046848
0,2,420,GEMM(12,8,3),1777924383487507968,1777924384529112576,1777924381372036608
0,2,421,GEMM(13,8,3),1777924383487481344,1777924384529103360,1777924381351885312
0,2,422,GEMM(14,8,3),1777924383487305216,1777924384529164800,1777924381351888384
0,2,423,GEMM(15,8,3),1777924383347081728,1777924384487977472,1777924381373180416
0,2,431,SYRK(10,10,3),1777924383487470080,1777924384529102336,1777924381351880192
0,2,432,GEMM(11,10,3),1777924383487442432,1777924384529101312,1777924381261155840
0,2,433,GEMM(12,10,3),1777924384610196992,1777924384914414080,1777924384529392128
0,2,434,GEMM(13,10,3),1777924384914821632,1777924385059612160,1777924384610173440
0,2,435,GEMM(14,10,3),1777924384620357120,1777924384915030528,1777924384529656320
0,2,436,GEMM(15,10,3),1777924384610174464,1777924384914232832,1777924384529409536
0,2,442,SYRK(12,12,3),1777924384609664512,1777924384914232832,1777924384529239552
0,2,443,GEMM(13,12,3),1777924384610462208,1777924384914517504,1777924384529403392
0,2,444,GEMM(14,12,3),1777924384610174464,1777924384914244096,1777924384529353216
0,2,445,GEMM(15,12,3),1777924384610462208,1777924384914414080,1777924384529451520
0,2,449,SYRK(14,14,3),1777924384610462208,1777924384914414080,1777924384529400320
0,2,450,GEMM(15,14,3),1777924384914862592,1777924385059668480,1777924384610174464
0,2,452,POTRF(4),1777924384529432064,1777924384872700416,0
0,2,453,TRSM(5,4),1777924384529673728,1777924385173169664,0
0,2,454,TRSM(6,4),1777924384529262080,1777924385163183616,0
0,2,455,TRSM(7,4),1777924384529403392,1777924385173169664,0
0,2,456,TRSM(8,4),1777924384529389056,1777924385173020160,0
0,2,457,TRSM(9,4),1777924384529378816,1777924385162714624,0
0,2,458,TRSM(10,4),1777924384529404416,1777924385173020160,0
0,2,459,TRSM(11,4),1777924384610174464,1777924385228481024,0
0,2,460,TRSM(12,4),1777924384609663488,1777924385218413056,0
0,2,461,TRSM(13,4),1777924384529651200,1777924385183442432,0
0,2,462,TRSM(14,4),1777924384529669632,1777924385218413056,0
0,2,463,TRSM(15,4),1777924384529419776,1777924385183442432,0
0,2,475,SYRK(6,6,4),1777924384529372672,1777924384606922240,0
0,2,476,GEMM(7,6,4),1777924384529392128,1777924384607133184,0
0,2,477,GEMM(8,6,4),1777924384529403392,1777924384607133184,0
0,2,478,GEMM(9,6,4),1777924384610174464,1777924384914276864,0
0,2,479,GEMM(10,6,4),1777924384609663488,1777924384912556544,0
0,2,480,GEMM(11,6,4),1777924384529651200,1777924384610741760,0
0,2,481,GEMM(12,6,4),1777924384529652224,1777924384610173440,0
0,2,482,GEMM(13,6,4),1777924384529420800,1777924384610067968,0
0,2,483,GEMM(14,6,4),1777924384529396224,1777924384606922240,0
0,2,484,GEMM(15,6,4),1777924384529392128,1777924384607072768,0
0,2,494,SYRK(8,8,4),1777924384914931200,1777924385059668480,0
0,2,495,GEMM(9,8,4),1777924385079768576,1777924385102347776,0
0,2,496,GEMM(10,8,4),1777924385058925056,1777924385080908288,0
0,2,497,GEMM(11,8,4),1777924384914861568,1777924385059612160,0
0,2,498,GEMM(12,8,4),1777924384914861568,1777924385059612160,0
0,2,499,GEMM(13,8,4),1777924384914932224,1777924385080036864,0
0,2,500,GEMM(14,8,4),1777924384914861568,1777924385059612160,0
0,2,501,GEMM(15,8,4),1777924384914932224,1777924385059668480,0
0,2,509,SYRK(10,10,4),1777924384914932224,1777924385059668480,0
0,2,510,GEMM(11,10,4),1777924385079768576,1777924385102476800,0
0,2,511,GEMM(12,10,4),1777924385058925056,1777924385100911104,0
0,2,512,GEMM(13,10,4),1777924385183442432,1777924385218414080,0
0,2,513,GEMM(14,10,4),1777924385163324928,1777924385183442432,0
0,2,514,GEMM(15,10,4),1777924385183442432,1777924385218414080,0
0,2,520,SYRK(12,12,4),1777924385183442432,1777924385218415104,0
0,2,521,GEMM(13,12,4),1777924385172468224,1777924385218414080,0
0,2,522,GEMM(14,12,4),1777924385183443456,1777924385228481024,0
0,2,523,GEMM(15,12,4),1777924385233742336,1777924385247045120,0
0,2,527,SYRK(14,14,4),1777924385228480000,1777924385243733504,0
0,2,528,GEMM(15,14,4),1777924385218414080,1777924385233650176,0
0,2,541,SYRK(6,6,5),1777924386821248512,1777924387289121280,1777924385228480000
0,2,542,GEMM(7,6,5),1777924387289123328,1777924387921108480,1777924385218413056
0,2,543,GEMM(8,6,5),1777924386871798272,1777924387921095168,1777924385183442432
0,2,544,GEMM(9,6,5),1777924386821417472,1777924387289186816,1777924385173019136
0,2,545,GEMM(10,6,5),1777924387289123328,1777924387921118720,1777924385183443456
0,2,546,GEMM(11,6,5),1777924386821284352,1777924387289122304,1777924385233742336
0,2,547,GEMM(12,6,5),1777924386821250560,1777924387289132544,1777924385228480000
0,2,548,GEMM(13,6,5),1777924387289122304,1777924387921106432,1777924385218414080
0,2,549,GEMM(14,6,5),1777924386821275136,1777924387289128448,1777924385228480000
0,2,550,GEMM(15,6,5),1777924387289138688,1777924387921154560,1777924385218413056
0,2,560,SYRK(8,8,5),1777924386871797248,1777924387289124352,1777924385183442432
0,2,561,GEMM(9,8,5),1777924386821252608,1777924387289122304,1777924385173019136
0,2,562,GEMM(10,8,5),1777924387289122304,1777924387921088000,1777924385183443456
0,2,563,GEMM(11,8,5),1777924386821284352,1777924387289129472,1777924385233742336
0,2,564,GEMM(12,8,5),1777924386871797248,1777924387289124352,1777924385228480000
0,2,565,GEMM(13,8,5),1777924387289123328,1777924387921086976,1777924385218414080
0,2,566,GEMM(14,8,5),1777924386821234176,1777924387289129472,1777924385228480000
0,2,567,GEMM(15,8,5),1777924387289196032,1777924387921124864,1777924385218413056
0,2,575,SYRK(10,10,5),1777924387289191936,1777924387921107456,1777924385183442432
0,2,576,GEMM(11,10,5),1777924387289129472,1777924387921120768,1777924385173019136
0,2,577,GEMM(12,10,5),1777924387289121280,1777924387973515776,1777924385183443456
0,2,578,GEMM(13,10,5),1777924387289131520,1777924387921089024,1777924385233742336
0,2,579,GEMM(14,10,5),1777924387289122304,1777924387921095168,1777924385228480000
0,2,580,GEMM(15,10,5),1777924387289177600,1777924387921086976,1777924385228478976
0,2,586,SYRK(12,12,5),1777924386804273664,1777924387194466816,1777924385228481024
0,2,587,GEMM(13,12,5),1777924387289123328,1777924387921106432,1777924385228480000
0,2,588,GEMM(14,12,5),1777924386821154304,1777924387289121280,1777924385228478976
0,2,589,GEMM(15,12,5),1777924387289123328,1777924387921098240,1777924385228480000
0,2,593,SYRK(14,14,5),1777924386821252608,1777924387289122304,1777924385233649152
0,2,594,GEMM(15,14,5),1777924387289123328,1777924387921098240,1777924385247050240
0,2,596,POTRF(6),1777924385244005888,1777924385249396224,0
0,2,597,TRSM(7,6),1777924385233658368,1777924385257170432,0
0,2,598,TRSM(8,6),1777924387921085952,1777924388295579136,0
0,2,599,TRSM(9,6),1777924387973514752,1777924388372795904,0
0,2,600,TRSM(10,6),1777924387973513728,1777924388286372352,0
0,2,601,TRSM(11,6),1777924387921086976,1777924388296271360,0
0,2,602,TRSM(12,6),1777924387973513728,1777924388401407488,0
0,2,603,TRSM(13,6),1777924387921085952,1777924388401407488,0
0,2,604,TRSM(14,6),1777924387921084928,1777924388295579136,0
0,2,605,TRSM(15,6),1777924387973512704,1777924388296214016,0
0,2,615,SYRK(8,8,6),1777924387921085952,1777924387973877248,0
0,2,616,GEMM(9,8,6),1777924387973514752,1777924388095342080,0
0,2,617,GEMM(10,8,6),1777924387973513728,1777924388095204864,0
0,2,618,GEMM(11,8,6),1777924387921085952,1777924387973877248,0
0,2,619,GEMM(12,8,6),1777924387973514752,1777924388105907712,0
0,2,620,GEMM(13,8,6),1777924387921086976,1777924387973515776,0
0,2,621,GEMM(14,8,6),1777924387921084928,1777924387973749248,0
0,2,622,GEMM(15,8,6),1777924387973512704,1777924388095127040,0
0,2,630,SYRK(10,10,6),1777924387921085952,1777924387973877248,0
0,2,631,GEMM(11,10,6),1777924387973514752,1777924388095342080,0
0,2,632,GEMM(12,10,6),1777924387973513728,1777924388095204864,0
0,2,633,GEMM(13,10,6),1777924387973514752,1777924388095304192,0
0,2,634,GEMM(14,10,6),1777924388094375424,1777924388218477056,0
0,2,635,GEMM(15,10,6),1777924387973514752,1777924388095304192,0
0,2,641,SYRK(12,12,6),1777924387973512704,1777924388095204864,0
0,2,642,GEMM(13,12,6),1777924387973513728,1777924388095204864,0
0,2,643,GEMM(14,12,6),1777924387921085952,1777924388095027712,0
0,2,644,GEMM(15,12,6),1777924387973514752,1777924388095342080,0
0,2,648,SYRK(14,14,6),1777924387973513728,1777924388095204864,0
0,2,649,GEMM(15,14,6),1777924387973514752,1777924388095342080,0
0,2,660,SYRK(8,8,7),1777924388221595136,1777924388240585216,1777924388094375424
0,2,661,GEMM(9,8,7),1777924388105135616,1777924388221616640,1777924387973513728
0,2,662,GEMM(10,8,7),1777924388105135616,1777924388221595136,1777924387973512704
0,2,663,GEMM(11,8,7),1777924388104583680,1777924388221595136,1777924387973512704
0,2,664,GEMM(12,8,7),1777924388412635648,1777924388781374976,1777924388371433984
0,2,665,GEMM(13,8,7),1777924388781076992,1777924388991202816,1777924388402120192
0,2,666,GEMM(14,8,7),1777924388296314368,1777924388372809216,1777924388286379520
0,2,667,GEMM(15,8,7),1777924390205261312,1777924390723159552,1777924388372286976
0,2,675,SYRK(10,10,7),1777924388828984832,1777924388991201792,1777924388644999680
0,2,676,GEMM(11,10,7),1777924388828984832,1777924388991202816,1777924388645000704
0,2,677,GEMM(12,10,7),1777924388412253696,1777924388761659904,1777924388371340800
0,2,678,GEMM(13,10,7),1777924388412253696,1777924388781076992,1777924388371340800
0,2,679,GEMM(14,10,7),1777924388412253696,1777924388761659904,1777924388371343872
0,2,680,GEMM(15,10,7),1777924390205260288,1777924390371409408,1777924388402120192
0,2,686,SYRK(12,12,7),1777924388296315392,1777924388401407488,1777924388286379520
0,2,687,GEMM(13,12,7),1777924388441433600,1777924388781898240,1777924388372286976
0,2,688,GEMM(14,12,7),1777924388828984832,1777924388994340352,1777924388644999680
0,2,689,GEMM(15,12,7),1777924390205261312,1777924390371410432,1777924388645000704
0,2,693,SYRK(14,14,7),1777924388402120192,1777924388759076352,1777924388371340800
0,2,694,GEMM(15,14,7),1777924390205261312,1777924390371410432,1777924388371340800
0,2,696,POTRF(8),1777924388371340800,1777924388455318016,0
0,2,697,TRSM(9,8),1777924388402121216,1777924389068178944,0
0,2,698,TRSM(10,8),1777924388286380544,1777924389051008512,0
0,2,699,TRSM(11,8),1777924388372286976,1777924389068178944,0
0,2,700,TRSM(12,8),1777924388644999680,1777924389069441536,0
0,2,701,TRSM(13,8),1777924388645000704,1777924389069186560,0
0,2,702,TRSM(14,8),1777924388371340800,1777924389063278080,0
0,2,703,TRSM(15,8),1777924388371408384,1777924389063278080,0
0,2,711,SYRK(10,10,8),1777924388401406464,1777924388455318016,0
0,2,712,GEMM(11,10,8),1777924388402121216,1777924388759089664,0
0,2,713,GEMM(12,10,8),1777924388286380544,1777924388372807168,0
0,2,714,GEMM(13,10,8),1777924388372286976,1777924388402182656,0
0,2,715,GEMM(14,10,8),1777924388645000704,1777924388781899264,0
0,2,716,GEMM(15,10,8),1777924388645000704,1777924388830231040,0
0,2,722,SYRK(12,12,8),1777924388371340800,1777924388402051584,0
0,2,723,GEMM(13,12,8),1777924388372286976,1777924388402120192,0
0,2,724,GEMM(14,12,8),1777924388828983808,1777924388991202816,0
0,2,725,GEMM(15,12,8),1777924388994340352,1777924389016286720,0
0,2,729,SYRK(14,14,8),1777924388401407488,1777924388694286848,0
0,2,730,GEMM(15,14,8),1777924390734406144,1777924390873477632,0
0,2,739,SYRK(10,10,9),1777924390371703296,1777924390734406144,1777924388994339328
0,2,740,GEMM(11,10,9),1777924390371653120,1777924390734405120,1777924388994340352
0,2,741,GEMM(12,10,9),1777924390371694080,1777924390734406144,1777924388781653504
0,2,742,GEMM(13,10,9),1777924390371655168,1777924390734406144,1777924388828982784
0,2,743,GEMM(14,10,9),1777924390371669504,1777924390734406144,1777924388828983808
0,2,744,GEMM(15,10,9),1777924390734407168,1777924390969131520,1777924390371556864
0,2,750,SYRK(12,12,9),1777924390371720704,1777924390734407168,1777924388412253696
0,2,751,GEMM(13,12,9),1777924390969132544,1777924391071492608,1777924390734406144
0,2,752,GEMM(14,12,9),1777924390371643904,1777924390734406144,1777924389014754816
0,2,753,GEMM(15,12,9),1777924390734531072,1777924390969132544,1777924390371683840
0,2,757,SYRK(14,14,9),1777924390371675648,1777924390734406144,1777924388781653504
0,2,758,GEMM(15,14,9),1777924390792849920,1777924391011804672,1777924390382949888
0,2,760,POTRF(10),1777924388828997120,1777924389015637504,0
0,2,761,TRSM(11,10),1777924390371588608,1777924391149894144,0
0,2,762,TRSM(12,10),1777924389052282368,1777924389082363392,0
0,2,763,TRSM(13,10),1777924390734406144,1777924391152801280,0
0,2,764,TRSM(14,10),1777924389069447680,1777924389084045824,0
0,2,765,TRSM(15,10),1777924390371762688,1777924391152781824,0
0,2,771,SYRK(12,12,10),1777924389063383552,1777924389069374976,0
0,2,772,GEMM(13,12,10),1777924390382949888,1777924390873417216,0
0,2,773,GEMM(14,12,10),1777924388993807872,1777924389015637504,0
0,2,774,GEMM(15,12,10),1777924390371575296,1777924390734405120,0
0,2,778,SYRK(14,14,10),1777924389052283392,1777924389063043584,0
0,2,779,GEMM(15,14,10),1777924390734407168,1777924390874459648,0
0,2,786,SYRK(12,12,11),1777924390371655168,1777924390734407168,1777924389069448704
0,2,787,GEMM(13,12,11),1777924390872650240,1777924391051673088,1777924390382950912
0,2,788,GEMM(14,12,11),1777924390371720704,1777924390734531072,1777924389063383552
0,2,789,GEMM(15,12,11),1777924390793351680,1777924391049984512,1777924390382950912
0,2,793,SYRK(14,14,11),1777924390371643904,1777924390734405120,1777924388994340352
0,2,794,GEMM(15,14,11),1777924390734531072,1777924391009102336,1777924390371652096
0,2,796,POTRF(12),1777924389052283392,1777924389068178944,0
0,2,797,TRSM(13,12),1777924391006915072,1777924391154231808,0
0,2,798,TRSM(14,12),1777924390792795648,1777924391153532416,0
0,2,799,TRSM(15,12),1777924390792795648,1777924391154231808,0
0,2,803,SYRK(14,14,12),1777924390792795648,1777924391012207104,0
0,2,804,GEMM(15,14,12),1777924390792794624,1777924391012070912,0
0,2,809,SYRK(14,14,13),1777924391049981440,1777924391112319488,1777924390792794624
0,2,810,GEMM(15,14,13),1777924391072359936,1777924391113689600,1777924391049231872
0,2,812,POTRF(14),1777924390792795648,1777924391051762176,0
0,2,813,TRSM(15,14),1777924391072358912,1777924391154469376,0
0,3,0,POTRF(0),1777924391778336256,1777924391933813248,0
0,3,1,TRSM(1,0),1777924391780874752,1777924392034292224,0
0,3,2,TRSM(2,0),1777924391780874752,1777924392034323968,0
0,3,3,TRSM(3,0),1777924391780874752,1777924392034323968,0
0,3,4,TRSM(4,0),1777924391780874752,1777924392034432512,0
0,3,5,TRSM(5,0),1777924391780875776,1777924392034532864,0
0,3,6,TRSM(6,0),1777924391780875776,1777924392034594304,0
0,3,7,TRSM(7,0),1777924391780875776,1777924392064048640,0
0,3,8,TRSM(8,0),1777924391780875776,1777924392064047616,0
0,3,9,TRSM(9,0),1777924391780875776,1777924392064060928,0
0,3,10,TRSM(10,0),1777924391780875776,1777924392064060928,0
0,3,11,TRSM(11,0),1777924391780875776,1777924392064047616,0
0,3,12,TRSM(12,0),1777924391780875776,1777924392064060928,0
0,3,13,TRSM(13,0),1777924391780875776,1777924392064061952,0
0,3,14,TRSM(14,0),1777924391780876800,1777924392074192384,0
0,3,15,TRSM(15,0),1777924391780876800,1777924392064061952,0
0,3,31,SYRK(2,2,0),1777924391780876800,1777924391933864448,0
0,3,32,GEMM(3,2,0),1777924391780876800,1777924391933864448,0
0,3,33,GEMM(4,2,0),1777924391780876800,1777924391933864448,0
0,3,34,GEMM(5,2,0),1777924391780876800,1777924391933864448,0
0,3,35,GEMM(6,2,0),1777924391780876800,1777924391933864448,0
0,3,36,GEMM(7,2,0),1777924391780876800,1777924391933864448,0
0,3,37,GEMM(8,2,0),1777924391780876800,1777924391933864448,0
0,3,38,GEMM(9,2,0),1777924391780877824,1777924391933864448,0
0,3,39,GEMM(10,2,0),1777924391780877824,1777924391933865472,0
0,3,40,GEMM(11,2,0),1777924391780877824,1777924391933865472,0
0,3,41,GEMM(12,2,0),1777924391780877824,1777924391933865472,0
0,3,42,GEMM(13,2,0),1777924391780877824,1777924391933865472,0
0,3,43,GEMM(14,2,0),1777924391780877824,1777924391933865472,0
0,3,44,GEMM(15,2,0),1777924391780877824,1777924391933865472,0
0,3,58,SYRK(4,4,0),1777924391780877824,1777924391933865472,0
0,3,59,GEMM(5,4,0),1777924391780878848,1777924391934691840,0
0,3,60,GEMM(6,4,0),1777924391934426624,1777924391946762752,0
0,3,61,GEMM(7,4,0),1777924392034531840,1777924392064061952,0
0,3,62,GEMM(8,4,0),1777924392034532864,1777924392074193408,0
0,3,63,GEMM(9,4,0),1777924392034532864,1777924392064061952,0
0,3,64,GEMM(10,4,0),1777924392064047616,1777924392093923840,0
0,3,65,GEMM(11,4,0),1777924392074192384,1777924392335357440,0
0,3,66,GEMM(12,4,0),1777924392074191360,1777924392093923840,0
0,3,67,GEMM(13,4,0),1777924392093920768,1777924392335358464,0
0,3,68,GEMM(14,4,0),1777924392093921792,1777924392335359488,0
0,3,69,GEMM(15,4,0),1777924392093922816,1777924392335360512,0
0,3,81,SYRK(6,6,0),1777924392093920768,1777924392335358464,0
0,3,82,GEMM(7,6,0),1777924392093920768,1777924392335357440,0
0,3,83,GEMM(8,6,0),1777924392093922816,1777924392335359488,0
0,3,84,GEMM(9,6,0),1777924392093921792,1777924392335359488,0
0,3,85,GEMM(10,6,0),1777924392335356416,1777924392380739072,0
0,3,86,GEMM(11,6,0),1777924392093920768,1777924392335358464,0
0,3,87,GEMM(12,6,0),1777924392093921792,1777924392335359488,0
0,3,88,GEMM(13,6,0),1777924392093922816,1777924392335360512,0
0,3,89,GEMM(14,6,0),1777924392093921792,1777924392335358464,0
0,3,90,GEMM(15,6,0),1777924392093920768,1777924392335357440,0
0,3,100,SYRK(8,8,0),1777924392093922816,1777924392335360512,0
0,3,101,GEMM(9,8,0),1777924392093921792,1777924392335359488,0
0,3,102,GEMM(10,8,0),1777924392335356416,1777924392380739072,0
0,3,103,GEMM(11,8,0),1777924392093921792,1777924392335359488,0
0,3,104,GEMM(12,8,0),1777924392093921792,1777924392335359488,0
0,3,105,GEMM(13,8,0),1777924392093922816,1777924392335360512,0
0,3,106,GEMM(14,8,0),1777924392093920768,1777924392335358464,0
0,3,107,GEMM(15,8,0),1777924392093920768,1777924392335357440,0
0,3,115,SYRK(10,10,0),1777924392093922816,1777924392335360512,0
0,3,116,GEMM(11,10,0),1777924392093921792,1777924392335359488,0
0,3,117,GEMM(12,10,0),1777924392335356416,1777924392380739072,0
0,3,118,GEMM(13,10,0),1777924392093921792,1777924392335358464,0
0,3,119,GEMM(14,10,0),1777924392093921792,1777924392335359488,0
0,3,120,GEMM(15,10,0),1777924392093922816,1777924392380739072,0
0,3,126,SYRK(12,12,0),1777924392093921792,1777924392335358464,0
0,3,127,GEMM(13,12,0),1777924392093920768,1777924392335358464,0
0,3,128,GEMM(14,12,0),1777924392335357440,1777924392380739072,0
0,3,129,GEMM(15,12,0),1777924392380737024,1777924392401796608,0
0,3,133,SYRK(14,14,0),1777924392335356416,1777924392400663040,0
0,3,134,GEMM(15,14,0),1777924392380737024,1777924392400663040,0
0,3,151,SYRK(2,2,1),1777924394930960896,1777924395387288064,1777924392380736000
0,3,152,GEMM(3,2,1),1777924394930957824,1777924395387330048,1777924392380738048
0,3,153,GEMM(4,2,1),1777924394930957824,1777924395387284992,1777924392380734976
0,3,154,GEMM(5,2,1),1777924394930956800,1777924395387283968,1777924392380736000
0,3,155,GEMM(6,2,1),1777924394930958848,1777924395387388416,1777924392380737024
0,3,156,GEMM(7,2,1),1777924395387491840,1777924396076159488,1777924392380737024
0,3,157,GEMM(8,2,1),1777924395387579904,1777924396197772800,1777924392400660992
0,3,158,GEMM(9,2,1),1777924394930957824,1777924395387287040,1777924392380737024
0,3,159,GEMM(10,2,1),1777924394930960896,1777924395387286016,1777924392380736000
0,3,160,GEMM(11,2,1),1777924395387520512,1777924396076167680,1777924392380738048
0,3,161,GEMM(12,2,1),1777924395387527680,1777924396076173824,1777924392380734976
0,3,162,GEMM(13,2,1),1777924395387521536,1777924396076141056,1777924392380736000
0,3,163,GEMM(14,2,1),1777924395387542016,1777924396076196352,1777924392380737024
0,3,164,GEMM(15,2,1),1777924395387515392,1777924396076148224,1777924392380737024
0,3,178,SYRK(4,4,1),1777924394833264128,1777924395387281920,1777924392400662016
0,3,179,GEMM(5,4,1),1777924394833264128,1777924394930759168,1777924392380737024
0,3,180,GEMM(6,4,1),1777924394930958848,1777924395387284992,1777924392380736000
0,3,181,GEMM(7,4,1),1777924395387494912,1777924396076203520,1777924392380738048
0,3,182,GEMM(8,4,1),1777924395387532800,1777924396076140032,1777924392380736000
0,3,183,GEMM(9,4,1),1777924394930958848,1777924396076139008,1777924392380734976
0,3,184,GEMM(10,4,1),1777924394833264128,1777924394930759168,1777924392380737024
0,3,185,GEMM(11,4,1),1777924395387513344,1777924396076164608,1777924392380738048
0,3,186,GEMM(12,4,1),1777924395387552256,1777924396076204544,1777924392400662016
0,3,187,GEMM(13,4,1),1777924395387494912,1777924396076206592,1777924392380737024
0,3,188,GEMM(14,4,1),1777924395387527680,1777924396076139008,1777924392380736000
0,3,189,GEMM(15,4,1),1777924395387537920,1777924396076167680,1777924392400662016
0,3,201,SYRK(6,6,1),1777924394930961920,1777924395387298304,1777924392380736000
0,3,202,GEMM(7,6,1),1777924395387521536,1777924396076141056,1777924392380736000
0,3,203,GEMM(8,6,1),1777924395387525632,1777924396076139008,1777924392400662016
0,3,204,GEMM(9,6,1),1777924394930840064,1777924395387302400,1777924392401801728
0,3,205,GEMM(10,6,1),1777924394930960896,1777924395387387392,1777924392400668160
0,3,206,GEMM(11,6,1),1777924395387519488,1777924396076199424,1777924392400669184
0,3,207,GEMM(12,6,1),1777924396076448256,1777924396382605824,1777924395387546112
0,3,208,GEMM(13,6,1),1777924396197769728,1777924396603344384,1777924395387596288
0,3,209,GEMM(14,6,1),1777924396197765632,1777924396485945856,1777924395387659776
0,3,210,GEMM(15,6,1),1777924396197765632,1777924396603362816,1777924396036114944
0,3,220,SYRK(8,8,1),1777924396197764608,1777924396707224064,1777924396036111872
0,3,221,GEMM(9,8,1),1777924396423936512,1777924396889657856,1777924396076590592
0,3,222,GEMM(10,8,1),1777924396909305344,1777924397105336832,1777924396381101568
0,3,223,GEMM(11,8,1),1777924396197780992,1777924396564674048,1777924395387585024
0,3,224,GEMM(12,8,1),1777924396076448256,1777924396197764608,1777924395387536896
0,3,225,GEMM(13,8,1),1777924396603421184,1777924396909649408,1777924396076633600
0,3,226,GEMM(14,8,1),1777924396277971456,1777924396829591040,1777924396076481024
0,3,227,GEMM(15,8,1),1777924396320479744,1777924396889247232,1777924396076561920
0,3,235,SYRK(10,10,1),1777924396383171072,1777924396889415168,1777924396076535296
0,3,236,GEMM(11,10,1),1777924396485945856,1777924396909305344,1777924396076590592
0,3,237,GEMM(12,10,1),1777924396909535744,1777924397125568000,1777924396380988928
0,3,238,GEMM(13,10,1),1777924396200390144,1777924396785057280,1777924395387587072
0,3,239,GEMM(14,10,1),1777924396076447232,1777924396197764608,1777924395387539968
0,3,240,GEMM(15,10,1),1777924396383170048,1777924396889657856,1777924396076630528
0,3,246,SYRK(12,12,1),1777924396200391168,1777924396785056256,1777924396076481024
0,3,247,GEMM(13,12,1),1777924396277906944,1777924396829591040,1777924396076549632
0,3,248,GEMM(14,12,1),1777924396383170048,1777924396889414144,1777924396076589568
0,3,249,GEMM(15,12,1),1777924396423936512,1777924396889657856,1777924396076590592
0,3,253,SYRK(14,14,1),1777924396909306368,1777924397085920768,1777924396380988928
0,3,254,GEMM(15,14,1),1777924396200656384,1777924396829596160,1777924396076511744
0,3,256,POTRF(2),1777924396076554752,1777924396485945856,0
0,3,257,TRSM(3,2),1777924396076621312,1777924397225199104,0
0,3,258,TRSM(4,2),1777924396076481024,1777924397224175104,0
0,3,259,TRSM(5,2),1777924396076505600,1777924397225358848,0
0,3,260,TRSM(6,2),1777924396076590592,1777924397225358848,0
0,3,261,TRSM(7,2),1777924396076590592,1777924397225358848,0
0,3,262,TRSM(8,2),1777924396380988928,1777924397303369216,0
0,3,263,TRSM(9,2),1777924396076526080,1777924397225199104,0
0,3,264,TRSM(10,2),1777924396604617216,1777924397312953856,0
0,3,265,TRSM(11,2),1777924396829591040,1777924397312953856,0
0,3,266,TRSM(12,2),1777924396827431424,1777924397312953856,0
0,3,267,TRSM(13,2),1777924396866979328,1777924397312954880,0
0,3,268,TRSM(14,2),1777924396889415168,1777924397403411968,0
0,3,269,TRSM(15,2),1777924396919416320,1777924397403411968,0
0,3,283,SYRK(4,4,2),1777924397127060992,1777924397154568704,0
0,3,284,GEMM(5,4,2),1777924396829591040,1777924397085203968,0
0,3,285,GEMM(6,4,2),1777924396604617216,1777924396909649408,0
0,3,286,GEMM(7,4,2),1777924397043176960,1777924397127545344,0
0,3,287,GEMM(8,4,2),1777924396908928512,1777924397085920768,0
0,3,288,GEMM(9,4,2),1777924396909742592,1777924397125568000,0
0,3,289,GEMM(10,4,2),1777924396909947392,1777924397125982720,0
0,3,290,GEMM(11,4,2),1777924397002798592,1777924397127062016,0
0,3,291,GEMM(12,4,2),1777924397127060992,1777924397154568704,0
0,3,292,GEMM(13,4,2),1777924396889657856,1777924397085804032,0
0,3,293,GEMM(14,4,2),1777924396604618240,1777924396910188032,0
0,3,294,GEMM(15,4,2),1777924397043117568,1777924397127062016,0
0,3,306,SYRK(6,6,2),1777924396908928512,1777924397085920768,0
0,3,307,GEMM(7,6,2),1777924396909743616,1777924397125568000,0
0,3,308,GEMM(8,6,2),1777924396909947392,1777924397126655488,0
0,3,309,GEMM(9,6,2),1777924397002798592,1777924397127060992,0
0,3,310,GEMM(10,6,2),1777924397127060992,1777924397154609664,0
0,3,311,GEMM(11,6,2),1777924396908928512,1777924397085920768,0
0,3,312,GEMM(12,6,2),1777924396827431424,1777924396920122880,0
0,3,313,GEMM(13,6,2),1777924397226658304,1777924397303172608,0
0,3,314,GEMM(14,6,2),1777924397226658304,1777924397303172608,0
0,3,315,GEMM(15,6,2),1777924397226658304,1777924397303172608,0
0,3,325,SYRK(8,8,2),1777924397226658304,1777924397303172608,0
0,3,326,GEMM(9,8,2),1777924397226658304,1777924397303172608,0
0,3,327,GEMM(10,8,2),1777924397303380480,1777924397328453120,0
0,3,328,GEMM(11,8,2),1777924397226658304,1777924397303172608,0
0,3,329,GEMM(12,8,2),1777924397328453120,1777924397403412992,0
0,3,330,GEMM(13,8,2),1777924397328454144,1777924397403412992,0
0,3,331,GEMM(14,8,2),1777924397328454144,1777924397403412992,0
0,3,332,GEMM(15,8,2),1777924397328454144,1777924397403412992,0
0,3,340,SYRK(10,10,2),1777924397423625728,1777924397440008704,0
0,3,341,GEMM(11,10,2),1777924397403429376,1777924397423626752,0
0,3,342,GEMM(12,10,2),1777924397312571904,1777924397328453120,0
0,3,343,GEMM(13,10,2),1777924397226659328,1777924397303173632,0
0,3,344,GEMM(14,10,2),1777924397328453120,1777924397403412992,0
0,3,345,GEMM(15,10,2),1777924397328455168,1777924397423626752,0
0,3,351,SYRK(12,12,2),1777924397328454144,1777924397403412992,0
0,3,352,GEMM(13,12,2),1777924397328454144,1777924397403412992,0
0,3,353,GEMM(14,12,2),1777924397423625728,1777924397438841344,0
0,3,354,GEMM(15,12,2),1777924397403431424,1777924397438841344,0
0,3,358,SYRK(14,14,2),1777924397312571904,1777924397403412992,0
0,3,359,GEMM(15,14,2),1777924397226659328,1777924397312953856,0
0,3,374,SYRK(4,4,3),1777924399495416320,1777924400437957120,1777924397328453120
0,3,375,GEMM(5,4,3),1777924399495418368,1777924400437913088,1777924397328455168
0,3,376,GEMM(6,4,3),1777924399495417344,1777924400437912064,1777924397328454144
0,3,377,GEMM(7,4,3),1777924399495417344,1777924400437944832,1777924397328454144
0,3,378,GEMM(8,4,3),1777924399495383552,1777924400437911040,1777924397423625728
0,3,379,GEMM(9,4,3),1777924399495423488,1777924400437945856,1777924397413522944
0,3,380,GEMM(10,4,3),1777924399495417344,1777924400438005248,1777924397312571904
0,3,381,GEMM(11,4,3),1777924400438158848,1777924400658065920,1777924397226659328
0,3,382,GEMM(12,4,3),1777924399495427584,1777924400437914112,1777924397328453120
0,3,383,GEMM(13,4,3),1777924399495429632,1777924400437970432,1777924397328455168
0,3,384,GEMM(14,4,3),1777924399495418368,1777924400437961216,1777924397328454144
0,3,385,GEMM(15,4,3),1777924399495417344,1777924400437921280,1777924397328454144
0,3,397,SYRK(6,6,3),1777924399495426560,1777924400437945856,1777924397423625728
0,3,398,GEMM(7,6,3),1777924399495427584,1777924400437976576,1777924397423625728
0,3,399,GEMM(8,6,3),1777924399495471616,1777924400437928448,1777924397403411968
0,3,400,GEMM(9,6,3),1777924399495426560,1777924400437934592,1777924397303244288
0,3,401,GEMM(10,6,3),1777924399495417344,1777924400437960192,1777924397403416064
0,3,402,GEMM(11,6,3),1777924400438187520,1777924400661466624,1777924397403420160
0,3,403,GEMM(12,6,3),1777924399495417344,1777924400437943808,1777924397403426304
0,3,404,GEMM(13,6,3),1777924399495433728,1777924400437913088,1777924397403424256
0,3,405,GEMM(14,6,3),1777924399495426560,1777924400437975552,1777924397440014848
0,3,406,GEMM(15,6,3),1777924399495421440,1777924400437911040,1777924397438841344
0,3,416,SYRK(8,8,3),1777924399401612800,1777924399495285248,1777924397403411968
0,3,417,GEMM(9,8,3),1777924399401612800,1777924399495213568,1777924397303244288
0,3,418,GEMM(10,8,3),1777924399495415296,1777924400437927424,1777924397403417088
0,3,419,GEMM(11,8,3),1777924400438162944,1777924400658065920,1777924397438840320
0,3,420,GEMM(12,8,3),1777924399495525888,1777924400658064896,1777924397403426304
0,3,421,GEMM(13,8,3),1777924399495417344,1777924400437912064,1777924397403424256
0,3,422,GEMM(14,8,3),1777924399401613824,1777924400437940736,1777924397440014848
0,3,423,GEMM(15,8,3),1777924399495433728,1777924400437913088,1777924397438847488
0,3,431,SYRK(10,10,3),1777924399495421440,1777924400437911040,1777924397403422208
0,3,432,GEMM(11,10,3),1777924400438162944,1777924400658065920,1777924397328047616
0,3,433,GEMM(12,10,3),1777924400661880320,1777924401030628864,1777924400438263296
0,3,434,GEMM(13,10,3),1777924400662145536,1777924401030763008,1777924400438314496
0,3,435,GEMM(14,10,3),1777924400661880320,1777924401030524416,1777924400438205952
0,3,436,GEMM(15,10,3),1777924400662145536,1777924401030763008,1777924400438284800
0,3,442,SYRK(12,12,3),1777924400661879296,1777924401030524416,1777924400438066688
0,3,443,GEMM(13,12,3),1777924400662146560,1777924401030927872,1777924400438286848
0,3,444,GEMM(14,12,3),1777924400662145536,1777924401030763008,1777924400438315520
0,3,445,GEMM(15,12,3),1777924401030763008,1777924401161254400,1777924400661879296
0,3,449,SYRK(14,14,3),1777924400661880320,1777924401030524416,1777924400438257152
0,3,450,GEMM(15,14,3),1777924400662145536,1777924401030763008,1777924400438311424
0,3,452,POTRF(4),1777924400438213120,1777924401030498816,0
0,3,453,TRSM(5,4),1777924400438224384,1777924401235286528,0
0,3,454,TRSM(6,4),1777924400438267392,1777924401235065344,0
0,3,455,TRSM(7,4),1777924400438286848,1777924401245182464,0
0,3,456,TRSM(8,4),1777924400438311424,1777924401235218944,0
0,3,457,TRSM(9,4),1777924400661879296,1777924401280303616,0
0,3,458,TRSM(10,4),1777924400438257152,1777924401234127360,0
0,3,459,TRSM(11,4),1777924400661931520,1777924401290396160,0
0,3,460,TRSM(12,4),1777924400661062144,1777924401260513792,0
0,3,461,TRSM(13,4),1777924400438224384,1777924401234210304,0
0,3,462,TRSM(14,4),1777924400438263296,1777924401245181440,0
0,3,463,TRSM(15,4),1777924400438342144,1777924401235218944,0
0,3,475,SYRK(6,6,4),1777924400438322688,1777924400661879296,0
0,3,476,GEMM(7,6,4),1777924400661879296,1777924401030498816,0
0,3,477,GEMM(8,6,4),1777924400438263296,1777924400661572096,0
0,3,478,GEMM(9,6,4),1777924400661931520,1777924401030763008,0
0,3,479,GEMM(10,6,4),1777924400661880320,1777924401030524416,0
0,3,480,GEMM(11,6,4),1777924400438257152,1777924400661691904,0
0,3,481,GEMM(12,6,4),1777924400438285824,1777924400661839360,0
0,3,482,GEMM(13,6,4),1777924400438356480,1777924400661880320,0
0,3,483,GEMM(14,6,4),1777924400438323712,1777924400661879296,0
0,3,484,GEMM(15,6,4),1777924400661879296,1777924401030524416,0
0,3,494,SYRK(8,8,4),1777924401031095808,1777924401161333248,0
0,3,495,GEMM(9,8,4),1777924401068328448,1777924401162124800,0
0,3,496,GEMM(10,8,4),1777924401030957568,1777924401161254400,0
0,3,497,GEMM(11,8,4),1777924401068328448,1777924401162124800,0
0,3,498,GEMM(12,8,4),1777924401030957568,1777924401161333248,0
0,3,499,GEMM(13,8,4),1777924401068715520,1777924401162193408,0
0,3,500,GEMM(14,8,4),1777924401068328448,1777924401162124800,0
0,3,501,GEMM(15,8,4),1777924401162123776,1777924401174236672,0
0,3,509,SYRK(10,10,4),1777924401031095808,1777924401162124800,0
0,3,510,GEMM(11,10,4),1777924401068328448,1777924401162124800,0
0,3,511,GEMM(12,10,4),1777924401030957568,1777924401161254400,0
0,3,512,GEMM(13,10,4),1777924401260209664,1777924401280303616,0
0,3,513,GEMM(14,10,4),1777924401244686848,1777924401280303616,0
0,3,514,GEMM(15,10,4),1777924401280259584,1777924401295538688,0
0,3,520,SYRK(12,12,4),1777924401244686848,1777924401260673536,0
0,3,521,GEMM(13,12,4),1777924401295537664,1777924401315960320,0
0,3,522,GEMM(14,12,4),1777924401235286528,1777924401260514816,0
0,3,523,GEMM(15,12,4),1777924401305653760,1777924401319465472,0
0,3,527,SYRK(14,14,4),1777924401290395136,1777924401305937408,0
0,3,528,GEMM(15,14,4),1777924401260209664,1777924401290396160,0
0,3,541,SYRK(6,6,5),1777924402886351360,1777924403160172032,1777924401280259584
0,3,542,GEMM(7,6,5),1777924402904569344,1777924403160187392,1777924401280259584
0,3,543,GEMM(8,6,5),1777924403160397312,1777924404009798144,1777924401244686848
0,3,544,GEMM(9,6,5),1777924402904638976,1777924403160174080,1777924401295537664
0,3,545,GEMM(10,6,5),1777924403160436224,1777924404009799168,1777924401235286528
0,3,546,GEMM(11,6,5),1777924403160412672,1777924404009798144,1777924401305653760
0,3,547,GEMM(12,6,5),1777924402904569344,1777924403160189440,1777924401290395136
0,3,548,GEMM(13,6,5),1777924403160397312,1777924404009798144,1777924401260209664
0,3,549,GEMM(14,6,5),1777924402904568320,1777924403160185344,1777924401280259584
0,3,550,GEMM(15,6,5),1777924403160398336,1777924404009798144,1777924401280259584
0,3,560,SYRK(8,8,5),1777924403160423936,1777924404010046976,1777924401244686848
0,3,561,GEMM(9,8,5),1777924403160397312,1777924404009798144,1777924401295537664
0,3,562,GEMM(10,8,5),1777924403160424960,1777924404009797120,1777924401235286528
0,3,563,GEMM(11,8,5),1777924403160441344,1777924404010046976,1777924401305654784
0,3,564,GEMM(12,8,5),1777924403160442368,1777924404009799168,1777924401290395136
0,3,565,GEMM(13,8,5),1777924403160397312,1777924404009797120,1777924401260209664
0,3,566,GEMM(14,8,5),1777924403160406528,1777924404009798144,1777924401280259584
0,3,567,GEMM(15,8,5),1777924403160422912,1777924404009799168,1777924401280259584
0,3,575,SYRK(10,10,5),1777924403160400384,1777924404009798144,1777924401244686848
0,3,576,GEMM(11,10,5),1777924403160432128,1777924404010185216,1777924401295537664
0,3,577,GEMM(12,10,5),1777924403160399360,1777924404009798144,1777924401235286528
0,3,578,GEMM(13,10,5),1777924403160406528,1777924404009799168,1777924401305654784
0,3,579,GEMM(14,10,5),1777924403160440320,1777924404009799168,1777924401290395136
0,3,580,GEMM(15,10,5),1777924403160414720,1777924404009799168,1777924401290395136
0,3,586,SYRK(12,12,5),1777924402904569344,1777924403160186368,1777924401290395136
0,3,587,GEMM(13,12,5),1777924403160495616,1777924404010287616,1777924401305653760
0,3,588,GEMM(14,12,5),1777924402904500736,1777924403160173056,1777924401280260608
0,3,589,GEMM(15,12,5),1777924403160397312,1777924404009797120,1777924401315964416
0,3,593,SYRK(14,14,5),1777924402904569344,1777924404003347968,1777924401280260608
0,3,594,GEMM(15,14,5),1777924403160427008,1777924404010046976,1777924401319470592
0,3,596,POTRF(6),1777924401315747328,1777924401321513472,0
0,3,597,TRSM(7,6),1777924401295537664,1777924401329296896,0
0,3,598,TRSM(8,6),1777924403199755776,1777924404450789888,0
0,3,599,TRSM(9,6),1777924403160518144,1777924404373317120,0
0,3,600,TRSM(10,6),1777924404010391040,1777924404482000384,0
0,3,601,TRSM(11,6),1777924403160435200,1777924404450789888,0
0,3,602,TRSM(12,6),1777924404010390016,1777924404461023744,0
0,3,603,TRSM(13,6),1777924404010390016,1777924404450789888,0
0,3,604,TRSM(14,6),1777924403160471040,1777924404366080512,0
0,3,605,TRSM(15,6),1777924404010391040,1777924404545430016,0
0,3,615,SYRK(8,8,6),1777924403199772160,1777924404186533376,0
0,3,616,GEMM(9,8,6),1777924404010390016,1777924404187330048,0
0,3,617,GEMM(10,8,6),1777924404010392064,1777924404187474432,0
0,3,618,GEMM(11,8,6),1777924404010388992,1777924404187329024,0
0,3,619,GEMM(12,8,6),1777924404010390016,1777924404187362816,0
0,3,620,GEMM(13,8,6),1777924404010391040,1777924404187435520,0
0,3,621,GEMM(14,8,6),1777924404010390016,1777924404187329024,0
0,3,622,GEMM(15,8,6),1777924404010391040,1777924404187405824,0
0,3,630,SYRK(10,10,6),1777924404010391040,1777924404187405824,0
0,3,631,GEMM(11,10,6),1777924404010390016,1777924404187330048,0
0,3,632,GEMM(12,10,6),1777924404010392064,1777924404187474432,0
0,3,633,GEMM(13,10,6),1777924404010420736,1777924404187611648,0
0,3,634,GEMM(14,10,6),1777924404010390016,1777924404187362816,0
0,3,635,GEMM(15,10,6),1777924404010392064,1777924404187435520,0
0,3,641,SYRK(12,12,6),1777924404010390016,1777924404187330048,0
0,3,642,GEMM(13,12,6),1777924404010391040,1777924404187435520,0
0,3,643,GEMM(14,12,6),1777924404010391040,1777924404187405824,0
0,3,644,GEMM(15,12,6),1777924404010420736,1777924404187611648,0
0,3,648,SYRK(14,14,6),1777924404010392064,1777924404187475456,0
0,3,649,GEMM(15,14,6),1777924404010420736,1777924404321034752,0
0,3,660,SYRK(8,8,7),1777924404187612672,1777924404321722880,1777924404010390016
0,3,661,GEMM(9,8,7),1777924404187624960,1777924404321972736,1777924404010392064
0,3,662,GEMM(10,8,7),1777924404187611648,1777924404321722880,1777924404010390016
0,3,663,GEMM(11,8,7),1777924404187624960,1777924404321722880,1777924404010391040
0,3,664,GEMM(12,8,7),1777924404545791488,1777924404788526592,1777924404461462016
0,3,665,GEMM(13,8,7),1777924404471212544,1777924404545791488,1777924404451283456
0,3,666,GEMM(14,8,7),1777924404897647104,1777924404984285696,1777924404550636032
0,3,667,GEMM(15,8,7),1777924406304435712,1777924406470386176,1777924404461022720
0,3,675,SYRK(10,10,7),1777924404774528512,1777924404897647104,1777924404481845760
0,3,676,GEMM(11,10,7),1777924404545791488,1777924404788526592,1777924404461462016
0,3,677,GEMM(12,10,7),1777924404373316096,1777924404451325440,1777924404366087680
0,3,678,GEMM(13,10,7),1777924404980779520,1777924405052172800,1777924404787606016
0,3,679,GEMM(14,10,7),1777924404550448640,1777924404884087296,1777924404461463040
0,3,680,GEMM(15,10,7),1777924406304435712,1777924406470386176,1777924404451283456
0,3,686,SYRK(12,12,7),1777924404897647104,1777924405052172800,1777924404550636032
0,3,687,GEMM(13,12,7),1777924404545791488,1777924404798321152,1777924404461023744
0,3,688,GEMM(14,12,7),1777924404774633984,1777924404897648128,1777924404481845760
0,3,689,GEMM(15,12,7),1777924406304435712,1777924406763503104,1777924404461462016
0,3,693,SYRK(14,14,7),1777924404373317120,1777924404461783552,1777924404366088704
0,3,694,GEMM(15,14,7),1777924406304435712,1777924406470386176,1777924404787606016
0,3,696,POTRF(8),1777924404461463040,1777924404550636032,0
0,3,697,TRSM(9,8),1777924404451283456,1777924405109623296,0
0,3,698,TRSM(10,8),1777924404550636032,1777924405113090560,0
0,3,699,TRSM(11,8),1777924404461022720,1777924405109829120,0
0,3,700,TRSM(12,8),1777924404481845760,1777924405112091136,0
0,3,701,TRSM(13,8),1777924404461463040,1777924405112092160,0
0,3,702,TRSM(14,8),1777924404366088704,1777924405104824832,0
0,3,703,TRSM(15,8),1777924404787607040,1777924405113091584,0
0,3,711,SYRK(10,10,8),1777924404534655488,1777924404788526592,0
0,3,712,GEMM(11,10,8),1777924404451284480,1777924404482000384,0
0,3,713,GEMM(12,10,8),1777924404550636032,1777924404897305088,0
0,3,714,GEMM(13,10,8),1777924404461022720,1777924404529257984,0
0,3,715,GEMM(14,10,8),1777924404481845760,1777924404712602112,0
0,3,716,GEMM(15,10,8),1777924404461463040,1777924404545430016,0
0,3,722,SYRK(12,12,8),1777924404366089728,1777924404373317120,0
0,3,723,GEMM(13,12,8),1777924404787607040,1777924404983477760,0
0,3,724,GEMM(14,12,8),1777924404896921088,1777924404984285696,0
0,3,725,GEMM(15,12,8),1777924404711755264,1777924404897548800,0
0,3,729,SYRK(14,14,8),1777924405051639296,1777924405068775936,0
0,3,730,GEMM(15,14,8),1777924406509998592,1777924406853326336,0
0,3,739,SYRK(10,10,9),1777924406470550016,1777924406832976384,1777924404980778496
0,3,740,GEMM(11,10,9),1777924406470536704,1777924406832975360,1777924404896921088
0,3,741,GEMM(12,10,9),1777924406470450688,1777924406832975360,1777924404461022720
0,3,742,GEMM(13,10,9),1777924406470550016,1777924406832976384,1777924405068159488
0,3,743,GEMM(14,10,9),1777924406470537728,1777924406832976384,1777924404897647104
0,3,744,GEMM(15,10,9),1777924406947392000,1777924407109366272,1777924406763502080
0,3,750,SYRK(12,12,9),1777924406509998592,1777924406853325312,1777924405068159488
0,3,751,GEMM(13,12,9),1777924406947392000,1777924407073585664,1777924406509998592
0,3,752,GEMM(14,12,9),1777924406470537728,1777924406832976384,1777924404980778496
0,3,753,GEMM(15,12,9),1777924407026351616,1777924407172548096,1777924406852914688
0,3,757,SYRK(14,14,9),1777924406470536704,1777924406832975360,1777924404481402368
0,3,758,GEMM(15,14,9),1777924406853325312,1777924406948115968,1777924406470583808
0,3,760,POTRF(10),1777924404897648128,1777924405068362240,0
0,3,761,TRSM(11,10),1777924406763502080,1777924407252762112,0
0,3,762,TRSM(12,10),1777924405113103872,1777924405137226240,0
0,3,763,TRSM(13,10),1777924406509998592,1777924407252762112,0
0,3,764,TRSM(14,10),1777924405112103424,1777924405134084608,0
0,3,765,TRSM(15,10),1777924406852914688,1777924407252762112,0
0,3,771,SYRK(12,12,10),1777924405104834048,1777924405111107072,0
0,3,772,GEMM(13,12,10),1777924406470589952,1777924406842994176,0
0,3,773,GEMM(14,12,10),1777924405050840576,1777924405068362240,0
0,3,774,GEMM(15,12,10),1777924406763502080,1777924406947809792,0
0,3,778,SYRK(14,14,10),1777924405113104896,1777924405121519104,0
0,3,779,GEMM(15,14,10),1777924406746684928,1777924406853326336,0
0,3,786,SYRK(12,12,11),1777924406470545920,1777924406852915712,1777924405112104448
0,3,787,GEMM(13,12,11),1777924407067451904,1777924407172646400,1777924406852914688
0,3,788,GEMM(14,12,11),1777924406510012928,1777924406853325312,1777924405109623296
0,3,789,GEMM(15,12,11),1777924406853325312,1777924406948199936,1777924406470590976
0,3,793,SYRK(14,14,11),1777924406470537728,1777924406832975360,1777924405051640320
0,3,794,GEMM(15,14,11),1777924406947598848,1777924407171840512,1777924406763502080
0,3,796,POTRF(12),1777924405117841920,1777924405123600896,0
0,3,797,TRSM(13,12),1777924406947392000,1777924407254541824,0
0,3,798,TRSM(14,12),1777924406853325312,1777924407254281728,0
0,3,799,TRSM(15,12),1777924406853325312,1777924407253694976,0
0,3,803,SYRK(14,14,12),1777924406853325312,1777924406948032000,0
0,3,804,GEMM(15,14,12),1777924406853325312,1777924407073337856,0
0,3,809,SYRK(14,14,13),1777924407067451904,1777924407172549120,1777924406853325312
0,3,810,GEMM(15,14,13),1777924407172646400,1777924407213900288,1777924407172548096
0,3,812,POTRF(14),1777924406947392000,1777924407172548096,0
0,3,813,TRSM(15,14),1777924407172225536,1777924407254583808,0
0,4,0,POTRF(0),1777924407880833536,1777924408036295168,0
0,4,1,TRSM(1,0),1777924407883371008,1777924408136926720,0
0,4,2,TRSM(2,0),1777924407883372032,1777924408136701440,0
0,4,3,TRSM(3,0),1777924407883372032,1777924408136859136,0
0,4,4,TRSM(4,0),1777924407883372032,1777924408136701440,0
0,4,5,TRSM(5,0),1777924407883372032,1777924408136925696,0
0,4,6,TRSM(6,0),1777924407883372032,1777924408136973824,0
0,4,7,TRSM(7,0),1777924407883372032,1777924408166461952,0
0,4,8,TRSM(8,0),1777924407883372032,1777924408136973824,0
0,4,9,TRSM(9,0),1777924407883372032,1777924408166704640,0
0,4,10,TRSM(10,0),1777924407883372032,1777924408166704640,0
0,4,11,TRSM(11,0),1777924407883373056,1777924408166704640,0
0,4,12,TRSM(12,0),1777924407883373056,1777924408166704640,0
0,4,13,TRSM(13,0),1777924407883373056,1777924408226800128,0
0,4,14,TRSM(14,0),1777924407883373056,1777924408226800128,0
0,4,15,TRSM(15,0),1777924407883373056,1777924408236428800,0
0,4,31,SYRK(2,2,0),1777924407883373056,1777924408036335104,0
0,4,32,GEMM(3,2,0),1777924407883373056,1777924408036335104,0
0,4,33,GEMM(4,2,0),1777924407883373056,1777924408036335104,0
0,4,34,GEMM(5,2,0),1777924407883373056,1777924408036335104,0
0,4,35,GEMM(6,2,0),1777924407883374080,1777924408036335104,0
0,4,36,GEMM(7,2,0),1777924407883374080,1777924408036336128,0
0,4,37,GEMM(8,2,0),1777924407883374080,1777924408036336128,0
0,4,38,GEMM(9,2,0),1777924407883374080,1777924408036336128,0
0,4,39,GEMM(10,2,0),1777924407883374080,1777924408036336128,0
0,4,40,GEMM(11,2,0),1777924407883374080,1777924408036336128,0
0,4,41,GEMM(12,2,0),1777924407883374080,1777924408036336128,0
0,4,42,GEMM(13,2,0),1777924407883374080,1777924408036336128,0
0,4,43,GEMM(14,2,0),1777924407883374080,1777924408036336128,0
0,4,44,GEMM(15,2,0),1777924407883374080,1777924408036336128,0
0,4,58,SYRK(4,4,0),1777924407883375104,1777924408036337152,0
0,4,59,GEMM(5,4,0),1777924407883375104,1777924408037168640,0
0,4,60,GEMM(6,4,0),1777924408036908544,1777924408049189376,0
0,4,61,GEMM(7,4,0),1777924408166461952,1777924408236425728,0
0,4,62,GEMM(8,4,0),1777924408136972800,1777924408166705664,0
0,4,63,GEMM(9,4,0),1777924408136973824,1777924408226800128,0
0,4,64,GEMM(10,4,0),1777924408136972800,1777924408166704640,0
0,4,65,GEMM(11,4,0),1777924408166461952,1777924408236425728,0
0,4,66,GEMM(12,4,0),1777924408166704640,1777924408236426752,0
0,4,67,GEMM(13,4,0),1777924408236424704,1777924408377847296,0
0,4,68,GEMM(14,4,0),1777924408166704640,1777924408236426752,0
0,4,69,GEMM(15,4,0),1777924408236425728,1777924408377848320,0
0,4,81,SYRK(6,6,0),1777924408236426752,1777924408377848320,0
0,4,82,GEMM(7,6,0),1777924408236425728,1777924408377848320,0
0,4,83,GEMM(8,6,0),1777924408236426752,1777924408377849344,0
0,4,84,GEMM(9,6,0),1777924408377846272,1777924408463081984,0
0,4,85,GEMM(10,6,0),1777924408377846272,1777924408463083008,0
0,4,86,GEMM(11,6,0),1777924408463079936,1777924408503118336,0
0,4,87,GEMM(12,6,0),1777924408166704640,1777924408236427776,0
0,4,88,GEMM(13,6,0),1777924408236425728,1777924408377848320,0
0,4,89,GEMM(14,6,0),1777924408236426752,1777924408377848320,0
0,4,90,GEMM(15,6,0),1777924408236425728,1777924408377847296,0
0,4,100,SYRK(8,8,0),1777924408236426752,1777924408377849344,0
0,4,101,GEMM(9,8,0),1777924408377846272,1777924408463081984,0
0,4,102,GEMM(10,8,0),1777924408377846272,1777924408463083008,0
0,4,103,GEMM(11,8,0),1777924408463079936,1777924408503118336,0
0,4,104,GEMM(12,8,0),1777924408166704640,1777924408236428800,0
0,4,105,GEMM(13,8,0),1777924408236425728,1777924408377848320,0
0,4,106,GEMM(14,8,0),1777924408236426752,1777924408377848320,0
0,4,107,GEMM(15,8,0),1777924408236425728,1777924408377847296,0
0,4,115,SYRK(10,10,0),1777924408236426752,1777924408377849344,0
0,4,116,GEMM(11,10,0),1777924408377846272,1777924408463081984,0
0,4,117,GEMM(12,10,0),1777924408377846272,1777924408503118336,0
0,4,118,GEMM(13,10,0),1777924408463079936,1777924408503118336,0
0,4,119,GEMM(14,10,0),1777924408176583168,1777924408377847296,0
0,4,120,GEMM(15,10,0),1777924408377845248,1777924408463081984,0
0,4,126,SYRK(12,12,0),1777924408236426752,1777924408377848320,0
0,4,127,GEMM(13,12,0),1777924408236427776,1777924408463081984,0
0,4,128,GEMM(14,12,0),1777924408236426752,1777924408377849344,0
0,4,129,GEMM(15,12,0),1777924408377846272,1777924408463083008,0
0,4,133,SYRK(14,14,0),1777924408377846272,1777924408463083008,0
0,4,134,GEMM(15,14,0),1777924408463079936,1777924408504246784,0
0,4,151,SYRK(2,2,1),1777924411016850944,1777924411871494656,1777924408377846272
0,4,152,GEMM(3,2,1),1777924411016846848,1777924411871477248,1777924408463080960
0,4,153,GEMM(4,2,1),1777924411016835584,1777924411871533568,1777924408463080960
0,4,154,GEMM(5,2,1),1777924411016843776,1777924411871478272,1777924408463079936
0,4,155,GEMM(6,2,1),1777924411016838656,1777924411871456768,1777924408463079936
0,4,156,GEMM(7,2,1),1777924411016847872,1777924411871487488,1777924408503117312
0,4,157,GEMM(8,2,1),1777924411016916480,1777924412159504896,1777924408503117312
0,4,158,GEMM(9,2,1),1777924411016835584,1777924411871579648,1777924408503126528
0,4,159,GEMM(10,2,1),1777924411871777280,1777924412159535616,1777924408377846272
0,4,160,GEMM(11,2,1),1777924411016848896,1777924411871471104,1777924408463080960
0,4,161,GEMM(12,2,1),1777924411016859136,1777924411871526400,1777924408463080960
0,4,162,GEMM(13,2,1),1777924411871725056,1777924412159491584,1777924408463078912
0,4,163,GEMM(14,2,1),1777924411016831488,1777924411871520256,1777924408463079936
0,4,164,GEMM(15,2,1),1777924411871724032,1777924412465417728,1777924408503117312
0,4,178,SYRK(4,4,1),1777924411016843776,1777924411871496704,1777924408503117312
0,4,179,GEMM(5,4,1),1777924411016831488,1777924411871481344,1777924408503126528
0,4,180,GEMM(6,4,1),1777924411016835584,1777924411871512064,1777924408377846272
0,4,181,GEMM(7,4,1),1777924411016955392,1777924411871529472,1777924408463081984
0,4,182,GEMM(8,4,1),1777924411016922624,1777924411871470080,1777924408463080960
0,4,183,GEMM(9,4,1),1777924411016850944,1777924411871474176,1777924408463079936
0,4,184,GEMM(10,4,1),1777924411871703552,1777924412159495680,1777924408463079936
0,4,185,GEMM(11,4,1),1777924411016845824,1777924411871527424,1777924408503117312
0,4,186,GEMM(12,4,1),1777924411016849920,1777924411871567360,1777924408503123456
0,4,187,GEMM(13,4,1),1777924411871737344,1777924412159512064,1777924408503127552
0,4,188,GEMM(14,4,1),1777924411016858112,1777924411871458816,1777924408463078912
0,4,189,GEMM(15,4,1),1777924411871718912,1777924412159533568,1777924408503116288
0,4,201,SYRK(6,6,1),1777924410917369344,1777924411016608256,1777924408463080960
0,4,202,GEMM(7,6,1),1777924410935559680,1777924411871474176,1777924408503116288
0,4,203,GEMM(8,6,1),1777924410935517696,1777924411016657408,1777924408463079936
0,4,204,GEMM(9,6,1),1777924411016849920,1777924411871498752,1777924408503117312
0,4,205,GEMM(10,6,1),1777924411871754752,1777924412159580672,1777924408503125504
0,4,206,GEMM(11,6,1),1777924411016840704,1777924411871521280,1777924408504252928
0,4,207,GEMM(12,6,1),1777924412159736320,1777924412465417728,1777924411871769088
0,4,208,GEMM(13,6,1),1777924412159803904,1777924412465418752,1777924411871740416
0,4,209,GEMM(14,6,1),1777924412465868288,1777924412791684608,1777924411871802880
0,4,210,GEMM(15,6,1),1777924412159845888,1777924412466012672,1777924411871795712
0,4,220,SYRK(8,8,1),1777924412159723008,1777924412465804800,1777924411871605248
0,4,221,GEMM(9,8,1),1777924412465418752,1777924412732326400,1777924411871880704
0,4,222,GEMM(10,8,1),1777924412547250688,1777924412991234560,1777924412159826432
0,4,223,GEMM(11,8,1),1777924412466012672,1777924412791684608,1777924411871849984
0,4,224,GEMM(12,8,1),1777924412710385152,1777924413118749184,1777924412159903232
0,4,225,GEMM(13,8,1),1777924412159751680,1777924412465417728,1777924411871791616
0,4,226,GEMM(14,8,1),1777924412159859200,1777924412466013696,1777924411871810048
0,4,227,GEMM(15,8,1),1777924412667283968,1777924412991234560,1777924412159879680
0,4,235,SYRK(10,10,1),1777924412159879680,1777924412712774144,1777924411871777280
0,4,236,GEMM(11,10,1),1777924412991234560,1777924413139425792,1777924412466013696
0,4,237,GEMM(12,10,1),1777924412710384128,1777924412991234560,1777924412159873536
0,4,238,GEMM(13,10,1),1777924412466012672,1777924412990951936,1777924411871855104
0,4,239,GEMM(14,10,1),1777924412710389248,1777924412991234560,1777924412159900160
0,4,240,GEMM(15,10,1),1777924412159719936,1777924412465417728,1777924411871790592
0,4,246,SYRK(12,12,1),1777924412159720960,1777924412465417728,1777924411871816192
0,4,247,GEMM(13,12,1),1777924412667282944,1777924412991234560,1777924412159875584
0,4,248,GEMM(14,12,1),1777924412466014720,1777924412791684608,1777924412159755776
0,4,249,GEMM(15,12,1),1777924412991234560,1777924413184807424,1777924412466013696
0,4,253,SYRK(14,14,1),1777924412507950592,1777924412991215104,1777924412159877632
0,4,254,GEMM(15,14,1),1777924412466014720,1777924412868729344,1777924412159788544
0,4,256,POTRF(2),1777924412364051968,1777924412753259008,0
0,4,257,TRSM(3,2),1777924412159801856,1777924413316094464,0
0,4,258,TRSM(4,2),1777924411871837696,1777924413307841024,0
0,4,259,TRSM(5,2),1777924412159890944,1777924413356310016,0
0,4,260,TRSM(6,2),1777924412159771136,1777924413306831360,0
0,4,261,TRSM(7,2),1777924412466013696,1777924413316632064,0
0,4,262,TRSM(8,2),1777924412404759040,1777924413316094464,0
0,4,263,TRSM(9,2),1777924412159802880,1777924413307682304,0
0,4,264,TRSM(10,2),1777924412507683328,1777924413356805632,0
0,4,265,TRSM(11,2),1777924412503322112,1777924413356406272,0
0,4,266,TRSM(12,2),1777924412991215104,1777924413451731456,0
0,4,267,TRSM(13,2),1777924412710858240,1777924413451730432,0
0,4,268,TRSM(14,2),1777924412507950592,1777924413402001920,0
0,4,269,TRSM(15,2),1777924412991154688,1777924413402001920,0
0,4,283,SYRK(4,4,2),1777924413116044800,1777924413185814016,0
0,4,284,GEMM(5,4,2),1777924412991215104,1777924413139213824,0
0,4,285,GEMM(6,4,2),1777924413184270848,1777924413227267584,0
0,4,286,GEMM(7,4,2),1777924412503243264,1777924412991108608,0
0,4,287,GEMM(8,4,2),1777924412991215104,1777924413139174912,0
0,4,288,GEMM(9,4,2),1777924413116044800,1777924413185814016,0
0,4,289,GEMM(10,4,2),1777924412989163008,1777924413139063296,0
0,4,290,GEMM(11,4,2),1777924413185503744,1777924413237506560,0
0,4,291,GEMM(12,4,2),1777924413116045824,1777924413185814016,0
0,4,292,GEMM(13,4,2),1777924413001004544,1777924413185814016,0
0,4,293,GEMM(14,4,2),1777924413184271872,1777924413237056000,0
0,4,294,GEMM(15,4,2),1777924412503285248,1777924412991184384,0
0,4,306,SYRK(6,6,2),1777924412991215104,1777924413139213824,0
0,4,307,GEMM(7,6,2),1777924413116045824,1777924413185815040,0
0,4,308,GEMM(8,6,2),1777924412991215104,1777924413139213824,0
0,4,309,GEMM(9,6,2),1777924413215277568,1777924413238162944,0
0,4,310,GEMM(10,6,2),1777924413116045824,1777924413216084480,0
0,4,311,GEMM(11,6,2),1777924413001004544,1777924413185303040,0
0,4,312,GEMM(12,6,2),1777924413184270848,1777924413227267584,0
0,4,313,GEMM(13,6,2),1777924413356884480,1777924413451731456,0
0,4,314,GEMM(14,6,2),1777924413315924480,1777924413402001920,0
0,4,315,GEMM(15,6,2),1777924413401769472,1777924413471821312,0
0,4,325,SYRK(8,8,2),1777924413309726208,1777924413356805632,0
0,4,326,GEMM(9,8,2),1777924413356883456,1777924413402001920,0
0,4,327,GEMM(10,8,2),1777924413356884480,1777924413402001920,0
0,4,328,GEMM(11,8,2),1777924413315924480,1777924413356884480,0
0,4,329,GEMM(12,8,2),1777924413401768448,1777924413451731456,0
0,4,330,GEMM(13,8,2),1777924413401595392,1777924413451731456,0
0,4,331,GEMM(14,8,2),1777924413471820288,1777924413522418176,0
0,4,332,GEMM(15,8,2),1777924413471820288,1777924413522418176,0
0,4,340,SYRK(10,10,2),1777924413471819264,1777924413522417152,0
0,4,341,GEMM(11,10,2),1777924413451744768,1777924413471821312,0
0,4,342,GEMM(12,10,2),1777924413356884480,1777924413402002944,0
0,4,343,GEMM(13,10,2),1777924413315924480,1777924413356884480,0
0,4,344,GEMM(14,10,2),1777924413401769472,1777924413451731456,0
0,4,345,GEMM(15,10,2),1777924413401595392,1777924413451731456,0
0,4,351,SYRK(12,12,2),1777924413471820288,1777924413522418176,0
0,4,352,GEMM(13,12,2),1777924413471820288,1777924413523553792,0
0,4,353,GEMM(14,12,2),1777924413471819264,1777924413522418176,0
0,4,354,GEMM(15,12,2),1777924413451745792,1777924413522417152,0
0,4,358,SYRK(14,14,2),1777924413356884480,1777924413402002944,0
0,4,359,GEMM(15,14,2),1777924413315924480,1777924413356884480,0
0,4,374,SYRK(4,4,3),1777924415587187200,1777924416328892928,1777924413401769472
0,4,375,GEMM(5,4,3),1777924415587187200,1777924416328923648,1777924413401596416
0,4,376,GEMM(6,4,3),1777924415587200512,1777924416328924672,1777924413471820288
0,4,377,GEMM(7,4,3),1777924415587200512,1777924416328980992,1777924413471820288
0,4,378,GEMM(8,4,3),1777924415587201536,1777924416328894976,1777924413471819264
0,4,379,GEMM(9,4,3),1777924416329199104,1777924416769513984,1777924413451747840
0,4,380,GEMM(10,4,3),1777924415587187200,1777924416328902144,1777924413356884480
0,4,381,GEMM(11,4,3),1777924416329153024,1777924416772746752,1777924413315924480
0,4,382,GEMM(12,4,3),1777924416329134592,1777924416769513984,1777924413401769472
0,4,383,GEMM(13,4,3),1777924415587200512,1777924416328907264,1777924413451739648
0,4,384,GEMM(14,4,3),1777924415587200512,1777924416328894976,1777924413471820288
0,4,385,GEMM(15,4,3),1777924415587187200,1777924416328893952,1777924413522417152
0,4,397,SYRK(6,6,3),1777924415587200512,1777924416328898048,1777924413471819264
0,4,398,GEMM(7,6,3),1777924415587239424,1777924416328902144,1777924413471819264
0,4,399,GEMM(8,6,3),1777924415587039744,1777924416328891904,1777924413451729408
0,4,400,GEMM(9,6,3),1777924416329143808,1777924416769515008,1777924413401595392
0,4,401,GEMM(10,6,3),1777924415587217920,1777924416328893952,1777924413451742720
0,4,402,GEMM(11,6,3),1777924416329143808,1777924416769513984,1777924413471820288
0,4,403,GEMM(12,6,3),1777924416329133568,1777924416769513984,1777924413522422272
0,4,404,GEMM(13,6,3),1777924415587201536,1777924416328911360,1777924413522424320
0,4,405,GEMM(14,6,3),1777924415587200512,1777924416328979968,1777924413522428416
0,4,406,GEMM(15,6,3),1777924415587269120,1777924416733869568,1777924413522417152
0,4,416,SYRK(8,8,3),1777924415531410944,1777924416328899072,1777924413451730432
0,4,417,GEMM(9,8,3),1777924416329138688,1777924416769513984,1777924413401595392
0,4,418,GEMM(10,8,3),1777924415587201536,1777924416328894976,1777924413451743744
0,4,419,GEMM(11,8,3),1777924416329142784,1777924416769513984,1777924413471820288
0,4,420,GEMM(12,8,3),1777924416329133568,1777924416769513984,1777924413522423296
0,4,421,GEMM(13,8,3),1777924415531410944,1777924415586959872,1777924413523558912
0,4,422,GEMM(14,8,3),1777924415587202560,1777924416328963584,1777924413522428416
0,4,423,GEMM(15,8,3),1777924415587201536,1777924416328907264,1777924413522426368
0,4,431,SYRK(10,10,3),1777924415587186176,1777924416328906240,1777924413451730432
0,4,432,GEMM(11,10,3),1777924416329147904,1777924416769513984,1777924413401595392
0,4,433,GEMM(12,10,3),1777924416783142400,1777924417121124864,1777924416368094720
0,4,434,GEMM(13,10,3),1777924416773109248,1777924417100673536,1777924416329169408
0,4,435,GEMM(14,10,3),1777924416773109248,1777924417100674560,1777924416329185792
0,4,436,GEMM(15,10,3),1777924416773109248,1777924417100674560,1777924416329268736
0,4,442,SYRK(12,12,3),1777924416783142400,1777924417101127168,1777924416368089600
0,4,443,GEMM(13,12,3),1777924417101127168,1777924417271312896,1777924416773065216
0,4,444,GEMM(14,12,3),1777924416773065216,1777924417099677184,1777924416329147904
0,4,445,GEMM(15,12,3),1777924417101206016,1777924417272187392,1777924416773109248
0,4,449,SYRK(14,14,3),1777924417100674560,1777924417261417984,1777924416773065216
0,4,450,GEMM(15,14,3),1777924416773109248,1777924417100679680,1777924416329209344
0,4,452,POTRF(4),1777924416329193984,1777924417041082880,0
0,4,453,TRSM(5,4),1777924416329242112,1777924417371497984,0
0,4,454,TRSM(6,4),1777924416368094720,1777924417371606528,0
0,4,455,TRSM(7,4),1777924416773065216,1777924417421582848,0
0,4,456,TRSM(8,4),1777924416329197056,1777924417366543872,0
0,4,457,TRSM(9,4),1777924416773109248,1777924417421582848,0
0,4,458,TRSM(10,4),1777924416773065216,1777924417371606528,0
0,4,459,TRSM(11,4),1777924416773066240,1777924417371606528,0
0,4,460,TRSM(12,4),1777924416773066240,1777924417421582848,0
0,4,461,TRSM(13,4),1777924416368116224,1777924417371605504,0
0,4,462,TRSM(14,4),1777924416368089600,1777924417371349504,0
0,4,463,TRSM(15,4),1777924416773065216,1777924417421582848,0
0,4,475,SYRK(6,6,4),1777924416368089600,1777924416773109248,0
0,4,476,GEMM(7,6,4),1777924416773109248,1777924417100674560,0
0,4,477,GEMM(8,6,4),1777924416773065216,1777924417098319360,0
0,4,478,GEMM(9,6,4),1777924416773066240,1777924417100624384,0
0,4,479,GEMM(10,6,4),1777924416773066240,1777924417100054016,0
0,4,480,GEMM(11,6,4),1777924416368088576,1777924416772989440,0
0,4,481,GEMM(12,6,4),1777924416368089600,1777924416772989440,0
0,4,482,GEMM(13,6,4),1777924416773065216,1777924417099681280,0
0,4,483,GEMM(14,6,4),1777924416368089600,1777924416772883968,0
0,4,484,GEMM(15,6,4),1777924416773110272,1777924417100981760,0
0,4,494,SYRK(8,8,4),1777924417260728832,1777924417304294912,0
0,4,495,GEMM(9,8,4),1777924417119330816,1777924417272228352,0
0,4,496,GEMM(10,8,4),1777924417119330816,1777924417272229376,0
0,4,497,GEMM(11,8,4),1777924417119330816,1777924417277097472,0
0,4,498,GEMM(12,8,4),1777924417169314304,1777924417277575680,0
0,4,499,GEMM(13,8,4),1777924417277096448,1777924417304736256,0
0,4,500,GEMM(14,8,4),1777924417101127168,1777924417261686272,0
0,4,501,GEMM(15,8,4),1777924417277574656,1777924417304797696,0
0,4,509,SYRK(10,10,4),1777924417277069824,1777924417304736256,0
0,4,510,GEMM(11,10,4),1777924417119330816,1777924417272228352,0
0,4,511,GEMM(12,10,4),1777924417119330816,1777924417272229376,0
0,4,512,GEMM(13,10,4),1777924417371977216,1777924417421582848,0
0,4,513,GEMM(14,10,4),1777924417371978240,1777924417421583872,0
0,4,514,GEMM(15,10,4),1777924417426956800,1777924417446882816,0
0,4,520,SYRK(12,12,4),1777924417366603264,1777924417421582848,0
0,4,521,GEMM(13,12,4),1777924417426956800,1777924417450323456,0
0,4,522,GEMM(14,12,4),1777924417371977216,1777924417421583872,0
0,4,523,GEMM(15,12,4),1777924417371977216,1777924417421583872,0
0,4,527,SYRK(14,14,4),1777924417421602304,1777924417446881792,0
0,4,528,GEMM(15,14,4),1777924417372031488,1777924417426957824,0
0,4,541,SYRK(6,6,5),1777924419025578496,1777924419135540736,1777924417371978240
0,4,542,GEMM(7,6,5),1777924419025578496,1777924419135540736,1777924417426956800
0,4,543,GEMM(8,6,5),1777924419135735296,1777924420141268480,1777924417366604288
0,4,544,GEMM(9,6,5),1777924419135798784,1777924420141295104,1777924417426956800
0,4,545,GEMM(10,6,5),1777924419135747584,1777924420141271552,1777924417371977216
0,4,546,GEMM(11,6,5),1777924419135801856,1777924420142148096,1777924417371977216
0,4,547,GEMM(12,6,5),1777924419135757824,1777924420141241856,1777924417421604352
0,4,548,GEMM(13,6,5),1777924419135763968,1777924420142145024,1777924417372031488
0,4,549,GEMM(14,6,5),1777924419135754752,1777924420141260288,1777924417371978240
0,4,550,GEMM(15,6,5),1777924419025580544,1777924420098395648,1777924417426956800
0,4,560,SYRK(8,8,5),1777924419135752704,1777924420141284864,1777924417371348480
0,4,561,GEMM(9,8,5),1777924419135774208,1777924420141255168,1777924417426956800
0,4,562,GEMM(10,8,5),1777924419135752704,1777924420141250048,1777924417371977216
0,4,563,GEMM(11,8,5),1777924419135785472,1777924420141259264,1777924417371977216
0,4,564,GEMM(12,8,5),1777924419135751680,1777924420141291008,1777924417426955776
0,4,565,GEMM(13,8,5),1777924419135753728,1777924420141241856,1777924417372031488
0,4,566,GEMM(14,8,5),1777924419135752704,1777924420141260288,1777924417372031488
0,4,567,GEMM(15,8,5),1777924419135821312,1777924420142145024,1777924417426956800
0,4,575,SYRK(10,10,5),1777924419135821312,1777924420142645760,1777924417371348480
0,4,576,GEMM(11,10,5),1777924419135630848,1777924420141252096,1777924417426956800
0,4,577,GEMM(12,10,5),1777924419135745536,1777924420141297152,1777924417371977216
0,4,578,GEMM(13,10,5),1777924419177618944,1777924420299685376,1777924417371978240
0,4,579,GEMM(14,10,5),1777924419135738368,1777924420141287936,1777924417426956800
0,4,580,GEMM(15,10,5),1777924419135810048,1777924420142145024,1777924417421595136
0,4,586,SYRK(12,12,5),1777924419135746560,1777924420141249024,1777924417421597184
0,4,587,GEMM(13,12,5),1777924419135751680,1777924420141276672,1777924417447228928
0,4,588,GEMM(14,12,5),1777924419135753728,1777924420141242880,1777924417421588992
0,4,589,GEMM(15,12,5),1777924419135755776,1777924420141273600,1777924417450328576
0,4,593,SYRK(14,14,5),1777924419135865344,1777924420142694912,1777924417421593088
0,4,594,GEMM(15,14,5),1777924419135754752,1777924420141258240,1777924417421591040
0,4,596,POTRF(6),1777924417447228928,1777924417452673536,0
0,4,597,TRSM(7,6),1777924417446881792,1777924417459991040,0
0,4,598,TRSM(8,6),1777924419135815168,1777924420515482112,0
0,4,599,TRSM(9,6),1777924419135781376,1777924420505538048,0
0,4,600,TRSM(10,6),1777924420142646784,1777924420515304960,0
0,4,601,TRSM(11,6),1777924420142660096,1777924420563363328,0
0,4,602,TRSM(12,6),1777924420142647808,1777924420564003328,0
0,4,603,TRSM(13,6),1777924420142648832,1777924420590372352,0
0,4,604,TRSM(14,6),1777924420142646784,1777924420514806272,0
0,4,605,TRSM(15,6),1777924420142647808,1777924420515482112,0
0,4,615,SYRK(8,8,6),1777924420142647808,1777924420299896320,0
0,4,616,GEMM(9,8,6),1777924420142647808,1777924420300290560,0
0,4,617,GEMM(10,8,6),1777924420142647808,1777924420299974144,0
0,4,618,GEMM(11,8,6),1777924420142646784,1777924420299685376,0
0,4,619,GEMM(12,8,6),1777924420142694912,1777924420300054016,0
0,4,620,GEMM(13,8,6),1777924420142648832,1777924420300290560,0
0,4,621,GEMM(14,8,6),1777924420142646784,1777924420299974144,0
0,4,622,GEMM(15,8,6),1777924420142647808,1777924420299685376,0
0,4,630,SYRK(10,10,6),1777924420142647808,1777924420299896320,0
0,4,631,GEMM(11,10,6),1777924420142647808,1777924420300117504,0
0,4,632,GEMM(12,10,6),1777924420299515392,1777924420316128768,0
0,4,633,GEMM(13,10,6),1777924420142666240,1777924420299897344,0
0,4,634,GEMM(14,10,6),1777924420142647808,1777924420300054016,0
0,4,635,GEMM(15,10,6),1777924420315160064,1777924420402025984,0
0,4,641,SYRK(12,12,6),1777924420142647808,1777924420299896320,0
0,4,642,GEMM(13,12,6),1777924420142649856,1777924420315856384,0
0,4,643,GEMM(14,12,6),1777924420142645760,1777924420299896320,0
0,4,644,GEMM(15,12,6),1777924420142647808,1777924420300117504,0
0,4,648,SYRK(14,14,6),1777924420299516416,1777924420401882624,0
0,4,649,GEMM(15,14,6),1777924420142646784,1777924420299897344,0
0,4,660,SYRK(8,8,7),1777924420402025984,1777924420459577856,1777924420299516416
0,4,661,GEMM(9,8,7),1777924420402115072,1777924420459980288,1777924420315161088
0,4,662,GEMM(10,8,7),1777924420315161088,1777924420402025984,1777924420142646784
0,4,663,GEMM(11,8,7),1777924420315714048,1777924420402115072,1777924420142647808
0,4,664,GEMM(12,8,7),1777924420593853952,1777924420985631232,1777924420562643456
0,4,665,GEMM(13,8,7),1777924420515593728,1777924420590874112,1777924420505562624
0,4,666,GEMM(14,8,7),1777924420593587712,1777924420916892160,1777924420562642432
0,4,667,GEMM(15,8,7),1777924422420562432,1777924422882894336,1777924420593587712
0,4,675,SYRK(10,10,7),1777924420986021376,1777924421153458688,1777924420593587712
0,4,676,GEMM(11,10,7),1777924421139770880,1777924421215134208,1777924420769572352
0,4,677,GEMM(12,10,7),1777924420674937344,1777924420986501632,1777924420563268096
0,4,678,GEMM(13,10,7),1777924420593588736,1777924420985631232,1777924420562642432
0,4,679,GEMM(14,10,7),1777924420593853952,1777924420986457600,1777924420562643456
0,4,680,GEMM(15,10,7),1777924422420562432,1777924422587314688,1777924420505563648
0,4,686,SYRK(12,12,7),1777924420593587712,1777924420974216704,1777924420562737664
0,4,687,GEMM(13,12,7),1777924420986457600,1777924421208293888,1777924420593587712
0,4,688,GEMM(14,12,7),1777924420986021376,1777924421153458688,1777924420593587712
0,4,689,GEMM(15,12,7),1777924422420561408,1777924422587313664,1777924420769553920
0,4,693,SYRK(14,14,7),1777924420593853952,1777924420985631232,1777924420563268096
0,4,694,GEMM(15,14,7),1777924422420562432,1777924422587314688,1777924420562643456
0,4,696,POTRF(8),1777924420563268096,1777924420916891136,0
0,4,697,TRSM(9,8),1777924420505563648,1777924421262064128,0
0,4,698,TRSM(10,8),1777924420562642432,1777924421264400896,0
0,4,699,TRSM(11,8),1777924420593588736,1777924421272551936,0
0,4,700,TRSM(12,8),1777924420593587712,1777924421272551936,0
0,4,701,TRSM(13,8),1777924420769553920,1777924421278934528,0
0,4,702,TRSM(14,8),1777924420563268096,1777924421269936640,0
0,4,703,TRSM(15,8),1777924420562643456,1777924421264399872,0
0,4,711,SYRK(10,10,8),1777924420593586688,1777924420916890112,0
0,4,712,GEMM(11,10,8),1777924420505563648,1777924420564003328,0
0,4,713,GEMM(12,10,8),1777924420562642432,1777924420590960128,0
0,4,714,GEMM(13,10,8),1777924420593588736,1777924420974979584,0
0,4,715,GEMM(14,10,8),1777924420593587712,1777924420974214656,0
0,4,716,GEMM(15,10,8),1777924420769553920,1777924421153080832,0
0,4,722,SYRK(12,12,8),1777924420563268096,1777924420594303488,0
0,4,723,GEMM(13,12,8),1777924420562643456,1777924420593587712,0
0,4,724,GEMM(14,12,8),1777924420986501632,1777924421210935808,0
0,4,725,GEMM(15,12,8),1777924420593588736,1777924420975029760,0
0,4,729,SYRK(14,14,8),1777924420986021376,1777924421153458688,0
0,4,730,GEMM(15,14,8),1777924422950367744,1777924423053564416,0
0,4,739,SYRK(10,10,9),1777924422587615744,1777924422950367744,1777924421210795520
0,4,740,GEMM(11,10,9),1777924422587403776,1777924422950115840,1777924421224998400
0,4,741,GEMM(12,10,9),1777924422587529728,1777924422950115840,1777924421152215552
0,4,742,GEMM(13,10,9),1777924422587530752,1777924422950367744,1777924420986501632
0,4,743,GEMM(14,10,9),1777924422587539968,1777924422950115840,1777924421139769856
0,4,744,GEMM(15,10,9),1777924422969944576,1777924423225529856,1777924422628967936
0,4,750,SYRK(12,12,9),1777924422628966912,1777924422950368768,1777924420986457600
0,4,751,GEMM(13,12,9),1777924423176215040,1777924423288662528,1777924422950367744
0,4,752,GEMM(14,12,9),1777924422587530752,1777924422950115840,1777924421210795520
0,4,753,GEMM(15,12,9),1777924422950369792,1777924423225529856,1777924422587534848
0,4,757,SYRK(14,14,9),1777924422587530752,1777924422950115840,1777924421152215552
0,4,758,GEMM(15,14,9),1777924422969944576,1777924423225529856,1777924422587665920
0,4,760,POTRF(10),1777924421139769856,1777924421225836032,0
0,4,761,TRSM(11,10),1777924422628966912,1777924423369220608,0
0,4,762,TRSM(12,10),1777924421264497152,1777924421292664320,0
0,4,763,TRSM(13,10),1777924422950367744,1777924423369811456,0
0,4,764,TRSM(14,10),1777924421278085632,1777924421293568512,0
0,4,765,TRSM(15,10),1777924422587572736,1777924423369142784,0
0,4,771,SYRK(12,12,10),1777924421273084416,1777924421279296000,0
0,4,772,GEMM(13,12,10),1777924422587601408,1777924422950368768,0
0,4,773,GEMM(14,12,10),1777924421213677056,1777924421225836032,0
0,4,774,GEMM(15,12,10),1777924422628967936,1777924423052702208,0
0,4,778,SYRK(14,14,10),1777924421264497152,1777924421273084416,0
0,4,779,GEMM(15,14,10),1777924422950367744,1777924423175007744,0
0,4,786,SYRK(12,12,11),1777924422587529728,1777924422950115840,1777924421278085632
0,4,787,GEMM(13,12,11),1777924422950368768,1777924423176236544,1777924422587573760
0,4,788,GEMM(14,12,11),1777924422629038592,1777924422950368768,1777924421273084416
0,4,789,GEMM(15,12,11),1777924423051837952,1777924423288523264,1777924422629038592
0,4,793,SYRK(14,14,11),1777924422587530752,1777924422950115840,1777924421214247424
0,4,794,GEMM(15,14,11),1777924422970415616,1777924423263734272,1777924422628977152
0,4,796,POTRF(12),1777924421264498176,1777924421278814720,0
0,4,797,TRSM(13,12),1777924423223314944,1777924423370965504,0
0,4,798,TRSM(14,12),1777924423051759104,1777924423369613824,0
0,4,799,TRSM(15,12),1777924422950368768,1777924423369638400,0
0,4,803,SYRK(14,14,12),1777924422950368768,1777924423176224256,0
0,4,804,GEMM(15,14,12),1777924423051759104,1777924423268063744,0
0,4,809,SYRK(14,14,13),1777924423225529856,1777924423327657472,1777924422950368768
0,4,810,GEMM(15,14,13),1777924423288836608,1777924423329954304,1777924423268199936
0,4,812,POTRF(14),1777924423051760128,1777924423288713728,0
0,4,813,TRSM(15,14),1777924423288722944,1777924423371438592,0
