timestamp,datetime,power_w,total_energy_mj,gpu_freq_mhz,mem_freq_mhz,temperature_c,gpu_util_pct,mem_util_pct
1777924335.6963043,2026-05-04T21:52:15.696304,31.626,8348386853,2040,6251,44,0,0
1777924335.7153747,2026-05-04T21:52:15.715375,31.626,8348386853,2040,6251,44,0,0
1777924335.727856,2026-05-04T21:52:15.727856,31.547,8348386853,2040,6251,44,0,0
1777924335.740168,2026-05-04T21:52:15.740168,31.547,8348386853,2040,6251,44,0,0
1777924335.7526774,2026-05-04T21:52:15.752677,31.547,8348386853,2040,6251,44,0,0
1777924335.7662327,2026-05-04T21:52:15.766233,31.547,8348389632,2040,6251,44,0,0
1777924335.7796156,2026-05-04T21:52:15.779616,31.547,8348389632,2040,6251,44,0,0
1777924335.7921548,2026-05-04T21:52:15.792155,31.547,8348389632,2040,6251,44,0,0
1777924335.8065748,2026-05-04T21:52:15.806575,31.547,8348389632,2040,6251,44,0,0
1777924335.8189285,2026-05-04T21:52:15.818928,31.547,8348389632,2040,6251,44,0,0
1777924335.83147,2026-05-04T21:52:15.831470,31.526,8348389632,2040,6251,44,0,0
1777924335.8461137,2026-05-04T21:52:15.846114,31.526,8348389632,2040,6251,44,0,0
1777924335.858449,2026-05-04T21:52:15.858449,31.526,8348389632,2040,6251,44,0,0
1777924335.8710167,2026-05-04T21:52:15.871017,31.526,8348392425,2040,6251,44,0,0
1777924335.8890135,2026-05-04T21:52:15.889014,31.526,8348392425,2040,6251,44,0,0
1777924335.9013507,2026-05-04T21:52:15.901351,31.526,8348392425,2040,6251,44,0,0
1777924335.9138014,2026-05-04T21:52:15.913801,31.526,8348392425,2040,6251,44,0,0
1777924335.9263427,2026-05-04T21:52:15.926343,30.683,8348392425,2040,6251,44,0,0
1777924335.9387383,2026-05-04T21:52:15.938738,30.683,8348392425,2040,6251,44,0,0
1777924335.9513843,2026-05-04T21:52:15.951384,30.683,8348392425,2040,6251,44,0,0
1777924335.9661038,2026-05-04T21:52:15.966104,30.683,8348392425,2040,6251,44,0,0
1777924335.9784698,2026-05-04T21:52:15.978470,30.683,8348395261,2040,6251,44,0,0
1777924335.9910052,2026-05-04T21:52:15.991005,30.683,8348395261,2040,6251,44,0,0
1777924336.0061858,2026-05-04T21:52:16.006186,30.683,8348395261,2040,6251,44,0,0
1777924336.018553,2026-05-04T21:52:16.018553,30.683,8348395261,2040,6251,44,0,0
1777924336.0311148,2026-05-04T21:52:16.031115,29.065,8348395261,2040,6251,44,0,0
1777924336.0460632,2026-05-04T21:52:16.046063,29.065,8348395261,2040,6251,44,0,0
1777924336.0584567,2026-05-04T21:52:16.058457,29.065,8348395261,2040,6251,44,0,0
1777924336.0709903,2026-05-04T21:52:16.070990,29.065,8348398015,2040,6251,44,0,0
1777924336.0878658,2026-05-04T21:52:16.087866,29.065,8348398015,2040,6251,44,0,0
1777924336.1003113,2026-05-04T21:52:16.100311,29.065,8348398015,2040,6251,44,0,0
1777924336.1127052,2026-05-04T21:52:16.112705,29.065,8348398015,2040,6251,44,0,0
1777924336.126151,2026-05-04T21:52:16.126151,28.964,8348398015,2040,6251,44,0,0
1777924336.1385329,2026-05-04T21:52:16.138533,28.964,8348398015,2040,6251,44,0,0
1777924336.1511028,2026-05-04T21:52:16.151103,28.964,8348398015,2040,6251,44,0,0
1777924336.166003,2026-05-04T21:52:16.166003,28.964,8348398015,2040,6251,44,0,0
1777924336.1783867,2026-05-04T21:52:16.178387,28.964,8348400855,2040,6251,44,0,0
1777924336.1909444,2026-05-04T21:52:16.190944,28.964,8348400855,2040,6251,44,0,0
1777924336.2061424,2026-05-04T21:52:16.206142,28.964,8348400855,2040,6251,44,0,0
1777924336.2185054,2026-05-04T21:52:16.218505,28.964,8348400855,2040,6251,44,0,0
1777924336.2310517,2026-05-04T21:52:16.231052,28.006,8348400855,2040,6251,44,0,0
1777924336.2460392,2026-05-04T21:52:16.246039,28.006,8348400855,2040,6251,44,0,0
1777924336.2584355,2026-05-04T21:52:16.258435,28.006,8348400855,2040,6251,44,0,0
1777924336.2709775,2026-05-04T21:52:16.270977,28.006,8348403603,2040,6251,44,0,0
1777924336.2886703,2026-05-04T21:52:16.288670,28.006,8348403603,2040,6251,44,0,0
1777924336.301016,2026-05-04T21:52:16.301016,28.006,8348403603,2040,6251,44,0,0
1777924336.3134146,2026-05-04T21:52:16.313415,28.006,8348403603,2040,6251,44,0,0
1777924336.326117,2026-05-04T21:52:16.326117,28.001,8348403603,2040,6251,44,0,0
1777924336.3385394,2026-05-04T21:52:16.338539,28.001,8348403603,2040,6251,44,0,0
1777924336.3508823,2026-05-04T21:52:16.350882,28.001,8348403603,2040,6251,44,0,0
1777924336.3634524,2026-05-04T21:52:16.363452,28.001,8348403603,2040,6251,44,0,0
1777924336.3757985,2026-05-04T21:52:16.375798,28.001,8348406399,2040,6251,44,0,0
1777924336.388137,2026-05-04T21:52:16.388137,28.001,8348406399,2040,6251,44,0,0
1777924336.4004757,2026-05-04T21:52:16.400476,28.001,8348406399,2040,6251,44,0,0
1777924336.4128106,2026-05-04T21:52:16.412811,28.001,8348406399,2040,6251,44,0,0
1777924336.4251602,2026-05-04T21:52:16.425160,28.001,8348406399,2040,6251,44,0,0
1777924336.4374802,2026-05-04T21:52:16.437480,28.001,8348406399,2040,6251,44,0,0
1777924336.4499197,2026-05-04T21:52:16.449920,28.001,8348406399,2040,6251,44,0,0
1777924336.4623284,2026-05-04T21:52:16.462328,28.001,8348406399,2040,6251,44,0,0
1777924336.4747107,2026-05-04T21:52:16.474711,28.001,8348409158,2040,6251,44,0,0
1777924336.4872987,2026-05-04T21:52:16.487299,28.001,8348409158,2040,6251,44,0,0
1777924336.4997332,2026-05-04T21:52:16.499733,28.001,8348409158,2040,6251,44,0,0
1777924336.5121062,2026-05-04T21:52:16.512106,28.001,8348409158,2040,6251,44,0,0
1777924336.5245066,2026-05-04T21:52:16.524507,28.001,8348409158,2040,6251,44,0,0
1777924336.5368886,2026-05-04T21:52:16.536889,28.001,8348409158,2040,6251,44,0,0
1777924336.5493352,2026-05-04T21:52:16.549335,28.001,8348409158,2040,6251,44,0,0
1777924336.5617242,2026-05-04T21:52:16.561724,28.001,8348409158,2040,6251,44,0,0
1777924336.5741057,2026-05-04T21:52:16.574106,28.001,8348411923,2040,6251,44,0,0
1777924336.5864928,2026-05-04T21:52:16.586493,28.001,8348411923,2040,6251,44,0,0
1777924336.598878,2026-05-04T21:52:16.598878,28.001,8348411923,2040,6251,44,0,0
1777924336.6112747,2026-05-04T21:52:16.611275,28.001,8348411923,2040,6251,44,0,0
1777924336.6236362,2026-05-04T21:52:16.623636,28.001,8348411923,2040,6251,44,0,0
1777924336.6359153,2026-05-04T21:52:16.635915,28.001,8348411923,2040,6251,44,0,0
1777924336.648213,2026-05-04T21:52:16.648213,28.001,8348411923,2040,6251,44,0,0
1777924336.6604388,2026-05-04T21:52:16.660439,28.001,8348411923,2040,6251,44,0,0
1777924336.6726575,2026-05-04T21:52:16.672657,28.001,8348414684,2040,6251,44,0,0
1777924336.685096,2026-05-04T21:52:16.685096,28.001,8348414684,2040,6251,44,0,0
1777924336.697384,2026-05-04T21:52:16.697384,28.001,8348414684,2040,6251,44,0,0
1777924336.7095826,2026-05-04T21:52:16.709583,28.001,8348414684,2040,6251,44,0,0
1777924336.7219477,2026-05-04T21:52:16.721948,28.001,8348414684,2040,6251,44,0,0
1777924336.7342348,2026-05-04T21:52:16.734235,28.001,8348414684,2040,6251,44,0,0
1777924336.7464924,2026-05-04T21:52:16.746492,28.001,8348414684,2040,6251,44,0,0
1777924336.7587166,2026-05-04T21:52:16.758717,28.001,8348414684,2040,6251,44,0,0
1777924336.7710054,2026-05-04T21:52:16.771005,28.001,8348417449,2040,6251,44,0,0
1777924336.7831857,2026-05-04T21:52:16.783186,28.001,8348417449,2040,6251,44,0,0
1777924336.7953823,2026-05-04T21:52:16.795382,28.001,8348417449,2040,6251,44,0,0
1777924336.807549,2026-05-04T21:52:16.807549,28.001,8348417449,2040,6251,44,0,0
1777924336.8197355,2026-05-04T21:52:16.819736,28.001,8348417449,2040,6251,44,0,0
1777924336.831897,2026-05-04T21:52:16.831897,28.001,8348417449,2040,6251,44,0,0
1777924336.8440943,2026-05-04T21:52:16.844094,28.001,8348417449,2040,6251,44,0,0
1777924336.8563054,2026-05-04T21:52:16.856305,28.001,8348417449,2040,6251,44,0,0
1777924336.8684945,2026-05-04T21:52:16.868495,28.001,8348420207,2040,6251,44,0,0
1777924336.882983,2026-05-04T21:52:16.882983,28.001,8348420207,2040,6251,44,0,0
1777924336.8959033,2026-05-04T21:52:16.895903,28.001,8348420207,2040,6251,44,0,0
1777924336.9084907,2026-05-04T21:52:16.908491,28.001,8348420207,2040,6251,44,0,0
1777924336.9213023,2026-05-04T21:52:16.921302,28.001,8348420207,2040,6251,44,0,0
1777924336.9339535,2026-05-04T21:52:16.933954,28.001,8348420207,2040,6251,44,0,0
1777924336.9465942,2026-05-04T21:52:16.946594,28.001,8348420207,2040,6251,44,0,0
1777924336.959204,2026-05-04T21:52:16.959204,28.001,8348420207,2040,6251,44,0,0
1777924336.9717646,2026-05-04T21:52:16.971765,28.001,8348422424,2040,6251,44,0,0
1777924336.9847212,2026-05-04T21:52:16.984721,28.001,8348422424,2040,6251,44,0,0
1777924336.9985042,2026-05-04T21:52:16.998504,28.001,8348422424,2040,6251,44,0,0
1777924337.0111775,2026-05-04T21:52:17.011178,28.001,8348422424,2040,6251,44,0,0
1777924337.0259807,2026-05-04T21:52:17.025981,28.001,8348422424,2040,6251,44,0,0
1777924337.0716968,2026-05-04T21:52:17.071697,28.001,8348424528,2040,6251,44,0,0
1777924337.0871508,2026-05-04T21:52:17.087151,28.001,8348424528,2040,6251,44,0,0
1777924337.1018884,2026-05-04T21:52:17.101888,28.001,8348424528,2040,6251,44,0,0
1777924337.1147156,2026-05-04T21:52:17.114716,28.001,8348424528,2040,6251,44,0,0
1777924337.1308792,2026-05-04T21:52:17.130879,28.001,8348424528,2040,6251,44,0,0
1777924337.1764197,2026-05-04T21:52:17.176420,28.001,8348426669,2040,6251,44,0,0
1777924337.1959057,2026-05-04T21:52:17.195906,28.001,8348426669,2040,6251,44,0,0
1777924337.209878,2026-05-04T21:52:17.209878,28.001,8348426669,2040,6251,44,0,0
1777924337.22599,2026-05-04T21:52:17.225990,28.001,8348426669,2040,6251,44,0,0
1777924337.2389953,2026-05-04T21:52:17.238995,28.001,8348426669,2040,6251,44,0,0
1777924337.2520463,2026-05-04T21:52:17.252046,28.001,8348426669,2040,6251,44,0,0
1777924337.2659595,2026-05-04T21:52:17.265960,21.958,8348428787,1035,6251,43,0,0
1777924337.2793097,2026-05-04T21:52:17.279310,21.958,8348428787,1035,6251,43,0,0
1777924337.292085,2026-05-04T21:52:17.292085,21.958,8348428787,1035,6251,43,0,0
1777924337.3060887,2026-05-04T21:52:17.306089,21.958,8348428787,1035,6251,43,0,0
1777924337.3187625,2026-05-04T21:52:17.318763,21.958,8348428787,1035,6251,43,0,0
1777924337.3315773,2026-05-04T21:52:17.331577,21.958,8348428787,1035,6251,43,0,0
1777924337.348575,2026-05-04T21:52:17.348575,21.958,8348428787,1035,6251,43,0,0
1777924337.361237,2026-05-04T21:52:17.361237,21.958,8348428787,1035,6251,43,0,0
1777924337.3750932,2026-05-04T21:52:17.375093,21.325,8348430883,1035,6251,43,0,0
1777924337.387959,2026-05-04T21:52:17.387959,21.325,8348430883,1035,6251,43,0,0
1777924337.4030852,2026-05-04T21:52:17.403085,21.325,8348430883,1035,6251,43,0,0
1777924337.4159338,2026-05-04T21:52:17.415934,21.325,8348430883,1035,6251,43,0,0
1777924337.4287412,2026-05-04T21:52:17.428741,21.325,8348430883,1035,6251,43,0,0
1777924337.4414127,2026-05-04T21:52:17.441413,21.325,8348430883,1035,6251,43,0,0
1777924337.454366,2026-05-04T21:52:17.454366,21.325,8348430883,1035,6251,43,0,0
1777924337.4672403,2026-05-04T21:52:17.467240,21.307,8348432974,1035,6251,43,0,0
1777924337.4808576,2026-05-04T21:52:17.480858,21.307,8348432974,1035,6251,43,0,0
1777924337.4939692,2026-05-04T21:52:17.493969,21.307,8348432974,1035,6251,43,0,0
1777924337.5069993,2026-05-04T21:52:17.506999,21.307,8348432974,1035,6251,43,0,0
1777924337.51965,2026-05-04T21:52:17.519650,21.307,8348432974,1035,6251,43,0,0
1777924337.532477,2026-05-04T21:52:17.532477,21.307,8348432974,1035,6251,43,0,0
1777924337.5459146,2026-05-04T21:52:17.545915,21.307,8348432974,1035,6251,43,0,0
1777924337.5585828,2026-05-04T21:52:17.558583,21.307,8348432974,1035,6251,43,0,0
1777924337.5714452,2026-05-04T21:52:17.571445,21.284,8348435071,1035,6251,43,0,0
1777924337.586021,2026-05-04T21:52:17.586021,21.284,8348435071,1035,6251,43,0,0
1777924337.5986576,2026-05-04T21:52:17.598658,21.284,8348435071,1035,6251,43,0,0
1777924337.6114588,2026-05-04T21:52:17.611459,21.284,8348435071,1035,6251,43,0,0
1777924337.6270952,2026-05-04T21:52:17.627095,21.284,8348435071,1035,6251,43,0,0
1777924337.6401591,2026-05-04T21:52:17.640159,21.284,8348435071,1035,6251,43,0,0
1777924337.652953,2026-05-04T21:52:17.652953,21.284,8348435071,1035,6251,43,0,0
1777924337.6658146,2026-05-04T21:52:17.665815,21.264,8348437163,1035,6251,43,0,0
1777924337.6792116,2026-05-04T21:52:17.679212,21.264,8348437163,1035,6251,43,0,0
1777924337.6922615,2026-05-04T21:52:17.692261,21.264,8348437163,1035,6251,43,0,0
1777924337.7068646,2026-05-04T21:52:17.706865,21.264,8348437163,1035,6251,43,0,0
1777924337.7205708,2026-05-04T21:52:17.720571,21.264,8348437163,1035,6251,43,0,0
1777924337.73341,2026-05-04T21:52:17.733410,21.264,8348437163,1035,6251,43,0,0
1777924337.746307,2026-05-04T21:52:17.746307,21.264,8348437163,1035,6251,43,0,0
1777924337.7615466,2026-05-04T21:52:17.761547,21.264,8348437163,1035,6251,43,0,0
1777924337.775097,2026-05-04T21:52:17.775097,21.247,8348439255,1035,6251,43,0,0
1777924337.7879283,2026-05-04T21:52:17.787928,21.247,8348439255,1035,6251,43,0,0
1777924337.8005672,2026-05-04T21:52:17.800567,21.247,8348439255,1035,6251,43,0,0
1777924337.8134234,2026-05-04T21:52:17.813423,21.247,8348439255,1035,6251,43,0,0
1777924337.826307,2026-05-04T21:52:17.826307,21.247,8348439255,1035,6251,43,0,0
1777924337.839002,2026-05-04T21:52:17.839002,21.247,8348439255,1035,6251,43,0,0
1777924337.852282,2026-05-04T21:52:17.852282,21.247,8348439255,1035,6251,43,0,0
1777924337.8681164,2026-05-04T21:52:17.868116,21.233,8348441346,1035,6251,43,0,0
1777924337.8816366,2026-05-04T21:52:17.881637,21.233,8348441346,1035,6251,43,0,0
1777924337.8944585,2026-05-04T21:52:17.894459,21.233,8348441346,1035,6251,43,0,0
1777924337.9073167,2026-05-04T21:52:17.907317,21.233,8348441346,1035,6251,43,0,0
1777924337.919952,2026-05-04T21:52:17.919952,21.233,8348441346,1035,6251,43,0,0
1777924337.9327612,2026-05-04T21:52:17.932761,21.233,8348441346,1035,6251,43,0,0
1777924337.9457233,2026-05-04T21:52:17.945723,21.233,8348441346,1035,6251,43,0,0
1777924337.9583917,2026-05-04T21:52:17.958392,21.233,8348441346,1035,6251,43,0,0
1777924337.9711883,2026-05-04T21:52:17.971188,21.214,8348443439,1035,6251,43,0,0
1777924337.9861834,2026-05-04T21:52:17.986183,21.214,8348443439,1035,6251,43,0,0
1777924337.9988334,2026-05-04T21:52:17.998833,21.214,8348443439,1035,6251,43,0,0
1777924338.0116782,2026-05-04T21:52:18.011678,21.214,8348443439,1035,6251,43,0,0
1777924338.0257266,2026-05-04T21:52:18.025727,21.214,8348443439,1035,6251,43,0,0
1777924338.038383,2026-05-04T21:52:18.038383,21.214,8348443439,1035,6251,43,0,0
1777924338.0512357,2026-05-04T21:52:18.051236,21.214,8348443439,1035,6251,43,0,0
1777924338.0657277,2026-05-04T21:52:18.065728,21.203,8348445533,1035,6251,43,0,0
1777924338.0790808,2026-05-04T21:52:18.079081,21.203,8348445533,1035,6251,43,0,0
1777924338.0920541,2026-05-04T21:52:18.092054,21.203,8348445533,1035,6251,43,0,0
1777924338.1057374,2026-05-04T21:52:18.105737,21.203,8348445533,1035,6251,43,0,0
1777924338.1183991,2026-05-04T21:52:18.118399,21.203,8348445533,1035,6251,43,0,0
1777924338.1323297,2026-05-04T21:52:18.132330,21.203,8348445533,1035,6251,43,0,0
1777924338.1457229,2026-05-04T21:52:18.145723,21.203,8348445533,1035,6251,43,0,0
1777924338.1586623,2026-05-04T21:52:18.158662,21.203,8348445533,1035,6251,43,0,0
1777924338.1714988,2026-05-04T21:52:18.171499,21.199,8348447625,1035,6251,43,0,0
1777924338.1861775,2026-05-04T21:52:18.186177,21.199,8348447625,1035,6251,43,0,0
1777924338.1988447,2026-05-04T21:52:18.198845,21.199,8348447625,1035,6251,43,0,0
1777924338.211658,2026-05-04T21:52:18.211658,21.199,8348447625,1035,6251,43,0,0
1777924338.2256603,2026-05-04T21:52:18.225660,21.199,8348447625,1035,6251,43,0,0
1777924338.2393029,2026-05-04T21:52:18.239303,21.199,8348447625,1035,6251,43,0,0
1777924338.2522733,2026-05-04T21:52:18.252273,21.199,8348447625,1035,6251,43,0,0
1777924338.2655752,2026-05-04T21:52:18.265575,21.19,8348449717,1035,6251,42,0,0
1777924338.279472,2026-05-04T21:52:18.279472,21.19,8348449717,1035,6251,42,0,0
1777924338.2922738,2026-05-04T21:52:18.292274,21.19,8348449717,1035,6251,42,0,0
1777924338.305151,2026-05-04T21:52:18.305151,21.19,8348449717,1035,6251,42,0,0
1777924338.3179586,2026-05-04T21:52:18.317959,21.19,8348449717,1035,6251,42,0,0
1777924338.336637,2026-05-04T21:52:18.336637,21.19,8348449717,1035,6251,42,0,0
1777924338.349392,2026-05-04T21:52:18.349392,21.19,8348449717,1035,6251,42,0,0
1777924338.3620648,2026-05-04T21:52:18.362065,21.19,8348449717,1035,6251,42,0,0
1777924338.3747861,2026-05-04T21:52:18.374786,21.072,8348451808,1035,6251,42,0,0
1777924338.3877802,2026-05-04T21:52:18.387780,21.072,8348451808,1035,6251,42,0,0
1777924338.4004757,2026-05-04T21:52:18.400476,21.072,8348451808,1035,6251,42,0,0
1777924338.4131713,2026-05-04T21:52:18.413171,21.072,8348451808,1035,6251,42,0,0
1777924338.4268248,2026-05-04T21:52:18.426825,21.072,8348451808,1035,6251,42,0,0
1777924338.4406269,2026-05-04T21:52:18.440627,21.072,8348451808,1035,6251,42,0,0
1777924338.4541442,2026-05-04T21:52:18.454144,21.072,8348451808,1035,6251,42,0,0
1777924338.46961,2026-05-04T21:52:18.469610,21.072,8348453909,1035,6251,42,0,0
1777924338.4844344,2026-05-04T21:52:18.484434,21.072,8348453909,1035,6251,42,0,0
1777924338.4973679,2026-05-04T21:52:18.497368,21.072,8348453909,1035,6251,42,0,0
1777924338.51022,2026-05-04T21:52:18.510220,21.072,8348453909,1035,6251,42,0,0
1777924338.52303,2026-05-04T21:52:18.523030,21.072,8348453909,1035,6251,42,0,0
1777924338.536098,2026-05-04T21:52:18.536098,21.072,8348453909,1035,6251,42,0,0
1777924338.5490642,2026-05-04T21:52:18.549064,21.072,8348453909,1035,6251,42,0,0
1777924338.564311,2026-05-04T21:52:18.564311,21.072,8348453909,1035,6251,42,0,0
1777924338.5770402,2026-05-04T21:52:18.577040,21.072,8348456014,1035,6251,42,0,0
1777924338.591169,2026-05-04T21:52:18.591169,21.072,8348456014,1035,6251,42,0,0
1777924338.6052518,2026-05-04T21:52:18.605252,21.072,8348456014,1035,6251,42,0,0
1777924338.617904,2026-05-04T21:52:18.617904,21.072,8348456014,1035,6251,42,0,0
1777924338.6319337,2026-05-04T21:52:18.631934,21.072,8348456014,1035,6251,42,0,0
1777924338.6461937,2026-05-04T21:52:18.646194,21.072,8348456014,1035,6251,42,0,0
1777924338.6599548,2026-05-04T21:52:18.659955,21.072,8348458090,1035,6251,42,0,0
1777924338.6807306,2026-05-04T21:52:18.680731,21.072,8348458090,1035,6251,42,0,0
1777924338.7366245,2026-05-04T21:52:18.736624,21.072,8348458090,1035,6251,42,0,0
1777924338.7513106,2026-05-04T21:52:18.751311,21.072,8348458090,1035,6251,42,0,0
1777924338.7650125,2026-05-04T21:52:18.765013,21.072,8348460173,1035,6251,42,0,0
1777924338.7788527,2026-05-04T21:52:18.778853,21.072,8348460173,1035,6251,42,0,0
1777924338.7939107,2026-05-04T21:52:18.793911,21.072,8348460173,1035,6251,42,0,0
1777924338.8390317,2026-05-04T21:52:18.839032,21.072,8348460173,1035,6251,42,0,0
1777924338.8525825,2026-05-04T21:52:18.852582,21.072,8348460173,1035,6251,42,0,0
1777924338.8655145,2026-05-04T21:52:18.865515,21.072,8348462324,1035,6251,42,0,0
1777924338.8788254,2026-05-04T21:52:18.878825,21.292,8348462324,1035,6251,42,0,0
1777924338.8955657,2026-05-04T21:52:18.895566,21.292,8348462324,1035,6251,42,0,0
1777924338.9165308,2026-05-04T21:52:18.916531,21.292,8348462324,1035,6251,42,0,0
1777924338.9390986,2026-05-04T21:52:18.939099,21.292,8348462324,1035,6251,42,0,0
1777924338.9552343,2026-05-04T21:52:18.955234,21.292,8348462324,1035,6251,42,0,0
1777924338.9678974,2026-05-04T21:52:18.967897,21.292,8348464997,2040,6251,42,0,0
1777924338.9808242,2026-05-04T21:52:18.980824,22.021,8348464997,2040,6251,43,0,0
1777924338.9944775,2026-05-04T21:52:18.994478,22.021,8348464997,2040,6251,43,0,0
1777924339.007993,2026-05-04T21:52:19.007993,22.021,8348464997,2040,6251,43,0,0
1777924339.0211759,2026-05-04T21:52:19.021176,22.021,8348464997,2040,6251,43,0,0
1777924339.037931,2026-05-04T21:52:19.037931,22.021,8348464997,2040,6251,43,0,0
1777924339.0516894,2026-05-04T21:52:19.051689,22.021,8348464997,2040,6251,43,0,0
1777924339.0651376,2026-05-04T21:52:19.065138,22.021,8348464997,2040,6251,43,0,0
1777924339.0774107,2026-05-04T21:52:19.077411,22.726,8348467914,2040,6251,43,0,0
1777924339.0908036,2026-05-04T21:52:19.090804,22.726,8348467914,2040,6251,43,0,0
1777924339.1052177,2026-05-04T21:52:19.105218,22.726,8348467914,2040,6251,43,0,0
1777924339.1174426,2026-05-04T21:52:19.117443,22.726,8348467914,2040,6251,43,0,0
1777924339.1298144,2026-05-04T21:52:19.129814,22.726,8348467914,2040,6251,43,0,0
1777924339.1450124,2026-05-04T21:52:19.145012,22.726,8348467914,2040,6251,43,0,0
1777924339.1573186,2026-05-04T21:52:19.157319,22.726,8348467914,2040,6251,43,0,0
1777924339.169825,2026-05-04T21:52:19.169825,22.726,8348470704,2040,6251,43,0,0
1777924339.185189,2026-05-04T21:52:19.185189,23.379,8348470704,2040,6251,43,0,0
1777924339.197419,2026-05-04T21:52:19.197419,23.379,8348470704,2040,6251,43,0,0
1777924339.2098484,2026-05-04T21:52:19.209848,23.379,8348470704,2040,6251,43,0,0
1777924339.2250595,2026-05-04T21:52:19.225060,23.379,8348470704,2040,6251,43,0,0
1777924339.2372859,2026-05-04T21:52:19.237286,23.379,8348470704,2040,6251,43,0,0
1777924339.249675,2026-05-04T21:52:19.249675,23.379,8348470704,2040,6251,43,0,0
1777924339.2649653,2026-05-04T21:52:19.264965,23.379,8348470704,2040,6251,43,0,0
1777924339.2776597,2026-05-04T21:52:19.277660,24.043,8348473530,2040,6251,43,0,0
1777924339.2904236,2026-05-04T21:52:19.290424,24.043,8348473530,2040,6251,43,0,0
1777924339.3053463,2026-05-04T21:52:19.305346,24.043,8348473530,2040,6251,43,0,0
1777924339.3175347,2026-05-04T21:52:19.317535,24.043,8348473530,2040,6251,43,0,0
1777924339.3299215,2026-05-04T21:52:19.329921,24.043,8348473530,2040,6251,43,0,0
1777924339.3449893,2026-05-04T21:52:19.344989,24.043,8348473530,2040,6251,43,0,0
1777924339.358103,2026-05-04T21:52:19.358103,24.043,8348473530,2040,6251,43,0,0
1777924339.3705168,2026-05-04T21:52:19.370517,24.043,8348476278,2040,6251,43,0,0
1777924339.385227,2026-05-04T21:52:19.385227,24.673,8348476278,2040,6251,43,0,0
1777924339.397458,2026-05-04T21:52:19.397458,24.673,8348476278,2040,6251,43,0,0
1777924339.4098263,2026-05-04T21:52:19.409826,24.673,8348476278,2040,6251,43,0,0
1777924339.424999,2026-05-04T21:52:19.424999,24.673,8348476278,2040,6251,43,0,0
1777924339.4373136,2026-05-04T21:52:19.437314,24.673,8348476278,2040,6251,43,0,0
1777924339.4496863,2026-05-04T21:52:19.449686,24.673,8348476278,2040,6251,43,0,0
1777924339.4649532,2026-05-04T21:52:19.464953,24.673,8348476278,2040,6251,43,0,0
1777924339.477187,2026-05-04T21:52:19.477187,24.979,8348479099,2040,6251,43,0,0
1777924339.489584,2026-05-04T21:52:19.489584,24.979,8348479099,2040,6251,43,0,0
1777924339.5051692,2026-05-04T21:52:19.505169,24.979,8348479099,2040,6251,43,0,0
1777924339.5173745,2026-05-04T21:52:19.517375,24.979,8348479099,2040,6251,43,0,0
1777924339.529714,2026-05-04T21:52:19.529714,24.979,8348479099,2040,6251,43,0,0
1777924339.5448391,2026-05-04T21:52:19.544839,24.979,8348479099,2040,6251,43,0,0
1777924339.557147,2026-05-04T21:52:19.557147,24.979,8348479099,2040,6251,43,0,0
1777924339.5695305,2026-05-04T21:52:19.569530,24.979,8348481852,2040,6251,43,0,0
1777924339.5852942,2026-05-04T21:52:19.585294,25.221,8348481852,2040,6251,43,0,0
1777924339.5979824,2026-05-04T21:52:19.597982,25.221,8348481852,2040,6251,43,0,0
1777924339.6109858,2026-05-04T21:52:19.610986,25.221,8348481852,2040,6251,43,0,0
1777924339.6249964,2026-05-04T21:52:19.624996,25.221,8348481852,2040,6251,43,0,0
1777924339.637255,2026-05-04T21:52:19.637255,25.221,8348481852,2040,6251,43,0,0
1777924339.6496491,2026-05-04T21:52:19.649649,25.221,8348481852,2040,6251,43,0,0
1777924339.6648295,2026-05-04T21:52:19.664829,25.221,8348481852,2040,6251,43,0,0
1777924339.6771095,2026-05-04T21:52:19.677109,25.444,8348484680,2040,6251,43,0,0
1777924339.6903286,2026-05-04T21:52:19.690329,25.444,8348484680,2040,6251,43,0,0
1777924339.7050042,2026-05-04T21:52:19.705004,25.444,8348484680,2040,6251,43,0,0
1777924339.7172508,2026-05-04T21:52:19.717251,25.444,8348484680,2040,6251,43,0,0
1777924339.7296517,2026-05-04T21:52:19.729652,25.444,8348484680,2040,6251,43,0,0
1777924339.7447958,2026-05-04T21:52:19.744796,25.444,8348484680,2040,6251,43,0,0
1777924339.7570744,2026-05-04T21:52:19.757074,25.444,8348484680,2040,6251,43,0,0
1777924339.7707407,2026-05-04T21:52:19.770741,25.444,8348487454,2040,6251,43,0,0
1777924339.7849994,2026-05-04T21:52:19.784999,25.617,8348487454,2040,6251,43,0,0
1777924339.7972722,2026-05-04T21:52:19.797272,25.617,8348487454,2040,6251,43,0,0
1777924339.8096566,2026-05-04T21:52:19.809657,25.617,8348487454,2040,6251,43,0,0
1777924339.824966,2026-05-04T21:52:19.824966,25.617,8348487454,2040,6251,43,0,0
1777924339.8372014,2026-05-04T21:52:19.837201,25.617,8348487454,2040,6251,43,0,0
1777924339.8503926,2026-05-04T21:52:19.850393,25.617,8348487454,2040,6251,43,0,0
1777924339.8650885,2026-05-04T21:52:19.865088,25.617,8348490253,2040,6251,43,0,0
1777924339.878284,2026-05-04T21:52:19.878284,28.255,8348490253,2040,6251,43,0,0
1777924339.8907068,2026-05-04T21:52:19.890707,28.255,8348490253,2040,6251,43,0,0
1777924339.9049692,2026-05-04T21:52:19.904969,28.255,8348490253,2040,6251,43,0,0
1777924339.9177053,2026-05-04T21:52:19.917705,28.255,8348490253,2040,6251,43,0,0
1777924339.9302037,2026-05-04T21:52:19.930204,28.255,8348490253,2040,6251,43,0,0
1777924339.944764,2026-05-04T21:52:19.944764,28.255,8348490253,2040,6251,43,0,0
1777924339.9570591,2026-05-04T21:52:19.957059,28.255,8348490253,2040,6251,43,0,0
1777924339.9694502,2026-05-04T21:52:19.969450,28.255,8348493167,2040,6251,43,0,0
1777924339.9850285,2026-05-04T21:52:19.985029,28.608,8348493167,2040,6251,43,0,0
1777924339.9975674,2026-05-04T21:52:19.997567,28.608,8348493167,2040,6251,43,0,0
1777924340.0102708,2026-05-04T21:52:20.010271,28.608,8348493167,2040,6251,43,0,0
1777924340.0250003,2026-05-04T21:52:20.025000,28.608,8348493167,2040,6251,43,0,0
1777924340.0373044,2026-05-04T21:52:20.037304,28.608,8348493167,2040,6251,43,0,0
1777924340.0532067,2026-05-04T21:52:20.053207,28.608,8348493167,2040,6251,43,0,0
1777924340.0655923,2026-05-04T21:52:20.065592,28.608,8348496173,2040,6251,43,0,0
1777924340.078234,2026-05-04T21:52:20.078234,28.546,8348496173,2040,6251,43,55,0
1777924340.0915952,2026-05-04T21:52:20.091595,28.546,8348496173,2040,6251,43,55,0
1777924340.1048748,2026-05-04T21:52:20.104875,28.546,8348496173,2040,6251,43,55,0
1777924340.1170871,2026-05-04T21:52:20.117087,28.546,8348496173,2040,6251,43,55,0
1777924340.1294649,2026-05-04T21:52:20.129465,28.546,8348496173,2040,6251,43,55,0
1777924340.1450036,2026-05-04T21:52:20.145004,28.546,8348496173,2040,6251,43,55,0
1777924340.1572475,2026-05-04T21:52:20.157248,28.546,8348496173,2040,6251,43,55,0
1777924340.1696293,2026-05-04T21:52:20.169629,28.546,8348498954,2040,6251,43,55,0
1777924340.1848388,2026-05-04T21:52:20.184839,28.467,8348498954,2040,6251,43,55,0
1777924340.197144,2026-05-04T21:52:20.197144,28.467,8348498954,2040,6251,43,55,0
1777924340.2095416,2026-05-04T21:52:20.209542,28.467,8348498954,2040,6251,43,55,0
1777924340.2247257,2026-05-04T21:52:20.224726,28.467,8348498954,2040,6251,43,55,0
1777924340.2369547,2026-05-04T21:52:20.236955,28.467,8348498954,2040,6251,43,55,0
1777924340.2493532,2026-05-04T21:52:20.249353,28.467,8348498954,2040,6251,43,55,0
1777924340.2646246,2026-05-04T21:52:20.264625,28.467,8348498954,2040,6251,43,55,0
1777924340.2769945,2026-05-04T21:52:20.276994,28.465,8348501782,2040,6251,43,0,0
1777924340.2895176,2026-05-04T21:52:20.289518,28.465,8348501782,2040,6251,43,0,0
1777924340.3047807,2026-05-04T21:52:20.304781,28.465,8348501782,2040,6251,43,0,0
1777924340.3170245,2026-05-04T21:52:20.317024,28.465,8348501782,2040,6251,43,0,0
1777924340.329421,2026-05-04T21:52:20.329421,28.465,8348501782,2040,6251,43,0,0
1777924340.3447227,2026-05-04T21:52:20.344723,28.465,8348501782,2040,6251,43,0,0
1777924340.357087,2026-05-04T21:52:20.357087,28.465,8348501782,2040,6251,43,0,0
1777924340.369649,2026-05-04T21:52:20.369649,28.465,8348504617,2040,6251,43,0,0
1777924340.3848999,2026-05-04T21:52:20.384900,28.612,8348504617,2040,6251,43,0,0
1777924340.3973749,2026-05-04T21:52:20.397375,28.612,8348504617,2040,6251,43,0,0
1777924340.409929,2026-05-04T21:52:20.409929,28.612,8348504617,2040,6251,43,0,0
1777924340.4250665,2026-05-04T21:52:20.425066,28.612,8348504617,2040,6251,43,0,0
1777924340.437477,2026-05-04T21:52:20.437477,28.612,8348504617,2040,6251,43,0,0
1777924340.450019,2026-05-04T21:52:20.450019,28.612,8348504617,2040,6251,43,0,0
1777924340.464794,2026-05-04T21:52:20.464794,28.612,8348504617,2040,6251,43,0,0
1777924340.477005,2026-05-04T21:52:20.477005,28.672,8348507604,2040,6251,43,6,0
1777924340.489511,2026-05-04T21:52:20.489511,28.672,8348507604,2040,6251,43,6,0
1777924340.5047212,2026-05-04T21:52:20.504721,28.672,8348507604,2040,6251,43,6,0
1777924340.5169265,2026-05-04T21:52:20.516927,28.672,8348507604,2040,6251,43,6,0
1777924340.5292969,2026-05-04T21:52:20.529297,28.672,8348507604,2040,6251,43,6,0
1777924340.54465,2026-05-04T21:52:20.544650,28.672,8348507604,2040,6251,43,6,0
1777924340.5568924,2026-05-04T21:52:20.556892,28.672,8348507604,2040,6251,43,6,0
1777924340.5692859,2026-05-04T21:52:20.569286,28.672,8348510363,2040,6251,43,6,0
1777924340.584824,2026-05-04T21:52:20.584824,28.646,8348510363,2040,6251,43,6,0
1777924340.5971243,2026-05-04T21:52:20.597124,28.646,8348510363,2040,6251,43,6,0
1777924340.6096897,2026-05-04T21:52:20.609690,28.646,8348510363,2040,6251,43,6,0
1777924340.6246924,2026-05-04T21:52:20.624692,28.646,8348510363,2040,6251,43,6,0
1777924340.636955,2026-05-04T21:52:20.636955,28.646,8348510363,2040,6251,43,6,0
1777924340.6494899,2026-05-04T21:52:20.649490,28.646,8348510363,2040,6251,43,6,0
1777924340.6646755,2026-05-04T21:52:20.664675,28.646,8348513169,2040,6251,43,6,0
1777924340.6780982,2026-05-04T21:52:20.678098,28.68,8348513169,2040,6251,43,0,0
1777924340.6907008,2026-05-04T21:52:20.690701,28.68,8348513169,2040,6251,43,0,0
1777924340.7049437,2026-05-04T21:52:20.704944,28.68,8348513169,2040,6251,43,0,0
1777924340.7174006,2026-05-04T21:52:20.717401,28.68,8348513169,2040,6251,43,0,0
1777924340.7299562,2026-05-04T21:52:20.729956,28.68,8348513169,2040,6251,43,0,0
1777924340.7445965,2026-05-04T21:52:20.744596,28.68,8348513169,2040,6251,43,0,0
1777924340.756829,2026-05-04T21:52:20.756829,28.68,8348513169,2040,6251,43,0,0
1777924340.769223,2026-05-04T21:52:20.769223,28.68,8348516000,2040,6251,43,0,0
1777924340.7848084,2026-05-04T21:52:20.784808,28.68,8348516000,2040,6251,43,0,0
1777924340.7971392,2026-05-04T21:52:20.797139,28.68,8348516000,2040,6251,43,0,0
1777924340.8097115,2026-05-04T21:52:20.809711,28.68,8348516000,2040,6251,43,0,0
1777924340.8247397,2026-05-04T21:52:20.824740,28.68,8348516000,2040,6251,43,0,0
1777924340.836966,2026-05-04T21:52:20.836966,28.68,8348516000,2040,6251,43,0,0
1777924340.8493547,2026-05-04T21:52:20.849355,28.68,8348516000,2040,6251,43,0,0
1777924340.8644586,2026-05-04T21:52:20.864459,28.68,8348516000,2040,6251,43,0,0
1777924340.8767533,2026-05-04T21:52:20.876753,28.706,8348518841,2040,6251,43,0,0
1777924340.889216,2026-05-04T21:52:20.889216,28.706,8348518841,2040,6251,43,0,0
1777924340.9046519,2026-05-04T21:52:20.904652,28.706,8348518841,2040,6251,43,0,0
1777924340.9169118,2026-05-04T21:52:20.916912,28.706,8348518841,2040,6251,43,0,0
1777924340.9293857,2026-05-04T21:52:20.929386,28.706,8348518841,2040,6251,43,0,0
1777924340.944504,2026-05-04T21:52:20.944504,28.706,8348518841,2040,6251,43,0,0
1777924340.9567645,2026-05-04T21:52:20.956764,28.706,8348518841,2040,6251,43,0,0
1777924340.9691813,2026-05-04T21:52:20.969181,28.706,8348521591,2040,6251,43,0,0
1777924340.984856,2026-05-04T21:52:20.984856,28.663,8348521591,2040,6251,43,0,0
1777924340.9971912,2026-05-04T21:52:20.997191,28.663,8348521591,2040,6251,43,0,0
1777924341.0096853,2026-05-04T21:52:21.009685,28.663,8348521591,2040,6251,43,0,0
1777924341.024621,2026-05-04T21:52:21.024621,28.663,8348521591,2040,6251,43,0,0
1777924341.036879,2026-05-04T21:52:21.036879,28.663,8348521591,2040,6251,43,0,0
1777924341.049359,2026-05-04T21:52:21.049359,28.663,8348521591,2040,6251,43,0,0
1777924341.064494,2026-05-04T21:52:21.064494,28.663,8348521591,2040,6251,43,0,0
1777924341.0768974,2026-05-04T21:52:21.076897,28.431,8348524424,2040,6251,43,0,0
1777924341.0893574,2026-05-04T21:52:21.089357,28.431,8348524424,2040,6251,43,0,0
1777924341.104549,2026-05-04T21:52:21.104549,28.431,8348524424,2040,6251,43,0,0
1777924341.116812,2026-05-04T21:52:21.116812,28.431,8348524424,2040,6251,43,0,0
1777924341.1293082,2026-05-04T21:52:21.129308,28.431,8348524424,2040,6251,43,0,0
1777924341.1444,2026-05-04T21:52:21.144400,28.431,8348524424,2040,6251,43,0,0
1777924341.1566513,2026-05-04T21:52:21.156651,28.431,8348524424,2040,6251,43,0,0
1777924341.16904,2026-05-04T21:52:21.169040,28.431,8348527165,2040,6251,43,0,0
1777924341.1845834,2026-05-04T21:52:21.184583,28.397,8348527165,2040,6251,43,0,0
1777924341.1969163,2026-05-04T21:52:21.196916,28.397,8348527165,2040,6251,43,0,0
1777924341.2093904,2026-05-04T21:52:21.209390,28.397,8348527165,2040,6251,43,0,0
1777924341.2244663,2026-05-04T21:52:21.224466,28.397,8348527165,2040,6251,43,0,0
1777924341.236696,2026-05-04T21:52:21.236696,28.397,8348527165,2040,6251,43,0,0
1777924341.249119,2026-05-04T21:52:21.249119,28.397,8348527165,2040,6251,43,0,0
1777924341.2646585,2026-05-04T21:52:21.264658,28.397,8348529951,2040,6251,43,0,0
1777924341.2778893,2026-05-04T21:52:21.277889,28.439,8348529951,2040,6251,43,0,0
1777924341.2904758,2026-05-04T21:52:21.290476,28.439,8348529951,2040,6251,43,0,0
1777924341.304551,2026-05-04T21:52:21.304551,28.439,8348529951,2040,6251,43,0,0
1777924341.3167672,2026-05-04T21:52:21.316767,28.439,8348529951,2040,6251,43,0,0
1777924341.3291566,2026-05-04T21:52:21.329157,28.439,8348529951,2040,6251,43,0,0
1777924341.3443115,2026-05-04T21:52:21.344311,28.439,8348529951,2040,6251,43,0,0
1777924341.356639,2026-05-04T21:52:21.356639,28.439,8348529951,2040,6251,43,0,0
1777924341.369052,2026-05-04T21:52:21.369052,28.439,8348532729,2040,6251,43,0,0
1777924341.3845227,2026-05-04T21:52:21.384523,28.406,8348532729,2040,6251,43,0,0
1777924341.3968227,2026-05-04T21:52:21.396823,28.406,8348532729,2040,6251,43,0,0
1777924341.4093237,2026-05-04T21:52:21.409324,28.406,8348532729,2040,6251,43,0,0
1777924341.4243655,2026-05-04T21:52:21.424366,28.406,8348532729,2040,6251,43,0,0
1777924341.436582,2026-05-04T21:52:21.436582,28.406,8348532729,2040,6251,43,0,0
1777924341.4489803,2026-05-04T21:52:21.448980,28.406,8348532729,2040,6251,43,0,0
1777924341.4643376,2026-05-04T21:52:21.464338,28.406,8348532729,2040,6251,43,0,0
1777924341.4765956,2026-05-04T21:52:21.476596,28.252,8348535552,2040,6251,43,0,0
1777924341.4891665,2026-05-04T21:52:21.489166,28.252,8348535552,2040,6251,43,0,0
1777924341.504466,2026-05-04T21:52:21.504466,28.252,8348535552,2040,6251,43,0,0
1777924341.5166814,2026-05-04T21:52:21.516681,28.252,8348535552,2040,6251,43,0,0
1777924341.5290582,2026-05-04T21:52:21.529058,28.252,8348535552,2040,6251,43,0,0
1777924341.5444498,2026-05-04T21:52:21.544450,28.252,8348535552,2040,6251,43,0,0
1777924341.5566738,2026-05-04T21:52:21.556674,28.252,8348535552,2040,6251,43,0,0
1777924341.5690708,2026-05-04T21:52:21.569071,28.252,8348538301,2040,6251,43,0,0
1777924341.5844154,2026-05-04T21:52:21.584415,28.183,8348538301,2040,6251,43,0,0
1777924341.596714,2026-05-04T21:52:21.596714,28.183,8348538301,2040,6251,43,0,0
1777924341.609256,2026-05-04T21:52:21.609256,28.183,8348538301,2040,6251,43,0,0
1777924341.624285,2026-05-04T21:52:21.624285,28.183,8348538301,2040,6251,43,0,0
1777924341.6365297,2026-05-04T21:52:21.636530,28.183,8348538301,2040,6251,43,0,0
1777924341.648907,2026-05-04T21:52:21.648907,28.183,8348538301,2040,6251,43,0,0
1777924341.6642177,2026-05-04T21:52:21.664218,28.183,8348538301,2040,6251,43,0,0
1777924341.6765628,2026-05-04T21:52:21.676563,28.201,8348541124,2040,6251,43,0,0
1777924341.689174,2026-05-04T21:52:21.689174,28.201,8348541124,2040,6251,43,0,0
1777924341.7043529,2026-05-04T21:52:21.704353,28.201,8348541124,2040,6251,43,0,0
1777924341.7165942,2026-05-04T21:52:21.716594,28.201,8348541124,2040,6251,43,0,0
1777924341.7289994,2026-05-04T21:52:21.728999,28.201,8348541124,2040,6251,43,0,0
1777924341.7441761,2026-05-04T21:52:21.744176,28.201,8348541124,2040,6251,43,0,0
1777924341.7564552,2026-05-04T21:52:21.756455,28.201,8348541124,2040,6251,43,0,0
1777924341.7688494,2026-05-04T21:52:21.768849,28.201,8348543873,2040,6251,43,0,0
1777924341.7842581,2026-05-04T21:52:21.784258,28.132,8348543873,2040,6251,43,0,0
1777924341.796566,2026-05-04T21:52:21.796566,28.132,8348543873,2040,6251,43,0,0
1777924341.8090682,2026-05-04T21:52:21.809068,28.132,8348543873,2040,6251,43,0,0
1777924341.8245988,2026-05-04T21:52:21.824599,28.132,8348543873,2040,6251,43,0,0
1777924341.8368318,2026-05-04T21:52:21.836832,28.132,8348543873,2040,6251,43,0,0
1777924341.8490274,2026-05-04T21:52:21.849027,28.132,8348543873,2040,6251,43,0,0
1777924341.8612309,2026-05-04T21:52:21.861231,28.132,8348543873,2040,6251,43,0,0
1777924341.873414,2026-05-04T21:52:21.873414,28.132,8348546653,2040,6251,43,0,0
1777924341.8858435,2026-05-04T21:52:21.885844,28.132,8348546653,2040,6251,43,0,0
1777924341.8981,2026-05-04T21:52:21.898100,28.132,8348546653,2040,6251,43,0,0
1777924341.9103222,2026-05-04T21:52:21.910322,28.132,8348546653,2040,6251,43,0,0
1777924341.9225414,2026-05-04T21:52:21.922541,28.132,8348546653,2040,6251,43,0,0
1777924341.9347594,2026-05-04T21:52:21.934759,28.132,8348546653,2040,6251,43,0,0
1777924341.946949,2026-05-04T21:52:21.946949,28.132,8348546653,2040,6251,43,0,0
1777924341.9591427,2026-05-04T21:52:21.959143,28.132,8348546653,2040,6251,43,0,0
1777924341.971342,2026-05-04T21:52:21.971342,28.132,8348549410,2040,6251,43,0,0
1777924341.9835215,2026-05-04T21:52:21.983521,28.132,8348549410,2040,6251,43,0,0
1777924341.9957776,2026-05-04T21:52:21.995778,28.132,8348549410,2040,6251,43,0,0
1777924342.0079756,2026-05-04T21:52:22.007976,28.132,8348549410,2040,6251,43,0,0
1777924342.020236,2026-05-04T21:52:22.020236,28.132,8348549410,2040,6251,43,0,0
1777924342.032442,2026-05-04T21:52:22.032442,28.132,8348549410,2040,6251,43,0,0
1777924342.0446174,2026-05-04T21:52:22.044617,28.132,8348549410,2040,6251,43,0,0
1777924342.0568178,2026-05-04T21:52:22.056818,28.132,8348549410,2040,6251,43,0,0
1777924342.0690196,2026-05-04T21:52:22.069020,28.132,8348552170,2040,6251,43,0,0
1777924342.0826476,2026-05-04T21:52:22.082648,28.132,8348552170,2040,6251,43,0,0
1777924342.095173,2026-05-04T21:52:22.095173,28.132,8348552170,2040,6251,43,0,0
1777924342.1073816,2026-05-04T21:52:22.107382,28.132,8348552170,2040,6251,43,0,0
1777924342.1195772,2026-05-04T21:52:22.119577,28.132,8348552170,2040,6251,43,0,0
1777924342.1317751,2026-05-04T21:52:22.131775,28.132,8348552170,2040,6251,43,0,0
1777924342.1440017,2026-05-04T21:52:22.144002,28.132,8348552170,2040,6251,43,0,0
1777924342.156197,2026-05-04T21:52:22.156197,28.132,8348552170,2040,6251,43,0,0
1777924342.1683962,2026-05-04T21:52:22.168396,28.132,8348554929,2040,6251,43,0,0
1777924342.180576,2026-05-04T21:52:22.180576,28.132,8348554929,2040,6251,43,0,0
1777924342.1928272,2026-05-04T21:52:22.192827,28.132,8348554929,2040,6251,43,0,0
1777924342.2050056,2026-05-04T21:52:22.205006,28.132,8348554929,2040,6251,43,0,0
1777924342.2172158,2026-05-04T21:52:22.217216,28.132,8348554929,2040,6251,43,0,0
1777924342.2294116,2026-05-04T21:52:22.229412,28.132,8348554929,2040,6251,43,0,0
1777924342.2416103,2026-05-04T21:52:22.241610,28.132,8348554929,2040,6251,43,0,0
1777924342.2538528,2026-05-04T21:52:22.253853,28.132,8348554929,2040,6251,43,0,0
1777924342.2660506,2026-05-04T21:52:22.266051,28.132,8348557687,2040,6251,43,0,0
1777924342.278265,2026-05-04T21:52:22.278265,28.132,8348557687,2040,6251,43,0,0
1777924342.29076,2026-05-04T21:52:22.290760,28.132,8348557687,2040,6251,43,0,0
1777924342.3035228,2026-05-04T21:52:22.303523,28.132,8348557687,2040,6251,43,0,0
1777924342.3160205,2026-05-04T21:52:22.316020,28.132,8348557687,2040,6251,43,0,0
1777924342.328629,2026-05-04T21:52:22.328629,28.132,8348557687,2040,6251,43,0,0
1777924342.3441048,2026-05-04T21:52:22.344105,28.132,8348557687,2040,6251,43,0,0
1777924342.3565583,2026-05-04T21:52:22.356558,28.132,8348557687,2040,6251,43,0,0
1777924342.3692064,2026-05-04T21:52:22.369206,28.132,8348560678,2040,6251,43,0,0
1777924342.384542,2026-05-04T21:52:22.384542,28.637,8348560678,2040,6251,43,0,0
1777924342.3970928,2026-05-04T21:52:22.397093,28.637,8348560678,2040,6251,43,0,0
1777924342.40969,2026-05-04T21:52:22.409690,28.637,8348560678,2040,6251,43,0,0
1777924342.4242914,2026-05-04T21:52:22.424291,28.637,8348560678,2040,6251,43,0,0
1777924342.43674,2026-05-04T21:52:22.436740,28.637,8348560678,2040,6251,43,0,0
1777924342.4493475,2026-05-04T21:52:22.449347,28.637,8348560678,2040,6251,43,0,0
1777924342.4669564,2026-05-04T21:52:22.466956,28.637,8348563749,2040,6251,43,0,0
1777924342.479458,2026-05-04T21:52:22.479458,28.784,8348563749,2040,6251,43,34,4
1777924342.4918685,2026-05-04T21:52:22.491868,28.784,8348563749,2040,6251,43,34,4
1777924342.5051017,2026-05-04T21:52:22.505102,28.784,8348563749,2040,6251,43,34,4
1777924342.5184023,2026-05-04T21:52:22.518402,28.784,8348563749,2040,6251,43,34,4
1777924342.5307937,2026-05-04T21:52:22.530794,28.784,8348563749,2040,6251,43,34,4
1777924342.5466695,2026-05-04T21:52:22.546669,28.784,8348563749,2040,6251,43,34,4
1777924342.558887,2026-05-04T21:52:22.558887,28.784,8348563749,2040,6251,43,34,4
1777924342.5720944,2026-05-04T21:52:22.572094,28.784,8348566569,2040,6251,43,34,4
1777924342.5845144,2026-05-04T21:52:22.584514,28.767,8348566569,2040,6251,43,34,4
1777924342.5967805,2026-05-04T21:52:22.596781,28.767,8348566569,2040,6251,43,34,4
1777924342.6101098,2026-05-04T21:52:22.610110,28.767,8348566569,2040,6251,43,34,4
1777924342.6240883,2026-05-04T21:52:22.624088,28.767,8348566569,2040,6251,43,34,4
1777924342.636346,2026-05-04T21:52:22.636346,28.767,8348566569,2040,6251,43,34,4
1777924342.6487746,2026-05-04T21:52:22.648775,28.767,8348566569,2040,6251,43,34,4
1777924342.664167,2026-05-04T21:52:22.664167,28.767,8348569401,2040,6251,43,34,4
1777924342.6774452,2026-05-04T21:52:22.677445,28.888,8348569401,2040,6251,43,1,0
1777924342.6900673,2026-05-04T21:52:22.690067,28.888,8348569401,2040,6251,43,1,0
1777924342.704213,2026-05-04T21:52:22.704213,28.888,8348569401,2040,6251,43,1,0
1777924342.7166686,2026-05-04T21:52:22.716669,28.888,8348569401,2040,6251,43,1,0
1777924342.7292736,2026-05-04T21:52:22.729274,28.888,8348569401,2040,6251,43,1,0
1777924342.7440693,2026-05-04T21:52:22.744069,28.888,8348569401,2040,6251,43,1,0
1777924342.7565222,2026-05-04T21:52:22.756522,28.888,8348569401,2040,6251,43,1,0
1777924342.7691166,2026-05-04T21:52:22.769117,28.888,8348572429,2040,6251,43,1,0
1777924342.7842057,2026-05-04T21:52:22.784206,29.13,8348572429,2040,6251,43,1,0
1777924342.7967403,2026-05-04T21:52:22.796740,29.13,8348572429,2040,6251,43,1,0
1777924342.8093405,2026-05-04T21:52:22.809340,29.13,8348572429,2040,6251,43,1,0
1777924342.8241377,2026-05-04T21:52:22.824138,29.13,8348572429,2040,6251,43,1,0
1777924342.8365688,2026-05-04T21:52:22.836569,29.13,8348572429,2040,6251,43,1,0
1777924342.8491757,2026-05-04T21:52:22.849176,29.13,8348572429,2040,6251,43,1,0
1777924342.8640425,2026-05-04T21:52:22.864043,29.13,8348575518,2040,6251,43,1,0
1777924342.8773572,2026-05-04T21:52:22.877357,29.409,8348575518,2040,6251,43,43,4
1777924342.8898177,2026-05-04T21:52:22.889818,29.409,8348575518,2040,6251,43,43,4
1777924342.9039896,2026-05-04T21:52:22.903990,29.409,8348575518,2040,6251,43,43,4
1777924342.9162323,2026-05-04T21:52:22.916232,29.409,8348575518,2040,6251,43,43,4
1777924342.9286072,2026-05-04T21:52:22.928607,29.409,8348575518,2040,6251,43,43,4
1777924342.9440558,2026-05-04T21:52:22.944056,29.409,8348575518,2040,6251,43,43,4
1777924342.9562972,2026-05-04T21:52:22.956297,29.409,8348575518,2040,6251,43,43,4
1777924342.968695,2026-05-04T21:52:22.968695,29.409,8348578655,2040,6251,43,43,4
1777924342.9839442,2026-05-04T21:52:22.983944,29.62,8348578655,2040,6251,43,43,4
1777924342.9962192,2026-05-04T21:52:22.996219,29.62,8348578655,2040,6251,43,43,4
1777924343.0086231,2026-05-04T21:52:23.008623,29.62,8348578655,2040,6251,43,43,4
1777924343.0238492,2026-05-04T21:52:23.023849,29.62,8348578655,2040,6251,43,43,4
1777924343.0360827,2026-05-04T21:52:23.036083,29.62,8348578655,2040,6251,43,43,4
1777924343.0484474,2026-05-04T21:52:23.048447,29.62,8348578655,2040,6251,43,43,4
1777924343.0637898,2026-05-04T21:52:23.063790,29.62,8348578655,2040,6251,43,43,4
1777924343.0760243,2026-05-04T21:52:23.076024,29.62,8348581884,2040,6251,43,99,1
1777924343.0891054,2026-05-04T21:52:23.089105,29.801,8348581884,2040,6251,43,100,1
1777924343.1039655,2026-05-04T21:52:23.103966,29.801,8348581884,2040,6251,43,100,1
1777924343.116182,2026-05-04T21:52:23.116182,29.801,8348581884,2040,6251,43,100,1
1777924343.128559,2026-05-04T21:52:23.128559,29.801,8348581884,2040,6251,43,100,1
1777924343.143712,2026-05-04T21:52:23.143712,29.801,8348581884,2040,6251,43,100,1
1777924343.156002,2026-05-04T21:52:23.156002,29.801,8348581884,2040,6251,43,100,1
1777924343.1686199,2026-05-04T21:52:23.168620,29.801,8348585051,2040,6251,43,100,1
1777924343.1843567,2026-05-04T21:52:23.184357,30.076,8348585051,2040,6251,43,100,1
1777924343.2002425,2026-05-04T21:52:23.200243,30.076,8348585051,2040,6251,43,100,1
1777924343.2179751,2026-05-04T21:52:23.217975,30.076,8348585051,2040,6251,43,100,1
1777924343.2374973,2026-05-04T21:52:23.237497,30.076,8348585051,2040,6251,43,100,1
1777924343.2569208,2026-05-04T21:52:23.256921,30.076,8348585051,2040,6251,43,100,1
1777924343.2749658,2026-05-04T21:52:23.274966,30.076,8348588546,2040,6251,43,100,1
1777924343.2934422,2026-05-04T21:52:23.293442,30.437,8348588546,2040,6251,44,100,1
1777924343.3100207,2026-05-04T21:52:23.310021,30.437,8348588546,2040,6251,44,100,1
1777924343.3287413,2026-05-04T21:52:23.328741,30.437,8348588546,2040,6251,44,100,1
1777924343.3477778,2026-05-04T21:52:23.347778,30.437,8348588546,2040,6251,44,100,1
1777924343.3669622,2026-05-04T21:52:23.366962,30.437,8348592081,2040,6251,44,100,1
1777924343.3884652,2026-05-04T21:52:23.388465,31.646,8348592081,2040,6251,44,100,1
1777924343.4118886,2026-05-04T21:52:23.411889,31.646,8348592081,2040,6251,44,100,1
1777924343.430915,2026-05-04T21:52:23.430915,31.646,8348592081,2040,6251,44,100,1
1777924343.4492016,2026-05-04T21:52:23.449202,31.646,8348592081,2040,6251,44,100,1
1777924343.4679677,2026-05-04T21:52:23.467968,31.646,8348595614,2040,6251,44,100,1
1777924343.4921236,2026-05-04T21:52:23.492124,32.045,8348595614,2040,6251,44,100,0
1777924343.513919,2026-05-04T21:52:23.513919,32.045,8348595614,2040,6251,44,100,0
1777924343.533423,2026-05-04T21:52:23.533423,32.045,8348595614,2040,6251,44,100,0
1777924343.5513225,2026-05-04T21:52:23.551322,32.045,8348595614,2040,6251,44,100,0
1777924343.5708423,2026-05-04T21:52:23.570842,32.045,8348599147,2040,6251,44,100,0
1777924343.5915456,2026-05-04T21:52:23.591546,32.574,8348599147,2040,6251,44,100,0
1777924343.610296,2026-05-04T21:52:23.610296,32.574,8348599147,2040,6251,44,100,0
1777924343.6297255,2026-05-04T21:52:23.629725,32.574,8348599147,2040,6251,44,100,0
1777924343.6491373,2026-05-04T21:52:23.649137,32.574,8348599147,2040,6251,44,100,0
1777924343.6692622,2026-05-04T21:52:23.669262,32.574,8348602682,2040,6251,44,100,0
1777924343.6907842,2026-05-04T21:52:23.690784,33.242,8348602682,2040,6251,44,100,0
1777924343.7096298,2026-05-04T21:52:23.709630,33.242,8348602682,2040,6251,44,100,0
1777924343.7282975,2026-05-04T21:52:23.728297,33.242,8348602682,2040,6251,44,100,0
1777924343.7482417,2026-05-04T21:52:23.748242,33.242,8348602682,2040,6251,44,100,0
1777924343.7659361,2026-05-04T21:52:23.765936,33.242,8348606213,2040,6251,44,100,0
1777924343.787617,2026-05-04T21:52:23.787617,33.801,8348606213,2040,6251,44,100,0
1777924343.807709,2026-05-04T21:52:23.807709,33.801,8348606213,2040,6251,44,100,0
1777924343.8252976,2026-05-04T21:52:23.825298,33.801,8348606213,2040,6251,44,100,0
1777924343.8473783,2026-05-04T21:52:23.847378,33.801,8348606213,2040,6251,44,100,0
1777924343.8666632,2026-05-04T21:52:23.866663,33.801,8348609745,2040,6251,44,100,0
1777924343.886907,2026-05-04T21:52:23.886907,34.206,8348609745,2040,6251,44,100,0
1777924343.9064164,2026-05-04T21:52:23.906416,34.206,8348609745,2040,6251,44,100,0
1777924343.9262047,2026-05-04T21:52:23.926205,34.206,8348609745,2040,6251,44,100,0
1777924343.9480085,2026-05-04T21:52:23.948009,34.206,8348609745,2040,6251,44,100,0
1777924343.9677668,2026-05-04T21:52:23.967767,34.206,8348613281,2040,6251,44,100,0
1777924343.9872048,2026-05-04T21:52:23.987205,34.634,8348613281,2040,6251,44,100,0
1777924344.0101914,2026-05-04T21:52:24.010191,34.634,8348613281,2040,6251,44,100,0
1777924344.0299876,2026-05-04T21:52:24.029988,34.634,8348613281,2040,6251,44,100,0
1777924344.0484922,2026-05-04T21:52:24.048492,34.634,8348613281,2040,6251,44,100,0
1777924344.0681672,2026-05-04T21:52:24.068167,34.634,8348616813,2040,6251,44,100,0
1777924344.091322,2026-05-04T21:52:24.091322,34.944,8348616813,2040,6251,44,100,0
1777924344.1106813,2026-05-04T21:52:24.110681,34.944,8348616813,2040,6251,44,100,0
1777924344.1294107,2026-05-04T21:52:24.129411,34.944,8348616813,2040,6251,44,100,0
1777924344.1460884,2026-05-04T21:52:24.146088,34.944,8348616813,2040,6251,44,100,0
1777924344.1685646,2026-05-04T21:52:24.168565,34.944,8348620346,2040,6251,44,100,0
1777924344.1884441,2026-05-04T21:52:24.188444,35.267,8348620346,2040,6251,44,100,0
1777924344.2136853,2026-05-04T21:52:24.213685,35.267,8348620346,2040,6251,44,100,0
1777924344.2320583,2026-05-04T21:52:24.232058,35.267,8348620346,2040,6251,44,100,0
1777924344.2511518,2026-05-04T21:52:24.251152,35.267,8348620346,2040,6251,44,100,0
1777924344.2721603,2026-05-04T21:52:24.272160,35.267,8348623883,2040,6251,44,100,0
1777924344.2910357,2026-05-04T21:52:24.291036,35.431,8348623883,2040,6251,44,100,0
1777924344.312867,2026-05-04T21:52:24.312867,35.431,8348623883,2040,6251,44,100,0
1777924344.3324468,2026-05-04T21:52:24.332447,35.431,8348623883,2040,6251,44,100,0
1777924344.3504539,2026-05-04T21:52:24.350454,35.431,8348623883,2040,6251,44,100,0
1777924344.3671045,2026-05-04T21:52:24.367105,35.431,8348627418,2040,6251,44,100,0
1777924344.386922,2026-05-04T21:52:24.386922,35.422,8348627418,2040,6251,44,100,0
1777924344.407423,2026-05-04T21:52:24.407423,35.422,8348627418,2040,6251,44,100,0
1777924344.4258425,2026-05-04T21:52:24.425843,35.422,8348627418,2040,6251,44,100,0
1777924344.4473577,2026-05-04T21:52:24.447358,35.422,8348627418,2040,6251,44,100,0
1777924344.465379,2026-05-04T21:52:24.465379,35.422,8348630948,2040,6251,44,100,0
1777924344.487224,2026-05-04T21:52:24.487224,35.413,8348630948,2040,6251,44,100,0
1777924344.5085578,2026-05-04T21:52:24.508558,35.413,8348630948,2040,6251,44,100,0
1777924344.5281048,2026-05-04T21:52:24.528105,35.413,8348630948,2040,6251,44,100,0
1777924344.5472064,2026-05-04T21:52:24.547206,35.413,8348630948,2040,6251,44,100,0
1777924344.565933,2026-05-04T21:52:24.565933,35.413,8348634475,2040,6251,44,100,0
1777924344.5877445,2026-05-04T21:52:24.587744,35.413,8348634475,2040,6251,44,100,0
1777924344.6066446,2026-05-04T21:52:24.606645,35.413,8348634475,2040,6251,44,100,0
1777924344.6262856,2026-05-04T21:52:24.626286,35.413,8348634475,2040,6251,44,100,0
1777924344.6464474,2026-05-04T21:52:24.646447,35.413,8348634475,2040,6251,44,100,0
1777924344.6669178,2026-05-04T21:52:24.666918,35.413,8348638001,2040,6251,44,100,0
1777924344.6907866,2026-05-04T21:52:24.690787,35.406,8348638001,2040,6251,44,100,0
1777924344.7073858,2026-05-04T21:52:24.707386,35.406,8348638001,2040,6251,44,100,0
1777924344.7243428,2026-05-04T21:52:24.724343,35.406,8348638001,2040,6251,44,100,0
1777924344.7466896,2026-05-04T21:52:24.746690,35.406,8348638001,2040,6251,44,100,0
1777924344.7681408,2026-05-04T21:52:24.768141,35.406,8348641552,2040,6251,44,100,0
1777924344.7878094,2026-05-04T21:52:24.787809,35.406,8348641552,2040,6251,44,100,0
1777924344.8074076,2026-05-04T21:52:24.807408,35.406,8348641552,2040,6251,44,100,0
1777924344.8288455,2026-05-04T21:52:24.828846,35.406,8348641552,2040,6251,44,100,0
1777924344.8467355,2026-05-04T21:52:24.846735,35.406,8348641552,2040,6251,44,100,0
1777924344.8678052,2026-05-04T21:52:24.867805,35.406,8348645079,2040,6251,44,100,0
1777924344.887542,2026-05-04T21:52:24.887542,35.406,8348645079,2040,6251,44,100,0
1777924344.9086618,2026-05-04T21:52:24.908662,35.406,8348645079,2040,6251,44,100,0
1777924344.9284394,2026-05-04T21:52:24.928439,35.406,8348645079,2040,6251,44,100,0
1777924344.947393,2026-05-04T21:52:24.947393,35.406,8348645079,2040,6251,44,100,0
1777924344.9645803,2026-05-04T21:52:24.964580,35.406,8348648606,2040,6251,44,100,0
1777924344.982577,2026-05-04T21:52:24.982577,35.406,8348648606,2040,6251,44,100,0
1777924345.0050642,2026-05-04T21:52:25.005064,35.397,8348648606,2040,6251,44,100,0
1777924345.0280285,2026-05-04T21:52:25.028028,35.397,8348648606,2040,6251,44,100,0
1777924345.046678,2026-05-04T21:52:25.046678,35.397,8348648606,2040,6251,44,100,0
1777924345.0660439,2026-05-04T21:52:25.066044,35.397,8348652149,2040,6251,44,100,0
1777924345.0892274,2026-05-04T21:52:25.089227,35.397,8348652149,2040,6251,44,100,0
1777924345.10797,2026-05-04T21:52:25.107970,35.389,8348652149,2040,6251,44,100,1
1777924345.126762,2026-05-04T21:52:25.126762,35.389,8348652149,2040,6251,44,100,1
1777924345.1473958,2026-05-04T21:52:25.147396,35.389,8348652149,2040,6251,44,100,1
1777924345.1672485,2026-05-04T21:52:25.167248,35.389,8348655683,2040,6251,44,100,1
1777924345.1881912,2026-05-04T21:52:25.188191,35.389,8348655683,2040,6251,44,100,1
1777924345.2077,2026-05-04T21:52:25.207700,35.38,8348655683,2040,6251,44,100,1
1777924345.2277954,2026-05-04T21:52:25.227795,35.38,8348655683,2040,6251,44,100,1
1777924345.2459464,2026-05-04T21:52:25.245946,35.38,8348655683,2040,6251,44,100,1
1777924345.2674296,2026-05-04T21:52:25.267430,35.38,8348659222,2040,6251,44,100,1
1777924345.2882888,2026-05-04T21:52:25.288289,35.38,8348659222,2040,6251,44,100,1
1777924345.3087325,2026-05-04T21:52:25.308733,35.38,8348659222,2040,6251,44,100,1
1777924345.327138,2026-05-04T21:52:25.327138,35.38,8348659222,2040,6251,44,100,1
1777924345.346698,2026-05-04T21:52:25.346698,35.38,8348659222,2040,6251,44,100,1
1777924345.3661058,2026-05-04T21:52:25.366106,35.38,8348662758,2040,6251,44,100,1
1777924345.3861742,2026-05-04T21:52:25.386174,35.38,8348662758,2040,6251,44,100,1
1777924345.407389,2026-05-04T21:52:25.407389,35.371,8348662758,2040,6251,44,100,1
1777924345.4261763,2026-05-04T21:52:25.426176,35.371,8348662758,2040,6251,44,100,1
1777924345.4471107,2026-05-04T21:52:25.447111,35.371,8348662758,2040,6251,44,100,1
1777924345.4679403,2026-05-04T21:52:25.467940,35.371,8348666282,2040,6251,44,100,1
1777924345.4878314,2026-05-04T21:52:25.487831,35.371,8348666282,2040,6251,44,100,1
1777924345.5067868,2026-05-04T21:52:25.506787,35.362,8348666282,2040,6251,44,100,0
1777924345.5284238,2026-05-04T21:52:25.528424,35.362,8348666282,2040,6251,44,100,0
1777924345.5478754,2026-05-04T21:52:25.547875,35.362,8348666282,2040,6251,44,100,0
1777924345.567758,2026-05-04T21:52:25.567758,35.362,8348669817,2040,6251,44,100,0
1777924345.5884533,2026-05-04T21:52:25.588453,35.362,8348669817,2040,6251,44,100,0
1777924345.6062784,2026-05-04T21:52:25.606278,35.38,8348669817,2040,6251,44,100,0
1777924345.6265843,2026-05-04T21:52:25.626584,35.38,8348669817,2040,6251,44,100,0
1777924345.646326,2026-05-04T21:52:25.646326,35.38,8348669817,2040,6251,44,100,0
1777924345.6676118,2026-05-04T21:52:25.667612,35.38,8348673352,2040,6251,44,100,0
1777924345.6872382,2026-05-04T21:52:25.687238,35.38,8348673352,2040,6251,44,100,0
1777924345.703268,2026-05-04T21:52:25.703268,35.38,8348673352,2040,6251,44,100,1
1777924345.7157915,2026-05-04T21:52:25.715791,35.38,8348673352,2040,6251,44,100,1
1777924345.728393,2026-05-04T21:52:25.728393,35.38,8348673352,2040,6251,44,100,1
1777924345.7433743,2026-05-04T21:52:25.743374,35.38,8348673352,2040,6251,44,100,1
1777924345.7558675,2026-05-04T21:52:25.755867,35.38,8348673352,2040,6251,44,100,1
1777924345.7686045,2026-05-04T21:52:25.768605,35.38,8348677409,2040,6251,44,100,1
1777924345.783403,2026-05-04T21:52:25.783403,35.38,8348677409,2040,6251,44,100,1
1777924345.7958763,2026-05-04T21:52:25.795876,35.38,8348677409,2040,6251,44,100,1
1777924345.808588,2026-05-04T21:52:25.808588,35.948,8348677409,2040,6251,44,100,1
1777924345.8232832,2026-05-04T21:52:25.823283,35.948,8348677409,2040,6251,44,100,1
1777924345.8357546,2026-05-04T21:52:25.835755,35.948,8348677409,2040,6251,44,100,1
1777924345.8484554,2026-05-04T21:52:25.848455,35.948,8348677409,2040,6251,44,100,1
1777924345.8631372,2026-05-04T21:52:25.863137,35.948,8348681655,2040,6251,44,100,1
1777924345.8765357,2026-05-04T21:52:25.876536,35.948,8348681655,2040,6251,44,100,1
1777924345.8893225,2026-05-04T21:52:25.889323,35.948,8348681655,2040,6251,44,100,1
1777924345.903212,2026-05-04T21:52:25.903212,37.188,8348681655,2040,6251,45,100,4
1777924345.9157522,2026-05-04T21:52:25.915752,37.188,8348681655,2040,6251,45,100,4
1777924345.9283705,2026-05-04T21:52:25.928370,37.188,8348681655,2040,6251,45,100,4
1777924345.9431539,2026-05-04T21:52:25.943154,37.188,8348681655,2040,6251,45,100,4
1777924345.9555972,2026-05-04T21:52:25.955597,37.188,8348681655,2040,6251,45,100,4
1777924345.9682417,2026-05-04T21:52:25.968242,37.188,8348686309,2040,6251,45,100,4
1777924345.9833663,2026-05-04T21:52:25.983366,37.188,8348686309,2040,6251,45,100,4
1777924345.9958935,2026-05-04T21:52:25.995893,37.188,8348686309,2040,6251,45,100,4
1777924346.0091956,2026-05-04T21:52:26.009196,37.684,8348686309,2040,6251,45,100,4
1777924346.023494,2026-05-04T21:52:26.023494,37.684,8348686309,2040,6251,45,100,4
1777924346.0359452,2026-05-04T21:52:26.035945,37.684,8348686309,2040,6251,45,100,4
1777924346.0487378,2026-05-04T21:52:26.048738,37.684,8348686309,2040,6251,45,100,4
1777924346.063121,2026-05-04T21:52:26.063121,37.684,8348690580,2040,6251,45,100,4
1777924346.076445,2026-05-04T21:52:26.076445,37.684,8348690580,2040,6251,45,100,4
1777924346.0894969,2026-05-04T21:52:26.089497,37.684,8348690580,2040,6251,45,100,4
1777924346.1031435,2026-05-04T21:52:26.103143,38.676,8348690580,2040,6251,45,100,3
1777924346.1156976,2026-05-04T21:52:26.115698,38.676,8348690580,2040,6251,45,100,3
1777924346.1285198,2026-05-04T21:52:26.128520,38.676,8348690580,2040,6251,45,100,3
1777924346.1430717,2026-05-04T21:52:26.143072,38.676,8348690580,2040,6251,45,100,3
1777924346.1555345,2026-05-04T21:52:26.155535,38.676,8348690580,2040,6251,45,100,3
1777924346.1682456,2026-05-04T21:52:26.168246,38.676,8348694865,2040,6251,45,100,3
1777924346.1831908,2026-05-04T21:52:26.183191,38.676,8348694865,2040,6251,45,100,3
1777924346.1957824,2026-05-04T21:52:26.195782,38.676,8348694865,2040,6251,45,100,3
1777924346.208576,2026-05-04T21:52:26.208576,39.055,8348694865,2040,6251,45,100,3
1777924346.2231042,2026-05-04T21:52:26.223104,39.055,8348694865,2040,6251,45,100,3
1777924346.2355506,2026-05-04T21:52:26.235551,39.055,8348694865,2040,6251,45,100,3
1777924346.2483132,2026-05-04T21:52:26.248313,39.055,8348694865,2040,6251,45,100,3
1777924346.263014,2026-05-04T21:52:26.263014,39.055,8348698772,2040,6251,45,100,3
1777924346.2763097,2026-05-04T21:52:26.276310,39.055,8348698772,2040,6251,45,100,3
1777924346.2889779,2026-05-04T21:52:26.288978,39.055,8348698772,2040,6251,45,100,3
1777924346.3032918,2026-05-04T21:52:26.303292,39.129,8348698772,2040,6251,45,100,2
1777924346.3156412,2026-05-04T21:52:26.315641,39.129,8348698772,2040,6251,45,100,2
1777924346.3282783,2026-05-04T21:52:26.328278,39.129,8348698772,2040,6251,45,100,2
1777924346.3429563,2026-05-04T21:52:26.342956,39.129,8348698772,2040,6251,45,100,2
1777924346.355306,2026-05-04T21:52:26.355306,39.129,8348698772,2040,6251,45,100,2
1777924346.3680382,2026-05-04T21:52:26.368038,39.129,8348701969,2040,6251,45,100,2
1777924346.3832083,2026-05-04T21:52:26.383208,39.129,8348701969,2040,6251,45,100,2
1777924346.3956397,2026-05-04T21:52:26.395640,39.129,8348701969,2040,6251,45,100,2
1777924346.4083354,2026-05-04T21:52:26.408335,38.518,8348701969,2040,6251,44,100,2
1777924346.4229336,2026-05-04T21:52:26.422934,38.518,8348701969,2040,6251,44,100,2
1777924346.4353342,2026-05-04T21:52:26.435334,38.518,8348701969,2040,6251,44,100,2
1777924346.448059,2026-05-04T21:52:26.448059,38.518,8348701969,2040,6251,44,100,2
1777924346.4629395,2026-05-04T21:52:26.462940,38.518,8348705188,2040,6251,44,100,2
1777924346.4763088,2026-05-04T21:52:26.476309,38.518,8348705188,2040,6251,44,100,2
1777924346.4890046,2026-05-04T21:52:26.489005,38.518,8348705188,2040,6251,44,100,2
1777924346.5030549,2026-05-04T21:52:26.503055,38.51,8348705188,2040,6251,44,100,0
1777924346.5154645,2026-05-04T21:52:26.515465,38.51,8348705188,2040,6251,44,100,0
1777924346.5279734,2026-05-04T21:52:26.527973,38.51,8348705188,2040,6251,44,100,0
1777924346.542898,2026-05-04T21:52:26.542898,38.51,8348705188,2040,6251,44,100,0
1777924346.5553236,2026-05-04T21:52:26.555324,38.51,8348705188,2040,6251,44,100,0
1777924346.5678818,2026-05-04T21:52:26.567882,38.51,8348708392,2040,6251,44,100,0
1777924346.5833066,2026-05-04T21:52:26.583307,38.51,8348708392,2040,6251,44,100,0
1777924346.595762,2026-05-04T21:52:26.595762,38.51,8348708392,2040,6251,44,100,0
1777924346.6083488,2026-05-04T21:52:26.608349,37.929,8348708392,2040,6251,44,100,0
1777924346.622979,2026-05-04T21:52:26.622979,37.929,8348708392,2040,6251,44,100,0
1777924346.6353273,2026-05-04T21:52:26.635327,37.929,8348708392,2040,6251,44,100,0
1777924346.6480494,2026-05-04T21:52:26.648049,37.929,8348708392,2040,6251,44,100,0
1777924346.662896,2026-05-04T21:52:26.662896,37.929,8348711600,2040,6251,44,100,0
1777924346.6762073,2026-05-04T21:52:26.676207,37.929,8348711600,2040,6251,44,100,0
1777924346.688773,2026-05-04T21:52:26.688773,37.929,8348711600,2040,6251,44,100,0
1777924346.7029119,2026-05-04T21:52:26.702912,37.843,8348711600,2040,6251,44,100,0
1777924346.7153585,2026-05-04T21:52:26.715358,37.843,8348711600,2040,6251,44,100,0
1777924346.7280695,2026-05-04T21:52:26.728070,37.843,8348711600,2040,6251,44,100,0
1777924346.7428517,2026-05-04T21:52:26.742852,37.843,8348711600,2040,6251,44,100,0
1777924346.755229,2026-05-04T21:52:26.755229,37.843,8348711600,2040,6251,44,100,0
1777924346.7678976,2026-05-04T21:52:26.767898,37.843,8348714795,2040,6251,44,100,0
1777924346.783062,2026-05-04T21:52:26.783062,37.843,8348714795,2040,6251,44,100,0
1777924346.7955356,2026-05-04T21:52:26.795536,37.843,8348714795,2040,6251,44,100,0
1777924346.8081126,2026-05-04T21:52:26.808113,37.313,8348714795,2040,6251,44,100,0
1777924346.8228662,2026-05-04T21:52:26.822866,37.313,8348714795,2040,6251,44,100,0
1777924346.8351934,2026-05-04T21:52:26.835193,37.313,8348714795,2040,6251,44,100,0
1777924346.8478227,2026-05-04T21:52:26.847823,37.313,8348714795,2040,6251,44,100,0
1777924346.8630924,2026-05-04T21:52:26.863092,37.313,8348718005,2040,6251,44,100,0
1777924346.876154,2026-05-04T21:52:26.876154,37.313,8348718005,2040,6251,44,100,0
1777924346.888812,2026-05-04T21:52:26.888812,37.313,8348718005,2040,6251,44,100,0
1777924346.9028735,2026-05-04T21:52:26.902874,36.471,8348718005,2040,6251,44,100,0
1777924346.9152734,2026-05-04T21:52:26.915273,36.471,8348718005,2040,6251,44,100,0
1777924346.927915,2026-05-04T21:52:26.927915,36.471,8348718005,2040,6251,44,100,0
1777924346.9428298,2026-05-04T21:52:26.942830,36.471,8348718005,2040,6251,44,100,0
1777924346.9552345,2026-05-04T21:52:26.955235,36.471,8348718005,2040,6251,44,100,0
1777924346.967827,2026-05-04T21:52:26.967827,36.471,8348721200,2040,6251,44,100,0
1777924346.982944,2026-05-04T21:52:26.982944,36.471,8348721200,2040,6251,44,100,0
1777924346.9953573,2026-05-04T21:52:26.995357,36.471,8348721200,2040,6251,44,100,0
1777924347.0080397,2026-05-04T21:52:27.008040,35.084,8348721200,2040,6251,44,100,0
1777924347.022766,2026-05-04T21:52:27.022766,35.084,8348721200,2040,6251,44,100,0
1777924347.0351954,2026-05-04T21:52:27.035195,35.084,8348721200,2040,6251,44,100,0
1777924347.04789,2026-05-04T21:52:27.047890,35.084,8348721200,2040,6251,44,100,0
1777924347.062756,2026-05-04T21:52:27.062756,35.084,8348724410,2040,6251,44,100,0
1777924347.076092,2026-05-04T21:52:27.076092,35.084,8348724410,2040,6251,44,100,0
1777924347.0886211,2026-05-04T21:52:27.088621,35.084,8348724410,2040,6251,44,100,0
1777924347.1027913,2026-05-04T21:52:27.102791,34.148,8348724410,2040,6251,44,100,0
1777924347.1152585,2026-05-04T21:52:27.115258,34.148,8348724410,2040,6251,44,100,0
1777924347.1278846,2026-05-04T21:52:27.127885,34.148,8348724410,2040,6251,44,100,0
1777924347.1429088,2026-05-04T21:52:27.142909,34.148,8348724410,2040,6251,44,100,0
1777924347.155373,2026-05-04T21:52:27.155373,34.148,8348724410,2040,6251,44,100,0
1777924347.168088,2026-05-04T21:52:27.168088,34.148,8348727613,2040,6251,44,100,0
1777924347.182822,2026-05-04T21:52:27.182822,34.148,8348727613,2040,6251,44,100,0
1777924347.1952512,2026-05-04T21:52:27.195251,34.148,8348727613,2040,6251,44,100,0
1777924347.2078538,2026-05-04T21:52:27.207854,33.166,8348727613,2040,6251,44,100,0
1777924347.22273,2026-05-04T21:52:27.222730,33.166,8348727613,2040,6251,44,100,0
1777924347.2351234,2026-05-04T21:52:27.235123,33.166,8348727613,2040,6251,44,100,0
1777924347.2477648,2026-05-04T21:52:27.247765,33.166,8348727613,2040,6251,44,100,0
1777924347.2626123,2026-05-04T21:52:27.262612,33.166,8348730823,2040,6251,44,100,0
1777924347.2760556,2026-05-04T21:52:27.276056,33.166,8348730823,2040,6251,44,100,0
1777924347.288692,2026-05-04T21:52:27.288692,33.166,8348730823,2040,6251,44,100,0
1777924347.3027563,2026-05-04T21:52:27.302756,32.234,8348730823,2040,6251,44,100,0
1777924347.3153412,2026-05-04T21:52:27.315341,32.234,8348730823,2040,6251,44,100,0
1777924347.327993,2026-05-04T21:52:27.327993,32.234,8348730823,2040,6251,44,100,0
1777924347.342652,2026-05-04T21:52:27.342652,32.234,8348730823,2040,6251,44,100,0
1777924347.355118,2026-05-04T21:52:27.355118,32.234,8348730823,2040,6251,44,100,0
1777924347.367887,2026-05-04T21:52:27.367887,32.234,8348734041,2040,6251,44,100,0
1777924347.3828166,2026-05-04T21:52:27.382817,32.234,8348734041,2040,6251,44,100,0
1777924347.3953009,2026-05-04T21:52:27.395301,32.234,8348734041,2040,6251,44,100,0
1777924347.4078822,2026-05-04T21:52:27.407882,32.207,8348734041,2040,6251,44,100,0
1777924347.423074,2026-05-04T21:52:27.423074,32.207,8348734041,2040,6251,44,100,0
1777924347.4354255,2026-05-04T21:52:27.435426,32.207,8348734041,2040,6251,44,100,0
1777924347.4481065,2026-05-04T21:52:27.448107,32.207,8348734041,2040,6251,44,100,0
1777924347.4625876,2026-05-04T21:52:27.462588,32.207,8348737248,2040,6251,44,100,0
1777924347.476004,2026-05-04T21:52:27.476004,32.207,8348737248,2040,6251,44,100,0
1777924347.4886453,2026-05-04T21:52:27.488645,32.207,8348737248,2040,6251,44,100,0
1777924347.502709,2026-05-04T21:52:27.502709,32.172,8348737248,2040,6251,44,100,0
1777924347.5151582,2026-05-04T21:52:27.515158,32.172,8348737248,2040,6251,44,100,0
1777924347.5278044,2026-05-04T21:52:27.527804,32.172,8348737248,2040,6251,44,100,0
1777924347.542587,2026-05-04T21:52:27.542587,32.172,8348737248,2040,6251,44,100,0
1777924347.554991,2026-05-04T21:52:27.554991,32.172,8348737248,2040,6251,44,100,0
1777924347.567577,2026-05-04T21:52:27.567577,32.172,8348740445,2040,6251,44,100,0
1777924347.5827403,2026-05-04T21:52:27.582740,32.172,8348740445,2040,6251,44,100,0
1777924347.5950975,2026-05-04T21:52:27.595098,32.172,8348740445,2040,6251,44,100,0
1777924347.6078131,2026-05-04T21:52:27.607813,32.154,8348740445,2040,6251,44,100,0
1777924347.6225727,2026-05-04T21:52:27.622573,32.154,8348740445,2040,6251,44,100,0
1777924347.6349716,2026-05-04T21:52:27.634972,32.154,8348740445,2040,6251,44,100,0
1777924347.6476085,2026-05-04T21:52:27.647609,32.154,8348740445,2040,6251,44,100,0
1777924347.6625388,2026-05-04T21:52:27.662539,32.154,8348743632,2040,6251,44,100,0
1777924347.6759238,2026-05-04T21:52:27.675924,32.154,8348743632,2040,6251,44,100,0
1777924347.6884723,2026-05-04T21:52:27.688472,32.154,8348743632,2040,6251,44,100,0
1777924347.7028391,2026-05-04T21:52:27.702839,32.145,8348743632,2040,6251,44,100,0
1777924347.715242,2026-05-04T21:52:27.715242,32.145,8348743632,2040,6251,44,100,0
1777924347.727908,2026-05-04T21:52:27.727908,32.145,8348743632,2040,6251,44,100,0
1777924347.742477,2026-05-04T21:52:27.742477,32.145,8348743632,2040,6251,44,100,0
1777924347.7548563,2026-05-04T21:52:27.754856,32.145,8348743632,2040,6251,44,100,0
1777924347.7674687,2026-05-04T21:52:27.767469,32.145,8348746814,2040,6251,44,100,0
1777924347.782758,2026-05-04T21:52:27.782758,32.145,8348746814,2040,6251,44,100,0
1777924347.795215,2026-05-04T21:52:27.795215,32.145,8348746814,2040,6251,44,100,0
1777924347.8077862,2026-05-04T21:52:27.807786,32.128,8348746814,2040,6251,44,100,0
1777924347.8226125,2026-05-04T21:52:27.822613,32.128,8348746814,2040,6251,44,100,0
1777924347.8350487,2026-05-04T21:52:27.835049,32.128,8348746814,2040,6251,44,100,0
1777924347.8477638,2026-05-04T21:52:27.847764,32.128,8348746814,2040,6251,44,100,0
1777924347.8624883,2026-05-04T21:52:27.862488,32.128,8348750008,2040,6251,44,100,0
1777924347.8759022,2026-05-04T21:52:27.875902,32.128,8348750008,2040,6251,44,100,0
1777924347.8884597,2026-05-04T21:52:27.888460,32.128,8348750008,2040,6251,44,100,0
1777924347.9026248,2026-05-04T21:52:27.902625,32.154,8348750008,2040,6251,44,100,0
1777924347.9150548,2026-05-04T21:52:27.915055,32.154,8348750008,2040,6251,44,100,0
1777924347.927782,2026-05-04T21:52:27.927782,32.154,8348750008,2040,6251,44,100,0
1777924347.9424398,2026-05-04T21:52:27.942440,32.154,8348750008,2040,6251,44,100,0
1777924347.9548242,2026-05-04T21:52:27.954824,32.154,8348750008,2040,6251,44,100,0
1777924347.967552,2026-05-04T21:52:27.967552,32.154,8348753210,2040,6251,44,100,0
1777924347.982887,2026-05-04T21:52:27.982887,32.154,8348753210,2040,6251,44,100,0
1777924347.995275,2026-05-04T21:52:27.995275,32.154,8348753210,2040,6251,44,100,0
1777924348.007687,2026-05-04T21:52:28.007687,32.145,8348753210,2040,6251,44,100,0
1777924348.0224283,2026-05-04T21:52:28.022428,32.145,8348753210,2040,6251,44,100,0
1777924348.0347028,2026-05-04T21:52:28.034703,32.145,8348753210,2040,6251,44,100,0
1777924348.047108,2026-05-04T21:52:28.047108,32.145,8348753210,2040,6251,44,100,0
1777924348.0622234,2026-05-04T21:52:28.062223,32.145,8348753210,2040,6251,44,100,0
1777924348.0745296,2026-05-04T21:52:28.074530,32.145,8348756396,2040,6251,44,100,0
1777924348.0869203,2026-05-04T21:52:28.086920,32.145,8348756396,2040,6251,44,100,0
1777924348.1024573,2026-05-04T21:52:28.102457,32.085,8348756396,2040,6251,44,100,0
1777924348.1149433,2026-05-04T21:52:28.114943,32.085,8348756396,2040,6251,44,100,0
1777924348.1276543,2026-05-04T21:52:28.127654,32.085,8348756396,2040,6251,44,100,0
1777924348.1423643,2026-05-04T21:52:28.142364,32.085,8348756396,2040,6251,44,100,0
1777924348.1547499,2026-05-04T21:52:28.154750,32.085,8348756396,2040,6251,44,100,0
1777924348.167337,2026-05-04T21:52:28.167337,32.085,8348759532,2040,6251,44,100,0
1777924348.1825142,2026-05-04T21:52:28.182514,32.085,8348759532,2040,6251,44,100,0
1777924348.1949434,2026-05-04T21:52:28.194943,32.085,8348759532,2040,6251,44,100,0
1777924348.2075038,2026-05-04T21:52:28.207504,32.041,8348759532,2040,6251,44,100,0
1777924348.2224617,2026-05-04T21:52:28.222462,32.041,8348759532,2040,6251,44,100,0
1777924348.234893,2026-05-04T21:52:28.234893,32.041,8348759532,2040,6251,44,100,0
1777924348.2474651,2026-05-04T21:52:28.247465,32.041,8348759532,2040,6251,44,100,0
1777924348.2626061,2026-05-04T21:52:28.262606,32.041,8348762661,2040,6251,44,100,0
1777924348.2756894,2026-05-04T21:52:28.275689,32.041,8348762661,2040,6251,44,100,0
1777924348.2882817,2026-05-04T21:52:28.288282,32.041,8348762661,2040,6251,44,100,0
1777924348.3024108,2026-05-04T21:52:28.302411,31.961,8348762661,2040,6251,44,100,0
1777924348.3148658,2026-05-04T21:52:28.314866,31.961,8348762661,2040,6251,44,100,0
1777924348.3274481,2026-05-04T21:52:28.327448,31.961,8348762661,2040,6251,44,100,0
1777924348.3473177,2026-05-04T21:52:28.347318,31.961,8348762661,2040,6251,44,100,0
1777924348.3665695,2026-05-04T21:52:28.366570,31.961,8348765921,2040,6251,44,100,0
1777924348.385962,2026-05-04T21:52:28.385962,31.961,8348765921,2040,6251,44,100,0
1777924348.406424,2026-05-04T21:52:28.406424,32.183,8348765921,2040,6251,44,100,0
1777924348.4254918,2026-05-04T21:52:28.425492,32.183,8348765921,2040,6251,44,100,0
1777924348.4455643,2026-05-04T21:52:28.445564,32.183,8348765921,2040,6251,44,100,0
1777924348.466992,2026-05-04T21:52:28.466992,32.183,8348769442,2040,6251,44,100,0
1777924348.4898286,2026-05-04T21:52:28.489829,32.183,8348769442,2040,6251,44,100,0
1777924348.5067856,2026-05-04T21:52:28.506786,32.46,8348769442,2040,6251,44,100,0
1777924348.5292892,2026-05-04T21:52:28.529289,32.46,8348769442,2040,6251,44,100,0
1777924348.5491273,2026-05-04T21:52:28.549127,32.46,8348769442,2040,6251,44,100,0
1777924348.5683978,2026-05-04T21:52:28.568398,32.46,8348772978,2040,6251,44,100,0
1777924348.587472,2026-05-04T21:52:28.587472,32.46,8348772978,2040,6251,44,100,0
1777924348.6057951,2026-05-04T21:52:28.605795,32.773,8348772978,2040,6251,44,100,0
1777924348.6253076,2026-05-04T21:52:28.625308,32.773,8348772978,2040,6251,44,100,0
1777924348.6457374,2026-05-04T21:52:28.645737,32.773,8348772978,2040,6251,44,100,0
1777924348.6667945,2026-05-04T21:52:28.666795,32.773,8348776512,2040,6251,44,100,0
1777924348.687886,2026-05-04T21:52:28.687886,32.773,8348776512,2040,6251,44,100,0
1777924348.7082362,2026-05-04T21:52:28.708236,33.085,8348776512,2040,6251,44,100,0
1777924348.7304244,2026-05-04T21:52:28.730424,33.085,8348776512,2040,6251,44,100,0
1777924348.7501428,2026-05-04T21:52:28.750143,33.085,8348776512,2040,6251,44,100,0
1777924348.769227,2026-05-04T21:52:28.769227,33.085,8348780053,2040,6251,44,100,0
1777924348.787749,2026-05-04T21:52:28.787749,33.085,8348780053,2040,6251,44,100,0
1777924348.807472,2026-05-04T21:52:28.807472,33.407,8348780053,2040,6251,44,100,0
1777924348.8302705,2026-05-04T21:52:28.830271,33.407,8348780053,2040,6251,44,100,0
1777924348.847514,2026-05-04T21:52:28.847514,33.407,8348780053,2040,6251,44,100,0
1777924348.8678691,2026-05-04T21:52:28.867869,33.407,8348783586,2040,6251,44,100,0
1777924348.8887937,2026-05-04T21:52:28.888794,33.407,8348783586,2040,6251,44,100,0
1777924348.9085658,2026-05-04T21:52:28.908566,33.718,8348783586,2040,6251,44,100,0
1777924348.9304364,2026-05-04T21:52:28.930436,33.718,8348783586,2040,6251,44,100,0
1777924348.949885,2026-05-04T21:52:28.949885,33.718,8348783586,2040,6251,44,100,0
1777924348.9687686,2026-05-04T21:52:28.968769,33.718,8348787122,2040,6251,44,100,0
1777924348.9881976,2026-05-04T21:52:28.988198,33.718,8348787122,2040,6251,44,100,0
1777924349.0054758,2026-05-04T21:52:29.005476,34.006,8348787122,2040,6251,44,100,0
1777924349.0304828,2026-05-04T21:52:29.030483,34.006,8348787122,2040,6251,44,100,0
1777924349.0499454,2026-05-04T21:52:29.049945,34.006,8348787122,2040,6251,44,100,0
1777924349.0695457,2026-05-04T21:52:29.069546,34.006,8348790658,2040,6251,44,100,0
1777924349.091058,2026-05-04T21:52:29.091058,34.006,8348790658,2040,6251,44,100,0
1777924349.1083696,2026-05-04T21:52:29.108370,34.299,8348790658,2040,6251,44,100,0
1777924349.1286924,2026-05-04T21:52:29.128692,34.299,8348790658,2040,6251,44,100,0
1777924349.146471,2026-05-04T21:52:29.146471,34.299,8348790658,2040,6251,44,100,0
1777924349.1661603,2026-05-04T21:52:29.166160,34.299,8348794193,2040,6251,44,100,0
1777924349.1863048,2026-05-04T21:52:29.186305,34.299,8348794193,2040,6251,44,100,0
1777924349.2042372,2026-05-04T21:52:29.204237,34.674,8348794193,2040,6251,44,100,0
1777924349.2251675,2026-05-04T21:52:29.225168,34.674,8348794193,2040,6251,44,100,0
1777924349.246796,2026-05-04T21:52:29.246796,34.674,8348794193,2040,6251,44,100,0
1777924349.2651231,2026-05-04T21:52:29.265123,34.674,8348797724,2040,6251,44,100,0
1777924349.2851043,2026-05-04T21:52:29.285104,34.674,8348797724,2040,6251,44,100,0
1777924349.3062181,2026-05-04T21:52:29.306218,34.993,8348797724,2040,6251,44,100,1
1777924349.3261123,2026-05-04T21:52:29.326112,34.993,8348797724,2040,6251,44,100,1
1777924349.3449135,2026-05-04T21:52:29.344913,34.993,8348797724,2040,6251,44,100,1
1777924349.364336,2026-05-04T21:52:29.364336,34.993,8348801264,2040,6251,44,100,1
1777924349.3861072,2026-05-04T21:52:29.386107,34.993,8348801264,2040,6251,44,100,1
1777924349.4054368,2026-05-04T21:52:29.405437,35.379,8348801264,2040,6251,44,100,1
1777924349.4304748,2026-05-04T21:52:29.430475,35.379,8348801264,2040,6251,44,100,1
1777924349.4474509,2026-05-04T21:52:29.447451,35.379,8348801264,2040,6251,44,100,1
1777924349.465265,2026-05-04T21:52:29.465265,35.379,8348804795,2040,6251,44,100,1
1777924349.4850535,2026-05-04T21:52:29.485054,35.379,8348804795,2040,6251,44,100,1
1777924349.5045671,2026-05-04T21:52:29.504567,35.413,8348804795,2040,6251,44,100,1
1777924349.5255532,2026-05-04T21:52:29.525553,35.413,8348804795,2040,6251,44,100,1
1777924349.5435266,2026-05-04T21:52:29.543527,35.413,8348804795,2040,6251,44,100,1
1777924349.5602827,2026-05-04T21:52:29.560283,35.413,8348808343,2040,6251,44,100,1
1777924349.5797517,2026-05-04T21:52:29.579752,35.413,8348808343,2040,6251,44,100,1
1777924349.5977843,2026-05-04T21:52:29.597784,35.413,8348808343,2040,6251,44,100,1
1777924349.619215,2026-05-04T21:52:29.619215,35.431,8348808343,2040,6251,44,100,1
1777924349.638364,2026-05-04T21:52:29.638364,35.431,8348808343,2040,6251,44,100,1
1777924349.6567473,2026-05-04T21:52:29.656747,35.431,8348808343,2040,6251,44,100,1
1777924349.675266,2026-05-04T21:52:29.675266,35.431,8348811867,2040,6251,44,100,1
1777924349.693968,2026-05-04T21:52:29.693968,35.431,8348811867,2040,6251,44,100,1
1777924349.7131155,2026-05-04T21:52:29.713115,35.44,8348811867,2040,6251,44,100,1
1777924349.7316937,2026-05-04T21:52:29.731694,35.44,8348811867,2040,6251,44,100,1
1777924349.7483895,2026-05-04T21:52:29.748389,35.44,8348811867,2040,6251,44,100,1
1777924349.7655485,2026-05-04T21:52:29.765548,35.44,8348815443,2040,6251,44,100,1
1777924349.785243,2026-05-04T21:52:29.785243,35.44,8348815443,2040,6251,44,100,1
1777924349.8060863,2026-05-04T21:52:29.806086,35.44,8348815443,2040,6251,44,100,1
1777924349.8273575,2026-05-04T21:52:29.827358,35.51,8348815443,2040,6251,44,100,1
1777924349.84569,2026-05-04T21:52:29.845690,35.51,8348815443,2040,6251,44,100,1
1777924349.8632054,2026-05-04T21:52:29.863205,35.51,8348818983,2040,6251,44,100,1
1777924349.885285,2026-05-04T21:52:29.885285,35.51,8348818983,2040,6251,44,100,1
1777924349.905518,2026-05-04T21:52:29.905518,35.51,8348818983,2040,6251,44,100,1
1777924349.928196,2026-05-04T21:52:29.928196,35.492,8348818983,2040,6251,44,100,0
1777924349.9462454,2026-05-04T21:52:29.946245,35.492,8348818983,2040,6251,44,100,0
1777924349.9640481,2026-05-04T21:52:29.964048,35.492,8348822512,2040,6251,44,100,0
1777924349.9852343,2026-05-04T21:52:29.985234,35.492,8348822512,2040,6251,44,100,0
1777924349.9978235,2026-05-04T21:52:29.997823,35.492,8348822512,2040,6251,44,100,0
1777924350.0170357,2026-05-04T21:52:30.017036,35.492,8348822512,2040,6251,44,100,0
1777924350.0367937,2026-05-04T21:52:30.036794,35.492,8348822512,2040,6251,44,100,0
1777924350.05431,2026-05-04T21:52:30.054310,35.492,8348822512,2040,6251,44,100,0
1777924350.0737088,2026-05-04T21:52:30.073709,35.492,8348826157,2040,6251,44,100,0
1777924350.0914006,2026-05-04T21:52:30.091401,35.492,8348826157,2040,6251,44,100,0
1777924350.1041393,2026-05-04T21:52:30.104139,35.492,8348826157,2040,6251,44,100,0
1777924350.1167042,2026-05-04T21:52:30.116704,35.501,8348826157,2040,6251,44,100,1
1777924350.1364763,2026-05-04T21:52:30.136476,35.501,8348826157,2040,6251,44,100,1
1777924350.154897,2026-05-04T21:52:30.154897,35.501,8348826157,2040,6251,44,100,1
1777924350.1676934,2026-05-04T21:52:30.167693,35.501,8348829915,2040,6251,44,100,1
1777924350.1820393,2026-05-04T21:52:30.182039,35.501,8348829915,2040,6251,44,100,1
1777924350.1946373,2026-05-04T21:52:30.194637,35.501,8348829915,2040,6251,44,100,1
1777924350.2074163,2026-05-04T21:52:30.207416,35.501,8348829915,2040,6251,44,100,1
1777924350.225254,2026-05-04T21:52:30.225254,35.874,8348829915,2040,6251,45,100,1
1777924350.2453964,2026-05-04T21:52:30.245396,35.874,8348829915,2040,6251,45,100,1
1777924350.2637055,2026-05-04T21:52:30.263705,35.874,8348833724,2040,6251,45,100,1
1777924350.288801,2026-05-04T21:52:30.288801,35.874,8348833724,2040,6251,45,100,1
1777924350.3054864,2026-05-04T21:52:30.305486,35.874,8348833724,2040,6251,45,100,1
1777924350.326138,2026-05-04T21:52:30.326138,35.874,8348833724,2040,6251,44,100,1
1777924350.3420298,2026-05-04T21:52:30.342030,35.874,8348833724,2040,6251,44,100,1
1777924350.3546145,2026-05-04T21:52:30.354614,35.874,8348833724,2040,6251,44,100,1
1777924350.3674033,2026-05-04T21:52:30.367403,35.874,8348837447,2040,6251,44,100,1
1777924350.3819978,2026-05-04T21:52:30.381998,35.874,8348837447,2040,6251,44,100,1
1777924350.3945982,2026-05-04T21:52:30.394598,35.874,8348837447,2040,6251,44,100,1
1777924350.4073796,2026-05-04T21:52:30.407380,35.874,8348837447,2040,6251,44,100,1
1777924350.421891,2026-05-04T21:52:30.421891,36.452,8348837447,2040,6251,45,100,1
1777924350.434623,2026-05-04T21:52:30.434623,36.452,8348837447,2040,6251,45,100,1
1777924350.447446,2026-05-04T21:52:30.447446,36.452,8348837447,2040,6251,45,100,1
1777924350.461755,2026-05-04T21:52:30.461755,36.452,8348841792,2040,6251,45,100,1
1777924350.4751751,2026-05-04T21:52:30.475175,36.452,8348841792,2040,6251,45,100,1
1777924350.487918,2026-05-04T21:52:30.487918,36.452,8348841792,2040,6251,45,100,1
1777924350.5022,2026-05-04T21:52:30.502200,36.452,8348841792,2040,6251,45,100,1
1777924350.514837,2026-05-04T21:52:30.514837,36.452,8348841792,2040,6251,45,100,1
1777924350.5276227,2026-05-04T21:52:30.527623,37.789,8348841792,2040,6251,45,100,5
1777924350.541666,2026-05-04T21:52:30.541666,37.789,8348841792,2040,6251,45,100,5
1777924350.5542028,2026-05-04T21:52:30.554203,37.789,8348841792,2040,6251,45,100,5
1777924350.566992,2026-05-04T21:52:30.566992,37.789,8348846248,2040,6251,45,100,5
1777924350.5819178,2026-05-04T21:52:30.581918,37.789,8348846248,2040,6251,45,100,5
1777924350.594467,2026-05-04T21:52:30.594467,37.789,8348846248,2040,6251,45,100,5
1777924350.6071908,2026-05-04T21:52:30.607191,37.789,8348846248,2040,6251,45,100,5
1777924350.6217957,2026-05-04T21:52:30.621796,38.248,8348846248,2040,6251,45,100,5
1777924350.6343248,2026-05-04T21:52:30.634325,38.248,8348846248,2040,6251,45,100,5
1777924350.6469703,2026-05-04T21:52:30.646970,38.248,8348846248,2040,6251,45,100,5
1777924350.6616106,2026-05-04T21:52:30.661611,38.248,8348850319,2040,6251,45,100,5
1777924350.6749785,2026-05-04T21:52:30.674978,38.248,8348850319,2040,6251,45,100,5
1777924350.6877496,2026-05-04T21:52:30.687750,38.248,8348850319,2040,6251,45,100,5
1777924350.7018473,2026-05-04T21:52:30.701847,38.248,8348850319,2040,6251,45,100,5
1777924350.7142825,2026-05-04T21:52:30.714283,38.248,8348850319,2040,6251,45,100,5
1777924350.7270336,2026-05-04T21:52:30.727034,38.298,8348850319,2040,6251,44,100,2
1777924350.7415178,2026-05-04T21:52:30.741518,38.298,8348850319,2040,6251,44,100,2
1777924350.753955,2026-05-04T21:52:30.753955,38.298,8348850319,2040,6251,44,100,2
1777924350.766669,2026-05-04T21:52:30.766669,38.298,8348853551,2040,6251,44,100,2
1777924350.7820015,2026-05-04T21:52:30.782001,38.298,8348853551,2040,6251,44,100,2
1777924350.794402,2026-05-04T21:52:30.794402,38.298,8348853551,2040,6251,44,100,2
1777924350.8071122,2026-05-04T21:52:30.807112,38.298,8348853551,2040,6251,44,100,2
1777924350.821717,2026-05-04T21:52:30.821717,37.729,8348853551,2040,6251,44,100,2
1777924350.8340678,2026-05-04T21:52:30.834068,37.729,8348853551,2040,6251,44,100,2
1777924350.84662,2026-05-04T21:52:30.846620,37.729,8348853551,2040,6251,44,100,2
1777924350.8614829,2026-05-04T21:52:30.861483,37.729,8348853551,2040,6251,44,100,2
1777924350.873783,2026-05-04T21:52:30.873783,37.729,8348856796,2040,6251,44,100,2
1777924350.8864076,2026-05-04T21:52:30.886408,37.729,8348856796,2040,6251,44,100,2
1777924350.9017649,2026-05-04T21:52:30.901765,37.729,8348856796,2040,6251,44,100,2
1777924350.9142423,2026-05-04T21:52:30.914242,37.729,8348856796,2040,6251,44,100,2
1777924350.9268403,2026-05-04T21:52:30.926840,37.537,8348856796,2040,6251,44,100,0
1777924350.9415755,2026-05-04T21:52:30.941576,37.537,8348856796,2040,6251,44,100,0
1777924350.954001,2026-05-04T21:52:30.954001,37.537,8348856796,2040,6251,44,100,0
1777924350.9665813,2026-05-04T21:52:30.966581,37.537,8348859949,2040,6251,44,100,0
1777924350.9817045,2026-05-04T21:52:30.981704,37.537,8348859949,2040,6251,44,100,0
1777924350.9940836,2026-05-04T21:52:30.994084,37.537,8348859949,2040,6251,44,100,0
1777924351.006718,2026-05-04T21:52:31.006718,37.537,8348859949,2040,6251,44,100,0
1777924351.0215585,2026-05-04T21:52:31.021559,37.052,8348859949,2040,6251,44,100,0
1777924351.0340202,2026-05-04T21:52:31.034020,37.052,8348859949,2040,6251,44,100,0
1777924351.0467317,2026-05-04T21:52:31.046732,37.052,8348859949,2040,6251,44,100,0
1777924351.0617871,2026-05-04T21:52:31.061787,37.052,8348863157,2040,6251,44,100,0
1777924351.0748508,2026-05-04T21:52:31.074851,37.052,8348863157,2040,6251,44,100,0
1777924351.0875385,2026-05-04T21:52:31.087538,37.052,8348863157,2040,6251,44,100,0
1777924351.1015654,2026-05-04T21:52:31.101565,37.052,8348863157,2040,6251,44,100,0
1777924351.1139789,2026-05-04T21:52:31.113979,37.052,8348863157,2040,6251,44,100,0
1777924351.1266642,2026-05-04T21:52:31.126664,36.879,8348863157,2040,6251,44,100,0
1777924351.1414034,2026-05-04T21:52:31.141403,36.879,8348863157,2040,6251,44,100,0
1777924351.1539288,2026-05-04T21:52:31.153929,36.879,8348863157,2040,6251,44,100,0
1777924351.1666071,2026-05-04T21:52:31.166607,36.879,8348866347,2040,6251,44,100,0
1777924351.1815464,2026-05-04T21:52:31.181546,36.879,8348866347,2040,6251,44,100,0
1777924351.194056,2026-05-04T21:52:31.194056,36.879,8348866347,2040,6251,44,100,0
1777924351.206731,2026-05-04T21:52:31.206731,36.879,8348866347,2040,6251,44,100,0
1777924351.2215025,2026-05-04T21:52:31.221503,36.445,8348866347,2040,6251,44,100,0
1777924351.2340024,2026-05-04T21:52:31.234002,36.445,8348866347,2040,6251,44,100,0
1777924351.2467306,2026-05-04T21:52:31.246731,36.445,8348866347,2040,6251,44,100,0
1777924351.261439,2026-05-04T21:52:31.261439,36.445,8348869548,2040,6251,44,100,0
1777924351.2747917,2026-05-04T21:52:31.274792,36.445,8348869548,2040,6251,44,100,0
1777924351.2872853,2026-05-04T21:52:31.287285,36.445,8348869548,2040,6251,44,100,0
1777924351.3014708,2026-05-04T21:52:31.301471,36.445,8348869548,2040,6251,44,100,0
1777924351.31392,2026-05-04T21:52:31.313920,36.445,8348869548,2040,6251,44,100,0
1777924351.3265457,2026-05-04T21:52:31.326546,35.822,8348869548,2040,6251,44,100,0
1777924351.3416736,2026-05-04T21:52:31.341674,35.822,8348869548,2040,6251,44,100,0
1777924351.3541467,2026-05-04T21:52:31.354147,35.822,8348869548,2040,6251,44,100,0
1777924351.366707,2026-05-04T21:52:31.366707,35.822,8348872751,2040,6251,44,100,0
1777924351.3815758,2026-05-04T21:52:31.381576,35.822,8348872751,2040,6251,44,100,0
1777924351.3940058,2026-05-04T21:52:31.394006,35.822,8348872751,2040,6251,44,100,0
1777924351.406708,2026-05-04T21:52:31.406708,35.822,8348872751,2040,6251,44,100,0
1777924351.4214544,2026-05-04T21:52:31.421454,35.483,8348872751,2040,6251,44,100,0
1777924351.434011,2026-05-04T21:52:31.434011,35.483,8348872751,2040,6251,44,100,0
1777924351.4466443,2026-05-04T21:52:31.446644,35.483,8348872751,2040,6251,44,100,0
1777924351.4613698,2026-05-04T21:52:31.461370,35.483,8348875974,2040,6251,44,100,0
1777924351.474765,2026-05-04T21:52:31.474765,35.483,8348875974,2040,6251,44,100,0
1777924351.4875333,2026-05-04T21:52:31.487533,35.483,8348875974,2040,6251,44,100,0
1777924351.501488,2026-05-04T21:52:31.501488,35.483,8348875974,2040,6251,44,100,0
1777924351.5139592,2026-05-04T21:52:31.513959,35.483,8348875974,2040,6251,44,100,0
1777924351.5265706,2026-05-04T21:52:31.526571,34.598,8348875974,2040,6251,44,100,0
1777924351.5413575,2026-05-04T21:52:31.541358,34.598,8348875974,2040,6251,44,100,0
1777924351.553779,2026-05-04T21:52:31.553779,34.598,8348875974,2040,6251,44,100,0
1777924351.5664804,2026-05-04T21:52:31.566480,34.598,8348879168,2040,6251,44,100,0
1777924351.5815358,2026-05-04T21:52:31.581536,34.598,8348879168,2040,6251,44,100,0
1777924351.5939796,2026-05-04T21:52:31.593980,34.598,8348879168,2040,6251,44,100,0
1777924351.606699,2026-05-04T21:52:31.606699,34.598,8348879168,2040,6251,44,100,0
1777924351.6216366,2026-05-04T21:52:31.621637,33.174,8348879168,2040,6251,44,100,0
1777924351.6341965,2026-05-04T21:52:31.634197,33.174,8348879168,2040,6251,44,100,0
1777924351.64692,2026-05-04T21:52:31.646920,33.174,8348879168,2040,6251,44,100,0
1777924351.661306,2026-05-04T21:52:31.661306,33.174,8348882382,2040,6251,44,100,0
1777924351.674723,2026-05-04T21:52:31.674723,33.174,8348882382,2040,6251,44,100,0
1777924351.687573,2026-05-04T21:52:31.687573,33.174,8348882382,2040,6251,44,100,0
1777924351.701389,2026-05-04T21:52:31.701389,33.174,8348882382,2040,6251,44,100,0
1777924351.7137127,2026-05-04T21:52:31.713713,33.174,8348882382,2040,6251,44,100,0
1777924351.726409,2026-05-04T21:52:31.726409,32.207,8348882382,2040,6251,44,100,0
1777924351.741322,2026-05-04T21:52:31.741322,32.207,8348882382,2040,6251,44,100,0
1777924351.7537558,2026-05-04T21:52:31.753756,32.207,8348882382,2040,6251,44,100,0
1777924351.7663016,2026-05-04T21:52:31.766302,32.207,8348885581,2040,6251,44,100,0
1777924351.7814448,2026-05-04T21:52:31.781445,32.207,8348885581,2040,6251,44,100,0
1777924351.7938206,2026-05-04T21:52:31.793821,32.207,8348885581,2040,6251,44,100,0
1777924351.8064024,2026-05-04T21:52:31.806402,32.207,8348885581,2040,6251,44,100,0
1777924351.821362,2026-05-04T21:52:31.821362,32.059,8348885581,2040,6251,44,100,0
1777924351.8340888,2026-05-04T21:52:31.834089,32.059,8348885581,2040,6251,44,100,0
1777924351.8467267,2026-05-04T21:52:31.846727,32.059,8348885581,2040,6251,44,100,0
1777924351.8612328,2026-05-04T21:52:31.861233,32.059,8348888745,2040,6251,44,100,0
1777924351.874687,2026-05-04T21:52:31.874687,32.059,8348888745,2040,6251,44,100,0
1777924351.8874116,2026-05-04T21:52:31.887412,32.059,8348888745,2040,6251,44,100,0
1777924351.9015765,2026-05-04T21:52:31.901577,32.059,8348888745,2040,6251,44,100,0
1777924351.9139953,2026-05-04T21:52:31.913995,32.059,8348888745,2040,6251,44,100,0
1777924351.926807,2026-05-04T21:52:31.926807,32.075,8348888745,2040,6251,44,100,0
1777924351.9411526,2026-05-04T21:52:31.941153,32.075,8348888745,2040,6251,44,100,0
1777924351.9535797,2026-05-04T21:52:31.953580,32.075,8348888745,2040,6251,44,100,0
1777924351.9662495,2026-05-04T21:52:31.966249,32.075,8348891951,2040,6251,44,100,0
1777924351.9814477,2026-05-04T21:52:31.981448,32.075,8348891951,2040,6251,44,100,0
1777924351.9938354,2026-05-04T21:52:31.993835,32.075,8348891951,2040,6251,44,100,0
1777924352.0065026,2026-05-04T21:52:32.006503,32.075,8348891951,2040,6251,44,100,0
1777924352.0212586,2026-05-04T21:52:32.021259,32.093,8348891951,2040,6251,44,100,0
1777924352.0336576,2026-05-04T21:52:32.033658,32.093,8348891951,2040,6251,44,100,0
1777924352.046226,2026-05-04T21:52:32.046226,32.093,8348891951,2040,6251,44,100,0
1777924352.0610921,2026-05-04T21:52:32.061092,32.093,8348895127,2040,6251,44,100,0
1777924352.0745556,2026-05-04T21:52:32.074556,32.093,8348895127,2040,6251,44,100,0
1777924352.087103,2026-05-04T21:52:32.087103,32.093,8348895127,2040,6251,44,100,0
1777924352.1011305,2026-05-04T21:52:32.101130,32.093,8348895127,2040,6251,44,100,0
1777924352.1136975,2026-05-04T21:52:32.113698,32.093,8348895127,2040,6251,44,100,0
1777924352.1263678,2026-05-04T21:52:32.126368,32.048,8348895127,2040,6251,44,100,0
1777924352.1410723,2026-05-04T21:52:32.141072,32.048,8348895127,2040,6251,44,100,0
1777924352.1535866,2026-05-04T21:52:32.153587,32.048,8348895127,2040,6251,44,100,0
1777924352.166095,2026-05-04T21:52:32.166095,32.048,8348898323,2040,6251,44,100,0
1777924352.1814964,2026-05-04T21:52:32.181496,32.048,8348898323,2040,6251,44,100,0
1777924352.1938524,2026-05-04T21:52:32.193852,32.048,8348898323,2040,6251,44,100,0
1777924352.2062347,2026-05-04T21:52:32.206235,32.048,8348898323,2040,6251,44,100,0
1777924352.22106,2026-05-04T21:52:32.221060,32.031,8348898323,2040,6251,44,100,0
1777924352.2333624,2026-05-04T21:52:32.233362,32.031,8348898323,2040,6251,44,100,0
1777924352.24572,2026-05-04T21:52:32.245720,32.031,8348898323,2040,6251,44,100,0
1777924352.260926,2026-05-04T21:52:32.260926,32.031,8348898323,2040,6251,44,100,0
1777924352.2731912,2026-05-04T21:52:32.273191,32.031,8348901496,2040,6251,44,100,0
1777924352.2855892,2026-05-04T21:52:32.285589,32.031,8348901496,2040,6251,44,100,0
1777924352.3010607,2026-05-04T21:52:32.301061,32.031,8348901496,2040,6251,44,100,0
1777924352.3133044,2026-05-04T21:52:32.313304,32.031,8348901496,2040,6251,44,100,0
1777924352.325714,2026-05-04T21:52:32.325714,31.96,8348901496,2040,6251,44,100,0
1777924352.3408933,2026-05-04T21:52:32.340893,31.96,8348901496,2040,6251,44,100,0
1777924352.3531654,2026-05-04T21:52:32.353165,31.96,8348901496,2040,6251,44,100,0
1777924352.3737612,2026-05-04T21:52:32.373761,31.96,8348904622,2040,6251,44,100,0
1777924352.3949735,2026-05-04T21:52:32.394974,31.96,8348904622,2040,6251,44,100,0
1777924352.4160066,2026-05-04T21:52:32.416007,31.96,8348904622,2040,6251,44,100,0
1777924352.4375744,2026-05-04T21:52:32.437574,32.141,8348904622,2040,6251,44,100,0
1777924352.4569302,2026-05-04T21:52:32.456930,32.141,8348904622,2040,6251,44,100,0
1777924352.475866,2026-05-04T21:52:32.475866,32.141,8348908169,2040,6251,44,100,0
1777924352.4954967,2026-05-04T21:52:32.495497,32.141,8348908169,2040,6251,44,100,0
1777924352.5175896,2026-05-04T21:52:32.517590,32.141,8348908169,2040,6251,44,100,0
1777924352.5370376,2026-05-04T21:52:32.537038,32.445,8348908169,2040,6251,44,100,0
1777924352.5589683,2026-05-04T21:52:32.558968,32.445,8348911681,2040,6251,44,100,0
1777924352.5787258,2026-05-04T21:52:32.578726,32.445,8348911681,2040,6251,44,100,0
1777924352.59831,2026-05-04T21:52:32.598310,32.445,8348911681,2040,6251,44,100,0
1777924352.61698,2026-05-04T21:52:32.616980,32.445,8348911681,2040,6251,44,100,0
1777924352.6357272,2026-05-04T21:52:32.635727,32.749,8348911681,2040,6251,44,100,0
1777924352.6545177,2026-05-04T21:52:32.654518,32.749,8348911681,2040,6251,44,100,0
1777924352.672542,2026-05-04T21:52:32.672542,32.749,8348915208,2040,6251,44,100,0
1777924352.6908214,2026-05-04T21:52:32.690821,32.749,8348915208,2040,6251,44,100,0
1777924352.71212,2026-05-04T21:52:32.712120,32.749,8348915208,2040,6251,44,100,0
1777924352.7326307,2026-05-04T21:52:32.732631,33.052,8348915208,2040,6251,44,100,1
1777924352.756132,2026-05-04T21:52:32.756132,33.052,8348915208,2040,6251,44,100,1
1777924352.7754579,2026-05-04T21:52:32.775458,33.052,8348918753,2040,6251,44,100,1
1777924352.795761,2026-05-04T21:52:32.795761,33.052,8348918753,2040,6251,44,100,1
1777924352.813912,2026-05-04T21:52:32.813912,33.052,8348918753,2040,6251,44,100,1
1777924352.8338914,2026-05-04T21:52:32.833891,33.347,8348918753,2040,6251,44,100,1
1777924352.857419,2026-05-04T21:52:32.857419,33.347,8348922288,2040,6251,44,100,1
1777924352.8780274,2026-05-04T21:52:32.878027,33.347,8348922288,2040,6251,44,100,1
1777924352.8959875,2026-05-04T21:52:32.895988,33.347,8348922288,2040,6251,44,100,1
1777924352.9145489,2026-05-04T21:52:32.914549,33.347,8348922288,2040,6251,44,100,1
1777924352.9325063,2026-05-04T21:52:32.932506,33.841,8348922288,2040,6251,44,100,1
1777924352.9526365,2026-05-04T21:52:32.952636,33.841,8348922288,2040,6251,44,100,1
1777924352.9705842,2026-05-04T21:52:32.970584,33.841,8348925814,2040,6251,44,100,1
1777924352.989498,2026-05-04T21:52:32.989498,33.841,8348925814,2040,6251,44,100,1
1777924353.0089173,2026-05-04T21:52:33.008917,33.841,8348925814,2040,6251,44,100,1
1777924353.0285938,2026-05-04T21:52:33.028594,33.841,8348925814,2040,6251,44,100,1
1777924353.04649,2026-05-04T21:52:33.046490,33.989,8348925814,2040,6251,44,100,1
1777924353.0661242,2026-05-04T21:52:33.066124,33.989,8348929361,2040,6251,44,100,1
1777924353.089064,2026-05-04T21:52:33.089064,33.989,8348929361,2040,6251,44,100,1
1777924353.1070375,2026-05-04T21:52:33.107038,33.989,8348929361,2040,6251,44,100,1
1777924353.1258757,2026-05-04T21:52:33.125876,33.989,8348929361,2040,6251,44,100,1
1777924353.1467898,2026-05-04T21:52:33.146790,34.3,8348929361,2040,6251,44,100,0
1777924353.1662633,2026-05-04T21:52:33.166263,34.3,8348932898,2040,6251,44,100,0
1777924353.184945,2026-05-04T21:52:33.184945,34.3,8348932898,2040,6251,44,100,0
1777924353.2066963,2026-05-04T21:52:33.206696,34.3,8348932898,2040,6251,44,100,0
1777924353.2241433,2026-05-04T21:52:33.224143,34.3,8348932898,2040,6251,44,100,0
1777924353.2441494,2026-05-04T21:52:33.244149,34.64,8348932898,2040,6251,44,100,0
1777924353.2638843,2026-05-04T21:52:33.263884,34.64,8348936434,2040,6251,44,100,0
1777924353.28825,2026-05-04T21:52:33.288250,34.64,8348936434,2040,6251,44,100,0
1777924353.3067708,2026-05-04T21:52:33.306771,34.64,8348936434,2040,6251,44,100,0
1777924353.3267937,2026-05-04T21:52:33.326794,34.64,8348936434,2040,6251,44,100,0
1777924353.3453097,2026-05-04T21:52:33.345310,34.959,8348936434,2040,6251,44,100,0
1777924353.369653,2026-05-04T21:52:33.369653,34.959,8348939972,2040,6251,44,100,0
1777924353.3899748,2026-05-04T21:52:33.389975,34.959,8348939972,2040,6251,44,100,0
1777924353.4091039,2026-05-04T21:52:33.409104,34.959,8348939972,2040,6251,44,100,0
1777924353.429519,2026-05-04T21:52:33.429519,34.959,8348939972,2040,6251,44,100,0
1777924353.4468803,2026-05-04T21:52:33.446880,35.335,8348939972,2040,6251,44,100,0
1777924353.4722497,2026-05-04T21:52:33.472250,35.335,8348943510,2040,6251,44,100,0
1777924353.4911451,2026-05-04T21:52:33.491145,35.335,8348943510,2040,6251,44,100,0
1777924353.5101047,2026-05-04T21:52:33.510105,35.335,8348943510,2040,6251,44,100,0
1777924353.531605,2026-05-04T21:52:33.531605,35.335,8348943510,2040,6251,44,100,0
1777924353.551579,2026-05-04T21:52:33.551579,35.438,8348943510,2040,6251,44,100,0
1777924353.5703611,2026-05-04T21:52:33.570361,35.438,8348947052,2040,6251,44,100,0
1777924353.593332,2026-05-04T21:52:33.593332,35.438,8348947052,2040,6251,44,100,0
1777924353.6112182,2026-05-04T21:52:33.611218,35.438,8348947052,2040,6251,44,100,0
1777924353.6306922,2026-05-04T21:52:33.630692,35.438,8348947052,2040,6251,44,100,0
1777924353.647503,2026-05-04T21:52:33.647503,35.447,8348947052,2040,6251,44,100,0
1777924353.673695,2026-05-04T21:52:33.673695,35.447,8348950597,2040,6251,44,100,0
1777924353.6919038,2026-05-04T21:52:33.691904,35.447,8348950597,2040,6251,44,100,0
1777924353.7046463,2026-05-04T21:52:33.704646,35.447,8348950597,2040,6251,44,100,0
1777924353.721062,2026-05-04T21:52:33.721062,35.447,8348950597,2040,6251,44,100,0
1777924353.7336648,2026-05-04T21:52:33.733665,35.447,8348950597,2040,6251,44,100,0
1777924353.746439,2026-05-04T21:52:33.746439,35.455,8348950597,2040,6251,45,100,1
1777924353.7607367,2026-05-04T21:52:33.760737,35.455,8348954586,2040,6251,45,100,1
1777924353.774191,2026-05-04T21:52:33.774191,35.455,8348954586,2040,6251,45,100,1
1777924353.7871916,2026-05-04T21:52:33.787192,35.455,8348954586,2040,6251,45,100,1
1777924353.8008096,2026-05-04T21:52:33.800810,35.455,8348954586,2040,6251,45,100,1
1777924353.8133917,2026-05-04T21:52:33.813392,35.455,8348954586,2040,6251,45,100,1
1777924353.8261936,2026-05-04T21:52:33.826194,35.455,8348954586,2040,6251,45,100,1
1777924353.8406847,2026-05-04T21:52:33.840685,35.455,8348954586,2040,6251,45,100,1
1777924353.8532543,2026-05-04T21:52:33.853254,36.064,8348954586,2040,6251,45,100,1
1777924353.866071,2026-05-04T21:52:33.866071,36.064,8348958751,2040,6251,45,100,1
1777924353.8812473,2026-05-04T21:52:33.881247,36.064,8348958751,2040,6251,45,100,1
1777924353.9039495,2026-05-04T21:52:33.903949,36.064,8348958751,2040,6251,45,100,1
1777924353.9252532,2026-05-04T21:52:33.925253,36.064,8348958751,2040,6251,45,100,1
1777924353.9405596,2026-05-04T21:52:33.940560,36.064,8348958751,2040,6251,45,100,1
1777924353.9530401,2026-05-04T21:52:33.953040,36.585,8348958751,2040,6251,45,100,3
1777924353.9657643,2026-05-04T21:52:33.965764,36.585,8348962816,2040,6251,45,100,3
1777924353.9809139,2026-05-04T21:52:33.980914,36.585,8348962816,2040,6251,45,100,3
1777924353.9933965,2026-05-04T21:52:33.993397,36.585,8348962816,2040,6251,45,100,3
1777924354.0061066,2026-05-04T21:52:34.006107,36.585,8348962816,2040,6251,45,100,3
1777924354.029157,2026-05-04T21:52:34.029157,36.585,8348962816,2040,6251,45,100,3
1777924354.0419126,2026-05-04T21:52:34.041913,36.585,8348962816,2040,6251,45,100,3
1777924354.054444,2026-05-04T21:52:34.054444,37.64,8348962816,2040,6251,45,100,3
1777924354.0676422,2026-05-04T21:52:34.067642,37.64,8348967107,2040,6251,45,100,3
1777924354.081139,2026-05-04T21:52:34.081139,37.64,8348967107,2040,6251,45,100,3
1777924354.093612,2026-05-04T21:52:34.093612,37.64,8348967107,2040,6251,45,100,3
1777924354.1062515,2026-05-04T21:52:34.106251,37.64,8348967107,2040,6251,45,100,3
1777924354.1206627,2026-05-04T21:52:34.120663,37.64,8348967107,2040,6251,45,100,3
1777924354.1330643,2026-05-04T21:52:34.133064,37.64,8348967107,2040,6251,45,100,3
1777924354.1457598,2026-05-04T21:52:34.145760,38.704,8348967107,2040,6251,45,100,4
1777924354.1605399,2026-05-04T21:52:34.160540,38.704,8348970863,2040,6251,45,100,4
1777924354.1739054,2026-05-04T21:52:34.173905,38.704,8348970863,2040,6251,45,100,4
1777924354.1866052,2026-05-04T21:52:34.186605,38.704,8348970863,2040,6251,45,100,4
1777924354.2006693,2026-05-04T21:52:34.200669,38.704,8348970863,2040,6251,45,100,4
1777924354.2130437,2026-05-04T21:52:34.213044,38.704,8348970863,2040,6251,45,100,4
1777924354.2257288,2026-05-04T21:52:34.225729,38.704,8348970863,2040,6251,45,100,4
1777924354.2405465,2026-05-04T21:52:34.240546,38.704,8348970863,2040,6251,45,100,4
1777924354.2529454,2026-05-04T21:52:34.252945,38.706,8348970863,2040,6251,44,100,4
1777924354.2657425,2026-05-04T21:52:34.265743,38.706,8348974067,2040,6251,44,100,4
1777924354.2812777,2026-05-04T21:52:34.281278,38.706,8348974067,2040,6251,44,100,4
1777924354.2936392,2026-05-04T21:52:34.293639,38.706,8348974067,2040,6251,44,100,4
1777924354.3061748,2026-05-04T21:52:34.306175,38.706,8348974067,2040,6251,44,100,4
1777924354.320494,2026-05-04T21:52:34.320494,38.706,8348974067,2040,6251,44,100,4
1777924354.3327847,2026-05-04T21:52:34.332785,38.706,8348974067,2040,6251,44,100,4
1777924354.345409,2026-05-04T21:52:34.345409,38.09,8348974067,2040,6251,44,100,0
1777924354.3603625,2026-05-04T21:52:34.360363,38.09,8348974067,2040,6251,44,100,0
1777924354.3726335,2026-05-04T21:52:34.372633,38.09,8348977279,2040,6251,44,100,0
1777924354.385392,2026-05-04T21:52:34.385392,38.09,8348977279,2040,6251,44,100,0
1777924354.4005723,2026-05-04T21:52:34.400572,38.09,8348977279,2040,6251,44,100,0
1777924354.4129438,2026-05-04T21:52:34.412944,38.09,8348977279,2040,6251,44,100,0
1777924354.425652,2026-05-04T21:52:34.425652,38.09,8348977279,2040,6251,44,100,0
1777924354.4404464,2026-05-04T21:52:34.440446,38.09,8348977279,2040,6251,44,100,0
1777924354.4528942,2026-05-04T21:52:34.452894,37.991,8348977279,2040,6251,44,100,0
1777924354.4657168,2026-05-04T21:52:34.465717,37.991,8348980434,2040,6251,44,100,0
1777924354.481003,2026-05-04T21:52:34.481003,37.991,8348980434,2040,6251,44,100,0
1777924354.4933817,2026-05-04T21:52:34.493382,37.991,8348980434,2040,6251,44,100,0
1777924354.506098,2026-05-04T21:52:34.506098,37.991,8348980434,2040,6251,44,100,0
1777924354.5205214,2026-05-04T21:52:34.520521,37.991,8348980434,2040,6251,44,100,0
1777924354.5329082,2026-05-04T21:52:34.532908,37.991,8348980434,2040,6251,44,100,0
1777924354.5456326,2026-05-04T21:52:34.545633,37.447,8348980434,2040,6251,44,100,0
1777924354.5607092,2026-05-04T21:52:34.560709,37.447,8348983634,2040,6251,44,100,0
1777924354.5738127,2026-05-04T21:52:34.573813,37.447,8348983634,2040,6251,44,100,0
1777924354.5864553,2026-05-04T21:52:34.586455,37.447,8348983634,2040,6251,44,100,0
1777924354.6004639,2026-05-04T21:52:34.600464,37.447,8348983634,2040,6251,44,100,0
1777924354.6128135,2026-05-04T21:52:34.612813,37.447,8348983634,2040,6251,44,100,0
1777924354.6254866,2026-05-04T21:52:34.625487,37.447,8348983634,2040,6251,44,100,0
1777924354.640329,2026-05-04T21:52:34.640329,37.447,8348983634,2040,6251,44,100,0
1777924354.652743,2026-05-04T21:52:34.652743,37.332,8348983634,2040,6251,44,100,0
1777924354.6655731,2026-05-04T21:52:34.665573,37.332,8348986833,2040,6251,44,100,0
1777924354.6809368,2026-05-04T21:52:34.680937,37.332,8348986833,2040,6251,44,100,0
1777924354.6932802,2026-05-04T21:52:34.693280,37.332,8348986833,2040,6251,44,100,0
1777924354.7059083,2026-05-04T21:52:34.705908,37.332,8348986833,2040,6251,44,100,0
1777924354.7203379,2026-05-04T21:52:34.720338,37.332,8348986833,2040,6251,44,100,0
1777924354.732706,2026-05-04T21:52:34.732706,37.332,8348986833,2040,6251,44,100,0
1777924354.7454891,2026-05-04T21:52:34.745489,36.864,8348986833,2040,6251,44,100,0
1777924354.7603333,2026-05-04T21:52:34.760333,36.864,8348990026,2040,6251,44,100,0
1777924354.773766,2026-05-04T21:52:34.773766,36.864,8348990026,2040,6251,44,100,0
1777924354.7864444,2026-05-04T21:52:34.786444,36.864,8348990026,2040,6251,44,100,0
1777924354.8005693,2026-05-04T21:52:34.800569,36.864,8348990026,2040,6251,44,100,0
1777924354.8129902,2026-05-04T21:52:34.812990,36.864,8348990026,2040,6251,44,100,0
1777924354.8257282,2026-05-04T21:52:34.825728,36.864,8348990026,2040,6251,44,100,0
1777924354.8405156,2026-05-04T21:52:34.840516,36.864,8348990026,2040,6251,44,100,0
1777924354.8529642,2026-05-04T21:52:34.852964,36.538,8348990026,2040,6251,44,100,0
1777924354.865786,2026-05-04T21:52:34.865786,36.538,8348993230,2040,6251,44,100,0
1777924354.8808072,2026-05-04T21:52:34.880807,36.538,8348993230,2040,6251,44,100,0
1777924354.8932037,2026-05-04T21:52:34.893204,36.538,8348993230,2040,6251,44,100,0
1777924354.9058924,2026-05-04T21:52:34.905892,36.538,8348993230,2040,6251,44,100,0
1777924354.92036,2026-05-04T21:52:34.920360,36.538,8348993230,2040,6251,44,100,0
1777924354.9327958,2026-05-04T21:52:34.932796,36.538,8348993230,2040,6251,44,100,0
1777924354.9455545,2026-05-04T21:52:34.945554,35.699,8348993230,2040,6251,44,100,0
1777924354.9602544,2026-05-04T21:52:34.960254,35.699,8348996425,2040,6251,44,100,0
1777924354.9736242,2026-05-04T21:52:34.973624,35.699,8348996425,2040,6251,44,100,0
1777924354.9863021,2026-05-04T21:52:34.986302,35.699,8348996425,2040,6251,44,100,0
1777924355.0005896,2026-05-04T21:52:35.000590,35.699,8348996425,2040,6251,44,100,0
1777924355.013039,2026-05-04T21:52:35.013039,35.699,8348996425,2040,6251,44,100,0
1777924355.025578,2026-05-04T21:52:35.025578,35.699,8348996425,2040,6251,44,100,0
1777924355.0402422,2026-05-04T21:52:35.040242,35.699,8348996425,2040,6251,44,100,0
1777924355.0526638,2026-05-04T21:52:35.052664,33.577,8348996425,2040,6251,44,100,0
1777924355.0654387,2026-05-04T21:52:35.065439,33.577,8348999635,2040,6251,44,100,0
1777924355.080836,2026-05-04T21:52:35.080836,33.577,8348999635,2040,6251,44,100,0
1777924355.0933204,2026-05-04T21:52:35.093320,33.577,8348999635,2040,6251,44,100,0
1777924355.1060536,2026-05-04T21:52:35.106054,33.577,8348999635,2040,6251,44,100,0
1777924355.1205318,2026-05-04T21:52:35.120532,33.577,8348999635,2040,6251,44,100,0
1777924355.1327953,2026-05-04T21:52:35.132795,33.577,8348999635,2040,6251,44,100,0
1777924355.145193,2026-05-04T21:52:35.145193,33.44,8348999635,2040,6251,44,100,0
1777924355.1600583,2026-05-04T21:52:35.160058,33.44,8348999635,2040,6251,44,100,0
1777924355.1723049,2026-05-04T21:52:35.172305,33.44,8349002835,2040,6251,44,100,0
1777924355.1846564,2026-05-04T21:52:35.184656,33.44,8349002835,2040,6251,44,100,0
1777924355.2001305,2026-05-04T21:52:35.200130,33.44,8349002835,2040,6251,44,100,0
1777924355.2123427,2026-05-04T21:52:35.212343,33.44,8349002835,2040,6251,44,100,0
1777924355.2247357,2026-05-04T21:52:35.224736,33.44,8349002835,2040,6251,44,100,0
1777924355.2399669,2026-05-04T21:52:35.239967,33.44,8349002835,2040,6251,44,100,0
1777924355.252268,2026-05-04T21:52:35.252268,31.992,8349002835,2040,6251,44,100,0
1777924355.264729,2026-05-04T21:52:35.264729,31.992,8349005909,2040,6251,44,100,0
1777924355.2828429,2026-05-04T21:52:35.282843,31.992,8349005909,2040,6251,44,100,0
1777924355.2952318,2026-05-04T21:52:35.295232,31.992,8349005909,2040,6251,44,100,0
1777924355.3078406,2026-05-04T21:52:35.307841,31.992,8349005909,2040,6251,44,100,0
1777924355.3204432,2026-05-04T21:52:35.320443,31.992,8349005909,2040,6251,44,100,0
1777924355.3329484,2026-05-04T21:52:35.332948,31.992,8349005909,2040,6251,44,100,0
1777924355.3455276,2026-05-04T21:52:35.345528,31.897,8349005909,2040,6251,44,100,0
1777924355.3601918,2026-05-04T21:52:35.360192,31.897,8349009081,2040,6251,44,100,0
1777924355.3735132,2026-05-04T21:52:35.373513,31.897,8349009081,2040,6251,44,100,0
1777924355.3859904,2026-05-04T21:52:35.385990,31.897,8349009081,2040,6251,44,100,0
1777924355.400566,2026-05-04T21:52:35.400566,31.897,8349009081,2040,6251,44,100,0
1777924355.4132113,2026-05-04T21:52:35.413211,31.897,8349009081,2040,6251,44,100,0
1777924355.4257767,2026-05-04T21:52:35.425777,31.897,8349009081,2040,6251,44,100,0
1777924355.4401197,2026-05-04T21:52:35.440120,31.897,8349009081,2040,6251,44,100,0
1777924355.4525046,2026-05-04T21:52:35.452505,31.897,8349009081,2040,6251,44,100,0
1777924355.4651525,2026-05-04T21:52:35.465153,31.897,8349012234,2040,6251,44,100,0
1777924355.4898243,2026-05-04T21:52:35.489824,31.897,8349012234,2040,6251,44,100,0
1777924355.5100327,2026-05-04T21:52:35.510033,31.897,8349012234,2040,6251,44,100,0
1777924355.5315807,2026-05-04T21:52:35.531581,31.897,8349012234,2040,6251,44,100,0
1777924355.552873,2026-05-04T21:52:35.552873,31.836,8349015729,2040,6251,44,100,0
1777924355.577194,2026-05-04T21:52:35.577194,31.836,8349015729,2040,6251,44,100,0
1777924355.5999167,2026-05-04T21:52:35.599917,31.836,8349015729,2040,6251,44,100,0
1777924355.6263678,2026-05-04T21:52:35.626368,31.836,8349015729,2040,6251,44,100,0
1777924355.6451983,2026-05-04T21:52:35.645198,31.836,8349015729,2040,6251,44,100,0
1777924355.6624558,2026-05-04T21:52:35.662456,32.182,8349019248,2040,6251,44,100,0
1777924355.6864133,2026-05-04T21:52:35.686413,32.182,8349019248,2040,6251,44,100,0
1777924355.708908,2026-05-04T21:52:35.708908,32.182,8349019248,2040,6251,44,100,0
1777924355.727233,2026-05-04T21:52:35.727233,32.182,8349019248,2040,6251,44,100,0
1777924355.7456272,2026-05-04T21:52:35.745627,32.182,8349019248,2040,6251,44,100,0
1777924355.7682247,2026-05-04T21:52:35.768225,32.478,8349022794,2040,6251,44,100,0
1777924355.7925603,2026-05-04T21:52:35.792560,32.478,8349022794,2040,6251,44,100,0
1777924355.8158882,2026-05-04T21:52:35.815888,32.478,8349022794,2040,6251,44,100,0
1777924355.840425,2026-05-04T21:52:35.840425,32.478,8349022794,2040,6251,44,100,0
1777924355.867435,2026-05-04T21:52:35.867435,32.792,8349026332,2040,6251,44,100,0
1777924355.8930964,2026-05-04T21:52:35.893096,32.792,8349026332,2040,6251,44,100,0
1777924355.9158788,2026-05-04T21:52:35.915879,32.792,8349026332,2040,6251,44,100,0
1777924355.9406292,2026-05-04T21:52:35.940629,32.792,8349026332,2040,6251,44,100,0
1777924355.9662523,2026-05-04T21:52:35.966252,33.114,8349029864,2040,6251,44,100,1
1777924355.9944003,2026-05-04T21:52:35.994400,33.114,8349029864,2040,6251,44,100,1
1777924356.0175319,2026-05-04T21:52:36.017532,33.114,8349029864,2040,6251,44,100,1
1777924356.0368137,2026-05-04T21:52:36.036814,33.114,8349029864,2040,6251,44,100,1
1777924356.0520172,2026-05-04T21:52:36.052017,33.114,8349029864,2040,6251,44,100,1
1777924356.0787868,2026-05-04T21:52:36.078787,33.852,8349033463,2040,6251,44,100,1
1777924356.1079547,2026-05-04T21:52:36.107955,33.852,8349033463,2040,6251,44,100,1
1777924356.1281729,2026-05-04T21:52:36.128173,33.852,8349033463,2040,6251,44,100,1
1777924356.150635,2026-05-04T21:52:36.150635,33.852,8349033463,2040,6251,44,100,1
1777924356.1696765,2026-05-04T21:52:36.169677,33.852,8349036977,2040,6251,44,100,1
1777924356.1919549,2026-05-04T21:52:36.191955,34.145,8349036977,2040,6251,44,100,0
1777924356.2120614,2026-05-04T21:52:36.212061,34.145,8349036977,2040,6251,44,100,0
1777924356.230437,2026-05-04T21:52:36.230437,34.145,8349036977,2040,6251,44,100,0
1777924356.2488866,2026-05-04T21:52:36.248887,34.145,8349036977,2040,6251,44,100,0
1777924356.2693126,2026-05-04T21:52:36.269313,34.145,8349040518,2040,6251,44,100,0
1777924356.286479,2026-05-04T21:52:36.286479,34.528,8349040518,2040,6251,44,100,0
1777924356.3080928,2026-05-04T21:52:36.308093,34.528,8349040518,2040,6251,44,100,0
1777924356.3270032,2026-05-04T21:52:36.327003,34.528,8349040518,2040,6251,44,100,0
1777924356.3399637,2026-05-04T21:52:36.339964,34.528,8349040518,2040,6251,44,100,0
1777924356.3578281,2026-05-04T21:52:36.357828,34.528,8349044129,2040,6251,44,100,0
1777924356.378048,2026-05-04T21:52:36.378048,35.253,8349044129,2040,6251,44,100,1
1777924356.3961346,2026-05-04T21:52:36.396135,35.253,8349044129,2040,6251,44,100,1
1777924356.4165099,2026-05-04T21:52:36.416510,35.253,8349044129,2040,6251,44,100,1
1777924356.4379292,2026-05-04T21:52:36.437929,35.253,8349044129,2040,6251,44,100,1
1777924356.4583292,2026-05-04T21:52:36.458329,35.253,8349047668,2040,6251,44,100,1
1777924356.479742,2026-05-04T21:52:36.479742,35.275,8349047668,2040,6251,44,100,1
1777924356.5043886,2026-05-04T21:52:36.504389,35.275,8349047668,2040,6251,44,100,1
1777924356.5230021,2026-05-04T21:52:36.523002,35.275,8349047668,2040,6251,44,100,1
1777924356.544166,2026-05-04T21:52:36.544166,35.275,8349047668,2040,6251,44,100,1
1777924356.563537,2026-05-04T21:52:36.563537,35.275,8349051231,2040,6251,44,100,1
1777924356.580097,2026-05-04T21:52:36.580097,35.913,8349051231,2040,6251,44,100,1
1777924356.5927048,2026-05-04T21:52:36.592705,35.913,8349051231,2040,6251,44,100,1
1777924356.6054485,2026-05-04T21:52:36.605448,35.913,8349051231,2040,6251,44,100,1
1777924356.6199944,2026-05-04T21:52:36.619994,35.913,8349051231,2040,6251,44,100,1
1777924356.6325943,2026-05-04T21:52:36.632594,35.913,8349051231,2040,6251,44,100,1
1777924356.6453683,2026-05-04T21:52:36.645368,35.913,8349051231,2040,6251,44,100,1
1777924356.6602335,2026-05-04T21:52:36.660233,35.913,8349055352,2040,6251,44,100,1
1777924356.6732457,2026-05-04T21:52:36.673246,36.55,8349055352,2040,6251,45,100,1
1777924356.6860638,2026-05-04T21:52:36.686064,36.55,8349055352,2040,6251,45,100,1
1777924356.7047904,2026-05-04T21:52:36.704790,36.55,8349055352,2040,6251,45,100,1
1777924356.7250001,2026-05-04T21:52:36.725000,36.55,8349055352,2040,6251,45,100,1
1777924356.744315,2026-05-04T21:52:36.744315,36.55,8349055352,2040,6251,45,100,1
1777924356.7598987,2026-05-04T21:52:36.759899,36.55,8349059121,2040,6251,45,100,1
1777924356.7832706,2026-05-04T21:52:36.783271,36.755,8349059121,2040,6251,45,100,1
1777924356.8034272,2026-05-04T21:52:36.803427,36.755,8349059121,2040,6251,45,100,1
1777924356.8237653,2026-05-04T21:52:36.823765,36.755,8349059121,2040,6251,45,100,1
1777924356.8434558,2026-05-04T21:52:36.843456,36.755,8349059121,2040,6251,45,100,1
1777924356.862868,2026-05-04T21:52:36.862868,36.755,8349062688,2040,6251,45,100,1
1777924356.8838024,2026-05-04T21:52:36.883802,36.737,8349062688,2040,6251,44,100,1
1777924356.9041252,2026-05-04T21:52:36.904125,36.737,8349062688,2040,6251,44,100,1
1777924356.9242225,2026-05-04T21:52:36.924222,36.737,8349062688,2040,6251,44,100,1
1777924356.944268,2026-05-04T21:52:36.944268,36.737,8349062688,2040,6251,44,100,1
1777924356.9656613,2026-05-04T21:52:36.965661,36.737,8349066234,2040,6251,44,100,1
1777924356.9853103,2026-05-04T21:52:36.985310,36.737,8349066234,2040,6251,44,100,1
1777924357.0036979,2026-05-04T21:52:37.003698,36.737,8349066234,2040,6251,44,100,1
1777924357.0232491,2026-05-04T21:52:37.023249,36.737,8349066234,2040,6251,44,100,1
1777924357.0432339,2026-05-04T21:52:37.043234,36.737,8349066234,2040,6251,44,100,1
1777924357.0625722,2026-05-04T21:52:37.062572,36.737,8349069777,2040,6251,44,100,1
1777924357.083905,2026-05-04T21:52:37.083905,36.746,8349069777,2040,6251,44,100,1
1777924357.1032157,2026-05-04T21:52:37.103216,36.746,8349069777,2040,6251,44,100,1
1777924357.123175,2026-05-04T21:52:37.123175,36.746,8349069777,2040,6251,44,100,1
1777924357.1406562,2026-05-04T21:52:37.140656,36.746,8349069777,2040,6251,44,100,1
1777924357.1532595,2026-05-04T21:52:37.153260,36.746,8349069777,2040,6251,44,100,1
1777924357.1662278,2026-05-04T21:52:37.166228,36.746,8349073466,2040,6251,44,100,1
1777924357.184404,2026-05-04T21:52:37.184404,37.107,8349073466,2040,6251,44,100,1
1777924357.2058504,2026-05-04T21:52:37.205850,37.107,8349073466,2040,6251,44,100,1
1777924357.2200632,2026-05-04T21:52:37.220063,37.107,8349073466,2040,6251,44,100,1
1777924357.2445064,2026-05-04T21:52:37.244506,37.107,8349073466,2040,6251,44,100,1
1777924357.2639601,2026-05-04T21:52:37.263960,37.107,8349077136,2040,6251,44,100,1
1777924357.2847915,2026-05-04T21:52:37.284791,37.133,8349077136,2040,6251,45,100,1
1777924357.3036544,2026-05-04T21:52:37.303654,37.133,8349077136,2040,6251,45,100,1
1777924357.3196273,2026-05-04T21:52:37.319627,37.133,8349077136,2040,6251,45,100,1
1777924357.3321579,2026-05-04T21:52:37.332158,37.133,8349077136,2040,6251,45,100,1
1777924357.3448236,2026-05-04T21:52:37.344824,37.133,8349077136,2040,6251,45,100,1
1777924357.359789,2026-05-04T21:52:37.359789,37.133,8349081267,2040,6251,45,100,1
1777924357.3729148,2026-05-04T21:52:37.372915,37.133,8349081267,2040,6251,45,100,1
1777924357.3856716,2026-05-04T21:52:37.385672,38.279,8349081267,2040,6251,45,100,4
1777924357.3996885,2026-05-04T21:52:37.399688,38.279,8349081267,2040,6251,45,100,4
1777924357.4121697,2026-05-04T21:52:37.412170,38.279,8349081267,2040,6251,45,100,4
1777924357.433495,2026-05-04T21:52:37.433495,38.279,8349081267,2040,6251,45,100,4
1777924357.4462855,2026-05-04T21:52:37.446285,38.279,8349081267,2040,6251,45,100,4
1777924357.4596858,2026-05-04T21:52:37.459686,38.279,8349085545,2040,6251,45,100,4
1777924357.4729385,2026-05-04T21:52:37.472939,38.279,8349085545,2040,6251,45,100,4
1777924357.4856644,2026-05-04T21:52:37.485664,39.097,8349085545,2040,6251,45,100,4
1777924357.4998627,2026-05-04T21:52:37.499863,39.097,8349085545,2040,6251,45,100,4
1777924357.512264,2026-05-04T21:52:37.512264,39.097,8349085545,2040,6251,45,100,4
1777924357.5248556,2026-05-04T21:52:37.524856,39.097,8349085545,2040,6251,45,100,4
1777924357.539566,2026-05-04T21:52:37.539566,39.097,8349085545,2040,6251,45,100,4
1777924357.5519192,2026-05-04T21:52:37.551919,39.097,8349085545,2040,6251,45,100,4
1777924357.5644145,2026-05-04T21:52:37.564415,39.097,8349088853,2040,6251,45,100,4
1777924357.5797138,2026-05-04T21:52:37.579714,38.454,8349088853,2040,6251,44,100,0
1777924357.5920928,2026-05-04T21:52:37.592093,38.454,8349088853,2040,6251,44,100,0
1777924357.6047087,2026-05-04T21:52:37.604709,38.454,8349088853,2040,6251,44,100,0
1777924357.6195996,2026-05-04T21:52:37.619600,38.454,8349088853,2040,6251,44,100,0
1777924357.6320276,2026-05-04T21:52:37.632028,38.454,8349088853,2040,6251,44,100,0
1777924357.6445894,2026-05-04T21:52:37.644589,38.454,8349088853,2040,6251,44,100,0
1777924357.6594799,2026-05-04T21:52:37.659480,38.454,8349092036,2040,6251,44,100,0
1777924357.6727808,2026-05-04T21:52:37.672781,38.454,8349092036,2040,6251,44,100,0
1777924357.685232,2026-05-04T21:52:37.685232,37.853,8349092036,2040,6251,44,100,0
1777924357.6995404,2026-05-04T21:52:37.699540,37.853,8349092036,2040,6251,44,100,0
1777924357.7119572,2026-05-04T21:52:37.711957,37.853,8349092036,2040,6251,44,100,0
1777924357.7245507,2026-05-04T21:52:37.724551,37.853,8349092036,2040,6251,44,100,0
1777924357.7394235,2026-05-04T21:52:37.739424,37.853,8349092036,2040,6251,44,100,0
1777924357.7518787,2026-05-04T21:52:37.751879,37.853,8349092036,2040,6251,44,100,0
1777924357.764507,2026-05-04T21:52:37.764507,37.853,8349095206,2040,6251,44,100,0
1777924357.7798982,2026-05-04T21:52:37.779898,36.945,8349095206,2040,6251,44,100,0
1777924357.7923906,2026-05-04T21:52:37.792391,36.945,8349095206,2040,6251,44,100,0
1777924357.804978,2026-05-04T21:52:37.804978,36.945,8349095206,2040,6251,44,100,0
1777924357.8195024,2026-05-04T21:52:37.819502,36.945,8349095206,2040,6251,44,100,0
1777924357.831833,2026-05-04T21:52:37.831833,36.945,8349095206,2040,6251,44,100,0
1777924357.8444593,2026-05-04T21:52:37.844459,36.945,8349095206,2040,6251,44,100,0
1777924357.8593686,2026-05-04T21:52:37.859369,36.945,8349098376,2040,6251,44,100,0
1777924357.8726962,2026-05-04T21:52:37.872696,36.945,8349098376,2040,6251,44,100,0
1777924357.8850744,2026-05-04T21:52:37.885074,36.355,8349098376,2040,6251,44,100,0
1777924357.8994455,2026-05-04T21:52:37.899446,36.355,8349098376,2040,6251,44,100,0
1777924357.911945,2026-05-04T21:52:37.911945,36.355,8349098376,2040,6251,44,100,0
1777924357.924608,2026-05-04T21:52:37.924608,36.355,8349098376,2040,6251,44,100,0
1777924357.9392383,2026-05-04T21:52:37.939238,36.355,8349098376,2040,6251,44,100,0
1777924357.9514549,2026-05-04T21:52:37.951455,36.355,8349098376,2040,6251,44,100,0
1777924357.9640443,2026-05-04T21:52:37.964044,36.355,8349101506,2040,6251,44,100,0
1777924357.9794757,2026-05-04T21:52:37.979476,35.944,8349101506,2040,6251,44,100,0
1777924357.9920888,2026-05-04T21:52:37.992089,35.944,8349101506,2040,6251,44,100,0
1777924358.0048125,2026-05-04T21:52:38.004812,35.944,8349101506,2040,6251,44,100,0
1777924358.019429,2026-05-04T21:52:38.019429,35.944,8349101506,2040,6251,44,100,0
1777924358.031833,2026-05-04T21:52:38.031833,35.944,8349101506,2040,6251,44,100,0
1777924358.0445793,2026-05-04T21:52:38.044579,35.944,8349101506,2040,6251,44,100,0
1777924358.0595694,2026-05-04T21:52:38.059569,35.944,8349104688,2040,6251,44,100,0
1777924358.0726469,2026-05-04T21:52:38.072647,35.944,8349104688,2040,6251,44,100,0
1777924358.0853913,2026-05-04T21:52:38.085391,35.622,8349104688,2040,6251,44,100,0
1777924358.0994482,2026-05-04T21:52:38.099448,35.622,8349104688,2040,6251,44,100,0
1777924358.111802,2026-05-04T21:52:38.111802,35.622,8349104688,2040,6251,44,100,0
1777924358.1244218,2026-05-04T21:52:38.124422,35.622,8349104688,2040,6251,44,100,0
1777924358.1392987,2026-05-04T21:52:38.139299,35.622,8349104688,2040,6251,44,100,0
1777924358.1517005,2026-05-04T21:52:38.151700,35.622,8349104688,2040,6251,44,100,0
1777924358.1642566,2026-05-04T21:52:38.164257,35.622,8349107861,2040,6251,44,100,0
1777924358.1794574,2026-05-04T21:52:38.179457,35.292,8349107861,2040,6251,44,100,0
1777924358.1919177,2026-05-04T21:52:38.191918,35.292,8349107861,2040,6251,44,100,0
1777924358.2044735,2026-05-04T21:52:38.204473,35.292,8349107861,2040,6251,44,100,0
1777924358.2193909,2026-05-04T21:52:38.219391,35.292,8349107861,2040,6251,44,100,0
1777924358.2318013,2026-05-04T21:52:38.231801,35.292,8349107861,2040,6251,44,100,0
1777924358.2444022,2026-05-04T21:52:38.244402,35.292,8349107861,2040,6251,44,100,0
1777924358.2592926,2026-05-04T21:52:38.259293,35.292,8349111047,2040,6251,44,100,0
1777924358.2726398,2026-05-04T21:52:38.272640,35.292,8349111047,2040,6251,44,100,0
1777924358.2852063,2026-05-04T21:52:38.285206,34.358,8349111047,2040,6251,44,100,0
1777924358.2993312,2026-05-04T21:52:38.299331,34.358,8349111047,2040,6251,44,100,0
1777924358.311615,2026-05-04T21:52:38.311615,34.358,8349111047,2040,6251,44,100,0
1777924358.3240588,2026-05-04T21:52:38.324059,34.358,8349111047,2040,6251,44,100,0
1777924358.3393936,2026-05-04T21:52:38.339394,34.358,8349111047,2040,6251,44,100,0
1777924358.3569298,2026-05-04T21:52:38.356930,34.358,8349111047,2040,6251,44,100,0
1777924358.37514,2026-05-04T21:52:38.375140,34.358,8349114286,2040,6251,44,100,0
1777924358.3928,2026-05-04T21:52:38.392800,34.373,8349114286,2040,6251,44,100,0
1777924358.4110544,2026-05-04T21:52:38.411054,34.373,8349114286,2040,6251,44,100,0
1777924358.4283488,2026-05-04T21:52:38.428349,34.373,8349114286,2040,6251,44,100,0
1777924358.447408,2026-05-04T21:52:38.447408,34.373,8349114286,2040,6251,44,100,0
1777924358.4636087,2026-05-04T21:52:38.463609,34.373,8349117746,2040,6251,44,100,0
1777924358.4837282,2026-05-04T21:52:38.483728,34.373,8349117746,2040,6251,44,100,0
1777924358.5033417,2026-05-04T21:52:38.503342,33.213,8349117746,2040,6251,44,100,0
1777924358.5238843,2026-05-04T21:52:38.523884,33.213,8349117746,2040,6251,44,100,0
1777924358.5428085,2026-05-04T21:52:38.542809,33.213,8349117746,2040,6251,44,100,0
1777924358.563147,2026-05-04T21:52:38.563147,33.213,8349121286,2040,6251,44,100,0
1777924358.583051,2026-05-04T21:52:38.583051,33.213,8349121286,2040,6251,44,100,0
1777924358.602047,2026-05-04T21:52:38.602047,32.693,8349121286,2040,6251,44,100,0
1777924358.6231027,2026-05-04T21:52:38.623103,32.693,8349121286,2040,6251,44,100,0
1777924358.64237,2026-05-04T21:52:38.642370,32.693,8349121286,2040,6251,44,100,0
1777924358.6621606,2026-05-04T21:52:38.662161,32.693,8349124818,2040,6251,44,100,0
1777924358.6840544,2026-05-04T21:52:38.684054,32.693,8349124818,2040,6251,44,100,0
1777924358.703993,2026-05-04T21:52:38.703993,33.003,8349124818,2040,6251,44,100,0
1777924358.7224476,2026-05-04T21:52:38.722448,33.003,8349124818,2040,6251,44,100,0
1777924358.7412763,2026-05-04T21:52:38.741276,33.003,8349124818,2040,6251,44,100,0
1777924358.7633708,2026-05-04T21:52:38.763371,33.003,8349128353,2040,6251,44,100,0
1777924358.7841525,2026-05-04T21:52:38.784153,33.003,8349128353,2040,6251,44,100,0
1777924358.8028731,2026-05-04T21:52:38.802873,33.342,8349128353,2040,6251,44,100,0
1777924358.8192372,2026-05-04T21:52:38.819237,33.342,8349128353,2040,6251,44,100,0
1777924358.8316877,2026-05-04T21:52:38.831688,33.342,8349128353,2040,6251,44,100,0
1777924358.8442829,2026-05-04T21:52:38.844283,33.342,8349128353,2040,6251,44,100,0
1777924358.859016,2026-05-04T21:52:38.859016,33.342,8349131503,2040,6251,44,100,0
1777924358.8724737,2026-05-04T21:52:38.872474,33.342,8349131503,2040,6251,44,100,0
1777924358.8850653,2026-05-04T21:52:38.885065,33.128,8349131503,2040,6251,44,100,0
1777924358.8994024,2026-05-04T21:52:38.899402,33.128,8349131503,2040,6251,44,100,0
1777924358.911839,2026-05-04T21:52:38.911839,33.128,8349131503,2040,6251,44,100,0
1777924358.9244983,2026-05-04T21:52:38.924498,33.128,8349131503,2040,6251,44,100,0
1777924358.9390366,2026-05-04T21:52:38.939037,33.128,8349131503,2040,6251,44,100,0
1777924358.9514296,2026-05-04T21:52:38.951430,33.128,8349131503,2040,6251,44,100,0
1777924358.9639575,2026-05-04T21:52:38.963958,33.128,8349134401,2040,6251,44,100,0
1777924358.9791665,2026-05-04T21:52:38.979167,33.128,8349134401,2040,6251,44,100,0
1777924358.9915652,2026-05-04T21:52:38.991565,32.923,8349134401,2040,6251,44,13,2
1777924359.0042183,2026-05-04T21:52:39.004218,32.923,8349134401,2040,6251,44,13,2
1777924359.0191274,2026-05-04T21:52:39.019127,32.923,8349134401,2040,6251,44,13,2
1777924359.0315526,2026-05-04T21:52:39.031553,32.923,8349134401,2040,6251,44,13,2
1777924359.044137,2026-05-04T21:52:39.044137,32.923,8349134401,2040,6251,44,13,2
1777924359.0589597,2026-05-04T21:52:39.058960,32.923,8349137307,2040,6251,44,13,2
1777924359.0723853,2026-05-04T21:52:39.072385,32.923,8349137307,2040,6251,44,13,2
1777924359.0849414,2026-05-04T21:52:39.084941,32.717,8349137307,2040,6251,44,13,2
1777924359.0991786,2026-05-04T21:52:39.099179,32.717,8349137307,2040,6251,44,13,2
1777924359.1116297,2026-05-04T21:52:39.111630,32.717,8349137307,2040,6251,44,13,2
1777924359.124334,2026-05-04T21:52:39.124334,32.717,8349137307,2040,6251,44,13,2
1777924359.1389468,2026-05-04T21:52:39.138947,32.717,8349137307,2040,6251,44,13,2
1777924359.1513312,2026-05-04T21:52:39.151331,32.717,8349137307,2040,6251,44,13,2
1777924359.1638834,2026-05-04T21:52:39.163883,32.717,8349140207,2040,6251,44,13,2
1777924359.1792834,2026-05-04T21:52:39.179283,32.717,8349140207,2040,6251,44,13,2
1777924359.1916955,2026-05-04T21:52:39.191695,32.468,8349140207,2040,6251,44,13,2
1777924359.2044156,2026-05-04T21:52:39.204416,32.468,8349140207,2040,6251,44,13,2
1777924359.2189772,2026-05-04T21:52:39.218977,32.468,8349140207,2040,6251,44,13,2
1777924359.231366,2026-05-04T21:52:39.231366,32.468,8349140207,2040,6251,44,13,2
1777924359.2439203,2026-05-04T21:52:39.243920,32.468,8349140207,2040,6251,44,13,2
1777924359.2588375,2026-05-04T21:52:39.258837,32.468,8349143106,2040,6251,44,13,2
1777924359.2722604,2026-05-04T21:52:39.272260,32.468,8349143106,2040,6251,44,13,2
1777924359.2847357,2026-05-04T21:52:39.284736,32.247,8349143106,2040,6251,44,13,2
1777924359.2990503,2026-05-04T21:52:39.299050,32.247,8349143106,2040,6251,44,13,2
1777924359.3113248,2026-05-04T21:52:39.311325,32.247,8349143106,2040,6251,44,13,2
1777924359.3238246,2026-05-04T21:52:39.323825,32.247,8349143106,2040,6251,44,13,2
1777924359.3387337,2026-05-04T21:52:39.338734,32.247,8349143106,2040,6251,44,13,2
1777924359.350969,2026-05-04T21:52:39.350969,32.247,8349143106,2040,6251,44,13,2
1777924359.3633652,2026-05-04T21:52:39.363365,32.247,8349146101,2040,6251,44,13,2
1777924359.3788326,2026-05-04T21:52:39.378833,32.247,8349146101,2040,6251,44,13,2
1777924359.39106,2026-05-04T21:52:39.391060,32.222,8349146101,2040,6251,44,59,1
1777924359.4034848,2026-05-04T21:52:39.403485,32.222,8349146101,2040,6251,44,59,1
1777924359.4188333,2026-05-04T21:52:39.418833,32.222,8349146101,2040,6251,44,59,1
1777924359.4310532,2026-05-04T21:52:39.431053,32.222,8349146101,2040,6251,44,59,1
1777924359.443438,2026-05-04T21:52:39.443438,32.222,8349146101,2040,6251,44,59,1
1777924359.458905,2026-05-04T21:52:39.458905,32.222,8349149243,2040,6251,44,59,1
1777924359.472172,2026-05-04T21:52:39.472172,32.222,8349149243,2040,6251,44,59,1
1777924359.4845548,2026-05-04T21:52:39.484555,31.604,8349149243,2040,6251,44,59,1
1777924359.4988427,2026-05-04T21:52:39.498843,31.604,8349149243,2040,6251,44,59,1
1777924359.5110662,2026-05-04T21:52:39.511066,31.604,8349149243,2040,6251,44,59,1
1777924359.5234258,2026-05-04T21:52:39.523426,31.604,8349149243,2040,6251,44,59,1
1777924359.538601,2026-05-04T21:52:39.538601,31.604,8349149243,2040,6251,44,59,1
1777924359.5509214,2026-05-04T21:52:39.550921,31.604,8349149243,2040,6251,44,59,1
1777924359.5632985,2026-05-04T21:52:39.563298,31.604,8349152382,2040,6251,44,59,1
1777924359.5787952,2026-05-04T21:52:39.578795,31.604,8349152382,2040,6251,44,59,1
1777924359.5910192,2026-05-04T21:52:39.591019,31.593,8349152382,2040,6251,44,100,0
1777924359.6034746,2026-05-04T21:52:39.603475,31.593,8349152382,2040,6251,44,100,0
1777924359.619004,2026-05-04T21:52:39.619004,31.593,8349152382,2040,6251,44,100,0
1777924359.6354632,2026-05-04T21:52:39.635463,31.593,8349152382,2040,6251,44,100,0
1777924359.653249,2026-05-04T21:52:39.653249,31.593,8349152382,2040,6251,44,100,0
1777924359.6716905,2026-05-04T21:52:39.671690,31.593,8349155769,2040,6251,44,100,0
1777924359.689706,2026-05-04T21:52:39.689706,31.577,8349155769,2040,6251,44,100,0
1777924359.7079906,2026-05-04T21:52:39.707991,31.577,8349155769,2040,6251,44,100,0
1777924359.7274985,2026-05-04T21:52:39.727499,31.577,8349155769,2040,6251,44,100,0
1777924359.746269,2026-05-04T21:52:39.746269,31.577,8349155769,2040,6251,44,100,0
1777924359.7653391,2026-05-04T21:52:39.765339,31.577,8349159302,2040,6251,44,100,0
1777924359.7830229,2026-05-04T21:52:39.783023,31.577,8349159302,2040,6251,44,100,0
1777924359.8010006,2026-05-04T21:52:39.801001,31.588,8349159302,2040,6251,44,100,0
1777924359.8233013,2026-05-04T21:52:39.823301,31.588,8349159302,2040,6251,44,100,0
1777924359.8413851,2026-05-04T21:52:39.841385,31.588,8349159302,2040,6251,44,100,0
1777924359.8625422,2026-05-04T21:52:39.862542,31.588,8349162843,2040,6251,44,100,0
1777924359.8845768,2026-05-04T21:52:39.884577,31.588,8349162843,2040,6251,44,100,0
1777924359.9029412,2026-05-04T21:52:39.902941,31.595,8349162843,2040,6251,44,100,0
1777924359.9223945,2026-05-04T21:52:39.922395,31.595,8349162843,2040,6251,44,100,0
1777924359.942727,2026-05-04T21:52:39.942727,31.595,8349162843,2040,6251,44,100,0
1777924359.9623618,2026-05-04T21:52:39.962362,31.595,8349166381,2040,6251,44,100,0
1777924359.9819582,2026-05-04T21:52:39.981958,31.595,8349166381,2040,6251,44,100,0
1777924360.003208,2026-05-04T21:52:40.003208,32.127,8349166381,2040,6251,44,100,0
1777924360.0213614,2026-05-04T21:52:40.021361,32.127,8349166381,2040,6251,44,100,0
1777924360.0419464,2026-05-04T21:52:40.041946,32.127,8349166381,2040,6251,44,100,0
1777924360.0619369,2026-05-04T21:52:40.061937,32.127,8349169917,2040,6251,44,100,0
1777924360.0857193,2026-05-04T21:52:40.085719,32.127,8349169917,2040,6251,44,100,0
1777924360.1012864,2026-05-04T21:52:40.101286,32.705,8349169917,2040,6251,44,100,0
1777924360.1217387,2026-05-04T21:52:40.121739,32.705,8349169917,2040,6251,44,100,0
1777924360.140577,2026-05-04T21:52:40.140577,32.705,8349169917,2040,6251,44,100,0
1777924360.162529,2026-05-04T21:52:40.162529,32.705,8349173454,2040,6251,44,100,0
1777924360.181346,2026-05-04T21:52:40.181346,32.705,8349173454,2040,6251,44,100,0
1777924360.202447,2026-05-04T21:52:40.202447,33.237,8349173454,2040,6251,44,100,1
1777924360.2215042,2026-05-04T21:52:40.221504,33.237,8349173454,2040,6251,44,100,1
1777924360.2403965,2026-05-04T21:52:40.240396,33.237,8349173454,2040,6251,44,100,1
1777924360.2612746,2026-05-04T21:52:40.261275,33.237,8349176994,2040,6251,44,100,1
1777924360.2844002,2026-05-04T21:52:40.284400,33.237,8349176994,2040,6251,44,100,1
1777924360.3038952,2026-05-04T21:52:40.303895,33.816,8349176994,2040,6251,44,100,1
1777924360.3222058,2026-05-04T21:52:40.322206,33.816,8349176994,2040,6251,44,100,1
1777924360.3424785,2026-05-04T21:52:40.342479,33.816,8349176994,2040,6251,44,100,1
1777924360.3623207,2026-05-04T21:52:40.362321,33.816,8349180535,2040,6251,44,100,1
1777924360.3820982,2026-05-04T21:52:40.382098,33.816,8349180535,2040,6251,44,100,1
1777924360.4022775,2026-05-04T21:52:40.402277,34.349,8349180535,2040,6251,44,100,0
1777924360.4202507,2026-05-04T21:52:40.420251,34.349,8349180535,2040,6251,44,100,0
1777924360.4419248,2026-05-04T21:52:40.441925,34.349,8349180535,2040,6251,44,100,0
1777924360.4631155,2026-05-04T21:52:40.463115,34.349,8349184073,2040,6251,44,100,0
1777924360.4852712,2026-05-04T21:52:40.485271,34.349,8349184073,2040,6251,44,100,0
1777924360.5037918,2026-05-04T21:52:40.503792,34.701,8349184073,2040,6251,44,100,0
1777924360.5232782,2026-05-04T21:52:40.523278,34.701,8349184073,2040,6251,44,100,0
1777924360.542161,2026-05-04T21:52:40.542161,34.701,8349184073,2040,6251,44,100,0
1777924360.5603986,2026-05-04T21:52:40.560399,34.701,8349187610,2040,6251,44,100,0
1777924360.5777774,2026-05-04T21:52:40.577777,34.701,8349187610,2040,6251,44,100,0
1777924360.5956979,2026-05-04T21:52:40.595698,34.701,8349187610,2040,6251,44,100,0
1777924360.6149468,2026-05-04T21:52:40.614947,35.067,8349187610,2040,6251,44,100,0
1777924360.63344,2026-05-04T21:52:40.633440,35.067,8349187610,2040,6251,44,100,0
1777924360.6538455,2026-05-04T21:52:40.653846,35.067,8349187610,2040,6251,44,100,0
1777924360.6725612,2026-05-04T21:52:40.672561,35.067,8349191182,2040,6251,44,100,0
1777924360.690887,2026-05-04T21:52:40.690887,35.067,8349191182,2040,6251,44,100,0
1777924360.707673,2026-05-04T21:52:40.707673,35.44,8349191182,2040,6251,44,100,0
1777924360.7249134,2026-05-04T21:52:40.724913,35.44,8349191182,2040,6251,44,100,0
1777924360.7422073,2026-05-04T21:52:40.742207,35.44,8349191182,2040,6251,44,100,0
1777924360.7617538,2026-05-04T21:52:40.761754,35.44,8349194686,2040,6251,44,100,0
1777924360.781396,2026-05-04T21:52:40.781396,35.44,8349194686,2040,6251,44,100,0
1777924360.8018432,2026-05-04T21:52:40.801843,35.443,8349194686,2040,6251,44,100,0
1777924360.8211055,2026-05-04T21:52:40.821105,35.443,8349194686,2040,6251,44,100,0
1777924360.84337,2026-05-04T21:52:40.843370,35.443,8349194686,2040,6251,44,100,0
1777924360.8634052,2026-05-04T21:52:40.863405,35.443,8349198223,2040,6251,44,100,0
1777924360.885976,2026-05-04T21:52:40.885976,35.443,8349198223,2040,6251,44,100,0
1777924360.904522,2026-05-04T21:52:40.904522,35.432,8349198223,2040,6251,44,100,0
1777924360.9235287,2026-05-04T21:52:40.923529,35.432,8349198223,2040,6251,44,100,0
1777924360.9434922,2026-05-04T21:52:40.943492,35.432,8349198223,2040,6251,44,100,0
1777924360.9620092,2026-05-04T21:52:40.962009,35.432,8349201756,2040,6251,44,100,0
1777924360.981063,2026-05-04T21:52:40.981063,35.432,8349201756,2040,6251,44,100,0
1777924361.002028,2026-05-04T21:52:41.002028,35.432,8349201756,2040,6251,44,100,0
1777924361.0228405,2026-05-04T21:52:41.022840,35.432,8349201756,2040,6251,44,100,0
1777924361.040615,2026-05-04T21:52:41.040615,35.432,8349201756,2040,6251,44,100,0
1777924361.0614839,2026-05-04T21:52:41.061484,35.432,8349205284,2040,6251,44,100,0
1777924361.0822308,2026-05-04T21:52:41.082231,35.432,8349205284,2040,6251,44,100,0
1777924361.10365,2026-05-04T21:52:41.103650,35.422,8349205284,2040,6251,44,100,0
1777924361.12838,2026-05-04T21:52:41.128380,35.422,8349205284,2040,6251,44,100,0
1777924361.1473813,2026-05-04T21:52:41.147381,35.422,8349205284,2040,6251,44,100,0
1777924361.1659563,2026-05-04T21:52:41.165956,35.422,8349208821,2040,6251,44,100,0
1777924361.1853483,2026-05-04T21:52:41.185348,35.422,8349208821,2040,6251,44,100,0
1777924361.2061977,2026-05-04T21:52:41.206198,35.404,8349208821,2040,6251,44,100,0
1777924361.2248573,2026-05-04T21:52:41.224857,35.404,8349208821,2040,6251,44,100,0
1777924361.2423902,2026-05-04T21:52:41.242390,35.404,8349208821,2040,6251,44,100,0
1777924361.2615535,2026-05-04T21:52:41.261554,35.404,8349212359,2040,6251,44,100,0
1777924361.2854044,2026-05-04T21:52:41.285404,35.404,8349212359,2040,6251,44,100,0
1777924361.3051429,2026-05-04T21:52:41.305143,35.404,8349212359,2040,6251,44,100,0
1777924361.3260667,2026-05-04T21:52:41.326067,35.404,8349212359,2040,6251,44,100,0
1777924361.3439765,2026-05-04T21:52:41.343976,35.404,8349212359,2040,6251,44,100,0
1777924361.3622258,2026-05-04T21:52:41.362226,35.404,8349215895,2040,6251,44,100,0
1777924361.3820627,2026-05-04T21:52:41.382063,35.404,8349215895,2040,6251,44,100,0
1777924361.4028492,2026-05-04T21:52:41.402849,35.394,8349215895,2040,6251,44,100,1
1777924361.420338,2026-05-04T21:52:41.420338,35.394,8349215895,2040,6251,44,100,1
1777924361.44305,2026-05-04T21:52:41.443050,35.394,8349215895,2040,6251,44,100,1
1777924361.4639554,2026-05-04T21:52:41.463955,35.394,8349219429,2040,6251,44,100,1
1777924361.4858577,2026-05-04T21:52:41.485858,35.394,8349219429,2040,6251,44,100,1
1777924361.5042355,2026-05-04T21:52:41.504236,35.411,8349219429,2040,6251,44,100,1
1777924361.5237193,2026-05-04T21:52:41.523719,35.411,8349219429,2040,6251,44,100,1
1777924361.54233,2026-05-04T21:52:41.542330,35.411,8349219429,2040,6251,44,100,1
1777924361.5627182,2026-05-04T21:52:41.562718,35.411,8349222970,2040,6251,44,100,1
1777924361.5831003,2026-05-04T21:52:41.583100,35.411,8349222970,2040,6251,44,100,1
1777924361.6027105,2026-05-04T21:52:41.602710,35.411,8349222970,2040,6251,44,100,1
1777924361.6284058,2026-05-04T21:52:41.628406,35.411,8349222970,2040,6251,44,100,1
1777924361.6474965,2026-05-04T21:52:41.647496,35.411,8349222970,2040,6251,44,100,1
1777924361.6671638,2026-05-04T21:52:41.667164,35.411,8349226508,2040,6251,44,100,1
1777924361.6879706,2026-05-04T21:52:41.687971,35.411,8349226508,2040,6251,44,100,1
1777924361.706372,2026-05-04T21:52:41.706372,35.411,8349226508,2040,6251,44,100,1
1777924361.7251246,2026-05-04T21:52:41.725125,35.411,8349226508,2040,6251,44,100,1
1777924361.7428532,2026-05-04T21:52:41.742853,35.411,8349226508,2040,6251,44,100,1
1777924361.7598972,2026-05-04T21:52:41.759897,35.411,8349230038,2040,6251,44,100,1
1777924361.7802536,2026-05-04T21:52:41.780254,35.411,8349230038,2040,6251,44,100,1
1777924361.803067,2026-05-04T21:52:41.803067,35.402,8349230038,2040,6251,44,100,0
1777924361.8241904,2026-05-04T21:52:41.824190,35.402,8349230038,2040,6251,44,100,0
1777924361.8424666,2026-05-04T21:52:41.842467,35.402,8349230038,2040,6251,44,100,0
1777924361.8605623,2026-05-04T21:52:41.860562,35.402,8349233584,2040,6251,44,100,0
1777924361.886694,2026-05-04T21:52:41.886694,35.402,8349233584,2040,6251,44,100,0
1777924361.9060144,2026-05-04T21:52:41.906014,35.394,8349233584,2040,6251,44,100,0
1777924361.9246402,2026-05-04T21:52:41.924640,35.394,8349233584,2040,6251,44,100,0
1777924361.9436958,2026-05-04T21:52:41.943696,35.394,8349233584,2040,6251,44,100,0
1777924361.9620876,2026-05-04T21:52:41.962088,35.394,8349237120,2040,6251,44,100,0
1777924361.9825768,2026-05-04T21:52:41.982577,35.394,8349237120,2040,6251,44,100,0
1777924362.004283,2026-05-04T21:52:42.004283,35.394,8349237120,2040,6251,44,100,1
1777924362.0296354,2026-05-04T21:52:42.029635,35.394,8349237120,2040,6251,44,100,1
1777924362.0482292,2026-05-04T21:52:42.048229,35.394,8349237120,2040,6251,44,100,1
1777924362.070372,2026-05-04T21:52:42.070372,35.394,8349240656,2040,6251,44,100,1
1777924362.0881267,2026-05-04T21:52:42.088127,35.394,8349240656,2040,6251,44,100,1
1777924362.107088,2026-05-04T21:52:42.107088,35.401,8349240656,2040,6251,44,100,1
1777924362.1199255,2026-05-04T21:52:42.119925,35.401,8349240656,2040,6251,44,100,1
1777924362.1325006,2026-05-04T21:52:42.132501,35.401,8349240656,2040,6251,44,100,1
1777924362.145208,2026-05-04T21:52:42.145208,35.401,8349240656,2040,6251,44,100,1
1777924362.1581228,2026-05-04T21:52:42.158123,35.401,8349244546,2040,6251,44,100,1
1777924362.1716528,2026-05-04T21:52:42.171653,35.401,8349244546,2040,6251,44,100,1
1777924362.18464,2026-05-04T21:52:42.184640,35.401,8349244546,2040,6251,44,100,1
1777924362.1981456,2026-05-04T21:52:42.198146,35.401,8349244546,2040,6251,44,100,1
1777924362.2107096,2026-05-04T21:52:42.210710,36.093,8349244546,2040,6251,45,100,2
1777924362.223521,2026-05-04T21:52:42.223521,36.093,8349244546,2040,6251,45,100,2
1777924362.2381022,2026-05-04T21:52:42.238102,36.093,8349244546,2040,6251,45,100,2
1777924362.2506797,2026-05-04T21:52:42.250680,36.093,8349244546,2040,6251,45,100,2
1777924362.2634742,2026-05-04T21:52:42.263474,36.093,8349248710,2040,6251,45,100,2
1777924362.2809384,2026-05-04T21:52:42.280938,36.093,8349248710,2040,6251,45,100,2
1777924362.2935796,2026-05-04T21:52:42.293580,36.093,8349248710,2040,6251,45,100,2
1777924362.3062677,2026-05-04T21:52:42.306268,36.642,8349248710,2040,6251,45,100,2
1777924362.3191457,2026-05-04T21:52:42.319146,36.642,8349248710,2040,6251,45,100,2
1777924362.3317356,2026-05-04T21:52:42.331736,36.642,8349248710,2040,6251,45,100,2
1777924362.3444002,2026-05-04T21:52:42.344400,36.642,8349248710,2040,6251,45,100,2
1777924362.3580384,2026-05-04T21:52:42.358038,36.642,8349253390,2040,6251,45,100,2
1777924362.371527,2026-05-04T21:52:42.371527,36.642,8349253390,2040,6251,45,100,2
1777924362.3843627,2026-05-04T21:52:42.384363,36.642,8349253390,2040,6251,45,100,2
1777924362.3984284,2026-05-04T21:52:42.398428,36.642,8349253390,2040,6251,45,100,2
1777924362.4108968,2026-05-04T21:52:42.410897,37.911,8349253390,2040,6251,45,100,8
1777924362.4235907,2026-05-04T21:52:42.423591,37.911,8349253390,2040,6251,45,100,8
1777924362.4379847,2026-05-04T21:52:42.437985,37.911,8349253390,2040,6251,45,100,8
1777924362.4504743,2026-05-04T21:52:42.450474,37.911,8349253390,2040,6251,45,100,8
1777924362.463285,2026-05-04T21:52:42.463285,37.911,8349257716,2040,6251,45,100,8
1777924362.4807231,2026-05-04T21:52:42.480723,37.911,8349257716,2040,6251,45,100,8
1777924362.4932332,2026-05-04T21:52:42.493233,37.911,8349257716,2040,6251,45,100,8
1777924362.50607,2026-05-04T21:52:42.506070,38.4,8349257716,2040,6251,45,100,8
1777924362.518951,2026-05-04T21:52:42.518951,38.4,8349257716,2040,6251,45,100,8
1777924362.531441,2026-05-04T21:52:42.531441,38.4,8349257716,2040,6251,45,100,8
1777924362.5442328,2026-05-04T21:52:42.544233,38.4,8349257716,2040,6251,45,100,8
1777924362.5580301,2026-05-04T21:52:42.558030,38.4,8349262010,2040,6251,45,100,8
1777924362.5713212,2026-05-04T21:52:42.571321,38.4,8349262010,2040,6251,45,100,8
1777924362.5841663,2026-05-04T21:52:42.584166,38.4,8349262010,2040,6251,45,100,8
1777924362.5980673,2026-05-04T21:52:42.598067,38.4,8349262010,2040,6251,45,100,8
1777924362.610568,2026-05-04T21:52:42.610568,39.471,8349262010,2040,6251,45,100,4
1777924362.623428,2026-05-04T21:52:42.623428,39.471,8349262010,2040,6251,45,100,4
1777924362.637852,2026-05-04T21:52:42.637852,39.471,8349262010,2040,6251,45,100,4
1777924362.6504586,2026-05-04T21:52:42.650459,39.471,8349262010,2040,6251,45,100,4
1777924362.6631873,2026-05-04T21:52:42.663187,39.471,8349266206,2040,6251,45,100,4
1777924362.679531,2026-05-04T21:52:42.679531,39.471,8349266206,2040,6251,45,100,4
1777924362.6921318,2026-05-04T21:52:42.692132,39.471,8349266206,2040,6251,45,100,4
1777924362.7047396,2026-05-04T21:52:42.704740,39.068,8349266206,2040,6251,45,100,4
1777924362.7179527,2026-05-04T21:52:42.717953,39.068,8349266206,2040,6251,45,100,4
1777924362.7303824,2026-05-04T21:52:42.730382,39.068,8349266206,2040,6251,45,100,4
1777924362.7429602,2026-05-04T21:52:42.742960,39.068,8349266206,2040,6251,45,100,4
1777924362.757783,2026-05-04T21:52:42.757783,39.068,8349269452,2040,6251,45,100,4
1777924362.771338,2026-05-04T21:52:42.771338,39.068,8349269452,2040,6251,45,100,4
1777924362.7839375,2026-05-04T21:52:42.783937,39.068,8349269452,2040,6251,45,100,4
1777924362.7979517,2026-05-04T21:52:42.797952,39.068,8349269452,2040,6251,45,100,4
1777924362.8104448,2026-05-04T21:52:42.810445,39.086,8349269452,2040,6251,45,100,0
1777924362.8230877,2026-05-04T21:52:42.823088,39.086,8349269452,2040,6251,45,100,0
1777924362.837875,2026-05-04T21:52:42.837875,39.086,8349269452,2040,6251,45,100,0
1777924362.850413,2026-05-04T21:52:42.850413,39.086,8349269452,2040,6251,45,100,0
1777924362.8629673,2026-05-04T21:52:42.862967,39.086,8349272664,2040,6251,45,100,0
1777924362.8806324,2026-05-04T21:52:42.880632,39.086,8349272664,2040,6251,45,100,0
1777924362.8932118,2026-05-04T21:52:42.893212,39.086,8349272664,2040,6251,45,100,0
1777924362.9058094,2026-05-04T21:52:42.905809,38.477,8349272664,2040,6251,44,100,0
1777924362.9183486,2026-05-04T21:52:42.918349,38.477,8349272664,2040,6251,44,100,0
1777924362.9309378,2026-05-04T21:52:42.930938,38.477,8349272664,2040,6251,44,100,0
1777924362.9436085,2026-05-04T21:52:42.943609,38.477,8349272664,2040,6251,44,100,0
1777924362.9579828,2026-05-04T21:52:42.957983,38.477,8349275884,2040,6251,44,100,0
1777924362.971186,2026-05-04T21:52:42.971186,38.477,8349275884,2040,6251,44,100,0
1777924362.9836636,2026-05-04T21:52:42.983664,38.477,8349275884,2040,6251,44,100,0
1777924362.9977942,2026-05-04T21:52:42.997794,38.477,8349275884,2040,6251,44,100,0
1777924363.0104306,2026-05-04T21:52:43.010431,38.494,8349275884,2040,6251,44,100,0
1777924363.023198,2026-05-04T21:52:43.023198,38.494,8349275884,2040,6251,44,100,0
1777924363.0377393,2026-05-04T21:52:43.037739,38.494,8349275884,2040,6251,44,100,0
1777924363.0502462,2026-05-04T21:52:43.050246,38.494,8349275884,2040,6251,44,100,0
1777924363.0628808,2026-05-04T21:52:43.062881,38.494,8349279090,2040,6251,44,100,0
1777924363.0804799,2026-05-04T21:52:43.080480,38.494,8349279090,2040,6251,44,100,0
1777924363.092983,2026-05-04T21:52:43.092983,38.494,8349279090,2040,6251,44,100,0
1777924363.105591,2026-05-04T21:52:43.105591,37.921,8349279090,2040,6251,44,100,0
1777924363.118255,2026-05-04T21:52:43.118255,37.921,8349279090,2040,6251,44,100,0
1777924363.1308217,2026-05-04T21:52:43.130822,37.921,8349279090,2040,6251,44,100,0
1777924363.1434116,2026-05-04T21:52:43.143412,37.921,8349279090,2040,6251,44,100,0
1777924363.157764,2026-05-04T21:52:43.157764,37.921,8349282311,2040,6251,44,100,0
1777924363.1712034,2026-05-04T21:52:43.171203,37.921,8349282311,2040,6251,44,100,0
1777924363.1838312,2026-05-04T21:52:43.183831,37.921,8349282311,2040,6251,44,100,0
1777924363.1979442,2026-05-04T21:52:43.197944,37.921,8349282311,2040,6251,44,100,0
1777924363.2104642,2026-05-04T21:52:43.210464,37.659,8349282311,2040,6251,44,100,0
1777924363.223231,2026-05-04T21:52:43.223231,37.659,8349282311,2040,6251,44,100,0
1777924363.2379148,2026-05-04T21:52:43.237915,37.659,8349282311,2040,6251,44,100,0
1777924363.2504883,2026-05-04T21:52:43.250488,37.659,8349282311,2040,6251,44,100,0
1777924363.263091,2026-05-04T21:52:43.263091,37.659,8349285537,2040,6251,44,100,0
1777924363.2803507,2026-05-04T21:52:43.280351,37.659,8349285537,2040,6251,44,100,0
1777924363.2929144,2026-05-04T21:52:43.292914,37.659,8349285537,2040,6251,44,100,0
1777924363.3055813,2026-05-04T21:52:43.305581,36.778,8349285537,2040,6251,44,100,0
1777924363.3182518,2026-05-04T21:52:43.318252,36.778,8349285537,2040,6251,44,100,0
1777924363.3307655,2026-05-04T21:52:43.330765,36.778,8349285537,2040,6251,44,100,0
1777924363.343397,2026-05-04T21:52:43.343397,36.778,8349285537,2040,6251,44,100,0
1777924363.3576295,2026-05-04T21:52:43.357630,36.778,8349288754,2040,6251,44,100,0
1777924363.371046,2026-05-04T21:52:43.371046,36.778,8349288754,2040,6251,44,100,0
1777924363.3835835,2026-05-04T21:52:43.383584,36.778,8349288754,2040,6251,44,100,0
1777924363.397929,2026-05-04T21:52:43.397929,36.778,8349288754,2040,6251,44,100,0
1777924363.410415,2026-05-04T21:52:43.410415,35.908,8349288754,2040,6251,44,100,0
1777924363.4230704,2026-05-04T21:52:43.423070,35.908,8349288754,2040,6251,44,100,0
1777924363.4376752,2026-05-04T21:52:43.437675,35.908,8349288754,2040,6251,44,100,0
1777924363.4502633,2026-05-04T21:52:43.450263,35.908,8349288754,2040,6251,44,100,0
1777924363.4628625,2026-05-04T21:52:43.462862,35.908,8349291967,2040,6251,44,100,0
1777924363.48031,2026-05-04T21:52:43.480310,35.908,8349291967,2040,6251,44,100,0
1777924363.492924,2026-05-04T21:52:43.492924,35.908,8349291967,2040,6251,44,100,0
1777924363.505556,2026-05-04T21:52:43.505556,34.584,8349291967,2040,6251,44,100,0
1777924363.5182083,2026-05-04T21:52:43.518208,34.584,8349291967,2040,6251,44,100,0
1777924363.5307212,2026-05-04T21:52:43.530721,34.584,8349291967,2040,6251,44,100,0
1777924363.5433197,2026-05-04T21:52:43.543320,34.584,8349291967,2040,6251,44,100,0
1777924363.5576637,2026-05-04T21:52:43.557664,34.584,8349295185,2040,6251,44,100,0
1777924363.5710251,2026-05-04T21:52:43.571025,34.584,8349295185,2040,6251,44,100,0
1777924363.5837622,2026-05-04T21:52:43.583762,34.584,8349295185,2040,6251,44,100,0
1777924363.597663,2026-05-04T21:52:43.597663,34.584,8349295185,2040,6251,44,100,0
1777924363.6101947,2026-05-04T21:52:43.610195,33.588,8349295185,2040,6251,44,100,0
1777924363.6229222,2026-05-04T21:52:43.622922,33.588,8349295185,2040,6251,44,100,0
1777924363.637567,2026-05-04T21:52:43.637567,33.588,8349295185,2040,6251,44,100,0
1777924363.6501977,2026-05-04T21:52:43.650198,33.588,8349295185,2040,6251,44,100,0
1777924363.662866,2026-05-04T21:52:43.662866,33.588,8349298403,2040,6251,44,100,0
1777924363.6801257,2026-05-04T21:52:43.680126,33.588,8349298403,2040,6251,44,100,0
1777924363.6926787,2026-05-04T21:52:43.692679,33.588,8349298403,2040,6251,44,100,0
1777924363.705355,2026-05-04T21:52:43.705355,32.563,8349298403,2040,6251,44,100,0
1777924363.7179635,2026-05-04T21:52:43.717963,32.563,8349298403,2040,6251,44,100,0
1777924363.730377,2026-05-04T21:52:43.730377,32.563,8349298403,2040,6251,44,100,0
1777924363.7431169,2026-05-04T21:52:43.743117,32.563,8349298403,2040,6251,44,100,0
1777924363.7574768,2026-05-04T21:52:43.757477,32.563,8349301607,2040,6251,44,100,0
1777924363.770918,2026-05-04T21:52:43.770918,32.563,8349301607,2040,6251,44,100,0
1777924363.7835202,2026-05-04T21:52:43.783520,32.563,8349301607,2040,6251,44,100,0
1777924363.7979689,2026-05-04T21:52:43.797969,32.563,8349301607,2040,6251,44,100,0
1777924363.8104303,2026-05-04T21:52:43.810430,32.315,8349301607,2040,6251,44,100,0
1777924363.8231354,2026-05-04T21:52:43.823135,32.315,8349301607,2040,6251,44,100,0
1777924363.8375187,2026-05-04T21:52:43.837519,32.315,8349301607,2040,6251,44,100,0
1777924363.8499,2026-05-04T21:52:43.849900,32.315,8349301607,2040,6251,44,100,0
1777924363.8626654,2026-05-04T21:52:43.862665,32.315,8349304820,2040,6251,44,100,0
1777924363.8802867,2026-05-04T21:52:43.880287,32.315,8349304820,2040,6251,44,100,0
1777924363.8928213,2026-05-04T21:52:43.892821,32.315,8349304820,2040,6251,44,100,0
1777924363.9054642,2026-05-04T21:52:43.905464,32.332,8349304820,2040,6251,44,100,0
1777924363.9182422,2026-05-04T21:52:43.918242,32.332,8349304820,2040,6251,44,100,0
1777924363.930688,2026-05-04T21:52:43.930688,32.332,8349304820,2040,6251,44,100,0
1777924363.9433296,2026-05-04T21:52:43.943330,32.332,8349304820,2040,6251,44,100,0
1777924363.957492,2026-05-04T21:52:43.957492,32.332,8349308044,2040,6251,44,100,0
1777924363.9708505,2026-05-04T21:52:43.970850,32.332,8349308044,2040,6251,44,100,0
1777924363.983459,2026-05-04T21:52:43.983459,32.332,8349308044,2040,6251,44,100,0
1777924363.9976537,2026-05-04T21:52:43.997654,32.332,8349308044,2040,6251,44,100,0
1777924364.0100307,2026-05-04T21:52:44.010031,32.307,8349308044,2040,6251,44,100,0
1777924364.0228453,2026-05-04T21:52:44.022845,32.307,8349308044,2040,6251,44,100,0
1777924364.0374587,2026-05-04T21:52:44.037459,32.307,8349308044,2040,6251,44,100,0
1777924364.0498958,2026-05-04T21:52:44.049896,32.307,8349308044,2040,6251,44,100,0
1777924364.0625095,2026-05-04T21:52:44.062510,32.307,8349311233,2040,6251,44,100,0
1777924364.0793264,2026-05-04T21:52:44.079326,32.307,8349311233,2040,6251,44,100,0
1777924364.091869,2026-05-04T21:52:44.091869,32.307,8349311233,2040,6251,44,100,0
1777924364.1044877,2026-05-04T21:52:44.104488,32.265,8349311233,2040,6251,44,100,0
1777924364.1175306,2026-05-04T21:52:44.117531,32.265,8349311233,2040,6251,44,100,0
1777924364.1299434,2026-05-04T21:52:44.129943,32.265,8349311233,2040,6251,44,100,0
1777924364.142726,2026-05-04T21:52:44.142726,32.265,8349311233,2040,6251,44,100,0
1777924364.1574125,2026-05-04T21:52:44.157413,32.265,8349314445,2040,6251,44,100,0
1777924364.1707714,2026-05-04T21:52:44.170771,32.265,8349314445,2040,6251,44,100,0
1777924364.1835363,2026-05-04T21:52:44.183536,32.265,8349314445,2040,6251,44,100,0
1777924364.1975245,2026-05-04T21:52:44.197525,32.265,8349314445,2040,6251,44,100,0
1777924364.2099307,2026-05-04T21:52:44.209931,32.274,8349314445,2040,6251,44,100,0
1777924364.2226985,2026-05-04T21:52:44.222698,32.274,8349314445,2040,6251,44,100,0
1777924364.2373946,2026-05-04T21:52:44.237395,32.274,8349314445,2040,6251,44,100,0
1777924364.2497892,2026-05-04T21:52:44.249789,32.274,8349314445,2040,6251,44,100,0
1777924364.2624986,2026-05-04T21:52:44.262499,32.274,8349317653,2040,6251,44,100,0
1777924364.2801244,2026-05-04T21:52:44.280124,32.274,8349317653,2040,6251,44,100,0
1777924364.2927341,2026-05-04T21:52:44.292734,32.274,8349317653,2040,6251,44,100,0
1777924364.3053286,2026-05-04T21:52:44.305329,32.221,8349317653,2040,6251,44,100,0
1777924364.3181405,2026-05-04T21:52:44.318141,32.221,8349317653,2040,6251,44,100,0
1777924364.3306909,2026-05-04T21:52:44.330691,32.221,8349317653,2040,6251,44,100,0
1777924364.3432205,2026-05-04T21:52:44.343220,32.221,8349317653,2040,6251,44,100,0
1777924364.3576026,2026-05-04T21:52:44.357603,32.221,8349320875,2040,6251,44,100,0
1777924364.3708303,2026-05-04T21:52:44.370830,32.221,8349320875,2040,6251,44,100,0
1777924364.383415,2026-05-04T21:52:44.383415,32.221,8349320875,2040,6251,44,100,0
1777924364.397347,2026-05-04T21:52:44.397347,32.221,8349320875,2040,6251,44,100,0
1777924364.409917,2026-05-04T21:52:44.409917,32.239,8349320875,2040,6251,44,100,0
1777924364.4226463,2026-05-04T21:52:44.422646,32.239,8349320875,2040,6251,44,100,0
1777924364.437309,2026-05-04T21:52:44.437309,32.239,8349320875,2040,6251,44,100,0
1777924364.4496365,2026-05-04T21:52:44.449636,32.239,8349320875,2040,6251,44,100,0
1777924364.4623134,2026-05-04T21:52:44.462313,32.239,8349324082,2040,6251,44,100,0
1777924364.480028,2026-05-04T21:52:44.480028,32.239,8349324082,2040,6251,44,100,0
1777924364.49248,2026-05-04T21:52:44.492480,32.239,8349324082,2040,6251,44,100,0
1777924364.5049868,2026-05-04T21:52:44.504987,32.222,8349324082,2040,6251,44,100,0
1777924364.5176156,2026-05-04T21:52:44.517616,32.222,8349324082,2040,6251,44,100,0
1777924364.5299556,2026-05-04T21:52:44.529956,32.222,8349324082,2040,6251,44,100,0
1777924364.5425172,2026-05-04T21:52:44.542517,32.222,8349324082,2040,6251,44,100,0
1777924364.5572343,2026-05-04T21:52:44.557234,32.222,8349324082,2040,6251,44,100,0
1777924364.5696104,2026-05-04T21:52:44.569610,32.222,8349327291,2040,6251,44,100,0
1777924364.5821729,2026-05-04T21:52:44.582173,32.222,8349327291,2040,6251,44,100,0
1777924364.5973284,2026-05-04T21:52:44.597328,32.222,8349327291,2040,6251,44,100,0
1777924364.6131382,2026-05-04T21:52:44.613138,32.143,8349327291,2040,6251,44,100,0
1777924364.6255925,2026-05-04T21:52:44.625592,32.143,8349327291,2040,6251,44,100,0
1777924364.638152,2026-05-04T21:52:44.638152,32.143,8349327291,2040,6251,44,100,0
1777924364.6505113,2026-05-04T21:52:44.650511,32.143,8349327291,2040,6251,44,100,0
1777924364.663097,2026-05-04T21:52:44.663097,32.143,8349330371,2040,6251,44,100,0
1777924364.6800075,2026-05-04T21:52:44.680007,32.143,8349330371,2040,6251,44,100,0
1777924364.6923766,2026-05-04T21:52:44.692377,32.143,8349330371,2040,6251,44,100,0
1777924364.704968,2026-05-04T21:52:44.704968,32.057,8349330371,2040,6251,44,100,0
1777924364.717591,2026-05-04T21:52:44.717591,32.057,8349330371,2040,6251,44,100,0
1777924364.7299798,2026-05-04T21:52:44.729980,32.057,8349330371,2040,6251,44,100,0
1777924364.742542,2026-05-04T21:52:44.742542,32.057,8349330371,2040,6251,44,100,0
1777924364.7571738,2026-05-04T21:52:44.757174,32.057,8349333520,2040,6251,44,100,0
1777924364.7804697,2026-05-04T21:52:44.780470,32.057,8349333520,2040,6251,44,100,0
1777924364.8021662,2026-05-04T21:52:44.802166,32.057,8349333520,2040,6251,44,100,0
1777924364.8201733,2026-05-04T21:52:44.820173,32.178,8349333520,2040,6251,44,100,0
1777924364.8419251,2026-05-04T21:52:44.841925,32.178,8349333520,2040,6251,44,100,0
1777924364.861689,2026-05-04T21:52:44.861689,32.178,8349337007,2040,6251,44,100,0
1777924364.8824394,2026-05-04T21:52:44.882439,32.178,8349337007,2040,6251,44,100,0
1777924364.902695,2026-05-04T21:52:44.902695,32.178,8349337007,2040,6251,44,100,0
1777924364.9216251,2026-05-04T21:52:44.921625,32.445,8349337007,2040,6251,44,100,0
1777924364.940255,2026-05-04T21:52:44.940255,32.445,8349337007,2040,6251,44,100,0
1777924364.9606817,2026-05-04T21:52:44.960682,32.445,8349340541,2040,6251,44,100,0
1777924364.9818203,2026-05-04T21:52:44.981820,32.445,8349340541,2040,6251,44,100,0
1777924365.001131,2026-05-04T21:52:45.001131,32.445,8349340541,2040,6251,44,100,0
1777924365.0211625,2026-05-04T21:52:45.021163,32.737,8349340541,2040,6251,44,100,0
1777924365.0421464,2026-05-04T21:52:45.042146,32.737,8349340541,2040,6251,44,100,0
1777924365.062175,2026-05-04T21:52:45.062175,32.737,8349344086,2040,6251,44,100,0
1777924365.0854747,2026-05-04T21:52:45.085475,32.737,8349344086,2040,6251,44,100,0
1777924365.1047828,2026-05-04T21:52:45.104783,32.737,8349344086,2040,6251,44,100,0
1777924365.1236117,2026-05-04T21:52:45.123612,33.049,8349344086,2040,6251,44,100,0
1777924365.14061,2026-05-04T21:52:45.140610,33.049,8349344086,2040,6251,44,100,0
1777924365.160513,2026-05-04T21:52:45.160513,33.049,8349347626,2040,6251,44,100,0
1777924365.1788716,2026-05-04T21:52:45.178872,33.049,8349347626,2040,6251,44,100,0
1777924365.2006512,2026-05-04T21:52:45.200651,33.049,8349347626,2040,6251,44,100,0
1777924365.2219834,2026-05-04T21:52:45.221983,33.367,8349347626,2040,6251,44,100,0
1777924365.2416234,2026-05-04T21:52:45.241623,33.367,8349347626,2040,6251,44,100,0
1777924365.2606006,2026-05-04T21:52:45.260601,33.367,8349351174,2040,6251,44,100,0
1777924365.281745,2026-05-04T21:52:45.281745,33.367,8349351174,2040,6251,44,100,0
1777924365.3008523,2026-05-04T21:52:45.300852,33.367,8349351174,2040,6251,44,100,0
1777924365.3203127,2026-05-04T21:52:45.320313,33.661,8349351174,2040,6251,44,100,0
1777924365.3427658,2026-05-04T21:52:45.342766,33.661,8349351174,2040,6251,44,100,0
1777924365.3619103,2026-05-04T21:52:45.361910,33.661,8349354710,2040,6251,44,100,0
1777924365.3819675,2026-05-04T21:52:45.381968,33.661,8349354710,2040,6251,44,100,0
1777924365.401501,2026-05-04T21:52:45.401501,33.661,8349354710,2040,6251,44,100,0
1777924365.4221046,2026-05-04T21:52:45.422105,33.961,8349354710,2040,6251,44,100,1
1777924365.4426575,2026-05-04T21:52:45.442657,33.961,8349354710,2040,6251,44,100,1
1777924365.4606998,2026-05-04T21:52:45.460700,33.961,8349358247,2040,6251,44,100,1
1777924365.4839544,2026-05-04T21:52:45.483954,33.961,8349358247,2040,6251,44,100,1
1777924365.5028598,2026-05-04T21:52:45.502860,33.961,8349358247,2040,6251,44,100,1
1777924365.52223,2026-05-04T21:52:45.522230,34.229,8349358247,2040,6251,44,100,1
1777924365.5439882,2026-05-04T21:52:45.543988,34.229,8349358247,2040,6251,44,100,1
1777924365.563438,2026-05-04T21:52:45.563438,34.229,8349361785,2040,6251,44,100,1
1777924365.5825403,2026-05-04T21:52:45.582540,34.229,8349361785,2040,6251,44,100,1
1777924365.6020298,2026-05-04T21:52:45.602030,34.229,8349361785,2040,6251,44,100,1
1777924365.620862,2026-05-04T21:52:45.620862,34.503,8349361785,2040,6251,44,100,0
1777924365.639601,2026-05-04T21:52:45.639601,34.503,8349361785,2040,6251,44,100,0
1777924365.6607518,2026-05-04T21:52:45.660752,34.503,8349365321,2040,6251,44,100,0
1777924365.6813087,2026-05-04T21:52:45.681309,34.503,8349365321,2040,6251,44,100,0
1777924365.700632,2026-05-04T21:52:45.700632,34.503,8349365321,2040,6251,44,100,0
1777924365.7198987,2026-05-04T21:52:45.719899,34.877,8349365321,2040,6251,44,100,0
1777924365.7428064,2026-05-04T21:52:45.742806,34.877,8349365321,2040,6251,44,100,0
1777924365.7604456,2026-05-04T21:52:45.760446,34.877,8349368863,2040,6251,44,100,0
1777924365.781234,2026-05-04T21:52:45.781234,34.877,8349368863,2040,6251,44,100,0
1777924365.8013246,2026-05-04T21:52:45.801325,34.877,8349368863,2040,6251,44,100,0
1777924365.8201652,2026-05-04T21:52:45.820165,35.246,8349368863,2040,6251,44,100,1
1777924365.8412094,2026-05-04T21:52:45.841209,35.246,8349368863,2040,6251,44,100,1
1777924365.859842,2026-05-04T21:52:45.859842,35.246,8349372404,2040,6251,44,100,1
1777924365.8815036,2026-05-04T21:52:45.881504,35.246,8349372404,2040,6251,44,100,1
1777924365.9028978,2026-05-04T21:52:45.902898,35.246,8349372404,2040,6251,44,100,1
1777924365.9212208,2026-05-04T21:52:45.921221,35.444,8349372404,2040,6251,44,100,1
1777924365.9428623,2026-05-04T21:52:45.942862,35.444,8349372404,2040,6251,44,100,1
1777924365.9629793,2026-05-04T21:52:45.962979,35.444,8349375943,2040,6251,44,100,1
1777924365.9818854,2026-05-04T21:52:45.981885,35.444,8349375943,2040,6251,44,100,1
1777924366.0003874,2026-05-04T21:52:46.000387,35.444,8349375943,2040,6251,44,100,1
1777924366.0199413,2026-05-04T21:52:46.019941,35.47,8349375943,2040,6251,44,100,0
1777924366.0410867,2026-05-04T21:52:46.041087,35.47,8349375943,2040,6251,44,100,0
1777924366.0604694,2026-05-04T21:52:46.060469,35.47,8349379478,2040,6251,44,100,0
1777924366.08,2026-05-04T21:52:46.080000,35.47,8349379478,2040,6251,44,100,0
1777924366.1006439,2026-05-04T21:52:46.100644,35.47,8349379478,2040,6251,44,100,0
1777924366.12151,2026-05-04T21:52:46.121510,35.461,8349379478,2040,6251,44,100,0
1777924366.1413872,2026-05-04T21:52:46.141387,35.461,8349379478,2040,6251,44,100,0
1777924366.1592662,2026-05-04T21:52:46.159266,35.461,8349383012,2040,6251,44,100,0
1777924366.1811702,2026-05-04T21:52:46.181170,35.461,8349383012,2040,6251,44,100,0
1777924366.2006,2026-05-04T21:52:46.200600,35.461,8349383012,2040,6251,44,100,0
1777924366.219939,2026-05-04T21:52:46.219939,35.461,8349383012,2040,6251,45,100,0
1777924366.240674,2026-05-04T21:52:46.240674,35.461,8349383012,2040,6251,45,100,0
1777924366.2583754,2026-05-04T21:52:46.258375,35.461,8349386640,2040,6251,45,100,0
1777924366.2783542,2026-05-04T21:52:46.278354,35.461,8349386640,2040,6251,45,100,0
1777924366.290962,2026-05-04T21:52:46.290962,35.461,8349386640,2040,6251,45,100,0
1777924366.3036394,2026-05-04T21:52:46.303639,35.461,8349386640,2040,6251,45,100,0
1777924366.3211288,2026-05-04T21:52:46.321129,35.461,8349386640,2040,6251,45,100,0
1777924366.3423092,2026-05-04T21:52:46.342309,35.461,8349386640,2040,6251,45,100,0
1777924366.3568053,2026-05-04T21:52:46.356805,35.461,8349390438,2040,6251,45,100,0
1777924366.3768008,2026-05-04T21:52:46.376801,35.461,8349390438,2040,6251,45,100,0
1777924366.39559,2026-05-04T21:52:46.395590,35.461,8349390438,2040,6251,45,100,0
1777924366.416053,2026-05-04T21:52:46.416053,35.461,8349390438,2040,6251,45,100,0
1777924366.4419484,2026-05-04T21:52:46.441948,35.591,8349390438,2040,6251,45,100,2
1777924366.4613779,2026-05-04T21:52:46.461378,35.591,8349393985,2040,6251,45,100,2
1777924366.481009,2026-05-04T21:52:46.481009,35.591,8349393985,2040,6251,45,100,2
1777924366.5007923,2026-05-04T21:52:46.500792,35.591,8349393985,2040,6251,45,100,2
1777924366.520339,2026-05-04T21:52:46.520339,35.591,8349393985,2040,6251,45,100,2
1777924366.540902,2026-05-04T21:52:46.540902,35.591,8349393985,2040,6251,45,100,2
1777924366.5605457,2026-05-04T21:52:46.560546,35.591,8349397526,2040,6251,45,100,2
1777924366.579895,2026-05-04T21:52:46.579895,35.591,8349397526,2040,6251,45,100,2
1777924366.6006725,2026-05-04T21:52:46.600672,35.591,8349397526,2040,6251,45,100,2
1777924366.6209645,2026-05-04T21:52:46.620965,35.591,8349397526,2040,6251,45,100,0
1777924366.6370661,2026-05-04T21:52:46.637066,35.591,8349397526,2040,6251,45,100,0
1777924366.6496446,2026-05-04T21:52:46.649645,35.591,8349397526,2040,6251,45,100,0
1777924366.6624482,2026-05-04T21:52:46.662448,35.591,8349401247,2040,6251,45,100,0
1777924366.6822333,2026-05-04T21:52:46.682233,35.591,8349401247,2040,6251,45,100,0
1777924366.7031724,2026-05-04T21:52:46.703172,35.591,8349401247,2040,6251,45,100,0
1777924366.7231376,2026-05-04T21:52:46.723138,36.005,8349401247,2040,6251,45,100,0
1777924366.7419448,2026-05-04T21:52:46.741945,36.005,8349401247,2040,6251,45,100,0
1777924366.756672,2026-05-04T21:52:46.756672,36.005,8349404917,2040,6251,45,100,0
1777924366.7700875,2026-05-04T21:52:46.770087,36.005,8349404917,2040,6251,45,100,0
1777924366.7828197,2026-05-04T21:52:46.782820,36.005,8349404917,2040,6251,45,100,0
1777924366.796837,2026-05-04T21:52:46.796837,36.005,8349404917,2040,6251,45,100,0
1777924366.8094192,2026-05-04T21:52:46.809419,36.005,8349404917,2040,6251,45,100,0
1777924366.822163,2026-05-04T21:52:46.822163,36.603,8349404917,2040,6251,45,100,1
1777924366.8366196,2026-05-04T21:52:46.836620,36.603,8349404917,2040,6251,45,100,1
1777924366.8492475,2026-05-04T21:52:46.849247,36.603,8349404917,2040,6251,45,100,1
1777924366.8620417,2026-05-04T21:52:46.862042,36.603,8349409081,2040,6251,45,100,1
1777924366.877596,2026-05-04T21:52:46.877596,36.603,8349409081,2040,6251,45,100,1
1777924366.8902733,2026-05-04T21:52:46.890273,36.603,8349409081,2040,6251,45,100,1
1777924366.9031212,2026-05-04T21:52:46.903121,36.603,8349409081,2040,6251,45,100,1
1777924366.916668,2026-05-04T21:52:46.916668,37.191,8349409081,2040,6251,45,100,1
1777924366.9293516,2026-05-04T21:52:46.929352,37.191,8349409081,2040,6251,45,100,1
1777924366.9421253,2026-05-04T21:52:46.942125,37.191,8349409081,2040,6251,45,100,1
1777924366.9566169,2026-05-04T21:52:46.956617,37.191,8349413658,2040,6251,45,100,1
1777924366.970031,2026-05-04T21:52:46.970031,37.191,8349413658,2040,6251,45,100,1
1777924366.9828184,2026-05-04T21:52:46.982818,37.191,8349413658,2040,6251,45,100,1
1777924366.9966598,2026-05-04T21:52:46.996660,37.191,8349413658,2040,6251,45,100,1
1777924367.0093133,2026-05-04T21:52:47.009313,37.191,8349413658,2040,6251,45,100,1
1777924367.0220718,2026-05-04T21:52:47.022072,38.098,8349413658,2040,6251,45,100,6
1777924367.0365162,2026-05-04T21:52:47.036516,38.098,8349413658,2040,6251,45,100,6
1777924367.0491652,2026-05-04T21:52:47.049165,38.098,8349413658,2040,6251,45,100,6
1777924367.0619974,2026-05-04T21:52:47.061997,38.098,8349417916,2040,6251,45,100,6
1777924367.0771172,2026-05-04T21:52:47.077117,38.098,8349417916,2040,6251,45,100,6
1777924367.0895085,2026-05-04T21:52:47.089509,38.098,8349417916,2040,6251,45,100,6
1777924367.1020594,2026-05-04T21:52:47.102059,38.098,8349417916,2040,6251,45,100,6
1777924367.1165814,2026-05-04T21:52:47.116581,38.518,8349417916,2040,6251,45,100,6
1777924367.1290686,2026-05-04T21:52:47.129069,38.518,8349417916,2040,6251,45,100,6
1777924367.1417134,2026-05-04T21:52:47.141713,38.518,8349417916,2040,6251,45,100,6
1777924367.1567316,2026-05-04T21:52:47.156732,38.518,8349421313,2040,6251,45,100,6
1777924367.169847,2026-05-04T21:52:47.169847,38.518,8349421313,2040,6251,45,100,6
1777924367.1825075,2026-05-04T21:52:47.182508,38.518,8349421313,2040,6251,45,100,6
1777924367.1965892,2026-05-04T21:52:47.196589,38.518,8349421313,2040,6251,45,100,6
1777924367.2089586,2026-05-04T21:52:47.208959,38.518,8349421313,2040,6251,45,100,6
1777924367.2216384,2026-05-04T21:52:47.221638,38.514,8349421313,2040,6251,44,100,0
1777924367.2364771,2026-05-04T21:52:47.236477,38.514,8349421313,2040,6251,44,100,0
1777924367.2488468,2026-05-04T21:52:47.248847,38.514,8349421313,2040,6251,44,100,0
1777924367.2615595,2026-05-04T21:52:47.261559,38.514,8349424517,2040,6251,44,100,0
1777924367.2791376,2026-05-04T21:52:47.279138,38.514,8349424517,2040,6251,44,100,0
1777924367.2916837,2026-05-04T21:52:47.291684,38.514,8349424517,2040,6251,44,100,0
1777924367.3042872,2026-05-04T21:52:47.304287,38.514,8349424517,2040,6251,44,100,0
1777924367.3170664,2026-05-04T21:52:47.317066,37.938,8349424517,2040,6251,44,100,0
1777924367.3295844,2026-05-04T21:52:47.329584,37.938,8349424517,2040,6251,44,100,0
1777924367.3422103,2026-05-04T21:52:47.342210,37.938,8349424517,2040,6251,44,100,0
1777924367.3564968,2026-05-04T21:52:47.356497,37.938,8349427742,2040,6251,44,100,0
1777924367.369787,2026-05-04T21:52:47.369787,37.938,8349427742,2040,6251,44,100,0
1777924367.3825264,2026-05-04T21:52:47.382526,37.938,8349427742,2040,6251,44,100,0
1777924367.3965197,2026-05-04T21:52:47.396520,37.938,8349427742,2040,6251,44,100,0
1777924367.408924,2026-05-04T21:52:47.408924,37.938,8349427742,2040,6251,44,100,0
1777924367.4216063,2026-05-04T21:52:47.421606,37.733,8349427742,2040,6251,44,100,0
1777924367.4366124,2026-05-04T21:52:47.436612,37.733,8349427742,2040,6251,44,100,0
1777924367.4489946,2026-05-04T21:52:47.448995,37.733,8349427742,2040,6251,44,100,0
1777924367.4615788,2026-05-04T21:52:47.461579,37.733,8349430959,2040,6251,44,100,0
1777924367.4791205,2026-05-04T21:52:47.479120,37.733,8349430959,2040,6251,44,100,0
1777924367.4916663,2026-05-04T21:52:47.491666,37.733,8349430959,2040,6251,44,100,0
1777924367.5042334,2026-05-04T21:52:47.504233,37.733,8349430959,2040,6251,44,100,0
1777924367.5169926,2026-05-04T21:52:47.516993,37.236,8349430959,2040,6251,44,100,0
1777924367.5294895,2026-05-04T21:52:47.529490,37.236,8349430959,2040,6251,44,100,0
1777924367.5422392,2026-05-04T21:52:47.542239,37.236,8349430959,2040,6251,44,100,0
1777924367.556384,2026-05-04T21:52:47.556384,37.236,8349434168,2040,6251,44,100,0
1777924367.5697002,2026-05-04T21:52:47.569700,37.236,8349434168,2040,6251,44,100,0
1777924367.5823846,2026-05-04T21:52:47.582385,37.236,8349434168,2040,6251,44,100,0
1777924367.5964048,2026-05-04T21:52:47.596405,37.236,8349434168,2040,6251,44,100,0
1777924367.608763,2026-05-04T21:52:47.608763,37.236,8349434168,2040,6251,44,100,0
1777924367.6214132,2026-05-04T21:52:47.621413,37.077,8349434168,2040,6251,44,100,0
1777924367.636322,2026-05-04T21:52:47.636322,37.077,8349434168,2040,6251,44,100,0
1777924367.6487164,2026-05-04T21:52:47.648716,37.077,8349434168,2040,6251,44,100,0
1777924367.6613276,2026-05-04T21:52:47.661328,37.077,8349437377,2040,6251,44,100,0
1777924367.679153,2026-05-04T21:52:47.679153,37.077,8349437377,2040,6251,44,100,0
1777924367.691526,2026-05-04T21:52:47.691526,37.077,8349437377,2040,6251,44,100,0
1777924367.7042193,2026-05-04T21:52:47.704219,37.077,8349437377,2040,6251,44,100,0
1777924367.71691,2026-05-04T21:52:47.716910,36.656,8349437377,2040,6251,44,100,0
1777924367.7293549,2026-05-04T21:52:47.729355,36.656,8349437377,2040,6251,44,100,0
1777924367.7420452,2026-05-04T21:52:47.742045,36.656,8349437377,2040,6251,44,100,0
1777924367.7562659,2026-05-04T21:52:47.756266,36.656,8349437377,2040,6251,44,100,0
1777924367.7685668,2026-05-04T21:52:47.768567,36.656,8349440642,2040,6251,44,100,0
1777924367.7811418,2026-05-04T21:52:47.781142,36.656,8349440642,2040,6251,44,100,0
1777924367.7962933,2026-05-04T21:52:47.796293,36.656,8349440642,2040,6251,44,100,0
1777924367.8088121,2026-05-04T21:52:47.808812,36.656,8349440642,2040,6251,44,100,0
1777924367.821548,2026-05-04T21:52:47.821548,35.918,8349440642,2040,6251,44,100,0
1777924367.8362563,2026-05-04T21:52:47.836256,35.918,8349440642,2040,6251,44,100,0
1777924367.8486414,2026-05-04T21:52:47.848641,35.918,8349440642,2040,6251,44,100,0
1777924367.861218,2026-05-04T21:52:47.861218,35.918,8349443795,2040,6251,44,100,0
1777924367.8792896,2026-05-04T21:52:47.879290,35.918,8349443795,2040,6251,44,100,0
1777924367.891715,2026-05-04T21:52:47.891715,35.918,8349443795,2040,6251,44,100,0
1777924367.9042997,2026-05-04T21:52:47.904300,35.918,8349443795,2040,6251,44,100,0
1777924367.917053,2026-05-04T21:52:47.917053,35.114,8349443795,2040,6251,44,100,0
1777924367.9295225,2026-05-04T21:52:47.929523,35.114,8349443795,2040,6251,44,100,0
1777924367.942025,2026-05-04T21:52:47.942025,35.114,8349443795,2040,6251,44,100,0
1777924367.9562469,2026-05-04T21:52:47.956247,35.114,8349447009,2040,6251,44,100,0
1777924367.9695864,2026-05-04T21:52:47.969586,35.114,8349447009,2040,6251,44,100,0
1777924367.9822235,2026-05-04T21:52:47.982224,35.114,8349447009,2040,6251,44,100,0
1777924367.9966178,2026-05-04T21:52:47.996618,35.114,8349447009,2040,6251,44,100,0
1777924368.008967,2026-05-04T21:52:48.008967,35.114,8349447009,2040,6251,44,100,0
1777924368.0215495,2026-05-04T21:52:48.021549,34.119,8349447009,2040,6251,44,100,0
1777924368.0362558,2026-05-04T21:52:48.036256,34.119,8349447009,2040,6251,44,100,0
1777924368.048725,2026-05-04T21:52:48.048725,34.119,8349447009,2040,6251,44,100,0
1777924368.0612805,2026-05-04T21:52:48.061280,34.119,8349450203,2040,6251,44,100,0
1777924368.0788693,2026-05-04T21:52:48.078869,34.119,8349450203,2040,6251,44,100,0
1777924368.091346,2026-05-04T21:52:48.091346,34.119,8349450203,2040,6251,44,100,0
1777924368.1038752,2026-05-04T21:52:48.103875,34.119,8349450203,2040,6251,44,100,0
1777924368.1165464,2026-05-04T21:52:48.116546,33.121,8349450203,2040,6251,44,100,0
1777924368.1289945,2026-05-04T21:52:48.128994,33.121,8349450203,2040,6251,44,100,0
1777924368.1415555,2026-05-04T21:52:48.141556,33.121,8349450203,2040,6251,44,100,0
1777924368.1562061,2026-05-04T21:52:48.156206,33.121,8349453404,2040,6251,44,100,0
1777924368.1694717,2026-05-04T21:52:48.169472,33.121,8349453404,2040,6251,44,100,0
1777924368.1818604,2026-05-04T21:52:48.181860,33.121,8349453404,2040,6251,44,100,0
1777924368.1961327,2026-05-04T21:52:48.196133,33.121,8349453404,2040,6251,44,100,0
1777924368.2083333,2026-05-04T21:52:48.208333,33.121,8349453404,2040,6251,44,100,0
1777924368.2207532,2026-05-04T21:52:48.220753,32.126,8349453404,2040,6251,44,100,0
1777924368.2360878,2026-05-04T21:52:48.236088,32.126,8349453404,2040,6251,44,100,0
1777924368.2486107,2026-05-04T21:52:48.248611,32.126,8349453404,2040,6251,44,100,0
1777924368.2612643,2026-05-04T21:52:48.261264,32.126,8349456579,2040,6251,44,100,0
1777924368.27786,2026-05-04T21:52:48.277860,32.126,8349456579,2040,6251,44,100,0
1777924368.2905262,2026-05-04T21:52:48.290526,32.126,8349456579,2040,6251,44,100,0
1777924368.3031268,2026-05-04T21:52:48.303127,32.126,8349456579,2040,6251,44,100,0
1777924368.3163385,2026-05-04T21:52:48.316339,32.09,8349456579,2040,6251,44,100,0
1777924368.328908,2026-05-04T21:52:48.328908,32.09,8349456579,2040,6251,44,100,0
1777924368.3414674,2026-05-04T21:52:48.341467,32.09,8349456579,2040,6251,44,100,0
1777924368.356101,2026-05-04T21:52:48.356101,32.09,8349459788,2040,6251,44,100,0
1777924368.3695548,2026-05-04T21:52:48.369555,32.09,8349459788,2040,6251,44,100,0
1777924368.3822384,2026-05-04T21:52:48.382238,32.09,8349459788,2040,6251,44,100,0
1777924368.3962367,2026-05-04T21:52:48.396237,32.09,8349459788,2040,6251,44,100,0
1777924368.4087567,2026-05-04T21:52:48.408757,32.09,8349459788,2040,6251,44,100,0
1777924368.4213862,2026-05-04T21:52:48.421386,32.091,8349459788,2040,6251,44,100,0
1777924368.4359787,2026-05-04T21:52:48.435979,32.091,8349459788,2040,6251,44,100,0
1777924368.4482763,2026-05-04T21:52:48.448276,32.091,8349459788,2040,6251,44,100,0
1777924368.4608574,2026-05-04T21:52:48.460857,32.091,8349462979,2040,6251,44,100,0
1777924368.478783,2026-05-04T21:52:48.478783,32.091,8349462979,2040,6251,44,100,0
1777924368.4911287,2026-05-04T21:52:48.491129,32.091,8349462979,2040,6251,44,100,0
1777924368.5036552,2026-05-04T21:52:48.503655,32.091,8349462979,2040,6251,44,100,0
1777924368.5163498,2026-05-04T21:52:48.516350,32.039,8349462979,2040,6251,44,100,0
1777924368.5288048,2026-05-04T21:52:48.528805,32.039,8349462979,2040,6251,44,100,0
1777924368.541353,2026-05-04T21:52:48.541353,32.039,8349462979,2040,6251,44,100,0
1777924368.556486,2026-05-04T21:52:48.556486,32.039,8349466167,2040,6251,44,100,0
1777924368.5693543,2026-05-04T21:52:48.569354,32.039,8349466167,2040,6251,44,100,0
1777924368.5818076,2026-05-04T21:52:48.581808,32.039,8349466167,2040,6251,44,100,0
1777924368.5961022,2026-05-04T21:52:48.596102,32.039,8349466167,2040,6251,44,100,0
1777924368.6086874,2026-05-04T21:52:48.608687,32.039,8349466167,2040,6251,44,100,0
1777924368.6213617,2026-05-04T21:52:48.621362,32.022,8349466167,2040,6251,44,100,0
1777924368.635982,2026-05-04T21:52:48.635982,32.022,8349466167,2040,6251,44,100,0
1777924368.6484032,2026-05-04T21:52:48.648403,32.022,8349466167,2040,6251,44,100,0
1777924368.6609757,2026-05-04T21:52:48.660976,32.022,8349469340,2040,6251,44,100,0
1777924368.6786327,2026-05-04T21:52:48.678633,32.022,8349469340,2040,6251,44,100,0
1777924368.6909657,2026-05-04T21:52:48.690966,32.022,8349469340,2040,6251,44,100,0
1777924368.703417,2026-05-04T21:52:48.703417,32.022,8349469340,2040,6251,44,100,0
1777924368.7161374,2026-05-04T21:52:48.716137,31.961,8349469340,2040,6251,44,100,0
1777924368.7286415,2026-05-04T21:52:48.728642,31.961,8349469340,2040,6251,44,100,0
1777924368.7412367,2026-05-04T21:52:48.741237,31.961,8349469340,2040,6251,44,100,0
1777924368.7559934,2026-05-04T21:52:48.755993,31.961,8349472467,2040,6251,44,100,0
1777924368.7693467,2026-05-04T21:52:48.769347,31.961,8349472467,2040,6251,44,100,0
1777924368.7819078,2026-05-04T21:52:48.781908,31.961,8349472467,2040,6251,44,100,0
1777924368.7960367,2026-05-04T21:52:48.796037,31.961,8349472467,2040,6251,44,100,0
1777924368.8191106,2026-05-04T21:52:48.819111,31.865,8349472467,2040,6251,44,100,0
1777924368.8442397,2026-05-04T21:52:48.844240,31.865,8349472467,2040,6251,44,100,0
1777924368.8645308,2026-05-04T21:52:48.864531,31.865,8349475819,2040,6251,44,100,0
1777924368.8848274,2026-05-04T21:52:48.884827,31.865,8349475819,2040,6251,44,100,0
1777924368.9057074,2026-05-04T21:52:48.905707,31.865,8349475819,2040,6251,44,100,0
1777924368.9248798,2026-05-04T21:52:48.924880,32.174,8349475819,2040,6251,44,100,0
1777924368.9418828,2026-05-04T21:52:48.941883,32.174,8349475819,2040,6251,44,100,0
1777924368.9595635,2026-05-04T21:52:48.959563,32.174,8349479351,2040,6251,44,100,0
1777924368.9822404,2026-05-04T21:52:48.982240,32.174,8349479351,2040,6251,44,100,0
1777924369.001713,2026-05-04T21:52:49.001713,32.174,8349479351,2040,6251,44,100,0
1777924369.020664,2026-05-04T21:52:49.020664,32.484,8349479351,2040,6251,44,100,0
1777924369.044364,2026-05-04T21:52:49.044364,32.484,8349479351,2040,6251,44,100,0
1777924369.0646625,2026-05-04T21:52:49.064662,32.484,8349482894,2040,6251,44,100,0
1777924369.0816903,2026-05-04T21:52:49.081690,32.484,8349482894,2040,6251,44,100,0
1777924369.1010623,2026-05-04T21:52:49.101062,32.484,8349482894,2040,6251,44,100,0
1777924369.1202493,2026-05-04T21:52:49.120249,32.796,8349482894,2040,6251,44,100,0
1777924369.1439152,2026-05-04T21:52:49.143915,32.796,8349482894,2040,6251,44,100,0
1777924369.1643465,2026-05-04T21:52:49.164346,32.796,8349486437,2040,6251,44,100,0
1777924369.1845522,2026-05-04T21:52:49.184552,32.796,8349486437,2040,6251,44,100,0
1777924369.2027793,2026-05-04T21:52:49.202779,32.796,8349486437,2040,6251,44,100,0
1777924369.2223701,2026-05-04T21:52:49.222370,33.116,8349486437,2040,6251,44,100,1
1777924369.2415802,2026-05-04T21:52:49.241580,33.116,8349486437,2040,6251,44,100,1
1777924369.2608733,2026-05-04T21:52:49.260873,33.116,8349489974,2040,6251,44,100,1
1777924369.2836316,2026-05-04T21:52:49.283632,33.116,8349489974,2040,6251,44,100,1
1777924369.3041866,2026-05-04T21:52:49.304187,33.116,8349489974,2040,6251,44,100,1
1777924369.3201125,2026-05-04T21:52:49.320112,33.454,8349489974,2040,6251,44,100,1
1777924369.3396132,2026-05-04T21:52:49.339613,33.454,8349489974,2040,6251,45,100,1
1777924369.360088,2026-05-04T21:52:49.360088,33.454,8349493515,2040,6251,45,100,1
1777924369.380752,2026-05-04T21:52:49.380752,33.454,8349493515,2040,6251,45,100,1
1777924369.4017487,2026-05-04T21:52:49.401749,33.454,8349493515,2040,6251,45,100,1
1777924369.4222085,2026-05-04T21:52:49.422209,33.771,8349493515,2040,6251,45,100,1
1777924369.4446933,2026-05-04T21:52:49.444693,33.771,8349493515,2040,6251,45,100,1
1777924369.4652703,2026-05-04T21:52:49.465270,33.771,8349497055,2040,6251,45,100,1
1777924369.485132,2026-05-04T21:52:49.485132,33.771,8349497055,2040,6251,45,100,1
1777924369.502702,2026-05-04T21:52:49.502702,33.771,8349497055,2040,6251,45,100,1
1777924369.5198603,2026-05-04T21:52:49.519860,34.085,8349497055,2040,6251,45,100,1
1777924369.5392818,2026-05-04T21:52:49.539282,34.085,8349497055,2040,6251,45,100,1
1777924369.5594015,2026-05-04T21:52:49.559402,34.085,8349500598,2040,6251,45,100,1
1777924369.5807538,2026-05-04T21:52:49.580754,34.085,8349500598,2040,6251,45,100,1
1777924369.6001189,2026-05-04T21:52:49.600119,34.085,8349500598,2040,6251,45,100,1
1777924369.6206129,2026-05-04T21:52:49.620613,34.404,8349500598,2040,6251,45,100,1
1777924369.6424978,2026-05-04T21:52:49.642498,34.404,8349500598,2040,6251,45,100,1
1777924369.661951,2026-05-04T21:52:49.661951,34.404,8349504138,2040,6251,45,100,1
1777924369.68121,2026-05-04T21:52:49.681210,34.404,8349504138,2040,6251,45,100,1
1777924369.7014134,2026-05-04T21:52:49.701413,34.404,8349504138,2040,6251,45,100,1
1777924369.7202773,2026-05-04T21:52:49.720277,34.727,8349504138,2040,6251,45,100,1
1777924369.7456932,2026-05-04T21:52:49.745693,34.727,8349504138,2040,6251,45,100,1
1777924369.7663662,2026-05-04T21:52:49.766366,34.727,8349507680,2040,6251,45,100,1
1777924369.784288,2026-05-04T21:52:49.784288,34.727,8349507680,2040,6251,45,100,1
1777924369.8041103,2026-05-04T21:52:49.804110,34.727,8349507680,2040,6251,45,100,1
1777924369.8228774,2026-05-04T21:52:49.822877,35.088,8349507680,2040,6251,45,100,0
1777924369.845596,2026-05-04T21:52:49.845596,35.088,8349507680,2040,6251,45,100,0
1777924369.8638957,2026-05-04T21:52:49.863896,35.088,8349511222,2040,6251,45,100,0
1777924369.8836493,2026-05-04T21:52:49.883649,35.088,8349511222,2040,6251,45,100,0
1777924369.9023173,2026-05-04T21:52:49.902317,35.088,8349511222,2040,6251,45,100,0
1777924369.9242575,2026-05-04T21:52:49.924258,35.465,8349511222,2040,6251,45,100,0
1777924369.947741,2026-05-04T21:52:49.947741,35.465,8349511222,2040,6251,45,100,0
1777924369.9690976,2026-05-04T21:52:49.969098,35.465,8349514768,2040,6251,45,100,0
1777924369.9918203,2026-05-04T21:52:49.991820,35.465,8349514768,2040,6251,45,100,0
1777924370.0137203,2026-05-04T21:52:50.013720,35.465,8349514768,2040,6251,45,100,0
1777924370.0311234,2026-05-04T21:52:50.031123,35.474,8349514768,2040,6251,45,100,1
1777924370.0481753,2026-05-04T21:52:50.048175,35.474,8349514768,2040,6251,45,100,1
1777924370.066943,2026-05-04T21:52:50.066943,35.474,8349518313,2040,6251,45,100,1
1777924370.0862892,2026-05-04T21:52:50.086289,35.474,8349518313,2040,6251,45,100,1
1777924370.0999582,2026-05-04T21:52:50.099958,35.474,8349518313,2040,6251,45,100,1
1777924370.1156912,2026-05-04T21:52:50.115691,35.474,8349518313,2040,6251,45,100,1
1777924370.1282759,2026-05-04T21:52:50.128276,35.484,8349518313,2040,6251,45,100,1
1777924370.1411457,2026-05-04T21:52:50.141146,35.484,8349518313,2040,6251,45,100,1
1777924370.1557136,2026-05-04T21:52:50.155714,35.484,8349522241,2040,6251,45,100,1
1777924370.1690004,2026-05-04T21:52:50.169000,35.484,8349522241,2040,6251,45,100,1
1777924370.1817718,2026-05-04T21:52:50.181772,35.484,8349522241,2040,6251,45,100,1
1777924370.1957037,2026-05-04T21:52:50.195704,35.484,8349522241,2040,6251,45,100,1
1777924370.2082996,2026-05-04T21:52:50.208300,35.484,8349522241,2040,6251,45,100,1
1777924370.2210708,2026-05-04T21:52:50.221071,35.484,8349522241,2040,6251,45,100,1
1777924370.2386734,2026-05-04T21:52:50.238673,36.063,8349522241,2040,6251,45,100,2
1777924370.2595258,2026-05-04T21:52:50.259526,36.063,8349526237,2040,6251,45,100,2
1777924370.2767425,2026-05-04T21:52:50.276742,36.063,8349526237,2040,6251,45,100,2
1777924370.2892938,2026-05-04T21:52:50.289294,36.063,8349526237,2040,6251,45,100,2
1777924370.3021362,2026-05-04T21:52:50.302136,36.063,8349526237,2040,6251,45,100,2
1777924370.315669,2026-05-04T21:52:50.315669,36.063,8349526237,2040,6251,45,100,2
1777924370.3395877,2026-05-04T21:52:50.339588,36.043,8349526237,2040,6251,45,100,2
1777924370.3621705,2026-05-04T21:52:50.362170,36.043,8349530073,2040,6251,45,100,2
1777924370.3759437,2026-05-04T21:52:50.375944,36.043,8349530073,2040,6251,45,100,2
1777924370.388439,2026-05-04T21:52:50.388439,36.043,8349530073,2040,6251,45,100,2
1777924370.4012184,2026-05-04T21:52:50.401218,36.043,8349530073,2040,6251,45,100,2
1777924370.4155705,2026-05-04T21:52:50.415570,36.043,8349530073,2040,6251,45,100,2
1777924370.4280314,2026-05-04T21:52:50.428031,36.043,8349530073,2040,6251,45,100,2
1777924370.44065,2026-05-04T21:52:50.440650,36.347,8349530073,2040,6251,45,100,2
1777924370.4609776,2026-05-04T21:52:50.460978,36.347,8349534432,2040,6251,45,100,2
1777924370.4761038,2026-05-04T21:52:50.476104,36.347,8349534432,2040,6251,45,100,2
1777924370.4887092,2026-05-04T21:52:50.488709,36.347,8349534432,2040,6251,45,100,2
1777924370.5013835,2026-05-04T21:52:50.501384,36.347,8349534432,2040,6251,45,100,2
1777924370.5158708,2026-05-04T21:52:50.515871,36.347,8349534432,2040,6251,45,100,2
1777924370.5283525,2026-05-04T21:52:50.528352,36.347,8349534432,2040,6251,45,100,2
1777924370.5411055,2026-05-04T21:52:50.541106,36.696,8349534432,2040,6251,45,100,2
1777924370.555413,2026-05-04T21:52:50.555413,36.696,8349538691,2040,6251,45,100,2
1777924370.5688443,2026-05-04T21:52:50.568844,36.696,8349538691,2040,6251,45,100,2
1777924370.5815244,2026-05-04T21:52:50.581524,36.696,8349538691,2040,6251,45,100,2
1777924370.5955713,2026-05-04T21:52:50.595571,36.696,8349538691,2040,6251,45,100,2
1777924370.6079452,2026-05-04T21:52:50.607945,36.696,8349538691,2040,6251,45,100,2
1777924370.6206844,2026-05-04T21:52:50.620684,36.696,8349538691,2040,6251,45,100,2
1777924370.6353843,2026-05-04T21:52:50.635384,36.61,8349538691,2040,6251,45,100,4
1777924370.6478648,2026-05-04T21:52:50.647865,36.61,8349538691,2040,6251,45,100,4
1777924370.6606154,2026-05-04T21:52:50.660615,36.61,8349541916,2040,6251,45,100,4
1777924370.6759756,2026-05-04T21:52:50.675976,36.61,8349541916,2040,6251,45,100,4
1777924370.688401,2026-05-04T21:52:50.688401,36.61,8349541916,2040,6251,45,100,4
1777924370.7011137,2026-05-04T21:52:50.701114,36.61,8349541916,2040,6251,45,100,4
1777924370.7155468,2026-05-04T21:52:50.715547,36.61,8349541916,2040,6251,45,100,4
1777924370.7279131,2026-05-04T21:52:50.727913,36.61,8349541916,2040,6251,45,100,4
1777924370.7405255,2026-05-04T21:52:50.740525,36.189,8349541916,2040,6251,44,100,4
1777924370.7553887,2026-05-04T21:52:50.755389,36.189,8349545114,2040,6251,44,100,4
1777924370.7688425,2026-05-04T21:52:50.768842,36.189,8349545114,2040,6251,44,100,4
1777924370.781507,2026-05-04T21:52:50.781507,36.189,8349545114,2040,6251,44,100,4
1777924370.7956805,2026-05-04T21:52:50.795681,36.189,8349545114,2040,6251,44,100,4
1777924370.8081021,2026-05-04T21:52:50.808102,36.189,8349545114,2040,6251,44,100,4
1777924370.8207939,2026-05-04T21:52:50.820794,36.189,8349545114,2040,6251,44,100,4
1777924370.8352919,2026-05-04T21:52:50.835292,35.928,8349545114,2040,6251,44,100,0
1777924370.8477979,2026-05-04T21:52:50.847798,35.928,8349545114,2040,6251,44,100,0
1777924370.8604817,2026-05-04T21:52:50.860482,35.928,8349548306,2040,6251,44,100,0
1777924370.8758082,2026-05-04T21:52:50.875808,35.928,8349548306,2040,6251,44,100,0
1777924370.88822,2026-05-04T21:52:50.888220,35.928,8349548306,2040,6251,44,100,0
1777924370.9009497,2026-05-04T21:52:50.900950,35.928,8349548306,2040,6251,44,100,0
1777924370.9154348,2026-05-04T21:52:50.915435,35.928,8349548306,2040,6251,44,100,0
1777924370.9278553,2026-05-04T21:52:50.927855,35.928,8349548306,2040,6251,44,100,0
1777924370.9405115,2026-05-04T21:52:50.940511,35.569,8349548306,2040,6251,44,100,0
1777924370.9552922,2026-05-04T21:52:50.955292,35.569,8349551503,2040,6251,44,100,0
1777924370.9687142,2026-05-04T21:52:50.968714,35.569,8349551503,2040,6251,44,100,0
1777924370.9814065,2026-05-04T21:52:50.981406,35.569,8349551503,2040,6251,44,100,0
1777924370.9954462,2026-05-04T21:52:50.995446,35.569,8349551503,2040,6251,44,100,0
1777924371.0079293,2026-05-04T21:52:51.007929,35.569,8349551503,2040,6251,44,100,0
1777924371.0206153,2026-05-04T21:52:51.020615,35.569,8349551503,2040,6251,44,100,0
1777924371.0351956,2026-05-04T21:52:51.035196,35.246,8349551503,2040,6251,44,100,0
1777924371.047743,2026-05-04T21:52:51.047743,35.246,8349551503,2040,6251,44,100,0
1777924371.0603247,2026-05-04T21:52:51.060325,35.246,8349554689,2040,6251,44,100,0
1777924371.0758998,2026-05-04T21:52:51.075900,35.246,8349554689,2040,6251,44,100,0
1777924371.0883143,2026-05-04T21:52:51.088314,35.246,8349554689,2040,6251,44,100,0
1777924371.1010199,2026-05-04T21:52:51.101020,35.246,8349554689,2040,6251,44,100,0
1777924371.1152818,2026-05-04T21:52:51.115282,35.246,8349554689,2040,6251,44,100,0
1777924371.1276112,2026-05-04T21:52:51.127611,35.246,8349554689,2040,6251,44,100,0
1777924371.1402059,2026-05-04T21:52:51.140206,34.932,8349554689,2040,6251,44,100,0
1777924371.1551907,2026-05-04T21:52:51.155191,34.932,8349557874,2040,6251,44,100,0
1777924371.1686034,2026-05-04T21:52:51.168603,34.932,8349557874,2040,6251,44,100,0
1777924371.1812692,2026-05-04T21:52:51.181269,34.932,8349557874,2040,6251,44,100,0
1777924371.1952667,2026-05-04T21:52:51.195267,34.932,8349557874,2040,6251,44,100,0
1777924371.207782,2026-05-04T21:52:51.207782,34.932,8349557874,2040,6251,44,100,0
1777924371.22049,2026-05-04T21:52:51.220490,34.932,8349557874,2040,6251,44,100,0
1777924371.2351654,2026-05-04T21:52:51.235165,34.61,8349557874,2040,6251,44,100,0
1777924371.247605,2026-05-04T21:52:51.247605,34.61,8349557874,2040,6251,44,100,0
1777924371.260292,2026-05-04T21:52:51.260292,34.61,8349561071,2040,6251,44,100,0
1777924371.2757378,2026-05-04T21:52:51.275738,34.61,8349561071,2040,6251,44,100,0
1777924371.288126,2026-05-04T21:52:51.288126,34.61,8349561071,2040,6251,44,100,0
1777924371.3007596,2026-05-04T21:52:51.300760,34.61,8349561071,2040,6251,44,100,0
1777924371.3152137,2026-05-04T21:52:51.315214,34.61,8349561071,2040,6251,44,100,0
1777924371.327571,2026-05-04T21:52:51.327571,34.61,8349561071,2040,6251,44,100,0
1777924371.3402097,2026-05-04T21:52:51.340210,33.76,8349561071,2040,6251,44,100,0
1777924371.355402,2026-05-04T21:52:51.355402,33.76,8349564250,2040,6251,44,100,0
1777924371.3685107,2026-05-04T21:52:51.368511,33.76,8349564250,2040,6251,44,100,0
1777924371.3812013,2026-05-04T21:52:51.381201,33.76,8349564250,2040,6251,44,100,0
1777924371.3952458,2026-05-04T21:52:51.395246,33.76,8349564250,2040,6251,44,100,0
1777924371.4076667,2026-05-04T21:52:51.407667,33.76,8349564250,2040,6251,44,100,0
1777924371.4202855,2026-05-04T21:52:51.420285,33.76,8349564250,2040,6251,44,100,0
1777924371.435053,2026-05-04T21:52:51.435053,32.86,8349564250,2040,6251,44,100,0
1777924371.4477274,2026-05-04T21:52:51.447727,32.86,8349564250,2040,6251,44,100,0
1777924371.4604485,2026-05-04T21:52:51.460449,32.86,8349567436,2040,6251,44,100,0
1777924371.4755857,2026-05-04T21:52:51.475586,32.86,8349567436,2040,6251,44,100,0
1777924371.4880223,2026-05-04T21:52:51.488022,32.86,8349567436,2040,6251,44,100,0
1777924371.5007617,2026-05-04T21:52:51.500762,32.86,8349567436,2040,6251,44,100,0
1777924371.515151,2026-05-04T21:52:51.515151,32.86,8349567436,2040,6251,44,100,0
1777924371.527541,2026-05-04T21:52:51.527541,32.86,8349567436,2040,6251,44,100,0
1777924371.5402126,2026-05-04T21:52:51.540213,32.777,8349567436,2040,6251,44,100,0
1777924371.5551138,2026-05-04T21:52:51.555114,32.777,8349570630,2040,6251,44,100,0
1777924371.5685234,2026-05-04T21:52:51.568523,32.777,8349570630,2040,6251,44,100,0
1777924371.5811584,2026-05-04T21:52:51.581158,32.777,8349570630,2040,6251,44,100,0
1777924371.5952864,2026-05-04T21:52:51.595286,32.777,8349570630,2040,6251,44,100,0
1777924371.6076527,2026-05-04T21:52:51.607653,32.777,8349570630,2040,6251,44,100,0
1777924371.6202219,2026-05-04T21:52:51.620222,32.777,8349570630,2040,6251,44,100,0
1777924371.6352353,2026-05-04T21:52:51.635235,32.119,8349570630,2040,6251,44,100,0
1777924371.647714,2026-05-04T21:52:51.647714,32.119,8349570630,2040,6251,44,100,0
1777924371.6602995,2026-05-04T21:52:51.660300,32.119,8349573750,2040,6251,44,100,0
1777924371.6755054,2026-05-04T21:52:51.675505,32.119,8349573750,2040,6251,44,100,0
1777924371.6878793,2026-05-04T21:52:51.687879,32.119,8349573750,2040,6251,44,100,0
1777924371.7004752,2026-05-04T21:52:51.700475,32.119,8349573750,2040,6251,44,100,0
1777924371.7150736,2026-05-04T21:52:51.715074,32.119,8349573750,2040,6251,44,100,0
1777924371.727492,2026-05-04T21:52:51.727492,32.119,8349573750,2040,6251,44,100,0
1777924371.7400591,2026-05-04T21:52:51.740059,31.911,8349573750,2040,6251,44,100,0
1777924371.7550125,2026-05-04T21:52:51.755013,31.911,8349576871,2040,6251,44,100,0
1777924371.7684875,2026-05-04T21:52:51.768487,31.911,8349576871,2040,6251,44,100,0
1777924371.7811592,2026-05-04T21:52:51.781159,31.911,8349576871,2040,6251,44,100,0
1777924371.7952218,2026-05-04T21:52:51.795222,31.911,8349576871,2040,6251,44,100,0
1777924371.8076549,2026-05-04T21:52:51.807655,31.911,8349576871,2040,6251,44,100,0
1777924371.8202283,2026-05-04T21:52:51.820228,31.911,8349576871,2040,6251,44,100,0
1777924371.8349936,2026-05-04T21:52:51.834994,31.911,8349576871,2040,6251,44,100,0
1777924371.8476298,2026-05-04T21:52:51.847630,31.911,8349576871,2040,6251,44,100,0
1777924371.8603122,2026-05-04T21:52:51.860312,31.911,8349580048,2040,6251,44,100,0
1777924371.8778634,2026-05-04T21:52:51.877863,31.911,8349580048,2040,6251,44,100,0
1777924371.8903186,2026-05-04T21:52:51.890319,31.911,8349580048,2040,6251,44,100,0
1777924371.9029224,2026-05-04T21:52:51.902922,31.911,8349580048,2040,6251,44,100,0
1777924371.9155009,2026-05-04T21:52:51.915501,31.911,8349580048,2040,6251,44,100,0
1777924371.9279037,2026-05-04T21:52:51.927904,31.911,8349580048,2040,6251,44,100,0
1777924371.9510715,2026-05-04T21:52:51.951072,31.876,8349583295,2040,6251,44,100,0
1777924371.9737947,2026-05-04T21:52:51.973795,31.876,8349583295,2040,6251,44,100,0
1777924371.9885845,2026-05-04T21:52:51.988585,31.876,8349583295,2040,6251,44,100,0
1777924372.0014334,2026-05-04T21:52:52.001433,31.876,8349583295,2040,6251,44,100,0
1777924372.0149899,2026-05-04T21:52:52.014990,31.876,8349583295,2040,6251,44,100,0
1777924372.0275092,2026-05-04T21:52:52.027509,31.876,8349583295,2040,6251,44,100,0
1777924372.0481129,2026-05-04T21:52:52.048113,32.159,8349583295,2040,6251,44,100,0
1777924372.0688615,2026-05-04T21:52:52.068861,32.159,8349586727,2040,6251,44,100,0
1777924372.0847783,2026-05-04T21:52:52.084778,32.159,8349586727,2040,6251,44,100,0
1777924372.1048937,2026-05-04T21:52:52.104894,32.159,8349586727,2040,6251,44,100,0
1777924372.126264,2026-05-04T21:52:52.126264,32.159,8349586727,2040,6251,44,100,0
1777924372.1514869,2026-05-04T21:52:52.151487,32.421,8349590269,2040,6251,44,100,0
1777924372.179423,2026-05-04T21:52:52.179423,32.421,8349590269,2040,6251,44,100,0
1777924372.204812,2026-05-04T21:52:52.204812,32.421,8349590269,2040,6251,44,100,0
1777924372.226557,2026-05-04T21:52:52.226557,32.421,8349590269,2040,6251,44,100,0
1777924372.2494552,2026-05-04T21:52:52.249455,32.742,8349593804,2040,6251,44,100,0
1777924372.2739174,2026-05-04T21:52:52.273917,32.742,8349593804,2040,6251,44,100,1
1777924372.2958925,2026-05-04T21:52:52.295892,32.742,8349593804,2040,6251,44,100,1
1777924372.3171623,2026-05-04T21:52:52.317162,32.742,8349593804,2040,6251,44,100,1
1777924372.3411653,2026-05-04T21:52:52.341165,32.742,8349593804,2040,6251,44,100,1
1777924372.3646245,2026-05-04T21:52:52.364625,33.339,8349597330,2040,6251,44,100,1
1777924372.3898773,2026-05-04T21:52:52.389877,33.339,8349597330,2040,6251,44,100,1
1777924372.4122748,2026-05-04T21:52:52.412275,33.339,8349597330,2040,6251,44,100,1
1777924372.432058,2026-05-04T21:52:52.432058,33.339,8349597330,2040,6251,44,100,1
1777924372.4504588,2026-05-04T21:52:52.450459,33.339,8349600872,2040,6251,45,100,0
1777924372.4819162,2026-05-04T21:52:52.481916,33.339,8349600872,2040,6251,45,100,0
1777924372.5017462,2026-05-04T21:52:52.501746,33.339,8349600872,2040,6251,45,100,0
1777924372.5252736,2026-05-04T21:52:52.525274,33.339,8349600872,2040,6251,45,100,0
1777924372.5503445,2026-05-04T21:52:52.550344,33.679,8349604421,2040,6251,45,100,0
1777924372.5803878,2026-05-04T21:52:52.580388,33.679,8349604421,2040,6251,45,100,0
1777924372.6003208,2026-05-04T21:52:52.600321,33.679,8349604421,2040,6251,45,100,0
1777924372.6221836,2026-05-04T21:52:52.622184,33.679,8349604421,2040,6251,45,100,0
1777924372.6437778,2026-05-04T21:52:52.643778,33.679,8349604421,2040,6251,45,100,0
1777924372.6671531,2026-05-04T21:52:52.667153,33.99,8349607949,2040,6251,45,100,1
1777924372.686578,2026-05-04T21:52:52.686578,33.99,8349607949,2040,6251,45,100,1
1777924372.706671,2026-05-04T21:52:52.706671,33.99,8349607949,2040,6251,45,100,1
1777924372.7251425,2026-05-04T21:52:52.725142,33.99,8349607949,2040,6251,45,100,1
1777924372.7447028,2026-05-04T21:52:52.744703,33.99,8349607949,2040,6251,45,100,1
1777924372.7703881,2026-05-04T21:52:52.770388,34.295,8349611522,2040,6251,45,100,1
1777924372.7904499,2026-05-04T21:52:52.790450,34.295,8349611522,2040,6251,45,100,1
1777924372.8105142,2026-05-04T21:52:52.810514,34.295,8349611522,2040,6251,45,100,1
1777924372.8295794,2026-05-04T21:52:52.829579,34.295,8349611522,2040,6251,45,100,1
1777924372.848525,2026-05-04T21:52:52.848525,34.733,8349611522,2040,6251,45,100,0
1777924372.8691502,2026-05-04T21:52:52.869150,34.733,8349615073,2040,6251,45,100,0
1777924372.8896172,2026-05-04T21:52:52.889617,34.733,8349615073,2040,6251,45,100,0
1777924372.9078178,2026-05-04T21:52:52.907818,34.733,8349615073,2040,6251,45,100,0
1777924372.9270654,2026-05-04T21:52:52.927065,34.733,8349615073,2040,6251,45,100,0
1777924372.9461179,2026-05-04T21:52:52.946118,35.372,8349615073,2040,6251,45,100,0
1777924372.9589288,2026-05-04T21:52:52.958929,35.372,8349618609,2040,6251,45,100,0
1777924372.9800632,2026-05-04T21:52:52.980063,35.372,8349618609,2040,6251,45,100,0
1777924373.0011053,2026-05-04T21:52:53.001105,35.372,8349618609,2040,6251,45,100,0
1777924373.021199,2026-05-04T21:52:53.021199,35.372,8349618609,2040,6251,45,100,0
1777924373.0406692,2026-05-04T21:52:53.040669,35.372,8349618609,2040,6251,45,100,0
1777924373.060653,2026-05-04T21:52:53.060653,35.674,8349622178,2040,6251,45,100,1
1777924373.080138,2026-05-04T21:52:53.080138,35.674,8349622178,2040,6251,45,100,1
1777924373.0977798,2026-05-04T21:52:53.097780,35.674,8349622178,2040,6251,45,100,1
1777924373.1152756,2026-05-04T21:52:53.115276,35.674,8349622178,2040,6251,45,100,1
1777924373.127892,2026-05-04T21:52:53.127892,35.674,8349622178,2040,6251,45,100,1
1777924373.14069,2026-05-04T21:52:53.140690,35.674,8349622178,2040,6251,45,100,1
1777924373.1546557,2026-05-04T21:52:53.154656,35.719,8349625989,2040,6251,45,100,1
1777924373.1681206,2026-05-04T21:52:53.168121,35.719,8349625989,2040,6251,45,100,1
1777924373.1808789,2026-05-04T21:52:53.180879,35.719,8349625989,2040,6251,45,100,1
1777924373.1947582,2026-05-04T21:52:53.194758,35.719,8349625989,2040,6251,45,100,1
1777924373.2073152,2026-05-04T21:52:53.207315,35.719,8349625989,2040,6251,45,100,1
1777924373.2222815,2026-05-04T21:52:53.222281,35.719,8349625989,2040,6251,45,100,1
1777924373.2391353,2026-05-04T21:52:53.239135,35.719,8349625989,2040,6251,45,100,1
1777924373.2586446,2026-05-04T21:52:53.258645,36.422,8349629922,2040,6251,45,100,2
1777924373.2804065,2026-05-04T21:52:53.280406,36.422,8349629922,2040,6251,45,100,2
1777924373.3004248,2026-05-04T21:52:53.300425,36.422,8349629922,2040,6251,45,100,2
1777924373.31527,2026-05-04T21:52:53.315270,36.422,8349629922,2040,6251,45,100,2
1777924373.3278346,2026-05-04T21:52:53.327835,36.422,8349629922,2040,6251,45,100,2
1777924373.340562,2026-05-04T21:52:53.340562,36.422,8349629922,2040,6251,45,100,2
1777924373.3613553,2026-05-04T21:52:53.361355,36.619,8349633695,2040,6251,45,100,2
1777924373.3827326,2026-05-04T21:52:53.382733,36.619,8349633695,2040,6251,45,100,2
1777924373.395851,2026-05-04T21:52:53.395851,36.619,8349633695,2040,6251,45,100,2
1777924373.418733,2026-05-04T21:52:53.418733,36.619,8349633695,2040,6251,45,100,2
1777924373.4363565,2026-05-04T21:52:53.436357,36.619,8349633695,2040,6251,45,100,2
1777924373.458594,2026-05-04T21:52:53.458594,36.741,8349637367,2040,6251,45,100,1
1777924373.4803162,2026-05-04T21:52:53.480316,36.741,8349637367,2040,6251,45,100,1
1777924373.4946976,2026-05-04T21:52:53.494698,36.741,8349637367,2040,6251,45,100,1
1777924373.5071547,2026-05-04T21:52:53.507155,36.741,8349637367,2040,6251,45,100,1
1777924373.5262241,2026-05-04T21:52:53.526224,36.741,8349637367,2040,6251,45,100,1
1777924373.5441613,2026-05-04T21:52:53.544161,36.741,8349637367,2040,6251,45,100,1
1777924373.5627074,2026-05-04T21:52:53.562707,36.801,8349641055,2040,6251,45,100,1
1777924373.58207,2026-05-04T21:52:53.582070,36.801,8349641055,2040,6251,45,100,1
1777924373.6021,2026-05-04T21:52:53.602100,36.801,8349641055,2040,6251,45,100,1
1777924373.621907,2026-05-04T21:52:53.621907,36.801,8349641055,2040,6251,45,100,1
1777924373.6384335,2026-05-04T21:52:53.638433,36.801,8349641055,2040,6251,45,100,1
1777924373.657579,2026-05-04T21:52:53.657579,36.809,8349644606,2040,6251,45,100,1
1777924373.6833582,2026-05-04T21:52:53.683358,36.809,8349644606,2040,6251,45,100,1
1777924373.7021341,2026-05-04T21:52:53.702134,36.809,8349644606,2040,6251,45,100,1
1777924373.7211344,2026-05-04T21:52:53.721134,36.809,8349644606,2040,6251,45,100,1
1777924373.735181,2026-05-04T21:52:53.735181,36.809,8349644606,2040,6251,45,100,1
1777924373.749091,2026-05-04T21:52:53.749091,36.809,8349644606,2040,6251,45,100,1
1777924373.7686324,2026-05-04T21:52:53.768632,36.921,8349648252,2040,6251,45,100,1
1777924373.786252,2026-05-04T21:52:53.786252,36.921,8349648252,2040,6251,45,100,1
1777924373.8041492,2026-05-04T21:52:53.804149,36.921,8349648252,2040,6251,45,100,1
1777924373.8242023,2026-05-04T21:52:53.824202,36.921,8349648252,2040,6251,45,100,1
1777924373.8434312,2026-05-04T21:52:53.843431,36.921,8349648252,2040,6251,45,100,1
1777924373.863304,2026-05-04T21:52:53.863304,36.869,8349651802,2040,6251,45,100,1
1777924373.886512,2026-05-04T21:52:53.886512,36.869,8349651802,2040,6251,45,100,1
1777924373.8992777,2026-05-04T21:52:53.899278,36.869,8349651802,2040,6251,45,100,1
1777924373.9145288,2026-05-04T21:52:53.914529,36.869,8349651802,2040,6251,45,100,1
1777924373.9271498,2026-05-04T21:52:53.927150,36.869,8349651802,2040,6251,45,100,1
1777924373.9452233,2026-05-04T21:52:53.945223,36.869,8349651802,2040,6251,45,100,1
1777924373.964226,2026-05-04T21:52:53.964226,36.913,8349655562,2040,6251,45,100,1
1777924373.9858751,2026-05-04T21:52:53.985875,36.913,8349655562,2040,6251,45,100,1
1777924374.0056405,2026-05-04T21:52:54.005641,36.913,8349655562,2040,6251,45,100,1
1777924374.0256243,2026-05-04T21:52:54.025624,36.913,8349655562,2040,6251,45,100,1
1777924374.041729,2026-05-04T21:52:54.041729,36.913,8349655562,2040,6251,45,100,1
1777924374.0597556,2026-05-04T21:52:54.059756,36.913,8349659126,2040,6251,45,100,1
1777924374.0820184,2026-05-04T21:52:54.082018,36.646,8349659126,2040,6251,45,100,0
1777924374.099545,2026-05-04T21:52:54.099545,36.646,8349659126,2040,6251,45,100,0
1777924374.11554,2026-05-04T21:52:54.115540,36.646,8349659126,2040,6251,45,100,0
1777924374.1374533,2026-05-04T21:52:54.137453,36.646,8349659126,2040,6251,45,100,0
1777924374.1573207,2026-05-04T21:52:54.157321,36.646,8349662687,2040,6251,45,100,0
1777924374.1780138,2026-05-04T21:52:54.178014,36.655,8349662687,2040,6251,45,100,0
1777924374.1968448,2026-05-04T21:52:54.196845,36.655,8349662687,2040,6251,45,100,0
1777924374.2169938,2026-05-04T21:52:54.216994,36.655,8349662687,2040,6251,45,100,0
1777924374.2378726,2026-05-04T21:52:54.237873,36.655,8349662687,2040,6251,45,100,0
1777924374.2504208,2026-05-04T21:52:54.250421,36.655,8349662687,2040,6251,45,100,0
1777924374.2630527,2026-05-04T21:52:54.263053,36.655,8349666517,2040,6251,45,100,0
1777924374.2756817,2026-05-04T21:52:54.275682,37.115,8349666517,2040,6251,45,100,3
1777924374.2883072,2026-05-04T21:52:54.288307,37.115,8349666517,2040,6251,45,100,3
1777924374.3010585,2026-05-04T21:52:54.301059,37.115,8349666517,2040,6251,45,100,3
1777924374.3144438,2026-05-04T21:52:54.314444,37.115,8349666517,2040,6251,45,100,3
1777924374.3396025,2026-05-04T21:52:54.339602,37.115,8349666517,2040,6251,45,100,3
1777924374.3548791,2026-05-04T21:52:54.354879,37.115,8349670738,2040,6251,45,100,3
1777924374.3675222,2026-05-04T21:52:54.367522,37.115,8349670738,2040,6251,45,100,3
1777924374.3800662,2026-05-04T21:52:54.380066,36.677,8349670738,2040,6251,45,100,3
1777924374.3943565,2026-05-04T21:52:54.394356,36.677,8349670738,2040,6251,45,100,3
1777924374.4067173,2026-05-04T21:52:54.406717,36.677,8349670738,2040,6251,45,100,3
1777924374.41948,2026-05-04T21:52:54.419480,36.677,8349670738,2040,6251,45,100,3
1777924374.4344692,2026-05-04T21:52:54.434469,36.677,8349670738,2040,6251,45,100,3
1777924374.4469004,2026-05-04T21:52:54.446900,36.677,8349670738,2040,6251,45,100,3
1777924374.459573,2026-05-04T21:52:54.459573,36.677,8349673928,2040,6251,45,100,3
1777924374.4747393,2026-05-04T21:52:54.474739,36.216,8349673928,2040,6251,45,100,0
1777924374.4871354,2026-05-04T21:52:54.487135,36.216,8349673928,2040,6251,45,100,0
1777924374.4997034,2026-05-04T21:52:54.499703,36.216,8349673928,2040,6251,45,100,0
1777924374.5142741,2026-05-04T21:52:54.514274,36.216,8349673928,2040,6251,45,100,0
1777924374.5266528,2026-05-04T21:52:54.526653,36.216,8349673928,2040,6251,45,100,0
1777924374.5392454,2026-05-04T21:52:54.539245,36.216,8349673928,2040,6251,45,100,0
1777924374.5541713,2026-05-04T21:52:54.554171,36.216,8349677075,2040,6251,45,100,0
1777924374.567545,2026-05-04T21:52:54.567545,36.216,8349677075,2040,6251,45,100,0
1777924374.5801992,2026-05-04T21:52:54.580199,35.81,8349677075,2040,6251,44,100,0
1777924374.5942657,2026-05-04T21:52:54.594266,35.81,8349677075,2040,6251,44,100,0
1777924374.6065958,2026-05-04T21:52:54.606596,35.81,8349677075,2040,6251,44,100,0
1777924374.6193116,2026-05-04T21:52:54.619312,35.81,8349677075,2040,6251,44,100,0
1777924374.6341498,2026-05-04T21:52:54.634150,35.81,8349677075,2040,6251,44,100,0
1777924374.6465075,2026-05-04T21:52:54.646508,35.81,8349677075,2040,6251,44,100,0
1777924374.6593194,2026-05-04T21:52:54.659319,35.81,8349680224,2040,6251,44,100,0
1777924374.6769016,2026-05-04T21:52:54.676902,35.444,8349680224,2040,6251,44,100,0
1777924374.689419,2026-05-04T21:52:54.689419,35.444,8349680224,2040,6251,44,100,0
1777924374.7019663,2026-05-04T21:52:54.701966,35.444,8349680224,2040,6251,44,100,0
1777924374.7146347,2026-05-04T21:52:54.714635,35.444,8349680224,2040,6251,44,100,0
1777924374.726978,2026-05-04T21:52:54.726978,35.444,8349680224,2040,6251,44,100,0
1777924374.739634,2026-05-04T21:52:54.739634,35.444,8349680224,2040,6251,44,100,0
1777924374.754102,2026-05-04T21:52:54.754102,35.444,8349683375,2040,6251,44,100,0
1777924374.7674718,2026-05-04T21:52:54.767472,35.444,8349683375,2040,6251,44,100,0
1777924374.780016,2026-05-04T21:52:54.780016,34.923,8349683375,2040,6251,44,100,0
1777924374.7942374,2026-05-04T21:52:54.794237,34.923,8349683375,2040,6251,44,100,0
1777924374.8066041,2026-05-04T21:52:54.806604,34.923,8349683375,2040,6251,44,100,0
1777924374.819276,2026-05-04T21:52:54.819276,34.923,8349683375,2040,6251,44,100,0
1777924374.834032,2026-05-04T21:52:54.834032,34.923,8349683375,2040,6251,44,100,0
1777924374.8462713,2026-05-04T21:52:54.846271,34.923,8349683375,2040,6251,44,100,0
1777924374.8589075,2026-05-04T21:52:54.858907,34.923,8349686515,2040,6251,44,100,0
1777924374.8769188,2026-05-04T21:52:54.876919,34.646,8349686515,2040,6251,44,100,0
1777924374.8894386,2026-05-04T21:52:54.889439,34.646,8349686515,2040,6251,44,100,0
1777924374.9020672,2026-05-04T21:52:54.902067,34.646,8349686515,2040,6251,44,100,0
1777924374.9147882,2026-05-04T21:52:54.914788,34.646,8349686515,2040,6251,44,100,0
1777924374.9271472,2026-05-04T21:52:54.927147,34.646,8349686515,2040,6251,44,100,0
1777924374.9397638,2026-05-04T21:52:54.939764,34.646,8349686515,2040,6251,44,100,0
1777924374.9541242,2026-05-04T21:52:54.954124,34.646,8349689672,2040,6251,44,100,0
1777924374.967413,2026-05-04T21:52:54.967413,34.646,8349689672,2040,6251,44,100,0
1777924374.9801009,2026-05-04T21:52:54.980101,34.135,8349689672,2040,6251,44,100,0
1777924374.9943168,2026-05-04T21:52:54.994317,34.135,8349689672,2040,6251,44,100,0
1777924375.006567,2026-05-04T21:52:55.006567,34.135,8349689672,2040,6251,44,100,0
1777924375.0190532,2026-05-04T21:52:55.019053,34.135,8349689672,2040,6251,44,100,0
1777924375.0376878,2026-05-04T21:52:55.037688,34.135,8349689672,2040,6251,44,100,0
1777924375.0574996,2026-05-04T21:52:55.057500,34.135,8349692882,2040,6251,44,100,0
1777924375.0825639,2026-05-04T21:52:55.082564,34.203,8349692882,2040,6251,44,100,0
1777924375.1029673,2026-05-04T21:52:55.102967,34.203,8349692882,2040,6251,44,100,0
1777924375.122255,2026-05-04T21:52:55.122255,34.203,8349692882,2040,6251,44,100,0
1777924375.141052,2026-05-04T21:52:55.141052,34.203,8349692882,2040,6251,44,100,0
1777924375.1563027,2026-05-04T21:52:55.156303,34.203,8349696371,2040,6251,44,100,0
1777924375.1689897,2026-05-04T21:52:55.168990,34.203,8349696371,2040,6251,44,100,0
1777924375.1816347,2026-05-04T21:52:55.181635,33.916,8349696371,2040,6251,44,100,0
1777924375.1945226,2026-05-04T21:52:55.194523,33.916,8349696371,2040,6251,44,100,0
1777924375.206957,2026-05-04T21:52:55.206957,33.916,8349696371,2040,6251,44,100,0
1777924375.2195575,2026-05-04T21:52:55.219558,33.916,8349696371,2040,6251,44,100,0
1777924375.2339272,2026-05-04T21:52:55.233927,33.916,8349696371,2040,6251,44,100,0
1777924375.2463415,2026-05-04T21:52:55.246341,33.916,8349696371,2040,6251,44,100,0
1777924375.2589228,2026-05-04T21:52:55.258923,33.916,8349699487,2040,6251,44,100,0
1777924375.2758253,2026-05-04T21:52:55.275825,33.518,8349699487,2040,6251,44,39,5
1777924375.2886002,2026-05-04T21:52:55.288600,33.518,8349699487,2040,6251,44,39,5
1777924375.3012247,2026-05-04T21:52:55.301225,33.518,8349699487,2040,6251,44,39,5
1777924375.3139684,2026-05-04T21:52:55.313968,33.518,8349699487,2040,6251,44,39,5
1777924375.3263645,2026-05-04T21:52:55.326365,33.518,8349699487,2040,6251,44,39,5
1777924375.33873,2026-05-04T21:52:55.338730,33.518,8349699487,2040,6251,44,39,5
1777924375.3536882,2026-05-04T21:52:55.353688,33.518,8349699487,2040,6251,44,39,5
1777924375.3660088,2026-05-04T21:52:55.366009,33.518,8349702620,2040,6251,44,39,5
1777924375.3783526,2026-05-04T21:52:55.378353,32.059,8349702620,2040,6251,44,39,5
1777924375.393845,2026-05-04T21:52:55.393845,32.059,8349702620,2040,6251,44,39,5
1777924375.40606,2026-05-04T21:52:55.406060,32.059,8349702620,2040,6251,44,39,5
1777924375.4184153,2026-05-04T21:52:55.418415,32.059,8349702620,2040,6251,44,39,5
1777924375.4337168,2026-05-04T21:52:55.433717,32.059,8349702620,2040,6251,44,39,5
1777924375.4459765,2026-05-04T21:52:55.445976,32.059,8349702620,2040,6251,44,39,5
1777924375.4583488,2026-05-04T21:52:55.458349,32.059,8349705635,2040,6251,44,39,5
1777924375.4764376,2026-05-04T21:52:55.476438,31.79,8349705635,2040,6251,44,100,0
1777924375.4888563,2026-05-04T21:52:55.488856,31.79,8349705635,2040,6251,44,100,0
1777924375.501244,2026-05-04T21:52:55.501244,31.79,8349705635,2040,6251,44,100,0
1777924375.5139062,2026-05-04T21:52:55.513906,31.79,8349705635,2040,6251,44,100,0
1777924375.526099,2026-05-04T21:52:55.526099,31.79,8349705635,2040,6251,44,100,0
1777924375.5384688,2026-05-04T21:52:55.538469,31.79,8349705635,2040,6251,44,100,0
1777924375.5538661,2026-05-04T21:52:55.553866,31.79,8349705635,2040,6251,44,100,0
1777924375.566083,2026-05-04T21:52:55.566083,31.79,8349708730,2040,6251,44,100,0
1777924375.5784373,2026-05-04T21:52:55.578437,31.703,8349708730,2040,6251,44,100,0
1777924375.5937874,2026-05-04T21:52:55.593787,31.703,8349708730,2040,6251,44,100,0
1777924375.6059687,2026-05-04T21:52:55.605969,31.703,8349708730,2040,6251,44,100,0
1777924375.6183538,2026-05-04T21:52:55.618354,31.703,8349708730,2040,6251,44,100,0
1777924375.6336074,2026-05-04T21:52:55.633607,31.703,8349708730,2040,6251,44,100,0
1777924375.6458952,2026-05-04T21:52:55.645895,31.703,8349708730,2040,6251,44,100,0
1777924375.6582844,2026-05-04T21:52:55.658284,31.703,8349711737,2040,6251,44,100,0
1777924375.6763065,2026-05-04T21:52:55.676306,31.618,8349711737,2040,6251,44,100,0
1777924375.6886914,2026-05-04T21:52:55.688691,31.618,8349711737,2040,6251,44,100,0
1777924375.7011235,2026-05-04T21:52:55.701123,31.618,8349711737,2040,6251,44,100,0
1777924375.7136984,2026-05-04T21:52:55.713698,31.618,8349711737,2040,6251,44,100,0
1777924375.7259238,2026-05-04T21:52:55.725924,31.618,8349711737,2040,6251,44,100,0
1777924375.7383094,2026-05-04T21:52:55.738309,31.618,8349711737,2040,6251,44,100,0
1777924375.7536287,2026-05-04T21:52:55.753629,31.618,8349711737,2040,6251,44,100,0
1777924375.7658422,2026-05-04T21:52:55.765842,31.618,8349714901,2040,6251,44,100,0
1777924375.7782197,2026-05-04T21:52:55.778220,31.6,8349714901,2040,6251,44,100,0
1777924375.7936978,2026-05-04T21:52:55.793698,31.6,8349714901,2040,6251,44,100,0
1777924375.8059275,2026-05-04T21:52:55.805928,31.6,8349714901,2040,6251,44,100,0
1777924375.8184838,2026-05-04T21:52:55.818484,31.6,8349714901,2040,6251,44,100,0
1777924375.8339038,2026-05-04T21:52:55.833904,31.6,8349714901,2040,6251,44,100,0
1777924375.8462627,2026-05-04T21:52:55.846263,31.6,8349714901,2040,6251,44,100,0
1777924375.8586633,2026-05-04T21:52:55.858663,31.6,8349718005,2040,6251,44,100,0
1777924375.876354,2026-05-04T21:52:55.876354,31.609,8349718005,2040,6251,44,100,0
1777924375.8887727,2026-05-04T21:52:55.888773,31.609,8349718005,2040,6251,44,100,0
1777924375.901381,2026-05-04T21:52:55.901381,31.609,8349718005,2040,6251,44,100,0
1777924375.913745,2026-05-04T21:52:55.913745,31.609,8349718005,2040,6251,44,100,0
1777924375.9259486,2026-05-04T21:52:55.925949,31.609,8349718005,2040,6251,44,100,0
1777924375.9384933,2026-05-04T21:52:55.938493,31.609,8349718005,2040,6251,44,100,0
1777924375.953607,2026-05-04T21:52:55.953607,31.609,8349721213,2040,6251,44,100,0
1777924375.967279,2026-05-04T21:52:55.967279,31.609,8349721213,2040,6251,44,100,0
1777924375.9806561,2026-05-04T21:52:55.980656,31.82,8349721213,2040,6251,44,100,0
1777924375.9970984,2026-05-04T21:52:55.997098,31.82,8349721213,2040,6251,44,100,0
1777924376.015367,2026-05-04T21:52:56.015367,31.82,8349721213,2040,6251,44,100,0
1777924376.0351093,2026-05-04T21:52:56.035109,31.82,8349721213,2040,6251,44,100,0
1777924376.0571804,2026-05-04T21:52:56.057180,31.82,8349724700,2040,6251,44,100,0
1777924376.0768633,2026-05-04T21:52:56.076863,32.156,8349724700,2040,6251,44,100,0
1777924376.0990722,2026-05-04T21:52:56.099072,32.156,8349724700,2040,6251,44,100,0
1777924376.116734,2026-05-04T21:52:56.116734,32.156,8349724700,2040,6251,44,100,0
1777924376.1373577,2026-05-04T21:52:56.137358,32.156,8349724700,2040,6251,44,100,0
1777924376.1568837,2026-05-04T21:52:56.156884,32.156,8349728234,2040,6251,44,100,0
1777924376.175626,2026-05-04T21:52:56.175626,32.194,8349728234,2040,6251,44,100,0
1777924376.198038,2026-05-04T21:52:56.198038,32.194,8349728234,2040,6251,44,100,0
1777924376.219096,2026-05-04T21:52:56.219096,32.194,8349728234,2040,6251,44,100,0
1777924376.238468,2026-05-04T21:52:56.238468,32.194,8349728234,2040,6251,44,100,0
1777924376.2583857,2026-05-04T21:52:56.258386,32.194,8349731772,2040,6251,44,100,0
1777924376.2820039,2026-05-04T21:52:56.282004,32.464,8349731772,2040,6251,45,100,0
1777924376.3021138,2026-05-04T21:52:56.302114,32.464,8349731772,2040,6251,45,100,0
1777924376.3194296,2026-05-04T21:52:56.319430,32.464,8349731772,2040,6251,45,100,0
1777924376.3376958,2026-05-04T21:52:56.337696,32.464,8349731772,2040,6251,45,100,0
1777924376.3566816,2026-05-04T21:52:56.356682,32.464,8349735316,2040,6251,45,100,0
1777924376.3773797,2026-05-04T21:52:56.377380,32.853,8349735316,2040,6251,45,100,0
1777924376.3981795,2026-05-04T21:52:56.398180,32.853,8349735316,2040,6251,45,100,0
1777924376.418206,2026-05-04T21:52:56.418206,32.853,8349735316,2040,6251,45,100,0
1777924376.436124,2026-05-04T21:52:56.436124,32.853,8349735316,2040,6251,45,100,0
1777924376.455932,2026-05-04T21:52:56.455932,32.853,8349738859,2040,6251,45,100,0
1777924376.4813592,2026-05-04T21:52:56.481359,33.288,8349738859,2040,6251,45,100,0
1777924376.5047657,2026-05-04T21:52:56.504766,33.288,8349738859,2040,6251,45,100,0
1777924376.522491,2026-05-04T21:52:56.522491,33.288,8349738859,2040,6251,45,100,0
1777924376.5411303,2026-05-04T21:52:56.541130,33.288,8349738859,2040,6251,45,100,0
1777924376.5594406,2026-05-04T21:52:56.559441,33.288,8349742400,2040,6251,45,100,0
1777924376.5783741,2026-05-04T21:52:56.578374,33.728,8349742400,2040,6251,45,100,0
1777924376.6042247,2026-05-04T21:52:56.604225,33.728,8349742400,2040,6251,45,100,0
1777924376.622164,2026-05-04T21:52:56.622164,33.728,8349742400,2040,6251,45,100,0
1777924376.6403453,2026-05-04T21:52:56.640345,33.728,8349742400,2040,6251,45,100,0
1777924376.6606722,2026-05-04T21:52:56.660672,33.728,8349745938,2040,6251,45,100,0
1777924376.679526,2026-05-04T21:52:56.679526,34.173,8349745938,2040,6251,45,100,0
1777924376.696573,2026-05-04T21:52:56.696573,34.173,8349745938,2040,6251,45,100,0
1777924376.7162194,2026-05-04T21:52:56.716219,34.173,8349745938,2040,6251,45,100,0
1777924376.7362823,2026-05-04T21:52:56.736282,34.173,8349745938,2040,6251,45,100,0
1777924376.7566211,2026-05-04T21:52:56.756621,34.173,8349749481,2040,6251,45,100,0
1777924376.7784388,2026-05-04T21:52:56.778439,34.612,8349749481,2040,6251,45,100,0
1777924376.8037484,2026-05-04T21:52:56.803748,34.612,8349749481,2040,6251,45,100,0
1777924376.8222647,2026-05-04T21:52:56.822265,34.612,8349749481,2040,6251,45,100,0
1777924376.839735,2026-05-04T21:52:56.839735,34.612,8349749481,2040,6251,45,100,0
1777924376.8580701,2026-05-04T21:52:56.858070,34.612,8349753028,2040,6251,45,100,0
1777924376.8770123,2026-05-04T21:52:56.877012,34.971,8349753028,2040,6251,45,100,0
1777924376.8968458,2026-05-04T21:52:56.896846,34.971,8349753028,2040,6251,45,100,0
1777924376.9177773,2026-05-04T21:52:56.917777,34.971,8349753028,2040,6251,45,100,0
1777924376.9363942,2026-05-04T21:52:56.936394,34.971,8349753028,2040,6251,45,100,0
1777924376.9567323,2026-05-04T21:52:56.956732,34.971,8349756569,2040,6251,45,100,0
1777924376.9762802,2026-05-04T21:52:56.976280,34.971,8349756569,2040,6251,45,100,0
1777924376.9955897,2026-05-04T21:52:56.995590,35.335,8349756569,2040,6251,45,100,0
1777924377.0173125,2026-05-04T21:52:57.017313,35.335,8349756569,2040,6251,45,100,0
1777924377.0378733,2026-05-04T21:52:57.037873,35.335,8349756569,2040,6251,45,100,0
1777924377.0570717,2026-05-04T21:52:57.057072,35.335,8349760106,2040,6251,45,100,0
1777924377.0781877,2026-05-04T21:52:57.078188,35.459,8349760106,2040,6251,45,100,0
1777924377.0961614,2026-05-04T21:52:57.096161,35.459,8349760106,2040,6251,45,100,0
1777924377.116073,2026-05-04T21:52:57.116073,35.459,8349760106,2040,6251,45,100,0
1777924377.136881,2026-05-04T21:52:57.136881,35.459,8349760106,2040,6251,45,100,0
1777924377.1565926,2026-05-04T21:52:57.156593,35.459,8349763646,2040,6251,45,100,0
1777924377.1773973,2026-05-04T21:52:57.177397,35.459,8349763646,2040,6251,45,100,0
1777924377.1946676,2026-05-04T21:52:57.194668,35.46,8349763646,2040,6251,45,100,0
1777924377.212994,2026-05-04T21:52:57.212994,35.46,8349763646,2040,6251,45,100,0
1777924377.2315295,2026-05-04T21:52:57.231529,35.46,8349763646,2040,6251,45,100,0
1777924377.2497706,2026-05-04T21:52:57.249771,35.46,8349767190,2040,6251,45,100,0
1777924377.2688718,2026-05-04T21:52:57.268872,35.46,8349767190,2040,6251,45,100,0
1777924377.286661,2026-05-04T21:52:57.286661,35.469,8349767190,2040,6251,45,100,0
1777924377.3066354,2026-05-04T21:52:57.306635,35.469,8349767190,2040,6251,45,100,0
1777924377.325673,2026-05-04T21:52:57.325673,35.469,8349767190,2040,6251,45,100,0
1777924377.346189,2026-05-04T21:52:57.346189,35.469,8349767190,2040,6251,45,100,0
1777924377.364261,2026-05-04T21:52:57.364261,35.469,8349770723,2040,6251,45,100,0
1777924377.38373,2026-05-04T21:52:57.383730,35.478,8349770723,2040,6251,45,100,0
1777924377.4052527,2026-05-04T21:52:57.405253,35.478,8349770723,2040,6251,45,100,0
1777924377.4250624,2026-05-04T21:52:57.425062,35.478,8349770723,2040,6251,45,100,0
1777924377.4437408,2026-05-04T21:52:57.443741,35.478,8349770723,2040,6251,45,100,0
1777924377.462084,2026-05-04T21:52:57.462084,35.478,8349774259,2040,6251,45,100,0
1777924377.4819279,2026-05-04T21:52:57.481928,35.469,8349774259,2040,6251,45,100,0
1777924377.5037966,2026-05-04T21:52:57.503797,35.469,8349774259,2040,6251,45,100,0
1777924377.521166,2026-05-04T21:52:57.521166,35.469,8349774259,2040,6251,45,100,0
1777924377.540202,2026-05-04T21:52:57.540202,35.469,8349774259,2040,6251,45,100,0
1777924377.5562692,2026-05-04T21:52:57.556269,35.469,8349777805,2040,6251,45,100,0
1777924377.576192,2026-05-04T21:52:57.576192,35.469,8349777805,2040,6251,45,100,0
1777924377.5962696,2026-05-04T21:52:57.596270,35.46,8349777805,2040,6251,45,100,0
1777924377.617762,2026-05-04T21:52:57.617762,35.46,8349777805,2040,6251,45,100,0
1777924377.6384153,2026-05-04T21:52:57.638415,35.46,8349777805,2040,6251,45,100,0
1777924377.6573431,2026-05-04T21:52:57.657343,35.46,8349781337,2040,6251,45,100,0
1777924377.6803405,2026-05-04T21:52:57.680341,35.46,8349781337,2040,6251,45,100,0
1777924377.6994562,2026-05-04T21:52:57.699456,35.452,8349781337,2040,6251,45,100,0
1777924377.7193472,2026-05-04T21:52:57.719347,35.452,8349781337,2040,6251,45,100,0
1777924377.738272,2026-05-04T21:52:57.738272,35.452,8349781337,2040,6251,45,100,0
1777924377.7580345,2026-05-04T21:52:57.758034,35.452,8349784876,2040,6251,45,100,0
1777924377.7781103,2026-05-04T21:52:57.778110,35.452,8349784876,2040,6251,45,100,0
1777924377.7985687,2026-05-04T21:52:57.798569,35.453,8349784876,2040,6251,45,100,0
1777924377.8200412,2026-05-04T21:52:57.820041,35.453,8349784876,2040,6251,45,100,0
1777924377.8398793,2026-05-04T21:52:57.839879,35.453,8349784876,2040,6251,45,100,0
1777924377.85931,2026-05-04T21:52:57.859310,35.453,8349788412,2040,6251,45,100,0
1777924377.8768885,2026-05-04T21:52:57.876889,35.453,8349788412,2040,6251,45,100,0
1777924377.896199,2026-05-04T21:52:57.896199,35.453,8349788412,2040,6251,45,100,0
1777924377.9155688,2026-05-04T21:52:57.915569,35.453,8349788412,2040,6251,45,100,0
1777924377.9373474,2026-05-04T21:52:57.937347,35.453,8349788412,2040,6251,45,100,0
1777924377.9566455,2026-05-04T21:52:57.956645,35.453,8349791960,2040,6251,45,100,0
1777924377.9750414,2026-05-04T21:52:57.975041,35.453,8349791960,2040,6251,45,100,0
1777924377.9952364,2026-05-04T21:52:57.995236,35.446,8349791960,2040,6251,45,100,0
1777924378.017582,2026-05-04T21:52:58.017582,35.446,8349791960,2040,6251,45,100,0
1777924378.0364177,2026-05-04T21:52:58.036418,35.446,8349791960,2040,6251,45,100,0
1777924378.05643,2026-05-04T21:52:58.056430,35.446,8349795492,2040,6251,45,100,0
1777924378.0793128,2026-05-04T21:52:58.079313,35.446,8349795492,2040,6251,45,100,0
1777924378.0974054,2026-05-04T21:52:58.097405,35.438,8349795492,2040,6251,45,100,0
1777924378.1208382,2026-05-04T21:52:58.120838,35.438,8349795492,2040,6251,45,100,0
1777924378.137832,2026-05-04T21:52:58.137832,35.438,8349795492,2040,6251,45,100,0
1777924378.157626,2026-05-04T21:52:58.157626,35.438,8349799034,2040,6251,45,100,0
1777924378.1766396,2026-05-04T21:52:58.176640,35.438,8349799034,2040,6251,45,100,0
1777924378.1965616,2026-05-04T21:52:58.196562,35.444,8349799034,2040,6251,45,100,0
1777924378.2161984,2026-05-04T21:52:58.216198,35.444,8349799034,2040,6251,45,100,0
1777924378.23591,2026-05-04T21:52:58.235910,35.444,8349799034,2040,6251,45,100,0
1777924378.2544093,2026-05-04T21:52:58.254409,35.444,8349802580,2040,6251,45,100,0
1777924378.2772994,2026-05-04T21:52:58.277299,35.444,8349802580,2040,6251,45,100,0
1777924378.2990987,2026-05-04T21:52:58.299099,35.451,8349802580,2040,6251,45,100,1
1777924378.318505,2026-05-04T21:52:58.318505,35.451,8349802580,2040,6251,45,100,1
1777924378.3384602,2026-05-04T21:52:58.338460,35.451,8349802580,2040,6251,45,100,1
1777924378.3589666,2026-05-04T21:52:58.358967,35.451,8349806119,2040,6251,45,100,1
1777924378.3793921,2026-05-04T21:52:58.379392,35.451,8349806119,2040,6251,45,100,1
1777924378.3964748,2026-05-04T21:52:58.396475,35.444,8349806119,2040,6251,45,100,1
1777924378.4166665,2026-05-04T21:52:58.416667,35.444,8349806119,2040,6251,45,100,1
1777924378.4330099,2026-05-04T21:52:58.433010,35.444,8349806119,2040,6251,45,100,1
1777924378.4483914,2026-05-04T21:52:58.448391,35.444,8349806119,2040,6251,45,100,1
1777924378.4680917,2026-05-04T21:52:58.468092,35.444,8349809874,2040,6251,45,100,1
1777924378.4857101,2026-05-04T21:52:58.485710,35.444,8349809874,2040,6251,45,100,1
1777924378.4984498,2026-05-04T21:52:58.498450,35.539,8349809874,2040,6251,45,100,1
1777924378.5129616,2026-05-04T21:52:58.512962,35.539,8349809874,2040,6251,45,100,1
1777924378.5253808,2026-05-04T21:52:58.525381,35.539,8349809874,2040,6251,45,100,1
1777924378.5380065,2026-05-04T21:52:58.538007,35.539,8349809874,2040,6251,45,100,1
1777924378.5530038,2026-05-04T21:52:58.553004,35.539,8349813833,2040,6251,45,100,1
1777924378.5662973,2026-05-04T21:52:58.566297,35.539,8349813833,2040,6251,45,100,1
1777924378.5790207,2026-05-04T21:52:58.579021,35.539,8349813833,2040,6251,45,100,1
1777924378.5930178,2026-05-04T21:52:58.593018,36.223,8349813833,2040,6251,45,100,1
1777924378.6055245,2026-05-04T21:52:58.605525,36.223,8349813833,2040,6251,45,100,1
1777924378.6181114,2026-05-04T21:52:58.618111,36.223,8349813833,2040,6251,45,100,1
1777924378.633153,2026-05-04T21:52:58.633153,36.223,8349813833,2040,6251,45,100,1
1777924378.6456401,2026-05-04T21:52:58.645640,36.223,8349813833,2040,6251,45,100,1
1777924378.6582994,2026-05-04T21:52:58.658299,36.223,8349818180,2040,6251,45,100,1
1777924378.6735437,2026-05-04T21:52:58.673544,36.223,8349818180,2040,6251,45,100,1
1777924378.6861901,2026-05-04T21:52:58.686190,36.223,8349818180,2040,6251,45,100,1
1777924378.6988513,2026-05-04T21:52:58.698851,37.274,8349818180,2040,6251,45,100,5
1777924378.7129622,2026-05-04T21:52:58.712962,37.274,8349818180,2040,6251,45,100,5
1777924378.7254503,2026-05-04T21:52:58.725450,37.274,8349818180,2040,6251,45,100,5
1777924378.7381706,2026-05-04T21:52:58.738171,37.274,8349818180,2040,6251,45,100,5
1777924378.7528524,2026-05-04T21:52:58.752852,37.274,8349822694,2040,6251,45,100,5
1777924378.7662485,2026-05-04T21:52:58.766248,37.274,8349822694,2040,6251,45,100,5
1777924378.7788332,2026-05-04T21:52:58.778833,37.274,8349822694,2040,6251,45,100,5
1777924378.792974,2026-05-04T21:52:58.792974,38.072,8349822694,2040,6251,46,100,5
1777924378.8057365,2026-05-04T21:52:58.805737,38.072,8349822694,2040,6251,46,100,5
1777924378.8185177,2026-05-04T21:52:58.818518,38.072,8349822694,2040,6251,46,100,5
1777924378.832802,2026-05-04T21:52:58.832802,38.072,8349822694,2040,6251,46,100,5
1777924378.8454762,2026-05-04T21:52:58.845476,38.072,8349822694,2040,6251,46,100,5
1777924378.8581815,2026-05-04T21:52:58.858181,38.072,8349826946,2040,6251,46,100,5
1777924378.8733578,2026-05-04T21:52:58.873358,38.072,8349826946,2040,6251,46,100,5
1777924378.8859882,2026-05-04T21:52:58.885988,38.072,8349826946,2040,6251,46,100,5
1777924378.8987663,2026-05-04T21:52:58.898766,38.497,8349826946,2040,6251,45,100,3
1777924378.913226,2026-05-04T21:52:58.913226,38.497,8349826946,2040,6251,45,100,3
1777924378.9258668,2026-05-04T21:52:58.925867,38.497,8349826946,2040,6251,45,100,3
1777924378.9386258,2026-05-04T21:52:58.938626,38.497,8349826946,2040,6251,45,100,3
1777924378.9528139,2026-05-04T21:52:58.952814,38.497,8349831225,2040,6251,45,100,3
1777924378.96633,2026-05-04T21:52:58.966330,38.497,8349831225,2040,6251,45,100,3
1777924378.9794016,2026-05-04T21:52:58.979402,38.497,8349831225,2040,6251,45,100,3
1777924378.9928527,2026-05-04T21:52:58.992853,39.569,8349831225,2040,6251,45,100,3
1777924379.005468,2026-05-04T21:52:59.005468,39.569,8349831225,2040,6251,45,100,3
1777924379.0182323,2026-05-04T21:52:59.018232,39.569,8349831225,2040,6251,45,100,3
1777924379.03278,2026-05-04T21:52:59.032780,39.569,8349831225,2040,6251,45,100,3
1777924379.045315,2026-05-04T21:52:59.045315,39.569,8349831225,2040,6251,45,100,3
1777924379.0579066,2026-05-04T21:52:59.057907,39.569,8349834966,2040,6251,45,100,3
1777924379.0732381,2026-05-04T21:52:59.073238,39.569,8349834966,2040,6251,45,100,3
1777924379.0856955,2026-05-04T21:52:59.085696,39.569,8349834966,2040,6251,45,100,3
1777924379.0982623,2026-05-04T21:52:59.098262,38.91,8349834966,2040,6251,45,100,2
1777924379.112875,2026-05-04T21:52:59.112875,38.91,8349834966,2040,6251,45,100,2
1777924379.125383,2026-05-04T21:52:59.125383,38.91,8349834966,2040,6251,45,100,2
1777924379.1379383,2026-05-04T21:52:59.137938,38.91,8349834966,2040,6251,45,100,2
1777924379.152762,2026-05-04T21:52:59.152762,38.91,8349838173,2040,6251,45,100,2
1777924379.1662595,2026-05-04T21:52:59.166260,38.91,8349838173,2040,6251,45,100,2
1777924379.1789327,2026-05-04T21:52:59.178933,38.91,8349838173,2040,6251,45,100,2
1777924379.193074,2026-05-04T21:52:59.193074,38.902,8349838173,2040,6251,45,100,2
1777924379.205688,2026-05-04T21:52:59.205688,38.902,8349838173,2040,6251,45,100,2
1777924379.2183783,2026-05-04T21:52:59.218378,38.902,8349838173,2040,6251,45,100,2
1777924379.2326727,2026-05-04T21:52:59.232673,38.902,8349838173,2040,6251,45,100,2
1777924379.2452052,2026-05-04T21:52:59.245205,38.902,8349838173,2040,6251,45,100,2
1777924379.2578375,2026-05-04T21:52:59.257838,38.902,8349841388,2040,6251,45,100,2
1777924379.2732608,2026-05-04T21:52:59.273261,38.902,8349841388,2040,6251,45,100,2
1777924379.28581,2026-05-04T21:52:59.285810,38.902,8349841388,2040,6251,45,100,2
1777924379.2985694,2026-05-04T21:52:59.298569,38.295,8349841388,2040,6251,45,100,0
1777924379.3127506,2026-05-04T21:52:59.312751,38.295,8349841388,2040,6251,45,100,0
1777924379.3252573,2026-05-04T21:52:59.325257,38.295,8349841388,2040,6251,45,100,0
1777924379.337781,2026-05-04T21:52:59.337781,38.295,8349841388,2040,6251,45,100,0
1777924379.3526218,2026-05-04T21:52:59.352622,38.295,8349844595,2040,6251,45,100,0
1777924379.3661008,2026-05-04T21:52:59.366101,38.295,8349844595,2040,6251,45,100,0
1777924379.37868,2026-05-04T21:52:59.378680,38.295,8349844595,2040,6251,45,100,0
1777924379.392755,2026-05-04T21:52:59.392755,38.245,8349844595,2040,6251,44,100,0
1777924379.4053617,2026-05-04T21:52:59.405362,38.245,8349844595,2040,6251,44,100,0
1777924379.4180188,2026-05-04T21:52:59.418019,38.245,8349844595,2040,6251,44,100,0
1777924379.4325736,2026-05-04T21:52:59.432574,38.245,8349844595,2040,6251,44,100,0
1777924379.4451017,2026-05-04T21:52:59.445102,38.245,8349844595,2040,6251,44,100,0
1777924379.4578023,2026-05-04T21:52:59.457802,38.245,8349847799,2040,6251,44,100,0
1777924379.4733706,2026-05-04T21:52:59.473371,38.245,8349847799,2040,6251,44,100,0
1777924379.4858184,2026-05-04T21:52:59.485818,38.245,8349847799,2040,6251,44,100,0
1777924379.4986174,2026-05-04T21:52:59.498617,37.679,8349847799,2040,6251,44,100,0
1777924379.5127203,2026-05-04T21:52:59.512720,37.679,8349847799,2040,6251,44,100,0
1777924379.525118,2026-05-04T21:52:59.525118,37.679,8349847799,2040,6251,44,100,0
1777924379.5378215,2026-05-04T21:52:59.537822,37.679,8349847799,2040,6251,44,100,0
1777924379.5525603,2026-05-04T21:52:59.552560,37.679,8349851009,2040,6251,44,100,0
1777924379.5659876,2026-05-04T21:52:59.565988,37.679,8349851009,2040,6251,44,100,0
1777924379.5788043,2026-05-04T21:52:59.578804,37.679,8349851009,2040,6251,44,100,0
1777924379.592702,2026-05-04T21:52:59.592702,37.286,8349851009,2040,6251,44,100,0
1777924379.6051478,2026-05-04T21:52:59.605148,37.286,8349851009,2040,6251,44,100,0
1777924379.6178384,2026-05-04T21:52:59.617838,37.286,8349851009,2040,6251,44,100,0
1777924379.6325312,2026-05-04T21:52:59.632531,37.286,8349851009,2040,6251,44,100,0
1777924379.6450493,2026-05-04T21:52:59.645049,37.286,8349851009,2040,6251,44,100,0
1777924379.657754,2026-05-04T21:52:59.657754,37.286,8349854219,2040,6251,44,100,0
1777924379.6752598,2026-05-04T21:52:59.675260,37.286,8349854219,2040,6251,44,100,0
1777924379.6876743,2026-05-04T21:52:59.687674,37.286,8349854219,2040,6251,44,100,0
1777924379.7003953,2026-05-04T21:52:59.700395,36.425,8349854219,2040,6251,44,100,0
1777924379.7131774,2026-05-04T21:52:59.713177,36.425,8349854219,2040,6251,44,100,0
1777924379.7255962,2026-05-04T21:52:59.725596,36.425,8349854219,2040,6251,44,100,0
1777924379.7382975,2026-05-04T21:52:59.738297,36.425,8349854219,2040,6251,44,100,0
1777924379.7528076,2026-05-04T21:52:59.752808,36.425,8349857432,2040,6251,44,100,0
1777924379.7659235,2026-05-04T21:52:59.765924,36.425,8349857432,2040,6251,44,100,0
1777924379.7787044,2026-05-04T21:52:59.778704,36.425,8349857432,2040,6251,44,100,0
1777924379.792622,2026-05-04T21:52:59.792622,35.01,8349857432,2040,6251,44,100,0
1777924379.8050942,2026-05-04T21:52:59.805094,35.01,8349857432,2040,6251,44,100,0
1777924379.8177965,2026-05-04T21:52:59.817796,35.01,8349857432,2040,6251,44,100,0
1777924379.832484,2026-05-04T21:52:59.832484,35.01,8349857432,2040,6251,44,100,0
1777924379.8448355,2026-05-04T21:52:59.844836,35.01,8349857432,2040,6251,44,100,0
1777924379.8575394,2026-05-04T21:52:59.857539,35.01,8349860640,2040,6251,44,100,0
1777924379.8750231,2026-05-04T21:52:59.875023,35.01,8349860640,2040,6251,44,100,0
1777924379.8874862,2026-05-04T21:52:59.887486,35.01,8349860640,2040,6251,44,100,0
1777924379.900234,2026-05-04T21:52:59.900234,34.177,8349860640,2040,6251,44,100,0
1777924379.9129221,2026-05-04T21:52:59.912922,34.177,8349860640,2040,6251,44,100,0
1777924379.9253209,2026-05-04T21:52:59.925321,34.177,8349860640,2040,6251,44,100,0
1777924379.9380224,2026-05-04T21:52:59.938022,34.177,8349860640,2040,6251,44,100,0
1777924379.9524682,2026-05-04T21:52:59.952468,34.177,8349863853,2040,6251,44,100,0
1777924379.9658716,2026-05-04T21:52:59.965872,34.177,8349863853,2040,6251,44,100,0
1777924379.9785993,2026-05-04T21:52:59.978599,34.177,8349863853,2040,6251,44,100,0
1777924379.992695,2026-05-04T21:52:59.992695,33.224,8349863853,2040,6251,44,100,0
1777924380.005045,2026-05-04T21:53:00.005045,33.224,8349863853,2040,6251,44,100,0
1777924380.0176792,2026-05-04T21:53:00.017679,33.224,8349863853,2040,6251,44,100,0
1777924380.0327172,2026-05-04T21:53:00.032717,33.224,8349863853,2040,6251,44,100,0
1777924380.0450401,2026-05-04T21:53:00.045040,33.224,8349863853,2040,6251,44,100,0
1777924380.057537,2026-05-04T21:53:00.057537,33.224,8349867050,2040,6251,44,100,0
1777924380.0751936,2026-05-04T21:53:00.075194,33.224,8349867050,2040,6251,44,100,0
1777924380.08763,2026-05-04T21:53:00.087630,33.224,8349867050,2040,6251,44,100,0
1777924380.100194,2026-05-04T21:53:00.100194,32.214,8349867050,2040,6251,44,100,0
1777924380.1129937,2026-05-04T21:53:00.112994,32.214,8349867050,2040,6251,44,100,0
1777924380.1254413,2026-05-04T21:53:00.125441,32.214,8349867050,2040,6251,44,100,0
1777924380.13804,2026-05-04T21:53:00.138040,32.214,8349867050,2040,6251,44,100,0
1777924380.1523883,2026-05-04T21:53:00.152388,32.214,8349870241,2040,6251,44,100,0
1777924380.1657932,2026-05-04T21:53:00.165793,32.214,8349870241,2040,6251,44,100,0
1777924380.1784725,2026-05-04T21:53:00.178473,32.214,8349870241,2040,6251,44,100,0
1777924380.1926644,2026-05-04T21:53:00.192664,32.196,8349870241,2040,6251,44,100,0
1777924380.205104,2026-05-04T21:53:00.205104,32.196,8349870241,2040,6251,44,100,0
1777924380.21774,2026-05-04T21:53:00.217740,32.196,8349870241,2040,6251,44,100,0
1777924380.2324195,2026-05-04T21:53:00.232419,32.196,8349870241,2040,6251,44,100,0
1777924380.2447827,2026-05-04T21:53:00.244783,32.196,8349870241,2040,6251,44,100,0
1777924380.2574568,2026-05-04T21:53:00.257457,32.196,8349873432,2040,6251,44,100,0
1777924380.2752407,2026-05-04T21:53:00.275241,32.196,8349873432,2040,6251,44,100,0
1777924380.2876875,2026-05-04T21:53:00.287688,32.196,8349873432,2040,6251,44,100,0
1777924380.300283,2026-05-04T21:53:00.300283,32.196,8349873432,2040,6251,44,100,0
1777924380.3129566,2026-05-04T21:53:00.312957,32.196,8349873432,2040,6251,44,100,0
1777924380.3253012,2026-05-04T21:53:00.325301,32.196,8349873432,2040,6251,44,100,0
1777924380.3378406,2026-05-04T21:53:00.337841,32.196,8349873432,2040,6251,44,100,0
1777924380.3523755,2026-05-04T21:53:00.352376,32.196,8349876637,2040,6251,44,100,0
1777924380.3656557,2026-05-04T21:53:00.365656,32.196,8349876637,2040,6251,44,100,0
1777924380.3782315,2026-05-04T21:53:00.378232,32.196,8349876637,2040,6251,44,100,0
1777924380.3925326,2026-05-04T21:53:00.392533,32.212,8349876637,2040,6251,44,100,0
1777924380.4049888,2026-05-04T21:53:00.404989,32.212,8349876637,2040,6251,44,100,0
1777924380.417742,2026-05-04T21:53:00.417742,32.212,8349876637,2040,6251,44,100,0
1777924380.4323368,2026-05-04T21:53:00.432337,32.212,8349876637,2040,6251,44,100,0
1777924380.4447594,2026-05-04T21:53:00.444759,32.212,8349876637,2040,6251,44,100,0
1777924380.4574552,2026-05-04T21:53:00.457455,32.212,8349879843,2040,6251,44,100,0
1777924380.475179,2026-05-04T21:53:00.475179,32.212,8349879843,2040,6251,44,100,0
1777924380.4876225,2026-05-04T21:53:00.487622,32.212,8349879843,2040,6251,44,100,0
1777924380.5002606,2026-05-04T21:53:00.500261,32.212,8349879843,2040,6251,44,100,0
1777924380.5130281,2026-05-04T21:53:00.513028,32.212,8349879843,2040,6251,44,100,0
1777924380.525503,2026-05-04T21:53:00.525503,32.212,8349879843,2040,6251,44,100,0
1777924380.5380998,2026-05-04T21:53:00.538100,32.212,8349879843,2040,6251,44,100,0
1777924380.552348,2026-05-04T21:53:00.552348,32.212,8349883049,2040,6251,44,100,0
1777924380.565614,2026-05-04T21:53:00.565614,32.212,8349883049,2040,6251,44,100,0
1777924380.5782745,2026-05-04T21:53:00.578274,32.212,8349883049,2040,6251,44,100,0
1777924380.59266,2026-05-04T21:53:00.592660,32.23,8349883049,2040,6251,44,100,0
1777924380.605177,2026-05-04T21:53:00.605177,32.23,8349883049,2040,6251,44,100,0
1777924380.6178837,2026-05-04T21:53:00.617884,32.23,8349883049,2040,6251,44,100,0
1777924380.6322937,2026-05-04T21:53:00.632294,32.23,8349883049,2040,6251,44,100,0
1777924380.6447082,2026-05-04T21:53:00.644708,32.23,8349883049,2040,6251,44,100,0
1777924380.657305,2026-05-04T21:53:00.657305,32.23,8349886260,2040,6251,44,100,0
1777924380.6749916,2026-05-04T21:53:00.674992,32.23,8349886260,2040,6251,44,100,0
1777924380.6875694,2026-05-04T21:53:00.687569,32.23,8349886260,2040,6251,44,100,0
1777924380.7003095,2026-05-04T21:53:00.700310,32.219,8349886260,2040,6251,44,100,0
1777924380.7130337,2026-05-04T21:53:00.713034,32.219,8349886260,2040,6251,44,100,0
1777924380.7255044,2026-05-04T21:53:00.725504,32.219,8349886260,2040,6251,44,100,0
1777924380.738212,2026-05-04T21:53:00.738212,32.219,8349886260,2040,6251,44,100,0
1777924380.7521656,2026-05-04T21:53:00.752166,32.219,8349886260,2040,6251,44,100,0
1777924380.7645543,2026-05-04T21:53:00.764554,32.219,8349889510,2040,6251,44,100,0
1777924380.777215,2026-05-04T21:53:00.777215,32.219,8349889510,2040,6251,44,100,0
1777924380.792233,2026-05-04T21:53:00.792233,32.133,8349889510,2040,6251,44,100,0
1777924380.8046706,2026-05-04T21:53:00.804671,32.133,8349889510,2040,6251,44,100,0
1777924380.8172498,2026-05-04T21:53:00.817250,32.133,8349889510,2040,6251,44,100,0
1777924380.8322372,2026-05-04T21:53:00.832237,32.133,8349889510,2040,6251,44,100,0
1777924380.8447196,2026-05-04T21:53:00.844720,32.133,8349889510,2040,6251,44,100,0
1777924380.857122,2026-05-04T21:53:00.857122,32.133,8349892649,2040,6251,44,100,0
1777924380.8737571,2026-05-04T21:53:00.873757,32.133,8349892649,2040,6251,44,100,0
1777924380.8862336,2026-05-04T21:53:00.886234,32.133,8349892649,2040,6251,44,100,0
1777924380.89883,2026-05-04T21:53:00.898830,32.064,8349892649,2040,6251,44,100,0
1777924380.9123223,2026-05-04T21:53:00.912322,32.064,8349892649,2040,6251,44,100,0
1777924380.9247265,2026-05-04T21:53:00.924726,32.064,8349892649,2040,6251,44,100,0
1777924380.937363,2026-05-04T21:53:00.937363,32.064,8349892649,2040,6251,44,100,0
1777924380.9521244,2026-05-04T21:53:00.952124,32.064,8349892649,2040,6251,44,100,0
1777924380.964369,2026-05-04T21:53:00.964369,32.064,8349895872,2040,6251,44,100,0
1777924380.9768803,2026-05-04T21:53:00.976880,32.064,8349895872,2040,6251,44,100,0
1777924380.9921045,2026-05-04T21:53:00.992105,31.977,8349895872,2040,6251,44,100,0
1777924381.0043728,2026-05-04T21:53:01.004373,31.977,8349895872,2040,6251,44,100,0
1777924381.0167682,2026-05-04T21:53:01.016768,31.977,8349895872,2040,6251,44,100,0
1777924381.0319164,2026-05-04T21:53:01.031916,31.977,8349895872,2040,6251,44,100,0
1777924381.044226,2026-05-04T21:53:01.044226,31.977,8349895872,2040,6251,44,100,0
1777924381.0566165,2026-05-04T21:53:01.056617,31.977,8349898954,2040,6251,44,100,0
1777924381.074591,2026-05-04T21:53:01.074591,31.977,8349898954,2040,6251,44,100,0
1777924381.0869944,2026-05-04T21:53:01.086994,31.977,8349898954,2040,6251,44,100,0
1777924381.0993943,2026-05-04T21:53:01.099394,31.891,8349898954,2040,6251,44,100,0
1777924381.1120875,2026-05-04T21:53:01.112087,31.891,8349898954,2040,6251,44,100,0
1777924381.1243193,2026-05-04T21:53:01.124319,31.891,8349898954,2040,6251,44,100,0
1777924381.1366801,2026-05-04T21:53:01.136680,31.891,8349898954,2040,6251,44,100,0
1777924381.1522722,2026-05-04T21:53:01.152272,31.891,8349902080,2040,6251,44,100,0
1777924381.165373,2026-05-04T21:53:01.165373,31.891,8349902080,2040,6251,44,100,0
1777924381.1829376,2026-05-04T21:53:01.182938,31.891,8349902080,2040,6251,44,100,0
1777924381.2006652,2026-05-04T21:53:01.200665,31.831,8349902080,2040,6251,44,100,0
1777924381.2179468,2026-05-04T21:53:01.217947,31.831,8349902080,2040,6251,44,100,0
1777924381.2363207,2026-05-04T21:53:01.236321,31.831,8349902080,2040,6251,44,100,0
1777924381.2553554,2026-05-04T21:53:01.255355,31.831,8349905536,2040,6251,44,100,0
1777924381.2784922,2026-05-04T21:53:01.278492,31.831,8349905536,2040,6251,44,100,0
1777924381.2987416,2026-05-04T21:53:01.298742,32.121,8349905536,2040,6251,44,100,0
1777924381.3173904,2026-05-04T21:53:01.317390,32.121,8349905536,2040,6251,44,100,0
1777924381.335579,2026-05-04T21:53:01.335579,32.121,8349905536,2040,6251,44,100,0
1777924381.3555245,2026-05-04T21:53:01.355525,32.121,8349909072,2040,6251,44,100,0
1777924381.3759673,2026-05-04T21:53:01.375967,32.121,8349909072,2040,6251,44,100,0
1777924381.3974116,2026-05-04T21:53:01.397412,32.433,8349909072,2040,6251,45,100,0
1777924381.416992,2026-05-04T21:53:01.416992,32.433,8349909072,2040,6251,45,100,0
1777924381.437309,2026-05-04T21:53:01.437309,32.433,8349909072,2040,6251,45,100,0
1777924381.457019,2026-05-04T21:53:01.457019,32.433,8349912612,2040,6251,45,100,0
1777924381.4813738,2026-05-04T21:53:01.481374,32.433,8349912612,2040,6251,45,100,0
1777924381.499211,2026-05-04T21:53:01.499211,32.72,8349912612,2040,6251,45,100,0
1777924381.5170681,2026-05-04T21:53:01.517068,32.72,8349912612,2040,6251,45,100,0
1777924381.5372195,2026-05-04T21:53:01.537220,32.72,8349912612,2040,6251,45,100,0
1777924381.556022,2026-05-04T21:53:01.556022,32.72,8349916158,2040,6251,45,100,0
1777924381.5761914,2026-05-04T21:53:01.576191,32.72,8349916158,2040,6251,45,100,0
1777924381.5956013,2026-05-04T21:53:01.595601,33.024,8349916158,2040,6251,45,100,0
1777924381.6173413,2026-05-04T21:53:01.617341,33.024,8349916158,2040,6251,45,100,0
1777924381.6363657,2026-05-04T21:53:01.636366,33.024,8349916158,2040,6251,45,100,0
1777924381.6557553,2026-05-04T21:53:01.655755,33.024,8349919697,2040,6251,45,100,0
1777924381.677043,2026-05-04T21:53:01.677043,33.024,8349919697,2040,6251,45,100,0
1777924381.6954677,2026-05-04T21:53:01.695468,33.329,8349919697,2040,6251,45,100,0
1777924381.7145734,2026-05-04T21:53:01.714573,33.329,8349919697,2040,6251,45,100,0
1777924381.7356372,2026-05-04T21:53:01.735637,33.329,8349919697,2040,6251,45,100,0
1777924381.7546227,2026-05-04T21:53:01.754623,33.329,8349923238,2040,6251,45,100,0
1777924381.7762017,2026-05-04T21:53:01.776202,33.329,8349923238,2040,6251,45,100,0
1777924381.7954733,2026-05-04T21:53:01.795473,33.64,8349923238,2040,6251,45,100,0
1777924381.8201864,2026-05-04T21:53:01.820186,33.64,8349923238,2040,6251,45,100,0
1777924381.8382359,2026-05-04T21:53:01.838236,33.64,8349923238,2040,6251,45,100,0
1777924381.8562696,2026-05-04T21:53:01.856270,33.64,8349926783,2040,6251,45,100,0
1777924381.8762085,2026-05-04T21:53:01.876209,33.64,8349926783,2040,6251,45,100,0
1777924381.894665,2026-05-04T21:53:01.894665,33.979,8349926783,2040,6251,45,100,1
1777924381.9163544,2026-05-04T21:53:01.916354,33.979,8349926783,2040,6251,45,100,1
1777924381.9364147,2026-05-04T21:53:01.936415,33.979,8349926783,2040,6251,45,100,1
1777924381.9549797,2026-05-04T21:53:01.954980,33.979,8349930325,2040,6251,45,100,1
1777924381.9751642,2026-05-04T21:53:01.975164,33.979,8349930325,2040,6251,45,100,1
1777924381.9954689,2026-05-04T21:53:01.995469,34.34,8349930325,2040,6251,45,100,1
1777924382.013333,2026-05-04T21:53:02.013333,34.34,8349930325,2040,6251,45,100,1
1777924382.0374944,2026-05-04T21:53:02.037494,34.34,8349930325,2040,6251,45,100,1
1777924382.0573537,2026-05-04T21:53:02.057354,34.34,8349933873,2040,6251,45,100,1
1777924382.0752122,2026-05-04T21:53:02.075212,34.34,8349933873,2040,6251,45,100,1
1777924382.0957108,2026-05-04T21:53:02.095711,34.714,8349933873,2040,6251,45,100,1
1777924382.1160483,2026-05-04T21:53:02.116048,34.714,8349933873,2040,6251,45,100,1
1777924382.1343875,2026-05-04T21:53:02.134387,34.714,8349933873,2040,6251,45,100,1
1777924382.154113,2026-05-04T21:53:02.154113,34.714,8349937418,2040,6251,45,100,1
1777924382.1755037,2026-05-04T21:53:02.175504,34.714,8349937418,2040,6251,45,100,1
1777924382.1952434,2026-05-04T21:53:02.195243,35.092,8349937418,2040,6251,45,100,1
1777924382.2148128,2026-05-04T21:53:02.214813,35.092,8349937418,2040,6251,45,100,1
1777924382.2341866,2026-05-04T21:53:02.234187,35.092,8349937418,2040,6251,45,100,1
1777924382.2555852,2026-05-04T21:53:02.255585,35.092,8349940962,2040,6251,45,100,1
1777924382.2791095,2026-05-04T21:53:02.279109,35.092,8349940962,2040,6251,45,100,1
1777924382.2992704,2026-05-04T21:53:02.299270,35.476,8349940962,2040,6251,45,100,1
1777924382.3180714,2026-05-04T21:53:02.318071,35.476,8349940962,2040,6251,45,100,1
1777924382.3357446,2026-05-04T21:53:02.335745,35.476,8349940962,2040,6251,45,100,1
1777924382.3541486,2026-05-04T21:53:02.354149,35.476,8349944511,2040,6251,45,100,1
1777924382.376796,2026-05-04T21:53:02.376796,35.476,8349944511,2040,6251,45,100,1
1777924382.3953679,2026-05-04T21:53:02.395368,35.502,8349944511,2040,6251,45,100,1
1777924382.4155402,2026-05-04T21:53:02.415540,35.502,8349944511,2040,6251,45,100,1
1777924382.4366996,2026-05-04T21:53:02.436700,35.502,8349944511,2040,6251,45,100,1
1777924382.4553716,2026-05-04T21:53:02.455372,35.502,8349948051,2040,6251,45,100,1
1777924382.4746509,2026-05-04T21:53:02.474651,35.502,8349948051,2040,6251,45,100,1
1777924382.4949467,2026-05-04T21:53:02.494947,35.502,8349948051,2040,6251,45,100,1
1777924382.5159724,2026-05-04T21:53:02.515972,35.502,8349948051,2040,6251,45,100,1
1777924382.535389,2026-05-04T21:53:02.535389,35.502,8349948051,2040,6251,45,100,1
1777924382.5555515,2026-05-04T21:53:02.555552,35.502,8349951593,2040,6251,45,100,1
1777924382.5749736,2026-05-04T21:53:02.574974,35.502,8349951593,2040,6251,45,100,1
1777924382.5953915,2026-05-04T21:53:02.595392,35.502,8349951593,2040,6251,44,100,1
1777924382.6136072,2026-05-04T21:53:02.613607,35.502,8349951593,2040,6251,45,100,1
1777924382.634875,2026-05-04T21:53:02.634875,35.502,8349951593,2040,6251,45,100,1
1777924382.6474109,2026-05-04T21:53:02.647411,35.502,8349951593,2040,6251,45,100,1
1777924382.6672432,2026-05-04T21:53:02.667243,35.502,8349955284,2040,6251,45,100,1
1777924382.6864097,2026-05-04T21:53:02.686410,35.502,8349955284,2040,6251,45,100,1
1777924382.7059865,2026-05-04T21:53:02.705986,35.683,8349955284,2040,6251,45,100,1
1777924382.7257237,2026-05-04T21:53:02.725724,35.683,8349955284,2040,6251,45,100,1
1777924382.7385073,2026-05-04T21:53:02.738507,35.683,8349955284,2040,6251,45,100,1
1777924382.7516232,2026-05-04T21:53:02.751623,35.683,8349958952,2040,6251,45,100,1
1777924382.7649295,2026-05-04T21:53:02.764930,35.683,8349958952,2040,6251,45,100,1
1777924382.783433,2026-05-04T21:53:02.783433,35.683,8349958952,2040,6251,45,100,1
1777924382.8005104,2026-05-04T21:53:02.800510,36.256,8349958952,2040,6251,45,100,1
1777924382.821995,2026-05-04T21:53:02.821995,36.256,8349958952,2040,6251,45,100,1
1777924382.8397408,2026-05-04T21:53:02.839741,36.256,8349958952,2040,6251,45,100,1
1777924382.8581164,2026-05-04T21:53:02.858116,36.256,8349962628,2040,6251,45,100,1
1777924382.878706,2026-05-04T21:53:02.878706,36.256,8349962628,2040,6251,45,100,1
1777924382.898923,2026-05-04T21:53:02.898923,36.185,8349962628,2040,6251,45,100,1
1777924382.9164462,2026-05-04T21:53:02.916446,36.185,8349962628,2040,6251,45,100,1
1777924382.9363403,2026-05-04T21:53:02.936340,36.185,8349962628,2040,6251,45,100,1
1777924382.9558146,2026-05-04T21:53:02.955815,36.185,8349966167,2040,6251,45,100,1
1777924382.9721162,2026-05-04T21:53:02.972116,36.185,8349966167,2040,6251,45,100,1
1777924382.995421,2026-05-04T21:53:02.995421,36.185,8349966167,2040,6251,45,100,1
1777924383.0147116,2026-05-04T21:53:03.014712,36.187,8349966167,2040,6251,45,100,1
1777924383.0350535,2026-05-04T21:53:03.035053,36.187,8349966167,2040,6251,45,100,1
1777924383.0547419,2026-05-04T21:53:03.054742,36.187,8349969762,2040,6251,45,100,1
1777924383.0746784,2026-05-04T21:53:03.074678,36.187,8349969762,2040,6251,45,100,1
1777924383.0940964,2026-05-04T21:53:03.094096,36.187,8349969762,2040,6251,45,100,1
1777924383.1139295,2026-05-04T21:53:03.113930,36.198,8349969762,2040,6251,45,100,1
1777924383.1357691,2026-05-04T21:53:03.135769,36.198,8349969762,2040,6251,45,100,1
1777924383.1515489,2026-05-04T21:53:03.151549,36.198,8349973419,2040,6251,45,100,1
1777924383.1648612,2026-05-04T21:53:03.164861,36.198,8349973419,2040,6251,45,100,1
1777924383.1775515,2026-05-04T21:53:03.177552,36.198,8349973419,2040,6251,45,100,1
1777924383.1915174,2026-05-04T21:53:03.191517,36.198,8349973419,2040,6251,45,100,1
1777924383.2039328,2026-05-04T21:53:03.203933,36.198,8349973419,2040,6251,45,100,1
1777924383.2166536,2026-05-04T21:53:03.216654,36.816,8349973419,2040,6251,45,100,1
1777924383.2314298,2026-05-04T21:53:03.231430,36.816,8349973419,2040,6251,45,100,1
1777924383.2439117,2026-05-04T21:53:03.243912,36.816,8349973419,2040,6251,45,100,1
1777924383.2565227,2026-05-04T21:53:03.256523,36.816,8349977576,2040,6251,45,100,1
1777924383.274267,2026-05-04T21:53:03.274267,36.816,8349977576,2040,6251,45,100,1
1777924383.286908,2026-05-04T21:53:03.286908,36.816,8349977576,2040,6251,45,100,1
1777924383.2996585,2026-05-04T21:53:03.299659,36.816,8349977576,2040,6251,45,100,1
1777924383.312482,2026-05-04T21:53:03.312482,37.261,8349977576,2040,6251,46,100,3
1777924383.3251426,2026-05-04T21:53:03.325143,37.261,8349977576,2040,6251,46,100,3
1777924383.337795,2026-05-04T21:53:03.337795,37.261,8349977576,2040,6251,46,100,3
1777924383.3514435,2026-05-04T21:53:03.351444,37.261,8349982173,2040,6251,46,100,3
1777924383.3648515,2026-05-04T21:53:03.364851,37.261,8349982173,2040,6251,46,100,3
1777924383.377641,2026-05-04T21:53:03.377641,37.261,8349982173,2040,6251,46,100,3
1777924383.3918536,2026-05-04T21:53:03.391854,37.261,8349982173,2040,6251,46,100,3
1777924383.4044573,2026-05-04T21:53:03.404457,37.261,8349982173,2040,6251,46,100,3
1777924383.417298,2026-05-04T21:53:03.417298,38.235,8349982173,2040,6251,45,100,3
1777924383.4314122,2026-05-04T21:53:03.431412,38.235,8349982173,2040,6251,45,100,3
1777924383.4439275,2026-05-04T21:53:03.443928,38.235,8349982173,2040,6251,45,100,3
1777924383.4567733,2026-05-04T21:53:03.456773,38.235,8349986467,2040,6251,45,100,3
1777924383.4744067,2026-05-04T21:53:03.474407,38.235,8349986467,2040,6251,45,100,3
1777924383.486883,2026-05-04T21:53:03.486883,38.235,8349986467,2040,6251,45,100,3
1777924383.4994287,2026-05-04T21:53:03.499429,38.235,8349986467,2040,6251,45,100,3
1777924383.512182,2026-05-04T21:53:03.512182,38.669,8349986467,2040,6251,45,100,3
1777924383.524711,2026-05-04T21:53:03.524711,38.669,8349986467,2040,6251,45,100,3
1777924383.5372756,2026-05-04T21:53:03.537276,38.669,8349986467,2040,6251,45,100,3
1777924383.5514064,2026-05-04T21:53:03.551406,38.669,8349989973,2040,6251,45,100,3
1777924383.5647306,2026-05-04T21:53:03.564731,38.669,8349989973,2040,6251,45,100,3
1777924383.5773225,2026-05-04T21:53:03.577322,38.669,8349989973,2040,6251,45,100,3
1777924383.5915792,2026-05-04T21:53:03.591579,38.669,8349989973,2040,6251,45,100,3
1777924383.6039827,2026-05-04T21:53:03.603983,38.669,8349989973,2040,6251,45,100,3
1777924383.6166966,2026-05-04T21:53:03.616697,38.687,8349989973,2040,6251,45,100,3
1777924383.631267,2026-05-04T21:53:03.631267,38.687,8349989973,2040,6251,45,100,3
1777924383.6436737,2026-05-04T21:53:03.643674,38.687,8349989973,2040,6251,45,100,3
1777924383.6563504,2026-05-04T21:53:03.656350,38.687,8349993197,2040,6251,45,100,3
1777924383.6733038,2026-05-04T21:53:03.673304,38.687,8349993197,2040,6251,45,100,3
1777924383.6856928,2026-05-04T21:53:03.685693,38.687,8349993197,2040,6251,45,100,3
1777924383.6982853,2026-05-04T21:53:03.698285,38.687,8349993197,2040,6251,45,100,3
1777924383.7114327,2026-05-04T21:53:03.711433,38.097,8349993197,2040,6251,45,100,0
1777924383.7238693,2026-05-04T21:53:03.723869,38.097,8349993197,2040,6251,45,100,0
1777924383.7365491,2026-05-04T21:53:03.736549,38.097,8349993197,2040,6251,45,100,0
1777924383.7512722,2026-05-04T21:53:03.751272,38.097,8349996404,2040,6251,45,100,0
1777924383.7646477,2026-05-04T21:53:03.764648,38.097,8349996404,2040,6251,45,100,0
1777924383.77731,2026-05-04T21:53:03.777310,38.097,8349996404,2040,6251,45,100,0
1777924383.7915087,2026-05-04T21:53:03.791509,38.097,8349996404,2040,6251,45,100,0
1777924383.8038974,2026-05-04T21:53:03.803897,38.097,8349996404,2040,6251,45,100,0
1777924383.8165946,2026-05-04T21:53:03.816595,37.625,8349996404,2040,6251,44,100,0
1777924383.8312604,2026-05-04T21:53:03.831260,37.625,8349996404,2040,6251,44,100,0
1777924383.8436692,2026-05-04T21:53:03.843669,37.625,8349996404,2040,6251,44,100,0
1777924383.8564024,2026-05-04T21:53:03.856402,37.625,8349999603,2040,6251,44,100,0
1777924383.874057,2026-05-04T21:53:03.874057,37.625,8349999603,2040,6251,44,100,0
1777924383.8865113,2026-05-04T21:53:03.886511,37.625,8349999603,2040,6251,44,100,0
1777924383.8990164,2026-05-04T21:53:03.899016,37.625,8349999603,2040,6251,44,100,0
1777924383.9117377,2026-05-04T21:53:03.911738,36.796,8349999603,2040,6251,44,100,0
1777924383.9242642,2026-05-04T21:53:03.924264,36.796,8349999603,2040,6251,44,100,0
1777924383.9369228,2026-05-04T21:53:03.936923,36.796,8349999603,2040,6251,44,100,0
1777924383.951447,2026-05-04T21:53:03.951447,36.796,8350002806,2040,6251,44,100,0
1777924383.9645786,2026-05-04T21:53:03.964579,36.796,8350002806,2040,6251,44,100,0
1777924383.9771721,2026-05-04T21:53:03.977172,36.796,8350002806,2040,6251,44,100,0
1777924383.991407,2026-05-04T21:53:03.991407,36.796,8350002806,2040,6251,44,100,0
1777924384.0036945,2026-05-04T21:53:04.003695,36.796,8350002806,2040,6251,44,100,0
1777924384.016405,2026-05-04T21:53:04.016405,36.597,8350002806,2040,6251,44,100,0
1777924384.0312471,2026-05-04T21:53:04.031247,36.597,8350002806,2040,6251,44,100,0
1777924384.0436547,2026-05-04T21:53:04.043655,36.597,8350002806,2040,6251,44,100,0
1777924384.0562904,2026-05-04T21:53:04.056290,36.597,8350006016,2040,6251,44,100,0
1777924384.0738878,2026-05-04T21:53:04.073888,36.597,8350006016,2040,6251,44,100,0
1777924384.0862648,2026-05-04T21:53:04.086265,36.597,8350006016,2040,6251,44,100,0
1777924384.0988805,2026-05-04T21:53:04.098881,36.597,8350006016,2040,6251,44,100,0
1777924384.1115656,2026-05-04T21:53:04.111566,36.187,8350006016,2040,6251,44,100,0
1777924384.1240594,2026-05-04T21:53:04.124059,36.187,8350006016,2040,6251,44,100,0
1777924384.1366792,2026-05-04T21:53:04.136679,36.187,8350006016,2040,6251,44,100,0
1777924384.1511824,2026-05-04T21:53:04.151182,36.187,8350009224,2040,6251,44,100,0
1777924384.1646075,2026-05-04T21:53:04.164608,36.187,8350009224,2040,6251,44,100,0
1777924384.1773267,2026-05-04T21:53:04.177327,36.187,8350009224,2040,6251,44,100,0
1777924384.191257,2026-05-04T21:53:04.191257,36.187,8350009224,2040,6251,44,100,0
1777924384.203542,2026-05-04T21:53:04.203542,36.187,8350009224,2040,6251,44,100,0
1777924384.2162693,2026-05-04T21:53:04.216269,35.887,8350009224,2040,6251,44,100,0
1777924384.2314277,2026-05-04T21:53:04.231428,35.887,8350009224,2040,6251,44,100,0
1777924384.2438593,2026-05-04T21:53:04.243859,35.887,8350009224,2040,6251,44,100,0
1777924384.2564995,2026-05-04T21:53:04.256500,35.887,8350012438,2040,6251,44,100,0
1777924384.273772,2026-05-04T21:53:04.273772,35.887,8350012438,2040,6251,44,100,0
1777924384.2862763,2026-05-04T21:53:04.286276,35.887,8350012438,2040,6251,44,100,0
1777924384.2988245,2026-05-04T21:53:04.298825,35.887,8350012438,2040,6251,44,100,0
1777924384.311382,2026-05-04T21:53:04.311382,35.098,8350012438,2040,6251,44,100,0
1777924384.3239057,2026-05-04T21:53:04.323906,35.098,8350012438,2040,6251,44,100,0
1777924384.3363647,2026-05-04T21:53:04.336365,35.098,8350012438,2040,6251,44,100,0
1777924384.3511758,2026-05-04T21:53:04.351176,35.098,8350015651,2040,6251,44,100,0
1777924384.3645747,2026-05-04T21:53:04.364575,35.098,8350015651,2040,6251,44,100,0
1777924384.3772967,2026-05-04T21:53:04.377297,35.098,8350015651,2040,6251,44,100,0
1777924384.3912337,2026-05-04T21:53:04.391234,35.098,8350015651,2040,6251,44,100,0
1777924384.4036536,2026-05-04T21:53:04.403654,35.098,8350015651,2040,6251,44,100,0
1777924384.4163644,2026-05-04T21:53:04.416364,34.236,8350015651,2040,6251,44,100,0
1777924384.431189,2026-05-04T21:53:04.431189,34.236,8350015651,2040,6251,44,100,0
1777924384.4435642,2026-05-04T21:53:04.443564,34.236,8350015651,2040,6251,44,100,0
1777924384.4562306,2026-05-04T21:53:04.456231,34.236,8350018876,2040,6251,44,100,0
1777924384.473839,2026-05-04T21:53:04.473839,34.236,8350018876,2040,6251,44,100,0
1777924384.4862273,2026-05-04T21:53:04.486227,34.236,8350018876,2040,6251,44,100,0
1777924384.4989295,2026-05-04T21:53:04.498930,34.236,8350018876,2040,6251,44,100,0
1777924384.5116036,2026-05-04T21:53:04.511604,33.199,8350018876,2040,6251,44,100,0
1777924384.5240383,2026-05-04T21:53:04.524038,33.199,8350018876,2040,6251,44,100,0
1777924384.536678,2026-05-04T21:53:04.536678,33.199,8350018876,2040,6251,44,100,0
1777924384.5511026,2026-05-04T21:53:04.551103,33.199,8350022078,2040,6251,44,100,0
1777924384.5644026,2026-05-04T21:53:04.564403,33.199,8350022078,2040,6251,44,100,0
1777924384.5770893,2026-05-04T21:53:04.577089,33.199,8350022078,2040,6251,44,100,0
1777924384.5911124,2026-05-04T21:53:04.591112,33.199,8350022078,2040,6251,44,100,0
1777924384.603534,2026-05-04T21:53:04.603534,33.199,8350022078,2040,6251,44,100,0
1777924384.6161256,2026-05-04T21:53:04.616126,32.164,8350022078,2040,6251,44,100,0
1777924384.6309867,2026-05-04T21:53:04.630987,32.164,8350022078,2040,6251,44,100,0
1777924384.6436045,2026-05-04T21:53:04.643605,32.164,8350022078,2040,6251,44,100,0
1777924384.656308,2026-05-04T21:53:04.656308,32.164,8350025242,2040,6251,44,100,0
1777924384.673789,2026-05-04T21:53:04.673789,32.164,8350025242,2040,6251,44,100,0
1777924384.68626,2026-05-04T21:53:04.686260,32.164,8350025242,2040,6251,44,100,0
1777924384.6990204,2026-05-04T21:53:04.699020,32.164,8350025242,2040,6251,44,100,0
1777924384.7117176,2026-05-04T21:53:04.711718,32.163,8350025242,2040,6251,44,100,0
1777924384.7241683,2026-05-04T21:53:04.724168,32.163,8350025242,2040,6251,44,100,0
1777924384.7367742,2026-05-04T21:53:04.736774,32.163,8350025242,2040,6251,44,100,0
1777924384.7509935,2026-05-04T21:53:04.750993,32.163,8350028446,2040,6251,44,100,0
1777924384.7643006,2026-05-04T21:53:04.764301,32.163,8350028446,2040,6251,44,100,0
1777924384.7767284,2026-05-04T21:53:04.776728,32.163,8350028446,2040,6251,44,100,0
1777924384.7913406,2026-05-04T21:53:04.791341,32.163,8350028446,2040,6251,44,100,0
1777924384.8038528,2026-05-04T21:53:04.803853,32.163,8350028446,2040,6251,44,100,0
1777924384.8164937,2026-05-04T21:53:04.816494,32.146,8350028446,2040,6251,44,100,0
1777924384.8308785,2026-05-04T21:53:04.830878,32.146,8350028446,2040,6251,44,100,0
1777924384.843363,2026-05-04T21:53:04.843363,32.146,8350028446,2040,6251,44,100,0
1777924384.8560686,2026-05-04T21:53:04.856069,32.146,8350031639,2040,6251,44,100,0
1777924384.8737073,2026-05-04T21:53:04.873707,32.146,8350031639,2040,6251,44,100,0
1777924384.886174,2026-05-04T21:53:04.886174,32.146,8350031639,2040,6251,44,100,0
1777924384.898845,2026-05-04T21:53:04.898845,32.146,8350031639,2040,6251,44,100,0
1777924384.9115458,2026-05-04T21:53:04.911546,32.146,8350031639,2040,6251,44,100,0
1777924384.924008,2026-05-04T21:53:04.924008,32.146,8350031639,2040,6251,44,100,0
1777924384.936536,2026-05-04T21:53:04.936536,32.146,8350031639,2040,6251,44,100,0
1777924384.9508429,2026-05-04T21:53:04.950843,32.146,8350031639,2040,6251,44,100,0
1777924384.9631374,2026-05-04T21:53:04.963137,32.146,8350034894,2040,6251,44,100,0
1777924384.97566,2026-05-04T21:53:04.975660,32.146,8350034894,2040,6251,44,100,0
1777924384.9909573,2026-05-04T21:53:04.990957,32.146,8350034894,2040,6251,44,100,0
1777924385.003367,2026-05-04T21:53:05.003367,32.146,8350034894,2040,6251,44,100,0
1777924385.0160494,2026-05-04T21:53:05.016049,32.138,8350034894,2040,6251,44,100,0
1777924385.0309198,2026-05-04T21:53:05.030920,32.138,8350034894,2040,6251,44,100,0
1777924385.0431967,2026-05-04T21:53:05.043197,32.138,8350034894,2040,6251,44,100,0
1777924385.0556104,2026-05-04T21:53:05.055610,32.138,8350038015,2040,6251,44,100,0
1777924385.0725696,2026-05-04T21:53:05.072570,32.138,8350038015,2040,6251,44,100,0
1777924385.0849278,2026-05-04T21:53:05.084928,32.138,8350038015,2040,6251,44,100,0
1777924385.0973163,2026-05-04T21:53:05.097316,32.138,8350038015,2040,6251,44,100,0
1777924385.110873,2026-05-04T21:53:05.110873,32.07,8350038015,2040,6251,44,100,0
1777924385.123169,2026-05-04T21:53:05.123169,32.07,8350038015,2040,6251,44,100,0
1777924385.1355553,2026-05-04T21:53:05.135555,32.07,8350038015,2040,6251,44,100,0
1777924385.1506648,2026-05-04T21:53:05.150665,32.07,8350038015,2040,6251,44,100,0
1777924385.1629376,2026-05-04T21:53:05.162938,32.07,8350041183,2040,6251,44,100,0
1777924385.1794393,2026-05-04T21:53:05.179439,32.07,8350041183,2040,6251,44,100,0
1777924385.1985269,2026-05-04T21:53:05.198527,32.07,8350041183,2040,6251,44,100,0
1777924385.2178736,2026-05-04T21:53:05.217874,32.01,8350041183,2040,6251,44,100,0
1777924385.2359285,2026-05-04T21:53:05.235929,32.01,8350041183,2040,6251,44,100,0
1777924385.2569573,2026-05-04T21:53:05.256957,32.01,8350044583,2040,6251,44,100,0
1777924385.2785811,2026-05-04T21:53:05.278581,32.01,8350044583,2040,6251,44,100,0
1777924385.3017569,2026-05-04T21:53:05.301757,32.01,8350044583,2040,6251,44,100,0
1777924385.3213878,2026-05-04T21:53:05.321388,32.284,8350044583,2040,6251,45,100,0
1777924385.3446672,2026-05-04T21:53:05.344667,32.284,8350044583,2040,6251,45,100,0
1777924385.3647506,2026-05-04T21:53:05.364751,32.284,8350048133,2040,6251,45,100,0
1777924385.3846328,2026-05-04T21:53:05.384633,32.284,8350048133,2040,6251,45,100,0
1777924385.4039853,2026-05-04T21:53:05.403985,32.284,8350048133,2040,6251,45,100,0
1777924385.425723,2026-05-04T21:53:05.425723,32.581,8350048133,2040,6251,45,100,0
1777924385.450592,2026-05-04T21:53:05.450592,32.581,8350051671,2040,6251,45,100,0
1777924385.479547,2026-05-04T21:53:05.479547,32.581,8350051671,2040,6251,45,100,0
1777924385.49893,2026-05-04T21:53:05.498930,32.581,8350051671,2040,6251,45,100,0
1777924385.5195587,2026-05-04T21:53:05.519559,32.878,8350051671,2040,6251,45,100,0
1777924385.5444562,2026-05-04T21:53:05.544456,32.878,8350051671,2040,6251,45,100,0
1777924385.5651393,2026-05-04T21:53:05.565139,32.878,8350055209,2040,6251,45,100,0
1777924385.5866919,2026-05-04T21:53:05.586692,32.878,8350055209,2040,6251,45,100,0
1777924385.6069841,2026-05-04T21:53:05.606984,32.878,8350055209,2040,6251,45,100,0
1777924385.6281018,2026-05-04T21:53:05.628102,33.18,8350055209,2040,6251,45,100,0
1777924385.6479285,2026-05-04T21:53:05.647928,33.18,8350058756,2040,6251,45,100,0
1777924385.6668358,2026-05-04T21:53:05.666836,33.18,8350058756,2040,6251,45,100,0
1777924385.685003,2026-05-04T21:53:05.685003,33.18,8350058756,2040,6251,45,100,0
1777924385.7043433,2026-05-04T21:53:05.704343,33.18,8350058756,2040,6251,45,100,0
1777924385.7248845,2026-05-04T21:53:05.724885,33.641,8350058756,2040,6251,45,100,1
1777924385.7486775,2026-05-04T21:53:05.748677,33.641,8350062297,2040,6251,45,100,1
1777924385.7681727,2026-05-04T21:53:05.768173,33.641,8350062297,2040,6251,45,100,1
1777924385.787293,2026-05-04T21:53:05.787293,33.641,8350062297,2040,6251,45,100,1
1777924385.8053262,2026-05-04T21:53:05.805326,33.641,8350062297,2040,6251,45,100,1
1777924385.8250492,2026-05-04T21:53:05.825049,33.806,8350062297,2040,6251,45,100,1
1777924385.845918,2026-05-04T21:53:05.845918,33.806,8350062297,2040,6251,45,100,1
1777924385.8664308,2026-05-04T21:53:05.866431,33.806,8350065859,2040,6251,45,100,1
1777924385.8850193,2026-05-04T21:53:05.885019,33.806,8350065859,2040,6251,45,100,1
1777924385.9053762,2026-05-04T21:53:05.905376,33.806,8350065859,2040,6251,45,100,1
1777924385.9241903,2026-05-04T21:53:05.924190,34.13,8350065859,2040,6251,45,100,0
1777924385.9492378,2026-05-04T21:53:05.949238,34.13,8350069381,2040,6251,45,100,0
1777924385.9695377,2026-05-04T21:53:05.969538,34.13,8350069381,2040,6251,45,100,0
1777924385.98812,2026-05-04T21:53:05.988120,34.13,8350069381,2040,6251,45,100,0
1777924386.0092707,2026-05-04T21:53:06.009271,34.13,8350069381,2040,6251,45,100,0
1777924386.0282204,2026-05-04T21:53:06.028220,34.432,8350069381,2040,6251,45,100,0
1777924386.0495627,2026-05-04T21:53:06.049563,34.432,8350072918,2040,6251,45,100,0
1777924386.0674956,2026-05-04T21:53:06.067496,34.432,8350072918,2040,6251,45,100,0
1777924386.0869377,2026-05-04T21:53:06.086938,34.432,8350072918,2040,6251,45,100,0
1777924386.1038563,2026-05-04T21:53:06.103856,34.432,8350072918,2040,6251,45,100,0
1777924386.1220222,2026-05-04T21:53:06.122022,34.753,8350072918,2040,6251,45,100,0
1777924386.1411998,2026-05-04T21:53:06.141200,34.753,8350072918,2040,6251,45,100,1
1777924386.160918,2026-05-04T21:53:06.160918,34.753,8350076460,2040,6251,45,100,1
1777924386.1814659,2026-05-04T21:53:06.181466,34.753,8350076460,2040,6251,45,100,1
1777924386.2012606,2026-05-04T21:53:06.201261,34.753,8350076460,2040,6251,45,100,1
1777924386.2200727,2026-05-04T21:53:06.220073,34.753,8350076460,2040,6251,45,100,1
1777924386.2434204,2026-05-04T21:53:06.243420,35.124,8350076460,2040,6251,45,100,1
1777924386.261209,2026-05-04T21:53:06.261209,35.124,8350080008,2040,6251,45,100,1
1777924386.2822258,2026-05-04T21:53:06.282226,35.124,8350080008,2040,6251,45,100,1
1777924386.301144,2026-05-04T21:53:06.301144,35.124,8350080008,2040,6251,45,100,1
1777924386.3213818,2026-05-04T21:53:06.321382,35.124,8350080008,2040,6251,45,100,1
1777924386.3419292,2026-05-04T21:53:06.341929,35.51,8350080008,2040,6251,45,100,1
1777924386.3613594,2026-05-04T21:53:06.361359,35.51,8350083550,2040,6251,45,100,1
1777924386.379303,2026-05-04T21:53:06.379303,35.51,8350083550,2040,6251,45,100,1
1777924386.3982553,2026-05-04T21:53:06.398255,35.51,8350083550,2040,6251,45,100,1
1777924386.4193904,2026-05-04T21:53:06.419390,35.51,8350083550,2040,6251,45,100,1
1777924386.4367042,2026-05-04T21:53:06.436704,35.527,8350083550,2040,6251,45,100,1
1777924386.457537,2026-05-04T21:53:06.457537,35.527,8350087105,2040,6251,45,100,1
1777924386.4715784,2026-05-04T21:53:06.471578,35.527,8350087105,2040,6251,45,100,1
1777924386.4840431,2026-05-04T21:53:06.484043,35.527,8350087105,2040,6251,45,100,1
1777924386.4967725,2026-05-04T21:53:06.496773,35.527,8350087105,2040,6251,45,100,1
1777924386.510478,2026-05-04T21:53:06.510478,35.527,8350087105,2040,6251,45,100,1
1777924386.5229135,2026-05-04T21:53:06.522913,35.517,8350087105,2040,6251,45,100,1
1777924386.535592,2026-05-04T21:53:06.535592,35.517,8350087105,2040,6251,45,100,1
1777924386.550389,2026-05-04T21:53:06.550389,35.517,8350091190,2040,6251,45,100,1
1777924386.5638623,2026-05-04T21:53:06.563862,35.517,8350091190,2040,6251,45,100,1
1777924386.5765834,2026-05-04T21:53:06.576583,35.517,8350091190,2040,6251,45,100,1
1777924386.5905147,2026-05-04T21:53:06.590515,35.517,8350091190,2040,6251,45,100,1
1777924386.602971,2026-05-04T21:53:06.602971,35.517,8350091190,2040,6251,45,100,1
1777924386.6213849,2026-05-04T21:53:06.621385,35.517,8350091190,2040,6251,45,100,1
1777924386.6423147,2026-05-04T21:53:06.642315,36.112,8350091190,2040,6251,45,100,1
1777924386.6635568,2026-05-04T21:53:06.663557,36.112,8350095052,2040,6251,45,100,1
1777924386.683234,2026-05-04T21:53:06.683234,36.112,8350095052,2040,6251,45,100,1
1777924386.6959689,2026-05-04T21:53:06.695969,36.112,8350095052,2040,6251,45,100,1
1777924386.710451,2026-05-04T21:53:06.710451,36.112,8350095052,2040,6251,45,100,1
1777924386.7228742,2026-05-04T21:53:06.722874,36.063,8350095052,2040,6251,45,100,1
1777924386.7355561,2026-05-04T21:53:06.735556,36.063,8350095052,2040,6251,45,100,1
1777924386.7507143,2026-05-04T21:53:06.750714,36.063,8350099032,2040,6251,45,100,1
1777924386.7638552,2026-05-04T21:53:06.763855,36.063,8350099032,2040,6251,45,100,1
1777924386.7765672,2026-05-04T21:53:06.776567,36.063,8350099032,2040,6251,45,100,1
1777924386.790509,2026-05-04T21:53:06.790509,36.063,8350099032,2040,6251,45,100,1
1777924386.8029838,2026-05-04T21:53:06.802984,36.063,8350099032,2040,6251,45,100,1
1777924386.8157213,2026-05-04T21:53:06.815721,36.063,8350099032,2040,6251,45,100,1
1777924386.8303134,2026-05-04T21:53:06.830313,36.971,8350099032,2040,6251,46,100,1
1777924386.8536189,2026-05-04T21:53:06.853619,36.971,8350103396,2040,6251,46,100,1
1777924386.8667653,2026-05-04T21:53:06.866765,36.971,8350103396,2040,6251,46,100,1
1777924386.87952,2026-05-04T21:53:06.879520,36.971,8350103396,2040,6251,46,100,1
1777924386.8922231,2026-05-04T21:53:06.892223,36.971,8350103396,2040,6251,46,100,1
1777924386.904845,2026-05-04T21:53:06.904845,36.971,8350103396,2040,6251,46,100,1
1777924386.9175367,2026-05-04T21:53:06.917537,36.971,8350103396,2040,6251,46,100,1
1777924386.9302962,2026-05-04T21:53:06.930296,37.144,8350103396,2040,6251,46,100,5
1777924386.9429522,2026-05-04T21:53:06.942952,37.144,8350103396,2040,6251,46,100,5
1777924386.9555624,2026-05-04T21:53:06.955562,37.144,8350107475,2040,6251,46,100,5
1777924386.970393,2026-05-04T21:53:06.970393,37.144,8350107475,2040,6251,46,100,5
1777924386.9827888,2026-05-04T21:53:06.982789,37.144,8350107475,2040,6251,46,100,5
1777924386.9954052,2026-05-04T21:53:06.995405,37.144,8350107475,2040,6251,46,100,5
1777924387.010325,2026-05-04T21:53:07.010325,37.144,8350107475,2040,6251,46,100,5
1777924387.0227394,2026-05-04T21:53:07.022739,36.85,8350107475,2040,6251,45,100,5
1777924387.0355072,2026-05-04T21:53:07.035507,36.85,8350107475,2040,6251,45,100,5
1777924387.0502467,2026-05-04T21:53:07.050247,36.85,8350110679,2040,6251,45,100,5
1777924387.0636969,2026-05-04T21:53:07.063697,36.85,8350110679,2040,6251,45,100,5
1777924387.0764127,2026-05-04T21:53:07.076413,36.85,8350110679,2040,6251,45,100,5
1777924387.0903544,2026-05-04T21:53:07.090354,36.85,8350110679,2040,6251,45,100,5
1777924387.1028135,2026-05-04T21:53:07.102813,36.85,8350110679,2040,6251,45,100,5
1777924387.115506,2026-05-04T21:53:07.115506,36.85,8350110679,2040,6251,45,100,5
1777924387.1302707,2026-05-04T21:53:07.130271,36.659,8350110679,2040,6251,45,100,0
1777924387.1427755,2026-05-04T21:53:07.142776,36.659,8350110679,2040,6251,45,100,0
1777924387.1554546,2026-05-04T21:53:07.155455,36.659,8350113889,2040,6251,45,100,0
1777924387.1706903,2026-05-04T21:53:07.170690,36.659,8350113889,2040,6251,45,100,0
1777924387.1830108,2026-05-04T21:53:07.183011,36.659,8350113889,2040,6251,45,100,0
1777924387.1956606,2026-05-04T21:53:07.195661,36.659,8350113889,2040,6251,45,100,0
1777924387.210217,2026-05-04T21:53:07.210217,36.659,8350113889,2040,6251,45,100,0
1777924387.2225878,2026-05-04T21:53:07.222588,36.243,8350113889,2040,6251,44,100,0
1777924387.2353914,2026-05-04T21:53:07.235391,36.243,8350113889,2040,6251,44,100,0
1777924387.2502074,2026-05-04T21:53:07.250207,36.243,8350117077,2040,6251,44,100,0
1777924387.263585,2026-05-04T21:53:07.263585,36.243,8350117077,2040,6251,44,100,0
1777924387.2761915,2026-05-04T21:53:07.276191,36.243,8350117077,2040,6251,44,100,0
1777924387.2902544,2026-05-04T21:53:07.290254,36.243,8350117077,2040,6251,44,100,0
1777924387.302596,2026-05-04T21:53:07.302596,36.243,8350117077,2040,6251,44,100,0
1777924387.3152947,2026-05-04T21:53:07.315295,36.243,8350117077,2040,6251,44,100,0
1777924387.3301394,2026-05-04T21:53:07.330139,35.942,8350117077,2040,6251,44,100,0
1777924387.3426464,2026-05-04T21:53:07.342646,35.942,8350117077,2040,6251,44,100,0
1777924387.3553512,2026-05-04T21:53:07.355351,35.942,8350120256,2040,6251,44,100,0
1777924387.3703654,2026-05-04T21:53:07.370365,35.942,8350120256,2040,6251,44,100,0
1777924387.3828058,2026-05-04T21:53:07.382806,35.942,8350120256,2040,6251,44,100,0
1777924387.395538,2026-05-04T21:53:07.395538,35.942,8350120256,2040,6251,44,100,0
1777924387.4101677,2026-05-04T21:53:07.410168,35.942,8350120256,2040,6251,44,100,0
1777924387.422508,2026-05-04T21:53:07.422508,35.575,8350120256,2040,6251,44,100,0
1777924387.4352822,2026-05-04T21:53:07.435282,35.575,8350120256,2040,6251,44,100,0
1777924387.4503906,2026-05-04T21:53:07.450391,35.575,8350123445,2040,6251,44,100,0
1777924387.463461,2026-05-04T21:53:07.463461,35.575,8350123445,2040,6251,44,100,0
1777924387.4760923,2026-05-04T21:53:07.476092,35.575,8350123445,2040,6251,44,100,0
1777924387.49026,2026-05-04T21:53:07.490260,35.575,8350123445,2040,6251,44,100,0
1777924387.5026603,2026-05-04T21:53:07.502660,35.575,8350123445,2040,6251,44,100,0
1777924387.5153244,2026-05-04T21:53:07.515324,35.575,8350123445,2040,6251,44,100,0
1777924387.530118,2026-05-04T21:53:07.530118,35.219,8350123445,2040,6251,44,100,0
1777924387.5425858,2026-05-04T21:53:07.542586,35.219,8350123445,2040,6251,44,100,0
1777924387.5552676,2026-05-04T21:53:07.555268,35.219,8350126642,2040,6251,44,100,0
1777924387.5705,2026-05-04T21:53:07.570500,35.219,8350126642,2040,6251,44,100,0
1777924387.5829067,2026-05-04T21:53:07.582907,35.219,8350126642,2040,6251,44,100,0
1777924387.5954247,2026-05-04T21:53:07.595425,35.219,8350126642,2040,6251,44,100,0
1777924387.610131,2026-05-04T21:53:07.610131,35.219,8350126642,2040,6251,44,100,0
1777924387.6225615,2026-05-04T21:53:07.622561,34.935,8350126642,2040,6251,44,100,0
1777924387.6352928,2026-05-04T21:53:07.635293,34.935,8350126642,2040,6251,44,100,0
1777924387.6500921,2026-05-04T21:53:07.650092,34.935,8350129852,2040,6251,44,100,0
1777924387.6635036,2026-05-04T21:53:07.663504,34.935,8350129852,2040,6251,44,100,0
1777924387.6761894,2026-05-04T21:53:07.676189,34.935,8350129852,2040,6251,44,100,0
1777924387.690107,2026-05-04T21:53:07.690107,34.935,8350129852,2040,6251,44,100,0
1777924387.70253,2026-05-04T21:53:07.702530,34.935,8350129852,2040,6251,44,100,0
1777924387.7151158,2026-05-04T21:53:07.715116,34.935,8350129852,2040,6251,44,100,0
1777924387.730239,2026-05-04T21:53:07.730239,33.962,8350129852,2040,6251,44,100,0
1777924387.742822,2026-05-04T21:53:07.742822,33.962,8350129852,2040,6251,44,100,0
1777924387.7555356,2026-05-04T21:53:07.755536,33.962,8350133039,2040,6251,44,100,0
1777924387.7703397,2026-05-04T21:53:07.770340,33.962,8350133039,2040,6251,44,100,0
1777924387.7827842,2026-05-04T21:53:07.782784,33.962,8350133039,2040,6251,44,100,0
1777924387.7954483,2026-05-04T21:53:07.795448,33.962,8350133039,2040,6251,44,100,0
1777924387.8101175,2026-05-04T21:53:07.810117,33.962,8350133039,2040,6251,44,100,0
1777924387.8225393,2026-05-04T21:53:07.822539,33.773,8350133039,2040,6251,44,100,0
1777924387.835315,2026-05-04T21:53:07.835315,33.773,8350133039,2040,6251,44,100,0
1777924387.849974,2026-05-04T21:53:07.849974,33.773,8350136235,2040,6251,44,100,0
1777924387.8634038,2026-05-04T21:53:07.863404,33.773,8350136235,2040,6251,44,100,0
1777924387.8761663,2026-05-04T21:53:07.876166,33.773,8350136235,2040,6251,44,100,0
1777924387.890063,2026-05-04T21:53:07.890063,33.773,8350136235,2040,6251,44,100,0
1777924387.9026113,2026-05-04T21:53:07.902611,33.773,8350136235,2040,6251,44,100,0
1777924387.915283,2026-05-04T21:53:07.915283,33.773,8350136235,2040,6251,44,100,0
1777924387.9299703,2026-05-04T21:53:07.929970,32.089,8350136235,2040,6251,44,100,0
1777924387.9424088,2026-05-04T21:53:07.942409,32.089,8350136235,2040,6251,44,100,0
1777924387.9547927,2026-05-04T21:53:07.954793,32.089,8350139414,2040,6251,44,100,0
1777924387.9700134,2026-05-04T21:53:07.970013,32.089,8350139414,2040,6251,44,100,0
1777924387.9822402,2026-05-04T21:53:07.982240,32.089,8350139414,2040,6251,44,100,0
1777924387.9946182,2026-05-04T21:53:07.994618,32.089,8350139414,2040,6251,44,100,0
1777924388.0101604,2026-05-04T21:53:08.010160,32.089,8350139414,2040,6251,44,100,0
1777924388.0224068,2026-05-04T21:53:08.022407,32.017,8350139414,2040,6251,44,100,0
1777924388.034857,2026-05-04T21:53:08.034857,32.017,8350139414,2040,6251,44,100,0
1777924388.0497956,2026-05-04T21:53:08.049796,32.017,8350139414,2040,6251,44,100,0
1777924388.0620294,2026-05-04T21:53:08.062029,32.017,8350142573,2040,6251,44,100,0
1777924388.074382,2026-05-04T21:53:08.074382,32.017,8350142573,2040,6251,44,100,0
1777924388.0898001,2026-05-04T21:53:08.089800,32.017,8350142573,2040,6251,44,100,0
1777924388.102017,2026-05-04T21:53:08.102017,32.017,8350142573,2040,6251,44,100,0
1777924388.114412,2026-05-04T21:53:08.114412,32.017,8350142573,2040,6251,44,100,0
1777924388.1298757,2026-05-04T21:53:08.129876,31.929,8350142573,2040,6251,44,100,0
1777924388.142588,2026-05-04T21:53:08.142588,31.929,8350142573,2040,6251,44,100,0
1777924388.1552684,2026-05-04T21:53:08.155268,31.929,8350145688,2040,6251,44,100,0
1777924388.1699893,2026-05-04T21:53:08.169989,31.929,8350145688,2040,6251,44,100,0
1777924388.1825423,2026-05-04T21:53:08.182542,31.929,8350145688,2040,6251,44,100,0
1777924388.1952274,2026-05-04T21:53:08.195227,31.929,8350145688,2040,6251,44,100,0
1777924388.2099564,2026-05-04T21:53:08.209956,31.929,8350145688,2040,6251,44,100,0
1777924388.2225065,2026-05-04T21:53:08.222507,31.904,8350145688,2040,6251,44,100,0
1777924388.23512,2026-05-04T21:53:08.235120,31.904,8350145688,2040,6251,44,100,0
1777924388.2498426,2026-05-04T21:53:08.249843,31.904,8350145688,2040,6251,44,100,0
1777924388.2622921,2026-05-04T21:53:08.262292,31.904,8350148911,2040,6251,44,100,0
1777924388.2748787,2026-05-04T21:53:08.274879,31.904,8350148911,2040,6251,44,100,0
1777924388.2902162,2026-05-04T21:53:08.290216,31.904,8350148911,2040,6251,44,100,0
1777924388.3103085,2026-05-04T21:53:08.310308,31.904,8350148911,2040,6251,44,100,0
1777924388.3347838,2026-05-04T21:53:08.334784,31.852,8350148911,2040,6251,44,100,0
1777924388.3577728,2026-05-04T21:53:08.357773,31.852,8350152226,2040,6251,44,100,0
1777924388.3758574,2026-05-04T21:53:08.375857,31.852,8350152226,2040,6251,44,100,0
1777924388.3951416,2026-05-04T21:53:08.395142,31.852,8350152226,2040,6251,44,100,0
1777924388.4142704,2026-05-04T21:53:08.414270,31.852,8350152226,2040,6251,44,100,0
1777924388.4358075,2026-05-04T21:53:08.435807,32.177,8350152226,2040,6251,45,100,0
1777924388.454937,2026-05-04T21:53:08.454937,32.177,8350155760,2040,6251,45,100,0
1777924388.4791615,2026-05-04T21:53:08.479162,32.177,8350155760,2040,6251,45,100,0
1777924388.501898,2026-05-04T21:53:08.501898,32.177,8350155760,2040,6251,45,100,0
1777924388.524451,2026-05-04T21:53:08.524451,32.177,8350155760,2040,6251,45,100,0
1777924388.5447047,2026-05-04T21:53:08.544705,32.496,8350159314,2040,6251,45,100,0
1777924388.5689144,2026-05-04T21:53:08.568914,32.496,8350159314,2040,6251,45,100,0
1777924388.589228,2026-05-04T21:53:08.589228,32.496,8350159314,2040,6251,45,100,0
1777924388.6118736,2026-05-04T21:53:08.611874,32.496,8350159314,2040,6251,45,100,0
1777924388.6351664,2026-05-04T21:53:08.635166,32.496,8350159314,2040,6251,45,100,0
1777924388.655024,2026-05-04T21:53:08.655024,32.88,8350162842,2040,6251,45,100,0
1777924388.679376,2026-05-04T21:53:08.679376,32.88,8350162842,2040,6251,45,100,0
1777924388.7038696,2026-05-04T21:53:08.703870,32.88,8350162842,2040,6251,45,100,0
1777924388.7263541,2026-05-04T21:53:08.726354,32.88,8350162842,2040,6251,45,100,0
1777924388.7502632,2026-05-04T21:53:08.750263,33.138,8350166401,2040,6251,45,100,1
1777924388.7752602,2026-05-04T21:53:08.775260,33.138,8350166401,2040,6251,45,100,1
1777924388.797033,2026-05-04T21:53:08.797033,33.138,8350166401,2040,6251,45,100,1
1777924388.818403,2026-05-04T21:53:08.818403,33.138,8350166401,2040,6251,45,100,1
1777924388.8436863,2026-05-04T21:53:08.843686,33.138,8350169924,2040,6251,45,100,1
1777924388.8681765,2026-05-04T21:53:08.868176,33.409,8350169924,2040,6251,45,100,1
1777924388.890124,2026-05-04T21:53:08.890124,33.409,8350169924,2040,6251,45,100,1
1777924388.9171975,2026-05-04T21:53:08.917197,33.409,8350169924,2040,6251,45,100,1
1777924388.9344308,2026-05-04T21:53:08.934431,33.409,8350169924,2040,6251,45,100,1
1777924388.956991,2026-05-04T21:53:08.956991,33.898,8350173461,2040,6251,45,100,0
1777924388.988644,2026-05-04T21:53:08.988644,33.898,8350173461,2040,6251,45,100,0
1777924389.0132802,2026-05-04T21:53:09.013280,33.898,8350173461,2040,6251,45,100,0
1777924389.033664,2026-05-04T21:53:09.033664,33.898,8350173461,2040,6251,45,100,0
1777924389.054292,2026-05-04T21:53:09.054292,34.058,8350176996,2040,6251,45,100,0
1777924389.074589,2026-05-04T21:53:09.074589,34.058,8350176996,2040,6251,45,100,0
1777924389.0946608,2026-05-04T21:53:09.094661,34.058,8350176996,2040,6251,45,100,0
1777924389.1134484,2026-05-04T21:53:09.113448,34.058,8350176996,2040,6251,45,100,0
1777924389.1351426,2026-05-04T21:53:09.135143,34.058,8350176996,2040,6251,45,100,0
1777924389.1528869,2026-05-04T21:53:09.152887,34.438,8350180609,2040,6251,45,100,0
1777924389.1729562,2026-05-04T21:53:09.172956,34.438,8350180609,2040,6251,45,100,0
1777924389.1933951,2026-05-04T21:53:09.193395,34.438,8350180609,2040,6251,45,100,0
1777924389.2137597,2026-05-04T21:53:09.213760,34.438,8350180609,2040,6251,45,100,0
1777924389.233758,2026-05-04T21:53:09.233758,34.438,8350180609,2040,6251,45,100,0
1777924389.2549393,2026-05-04T21:53:09.254939,34.823,8350184149,2040,6251,45,100,0
1777924389.2751048,2026-05-04T21:53:09.275105,34.823,8350184149,2040,6251,45,100,0
1777924389.2944932,2026-05-04T21:53:09.294493,34.823,8350184149,2040,6251,45,100,0
1777924389.3143454,2026-05-04T21:53:09.314345,34.823,8350184149,2040,6251,45,100,0
1777924389.3338804,2026-05-04T21:53:09.333880,34.823,8350184149,2040,6251,45,100,0
1777924389.351772,2026-05-04T21:53:09.351772,35.151,8350187697,2040,6251,45,100,0
1777924389.3728456,2026-05-04T21:53:09.372846,35.151,8350187697,2040,6251,45,100,0
1777924389.3854668,2026-05-04T21:53:09.385467,35.151,8350187697,2040,6251,45,100,0
1777924389.398108,2026-05-04T21:53:09.398108,35.151,8350187697,2040,6251,45,100,0
1777924389.4108198,2026-05-04T21:53:09.410820,35.151,8350187697,2040,6251,45,100,0
1777924389.4346385,2026-05-04T21:53:09.434639,35.151,8350187697,2040,6251,45,100,0
1777924389.4551828,2026-05-04T21:53:09.455183,35.528,8350191510,2040,6251,45,100,0
1777924389.470148,2026-05-04T21:53:09.470148,35.528,8350191510,2040,6251,45,100,0
1777924389.4827528,2026-05-04T21:53:09.482753,35.528,8350191510,2040,6251,45,100,0
1777924389.4955926,2026-05-04T21:53:09.495593,35.528,8350191510,2040,6251,45,100,0
1777924389.5096817,2026-05-04T21:53:09.509682,35.528,8350191510,2040,6251,45,100,0
1777924389.522253,2026-05-04T21:53:09.522253,35.528,8350191510,2040,6251,45,100,0
1777924389.5349107,2026-05-04T21:53:09.534911,35.528,8350191510,2040,6251,45,100,0
1777924389.553304,2026-05-04T21:53:09.553304,35.78,8350195566,2040,6251,45,100,2
1777924389.5778394,2026-05-04T21:53:09.577839,35.78,8350195566,2040,6251,45,100,2
1777924389.5907025,2026-05-04T21:53:09.590703,35.78,8350195566,2040,6251,45,100,2
1777924389.6128528,2026-05-04T21:53:09.612853,35.78,8350195566,2040,6251,45,100,2
1777924389.6321344,2026-05-04T21:53:09.632134,35.78,8350195566,2040,6251,45,100,2
1777924389.6528597,2026-05-04T21:53:09.652860,35.946,8350199181,2040,6251,45,100,2
1777924389.6746526,2026-05-04T21:53:09.674653,35.946,8350199181,2040,6251,45,100,2
1777924389.6956508,2026-05-04T21:53:09.695651,35.946,8350199181,2040,6251,45,100,2
1777924389.7145119,2026-05-04T21:53:09.714512,35.946,8350199181,2040,6251,45,100,2
1777924389.7294736,2026-05-04T21:53:09.729474,35.946,8350199181,2040,6251,45,100,2
1777924389.7540286,2026-05-04T21:53:09.754029,35.973,8350202780,2040,6251,45,100,1
1777924389.7753983,2026-05-04T21:53:09.775398,35.973,8350202780,2040,6251,45,100,1
1777924389.7953691,2026-05-04T21:53:09.795369,35.973,8350202780,2040,6251,45,100,1
1777924389.8128939,2026-05-04T21:53:09.812894,35.973,8350202780,2040,6251,45,100,1
1777924389.8325763,2026-05-04T21:53:09.832576,35.973,8350202780,2040,6251,45,100,1
1777924389.8510628,2026-05-04T21:53:09.851063,35.984,8350206406,2040,6251,45,100,1
1777924389.87446,2026-05-04T21:53:09.874460,35.984,8350206406,2040,6251,45,100,1
1777924389.889647,2026-05-04T21:53:09.889647,35.984,8350206406,2040,6251,45,100,1
1777924389.908553,2026-05-04T21:53:09.908553,35.984,8350206406,2040,6251,45,100,1
1777924389.9286356,2026-05-04T21:53:09.928636,35.984,8350206406,2040,6251,45,100,1
1777924389.9467297,2026-05-04T21:53:09.946730,35.984,8350206406,2040,6251,45,100,1
1777924389.959519,2026-05-04T21:53:09.959519,36.017,8350210028,2040,6251,45,100,1
1777924389.9771733,2026-05-04T21:53:09.977173,36.017,8350210028,2040,6251,45,100,1
1777924389.9949703,2026-05-04T21:53:09.994970,36.017,8350210028,2040,6251,45,100,1
1777924390.0113873,2026-05-04T21:53:10.011387,36.017,8350210028,2040,6251,45,100,1
1777924390.0322547,2026-05-04T21:53:10.032255,36.017,8350210028,2040,6251,45,100,1
1777924390.053008,2026-05-04T21:53:10.053008,36.296,8350213606,2040,6251,45,100,1
1777924390.0735688,2026-05-04T21:53:10.073569,36.296,8350213606,2040,6251,45,100,1
1777924390.093847,2026-05-04T21:53:10.093847,36.296,8350213606,2040,6251,45,100,1
1777924390.1108806,2026-05-04T21:53:10.110881,36.296,8350213606,2040,6251,45,100,1
1777924390.1234403,2026-05-04T21:53:10.123440,36.296,8350213606,2040,6251,45,100,1
1777924390.1361315,2026-05-04T21:53:10.136132,36.296,8350213606,2040,6251,45,100,1
1777924390.1494067,2026-05-04T21:53:10.149407,36.296,8350217470,2040,6251,45,100,0
1777924390.1628048,2026-05-04T21:53:10.162805,36.278,8350217470,2040,6251,45,100,0
1777924390.175837,2026-05-04T21:53:10.175837,36.278,8350217470,2040,6251,45,100,0
1777924390.1895282,2026-05-04T21:53:10.189528,36.278,8350217470,2040,6251,45,100,0
1777924390.2021308,2026-05-04T21:53:10.202131,36.278,8350217470,2040,6251,45,100,0
1777924390.2149115,2026-05-04T21:53:10.214911,36.278,8350217470,2040,6251,45,100,0
1777924390.229443,2026-05-04T21:53:10.229443,36.278,8350217470,2040,6251,45,100,0
1777924390.2463005,2026-05-04T21:53:10.246300,36.278,8350221974,2040,6251,45,100,0
1777924390.2641225,2026-05-04T21:53:10.264122,37.558,8350221974,2040,6251,46,100,0
1777924390.2769537,2026-05-04T21:53:10.276954,37.558,8350221974,2040,6251,46,100,0
1777924390.2898138,2026-05-04T21:53:10.289814,37.558,8350221974,2040,6251,46,100,0
1777924390.3022873,2026-05-04T21:53:10.302287,37.558,8350221974,2040,6251,46,100,0
1777924390.315092,2026-05-04T21:53:10.315092,37.558,8350221974,2040,6251,46,100,0
1777924390.3292258,2026-05-04T21:53:10.329226,37.558,8350221974,2040,6251,46,100,0
1777924390.3415117,2026-05-04T21:53:10.341512,37.558,8350221974,2040,6251,46,100,0
1777924390.3542695,2026-05-04T21:53:10.354270,37.558,8350225501,2040,6251,46,100,1
1777924390.3693194,2026-05-04T21:53:10.369319,37.056,8350225501,2040,6251,45,100,1
1777924390.3816,2026-05-04T21:53:10.381600,37.056,8350225501,2040,6251,45,100,1
1777924390.394254,2026-05-04T21:53:10.394254,37.056,8350225501,2040,6251,45,100,1
1777924390.4092395,2026-05-04T21:53:10.409240,37.056,8350225501,2040,6251,45,100,1
1777924390.4215913,2026-05-04T21:53:10.421591,37.056,8350225501,2040,6251,45,100,1
1777924390.4343128,2026-05-04T21:53:10.434313,37.056,8350225501,2040,6251,45,100,1
1777924390.4492078,2026-05-04T21:53:10.449208,37.056,8350228682,2040,6251,45,100,1
1777924390.4625895,2026-05-04T21:53:10.462590,36.608,8350228682,2040,6251,45,100,1
1777924390.475261,2026-05-04T21:53:10.475261,36.608,8350228682,2040,6251,45,100,1
1777924390.489316,2026-05-04T21:53:10.489316,36.608,8350228682,2040,6251,45,100,1
1777924390.5016882,2026-05-04T21:53:10.501688,36.608,8350228682,2040,6251,45,100,1
1777924390.514326,2026-05-04T21:53:10.514326,36.608,8350228682,2040,6251,45,100,1
1777924390.529427,2026-05-04T21:53:10.529427,36.608,8350228682,2040,6251,45,100,1
1777924390.5418522,2026-05-04T21:53:10.541852,36.608,8350228682,2040,6251,45,100,1
1777924390.5544157,2026-05-04T21:53:10.554416,31.768,8350231860,2040,6251,45,100,0
1777924390.5693636,2026-05-04T21:53:10.569364,36.172,8350231860,2040,6251,44,100,0
1777924390.5817251,2026-05-04T21:53:10.581725,36.172,8350231860,2040,6251,44,100,0
1777924390.5941963,2026-05-04T21:53:10.594196,36.172,8350231860,2040,6251,44,100,0
1777924390.609118,2026-05-04T21:53:10.609118,36.172,8350231860,2040,6251,44,100,0
1777924390.6214159,2026-05-04T21:53:10.621416,36.172,8350231860,2040,6251,44,100,0
1777924390.6339653,2026-05-04T21:53:10.633965,36.172,8350231860,2040,6251,44,100,0
1777924390.6491,2026-05-04T21:53:10.649100,36.172,8350235021,2040,6251,44,100,0
1777924390.6625526,2026-05-04T21:53:10.662553,35.721,8350235021,2040,6251,44,100,0
1777924390.6752887,2026-05-04T21:53:10.675289,35.721,8350235021,2040,6251,44,100,0
1777924390.6892834,2026-05-04T21:53:10.689283,35.721,8350235021,2040,6251,44,100,0
1777924390.701604,2026-05-04T21:53:10.701604,35.721,8350235021,2040,6251,44,100,0
1777924390.714307,2026-05-04T21:53:10.714307,35.721,8350235021,2040,6251,44,100,0
1777924390.7291644,2026-05-04T21:53:10.729164,35.721,8350235021,2040,6251,44,100,0
1777924390.741568,2026-05-04T21:53:10.741568,35.721,8350235021,2040,6251,44,100,0
1777924390.7539632,2026-05-04T21:53:10.753963,35.721,8350238177,2040,6251,44,100,0
1777924390.7692237,2026-05-04T21:53:10.769224,35.298,8350238177,2040,6251,44,100,0
1777924390.7816064,2026-05-04T21:53:10.781606,35.298,8350238177,2040,6251,44,100,0
1777924390.7941978,2026-05-04T21:53:10.794198,35.298,8350238177,2040,6251,44,100,0
1777924390.8094664,2026-05-04T21:53:10.809466,35.298,8350238177,2040,6251,44,100,0
1777924390.8218405,2026-05-04T21:53:10.821841,35.298,8350238177,2040,6251,44,100,0
1777924390.8344605,2026-05-04T21:53:10.834460,35.298,8350238177,2040,6251,44,100,0
1777924390.8490813,2026-05-04T21:53:10.849081,35.298,8350241342,2040,6251,44,100,0
1777924390.8625054,2026-05-04T21:53:10.862505,34.856,8350241342,2040,6251,44,100,0
1777924390.8754587,2026-05-04T21:53:10.875459,34.856,8350241342,2040,6251,44,100,0
1777924390.889226,2026-05-04T21:53:10.889226,34.856,8350241342,2040,6251,44,100,0
1777924390.901645,2026-05-04T21:53:10.901645,34.856,8350241342,2040,6251,44,100,0
1777924390.9143333,2026-05-04T21:53:10.914333,34.856,8350241342,2040,6251,44,100,0
1777924390.9290495,2026-05-04T21:53:10.929049,34.856,8350241342,2040,6251,44,100,0
1777924390.9414601,2026-05-04T21:53:10.941460,34.856,8350241342,2040,6251,44,100,0
1777924390.954054,2026-05-04T21:53:10.954054,34.856,8350244505,2040,6251,44,100,0
1777924390.9692712,2026-05-04T21:53:10.969271,34.579,8350244505,2040,6251,44,100,0
1777924390.981853,2026-05-04T21:53:10.981853,34.579,8350244505,2040,6251,44,100,0
1777924390.9944167,2026-05-04T21:53:10.994417,34.579,8350244505,2040,6251,44,100,0
1777924391.0091147,2026-05-04T21:53:11.009115,34.579,8350244505,2040,6251,44,100,0
1777924391.0216358,2026-05-04T21:53:11.021636,34.579,8350244505,2040,6251,44,100,0
1777924391.034382,2026-05-04T21:53:11.034382,34.579,8350244505,2040,6251,44,100,0
1777924391.0491052,2026-05-04T21:53:11.049105,34.579,8350247682,2040,6251,44,100,0
1777924391.0623107,2026-05-04T21:53:11.062311,33.809,8350247682,2040,6251,44,100,0
1777924391.0749583,2026-05-04T21:53:11.074958,33.809,8350247682,2040,6251,44,100,0
1777924391.0893896,2026-05-04T21:53:11.089390,33.809,8350247682,2040,6251,44,100,0
1777924391.1017694,2026-05-04T21:53:11.101769,33.809,8350247682,2040,6251,44,100,0
1777924391.1144607,2026-05-04T21:53:11.114461,33.809,8350247682,2040,6251,44,100,0
1777924391.1289587,2026-05-04T21:53:11.128959,33.809,8350247682,2040,6251,44,100,0
1777924391.141178,2026-05-04T21:53:11.141178,33.809,8350247682,2040,6251,44,100,0
1777924391.1535573,2026-05-04T21:53:11.153557,33.809,8350250823,2040,6251,44,100,0
1777924391.1727705,2026-05-04T21:53:11.172771,33.581,8350250823,2040,6251,44,100,0
1777924391.193834,2026-05-04T21:53:11.193834,33.581,8350250823,2040,6251,44,100,0
1777924391.2127576,2026-05-04T21:53:11.212758,33.581,8350250823,2040,6251,44,100,0
1777924391.2320225,2026-05-04T21:53:11.232023,33.581,8350250823,2040,6251,44,100,0
1777924391.2514563,2026-05-04T21:53:11.251456,33.581,8350254311,2040,6251,44,100,0
1777924391.2727082,2026-05-04T21:53:11.272708,32.596,8350254311,2040,6251,45,100,0
1777924391.2928388,2026-05-04T21:53:11.292839,32.596,8350254311,2040,6251,45,100,0
1777924391.311843,2026-05-04T21:53:11.311843,32.596,8350254311,2040,6251,45,100,0
1777924391.3319428,2026-05-04T21:53:11.331943,32.596,8350254311,2040,6251,45,100,0
1777924391.3521888,2026-05-04T21:53:11.352189,32.596,8350257838,2040,6251,45,100,0
1777924391.3729293,2026-05-04T21:53:11.372929,32.465,8350257838,2040,6251,45,100,0
1777924391.3927796,2026-05-04T21:53:11.392780,32.465,8350257838,2040,6251,45,100,0
1777924391.4122107,2026-05-04T21:53:11.412211,32.465,8350257838,2040,6251,45,100,0
1777924391.4315891,2026-05-04T21:53:11.431589,32.465,8350257838,2040,6251,45,100,0
1777924391.4515805,2026-05-04T21:53:11.451581,32.465,8350261377,2040,6251,45,100,0
1777924391.4762871,2026-05-04T21:53:11.476287,32.785,8350261377,2040,6251,45,100,0
1777924391.4930046,2026-05-04T21:53:11.493005,32.785,8350261377,2040,6251,45,100,0
1777924391.5124183,2026-05-04T21:53:11.512418,32.785,8350261377,2040,6251,45,100,0
1777924391.5319042,2026-05-04T21:53:11.531904,32.785,8350261377,2040,6251,45,100,0
1777924391.5529711,2026-05-04T21:53:11.552971,32.785,8350264910,2040,6251,45,100,0
1777924391.5748105,2026-05-04T21:53:11.574811,33.056,8350264910,2040,6251,45,100,0
1777924391.59546,2026-05-04T21:53:11.595460,33.056,8350264910,2040,6251,45,100,0
1777924391.612572,2026-05-04T21:53:11.612572,33.056,8350264910,2040,6251,45,100,0
1777924391.6289024,2026-05-04T21:53:11.628902,33.056,8350264910,2040,6251,45,100,0
1777924391.6415184,2026-05-04T21:53:11.641518,33.056,8350264910,2040,6251,45,100,0
1777924391.6543105,2026-05-04T21:53:11.654310,33.056,8350268265,2040,6251,45,100,0
1777924391.6695445,2026-05-04T21:53:11.669544,33.002,8350268265,2040,6251,45,100,0
1777924391.6822472,2026-05-04T21:53:11.682247,33.002,8350268265,2040,6251,45,100,0
1777924391.6950912,2026-05-04T21:53:11.695091,33.002,8350268265,2040,6251,45,100,0
1777924391.708964,2026-05-04T21:53:11.708964,33.002,8350268265,2040,6251,45,100,0
1777924391.7215676,2026-05-04T21:53:11.721568,33.002,8350268265,2040,6251,45,100,0
1777924391.7343707,2026-05-04T21:53:11.734371,33.002,8350268265,2040,6251,45,100,0
1777924391.748869,2026-05-04T21:53:11.748869,33.002,8350271364,2040,6251,45,100,0
1777924391.7622778,2026-05-04T21:53:11.762278,33.002,8350271364,2040,6251,45,100,0
1777924391.7750306,2026-05-04T21:53:11.775031,33.102,8350271364,2040,6251,44,38,4
1777924391.7892098,2026-05-04T21:53:11.789210,33.102,8350271364,2040,6251,44,38,4
1777924391.8014224,2026-05-04T21:53:11.801422,33.102,8350271364,2040,6251,44,38,4
1777924391.813839,2026-05-04T21:53:11.813839,33.102,8350271364,2040,6251,44,38,4
1777924391.828633,2026-05-04T21:53:11.828633,33.102,8350271364,2040,6251,44,38,4
1777924391.8410008,2026-05-04T21:53:11.841001,33.102,8350271364,2040,6251,44,38,4
1777924391.85359,2026-05-04T21:53:11.853590,33.102,8350274492,2040,6251,44,38,4
1777924391.869347,2026-05-04T21:53:11.869347,32.964,8350274492,2040,6251,44,38,4
1777924391.8817618,2026-05-04T21:53:11.881762,32.964,8350274492,2040,6251,44,38,4
1777924391.8943362,2026-05-04T21:53:11.894336,32.964,8350274492,2040,6251,44,38,4
1777924391.9087822,2026-05-04T21:53:11.908782,32.964,8350274492,2040,6251,44,38,4
1777924391.921133,2026-05-04T21:53:11.921133,32.964,8350274492,2040,6251,44,38,4
1777924391.9337006,2026-05-04T21:53:11.933701,32.964,8350274492,2040,6251,44,38,4
1777924391.9486654,2026-05-04T21:53:11.948665,32.964,8350274492,2040,6251,44,38,4
1777924391.9610374,2026-05-04T21:53:11.961037,32.964,8350277683,2040,6251,44,38,4
1777924391.9736001,2026-05-04T21:53:11.973600,33.044,8350277683,2040,6251,44,100,0
1777924391.9887583,2026-05-04T21:53:11.988758,33.044,8350277683,2040,6251,44,100,0
1777924392.0011237,2026-05-04T21:53:12.001124,33.044,8350277683,2040,6251,44,100,0
1777924392.0136495,2026-05-04T21:53:12.013649,33.044,8350277683,2040,6251,44,100,0
1777924392.0286362,2026-05-04T21:53:12.028636,33.044,8350277683,2040,6251,44,100,0
1777924392.0409791,2026-05-04T21:53:12.040979,33.044,8350277683,2040,6251,44,100,0
1777924392.0535393,2026-05-04T21:53:12.053539,33.044,8350280795,2040,6251,44,100,0
1777924392.069562,2026-05-04T21:53:12.069562,32.99,8350280795,2040,6251,44,100,0
1777924392.082677,2026-05-04T21:53:12.082677,32.99,8350280795,2040,6251,44,100,0
1777924392.0999382,2026-05-04T21:53:12.099938,32.99,8350280795,2040,6251,44,100,0
1777924392.1196394,2026-05-04T21:53:12.119639,32.99,8350280795,2040,6251,44,100,0
1777924392.1384418,2026-05-04T21:53:12.138442,32.99,8350280795,2040,6251,44,100,0
1777924392.1588273,2026-05-04T21:53:12.158827,32.99,8350284255,2040,6251,44,100,0
1777924392.1784875,2026-05-04T21:53:12.178488,33.321,8350284255,2040,6251,44,100,0
1777924392.1995661,2026-05-04T21:53:12.199566,33.321,8350284255,2040,6251,44,100,0
1777924392.2182622,2026-05-04T21:53:12.218262,33.321,8350284255,2040,6251,44,100,0
1777924392.2358842,2026-05-04T21:53:12.235884,33.321,8350284255,2040,6251,44,100,0
1777924392.2539432,2026-05-04T21:53:12.253943,33.321,8350287800,2040,6251,44,100,0
1777924392.272227,2026-05-04T21:53:12.272227,33.702,8350287800,2040,6251,45,100,0
1777924392.2913241,2026-05-04T21:53:12.291324,33.702,8350287800,2040,6251,45,100,0
1777924392.3105571,2026-05-04T21:53:12.310557,33.702,8350287800,2040,6251,45,100,0
1777924392.3324025,2026-05-04T21:53:12.332402,33.702,8350287800,2040,6251,45,100,0
1777924392.3522792,2026-05-04T21:53:12.352279,33.702,8350291343,2040,6251,45,100,0
1777924392.3717077,2026-05-04T21:53:12.371708,33.702,8350291343,2040,6251,45,100,0
1777924392.3905041,2026-05-04T21:53:12.390504,33.702,8350291343,2040,6251,45,100,0
1777924392.413256,2026-05-04T21:53:12.413256,33.702,8350291343,2040,6251,45,100,0
1777924392.4319704,2026-05-04T21:53:12.431970,33.702,8350291343,2040,6251,45,100,0
1777924392.4518068,2026-05-04T21:53:12.451807,33.702,8350294884,2040,6251,45,100,0
1777924392.4737086,2026-05-04T21:53:12.473709,33.711,8350294884,2040,6251,45,100,0
1777924392.4953582,2026-05-04T21:53:12.495358,33.711,8350294884,2040,6251,45,100,0
1777924392.5122328,2026-05-04T21:53:12.512233,33.711,8350294884,2040,6251,45,100,0
1777924392.5319276,2026-05-04T21:53:12.531928,33.711,8350294884,2040,6251,45,100,0
1777924392.5521913,2026-05-04T21:53:12.552191,33.711,8350298430,2040,6251,45,100,0
1777924392.5720556,2026-05-04T21:53:12.572056,33.719,8350298430,2040,6251,45,100,0
1777924392.591273,2026-05-04T21:53:12.591273,33.719,8350298430,2040,6251,45,100,0
1777924392.611365,2026-05-04T21:53:12.611365,33.719,8350298430,2040,6251,45,100,0
1777924392.6332796,2026-05-04T21:53:12.633280,33.719,8350298430,2040,6251,45,100,0
1777924392.652193,2026-05-04T21:53:12.652193,33.719,8350301971,2040,6251,45,100,0
1777924392.6721997,2026-05-04T21:53:12.672200,33.719,8350301971,2040,6251,45,100,0
1777924392.691483,2026-05-04T21:53:12.691483,33.719,8350301971,2040,6251,45,100,0
1777924392.7107153,2026-05-04T21:53:12.710715,33.719,8350301971,2040,6251,45,100,0
1777924392.731577,2026-05-04T21:53:12.731577,33.719,8350301971,2040,6251,45,100,0
1777924392.751438,2026-05-04T21:53:12.751438,33.719,8350305513,2040,6251,45,100,0
1777924392.7717714,2026-05-04T21:53:12.771771,34.109,8350305513,2040,6251,45,100,1
1777924392.7904065,2026-05-04T21:53:12.790406,34.109,8350305513,2040,6251,45,100,1
1777924392.8131888,2026-05-04T21:53:12.813189,34.109,8350305513,2040,6251,45,100,1
1777924392.8328564,2026-05-04T21:53:12.832856,34.109,8350305513,2040,6251,45,100,1
1777924392.8500583,2026-05-04T21:53:12.850058,34.109,8350309055,2040,6251,45,100,1
1777924392.8728673,2026-05-04T21:53:12.872867,34.503,8350309055,2040,6251,45,100,1
1777924392.8919659,2026-05-04T21:53:12.891966,34.503,8350309055,2040,6251,45,100,1
1777924392.9144154,2026-05-04T21:53:12.914415,34.503,8350309055,2040,6251,45,100,1
1777924392.9327874,2026-05-04T21:53:12.932787,34.503,8350309055,2040,6251,45,100,1
1777924392.9531145,2026-05-04T21:53:12.953115,34.503,8350312599,2040,6251,45,100,1
1777924392.9724076,2026-05-04T21:53:12.972408,34.865,8350312599,2040,6251,45,100,0
1777924392.9923854,2026-05-04T21:53:12.992385,34.865,8350312599,2040,6251,45,100,0
1777924393.0120068,2026-05-04T21:53:13.012007,34.865,8350312599,2040,6251,45,100,0
1777924393.0315123,2026-05-04T21:53:13.031512,34.865,8350312599,2040,6251,45,100,0
1777924393.052993,2026-05-04T21:53:13.052993,34.865,8350316142,2040,6251,45,100,0
1777924393.0736055,2026-05-04T21:53:13.073606,35.224,8350316142,2040,6251,45,100,0
1777924393.095615,2026-05-04T21:53:13.095615,35.224,8350316142,2040,6251,45,100,0
1777924393.1148577,2026-05-04T21:53:13.114858,35.224,8350316142,2040,6251,45,100,0
1777924393.1322842,2026-05-04T21:53:13.132284,35.224,8350316142,2040,6251,45,100,0
1777924393.1516166,2026-05-04T21:53:13.151617,35.224,8350319686,2040,6251,45,100,0
1777924393.1724215,2026-05-04T21:53:13.172421,35.499,8350319686,2040,6251,45,100,1
1777924393.1970747,2026-05-04T21:53:13.197075,35.499,8350319686,2040,6251,45,100,1
1777924393.215958,2026-05-04T21:53:13.215958,35.499,8350319686,2040,6251,45,100,1
1777924393.2356827,2026-05-04T21:53:13.235683,35.499,8350319686,2040,6251,45,100,1
1777924393.254872,2026-05-04T21:53:13.254872,35.499,8350323231,2040,6251,45,100,1
1777924393.2755558,2026-05-04T21:53:13.275556,35.499,8350323231,2040,6251,45,100,1
1777924393.2944386,2026-05-04T21:53:13.294439,35.499,8350323231,2040,6251,45,100,1
1777924393.3137696,2026-05-04T21:53:13.313770,35.499,8350323231,2040,6251,45,100,1
1777924393.3330288,2026-05-04T21:53:13.333029,35.499,8350323231,2040,6251,45,100,1
1777924393.3507607,2026-05-04T21:53:13.350761,35.499,8350326772,2040,6251,45,100,1
1777924393.371829,2026-05-04T21:53:13.371829,35.499,8350326772,2040,6251,45,100,1
1777924393.3919327,2026-05-04T21:53:13.391933,35.49,8350326772,2040,6251,45,100,0
1777924393.4114008,2026-05-04T21:53:13.411401,35.49,8350326772,2040,6251,45,100,0
1777924393.4302328,2026-05-04T21:53:13.430233,35.49,8350326772,2040,6251,45,100,0
1777924393.451464,2026-05-04T21:53:13.451464,35.49,8350330309,2040,6251,45,100,0
1777924393.4715137,2026-05-04T21:53:13.471514,35.49,8350330309,2040,6251,45,100,0
1777924393.4916573,2026-05-04T21:53:13.491657,35.49,8350330309,2040,6251,45,100,0
1777924393.5129018,2026-05-04T21:53:13.512902,35.49,8350330309,2040,6251,45,100,0
1777924393.5323734,2026-05-04T21:53:13.532373,35.49,8350330309,2040,6251,45,100,0
1777924393.5530653,2026-05-04T21:53:13.553065,35.49,8350333847,2040,6251,45,100,0
1777924393.5717015,2026-05-04T21:53:13.571702,35.49,8350333847,2040,6251,45,100,0
1777924393.5915554,2026-05-04T21:53:13.591555,35.482,8350333847,2040,6251,45,100,0
1777924393.6131916,2026-05-04T21:53:13.613192,35.482,8350333847,2040,6251,45,100,0
1777924393.6329694,2026-05-04T21:53:13.632969,35.482,8350333847,2040,6251,45,100,0
1777924393.6511872,2026-05-04T21:53:13.651187,35.482,8350337377,2040,6251,45,100,0
1777924393.671753,2026-05-04T21:53:13.671753,35.482,8350337377,2040,6251,45,100,0
1777924393.692182,2026-05-04T21:53:13.692182,35.464,8350337377,2040,6251,45,100,0
1777924393.7112327,2026-05-04T21:53:13.711233,35.464,8350337377,2040,6251,45,100,0
1777924393.7302122,2026-05-04T21:53:13.730212,35.464,8350337377,2040,6251,45,100,0
1777924393.7533581,2026-05-04T21:53:13.753358,35.464,8350340919,2040,6251,45,100,0
1777924393.773653,2026-05-04T21:53:13.773653,35.473,8350340919,2040,6251,45,100,0
1777924393.7972608,2026-05-04T21:53:13.797261,35.473,8350340919,2040,6251,45,100,0
1777924393.817305,2026-05-04T21:53:13.817305,35.473,8350340919,2040,6251,45,100,0
1777924393.8342562,2026-05-04T21:53:13.834256,35.473,8350340919,2040,6251,45,100,0
1777924393.853716,2026-05-04T21:53:13.853716,35.473,8350344462,2040,6251,45,100,0
1777924393.8726134,2026-05-04T21:53:13.872613,35.473,8350344462,2040,6251,45,100,0
1777924393.8923547,2026-05-04T21:53:13.892355,35.475,8350344462,2040,6251,45,100,0
1777924393.9118242,2026-05-04T21:53:13.911824,35.475,8350344462,2040,6251,45,100,0
1777924393.9317038,2026-05-04T21:53:13.931704,35.475,8350344462,2040,6251,45,100,0
1777924393.9522521,2026-05-04T21:53:13.952252,35.475,8350348003,2040,6251,45,100,0
1777924393.9711716,2026-05-04T21:53:13.971172,35.475,8350348003,2040,6251,45,100,0
1777924393.9915178,2026-05-04T21:53:13.991518,35.466,8350348003,2040,6251,45,100,0
1777924394.0111573,2026-05-04T21:53:14.011157,35.466,8350348003,2040,6251,45,100,0
1777924394.031191,2026-05-04T21:53:14.031191,35.466,8350348003,2040,6251,45,100,0
1777924394.0520444,2026-05-04T21:53:14.052044,35.466,8350351546,2040,6251,45,100,0
1777924394.0714574,2026-05-04T21:53:14.071457,35.466,8350351546,2040,6251,45,100,0
1777924394.0907307,2026-05-04T21:53:14.090731,35.457,8350351546,2040,6251,45,100,0
1777924394.1111212,2026-05-04T21:53:14.111121,35.457,8350351546,2040,6251,45,100,0
1777924394.1314783,2026-05-04T21:53:14.131478,35.457,8350351546,2040,6251,45,100,0
1777924394.1517262,2026-05-04T21:53:14.151726,35.457,8350355076,2040,6251,45,100,0
1777924394.1715984,2026-05-04T21:53:14.171598,35.457,8350355076,2040,6251,45,100,0
1777924394.1911173,2026-05-04T21:53:14.191117,35.448,8350355076,2040,6251,45,100,0
1777924394.212859,2026-05-04T21:53:14.212859,35.448,8350355076,2040,6251,45,100,0
1777924394.2327783,2026-05-04T21:53:14.232778,35.448,8350355076,2040,6251,45,100,0
1777924394.252661,2026-05-04T21:53:14.252661,35.448,8350358614,2040,6251,45,100,0
1777924394.2756388,2026-05-04T21:53:14.275639,35.448,8350358614,2040,6251,45,100,0
1777924394.2972608,2026-05-04T21:53:14.297261,35.448,8350358614,2040,6251,45,100,0
1777924394.3202326,2026-05-04T21:53:14.320233,35.448,8350358614,2040,6251,45,100,0
1777924394.3415213,2026-05-04T21:53:14.341521,35.448,8350358614,2040,6251,45,100,0
1777924394.3599682,2026-05-04T21:53:14.359968,35.448,8350362162,2040,6251,45,100,0
1777924394.3770008,2026-05-04T21:53:14.377001,35.448,8350362162,2040,6251,45,100,1
1777924394.3954573,2026-05-04T21:53:14.395457,35.448,8350362162,2040,6251,45,100,1
1777924394.4157112,2026-05-04T21:53:14.415711,35.448,8350362162,2040,6251,45,100,1
1777924394.4348216,2026-05-04T21:53:14.434822,35.448,8350362162,2040,6251,45,100,1
1777924394.4541454,2026-05-04T21:53:14.454145,35.448,8350365710,2040,6251,45,100,1
1777924394.4718983,2026-05-04T21:53:14.471898,35.448,8350365710,2040,6251,45,100,1
1777924394.4919019,2026-05-04T21:53:14.491902,35.448,8350365710,2040,6251,45,100,1
1777924394.5110636,2026-05-04T21:53:14.511064,35.448,8350365710,2040,6251,45,100,1
1777924394.5327027,2026-05-04T21:53:14.532703,35.448,8350365710,2040,6251,45,100,1
1777924394.553429,2026-05-04T21:53:14.553429,35.448,8350369249,2040,6251,45,100,1
1777924394.573866,2026-05-04T21:53:14.573866,35.448,8350369249,2040,6251,45,100,0
1777924394.5886085,2026-05-04T21:53:14.588609,35.448,8350369249,2040,6251,45,100,0
1777924394.6012335,2026-05-04T21:53:14.601233,35.448,8350369249,2040,6251,45,100,0
1777924394.616625,2026-05-04T21:53:14.616625,35.448,8350369249,2040,6251,45,100,0
1777924394.6294065,2026-05-04T21:53:14.629406,35.448,8350369249,2040,6251,45,100,0
1777924394.6419644,2026-05-04T21:53:14.641964,35.448,8350369249,2040,6251,45,100,0
1777924394.6549325,2026-05-04T21:53:14.654932,35.448,8350373209,2040,6251,45,100,0
1777924394.6708176,2026-05-04T21:53:14.670818,36.009,8350373209,2040,6251,45,100,0
1777924394.683226,2026-05-04T21:53:14.683226,36.009,8350373209,2040,6251,45,100,0
1777924394.6958263,2026-05-04T21:53:14.695826,36.009,8350373209,2040,6251,45,100,0
1777924394.7085998,2026-05-04T21:53:14.708600,36.009,8350373209,2040,6251,45,100,0
1777924394.7212026,2026-05-04T21:53:14.721203,36.009,8350373209,2040,6251,45,100,0
1777924394.7340503,2026-05-04T21:53:14.734050,36.009,8350373209,2040,6251,45,100,0
1777924394.7479756,2026-05-04T21:53:14.747976,36.009,8350377393,2040,6251,45,100,0
1777924394.7614138,2026-05-04T21:53:14.761414,36.009,8350377393,2040,6251,45,100,0
1777924394.774244,2026-05-04T21:53:14.774244,36.816,8350377393,2040,6251,45,100,3
1777924394.7881675,2026-05-04T21:53:14.788167,36.816,8350377393,2040,6251,45,100,3
1777924394.8008027,2026-05-04T21:53:14.800803,36.816,8350377393,2040,6251,45,100,3
1777924394.8135965,2026-05-04T21:53:14.813596,36.816,8350377393,2040,6251,45,100,3
1777924394.827968,2026-05-04T21:53:14.827968,36.816,8350377393,2040,6251,45,100,3
1777924394.8405933,2026-05-04T21:53:14.840593,36.816,8350377393,2040,6251,45,100,3
1777924394.853408,2026-05-04T21:53:14.853408,36.816,8350382076,2040,6251,45,100,3
1777924394.8695855,2026-05-04T21:53:14.869586,36.816,8350382076,2040,6251,45,100,3
1777924394.8821967,2026-05-04T21:53:14.882197,37.492,8350382076,2040,6251,46,100,3
1777924394.8949008,2026-05-04T21:53:14.894901,37.492,8350382076,2040,6251,46,100,3
1777924394.9079235,2026-05-04T21:53:14.907923,37.492,8350382076,2040,6251,46,100,3
1777924394.9204164,2026-05-04T21:53:14.920416,37.492,8350382076,2040,6251,46,100,3
1777924394.9332323,2026-05-04T21:53:14.933232,37.492,8350382076,2040,6251,46,100,3
1777924394.9478333,2026-05-04T21:53:14.947833,37.492,8350386375,2040,6251,46,100,3
1777924394.961251,2026-05-04T21:53:14.961251,37.492,8350386375,2040,6251,46,100,3
1777924394.974039,2026-05-04T21:53:14.974039,38.456,8350386375,2040,6251,46,100,3
1777924394.9880154,2026-05-04T21:53:14.988015,38.456,8350386375,2040,6251,46,100,3
1777924395.0005305,2026-05-04T21:53:15.000530,38.456,8350386375,2040,6251,46,100,3
1777924395.013369,2026-05-04T21:53:15.013369,38.456,8350386375,2040,6251,46,100,3
1777924395.0278745,2026-05-04T21:53:15.027874,38.456,8350386375,2040,6251,46,100,3
1777924395.0403433,2026-05-04T21:53:15.040343,38.456,8350386375,2040,6251,46,100,3
1777924395.05313,2026-05-04T21:53:15.053130,38.456,8350390676,2040,6251,46,100,3
1777924395.0705676,2026-05-04T21:53:15.070568,38.456,8350390676,2040,6251,46,100,3
1777924395.0830495,2026-05-04T21:53:15.083050,38.863,8350390676,2040,6251,46,100,3
1777924395.095885,2026-05-04T21:53:15.095885,38.863,8350390676,2040,6251,46,100,3
1777924395.1086328,2026-05-04T21:53:15.108633,38.863,8350390676,2040,6251,46,100,3
1777924395.121164,2026-05-04T21:53:15.121164,38.863,8350390676,2040,6251,46,100,3
1777924395.1339695,2026-05-04T21:53:15.133970,38.863,8350390676,2040,6251,46,100,3
1777924395.14814,2026-05-04T21:53:15.148140,38.863,8350394763,2040,6251,46,100,3
1777924395.1610534,2026-05-04T21:53:15.161053,38.863,8350394763,2040,6251,46,100,3
1777924395.173713,2026-05-04T21:53:15.173713,38.965,8350394763,2040,6251,46,100,3
1777924395.1878543,2026-05-04T21:53:15.187854,38.965,8350394763,2040,6251,46,100,3
1777924395.2002456,2026-05-04T21:53:15.200246,38.965,8350394763,2040,6251,46,100,3
1777924395.2129238,2026-05-04T21:53:15.212924,38.965,8350394763,2040,6251,46,100,3
1777924395.2276127,2026-05-04T21:53:15.227613,38.965,8350394763,2040,6251,46,100,3
1777924395.2399104,2026-05-04T21:53:15.239910,38.965,8350394763,2040,6251,46,100,3
1777924395.2525156,2026-05-04T21:53:15.252516,38.965,8350397978,2040,6251,46,100,3
1777924395.2704797,2026-05-04T21:53:15.270480,38.965,8350397978,2040,6251,46,100,3
1777924395.2828934,2026-05-04T21:53:15.282893,38.343,8350397978,2040,6251,45,100,3
1777924395.2955108,2026-05-04T21:53:15.295511,38.343,8350397978,2040,6251,45,100,3
1777924395.308221,2026-05-04T21:53:15.308221,38.343,8350397978,2040,6251,45,100,3
1777924395.3205957,2026-05-04T21:53:15.320596,38.343,8350397978,2040,6251,45,100,3
1777924395.333354,2026-05-04T21:53:15.333354,38.343,8350397978,2040,6251,45,100,3
1777924395.3477187,2026-05-04T21:53:15.347719,38.343,8350401184,2040,6251,45,100,3
1777924395.361064,2026-05-04T21:53:15.361064,38.343,8350401184,2040,6251,45,100,3
1777924395.3736405,2026-05-04T21:53:15.373641,38.288,8350401184,2040,6251,45,100,0
1777924395.3878183,2026-05-04T21:53:15.387818,38.288,8350401184,2040,6251,45,100,0
1777924395.4001744,2026-05-04T21:53:15.400174,38.288,8350401184,2040,6251,45,100,0
1777924395.4128616,2026-05-04T21:53:15.412862,38.288,8350401184,2040,6251,45,100,0
1777924395.427913,2026-05-04T21:53:15.427913,38.288,8350401184,2040,6251,45,100,0
1777924395.440362,2026-05-04T21:53:15.440362,38.288,8350401184,2040,6251,45,100,0
1777924395.4531267,2026-05-04T21:53:15.453127,38.288,8350404402,2040,6251,45,100,0
1777924395.470229,2026-05-04T21:53:15.470229,38.288,8350404402,2040,6251,45,100,0
1777924395.482642,2026-05-04T21:53:15.482642,37.753,8350404402,2040,6251,45,100,0
1777924395.495332,2026-05-04T21:53:15.495332,37.753,8350404402,2040,6251,45,100,0
1777924395.5079231,2026-05-04T21:53:15.507923,37.753,8350404402,2040,6251,45,100,0
1777924395.5202937,2026-05-04T21:53:15.520294,37.753,8350404402,2040,6251,45,100,0
1777924395.5329845,2026-05-04T21:53:15.532984,37.753,8350404402,2040,6251,45,100,0
1777924395.5476117,2026-05-04T21:53:15.547612,37.753,8350407616,2040,6251,45,100,0
1777924395.5609846,2026-05-04T21:53:15.560985,37.753,8350407616,2040,6251,45,100,0
1777924395.5736833,2026-05-04T21:53:15.573683,37.65,8350407616,2040,6251,45,100,0
1777924395.5877528,2026-05-04T21:53:15.587753,37.65,8350407616,2040,6251,45,100,0
1777924395.6001334,2026-05-04T21:53:15.600133,37.65,8350407616,2040,6251,45,100,0
1777924395.612877,2026-05-04T21:53:15.612877,37.65,8350407616,2040,6251,45,100,0
1777924395.6275442,2026-05-04T21:53:15.627544,37.65,8350407616,2040,6251,45,100,0
1777924395.6400454,2026-05-04T21:53:15.640045,37.65,8350407616,2040,6251,45,100,0
1777924395.6526313,2026-05-04T21:53:15.652631,37.65,8350410819,2040,6251,45,100,0
1777924395.6702178,2026-05-04T21:53:15.670218,37.65,8350410819,2040,6251,45,100,0
1777924395.682665,2026-05-04T21:53:15.682665,37.138,8350410819,2040,6251,44,100,0
1777924395.6954505,2026-05-04T21:53:15.695451,37.138,8350410819,2040,6251,44,100,0
1777924395.7081134,2026-05-04T21:53:15.708113,37.138,8350410819,2040,6251,44,100,0
1777924395.7205486,2026-05-04T21:53:15.720549,37.138,8350410819,2040,6251,44,100,0
1777924395.7332768,2026-05-04T21:53:15.733277,37.138,8350410819,2040,6251,44,100,0
1777924395.7475195,2026-05-04T21:53:15.747519,37.138,8350414021,2040,6251,44,100,0
1777924395.7610073,2026-05-04T21:53:15.761007,37.138,8350414021,2040,6251,44,100,0
1777924395.774023,2026-05-04T21:53:15.774023,36.314,8350414021,2040,6251,44,100,0
1777924395.787726,2026-05-04T21:53:15.787726,36.314,8350414021,2040,6251,44,100,0
1777924395.8002276,2026-05-04T21:53:15.800228,36.314,8350414021,2040,6251,44,100,0
1777924395.8128648,2026-05-04T21:53:15.812865,36.314,8350414021,2040,6251,44,100,0
1777924395.827438,2026-05-04T21:53:15.827438,36.314,8350414021,2040,6251,44,100,0
1777924395.8398993,2026-05-04T21:53:15.839899,36.314,8350414021,2040,6251,44,100,0
1777924395.8526263,2026-05-04T21:53:15.852626,36.314,8350417234,2040,6251,44,100,0
1777924395.8703034,2026-05-04T21:53:15.870303,36.314,8350417234,2040,6251,44,100,0
1777924395.8826303,2026-05-04T21:53:15.882630,35.35,8350417234,2040,6251,44,100,0
1777924395.8953152,2026-05-04T21:53:15.895315,35.35,8350417234,2040,6251,44,100,0
1777924395.9079895,2026-05-04T21:53:15.907990,35.35,8350417234,2040,6251,44,100,0
1777924395.9203413,2026-05-04T21:53:15.920341,35.35,8350417234,2040,6251,44,100,0
1777924395.933039,2026-05-04T21:53:15.933039,35.35,8350417234,2040,6251,44,100,0
1777924395.9474604,2026-05-04T21:53:15.947460,35.35,8350420445,2040,6251,44,100,0
1777924395.960878,2026-05-04T21:53:15.960878,35.35,8350420445,2040,6251,44,100,0
1777924395.9736044,2026-05-04T21:53:15.973604,34.241,8350420445,2040,6251,44,100,0
1777924395.98783,2026-05-04T21:53:15.987830,34.241,8350420445,2040,6251,44,100,0
1777924396.0002055,2026-05-04T21:53:16.000206,34.241,8350420445,2040,6251,44,100,0
1777924396.0129077,2026-05-04T21:53:16.012908,34.241,8350420445,2040,6251,44,100,0
1777924396.0274043,2026-05-04T21:53:16.027404,34.241,8350420445,2040,6251,44,100,0
1777924396.0398123,2026-05-04T21:53:16.039812,34.241,8350420445,2040,6251,44,100,0
1777924396.0525172,2026-05-04T21:53:16.052517,34.241,8350423647,2040,6251,44,100,0
1777924396.0702026,2026-05-04T21:53:16.070203,34.241,8350423647,2040,6251,44,100,0
1777924396.0826545,2026-05-04T21:53:16.082654,33.241,8350423647,2040,6251,44,100,0
1777924396.0954802,2026-05-04T21:53:16.095480,33.241,8350423647,2040,6251,44,100,0
1777924396.108118,2026-05-04T21:53:16.108118,33.241,8350423647,2040,6251,44,100,0
1777924396.1205065,2026-05-04T21:53:16.120507,33.241,8350423647,2040,6251,44,100,0
1777924396.1332943,2026-05-04T21:53:16.133294,33.241,8350423647,2040,6251,44,100,0
1777924396.1473963,2026-05-04T21:53:16.147396,33.241,8350426856,2040,6251,44,100,0
1777924396.1608167,2026-05-04T21:53:16.160817,33.241,8350426856,2040,6251,44,100,0
1777924396.1735682,2026-05-04T21:53:16.173568,32.274,8350426856,2040,6251,44,100,0
1777924396.1875641,2026-05-04T21:53:16.187564,32.274,8350426856,2040,6251,44,100,0
1777924396.1999187,2026-05-04T21:53:16.199919,32.274,8350426856,2040,6251,44,100,0
1777924396.2125473,2026-05-04T21:53:16.212547,32.274,8350426856,2040,6251,44,100,0
1777924396.2274039,2026-05-04T21:53:16.227404,32.274,8350426856,2040,6251,44,100,0
1777924396.2397966,2026-05-04T21:53:16.239797,32.274,8350426856,2040,6251,44,100,0
1777924396.252394,2026-05-04T21:53:16.252394,32.274,8350430062,2040,6251,44,100,0
1777924396.2692192,2026-05-04T21:53:16.269219,32.274,8350430062,2040,6251,44,100,0
1777924396.2818365,2026-05-04T21:53:16.281837,32.203,8350430062,2040,6251,44,100,0
1777924396.2945025,2026-05-04T21:53:16.294502,32.203,8350430062,2040,6251,44,100,0
1777924396.3074527,2026-05-04T21:53:16.307453,32.203,8350430062,2040,6251,44,100,0
1777924396.3198528,2026-05-04T21:53:16.319853,32.203,8350430062,2040,6251,44,100,0
1777924396.3325746,2026-05-04T21:53:16.332575,32.203,8350430062,2040,6251,44,100,0
1777924396.3473482,2026-05-04T21:53:16.347348,32.203,8350433268,2040,6251,44,100,0
1777924396.3607697,2026-05-04T21:53:16.360770,32.203,8350433268,2040,6251,44,100,0
1777924396.3735406,2026-05-04T21:53:16.373541,32.203,8350433268,2040,6251,44,100,0
1777924396.3874402,2026-05-04T21:53:16.387440,32.203,8350433268,2040,6251,44,100,0
1777924396.399889,2026-05-04T21:53:16.399889,32.203,8350433268,2040,6251,44,100,0
1777924396.4126093,2026-05-04T21:53:16.412609,32.203,8350433268,2040,6251,44,100,0
1777924396.4272652,2026-05-04T21:53:16.427265,32.203,8350433268,2040,6251,44,100,0
1777924396.439832,2026-05-04T21:53:16.439832,32.203,8350433268,2040,6251,44,100,0
1777924396.4525397,2026-05-04T21:53:16.452540,32.203,8350436484,2040,6251,44,100,0
1777924396.4701734,2026-05-04T21:53:16.470173,32.203,8350436484,2040,6251,44,100,0
1777924396.4826043,2026-05-04T21:53:16.482604,32.236,8350436484,2040,6251,44,100,0
1777924396.4952755,2026-05-04T21:53:16.495275,32.236,8350436484,2040,6251,44,100,0
1777924396.507986,2026-05-04T21:53:16.507986,32.236,8350436484,2040,6251,44,100,0
1777924396.5204499,2026-05-04T21:53:16.520450,32.236,8350436484,2040,6251,44,100,0
1777924396.5330384,2026-05-04T21:53:16.533038,32.236,8350436484,2040,6251,44,100,0
1777924396.5476701,2026-05-04T21:53:16.547670,32.236,8350439699,2040,6251,44,100,0
1777924396.5607214,2026-05-04T21:53:16.560721,32.236,8350439699,2040,6251,44,100,0
1777924396.5733328,2026-05-04T21:53:16.573333,32.236,8350439699,2040,6251,44,100,0
1777924396.5872886,2026-05-04T21:53:16.587289,32.218,8350439699,2040,6251,44,100,0
1777924396.5996857,2026-05-04T21:53:16.599686,32.218,8350439699,2040,6251,44,100,0
1777924396.6123924,2026-05-04T21:53:16.612392,32.218,8350439699,2040,6251,44,100,0
1777924396.627336,2026-05-04T21:53:16.627336,32.218,8350439699,2040,6251,44,100,0
1777924396.6396673,2026-05-04T21:53:16.639667,32.218,8350439699,2040,6251,44,100,0
1777924396.65233,2026-05-04T21:53:16.652330,32.218,8350442896,2040,6251,44,100,0
1777924396.6700618,2026-05-04T21:53:16.670062,32.218,8350442896,2040,6251,44,100,0
1777924396.6825418,2026-05-04T21:53:16.682542,32.236,8350442896,2040,6251,44,100,0
1777924396.6952167,2026-05-04T21:53:16.695217,32.236,8350442896,2040,6251,44,100,0
1777924396.7078848,2026-05-04T21:53:16.707885,32.236,8350442896,2040,6251,44,100,0
1777924396.720275,2026-05-04T21:53:16.720275,32.236,8350442896,2040,6251,44,100,0
1777924396.732815,2026-05-04T21:53:16.732815,32.236,8350442896,2040,6251,44,100,0
1777924396.7472904,2026-05-04T21:53:16.747290,32.236,8350446090,2040,6251,44,100,0
1777924396.7606149,2026-05-04T21:53:16.760615,32.236,8350446090,2040,6251,44,100,0
1777924396.7732377,2026-05-04T21:53:16.773238,32.236,8350446090,2040,6251,44,100,0
1777924396.7872782,2026-05-04T21:53:16.787278,32.253,8350446090,2040,6251,44,100,0
1777924396.7997222,2026-05-04T21:53:16.799722,32.253,8350446090,2040,6251,44,100,0
1777924396.8123968,2026-05-04T21:53:16.812397,32.253,8350446090,2040,6251,44,100,0
1777924396.8273945,2026-05-04T21:53:16.827394,32.253,8350446090,2040,6251,44,100,0
1777924396.839869,2026-05-04T21:53:16.839869,32.253,8350446090,2040,6251,44,100,0
1777924396.8526158,2026-05-04T21:53:16.852616,32.253,8350449305,2040,6251,44,100,0
1777924396.8699467,2026-05-04T21:53:16.869947,32.253,8350449305,2040,6251,44,100,0
1777924396.8823135,2026-05-04T21:53:16.882313,32.218,8350449305,2040,6251,44,100,0
1777924396.8948767,2026-05-04T21:53:16.894877,32.218,8350449305,2040,6251,44,100,0
1777924396.9072711,2026-05-04T21:53:16.907271,32.218,8350449305,2040,6251,44,100,0
1777924396.9194715,2026-05-04T21:53:16.919472,32.218,8350449305,2040,6251,44,100,0
1777924396.9318383,2026-05-04T21:53:16.931838,32.218,8350449305,2040,6251,44,100,0
1777924396.9469934,2026-05-04T21:53:16.946993,32.218,8350449305,2040,6251,44,100,0
1777924396.95938,2026-05-04T21:53:16.959380,32.218,8350452498,2040,6251,44,100,0
1777924396.9719539,2026-05-04T21:53:16.971954,32.218,8350452498,2040,6251,44,100,0
1777924396.987486,2026-05-04T21:53:16.987486,32.175,8350452498,2040,6251,44,100,0
1777924396.9999971,2026-05-04T21:53:16.999997,32.175,8350452498,2040,6251,44,100,0
1777924397.012539,2026-05-04T21:53:17.012539,32.175,8350452498,2040,6251,44,100,0
1777924397.0272005,2026-05-04T21:53:17.027200,32.175,8350452498,2040,6251,44,100,0
1777924397.0397012,2026-05-04T21:53:17.039701,32.175,8350452498,2040,6251,44,100,0
1777924397.0522687,2026-05-04T21:53:17.052269,32.175,8350455649,2040,6251,44,100,0
1777924397.0698302,2026-05-04T21:53:17.069830,32.175,8350455649,2040,6251,44,100,0
1777924397.0821836,2026-05-04T21:53:17.082184,32.158,8350455649,2040,6251,44,100,0
1777924397.0946417,2026-05-04T21:53:17.094642,32.158,8350455649,2040,6251,44,100,0
1777924397.1073117,2026-05-04T21:53:17.107312,32.158,8350455649,2040,6251,44,100,0
1777924397.1195233,2026-05-04T21:53:17.119523,32.158,8350455649,2040,6251,44,100,0
1777924397.1319022,2026-05-04T21:53:17.131902,32.158,8350455649,2040,6251,44,100,0
1777924397.1469436,2026-05-04T21:53:17.146944,32.158,8350455649,2040,6251,44,100,0
1777924397.1591918,2026-05-04T21:53:17.159192,32.158,8350458821,2040,6251,44,100,0
1777924397.1715758,2026-05-04T21:53:17.171576,32.158,8350458821,2040,6251,44,100,0
1777924397.1871355,2026-05-04T21:53:17.187135,32.096,8350458821,2040,6251,44,100,0
1777924397.199402,2026-05-04T21:53:17.199402,32.096,8350458821,2040,6251,44,100,0
1777924397.2117927,2026-05-04T21:53:17.211793,32.096,8350458821,2040,6251,44,100,0
1777924397.2268748,2026-05-04T21:53:17.226875,32.096,8350458821,2040,6251,44,100,0
1777924397.2438264,2026-05-04T21:53:17.243826,32.096,8350461987,2040,6251,44,100,0
1777924397.262821,2026-05-04T21:53:17.262821,32.096,8350461987,2040,6251,44,100,0
1777924397.2811494,2026-05-04T21:53:17.281149,32.312,8350461987,2040,6251,44,100,0
1777924397.3039901,2026-05-04T21:53:17.303990,32.312,8350461987,2040,6251,44,100,0
1777924397.320965,2026-05-04T21:53:17.320965,32.312,8350461987,2040,6251,44,100,0
1777924397.3392355,2026-05-04T21:53:17.339236,32.312,8350461987,2040,6251,44,100,0
1777924397.357588,2026-05-04T21:53:17.357588,32.312,8350465499,2040,6251,44,100,0
1777924397.3765092,2026-05-04T21:53:17.376509,32.312,8350465499,2040,6251,44,100,0
1777924397.3961225,2026-05-04T21:53:17.396122,32.597,8350465499,2040,6251,45,100,0
1777924397.4174142,2026-05-04T21:53:17.417414,32.597,8350465499,2040,6251,45,100,0
1777924397.436738,2026-05-04T21:53:17.436738,32.597,8350465499,2040,6251,45,100,0
1777924397.4541316,2026-05-04T21:53:17.454132,32.597,8350469044,2040,6251,45,100,0
1777924397.474512,2026-05-04T21:53:17.474512,32.597,8350469044,2040,6251,45,100,0
1777924397.4921381,2026-05-04T21:53:17.492138,32.91,8350469044,2040,6251,45,100,0
1777924397.5163422,2026-05-04T21:53:17.516342,32.91,8350469044,2040,6251,45,100,0
1777924397.535144,2026-05-04T21:53:17.535144,32.91,8350469044,2040,6251,45,100,0
1777924397.5552285,2026-05-04T21:53:17.555228,32.91,8350472585,2040,6251,45,100,0
1777924397.5744512,2026-05-04T21:53:17.574451,32.91,8350472585,2040,6251,45,100,0
1777924397.5933268,2026-05-04T21:53:17.593327,33.18,8350472585,2040,6251,45,100,0
1777924397.6148012,2026-05-04T21:53:17.614801,33.18,8350472585,2040,6251,45,100,0
1777924397.6333888,2026-05-04T21:53:17.633389,33.18,8350472585,2040,6251,45,100,0
1777924397.653719,2026-05-04T21:53:17.653719,33.18,8350476123,2040,6251,45,100,0
1777924397.6748915,2026-05-04T21:53:17.674891,33.18,8350476123,2040,6251,45,100,0
1777924397.6935184,2026-05-04T21:53:17.693518,33.485,8350476123,2040,6251,45,100,0
1777924397.712026,2026-05-04T21:53:17.712026,33.485,8350476123,2040,6251,45,100,0
1777924397.732106,2026-05-04T21:53:17.732106,33.485,8350476123,2040,6251,45,100,0
1777924397.7526908,2026-05-04T21:53:17.752691,33.485,8350479657,2040,6251,45,100,0
1777924397.772379,2026-05-04T21:53:17.772379,33.485,8350479657,2040,6251,45,100,0
1777924397.7921202,2026-05-04T21:53:17.792120,33.77,8350479657,2040,6251,45,100,0
1777924397.8120632,2026-05-04T21:53:17.812063,33.77,8350479657,2040,6251,45,100,0
1777924397.8297608,2026-05-04T21:53:17.829761,33.77,8350479657,2040,6251,45,100,0
1777924397.8484004,2026-05-04T21:53:17.848400,33.77,8350483195,2040,6251,45,100,0
1777924397.873668,2026-05-04T21:53:17.873668,33.77,8350483195,2040,6251,45,100,0
1777924397.8924105,2026-05-04T21:53:17.892411,34.075,8350483195,2040,6251,45,100,0
1777924397.9161463,2026-05-04T21:53:17.916146,34.075,8350483195,2040,6251,45,100,0
1777924397.9334335,2026-05-04T21:53:17.933434,34.075,8350483195,2040,6251,45,100,0
1777924397.950165,2026-05-04T21:53:17.950165,34.075,8350486740,2040,6251,45,100,0
1777924397.971194,2026-05-04T21:53:17.971194,34.075,8350486740,2040,6251,45,100,0
1777924397.9904466,2026-05-04T21:53:17.990447,34.377,8350486740,2040,6251,45,100,1
1777924398.014148,2026-05-04T21:53:18.014148,34.377,8350486740,2040,6251,45,100,1
1777924398.033537,2026-05-04T21:53:18.033537,34.377,8350486740,2040,6251,45,100,1
1777924398.0526445,2026-05-04T21:53:18.052644,34.377,8350490283,2040,6251,45,100,1
1777924398.0691078,2026-05-04T21:53:18.069108,34.377,8350490283,2040,6251,45,100,1
1777924398.0906537,2026-05-04T21:53:18.090654,34.709,8350490283,2040,6251,45,100,1
1777924398.1085184,2026-05-04T21:53:18.108518,34.709,8350490283,2040,6251,45,100,1
1777924398.1295953,2026-05-04T21:53:18.129595,34.709,8350490283,2040,6251,45,100,1
1777924398.148982,2026-05-04T21:53:18.148982,34.709,8350493835,2040,6251,45,100,1
1777924398.1709027,2026-05-04T21:53:18.170903,34.709,8350493835,2040,6251,45,100,1
1777924398.1905565,2026-05-04T21:53:18.190557,35.493,8350493835,2040,6251,45,100,1
1777924398.2111776,2026-05-04T21:53:18.211178,35.037,8350493835,2040,6251,45,100,1
1777924398.2302558,2026-05-04T21:53:18.230256,35.037,8350493835,2040,6251,45,100,1
1777924398.249295,2026-05-04T21:53:18.249295,35.037,8350497377,2040,6251,45,100,1
1777924398.2722187,2026-05-04T21:53:18.272219,35.037,8350497377,2040,6251,45,100,1
1777924398.2898872,2026-05-04T21:53:18.289887,35.037,8350497377,2040,6251,45,100,1
1777924398.309935,2026-05-04T21:53:18.309935,35.422,8350497377,2040,6251,45,100,1
1777924398.3326027,2026-05-04T21:53:18.332603,35.422,8350497377,2040,6251,45,100,1
1777924398.3526852,2026-05-04T21:53:18.352685,35.422,8350500928,2040,6251,45,100,1
1777924398.3720438,2026-05-04T21:53:18.372044,35.422,8350500928,2040,6251,45,100,1
1777924398.3907108,2026-05-04T21:53:18.390711,35.51,8350500928,2040,6251,45,100,1
1777924398.4115245,2026-05-04T21:53:18.411525,35.51,8350500928,2040,6251,45,100,1
1777924398.4298615,2026-05-04T21:53:18.429862,35.51,8350500928,2040,6251,45,100,1
1777924398.4503915,2026-05-04T21:53:18.450392,35.51,8350504474,2040,6251,45,100,1
1777924398.474674,2026-05-04T21:53:18.474674,35.51,8350504474,2040,6251,45,100,1
1777924398.491463,2026-05-04T21:53:18.491463,35.51,8350504474,2040,6251,45,100,1
1777924398.5113847,2026-05-04T21:53:18.511385,35.51,8350504474,2040,6251,45,100,1
1777924398.531136,2026-05-04T21:53:18.531136,35.51,8350504474,2040,6251,45,100,1
1777924398.550372,2026-05-04T21:53:18.550372,35.51,8350508016,2040,6251,45,100,1
1777924398.5693495,2026-05-04T21:53:18.569350,35.51,8350508016,2040,6251,45,100,1
1777924398.5892794,2026-05-04T21:53:18.589279,35.51,8350508016,2040,6251,45,100,1
1777924398.6096518,2026-05-04T21:53:18.609652,35.501,8350508016,2040,6251,45,100,1
1777924398.62227,2026-05-04T21:53:18.622270,35.501,8350508016,2040,6251,45,100,1
1777924398.6350994,2026-05-04T21:53:18.635099,35.501,8350508016,2040,6251,45,100,1
1777924398.6529706,2026-05-04T21:53:18.652971,35.501,8350511706,2040,6251,45,100,1
1777924398.6720486,2026-05-04T21:53:18.672049,35.501,8350511706,2040,6251,45,100,1
1777924398.691814,2026-05-04T21:53:18.691814,35.587,8350511706,2040,6251,45,100,1
1777924398.7139208,2026-05-04T21:53:18.713921,35.587,8350511706,2040,6251,45,100,1
1777924398.7340455,2026-05-04T21:53:18.734046,35.587,8350511706,2040,6251,45,100,1
1777924398.7533724,2026-05-04T21:53:18.753372,35.587,8350515258,2040,6251,45,100,1
1777924398.772097,2026-05-04T21:53:18.772097,35.587,8350515258,2040,6251,45,100,1
1777924398.789943,2026-05-04T21:53:18.789943,35.587,8350515258,2040,6251,45,100,1
1777924398.8107126,2026-05-04T21:53:18.810713,35.587,8350515258,2040,6251,45,100,1
1777924398.8296201,2026-05-04T21:53:18.829620,35.587,8350515258,2040,6251,45,100,1
1777924398.849244,2026-05-04T21:53:18.849244,35.587,8350518816,2040,6251,45,100,1
1777924398.8712304,2026-05-04T21:53:18.871230,35.587,8350518816,2040,6251,45,100,1
1777924398.889515,2026-05-04T21:53:18.889515,35.587,8350518816,2040,6251,45,100,1
1777924398.9021604,2026-05-04T21:53:18.902160,35.587,8350518816,2040,6251,45,100,1
1777924398.92255,2026-05-04T21:53:18.922550,35.587,8350518816,2040,6251,45,100,1
1777924398.9406576,2026-05-04T21:53:18.940658,35.587,8350518816,2040,6251,45,100,1
1777924398.9605777,2026-05-04T21:53:18.960578,35.587,8350522493,2040,6251,45,100,1
1777924398.9785788,2026-05-04T21:53:18.978579,35.587,8350522493,2040,6251,45,100,1
1777924398.9964864,2026-05-04T21:53:18.996486,35.596,8350522493,2040,6251,45,100,1
1777924399.0148723,2026-05-04T21:53:19.014872,35.596,8350522493,2040,6251,45,100,1
1777924399.0335991,2026-05-04T21:53:19.033599,35.596,8350522493,2040,6251,45,100,1
1777924399.054751,2026-05-04T21:53:19.054751,35.596,8350526018,2040,6251,45,100,1
1777924399.067519,2026-05-04T21:53:19.067519,35.596,8350526018,2040,6251,45,100,1
1777924399.086716,2026-05-04T21:53:19.086716,35.596,8350526018,2040,6251,45,100,1
1777924399.1087794,2026-05-04T21:53:19.108779,35.596,8350526018,2040,6251,45,100,1
1777924399.1298041,2026-05-04T21:53:19.129804,35.596,8350526018,2040,6251,45,100,1
1777924399.1499894,2026-05-04T21:53:19.149989,35.596,8350529614,2040,6251,45,100,1
1777924399.1709924,2026-05-04T21:53:19.170992,35.596,8350529614,2040,6251,45,100,1
1777924399.1899128,2026-05-04T21:53:19.189913,35.596,8350529614,2040,6251,45,100,1
1777924399.2025442,2026-05-04T21:53:19.202544,35.596,8350529614,2040,6251,45,100,1
1777924399.2152247,2026-05-04T21:53:19.215225,35.596,8350529614,2040,6251,45,100,1
1777924399.2278128,2026-05-04T21:53:19.227813,35.596,8350529614,2040,6251,45,100,1
1777924399.240372,2026-05-04T21:53:19.240372,35.596,8350529614,2040,6251,45,100,1
1777924399.2531188,2026-05-04T21:53:19.253119,35.596,8350533559,2040,6251,45,100,1
1777924399.2669342,2026-05-04T21:53:19.266934,35.596,8350533559,2040,6251,45,100,1
1777924399.2793734,2026-05-04T21:53:19.279373,35.596,8350533559,2040,6251,45,100,1
1777924399.2920632,2026-05-04T21:53:19.292063,35.596,8350533559,2040,6251,45,100,1
1777924399.3065178,2026-05-04T21:53:19.306518,36.191,8350533559,2040,6251,45,100,1
1777924399.3190417,2026-05-04T21:53:19.319042,36.191,8350533559,2040,6251,45,100,1
1777924399.3317711,2026-05-04T21:53:19.331771,36.191,8350533559,2040,6251,45,100,1
1777924399.3467572,2026-05-04T21:53:19.346757,36.191,8350537769,2040,6251,45,100,1
1777924399.3598814,2026-05-04T21:53:19.359881,36.191,8350537769,2040,6251,45,100,1
1777924399.3726075,2026-05-04T21:53:19.372607,36.191,8350537769,2040,6251,45,100,1
1777924399.3864758,2026-05-04T21:53:19.386476,36.191,8350537769,2040,6251,45,100,1
1777924399.3989036,2026-05-04T21:53:19.398904,36.191,8350537769,2040,6251,45,100,4
1777924399.411713,2026-05-04T21:53:19.411713,37.35,8350537769,2040,6251,46,100,4
1777924399.426477,2026-05-04T21:53:19.426477,37.35,8350537769,2040,6251,46,100,4
1777924399.4391358,2026-05-04T21:53:19.439136,37.35,8350537769,2040,6251,46,100,4
1777924399.45187,2026-05-04T21:53:19.451870,37.35,8350542308,2040,6251,46,100,4
1777924399.4670084,2026-05-04T21:53:19.467008,37.35,8350542308,2040,6251,46,100,4
1777924399.4796822,2026-05-04T21:53:19.479682,37.35,8350542308,2040,6251,46,100,4
1777924399.492456,2026-05-04T21:53:19.492456,37.35,8350542308,2040,6251,46,100,4
1777924399.506493,2026-05-04T21:53:19.506493,37.79,8350542308,2040,6251,46,100,4
1777924399.5192559,2026-05-04T21:53:19.519256,37.79,8350542308,2040,6251,46,100,4
1777924399.5320246,2026-05-04T21:53:19.532025,37.79,8350542308,2040,6251,46,100,4
1777924399.5463154,2026-05-04T21:53:19.546315,37.79,8350546532,2040,6251,46,100,4
1777924399.5597954,2026-05-04T21:53:19.559795,37.79,8350546532,2040,6251,46,100,4
1777924399.5725338,2026-05-04T21:53:19.572534,37.79,8350546532,2040,6251,46,100,4
1777924399.5865304,2026-05-04T21:53:19.586530,37.79,8350546532,2040,6251,46,100,4
1777924399.5989263,2026-05-04T21:53:19.598926,37.79,8350546532,2040,6251,46,100,3
1777924399.6117291,2026-05-04T21:53:19.611729,38.382,8350546532,2040,6251,45,100,3
1777924399.626566,2026-05-04T21:53:19.626566,38.382,8350546532,2040,6251,45,100,3
1777924399.638837,2026-05-04T21:53:19.638837,38.382,8350546532,2040,6251,45,100,3
1777924399.6513264,2026-05-04T21:53:19.651326,38.382,8350549823,2040,6251,45,100,3
1777924399.6667774,2026-05-04T21:53:19.666777,38.382,8350549823,2040,6251,45,100,3
1777924399.679093,2026-05-04T21:53:19.679093,38.382,8350549823,2040,6251,45,100,3
1777924399.6915934,2026-05-04T21:53:19.691593,38.382,8350549823,2040,6251,45,100,3
1777924399.706332,2026-05-04T21:53:19.706332,37.813,8350549823,2040,6251,45,100,3
1777924399.7187712,2026-05-04T21:53:19.718771,37.813,8350549823,2040,6251,45,100,3
1777924399.731492,2026-05-04T21:53:19.731492,37.813,8350549823,2040,6251,45,100,3
1777924399.7462876,2026-05-04T21:53:19.746288,37.813,8350553030,2040,6251,45,100,3
1777924399.7596703,2026-05-04T21:53:19.759670,37.813,8350553030,2040,6251,45,100,3
1777924399.7723687,2026-05-04T21:53:19.772369,37.813,8350553030,2040,6251,45,100,3
1777924399.7864504,2026-05-04T21:53:19.786450,37.813,8350553030,2040,6251,45,100,3
1777924399.7988722,2026-05-04T21:53:19.798872,37.813,8350553030,2040,6251,45,100,0
1777924399.8117926,2026-05-04T21:53:19.811793,37.631,8350553030,2040,6251,45,100,0
1777924399.826252,2026-05-04T21:53:19.826252,37.631,8350553030,2040,6251,45,100,0
1777924399.838662,2026-05-04T21:53:19.838662,37.631,8350553030,2040,6251,45,100,0
1777924399.85136,2026-05-04T21:53:19.851360,37.631,8350556261,2040,6251,45,100,0
1777924399.8667912,2026-05-04T21:53:19.866791,37.631,8350556261,2040,6251,45,100,0
1777924399.8792305,2026-05-04T21:53:19.879230,37.631,8350556261,2040,6251,45,100,0
1777924399.891853,2026-05-04T21:53:19.891853,37.631,8350556261,2040,6251,45,100,0
1777924399.906572,2026-05-04T21:53:19.906572,37.146,8350556261,2040,6251,45,100,0
1777924399.918933,2026-05-04T21:53:19.918933,37.146,8350556261,2040,6251,45,100,0
1777924399.9315143,2026-05-04T21:53:19.931514,37.146,8350556261,2040,6251,45,100,0
1777924399.9462495,2026-05-04T21:53:19.946249,37.146,8350559472,2040,6251,45,100,0
1777924399.9596512,2026-05-04T21:53:19.959651,37.146,8350559472,2040,6251,45,100,0
1777924399.9724789,2026-05-04T21:53:19.972479,37.146,8350559472,2040,6251,45,100,0
1777924399.9863,2026-05-04T21:53:19.986300,37.146,8350559472,2040,6251,45,100,0
1777924399.9986746,2026-05-04T21:53:19.998675,37.146,8350559472,2040,6251,45,100,0
1777924400.0113912,2026-05-04T21:53:20.011391,36.954,8350559472,2040,6251,44,100,0
1777924400.0262315,2026-05-04T21:53:20.026232,36.954,8350559472,2040,6251,44,100,0
1777924400.0385787,2026-05-04T21:53:20.038579,36.954,8350559472,2040,6251,44,100,0
1777924400.0511985,2026-05-04T21:53:20.051198,36.954,8350562682,2040,6251,44,100,0
1777924400.066821,2026-05-04T21:53:20.066821,36.954,8350562682,2040,6251,44,100,0
1777924400.0792549,2026-05-04T21:53:20.079255,36.954,8350562682,2040,6251,44,100,0
1777924400.0918558,2026-05-04T21:53:20.091856,36.954,8350562682,2040,6251,44,100,0
1777924400.1063094,2026-05-04T21:53:20.106309,36.53,8350562682,2040,6251,44,100,0
1777924400.118853,2026-05-04T21:53:20.118853,36.53,8350562682,2040,6251,44,100,0
1777924400.1314063,2026-05-04T21:53:20.131406,36.53,8350562682,2040,6251,44,100,0
1777924400.146147,2026-05-04T21:53:20.146147,36.53,8350565909,2040,6251,44,100,0
1777924400.1595302,2026-05-04T21:53:20.159530,36.53,8350565909,2040,6251,44,100,0
1777924400.1720595,2026-05-04T21:53:20.172060,36.53,8350565909,2040,6251,44,100,0
1777924400.186575,2026-05-04T21:53:20.186575,36.53,8350565909,2040,6251,44,100,0
1777924400.1989768,2026-05-04T21:53:20.198977,36.53,8350565909,2040,6251,44,100,0
1777924400.2117143,2026-05-04T21:53:20.211714,36.324,8350565909,2040,6251,44,100,0
1777924400.2261996,2026-05-04T21:53:20.226200,36.324,8350565909,2040,6251,44,100,0
1777924400.2384663,2026-05-04T21:53:20.238466,36.324,8350565909,2040,6251,44,100,0
1777924400.2510607,2026-05-04T21:53:20.251061,36.324,8350569120,2040,6251,44,100,0
1777924400.269033,2026-05-04T21:53:20.269033,36.324,8350569120,2040,6251,44,100,0
1777924400.281413,2026-05-04T21:53:20.281413,36.324,8350569120,2040,6251,44,100,0
1777924400.293914,2026-05-04T21:53:20.293914,36.324,8350569120,2040,6251,44,100,0
1777924400.306672,2026-05-04T21:53:20.306672,35.939,8350569120,2040,6251,44,100,0
1777924400.3192031,2026-05-04T21:53:20.319203,35.939,8350569120,2040,6251,44,100,0
1777924400.3318229,2026-05-04T21:53:20.331823,35.939,8350569120,2040,6251,44,100,0
1777924400.3462071,2026-05-04T21:53:20.346207,35.939,8350572327,2040,6251,44,100,0
1777924400.3594818,2026-05-04T21:53:20.359482,35.939,8350572327,2040,6251,44,100,0
1777924400.372093,2026-05-04T21:53:20.372093,35.939,8350572327,2040,6251,44,100,0
1777924400.386246,2026-05-04T21:53:20.386246,35.939,8350572327,2040,6251,44,100,0
1777924400.3986232,2026-05-04T21:53:20.398623,35.939,8350572327,2040,6251,44,100,0
1777924400.4113214,2026-05-04T21:53:20.411321,35.038,8350572327,2040,6251,44,100,0
1777924400.426102,2026-05-04T21:53:20.426102,35.038,8350572327,2040,6251,44,100,0
1777924400.4384131,2026-05-04T21:53:20.438413,35.038,8350572327,2040,6251,44,100,0
1777924400.4510558,2026-05-04T21:53:20.451056,35.038,8350575551,2040,6251,44,100,0
1777924400.4682517,2026-05-04T21:53:20.468252,35.038,8350575551,2040,6251,44,100,0
1777924400.480887,2026-05-04T21:53:20.480887,35.038,8350575551,2040,6251,44,100,0
1777924400.4934914,2026-05-04T21:53:20.493491,35.038,8350575551,2040,6251,44,100,0
1777924400.5062299,2026-05-04T21:53:20.506230,33.735,8350575551,2040,6251,44,100,0
1777924400.5186694,2026-05-04T21:53:20.518669,33.735,8350575551,2040,6251,44,100,0
1777924400.5311859,2026-05-04T21:53:20.531186,33.735,8350575551,2040,6251,44,100,0
1777924400.5460474,2026-05-04T21:53:20.546047,33.735,8350578769,2040,6251,44,100,0
1777924400.5594387,2026-05-04T21:53:20.559439,33.735,8350578769,2040,6251,44,100,0
1777924400.5719547,2026-05-04T21:53:20.571955,33.735,8350578769,2040,6251,44,100,0
1777924400.5861223,2026-05-04T21:53:20.586122,33.735,8350578769,2040,6251,44,100,0
1777924400.598419,2026-05-04T21:53:20.598419,33.735,8350578769,2040,6251,44,100,0
1777924400.6110127,2026-05-04T21:53:20.611013,32.807,8350578769,2040,6251,44,100,0
1777924400.6260207,2026-05-04T21:53:20.626021,32.807,8350578769,2040,6251,44,100,0
1777924400.638475,2026-05-04T21:53:20.638475,32.807,8350578769,2040,6251,44,100,0
1777924400.651052,2026-05-04T21:53:20.651052,32.807,8350581952,2040,6251,44,100,0
1777924400.668691,2026-05-04T21:53:20.668691,32.807,8350581952,2040,6251,44,100,0
1777924400.6810644,2026-05-04T21:53:20.681064,32.807,8350581952,2040,6251,44,100,0
1777924400.693818,2026-05-04T21:53:20.693818,32.807,8350581952,2040,6251,44,100,0
1777924400.706501,2026-05-04T21:53:20.706501,32.119,8350581952,2040,6251,44,100,0
1777924400.7189846,2026-05-04T21:53:20.718985,32.119,8350581952,2040,6251,44,100,0
1777924400.7317364,2026-05-04T21:53:20.731736,32.119,8350581952,2040,6251,44,100,0
1777924400.7462893,2026-05-04T21:53:20.746289,32.119,8350585137,2040,6251,44,100,0
1777924400.759309,2026-05-04T21:53:20.759309,32.119,8350585137,2040,6251,44,100,0
1777924400.7717898,2026-05-04T21:53:20.771790,32.119,8350585137,2040,6251,44,100,0
1777924400.7860847,2026-05-04T21:53:20.786085,32.119,8350585137,2040,6251,44,100,0
1777924400.7983458,2026-05-04T21:53:20.798346,32.119,8350585137,2040,6251,44,100,0
1777924400.810952,2026-05-04T21:53:20.810952,32.145,8350585137,2040,6251,44,100,0
1777924400.8258348,2026-05-04T21:53:20.825835,32.145,8350585137,2040,6251,44,100,0
1777924400.8382034,2026-05-04T21:53:20.838203,32.145,8350585137,2040,6251,44,100,0
1777924400.850787,2026-05-04T21:53:20.850787,32.145,8350588333,2040,6251,44,100,0
1777924400.868696,2026-05-04T21:53:20.868696,32.145,8350588333,2040,6251,44,100,0
1777924400.881264,2026-05-04T21:53:20.881264,32.145,8350588333,2040,6251,44,100,0
1777924400.8939273,2026-05-04T21:53:20.893927,32.145,8350588333,2040,6251,44,100,0
1777924400.9064662,2026-05-04T21:53:20.906466,32.119,8350588333,2040,6251,44,100,0
1777924400.919021,2026-05-04T21:53:20.919021,32.119,8350588333,2040,6251,44,100,0
1777924400.931621,2026-05-04T21:53:20.931621,32.119,8350588333,2040,6251,44,100,0
1777924400.9458444,2026-05-04T21:53:20.945844,32.119,8350591538,2040,6251,44,100,0
1777924400.9593956,2026-05-04T21:53:20.959396,32.119,8350591538,2040,6251,44,100,0
1777924400.97207,2026-05-04T21:53:20.972070,32.119,8350591538,2040,6251,44,100,0
1777924400.9860046,2026-05-04T21:53:20.986005,32.119,8350591538,2040,6251,44,100,0
1777924400.9985154,2026-05-04T21:53:20.998515,32.119,8350591538,2040,6251,44,100,0
1777924401.0112305,2026-05-04T21:53:21.011230,32.101,8350591538,2040,6251,44,100,0
1777924401.0260847,2026-05-04T21:53:21.026085,32.101,8350591538,2040,6251,44,100,0
1777924401.0384316,2026-05-04T21:53:21.038432,32.101,8350591538,2040,6251,44,100,0
1777924401.051139,2026-05-04T21:53:21.051139,32.101,8350594757,2040,6251,44,100,0
1777924401.0686135,2026-05-04T21:53:21.068614,32.101,8350594757,2040,6251,44,100,0
1777924401.0809336,2026-05-04T21:53:21.080934,32.101,8350594757,2040,6251,44,100,0
1777924401.0936167,2026-05-04T21:53:21.093617,32.101,8350594757,2040,6251,44,100,0
1777924401.1061373,2026-05-04T21:53:21.106137,32.11,8350594757,2040,6251,44,100,0
1777924401.118604,2026-05-04T21:53:21.118604,32.11,8350594757,2040,6251,44,100,0
1777924401.1311967,2026-05-04T21:53:21.131197,32.11,8350594757,2040,6251,44,100,0
1777924401.1458566,2026-05-04T21:53:21.145857,32.11,8350597917,2040,6251,44,100,0
1777924401.1592536,2026-05-04T21:53:21.159254,32.11,8350597917,2040,6251,44,100,0
1777924401.1718585,2026-05-04T21:53:21.171859,32.11,8350597917,2040,6251,44,100,0
1777924401.1859138,2026-05-04T21:53:21.185914,32.11,8350597917,2040,6251,44,100,0
1777924401.1982882,2026-05-04T21:53:21.198288,32.11,8350597917,2040,6251,44,100,0
1777924401.210852,2026-05-04T21:53:21.210852,32.039,8350597917,2040,6251,44,100,0
1777924401.2257833,2026-05-04T21:53:21.225783,32.039,8350597917,2040,6251,44,100,0
1777924401.2381675,2026-05-04T21:53:21.238168,32.039,8350597917,2040,6251,44,100,0
1777924401.2507296,2026-05-04T21:53:21.250730,32.039,8350601056,2040,6251,44,100,0
1777924401.2764702,2026-05-04T21:53:21.276470,32.039,8350601056,2040,6251,44,100,0
1777924401.2961242,2026-05-04T21:53:21.296124,32.039,8350601056,2040,6251,44,100,0
1777924401.3148348,2026-05-04T21:53:21.314835,32.023,8350601056,2040,6251,45,100,0
1777924401.3363085,2026-05-04T21:53:21.336308,32.023,8350601056,2040,6251,45,100,0
1777924401.357851,2026-05-04T21:53:21.357851,32.023,8350604550,2040,6251,45,100,0
1777924401.3777084,2026-05-04T21:53:21.377708,32.023,8350604550,2040,6251,45,100,0
1777924401.3988621,2026-05-04T21:53:21.398862,32.023,8350604550,2040,6251,45,100,0
1777924401.4200737,2026-05-04T21:53:21.420074,32.335,8350604550,2040,6251,45,100,0
1777924401.4419436,2026-05-04T21:53:21.441944,32.335,8350608102,2040,6251,45,100,0
1777924401.4635146,2026-05-04T21:53:21.463515,32.335,8350608102,2040,6251,45,100,0
1777924401.4833426,2026-05-04T21:53:21.483343,32.335,8350608102,2040,6251,45,100,0
1777924401.5054586,2026-05-04T21:53:21.505459,32.335,8350608102,2040,6251,45,100,0
1777924401.5250378,2026-05-04T21:53:21.525038,32.682,8350608102,2040,6251,45,100,0
1777924401.5461154,2026-05-04T21:53:21.546115,32.682,8350611639,2040,6251,45,100,0
1777924401.5652943,2026-05-04T21:53:21.565294,32.682,8350611639,2040,6251,45,100,0
1777924401.5819862,2026-05-04T21:53:21.581986,32.682,8350611639,2040,6251,45,100,0
1777924401.6013343,2026-05-04T21:53:21.601334,32.682,8350611639,2040,6251,45,100,0
1777924401.6209517,2026-05-04T21:53:21.620952,32.934,8350611639,2040,6251,45,100,1
1777924401.64634,2026-05-04T21:53:21.646340,32.934,8350615184,2040,6251,45,100,1
1777924401.6630526,2026-05-04T21:53:21.663053,32.934,8350615184,2040,6251,45,100,1
1777924401.682182,2026-05-04T21:53:21.682182,32.934,8350615184,2040,6251,45,100,1
1777924401.7029936,2026-05-04T21:53:21.702994,32.934,8350615184,2040,6251,45,100,1
1777924401.7212348,2026-05-04T21:53:21.721235,33.256,8350615184,2040,6251,45,100,1
1777924401.7418187,2026-05-04T21:53:21.741819,33.256,8350615184,2040,6251,45,100,1
1777924401.7610648,2026-05-04T21:53:21.761065,33.256,8350618781,2040,6251,45,100,1
1777924401.7782807,2026-05-04T21:53:21.778281,33.256,8350618781,2040,6251,45,100,1
1777924401.7985678,2026-05-04T21:53:21.798568,33.256,8350618781,2040,6251,45,100,1
1777924401.8167152,2026-05-04T21:53:21.816715,33.256,8350618781,2040,6251,45,100,1
1777924401.8368022,2026-05-04T21:53:21.836802,33.749,8350618781,2040,6251,45,100,0
1777924401.856978,2026-05-04T21:53:21.856978,33.749,8350622265,2040,6251,45,100,0
1777924401.8757238,2026-05-04T21:53:21.875724,33.749,8350622265,2040,6251,45,100,0
1777924401.8943205,2026-05-04T21:53:21.894320,33.749,8350622265,2040,6251,45,100,0
1777924401.9136941,2026-05-04T21:53:21.913694,33.749,8350622265,2040,6251,45,100,0
1777924401.9361813,2026-05-04T21:53:21.936181,33.905,8350622265,2040,6251,45,100,0
1777924401.960095,2026-05-04T21:53:21.960095,33.905,8350625806,2040,6251,45,100,0
1777924401.9784527,2026-05-04T21:53:21.978453,33.905,8350625806,2040,6251,45,100,0
1777924401.9985218,2026-05-04T21:53:21.998522,33.905,8350625806,2040,6251,45,100,0
1777924402.0161965,2026-05-04T21:53:22.016196,33.905,8350625806,2040,6251,45,100,0
1777924402.0363514,2026-05-04T21:53:22.036351,34.216,8350625806,2040,6251,45,100,1
1777924402.0564952,2026-05-04T21:53:22.056495,34.216,8350629350,2040,6251,45,100,1
1777924402.0755684,2026-05-04T21:53:22.075568,34.216,8350629350,2040,6251,45,100,1
1777924402.0947058,2026-05-04T21:53:22.094706,34.216,8350629350,2040,6251,45,100,1
1777924402.115464,2026-05-04T21:53:22.115464,34.216,8350629350,2040,6251,45,100,1
1777924402.1356347,2026-05-04T21:53:22.135635,34.539,8350629350,2040,6251,45,100,1
1777924402.1592298,2026-05-04T21:53:22.159230,34.539,8350632899,2040,6251,45,100,1
1777924402.1781049,2026-05-04T21:53:22.178105,34.539,8350632899,2040,6251,45,100,1
1777924402.1991005,2026-05-04T21:53:22.199100,34.539,8350632899,2040,6251,45,100,1
1777924402.2187672,2026-05-04T21:53:22.218767,34.539,8350632899,2040,6251,45,100,1
1777924402.2403553,2026-05-04T21:53:22.240355,34.849,8350632899,2040,6251,45,100,1
1777924402.26084,2026-05-04T21:53:22.260840,34.849,8350636488,2040,6251,45,100,1
1777924402.281992,2026-05-04T21:53:22.281992,34.849,8350636488,2040,6251,45,100,1
1777924402.299864,2026-05-04T21:53:22.299864,34.849,8350636488,2040,6251,45,100,1
1777924402.3199437,2026-05-04T21:53:22.319944,34.849,8350636488,2040,6251,45,100,1
1777924402.3386698,2026-05-04T21:53:22.338670,35.512,8350636488,2040,6251,45,100,1
1777924402.3607438,2026-05-04T21:53:22.360744,35.512,8350640041,2040,6251,45,100,1
1777924402.381722,2026-05-04T21:53:22.381722,35.512,8350640041,2040,6251,45,100,1
1777924402.4019156,2026-05-04T21:53:22.401916,35.512,8350640041,2040,6251,45,100,1
1777924402.4233627,2026-05-04T21:53:22.423363,35.512,8350640041,2040,6251,45,100,1
1777924402.4424505,2026-05-04T21:53:22.442451,35.521,8350643544,2040,6251,45,100,1
1777924402.4643822,2026-05-04T21:53:22.464382,35.521,8350643544,2040,6251,45,100,1
1777924402.4849982,2026-05-04T21:53:22.484998,35.521,8350643544,2040,6251,45,100,1
1777924402.5039537,2026-05-04T21:53:22.503954,35.521,8350643544,2040,6251,45,100,1
1777924402.5235333,2026-05-04T21:53:22.523533,35.521,8350643544,2040,6251,45,100,1
1777924402.5415194,2026-05-04T21:53:22.541519,35.519,8350647123,2040,6251,45,100,1
1777924402.5619383,2026-05-04T21:53:22.561938,35.519,8350647123,2040,6251,45,100,1
1777924402.5813425,2026-05-04T21:53:22.581342,35.519,8350647123,2040,6251,45,100,1
1777924402.5966768,2026-05-04T21:53:22.596677,35.519,8350647123,2040,6251,45,100,1
1777924402.6094873,2026-05-04T21:53:22.609487,35.519,8350647123,2040,6251,45,100,1
1777924402.6253932,2026-05-04T21:53:22.625393,35.519,8350647123,2040,6251,45,100,1
1777924402.637973,2026-05-04T21:53:22.637973,35.531,8350647123,2040,6251,45,100,1
1777924402.6508412,2026-05-04T21:53:22.650841,35.531,8350650975,2040,6251,45,100,1
1777924402.6659286,2026-05-04T21:53:22.665929,35.531,8350650975,2040,6251,45,100,1
1777924402.6785161,2026-05-04T21:53:22.678516,35.531,8350650975,2040,6251,45,100,1
1777924402.6913075,2026-05-04T21:53:22.691308,35.531,8350650975,2040,6251,45,100,1
1777924402.7058265,2026-05-04T21:53:22.705827,35.531,8350650975,2040,6251,45,100,1
1777924402.718406,2026-05-04T21:53:22.718406,35.531,8350650975,2040,6251,45,100,1
1777924402.7311547,2026-05-04T21:53:22.731155,35.531,8350650975,2040,6251,45,100,1
1777924402.7454538,2026-05-04T21:53:22.745454,36.064,8350655133,2040,6251,45,100,1
1777924402.7588458,2026-05-04T21:53:22.758846,36.064,8350655133,2040,6251,45,100,1
1777924402.7718136,2026-05-04T21:53:22.771814,36.064,8350655133,2040,6251,45,100,1
1777924402.7918115,2026-05-04T21:53:22.791811,36.064,8350655133,2040,6251,45,100,1
1777924402.812274,2026-05-04T21:53:22.812274,36.064,8350655133,2040,6251,45,100,1
1777924402.825705,2026-05-04T21:53:22.825705,36.064,8350655133,2040,6251,45,100,1
1777924402.8383045,2026-05-04T21:53:22.838305,36.62,8350655133,2040,6251,45,100,3
1777924402.8512473,2026-05-04T21:53:22.851247,36.62,8350659103,2040,6251,45,100,3
1777924402.8659816,2026-05-04T21:53:22.865982,36.62,8350659103,2040,6251,45,100,3
1777924402.878636,2026-05-04T21:53:22.878636,36.62,8350659103,2040,6251,45,100,3
1777924402.8915002,2026-05-04T21:53:22.891500,36.62,8350659103,2040,6251,45,100,3
1777924402.9055014,2026-05-04T21:53:22.905501,36.62,8350659103,2040,6251,45,100,3
1777924402.9191077,2026-05-04T21:53:22.919108,36.62,8350659103,2040,6251,45,100,3
1777924402.9394577,2026-05-04T21:53:22.939458,37.553,8350659103,2040,6251,46,100,3
1777924402.9526548,2026-05-04T21:53:22.952655,37.553,8350663428,2040,6251,46,100,3
1777924402.9656098,2026-05-04T21:53:22.965610,37.553,8350663428,2040,6251,46,100,3
1777924402.9781084,2026-05-04T21:53:22.978108,37.553,8350663428,2040,6251,46,100,3
1777924402.9909036,2026-05-04T21:53:22.990904,37.553,8350663428,2040,6251,46,100,3
1777924403.0053298,2026-05-04T21:53:23.005330,37.553,8350663428,2040,6251,46,100,3
1777924403.017717,2026-05-04T21:53:23.017717,37.553,8350663428,2040,6251,46,100,3
1777924403.0304182,2026-05-04T21:53:23.030418,37.553,8350663428,2040,6251,46,100,3
1777924403.0452654,2026-05-04T21:53:23.045265,38.26,8350667354,2040,6251,46,100,4
1777924403.05859,2026-05-04T21:53:23.058590,38.26,8350667354,2040,6251,46,100,4
1777924403.0711305,2026-05-04T21:53:23.071131,38.26,8350667354,2040,6251,46,100,4
1777924403.085391,2026-05-04T21:53:23.085391,38.26,8350667354,2040,6251,46,100,4
1777924403.0977821,2026-05-04T21:53:23.097782,38.26,8350667354,2040,6251,46,100,4
1777924403.110464,2026-05-04T21:53:23.110464,38.26,8350667354,2040,6251,46,100,4
1777924403.1254766,2026-05-04T21:53:23.125477,38.26,8350667354,2040,6251,46,100,4
1777924403.137877,2026-05-04T21:53:23.137877,38.207,8350667354,2040,6251,45,100,4
1777924403.150635,2026-05-04T21:53:23.150635,38.207,8350670548,2040,6251,45,100,4
1777924403.165431,2026-05-04T21:53:23.165431,38.207,8350670548,2040,6251,45,100,4
1777924403.1778634,2026-05-04T21:53:23.177863,38.207,8350670548,2040,6251,45,100,4
1777924403.1905415,2026-05-04T21:53:23.190542,38.207,8350670548,2040,6251,45,100,4
1777924403.2052615,2026-05-04T21:53:23.205261,38.207,8350670548,2040,6251,45,100,4
1777924403.2177536,2026-05-04T21:53:23.217754,38.207,8350670548,2040,6251,45,100,4
1777924403.2305026,2026-05-04T21:53:23.230503,38.207,8350670548,2040,6251,45,100,4
1777924403.2451975,2026-05-04T21:53:23.245198,37.671,8350673754,2040,6251,45,100,0
1777924403.2585347,2026-05-04T21:53:23.258535,37.671,8350673754,2040,6251,45,100,0
1777924403.2712886,2026-05-04T21:53:23.271289,37.671,8350673754,2040,6251,45,100,0
1777924403.285353,2026-05-04T21:53:23.285353,37.671,8350673754,2040,6251,45,100,0
1777924403.2977726,2026-05-04T21:53:23.297773,37.671,8350673754,2040,6251,45,100,0
1777924403.310365,2026-05-04T21:53:23.310365,37.671,8350673754,2040,6251,45,100,0
1777924403.3251894,2026-05-04T21:53:23.325189,37.671,8350673754,2040,6251,45,100,0
1777924403.3375225,2026-05-04T21:53:23.337523,37.336,8350673754,2040,6251,45,100,0
1777924403.3502007,2026-05-04T21:53:23.350201,37.336,8350676949,2040,6251,45,100,0
1777924403.3652756,2026-05-04T21:53:23.365276,37.336,8350676949,2040,6251,45,100,0
1777924403.3776202,2026-05-04T21:53:23.377620,37.336,8350676949,2040,6251,45,100,0
1777924403.3903222,2026-05-04T21:53:23.390322,37.336,8350676949,2040,6251,45,100,0
1777924403.4054816,2026-05-04T21:53:23.405482,37.336,8350676949,2040,6251,45,100,0
1777924403.4178843,2026-05-04T21:53:23.417884,37.336,8350676949,2040,6251,45,100,0
1777924403.4305,2026-05-04T21:53:23.430500,37.336,8350676949,2040,6251,45,100,0
1777924403.4451349,2026-05-04T21:53:23.445135,36.994,8350680131,2040,6251,44,100,0
1777924403.4585135,2026-05-04T21:53:23.458513,36.994,8350680131,2040,6251,44,100,0
1777924403.4714088,2026-05-04T21:53:23.471409,36.994,8350680131,2040,6251,44,100,0
1777924403.4851995,2026-05-04T21:53:23.485199,36.994,8350680131,2040,6251,44,100,0
1777924403.4976356,2026-05-04T21:53:23.497636,36.994,8350680131,2040,6251,44,100,0
1777924403.5103881,2026-05-04T21:53:23.510388,36.994,8350680131,2040,6251,44,100,0
1777924403.5250843,2026-05-04T21:53:23.525084,36.994,8350680131,2040,6251,44,100,0
1777924403.537476,2026-05-04T21:53:23.537476,36.786,8350680131,2040,6251,44,100,0
1777924403.5502052,2026-05-04T21:53:23.550205,36.786,8350683327,2040,6251,44,100,0
1777924403.5653028,2026-05-04T21:53:23.565303,36.786,8350683327,2040,6251,44,100,0
1777924403.5776992,2026-05-04T21:53:23.577699,36.786,8350683327,2040,6251,44,100,0
1777924403.5904162,2026-05-04T21:53:23.590416,36.786,8350683327,2040,6251,44,100,0
1777924403.6052053,2026-05-04T21:53:23.605205,36.786,8350683327,2040,6251,44,100,0
1777924403.6176026,2026-05-04T21:53:23.617603,36.786,8350683327,2040,6251,44,100,0
1777924403.6303113,2026-05-04T21:53:23.630311,36.786,8350683327,2040,6251,44,100,0
1777924403.645082,2026-05-04T21:53:23.645082,36.36,8350686514,2040,6251,44,100,0
1777924403.6584258,2026-05-04T21:53:23.658426,36.36,8350686514,2040,6251,44,100,0
1777924403.6711066,2026-05-04T21:53:23.671107,36.36,8350686514,2040,6251,44,100,0
1777924403.6854196,2026-05-04T21:53:23.685420,36.36,8350686514,2040,6251,44,100,0
1777924403.6977136,2026-05-04T21:53:23.697714,36.36,8350686514,2040,6251,44,100,0
1777924403.710318,2026-05-04T21:53:23.710318,36.36,8350686514,2040,6251,44,100,0
1777924403.7250667,2026-05-04T21:53:23.725067,36.36,8350686514,2040,6251,44,100,0
1777924403.7374725,2026-05-04T21:53:23.737473,35.481,8350686514,2040,6251,44,100,0
1777924403.7502625,2026-05-04T21:53:23.750262,35.481,8350689694,2040,6251,44,100,0
1777924403.765251,2026-05-04T21:53:23.765251,35.481,8350689694,2040,6251,44,100,0
1777924403.7777538,2026-05-04T21:53:23.777754,35.481,8350689694,2040,6251,44,100,0
1777924403.7903914,2026-05-04T21:53:23.790391,35.481,8350689694,2040,6251,44,100,0
1777924403.8051617,2026-05-04T21:53:23.805162,35.481,8350689694,2040,6251,44,100,0
1777924403.8176427,2026-05-04T21:53:23.817643,35.481,8350689694,2040,6251,44,100,0
1777924403.8301897,2026-05-04T21:53:23.830190,35.481,8350689694,2040,6251,44,100,0
1777924403.8449607,2026-05-04T21:53:23.844961,35.173,8350692889,2040,6251,44,100,0
1777924403.858482,2026-05-04T21:53:23.858482,35.173,8350692889,2040,6251,44,100,0
1777924403.8712008,2026-05-04T21:53:23.871201,35.173,8350692889,2040,6251,44,100,0
1777924403.8850737,2026-05-04T21:53:23.885074,35.173,8350692889,2040,6251,44,100,0
1777924403.897486,2026-05-04T21:53:23.897486,35.173,8350692889,2040,6251,44,100,0
1777924403.910191,2026-05-04T21:53:23.910191,35.173,8350692889,2040,6251,44,100,0
1777924403.9248893,2026-05-04T21:53:23.924889,35.173,8350692889,2040,6251,44,100,0
1777924403.9373283,2026-05-04T21:53:23.937328,33.16,8350692889,2040,6251,44,100,0
1777924403.9501896,2026-05-04T21:53:23.950190,33.16,8350696084,2040,6251,44,100,0
1777924403.965356,2026-05-04T21:53:23.965356,33.16,8350696084,2040,6251,44,100,0
1777924403.9779136,2026-05-04T21:53:23.977914,33.16,8350696084,2040,6251,44,100,0
1777924403.990583,2026-05-04T21:53:23.990583,33.16,8350696084,2040,6251,44,100,0
1777924404.0050035,2026-05-04T21:53:24.005003,33.16,8350696084,2040,6251,44,100,0
1777924404.0174956,2026-05-04T21:53:24.017496,33.16,8350696084,2040,6251,44,100,0
1777924404.0300665,2026-05-04T21:53:24.030066,33.16,8350696084,2040,6251,44,100,0
1777924404.0448742,2026-05-04T21:53:24.044874,33.061,8350699262,2040,6251,44,100,0
1777924404.0583704,2026-05-04T21:53:24.058370,33.061,8350699262,2040,6251,44,100,0
1777924404.0709834,2026-05-04T21:53:24.070983,33.061,8350699262,2040,6251,44,100,0
1777924404.0849822,2026-05-04T21:53:24.084982,33.061,8350699262,2040,6251,44,100,0
1777924404.0973558,2026-05-04T21:53:24.097356,33.061,8350699262,2040,6251,44,100,0
1777924404.1098971,2026-05-04T21:53:24.109897,33.061,8350699262,2040,6251,44,100,0
1777924404.124897,2026-05-04T21:53:24.124897,33.061,8350699262,2040,6251,44,100,0
1777924404.1372778,2026-05-04T21:53:24.137278,31.961,8350699262,2040,6251,44,100,0
1777924404.1499844,2026-05-04T21:53:24.149984,31.961,8350702373,2040,6251,44,100,0
1777924404.1650355,2026-05-04T21:53:24.165035,31.961,8350702373,2040,6251,44,100,0
1777924404.177431,2026-05-04T21:53:24.177431,31.961,8350702373,2040,6251,44,100,0
1777924404.1899753,2026-05-04T21:53:24.189975,31.961,8350702373,2040,6251,44,100,0
1777924404.2050216,2026-05-04T21:53:24.205022,31.961,8350702373,2040,6251,44,100,0
1777924404.2175016,2026-05-04T21:53:24.217502,31.961,8350702373,2040,6251,44,100,0
1777924404.2301261,2026-05-04T21:53:24.230126,31.961,8350702373,2040,6251,44,100,0
1777924404.2450833,2026-05-04T21:53:24.245083,31.858,8350705528,2040,6251,44,100,0
1777924404.2583015,2026-05-04T21:53:24.258301,31.858,8350705528,2040,6251,44,100,0
1777924404.2710123,2026-05-04T21:53:24.271012,31.858,8350705528,2040,6251,44,100,0
1777924404.2850192,2026-05-04T21:53:24.285019,31.858,8350705528,2040,6251,44,100,0
1777924404.2974088,2026-05-04T21:53:24.297409,31.858,8350705528,2040,6251,44,100,0
1777924404.3101013,2026-05-04T21:53:24.310101,31.858,8350705528,2040,6251,44,100,0
1777924404.32487,2026-05-04T21:53:24.324870,31.858,8350705528,2040,6251,44,100,0
1777924404.3371463,2026-05-04T21:53:24.337146,31.814,8350705528,2040,6251,44,100,0
1777924404.3497221,2026-05-04T21:53:24.349722,31.814,8350708693,2040,6251,44,100,0
1777924404.364879,2026-05-04T21:53:24.364879,31.814,8350708693,2040,6251,44,100,0
1777924404.3810236,2026-05-04T21:53:24.381024,31.814,8350708693,2040,6251,44,100,0
1777924404.402628,2026-05-04T21:53:24.402628,31.814,8350708693,2040,6251,44,100,0
1777924404.4207988,2026-05-04T21:53:24.420799,31.814,8350708693,2040,6251,44,100,0
1777924404.4334495,2026-05-04T21:53:24.433450,31.814,8350708693,2040,6251,44,100,0
1777924404.4461951,2026-05-04T21:53:24.446195,31.753,8350712146,2040,6251,45,100,0
1777924404.4585762,2026-05-04T21:53:24.458576,31.753,8350712146,2040,6251,45,100,0
1777924404.47748,2026-05-04T21:53:24.477480,31.753,8350712146,2040,6251,45,100,0
1777924404.5002813,2026-05-04T21:53:24.500281,31.753,8350712146,2040,6251,45,100,0
1777924404.5232165,2026-05-04T21:53:24.523216,31.753,8350712146,2040,6251,45,100,0
1777924404.5425534,2026-05-04T21:53:24.542553,31.887,8350715655,2040,6251,45,100,0
1777924404.5635648,2026-05-04T21:53:24.563565,31.887,8350715655,2040,6251,45,100,0
1777924404.5891106,2026-05-04T21:53:24.589111,31.887,8350715655,2040,6251,45,100,0
1777924404.6146016,2026-05-04T21:53:24.614602,31.887,8350715655,2040,6251,45,100,0
1777924404.6334472,2026-05-04T21:53:24.633447,31.887,8350715655,2040,6251,45,100,0
1777924404.6561906,2026-05-04T21:53:24.656191,32.505,8350719192,2040,6251,45,100,1
1777924404.6769254,2026-05-04T21:53:24.676925,32.505,8350719192,2040,6251,45,100,1
1777924404.6975918,2026-05-04T21:53:24.697592,32.505,8350719192,2040,6251,45,100,1
1777924404.721108,2026-05-04T21:53:24.721108,32.505,8350719192,2040,6251,45,100,1
1777924404.7423515,2026-05-04T21:53:24.742352,32.505,8350722769,2040,6251,45,100,1
1777924404.7623305,2026-05-04T21:53:24.762331,32.845,8350722769,2040,6251,45,100,1
1777924404.7836971,2026-05-04T21:53:24.783697,32.845,8350722769,2040,6251,45,100,1
1777924404.80462,2026-05-04T21:53:24.804620,32.845,8350722769,2040,6251,45,100,1
1777924404.8282268,2026-05-04T21:53:24.828227,32.845,8350722769,2040,6251,45,100,1
1777924404.850314,2026-05-04T21:53:24.850314,32.845,8350726297,2040,6251,45,100,1
1777924404.8721502,2026-05-04T21:53:24.872150,33.174,8350726297,2040,6251,45,100,0
1777924404.8986123,2026-05-04T21:53:24.898612,33.174,8350726297,2040,6251,45,100,0
1777924404.9219065,2026-05-04T21:53:24.921906,33.174,8350726297,2040,6251,45,100,0
1777924404.943769,2026-05-04T21:53:24.943769,33.174,8350729836,2040,6251,45,100,0
1777924404.9665303,2026-05-04T21:53:24.966530,33.452,8350729836,2040,6251,45,100,0
1777924404.9907966,2026-05-04T21:53:24.990797,33.452,8350729836,2040,6251,45,100,0
1777924405.011107,2026-05-04T21:53:25.011107,33.452,8350729836,2040,6251,45,100,0
1777924405.0317478,2026-05-04T21:53:25.031748,33.452,8350729836,2040,6251,45,100,0
1777924405.0535417,2026-05-04T21:53:25.053542,33.452,8350733376,2040,6251,45,100,0
1777924405.0737894,2026-05-04T21:53:25.073789,33.755,8350733376,2040,6251,45,100,1
1777924405.0911746,2026-05-04T21:53:25.091175,33.755,8350733376,2040,6251,45,100,1
1777924405.1114116,2026-05-04T21:53:25.111412,33.755,8350733376,2040,6251,45,100,1
1777924405.13137,2026-05-04T21:53:25.131370,33.755,8350733376,2040,6251,45,100,1
1777924405.1502495,2026-05-04T21:53:25.150249,33.755,8350736913,2040,6251,45,100,1
1777924405.172858,2026-05-04T21:53:25.172858,34.147,8350736913,2040,6251,45,100,1
1777924405.1922576,2026-05-04T21:53:25.192258,34.147,8350736913,2040,6251,45,100,1
1777924405.2132375,2026-05-04T21:53:25.213238,34.147,8350736913,2040,6251,45,100,1
1777924405.2330933,2026-05-04T21:53:25.233093,34.147,8350736913,2040,6251,45,100,1
1777924405.2526212,2026-05-04T21:53:25.252621,34.147,8350740454,2040,6251,45,100,1
1777924405.2717428,2026-05-04T21:53:25.271743,34.543,8350740454,2040,6251,45,100,0
1777924405.292063,2026-05-04T21:53:25.292063,34.543,8350740454,2040,6251,45,100,0
1777924405.3097227,2026-05-04T21:53:25.309723,34.543,8350740454,2040,6251,45,100,0
1777924405.3286288,2026-05-04T21:53:25.328629,34.543,8350740454,2040,6251,45,100,0
1777924405.3463879,2026-05-04T21:53:25.346388,34.543,8350744002,2040,6251,45,100,0
1777924405.370293,2026-05-04T21:53:25.370293,34.884,8350744002,2040,6251,45,100,0
1777924405.3946033,2026-05-04T21:53:25.394603,34.884,8350744002,2040,6251,45,100,0
1777924405.4146936,2026-05-04T21:53:25.414694,34.884,8350744002,2040,6251,45,100,0
1777924405.4341202,2026-05-04T21:53:25.434120,34.884,8350744002,2040,6251,45,100,0
1777924405.4559126,2026-05-04T21:53:25.455913,34.884,8350747548,2040,6251,45,100,0
1777924405.472515,2026-05-04T21:53:25.472515,35.272,8350747548,2040,6251,45,100,0
1777924405.485535,2026-05-04T21:53:25.485535,35.272,8350747548,2040,6251,45,100,0
1777924405.4981244,2026-05-04T21:53:25.498124,35.272,8350747548,2040,6251,45,100,0
1777924405.510842,2026-05-04T21:53:25.510842,35.272,8350747548,2040,6251,45,100,0
1777924405.5245426,2026-05-04T21:53:25.524543,35.272,8350747548,2040,6251,45,100,0
1777924405.5370014,2026-05-04T21:53:25.537001,35.272,8350747548,2040,6251,45,100,0
1777924405.549874,2026-05-04T21:53:25.549874,35.272,8350751553,2040,6251,45,100,0
1777924405.5646937,2026-05-04T21:53:25.564694,36.027,8350751553,2040,6251,45,100,0
1777924405.5772033,2026-05-04T21:53:25.577203,36.027,8350751553,2040,6251,45,100,0
1777924405.5899723,2026-05-04T21:53:25.589972,36.027,8350751553,2040,6251,45,100,0
1777924405.609729,2026-05-04T21:53:25.609729,36.027,8350751553,2040,6251,45,100,0
1777924405.6286569,2026-05-04T21:53:25.628657,36.027,8350751553,2040,6251,45,100,0
1777924405.6476984,2026-05-04T21:53:25.647698,36.027,8350755401,2040,6251,45,100,0
1777924405.6653552,2026-05-04T21:53:25.665355,35.396,8350755401,2040,6251,45,100,0
1777924405.6886077,2026-05-04T21:53:25.688608,36.035,8350755401,2040,6251,45,100,1
1777924405.7091815,2026-05-04T21:53:25.709182,36.035,8350755401,2040,6251,45,100,1
1777924405.7294972,2026-05-04T21:53:25.729497,36.035,8350755401,2040,6251,45,100,1
1777924405.7490969,2026-05-04T21:53:25.749097,36.035,8350759023,2040,6251,45,100,1
1777924405.768337,2026-05-04T21:53:25.768337,36.044,8350759023,2040,6251,45,100,1
1777924405.7914946,2026-05-04T21:53:25.791495,36.044,8350759023,2040,6251,45,100,1
1777924405.8087552,2026-05-04T21:53:25.808755,36.044,8350759023,2040,6251,45,100,1
1777924405.8246377,2026-05-04T21:53:25.824638,36.044,8350759023,2040,6251,45,100,1
1777924405.8417442,2026-05-04T21:53:25.841744,36.044,8350762628,2040,6251,45,100,1
1777924405.861323,2026-05-04T21:53:25.861323,36.044,8350762628,2040,6251,45,100,1
1777924405.8810654,2026-05-04T21:53:25.881065,36.126,8350762628,2040,6251,45,100,1
1777924405.8939064,2026-05-04T21:53:25.893906,36.126,8350762628,2040,6251,45,100,1
1777924405.914736,2026-05-04T21:53:25.914736,36.126,8350762628,2040,6251,45,100,1
1777924405.934508,2026-05-04T21:53:25.934508,36.126,8350762628,2040,6251,45,100,1
1777924405.9473267,2026-05-04T21:53:25.947327,36.126,8350766292,2040,6251,45,100,1
1777924405.9599557,2026-05-04T21:53:25.959956,36.126,8350766292,2040,6251,45,100,1
1777924405.9794734,2026-05-04T21:53:25.979473,36.504,8350766292,2040,6251,45,100,1
1777924405.9993453,2026-05-04T21:53:25.999345,36.504,8350766292,2040,6251,45,100,1
1777924406.0180185,2026-05-04T21:53:26.018018,36.504,8350766292,2040,6251,45,100,1
1777924406.0373034,2026-05-04T21:53:26.037303,36.504,8350766292,2040,6251,45,100,1
1777924406.0578246,2026-05-04T21:53:26.057825,36.504,8350769903,2040,6251,45,100,1
1777924406.0779946,2026-05-04T21:53:26.077995,36.548,8350769903,2040,6251,45,100,0
1777924406.0986156,2026-05-04T21:53:26.098616,36.548,8350769903,2040,6251,45,100,0
1777924406.1192858,2026-05-04T21:53:26.119286,36.548,8350769903,2040,6251,45,100,0
1777924406.1374972,2026-05-04T21:53:26.137497,36.548,8350769903,2040,6251,45,100,0
1777924406.156301,2026-05-04T21:53:26.156301,36.548,8350773461,2040,6251,45,100,0
1777924406.1737754,2026-05-04T21:53:26.173775,36.564,8350773461,2040,6251,45,100,0
1777924406.1914647,2026-05-04T21:53:26.191465,36.564,8350773461,2040,6251,45,100,0
1777924406.2076023,2026-05-04T21:53:26.207602,36.564,8350773461,2040,6251,45,100,0
1777924406.2202044,2026-05-04T21:53:26.220204,36.564,8350773461,2040,6251,45,100,0
1777924406.2328708,2026-05-04T21:53:26.232871,36.564,8350773461,2040,6251,45,100,0
1777924406.245611,2026-05-04T21:53:26.245611,36.564,8350777294,2040,6251,45,100,0
1777924406.2582443,2026-05-04T21:53:26.258244,36.564,8350777294,2040,6251,45,100,0
1777924406.271064,2026-05-04T21:53:26.271064,36.564,8350777294,2040,6251,45,100,0
1777924406.2843966,2026-05-04T21:53:26.284397,37.656,8350777294,2040,6251,45,100,2
1777924406.2970443,2026-05-04T21:53:26.297044,37.656,8350777294,2040,6251,45,100,2
1777924406.3098423,2026-05-04T21:53:26.309842,37.656,8350777294,2040,6251,45,100,2
1777924406.324311,2026-05-04T21:53:26.324311,37.656,8350777294,2040,6251,45,100,2
1777924406.3486845,2026-05-04T21:53:26.348685,37.656,8350781756,2040,6251,45,100,2
1777924406.36428,2026-05-04T21:53:26.364280,37.656,8350781756,2040,6251,45,100,2
1777924406.376748,2026-05-04T21:53:26.376748,37.691,8350781756,2040,6251,46,100,2
1777924406.3896327,2026-05-04T21:53:26.389633,37.691,8350781756,2040,6251,46,100,2
1777924406.4043944,2026-05-04T21:53:26.404394,37.691,8350781756,2040,6251,46,100,2
1777924406.4168558,2026-05-04T21:53:26.416856,37.691,8350781756,2040,6251,46,100,2
1777924406.4295263,2026-05-04T21:53:26.429526,37.691,8350781756,2040,6251,46,100,2
1777924406.4441535,2026-05-04T21:53:26.444154,37.691,8350785359,2040,6251,46,100,2
1777924406.4575982,2026-05-04T21:53:26.457598,37.691,8350785359,2040,6251,46,100,2
1777924406.4702117,2026-05-04T21:53:26.470212,37.691,8350785359,2040,6251,46,100,2
1777924406.4845684,2026-05-04T21:53:26.484568,37.572,8350785359,2040,6251,45,100,1
1777924406.4970245,2026-05-04T21:53:26.497025,37.572,8350785359,2040,6251,45,100,1
1777924406.509747,2026-05-04T21:53:26.509747,37.572,8350785359,2040,6251,45,100,1
1777924406.524177,2026-05-04T21:53:26.524177,37.572,8350785359,2040,6251,45,100,1
1777924406.536518,2026-05-04T21:53:26.536518,37.572,8350785359,2040,6251,45,100,1
1777924406.549188,2026-05-04T21:53:26.549188,37.572,8350788545,2040,6251,45,100,1
1777924406.5643687,2026-05-04T21:53:26.564369,37.572,8350788545,2040,6251,45,100,1
1777924406.5768054,2026-05-04T21:53:26.576805,37.058,8350788545,2040,6251,45,100,1
1777924406.5895045,2026-05-04T21:53:26.589504,37.058,8350788545,2040,6251,45,100,1
1777924406.6042023,2026-05-04T21:53:26.604202,37.058,8350788545,2040,6251,45,100,1
1777924406.6165953,2026-05-04T21:53:26.616595,37.058,8350788545,2040,6251,45,100,1
1777924406.629193,2026-05-04T21:53:26.629193,37.058,8350788545,2040,6251,45,100,1
1777924406.6440206,2026-05-04T21:53:26.644021,37.058,8350788545,2040,6251,45,100,1
1777924406.656351,2026-05-04T21:53:26.656351,37.058,8350791776,2040,6251,45,100,1
1777924406.6688192,2026-05-04T21:53:26.668819,37.058,8350791776,2040,6251,45,100,1
1777924406.6841087,2026-05-04T21:53:26.684109,36.251,8350791776,2040,6251,45,100,0
1777924406.6964238,2026-05-04T21:53:26.696424,36.251,8350791776,2040,6251,45,100,0
1777924406.7089674,2026-05-04T21:53:26.708967,36.251,8350791776,2040,6251,45,100,0
1777924406.7241323,2026-05-04T21:53:26.724132,36.251,8350791776,2040,6251,45,100,0
1777924406.736516,2026-05-04T21:53:26.736516,36.251,8350791776,2040,6251,45,100,0
1777924406.749063,2026-05-04T21:53:26.749063,36.251,8350794893,2040,6251,45,100,0
1777924406.7645676,2026-05-04T21:53:26.764568,36.251,8350794893,2040,6251,45,100,0
1777924406.7769938,2026-05-04T21:53:26.776994,35.813,8350794893,2040,6251,44,100,0
1777924406.7896125,2026-05-04T21:53:26.789613,35.813,8350794893,2040,6251,44,100,0
1777924406.8042703,2026-05-04T21:53:26.804270,35.813,8350794893,2040,6251,44,100,0
1777924406.8167052,2026-05-04T21:53:26.816705,35.813,8350794893,2040,6251,44,100,0
1777924406.8292844,2026-05-04T21:53:26.829284,35.813,8350794893,2040,6251,44,100,0
1777924406.8440578,2026-05-04T21:53:26.844058,35.813,8350798062,2040,6251,44,100,0
1777924406.8575468,2026-05-04T21:53:26.857547,35.813,8350798062,2040,6251,44,100,0
1777924406.8701968,2026-05-04T21:53:26.870197,35.813,8350798062,2040,6251,44,100,0
1777924406.8841934,2026-05-04T21:53:26.884193,35.401,8350798062,2040,6251,44,100,0
1777924406.8966255,2026-05-04T21:53:26.896626,35.401,8350798062,2040,6251,44,100,0
1777924406.909303,2026-05-04T21:53:26.909303,35.401,8350798062,2040,6251,44,100,0
1777924406.924102,2026-05-04T21:53:26.924102,35.401,8350798062,2040,6251,44,100,0
1777924406.9365056,2026-05-04T21:53:26.936506,35.401,8350798062,2040,6251,44,100,0
1777924406.9490566,2026-05-04T21:53:26.949057,35.401,8350801218,2040,6251,44,100,0
1777924406.9642286,2026-05-04T21:53:26.964229,35.401,8350801218,2040,6251,44,100,0
1777924406.9766297,2026-05-04T21:53:26.976630,34.979,8350801218,2040,6251,44,100,0
1777924406.989373,2026-05-04T21:53:26.989373,34.979,8350801218,2040,6251,44,100,0
1777924407.0040839,2026-05-04T21:53:27.004084,34.979,8350801218,2040,6251,44,100,0
1777924407.0165312,2026-05-04T21:53:27.016531,34.979,8350801218,2040,6251,44,100,0
1777924407.0292492,2026-05-04T21:53:27.029249,34.979,8350801218,2040,6251,44,100,0
1777924407.0443137,2026-05-04T21:53:27.044314,34.979,8350804407,2040,6251,44,100,0
1777924407.057394,2026-05-04T21:53:27.057394,34.979,8350804407,2040,6251,44,100,0
1777924407.0699196,2026-05-04T21:53:27.069920,34.979,8350804407,2040,6251,44,100,0
1777924407.0840135,2026-05-04T21:53:27.084013,34.094,8350804407,2040,6251,44,100,0
1777924407.096475,2026-05-04T21:53:27.096475,34.094,8350804407,2040,6251,44,100,0
1777924407.1091528,2026-05-04T21:53:27.109153,34.094,8350804407,2040,6251,44,100,0
1777924407.1239903,2026-05-04T21:53:27.123990,34.094,8350804407,2040,6251,44,100,0
1777924407.136441,2026-05-04T21:53:27.136441,34.094,8350804407,2040,6251,44,100,0
1777924407.1490552,2026-05-04T21:53:27.149055,34.094,8350807593,2040,6251,44,100,0
1777924407.1641917,2026-05-04T21:53:27.164192,34.094,8350807593,2040,6251,44,100,0
1777924407.1765666,2026-05-04T21:53:27.176567,33.927,8350807593,2040,6251,44,100,0
1777924407.1893196,2026-05-04T21:53:27.189320,33.927,8350807593,2040,6251,44,100,0
1777924407.2040312,2026-05-04T21:53:27.204031,33.927,8350807593,2040,6251,44,100,0
1777924407.216405,2026-05-04T21:53:27.216405,33.927,8350807593,2040,6251,44,100,0
1777924407.2290397,2026-05-04T21:53:27.229040,33.927,8350807593,2040,6251,44,100,0
1777924407.2439156,2026-05-04T21:53:27.243916,33.927,8350807593,2040,6251,44,100,0
1777924407.2562916,2026-05-04T21:53:27.256292,33.927,8350810791,2040,6251,44,100,0
1777924407.2730203,2026-05-04T21:53:27.273020,33.927,8350810791,2040,6251,44,100,0
1777924407.2899365,2026-05-04T21:53:27.289937,33.51,8350810791,2040,6251,44,100,0
1777924407.3071399,2026-05-04T21:53:27.307140,33.51,8350810791,2040,6251,44,100,0
1777924407.327797,2026-05-04T21:53:27.327797,33.51,8350810791,2040,6251,44,100,0
1777924407.3477771,2026-05-04T21:53:27.347777,33.51,8350814207,2040,6251,44,100,0
1777924407.3670986,2026-05-04T21:53:27.367099,33.51,8350814207,2040,6251,44,100,0
1777924407.3877828,2026-05-04T21:53:27.387783,32.589,8350814207,2040,6251,45,100,0
1777924407.4065912,2026-05-04T21:53:27.406591,32.589,8350814207,2040,6251,45,100,0
1777924407.4255607,2026-05-04T21:53:27.425561,32.589,8350814207,2040,6251,45,100,0
1777924407.4456437,2026-05-04T21:53:27.445644,32.589,8350817743,2040,6251,45,100,0
1777924407.4698377,2026-05-04T21:53:27.469838,32.589,8350817743,2040,6251,45,100,0
1777924407.4886239,2026-05-04T21:53:27.488624,32.364,8350817743,2040,6251,45,100,0
1777924407.508808,2026-05-04T21:53:27.508808,32.364,8350817743,2040,6251,45,100,0
1777924407.5263183,2026-05-04T21:53:27.526318,32.364,8350817743,2040,6251,45,100,0
1777924407.5472634,2026-05-04T21:53:27.547263,32.364,8350821285,2040,6251,45,100,0
1777924407.5676575,2026-05-04T21:53:27.567657,32.364,8350821285,2040,6251,45,100,0
1777924407.5897276,2026-05-04T21:53:27.589728,32.659,8350821285,2040,6251,45,100,0
1777924407.6106172,2026-05-04T21:53:27.610617,32.659,8350821285,2040,6251,45,100,0
1777924407.6309547,2026-05-04T21:53:27.630955,32.659,8350821285,2040,6251,45,100,0
1777924407.6490998,2026-05-04T21:53:27.649100,32.659,8350824819,2040,6251,45,100,0
1777924407.6697323,2026-05-04T21:53:27.669732,32.659,8350824819,2040,6251,45,100,0
1777924407.6892283,2026-05-04T21:53:27.689228,32.988,8350824819,2040,6251,45,100,0
1777924407.706885,2026-05-04T21:53:27.706885,32.988,8350824819,2040,6251,45,100,0
1777924407.719438,2026-05-04T21:53:27.719438,32.988,8350824819,2040,6251,45,100,0
1777924407.732089,2026-05-04T21:53:27.732089,32.988,8350824819,2040,6251,45,100,0
1777924407.7448354,2026-05-04T21:53:27.744835,32.988,8350828204,2040,6251,45,100,0
1777924407.757407,2026-05-04T21:53:27.757407,32.988,8350828204,2040,6251,45,100,0
1777924407.7701635,2026-05-04T21:53:27.770164,32.988,8350828204,2040,6251,45,100,0
1777924407.7840059,2026-05-04T21:53:27.784006,33.106,8350828204,2040,6251,45,100,0
1777924407.796754,2026-05-04T21:53:27.796754,33.106,8350828204,2040,6251,45,100,0
1777924407.8095438,2026-05-04T21:53:27.809544,33.106,8350828204,2040,6251,45,100,0
1777924407.8238149,2026-05-04T21:53:27.823815,33.106,8350828204,2040,6251,45,100,0
1777924407.8365061,2026-05-04T21:53:27.836506,33.106,8350828204,2040,6251,45,100,0
1777924407.8492966,2026-05-04T21:53:27.849297,33.106,8350831296,2040,6251,45,100,0
1777924407.8665466,2026-05-04T21:53:27.866547,33.106,8350831296,2040,6251,45,100,0
1777924407.879151,2026-05-04T21:53:27.879151,33.106,8350831296,2040,6251,45,100,0
1777924407.891856,2026-05-04T21:53:27.891856,32.899,8350831296,2040,6251,44,38,5
1777924407.904324,2026-05-04T21:53:27.904324,32.899,8350831296,2040,6251,44,38,5
1777924407.9165847,2026-05-04T21:53:27.916585,32.899,8350831296,2040,6251,44,38,5
1777924407.9291334,2026-05-04T21:53:27.929133,32.899,8350831296,2040,6251,44,38,5
1777924407.943691,2026-05-04T21:53:27.943691,32.899,8350834425,2040,6251,44,38,5
1777924407.9570713,2026-05-04T21:53:27.957071,32.899,8350834425,2040,6251,44,38,5
1777924407.9696338,2026-05-04T21:53:27.969634,32.899,8350834425,2040,6251,44,38,5
1777924407.9838483,2026-05-04T21:53:27.983848,33.098,8350834425,2040,6251,44,38,5
1777924407.99625,2026-05-04T21:53:27.996250,33.098,8350834425,2040,6251,44,38,5
1777924408.008836,2026-05-04T21:53:28.008836,33.098,8350834425,2040,6251,44,38,5
1777924408.0239081,2026-05-04T21:53:28.023908,33.098,8350834425,2040,6251,44,38,5
1777924408.0362813,2026-05-04T21:53:28.036281,33.098,8350834425,2040,6251,44,38,5
1777924408.0488102,2026-05-04T21:53:28.048810,33.098,8350837574,2040,6251,44,38,5
1777924408.0663588,2026-05-04T21:53:28.066359,33.098,8350837574,2040,6251,44,38,5
1777924408.0786915,2026-05-04T21:53:28.078691,33.098,8350837574,2040,6251,44,38,5
1777924408.0913274,2026-05-04T21:53:28.091327,32.961,8350837574,2040,6251,44,100,0
1777924408.103924,2026-05-04T21:53:28.103924,32.961,8350837574,2040,6251,44,100,0
1777924408.1162949,2026-05-04T21:53:28.116295,32.961,8350837574,2040,6251,44,100,0
1777924408.1288288,2026-05-04T21:53:28.128829,32.961,8350837574,2040,6251,44,100,0
1777924408.1436253,2026-05-04T21:53:28.143625,32.961,8350840736,2040,6251,44,100,0
1777924408.1570928,2026-05-04T21:53:28.157093,32.961,8350840736,2040,6251,44,100,0
1777924408.170325,2026-05-04T21:53:28.170325,32.961,8350840736,2040,6251,44,100,0
1777924408.1850584,2026-05-04T21:53:28.185058,33.119,8350840736,2040,6251,44,100,0
1777924408.2055025,2026-05-04T21:53:28.205503,33.119,8350840736,2040,6251,44,100,0
1777924408.2249217,2026-05-04T21:53:28.224922,33.119,8350840736,2040,6251,44,100,0
1777924408.2454348,2026-05-04T21:53:28.245435,33.119,8350844182,2040,6251,44,100,0
1777924408.269752,2026-05-04T21:53:28.269752,33.119,8350844182,2040,6251,44,100,0
1777924408.2878485,2026-05-04T21:53:28.287848,33.315,8350844182,2040,6251,45,100,0
1777924408.3093576,2026-05-04T21:53:28.309358,33.315,8350844182,2040,6251,45,100,0
1777924408.327623,2026-05-04T21:53:28.327623,33.315,8350844182,2040,6251,45,100,0
1777924408.344893,2026-05-04T21:53:28.344893,33.315,8350847713,2040,6251,45,100,0
1777924408.3659048,2026-05-04T21:53:28.365905,33.315,8350847713,2040,6251,45,100,0
1777924408.3872519,2026-05-04T21:53:28.387252,33.716,8350847713,2040,6251,45,100,0
1777924408.4131458,2026-05-04T21:53:28.413146,33.716,8350847713,2040,6251,45,100,0
1777924408.4309945,2026-05-04T21:53:28.430995,33.716,8350847713,2040,6251,45,100,0
1777924408.449555,2026-05-04T21:53:28.449555,33.716,8350851256,2040,6251,45,100,0
1777924408.4714048,2026-05-04T21:53:28.471405,33.716,8350851256,2040,6251,45,100,0
1777924408.4891033,2026-05-04T21:53:28.489103,33.733,8350851256,2040,6251,45,100,0
1777924408.5107718,2026-05-04T21:53:28.510772,33.733,8350851256,2040,6251,45,100,0
1777924408.5286958,2026-05-04T21:53:28.528696,33.733,8350851256,2040,6251,45,100,0
1777924408.5483987,2026-05-04T21:53:28.548399,33.733,8350854794,2040,6251,45,100,0
1777924408.5676775,2026-05-04T21:53:28.567677,33.733,8350854794,2040,6251,45,100,0
1777924408.5872176,2026-05-04T21:53:28.587218,33.731,8350854794,2040,6251,45,100,0
1777924408.6100025,2026-05-04T21:53:28.610003,33.731,8350854794,2040,6251,45,100,0
1777924408.629015,2026-05-04T21:53:28.629015,33.731,8350854794,2040,6251,45,100,0
1777924408.6487625,2026-05-04T21:53:28.648762,33.731,8350858343,2040,6251,45,100,0
1777924408.6718829,2026-05-04T21:53:28.671883,33.731,8350858343,2040,6251,45,100,0
1777924408.6901023,2026-05-04T21:53:28.690102,33.731,8350858343,2040,6251,45,100,0
1777924408.7109513,2026-05-04T21:53:28.710951,33.731,8350858343,2040,6251,45,100,0
1777924408.730534,2026-05-04T21:53:28.730534,33.731,8350858343,2040,6251,45,100,0
1777924408.7495444,2026-05-04T21:53:28.749544,33.731,8350861887,2040,6251,45,100,0
1777924408.7704058,2026-05-04T21:53:28.770406,33.731,8350861887,2040,6251,45,100,0
1777924408.7887032,2026-05-04T21:53:28.788703,33.729,8350861887,2040,6251,45,100,0
1777924408.809219,2026-05-04T21:53:28.809219,33.729,8350861887,2040,6251,45,100,0
1777924408.8263319,2026-05-04T21:53:28.826332,33.729,8350861887,2040,6251,45,100,0
1777924408.8476963,2026-05-04T21:53:28.847696,33.729,8350865430,2040,6251,45,100,0
1777924408.8688269,2026-05-04T21:53:28.868827,33.729,8350865430,2040,6251,45,100,0
1777924408.8892305,2026-05-04T21:53:28.889230,34.097,8350865430,2040,6251,45,100,0
1777924408.9115214,2026-05-04T21:53:28.911521,34.097,8350865430,2040,6251,45,100,0
1777924408.929214,2026-05-04T21:53:28.929214,34.097,8350865430,2040,6251,45,100,0
1777924408.9472272,2026-05-04T21:53:28.947227,34.097,8350868972,2040,6251,45,100,0
1777924408.9686904,2026-05-04T21:53:28.968690,34.097,8350868972,2040,6251,45,100,0
1777924408.9882927,2026-05-04T21:53:28.988293,34.52,8350868972,2040,6251,45,100,0
1777924409.0096574,2026-05-04T21:53:29.009657,34.52,8350868972,2040,6251,45,100,0
1777924409.0291135,2026-05-04T21:53:29.029114,34.52,8350868972,2040,6251,45,100,0
1777924409.048897,2026-05-04T21:53:29.048897,34.52,8350872514,2040,6251,45,100,0
1777924409.0688798,2026-05-04T21:53:29.068880,34.52,8350872514,2040,6251,45,100,0
1777924409.0867429,2026-05-04T21:53:29.086743,34.879,8350872514,2040,6251,45,100,0
1777924409.1059573,2026-05-04T21:53:29.105957,34.879,8350872514,2040,6251,45,100,0
1777924409.1264718,2026-05-04T21:53:29.126472,34.879,8350872514,2040,6251,45,100,0
1777924409.1473486,2026-05-04T21:53:29.147349,34.879,8350876061,2040,6251,45,100,0
1777924409.1669004,2026-05-04T21:53:29.166900,34.879,8350876061,2040,6251,45,100,0
1777924409.1859949,2026-05-04T21:53:29.185995,35.241,8350876061,2040,6251,45,100,0
1777924409.2061937,2026-05-04T21:53:29.206194,35.241,8350876061,2040,6251,45,100,0
1777924409.2267625,2026-05-04T21:53:29.226763,35.241,8350876061,2040,6251,45,100,0
1777924409.2469609,2026-05-04T21:53:29.246961,35.241,8350879611,2040,6251,45,100,0
1777924409.271038,2026-05-04T21:53:29.271038,35.241,8350879611,2040,6251,45,100,0
1777924409.2904208,2026-05-04T21:53:29.290421,35.478,8350879611,2040,6251,45,100,0
1777924409.3099084,2026-05-04T21:53:29.309908,35.478,8350879611,2040,6251,45,100,0
1777924409.3279748,2026-05-04T21:53:29.327975,35.478,8350879611,2040,6251,45,100,0
1777924409.3477879,2026-05-04T21:53:29.347788,35.478,8350883153,2040,6251,45,100,0
1777924409.3658974,2026-05-04T21:53:29.365897,35.478,8350883153,2040,6251,45,100,0
1777924409.386245,2026-05-04T21:53:29.386245,35.487,8350883153,2040,6251,45,100,0
1777924409.4078436,2026-05-04T21:53:29.407844,35.487,8350883153,2040,6251,45,100,0
1777924409.4283116,2026-05-04T21:53:29.428312,35.487,8350883153,2040,6251,45,100,0
1777924409.445357,2026-05-04T21:53:29.445357,35.487,8350886687,2040,6251,45,100,0
1777924409.4690297,2026-05-04T21:53:29.469030,35.487,8350886687,2040,6251,45,100,0
1777924409.4866035,2026-05-04T21:53:29.486603,35.487,8350886687,2040,6251,45,100,0
1777924409.506141,2026-05-04T21:53:29.506141,35.487,8350886687,2040,6251,45,100,0
1777924409.52802,2026-05-04T21:53:29.528020,35.487,8350886687,2040,6251,45,100,0
1777924409.5460339,2026-05-04T21:53:29.546034,35.487,8350890236,2040,6251,45,100,0
1777924409.5678923,2026-05-04T21:53:29.567892,35.487,8350890236,2040,6251,45,100,0
1777924409.5881965,2026-05-04T21:53:29.588197,35.489,8350890236,2040,6251,45,100,0
1777924409.6118436,2026-05-04T21:53:29.611844,35.489,8350890236,2040,6251,45,100,0
1777924409.6305532,2026-05-04T21:53:29.630553,35.489,8350890236,2040,6251,45,100,0
1777924409.6487176,2026-05-04T21:53:29.648718,35.489,8350893775,2040,6251,45,100,0
1777924409.6665535,2026-05-04T21:53:29.666553,35.489,8350893775,2040,6251,45,100,0
1777924409.685088,2026-05-04T21:53:29.685088,35.489,8350893775,2040,6251,45,100,0
1777924409.7059743,2026-05-04T21:53:29.705974,35.482,8350893775,2040,6251,45,100,0
1777924409.725785,2026-05-04T21:53:29.725785,35.482,8350893775,2040,6251,45,100,0
1777924409.7473607,2026-05-04T21:53:29.747361,35.482,8350897311,2040,6251,45,100,0
1777924409.7676506,2026-05-04T21:53:29.767651,35.482,8350897311,2040,6251,45,100,0
1777924409.786843,2026-05-04T21:53:29.786843,35.473,8350897311,2040,6251,45,100,0
1777924409.8066397,2026-05-04T21:53:29.806640,35.473,8350897311,2040,6251,45,100,0
1777924409.8270483,2026-05-04T21:53:29.827048,35.473,8350897311,2040,6251,45,100,0
1777924409.8463655,2026-05-04T21:53:29.846365,35.473,8350900846,2040,6251,45,100,0
1777924409.8649867,2026-05-04T21:53:29.864987,35.473,8350900846,2040,6251,45,100,0
1777924409.8875468,2026-05-04T21:53:29.887547,35.466,8350900846,2040,6251,45,100,0
1777924409.9108121,2026-05-04T21:53:29.910812,35.466,8350900846,2040,6251,45,100,0
1777924409.9308474,2026-05-04T21:53:29.930847,35.466,8350900846,2040,6251,45,100,0
1777924409.9500024,2026-05-04T21:53:29.950002,35.466,8350904387,2040,6251,45,100,0
1777924409.9700284,2026-05-04T21:53:29.970028,35.466,8350904387,2040,6251,45,100,0
1777924409.9869254,2026-05-04T21:53:29.986925,35.473,8350904387,2040,6251,45,100,0
1777924410.0058897,2026-05-04T21:53:30.005890,35.473,8350904387,2040,6251,45,100,0
1777924410.026724,2026-05-04T21:53:30.026724,35.473,8350904387,2040,6251,45,100,0
1777924410.046634,2026-05-04T21:53:30.046634,35.473,8350907930,2040,6251,45,100,0
1777924410.0664062,2026-05-04T21:53:30.066406,35.473,8350907930,2040,6251,45,100,0
1777924410.0867743,2026-05-04T21:53:30.086774,35.471,8350907930,2040,6251,45,100,0
1777924410.1035354,2026-05-04T21:53:30.103535,35.471,8350907930,2040,6251,45,100,0
1777924410.122821,2026-05-04T21:53:30.122821,35.471,8350907930,2040,6251,45,100,0
1777924410.141781,2026-05-04T21:53:30.141781,35.471,8350907930,2040,6251,45,100,0
1777924410.1545646,2026-05-04T21:53:30.154565,35.471,8350911549,2040,6251,45,100,0
1777924410.174779,2026-05-04T21:53:30.174779,35.471,8350911549,2040,6251,45,100,0
1777924410.1944056,2026-05-04T21:53:30.194406,35.747,8350911549,2040,6251,45,100,0
1777924410.2106707,2026-05-04T21:53:30.210671,35.747,8350911549,2040,6251,45,100,0
1777924410.2275405,2026-05-04T21:53:30.227540,35.747,8350911549,2040,6251,45,100,0
1777924410.2485435,2026-05-04T21:53:30.248544,35.747,8350915112,2040,6251,45,100,0
1777924410.2672622,2026-05-04T21:53:30.267262,35.747,8350915112,2040,6251,45,100,0
1777924410.2861023,2026-05-04T21:53:30.286102,35.747,8350915112,2040,6251,45,100,0
1777924410.3064017,2026-05-04T21:53:30.306402,35.73,8350915112,2040,6251,45,100,0
1777924410.3258135,2026-05-04T21:53:30.325814,35.73,8350915112,2040,6251,45,100,0
1777924410.3469045,2026-05-04T21:53:30.346905,35.73,8350918659,2040,6251,45,100,0
1777924410.3669114,2026-05-04T21:53:30.366911,35.73,8350918659,2040,6251,45,100,0
1777924410.387954,2026-05-04T21:53:30.387954,35.73,8350918659,2040,6251,45,100,0
1777924410.4075253,2026-05-04T21:53:30.407525,35.728,8350918659,2040,6251,45,100,0
1777924410.4281044,2026-05-04T21:53:30.428104,35.728,8350918659,2040,6251,45,100,0
1777924410.4469953,2026-05-04T21:53:30.446995,35.728,8350922198,2040,6251,45,100,0
1777924410.466898,2026-05-04T21:53:30.466898,35.728,8350922198,2040,6251,45,100,0
1777924410.4863276,2026-05-04T21:53:30.486328,35.728,8350922198,2040,6251,45,100,0
1777924410.505038,2026-05-04T21:53:30.505038,35.737,8350922198,2040,6251,45,100,0
1777924410.523295,2026-05-04T21:53:30.523295,35.737,8350922198,2040,6251,45,100,0
1777924410.5358593,2026-05-04T21:53:30.535859,35.737,8350922198,2040,6251,45,100,0
1777924410.553597,2026-05-04T21:53:30.553597,35.737,8350925905,2040,6251,45,100,0
1777924410.5742607,2026-05-04T21:53:30.574261,35.737,8350925905,2040,6251,45,100,0
1777924410.592266,2026-05-04T21:53:30.592266,35.884,8350925905,2040,6251,45,100,0
1777924410.6130528,2026-05-04T21:53:30.613053,35.884,8350925905,2040,6251,45,100,0
1777924410.630233,2026-05-04T21:53:30.630233,35.884,8350925905,2040,6251,45,100,0
1777924410.6492915,2026-05-04T21:53:30.649292,35.884,8350929457,2040,6251,45,100,0
1777924410.6664004,2026-05-04T21:53:30.666400,35.884,8350929457,2040,6251,45,100,0
1777924410.6869543,2026-05-04T21:53:30.686954,35.884,8350929457,2040,6251,45,100,0
1777924410.7071233,2026-05-04T21:53:30.707123,35.866,8350929457,2040,6251,45,100,0
1777924410.722974,2026-05-04T21:53:30.722974,35.866,8350929457,2040,6251,45,100,0
1777924410.7355862,2026-05-04T21:53:30.735586,35.866,8350929457,2040,6251,45,100,0
1777924410.7483606,2026-05-04T21:53:30.748361,35.866,8350933268,2040,6251,45,100,0
1777924410.763139,2026-05-04T21:53:30.763139,35.866,8350933268,2040,6251,45,100,0
1777924410.7757063,2026-05-04T21:53:30.775706,35.866,8350933268,2040,6251,45,100,0
1777924410.7884867,2026-05-04T21:53:30.788487,36.427,8350933268,2040,6251,45,100,0
1777924410.8031397,2026-05-04T21:53:30.803140,36.427,8350933268,2040,6251,45,100,0
1777924410.815766,2026-05-04T21:53:30.815766,36.427,8350933268,2040,6251,45,100,0
1777924410.8285453,2026-05-04T21:53:30.828545,36.427,8350933268,2040,6251,45,100,0
1777924410.8428662,2026-05-04T21:53:30.842866,36.427,8350937481,2040,6251,45,100,0
1777924410.8563533,2026-05-04T21:53:30.856353,36.427,8350937481,2040,6251,45,100,0
1777924410.869142,2026-05-04T21:53:30.869142,36.427,8350937481,2040,6251,45,100,0
1777924410.8830504,2026-05-04T21:53:30.883050,36.427,8350937481,2040,6251,45,100,0
1777924410.8956761,2026-05-04T21:53:30.895676,37.58,8350937481,2040,6251,45,100,3
1777924410.9085777,2026-05-04T21:53:30.908578,37.58,8350937481,2040,6251,45,100,3
1777924410.9228573,2026-05-04T21:53:30.922857,37.58,8350937481,2040,6251,45,100,3
1777924410.935504,2026-05-04T21:53:30.935504,37.58,8350937481,2040,6251,45,100,3
1777924410.9482875,2026-05-04T21:53:30.948287,37.58,8350942150,2040,6251,45,100,3
1777924410.9632297,2026-05-04T21:53:30.963230,37.58,8350942150,2040,6251,45,100,3
1777924410.9758086,2026-05-04T21:53:30.975809,37.58,8350942150,2040,6251,45,100,3
1777924410.9885662,2026-05-04T21:53:30.988566,38.066,8350942150,2040,6251,46,100,3
1777924411.0029008,2026-05-04T21:53:31.002901,38.066,8350942150,2040,6251,46,100,3
1777924411.0155582,2026-05-04T21:53:31.015558,38.066,8350942150,2040,6251,46,100,3
1777924411.0283387,2026-05-04T21:53:31.028339,38.066,8350942150,2040,6251,46,100,3
1777924411.0427322,2026-05-04T21:53:31.042732,38.066,8350946430,2040,6251,46,100,3
1777924411.0562615,2026-05-04T21:53:31.056262,38.066,8350946430,2040,6251,46,100,3
1777924411.0690422,2026-05-04T21:53:31.069042,38.066,8350946430,2040,6251,46,100,3
1777924411.0828707,2026-05-04T21:53:31.082871,38.066,8350946430,2040,6251,46,100,3
1777924411.0955017,2026-05-04T21:53:31.095502,39.119,8350946430,2040,6251,46,100,3
1777924411.108385,2026-05-04T21:53:31.108385,39.119,8350946430,2040,6251,46,100,3
1777924411.1228635,2026-05-04T21:53:31.122864,39.119,8350946430,2040,6251,46,100,3
1777924411.135378,2026-05-04T21:53:31.135378,39.119,8350946430,2040,6251,46,100,3
1777924411.1482196,2026-05-04T21:53:31.148220,39.119,8350950750,2040,6251,46,100,3
1777924411.162958,2026-05-04T21:53:31.162958,39.119,8350950750,2040,6251,46,100,3
1777924411.175459,2026-05-04T21:53:31.175459,39.119,8350950750,2040,6251,46,100,3
1777924411.1882598,2026-05-04T21:53:31.188260,39.467,8350950750,2040,6251,46,100,3
1777924411.2028272,2026-05-04T21:53:31.202827,39.467,8350950750,2040,6251,46,100,3
1777924411.21535,2026-05-04T21:53:31.215350,39.467,8350950750,2040,6251,46,100,3
1777924411.2280653,2026-05-04T21:53:31.228065,39.467,8350950750,2040,6251,46,100,3
1777924411.2429867,2026-05-04T21:53:31.242987,39.467,8350954734,2040,6251,46,100,3
1777924411.2560506,2026-05-04T21:53:31.256051,39.467,8350954734,2040,6251,46,100,3
1777924411.2686937,2026-05-04T21:53:31.268694,39.467,8350954734,2040,6251,46,100,3
1777924411.2827494,2026-05-04T21:53:31.282749,39.467,8350954734,2040,6251,46,100,3
1777924411.2949793,2026-05-04T21:53:31.294979,39.316,8350954734,2040,6251,46,100,2
1777924411.3076296,2026-05-04T21:53:31.307630,39.316,8350954734,2040,6251,46,100,2
1777924411.3228378,2026-05-04T21:53:31.322838,39.316,8350954734,2040,6251,46,100,2
1777924411.3352408,2026-05-04T21:53:31.335241,39.316,8350954734,2040,6251,46,100,2
1777924411.3478777,2026-05-04T21:53:31.347878,39.316,8350957959,2040,6251,46,100,2
1777924411.3627808,2026-05-04T21:53:31.362781,39.316,8350957959,2040,6251,46,100,2
1777924411.375038,2026-05-04T21:53:31.375038,39.316,8350957959,2040,6251,46,100,2
1777924411.3877892,2026-05-04T21:53:31.387789,38.68,8350957959,2040,6251,45,100,2
1777924411.4026856,2026-05-04T21:53:31.402686,38.68,8350957959,2040,6251,45,100,2
1777924411.4150982,2026-05-04T21:53:31.415098,38.68,8350957959,2040,6251,45,100,2
1777924411.4277797,2026-05-04T21:53:31.427780,38.68,8350957959,2040,6251,45,100,2
1777924411.4425747,2026-05-04T21:53:31.442575,38.68,8350961175,2040,6251,45,100,2
1777924411.456108,2026-05-04T21:53:31.456108,38.68,8350961175,2040,6251,45,100,2
1777924411.4688058,2026-05-04T21:53:31.468806,38.68,8350961175,2040,6251,45,100,2
1777924411.4826965,2026-05-04T21:53:31.482697,38.68,8350961175,2040,6251,45,100,2
1777924411.4952433,2026-05-04T21:53:31.495243,38.67,8350961175,2040,6251,45,100,0
1777924411.5079355,2026-05-04T21:53:31.507936,38.67,8350961175,2040,6251,45,100,0
1777924411.5228996,2026-05-04T21:53:31.522900,38.67,8350961175,2040,6251,45,100,0
1777924411.5353365,2026-05-04T21:53:31.535336,38.67,8350961175,2040,6251,45,100,0
1777924411.5480266,2026-05-04T21:53:31.548027,38.67,8350964405,2040,6251,45,100,0
1777924411.5627024,2026-05-04T21:53:31.562702,38.67,8350964405,2040,6251,45,100,0
1777924411.5751934,2026-05-04T21:53:31.575193,38.67,8350964405,2040,6251,45,100,0
1777924411.5877848,2026-05-04T21:53:31.587785,38.092,8350964405,2040,6251,45,100,0
1777924411.602661,2026-05-04T21:53:31.602661,38.092,8350964405,2040,6251,45,100,0
1777924411.6151993,2026-05-04T21:53:31.615199,38.092,8350964405,2040,6251,45,100,0
1777924411.6277158,2026-05-04T21:53:31.627716,38.092,8350964405,2040,6251,45,100,0
1777924411.6426399,2026-05-04T21:53:31.642640,38.092,8350967615,2040,6251,45,100,0
1777924411.6560473,2026-05-04T21:53:31.656047,38.092,8350967615,2040,6251,45,100,0
1777924411.6687853,2026-05-04T21:53:31.668785,38.092,8350967615,2040,6251,45,100,0
1777924411.6826823,2026-05-04T21:53:31.682682,38.092,8350967615,2040,6251,45,100,0
1777924411.6952581,2026-05-04T21:53:31.695258,37.88,8350967615,2040,6251,45,100,0
1777924411.7080095,2026-05-04T21:53:31.708009,37.88,8350967615,2040,6251,45,100,0
1777924411.7225661,2026-05-04T21:53:31.722566,37.88,8350967615,2040,6251,45,100,0
1777924411.735116,2026-05-04T21:53:31.735116,37.88,8350967615,2040,6251,45,100,0
1777924411.7477312,2026-05-04T21:53:31.747731,37.88,8350970851,2040,6251,45,100,0
1777924411.7626114,2026-05-04T21:53:31.762611,37.88,8350970851,2040,6251,45,100,0
1777924411.7750406,2026-05-04T21:53:31.775041,37.88,8350970851,2040,6251,45,100,0
1777924411.7877095,2026-05-04T21:53:31.787709,37.364,8350970851,2040,6251,45,100,0
1777924411.802926,2026-05-04T21:53:31.802926,37.364,8350970851,2040,6251,45,100,0
1777924411.81549,2026-05-04T21:53:31.815490,37.364,8350970851,2040,6251,45,100,0
1777924411.8281298,2026-05-04T21:53:31.828130,37.364,8350970851,2040,6251,45,100,0
1777924411.8424425,2026-05-04T21:53:31.842443,37.364,8350974063,2040,6251,45,100,0
1777924411.8560338,2026-05-04T21:53:31.856034,37.364,8350974063,2040,6251,45,100,0
1777924411.8688734,2026-05-04T21:53:31.868873,37.364,8350974063,2040,6251,45,100,0
1777924411.882539,2026-05-04T21:53:31.882539,37.364,8350974063,2040,6251,45,100,0
1777924411.895051,2026-05-04T21:53:31.895051,36.513,8350974063,2040,6251,44,100,0
1777924411.9076757,2026-05-04T21:53:31.907676,36.513,8350974063,2040,6251,44,100,0
1777924411.9225445,2026-05-04T21:53:31.922544,36.513,8350974063,2040,6251,44,100,0
1777924411.9350839,2026-05-04T21:53:31.935084,36.513,8350974063,2040,6251,44,100,0
1777924411.9476218,2026-05-04T21:53:31.947622,36.513,8350977271,2040,6251,44,100,0
1777924411.962699,2026-05-04T21:53:31.962699,36.513,8350977271,2040,6251,44,100,0
1777924411.975262,2026-05-04T21:53:31.975262,36.513,8350977271,2040,6251,44,100,0
1777924411.98779,2026-05-04T21:53:31.987790,35.267,8350977271,2040,6251,44,100,0
1777924412.0025685,2026-05-04T21:53:32.002568,35.267,8350977271,2040,6251,44,100,0
1777924412.0151546,2026-05-04T21:53:32.015155,35.267,8350977271,2040,6251,44,100,0
1777924412.0276372,2026-05-04T21:53:32.027637,35.267,8350977271,2040,6251,44,100,0
1777924412.0423913,2026-05-04T21:53:32.042391,35.267,8350980489,2040,6251,44,100,0
1777924412.0559316,2026-05-04T21:53:32.055932,35.267,8350980489,2040,6251,44,100,0
1777924412.068509,2026-05-04T21:53:32.068509,35.267,8350980489,2040,6251,44,100,0
1777924412.082799,2026-05-04T21:53:32.082799,35.267,8350980489,2040,6251,44,100,0
1777924412.095381,2026-05-04T21:53:32.095381,34.287,8350980489,2040,6251,44,100,0
1777924412.1080914,2026-05-04T21:53:32.108091,34.287,8350980489,2040,6251,44,100,0
1777924412.1224082,2026-05-04T21:53:32.122408,34.287,8350980489,2040,6251,44,100,0
1777924412.1349573,2026-05-04T21:53:32.134957,34.287,8350980489,2040,6251,44,100,0
1777924412.1476536,2026-05-04T21:53:32.147654,34.287,8350983704,2040,6251,44,100,0
1777924412.1626282,2026-05-04T21:53:32.162628,34.287,8350983704,2040,6251,44,100,0
1777924412.1751995,2026-05-04T21:53:32.175200,34.287,8350983704,2040,6251,44,100,0
1777924412.1877875,2026-05-04T21:53:32.187788,33.252,8350983704,2040,6251,44,100,0
1777924412.2024539,2026-05-04T21:53:32.202454,33.252,8350983704,2040,6251,44,100,0
1777924412.2149713,2026-05-04T21:53:32.214971,33.252,8350983704,2040,6251,44,100,0
1777924412.2276404,2026-05-04T21:53:32.227640,33.252,8350983704,2040,6251,44,100,0
1777924412.242404,2026-05-04T21:53:32.242404,33.252,8350986927,2040,6251,44,100,0
1777924412.255852,2026-05-04T21:53:32.255852,33.252,8350986927,2040,6251,44,100,0
1777924412.2685428,2026-05-04T21:53:32.268543,33.252,8350986927,2040,6251,44,100,0
1777924412.2824464,2026-05-04T21:53:32.282446,33.252,8350986927,2040,6251,44,100,0
1777924412.2949867,2026-05-04T21:53:32.294987,32.284,8350986927,2040,6251,44,100,0
1777924412.3077419,2026-05-04T21:53:32.307742,32.284,8350986927,2040,6251,44,100,0
1777924412.3222597,2026-05-04T21:53:32.322260,32.284,8350986927,2040,6251,44,100,0
1777924412.3346868,2026-05-04T21:53:32.334687,32.284,8350986927,2040,6251,44,100,0
1777924412.3474622,2026-05-04T21:53:32.347462,32.284,8350990145,2040,6251,44,100,0
1777924412.362851,2026-05-04T21:53:32.362851,32.284,8350990145,2040,6251,44,100,0
1777924412.375226,2026-05-04T21:53:32.375226,32.284,8350990145,2040,6251,44,100,0
1777924412.3878148,2026-05-04T21:53:32.387815,32.189,8350990145,2040,6251,44,100,0
1777924412.402499,2026-05-04T21:53:32.402499,32.189,8350990145,2040,6251,44,100,0
1777924412.414879,2026-05-04T21:53:32.414879,32.189,8350990145,2040,6251,44,100,0
1777924412.4275208,2026-05-04T21:53:32.427521,32.189,8350990145,2040,6251,44,100,0
1777924412.4423683,2026-05-04T21:53:32.442368,32.189,8350993344,2040,6251,44,100,0
1777924412.455736,2026-05-04T21:53:32.455736,32.189,8350993344,2040,6251,44,100,0
1777924412.4683473,2026-05-04T21:53:32.468347,32.189,8350993344,2040,6251,44,100,0
1777924412.4824243,2026-05-04T21:53:32.482424,32.189,8350993344,2040,6251,44,100,0
1777924412.4948652,2026-05-04T21:53:32.494865,32.187,8350993344,2040,6251,44,100,0
1777924412.5075114,2026-05-04T21:53:32.507511,32.187,8350993344,2040,6251,44,100,0
1777924412.5223026,2026-05-04T21:53:32.522303,32.187,8350993344,2040,6251,44,100,0
1777924412.5347064,2026-05-04T21:53:32.534706,32.187,8350993344,2040,6251,44,100,0
1777924412.5474687,2026-05-04T21:53:32.547469,32.187,8350996557,2040,6251,44,100,0
1777924412.5625591,2026-05-04T21:53:32.562559,32.187,8350996557,2040,6251,44,100,0
1777924412.5750048,2026-05-04T21:53:32.575005,32.187,8350996557,2040,6251,44,100,0
1777924412.5875676,2026-05-04T21:53:32.587568,32.187,8350996557,2040,6251,44,100,0
1777924412.60237,2026-05-04T21:53:32.602370,32.187,8350996557,2040,6251,44,100,0
1777924412.6148171,2026-05-04T21:53:32.614817,32.187,8350996557,2040,6251,44,100,0
1777924412.6275017,2026-05-04T21:53:32.627502,32.187,8350996557,2040,6251,44,100,0
1777924412.6425712,2026-05-04T21:53:32.642571,32.187,8350999777,2040,6251,44,100,0
1777924412.6556225,2026-05-04T21:53:32.655622,32.187,8350999777,2040,6251,44,100,0
1777924412.6682947,2026-05-04T21:53:32.668295,32.187,8350999777,2040,6251,44,100,0
1777924412.6824238,2026-05-04T21:53:32.682424,32.187,8350999777,2040,6251,44,100,0
1777924412.6948686,2026-05-04T21:53:32.694869,32.178,8350999777,2040,6251,44,100,0
1777924412.7075653,2026-05-04T21:53:32.707565,32.178,8350999777,2040,6251,44,100,0
1777924412.7222118,2026-05-04T21:53:32.722212,32.178,8350999777,2040,6251,44,100,0
1777924412.734457,2026-05-04T21:53:32.734457,32.178,8350999777,2040,6251,44,100,0
1777924412.74693,2026-05-04T21:53:32.746930,32.178,8351002981,2040,6251,44,100,0
1777924412.7623918,2026-05-04T21:53:32.762392,32.178,8351002981,2040,6251,44,100,0
1777924412.7749822,2026-05-04T21:53:32.774982,32.178,8351002981,2040,6251,44,100,0
1777924412.7876148,2026-05-04T21:53:32.787615,32.144,8351002981,2040,6251,44,100,0
1777924412.8022623,2026-05-04T21:53:32.802262,32.144,8351002981,2040,6251,44,100,0
1777924412.8148403,2026-05-04T21:53:32.814840,32.144,8351002981,2040,6251,44,100,0
1777924412.8275242,2026-05-04T21:53:32.827524,32.144,8351002981,2040,6251,44,100,0
1777924412.8421834,2026-05-04T21:53:32.842183,32.144,8351006184,2040,6251,44,100,0
1777924412.855606,2026-05-04T21:53:32.855606,32.144,8351006184,2040,6251,44,100,0
1777924412.8683121,2026-05-04T21:53:32.868312,32.144,8351006184,2040,6251,44,100,0
1777924412.8823714,2026-05-04T21:53:32.882371,32.144,8351006184,2040,6251,44,100,0
1777924412.8948987,2026-05-04T21:53:32.894899,32.179,8351006184,2040,6251,44,100,0
1777924412.907698,2026-05-04T21:53:32.907698,32.179,8351006184,2040,6251,44,100,0
1777924412.9223819,2026-05-04T21:53:32.922382,32.179,8351006184,2040,6251,44,100,0
1777924412.9346957,2026-05-04T21:53:32.934696,32.179,8351006184,2040,6251,44,100,0
1777924412.9473178,2026-05-04T21:53:32.947318,32.179,8351009405,2040,6251,44,100,0
1777924412.9624355,2026-05-04T21:53:32.962435,32.179,8351009405,2040,6251,44,100,0
1777924412.9748843,2026-05-04T21:53:32.974884,32.179,8351009405,2040,6251,44,100,0
1777924412.9874723,2026-05-04T21:53:32.987472,32.153,8351009405,2040,6251,44,100,0
1777924413.002239,2026-05-04T21:53:33.002239,32.153,8351009405,2040,6251,44,100,0
1777924413.0146627,2026-05-04T21:53:33.014663,32.153,8351009405,2040,6251,44,100,0
1777924413.0272734,2026-05-04T21:53:33.027273,32.153,8351009405,2040,6251,44,100,0
1777924413.042106,2026-05-04T21:53:33.042106,32.153,8351012580,2040,6251,44,100,0
1777924413.055634,2026-05-04T21:53:33.055634,32.153,8351012580,2040,6251,44,100,0
1777924413.0683122,2026-05-04T21:53:33.068312,32.153,8351012580,2040,6251,44,100,0
1777924413.0822043,2026-05-04T21:53:33.082204,32.153,8351012580,2040,6251,44,100,0
1777924413.094797,2026-05-04T21:53:33.094797,32.135,8351012580,2040,6251,44,100,0
1777924413.1075878,2026-05-04T21:53:33.107588,32.135,8351012580,2040,6251,44,100,0
1777924413.1221123,2026-05-04T21:53:33.122112,32.135,8351012580,2040,6251,44,100,0
1777924413.1343782,2026-05-04T21:53:33.134378,32.135,8351012580,2040,6251,44,100,0
1777924413.146789,2026-05-04T21:53:33.146789,32.135,8351015776,2040,6251,44,100,0
1777924413.1621196,2026-05-04T21:53:33.162120,32.135,8351015776,2040,6251,44,100,0
1777924413.1743236,2026-05-04T21:53:33.174324,32.135,8351015776,2040,6251,44,100,0
1777924413.1867251,2026-05-04T21:53:33.186725,32.074,8351015776,2040,6251,44,100,0
1777924413.2022684,2026-05-04T21:53:33.202268,32.074,8351015776,2040,6251,44,100,0
1777924413.2144895,2026-05-04T21:53:33.214489,32.074,8351015776,2040,6251,44,100,0
1777924413.2268746,2026-05-04T21:53:33.226875,32.074,8351015776,2040,6251,44,100,0
1777924413.241857,2026-05-04T21:53:33.241857,32.074,8351015776,2040,6251,44,100,0
1777924413.2541885,2026-05-04T21:53:33.254189,32.074,8351018949,2040,6251,44,100,0
1777924413.266546,2026-05-04T21:53:33.266546,32.074,8351018949,2040,6251,44,100,0
1777924413.2819567,2026-05-04T21:53:33.281957,32.074,8351018949,2040,6251,44,100,0
1777924413.2941885,2026-05-04T21:53:33.294188,32.004,8351018949,2040,6251,44,100,0
1777924413.3066301,2026-05-04T21:53:33.306630,32.004,8351018949,2040,6251,44,100,0
1777924413.3218827,2026-05-04T21:53:33.321883,32.004,8351018949,2040,6251,44,100,0
1777924413.3341806,2026-05-04T21:53:33.334181,32.004,8351018949,2040,6251,44,100,0
1777924413.3465517,2026-05-04T21:53:33.346552,32.004,8351022036,2040,6251,44,100,0
1777924413.3620362,2026-05-04T21:53:33.362036,32.004,8351022036,2040,6251,44,100,0
1777924413.3848333,2026-05-04T21:53:33.384833,32.004,8351022036,2040,6251,44,100,0
1777924413.4055693,2026-05-04T21:53:33.405569,31.925,8351022036,2040,6251,44,100,0
1777924413.428537,2026-05-04T21:53:33.428537,31.925,8351022036,2040,6251,44,100,0
1777924413.447745,2026-05-04T21:53:33.447745,31.925,8351025486,2040,6251,44,100,0
1777924413.4690554,2026-05-04T21:53:33.469055,31.925,8351025486,2040,6251,44,100,0
1777924413.4890208,2026-05-04T21:53:33.489021,31.925,8351025486,2040,6251,44,100,0
1777924413.508546,2026-05-04T21:53:33.508546,32.237,8351025486,2040,6251,45,100,0
1777924413.5251508,2026-05-04T21:53:33.525151,32.237,8351025486,2040,6251,45,100,0
1777924413.5437937,2026-05-04T21:53:33.543794,32.237,8351029032,2040,6251,45,100,0
1777924413.5666816,2026-05-04T21:53:33.566682,32.237,8351029032,2040,6251,45,100,0
1777924413.5866463,2026-05-04T21:53:33.586646,32.237,8351029032,2040,6251,45,100,0
1777924413.6067708,2026-05-04T21:53:33.606771,32.534,8351029032,2040,6251,45,100,0
1777924413.6252465,2026-05-04T21:53:33.625247,32.534,8351029032,2040,6251,45,100,0
1777924413.646679,2026-05-04T21:53:33.646679,32.534,8351032576,2040,6251,45,100,0
1777924413.6694221,2026-05-04T21:53:33.669422,32.534,8351032576,2040,6251,45,100,0
1777924413.6884606,2026-05-04T21:53:33.688461,32.534,8351032576,2040,6251,45,100,0
1777924413.7090003,2026-05-04T21:53:33.709000,32.837,8351032576,2040,6251,45,100,0
1777924413.7313833,2026-05-04T21:53:33.731383,32.837,8351032576,2040,6251,45,100,0
1777924413.7502859,2026-05-04T21:53:33.750286,32.837,8351036126,2040,6251,45,100,0
1777924413.7693589,2026-05-04T21:53:33.769359,32.837,8351036126,2040,6251,45,100,0
1777924413.7913442,2026-05-04T21:53:33.791344,32.837,8351036126,2040,6251,45,100,0
1777924413.8097014,2026-05-04T21:53:33.809701,33.148,8351036126,2040,6251,45,100,0
1777924413.8278399,2026-05-04T21:53:33.827840,33.148,8351036126,2040,6251,45,100,0
1777924413.8465025,2026-05-04T21:53:33.846503,33.148,8351039670,2040,6251,45,100,0
1777924413.8690634,2026-05-04T21:53:33.869063,33.148,8351039670,2040,6251,45,100,0
1777924413.8877275,2026-05-04T21:53:33.887727,33.148,8351039670,2040,6251,45,100,0
1777924413.9058037,2026-05-04T21:53:33.905804,33.475,8351039670,2040,6251,45,100,0
1777924413.9268122,2026-05-04T21:53:33.926812,33.475,8351039670,2040,6251,45,100,0
1777924413.9456868,2026-05-04T21:53:33.945687,33.475,8351043213,2040,6251,45,100,0
1777924413.964705,2026-05-04T21:53:33.964705,33.475,8351043213,2040,6251,45,100,0
1777924413.9852898,2026-05-04T21:53:33.985290,33.475,8351043213,2040,6251,45,100,0
1777924414.0054662,2026-05-04T21:53:34.005466,33.745,8351043213,2040,6251,45,100,0
1777924414.0273645,2026-05-04T21:53:34.027364,33.745,8351043213,2040,6251,45,100,0
1777924414.0441036,2026-05-04T21:53:34.044104,33.745,8351046757,2040,6251,45,100,0
1777924414.0676816,2026-05-04T21:53:34.067682,33.745,8351046757,2040,6251,45,100,0
1777924414.0867054,2026-05-04T21:53:34.086705,33.745,8351046757,2040,6251,45,100,0
1777924414.1056714,2026-05-04T21:53:34.105671,34.064,8351046757,2040,6251,45,100,1
1777924414.1272943,2026-05-04T21:53:34.127294,34.064,8351046757,2040,6251,45,100,1
1777924414.1454444,2026-05-04T21:53:34.145444,34.064,8351050299,2040,6251,45,100,1
1777924414.1648774,2026-05-04T21:53:34.164877,34.064,8351050299,2040,6251,45,100,1
1777924414.186163,2026-05-04T21:53:34.186163,34.064,8351050299,2040,6251,45,100,1
1777924414.2050967,2026-05-04T21:53:34.205097,34.388,8351050299,2040,6251,45,100,1
1777924414.2247784,2026-05-04T21:53:34.224778,34.388,8351050299,2040,6251,45,100,1
1777924414.2443006,2026-05-04T21:53:34.244301,34.388,8351053844,2040,6251,45,100,1
1777924414.2703042,2026-05-04T21:53:34.270304,34.388,8351053844,2040,6251,45,100,1
1777924414.2885299,2026-05-04T21:53:34.288530,34.388,8351053844,2040,6251,45,100,1
1777924414.3073347,2026-05-04T21:53:34.307335,34.75,8351053844,2040,6251,45,100,1
1777924414.3243303,2026-05-04T21:53:34.324330,34.75,8351053844,2040,6251,45,100,1
1777924414.344948,2026-05-04T21:53:34.344948,34.75,8351057391,2040,6251,45,100,1
1777924414.366109,2026-05-04T21:53:34.366109,34.75,8351057391,2040,6251,45,100,1
1777924414.3848438,2026-05-04T21:53:34.384844,34.75,8351057391,2040,6251,45,100,1
1777924414.4042773,2026-05-04T21:53:34.404277,35.135,8351057391,2040,6251,45,100,1
1777924414.425508,2026-05-04T21:53:34.425508,35.135,8351057391,2040,6251,45,100,1
1777924414.443963,2026-05-04T21:53:34.443963,35.135,8351060943,2040,6251,45,100,1
1777924414.4659197,2026-05-04T21:53:34.465920,35.135,8351060943,2040,6251,45,100,1
1777924414.4857664,2026-05-04T21:53:34.485766,35.135,8351060943,2040,6251,45,100,1
1777924414.5040588,2026-05-04T21:53:34.504059,35.506,8351060943,2040,6251,45,100,1
1777924414.527104,2026-05-04T21:53:34.527104,35.506,8351060943,2040,6251,45,100,1
1777924414.545953,2026-05-04T21:53:34.545953,35.506,8351064485,2040,6251,45,100,1
1777924414.5641582,2026-05-04T21:53:34.564158,35.506,8351064485,2040,6251,45,100,1
1777924414.5851483,2026-05-04T21:53:34.585148,35.506,8351064485,2040,6251,45,100,1
1777924414.606067,2026-05-04T21:53:34.606067,35.515,8351064485,2040,6251,45,100,1
1777924414.6278656,2026-05-04T21:53:34.627866,35.515,8351064485,2040,6251,45,100,1
1777924414.6491494,2026-05-04T21:53:34.649149,35.515,8351068026,2040,6251,45,100,1
1777924414.6698017,2026-05-04T21:53:34.669802,35.515,8351068026,2040,6251,45,100,1
1777924414.6873617,2026-05-04T21:53:34.687362,35.515,8351068026,2040,6251,45,100,1
1777924414.703244,2026-05-04T21:53:34.703244,35.515,8351068026,2040,6251,45,100,0
1777924414.7250507,2026-05-04T21:53:34.725051,35.515,8351068026,2040,6251,45,100,0
1777924414.737834,2026-05-04T21:53:34.737834,35.515,8351071649,2040,6251,45,100,0
1777924414.7581258,2026-05-04T21:53:34.758126,35.515,8351071649,2040,6251,45,100,0
1777924414.7783027,2026-05-04T21:53:34.778303,35.515,8351071649,2040,6251,45,100,0
1777924414.796745,2026-05-04T21:53:34.796745,35.515,8351071649,2040,6251,45,100,0
1777924414.8150039,2026-05-04T21:53:34.815004,35.615,8351071649,2040,6251,45,100,0
1777924414.8334274,2026-05-04T21:53:34.833427,35.615,8351071649,2040,6251,45,100,0
1777924414.852154,2026-05-04T21:53:34.852154,35.615,8351075192,2040,6251,45,100,0
1777924414.87211,2026-05-04T21:53:34.872110,35.615,8351075192,2040,6251,45,100,0
1777924414.890449,2026-05-04T21:53:34.890449,35.615,8351075192,2040,6251,45,100,0
1777924414.9093559,2026-05-04T21:53:34.909356,35.602,8351075192,2040,6251,45,100,1
1777924414.9341555,2026-05-04T21:53:34.934155,35.602,8351075192,2040,6251,45,100,1
1777924414.9513326,2026-05-04T21:53:34.951333,35.602,8351078742,2040,6251,45,100,1
1777924414.970674,2026-05-04T21:53:34.970674,35.602,8351078742,2040,6251,45,100,1
1777924414.9906673,2026-05-04T21:53:34.990667,35.602,8351078742,2040,6251,45,100,1
1777924415.0107539,2026-05-04T21:53:35.010754,35.604,8351078742,2040,6251,45,100,1
1777924415.0300248,2026-05-04T21:53:35.030025,35.604,8351078742,2040,6251,45,100,1
1777924415.0476587,2026-05-04T21:53:35.047659,35.604,8351082286,2040,6251,45,100,1
1777924415.070707,2026-05-04T21:53:35.070707,35.604,8351082286,2040,6251,45,100,1
1777924415.0879562,2026-05-04T21:53:35.087956,35.604,8351082286,2040,6251,45,100,1
1777924415.1017115,2026-05-04T21:53:35.101712,35.604,8351082286,2040,6251,45,100,1
1777924415.1143017,2026-05-04T21:53:35.114302,35.613,8351082286,2040,6251,45,100,0
1777924415.1354644,2026-05-04T21:53:35.135464,35.613,8351082286,2040,6251,45,100,0
1777924415.153602,2026-05-04T21:53:35.153602,35.613,8351085965,2040,6251,45,100,0
1777924415.1695716,2026-05-04T21:53:35.169572,35.613,8351085965,2040,6251,45,100,0
1777924415.1881776,2026-05-04T21:53:35.188178,35.613,8351085965,2040,6251,45,100,0
1777924415.201985,2026-05-04T21:53:35.201985,35.613,8351085965,2040,6251,45,100,0
1777924415.2207024,2026-05-04T21:53:35.220702,35.629,8351085965,2040,6251,45,100,0
1777924415.2386765,2026-05-04T21:53:35.238677,35.629,8351085965,2040,6251,45,100,0
1777924415.2577765,2026-05-04T21:53:35.257776,35.629,8351089598,2040,6251,45,100,0
1777924415.273658,2026-05-04T21:53:35.273658,35.629,8351089598,2040,6251,45,100,0
1777924415.2926044,2026-05-04T21:53:35.292604,35.629,8351089598,2040,6251,45,100,0
1777924415.3121357,2026-05-04T21:53:35.312136,35.697,8351089598,2040,6251,45,100,1
1777924415.3250167,2026-05-04T21:53:35.325017,35.697,8351089598,2040,6251,45,100,1
1777924415.3377461,2026-05-04T21:53:35.337746,35.697,8351089598,2040,6251,45,100,1
1777924415.350548,2026-05-04T21:53:35.350548,35.697,8351093329,2040,6251,45,100,1
1777924415.3633623,2026-05-04T21:53:35.363362,35.697,8351093329,2040,6251,45,100,1
1777924415.3759146,2026-05-04T21:53:35.375915,35.697,8351093329,2040,6251,45,100,1
1777924415.3885071,2026-05-04T21:53:35.388507,35.697,8351093329,2040,6251,45,100,1
1777924415.4015005,2026-05-04T21:53:35.401500,35.697,8351093329,2040,6251,45,100,1
1777924415.4140136,2026-05-04T21:53:35.414014,36.239,8351093329,2040,6251,45,100,1
1777924415.4266865,2026-05-04T21:53:35.426687,36.239,8351093329,2040,6251,45,100,1
1777924415.4416137,2026-05-04T21:53:35.441614,36.239,8351097488,2040,6251,45,100,1
1777924415.4548075,2026-05-04T21:53:35.454808,36.239,8351097488,2040,6251,45,100,1
1777924415.4675243,2026-05-04T21:53:35.467524,36.239,8351097488,2040,6251,45,100,1
1777924415.4815147,2026-05-04T21:53:35.481515,36.239,8351097488,2040,6251,45,100,1
1777924415.4940073,2026-05-04T21:53:35.494007,36.239,8351097488,2040,6251,45,100,1
1777924415.5067468,2026-05-04T21:53:35.506747,36.239,8351097488,2040,6251,45,100,1
1777924415.5214188,2026-05-04T21:53:35.521419,37.0,8351097488,2040,6251,46,100,3
1777924415.5339022,2026-05-04T21:53:35.533902,37.0,8351097488,2040,6251,46,100,3
1777924415.5465608,2026-05-04T21:53:35.546561,37.0,8351102060,2040,6251,46,100,3
1777924415.561498,2026-05-04T21:53:35.561498,37.0,8351102060,2040,6251,46,100,3
1777924415.5742154,2026-05-04T21:53:35.574215,37.0,8351102060,2040,6251,46,100,3
1777924415.586984,2026-05-04T21:53:35.586984,37.0,8351102060,2040,6251,46,100,3
1777924415.601441,2026-05-04T21:53:35.601441,37.0,8351102060,2040,6251,46,100,3
1777924415.6140594,2026-05-04T21:53:35.614059,37.643,8351102060,2040,6251,46,100,3
1777924415.6268759,2026-05-04T21:53:35.626876,37.643,8351102060,2040,6251,46,100,3
1777924415.6414406,2026-05-04T21:53:35.641441,37.643,8351106337,2040,6251,46,100,3
1777924415.6548705,2026-05-04T21:53:35.654871,37.643,8351106337,2040,6251,46,100,3
1777924415.6676326,2026-05-04T21:53:35.667633,37.643,8351106337,2040,6251,46,100,3
1777924415.6814973,2026-05-04T21:53:35.681497,37.643,8351106337,2040,6251,46,100,3
1777924415.694067,2026-05-04T21:53:35.694067,37.643,8351106337,2040,6251,46,100,3
1777924415.7067368,2026-05-04T21:53:35.706737,37.643,8351106337,2040,6251,46,100,3
1777924415.7215383,2026-05-04T21:53:35.721538,38.582,8351106337,2040,6251,45,100,3
1777924415.734125,2026-05-04T21:53:35.734125,38.582,8351106337,2040,6251,45,100,3
1777924415.7467945,2026-05-04T21:53:35.746794,38.582,8351109978,2040,6251,45,100,3
1777924415.7613835,2026-05-04T21:53:35.761384,38.582,8351109978,2040,6251,45,100,3
1777924415.7738397,2026-05-04T21:53:35.773840,38.582,8351109978,2040,6251,45,100,3
1777924415.7864382,2026-05-04T21:53:35.786438,38.582,8351109978,2040,6251,45,100,3
1777924415.8013394,2026-05-04T21:53:35.801339,38.582,8351109978,2040,6251,45,100,3
1777924415.8138847,2026-05-04T21:53:35.813885,38.028,8351109978,2040,6251,45,100,3
1777924415.8266137,2026-05-04T21:53:35.826614,38.028,8351109978,2040,6251,45,100,3
1777924415.8412347,2026-05-04T21:53:35.841235,38.028,8351113190,2040,6251,45,100,3
1777924415.8547063,2026-05-04T21:53:35.854706,38.028,8351113190,2040,6251,45,100,3
1777924415.8673406,2026-05-04T21:53:35.867341,38.028,8351113190,2040,6251,45,100,3
1777924415.8813627,2026-05-04T21:53:35.881363,38.028,8351113190,2040,6251,45,100,3
1777924415.893847,2026-05-04T21:53:35.893847,38.028,8351113190,2040,6251,45,100,3
1777924415.9064274,2026-05-04T21:53:35.906427,38.028,8351113190,2040,6251,45,100,3
1777924415.9212706,2026-05-04T21:53:35.921271,37.866,8351113190,2040,6251,45,100,0
1777924415.933664,2026-05-04T21:53:35.933664,37.866,8351113190,2040,6251,45,100,0
1777924415.9461658,2026-05-04T21:53:35.946166,37.866,8351116401,2040,6251,45,100,0
1777924415.9613,2026-05-04T21:53:35.961300,37.866,8351116401,2040,6251,45,100,0
1777924415.9735556,2026-05-04T21:53:35.973556,37.866,8351116401,2040,6251,45,100,0
1777924415.9862685,2026-05-04T21:53:35.986269,37.866,8351116401,2040,6251,45,100,0
1777924416.0015123,2026-05-04T21:53:36.001512,37.866,8351116401,2040,6251,45,100,0
1777924416.0139036,2026-05-04T21:53:36.013904,37.334,8351116401,2040,6251,45,100,0
1777924416.0267026,2026-05-04T21:53:36.026703,37.334,8351116401,2040,6251,45,100,0
1777924416.0412323,2026-05-04T21:53:36.041232,37.334,8351119609,2040,6251,45,100,0
1777924416.0545886,2026-05-04T21:53:36.054589,37.334,8351119609,2040,6251,45,100,0
1777924416.0673764,2026-05-04T21:53:36.067376,37.334,8351119609,2040,6251,45,100,0
1777924416.0813172,2026-05-04T21:53:36.081317,37.334,8351119609,2040,6251,45,100,0
1777924416.0937371,2026-05-04T21:53:36.093737,37.334,8351119609,2040,6251,45,100,0
1777924416.1064117,2026-05-04T21:53:36.106412,37.334,8351119609,2040,6251,45,100,0
1777924416.121199,2026-05-04T21:53:36.121199,37.178,8351119609,2040,6251,44,100,0
1777924416.1336427,2026-05-04T21:53:36.133643,37.178,8351119609,2040,6251,44,100,0
1777924416.1463737,2026-05-04T21:53:36.146374,37.178,8351122831,2040,6251,44,100,0
1777924416.1613748,2026-05-04T21:53:36.161375,37.178,8351122831,2040,6251,44,100,0
1777924416.1737645,2026-05-04T21:53:36.173764,37.178,8351122831,2040,6251,44,100,0
1777924416.1865027,2026-05-04T21:53:36.186503,37.178,8351122831,2040,6251,44,100,0
1777924416.2012196,2026-05-04T21:53:36.201220,37.178,8351122831,2040,6251,44,100,0
1777924416.2135074,2026-05-04T21:53:36.213507,36.759,8351122831,2040,6251,44,100,0
1777924416.2261412,2026-05-04T21:53:36.226141,36.759,8351122831,2040,6251,44,100,0
1777924416.2412727,2026-05-04T21:53:36.241273,36.759,8351126044,2040,6251,44,100,0
1777924416.2545087,2026-05-04T21:53:36.254509,36.759,8351126044,2040,6251,44,100,0
1777924416.2672892,2026-05-04T21:53:36.267289,36.759,8351126044,2040,6251,44,100,0
1777924416.2814684,2026-05-04T21:53:36.281468,36.759,8351126044,2040,6251,44,100,0
1777924416.2938464,2026-05-04T21:53:36.293846,36.759,8351126044,2040,6251,44,100,0
1777924416.3065696,2026-05-04T21:53:36.306570,36.759,8351126044,2040,6251,44,100,0
1777924416.321152,2026-05-04T21:53:36.321152,36.455,8351126044,2040,6251,44,100,0
1777924416.3335874,2026-05-04T21:53:36.333587,36.455,8351126044,2040,6251,44,100,0
1777924416.3463216,2026-05-04T21:53:36.346322,36.455,8351129262,2040,6251,44,100,0
1777924416.3613873,2026-05-04T21:53:36.361387,36.455,8351129262,2040,6251,44,100,0
1777924416.3738785,2026-05-04T21:53:36.373878,36.455,8351129262,2040,6251,44,100,0
1777924416.3864615,2026-05-04T21:53:36.386461,36.455,8351129262,2040,6251,44,100,0
1777924416.4011133,2026-05-04T21:53:36.401113,36.455,8351129262,2040,6251,44,100,0
1777924416.413578,2026-05-04T21:53:36.413578,36.118,8351129262,2040,6251,44,100,0
1777924416.426291,2026-05-04T21:53:36.426291,36.118,8351129262,2040,6251,44,100,0
1777924416.441115,2026-05-04T21:53:36.441115,36.118,8351132477,2040,6251,44,100,0
1777924416.4544353,2026-05-04T21:53:36.454435,36.118,8351132477,2040,6251,44,100,0
1777924416.4671798,2026-05-04T21:53:36.467180,36.118,8351132477,2040,6251,44,100,0
1777924416.4811752,2026-05-04T21:53:36.481175,36.118,8351132477,2040,6251,44,100,0
1777924416.4935484,2026-05-04T21:53:36.493548,36.118,8351132477,2040,6251,44,100,0
1777924416.5062766,2026-05-04T21:53:36.506277,36.118,8351132477,2040,6251,44,100,0
1777924416.5209925,2026-05-04T21:53:36.520993,35.261,8351132477,2040,6251,44,100,0
1777924416.533373,2026-05-04T21:53:36.533373,35.261,8351132477,2040,6251,44,100,0
1777924416.5461206,2026-05-04T21:53:36.546121,35.261,8351135694,2040,6251,44,100,0
1777924416.561509,2026-05-04T21:53:36.561509,35.261,8351135694,2040,6251,44,100,0
1777924416.573921,2026-05-04T21:53:36.573921,35.261,8351135694,2040,6251,44,100,0
1777924416.5865066,2026-05-04T21:53:36.586507,35.261,8351135694,2040,6251,44,100,0
1777924416.6010683,2026-05-04T21:53:36.601068,35.261,8351135694,2040,6251,44,100,0
1777924416.6133869,2026-05-04T21:53:36.613387,34.351,8351135694,2040,6251,44,100,0
1777924416.6262398,2026-05-04T21:53:36.626240,34.351,8351135694,2040,6251,44,100,0
1777924416.6410477,2026-05-04T21:53:36.641048,34.351,8351138903,2040,6251,44,100,0
1777924416.6543257,2026-05-04T21:53:36.654326,34.351,8351138903,2040,6251,44,100,0
1777924416.6670072,2026-05-04T21:53:36.667007,34.351,8351138903,2040,6251,44,100,0
1777924416.6811297,2026-05-04T21:53:36.681130,34.351,8351138903,2040,6251,44,100,0
1777924416.693529,2026-05-04T21:53:36.693529,34.351,8351138903,2040,6251,44,100,0
1777924416.7061164,2026-05-04T21:53:36.706116,34.351,8351138903,2040,6251,44,100,0
1777924416.7209861,2026-05-04T21:53:36.720986,33.26,8351138903,2040,6251,44,100,0
1777924416.7333627,2026-05-04T21:53:36.733363,33.26,8351138903,2040,6251,44,100,0
1777924416.7460227,2026-05-04T21:53:36.746023,33.26,8351142109,2040,6251,44,100,0
1777924416.7610588,2026-05-04T21:53:36.761059,33.26,8351142109,2040,6251,44,100,0
1777924416.7734458,2026-05-04T21:53:36.773446,33.26,8351142109,2040,6251,44,100,0
1777924416.786016,2026-05-04T21:53:36.786016,33.26,8351142109,2040,6251,44,100,0
1777924416.8012128,2026-05-04T21:53:36.801213,33.26,8351142109,2040,6251,44,100,0
1777924416.8136468,2026-05-04T21:53:36.813647,32.259,8351142109,2040,6251,44,100,0
1777924416.8262696,2026-05-04T21:53:36.826270,32.259,8351142109,2040,6251,44,100,0
1777924416.8411613,2026-05-04T21:53:36.841161,32.259,8351145292,2040,6251,44,100,0
1777924416.854405,2026-05-04T21:53:36.854405,32.259,8351145292,2040,6251,44,100,0
1777924416.866977,2026-05-04T21:53:36.866977,32.259,8351145292,2040,6251,44,100,0
1777924416.8810081,2026-05-04T21:53:36.881008,32.259,8351145292,2040,6251,44,100,0
1777924416.8935754,2026-05-04T21:53:36.893575,32.259,8351145292,2040,6251,44,100,0
1777924416.9062595,2026-05-04T21:53:36.906260,32.259,8351145292,2040,6251,44,100,0
1777924416.9209373,2026-05-04T21:53:36.920937,32.181,8351145292,2040,6251,44,100,0
1777924416.9335275,2026-05-04T21:53:36.933527,32.181,8351145292,2040,6251,44,100,0
1777924416.946237,2026-05-04T21:53:36.946237,32.181,8351148494,2040,6251,44,100,0
1777924416.9610322,2026-05-04T21:53:36.961032,32.181,8351148494,2040,6251,44,100,0
1777924416.9732935,2026-05-04T21:53:36.973294,32.181,8351148494,2040,6251,44,100,0
1777924416.9858894,2026-05-04T21:53:36.985889,32.181,8351148494,2040,6251,44,100,0
1777924417.0009384,2026-05-04T21:53:37.000938,32.181,8351148494,2040,6251,44,100,0
1777924417.013228,2026-05-04T21:53:37.013228,32.139,8351148494,2040,6251,44,100,0
1777924417.0259051,2026-05-04T21:53:37.025905,32.139,8351148494,2040,6251,44,100,0
1777924417.0409591,2026-05-04T21:53:37.040959,32.139,8351151679,2040,6251,44,100,0
1777924417.0543396,2026-05-04T21:53:37.054340,32.139,8351151679,2040,6251,44,100,0
1777924417.0668848,2026-05-04T21:53:37.066885,32.139,8351151679,2040,6251,44,100,0
1777924417.0808837,2026-05-04T21:53:37.080884,32.139,8351151679,2040,6251,44,100,0
1777924417.0933194,2026-05-04T21:53:37.093319,32.139,8351151679,2040,6251,44,100,0
1777924417.1058276,2026-05-04T21:53:37.105828,32.139,8351151679,2040,6251,44,100,0
1777924417.1211677,2026-05-04T21:53:37.121168,32.145,8351151679,2040,6251,44,100,0
1777924417.1336987,2026-05-04T21:53:37.133699,32.145,8351151679,2040,6251,44,100,0
1777924417.1463768,2026-05-04T21:53:37.146377,32.145,8351154872,2040,6251,44,100,0
1777924417.1611385,2026-05-04T21:53:37.161139,32.145,8351154872,2040,6251,44,100,0
1777924417.1735728,2026-05-04T21:53:37.173573,32.145,8351154872,2040,6251,44,100,0
1777924417.1861446,2026-05-04T21:53:37.186145,32.145,8351154872,2040,6251,44,100,0
1777924417.2010934,2026-05-04T21:53:37.201093,32.145,8351154872,2040,6251,44,100,0
1777924417.2135074,2026-05-04T21:53:37.213507,32.129,8351154872,2040,6251,44,100,0
1777924417.2261012,2026-05-04T21:53:37.226101,32.129,8351154872,2040,6251,44,100,0
1777924417.2408237,2026-05-04T21:53:37.240824,32.129,8351158057,2040,6251,44,100,0
1777924417.254218,2026-05-04T21:53:37.254218,32.129,8351158057,2040,6251,44,100,0
1777924417.2668657,2026-05-04T21:53:37.266866,32.129,8351158057,2040,6251,44,100,0
1777924417.28103,2026-05-04T21:53:37.281030,32.129,8351158057,2040,6251,44,100,0
1777924417.2934208,2026-05-04T21:53:37.293421,32.129,8351158057,2040,6251,44,100,0
1777924417.3059926,2026-05-04T21:53:37.305993,32.129,8351158057,2040,6251,44,100,0
1777924417.3207788,2026-05-04T21:53:37.320779,32.034,8351158057,2040,6251,44,100,0
1777924417.3332288,2026-05-04T21:53:37.333229,32.034,8351158057,2040,6251,44,100,0
1777924417.345785,2026-05-04T21:53:37.345785,32.034,8351161186,2040,6251,44,100,0
1777924417.3609335,2026-05-04T21:53:37.360934,32.034,8351161186,2040,6251,44,100,0
1777924417.3733072,2026-05-04T21:53:37.373307,32.034,8351161186,2040,6251,44,100,0
1777924417.396393,2026-05-04T21:53:37.396393,32.034,8351161186,2040,6251,44,100,0
1777924417.4171817,2026-05-04T21:53:37.417182,31.965,8351161186,2040,6251,44,100,0
1777924417.4434423,2026-05-04T21:53:37.443442,31.965,8351164569,2040,6251,44,100,0
1777924417.468036,2026-05-04T21:53:37.468036,31.965,8351164569,2040,6251,44,100,0
1777924417.490024,2026-05-04T21:53:37.490024,31.965,8351164569,2040,6251,44,100,0
1777924417.5098886,2026-05-04T21:53:37.509889,31.965,8351164569,2040,6251,44,100,0
1777924417.5288815,2026-05-04T21:53:37.528882,32.2,8351164569,2040,6251,45,100,0
1777924417.5490243,2026-05-04T21:53:37.549024,32.2,8351168108,2040,6251,45,100,0
1777924417.5701025,2026-05-04T21:53:37.570102,32.2,8351168108,2040,6251,45,100,0
1777924417.5898619,2026-05-04T21:53:37.589862,32.2,8351168108,2040,6251,45,100,0
1777924417.6107178,2026-05-04T21:53:37.610718,32.2,8351168108,2040,6251,45,100,0
1777924417.6269653,2026-05-04T21:53:37.626965,32.511,8351168108,2040,6251,45,100,0
1777924417.6466944,2026-05-04T21:53:37.646694,32.511,8351171652,2040,6251,45,100,0
1777924417.6682532,2026-05-04T21:53:37.668253,32.511,8351171652,2040,6251,45,100,0
1777924417.6891549,2026-05-04T21:53:37.689155,32.511,8351171652,2040,6251,45,100,0
1777924417.7086542,2026-05-04T21:53:37.708654,32.511,8351171652,2040,6251,45,100,0
1777924417.7290127,2026-05-04T21:53:37.729013,32.788,8351171652,2040,6251,45,100,0
1777924417.7491436,2026-05-04T21:53:37.749144,32.788,8351175196,2040,6251,45,100,0
1777924417.7695029,2026-05-04T21:53:37.769503,32.788,8351175196,2040,6251,45,100,0
1777924417.7897758,2026-05-04T21:53:37.789776,32.788,8351175196,2040,6251,45,100,0
1777924417.8116312,2026-05-04T21:53:37.811631,32.788,8351175196,2040,6251,45,100,0
1777924417.8301463,2026-05-04T21:53:37.830146,33.102,8351175196,2040,6251,45,100,0
1777924417.849672,2026-05-04T21:53:37.849672,33.102,8351178737,2040,6251,45,100,0
1777924417.8683527,2026-05-04T21:53:37.868353,33.102,8351178737,2040,6251,45,100,0
1777924417.8883278,2026-05-04T21:53:37.888328,33.102,8351178737,2040,6251,45,100,0
1777924417.9070284,2026-05-04T21:53:37.907028,33.102,8351178737,2040,6251,45,100,0
1777924417.9276938,2026-05-04T21:53:37.927694,33.439,8351178737,2040,6251,45,100,0
1777924417.9469519,2026-05-04T21:53:37.946952,33.439,8351182281,2040,6251,45,100,0
1777924417.9656625,2026-05-04T21:53:37.965662,33.439,8351182281,2040,6251,45,100,0
1777924417.9853394,2026-05-04T21:53:37.985339,33.439,8351182281,2040,6251,45,100,0
1777924418.004585,2026-05-04T21:53:38.004585,33.439,8351182281,2040,6251,45,100,0
1777924418.023219,2026-05-04T21:53:38.023219,33.797,8351182281,2040,6251,45,100,0
1777924418.0442579,2026-05-04T21:53:38.044258,33.797,8351185834,2040,6251,45,100,0
1777924418.0664437,2026-05-04T21:53:38.066444,33.797,8351185834,2040,6251,45,100,0
1777924418.0865026,2026-05-04T21:53:38.086503,33.797,8351185834,2040,6251,45,100,0
1777924418.1047826,2026-05-04T21:53:38.104783,33.797,8351185834,2040,6251,45,100,0
1777924418.126951,2026-05-04T21:53:38.126951,34.115,8351185834,2040,6251,45,100,1
1777924418.149256,2026-05-04T21:53:38.149256,34.115,8351189375,2040,6251,45,100,1
1777924418.1700225,2026-05-04T21:53:38.170022,34.115,8351189375,2040,6251,45,100,1
1777924418.1890745,2026-05-04T21:53:38.189075,34.115,8351189375,2040,6251,45,100,1
1777924418.2094183,2026-05-04T21:53:38.209418,34.115,8351189375,2040,6251,45,100,1
1777924418.2263114,2026-05-04T21:53:38.226311,34.431,8351189375,2040,6251,45,100,1
1777924418.2492054,2026-05-04T21:53:38.249205,34.431,8351192916,2040,6251,45,100,1
1777924418.266953,2026-05-04T21:53:38.266953,34.431,8351192916,2040,6251,45,100,1
1777924418.2874813,2026-05-04T21:53:38.287481,34.431,8351192916,2040,6251,45,100,1
1777924418.307546,2026-05-04T21:53:38.307546,34.431,8351192916,2040,6251,45,100,1
1777924418.329283,2026-05-04T21:53:38.329283,34.741,8351192916,2040,6251,45,100,1
1777924418.353851,2026-05-04T21:53:38.353851,34.741,8351196460,2040,6251,45,100,1
1777924418.3738499,2026-05-04T21:53:38.373850,34.741,8351196460,2040,6251,45,100,1
1777924418.395689,2026-05-04T21:53:38.395689,34.741,8351196460,2040,6251,45,100,1
1777924418.4193065,2026-05-04T21:53:38.419307,34.741,8351196460,2040,6251,45,100,1
1777924418.4364853,2026-05-04T21:53:38.436485,35.118,8351196460,2040,6251,45,100,1
1777924418.4554713,2026-05-04T21:53:38.455471,35.118,8351200053,2040,6251,45,100,1
1777924418.4741447,2026-05-04T21:53:38.474145,35.118,8351200053,2040,6251,45,100,1
1777924418.493184,2026-05-04T21:53:38.493184,35.118,8351200053,2040,6251,45,100,1
1777924418.5135467,2026-05-04T21:53:38.513547,35.118,8351200053,2040,6251,45,100,1
1777924418.5328119,2026-05-04T21:53:38.532812,35.517,8351200053,2040,6251,45,100,0
1777924418.5561414,2026-05-04T21:53:38.556141,35.517,8351203573,2040,6251,45,100,0
1777924418.575224,2026-05-04T21:53:38.575224,35.517,8351203573,2040,6251,45,100,0
1777924418.593744,2026-05-04T21:53:38.593744,35.517,8351203573,2040,6251,45,100,0
1777924418.6114676,2026-05-04T21:53:38.611468,35.517,8351203573,2040,6251,45,100,0
1777924418.6288166,2026-05-04T21:53:38.628817,35.517,8351203573,2040,6251,45,100,0
1777924418.650679,2026-05-04T21:53:38.650679,35.513,8351207092,2040,6251,45,100,0
1777924418.6635177,2026-05-04T21:53:38.663518,35.513,8351207092,2040,6251,45,100,0
1777924418.6760898,2026-05-04T21:53:38.676090,35.513,8351207092,2040,6251,45,100,0
1777924418.6887314,2026-05-04T21:53:38.688731,35.513,8351207092,2040,6251,45,100,0
1777924418.7014203,2026-05-04T21:53:38.701420,35.513,8351207092,2040,6251,45,100,0
1777924418.7138727,2026-05-04T21:53:38.713873,35.513,8351207092,2040,6251,45,100,0
1777924418.7267013,2026-05-04T21:53:38.726701,35.513,8351207092,2040,6251,45,100,0
1777924418.74031,2026-05-04T21:53:38.740310,35.513,8351211174,2040,6251,45,100,1
1777924418.7538016,2026-05-04T21:53:38.753802,35.513,8351211174,2040,6251,45,100,1
1777924418.7664833,2026-05-04T21:53:38.766483,35.513,8351211174,2040,6251,45,100,1
1777924418.780478,2026-05-04T21:53:38.780478,35.513,8351211174,2040,6251,45,100,1
1777924418.7929206,2026-05-04T21:53:38.792921,35.513,8351211174,2040,6251,45,100,1
1777924418.8119993,2026-05-04T21:53:38.811999,35.513,8351211174,2040,6251,45,100,1
1777924418.8247821,2026-05-04T21:53:38.824782,35.513,8351211174,2040,6251,45,100,1
1777924418.8441958,2026-05-04T21:53:38.844196,36.099,8351215086,2040,6251,45,100,1
1777924418.8655238,2026-05-04T21:53:38.865524,36.099,8351215086,2040,6251,45,100,1
1777924418.8847573,2026-05-04T21:53:38.884757,36.099,8351215086,2040,6251,45,100,1
1777924418.9048955,2026-05-04T21:53:38.904896,36.099,8351215086,2040,6251,45,100,1
1777924418.9204097,2026-05-04T21:53:38.920410,36.099,8351215086,2040,6251,45,100,1
1777924418.932981,2026-05-04T21:53:38.932981,36.099,8351215086,2040,6251,45,100,1
1777924418.9457963,2026-05-04T21:53:38.945796,36.094,8351218893,2040,6251,45,100,2
1777924418.9605145,2026-05-04T21:53:38.960515,36.094,8351218893,2040,6251,45,100,2
1777924418.973153,2026-05-04T21:53:38.973153,36.094,8351218893,2040,6251,45,100,2
1777924418.985958,2026-05-04T21:53:38.985958,36.094,8351218893,2040,6251,45,100,2
1777924419.0005057,2026-05-04T21:53:39.000506,36.094,8351218893,2040,6251,45,100,2
1777924419.0131543,2026-05-04T21:53:39.013154,36.094,8351218893,2040,6251,45,100,2
1777924419.0259626,2026-05-04T21:53:39.025963,36.094,8351218893,2040,6251,45,100,2
1777924419.0403929,2026-05-04T21:53:39.040393,36.655,8351223393,2040,6251,46,100,2
1777924419.0568838,2026-05-04T21:53:39.056884,36.655,8351223393,2040,6251,46,100,2
1777924419.076813,2026-05-04T21:53:39.076813,36.655,8351223393,2040,6251,46,100,2
1777924419.0895896,2026-05-04T21:53:39.089590,36.655,8351223393,2040,6251,46,100,2
1777924419.1024232,2026-05-04T21:53:39.102423,36.655,8351223393,2040,6251,46,100,2
1777924419.115052,2026-05-04T21:53:39.115052,36.655,8351223393,2040,6251,46,100,2
1777924419.1277285,2026-05-04T21:53:39.127728,36.655,8351223393,2040,6251,46,100,2
1777924419.1404326,2026-05-04T21:53:39.140433,37.538,8351227540,2040,6251,46,100,6
1777924419.1536741,2026-05-04T21:53:39.153674,37.538,8351227540,2040,6251,46,100,6
1777924419.16642,2026-05-04T21:53:39.166420,37.538,8351227540,2040,6251,46,100,6
1777924419.1803524,2026-05-04T21:53:39.180352,37.538,8351227540,2040,6251,46,100,6
1777924419.192758,2026-05-04T21:53:39.192758,37.538,8351227540,2040,6251,46,100,6
1777924419.205415,2026-05-04T21:53:39.205415,37.538,8351227540,2040,6251,46,100,6
1777924419.2203665,2026-05-04T21:53:39.220366,37.538,8351227540,2040,6251,46,100,6
1777924419.2328894,2026-05-04T21:53:39.232889,37.538,8351227540,2040,6251,46,100,6
1777924419.2455978,2026-05-04T21:53:39.245598,37.432,8351230769,2040,6251,45,100,6
1777924419.2607183,2026-05-04T21:53:39.260718,37.432,8351230769,2040,6251,45,100,6
1777924419.273157,2026-05-04T21:53:39.273157,37.432,8351230769,2040,6251,45,100,6
1777924419.2858899,2026-05-04T21:53:39.285890,37.432,8351230769,2040,6251,45,100,6
1777924419.3002536,2026-05-04T21:53:39.300254,37.432,8351230769,2040,6251,45,100,6
1777924419.3126884,2026-05-04T21:53:39.312688,37.432,8351230769,2040,6251,45,100,6
1777924419.3254032,2026-05-04T21:53:39.325403,37.432,8351230769,2040,6251,45,100,6
1777924419.3401,2026-05-04T21:53:39.340100,36.94,8351233974,2040,6251,45,100,0
1777924419.3535721,2026-05-04T21:53:39.353572,36.94,8351233974,2040,6251,45,100,0
1777924419.3662589,2026-05-04T21:53:39.366259,36.94,8351233974,2040,6251,45,100,0
1777924419.3802655,2026-05-04T21:53:39.380265,36.94,8351233974,2040,6251,45,100,0
1777924419.3926382,2026-05-04T21:53:39.392638,36.94,8351233974,2040,6251,45,100,0
1777924419.4052253,2026-05-04T21:53:39.405225,36.94,8351233974,2040,6251,45,100,0
1777924419.420065,2026-05-04T21:53:39.420065,36.94,8351233974,2040,6251,45,100,0
1777924419.432396,2026-05-04T21:53:39.432396,36.94,8351233974,2040,6251,45,100,0
1777924419.444885,2026-05-04T21:53:39.444885,36.726,8351237162,2040,6251,45,100,0
1777924419.4606814,2026-05-04T21:53:39.460681,36.726,8351237162,2040,6251,45,100,0
1777924419.4730039,2026-05-04T21:53:39.473004,36.726,8351237162,2040,6251,45,100,0
1777924419.4856448,2026-05-04T21:53:39.485645,36.726,8351237162,2040,6251,45,100,0
1777924419.5004919,2026-05-04T21:53:39.500492,36.726,8351237162,2040,6251,45,100,0
1777924419.5129173,2026-05-04T21:53:39.512917,36.726,8351237162,2040,6251,45,100,0
1777924419.525489,2026-05-04T21:53:39.525489,36.726,8351237162,2040,6251,45,100,0
1777924419.5400653,2026-05-04T21:53:39.540065,36.297,8351240354,2040,6251,44,100,0
1777924419.5535364,2026-05-04T21:53:39.553536,36.297,8351240354,2040,6251,44,100,0
1777924419.566419,2026-05-04T21:53:39.566419,36.297,8351240354,2040,6251,44,100,0
1777924419.58023,2026-05-04T21:53:39.580230,36.297,8351240354,2040,6251,44,100,0
1777924419.592634,2026-05-04T21:53:39.592634,36.297,8351240354,2040,6251,44,100,0
1777924419.6053245,2026-05-04T21:53:39.605325,36.297,8351240354,2040,6251,44,100,0
1777924419.6200671,2026-05-04T21:53:39.620067,36.297,8351240354,2040,6251,44,100,0
1777924419.632444,2026-05-04T21:53:39.632444,36.297,8351240354,2040,6251,44,100,0
1777924419.6450467,2026-05-04T21:53:39.645047,36.031,8351243550,2040,6251,44,100,0
1777924419.660529,2026-05-04T21:53:39.660529,36.031,8351243550,2040,6251,44,100,0
1777924419.6729038,2026-05-04T21:53:39.672904,36.031,8351243550,2040,6251,44,100,0
1777924419.6855972,2026-05-04T21:53:39.685597,36.031,8351243550,2040,6251,44,100,0
1777924419.7001245,2026-05-04T21:53:39.700125,36.031,8351243550,2040,6251,44,100,0
1777924419.7125123,2026-05-04T21:53:39.712512,36.031,8351243550,2040,6251,44,100,0
1777924419.7252011,2026-05-04T21:53:39.725201,36.031,8351243550,2040,6251,44,100,0
1777924419.7400699,2026-05-04T21:53:39.740070,35.656,8351246746,2040,6251,44,100,0
1777924419.7533834,2026-05-04T21:53:39.753383,35.656,8351246746,2040,6251,44,100,0
1777924419.7660913,2026-05-04T21:53:39.766091,35.656,8351246746,2040,6251,44,100,0
1777924419.7804706,2026-05-04T21:53:39.780471,35.656,8351246746,2040,6251,44,100,0
1777924419.7928572,2026-05-04T21:53:39.792857,35.656,8351246746,2040,6251,44,100,0
1777924419.8054988,2026-05-04T21:53:39.805499,35.656,8351246746,2040,6251,44,100,0
1777924419.81992,2026-05-04T21:53:39.819920,35.656,8351246746,2040,6251,44,100,0
1777924419.8322828,2026-05-04T21:53:39.832283,35.656,8351246746,2040,6251,44,100,0
1777924419.8449557,2026-05-04T21:53:39.844956,35.376,8351249948,2040,6251,44,100,0
1777924419.8605509,2026-05-04T21:53:39.860551,35.376,8351249948,2040,6251,44,100,0
1777924419.8730693,2026-05-04T21:53:39.873069,35.376,8351249948,2040,6251,44,100,0
1777924419.8857796,2026-05-04T21:53:39.885780,35.376,8351249948,2040,6251,44,100,0
1777924419.900029,2026-05-04T21:53:39.900029,35.376,8351249948,2040,6251,44,100,0
1777924419.9124687,2026-05-04T21:53:39.912469,35.376,8351249948,2040,6251,44,100,0
1777924419.9252605,2026-05-04T21:53:39.925261,35.376,8351249948,2040,6251,44,100,0
1777924419.9399335,2026-05-04T21:53:39.939934,34.533,8351253145,2040,6251,44,100,0
1777924419.9533503,2026-05-04T21:53:39.953350,34.533,8351253145,2040,6251,44,100,0
1777924419.9660454,2026-05-04T21:53:39.966045,34.533,8351253145,2040,6251,44,100,0
1777924419.9800904,2026-05-04T21:53:39.980090,34.533,8351253145,2040,6251,44,100,0
1777924419.992565,2026-05-04T21:53:39.992565,34.533,8351253145,2040,6251,44,100,0
1777924420.0053034,2026-05-04T21:53:40.005303,34.533,8351253145,2040,6251,44,100,0
1777924420.0200007,2026-05-04T21:53:40.020001,34.533,8351253145,2040,6251,44,100,0
1777924420.0324311,2026-05-04T21:53:40.032431,34.533,8351253145,2040,6251,44,100,0
1777924420.045132,2026-05-04T21:53:40.045132,33.42,8351256349,2040,6251,44,100,0
1777924420.0606148,2026-05-04T21:53:40.060615,33.42,8351256349,2040,6251,44,100,0
1777924420.0729322,2026-05-04T21:53:40.072932,33.42,8351256349,2040,6251,44,100,0
1777924420.085537,2026-05-04T21:53:40.085537,33.42,8351256349,2040,6251,44,100,0
1777924420.1000285,2026-05-04T21:53:40.100029,33.42,8351256349,2040,6251,44,100,0
1777924420.1124318,2026-05-04T21:53:40.112432,33.42,8351256349,2040,6251,44,100,0
1777924420.1251948,2026-05-04T21:53:40.125195,33.42,8351256349,2040,6251,44,100,0
1777924420.1399148,2026-05-04T21:53:40.139915,33.288,8351259545,2040,6251,44,100,0
1777924420.1533158,2026-05-04T21:53:40.153316,33.288,8351259545,2040,6251,44,100,0
1777924420.165881,2026-05-04T21:53:40.165881,33.288,8351259545,2040,6251,44,100,0
1777924420.180031,2026-05-04T21:53:40.180031,33.288,8351259545,2040,6251,44,100,0
1777924420.1924372,2026-05-04T21:53:40.192437,33.288,8351259545,2040,6251,44,100,0
1777924420.2050245,2026-05-04T21:53:40.205024,33.288,8351259545,2040,6251,44,100,0
1777924420.2198415,2026-05-04T21:53:40.219841,33.288,8351259545,2040,6251,44,100,0
1777924420.232233,2026-05-04T21:53:40.232233,33.288,8351259545,2040,6251,44,100,0
1777924420.2448008,2026-05-04T21:53:40.244801,32.267,8351262669,2040,6251,44,100,0
1777924420.2624443,2026-05-04T21:53:40.262444,32.267,8351262669,2040,6251,44,100,0
1777924420.2748084,2026-05-04T21:53:40.274808,32.267,8351262669,2040,6251,44,100,0
1777924420.2872415,2026-05-04T21:53:40.287241,32.267,8351262669,2040,6251,44,100,0
1777924420.2999055,2026-05-04T21:53:40.299906,32.267,8351262669,2040,6251,44,100,0
1777924420.3123128,2026-05-04T21:53:40.312313,32.267,8351262669,2040,6251,44,100,0
1777924420.3248794,2026-05-04T21:53:40.324879,32.267,8351262669,2040,6251,44,100,0
1777924420.3401897,2026-05-04T21:53:40.340190,31.982,8351265797,2040,6251,44,100,0
1777924420.353242,2026-05-04T21:53:40.353242,31.982,8351265797,2040,6251,44,100,0
1777924420.3658683,2026-05-04T21:53:40.365868,31.982,8351265797,2040,6251,44,100,0
1777924420.3799675,2026-05-04T21:53:40.379967,31.982,8351265797,2040,6251,44,100,0
1777924420.3923447,2026-05-04T21:53:40.392345,31.982,8351265797,2040,6251,44,100,0
1777924420.405045,2026-05-04T21:53:40.405045,31.982,8351265797,2040,6251,44,100,0
1777924420.4198391,2026-05-04T21:53:40.419839,31.982,8351265797,2040,6251,44,100,0
1777924420.4321806,2026-05-04T21:53:40.432181,31.982,8351265797,2040,6251,44,100,0
1777924420.4448307,2026-05-04T21:53:40.444831,31.99,8351268988,2040,6251,44,100,0
1777924420.462512,2026-05-04T21:53:40.462512,31.99,8351268988,2040,6251,44,100,0
1777924420.4747434,2026-05-04T21:53:40.474743,31.99,8351268988,2040,6251,44,100,0
1777924420.4871619,2026-05-04T21:53:40.487162,31.99,8351268988,2040,6251,44,100,0
1777924420.4998116,2026-05-04T21:53:40.499812,31.99,8351268988,2040,6251,44,100,0
1777924420.5122178,2026-05-04T21:53:40.512218,31.99,8351268988,2040,6251,44,100,0
1777924420.53487,2026-05-04T21:53:40.534870,31.99,8351268988,2040,6251,44,100,0
1777924420.5526047,2026-05-04T21:53:40.552605,32.25,8351272236,2040,6251,44,100,0
1777924420.574198,2026-05-04T21:53:40.574198,32.25,8351272236,2040,6251,44,100,0
1777924420.5925443,2026-05-04T21:53:40.592544,32.25,8351272236,2040,6251,44,100,0
1777924420.611228,2026-05-04T21:53:40.611228,32.25,8351272236,2040,6251,44,100,0
1777924420.6316378,2026-05-04T21:53:40.631638,32.25,8351272236,2040,6251,44,100,0
1777924420.651521,2026-05-04T21:53:40.651521,32.563,8351275765,2040,6251,45,100,0
1777924420.6764917,2026-05-04T21:53:40.676492,32.563,8351275765,2040,6251,45,100,0
1777924420.6964953,2026-05-04T21:53:40.696495,32.563,8351275765,2040,6251,45,100,0
1777924420.7166946,2026-05-04T21:53:40.716695,32.563,8351275765,2040,6251,45,100,0
1777924420.7390988,2026-05-04T21:53:40.739099,32.563,8351279324,2040,6251,45,100,0
1777924420.7589095,2026-05-04T21:53:40.758909,32.883,8351279324,2040,6251,45,100,1
1777924420.78585,2026-05-04T21:53:40.785850,32.883,8351279324,2040,6251,45,100,1
1777924420.806401,2026-05-04T21:53:40.806401,32.883,8351279324,2040,6251,45,100,1
1777924420.8291128,2026-05-04T21:53:40.829113,32.883,8351279324,2040,6251,45,100,1
1777924420.8505566,2026-05-04T21:53:40.850557,32.883,8351282861,2040,6251,45,100,1
1777924420.872969,2026-05-04T21:53:40.872969,33.162,8351282861,2040,6251,45,100,1
1777924420.8976836,2026-05-04T21:53:40.897684,33.162,8351282861,2040,6251,45,100,1
1777924420.9211144,2026-05-04T21:53:40.921114,33.162,8351282861,2040,6251,45,100,1
1777924420.94501,2026-05-04T21:53:40.945010,33.162,8351286395,2040,6251,45,100,1
1777924420.9678981,2026-05-04T21:53:40.967898,33.476,8351286395,2040,6251,45,100,0
1777924420.994698,2026-05-04T21:53:40.994698,33.476,8351286395,2040,6251,45,100,0
1777924421.018783,2026-05-04T21:53:41.018783,33.476,8351286395,2040,6251,45,100,0
1777924421.0475729,2026-05-04T21:53:41.047573,33.476,8351289936,2040,6251,45,100,0
1777924421.0674257,2026-05-04T21:53:41.067426,33.78,8351289936,2040,6251,45,100,0
1777924421.0908964,2026-05-04T21:53:41.090896,33.78,8351289936,2040,6251,45,100,0
1777924421.1129456,2026-05-04T21:53:41.112946,33.78,8351289936,2040,6251,45,100,0
1777924421.1359367,2026-05-04T21:53:41.135937,33.78,8351289936,2040,6251,45,100,0
1777924421.1565127,2026-05-04T21:53:41.156513,33.78,8351293503,2040,6251,45,100,0
1777924421.1726737,2026-05-04T21:53:41.172674,34.083,8351293503,2040,6251,45,100,0
1777924421.1950095,2026-05-04T21:53:41.195009,34.083,8351293503,2040,6251,45,100,0
1777924421.2170892,2026-05-04T21:53:41.217089,34.083,8351293503,2040,6251,45,100,0
1777924421.234979,2026-05-04T21:53:41.234979,34.083,8351293503,2040,6251,45,100,0
1777924421.2543337,2026-05-04T21:53:41.254334,34.083,8351297048,2040,6251,45,100,0
1777924421.2728124,2026-05-04T21:53:41.272812,34.395,8351297048,2040,6251,45,100,0
1777924421.2913547,2026-05-04T21:53:41.291355,34.395,8351297048,2040,6251,45,100,0
1777924421.3117266,2026-05-04T21:53:41.311727,34.395,8351297048,2040,6251,45,100,0
1777924421.3314261,2026-05-04T21:53:41.331426,34.395,8351297048,2040,6251,45,100,0
1777924421.349268,2026-05-04T21:53:41.349268,34.395,8351300566,2040,6251,45,100,0
1777924421.3699763,2026-05-04T21:53:41.369976,34.773,8351300566,2040,6251,45,100,0
1777924421.3948174,2026-05-04T21:53:41.394817,34.773,8351300566,2040,6251,45,100,0
1777924421.4139104,2026-05-04T21:53:41.413910,34.773,8351300566,2040,6251,45,100,0
1777924421.4331677,2026-05-04T21:53:41.433168,34.773,8351300566,2040,6251,45,100,0
1777924421.4529736,2026-05-04T21:53:41.452974,34.773,8351304110,2040,6251,45,100,0
1777924421.4732213,2026-05-04T21:53:41.473221,35.088,8351304110,2040,6251,45,100,0
1777924421.4943488,2026-05-04T21:53:41.494349,35.088,8351304110,2040,6251,45,100,0
1777924421.5071127,2026-05-04T21:53:41.507113,35.088,8351304110,2040,6251,45,100,0
1777924421.5277574,2026-05-04T21:53:41.527757,35.088,8351304110,2040,6251,45,100,0
1777924421.5474448,2026-05-04T21:53:41.547445,35.088,8351307787,2040,6251,45,100,0
1777924421.560198,2026-05-04T21:53:41.560198,35.088,8351307787,2040,6251,45,100,0
1777924421.5728242,2026-05-04T21:53:41.572824,35.439,8351307787,2040,6251,45,100,1
1777924421.5930717,2026-05-04T21:53:41.593072,35.439,8351307787,2040,6251,45,100,1
1777924421.6123729,2026-05-04T21:53:41.612373,35.439,8351307787,2040,6251,45,100,1
1777924421.6251614,2026-05-04T21:53:41.625161,35.439,8351307787,2040,6251,45,100,1
1777924421.639572,2026-05-04T21:53:41.639572,35.439,8351311615,2040,6251,45,100,1
1777924421.6529067,2026-05-04T21:53:41.652907,35.439,8351311615,2040,6251,45,100,1
1777924421.66588,2026-05-04T21:53:41.665880,36.041,8351311615,2040,6251,45,100,1
1777924421.6796281,2026-05-04T21:53:41.679628,36.041,8351311615,2040,6251,45,100,1
1777924421.6922011,2026-05-04T21:53:41.692201,36.041,8351311615,2040,6251,45,100,1
1777924421.7049725,2026-05-04T21:53:41.704973,36.041,8351311615,2040,6251,45,100,1
1777924421.719504,2026-05-04T21:53:41.719504,36.041,8351311615,2040,6251,45,100,1
1777924421.7362902,2026-05-04T21:53:41.736290,36.041,8351315616,2040,6251,45,100,1
1777924421.7558537,2026-05-04T21:53:41.755854,36.041,8351315616,2040,6251,45,100,1
1777924421.772694,2026-05-04T21:53:41.772694,36.097,8351315616,2040,6251,45,100,2
1777924421.7883863,2026-05-04T21:53:41.788386,36.097,8351315616,2040,6251,45,100,2
1777924421.8038528,2026-05-04T21:53:41.803853,36.097,8351315616,2040,6251,45,100,2
1777924421.8234596,2026-05-04T21:53:41.823460,36.097,8351315616,2040,6251,45,100,2
1777924421.8435252,2026-05-04T21:53:41.843525,36.097,8351319177,2040,6251,45,100,2
1777924421.8628092,2026-05-04T21:53:41.862809,36.097,8351319177,2040,6251,45,100,2
1777924421.8827894,2026-05-04T21:53:41.882789,36.246,8351319177,2040,6251,45,100,2
1777924421.902915,2026-05-04T21:53:41.902915,36.246,8351319177,2040,6251,45,100,2
1777924421.9234228,2026-05-04T21:53:41.923423,36.246,8351319177,2040,6251,45,100,2
1777924421.9427829,2026-05-04T21:53:41.942783,36.246,8351322777,2040,6251,45,100,2
1777924421.9601028,2026-05-04T21:53:41.960103,36.246,8351322777,2040,6251,45,100,2
1777924421.9728222,2026-05-04T21:53:41.972822,36.246,8351322777,2040,6251,45,100,2
1777924421.985588,2026-05-04T21:53:41.985588,36.255,8351322777,2040,6251,45,100,1
1777924422.0054898,2026-05-04T21:53:42.005490,36.255,8351322777,2040,6251,45,100,1
1777924422.0254707,2026-05-04T21:53:42.025471,36.255,8351322777,2040,6251,45,100,1
1777924422.0470514,2026-05-04T21:53:42.047051,36.255,8351326540,2040,6251,45,100,1
1777924422.0659716,2026-05-04T21:53:42.065972,36.255,8351326540,2040,6251,45,100,1
1777924422.0855381,2026-05-04T21:53:42.085538,36.253,8351326540,2040,6251,45,100,1
1777924422.10551,2026-05-04T21:53:42.105510,36.253,8351326540,2040,6251,45,100,1
1777924422.1237726,2026-05-04T21:53:42.123773,36.253,8351326540,2040,6251,45,100,1
1777924422.1434557,2026-05-04T21:53:42.143456,36.253,8351330081,2040,6251,45,100,1
1777924422.1641057,2026-05-04T21:53:42.164106,36.253,8351330081,2040,6251,45,100,1
1777924422.183479,2026-05-04T21:53:42.183479,36.264,8351330081,2040,6251,45,100,0
1777924422.2004755,2026-05-04T21:53:42.200475,36.264,8351330081,2040,6251,45,100,0
1777924422.217668,2026-05-04T21:53:42.217668,36.264,8351330081,2040,6251,45,100,0
1777924422.2359486,2026-05-04T21:53:42.235949,36.264,8351330081,2040,6251,45,100,0
1777924422.248751,2026-05-04T21:53:42.248751,36.264,8351333666,2040,6251,45,100,0
1777924422.26746,2026-05-04T21:53:42.267460,36.264,8351333666,2040,6251,45,100,0
1777924422.2858987,2026-05-04T21:53:42.285899,36.6,8351333666,2040,6251,45,100,0
1777924422.3073745,2026-05-04T21:53:42.307374,36.6,8351333666,2040,6251,45,100,0
1777924422.326054,2026-05-04T21:53:42.326054,36.6,8351333666,2040,6251,45,100,0
1777924422.3395967,2026-05-04T21:53:42.339597,36.6,8351337324,2040,6251,45,100,0
1777924422.3526983,2026-05-04T21:53:42.352698,36.6,8351337324,2040,6251,45,100,0
1777924422.3656542,2026-05-04T21:53:42.365654,36.6,8351337324,2040,6251,45,100,0
1777924422.3795495,2026-05-04T21:53:42.379550,37.228,8351337324,2040,6251,45,100,1
1777924422.3921328,2026-05-04T21:53:42.392133,37.228,8351337324,2040,6251,45,100,1
1777924422.4048448,2026-05-04T21:53:42.404845,37.228,8351337324,2040,6251,45,100,1
1777924422.4192812,2026-05-04T21:53:42.419281,37.228,8351337324,2040,6251,45,100,1
1777924422.4317343,2026-05-04T21:53:42.431734,37.228,8351337324,2040,6251,45,100,1
1777924422.4443865,2026-05-04T21:53:42.444386,37.228,8351341930,2040,6251,45,100,1
1777924422.4657044,2026-05-04T21:53:42.465704,37.228,8351341930,2040,6251,45,100,1
1777924422.4821367,2026-05-04T21:53:42.482137,37.857,8351341930,2040,6251,46,100,1
1777924422.4948149,2026-05-04T21:53:42.494815,37.857,8351341930,2040,6251,46,100,1
1777924422.5074644,2026-05-04T21:53:42.507464,37.857,8351341930,2040,6251,46,100,1
1777924422.5201356,2026-05-04T21:53:42.520136,37.857,8351341930,2040,6251,46,100,1
1777924422.5325778,2026-05-04T21:53:42.532578,37.857,8351341930,2040,6251,46,100,1
1777924422.5452156,2026-05-04T21:53:42.545216,37.857,8351345657,2040,6251,46,100,1
1777924422.5592484,2026-05-04T21:53:42.559248,37.857,8351345657,2040,6251,46,100,1
1777924422.5716624,2026-05-04T21:53:42.571662,37.857,8351345657,2040,6251,46,100,1
1777924422.5842977,2026-05-04T21:53:42.584298,37.544,8351345657,2040,6251,45,100,1
1777924422.5992372,2026-05-04T21:53:42.599237,37.544,8351345657,2040,6251,45,100,1
1777924422.6116538,2026-05-04T21:53:42.611654,37.544,8351345657,2040,6251,45,100,1
1777924422.6242995,2026-05-04T21:53:42.624300,37.544,8351345657,2040,6251,45,100,1
1777924422.63921,2026-05-04T21:53:42.639210,37.544,8351348845,2040,6251,45,100,1
1777924422.6525476,2026-05-04T21:53:42.652548,37.544,8351348845,2040,6251,45,100,1
1777924422.665224,2026-05-04T21:53:42.665224,37.544,8351348845,2040,6251,45,100,1
1777924422.679293,2026-05-04T21:53:42.679293,37.176,8351348845,2040,6251,45,100,1
1777924422.6917543,2026-05-04T21:53:42.691754,37.176,8351348845,2040,6251,45,100,1
1777924422.7043006,2026-05-04T21:53:42.704301,37.176,8351348845,2040,6251,45,100,1
1777924422.7193732,2026-05-04T21:53:42.719373,37.176,8351348845,2040,6251,45,100,1
1777924422.7318308,2026-05-04T21:53:42.731831,37.176,8351348845,2040,6251,45,100,1
1777924422.7444327,2026-05-04T21:53:42.744433,37.176,8351352024,2040,6251,45,100,1
1777924422.759276,2026-05-04T21:53:42.759276,37.176,8351352024,2040,6251,45,100,1
1777924422.7717671,2026-05-04T21:53:42.771767,37.176,8351352024,2040,6251,45,100,1
1777924422.7844322,2026-05-04T21:53:42.784432,36.361,8351352024,2040,6251,44,100,0
1777924422.7991488,2026-05-04T21:53:42.799149,36.361,8351352024,2040,6251,44,100,0
1777924422.8114004,2026-05-04T21:53:42.811400,36.361,8351352024,2040,6251,44,100,0
1777924422.8239439,2026-05-04T21:53:42.823944,36.361,8351352024,2040,6251,44,100,0
1777924422.8390899,2026-05-04T21:53:42.839090,36.361,8351355197,2040,6251,44,100,0
1777924422.8524637,2026-05-04T21:53:42.852464,36.361,8351355197,2040,6251,44,100,0
1777924422.8651166,2026-05-04T21:53:42.865117,36.361,8351355197,2040,6251,44,100,0
1777924422.8791535,2026-05-04T21:53:42.879153,35.8,8351355197,2040,6251,44,100,0
1777924422.8915462,2026-05-04T21:53:42.891546,35.8,8351355197,2040,6251,44,100,0
1777924422.904147,2026-05-04T21:53:42.904147,35.8,8351355197,2040,6251,44,100,0
1777924422.9191096,2026-05-04T21:53:42.919110,35.8,8351355197,2040,6251,44,100,0
1777924422.9315228,2026-05-04T21:53:42.931523,35.8,8351355197,2040,6251,44,100,0
1777924422.9441693,2026-05-04T21:53:42.944169,35.8,8351358367,2040,6251,44,100,0
1777924422.959247,2026-05-04T21:53:42.959247,35.8,8351358367,2040,6251,44,100,0
1777924422.9716837,2026-05-04T21:53:42.971684,35.8,8351358367,2040,6251,44,100,0
1777924422.9842365,2026-05-04T21:53:42.984236,35.437,8351358367,2040,6251,44,100,0
1777924422.9994638,2026-05-04T21:53:42.999464,35.437,8351358367,2040,6251,44,100,0
1777924423.0117898,2026-05-04T21:53:43.011790,35.437,8351358367,2040,6251,44,100,0
1777924423.0243616,2026-05-04T21:53:43.024362,35.437,8351358367,2040,6251,44,100,0
1777924423.0390375,2026-05-04T21:53:43.039037,35.437,8351361518,2040,6251,44,100,0
1777924423.052445,2026-05-04T21:53:43.052445,35.437,8351361518,2040,6251,44,100,0
1777924423.0650737,2026-05-04T21:53:43.065074,35.437,8351361518,2040,6251,44,100,0
1777924423.079125,2026-05-04T21:53:43.079125,35.058,8351361518,2040,6251,44,100,0
1777924423.0914938,2026-05-04T21:53:43.091494,35.058,8351361518,2040,6251,44,100,0
1777924423.1039762,2026-05-04T21:53:43.103976,35.058,8351361518,2040,6251,44,100,0
1777924423.1190748,2026-05-04T21:53:43.119075,35.058,8351361518,2040,6251,44,100,0
1777924423.13138,2026-05-04T21:53:43.131380,35.058,8351361518,2040,6251,44,100,0
1777924423.1439686,2026-05-04T21:53:43.143969,35.058,8351364689,2040,6251,44,100,0
1777924423.1592052,2026-05-04T21:53:43.159205,35.058,8351364689,2040,6251,44,100,0
1777924423.1715624,2026-05-04T21:53:43.171562,35.058,8351364689,2040,6251,44,100,0
1777924423.1841128,2026-05-04T21:53:43.184113,34.788,8351364689,2040,6251,44,100,0
1777924423.1991477,2026-05-04T21:53:43.199148,34.788,8351364689,2040,6251,44,100,0
1777924423.2115333,2026-05-04T21:53:43.211533,34.788,8351364689,2040,6251,44,100,0
1777924423.2241395,2026-05-04T21:53:43.224139,34.788,8351364689,2040,6251,44,100,0
1777924423.2389781,2026-05-04T21:53:43.238978,34.788,8351367859,2040,6251,44,100,0
1777924423.25231,2026-05-04T21:53:43.252310,34.788,8351367859,2040,6251,44,100,0
1777924423.2648711,2026-05-04T21:53:43.264871,34.788,8351367859,2040,6251,44,100,0
1777924423.2793405,2026-05-04T21:53:43.279341,34.032,8351367859,2040,6251,44,100,0
1777924423.2918093,2026-05-04T21:53:43.291809,34.032,8351367859,2040,6251,44,100,0
1777924423.3044896,2026-05-04T21:53:43.304490,34.032,8351367859,2040,6251,44,100,0
1777924423.318912,2026-05-04T21:53:43.318912,34.032,8351367859,2040,6251,44,100,0
1777924423.331241,2026-05-04T21:53:43.331241,34.032,8351367859,2040,6251,44,100,0
1777924423.3439147,2026-05-04T21:53:43.343915,34.032,8351371022,2040,6251,44,100,0
1777924423.3590584,2026-05-04T21:53:43.359058,34.032,8351371022,2040,6251,44,100,0
1777924423.3714526,2026-05-04T21:53:43.371453,34.032,8351371022,2040,6251,44,100,0
1777924423.3891258,2026-05-04T21:53:43.389126,33.776,8351371022,2040,6251,44,100,0
1777924423.4084826,2026-05-04T21:53:43.408483,33.776,8351371022,2040,6251,44,100,0
1777924423.4250202,2026-05-04T21:53:43.425020,33.776,8351371022,2040,6251,44,100,0
1777924423.4418283,2026-05-04T21:53:43.441828,33.776,8351374387,2040,6251,44,100,0
1777924423.4646974,2026-05-04T21:53:43.464697,33.776,8351374387,2040,6251,44,100,0
1777924423.4833808,2026-05-04T21:53:43.483381,33.287,8351374387,2040,6251,44,100,0
1777924423.505249,2026-05-04T21:53:43.505249,33.287,8351374387,2040,6251,44,100,0
1777924423.523493,2026-05-04T21:53:43.523493,33.287,8351374387,2040,6251,44,100,0
1777924423.5426958,2026-05-04T21:53:43.542696,33.287,8351377926,2040,6251,44,100,0
1777924423.5629547,2026-05-04T21:53:43.562955,33.287,8351377926,2040,6251,44,100,0
1777924423.5822845,2026-05-04T21:53:43.582284,32.503,8351377926,2040,6251,45,100,0
1777924423.6007624,2026-05-04T21:53:43.600762,32.503,8351377926,2040,6251,45,100,0
1777924423.6233377,2026-05-04T21:53:43.623338,32.503,8351377926,2040,6251,45,100,0
1777924423.6423714,2026-05-04T21:53:43.642371,32.503,8351381467,2040,6251,45,100,0
1777924423.6666574,2026-05-04T21:53:43.666657,32.503,8351381467,2040,6251,45,100,0
1777924423.6848428,2026-05-04T21:53:43.684843,32.805,8351381467,2040,6251,45,100,0
1777924423.706265,2026-05-04T21:53:43.706265,32.805,8351381467,2040,6251,45,100,0
1777924423.7235386,2026-05-04T21:53:43.723539,32.805,8351381467,2040,6251,45,100,0
1777924423.7425532,2026-05-04T21:53:43.742553,32.805,8351385006,2040,6251,45,100,0
1777924423.760791,2026-05-04T21:53:43.760791,32.805,8351385006,2040,6251,45,100,0
1777924423.7833843,2026-05-04T21:53:43.783384,33.136,8351385006,2040,6251,45,100,0
1777924423.8024344,2026-05-04T21:53:43.802434,33.136,8351385006,2040,6251,45,100,0
1777924423.822863,2026-05-04T21:53:43.822863,33.136,8351385006,2040,6251,45,100,0
1777924423.8388991,2026-05-04T21:53:43.838899,33.136,8351388479,2040,6251,45,100,0
1777924423.8525753,2026-05-04T21:53:43.852575,33.136,8351388479,2040,6251,45,100,0
1777924423.8651524,2026-05-04T21:53:43.865152,33.136,8351388479,2040,6251,45,100,0
1777924423.878812,2026-05-04T21:53:43.878812,33.136,8351388479,2040,6251,45,100,0
1777924423.8912084,2026-05-04T21:53:43.891208,33.215,8351388479,2040,6251,45,100,0
1777924423.9037924,2026-05-04T21:53:43.903792,33.215,8351388479,2040,6251,45,100,0
1777924423.9186919,2026-05-04T21:53:43.918692,33.215,8351388479,2040,6251,45,100,0
1777924423.9310606,2026-05-04T21:53:43.931061,33.215,8351388479,2040,6251,45,100,0
1777924423.9436526,2026-05-04T21:53:43.943653,33.215,8351391328,2040,6251,45,100,0
1777924423.958923,2026-05-04T21:53:43.958923,33.215,8351391328,2040,6251,45,100,0
1777924423.9712625,2026-05-04T21:53:43.971262,33.215,8351391328,2040,6251,45,100,0
1777924423.9838433,2026-05-04T21:53:43.983843,32.802,8351391328,2040,6251,44,3,0
1777924423.9987774,2026-05-04T21:53:43.998777,32.802,8351391328,2040,6251,44,3,0
1777924424.0112088,2026-05-04T21:53:44.011209,32.802,8351391328,2040,6251,44,3,0
1777924424.0237691,2026-05-04T21:53:44.023769,32.802,8351391328,2040,6251,44,3,0
1777924424.0386312,2026-05-04T21:53:44.038631,32.802,8351391328,2040,6251,44,3,0
1777924424.050896,2026-05-04T21:53:44.050896,32.802,8351394259,2040,6251,44,3,0
1777924424.0643852,2026-05-04T21:53:44.064385,32.802,8351394259,2040,6251,44,3,0
1777924424.0788214,2026-05-04T21:53:44.078821,32.802,8351394259,2040,6251,44,3,0
1777924424.0912735,2026-05-04T21:53:44.091274,32.52,8351394259,2040,6251,44,3,0
1777924424.1039326,2026-05-04T21:53:44.103933,32.52,8351394259,2040,6251,44,3,0
1777924424.119099,2026-05-04T21:53:44.119099,32.52,8351394259,2040,6251,44,3,0
1777924424.1316738,2026-05-04T21:53:44.131674,32.52,8351394259,2040,6251,44,3,0
1777924424.144357,2026-05-04T21:53:44.144357,32.52,8351397723,2040,6251,44,3,0
1777924424.1588757,2026-05-04T21:53:44.158876,32.52,8351397723,2040,6251,44,3,0
1777924424.1714077,2026-05-04T21:53:44.171408,32.52,8351397723,2040,6251,44,3,0
1777924424.1840925,2026-05-04T21:53:44.184093,33.044,8351397723,2040,6251,44,86,20
1777924424.1988235,2026-05-04T21:53:44.198823,33.044,8351397723,2040,6251,44,86,20
1777924424.2118864,2026-05-04T21:53:44.211886,33.044,8351397723,2040,6251,44,86,20
1777924424.2245476,2026-05-04T21:53:44.224548,33.044,8351397723,2040,6251,44,86,20
1777924424.2386732,2026-05-04T21:53:44.238673,33.044,8351401477,2040,6251,44,86,20
1777924424.2522662,2026-05-04T21:53:44.252266,33.044,8351401477,2040,6251,44,86,20
1777924424.2650912,2026-05-04T21:53:44.265091,33.044,8351401477,2040,6251,44,86,20
1777924424.2788773,2026-05-04T21:53:44.278877,33.044,8351401477,2040,6251,44,86,20
1777924424.2914321,2026-05-04T21:53:44.291432,33.583,8351401477,2040,6251,44,86,20
1777924424.3041618,2026-05-04T21:53:44.304162,33.583,8351401477,2040,6251,44,86,20
1777924424.3193514,2026-05-04T21:53:44.319351,33.583,8351401477,2040,6251,44,86,20
1777924424.331831,2026-05-04T21:53:44.331831,33.583,8351401477,2040,6251,44,86,20
1777924424.3445368,2026-05-04T21:53:44.344537,33.583,8351405230,2040,6251,44,86,20
1777924424.3588192,2026-05-04T21:53:44.358819,33.583,8351405230,2040,6251,44,86,20
1777924424.3712869,2026-05-04T21:53:44.371287,33.583,8351405230,2040,6251,44,86,20
1777924424.3839498,2026-05-04T21:53:44.383950,34.093,8351405230,2040,6251,44,100,23
1777924424.4001877,2026-05-04T21:53:44.400188,34.093,8351405230,2040,6251,44,100,23
1777924424.4126704,2026-05-04T21:53:44.412670,34.093,8351405230,2040,6251,44,100,23
1777924424.4254298,2026-05-04T21:53:44.425430,34.093,8351405230,2040,6251,44,100,23
1777924424.4385147,2026-05-04T21:53:44.438515,34.093,8351408837,2040,6251,44,100,23
1777924424.4610617,2026-05-04T21:53:44.461062,34.093,8351408837,2040,6251,44,100,23
1777924424.4737585,2026-05-04T21:53:44.473758,34.093,8351408837,2040,6251,44,100,23
1777924424.491575,2026-05-04T21:53:44.491575,33.978,8351408837,2040,6251,44,100,23
1777924424.5087662,2026-05-04T21:53:44.508766,33.978,8351411713,2040,6251,44,100,23
1777924424.5587037,2026-05-04T21:53:44.558704,33.978,8351411713,2040,6251,44,100,23
1777924424.5729065,2026-05-04T21:53:44.572906,33.978,8351411713,2040,6251,44,100,23
1777924424.5900402,2026-05-04T21:53:44.590040,33.317,8351411713,2040,6251,44,0,0
1777924424.6029086,2026-05-04T21:53:44.602909,33.317,8351411713,2040,6251,44,0,0
1777924424.6184363,2026-05-04T21:53:44.618436,33.317,8351411713,2040,6251,44,0,0
1777924424.631757,2026-05-04T21:53:44.631757,33.317,8351414541,2040,6251,44,0,0
1777924424.6820552,2026-05-04T21:53:44.682055,32.745,8351414541,2040,6251,44,0,0
1777924424.6946154,2026-05-04T21:53:44.694615,32.745,8351414541,2040,6251,44,0,0
1777924424.7069912,2026-05-04T21:53:44.706991,32.745,8351414541,2040,6251,44,0,0
1777924424.7193153,2026-05-04T21:53:44.719315,32.745,8351414541,2040,6251,44,0,0
