timestamp,datetime,power_w,total_energy_mj,gpu_freq_mhz,mem_freq_mhz,temperature_c,gpu_util_pct,mem_util_pct
1777924335.6943095,2026-05-04T21:52:15.694309,30.999,10029317167,2040,6251,34,0,0
1777924335.7151036,2026-05-04T21:52:15.715104,30.999,10029317167,2040,6251,34,0,0
1777924335.7274544,2026-05-04T21:52:15.727454,30.999,10029317167,2040,6251,34,0,0
1777924335.7398858,2026-05-04T21:52:15.739886,30.999,10029317167,2040,6251,34,0,0
1777924335.7524538,2026-05-04T21:52:15.752454,30.993,10029317167,2040,6251,34,0,0
1777924335.7648985,2026-05-04T21:52:15.764899,30.993,10029317167,2040,6251,34,0,0
1777924335.7774558,2026-05-04T21:52:15.777456,30.993,10029317167,2040,6251,34,0,0
1777924335.7923968,2026-05-04T21:52:15.792397,30.993,10029319847,2040,6251,34,0,0
1777924335.805497,2026-05-04T21:52:15.805497,30.993,10029319847,2040,6251,34,0,0
1777924335.8180375,2026-05-04T21:52:15.818038,30.993,10029319847,2040,6251,34,0,0
1777924335.832103,2026-05-04T21:52:15.832103,30.993,10029319847,2040,6251,34,0,0
1777924335.8447032,2026-05-04T21:52:15.844703,30.993,10029319847,2040,6251,34,0,0
1777924335.8573127,2026-05-04T21:52:15.857313,30.343,10029319847,2040,6251,34,0,0
1777924335.872096,2026-05-04T21:52:15.872096,30.343,10029319847,2040,6251,34,0,0
1777924335.8844967,2026-05-04T21:52:15.884497,30.343,10029319847,2040,6251,34,0,0
1777924335.8970153,2026-05-04T21:52:15.897015,30.343,10029322584,2040,6251,34,0,0
1777924335.912301,2026-05-04T21:52:15.912301,30.343,10029322584,2040,6251,34,0,0
1777924335.9247012,2026-05-04T21:52:15.924701,30.343,10029322584,2040,6251,34,0,0
1777924335.9373865,2026-05-04T21:52:15.937387,30.343,10029322584,2040,6251,34,0,0
1777924335.9520996,2026-05-04T21:52:15.952100,30.088,10029322584,2040,6251,34,0,0
1777924335.964511,2026-05-04T21:52:15.964511,30.088,10029322584,2040,6251,34,0,0
1777924335.9770675,2026-05-04T21:52:15.977067,30.088,10029322584,2040,6251,34,0,0
1777924335.9920743,2026-05-04T21:52:15.992074,30.088,10029325327,2040,6251,34,0,0
1777924336.0054882,2026-05-04T21:52:16.005488,30.088,10029325327,2040,6251,34,0,0
1777924336.0180275,2026-05-04T21:52:16.018028,30.088,10029325327,2040,6251,34,0,0
1777924336.0320466,2026-05-04T21:52:16.032047,30.088,10029325327,2040,6251,34,0,0
1777924336.044473,2026-05-04T21:52:16.044473,30.088,10029325327,2040,6251,34,0,0
1777924336.0570374,2026-05-04T21:52:16.057037,29.227,10029325327,2040,6251,34,0,0
1777924336.0722685,2026-05-04T21:52:16.072268,29.227,10029325327,2040,6251,34,0,0
1777924336.0846586,2026-05-04T21:52:16.084659,29.227,10029325327,2040,6251,34,0,0
1777924336.097168,2026-05-04T21:52:16.097168,29.227,10029328067,2040,6251,34,0,0
1777924336.1122675,2026-05-04T21:52:16.112267,29.227,10029328067,2040,6251,34,0,0
1777924336.124688,2026-05-04T21:52:16.124688,29.227,10029328067,2040,6251,34,0,0
1777924336.1373315,2026-05-04T21:52:16.137331,29.227,10029328067,2040,6251,34,0,0
1777924336.1520681,2026-05-04T21:52:16.152068,28.34,10029328067,2040,6251,34,0,0
1777924336.1645143,2026-05-04T21:52:16.164514,28.34,10029328067,2040,6251,34,0,0
1777924336.1770608,2026-05-04T21:52:16.177061,28.34,10029328067,2040,6251,34,0,0
1777924336.192,2026-05-04T21:52:16.192000,28.34,10029330810,2040,6251,34,0,0
1777924336.2054553,2026-05-04T21:52:16.205455,28.34,10029330810,2040,6251,34,0,0
1777924336.2181017,2026-05-04T21:52:16.218102,28.34,10029330810,2040,6251,34,0,0
1777924336.2320254,2026-05-04T21:52:16.232025,28.34,10029330810,2040,6251,34,0,0
1777924336.2444417,2026-05-04T21:52:16.244442,28.34,10029330810,2040,6251,34,0,0
1777924336.2570066,2026-05-04T21:52:16.257007,27.522,10029330810,2040,6251,34,0,0
1777924336.2719698,2026-05-04T21:52:16.271970,27.522,10029330810,2040,6251,34,0,0
1777924336.2843742,2026-05-04T21:52:16.284374,27.522,10029330810,2040,6251,34,0,0
1777924336.296871,2026-05-04T21:52:16.296871,27.522,10029333545,2040,6251,34,0,0
1777924336.312145,2026-05-04T21:52:16.312145,27.522,10029333545,2040,6251,34,0,0
1777924336.3245876,2026-05-04T21:52:16.324588,27.522,10029333545,2040,6251,34,0,0
1777924336.3372843,2026-05-04T21:52:16.337284,27.522,10029333545,2040,6251,34,0,0
1777924336.3496804,2026-05-04T21:52:16.349680,27.522,10029333545,2040,6251,34,0,0
1777924336.3620684,2026-05-04T21:52:16.362068,27.504,10029333545,2040,6251,34,0,0
1777924336.3744953,2026-05-04T21:52:16.374495,27.504,10029333545,2040,6251,34,0,0
1777924336.3868842,2026-05-04T21:52:16.386884,27.504,10029333545,2040,6251,34,0,0
1777924336.3994958,2026-05-04T21:52:16.399496,27.504,10029336276,2040,6251,34,0,0
1777924336.4126458,2026-05-04T21:52:16.412646,27.504,10029336276,2040,6251,34,0,0
1777924336.4250624,2026-05-04T21:52:16.425062,27.504,10029336276,2040,6251,34,0,0
1777924336.4374802,2026-05-04T21:52:16.437480,27.504,10029336276,2040,6251,34,0,0
1777924336.4499197,2026-05-04T21:52:16.449920,27.504,10029336276,2040,6250,34,0,0
1777924336.4637287,2026-05-04T21:52:16.463729,27.504,10029336276,2040,6251,34,0,0
1777924336.4761102,2026-05-04T21:52:16.476110,27.504,10029336276,2040,6251,34,0,0
1777924336.488473,2026-05-04T21:52:16.488473,27.504,10029336276,2040,6251,34,0,0
1777924336.5008328,2026-05-04T21:52:16.500833,27.504,10029338994,2040,6251,34,0,0
1777924336.5131595,2026-05-04T21:52:16.513160,27.504,10029338994,2040,6251,34,0,0
1777924336.5255418,2026-05-04T21:52:16.525542,27.504,10029338994,2040,6251,34,0,0
1777924336.537878,2026-05-04T21:52:16.537878,27.504,10029338994,2040,6251,34,0,0
1777924336.5502203,2026-05-04T21:52:16.550220,27.504,10029338994,2040,6251,34,0,0
1777924336.5625587,2026-05-04T21:52:16.562559,27.504,10029338994,2040,6251,34,0,0
1777924336.5749097,2026-05-04T21:52:16.574910,27.504,10029338994,2040,6251,34,0,0
1777924336.5872636,2026-05-04T21:52:16.587264,27.504,10029338994,2040,6251,34,0,0
1777924336.5996008,2026-05-04T21:52:16.599601,27.504,10029341710,2040,6251,34,0,0
1777924336.612183,2026-05-04T21:52:16.612183,27.504,10029341710,2040,6251,34,0,0
1777924336.6258922,2026-05-04T21:52:16.625892,27.504,10029341710,2040,6251,34,0,0
1777924336.6385436,2026-05-04T21:52:16.638544,27.504,10029341710,2040,6251,34,0,0
1777924336.6507509,2026-05-04T21:52:16.650751,27.504,10029341710,2040,6251,34,0,0
1777924336.6629102,2026-05-04T21:52:16.662910,27.504,10029341710,2040,6251,34,0,0
1777924336.6751523,2026-05-04T21:52:16.675152,27.504,10029341710,2040,6251,34,0,0
1777924336.6886294,2026-05-04T21:52:16.688629,27.504,10029341710,2040,6251,34,0,0
1777924336.7008157,2026-05-04T21:52:16.700816,27.504,10029344427,2040,6251,34,0,0
1777924336.7130013,2026-05-04T21:52:16.713001,27.504,10029344427,2040,6251,34,0,0
1777924336.7254727,2026-05-04T21:52:16.725473,27.504,10029344427,2040,6251,34,0,0
1777924336.7377844,2026-05-04T21:52:16.737784,27.504,10029344427,2040,6251,34,0,0
1777924336.7499926,2026-05-04T21:52:16.749993,27.504,10029344427,2040,6251,34,0,0
1777924336.7621906,2026-05-04T21:52:16.762191,27.504,10029344427,2040,6251,34,0,0
1777924336.7744203,2026-05-04T21:52:16.774420,27.504,10029344427,2040,6251,34,0,0
1777924336.7866015,2026-05-04T21:52:16.786602,27.504,10029344427,2040,6251,34,0,0
1777924336.7987623,2026-05-04T21:52:16.798762,27.504,10029347142,2040,6251,34,0,0
1777924336.8111813,2026-05-04T21:52:16.811181,27.504,10029347142,2040,6251,34,0,0
1777924336.8233607,2026-05-04T21:52:16.823361,27.504,10029347142,2040,6251,34,0,0
1777924336.8355439,2026-05-04T21:52:16.835544,27.504,10029347142,2040,6251,34,0,0
1777924336.8477304,2026-05-04T21:52:16.847730,27.504,10029347142,2040,6251,34,0,0
1777924336.8599272,2026-05-04T21:52:16.859927,27.504,10029347142,2040,6251,34,0,0
1777924336.8723884,2026-05-04T21:52:16.872388,27.504,10029347142,2040,6251,34,0,0
1777924336.88505,2026-05-04T21:52:16.885050,27.504,10029347142,2040,6251,34,0,0
1777924336.8981762,2026-05-04T21:52:16.898176,27.504,10029349856,2040,6251,34,0,0
1777924336.910577,2026-05-04T21:52:16.910577,27.504,10029349856,2040,6251,34,0,0
1777924336.9242818,2026-05-04T21:52:16.924282,27.504,10029349856,2040,6251,34,0,0
1777924336.936483,2026-05-04T21:52:16.936483,27.504,10029349856,2040,6251,34,0,0
1777924336.948655,2026-05-04T21:52:16.948655,27.504,10029349856,2040,6251,34,0,0
1777924336.9612834,2026-05-04T21:52:16.961283,27.504,10029349856,2040,6251,34,0,0
1777924336.9743164,2026-05-04T21:52:16.974316,27.504,10029349856,2040,6251,34,0,0
1777924336.986795,2026-05-04T21:52:16.986795,27.504,10029349856,2040,6251,34,0,0
1777924337.000587,2026-05-04T21:52:17.000587,27.504,10029352583,2040,6251,34,0,0
1777924337.0139353,2026-05-04T21:52:17.013935,27.504,10029352583,2040,6251,34,0,0
1777924337.0285432,2026-05-04T21:52:17.028543,27.504,10029352583,2040,6251,34,0,0
1777924337.0719578,2026-05-04T21:52:17.071958,27.504,10029352583,2040,6251,34,0,0
1777924337.0857139,2026-05-04T21:52:17.085714,27.504,10029352583,2040,6251,34,0,0
1777924337.098876,2026-05-04T21:52:17.098876,27.504,10029354794,2040,6251,34,0,0
1777924337.1120865,2026-05-04T21:52:17.112087,27.504,10029354794,2040,6251,34,0,0
1777924337.1280565,2026-05-04T21:52:17.128057,27.504,10029354794,1065,6251,34,0,0
1777924337.1754987,2026-05-04T21:52:17.175499,23.071,10029354794,1065,6251,34,0,0
1777924337.1921172,2026-05-04T21:52:17.192117,23.071,10029356865,1065,6251,34,0,0
1777924337.2067745,2026-05-04T21:52:17.206774,23.071,10029356865,1065,6251,34,0,0
1777924337.2196195,2026-05-04T21:52:17.219620,23.071,10029356865,1065,6251,34,0,0
1777924337.232644,2026-05-04T21:52:17.232644,23.071,10029356865,1065,6251,34,0,0
1777924337.2455695,2026-05-04T21:52:17.245569,23.071,10029356865,1065,6251,34,0,0
1777924337.2590249,2026-05-04T21:52:17.259025,23.071,10029356865,1065,6251,33,0,0
1777924337.2729747,2026-05-04T21:52:17.272975,22.475,10029356865,1065,6251,33,0,0
1777924337.2918653,2026-05-04T21:52:17.291865,22.475,10029358954,1065,6251,33,0,0
1777924337.3051646,2026-05-04T21:52:17.305165,22.475,10029358954,1065,6251,33,0,0
1777924337.3179495,2026-05-04T21:52:17.317950,22.475,10029358954,1065,6251,33,0,0
1777924337.3330963,2026-05-04T21:52:17.333096,22.475,10029358954,1065,6251,33,0,0
1777924337.3458164,2026-05-04T21:52:17.345816,22.475,10029358954,1065,6251,33,0,0
1777924337.3586292,2026-05-04T21:52:17.358629,22.475,10029358954,1065,6251,33,0,0
1777924337.3718066,2026-05-04T21:52:17.371807,21.291,10029358954,1065,6251,33,0,0
1777924337.3844998,2026-05-04T21:52:17.384500,21.291,10029358954,1065,6251,33,0,0
1777924337.397309,2026-05-04T21:52:17.397309,21.291,10029361027,1065,6251,33,0,0
1777924337.417204,2026-05-04T21:52:17.417204,21.291,10029361027,1065,6251,33,0,0
1777924337.4319437,2026-05-04T21:52:17.431944,21.291,10029361027,1065,6251,33,0,0
1777924337.444654,2026-05-04T21:52:17.444654,21.291,10029361027,1065,6251,33,0,0
1777924337.4576006,2026-05-04T21:52:17.457601,21.291,10029361027,1065,6251,33,0,0
1777924337.472089,2026-05-04T21:52:17.472089,21.248,10029361027,1005,6251,33,0,0
1777924337.4848244,2026-05-04T21:52:17.484824,21.248,10029361027,1005,6251,33,0,0
1777924337.4977832,2026-05-04T21:52:17.497783,21.248,10029363085,1005,6251,33,0,0
1777924337.5119834,2026-05-04T21:52:17.511983,21.248,10029363085,1005,6251,33,0,0
1777924337.5246592,2026-05-04T21:52:17.524659,21.248,10029363085,1005,6251,33,0,0
1777924337.539349,2026-05-04T21:52:17.539349,21.248,10029363085,1005,6251,33,0,0
1777924337.5522397,2026-05-04T21:52:17.552240,21.248,10029363085,1005,6251,33,0,0
1777924337.5649812,2026-05-04T21:52:17.564981,21.196,10029363085,1005,6251,33,0,0
1777924337.577933,2026-05-04T21:52:17.577933,21.196,10029363085,1005,6251,33,0,0
1777924337.5917952,2026-05-04T21:52:17.591795,21.196,10029365142,1005,6251,33,0,0
1777924337.6050887,2026-05-04T21:52:17.605089,21.196,10029365142,1005,6251,33,0,0
1777924337.6180894,2026-05-04T21:52:17.618089,21.196,10029365142,1005,6251,33,0,0
1777924337.631854,2026-05-04T21:52:17.631854,21.196,10029365142,1005,6251,33,0,0
1777924337.6449187,2026-05-04T21:52:17.644919,21.196,10029365142,1005,6251,33,0,0
1777924337.6581485,2026-05-04T21:52:17.658149,21.196,10029365142,1005,6251,33,0,0
1777924337.6718557,2026-05-04T21:52:17.671856,21.166,10029365142,975,6251,33,0,0
1777924337.6846673,2026-05-04T21:52:17.684667,21.166,10029365142,975,6251,33,0,0
1777924337.6994972,2026-05-04T21:52:17.699497,21.166,10029367196,975,6251,33,0,0
1777924337.7123702,2026-05-04T21:52:17.712370,21.166,10029367196,975,6251,33,0,0
1777924337.7250872,2026-05-04T21:52:17.725087,21.166,10029367196,975,6251,33,0,0
1777924337.7379644,2026-05-04T21:52:17.737964,21.166,10029367196,975,6251,33,0,0
1777924337.7521482,2026-05-04T21:52:17.752148,21.166,10029367196,975,6251,33,0,0
1777924337.7648742,2026-05-04T21:52:17.764874,21.127,10029367196,975,6251,33,0,0
1777924337.778003,2026-05-04T21:52:17.778003,21.127,10029367196,975,6251,33,0,0
1777924337.7917376,2026-05-04T21:52:17.791738,21.127,10029369250,975,6251,33,0,0
1777924337.8060927,2026-05-04T21:52:17.806093,21.127,10029369250,975,6251,33,0,0
1777924337.8202028,2026-05-04T21:52:17.820203,21.127,10029369250,975,6251,33,0,0
1777924337.8337367,2026-05-04T21:52:17.833737,21.127,10029369250,975,6251,33,0,0
1777924337.8465602,2026-05-04T21:52:17.846560,21.127,10029369250,975,6251,33,0,0
1777924337.8613565,2026-05-04T21:52:17.861356,21.127,10029369250,975,6251,33,0,0
1777924337.8743172,2026-05-04T21:52:17.874317,21.1,10029369250,930,6251,33,0,0
1777924337.8870938,2026-05-04T21:52:17.887094,21.1,10029369250,930,6251,33,0,0
1777924337.900033,2026-05-04T21:52:17.900033,21.1,10029371294,930,6251,33,0,0
1777924337.9130135,2026-05-04T21:52:17.913013,21.1,10029371294,930,6251,33,0,0
1777924337.9257913,2026-05-04T21:52:17.925791,21.1,10029371294,930,6251,33,0,0
1777924337.9387364,2026-05-04T21:52:17.938736,21.1,10029371294,930,6251,33,0,0
1777924337.9517927,2026-05-04T21:52:17.951793,21.1,10029371294,930,6251,33,0,0
1777924337.9645965,2026-05-04T21:52:17.964597,21.07,10029371294,930,6251,33,0,0
1777924337.9774728,2026-05-04T21:52:17.977473,21.07,10029371294,930,6251,33,0,0
1777924337.9917703,2026-05-04T21:52:17.991770,21.07,10029373340,930,6251,33,0,0
1777924338.0049891,2026-05-04T21:52:18.004989,21.07,10029373340,930,6251,33,0,0
1777924338.019199,2026-05-04T21:52:18.019199,21.07,10029373340,930,6251,33,0,0
1777924338.0322301,2026-05-04T21:52:18.032230,21.07,10029373340,930,6251,33,0,0
1777924338.04506,2026-05-04T21:52:18.045060,21.07,10029373340,930,6251,33,0,0
1777924338.0580664,2026-05-04T21:52:18.058066,21.07,10029373340,930,6251,33,0,0
1777924338.0717163,2026-05-04T21:52:18.071716,21.043,10029373340,900,6251,33,0,0
1777924338.0846188,2026-05-04T21:52:18.084619,21.043,10029373340,900,6251,33,0,0
1777924338.09779,2026-05-04T21:52:18.097790,21.043,10029375381,900,6251,33,0,0
1777924338.1118534,2026-05-04T21:52:18.111853,21.043,10029375381,900,6251,33,0,0
1777924338.1247013,2026-05-04T21:52:18.124701,21.043,10029375381,900,6251,33,0,0
1777924338.1377208,2026-05-04T21:52:18.137721,21.043,10029375381,900,6251,33,0,0
1777924338.1517532,2026-05-04T21:52:18.151753,21.043,10029375381,900,6251,33,0,0
1777924338.1646173,2026-05-04T21:52:18.164617,20.712,10029375381,900,6251,33,0,0
1777924338.177619,2026-05-04T21:52:18.177619,20.712,10029375381,900,6251,33,0,0
1777924338.1917598,2026-05-04T21:52:18.191760,20.712,10029377423,900,6251,33,0,0
1777924338.2049966,2026-05-04T21:52:18.204997,20.712,10029377423,900,6251,33,0,0
1777924338.2180696,2026-05-04T21:52:18.218070,20.712,10029377423,900,6251,33,0,0
1777924338.2317543,2026-05-04T21:52:18.231754,20.712,10029377423,900,6251,33,0,0
1777924338.2446635,2026-05-04T21:52:18.244663,20.712,10029377423,900,6251,33,0,0
1777924338.2577438,2026-05-04T21:52:18.257744,20.712,10029377423,900,6251,33,0,0
1777924338.2717752,2026-05-04T21:52:18.271775,20.678,10029377423,315,6251,33,0,0
1777924338.2847648,2026-05-04T21:52:18.284765,20.678,10029377423,315,6251,33,0,0
1777924338.2989116,2026-05-04T21:52:18.298912,20.678,10029379417,315,6251,33,0,0
1777924338.3118303,2026-05-04T21:52:18.311830,20.678,10029379417,315,6251,33,0,0
1777924338.3261058,2026-05-04T21:52:18.326106,20.678,10029379417,315,6251,33,0,0
1777924338.3425283,2026-05-04T21:52:18.342528,20.678,10029379417,315,6251,33,0,0
1777924338.3554626,2026-05-04T21:52:18.355463,20.678,10029379417,315,6251,33,0,0
1777924338.3684108,2026-05-04T21:52:18.368411,20.678,10029379417,315,6251,33,0,0
1777924338.381821,2026-05-04T21:52:18.381821,20.678,10029379417,315,6251,33,0,0
1777924338.3947754,2026-05-04T21:52:18.394775,20.678,10029381410,315,6251,33,0,0
1777924338.409549,2026-05-04T21:52:18.409549,20.678,10029381410,315,6251,33,0,0
1777924338.4240665,2026-05-04T21:52:18.424067,20.678,10029381410,315,6251,33,0,0
1777924338.4380703,2026-05-04T21:52:18.438070,20.678,10029381410,315,6251,33,0,0
1777924338.4512606,2026-05-04T21:52:18.451261,20.678,10029381410,315,6251,33,0,0
1777924338.4670055,2026-05-04T21:52:18.467005,20.678,10029381410,315,6251,33,0,0
1777924338.4802656,2026-05-04T21:52:18.480266,20.678,10029381410,315,6251,33,0,0
1777924338.4973412,2026-05-04T21:52:18.497341,20.678,10029383397,315,6251,33,0,0
1777924338.5130448,2026-05-04T21:52:18.513045,20.678,10029383397,315,6251,33,0,0
1777924338.5265265,2026-05-04T21:52:18.526526,20.678,10029383397,315,6251,33,0,0
1777924338.5396233,2026-05-04T21:52:18.539623,20.678,10029383397,315,6251,33,0,0
1777924338.552683,2026-05-04T21:52:18.552683,20.678,10029383397,315,6251,33,0,0
1777924338.5674872,2026-05-04T21:52:18.567487,20.678,10029383397,315,6251,33,0,0
1777924338.5806732,2026-05-04T21:52:18.580673,20.678,10029383397,315,6251,33,0,0
1777924338.5955307,2026-05-04T21:52:18.595531,20.678,10029385379,315,6251,33,0,0
1777924338.6103697,2026-05-04T21:52:18.610370,20.678,10029385379,315,6251,33,0,0
1777924338.6240344,2026-05-04T21:52:18.624034,20.678,10029385379,315,6251,33,0,0
1777924338.6381927,2026-05-04T21:52:18.638193,20.678,10029385379,315,6251,33,0,0
1777924338.6521742,2026-05-04T21:52:18.652174,20.678,10029385379,315,6251,33,0,0
1777924338.6658306,2026-05-04T21:52:18.665831,20.678,10029385379,315,6251,33,0,0
1777924338.6806087,2026-05-04T21:52:18.680609,20.678,10029387371,315,6251,33,0,0
1777924338.7367668,2026-05-04T21:52:18.736767,20.678,10029387371,315,6251,33,0,0
1777924338.7514434,2026-05-04T21:52:18.751443,20.678,10029387371,315,6251,33,0,0
1777924338.7654183,2026-05-04T21:52:18.765418,20.678,10029387371,315,6251,33,0,0
1777924338.778944,2026-05-04T21:52:18.778944,20.303,10029387371,270,6251,33,0,0
1777924338.7942898,2026-05-04T21:52:18.794290,20.303,10029389369,270,6251,33,0,0
1777924338.8393345,2026-05-04T21:52:18.839334,20.303,10029389369,270,6251,33,0,0
1777924338.8530126,2026-05-04T21:52:18.853013,20.303,10029389369,270,6251,33,0,0
1777924338.871817,2026-05-04T21:52:18.871817,20.284,10029389369,870,6251,33,0,0
1777924338.8869677,2026-05-04T21:52:18.886968,20.284,10029389369,870,6251,33,0,0
1777924338.9003,2026-05-04T21:52:18.900300,20.284,10029391392,870,6251,33,0,0
1777924338.9165082,2026-05-04T21:52:18.916508,20.284,10029391392,870,6251,33,0,0
1777924338.9390986,2026-05-04T21:52:18.939099,20.284,10029391392,870,6251,33,0,0
1777924338.955234,2026-05-04T21:52:18.955234,20.284,10029391392,870,6251,33,0,0
1777924338.9711366,2026-05-04T21:52:18.971137,20.275,10029391392,2040,6251,33,0,0
1777924338.9838564,2026-05-04T21:52:18.983856,20.275,10029391392,2040,6251,33,0,0
1777924339.000587,2026-05-04T21:52:19.000587,20.275,10029394047,2040,6251,33,0,0
1777924339.0147572,2026-05-04T21:52:19.014757,20.275,10029394047,2040,6251,33,0,0
1777924339.0311842,2026-05-04T21:52:19.031184,20.275,10029394047,2040,6251,33,0,0
1777924339.0437937,2026-05-04T21:52:19.043794,20.275,10029394047,2040,6251,33,0,0
1777924339.0572824,2026-05-04T21:52:19.057282,20.275,10029394047,2040,6251,33,0,0
1777924339.0710871,2026-05-04T21:52:19.071087,20.937,10029394047,2040,6251,33,0,0
1777924339.0843418,2026-05-04T21:52:19.084342,20.937,10029394047,2040,6251,33,0,0
1777924339.0977538,2026-05-04T21:52:19.097754,20.937,10029396869,2040,6251,33,0,0
1777924339.1111217,2026-05-04T21:52:19.111122,20.937,10029396869,2040,6251,33,0,0
1777924339.1233492,2026-05-04T21:52:19.123349,20.937,10029396869,2040,6251,33,0,0
1777924339.1358712,2026-05-04T21:52:19.135871,20.937,10029396869,2040,6251,33,0,0
1777924339.1517746,2026-05-04T21:52:19.151775,20.937,10029396869,2040,6251,33,0,0
1777924339.1640456,2026-05-04T21:52:19.164046,20.937,10029396869,2040,6251,33,0,0
1777924339.177876,2026-05-04T21:52:19.177876,21.653,10029396869,2040,6251,34,0,0
1777924339.1911044,2026-05-04T21:52:19.191104,21.653,10029399633,2040,6251,34,0,0
1777924339.2043607,2026-05-04T21:52:19.204361,21.653,10029399633,2040,6251,34,0,0
1777924339.2167985,2026-05-04T21:52:19.216799,21.653,10029399633,2040,6251,34,0,0
1777924339.2309153,2026-05-04T21:52:19.230915,21.653,10029399633,2040,6251,34,0,0
1777924339.2430868,2026-05-04T21:52:19.243087,21.653,10029399633,2040,6251,34,0,0
1777924339.2557564,2026-05-04T21:52:19.255756,21.653,10029399633,2040,6251,34,0,0
1777924339.2713854,2026-05-04T21:52:19.271385,22.319,10029399633,2040,6251,34,5,0
1777924339.2843497,2026-05-04T21:52:19.284350,22.319,10029399633,2040,6251,34,5,0
1777924339.2967188,2026-05-04T21:52:19.296719,22.319,10029402371,2040,6251,34,5,0
1777924339.3110921,2026-05-04T21:52:19.311092,22.319,10029402371,2040,6251,34,5,0
1777924339.3232827,2026-05-04T21:52:19.323283,22.319,10029402371,2040,6251,34,5,0
1777924339.3358178,2026-05-04T21:52:19.335818,22.319,10029402371,2040,6251,34,5,0
1777924339.3509285,2026-05-04T21:52:19.350929,22.319,10029402371,2040,6251,34,5,0
1777924339.363531,2026-05-04T21:52:19.363531,22.319,10029402371,2040,6251,34,5,0
1777924339.3758714,2026-05-04T21:52:19.375871,22.943,10029402371,2040,6251,34,5,0
1777924339.3909302,2026-05-04T21:52:19.390930,22.943,10029402371,2040,6251,34,5,0
1777924339.4040623,2026-05-04T21:52:19.404062,22.943,10029405146,2040,6251,34,5,0
1777924339.4164197,2026-05-04T21:52:19.416420,22.943,10029405146,2040,6251,34,5,0
1777924339.4311786,2026-05-04T21:52:19.431179,22.943,10029405146,2040,6251,34,5,0
1777924339.4434168,2026-05-04T21:52:19.443417,22.943,10029405146,2040,6251,34,5,0
1777924339.4558158,2026-05-04T21:52:19.455816,22.943,10029405146,2040,6251,34,5,0
1777924339.470852,2026-05-04T21:52:19.470852,23.352,10029405146,2040,6251,34,0,0
1777924339.4831114,2026-05-04T21:52:19.483111,23.352,10029405146,2040,6251,34,0,0
1777924339.4969978,2026-05-04T21:52:19.496998,23.352,10029407841,2040,6251,34,0,0
1777924339.5114143,2026-05-04T21:52:19.511414,23.352,10029407841,2040,6251,34,0,0
1777924339.523613,2026-05-04T21:52:19.523613,23.352,10029407841,2040,6251,34,0,0
1777924339.5361595,2026-05-04T21:52:19.536160,23.352,10029407841,2040,6251,34,0,0
1777924339.5509865,2026-05-04T21:52:19.550987,23.352,10029407841,2040,6251,34,0,0
1777924339.563184,2026-05-04T21:52:19.563184,23.352,10029407841,2040,6251,34,0,0
1777924339.575536,2026-05-04T21:52:19.575536,23.654,10029407841,2040,6251,34,0,0
1777924339.5907857,2026-05-04T21:52:19.590786,23.654,10029407841,2040,6251,34,0,0
1777924339.6031342,2026-05-04T21:52:19.603134,23.654,10029410620,2040,6251,34,0,0
1777924339.6161022,2026-05-04T21:52:19.616102,23.654,10029410620,2040,6251,34,0,0
1777924339.6307926,2026-05-04T21:52:19.630793,23.654,10029410620,2040,6251,34,0,0
1777924339.6430688,2026-05-04T21:52:19.643069,23.654,10029410620,2040,6251,34,0,0
1777924339.6554465,2026-05-04T21:52:19.655447,23.654,10029410620,2040,6251,34,0,0
1777924339.6707773,2026-05-04T21:52:19.670777,23.953,10029410620,2040,6251,34,0,0
1777924339.6839929,2026-05-04T21:52:19.683993,23.953,10029410620,2040,6251,34,0,0
1777924339.697582,2026-05-04T21:52:19.697582,23.953,10029413326,2040,6251,34,0,0
1777924339.7112432,2026-05-04T21:52:19.711243,23.953,10029413326,2040,6251,34,0,0
1777924339.7234952,2026-05-04T21:52:19.723495,23.953,10029413326,2040,6251,34,0,0
1777924339.7360225,2026-05-04T21:52:19.736022,23.953,10029413326,2040,6251,34,0,0
1777924339.750849,2026-05-04T21:52:19.750849,23.953,10029413326,2040,6251,34,0,0
1777924339.7631335,2026-05-04T21:52:19.763134,23.953,10029413326,2040,6251,34,0,0
1777924339.775602,2026-05-04T21:52:19.775602,24.195,10029413326,2040,6251,34,0,0
1777924339.790755,2026-05-04T21:52:19.790755,24.195,10029413326,2040,6251,34,0,0
1777924339.8030744,2026-05-04T21:52:19.803074,24.195,10029416118,2040,6251,34,0,0
1777924339.8154194,2026-05-04T21:52:19.815419,24.195,10029416118,2040,6251,34,0,0
1777924339.8307617,2026-05-04T21:52:19.830762,24.195,10029416118,2040,6251,34,0,0
1777924339.8441007,2026-05-04T21:52:19.844101,24.195,10029416118,2040,6251,34,0,0
1777924339.8565238,2026-05-04T21:52:19.856524,24.195,10029416118,2040,6251,34,0,0
1777924339.870774,2026-05-04T21:52:19.870774,27.077,10029416118,2040,6251,34,1,0
1777924339.8830235,2026-05-04T21:52:19.883024,27.077,10029416118,2040,6251,34,1,0
1777924339.8953724,2026-05-04T21:52:19.895372,27.077,10029418824,2040,6251,34,1,0
1777924339.9108527,2026-05-04T21:52:19.910853,27.077,10029418824,2040,6251,34,1,0
1777924339.923527,2026-05-04T21:52:19.923527,27.077,10029418824,2040,6251,34,1,0
1777924339.936153,2026-05-04T21:52:19.936153,27.077,10029418824,2040,6251,34,1,0
1777924339.9508786,2026-05-04T21:52:19.950879,27.077,10029418824,2040,6251,34,1,0
1777924339.9631524,2026-05-04T21:52:19.963152,27.077,10029418824,2040,6251,34,1,0
1777924339.9755158,2026-05-04T21:52:19.975516,27.115,10029418824,2040,6251,34,1,0
1777924339.9911537,2026-05-04T21:52:19.991154,27.115,10029421761,2040,6251,34,1,0
1777924340.0055995,2026-05-04T21:52:20.005599,27.115,10029421761,2040,6251,34,1,0
1777924340.018275,2026-05-04T21:52:20.018275,27.115,10029421761,2040,6251,34,1,0
1777924340.031356,2026-05-04T21:52:20.031356,27.115,10029421761,2040,6251,34,1,0
1777924340.0457218,2026-05-04T21:52:20.045722,27.115,10029421761,2040,6251,34,1,0
1777924340.0583751,2026-05-04T21:52:20.058375,27.115,10029421761,2040,6251,34,1,0
1777924340.0707798,2026-05-04T21:52:20.070780,28.058,10029421761,2040,6251,34,63,1
1777924340.0830498,2026-05-04T21:52:20.083050,28.058,10029421761,2040,6251,34,63,1
1777924340.0953844,2026-05-04T21:52:20.095384,28.058,10029424618,2040,6251,34,63,1
1777924340.110852,2026-05-04T21:52:20.110852,28.058,10029424618,2040,6251,34,63,1
1777924340.1230876,2026-05-04T21:52:20.123088,28.058,10029424618,2040,6251,34,63,1
1777924340.1371994,2026-05-04T21:52:20.137199,28.058,10029424618,2040,6251,34,63,1
1777924340.1510088,2026-05-04T21:52:20.151009,28.058,10029424618,2040,6251,34,63,1
1777924340.1632226,2026-05-04T21:52:20.163223,28.058,10029424618,2040,6251,34,63,1
1777924340.1755736,2026-05-04T21:52:20.175574,28.026,10029424618,2040,6251,34,63,1
1777924340.1907501,2026-05-04T21:52:20.190750,28.026,10029424618,2040,6251,34,63,1
1777924340.203753,2026-05-04T21:52:20.203753,28.026,10029427401,2040,6251,34,63,1
1777924340.21615,2026-05-04T21:52:20.216150,28.026,10029427401,2040,6251,34,63,1
1777924340.230662,2026-05-04T21:52:20.230662,28.026,10029427401,2040,6251,34,63,1
1777924340.2430885,2026-05-04T21:52:20.243088,28.026,10029427401,2040,6251,34,63,1
1777924340.255495,2026-05-04T21:52:20.255495,28.026,10029427401,2040,6251,34,63,1
1777924340.2708857,2026-05-04T21:52:20.270886,27.946,10029427401,2040,6251,34,0,0
1777924340.2832248,2026-05-04T21:52:20.283225,27.946,10029427401,2040,6251,34,0,0
1777924340.295625,2026-05-04T21:52:20.295625,27.946,10029430101,2040,6251,34,0,0
1777924340.3107672,2026-05-04T21:52:20.310767,27.946,10029430101,2040,6251,34,0,0
1777924340.3229887,2026-05-04T21:52:20.322989,27.946,10029430101,2040,6251,34,0,0
1777924340.335535,2026-05-04T21:52:20.335535,27.946,10029430101,2040,6251,34,0,0
1777924340.3505735,2026-05-04T21:52:20.350574,27.946,10029430101,2040,6251,34,0,0
1777924340.3629549,2026-05-04T21:52:20.362955,27.946,10029430101,2040,6251,34,0,0
1777924340.375511,2026-05-04T21:52:20.375511,27.911,10029430101,2040,6251,34,0,0
1777924340.390638,2026-05-04T21:52:20.390638,27.911,10029432932,2040,6251,34,0,0
1777924340.4040847,2026-05-04T21:52:20.404085,27.911,10029432932,2040,6251,34,0,0
1777924340.4168243,2026-05-04T21:52:20.416824,27.911,10029432932,2040,6251,34,0,0
1777924340.430629,2026-05-04T21:52:20.430629,27.911,10029432932,2040,6251,34,0,0
1777924340.4430406,2026-05-04T21:52:20.443041,27.911,10029432932,2040,6251,34,0,0
1777924340.4556737,2026-05-04T21:52:20.455674,27.911,10029432932,2040,6251,34,0,0
1777924340.4706047,2026-05-04T21:52:20.470605,28.088,10029432932,2040,6251,34,8,0
1777924340.4829865,2026-05-04T21:52:20.482986,28.088,10029432932,2040,6251,34,8,0
1777924340.4954052,2026-05-04T21:52:20.495405,28.088,10029435784,2040,6251,34,8,0
1777924340.510746,2026-05-04T21:52:20.510746,28.088,10029435784,2040,6251,34,8,0
1777924340.522982,2026-05-04T21:52:20.522982,28.088,10029435784,2040,6251,34,8,0
1777924340.5356505,2026-05-04T21:52:20.535650,28.088,10029435784,2040,6251,34,8,0
1777924340.5508964,2026-05-04T21:52:20.550896,28.088,10029435784,2040,6251,34,8,0
1777924340.5631359,2026-05-04T21:52:20.563136,28.088,10029435784,2040,6251,34,8,0
1777924340.5755332,2026-05-04T21:52:20.575533,28.062,10029435784,2040,6251,34,8,0
1777924340.5905359,2026-05-04T21:52:20.590536,28.062,10029435784,2040,6251,34,8,0
1777924340.6027646,2026-05-04T21:52:20.602765,28.062,10029438571,2040,6251,34,8,0
1777924340.615279,2026-05-04T21:52:20.615279,28.062,10029438571,2040,6251,34,8,0
1777924340.6305182,2026-05-04T21:52:20.630518,28.062,10029438571,2040,6251,34,8,0
1777924340.6429205,2026-05-04T21:52:20.642920,28.062,10029438571,2040,6251,34,8,0
1777924340.6554193,2026-05-04T21:52:20.655419,28.062,10029438571,2040,6251,34,8,0
1777924340.670473,2026-05-04T21:52:20.670473,28.105,10029438571,2040,6251,34,0,0
1777924340.683029,2026-05-04T21:52:20.683029,28.105,10029438571,2040,6251,34,0,0
1777924340.6954348,2026-05-04T21:52:20.695435,28.105,10029441275,2040,6251,34,0,0
1777924340.710765,2026-05-04T21:52:20.710765,28.105,10029441275,2040,6251,34,0,0
1777924340.7232893,2026-05-04T21:52:20.723289,28.105,10029441275,2040,6251,34,0,0
1777924340.7358248,2026-05-04T21:52:20.735825,28.105,10029441275,2040,6251,34,0,0
1777924340.750642,2026-05-04T21:52:20.750642,28.105,10029441275,2040,6251,34,0,0
1777924340.7628644,2026-05-04T21:52:20.762864,28.105,10029441275,2040,6251,34,0,0
1777924340.7752445,2026-05-04T21:52:20.775244,28.088,10029441275,2040,6251,34,0,0
1777924340.7905264,2026-05-04T21:52:20.790526,28.088,10029444029,2040,6251,34,0,0
1777924340.8039188,2026-05-04T21:52:20.803919,28.088,10029444029,2040,6251,34,0,0
1777924340.816494,2026-05-04T21:52:20.816494,28.088,10029444029,2040,6251,34,0,0
1777924340.830828,2026-05-04T21:52:20.830828,28.088,10029444029,2040,6251,34,0,0
1777924340.8430645,2026-05-04T21:52:20.843065,28.088,10029444029,2040,6251,34,0,0
1777924340.8554692,2026-05-04T21:52:20.855469,28.088,10029444029,2040,6251,34,0,0
1777924340.870409,2026-05-04T21:52:20.870409,28.114,10029444029,2040,6251,34,1,1
1777924340.8826826,2026-05-04T21:52:20.882683,28.114,10029444029,2040,6251,34,1,1
1777924340.8950696,2026-05-04T21:52:20.895070,28.114,10029446772,2040,6251,34,1,1
1777924340.9105985,2026-05-04T21:52:20.910599,28.114,10029446772,2040,6251,34,1,1
1777924340.9229598,2026-05-04T21:52:20.922960,28.114,10029446772,2040,6251,34,1,1
1777924340.9354985,2026-05-04T21:52:20.935498,28.114,10029446772,2040,6251,34,1,1
1777924340.9504483,2026-05-04T21:52:20.950448,28.114,10029446772,2040,6251,34,1,1
1777924340.9626908,2026-05-04T21:52:20.962691,28.114,10029446772,2040,6251,34,1,1
1777924340.9750836,2026-05-04T21:52:20.975084,28.07,10029446772,2040,6251,34,1,1
1777924340.9904199,2026-05-04T21:52:20.990420,28.07,10029446772,2040,6251,34,1,1
1777924341.0028007,2026-05-04T21:52:21.002801,28.07,10029449557,2040,6251,34,1,1
1777924341.0152075,2026-05-04T21:52:21.015208,28.07,10029449557,2040,6251,34,1,1
1777924341.0305195,2026-05-04T21:52:21.030519,28.07,10029449557,2040,6251,34,1,1
1777924341.0429044,2026-05-04T21:52:21.042904,28.07,10029449557,2040,6251,34,1,1
1777924341.0553062,2026-05-04T21:52:21.055306,28.07,10029449557,2040,6251,34,1,1
1777924341.0704308,2026-05-04T21:52:21.070431,28.098,10029449557,2040,6251,34,0,0
1777924341.0827146,2026-05-04T21:52:21.082715,28.098,10029449557,2040,6251,34,0,0
1777924341.095097,2026-05-04T21:52:21.095097,28.098,10029452262,2040,6251,34,0,0
1777924341.1108139,2026-05-04T21:52:21.110814,28.098,10029452262,2040,6251,34,0,0
1777924341.1232002,2026-05-04T21:52:21.123200,28.098,10029452262,2040,6251,34,0,0
1777924341.1356852,2026-05-04T21:52:21.135685,28.098,10029452262,2040,6251,34,0,0
1777924341.1504245,2026-05-04T21:52:21.150424,28.098,10029452262,2040,6251,34,0,0
1777924341.1626453,2026-05-04T21:52:21.162645,28.098,10029452262,2040,6251,34,0,0
1777924341.175017,2026-05-04T21:52:21.175017,27.796,10029452262,2040,6251,34,0,0
1777924341.1903696,2026-05-04T21:52:21.190370,27.796,10029452262,2040,6251,34,0,0
1777924341.202751,2026-05-04T21:52:21.202751,27.796,10029455043,2040,6251,34,0,0
1777924341.21514,2026-05-04T21:52:21.215140,27.796,10029455043,2040,6251,34,0,0
1777924341.230259,2026-05-04T21:52:21.230259,27.796,10029455043,2040,6251,34,0,0
1777924341.2424872,2026-05-04T21:52:21.242487,27.796,10029455043,2040,6251,34,0,0
1777924341.254869,2026-05-04T21:52:21.254869,27.796,10029455043,2040,6251,34,0,0
1777924341.2704217,2026-05-04T21:52:21.270422,27.805,10029455043,2040,6251,34,0,0
1777924341.282845,2026-05-04T21:52:21.282845,27.805,10029455043,2040,6251,34,0,0
1777924341.2952464,2026-05-04T21:52:21.295246,27.805,10029457747,2040,6251,34,0,0
1777924341.3105242,2026-05-04T21:52:21.310524,27.805,10029457747,2040,6251,34,0,0
1777924341.322743,2026-05-04T21:52:21.322743,27.805,10029457747,2040,6251,34,0,0
1777924341.3352752,2026-05-04T21:52:21.335275,27.805,10029457747,2040,6251,34,0,0
1777924341.3502915,2026-05-04T21:52:21.350291,27.805,10029457747,2040,6251,34,0,0
1777924341.362489,2026-05-04T21:52:21.362489,27.805,10029457747,2040,6251,34,0,0
1777924341.3748462,2026-05-04T21:52:21.374846,27.796,10029457747,2040,6251,34,0,0
1777924341.3905487,2026-05-04T21:52:21.390549,27.796,10029460483,2040,6251,34,0,0
1777924341.4037497,2026-05-04T21:52:21.403750,27.796,10029460483,2040,6251,34,0,0
1777924341.4161665,2026-05-04T21:52:21.416167,27.796,10029460483,2040,6251,34,0,0
1777924341.4302733,2026-05-04T21:52:21.430273,27.796,10029460483,2040,6251,34,0,0
1777924341.4425008,2026-05-04T21:52:21.442501,27.796,10029460483,2040,6251,34,0,0
1777924341.4548924,2026-05-04T21:52:21.454892,27.796,10029460483,2040,6251,34,0,0
1777924341.4702957,2026-05-04T21:52:21.470296,27.84,10029460483,2040,6251,34,0,0
1777924341.482717,2026-05-04T21:52:21.482717,27.84,10029460483,2040,6251,34,0,0
1777924341.495108,2026-05-04T21:52:21.495108,27.84,10029463220,2040,6251,34,0,0
1777924341.5104258,2026-05-04T21:52:21.510426,27.84,10029463220,2040,6251,34,0,0
1777924341.5226264,2026-05-04T21:52:21.522626,27.84,10029463220,2040,6251,34,0,0
1777924341.5352025,2026-05-04T21:52:21.535203,27.84,10029463220,2040,6251,34,0,0
1777924341.5502381,2026-05-04T21:52:21.550238,27.84,10029463220,2040,6251,34,0,0
1777924341.5624747,2026-05-04T21:52:21.562475,27.84,10029463220,2040,6251,34,0,0
1777924341.5748477,2026-05-04T21:52:21.574848,27.663,10029463220,2040,6251,33,0,0
1777924341.5902758,2026-05-04T21:52:21.590276,27.663,10029465958,2040,6251,33,0,0
1777924341.6036665,2026-05-04T21:52:21.603667,27.663,10029465958,2040,6251,33,0,0
1777924341.6161096,2026-05-04T21:52:21.616110,27.663,10029465958,2040,6251,33,0,0
1777924341.6302505,2026-05-04T21:52:21.630250,27.663,10029465958,2040,6251,33,0,0
1777924341.6424775,2026-05-04T21:52:21.642478,27.663,10029465958,2040,6251,33,0,0
1777924341.6548653,2026-05-04T21:52:21.654865,27.663,10029465958,2040,6251,33,0,0
1777924341.6705008,2026-05-04T21:52:21.670501,27.689,10029465958,2040,6251,34,0,0
1777924341.682923,2026-05-04T21:52:21.682923,27.689,10029465958,2040,6251,34,0,0
1777924341.6953273,2026-05-04T21:52:21.695327,27.689,10029468692,2040,6251,34,0,0
1777924341.7103426,2026-05-04T21:52:21.710343,27.689,10029468692,2040,6251,34,0,0
1777924341.7225864,2026-05-04T21:52:21.722586,27.689,10029468692,2040,6251,34,0,0
1777924341.7351127,2026-05-04T21:52:21.735113,27.689,10029468692,2040,6251,34,0,0
1777924341.7502136,2026-05-04T21:52:21.750214,27.689,10029468692,2040,6251,34,0,0
1777924341.762424,2026-05-04T21:52:21.762424,27.689,10029468692,2040,6251,34,0,0
1777924341.7748249,2026-05-04T21:52:21.774825,27.653,10029468692,2040,6251,34,0,0
1777924341.7902114,2026-05-04T21:52:21.790211,27.653,10029471428,2040,6251,34,0,0
1777924341.8036067,2026-05-04T21:52:21.803607,27.653,10029471428,2040,6251,34,0,0
1777924341.8160522,2026-05-04T21:52:21.816052,27.653,10029471428,2040,6251,34,0,0
1777924341.830438,2026-05-04T21:52:21.830438,27.653,10029471428,2040,6251,34,0,0
1777924341.842637,2026-05-04T21:52:21.842637,27.653,10029471428,2040,6251,34,0,0
1777924341.8548377,2026-05-04T21:52:21.854838,27.653,10029471428,2040,6251,34,0,0
1777924341.8670318,2026-05-04T21:52:21.867032,27.653,10029471428,2040,6251,34,0,0
1777924341.8792446,2026-05-04T21:52:21.879245,27.671,10029471428,2040,6251,34,0,0
1777924341.8915157,2026-05-04T21:52:21.891516,27.671,10029474146,2040,6251,34,0,0
1777924341.9037032,2026-05-04T21:52:21.903703,27.671,10029474146,2040,6251,34,0,0
1777924341.915913,2026-05-04T21:52:21.915913,27.671,10029474146,2040,6251,34,0,0
1777924341.9281356,2026-05-04T21:52:21.928136,27.671,10029474146,2040,6251,34,0,0
1777924341.9403222,2026-05-04T21:52:21.940322,27.671,10029474146,2040,6251,34,0,0
1777924341.9525337,2026-05-04T21:52:21.952534,27.671,10029474146,2040,6251,34,0,0
1777924341.9647307,2026-05-04T21:52:21.964731,27.671,10029474146,2040,6251,34,0,0
1777924341.9769256,2026-05-04T21:52:21.976926,27.671,10029474146,2040,6251,34,0,0
1777924341.9892185,2026-05-04T21:52:21.989218,27.671,10029474146,2040,6251,34,0,0
1777924342.0014174,2026-05-04T21:52:22.001417,27.671,10029476875,2040,6251,34,0,0
1777924342.0138648,2026-05-04T21:52:22.013865,27.671,10029476875,2040,6251,34,0,0
1777924342.0260696,2026-05-04T21:52:22.026070,27.671,10029476875,2040,6251,34,0,0
1777924342.0382721,2026-05-04T21:52:22.038272,27.671,10029476875,2040,6251,34,0,0
1777924342.050535,2026-05-04T21:52:22.050535,27.671,10029476875,2040,6251,34,0,0
1777924342.0627484,2026-05-04T21:52:22.062748,27.671,10029476875,2040,6251,34,0,0
1777924342.0749414,2026-05-04T21:52:22.074941,27.671,10029476875,2040,6251,34,0,0
1777924342.087195,2026-05-04T21:52:22.087195,27.671,10029476875,2040,6251,34,0,0
1777924342.0993993,2026-05-04T21:52:22.099399,27.671,10029479589,2040,6251,34,0,0
1777924342.1115808,2026-05-04T21:52:22.111581,27.671,10029479589,2040,6251,34,0,0
1777924342.1237783,2026-05-04T21:52:22.123778,27.671,10029479589,2040,6251,34,0,0
1777924342.135972,2026-05-04T21:52:22.135972,27.671,10029479589,2040,6251,34,0,0
1777924342.1481757,2026-05-04T21:52:22.148176,27.671,10029479589,2040,6251,34,0,0
1777924342.1603804,2026-05-04T21:52:22.160380,27.671,10029479589,2040,6251,34,0,0
1777924342.172581,2026-05-04T21:52:22.172581,27.671,10029479589,2040,6251,34,0,0
1777924342.184829,2026-05-04T21:52:22.184829,27.671,10029479589,2040,6251,34,0,0
1777924342.1970015,2026-05-04T21:52:22.197001,27.671,10029482297,2040,6251,34,0,0
1777924342.2096076,2026-05-04T21:52:22.209608,27.671,10029482297,2040,6251,34,0,0
1777924342.221818,2026-05-04T21:52:22.221818,27.671,10029482297,2040,6251,34,0,0
1777924342.234016,2026-05-04T21:52:22.234016,27.671,10029482297,2040,6251,34,0,0
1777924342.2462156,2026-05-04T21:52:22.246216,27.671,10029482297,2040,6251,34,0,0
1777924342.258414,2026-05-04T21:52:22.258414,27.671,10029482297,2040,6251,34,0,0
1777924342.2706063,2026-05-04T21:52:22.270606,27.671,10029482297,2040,6251,34,0,0
1777924342.2828763,2026-05-04T21:52:22.282876,27.671,10029482297,2040,6251,34,0,0
1777924342.2950945,2026-05-04T21:52:22.295094,27.671,10029485071,2040,6251,34,0,0
1777924342.3102891,2026-05-04T21:52:22.310289,27.671,10029485071,2040,6251,34,0,0
1777924342.3227458,2026-05-04T21:52:22.322746,27.671,10029485071,2040,6251,34,0,0
1777924342.3354592,2026-05-04T21:52:22.335459,27.671,10029485071,2040,6251,34,0,0
1777924342.350129,2026-05-04T21:52:22.350129,27.671,10029485071,2040,6251,34,0,0
1777924342.3625813,2026-05-04T21:52:22.362581,27.671,10029485071,2040,6251,34,0,0
1777924342.3751845,2026-05-04T21:52:22.375185,27.929,10029485071,2040,6251,34,0,0
1777924342.3900843,2026-05-04T21:52:22.390084,27.929,10029488018,2040,6251,34,0,0
1777924342.4034352,2026-05-04T21:52:22.403435,27.929,10029488018,2040,6251,34,0,0
1777924342.416058,2026-05-04T21:52:22.416058,27.929,10029488018,2040,6251,34,0,0
1777924342.4300854,2026-05-04T21:52:22.430085,27.929,10029488018,2040,6251,34,0,0
1777924342.4425054,2026-05-04T21:52:22.442505,27.929,10029488018,2040,6251,34,0,0
1777924342.4550905,2026-05-04T21:52:22.455091,27.929,10029488018,2040,6251,34,0,0
1777924342.4700449,2026-05-04T21:52:22.470045,28.223,10029488018,2040,6251,34,38,5
1777924342.4826832,2026-05-04T21:52:22.482683,28.223,10029488018,2040,6251,34,38,5
1777924342.495071,2026-05-04T21:52:22.495071,28.223,10029490985,2040,6251,34,38,5
1777924342.5103889,2026-05-04T21:52:22.510389,28.223,10029490985,2040,6251,34,38,5
1777924342.5226002,2026-05-04T21:52:22.522600,28.223,10029490985,2040,6251,34,38,5
1777924342.5355396,2026-05-04T21:52:22.535540,28.223,10029490985,2040,6251,34,38,5
1777924342.5510917,2026-05-04T21:52:22.551092,28.223,10029490985,2040,6251,34,38,5
1777924342.563755,2026-05-04T21:52:22.563755,28.223,10029490985,2040,6251,34,38,5
1777924342.57639,2026-05-04T21:52:22.576390,28.223,10029490985,2040,6251,34,38,5
1777924342.5917118,2026-05-04T21:52:22.591712,28.223,10029493743,2040,6251,34,38,5
1777924342.6050925,2026-05-04T21:52:22.605093,28.223,10029493743,2040,6251,34,38,5
1777924342.617492,2026-05-04T21:52:22.617492,28.223,10029493743,2040,6251,34,38,5
1777924342.6299324,2026-05-04T21:52:22.629932,28.223,10029493743,2040,6251,34,38,5
1777924342.642172,2026-05-04T21:52:22.642172,28.223,10029493743,2040,6251,34,38,5
1777924342.6545913,2026-05-04T21:52:22.654591,28.223,10029493743,2040,6251,34,38,5
1777924342.6700141,2026-05-04T21:52:22.670014,28.231,10029493743,2040,6251,34,0,0
1777924342.6825354,2026-05-04T21:52:22.682535,28.231,10029493743,2040,6251,34,0,0
1777924342.6949613,2026-05-04T21:52:22.694961,28.231,10029496504,2040,6251,34,0,0
1777924342.7100887,2026-05-04T21:52:22.710089,28.231,10029496504,2040,6251,34,0,0
1777924342.7223763,2026-05-04T21:52:22.722376,28.231,10029496504,2040,6251,34,0,0
1777924342.7350893,2026-05-04T21:52:22.735089,28.231,10029496504,2040,6251,34,0,0
1777924342.7500677,2026-05-04T21:52:22.750068,28.231,10029496504,2040,6251,34,0,0
1777924342.7625155,2026-05-04T21:52:22.762516,28.231,10029496504,2040,6251,34,0,0
1777924342.7751362,2026-05-04T21:52:22.775136,28.294,10029496504,2040,6251,34,0,0
1777924342.7902536,2026-05-04T21:52:22.790254,28.294,10029499458,2040,6251,34,0,0
1777924342.803349,2026-05-04T21:52:22.803349,28.294,10029499458,2040,6251,34,0,0
1777924342.815942,2026-05-04T21:52:22.815942,28.294,10029499458,2040,6251,34,0,0
1777924342.8299708,2026-05-04T21:52:22.829971,28.294,10029499458,2040,6251,34,0,0
1777924342.8424404,2026-05-04T21:52:22.842440,28.294,10029499458,2040,6251,34,0,0
1777924342.855044,2026-05-04T21:52:22.855044,28.294,10029499458,2040,6251,34,0,0
1777924342.8700452,2026-05-04T21:52:22.870045,28.594,10029499458,2040,6251,34,30,3
1777924342.8829777,2026-05-04T21:52:22.882978,28.594,10029499458,2040,6251,34,30,3
1777924342.8955817,2026-05-04T21:52:22.895582,28.594,10029502478,2040,6251,34,30,3
1777924342.9101694,2026-05-04T21:52:22.910169,28.594,10029502478,2040,6251,34,30,3
1777924342.9226189,2026-05-04T21:52:22.922619,28.594,10029502478,2040,6251,34,30,3
1777924342.9353514,2026-05-04T21:52:22.935351,28.594,10029502478,2040,6251,34,30,3
1777924342.9499607,2026-05-04T21:52:22.949961,28.594,10029502478,2040,6251,34,30,3
1777924342.962386,2026-05-04T21:52:22.962386,28.594,10029502478,2040,6251,34,30,3
1777924342.9749758,2026-05-04T21:52:22.974976,28.822,10029502478,2040,6251,34,30,3
1777924342.9900014,2026-05-04T21:52:22.990001,28.822,10029506436,2040,6251,34,30,3
1777924343.003257,2026-05-04T21:52:23.003257,28.822,10029506436,2040,6251,34,30,3
1777924343.0158331,2026-05-04T21:52:23.015833,28.822,10029506436,2040,6251,34,30,3
1777924343.0298867,2026-05-04T21:52:23.029887,28.822,10029506436,2040,6251,34,30,3
1777924343.042335,2026-05-04T21:52:23.042335,28.822,10029506436,2040,6251,34,30,3
1777924343.0549502,2026-05-04T21:52:23.054950,28.822,10029506436,2040,6251,34,30,3
1777924343.070158,2026-05-04T21:52:23.070158,29.834,10029506436,2040,6251,35,100,3
1777924343.0830584,2026-05-04T21:52:23.083058,29.834,10029506436,2040,6251,35,100,3
1777924343.0956497,2026-05-04T21:52:23.095650,29.834,10029510691,2040,6251,35,100,3
1777924343.1102827,2026-05-04T21:52:23.110283,29.834,10029510691,2040,6251,35,100,3
1777924343.1227338,2026-05-04T21:52:23.122734,29.834,10029510691,2040,6251,35,100,3
1777924343.1355934,2026-05-04T21:52:23.135593,29.834,10029510691,2040,6251,35,100,3
1777924343.1498797,2026-05-04T21:52:23.149880,29.834,10029510691,2040,6251,35,100,3
1777924343.162365,2026-05-04T21:52:23.162365,29.834,10029510691,2040,6251,35,100,3
1777924343.174972,2026-05-04T21:52:23.174972,31.158,10029510691,2040,6251,35,100,3
1777924343.1899257,2026-05-04T21:52:23.189926,31.158,10029515223,2040,6251,35,100,3
1777924343.2032764,2026-05-04T21:52:23.203276,31.158,10029515223,2040,6251,35,100,3
1777924343.216101,2026-05-04T21:52:23.216101,31.158,10029515223,2040,6251,35,100,3
1777924343.2299845,2026-05-04T21:52:23.229985,31.158,10029515223,2040,6251,35,100,3
1777924343.2425368,2026-05-04T21:52:23.242537,31.158,10029515223,2040,6251,35,100,3
1777924343.2552426,2026-05-04T21:52:23.255243,31.158,10029515223,2040,6251,35,100,3
1777924343.2700536,2026-05-04T21:52:23.270054,31.956,10029515223,2040,6251,35,100,6
1777924343.2831845,2026-05-04T21:52:23.283185,31.956,10029515223,2040,6251,35,100,6
1777924343.295837,2026-05-04T21:52:23.295837,31.956,10029519452,2040,6251,35,100,6
1777924343.3102431,2026-05-04T21:52:23.310243,31.956,10029519452,2040,6251,35,100,6
1777924343.3228886,2026-05-04T21:52:23.322889,31.956,10029519452,2040,6251,35,100,6
1777924343.3356483,2026-05-04T21:52:23.335648,31.956,10029519452,2040,6251,35,100,6
1777924343.35031,2026-05-04T21:52:23.350310,31.956,10029519452,2040,6251,35,100,6
1777924343.362972,2026-05-04T21:52:23.362972,31.956,10029519452,2040,6251,35,100,6
1777924343.3757765,2026-05-04T21:52:23.375777,34.795,10029519452,2040,6251,35,100,6
1777924343.3898861,2026-05-04T21:52:23.389886,34.795,10029523673,2040,6251,35,100,6
1777924343.4032156,2026-05-04T21:52:23.403216,34.795,10029523673,2040,6251,35,100,6
1777924343.416116,2026-05-04T21:52:23.416116,34.795,10029523673,2040,6251,35,100,6
1777924343.4298272,2026-05-04T21:52:23.429827,34.795,10029523673,2040,6251,35,100,6
1777924343.4424648,2026-05-04T21:52:23.442465,34.795,10029523673,2040,6251,35,100,6
1777924343.455257,2026-05-04T21:52:23.455257,34.795,10029523673,2040,6251,35,100,6
1777924343.4700098,2026-05-04T21:52:23.470010,35.465,10029523673,2040,6251,35,100,3
1777924343.4832573,2026-05-04T21:52:23.483257,35.465,10029523673,2040,6251,35,100,3
1777924343.4960568,2026-05-04T21:52:23.496057,35.465,10029527913,2040,6251,35,100,3
1777924343.5100355,2026-05-04T21:52:23.510036,35.465,10029527913,2040,6251,35,100,3
1777924343.5226324,2026-05-04T21:52:23.522632,35.465,10029527913,2040,6251,35,100,3
1777924343.5354633,2026-05-04T21:52:23.535463,35.465,10029527913,2040,6251,35,100,3
1777924343.549934,2026-05-04T21:52:23.549934,35.465,10029527913,2040,6251,35,100,3
1777924343.562486,2026-05-04T21:52:23.562486,35.465,10029527913,2040,6251,35,100,3
1777924343.5750444,2026-05-04T21:52:23.575044,36.522,10029527913,2040,6251,35,100,3
1777924343.5897882,2026-05-04T21:52:23.589788,36.522,10029531436,2040,6251,35,100,3
1777924343.6031833,2026-05-04T21:52:23.603183,36.522,10029531436,2040,6251,35,100,3
1777924343.6157992,2026-05-04T21:52:23.615799,36.522,10029531436,2040,6251,35,100,3
1777924343.629956,2026-05-04T21:52:23.629956,36.522,10029531436,2040,6251,35,100,3
1777924343.6426916,2026-05-04T21:52:23.642692,36.522,10029531436,2040,6251,35,100,3
1777924343.6553304,2026-05-04T21:52:23.655330,36.522,10029531436,2040,6251,35,100,3
1777924343.669701,2026-05-04T21:52:23.669701,36.522,10029531436,2040,6251,35,100,1
1777924343.682345,2026-05-04T21:52:23.682345,37.748,10029531436,2040,6251,34,100,1
1777924343.6950407,2026-05-04T21:52:23.695041,37.748,10029534594,2040,6251,34,100,1
1777924343.7100677,2026-05-04T21:52:23.710068,37.748,10029534594,2040,6251,34,100,1
1777924343.7226284,2026-05-04T21:52:23.722628,37.748,10029534594,2040,6251,34,100,1
1777924343.7354832,2026-05-04T21:52:23.735483,37.748,10029534594,2040,6251,34,100,1
1777924343.7497602,2026-05-04T21:52:23.749760,37.748,10029534594,2040,6251,34,100,1
1777924343.7624388,2026-05-04T21:52:23.762439,37.748,10029534594,2040,6251,34,100,1
1777924343.7750854,2026-05-04T21:52:23.775085,37.245,10029534594,2040,6251,34,100,1
1777924343.789901,2026-05-04T21:52:23.789901,37.245,10029537753,2040,6251,34,100,1
1777924343.8031092,2026-05-04T21:52:23.803109,37.245,10029537753,2040,6251,34,100,1
1777924343.8157556,2026-05-04T21:52:23.815756,37.245,10029537753,2040,6251,34,100,1
1777924343.829579,2026-05-04T21:52:23.829579,37.245,10029537753,2040,6251,34,100,1
1777924343.842125,2026-05-04T21:52:23.842125,37.245,10029537753,2040,6251,34,100,1
1777924343.8547988,2026-05-04T21:52:23.854799,37.245,10029537753,2040,6251,34,100,1
1777924343.8696492,2026-05-04T21:52:23.869649,37.245,10029537753,2040,6251,34,100,0
1777924343.8824012,2026-05-04T21:52:23.882401,37.532,10029537753,2040,6251,34,100,0
1777924343.8950706,2026-05-04T21:52:23.895071,37.532,10029540908,2040,6251,34,100,0
1777924343.910146,2026-05-04T21:52:23.910146,37.532,10029540908,2040,6251,34,100,0
1777924343.9226797,2026-05-04T21:52:23.922680,37.532,10029540908,2040,6251,34,100,0
1777924343.9353485,2026-05-04T21:52:23.935349,37.532,10029540908,2040,6251,34,100,0
1777924343.9497428,2026-05-04T21:52:23.949743,37.532,10029540908,2040,6251,34,100,0
1777924343.9623156,2026-05-04T21:52:23.962316,37.532,10029540908,2040,6251,34,100,0
1777924343.974995,2026-05-04T21:52:23.974995,37.63,10029540908,2040,6251,34,100,0
1777924343.989618,2026-05-04T21:52:23.989618,37.63,10029544066,2040,6251,34,100,0
1777924344.002974,2026-05-04T21:52:24.002974,37.63,10029544066,2040,6251,34,100,0
1777924344.015586,2026-05-04T21:52:24.015586,37.63,10029544066,2040,6251,34,100,0
1777924344.0295835,2026-05-04T21:52:24.029583,37.63,10029544066,2040,6251,34,100,0
1777924344.042134,2026-05-04T21:52:24.042134,37.63,10029544066,2040,6251,34,100,0
1777924344.0547988,2026-05-04T21:52:24.054799,37.63,10029544066,2040,6251,34,100,0
1777924344.069542,2026-05-04T21:52:24.069542,37.63,10029544066,2040,6251,34,100,0
1777924344.083002,2026-05-04T21:52:24.083002,37.734,10029544066,2040,6251,34,100,0
1777924344.0956233,2026-05-04T21:52:24.095623,37.734,10029547216,2040,6251,34,100,0
1777924344.1097753,2026-05-04T21:52:24.109775,37.734,10029547216,2040,6251,34,100,0
1777924344.1223223,2026-05-04T21:52:24.122322,37.734,10029547216,2040,6251,34,100,0
1777924344.1350918,2026-05-04T21:52:24.135092,37.734,10029547216,2040,6251,34,100,0
1777924344.1495805,2026-05-04T21:52:24.149580,37.734,10029547216,2040,6251,34,100,0
1777924344.1620915,2026-05-04T21:52:24.162091,37.734,10029547216,2040,6251,34,100,0
1777924344.1747081,2026-05-04T21:52:24.174708,36.892,10029547216,2040,6251,34,100,0
1777924344.1897743,2026-05-04T21:52:24.189774,36.892,10029550375,2040,6251,34,100,0
1777924344.2029395,2026-05-04T21:52:24.202940,36.892,10029550375,2040,6251,34,100,0
1777924344.2154338,2026-05-04T21:52:24.215434,36.892,10029550375,2040,6251,34,100,0
1777924344.2296405,2026-05-04T21:52:24.229640,36.892,10029550375,2040,6251,34,100,0
1777924344.2422512,2026-05-04T21:52:24.242251,36.892,10029550375,2040,6251,34,100,0
1777924344.2548487,2026-05-04T21:52:24.254849,36.892,10029550375,2040,6251,34,100,0
1777924344.26958,2026-05-04T21:52:24.269580,36.892,10029550375,2040,6251,34,100,0
1777924344.282176,2026-05-04T21:52:24.282176,35.487,10029550375,2040,6251,34,100,0
1777924344.294834,2026-05-04T21:52:24.294834,35.487,10029553550,2040,6251,34,100,0
1777924344.3097954,2026-05-04T21:52:24.309795,35.487,10029553550,2040,6251,34,100,0
1777924344.3223245,2026-05-04T21:52:24.322325,35.487,10029553550,2040,6251,34,100,0
1777924344.3350186,2026-05-04T21:52:24.335019,35.487,10029553550,2040,6251,34,100,0
1777924344.3496113,2026-05-04T21:52:24.349611,35.487,10029553550,2040,6251,34,100,0
1777924344.36219,2026-05-04T21:52:24.362190,35.487,10029553550,2040,6251,34,100,0
1777924344.3748543,2026-05-04T21:52:24.374854,34.534,10029553550,2040,6251,34,100,0
1777924344.389454,2026-05-04T21:52:24.389454,34.534,10029556705,2040,6251,34,100,0
1777924344.4028451,2026-05-04T21:52:24.402845,34.534,10029556705,2040,6251,34,100,0
1777924344.4155095,2026-05-04T21:52:24.415509,34.534,10029556705,2040,6251,34,100,0
1777924344.429459,2026-05-04T21:52:24.429459,34.534,10029556705,2040,6251,34,100,0
1777924344.4420183,2026-05-04T21:52:24.442018,34.534,10029556705,2040,6251,34,100,0
1777924344.4546921,2026-05-04T21:52:24.454692,34.534,10029556705,2040,6251,34,100,0
1777924344.46972,2026-05-04T21:52:24.469720,34.534,10029556705,2040,6251,34,100,0
1777924344.4821873,2026-05-04T21:52:24.482187,33.573,10029556705,2040,6251,34,100,0
1777924344.4948683,2026-05-04T21:52:24.494868,33.573,10029559859,2040,6251,34,100,0
1777924344.5097494,2026-05-04T21:52:24.509749,33.573,10029559859,2040,6251,34,100,0
1777924344.522273,2026-05-04T21:52:24.522273,33.573,10029559859,2040,6251,34,100,0
1777924344.535063,2026-05-04T21:52:24.535063,33.573,10029559859,2040,6251,34,100,0
1777924344.5495205,2026-05-04T21:52:24.549520,33.573,10029559859,2040,6251,34,100,0
1777924344.5620167,2026-05-04T21:52:24.562017,33.573,10029559859,2040,6251,34,100,0
1777924344.5747304,2026-05-04T21:52:24.574730,32.608,10029559859,2040,6251,34,100,0
1777924344.589427,2026-05-04T21:52:24.589427,32.608,10029563015,2040,6251,34,100,0
1777924344.6028144,2026-05-04T21:52:24.602814,32.608,10029563015,2040,6251,34,100,0
1777924344.6154954,2026-05-04T21:52:24.615495,32.608,10029563015,2040,6251,34,100,0
1777924344.6293833,2026-05-04T21:52:24.629383,32.608,10029563015,2040,6251,34,100,0
1777924344.641897,2026-05-04T21:52:24.641897,32.608,10029563015,2040,6251,34,100,0
1777924344.654561,2026-05-04T21:52:24.654561,32.608,10029563015,2040,6251,34,100,0
1777924344.669388,2026-05-04T21:52:24.669388,32.608,10029563015,2040,6251,34,100,0
1777924344.6819181,2026-05-04T21:52:24.681918,31.648,10029563015,2040,6251,34,100,0
1777924344.6945286,2026-05-04T21:52:24.694529,31.648,10029566160,2040,6251,34,100,0
1777924344.7095082,2026-05-04T21:52:24.709508,31.648,10029566160,2040,6251,34,100,0
1777924344.7219474,2026-05-04T21:52:24.721947,31.648,10029566160,2040,6251,34,100,0
1777924344.734803,2026-05-04T21:52:24.734803,31.648,10029566160,2040,6251,34,100,0
1777924344.7496824,2026-05-04T21:52:24.749682,31.648,10029566160,2040,6251,34,100,0
1777924344.7621276,2026-05-04T21:52:24.762128,31.648,10029566160,2040,6251,34,100,0
1777924344.7746394,2026-05-04T21:52:24.774639,31.665,10029566160,2040,6251,34,100,0
1777924344.7893736,2026-05-04T21:52:24.789374,31.665,10029569291,2040,6251,34,100,0
1777924344.8027937,2026-05-04T21:52:24.802794,31.665,10029569291,2040,6251,34,100,0
1777924344.815652,2026-05-04T21:52:24.815652,31.665,10029569291,2040,6251,34,100,0
1777924344.8293173,2026-05-04T21:52:24.829317,31.665,10029569291,2040,6251,34,100,0
1777924344.8418412,2026-05-04T21:52:24.841841,31.665,10029569291,2040,6251,34,100,0
1777924344.854554,2026-05-04T21:52:24.854554,31.665,10029569291,2040,6251,34,100,0
1777924344.8693557,2026-05-04T21:52:24.869356,31.665,10029569291,2040,6251,34,100,0
1777924344.8819046,2026-05-04T21:52:24.881905,31.593,10029569291,2040,6251,34,100,0
1777924344.8946264,2026-05-04T21:52:24.894626,31.593,10029572452,2040,6251,34,100,0
1777924344.9094696,2026-05-04T21:52:24.909470,31.593,10029572452,2040,6251,34,100,0
1777924344.9219005,2026-05-04T21:52:24.921901,31.593,10029572452,2040,6251,34,100,0
1777924344.9345527,2026-05-04T21:52:24.934553,31.593,10029572452,2040,6251,34,100,0
1777924344.9493778,2026-05-04T21:52:24.949378,31.593,10029572452,2040,6251,34,100,0
1777924344.9618483,2026-05-04T21:52:24.961848,31.593,10029572452,2040,6251,34,100,0
1777924344.9744165,2026-05-04T21:52:24.974416,31.619,10029572452,2040,6251,34,100,0
1777924344.9893887,2026-05-04T21:52:24.989389,31.619,10029575607,2040,6251,34,100,0
1777924345.0026839,2026-05-04T21:52:25.002684,31.619,10029575607,2040,6251,34,100,0
1777924345.0154111,2026-05-04T21:52:25.015411,31.619,10029575607,2040,6251,34,100,0
1777924345.029494,2026-05-04T21:52:25.029494,31.619,10029575607,2040,6251,34,100,0
1777924345.0420263,2026-05-04T21:52:25.042026,31.619,10029575607,2040,6251,34,100,0
1777924345.0546916,2026-05-04T21:52:25.054692,31.619,10029575607,2040,6251,34,100,0
1777924345.0692806,2026-05-04T21:52:25.069281,31.619,10029575607,2040,6251,34,100,0
1777924345.0818353,2026-05-04T21:52:25.081835,31.612,10029575607,2040,6251,34,100,0
1777924345.0945404,2026-05-04T21:52:25.094540,31.612,10029578767,2040,6251,34,100,0
1777924345.109543,2026-05-04T21:52:25.109543,31.612,10029578767,2040,6251,34,100,0
1777924345.122023,2026-05-04T21:52:25.122023,31.612,10029578767,2040,6251,34,100,0
1777924345.1347775,2026-05-04T21:52:25.134778,31.612,10029578767,2040,6251,34,100,0
1777924345.149279,2026-05-04T21:52:25.149279,31.612,10029578767,2040,6251,34,100,0
1777924345.1617746,2026-05-04T21:52:25.161775,31.612,10029578767,2040,6251,34,100,0
1777924345.174336,2026-05-04T21:52:25.174336,31.612,10029578767,2040,6251,34,100,0
1777924345.1892297,2026-05-04T21:52:25.189230,31.612,10029581908,2040,6251,34,100,0
1777924345.2026412,2026-05-04T21:52:25.202641,31.612,10029581908,2040,6251,34,100,0
1777924345.2152746,2026-05-04T21:52:25.215275,31.612,10029581908,2040,6251,34,100,0
1777924345.2292151,2026-05-04T21:52:25.229215,31.612,10029581908,2040,6251,34,100,0
1777924345.2418158,2026-05-04T21:52:25.241816,31.612,10029581908,2040,6251,34,100,0
1777924345.2544706,2026-05-04T21:52:25.254471,31.612,10029581908,2040,6251,34,100,0
1777924345.2691972,2026-05-04T21:52:25.269197,31.612,10029581908,2040,6251,34,100,0
1777924345.281728,2026-05-04T21:52:25.281728,31.612,10029581908,2040,6251,34,100,0
1777924345.2945004,2026-05-04T21:52:25.294500,31.612,10029585067,2040,6251,34,100,0
1777924345.3096411,2026-05-04T21:52:25.309641,31.612,10029585067,2040,6251,34,100,0
1777924345.322162,2026-05-04T21:52:25.322162,31.612,10029585067,2040,6251,34,100,0
1777924345.3349721,2026-05-04T21:52:25.334972,31.612,10029585067,2040,6251,34,100,0
1777924345.3491845,2026-05-04T21:52:25.349185,31.612,10029585067,2040,6251,34,100,0
1777924345.3617063,2026-05-04T21:52:25.361706,31.612,10029585067,2040,6251,34,100,0
1777924345.3744035,2026-05-04T21:52:25.374403,31.603,10029585067,2040,6251,34,100,0
1777924345.3891132,2026-05-04T21:52:25.389113,31.603,10029588225,2040,6251,34,100,0
1777924345.4025695,2026-05-04T21:52:25.402570,31.603,10029588225,2040,6251,34,100,0
1777924345.4151096,2026-05-04T21:52:25.415110,31.603,10029588225,2040,6251,34,100,0
1777924345.4291182,2026-05-04T21:52:25.429118,31.603,10029588225,2040,6251,34,100,0
1777924345.4417074,2026-05-04T21:52:25.441707,31.603,10029588225,2040,6251,34,100,0
1777924345.4543564,2026-05-04T21:52:25.454356,31.603,10029588225,2040,6251,34,100,0
1777924345.4690385,2026-05-04T21:52:25.469038,31.603,10029588225,2040,6251,34,100,0
1777924345.4815938,2026-05-04T21:52:25.481594,31.611,10029588225,2040,6251,34,100,0
1777924345.4943316,2026-05-04T21:52:25.494332,31.611,10029591371,2040,6251,34,100,0
1777924345.5092573,2026-05-04T21:52:25.509257,31.611,10029591371,2040,6251,34,100,0
1777924345.5217433,2026-05-04T21:52:25.521743,31.611,10029591371,2040,6251,34,100,0
1777924345.5344908,2026-05-04T21:52:25.534491,31.611,10029591371,2040,6251,34,100,0
1777924345.5492003,2026-05-04T21:52:25.549200,31.611,10029591371,2040,6251,34,100,0
1777924345.5617433,2026-05-04T21:52:25.561743,31.611,10029591371,2040,6251,34,100,0
1777924345.5743995,2026-05-04T21:52:25.574399,31.611,10029591371,2040,6251,34,100,0
1777924345.5893457,2026-05-04T21:52:25.589346,31.611,10029594513,2040,6251,34,100,0
1777924345.6025147,2026-05-04T21:52:25.602515,31.611,10029594513,2040,6251,34,100,0
1777924345.615221,2026-05-04T21:52:25.615221,31.611,10029594513,2040,6251,34,100,0
1777924345.6290684,2026-05-04T21:52:25.629068,31.611,10029594513,2040,6251,34,100,0
1777924345.6416109,2026-05-04T21:52:25.641611,31.611,10029594513,2040,6251,34,100,0
1777924345.6543376,2026-05-04T21:52:25.654338,31.611,10029594513,2040,6251,34,100,0
1777924345.6690052,2026-05-04T21:52:25.669005,31.611,10029594513,2040,6251,34,100,0
1777924345.6815362,2026-05-04T21:52:25.681536,31.595,10029594513,2040,6251,34,100,0
1777924345.694161,2026-05-04T21:52:25.694161,31.595,10029597660,2040,6251,34,100,0
1777924345.7091012,2026-05-04T21:52:25.709101,31.595,10029597660,2040,6251,34,100,0
1777924345.721361,2026-05-04T21:52:25.721361,31.595,10029597660,2040,6251,34,100,0
1777924345.733905,2026-05-04T21:52:25.733905,31.595,10029597660,2040,6251,34,100,0
1777924345.748985,2026-05-04T21:52:25.748985,31.595,10029597660,2040,6251,34,100,0
1777924345.7613769,2026-05-04T21:52:25.761377,31.595,10029597660,2040,6251,34,100,0
1777924345.773772,2026-05-04T21:52:25.773772,31.535,10029597660,2040,6251,34,100,0
1777924345.7889214,2026-05-04T21:52:25.788921,31.535,10029597660,2040,6251,34,100,0
1777924345.801302,2026-05-04T21:52:25.801302,31.535,10029600776,2040,6251,34,100,0
1777924345.813673,2026-05-04T21:52:25.813673,31.535,10029600776,2040,6251,34,100,0
1777924345.8288794,2026-05-04T21:52:25.828879,31.535,10029600776,2040,6251,34,100,0
1777924345.8412564,2026-05-04T21:52:25.841256,31.535,10029600776,2040,6251,34,100,0
1777924345.8536506,2026-05-04T21:52:25.853651,31.535,10029600776,2040,6251,34,100,0
1777924345.869193,2026-05-04T21:52:25.869193,31.535,10029600776,2040,6251,34,100,0
1777924345.8815682,2026-05-04T21:52:25.881568,31.474,10029600776,2040,6251,34,100,0
1777924345.8940399,2026-05-04T21:52:25.894040,31.474,10029603804,2040,6251,34,100,0
1777924345.909051,2026-05-04T21:52:25.909051,31.474,10029603804,2040,6251,34,100,0
1777924345.921264,2026-05-04T21:52:25.921264,31.474,10029603804,2040,6251,34,100,0
1777924345.9338238,2026-05-04T21:52:25.933824,31.474,10029603804,2040,6251,34,100,0
1777924345.9508314,2026-05-04T21:52:25.950831,31.474,10029603804,2040,6251,34,100,0
1777924345.9725187,2026-05-04T21:52:25.972519,31.474,10029603804,2040,6251,34,100,0
1777924345.9917402,2026-05-04T21:52:25.991740,31.423,10029607087,2040,6251,34,100,0
1777924346.0139492,2026-05-04T21:52:26.013949,31.423,10029607087,2040,6251,34,100,0
1777924346.0335321,2026-05-04T21:52:26.033532,31.423,10029607087,2040,6251,34,100,0
1777924346.0524797,2026-05-04T21:52:26.052480,31.423,10029607087,2040,6251,34,100,0
1777924346.0732875,2026-05-04T21:52:26.073287,31.423,10029607087,2040,6251,34,100,0
1777924346.0940156,2026-05-04T21:52:26.094016,31.687,10029610588,2040,6251,34,100,0
1777924346.1137867,2026-05-04T21:52:26.113787,31.687,10029610588,2040,6251,34,100,0
1777924346.1345649,2026-05-04T21:52:26.134565,31.687,10029610588,2040,6251,34,100,0
1777924346.1530454,2026-05-04T21:52:26.153045,31.687,10029610588,2040,6251,34,100,0
1777924346.1720002,2026-05-04T21:52:26.172000,31.687,10029610588,2040,6251,34,100,0
1777924346.193164,2026-05-04T21:52:26.193164,32.021,10029614097,2040,6251,35,100,0
1777924346.2171643,2026-05-04T21:52:26.217164,32.021,10029614097,2040,6251,35,100,0
1777924346.2368736,2026-05-04T21:52:26.236874,32.021,10029614097,2040,6251,35,100,0
1777924346.2536848,2026-05-04T21:52:26.253685,32.021,10029614097,2040,6251,35,100,0
1777924346.275392,2026-05-04T21:52:26.275392,32.021,10029614097,2040,6251,35,100,0
1777924346.2961414,2026-05-04T21:52:26.296141,32.346,10029617604,2040,6251,35,100,1
1777924346.3147707,2026-05-04T21:52:26.314771,32.346,10029617604,2040,6251,35,100,1
1777924346.333874,2026-05-04T21:52:26.333874,32.346,10029617604,2040,6251,35,100,1
1777924346.3542705,2026-05-04T21:52:26.354270,32.346,10029617604,2040,6251,35,100,1
1777924346.3735178,2026-05-04T21:52:26.373518,32.346,10029617604,2040,6251,35,100,1
1777924346.3947513,2026-05-04T21:52:26.394751,32.664,10029621107,2040,6251,35,100,1
1777924346.4170744,2026-05-04T21:52:26.417074,32.664,10029621107,2040,6251,35,100,1
1777924346.4371064,2026-05-04T21:52:26.437106,32.664,10029621107,2040,6251,35,100,1
1777924346.4555216,2026-05-04T21:52:26.455522,32.664,10029621107,2040,6251,35,100,1
1777924346.4759722,2026-05-04T21:52:26.475972,32.988,10029621107,2040,6251,35,100,1
1777924346.4955778,2026-05-04T21:52:26.495578,32.988,10029624619,2040,6251,35,100,0
1777924346.512983,2026-05-04T21:52:26.512983,32.988,10029624619,2040,6251,35,100,0
1777924346.5311751,2026-05-04T21:52:26.531175,32.988,10029624619,2040,6251,35,100,0
1777924346.552135,2026-05-04T21:52:26.552135,32.988,10029624619,2040,6251,35,100,0
1777924346.572761,2026-05-04T21:52:26.572761,32.988,10029624619,2040,6251,35,100,0
1777924346.5912585,2026-05-04T21:52:26.591259,33.299,10029628134,2040,6251,35,100,0
1777924346.6132798,2026-05-04T21:52:26.613280,33.299,10029628134,2040,6251,35,100,0
1777924346.6329973,2026-05-04T21:52:26.632997,33.299,10029628134,2040,6251,35,100,0
1777924346.6523914,2026-05-04T21:52:26.652391,33.299,10029628134,2040,6251,35,100,0
1777924346.6723425,2026-05-04T21:52:26.672343,33.299,10029628134,2040,6251,35,100,0
1777924346.6938367,2026-05-04T21:52:26.693837,33.65,10029631643,2040,6251,35,100,1
1777924346.713748,2026-05-04T21:52:26.713748,33.65,10029631643,2040,6251,35,100,1
1777924346.7345297,2026-05-04T21:52:26.734530,33.65,10029631643,2040,6251,35,100,1
1777924346.7533922,2026-05-04T21:52:26.753392,33.65,10029631643,2040,6251,35,100,1
1777924346.7718236,2026-05-04T21:52:26.771824,33.65,10029631643,2040,6251,35,100,1
1777924346.7916503,2026-05-04T21:52:26.791650,33.995,10029635150,2040,6251,35,100,1
1777924346.8165538,2026-05-04T21:52:26.816554,33.995,10029635150,2040,6251,35,100,1
1777924346.8343618,2026-05-04T21:52:26.834362,33.995,10029635150,2040,6251,35,100,1
1777924346.8532252,2026-05-04T21:52:26.853225,33.995,10029635150,2040,6251,35,100,1
1777924346.8729904,2026-05-04T21:52:26.872990,33.995,10029635150,2040,6251,35,100,1
1777924346.894784,2026-05-04T21:52:26.894784,34.371,10029638662,2040,6251,35,100,0
1777924346.9132164,2026-05-04T21:52:26.913216,34.371,10029638662,2040,6251,35,100,0
1777924346.9319954,2026-05-04T21:52:26.931995,34.371,10029638662,2040,6251,35,100,0
1777924346.9523628,2026-05-04T21:52:26.952363,34.371,10029638662,2040,6251,35,100,0
1777924346.9732733,2026-05-04T21:52:26.973273,34.371,10029638662,2040,6251,35,100,0
1777924346.9916239,2026-05-04T21:52:26.991624,34.771,10029642165,2040,6251,35,100,0
1777924347.0149803,2026-05-04T21:52:27.014980,34.771,10029642165,2040,6251,35,100,0
1777924347.0329895,2026-05-04T21:52:27.032990,34.771,10029642165,2040,6251,35,100,0
1777924347.0519674,2026-05-04T21:52:27.051967,34.771,10029642165,2040,6251,35,100,0
1777924347.0722585,2026-05-04T21:52:27.072258,34.771,10029642165,2040,6251,35,100,0
1777924347.0936017,2026-05-04T21:52:27.093602,35.172,10029645672,2040,6251,35,100,0
1777924347.1173568,2026-05-04T21:52:27.117357,35.172,10029645672,2040,6251,35,100,0
1777924347.1374288,2026-05-04T21:52:27.137429,35.172,10029645672,2040,6251,35,100,0
1777924347.1562645,2026-05-04T21:52:27.156265,35.172,10029645672,2040,6251,35,100,0
1777924347.1753705,2026-05-04T21:52:27.175370,35.172,10029645672,2040,6251,35,100,0
1777924347.1935492,2026-05-04T21:52:27.193549,35.197,10029649183,2040,6251,35,100,0
1777924347.2172832,2026-05-04T21:52:27.217283,35.197,10029649183,2040,6251,35,100,0
1777924347.2363188,2026-05-04T21:52:27.236319,35.197,10029649183,2040,6251,35,100,0
1777924347.2556183,2026-05-04T21:52:27.255618,35.197,10029649183,2040,6251,35,100,0
1777924347.2710416,2026-05-04T21:52:27.271042,35.197,10029649183,2040,6251,35,100,0
1777924347.2917173,2026-05-04T21:52:27.291717,35.197,10029652716,2040,6251,35,100,0
1777924347.312016,2026-05-04T21:52:27.312016,35.197,10029652716,2040,6251,35,100,0
1777924347.3321214,2026-05-04T21:52:27.332121,35.197,10029652716,2040,6251,35,100,0
1777924347.3528125,2026-05-04T21:52:27.352813,35.197,10029652716,2040,6251,35,100,0
1777924347.3726168,2026-05-04T21:52:27.372617,35.197,10029652716,2040,6251,35,100,0
1777924347.3905177,2026-05-04T21:52:27.390518,35.206,10029656225,2040,6251,35,100,0
1777924347.4138465,2026-05-04T21:52:27.413846,35.206,10029656225,2040,6251,35,100,0
1777924347.4328501,2026-05-04T21:52:27.432850,35.206,10029656225,2040,6251,35,100,0
1777924347.4511108,2026-05-04T21:52:27.451111,35.206,10029656225,2040,6251,35,100,0
1777924347.4708526,2026-05-04T21:52:27.470853,35.206,10029656225,2040,6251,35,100,0
1777924347.491123,2026-05-04T21:52:27.491123,35.206,10029659728,2040,6251,35,100,1
1777924347.5119865,2026-05-04T21:52:27.511986,35.206,10029659728,2040,6251,35,100,1
1777924347.5314,2026-05-04T21:52:27.531400,35.206,10029659728,2040,6251,35,100,1
1777924347.5524101,2026-05-04T21:52:27.552410,35.206,10029659728,2040,6251,35,100,1
1777924347.5705147,2026-05-04T21:52:27.570515,35.206,10029659728,2040,6251,35,100,1
1777924347.5926645,2026-05-04T21:52:27.592664,35.206,10029663245,2040,6251,35,100,1
1777924347.6171615,2026-05-04T21:52:27.617162,35.206,10029663245,2040,6251,35,100,1
1777924347.6356661,2026-05-04T21:52:27.635666,35.206,10029663245,2040,6251,35,100,1
1777924347.6549213,2026-05-04T21:52:27.654921,35.206,10029663245,2040,6251,35,100,1
1777924347.6719718,2026-05-04T21:52:27.671972,35.206,10029663245,2040,6251,35,100,1
1777924347.6927738,2026-05-04T21:52:27.692774,35.206,10029666756,2040,6251,35,100,1
1777924347.7150247,2026-05-04T21:52:27.715025,35.206,10029666756,2040,6251,35,100,1
1777924347.7336426,2026-05-04T21:52:27.733643,35.206,10029666756,2040,6251,35,100,1
1777924347.7518628,2026-05-04T21:52:27.751863,35.206,10029666756,2040,6251,35,100,1
1777924347.7724788,2026-05-04T21:52:27.772479,35.206,10029666756,2040,6251,35,100,1
1777924347.790999,2026-05-04T21:52:27.790999,35.197,10029670270,2040,6251,35,100,1
1777924347.8151634,2026-05-04T21:52:27.815163,35.197,10029670270,2040,6251,35,100,1
1777924347.8345861,2026-05-04T21:52:27.834586,35.197,10029670270,2040,6251,35,100,1
1777924347.8539295,2026-05-04T21:52:27.853930,35.197,10029670270,2040,6251,35,100,1
1777924347.870803,2026-05-04T21:52:27.870803,35.197,10029670270,2040,6251,35,100,1
1777924347.8910704,2026-05-04T21:52:27.891070,35.239,10029673782,2040,6251,35,100,1
1777924347.913276,2026-05-04T21:52:27.913276,35.239,10029673782,2040,6251,35,100,1
1777924347.9325407,2026-05-04T21:52:27.932541,35.239,10029673782,2040,6251,35,100,1
1777924347.9517624,2026-05-04T21:52:27.951762,35.239,10029673782,2040,6251,35,100,1
1777924347.971073,2026-05-04T21:52:27.971073,35.239,10029673782,2040,6251,35,100,1
1777924347.9914484,2026-05-04T21:52:27.991448,35.239,10029677322,2040,6251,35,100,1
1777924348.004271,2026-05-04T21:52:28.004271,35.239,10029677322,2040,6251,35,100,1
1777924348.0168476,2026-05-04T21:52:28.016848,35.239,10029677322,2040,6251,35,100,1
1777924348.0294557,2026-05-04T21:52:28.029456,35.239,10029677322,2040,6251,35,100,1
1777924348.041878,2026-05-04T21:52:28.041878,35.239,10029677322,2040,6251,35,100,1
1777924348.054456,2026-05-04T21:52:28.054456,35.239,10029677322,2040,6251,35,100,1
1777924348.0683584,2026-05-04T21:52:28.068358,35.239,10029677322,2040,6251,35,100,1
1777924348.0807989,2026-05-04T21:52:28.080799,35.239,10029677322,2040,6251,35,100,1
1777924348.0934138,2026-05-04T21:52:28.093414,35.52,10029681435,2040,6251,35,100,1
1777924348.113103,2026-05-04T21:52:28.113103,35.52,10029681435,2040,6251,35,100,1
1777924348.132681,2026-05-04T21:52:28.132681,35.52,10029681435,2040,6251,35,100,1
1777924348.1511915,2026-05-04T21:52:28.151191,35.52,10029681435,2040,6251,35,100,1
1777924348.1713624,2026-05-04T21:52:28.171362,35.52,10029681435,2040,6251,35,100,1
1777924348.18397,2026-05-04T21:52:28.183970,35.52,10029681435,2040,6251,35,100,1
1777924348.1967456,2026-05-04T21:52:28.196746,36.064,10029685092,2040,6251,35,100,1
1777924348.2112107,2026-05-04T21:52:28.211211,36.064,10029685092,2040,6251,35,100,1
1777924348.2238052,2026-05-04T21:52:28.223805,36.064,10029685092,2040,6251,35,100,1
1777924348.2365756,2026-05-04T21:52:28.236576,36.064,10029685092,2040,6251,35,100,1
1777924348.2493424,2026-05-04T21:52:28.249342,36.064,10029685092,2040,6251,35,100,1
1777924348.2620232,2026-05-04T21:52:28.262023,36.064,10029685092,2040,6251,35,100,1
1777924348.274873,2026-05-04T21:52:28.274873,36.064,10029685092,2040,6251,35,100,1
1777924348.2883854,2026-05-04T21:52:28.288385,36.497,10029689431,2040,6251,35,100,1
1777924348.3017578,2026-05-04T21:52:28.301758,36.497,10029689431,2040,6251,35,100,1
1777924348.3148153,2026-05-04T21:52:28.314815,36.497,10029689431,2040,6251,35,100,1
1777924348.3283808,2026-05-04T21:52:28.328381,36.497,10029689431,2040,6251,35,100,1
1777924348.3410313,2026-05-04T21:52:28.341031,36.497,10029689431,2040,6251,35,100,1
1777924348.353826,2026-05-04T21:52:28.353826,36.497,10029689431,2040,6251,35,100,1
1777924348.3683205,2026-05-04T21:52:28.368320,36.497,10029689431,2040,6251,35,100,1
1777924348.3809721,2026-05-04T21:52:28.380972,36.497,10029689431,2040,6251,35,100,1
1777924348.3937385,2026-05-04T21:52:28.393739,37.846,10029693846,2040,6251,36,100,1
1777924348.411401,2026-05-04T21:52:28.411401,37.846,10029693846,2040,6251,36,100,1
1777924348.424014,2026-05-04T21:52:28.424014,37.846,10029693846,2040,6251,36,100,1
1777924348.4368849,2026-05-04T21:52:28.436885,37.846,10029693846,2040,6251,36,100,1
1777924348.449582,2026-05-04T21:52:28.449582,37.846,10029693846,2040,6251,36,100,1
1777924348.4622352,2026-05-04T21:52:28.462235,37.846,10029693846,2040,6251,36,100,1
1777924348.475043,2026-05-04T21:52:28.475043,37.846,10029693846,2040,6251,36,100,1
1777924348.4882846,2026-05-04T21:52:28.488285,38.213,10029698068,2040,6251,35,100,5
1777924348.501702,2026-05-04T21:52:28.501702,38.213,10029698068,2040,6251,35,100,5
1777924348.5144691,2026-05-04T21:52:28.514469,38.213,10029698068,2040,6251,35,100,5
1777924348.5285473,2026-05-04T21:52:28.528547,38.213,10029698068,2040,6251,35,100,5
1777924348.5412047,2026-05-04T21:52:28.541205,38.213,10029698068,2040,6251,35,100,5
1777924348.553878,2026-05-04T21:52:28.553878,38.213,10029698068,2040,6251,35,100,5
1777924348.5681894,2026-05-04T21:52:28.568189,38.213,10029698068,2040,6251,35,100,5
1777924348.5806215,2026-05-04T21:52:28.580621,38.213,10029698068,2040,6251,35,100,5
1777924348.593345,2026-05-04T21:52:28.593345,39.284,10029701796,2040,6251,35,100,5
1777924348.6110985,2026-05-04T21:52:28.611099,39.284,10029701796,2040,6251,35,100,5
1777924348.6235461,2026-05-04T21:52:28.623546,39.284,10029701796,2040,6251,35,100,5
1777924348.636206,2026-05-04T21:52:28.636206,39.284,10029701796,2040,6251,35,100,5
1777924348.6488104,2026-05-04T21:52:28.648810,39.284,10029701796,2040,6251,35,100,5
1777924348.661266,2026-05-04T21:52:28.661266,39.284,10029701796,2040,6251,35,100,5
1777924348.6739166,2026-05-04T21:52:28.673917,39.284,10029701796,2040,6251,35,100,5
1777924348.688165,2026-05-04T21:52:28.688165,38.599,10029704951,2040,6251,35,100,2
1777924348.7015998,2026-05-04T21:52:28.701600,38.599,10029704951,2040,6251,35,100,2
1777924348.7143164,2026-05-04T21:52:28.714316,38.599,10029704951,2040,6251,35,100,2
1777924348.7282517,2026-05-04T21:52:28.728252,38.599,10029704951,2040,6251,35,100,2
1777924348.7407985,2026-05-04T21:52:28.740798,38.599,10029704951,2040,6251,35,100,2
1777924348.7533858,2026-05-04T21:52:28.753386,38.599,10029704951,2040,6251,35,100,2
1777924348.7681344,2026-05-04T21:52:28.768134,38.599,10029704951,2040,6251,35,100,2
1777924348.7806923,2026-05-04T21:52:28.780692,38.599,10029704951,2040,6251,35,100,2
1777924348.793395,2026-05-04T21:52:28.793395,38.579,10029708121,2040,6251,35,100,2
1777924348.8102055,2026-05-04T21:52:28.810205,38.579,10029708121,2040,6251,35,100,2
1777924348.8228252,2026-05-04T21:52:28.822825,38.579,10029708121,2040,6251,35,100,2
1777924348.8355002,2026-05-04T21:52:28.835500,38.579,10029708121,2040,6251,35,100,2
1777924348.8482008,2026-05-04T21:52:28.848201,38.579,10029708121,2040,6251,35,100,2
1777924348.8607483,2026-05-04T21:52:28.860748,38.579,10029708121,2040,6251,35,100,2
1777924348.873365,2026-05-04T21:52:28.873365,38.579,10029708121,2040,6251,35,100,2
1777924348.888127,2026-05-04T21:52:28.888127,37.991,10029711294,2040,6251,35,100,0
1777924348.9015706,2026-05-04T21:52:28.901571,37.991,10029711294,2040,6251,35,100,0
1777924348.914201,2026-05-04T21:52:28.914201,37.991,10029711294,2040,6251,35,100,0
1777924348.9280689,2026-05-04T21:52:28.928069,37.991,10029711294,2040,6251,35,100,0
1777924348.9406252,2026-05-04T21:52:28.940625,37.991,10029711294,2040,6251,35,100,0
1777924348.953223,2026-05-04T21:52:28.953223,37.991,10029711294,2040,6251,35,100,0
1777924348.9680738,2026-05-04T21:52:28.968074,37.991,10029711294,2040,6251,35,100,0
1777924348.9805338,2026-05-04T21:52:28.980534,37.991,10029711294,2040,6251,35,100,0
1777924348.993064,2026-05-04T21:52:28.993064,37.863,10029714450,2040,6251,34,100,0
1777924349.0109706,2026-05-04T21:52:29.010971,37.863,10029714450,2040,6251,34,100,0
1777924349.0233924,2026-05-04T21:52:29.023392,37.863,10029714450,2040,6251,34,100,0
1777924349.0358846,2026-05-04T21:52:29.035885,37.863,10029714450,2040,6251,34,100,0
1777924349.0484958,2026-05-04T21:52:29.048496,37.863,10029714450,2040,6251,34,100,0
1777924349.0610478,2026-05-04T21:52:29.061048,37.863,10029714450,2040,6251,34,100,0
1777924349.0736654,2026-05-04T21:52:29.073665,37.863,10029714450,2040,6251,34,100,0
1777924349.0882683,2026-05-04T21:52:29.088268,37.289,10029717587,2040,6251,34,100,0
1777924349.1014268,2026-05-04T21:52:29.101427,37.289,10029717587,2040,6251,34,100,0
1777924349.1141894,2026-05-04T21:52:29.114189,37.289,10029717587,2040,6251,34,100,0
1777924349.1279974,2026-05-04T21:52:29.127997,37.289,10029717587,2040,6251,34,100,0
1777924349.1405857,2026-05-04T21:52:29.140586,37.289,10029717587,2040,6251,34,100,0
1777924349.153287,2026-05-04T21:52:29.153287,37.289,10029717587,2040,6251,34,100,0
1777924349.1679835,2026-05-04T21:52:29.167984,37.289,10029717587,2040,6251,34,100,0
1777924349.1805563,2026-05-04T21:52:29.180556,37.289,10029717587,2040,6251,34,100,0
1777924349.1932411,2026-05-04T21:52:29.193241,36.212,10029720740,2040,6251,34,100,0
1777924349.2109296,2026-05-04T21:52:29.210930,36.212,10029720740,2040,6251,34,100,0
1777924349.2234817,2026-05-04T21:52:29.223482,36.212,10029720740,2040,6251,34,100,0
1777924349.2362337,2026-05-04T21:52:29.236234,36.212,10029720740,2040,6251,34,100,0
1777924349.2487128,2026-05-04T21:52:29.248713,36.212,10029720740,2040,6251,34,100,0
1777924349.2611504,2026-05-04T21:52:29.261150,36.212,10029720740,2040,6251,34,100,0
1777924349.2738214,2026-05-04T21:52:29.273821,36.212,10029720740,2040,6251,34,100,0
1777924349.287992,2026-05-04T21:52:29.287992,35.795,10029723903,2040,6251,34,100,0
1777924349.3013325,2026-05-04T21:52:29.301332,35.795,10029723903,2040,6251,34,100,0
1777924349.3139434,2026-05-04T21:52:29.313943,35.795,10029723903,2040,6251,34,100,0
1777924349.3279028,2026-05-04T21:52:29.327903,35.795,10029723903,2040,6251,34,100,0
1777924349.340412,2026-05-04T21:52:29.340412,35.795,10029723903,2040,6251,34,100,0
1777924349.353087,2026-05-04T21:52:29.353087,35.795,10029723903,2040,6251,34,100,0
1777924349.3682132,2026-05-04T21:52:29.368213,35.795,10029723903,2040,6251,34,100,0
1777924349.380759,2026-05-04T21:52:29.380759,35.795,10029723903,2040,6251,34,100,0
1777924349.3934011,2026-05-04T21:52:29.393401,35.036,10029727070,2040,6251,34,100,0
1777924349.4108238,2026-05-04T21:52:29.410824,35.036,10029727070,2040,6251,34,100,0
1777924349.4233568,2026-05-04T21:52:29.423357,35.036,10029727070,2040,6251,34,100,0
1777924349.4359252,2026-05-04T21:52:29.435925,35.036,10029727070,2040,6251,34,100,0
1777924349.4484408,2026-05-04T21:52:29.448441,35.036,10029727070,2040,6251,34,100,0
1777924349.4609187,2026-05-04T21:52:29.460919,35.036,10029727070,2040,6251,34,100,0
1777924349.4735026,2026-05-04T21:52:29.473503,35.036,10029727070,2040,6251,34,100,0
1777924349.487933,2026-05-04T21:52:29.487933,33.64,10029730228,2040,6251,34,100,0
1777924349.5013154,2026-05-04T21:52:29.501315,33.64,10029730228,2040,6251,34,100,0
1777924349.5139587,2026-05-04T21:52:29.513959,33.64,10029730228,2040,6251,34,100,0
1777924349.5279121,2026-05-04T21:52:29.527912,33.64,10029730228,2040,6251,34,100,0
1777924349.5404446,2026-05-04T21:52:29.540445,33.64,10029730228,2040,6251,34,100,0
1777924349.5530877,2026-05-04T21:52:29.553088,33.64,10029730228,2040,6251,34,100,0
1777924349.5678618,2026-05-04T21:52:29.567862,33.64,10029730228,2040,6251,34,100,0
1777924349.5803084,2026-05-04T21:52:29.580308,33.64,10029730228,2040,6251,34,100,0
1777924349.5929108,2026-05-04T21:52:29.592911,32.724,10029733393,2040,6251,34,100,0
1777924349.610719,2026-05-04T21:52:29.610719,32.724,10029733393,2040,6251,34,100,0
1777924349.6232831,2026-05-04T21:52:29.623283,32.724,10029733393,2040,6251,34,100,0
1777924349.6358268,2026-05-04T21:52:29.635827,32.724,10029733393,2040,6251,34,100,0
1777924349.648569,2026-05-04T21:52:29.648569,32.724,10029733393,2040,6251,34,100,0
1777924349.6610436,2026-05-04T21:52:29.661044,32.724,10029733393,2040,6251,34,100,0
1777924349.6736465,2026-05-04T21:52:29.673646,32.724,10029733393,2040,6251,34,100,0
1777924349.6879697,2026-05-04T21:52:29.687970,31.696,10029736548,2040,6251,34,100,0
1777924349.7012076,2026-05-04T21:52:29.701208,31.696,10029736548,2040,6251,34,100,0
1777924349.7138414,2026-05-04T21:52:29.713841,31.696,10029736548,2040,6251,34,100,0
1777924349.727868,2026-05-04T21:52:29.727868,31.696,10029736548,2040,6251,34,100,0
1777924349.7402568,2026-05-04T21:52:29.740257,31.696,10029736548,2040,6251,34,100,0
1777924349.7526798,2026-05-04T21:52:29.752680,31.696,10029736548,2040,6251,34,100,0
1777924349.7677996,2026-05-04T21:52:29.767800,31.696,10029736548,2040,6251,34,100,0
1777924349.7803192,2026-05-04T21:52:29.780319,31.696,10029736548,2040,6251,34,100,0
1777924349.7930107,2026-05-04T21:52:29.793011,31.687,10029739687,2040,6251,34,100,0
1777924349.8106608,2026-05-04T21:52:29.810661,31.687,10029739687,2040,6251,34,100,0
1777924349.8231046,2026-05-04T21:52:29.823105,31.687,10029739687,2040,6251,34,100,0
1777924349.8357193,2026-05-04T21:52:29.835719,31.687,10029739687,2040,6251,34,100,0
1777924349.848198,2026-05-04T21:52:29.848198,31.687,10029739687,2040,6251,34,100,0
1777924349.8605328,2026-05-04T21:52:29.860533,31.687,10029739687,2040,6251,34,100,0
1777924349.873107,2026-05-04T21:52:29.873107,31.687,10029739687,2040,6251,34,100,0
1777924349.8877227,2026-05-04T21:52:29.887723,31.687,10029742836,2040,6251,34,100,0
1777924349.901271,2026-05-04T21:52:29.901271,31.687,10029742836,2040,6251,34,100,0
1777924349.9139698,2026-05-04T21:52:29.913970,31.687,10029742836,2040,6251,34,100,0
1777924349.927981,2026-05-04T21:52:29.927981,31.687,10029742836,2040,6251,34,100,0
1777924349.9404166,2026-05-04T21:52:29.940417,31.687,10029742836,2040,6251,34,100,0
1777924349.953042,2026-05-04T21:52:29.953042,31.687,10029742836,2040,6251,34,100,0
1777924349.9677703,2026-05-04T21:52:29.967770,31.687,10029742836,2040,6251,34,100,0
1777924349.9802914,2026-05-04T21:52:29.980291,31.687,10029742836,2040,6251,34,100,0
1777924349.9929085,2026-05-04T21:52:29.992908,31.627,10029745989,2040,6251,34,100,0
1777924350.0106034,2026-05-04T21:52:30.010603,31.627,10029745989,2040,6251,34,100,0
1777924350.0229676,2026-05-04T21:52:30.022968,31.627,10029745989,2040,6251,34,100,0
1777924350.0354762,2026-05-04T21:52:30.035476,31.627,10029745989,2040,6251,34,100,0
1777924350.048108,2026-05-04T21:52:30.048108,31.627,10029745989,2040,6251,34,100,0
1777924350.0606472,2026-05-04T21:52:30.060647,31.627,10029745989,2040,6251,34,100,0
1777924350.0732174,2026-05-04T21:52:30.073217,31.627,10029745989,2040,6251,34,100,0
1777924350.087808,2026-05-04T21:52:30.087808,31.6,10029749136,2040,6251,34,100,0
1777924350.101051,2026-05-04T21:52:30.101051,31.6,10029749136,2040,6251,34,100,0
1777924350.1135142,2026-05-04T21:52:30.113514,31.6,10029749136,2040,6251,34,100,0
1777924350.1277552,2026-05-04T21:52:30.127755,31.6,10029749136,2040,6251,34,100,0
1777924350.140133,2026-05-04T21:52:30.140133,31.6,10029749136,2040,6251,34,100,0
1777924350.1526055,2026-05-04T21:52:30.152606,31.6,10029749136,2040,6251,34,100,0
1777924350.1676934,2026-05-04T21:52:30.167693,31.6,10029749136,2040,6251,34,100,0
1777924350.180132,2026-05-04T21:52:30.180132,31.6,10029749136,2040,6251,34,100,0
1777924350.1926785,2026-05-04T21:52:30.192678,31.574,10029752246,2040,6251,34,100,0
1777924350.209798,2026-05-04T21:52:30.209798,31.574,10029752246,2040,6251,34,100,0
1777924350.2224696,2026-05-04T21:52:30.222470,31.574,10029752246,2040,6251,34,100,0
1777924350.2351134,2026-05-04T21:52:30.235113,31.574,10029752246,2040,6251,34,100,0
1777924350.247737,2026-05-04T21:52:30.247737,31.574,10029752246,2040,6251,34,100,0
1777924350.2602198,2026-05-04T21:52:30.260220,31.574,10029752246,2040,6251,34,100,0
1777924350.2727706,2026-05-04T21:52:30.272771,31.574,10029752246,2040,6251,34,100,0
1777924350.2875266,2026-05-04T21:52:30.287527,31.521,10029755374,2040,6251,34,100,0
1777924350.301049,2026-05-04T21:52:30.301049,31.521,10029755374,2040,6251,34,100,0
1777924350.3136961,2026-05-04T21:52:30.313696,31.521,10029755374,2040,6251,34,100,0
1777924350.3276606,2026-05-04T21:52:30.327661,31.521,10029755374,2040,6251,34,100,0
1777924350.3401487,2026-05-04T21:52:30.340149,31.521,10029755374,2040,6251,34,100,0
1777924350.3527265,2026-05-04T21:52:30.352726,31.521,10029755374,2040,6251,34,100,0
1777924350.367628,2026-05-04T21:52:30.367628,31.521,10029755374,2040,6251,34,100,0
1777924350.3800106,2026-05-04T21:52:30.380011,31.521,10029755374,2040,6251,34,100,0
1777924350.3926318,2026-05-04T21:52:30.392632,31.521,10029758489,2040,6251,34,100,0
1777924350.4104831,2026-05-04T21:52:30.410483,31.521,10029758489,2040,6251,34,100,0
1777924350.4228783,2026-05-04T21:52:30.422878,31.521,10029758489,2040,6251,34,100,0
1777924350.435446,2026-05-04T21:52:30.435446,31.521,10029758489,2040,6251,34,100,0
1777924350.4480963,2026-05-04T21:52:30.448096,31.521,10029758489,2040,6251,34,100,0
1777924350.4604726,2026-05-04T21:52:30.460473,31.521,10029758489,2040,6251,34,100,0
1777924350.4730651,2026-05-04T21:52:30.473065,31.521,10029758489,2040,6251,34,100,0
1777924350.4878187,2026-05-04T21:52:30.487819,31.46,10029761565,2040,6251,34,100,0
1777924350.5009375,2026-05-04T21:52:30.500937,31.46,10029761565,2040,6251,34,100,0
1777924350.5158544,2026-05-04T21:52:30.515854,31.46,10029761565,2040,6251,34,100,0
1777924350.534649,2026-05-04T21:52:30.534649,31.46,10029761565,2040,6251,34,100,0
1777924350.5541546,2026-05-04T21:52:30.554155,31.46,10029761565,2040,6251,34,100,0
1777924350.5706072,2026-05-04T21:52:30.570607,31.46,10029761565,2040,6251,34,100,0
1777924350.5902028,2026-05-04T21:52:30.590203,31.345,10029765006,2040,6251,35,100,0
1777924350.6125042,2026-05-04T21:52:30.612504,31.345,10029765006,2040,6251,35,100,0
1777924350.6304088,2026-05-04T21:52:30.630409,31.345,10029765006,2040,6251,35,100,0
1777924350.6504025,2026-05-04T21:52:30.650403,31.345,10029765006,2040,6251,35,100,0
1777924350.671533,2026-05-04T21:52:30.671533,31.345,10029765006,2040,6251,35,100,0
1777924350.6908448,2026-05-04T21:52:30.690845,31.641,10029768523,2040,6251,35,100,0
1777924350.7142777,2026-05-04T21:52:30.714278,31.641,10029768523,2040,6251,35,100,0
1777924350.735608,2026-05-04T21:52:30.735608,31.641,10029768523,2040,6251,35,100,0
1777924350.7550058,2026-05-04T21:52:30.755006,31.641,10029768523,2040,6251,35,100,0
1777924350.774877,2026-05-04T21:52:30.774877,31.641,10029768523,2040,6251,35,100,0
1777924350.7933035,2026-05-04T21:52:30.793303,31.975,10029772032,2040,6251,35,100,0
1777924350.8134792,2026-05-04T21:52:30.813479,31.975,10029772032,2040,6251,35,100,0
1777924350.8309765,2026-05-04T21:52:30.830976,31.975,10029772032,2040,6251,35,100,0
1777924350.849598,2026-05-04T21:52:30.849598,31.975,10029772032,2040,6251,35,100,0
1777924350.8718023,2026-05-04T21:52:30.871802,31.975,10029772032,2040,6251,35,100,0
1777924350.8903987,2026-05-04T21:52:30.890399,32.31,10029775549,2040,6251,35,100,1
1777924350.9096103,2026-05-04T21:52:30.909610,32.31,10029775549,2040,6251,35,100,1
1777924350.9306748,2026-05-04T21:52:30.930675,32.31,10029775549,2040,6251,35,100,1
1777924350.9512622,2026-05-04T21:52:30.951262,32.31,10029775549,2040,6251,35,100,1
1777924350.9705238,2026-05-04T21:52:30.970524,32.31,10029775549,2040,6251,35,100,1
1777924350.9911442,2026-05-04T21:52:30.991144,32.626,10029779060,2040,6251,35,100,1
1777924351.0159452,2026-05-04T21:52:31.015945,32.626,10029779060,2040,6251,35,100,1
1777924351.033063,2026-05-04T21:52:31.033063,32.626,10029779060,2040,6251,35,100,1
1777924351.053249,2026-05-04T21:52:31.053249,32.626,10029779060,2040,6251,35,100,1
1777924351.072132,2026-05-04T21:52:31.072132,32.626,10029779060,2040,6251,35,100,1
1777924351.0925033,2026-05-04T21:52:31.092503,32.971,10029782562,2040,6251,35,100,1
1777924351.1184494,2026-05-04T21:52:31.118449,32.971,10029782562,2040,6251,35,100,1
1777924351.138425,2026-05-04T21:52:31.138425,32.971,10029782562,2040,6251,35,100,1
1777924351.1580267,2026-05-04T21:52:31.158027,32.971,10029782562,2040,6251,35,100,1
1777924351.176689,2026-05-04T21:52:31.176689,32.971,10029782562,2040,6251,35,100,1
1777924351.1960535,2026-05-04T21:52:31.196054,33.321,10029786073,2040,6251,35,100,1
1777924351.215107,2026-05-04T21:52:31.215107,33.321,10029786073,2040,6251,35,100,1
1777924351.234008,2026-05-04T21:52:31.234008,33.321,10029786073,2040,6251,35,100,1
1777924351.251327,2026-05-04T21:52:31.251327,33.321,10029786073,2040,6251,35,100,1
1777924351.2710164,2026-05-04T21:52:31.271016,33.321,10029786073,2040,6251,35,100,1
1777924351.2911665,2026-05-04T21:52:31.291167,33.693,10029789580,2040,6251,35,100,0
1777924351.310971,2026-05-04T21:52:31.310971,33.693,10029789580,2040,6251,35,100,0
1777924351.3312373,2026-05-04T21:52:31.331237,33.693,10029789580,2040,6251,35,100,0
1777924351.3498454,2026-05-04T21:52:31.349845,33.693,10029789580,2040,6251,35,100,0
1777924351.3704,2026-05-04T21:52:31.370400,33.693,10029789580,2040,6251,35,100,0
1777924351.3916676,2026-05-04T21:52:31.391668,34.087,10029793087,2040,6251,35,100,0
1777924351.4105797,2026-05-04T21:52:31.410580,34.087,10029793087,2040,6251,35,100,0
1777924351.4296317,2026-05-04T21:52:31.429632,34.087,10029793087,2040,6251,35,100,0
1777924351.4505553,2026-05-04T21:52:31.450555,34.087,10029793087,2040,6251,35,100,0
1777924351.471617,2026-05-04T21:52:31.471617,34.087,10029793087,2040,6251,35,100,0
1777924351.4905818,2026-05-04T21:52:31.490582,34.415,10029796601,2040,6251,35,100,1
1777924351.5101871,2026-05-04T21:52:31.510187,34.415,10029796601,2040,6251,35,100,1
1777924351.5306325,2026-05-04T21:52:31.530632,34.415,10029796601,2040,6251,35,100,1
1777924351.5515692,2026-05-04T21:52:31.551569,34.415,10029796601,2040,6251,35,100,1
1777924351.5704854,2026-05-04T21:52:31.570485,34.415,10029796601,2040,6251,35,100,1
1777924351.5916178,2026-05-04T21:52:31.591618,34.799,10029800114,2040,6251,35,100,1
1777924351.6146872,2026-05-04T21:52:31.614687,34.799,10029800114,2040,6251,35,100,1
1777924351.6317353,2026-05-04T21:52:31.631735,34.799,10029800114,2040,6251,35,100,1
1777924351.651528,2026-05-04T21:52:31.651528,34.799,10029800114,2040,6251,35,100,1
1777924351.6720455,2026-05-04T21:52:31.672045,34.799,10029800114,2040,6251,35,100,1
1777924351.6924658,2026-05-04T21:52:31.692466,35.199,10029803621,2040,6251,35,100,1
1777924351.7119071,2026-05-04T21:52:31.711907,35.199,10029803621,2040,6251,35,100,1
1777924351.72895,2026-05-04T21:52:31.728950,35.199,10029803621,2040,6251,35,100,1
1777924351.7499256,2026-05-04T21:52:31.749926,35.199,10029803621,2040,6251,35,100,1
1777924351.7676718,2026-05-04T21:52:31.767672,35.199,10029803621,2040,6251,35,100,1
1777924351.7802818,2026-05-04T21:52:31.780282,35.199,10029803621,2040,6251,35,100,1
1777924351.7930727,2026-05-04T21:52:31.793073,35.199,10029807393,2040,6251,35,100,1
1777924351.810194,2026-05-04T21:52:31.810194,35.199,10029807393,2040,6251,35,100,1
1777924351.8227832,2026-05-04T21:52:31.822783,35.199,10029807393,2040,6251,35,100,1
1777924351.8428154,2026-05-04T21:52:31.842815,35.199,10029807393,2040,6251,35,100,1
1777924351.8595939,2026-05-04T21:52:31.859594,35.199,10029807393,2040,6251,35,100,1
1777924351.8768926,2026-05-04T21:52:31.876893,35.199,10029807393,2040,6251,35,100,1
1777924351.8969157,2026-05-04T21:52:31.896916,35.672,10029811086,2040,6251,35,100,1
1777924351.9169633,2026-05-04T21:52:31.916963,35.672,10029811086,2040,6251,35,100,1
1777924351.9335997,2026-05-04T21:52:31.933600,35.672,10029811086,2040,6251,35,100,1
1777924351.9528673,2026-05-04T21:52:31.952867,35.672,10029811086,2040,6251,35,100,1
1777924351.9716437,2026-05-04T21:52:31.971644,35.672,10029811086,2040,6251,35,100,1
1777924351.9914174,2026-05-04T21:52:31.991417,35.636,10029814560,2040,6251,35,100,1
1777924352.0150113,2026-05-04T21:52:32.015011,35.636,10029814560,2040,6251,35,100,1
1777924352.0320325,2026-05-04T21:52:32.032032,35.636,10029814560,2040,6251,35,100,1
1777924352.047568,2026-05-04T21:52:32.047568,35.636,10029814560,2040,6251,35,100,1
1777924352.0602267,2026-05-04T21:52:32.060227,35.636,10029814560,2040,6251,35,100,1
1777924352.0778382,2026-05-04T21:52:32.077838,35.636,10029814560,2040,6251,35,100,1
1777924352.097501,2026-05-04T21:52:32.097501,35.636,10029818234,2040,6251,35,100,1
1777924352.118528,2026-05-04T21:52:32.118528,35.636,10029818234,2040,6251,35,100,1
1777924352.1372604,2026-05-04T21:52:32.137260,35.636,10029818234,2040,6251,35,100,1
1777924352.156132,2026-05-04T21:52:32.156132,35.636,10029818234,2040,6251,35,100,1
1777924352.1744208,2026-05-04T21:52:32.174421,35.636,10029818234,2040,6251,35,100,1
1777924352.1872501,2026-05-04T21:52:32.187250,35.636,10029821824,2040,6251,35,100,1
1777924352.200385,2026-05-04T21:52:32.200385,35.654,10029821824,2040,6251,35,100,1
1777924352.2129953,2026-05-04T21:52:32.212995,35.654,10029821824,2040,6251,35,100,1
1777924352.227102,2026-05-04T21:52:32.227102,35.654,10029821824,2040,6251,35,100,1
1777924352.2398155,2026-05-04T21:52:32.239815,35.654,10029821824,2040,6251,35,100,1
1777924352.2524223,2026-05-04T21:52:32.252422,35.654,10029821824,2040,6251,35,100,1
1777924352.2669926,2026-05-04T21:52:32.266993,35.654,10029821824,2040,6251,35,100,1
1777924352.2794442,2026-05-04T21:52:32.279444,35.654,10029821824,2040,6251,35,100,1
1777924352.292093,2026-05-04T21:52:32.292093,37.071,10029825960,2040,6251,35,100,1
1777924352.3075507,2026-05-04T21:52:32.307551,37.071,10029825960,2040,6251,35,100,1
1777924352.3200412,2026-05-04T21:52:32.320041,37.071,10029825960,2040,6251,35,100,1
1777924352.3339818,2026-05-04T21:52:32.333982,37.071,10029825960,2040,6251,35,100,1
1777924352.3471978,2026-05-04T21:52:32.347198,37.071,10029825960,2040,6251,35,100,1
1777924352.3596647,2026-05-04T21:52:32.359665,37.071,10029825960,2040,6251,35,100,1
1777924352.372334,2026-05-04T21:52:32.372334,37.071,10029825960,2040,6251,35,100,1
1777924352.38718,2026-05-04T21:52:32.387180,37.071,10029830394,2040,6251,35,100,1
1777924352.400425,2026-05-04T21:52:32.400425,37.071,10029830394,2040,6251,36,100,1
1777924352.413161,2026-05-04T21:52:32.413161,37.071,10029830394,2040,6251,36,100,1
1777924352.427113,2026-05-04T21:52:32.427113,37.071,10029830394,2040,6251,36,100,1
1777924352.4396133,2026-05-04T21:52:32.439613,37.071,10029830394,2040,6251,36,100,1
1777924352.452324,2026-05-04T21:52:32.452324,37.071,10029830394,2040,6251,36,100,1
1777924352.4670265,2026-05-04T21:52:32.467026,37.071,10029830394,2040,6251,36,100,1
1777924352.4794385,2026-05-04T21:52:32.479439,37.071,10029830394,2040,6251,36,100,1
1777924352.491956,2026-05-04T21:52:32.491956,37.412,10029834037,2040,6251,35,100,5
1777924352.5072327,2026-05-04T21:52:32.507233,37.412,10029834037,2040,6251,35,100,5
1777924352.5195997,2026-05-04T21:52:32.519600,37.412,10029834037,2040,6251,35,100,5
1777924352.5333009,2026-05-04T21:52:32.533301,37.412,10029834037,2040,6251,35,100,5
1777924352.5473187,2026-05-04T21:52:32.547319,37.412,10029834037,2040,6251,35,100,5
1777924352.5596895,2026-05-04T21:52:32.559690,37.412,10029834037,2040,6251,35,100,5
1777924352.5723987,2026-05-04T21:52:32.572399,37.412,10029834037,2040,6251,35,100,5
1777924352.5872018,2026-05-04T21:52:32.587202,37.412,10029837202,2040,6251,35,100,5
1777924352.6002944,2026-05-04T21:52:32.600294,37.412,10029837202,2040,6251,35,100,5
1777924352.6131072,2026-05-04T21:52:32.613107,37.412,10029837202,2040,6251,35,100,5
1777924352.6268756,2026-05-04T21:52:32.626876,37.412,10029837202,2040,6251,35,100,5
1777924352.6392288,2026-05-04T21:52:32.639229,37.412,10029837202,2040,6251,35,100,5
1777924352.6519694,2026-05-04T21:52:32.651969,37.412,10029837202,2040,6251,35,100,5
1777924352.6670065,2026-05-04T21:52:32.667006,37.412,10029837202,2040,6251,35,100,5
1777924352.6795993,2026-05-04T21:52:32.679599,37.412,10029837202,2040,6251,35,100,5
1777924352.6921954,2026-05-04T21:52:32.692195,36.823,10029840387,2040,6251,35,100,0
1777924352.7072957,2026-05-04T21:52:32.707296,36.823,10029840387,2040,6251,35,100,0
1777924352.7198706,2026-05-04T21:52:32.719871,36.823,10029840387,2040,6251,35,100,0
1777924352.7326307,2026-05-04T21:52:32.732631,36.823,10029840387,2040,6251,35,100,0
1777924352.7469854,2026-05-04T21:52:32.746985,36.823,10029840387,2040,6251,35,100,0
1777924352.7594268,2026-05-04T21:52:32.759427,36.823,10029840387,2040,6251,35,100,0
1777924352.7720175,2026-05-04T21:52:32.772017,36.823,10029840387,2040,6251,35,100,0
1777924352.786933,2026-05-04T21:52:32.786933,36.823,10029843567,2040,6251,35,100,0
1777924352.8002133,2026-05-04T21:52:32.800213,36.823,10029843567,2040,6251,35,100,0
1777924352.8128984,2026-05-04T21:52:32.812898,36.823,10029843567,2040,6251,35,100,0
1777924352.8269317,2026-05-04T21:52:32.826932,36.823,10029843567,2040,6251,35,100,0
1777924352.8393857,2026-05-04T21:52:32.839386,36.823,10029843567,2040,6251,35,100,0
1777924352.8519828,2026-05-04T21:52:32.851983,36.823,10029843567,2040,6251,35,100,0
1777924352.867112,2026-05-04T21:52:32.867112,36.823,10029843567,2040,6251,35,100,0
1777924352.8794472,2026-05-04T21:52:32.879447,36.823,10029843567,2040,6251,35,100,0
1777924352.892065,2026-05-04T21:52:32.892065,35.691,10029846746,2040,6251,35,100,0
1777924352.907155,2026-05-04T21:52:32.907155,35.691,10029846746,2040,6251,35,100,0
1777924352.9195175,2026-05-04T21:52:32.919518,35.691,10029846746,2040,6251,35,100,0
1777924352.9322948,2026-05-04T21:52:32.932295,35.691,10029846746,2040,6251,35,100,0
1777924352.9469082,2026-05-04T21:52:32.946908,35.691,10029846746,2040,6251,35,100,0
1777924352.9594247,2026-05-04T21:52:32.959425,35.691,10029846746,2040,6251,35,100,0
1777924352.971982,2026-05-04T21:52:32.971982,35.691,10029846746,2040,6251,35,100,0
1777924352.986943,2026-05-04T21:52:32.986943,35.691,10029849917,2040,6251,35,100,0
1777924353.000224,2026-05-04T21:52:33.000224,35.691,10029849917,2040,6251,35,100,0
1777924353.0129964,2026-05-04T21:52:33.012996,35.691,10029849917,2040,6251,35,100,0
1777924353.0268114,2026-05-04T21:52:33.026811,35.691,10029849917,2040,6251,35,100,0
1777924353.0394523,2026-05-04T21:52:33.039452,35.691,10029849917,2040,6251,35,100,0
1777924353.0520513,2026-05-04T21:52:33.052051,35.691,10029849917,2040,6251,35,100,0
1777924353.0668118,2026-05-04T21:52:33.066812,35.691,10029849917,2040,6251,35,100,0
1777924353.0793366,2026-05-04T21:52:33.079337,35.691,10029849917,2040,6251,35,100,0
1777924353.0919666,2026-05-04T21:52:33.091967,35.146,10029853068,2040,6251,35,100,0
1777924353.1069875,2026-05-04T21:52:33.106987,35.146,10029853068,2040,6251,35,100,0
1777924353.1195407,2026-05-04T21:52:33.119541,35.146,10029853068,2040,6251,35,100,0
1777924353.1335385,2026-05-04T21:52:33.133538,35.146,10029853068,2040,6251,35,100,0
1777924353.1472194,2026-05-04T21:52:33.147219,35.146,10029853068,2040,6251,35,100,0
1777924353.1597645,2026-05-04T21:52:33.159765,35.146,10029853068,2040,6251,35,100,0
1777924353.1724725,2026-05-04T21:52:33.172472,35.146,10029853068,2040,6251,35,100,0
1777924353.1867692,2026-05-04T21:52:33.186769,35.146,10029856211,2040,6251,35,100,0
1777924353.200158,2026-05-04T21:52:33.200158,35.146,10029856211,2040,6251,34,100,0
1777924353.2130477,2026-05-04T21:52:33.213048,35.146,10029856211,2040,6251,34,100,0
1777924353.2267084,2026-05-04T21:52:33.226708,35.146,10029856211,2040,6251,34,100,0
1777924353.2395334,2026-05-04T21:52:33.239533,35.146,10029856211,2040,6251,34,100,0
1777924353.2522101,2026-05-04T21:52:33.252210,35.146,10029856211,2040,6251,34,100,0
1777924353.2667322,2026-05-04T21:52:33.266732,35.146,10029856211,2040,6251,34,100,0
1777924353.2792542,2026-05-04T21:52:33.279254,35.146,10029856211,2040,6251,34,100,0
1777924353.291798,2026-05-04T21:52:33.291798,33.99,10029859364,2040,6251,34,100,0
1777924353.3068943,2026-05-04T21:52:33.306894,33.99,10029859364,2040,6251,34,100,0
1777924353.3195202,2026-05-04T21:52:33.319520,33.99,10029859364,2040,6251,34,100,0
1777924353.3323202,2026-05-04T21:52:33.332320,33.99,10029859364,2040,6251,34,100,0
1777924353.3467844,2026-05-04T21:52:33.346784,33.99,10029859364,2040,6251,34,100,0
1777924353.3593166,2026-05-04T21:52:33.359317,33.99,10029859364,2040,6251,34,100,0
1777924353.3719015,2026-05-04T21:52:33.371902,33.99,10029859364,2040,6251,34,100,0
1777924353.3867812,2026-05-04T21:52:33.386781,33.99,10029862535,2040,6251,34,100,0
1777924353.400176,2026-05-04T21:52:33.400176,32.743,10029862535,2040,6251,34,100,0
1777924353.4128509,2026-05-04T21:52:33.412851,32.743,10029862535,2040,6251,34,100,0
1777924353.4269705,2026-05-04T21:52:33.426970,32.743,10029862535,2040,6251,34,100,0
1777924353.4394987,2026-05-04T21:52:33.439499,32.743,10029862535,2040,6251,34,100,0
1777924353.4521325,2026-05-04T21:52:33.452132,32.743,10029862535,2040,6251,34,100,0
1777924353.4667099,2026-05-04T21:52:33.466710,32.743,10029862535,2040,6251,34,100,0
1777924353.4791636,2026-05-04T21:52:33.479164,32.743,10029862535,2040,6251,34,100,0
1777924353.491795,2026-05-04T21:52:33.491795,31.777,10029865712,2040,6251,34,100,0
1777924353.50697,2026-05-04T21:52:33.506970,31.777,10029865712,2040,6251,34,100,0
1777924353.5196297,2026-05-04T21:52:33.519630,31.777,10029865712,2040,6251,34,100,0
1777924353.533481,2026-05-04T21:52:33.533481,31.777,10029865712,2040,6251,34,100,0
1777924353.5469341,2026-05-04T21:52:33.546934,31.777,10029865712,2040,6251,34,100,0
1777924353.5593264,2026-05-04T21:52:33.559326,31.777,10029865712,2040,6251,34,100,0
1777924353.5719097,2026-05-04T21:52:33.571910,31.777,10029865712,2040,6251,34,100,0
1777924353.5867054,2026-05-04T21:52:33.586705,31.777,10029868850,2040,6251,34,100,0
1777924353.6000144,2026-05-04T21:52:33.600014,31.75,10029868850,2040,6251,34,100,0
1777924353.6127112,2026-05-04T21:52:33.612711,31.75,10029868850,2040,6251,34,100,0
1777924353.6266713,2026-05-04T21:52:33.626671,31.75,10029868850,2040,6251,34,100,0
1777924353.6394448,2026-05-04T21:52:33.639445,31.75,10029868850,2040,6251,34,100,0
1777924353.651991,2026-05-04T21:52:33.651991,31.75,10029868850,2040,6251,34,100,0
1777924353.6665854,2026-05-04T21:52:33.666585,31.75,10029868850,2040,6251,34,100,0
1777924353.6790276,2026-05-04T21:52:33.679028,31.75,10029868850,2040,6251,34,100,0
1777924353.6915817,2026-05-04T21:52:33.691582,31.689,10029871987,2040,6251,34,100,0
1777924353.7070477,2026-05-04T21:52:33.707048,31.689,10029871987,2040,6251,34,100,0
1777924353.7194915,2026-05-04T21:52:33.719491,31.689,10029871987,2040,6251,34,100,0
1777924353.7334864,2026-05-04T21:52:33.733486,31.689,10029871987,2040,6251,34,100,0
1777924353.7467985,2026-05-04T21:52:33.746799,31.689,10029871987,2040,6251,34,100,0
1777924353.7592204,2026-05-04T21:52:33.759220,31.689,10029871987,2040,6251,34,100,0
1777924353.7718458,2026-05-04T21:52:33.771846,31.689,10029871987,2040,6251,34,100,0
1777924353.786569,2026-05-04T21:52:33.786569,31.689,10029875069,2040,6251,34,100,0
1777924353.7999885,2026-05-04T21:52:33.799989,31.6,10029875069,2040,6251,34,100,0
1777924353.8126426,2026-05-04T21:52:33.812643,31.6,10029875069,2040,6251,34,100,0
1777924353.8264792,2026-05-04T21:52:33.826479,31.6,10029875069,2040,6251,34,100,0
1777924353.8388677,2026-05-04T21:52:33.838868,31.6,10029875069,2040,6251,34,100,0
1777924353.8514225,2026-05-04T21:52:33.851423,31.6,10029875069,2040,6251,34,100,0
1777924353.8665297,2026-05-04T21:52:33.866530,31.6,10029875069,2040,6251,34,100,0
1777924353.8789659,2026-05-04T21:52:33.878966,31.6,10029875069,2040,6251,34,100,0
1777924353.8915627,2026-05-04T21:52:33.891563,31.529,10029878157,2040,6251,34,100,0
1777924353.9066458,2026-05-04T21:52:33.906646,31.529,10029878157,2040,6251,34,100,0
1777924353.9190986,2026-05-04T21:52:33.919099,31.529,10029878157,2040,6251,34,100,0
1777924353.9317353,2026-05-04T21:52:33.931735,31.529,10029878157,2040,6251,34,100,0
1777924353.9464068,2026-05-04T21:52:33.946407,31.529,10029878157,2040,6251,34,100,0
1777924353.9586358,2026-05-04T21:52:33.958636,31.529,10029878157,2040,6251,34,100,0
1777924353.9710174,2026-05-04T21:52:33.971017,31.529,10029878157,2040,6251,34,100,0
1777924353.9866312,2026-05-04T21:52:33.986631,31.529,10029881265,2040,6251,34,100,0
1777924354.0030375,2026-05-04T21:52:34.003037,31.521,10029881265,2040,6251,34,100,0
1777924354.0340142,2026-05-04T21:52:34.034014,31.521,10029881265,2040,6251,34,100,0
1777924354.0538297,2026-05-04T21:52:34.053830,31.521,10029881265,2040,6251,34,100,0
1777924354.0723774,2026-05-04T21:52:34.072377,31.521,10029881265,2040,6251,34,100,0
1777924354.0899904,2026-05-04T21:52:34.089990,31.521,10029884713,2040,6251,34,100,0
1777924354.1123126,2026-05-04T21:52:34.112313,31.816,10029884713,2040,6251,35,100,0
1777924354.1333072,2026-05-04T21:52:34.133307,31.816,10029884713,2040,6251,35,100,0
1777924354.1521125,2026-05-04T21:52:34.152112,31.816,10029884713,2040,6251,35,100,0
1777924354.1714354,2026-05-04T21:52:34.171435,31.816,10029884713,2040,6251,35,100,0
1777924354.1902158,2026-05-04T21:52:34.190216,31.816,10029888225,2040,6251,35,100,0
1777924354.2132268,2026-05-04T21:52:34.213227,32.142,10029888225,2040,6251,35,100,0
1777924354.2322981,2026-05-04T21:52:34.232298,32.142,10029888225,2040,6251,35,100,0
1777924354.252534,2026-05-04T21:52:34.252534,32.142,10029888225,2040,6251,35,100,0
1777924354.270263,2026-05-04T21:52:34.270263,32.142,10029888225,2040,6251,35,100,0
1777924354.2907743,2026-05-04T21:52:34.290774,32.142,10029891747,2040,6251,35,100,0
1777924354.3120964,2026-05-04T21:52:34.312096,32.504,10029891747,2040,6251,35,100,1
1777924354.3320189,2026-05-04T21:52:34.332019,32.504,10029891747,2040,6251,35,100,1
1777924354.35181,2026-05-04T21:52:34.351810,32.504,10029891747,2040,6251,35,100,1
1777924354.3708308,2026-05-04T21:52:34.370831,32.504,10029891747,2040,6251,35,100,1
1777924354.3885999,2026-05-04T21:52:34.388600,32.504,10029895261,2040,6251,35,100,1
1777924354.4127,2026-05-04T21:52:34.412700,32.811,10029895261,2040,6251,35,100,1
1777924354.4329164,2026-05-04T21:52:34.432916,32.811,10029895261,2040,6251,35,100,1
1777924354.4529145,2026-05-04T21:52:34.452914,32.811,10029895261,2040,6251,35,100,1
1777924354.4715,2026-05-04T21:52:34.471500,32.811,10029895261,2040,6251,35,100,1
1777924354.4909654,2026-05-04T21:52:34.490965,32.811,10029898769,2040,6251,35,100,1
1777924354.5092843,2026-05-04T21:52:34.509284,33.111,10029898769,2040,6251,35,100,0
1777924354.5314875,2026-05-04T21:52:34.531487,33.111,10029898769,2040,6251,35,100,0
1777924354.5500634,2026-05-04T21:52:34.550063,33.111,10029898769,2040,6251,35,100,0
1777924354.5705209,2026-05-04T21:52:34.570521,33.111,10029898769,2040,6251,35,100,0
1777924354.5905619,2026-05-04T21:52:34.590562,33.111,10029902281,2040,6251,35,100,0
1777924354.6117735,2026-05-04T21:52:34.611773,33.382,10029902281,2040,6251,35,100,0
1777924354.6339536,2026-05-04T21:52:34.633954,33.382,10029902281,2040,6251,35,100,0
1777924354.6534688,2026-05-04T21:52:34.653469,33.382,10029902281,2040,6251,35,100,0
1777924354.6723275,2026-05-04T21:52:34.672328,33.382,10029902281,2040,6251,35,100,0
1777924354.692724,2026-05-04T21:52:34.692724,33.382,10029905789,2040,6251,35,100,0
1777924354.7104735,2026-05-04T21:52:34.710474,33.744,10029905789,2040,6251,35,100,0
1777924354.7309532,2026-05-04T21:52:34.730953,33.744,10029905789,2040,6251,35,100,0
1777924354.7505388,2026-05-04T21:52:34.750539,33.744,10029905789,2040,6251,35,100,0
1777924354.7706935,2026-05-04T21:52:34.770694,33.744,10029905789,2040,6251,35,100,0
1777924354.7915738,2026-05-04T21:52:34.791574,33.744,10029909300,2040,6251,35,100,0
1777924354.811667,2026-05-04T21:52:34.811667,34.111,10029909300,2040,6251,35,100,0
1777924354.8349812,2026-05-04T21:52:34.834981,34.111,10029909300,2040,6251,35,100,0
1777924354.855523,2026-05-04T21:52:34.855523,34.111,10029909300,2040,6251,35,100,0
1777924354.8740938,2026-05-04T21:52:34.874094,34.111,10029909300,2040,6251,35,100,0
1777924354.8926466,2026-05-04T21:52:34.892647,34.111,10029912809,2040,6251,35,100,0
1777924354.9128919,2026-05-04T21:52:34.912892,34.493,10029912809,2040,6251,35,100,0
1777924354.9341576,2026-05-04T21:52:34.934158,34.493,10029912809,2040,6251,35,100,0
1777924354.9537892,2026-05-04T21:52:34.953789,34.493,10029912809,2040,6251,35,100,0
1777924354.9728053,2026-05-04T21:52:34.972805,34.493,10029912809,2040,6251,35,100,0
1777924354.9899669,2026-05-04T21:52:34.989967,34.493,10029916319,2040,6251,35,100,0
1777924355.0096207,2026-05-04T21:52:35.009621,34.842,10029916319,2040,6251,35,100,0
1777924355.0338297,2026-05-04T21:52:35.033830,34.842,10029916319,2040,6251,35,100,0
1777924355.0548148,2026-05-04T21:52:35.054815,34.842,10029916319,2040,6251,35,100,0
1777924355.0735629,2026-05-04T21:52:35.073563,34.842,10029916319,2040,6251,35,100,0
1777924355.0939,2026-05-04T21:52:35.093900,34.842,10029919831,2040,6251,35,100,0
1777924355.111633,2026-05-04T21:52:35.111633,35.171,10029919831,2040,6251,35,100,1
1777924355.1262462,2026-05-04T21:52:35.126246,35.171,10029919831,2040,6251,35,100,1
1777924355.1386907,2026-05-04T21:52:35.138691,35.171,10029919831,2040,6251,35,100,1
1777924355.1512985,2026-05-04T21:52:35.151299,35.171,10029919831,2040,6251,35,100,1
1777924355.1662185,2026-05-04T21:52:35.166219,35.171,10029919831,2040,6251,35,100,1
1777924355.1786792,2026-05-04T21:52:35.178679,35.171,10029919831,2040,6251,35,100,1
1777924355.191244,2026-05-04T21:52:35.191244,35.171,10029923813,2040,6251,35,100,1
1777924355.2067847,2026-05-04T21:52:35.206785,35.705,10029923813,2040,6251,35,100,1
1777924355.2192829,2026-05-04T21:52:35.219283,35.705,10029923813,2040,6251,35,100,1
1777924355.233546,2026-05-04T21:52:35.233546,35.705,10029923813,2040,6251,35,100,1
1777924355.2466328,2026-05-04T21:52:35.246633,35.705,10029923813,2040,6251,35,100,1
1777924355.259058,2026-05-04T21:52:35.259058,35.705,10029923813,2040,6251,35,100,1
1777924355.271656,2026-05-04T21:52:35.271656,35.705,10029923813,2040,6251,35,100,1
1777924355.2861524,2026-05-04T21:52:35.286152,35.705,10029927895,2040,6251,35,100,1
1777924355.3041437,2026-05-04T21:52:35.304144,35.705,10029927895,2040,6251,35,100,1
1777924355.3253765,2026-05-04T21:52:35.325377,36.101,10029927895,2040,6251,35,100,3
1777924355.3434246,2026-05-04T21:52:35.343425,36.101,10029927895,2040,6251,35,100,3
1777924355.3645425,2026-05-04T21:52:35.364542,36.101,10029927895,2040,6251,35,100,3
1777924355.3833997,2026-05-04T21:52:35.383400,36.101,10029931428,2040,6251,35,100,3
1777924355.4052367,2026-05-04T21:52:35.405237,36.101,10029931428,2040,6251,35,100,3
1777924355.4270563,2026-05-04T21:52:35.427056,36.066,10029931428,2040,6251,35,100,3
1777924355.4399915,2026-05-04T21:52:35.439991,36.066,10029931428,2040,6251,35,100,3
1777924355.4529672,2026-05-04T21:52:35.452967,36.066,10029931428,2040,6251,35,100,3
1777924355.4662883,2026-05-04T21:52:35.466288,36.066,10029931428,2040,6251,35,100,3
1777924355.4789114,2026-05-04T21:52:35.478911,36.066,10029931428,2040,6251,35,100,3
1777924355.491526,2026-05-04T21:52:35.491526,36.066,10029935609,2040,6251,35,100,3
1777924355.510829,2026-05-04T21:52:35.510829,36.066,10029935609,2040,6251,35,100,3
1777924355.5362177,2026-05-04T21:52:35.536218,36.821,10029935609,2040,6251,35,100,5
1777924355.5601635,2026-05-04T21:52:35.560163,36.821,10029935609,2040,6251,35,100,5
1777924355.5787275,2026-05-04T21:52:35.578727,36.821,10029935609,2040,6251,35,100,5
1777924355.5991142,2026-05-04T21:52:35.599114,36.821,10029939187,2040,6251,35,100,5
1777924355.6189666,2026-05-04T21:52:35.618967,36.821,10029939187,2040,6251,35,100,5
1777924355.6407776,2026-05-04T21:52:35.640778,36.785,10029939187,2040,6251,35,100,5
1777924355.6572967,2026-05-04T21:52:35.657297,36.785,10029939187,2040,6251,35,100,5
1777924355.6820123,2026-05-04T21:52:35.682012,36.785,10029942716,2040,6251,35,100,5
1777924355.7050157,2026-05-04T21:52:35.705016,36.785,10029942716,2040,6251,35,100,5
1777924355.7184625,2026-05-04T21:52:35.718462,36.785,10029942716,2040,6251,35,100,5
1777924355.732532,2026-05-04T21:52:35.732532,36.956,10029942716,2040,6251,35,100,1
1777924355.7473688,2026-05-04T21:52:35.747369,36.956,10029942716,2040,6251,35,100,1
1777924355.7680995,2026-05-04T21:52:35.768100,36.956,10029942716,2040,6251,35,100,1
1777924355.790692,2026-05-04T21:52:35.790692,36.956,10029946432,2040,6251,35,100,1
1777924355.809585,2026-05-04T21:52:35.809585,36.956,10029946432,2040,6251,35,100,1
1777924355.8317404,2026-05-04T21:52:35.831740,36.956,10029946432,2040,6251,35,100,1
1777924355.855466,2026-05-04T21:52:35.855466,36.787,10029946432,2040,6251,35,100,1
1777924355.878242,2026-05-04T21:52:35.878242,36.787,10029946432,2040,6251,35,100,1
1777924355.8939571,2026-05-04T21:52:35.893957,36.787,10029949960,2040,6251,35,100,1
1777924355.908781,2026-05-04T21:52:35.908781,36.787,10029949960,2040,6251,35,100,1
1777924355.9307764,2026-05-04T21:52:35.930776,36.787,10029949960,2040,6251,35,100,1
1777924355.9556215,2026-05-04T21:52:35.955621,37.068,10029949960,2040,6251,35,100,1
1777924355.9775395,2026-05-04T21:52:35.977540,37.068,10029949960,2040,6251,35,100,1
1777924355.9980962,2026-05-04T21:52:35.998096,37.068,10029953536,2040,6251,35,100,1
1777924356.0193882,2026-05-04T21:52:36.019388,37.068,10029953536,2040,6251,35,100,1
1777924356.0373626,2026-05-04T21:52:36.037363,37.05,10029953536,2040,6251,35,100,1
1777924356.0529897,2026-05-04T21:52:36.052990,37.05,10029953536,2040,6251,35,100,1
1777924356.072099,2026-05-04T21:52:36.072099,37.05,10029953536,2040,6251,35,100,1
1777924356.0952055,2026-05-04T21:52:36.095206,37.05,10029957112,2040,6251,35,100,1
1777924356.115478,2026-05-04T21:52:36.115478,37.05,10029957112,2040,6251,35,100,1
1777924356.1373408,2026-05-04T21:52:36.137341,37.068,10029957112,2040,6251,35,100,1
1777924356.156636,2026-05-04T21:52:36.156636,37.068,10029957112,2040,6251,35,100,1
1777924356.1693497,2026-05-04T21:52:36.169350,37.068,10029957112,2040,6251,35,100,1
1777924356.182036,2026-05-04T21:52:36.182036,37.068,10029957112,2040,6251,35,100,1
1777924356.194712,2026-05-04T21:52:36.194712,37.068,10029960939,2040,6251,35,100,1
1777924356.2074769,2026-05-04T21:52:36.207477,37.068,10029960939,2040,6251,35,100,1
1777924356.2200894,2026-05-04T21:52:36.220089,37.068,10029960939,2040,6251,35,100,1
1777924356.233252,2026-05-04T21:52:36.233252,38.068,10029960939,2040,6251,36,100,1
1777924356.2461061,2026-05-04T21:52:36.246106,38.068,10029960939,2040,6251,36,100,1
1777924356.258718,2026-05-04T21:52:36.258718,38.068,10029960939,2040,6251,36,100,1
1777924356.2712698,2026-05-04T21:52:36.271270,38.068,10029960939,2040,6251,36,100,1
1777924356.285923,2026-05-04T21:52:36.285923,38.068,10029964928,2040,6251,36,100,1
1777924356.2992206,2026-05-04T21:52:36.299221,38.068,10029964928,2040,6251,36,100,1
1777924356.3118162,2026-05-04T21:52:36.311816,38.068,10029964928,2040,6251,36,100,1
1777924356.3258126,2026-05-04T21:52:36.325813,38.068,10029964928,2040,6251,36,100,1
1777924356.3384845,2026-05-04T21:52:36.338485,37.04,10029964928,2040,6251,35,100,3
1777924356.3512685,2026-05-04T21:52:36.351269,37.04,10029964928,2040,6251,35,100,3
1777924356.366053,2026-05-04T21:52:36.366053,37.04,10029964928,2040,6251,35,100,3
1777924356.3784351,2026-05-04T21:52:36.378435,37.04,10029964928,2040,6251,35,100,3
1777924356.3912704,2026-05-04T21:52:36.391270,37.04,10029968043,2040,6251,35,100,3
1777924356.4064481,2026-05-04T21:52:36.406448,37.04,10029968043,2040,6251,35,100,3
1777924356.4188614,2026-05-04T21:52:36.418861,37.04,10029968043,2040,6251,35,100,3
1777924356.4332407,2026-05-04T21:52:36.433241,36.505,10029968043,2040,6251,35,100,3
1777924356.445997,2026-05-04T21:52:36.445997,36.505,10029968043,2040,6251,35,100,3
1777924356.4584134,2026-05-04T21:52:36.458413,36.505,10029968043,2040,6251,35,100,3
1777924356.4710145,2026-05-04T21:52:36.471014,36.505,10029968043,2040,6251,35,100,3
1777924356.4857173,2026-05-04T21:52:36.485717,36.505,10029971171,2040,6251,35,100,3
1777924356.499051,2026-05-04T21:52:36.499051,36.505,10029971171,2040,6251,35,100,3
1777924356.5117295,2026-05-04T21:52:36.511729,36.505,10029971171,2040,6251,35,100,3
1777924356.525736,2026-05-04T21:52:36.525736,36.505,10029971171,2040,6251,35,100,3
1777924356.5383043,2026-05-04T21:52:36.538304,35.467,10029971171,2040,6251,35,100,0
1777924356.5510278,2026-05-04T21:52:36.551028,35.467,10029971171,2040,6251,35,100,0
1777924356.5656521,2026-05-04T21:52:36.565652,35.467,10029971171,2040,6251,35,100,0
1777924356.578069,2026-05-04T21:52:36.578069,35.467,10029971171,2040,6251,35,100,0
1777924356.5906591,2026-05-04T21:52:36.590659,35.467,10029974295,2040,6251,35,100,0
1777924356.6063166,2026-05-04T21:52:36.606317,35.467,10029974295,2040,6251,35,100,0
1777924356.6187327,2026-05-04T21:52:36.618733,35.467,10029974295,2040,6251,35,100,0
1777924356.6314707,2026-05-04T21:52:36.631471,35.467,10029974295,2040,6251,35,100,0
1777924356.6460118,2026-05-04T21:52:36.646012,35.038,10029974295,2040,6251,35,100,0
1777924356.6584857,2026-05-04T21:52:36.658486,35.038,10029974295,2040,6251,35,100,0
1777924356.671061,2026-05-04T21:52:36.671061,35.038,10029974295,2040,6251,35,100,0
1777924356.6856945,2026-05-04T21:52:36.685694,35.038,10029977366,2040,6251,35,100,0
1777924356.6991184,2026-05-04T21:52:36.699118,35.038,10029977366,2040,6251,35,100,0
1777924356.7120185,2026-05-04T21:52:36.712018,35.038,10029977366,2040,6251,35,100,0
1777924356.7256267,2026-05-04T21:52:36.725627,35.038,10029977366,2040,6251,35,100,0
1777924356.7381253,2026-05-04T21:52:36.738125,34.754,10029977366,2040,6251,35,100,0
1777924356.7507427,2026-05-04T21:52:36.750743,34.754,10029977366,2040,6251,35,100,0
1777924356.7655034,2026-05-04T21:52:36.765503,34.754,10029977366,2040,6251,35,100,0
1777924356.7778952,2026-05-04T21:52:36.777895,34.754,10029977366,2040,6251,35,100,0
1777924356.7905369,2026-05-04T21:52:36.790537,34.754,10029980494,2040,6251,35,100,0
1777924356.8064315,2026-05-04T21:52:36.806432,34.754,10029980494,2040,6251,35,100,0
1777924356.8189917,2026-05-04T21:52:36.818992,34.754,10029980494,2040,6251,35,100,0
1777924356.831633,2026-05-04T21:52:36.831633,34.754,10029980494,2040,6251,35,100,0
1777924356.845737,2026-05-04T21:52:36.845737,34.422,10029980494,2040,6251,35,100,0
1777924356.8582716,2026-05-04T21:52:36.858272,34.422,10029980494,2040,6251,35,100,0
1777924356.8708224,2026-05-04T21:52:36.870822,34.422,10029980494,2040,6251,35,100,0
1777924356.885528,2026-05-04T21:52:36.885528,34.422,10029983628,2040,6251,35,100,0
1777924356.8990314,2026-05-04T21:52:36.899031,34.422,10029983628,2040,6251,35,100,0
1777924356.911719,2026-05-04T21:52:36.911719,34.422,10029983628,2040,6251,35,100,0
1777924356.92587,2026-05-04T21:52:36.925870,34.422,10029983628,2040,6251,35,100,0
1777924356.9384723,2026-05-04T21:52:36.938472,33.66,10029983628,2040,6251,35,100,0
1777924356.9512446,2026-05-04T21:52:36.951245,33.66,10029983628,2040,6251,35,100,0
1777924356.9655685,2026-05-04T21:52:36.965569,33.66,10029983628,2040,6251,35,100,0
1777924356.9781256,2026-05-04T21:52:36.978126,33.66,10029983628,2040,6251,35,100,0
1777924356.990807,2026-05-04T21:52:36.990807,33.66,10029986778,2040,6251,35,100,0
1777924357.0063696,2026-05-04T21:52:37.006370,33.66,10029986778,2040,6251,35,100,0
1777924357.0188599,2026-05-04T21:52:37.018860,33.66,10029986778,2040,6251,35,100,0
1777924357.0315263,2026-05-04T21:52:37.031526,33.66,10029986778,2040,6251,35,100,0
1777924357.0455763,2026-05-04T21:52:37.045576,33.455,10029986778,2040,6251,35,100,0
1777924357.0580688,2026-05-04T21:52:37.058069,33.455,10029986778,2040,6251,35,100,0
1777924357.0707526,2026-05-04T21:52:37.070753,33.455,10029986778,2040,6251,35,100,0
1777924357.0855277,2026-05-04T21:52:37.085528,33.455,10029989913,2040,6251,35,100,0
1777924357.098924,2026-05-04T21:52:37.098924,33.455,10029989913,2040,6251,35,100,0
1777924357.111596,2026-05-04T21:52:37.111596,33.455,10029989913,2040,6251,35,100,0
1777924357.1254551,2026-05-04T21:52:37.125455,33.455,10029989913,2040,6251,35,100,0
1777924357.1379147,2026-05-04T21:52:37.137915,32.915,10029989913,2040,6251,35,100,0
1777924357.1505241,2026-05-04T21:52:37.150524,32.915,10029989913,2040,6251,35,100,0
1777924357.1654503,2026-05-04T21:52:37.165450,32.915,10029989913,2040,6251,35,100,0
1777924357.1780012,2026-05-04T21:52:37.178001,32.915,10029989913,2040,6251,35,100,0
1777924357.1906273,2026-05-04T21:52:37.190627,32.915,10029993031,2040,6251,35,100,0
1777924357.2065356,2026-05-04T21:52:37.206536,32.915,10029993031,2040,6251,35,100,0
1777924357.2190118,2026-05-04T21:52:37.219012,32.915,10029993031,2040,6251,35,100,0
1777924357.2317455,2026-05-04T21:52:37.231745,32.915,10029993031,2040,6251,35,100,0
1777924357.2456267,2026-05-04T21:52:37.245627,32.786,10029993031,2040,6251,35,100,0
1777924357.2581623,2026-05-04T21:52:37.258162,32.786,10029993031,2040,6251,35,100,0
1777924357.2709408,2026-05-04T21:52:37.270941,32.786,10029993031,2040,6251,35,100,0
1777924357.2854567,2026-05-04T21:52:37.285457,32.786,10029996176,2040,6251,35,100,0
1777924357.2988894,2026-05-04T21:52:37.298889,32.786,10029996176,2040,6251,35,100,0
1777924357.311431,2026-05-04T21:52:37.311431,32.786,10029996176,2040,6251,35,100,0
1777924357.325367,2026-05-04T21:52:37.325367,32.786,10029996176,2040,6251,35,100,0
1777924357.3375726,2026-05-04T21:52:37.337573,31.461,10029996176,2040,6251,35,100,0
1777924357.3500676,2026-05-04T21:52:37.350068,31.461,10029996176,2040,6251,35,100,0
1777924357.365326,2026-05-04T21:52:37.365326,31.461,10029996176,2040,6251,35,100,0
1777924357.3776667,2026-05-04T21:52:37.377667,31.461,10029996176,2040,6251,35,100,0
1777924357.390055,2026-05-04T21:52:37.390055,31.461,10029999245,2040,6251,35,100,0
1777924357.409562,2026-05-04T21:52:37.409562,31.461,10029999245,2040,6251,35,100,0
1777924357.4293396,2026-05-04T21:52:37.429340,31.461,10029999245,2040,6251,35,100,0
1777924357.4494014,2026-05-04T21:52:37.449401,31.311,10029999245,2040,6251,35,100,0
1777924357.4696589,2026-05-04T21:52:37.469659,31.311,10029999245,2040,6251,35,100,0
1777924357.4885252,2026-05-04T21:52:37.488525,31.311,10030002679,2040,6251,35,100,0
1777924357.508571,2026-05-04T21:52:37.508571,31.311,10030002679,2040,6251,35,100,0
1777924357.529227,2026-05-04T21:52:37.529227,31.311,10030002679,2040,6251,35,100,0
1777924357.54846,2026-05-04T21:52:37.548460,31.68,10030002679,2040,6251,35,100,0
1777924357.5697641,2026-05-04T21:52:37.569764,31.68,10030002679,2040,6251,35,100,0
1777924357.5896664,2026-05-04T21:52:37.589666,31.68,10030006192,2040,6251,35,100,0
1777924357.6089995,2026-05-04T21:52:37.608999,31.68,10030006192,2040,6251,35,100,0
1777924357.6277773,2026-05-04T21:52:37.627777,31.68,10030006192,2040,6251,35,100,0
1777924357.6478057,2026-05-04T21:52:37.647806,32.006,10030006192,2040,6251,35,100,0
1777924357.6686285,2026-05-04T21:52:37.668628,32.006,10030006192,2040,6251,35,100,0
1777924357.6877124,2026-05-04T21:52:37.687712,32.006,10030009709,2040,6251,35,100,0
1777924357.7083247,2026-05-04T21:52:37.708325,32.006,10030009709,2040,6251,35,100,0
1777924357.728358,2026-05-04T21:52:37.728358,32.006,10030009709,2040,6251,35,100,0
1777924357.748293,2026-05-04T21:52:37.748293,32.419,10030009709,2040,6251,35,100,1
1777924357.7671711,2026-05-04T21:52:37.767171,32.419,10030009709,2040,6251,35,100,1
1777924357.789107,2026-05-04T21:52:37.789107,32.419,10030013226,2040,6251,35,100,1
1777924357.8096442,2026-05-04T21:52:37.809644,32.419,10030013226,2040,6251,35,100,1
1777924357.827749,2026-05-04T21:52:37.827749,32.419,10030013226,2040,6251,35,100,1
1777924357.8476803,2026-05-04T21:52:37.847680,32.754,10030013226,2040,6251,35,100,1
1777924357.8682575,2026-05-04T21:52:37.868258,32.754,10030013226,2040,6251,35,100,1
1777924357.8808086,2026-05-04T21:52:37.880809,32.754,10030013226,2040,6251,35,100,1
1777924357.8991609,2026-05-04T21:52:37.899161,32.754,10030016901,2040,6251,35,100,1
1777924357.9167051,2026-05-04T21:52:37.916705,32.754,10030016901,2040,6251,35,100,1
1777924357.932305,2026-05-04T21:52:37.932305,32.754,10030016901,2040,6251,35,100,1
1777924357.9453485,2026-05-04T21:52:37.945349,33.311,10030016901,2040,6251,35,100,1
1777924357.9578664,2026-05-04T21:52:37.957866,33.311,10030016901,2040,6251,35,100,1
1777924357.9768062,2026-05-04T21:52:37.976806,33.311,10030016901,2040,6251,35,100,1
1777924357.9940214,2026-05-04T21:52:37.994021,33.311,10030020560,2040,6251,35,100,1
1777924358.011895,2026-05-04T21:52:38.011895,33.311,10030020560,2040,6251,35,100,1
1777924358.0300167,2026-05-04T21:52:38.030017,33.311,10030020560,2040,6251,35,100,1
1777924358.0489001,2026-05-04T21:52:38.048900,33.664,10030020560,2040,6251,35,100,1
1777924358.0703657,2026-05-04T21:52:38.070366,33.664,10030020560,2040,6251,35,100,1
1777924358.088349,2026-05-04T21:52:38.088349,33.664,10030024086,2040,6251,35,100,1
1777924358.11025,2026-05-04T21:52:38.110250,33.664,10030024086,2040,6251,35,100,1
1777924358.1253366,2026-05-04T21:52:38.125337,33.664,10030024086,2040,6251,35,100,1
1777924358.147632,2026-05-04T21:52:38.147632,34.005,10030024086,2040,6251,35,100,0
1777924358.1681478,2026-05-04T21:52:38.168148,34.005,10030024086,2040,6251,35,100,0
1777924358.1887412,2026-05-04T21:52:38.188741,34.005,10030027638,2040,6251,35,100,0
1777924358.2084396,2026-05-04T21:52:38.208440,34.005,10030027638,2040,6251,35,100,0
1777924358.227999,2026-05-04T21:52:38.227999,34.005,10030027638,2040,6251,35,100,0
1777924358.2476015,2026-05-04T21:52:38.247602,34.342,10030027638,2040,6251,35,100,0
1777924358.2669828,2026-05-04T21:52:38.266983,34.342,10030027638,2040,6251,35,100,0
1777924358.2905176,2026-05-04T21:52:38.290518,34.342,10030031165,2040,6251,35,100,0
1777924358.3089266,2026-05-04T21:52:38.308927,34.342,10030031165,2040,6251,35,100,0
1777924358.3216622,2026-05-04T21:52:38.321662,34.342,10030031165,2040,6251,35,100,0
1777924358.3344855,2026-05-04T21:52:38.334486,34.342,10030031165,2040,6251,35,100,0
1777924358.347224,2026-05-04T21:52:38.347224,34.682,10030031165,2040,6251,36,100,0
1777924358.3597167,2026-05-04T21:52:38.359717,34.682,10030031165,2040,6251,36,100,0
1777924358.3723023,2026-05-04T21:52:38.372302,34.682,10030031165,2040,6251,36,100,0
1777924358.385212,2026-05-04T21:52:38.385212,34.682,10030034989,2040,6251,36,100,0
1777924358.3984585,2026-05-04T21:52:38.398458,34.682,10030034989,2040,6251,36,100,0
1777924358.4109302,2026-05-04T21:52:38.410930,34.682,10030034989,2040,6251,36,100,0
1777924358.4252372,2026-05-04T21:52:38.425237,34.682,10030034989,2040,6251,36,100,0
1777924358.43772,2026-05-04T21:52:38.437720,34.682,10030034989,2040,6251,36,100,0
1777924358.4501352,2026-05-04T21:52:38.450135,35.056,10030034989,2040,6251,35,100,0
1777924358.4653766,2026-05-04T21:52:38.465377,35.056,10030034989,2040,6251,35,100,0
1777924358.4779453,2026-05-04T21:52:38.477945,35.056,10030034989,2040,6251,35,100,0
1777924358.4906034,2026-05-04T21:52:38.490603,35.056,10030038089,2040,6251,35,100,0
1777924358.5052671,2026-05-04T21:52:38.505267,35.056,10030038089,2040,6251,35,100,0
1777924358.5177608,2026-05-04T21:52:38.517761,35.056,10030038089,2040,6251,35,100,0
1777924358.5305548,2026-05-04T21:52:38.530555,35.056,10030038089,2040,6251,35,100,0
1777924358.5451415,2026-05-04T21:52:38.545141,34.7,10030038089,2040,6251,35,100,0
1777924358.5577023,2026-05-04T21:52:38.557702,34.7,10030038089,2040,6251,35,100,0
1777924358.570307,2026-05-04T21:52:38.570307,34.7,10030038089,2040,6251,35,100,0
1777924358.5851007,2026-05-04T21:52:38.585101,34.7,10030041192,2040,6251,35,100,0
1777924358.5985208,2026-05-04T21:52:38.598521,34.7,10030041192,2040,6251,35,100,0
1777924358.611193,2026-05-04T21:52:38.611193,34.7,10030041192,2040,6251,35,100,0
1777924358.6250498,2026-05-04T21:52:38.625050,34.7,10030041192,2040,6251,35,100,0
1777924358.6375751,2026-05-04T21:52:38.637575,34.7,10030041192,2040,6251,35,100,0
1777924358.650231,2026-05-04T21:52:38.650231,34.273,10030041192,2040,6251,35,100,0
1777924358.6651044,2026-05-04T21:52:38.665104,34.273,10030041192,2040,6251,35,100,0
1777924358.6776574,2026-05-04T21:52:38.677657,34.273,10030041192,2040,6251,35,100,0
1777924358.6902947,2026-05-04T21:52:38.690295,34.273,10030044297,2040,6251,35,100,0
1777924358.70525,2026-05-04T21:52:38.705250,34.273,10030044297,2040,6251,35,100,0
1777924358.7177644,2026-05-04T21:52:38.717764,34.273,10030044297,2040,6251,35,100,0
1777924358.7304559,2026-05-04T21:52:38.730456,34.273,10030044297,2040,6251,35,100,0
1777924358.7454004,2026-05-04T21:52:38.745400,33.978,10030044297,2040,6251,35,100,0
1777924358.7580252,2026-05-04T21:52:38.758025,33.978,10030044297,2040,6251,35,100,0
1777924358.7707481,2026-05-04T21:52:38.770748,33.978,10030044297,2040,6251,35,100,0
1777924358.785001,2026-05-04T21:52:38.785001,33.978,10030047398,2040,6251,35,100,0
1777924358.798444,2026-05-04T21:52:38.798444,33.978,10030047398,2040,6251,35,100,0
1777924358.811433,2026-05-04T21:52:38.811433,33.978,10030047398,2040,6251,35,100,0
1777924358.8250184,2026-05-04T21:52:38.825018,33.978,10030047398,2040,6251,35,100,0
1777924358.837656,2026-05-04T21:52:38.837656,33.978,10030047398,2040,6251,35,100,0
1777924358.8503432,2026-05-04T21:52:38.850343,33.422,10030047398,2040,6251,34,100,0
1777924358.864981,2026-05-04T21:52:38.864981,33.422,10030047398,2040,6251,34,100,0
1777924358.8773925,2026-05-04T21:52:38.877393,33.422,10030047398,2040,6251,34,100,0
1777924358.8899672,2026-05-04T21:52:38.889967,33.422,10030050265,2040,6251,34,100,0
1777924358.905176,2026-05-04T21:52:38.905176,33.422,10030050265,2040,6251,34,100,0
1777924358.91773,2026-05-04T21:52:38.917730,33.422,10030050265,2040,6251,34,100,0
1777924358.9304235,2026-05-04T21:52:38.930423,33.422,10030050265,2040,6251,34,100,0
1777924358.9450011,2026-05-04T21:52:38.945001,32.95,10030050265,2040,6251,34,13,2
1777924358.9575331,2026-05-04T21:52:38.957533,32.95,10030050265,2040,6251,34,13,2
1777924358.9701538,2026-05-04T21:52:38.970154,32.95,10030050265,2040,6251,34,13,2
1777924358.9849985,2026-05-04T21:52:38.984998,32.95,10030053091,2040,6251,34,13,2
1777924358.9982643,2026-05-04T21:52:38.998264,32.95,10030053091,2040,6251,34,13,2
1777924359.0108166,2026-05-04T21:52:39.010817,32.95,10030053091,2040,6251,34,13,2
1777924359.0251923,2026-05-04T21:52:39.025192,32.95,10030053091,2040,6251,34,13,2
1777924359.0378187,2026-05-04T21:52:39.037819,32.95,10030053091,2040,6251,34,13,2
1777924359.050405,2026-05-04T21:52:39.050405,31.821,10030053091,2040,6251,34,13,2
1777924359.064894,2026-05-04T21:52:39.064894,31.821,10030053091,2040,6251,34,13,2
1777924359.0773149,2026-05-04T21:52:39.077315,31.821,10030053091,2040,6251,34,13,2
1777924359.0899107,2026-05-04T21:52:39.089911,31.821,10030055931,2040,6251,34,13,2
1777924359.1051366,2026-05-04T21:52:39.105137,31.821,10030055931,2040,6251,34,13,2
1777924359.1177006,2026-05-04T21:52:39.117701,31.821,10030055931,2040,6251,34,13,2
1777924359.1304576,2026-05-04T21:52:39.130458,31.821,10030055931,2040,6251,34,13,2
1777924359.1449528,2026-05-04T21:52:39.144953,31.519,10030055931,2040,6251,34,13,2
1777924359.1574354,2026-05-04T21:52:39.157435,31.519,10030055931,2040,6251,34,13,2
1777924359.1700003,2026-05-04T21:52:39.170000,31.519,10030055931,2040,6251,34,13,2
1777924359.1849132,2026-05-04T21:52:39.184913,31.519,10030058774,2040,6251,34,13,2
1777924359.1983008,2026-05-04T21:52:39.198301,31.519,10030058774,2040,6251,34,13,2
1777924359.2108586,2026-05-04T21:52:39.210859,31.519,10030058774,2040,6251,34,13,2
1777924359.2248325,2026-05-04T21:52:39.224833,31.519,10030058774,2040,6251,34,13,2
1777924359.2371902,2026-05-04T21:52:39.237190,31.519,10030058774,2040,6251,34,13,2
1777924359.249675,2026-05-04T21:52:39.249675,30.523,10030058774,2040,6251,34,13,2
1777924359.2647674,2026-05-04T21:52:39.264767,30.523,10030058774,2040,6251,34,13,2
1777924359.277065,2026-05-04T21:52:39.277065,30.523,10030058774,2040,6251,34,13,2
1777924359.2894888,2026-05-04T21:52:39.289489,30.523,10030061614,2040,6251,34,13,2
1777924359.3051958,2026-05-04T21:52:39.305196,30.523,10030061614,2040,6251,34,13,2
1777924359.3175871,2026-05-04T21:52:39.317587,30.523,10030061614,2040,6251,34,13,2
1777924359.330136,2026-05-04T21:52:39.330136,30.523,10030061614,2040,6251,34,13,2
1777924359.3449304,2026-05-04T21:52:39.344930,30.338,10030061614,2040,6251,35,13,2
1777924359.3574493,2026-05-04T21:52:39.357449,30.338,10030061614,2040,6251,35,13,2
1777924359.370051,2026-05-04T21:52:39.370051,30.338,10030061614,2040,6251,35,13,2
1777924359.3849533,2026-05-04T21:52:39.384953,30.338,10030065267,2040,6251,35,13,2
1777924359.3982127,2026-05-04T21:52:39.398213,30.338,10030065267,2040,6251,35,13,2
1777924359.4107974,2026-05-04T21:52:39.410797,30.338,10030065267,2040,6251,35,13,2
1777924359.424823,2026-05-04T21:52:39.424823,30.338,10030065267,2040,6251,35,13,2
1777924359.4373097,2026-05-04T21:52:39.437310,30.338,10030065267,2040,6251,35,13,2
1777924359.4498837,2026-05-04T21:52:39.449884,30.855,10030065267,2040,6251,35,13,2
1777924359.4649642,2026-05-04T21:52:39.464964,30.855,10030065267,2040,6251,35,13,2
1777924359.477382,2026-05-04T21:52:39.477382,30.855,10030065267,2040,6251,35,13,2
1777924359.4899926,2026-05-04T21:52:39.489993,30.855,10030069378,2040,6251,35,13,2
1777924359.5050712,2026-05-04T21:52:39.505071,30.855,10030069378,2040,6251,35,13,2
1777924359.5175664,2026-05-04T21:52:39.517566,30.855,10030069378,2040,6251,35,13,2
1777924359.530333,2026-05-04T21:52:39.530333,30.855,10030069378,2040,6251,35,13,2
1777924359.5449677,2026-05-04T21:52:39.544968,32.046,10030069378,2040,6251,36,100,3
1777924359.5575247,2026-05-04T21:52:39.557525,32.046,10030069378,2040,6251,36,100,3
1777924359.5701506,2026-05-04T21:52:39.570151,32.046,10030069378,2040,6251,36,100,3
1777924359.5850286,2026-05-04T21:52:39.585029,32.046,10030074028,2040,6251,36,100,3
1777924359.598149,2026-05-04T21:52:39.598149,32.046,10030074028,2040,6251,36,100,3
1777924359.6107826,2026-05-04T21:52:39.610783,32.046,10030074028,2040,6251,36,100,3
1777924359.6247342,2026-05-04T21:52:39.624734,32.046,10030074028,2040,6251,36,100,3
1777924359.637213,2026-05-04T21:52:39.637213,32.046,10030074028,2040,6251,36,100,3
1777924359.6500015,2026-05-04T21:52:39.650002,33.117,10030074028,2040,6251,36,100,3
1777924359.664961,2026-05-04T21:52:39.664961,33.117,10030074028,2040,6251,36,100,3
1777924359.6775315,2026-05-04T21:52:39.677531,33.117,10030074028,2040,6251,36,100,3
1777924359.6902256,2026-05-04T21:52:39.690226,33.117,10030078243,2040,6251,36,100,3
1777924359.7051063,2026-05-04T21:52:39.705106,33.117,10030078243,2040,6251,36,100,3
1777924359.7176955,2026-05-04T21:52:39.717695,33.117,10030078243,2040,6251,36,100,3
1777924359.7304807,2026-05-04T21:52:39.730481,33.117,10030078243,2040,6251,36,100,3
1777924359.7448494,2026-05-04T21:52:39.744849,34.113,10030078243,2040,6251,36,100,3
1777924359.7576036,2026-05-04T21:52:39.757604,34.113,10030078243,2040,6251,36,100,3
1777924359.7703376,2026-05-04T21:52:39.770338,34.113,10030078243,2040,6251,36,100,3
1777924359.784729,2026-05-04T21:52:39.784729,34.113,10030082467,2040,6251,36,100,3
1777924359.798163,2026-05-04T21:52:39.798163,34.113,10030082467,2040,6251,36,100,3
1777924359.8109145,2026-05-04T21:52:39.810915,34.113,10030082467,2040,6251,36,100,3
1777924359.824756,2026-05-04T21:52:39.824756,34.113,10030082467,2040,6251,36,100,3
1777924359.837392,2026-05-04T21:52:39.837392,34.113,10030082467,2040,6251,36,100,3
1777924359.850158,2026-05-04T21:52:39.850158,35.136,10030082467,2040,6251,36,100,3
1777924359.8650181,2026-05-04T21:52:39.865018,35.136,10030082467,2040,6251,36,100,3
1777924359.8776543,2026-05-04T21:52:39.877654,35.136,10030082467,2040,6251,36,100,3
1777924359.8903272,2026-05-04T21:52:39.890327,35.136,10030086698,2040,6251,36,100,3
1777924359.9049318,2026-05-04T21:52:39.904932,35.136,10030086698,2040,6251,36,100,3
1777924359.917591,2026-05-04T21:52:39.917591,35.136,10030086698,2040,6251,36,100,3
1777924359.93053,2026-05-04T21:52:39.930530,35.136,10030086698,2040,6251,36,100,3
1777924359.9447634,2026-05-04T21:52:39.944763,36.136,10030086698,2040,6251,36,100,3
1777924359.957418,2026-05-04T21:52:39.957418,36.136,10030086698,2040,6251,36,100,3
1777924359.9700909,2026-05-04T21:52:39.970091,36.136,10030086698,2040,6251,36,100,3
1777924359.9846587,2026-05-04T21:52:39.984659,36.136,10030090485,2040,6251,36,100,3
1777924359.9980447,2026-05-04T21:52:39.998045,36.136,10030090485,2040,6251,36,100,3
1777924360.0106704,2026-05-04T21:52:40.010670,36.136,10030090485,2040,6251,36,100,3
1777924360.024554,2026-05-04T21:52:40.024554,36.136,10030090485,2040,6251,36,100,3
1777924360.0373087,2026-05-04T21:52:40.037309,36.136,10030090485,2040,6251,36,100,3
1777924360.0499947,2026-05-04T21:52:40.049995,36.487,10030090485,2040,6251,35,100,3
1777924360.0646284,2026-05-04T21:52:40.064628,36.487,10030090485,2040,6251,35,100,3
1777924360.0771906,2026-05-04T21:52:40.077191,36.487,10030090485,2040,6251,35,100,3
1777924360.0897799,2026-05-04T21:52:40.089780,36.487,10030093640,2040,6251,35,100,3
1777924360.104759,2026-05-04T21:52:40.104759,36.487,10030093640,2040,6251,35,100,3
1777924360.1173573,2026-05-04T21:52:40.117357,36.487,10030093640,2040,6251,35,100,3
1777924360.1302774,2026-05-04T21:52:40.130277,36.487,10030093640,2040,6251,35,100,3
1777924360.144958,2026-05-04T21:52:40.144958,36.77,10030093640,2040,6251,35,100,0
1777924360.157586,2026-05-04T21:52:40.157586,36.77,10030093640,2040,6251,35,100,0
1777924360.1702821,2026-05-04T21:52:40.170282,36.77,10030093640,2040,6251,35,100,0
1777924360.1846054,2026-05-04T21:52:40.184605,36.77,10030096803,2040,6251,35,100,0
1777924360.197983,2026-05-04T21:52:40.197983,36.77,10030096803,2040,6251,35,100,0
1777924360.210909,2026-05-04T21:52:40.210909,36.77,10030096803,2040,6251,35,100,0
1777924360.2245078,2026-05-04T21:52:40.224508,36.77,10030096803,2040,6251,35,100,0
1777924360.2370727,2026-05-04T21:52:40.237073,36.77,10030096803,2040,6251,35,100,0
1777924360.2497284,2026-05-04T21:52:40.249728,37.049,10030096803,2040,6251,35,100,0
1777924360.2645366,2026-05-04T21:52:40.264537,37.049,10030096803,2040,6251,35,100,0
1777924360.2770631,2026-05-04T21:52:40.277063,37.049,10030096803,2040,6251,35,100,0
1777924360.2896757,2026-05-04T21:52:40.289676,37.049,10030099965,2040,6251,35,100,0
1777924360.3046734,2026-05-04T21:52:40.304673,37.049,10030099965,2040,6251,35,100,0
1777924360.317252,2026-05-04T21:52:40.317252,37.049,10030099965,2040,6251,35,100,0
1777924360.3301394,2026-05-04T21:52:40.330139,37.049,10030099965,2040,6251,35,100,0
1777924360.3446069,2026-05-04T21:52:40.344607,37.316,10030099965,2040,6251,35,100,0
1777924360.3572385,2026-05-04T21:52:40.357239,37.316,10030099965,2040,6251,35,100,0
1777924360.369909,2026-05-04T21:52:40.369909,37.316,10030099965,2040,6251,35,100,0
1777924360.384524,2026-05-04T21:52:40.384524,37.316,10030103126,2040,6251,35,100,0
1777924360.3979478,2026-05-04T21:52:40.397948,37.316,10030103126,2040,6251,35,100,0
1777924360.4106646,2026-05-04T21:52:40.410665,37.316,10030103126,2040,6251,35,100,0
1777924360.4247441,2026-05-04T21:52:40.424744,37.316,10030103126,2040,6251,35,100,0
1777924360.4372528,2026-05-04T21:52:40.437253,37.316,10030103126,2040,6251,35,100,0
1777924360.4499125,2026-05-04T21:52:40.449913,37.585,10030103126,2040,6251,35,100,0
1777924360.4645152,2026-05-04T21:52:40.464515,37.585,10030103126,2040,6251,35,100,0
1777924360.4770298,2026-05-04T21:52:40.477030,37.585,10030103126,2040,6251,35,100,0
1777924360.4896326,2026-05-04T21:52:40.489633,37.585,10030106287,2040,6251,35,100,0
1777924360.5046535,2026-05-04T21:52:40.504653,37.585,10030106287,2040,6251,35,100,0
1777924360.5172086,2026-05-04T21:52:40.517209,37.585,10030106287,2040,6251,35,100,0
1777924360.5300162,2026-05-04T21:52:40.530016,37.585,10030106287,2040,6251,35,100,0
1777924360.5445845,2026-05-04T21:52:40.544585,36.75,10030106287,2040,6251,35,100,0
1777924360.5572124,2026-05-04T21:52:40.557212,36.75,10030106287,2040,6251,35,100,0
1777924360.5698686,2026-05-04T21:52:40.569869,36.75,10030106287,2040,6251,35,100,0
1777924360.5844817,2026-05-04T21:52:40.584482,36.75,10030109445,2040,6251,35,100,0
1777924360.5978174,2026-05-04T21:52:40.597817,36.75,10030109445,2040,6251,35,100,0
1777924360.6105409,2026-05-04T21:52:40.610541,36.75,10030109445,2040,6251,35,100,0
1777924360.6245012,2026-05-04T21:52:40.624501,36.75,10030109445,2040,6251,35,100,0
1777924360.6368809,2026-05-04T21:52:40.636881,36.75,10030109445,2040,6251,35,100,0
1777924360.6495652,2026-05-04T21:52:40.649565,35.576,10030109445,2040,6251,35,100,0
1777924360.6645758,2026-05-04T21:52:40.664576,35.576,10030109445,2040,6251,35,100,0
1777924360.6770005,2026-05-04T21:52:40.677001,35.576,10030109445,2040,6251,35,100,0
1777924360.6895187,2026-05-04T21:52:40.689519,35.576,10030112608,2040,6251,35,100,0
1777924360.7049575,2026-05-04T21:52:40.704957,35.576,10030112608,2040,6251,35,100,0
1777924360.717466,2026-05-04T21:52:40.717466,35.576,10030112608,2040,6251,35,100,0
1777924360.7302172,2026-05-04T21:52:40.730217,35.576,10030112608,2040,6251,35,100,0
1777924360.744504,2026-05-04T21:52:40.744504,34.543,10030112608,2040,6251,35,100,0
1777924360.7571216,2026-05-04T21:52:40.757122,34.543,10030112608,2040,6251,35,100,0
1777924360.7698083,2026-05-04T21:52:40.769808,34.543,10030112608,2040,6251,35,100,0
1777924360.7843978,2026-05-04T21:52:40.784398,34.543,10030115760,2040,6251,35,100,0
1777924360.7977836,2026-05-04T21:52:40.797784,34.543,10030115760,2040,6251,35,100,0
1777924360.8104675,2026-05-04T21:52:40.810467,34.543,10030115760,2040,6251,35,100,0
1777924360.8243685,2026-05-04T21:52:40.824368,34.543,10030115760,2040,6251,35,100,0
1777924360.8368962,2026-05-04T21:52:40.836896,34.543,10030115760,2040,6251,35,100,0
1777924360.849499,2026-05-04T21:52:40.849499,33.607,10030115760,2040,6251,35,100,0
1777924360.8644001,2026-05-04T21:52:40.864400,33.607,10030115760,2040,6251,35,100,0
1777924360.877008,2026-05-04T21:52:40.877008,33.607,10030115760,2040,6251,35,100,0
1777924360.8896205,2026-05-04T21:52:40.889621,33.607,10030118936,2040,6251,35,100,0
1777924360.904549,2026-05-04T21:52:40.904549,33.607,10030118936,2040,6251,35,100,0
1777924360.9171255,2026-05-04T21:52:40.917125,33.607,10030118936,2040,6251,35,100,0
1777924360.9299948,2026-05-04T21:52:40.929995,33.607,10030118936,2040,6251,35,100,0
1777924360.9443948,2026-05-04T21:52:40.944395,32.651,10030118936,2040,6251,35,100,0
1777924360.9570084,2026-05-04T21:52:40.957008,32.651,10030118936,2040,6251,35,100,0
1777924360.9696836,2026-05-04T21:52:40.969684,32.651,10030118936,2040,6251,35,100,0
1777924360.984624,2026-05-04T21:52:40.984624,32.651,10030122096,2040,6251,35,100,0
1777924360.9978356,2026-05-04T21:52:40.997836,32.651,10030122096,2040,6251,35,100,0
1777924361.0104673,2026-05-04T21:52:41.010467,32.651,10030122096,2040,6251,35,100,0
1777924361.0243204,2026-05-04T21:52:41.024320,32.651,10030122096,2040,6251,35,100,0
1777924361.0368547,2026-05-04T21:52:41.036855,32.651,10030122096,2040,6251,35,100,0
1777924361.0495224,2026-05-04T21:52:41.049522,31.726,10030122096,2040,6251,35,100,0
1777924361.0643125,2026-05-04T21:52:41.064312,31.726,10030122096,2040,6251,35,100,0
1777924361.0768456,2026-05-04T21:52:41.076846,31.726,10030122096,2040,6251,35,100,0
1777924361.0895844,2026-05-04T21:52:41.089584,31.726,10030125247,2040,6251,35,100,0
1777924361.1045415,2026-05-04T21:52:41.104542,31.726,10030125247,2040,6251,35,100,0
1777924361.116984,2026-05-04T21:52:41.116984,31.726,10030125247,2040,6251,35,100,0
1777924361.129519,2026-05-04T21:52:41.129519,31.726,10030125247,2040,6251,35,100,0
1777924361.1443584,2026-05-04T21:52:41.144358,31.682,10030125247,2040,6251,35,100,0
1777924361.15688,2026-05-04T21:52:41.156880,31.682,10030125247,2040,6251,35,100,0
1777924361.1694014,2026-05-04T21:52:41.169401,31.682,10030125247,2040,6251,35,100,0
1777924361.1843228,2026-05-04T21:52:41.184323,31.682,10030128390,2040,6251,35,100,0
1777924361.197712,2026-05-04T21:52:41.197712,31.682,10030128390,2040,6251,35,100,0
1777924361.2103353,2026-05-04T21:52:41.210335,31.682,10030128390,2040,6251,35,100,0
1777924361.2242486,2026-05-04T21:52:41.224249,31.682,10030128390,2040,6251,35,100,0
1777924361.2368581,2026-05-04T21:52:41.236858,31.682,10030128390,2040,6251,35,100,0
1777924361.2495236,2026-05-04T21:52:41.249524,31.682,10030128390,2040,6251,35,100,0
1777924361.2644753,2026-05-04T21:52:41.264475,31.682,10030128390,2040,6251,35,100,0
1777924361.2770286,2026-05-04T21:52:41.277029,31.682,10030128390,2040,6251,35,100,0
1777924361.2896025,2026-05-04T21:52:41.289603,31.682,10030131552,2040,6251,35,100,0
1777924361.3044748,2026-05-04T21:52:41.304475,31.682,10030131552,2040,6251,35,100,0
1777924361.3169866,2026-05-04T21:52:41.316987,31.682,10030131552,2040,6251,35,100,0
1777924361.3296688,2026-05-04T21:52:41.329669,31.682,10030131552,2040,6251,35,100,0
1777924361.3442242,2026-05-04T21:52:41.344224,31.664,10030131552,2040,6251,35,100,0
1777924361.3568015,2026-05-04T21:52:41.356802,31.664,10030131552,2040,6251,35,100,0
1777924361.3694837,2026-05-04T21:52:41.369484,31.664,10030131552,2040,6251,35,100,0
1777924361.3842523,2026-05-04T21:52:41.384252,31.664,10030134697,2040,6251,35,100,0
1777924361.397631,2026-05-04T21:52:41.397631,31.664,10030134697,2040,6251,35,100,0
1777924361.4103577,2026-05-04T21:52:41.410358,31.664,10030134697,2040,6251,35,100,0
1777924361.4242206,2026-05-04T21:52:41.424221,31.664,10030134697,2040,6251,35,100,0
1777924361.4367194,2026-05-04T21:52:41.436719,31.664,10030134697,2040,6251,35,100,0
1777924361.449359,2026-05-04T21:52:41.449359,31.664,10030134697,2040,6251,35,100,0
1777924361.4641995,2026-05-04T21:52:41.464200,31.664,10030134697,2040,6251,35,100,0
1777924361.4767888,2026-05-04T21:52:41.476789,31.664,10030134697,2040,6251,35,100,0
1777924361.4893677,2026-05-04T21:52:41.489368,31.664,10030137863,2040,6251,35,100,0
1777924361.5043669,2026-05-04T21:52:41.504367,31.664,10030137863,2040,6251,35,100,0
1777924361.5168326,2026-05-04T21:52:41.516833,31.664,10030137863,2040,6251,35,100,0
1777924361.5294886,2026-05-04T21:52:41.529489,31.664,10030137863,2040,6251,35,100,0
1777924361.5445585,2026-05-04T21:52:41.544559,31.682,10030137863,2040,6251,35,100,0
1777924361.557223,2026-05-04T21:52:41.557223,31.682,10030137863,2040,6251,35,100,0
1777924361.5698893,2026-05-04T21:52:41.569889,31.682,10030137863,2040,6251,35,100,0
1777924361.5841036,2026-05-04T21:52:41.584104,31.682,10030141024,2040,6251,35,100,0
1777924361.597583,2026-05-04T21:52:41.597583,31.682,10030141024,2040,6251,35,100,0
1777924361.6104782,2026-05-04T21:52:41.610478,31.682,10030141024,2040,6251,35,100,0
1777924361.6240978,2026-05-04T21:52:41.624098,31.682,10030141024,2040,6251,35,100,0
1777924361.6366343,2026-05-04T21:52:41.636634,31.682,10030141024,2040,6251,35,100,0
1777924361.6491833,2026-05-04T21:52:41.649183,31.726,10030141024,2040,6251,35,100,0
1777924361.6642025,2026-05-04T21:52:41.664202,31.726,10030141024,2040,6251,35,100,0
1777924361.6767333,2026-05-04T21:52:41.676733,31.726,10030141024,2040,6251,35,100,0
1777924361.689282,2026-05-04T21:52:41.689282,31.726,10030144186,2040,6251,35,100,0
1777924361.7043881,2026-05-04T21:52:41.704388,31.726,10030144186,2040,6251,35,100,0
1777924361.7168365,2026-05-04T21:52:41.716836,31.726,10030144186,2040,6251,35,100,0
1777924361.7295883,2026-05-04T21:52:41.729588,31.726,10030144186,2040,6251,35,100,0
1777924361.7441823,2026-05-04T21:52:41.744182,31.779,10030144186,2040,6251,35,100,0
1777924361.7567637,2026-05-04T21:52:41.756764,31.779,10030144186,2040,6251,35,100,0
1777924361.7694225,2026-05-04T21:52:41.769423,31.779,10030144186,2040,6251,35,100,0
1777924361.7840521,2026-05-04T21:52:41.784052,31.779,10030147340,2040,6251,35,100,0
1777924361.7974832,2026-05-04T21:52:41.797483,31.779,10030147340,2040,6251,35,100,0
1777924361.8100863,2026-05-04T21:52:41.810086,31.779,10030147340,2040,6251,35,100,0
1777924361.8243413,2026-05-04T21:52:41.824341,31.779,10030147340,2040,6251,35,100,0
1777924361.836927,2026-05-04T21:52:41.836927,31.779,10030147340,2040,6251,35,100,0
1777924361.8495753,2026-05-04T21:52:41.849575,31.779,10030147340,2040,6251,35,100,0
1777924361.8641415,2026-05-04T21:52:41.864141,31.779,10030147340,2040,6251,35,100,0
1777924361.8766763,2026-05-04T21:52:41.876676,31.779,10030147340,2040,6251,35,100,0
1777924361.8892052,2026-05-04T21:52:41.889205,31.779,10030150494,2040,6251,35,100,0
1777924361.9043167,2026-05-04T21:52:41.904317,31.779,10030150494,2040,6251,35,100,0
1777924361.9169078,2026-05-04T21:52:41.916908,31.779,10030150494,2040,6251,35,100,0
1777924361.9297261,2026-05-04T21:52:41.929726,31.779,10030150494,2040,6251,35,100,0
1777924361.9441054,2026-05-04T21:52:41.944105,31.743,10030150494,2040,6251,35,100,0
1777924361.9567888,2026-05-04T21:52:41.956789,31.743,10030150494,2040,6251,35,100,0
1777924361.969463,2026-05-04T21:52:41.969463,31.743,10030150494,2040,6251,35,100,0
1777924361.9839652,2026-05-04T21:52:41.983965,31.743,10030153647,2040,6251,35,100,0
1777924361.9974194,2026-05-04T21:52:41.997419,31.743,10030153647,2040,6251,35,100,0
1777924362.0099487,2026-05-04T21:52:42.009949,31.743,10030153647,2040,6251,35,100,0
1777924362.023995,2026-05-04T21:52:42.023995,31.743,10030153647,2040,6251,35,100,0
1777924362.0365107,2026-05-04T21:52:42.036511,31.743,10030153647,2040,6251,35,100,0
1777924362.049074,2026-05-04T21:52:42.049074,31.752,10030153647,2040,6251,35,100,0
1777924362.0640345,2026-05-04T21:52:42.064034,31.752,10030153647,2040,6251,35,100,0
1777924362.0765953,2026-05-04T21:52:42.076595,31.752,10030153647,2040,6251,35,100,0
1777924362.0891123,2026-05-04T21:52:42.089112,31.752,10030156810,2040,6251,35,100,0
1777924362.1044934,2026-05-04T21:52:42.104493,31.752,10030156810,2040,6251,35,100,0
1777924362.1168764,2026-05-04T21:52:42.116876,31.752,10030156810,2040,6251,35,100,0
1777924362.1294312,2026-05-04T21:52:42.129431,31.752,10030156810,2040,6251,35,100,0
1777924362.1440568,2026-05-04T21:52:42.144057,31.743,10030156810,2040,6251,35,100,0
1777924362.1565545,2026-05-04T21:52:42.156554,31.743,10030156810,2040,6251,35,100,0
1777924362.1691585,2026-05-04T21:52:42.169158,31.743,10030156810,2040,6251,35,100,0
1777924362.1839886,2026-05-04T21:52:42.183989,31.743,10030159900,2040,6251,35,100,0
1777924362.1973145,2026-05-04T21:52:42.197315,31.743,10030159900,2040,6251,35,100,0
1777924362.20991,2026-05-04T21:52:42.209910,31.743,10030159900,2040,6251,35,100,0
1777924362.2239566,2026-05-04T21:52:42.223957,31.743,10030159900,2040,6251,35,100,0
1777924362.236364,2026-05-04T21:52:42.236364,31.743,10030159900,2040,6251,35,100,0
1777924362.2489493,2026-05-04T21:52:42.248949,31.672,10030159900,2040,6251,35,100,0
1777924362.2639084,2026-05-04T21:52:42.263908,31.672,10030159900,2040,6251,35,100,0
1777924362.2763467,2026-05-04T21:52:42.276347,31.672,10030159900,2040,6251,35,100,0
1777924362.2888577,2026-05-04T21:52:42.288858,31.672,10030162971,2040,6251,35,100,0
1777924362.3040018,2026-05-04T21:52:42.304002,31.672,10030162971,2040,6251,35,100,0
1777924362.3164341,2026-05-04T21:52:42.316434,31.672,10030162971,2040,6251,35,100,0
1777924362.3290386,2026-05-04T21:52:42.329039,31.672,10030162971,2040,6251,35,100,0
1777924362.343915,2026-05-04T21:52:42.343915,31.593,10030162971,2040,6251,35,100,0
1777924362.3563902,2026-05-04T21:52:42.356390,31.593,10030162971,2040,6251,35,100,0
1777924362.3720486,2026-05-04T21:52:42.372049,31.593,10030162971,2040,6251,35,100,0
1777924362.3892143,2026-05-04T21:52:42.389214,31.593,10030166128,2040,6251,35,100,0
1777924362.4060445,2026-05-04T21:52:42.406044,31.593,10030166128,2040,6251,35,100,0
1777924362.4278233,2026-05-04T21:52:42.427823,31.593,10030166128,2040,6251,35,100,0
1777924362.4492846,2026-05-04T21:52:42.449285,31.874,10030166128,2040,6251,35,100,0
1777924362.4716165,2026-05-04T21:52:42.471617,31.874,10030166128,2040,6251,35,100,0
1777924362.491968,2026-05-04T21:52:42.491968,31.874,10030169619,2040,6251,35,100,0
1777924362.5090635,2026-05-04T21:52:42.509063,31.874,10030169619,2040,6251,35,100,0
1777924362.5284972,2026-05-04T21:52:42.528497,31.874,10030169619,2040,6251,35,100,0
1777924362.5469358,2026-05-04T21:52:42.546936,32.191,10030169619,2040,6251,35,100,0
1777924362.5700994,2026-05-04T21:52:42.570099,32.191,10030169619,2040,6251,35,100,0
1777924362.588045,2026-05-04T21:52:42.588045,32.191,10030173134,2040,6251,35,100,0
1777924362.6129787,2026-05-04T21:52:42.612979,32.191,10030173134,2040,6251,35,100,0
1777924362.633507,2026-05-04T21:52:42.633507,32.191,10030173134,2040,6251,35,100,0
1777924362.652504,2026-05-04T21:52:42.652504,32.507,10030173134,2040,6251,35,100,0
1777924362.6739697,2026-05-04T21:52:42.673970,32.507,10030173134,2040,6251,35,100,0
1777924362.69312,2026-05-04T21:52:42.693120,32.507,10030176653,2040,6251,35,100,0
1777924362.7131162,2026-05-04T21:52:42.713116,32.507,10030176653,2040,6251,35,100,0
1777924362.7351217,2026-05-04T21:52:42.735122,32.507,10030176653,2040,6251,35,100,0
1777924362.7567844,2026-05-04T21:52:42.756784,32.78,10030176653,2040,6251,35,100,1
1777924362.780042,2026-05-04T21:52:42.780042,32.78,10030180172,2040,6251,35,100,1
1777924362.8004878,2026-05-04T21:52:42.800488,32.78,10030180172,2040,6251,35,100,1
1777924362.8212764,2026-05-04T21:52:42.821276,32.78,10030180172,2040,6251,35,100,1
1777924362.841363,2026-05-04T21:52:42.841363,32.78,10030180172,2040,6251,35,100,1
1777924362.8603244,2026-05-04T21:52:42.860324,33.063,10030180172,2040,6251,35,100,1
1777924362.8790102,2026-05-04T21:52:42.879010,33.063,10030180172,2040,6251,35,100,1
1777924362.8962352,2026-05-04T21:52:42.896235,33.063,10030183681,2040,6251,35,100,1
1777924362.9152532,2026-05-04T21:52:42.915253,33.063,10030183681,2040,6251,35,100,1
1777924362.9345877,2026-05-04T21:52:42.934588,33.063,10030183681,2040,6251,35,100,1
1777924362.9545026,2026-05-04T21:52:42.954503,33.405,10030183681,2040,6251,35,100,1
1777924362.9792798,2026-05-04T21:52:42.979280,33.405,10030183681,2040,6251,35,100,1
1777924362.9977944,2026-05-04T21:52:42.997794,33.405,10030187211,2040,6251,35,100,1
1777924363.0157495,2026-05-04T21:52:43.015749,33.405,10030187211,2040,6251,35,100,1
1777924363.0358825,2026-05-04T21:52:43.035882,33.405,10030187211,2040,6251,35,100,1
1777924363.0572238,2026-05-04T21:52:43.057224,33.738,10030187211,2040,6251,35,100,1
1777924363.0801456,2026-05-04T21:52:43.080146,33.738,10030190711,2040,6251,35,100,1
1777924363.100944,2026-05-04T21:52:43.100944,33.738,10030190711,2040,6251,35,100,1
1777924363.1211355,2026-05-04T21:52:43.121135,33.738,10030190711,2040,6251,35,100,1
1777924363.14175,2026-05-04T21:52:43.141750,33.738,10030190711,2040,6251,35,100,1
1777924363.1611712,2026-05-04T21:52:43.161171,34.284,10030190711,2040,6251,35,100,0
1777924363.1809392,2026-05-04T21:52:43.180939,34.284,10030194226,2040,6251,35,100,0
1777924363.1994057,2026-05-04T21:52:43.199406,34.284,10030194226,2040,6251,35,100,0
1777924363.2182012,2026-05-04T21:52:43.218201,34.284,10030194226,2040,6251,35,100,0
1777924363.2386367,2026-05-04T21:52:43.238637,34.284,10030194226,2040,6251,35,100,0
1777924363.2587402,2026-05-04T21:52:43.258740,34.733,10030194226,2040,6251,35,100,0
1777924363.2814546,2026-05-04T21:52:43.281455,34.733,10030197742,2040,6251,35,100,0
1777924363.2996826,2026-05-04T21:52:43.299683,34.733,10030197742,2040,6251,35,100,0
1777924363.3194132,2026-05-04T21:52:43.319413,34.733,10030197742,2040,6251,35,100,0
1777924363.338392,2026-05-04T21:52:43.338392,34.733,10030197742,2040,6251,35,100,0
1777924363.3594053,2026-05-04T21:52:43.359405,35.164,10030197742,2040,6251,35,100,0
1777924363.382107,2026-05-04T21:52:43.382107,35.164,10030201256,2040,6251,35,100,0
1777924363.4017098,2026-05-04T21:52:43.401710,35.164,10030201256,2040,6251,35,100,0
1777924363.423092,2026-05-04T21:52:43.423092,35.164,10030201256,2040,6251,35,100,0
1777924363.4422462,2026-05-04T21:52:43.442246,35.164,10030201256,2040,6251,35,100,0
1777924363.461395,2026-05-04T21:52:43.461395,35.162,10030201256,2040,6251,35,100,0
1777924363.4812098,2026-05-04T21:52:43.481210,35.162,10030204776,2040,6251,35,100,0
1777924363.5014198,2026-05-04T21:52:43.501420,35.162,10030204776,2040,6251,35,100,0
1777924363.5181222,2026-05-04T21:52:43.518122,35.162,10030204776,2040,6251,35,100,0
1777924363.5408988,2026-05-04T21:52:43.540899,35.162,10030204776,2040,6251,35,100,0
1777924363.5609996,2026-05-04T21:52:43.561000,35.222,10030204776,2040,6251,35,100,0
1777924363.5805113,2026-05-04T21:52:43.580511,35.222,10030208288,2040,6251,35,100,0
1777924363.5995302,2026-05-04T21:52:43.599530,35.222,10030208288,2040,6251,35,100,0
1777924363.6195397,2026-05-04T21:52:43.619540,35.222,10030208288,2040,6251,35,100,0
1777924363.6380048,2026-05-04T21:52:43.638005,35.222,10030208288,2040,6251,35,100,0
1777924363.6565168,2026-05-04T21:52:43.656517,35.222,10030208288,2040,6251,35,100,0
1777924363.6791198,2026-05-04T21:52:43.679120,35.222,10030208288,2040,6251,35,100,0
1777924363.69774,2026-05-04T21:52:43.697740,35.222,10030211811,2040,6251,35,100,0
1777924363.7134733,2026-05-04T21:52:43.713473,35.222,10030211811,2040,6251,35,100,0
1777924363.7319674,2026-05-04T21:52:43.731967,35.222,10030211811,2040,6251,35,100,0
1777924363.7503445,2026-05-04T21:52:43.750345,35.222,10030211811,2040,6251,35,100,0
1777924363.7672284,2026-05-04T21:52:43.767228,35.215,10030211811,2040,6251,35,100,1
1777924363.7872686,2026-05-04T21:52:43.787269,35.215,10030215351,2040,6251,35,100,1
1777924363.8070927,2026-05-04T21:52:43.807093,35.215,10030215351,2040,6251,35,100,1
1777924363.8261926,2026-05-04T21:52:43.826193,35.215,10030215351,2040,6251,35,100,1
1777924363.8477356,2026-05-04T21:52:43.847736,35.215,10030215351,2040,6251,35,100,1
1777924363.8662372,2026-05-04T21:52:43.866237,35.233,10030215351,2040,6251,35,100,1
1777924363.885998,2026-05-04T21:52:43.885998,35.233,10030218871,2040,6251,35,100,1
1777924363.9064124,2026-05-04T21:52:43.906412,35.233,10030218871,2040,6251,35,100,1
1777924363.927572,2026-05-04T21:52:43.927572,35.233,10030218871,2040,6251,35,100,1
1777924363.9464922,2026-05-04T21:52:43.946492,35.233,10030218871,2040,6251,35,100,1
1777924363.9670355,2026-05-04T21:52:43.967036,35.224,10030218871,2040,6251,35,100,1
1777924363.9858766,2026-05-04T21:52:43.985877,35.224,10030222382,2040,6251,35,100,1
1777924364.0075965,2026-05-04T21:52:44.007596,35.224,10030222382,2040,6251,35,100,1
1777924364.0254195,2026-05-04T21:52:44.025419,35.224,10030222382,2040,6251,35,100,1
1777924364.0465608,2026-05-04T21:52:44.046561,35.224,10030222382,2040,6251,35,100,1
1777924364.0681324,2026-05-04T21:52:44.068132,35.224,10030222382,2040,6251,35,100,1
1777924364.087543,2026-05-04T21:52:44.087543,35.224,10030225888,2040,6251,35,100,1
1777924364.1075535,2026-05-04T21:52:44.107553,35.224,10030225888,2040,6251,35,100,1
1777924364.1253057,2026-05-04T21:52:44.125306,35.224,10030225888,2040,6251,35,100,1
1777924364.1465166,2026-05-04T21:52:44.146517,35.224,10030225888,2040,6251,35,100,1
1777924364.1679614,2026-05-04T21:52:44.167961,35.197,10030225888,2040,6251,35,100,1
1777924364.1863053,2026-05-04T21:52:44.186305,35.197,10030229397,2040,6251,35,100,1
1777924364.2080486,2026-05-04T21:52:44.208049,35.197,10030229397,2040,6251,35,100,1
1777924364.2257643,2026-05-04T21:52:44.225764,35.197,10030229397,2040,6251,35,100,1
1777924364.2476785,2026-05-04T21:52:44.247679,35.197,10030229397,2040,6251,35,100,1
1777924364.2673883,2026-05-04T21:52:44.267388,35.197,10030229397,2040,6251,35,100,1
1777924364.2854147,2026-05-04T21:52:44.285415,35.197,10030232900,2040,6251,35,100,1
1777924364.3031242,2026-05-04T21:52:44.303124,35.197,10030232900,2040,6251,35,100,1
1777924364.321616,2026-05-04T21:52:44.321616,35.197,10030232900,2040,6251,35,100,1
1777924364.3402095,2026-05-04T21:52:44.340209,35.197,10030232900,2040,6251,35,100,1
1777924364.3589,2026-05-04T21:52:44.358900,35.197,10030232900,2040,6251,35,100,1
1777924364.377534,2026-05-04T21:52:44.377534,35.18,10030232900,2040,6251,35,100,1
1777924364.396632,2026-05-04T21:52:44.396632,35.18,10030236421,2040,6251,35,100,1
1777924364.4144945,2026-05-04T21:52:44.414495,35.18,10030236421,2040,6251,35,100,1
1777924364.4318972,2026-05-04T21:52:44.431897,35.18,10030236421,2040,6251,35,100,1
1777924364.4510036,2026-05-04T21:52:44.451004,35.18,10030236421,2040,6251,35,100,1
1777924364.4674337,2026-05-04T21:52:44.467434,35.189,10030236421,2040,6251,35,100,1
1777924364.4871328,2026-05-04T21:52:44.487133,35.189,10030239943,2040,6251,35,100,1
1777924364.504291,2026-05-04T21:52:44.504291,35.189,10030239943,2040,6251,35,100,1
1777924364.516916,2026-05-04T21:52:44.516916,35.189,10030239943,2040,6251,35,100,1
1777924364.5297015,2026-05-04T21:52:44.529701,35.189,10030239943,2040,6251,35,100,1
1777924364.543492,2026-05-04T21:52:44.543492,35.189,10030239943,2040,6251,35,100,1
1777924364.5560749,2026-05-04T21:52:44.556075,35.189,10030239943,2040,6251,35,100,1
1777924364.5688987,2026-05-04T21:52:44.568899,35.206,10030239943,2040,6251,35,100,1
1777924364.5835588,2026-05-04T21:52:44.583559,35.206,10030243994,2040,6251,35,100,1
1777924364.5966928,2026-05-04T21:52:44.596693,35.206,10030243994,2040,6251,35,100,1
1777924364.6097164,2026-05-04T21:52:44.609716,35.206,10030243994,2040,6251,35,100,1
1777924364.6235545,2026-05-04T21:52:44.623554,35.206,10030243994,2040,6251,35,100,1
1777924364.63638,2026-05-04T21:52:44.636380,35.206,10030243994,2040,6251,35,100,1
1777924364.6492205,2026-05-04T21:52:44.649220,35.206,10030243994,2040,6251,35,100,1
1777924364.6633165,2026-05-04T21:52:44.663316,35.775,10030243994,2040,6251,36,100,1
1777924364.6759918,2026-05-04T21:52:44.675992,35.775,10030243994,2040,6251,36,100,1
1777924364.688764,2026-05-04T21:52:44.688764,35.775,10030248133,2040,6251,36,100,1
1777924364.7034729,2026-05-04T21:52:44.703473,35.775,10030248133,2040,6251,36,100,1
1777924364.7161183,2026-05-04T21:52:44.716118,35.775,10030248133,2040,6251,36,100,1
1777924364.7308297,2026-05-04T21:52:44.730830,35.775,10030248133,2040,6251,36,100,1
1777924364.7436473,2026-05-04T21:52:44.743647,35.775,10030248133,2040,6251,36,100,1
1777924364.7563014,2026-05-04T21:52:44.756301,35.775,10030248133,2040,6251,36,100,1
1777924364.7691004,2026-05-04T21:52:44.769100,36.655,10030248133,2040,6251,36,100,3
1777924364.7832942,2026-05-04T21:52:44.783294,36.655,10030252676,2040,6251,36,100,3
1777924364.7966497,2026-05-04T21:52:44.796650,36.655,10030252676,2040,6251,36,100,3
1777924364.8093894,2026-05-04T21:52:44.809389,36.655,10030252676,2040,6251,36,100,3
1777924364.8232586,2026-05-04T21:52:44.823259,36.655,10030252676,2040,6251,36,100,3
1777924364.8359473,2026-05-04T21:52:44.835947,36.655,10030252676,2040,6251,36,100,3
1777924364.8486807,2026-05-04T21:52:44.848681,36.655,10030252676,2040,6251,36,100,3
1777924364.8632112,2026-05-04T21:52:44.863211,37.542,10030252676,2040,6251,36,100,3
1777924364.8759334,2026-05-04T21:52:44.875933,37.542,10030252676,2040,6251,36,100,3
1777924364.888675,2026-05-04T21:52:44.888675,37.542,10030256920,2040,6251,36,100,3
1777924364.9035819,2026-05-04T21:52:44.903582,37.542,10030256920,2040,6251,36,100,3
1777924364.9162457,2026-05-04T21:52:44.916246,37.542,10030256920,2040,6251,36,100,3
1777924364.9290097,2026-05-04T21:52:44.929010,37.542,10030256920,2040,6251,36,100,3
1777924364.94331,2026-05-04T21:52:44.943310,37.542,10030256920,2040,6251,36,100,3
1777924364.9559581,2026-05-04T21:52:44.955958,37.542,10030256920,2040,6251,36,100,3
1777924364.9687066,2026-05-04T21:52:44.968707,37.961,10030256920,2040,6251,36,100,4
1777924364.9831147,2026-05-04T21:52:44.983115,37.961,10030260978,2040,6251,36,100,4
1777924364.9965055,2026-05-04T21:52:44.996505,37.961,10030260978,2040,6251,36,100,4
1777924365.0091543,2026-05-04T21:52:45.009154,37.961,10030260978,2040,6251,36,100,4
1777924365.0230389,2026-05-04T21:52:45.023039,37.961,10030260978,2040,6251,36,100,4
1777924365.0355034,2026-05-04T21:52:45.035503,37.961,10030260978,2040,6251,36,100,4
1777924365.0480638,2026-05-04T21:52:45.048064,37.961,10030260978,2040,6251,36,100,4
1777924365.0630033,2026-05-04T21:52:45.063003,38.034,10030260978,2040,6251,35,100,4
1777924365.07549,2026-05-04T21:52:45.075490,38.034,10030260978,2040,6251,35,100,4
1777924365.0879335,2026-05-04T21:52:45.087934,38.034,10030264145,2040,6251,35,100,4
1777924365.1033072,2026-05-04T21:52:45.103307,38.034,10030264145,2040,6251,35,100,4
1777924365.1158338,2026-05-04T21:52:45.115834,38.034,10030264145,2040,6251,35,100,4
1777924365.1297693,2026-05-04T21:52:45.129769,38.034,10030264145,2040,6251,35,100,4
1777924365.1432474,2026-05-04T21:52:45.143247,38.034,10030264145,2040,6251,35,100,4
1777924365.1557958,2026-05-04T21:52:45.155796,38.034,10030264145,2040,6251,35,100,4
1777924365.1684575,2026-05-04T21:52:45.168458,37.452,10030264145,2040,6251,35,100,0
1777924365.183267,2026-05-04T21:52:45.183267,37.452,10030267318,2040,6251,35,100,0
1777924365.1963837,2026-05-04T21:52:45.196384,37.452,10030267318,2040,6251,35,100,0
1777924365.2089815,2026-05-04T21:52:45.208982,37.452,10030267318,2040,6251,35,100,0
1777924365.223018,2026-05-04T21:52:45.223018,37.452,10030267318,2040,6251,35,100,0
1777924365.235518,2026-05-04T21:52:45.235518,37.452,10030267318,2040,6251,35,100,0
1777924365.24818,2026-05-04T21:52:45.248180,37.452,10030267318,2040,6251,35,100,0
1777924365.2629735,2026-05-04T21:52:45.262974,37.348,10030267318,2040,6251,35,100,0
1777924365.2756176,2026-05-04T21:52:45.275618,37.348,10030267318,2040,6251,35,100,0
1777924365.2882628,2026-05-04T21:52:45.288263,37.348,10030270500,2040,6251,35,100,0
1777924365.3031414,2026-05-04T21:52:45.303141,37.348,10030270500,2040,6251,35,100,0
1777924365.3156927,2026-05-04T21:52:45.315693,37.348,10030270500,2040,6251,35,100,0
1777924365.328592,2026-05-04T21:52:45.328592,37.348,10030270500,2040,6251,35,100,0
1777924365.3430214,2026-05-04T21:52:45.343021,37.348,10030270500,2040,6251,35,100,0
1777924365.3555398,2026-05-04T21:52:45.355540,37.348,10030270500,2040,6251,35,100,0
1777924365.3681142,2026-05-04T21:52:45.368114,36.854,10030270500,2040,6251,35,100,0
1777924365.3829622,2026-05-04T21:52:45.382962,36.854,10030273672,2040,6251,35,100,0
1777924365.3963757,2026-05-04T21:52:45.396376,36.854,10030273672,2040,6251,35,100,0
1777924365.4090712,2026-05-04T21:52:45.409071,36.854,10030273672,2040,6251,35,100,0
1777924365.4229403,2026-05-04T21:52:45.422940,36.854,10030273672,2040,6251,35,100,0
1777924365.4355288,2026-05-04T21:52:45.435529,36.854,10030273672,2040,6251,35,100,0
1777924365.4481819,2026-05-04T21:52:45.448182,36.854,10030273672,2040,6251,35,100,0
1777924365.4632182,2026-05-04T21:52:45.463218,36.682,10030273672,2040,6251,35,100,0
1777924365.4758341,2026-05-04T21:52:45.475834,36.682,10030273672,2040,6251,35,100,0
1777924365.4884555,2026-05-04T21:52:45.488456,36.682,10030276862,2040,6251,35,100,0
1777924365.5031598,2026-05-04T21:52:45.503160,36.682,10030276862,2040,6251,35,100,0
1777924365.5157473,2026-05-04T21:52:45.515747,36.682,10030276862,2040,6251,35,100,0
1777924365.5286477,2026-05-04T21:52:45.528648,36.682,10030276862,2040,6251,35,100,0
1777924365.5430112,2026-05-04T21:52:45.543011,36.682,10030276862,2040,6251,35,100,0
1777924365.5555136,2026-05-04T21:52:45.555514,36.682,10030276862,2040,6251,35,100,0
1777924365.5680656,2026-05-04T21:52:45.568066,36.256,10030276862,2040,6251,35,100,0
1777924365.5828693,2026-05-04T21:52:45.582869,36.256,10030280039,2040,6251,35,100,0
1777924365.5963643,2026-05-04T21:52:45.596364,36.256,10030280039,2040,6251,35,100,0
1777924365.6090102,2026-05-04T21:52:45.609010,36.256,10030280039,2040,6251,35,100,0
1777924365.6228545,2026-05-04T21:52:45.622854,36.256,10030280039,2040,6251,35,100,0
1777924365.63534,2026-05-04T21:52:45.635340,36.256,10030280039,2040,6251,35,100,0
1777924365.6479921,2026-05-04T21:52:45.647992,36.256,10030280039,2040,6251,35,100,0
1777924365.662883,2026-05-04T21:52:45.662883,35.927,10030280039,2040,6251,35,100,0
1777924365.6754632,2026-05-04T21:52:45.675463,35.927,10030280039,2040,6251,35,100,0
1777924365.6880426,2026-05-04T21:52:45.688043,35.927,10030283205,2040,6251,35,100,0
1777924365.702975,2026-05-04T21:52:45.702975,35.927,10030283205,2040,6251,35,100,0
1777924365.7154331,2026-05-04T21:52:45.715433,35.927,10030283205,2040,6251,35,100,0
1777924365.728179,2026-05-04T21:52:45.728179,35.927,10030283205,2040,6251,35,100,0
1777924365.743204,2026-05-04T21:52:45.743204,35.927,10030283205,2040,6251,35,100,0
1777924365.755737,2026-05-04T21:52:45.755737,35.927,10030283205,2040,6251,35,100,0
1777924365.768446,2026-05-04T21:52:45.768446,35.046,10030283205,2040,6251,35,100,0
1777924365.7828426,2026-05-04T21:52:45.782843,35.046,10030286371,2040,6251,35,100,0
1777924365.796265,2026-05-04T21:52:45.796265,35.046,10030286371,2040,6251,35,100,0
1777924365.8092093,2026-05-04T21:52:45.809209,35.046,10030286371,2040,6251,35,100,0
1777924365.8228476,2026-05-04T21:52:45.822848,35.046,10030286371,2040,6251,35,100,0
1777924365.8353534,2026-05-04T21:52:45.835353,35.046,10030286371,2040,6251,35,100,0
1777924365.847969,2026-05-04T21:52:45.847969,35.046,10030286371,2040,6251,35,100,0
1777924365.862772,2026-05-04T21:52:45.862772,33.84,10030286371,2040,6251,35,100,0
1777924365.8754132,2026-05-04T21:52:45.875413,33.84,10030286371,2040,6251,35,100,0
1777924365.8880599,2026-05-04T21:52:45.888060,33.84,10030289553,2040,6251,35,100,0
1777924365.902998,2026-05-04T21:52:45.902998,33.84,10030289553,2040,6251,35,100,0
1777924365.9155304,2026-05-04T21:52:45.915530,33.84,10030289553,2040,6251,35,100,0
1777924365.9283073,2026-05-04T21:52:45.928307,33.84,10030289553,2040,6251,35,100,0
1777924365.942889,2026-05-04T21:52:45.942889,33.84,10030289553,2040,6251,35,100,0
1777924365.9554296,2026-05-04T21:52:45.955430,33.84,10030289553,2040,6251,35,100,0
1777924365.9680746,2026-05-04T21:52:45.968075,32.903,10030289553,2040,6251,35,100,0
1777924365.9828053,2026-05-04T21:52:45.982805,32.903,10030292749,2040,6251,35,100,0
1777924365.996185,2026-05-04T21:52:45.996185,32.903,10030292749,2040,6251,35,100,0
1777924366.0088902,2026-05-04T21:52:46.008890,32.903,10030292749,2040,6251,35,100,0
1777924366.0230072,2026-05-04T21:52:46.023007,32.903,10030292749,2040,6251,35,100,0
1777924366.0355566,2026-05-04T21:52:46.035557,32.903,10030292749,2040,6251,35,100,0
1777924366.0482688,2026-05-04T21:52:46.048269,32.903,10030292749,2040,6251,35,100,0
1777924366.062723,2026-05-04T21:52:46.062723,31.99,10030292749,2040,6251,35,100,0
1777924366.0753434,2026-05-04T21:52:46.075343,31.99,10030292749,2040,6251,35,100,0
1777924366.0880055,2026-05-04T21:52:46.088006,31.99,10030295945,2040,6251,35,100,0
1777924366.1029704,2026-05-04T21:52:46.102970,31.99,10030295945,2040,6251,35,100,0
1777924366.1155283,2026-05-04T21:52:46.115528,31.99,10030295945,2040,6251,35,100,0
1777924366.1282792,2026-05-04T21:52:46.128279,31.99,10030295945,2040,6251,35,100,0
1777924366.142753,2026-05-04T21:52:46.142753,31.99,10030295945,2040,6251,35,100,0
1777924366.1553693,2026-05-04T21:52:46.155369,31.99,10030295945,2040,6251,35,100,0
1777924366.168016,2026-05-04T21:52:46.168016,31.866,10030295945,2040,6251,35,100,0
1777924366.1827424,2026-05-04T21:52:46.182742,31.866,10030299118,2040,6251,35,100,0
1777924366.1962364,2026-05-04T21:52:46.196236,31.866,10030299118,2040,6251,35,100,0
1777924366.208905,2026-05-04T21:52:46.208905,31.866,10030299118,2040,6251,35,100,0
1777924366.2227364,2026-05-04T21:52:46.222736,31.866,10030299118,2040,6251,35,100,0
1777924366.2352674,2026-05-04T21:52:46.235267,31.866,10030299118,2040,6251,35,100,0
1777924366.2479446,2026-05-04T21:52:46.247945,31.866,10030299118,2040,6251,35,100,0
1777924366.2627141,2026-05-04T21:52:46.262714,31.875,10030299118,2040,6251,35,100,0
1777924366.275285,2026-05-04T21:52:46.275285,31.875,10030299118,2040,6251,35,100,0
1777924366.287824,2026-05-04T21:52:46.287824,31.875,10030302284,2040,6251,35,100,0
1777924366.3030672,2026-05-04T21:52:46.303067,31.875,10030302284,2040,6251,35,100,0
1777924366.315667,2026-05-04T21:52:46.315667,31.875,10030302284,2040,6251,35,100,0
1777924366.3284428,2026-05-04T21:52:46.328443,31.875,10030302284,2040,6251,35,100,0
1777924366.3426447,2026-05-04T21:52:46.342645,31.875,10030302284,2040,6251,35,100,0
1777924366.3550472,2026-05-04T21:52:46.355047,31.875,10030302284,2040,6251,35,100,0
1777924366.3677442,2026-05-04T21:52:46.367744,31.822,10030302284,2040,6251,35,100,0
1777924366.3825984,2026-05-04T21:52:46.382598,31.822,10030302284,2040,6251,35,100,0
1777924366.394907,2026-05-04T21:52:46.394907,31.822,10030305485,2040,6251,35,100,0
1777924366.4075882,2026-05-04T21:52:46.407588,31.822,10030305485,2040,6251,35,100,0
1777924366.4227104,2026-05-04T21:52:46.422710,31.822,10030305485,2040,6251,35,100,0
1777924366.4350748,2026-05-04T21:52:46.435075,31.822,10030305485,2040,6251,35,100,0
1777924366.447755,2026-05-04T21:52:46.447755,31.822,10030305485,2040,6251,35,100,0
1777924366.462591,2026-05-04T21:52:46.462591,31.805,10030305485,2040,6251,35,100,0
1777924366.475216,2026-05-04T21:52:46.475216,31.805,10030305485,2040,6251,35,100,0
1777924366.4878082,2026-05-04T21:52:46.487808,31.805,10030308619,2040,6251,35,100,0
1777924366.502748,2026-05-04T21:52:46.502748,31.805,10030308619,2040,6251,35,100,0
1777924366.5152247,2026-05-04T21:52:46.515225,31.805,10030308619,2040,6251,35,100,0
1777924366.5278907,2026-05-04T21:52:46.527891,31.805,10030308619,2040,6251,35,100,0
1777924366.5426629,2026-05-04T21:52:46.542663,31.805,10030308619,2040,6251,35,100,0
1777924366.5551429,2026-05-04T21:52:46.555143,31.805,10030308619,2040,6251,35,100,0
1777924366.5677364,2026-05-04T21:52:46.567736,31.796,10030308619,2040,6251,35,100,0
1777924366.5828307,2026-05-04T21:52:46.582831,31.796,10030311781,2040,6251,35,100,0
1777924366.5960586,2026-05-04T21:52:46.596059,31.796,10030311781,2040,6251,35,100,0
1777924366.6087554,2026-05-04T21:52:46.608755,31.796,10030311781,2040,6251,35,100,0
1777924366.6225886,2026-05-04T21:52:46.622589,31.796,10030311781,2040,6251,35,100,0
1777924366.6351073,2026-05-04T21:52:46.635107,31.796,10030311781,2040,6251,35,100,0
1777924366.647684,2026-05-04T21:52:46.647684,31.796,10030311781,2040,6251,35,100,0
1777924366.6625435,2026-05-04T21:52:46.662544,31.821,10030311781,2040,6251,35,100,0
1777924366.6751933,2026-05-04T21:52:46.675193,31.821,10030311781,2040,6251,35,100,0
1777924366.6878252,2026-05-04T21:52:46.687825,31.821,10030314945,2040,6251,35,100,0
1777924366.70274,2026-05-04T21:52:46.702740,31.821,10030314945,2040,6251,35,100,0
1777924366.7152507,2026-05-04T21:52:46.715251,31.821,10030314945,2040,6251,35,100,0
1777924366.72797,2026-05-04T21:52:46.727970,31.821,10030314945,2040,6251,35,100,0
1777924366.7425213,2026-05-04T21:52:46.742521,31.821,10030314945,2040,6251,35,100,0
1777924366.7549536,2026-05-04T21:52:46.754954,31.821,10030314945,2040,6251,35,100,0
1777924366.767536,2026-05-04T21:52:46.767536,31.813,10030314945,2040,6251,35,100,0
1777924366.7825596,2026-05-04T21:52:46.782560,31.813,10030318080,2040,6251,35,100,0
1777924366.795938,2026-05-04T21:52:46.795938,31.813,10030318080,2040,6251,35,100,0
1777924366.8085368,2026-05-04T21:52:46.808537,31.813,10030318080,2040,6251,35,100,0
1777924366.8224964,2026-05-04T21:52:46.822496,31.813,10030318080,2040,6251,35,100,0
1777924366.834875,2026-05-04T21:52:46.834875,31.813,10030318080,2040,6251,35,100,0
1777924366.8474648,2026-05-04T21:52:46.847465,31.813,10030318080,2040,6251,35,100,0
1777924366.8627903,2026-05-04T21:52:46.862790,31.759,10030318080,2040,6251,35,100,0
1777924366.875287,2026-05-04T21:52:46.875287,31.759,10030318080,2040,6251,35,100,0
1777924366.8878875,2026-05-04T21:52:46.887887,31.759,10030321176,2040,6251,35,100,0
1777924366.9026718,2026-05-04T21:52:46.902672,31.759,10030321176,2040,6251,35,100,0
1777924366.9151008,2026-05-04T21:52:46.915101,31.759,10030321176,2040,6251,35,100,0
1777924366.9278097,2026-05-04T21:52:46.927810,31.759,10030321176,2040,6251,35,100,0
1777924366.9424884,2026-05-04T21:52:46.942488,31.759,10030321176,2040,6251,35,100,0
1777924366.9591472,2026-05-04T21:52:46.959147,31.759,10030321176,2040,6251,35,100,0
1777924366.9752996,2026-05-04T21:52:46.975300,31.706,10030321176,2040,6251,35,100,0
1777924366.9956512,2026-05-04T21:52:46.995651,31.706,10030324395,2040,6251,35,100,0
1777924367.0155234,2026-05-04T21:52:47.015523,31.706,10030324395,2040,6251,35,100,0
1777924367.033642,2026-05-04T21:52:47.033642,31.706,10030324395,2040,6251,35,100,0
1777924367.0511544,2026-05-04T21:52:47.051154,31.706,10030324395,2040,6251,35,100,0
1777924367.0692859,2026-05-04T21:52:47.069286,31.917,10030324395,2040,6251,35,100,0
1777924367.0863314,2026-05-04T21:52:47.086331,31.917,10030327899,2040,6251,35,100,0
1777924367.1048265,2026-05-04T21:52:47.104826,31.917,10030327899,2040,6251,35,100,0
1777924367.1240287,2026-05-04T21:52:47.124029,31.917,10030327899,2040,6251,35,100,0
1777924367.147006,2026-05-04T21:52:47.147006,31.917,10030327899,2040,6251,35,100,0
1777924367.163642,2026-05-04T21:52:47.163642,32.216,10030327899,2040,6251,35,100,1
1777924367.1846375,2026-05-04T21:52:47.184638,32.216,10030331425,2040,6251,35,100,1
1777924367.2102845,2026-05-04T21:52:47.210284,32.216,10030331425,2040,6251,35,100,1
1777924367.2281594,2026-05-04T21:52:47.228159,32.216,10030331425,2040,6251,35,100,1
1777924367.247205,2026-05-04T21:52:47.247205,32.216,10030331425,2040,6251,35,100,1
1777924367.2669873,2026-05-04T21:52:47.266987,32.524,10030331425,2040,6251,35,100,1
1777924367.286651,2026-05-04T21:52:47.286651,32.524,10030334940,2040,6251,35,100,1
1777924367.3066666,2026-05-04T21:52:47.306667,32.524,10030334940,2040,6251,35,100,1
1777924367.3262339,2026-05-04T21:52:47.326234,32.524,10030334940,2040,6251,35,100,1
1777924367.34566,2026-05-04T21:52:47.345660,32.524,10030334940,2040,6251,35,100,1
1777924367.3662148,2026-05-04T21:52:47.366215,32.85,10030334940,2040,6251,35,100,1
1777924367.3873188,2026-05-04T21:52:47.387319,32.85,10030338450,2040,6251,35,100,1
1777924367.4109347,2026-05-04T21:52:47.410935,32.85,10030338450,2040,6251,35,100,1
1777924367.4282794,2026-05-04T21:52:47.428279,32.85,10030338450,2040,6251,35,100,1
1777924367.4459796,2026-05-04T21:52:47.445980,32.85,10030338450,2040,6251,35,100,1
1777924367.4636936,2026-05-04T21:52:47.463694,33.2,10030338450,2040,6251,35,100,1
1777924367.4860222,2026-05-04T21:52:47.486022,33.2,10030341975,2040,6251,35,100,1
1777924367.50524,2026-05-04T21:52:47.505240,33.2,10030341975,2040,6251,35,100,1
1777924367.5269856,2026-05-04T21:52:47.526986,33.2,10030341975,2040,6251,35,100,1
1777924367.5461025,2026-05-04T21:52:47.546103,33.2,10030341975,2040,6251,35,100,1
1777924367.566672,2026-05-04T21:52:47.566672,33.536,10030341975,2040,6251,35,100,1
1777924367.5891254,2026-05-04T21:52:47.589125,33.536,10030345487,2040,6251,35,100,1
1777924367.6098468,2026-05-04T21:52:47.609847,33.536,10030345487,2040,6251,35,100,1
1777924367.6282828,2026-05-04T21:52:47.628283,33.536,10030345487,2040,6251,35,100,1
1777924367.644439,2026-05-04T21:52:47.644439,33.536,10030345487,2040,6251,35,100,1
1777924367.6667347,2026-05-04T21:52:47.666735,33.851,10030345487,2040,6251,35,100,1
1777924367.690144,2026-05-04T21:52:47.690144,33.851,10030349005,2040,6251,35,100,1
1777924367.7111466,2026-05-04T21:52:47.711147,33.851,10030349005,2040,6251,35,100,1
1777924367.7286022,2026-05-04T21:52:47.728602,33.851,10030349005,2040,6251,35,100,1
1777924367.7455428,2026-05-04T21:52:47.745543,33.851,10030349005,2040,6251,35,100,1
1777924367.7663205,2026-05-04T21:52:47.766320,34.127,10030349005,2040,6251,35,100,1
1777924367.792179,2026-05-04T21:52:47.792179,34.127,10030352524,2040,6251,35,100,1
1777924367.8112886,2026-05-04T21:52:47.811289,34.127,10030352524,2040,6251,35,100,1
1777924367.8279824,2026-05-04T21:52:47.827982,34.127,10030352524,2040,6251,35,100,1
1777924367.8455431,2026-05-04T21:52:47.845543,34.127,10030352524,2040,6251,35,100,1
1777924367.8651705,2026-05-04T21:52:47.865170,34.45,10030352524,2040,6251,35,100,1
1777924367.8885372,2026-05-04T21:52:47.888537,34.45,10030356035,2040,6251,35,100,1
1777924367.9066312,2026-05-04T21:52:47.906631,34.45,10030356035,2040,6251,35,100,1
1777924367.9258153,2026-05-04T21:52:47.925815,34.45,10030356035,2040,6251,35,100,1
1777924367.945477,2026-05-04T21:52:47.945477,34.45,10030356035,2040,6251,35,100,1
1777924367.9662645,2026-05-04T21:52:47.966264,34.831,10030356035,2040,6251,35,100,1
1777924367.9886203,2026-05-04T21:52:47.988620,34.831,10030359545,2040,6251,35,100,1
1777924368.0063744,2026-05-04T21:52:48.006374,34.831,10030359545,2040,6251,35,100,1
1777924368.0236018,2026-05-04T21:52:48.023602,34.831,10030359545,2040,6251,35,100,1
1777924368.0451422,2026-05-04T21:52:48.045142,34.831,10030359545,2040,6251,35,100,1
1777924368.065567,2026-05-04T21:52:48.065567,35.197,10030359545,2040,6251,35,100,1
1777924368.0877314,2026-05-04T21:52:48.087731,35.197,10030363084,2040,6251,35,100,1
1777924368.1054015,2026-05-04T21:52:48.105402,35.197,10030363084,2040,6251,35,100,1
1777924368.125557,2026-05-04T21:52:48.125557,35.197,10030363084,2040,6251,35,100,1
1777924368.145986,2026-05-04T21:52:48.145986,35.197,10030363084,2040,6251,35,100,1
1777924368.1629214,2026-05-04T21:52:48.162921,35.242,10030363084,2040,6251,35,100,1
1777924368.1755402,2026-05-04T21:52:48.175540,35.242,10030363084,2040,6251,35,100,1
1777924368.188376,2026-05-04T21:52:48.188376,35.242,10030366762,2040,6251,35,100,1
1777924368.205278,2026-05-04T21:52:48.205278,35.242,10030366762,2040,6251,35,100,1
1777924368.217733,2026-05-04T21:52:48.217733,35.242,10030366762,2040,6251,35,100,1
1777924368.2342417,2026-05-04T21:52:48.234242,35.242,10030366762,2040,6251,35,100,1
1777924368.2528484,2026-05-04T21:52:48.252848,35.242,10030366762,2040,6251,35,100,1
1777924368.2664266,2026-05-04T21:52:48.266427,35.758,10030366762,2040,6251,35,100,1
1777924368.2820547,2026-05-04T21:52:48.282055,35.758,10030370577,2040,6251,35,100,1
1777924368.301322,2026-05-04T21:52:48.301322,35.758,10030370577,2040,6251,35,100,1
1777924368.3202846,2026-05-04T21:52:48.320285,35.758,10030370577,2040,6251,35,100,1
1777924368.337243,2026-05-04T21:52:48.337243,35.758,10030370577,2040,6251,35,100,1
1777924368.3566825,2026-05-04T21:52:48.356683,35.758,10030370577,2040,6251,35,100,1
1777924368.3749368,2026-05-04T21:52:48.374937,35.909,10030370577,2040,6251,35,100,1
1777924368.393478,2026-05-04T21:52:48.393478,35.909,10030374066,2040,6251,35,100,1
1777924368.4104402,2026-05-04T21:52:48.410440,35.909,10030374066,2040,6251,35,100,1
1777924368.430099,2026-05-04T21:52:48.430099,35.909,10030374066,2040,6251,35,100,1
1777924368.4476974,2026-05-04T21:52:48.447697,35.909,10030374066,2040,6251,35,100,1
1777924368.466018,2026-05-04T21:52:48.466018,35.909,10030374066,2040,6251,35,100,1
1777924368.4847841,2026-05-04T21:52:48.484784,35.882,10030377637,2040,6251,35,100,1
1777924368.5049808,2026-05-04T21:52:48.504981,35.882,10030377637,2040,6251,35,100,1
1777924368.5251129,2026-05-04T21:52:48.525113,35.882,10030377637,2040,6251,35,100,1
1777924368.5432475,2026-05-04T21:52:48.543247,35.882,10030377637,2040,6251,35,100,1
1777924368.5647173,2026-05-04T21:52:48.564717,35.882,10030377637,2040,6251,35,100,1
1777924368.5830057,2026-05-04T21:52:48.583006,35.882,10030381208,2040,6251,35,100,1
1777924368.595675,2026-05-04T21:52:48.595675,35.882,10030381208,2040,6251,35,100,1
1777924368.6147368,2026-05-04T21:52:48.614737,35.882,10030381208,2040,6251,35,100,1
1777924368.6336591,2026-05-04T21:52:48.633659,35.882,10030381208,2040,6251,35,100,1
1777924368.6465032,2026-05-04T21:52:48.646503,35.882,10030381208,2040,6251,35,100,1
1777924368.6620274,2026-05-04T21:52:48.662027,35.882,10030381208,2040,6251,35,100,1
1777924368.6747766,2026-05-04T21:52:48.674777,36.365,10030381208,2040,6251,35,100,1
1777924368.687592,2026-05-04T21:52:48.687592,36.365,10030385064,2040,6251,35,100,1
1777924368.7022002,2026-05-04T21:52:48.702200,36.365,10030385064,2040,6251,35,100,1
1777924368.7148256,2026-05-04T21:52:48.714826,36.365,10030385064,2040,6251,35,100,1
1777924368.7289667,2026-05-04T21:52:48.728967,36.365,10030385064,2040,6251,35,100,1
1777924368.7422817,2026-05-04T21:52:48.742282,36.365,10030385064,2040,6251,35,100,1
1777924368.754965,2026-05-04T21:52:48.754965,36.365,10030385064,2040,6251,35,100,1
1777924368.7677515,2026-05-04T21:52:48.767751,36.365,10030385064,2040,6251,35,100,1
1777924368.7821033,2026-05-04T21:52:48.782103,36.792,10030389491,2040,6251,36,100,2
1777924368.7953994,2026-05-04T21:52:48.795399,36.792,10030389491,2040,6251,36,100,2
1777924368.8082066,2026-05-04T21:52:48.808207,36.792,10030389491,2040,6251,36,100,2
1777924368.822219,2026-05-04T21:52:48.822219,36.792,10030389491,2040,6251,36,100,2
1777924368.8350365,2026-05-04T21:52:48.835037,36.792,10030389491,2040,6251,36,100,2
1777924368.847741,2026-05-04T21:52:48.847741,36.792,10030389491,2040,6251,36,100,2
1777924368.8619878,2026-05-04T21:52:48.861988,36.792,10030389491,2040,6251,36,100,2
1777924368.8746638,2026-05-04T21:52:48.874664,37.783,10030389491,2040,6251,36,100,2
1777924368.8873436,2026-05-04T21:52:48.887344,37.783,10030393629,2040,6251,36,100,2
1777924368.9021502,2026-05-04T21:52:48.902150,37.783,10030393629,2040,6251,36,100,2
1777924368.9146624,2026-05-04T21:52:48.914662,37.783,10030393629,2040,6251,36,100,2
1777924368.927367,2026-05-04T21:52:48.927367,37.783,10030393629,2040,6251,36,100,2
1777924368.9420302,2026-05-04T21:52:48.942030,37.783,10030393629,2040,6251,36,100,2
1777924368.954586,2026-05-04T21:52:48.954586,37.783,10030393629,2040,6251,36,100,2
1777924368.967272,2026-05-04T21:52:48.967272,37.783,10030393629,2040,6251,36,100,2
1777924368.9817843,2026-05-04T21:52:48.981784,37.546,10030396824,2040,6251,35,100,3
1777924368.9952207,2026-05-04T21:52:48.995221,37.546,10030396824,2040,6251,35,100,3
1777924369.007847,2026-05-04T21:52:49.007847,37.546,10030396824,2040,6251,35,100,3
1777924369.0218441,2026-05-04T21:52:49.021844,37.546,10030396824,2040,6251,35,100,3
1777924369.0345788,2026-05-04T21:52:49.034579,37.546,10030396824,2040,6251,35,100,3
1777924369.0471885,2026-05-04T21:52:49.047189,37.546,10030396824,2040,6251,35,100,3
1777924369.061859,2026-05-04T21:52:49.061859,37.546,10030396824,2040,6251,35,100,3
1777924369.0743828,2026-05-04T21:52:49.074383,37.413,10030396824,2040,6251,35,100,3
1777924369.087115,2026-05-04T21:52:49.087115,37.413,10030399997,2040,6251,35,100,3
1777924369.1022716,2026-05-04T21:52:49.102272,37.413,10030399997,2040,6251,35,100,3
1777924369.1147566,2026-05-04T21:52:49.114757,37.413,10030399997,2040,6251,35,100,3
1777924369.1275995,2026-05-04T21:52:49.127599,37.413,10030399997,2040,6251,35,100,3
1777924369.1419024,2026-05-04T21:52:49.141902,37.413,10030399997,2040,6251,35,100,3
1777924369.154421,2026-05-04T21:52:49.154421,37.413,10030399997,2040,6251,35,100,3
1777924369.1670291,2026-05-04T21:52:49.167029,37.413,10030399997,2040,6251,35,100,3
1777924369.181839,2026-05-04T21:52:49.181839,36.913,10030403171,2040,6251,35,100,0
1777924369.1952693,2026-05-04T21:52:49.195269,36.913,10030403171,2040,6251,35,100,0
1777924369.2079575,2026-05-04T21:52:49.207958,36.913,10030403171,2040,6251,35,100,0
1777924369.2217271,2026-05-04T21:52:49.221727,36.913,10030403171,2040,6251,35,100,0
1777924369.2343104,2026-05-04T21:52:49.234310,36.913,10030403171,2040,6251,35,100,0
1777924369.246876,2026-05-04T21:52:49.246876,36.913,10030403171,2040,6251,35,100,0
1777924369.2617202,2026-05-04T21:52:49.261720,36.913,10030403171,2040,6251,35,100,0
1777924369.274175,2026-05-04T21:52:49.274175,36.169,10030403171,2040,6251,35,100,0
1777924369.286794,2026-05-04T21:52:49.286794,36.169,10030406349,2040,6251,35,100,0
1777924369.3019288,2026-05-04T21:52:49.301929,36.169,10030406349,2040,6251,35,100,0
1777924369.3144836,2026-05-04T21:52:49.314484,36.169,10030406349,2040,6251,35,100,0
1777924369.3273146,2026-05-04T21:52:49.327315,36.169,10030406349,2040,6251,35,100,0
1777924369.3417993,2026-05-04T21:52:49.341799,36.169,10030406349,2040,6251,35,100,0
1777924369.3543606,2026-05-04T21:52:49.354361,36.169,10030406349,2040,6251,35,100,0
1777924369.3670359,2026-05-04T21:52:49.367036,36.169,10030406349,2040,6251,35,100,0
1777924369.381998,2026-05-04T21:52:49.381998,35.781,10030409523,2040,6251,35,100,0
1777924369.3951998,2026-05-04T21:52:49.395200,35.781,10030409523,2040,6251,35,100,0
1777924369.4078734,2026-05-04T21:52:49.407873,35.781,10030409523,2040,6251,35,100,0
1777924369.421724,2026-05-04T21:52:49.421724,35.781,10030409523,2040,6251,35,100,0
1777924369.4342782,2026-05-04T21:52:49.434278,35.781,10030409523,2040,6251,35,100,0
1777924369.4468718,2026-05-04T21:52:49.446872,35.781,10030409523,2040,6251,35,100,0
1777924369.461747,2026-05-04T21:52:49.461747,35.781,10030409523,2040,6251,35,100,0
1777924369.4742708,2026-05-04T21:52:49.474271,35.377,10030409523,2040,6251,35,100,0
1777924369.4869256,2026-05-04T21:52:49.486926,35.377,10030412699,2040,6251,35,100,0
1777924369.5020592,2026-05-04T21:52:49.502059,35.377,10030412699,2040,6251,35,100,0
1777924369.5146515,2026-05-04T21:52:49.514652,35.377,10030412699,2040,6251,35,100,0
1777924369.5274355,2026-05-04T21:52:49.527436,35.377,10030412699,2040,6251,35,100,0
1777924369.5417392,2026-05-04T21:52:49.541739,35.377,10030412699,2040,6251,35,100,0
1777924369.5542037,2026-05-04T21:52:49.554204,35.377,10030412699,2040,6251,35,100,0
1777924369.5668907,2026-05-04T21:52:49.566891,35.377,10030412699,2040,6251,35,100,0
1777924369.581701,2026-05-04T21:52:49.581701,35.077,10030415877,2040,6251,35,100,0
1777924369.5951533,2026-05-04T21:52:49.595153,35.077,10030415877,2040,6251,35,100,0
1777924369.6078382,2026-05-04T21:52:49.607838,35.077,10030415877,2040,6251,35,100,0
1777924369.6216233,2026-05-04T21:52:49.621623,35.077,10030415877,2040,6251,35,100,0
1777924369.6341586,2026-05-04T21:52:49.634159,35.077,10030415877,2040,6251,35,100,0
1777924369.6467373,2026-05-04T21:52:49.646737,35.077,10030415877,2040,6251,35,100,0
1777924369.661918,2026-05-04T21:52:49.661918,35.077,10030415877,2040,6251,35,100,0
1777924369.6745057,2026-05-04T21:52:49.674506,34.767,10030415877,2040,6251,35,100,0
1777924369.6872814,2026-05-04T21:52:49.687281,34.767,10030419048,2040,6251,35,100,0
1777924369.7019174,2026-05-04T21:52:49.701917,34.767,10030419048,2040,6251,35,100,0
1777924369.7144945,2026-05-04T21:52:49.714494,34.767,10030419048,2040,6251,35,100,0
1777924369.7273996,2026-05-04T21:52:49.727400,34.767,10030419048,2040,6251,35,100,0
1777924369.7416575,2026-05-04T21:52:49.741657,34.767,10030419048,2040,6251,35,100,0
1777924369.7541754,2026-05-04T21:52:49.754175,34.767,10030419048,2040,6251,35,100,0
1777924369.76678,2026-05-04T21:52:49.766780,34.767,10030419048,2040,6251,35,100,0
1777924369.7817202,2026-05-04T21:52:49.781720,34.07,10030422239,2040,6251,35,100,0
1777924369.7949939,2026-05-04T21:52:49.794994,34.07,10030422239,2040,6251,35,100,0
1777924369.807695,2026-05-04T21:52:49.807695,34.07,10030422239,2040,6251,35,100,0
1777924369.8216114,2026-05-04T21:52:49.821611,34.07,10030422239,2040,6251,35,100,0
1777924369.8340068,2026-05-04T21:52:49.834007,34.07,10030422239,2040,6251,35,100,0
1777924369.8465292,2026-05-04T21:52:49.846529,34.07,10030422239,2040,6251,35,100,0
1777924369.861648,2026-05-04T21:52:49.861648,34.07,10030422239,2040,6251,35,100,0
1777924369.8742266,2026-05-04T21:52:49.874227,33.243,10030422239,2040,6251,35,100,0
1777924369.8868537,2026-05-04T21:52:49.886854,33.243,10030425425,2040,6251,35,100,0
1777924369.9017816,2026-05-04T21:52:49.901782,33.243,10030425425,2040,6251,35,100,0
1777924369.9142396,2026-05-04T21:52:49.914240,33.243,10030425425,2040,6251,35,100,0
1777924369.9268062,2026-05-04T21:52:49.926806,33.243,10030425425,2040,6251,35,100,0
1777924369.9418995,2026-05-04T21:52:49.941900,33.243,10030425425,2040,6251,35,100,0
1777924369.9546556,2026-05-04T21:52:49.954656,33.243,10030425425,2040,6251,35,100,0
1777924369.9671974,2026-05-04T21:52:49.967197,33.243,10030425425,2040,6251,35,100,0
1777924369.9816124,2026-05-04T21:52:49.981612,32.189,10030428597,2040,6251,35,100,0
1777924369.9948523,2026-05-04T21:52:49.994852,32.189,10030428597,2040,6251,35,100,0
1777924370.0075986,2026-05-04T21:52:50.007599,32.189,10030428597,2040,6251,35,100,0
1777924370.0215504,2026-05-04T21:52:50.021550,32.189,10030428597,2040,6251,35,100,0
1777924370.0339344,2026-05-04T21:52:50.033934,32.189,10030428597,2040,6251,35,100,0
1777924370.046522,2026-05-04T21:52:50.046522,32.189,10030428597,2040,6251,35,100,0
1777924370.061547,2026-05-04T21:52:50.061547,32.189,10030428597,2040,6251,35,100,0
1777924370.0739484,2026-05-04T21:52:50.073948,31.884,10030428597,2040,6251,35,100,0
1777924370.0865781,2026-05-04T21:52:50.086578,31.884,10030431764,2040,6251,35,100,0
1777924370.1017098,2026-05-04T21:52:50.101710,31.884,10030431764,2040,6251,35,100,0
1777924370.1142008,2026-05-04T21:52:50.114201,31.884,10030431764,2040,6251,35,100,0
1777924370.1268623,2026-05-04T21:52:50.126862,31.884,10030431764,2040,6251,35,100,0
1777924370.1415799,2026-05-04T21:52:50.141580,31.884,10030431764,2040,6251,35,100,0
1777924370.1539986,2026-05-04T21:52:50.153999,31.884,10030431764,2040,6251,35,100,0
1777924370.1665685,2026-05-04T21:52:50.166569,31.884,10030431764,2040,6251,35,100,0
1777924370.1815012,2026-05-04T21:52:50.181501,31.911,10030434863,2040,6251,35,100,0
1777924370.1948516,2026-05-04T21:52:50.194852,31.911,10030434863,2040,6251,35,100,0
1777924370.2074044,2026-05-04T21:52:50.207404,31.911,10030434863,2040,6251,35,100,0
1777924370.2216716,2026-05-04T21:52:50.221672,31.911,10030434863,2040,6251,35,100,0
1777924370.234152,2026-05-04T21:52:50.234152,31.911,10030434863,2040,6251,35,100,0
1777924370.2468367,2026-05-04T21:52:50.246837,31.911,10030434863,2040,6251,35,100,0
1777924370.261445,2026-05-04T21:52:50.261445,31.911,10030434863,2040,6251,35,100,0
1777924370.27394,2026-05-04T21:52:50.273940,31.831,10030434863,2040,6251,35,100,0
1777924370.28654,2026-05-04T21:52:50.286540,31.831,10030437986,2040,6251,35,100,0
1777924370.30164,2026-05-04T21:52:50.301640,31.831,10030437986,2040,6251,35,100,0
1777924370.3141985,2026-05-04T21:52:50.314198,31.831,10030437986,2040,6251,35,100,0
1777924370.3269377,2026-05-04T21:52:50.326938,31.831,10030437986,2040,6251,35,100,0
1777924370.3413818,2026-05-04T21:52:50.341382,31.831,10030437986,2040,6251,35,100,0
1777924370.3537939,2026-05-04T21:52:50.353794,31.831,10030437986,2040,6251,35,100,0
1777924370.3661966,2026-05-04T21:52:50.366197,31.831,10030437986,2040,6251,35,100,0
1777924370.3813112,2026-05-04T21:52:50.381311,31.751,10030441098,2040,6251,35,100,0
1777924370.394748,2026-05-04T21:52:50.394748,31.751,10030441098,2040,6251,35,100,0
1777924370.4071925,2026-05-04T21:52:50.407192,31.751,10030441098,2040,6251,35,100,0
1777924370.4212945,2026-05-04T21:52:50.421294,31.751,10030441098,2040,6251,35,100,0
1777924370.4335306,2026-05-04T21:52:50.433531,31.751,10030441098,2040,6251,35,100,0
1777924370.4459968,2026-05-04T21:52:50.445997,31.751,10030441098,2040,6251,35,100,0
1777924370.461356,2026-05-04T21:52:50.461356,31.751,10030441098,2040,6251,35,100,0
1777924370.4792714,2026-05-04T21:52:50.479271,31.68,10030444298,2040,6251,35,100,0
1777924370.5067558,2026-05-04T21:52:50.506756,31.68,10030444298,2040,6251,35,100,0
1777924370.5267522,2026-05-04T21:52:50.526752,31.68,10030444298,2040,6251,35,100,0
1777924370.5440981,2026-05-04T21:52:50.544098,31.68,10030444298,2040,6251,35,100,0
1777924370.563623,2026-05-04T21:52:50.563623,31.68,10030444298,2040,6251,35,100,0
1777924370.5847814,2026-05-04T21:52:50.584781,31.906,10030447783,2040,6251,35,100,0
1777924370.608257,2026-05-04T21:52:50.608257,31.906,10030447783,2040,6251,35,100,0
1777924370.6299248,2026-05-04T21:52:50.629925,31.906,10030447783,2040,6251,35,100,0
1777924370.647628,2026-05-04T21:52:50.647628,31.906,10030447783,2040,6251,35,100,0
1777924370.663519,2026-05-04T21:52:50.663519,31.906,10030447783,2040,6251,35,100,0
1777924370.686721,2026-05-04T21:52:50.686721,32.196,10030451298,2040,6251,35,100,0
1777924370.70628,2026-05-04T21:52:50.706280,32.196,10030451298,2040,6251,35,100,0
1777924370.7281063,2026-05-04T21:52:50.728106,32.196,10030451298,2040,6251,35,100,0
1777924370.7478151,2026-05-04T21:52:50.747815,32.196,10030451298,2040,6251,35,100,0
1777924370.7687294,2026-05-04T21:52:50.768729,32.196,10030451298,2040,6251,35,100,0
1777924370.7884388,2026-05-04T21:52:50.788439,32.522,10030454810,2040,6251,35,100,1
1777924370.809924,2026-05-04T21:52:50.809924,32.522,10030454810,2040,6251,35,100,1
1777924370.828952,2026-05-04T21:52:50.828952,32.522,10030454810,2040,6251,35,100,1
1777924370.849676,2026-05-04T21:52:50.849676,32.522,10030454810,2040,6251,35,100,1
1777924370.8702192,2026-05-04T21:52:50.870219,32.522,10030454810,2040,6251,35,100,1
1777924370.8908298,2026-05-04T21:52:50.890830,32.82,10030458327,2040,6251,35,100,1
1777924370.9101176,2026-05-04T21:52:50.910118,32.82,10030458327,2040,6251,35,100,1
1777924370.92921,2026-05-04T21:52:50.929210,32.82,10030458327,2040,6251,35,100,1
1777924370.948975,2026-05-04T21:52:50.948975,32.82,10030458327,2040,6251,35,100,1
1777924370.970122,2026-05-04T21:52:50.970122,32.82,10030458327,2040,6251,35,100,1
1777924370.9901433,2026-05-04T21:52:50.990143,33.12,10030461842,2040,6251,35,100,1
1777924371.0111532,2026-05-04T21:52:51.011153,33.12,10030461842,2040,6251,35,100,1
1777924371.031491,2026-05-04T21:52:51.031491,33.12,10030461842,2040,6251,35,100,1
1777924371.0513384,2026-05-04T21:52:51.051338,33.12,10030461842,2040,6251,35,100,1
1777924371.0699787,2026-05-04T21:52:51.069979,33.12,10030461842,2040,6251,35,100,1
1777924371.0900655,2026-05-04T21:52:51.090065,33.402,10030465359,2040,6251,35,100,1
1777924371.1108427,2026-05-04T21:52:51.110843,33.402,10030465359,2040,6251,35,100,1
1777924371.1306632,2026-05-04T21:52:51.130663,33.402,10030465359,2040,6251,35,100,1
1777924371.1502907,2026-05-04T21:52:51.150291,33.402,10030465359,2040,6251,35,100,1
1777924371.1713293,2026-05-04T21:52:51.171329,33.402,10030465359,2040,6251,35,100,1
1777924371.1895483,2026-05-04T21:52:51.189548,33.729,10030468873,2040,6251,35,100,1
1777924371.2084975,2026-05-04T21:52:51.208498,33.729,10030468873,2040,6251,35,100,1
1777924371.226433,2026-05-04T21:52:51.226433,33.729,10030468873,2040,6251,35,100,1
1777924371.2458398,2026-05-04T21:52:51.245840,33.729,10030468873,2040,6251,35,100,1
1777924371.2652104,2026-05-04T21:52:51.265210,33.729,10030468873,2040,6251,35,100,1
1777924371.28593,2026-05-04T21:52:51.285930,34.416,10030472389,2040,6251,35,100,1
1777924371.3099172,2026-05-04T21:52:51.309917,34.416,10030472389,2040,6251,35,100,1
1777924371.3301494,2026-05-04T21:52:51.330149,34.416,10030472389,2040,6251,35,100,1
1777924371.3501947,2026-05-04T21:52:51.350195,34.416,10030472389,2040,6251,35,100,1
1777924371.3682516,2026-05-04T21:52:51.368252,34.416,10030472389,2040,6251,35,100,1
1777924371.3892715,2026-05-04T21:52:51.389271,34.416,10030475897,2040,6251,35,100,1
1777924371.410131,2026-05-04T21:52:51.410131,34.416,10030475897,2040,6251,35,100,1
1777924371.4313555,2026-05-04T21:52:51.431355,34.416,10030475897,2040,6251,35,100,1
1777924371.4501724,2026-05-04T21:52:51.450172,34.416,10030475897,2040,6251,35,100,1
1777924371.4702177,2026-05-04T21:52:51.470218,34.416,10030475897,2040,6251,35,100,1
1777924371.489017,2026-05-04T21:52:51.489017,35.164,10030479407,2040,6251,35,100,1
1777924371.5097482,2026-05-04T21:52:51.509748,35.164,10030479407,2040,6251,35,100,1
1777924371.528147,2026-05-04T21:52:51.528147,35.164,10030479407,2040,6251,35,100,1
1777924371.5472407,2026-05-04T21:52:51.547241,35.164,10030479407,2040,6251,35,100,1
1777924371.566816,2026-05-04T21:52:51.566816,35.164,10030479407,2040,6251,35,100,1
1777924371.5811584,2026-05-04T21:52:51.581158,35.164,10030482995,2040,6251,35,100,1
1777924371.5945518,2026-05-04T21:52:51.594552,35.164,10030482995,2040,6251,35,100,1
1777924371.6073625,2026-05-04T21:52:51.607363,35.164,10030482995,2040,6251,35,100,1
1777924371.6213932,2026-05-04T21:52:51.621393,35.164,10030482995,2040,6251,35,100,1
1777924371.6341732,2026-05-04T21:52:51.634173,35.164,10030482995,2040,6251,35,100,1
1777924371.6469789,2026-05-04T21:52:51.646979,35.164,10030482995,2040,6251,35,100,1
1777924371.6611054,2026-05-04T21:52:51.661105,35.164,10030482995,2040,6251,35,100,1
1777924371.6737185,2026-05-04T21:52:51.673718,35.164,10030482995,2040,6251,35,100,1
1777924371.6864974,2026-05-04T21:52:51.686497,36.228,10030487062,2040,6251,36,100,1
1777924371.701324,2026-05-04T21:52:51.701324,36.228,10030487062,2040,6251,36,100,1
1777924371.7139177,2026-05-04T21:52:51.713918,36.228,10030487062,2040,6251,36,100,1
1777924371.728013,2026-05-04T21:52:51.728013,36.228,10030487062,2040,6251,36,100,1
1777924371.7413023,2026-05-04T21:52:51.741302,36.228,10030487062,2040,6251,36,100,1
1777924371.753911,2026-05-04T21:52:51.753911,36.228,10030487062,2040,6251,36,100,1
1777924371.772772,2026-05-04T21:52:51.772772,36.228,10030487062,2040,6251,36,100,1
1777924371.7930357,2026-05-04T21:52:51.793036,36.229,10030490995,2040,6251,36,100,3
1777924371.8156154,2026-05-04T21:52:51.815615,36.229,10030490995,2040,6251,36,100,3
1777924371.8351426,2026-05-04T21:52:51.835143,36.229,10030490995,2040,6251,36,100,3
1777924371.8520732,2026-05-04T21:52:51.852073,36.229,10030490995,2040,6251,36,100,3
1777924371.872952,2026-05-04T21:52:51.872952,36.229,10030490995,2040,6251,36,100,3
1777924371.8911567,2026-05-04T21:52:51.891157,36.468,10030494533,2040,6251,35,100,3
1777924371.9040246,2026-05-04T21:52:51.904025,36.468,10030494533,2040,6251,35,100,3
1777924371.916627,2026-05-04T21:52:51.916627,36.468,10030494533,2040,6251,35,100,3
1777924371.9294114,2026-05-04T21:52:51.929411,36.468,10030494533,2040,6251,35,100,3
1777924371.9484608,2026-05-04T21:52:51.948461,36.468,10030494533,2040,6251,35,100,3
1777924371.9681206,2026-05-04T21:52:51.968121,36.468,10030494533,2040,6251,35,100,3
1777924371.9897184,2026-05-04T21:52:51.989718,36.459,10030498576,2040,6251,36,100,1
1777924372.0132408,2026-05-04T21:52:52.013241,36.459,10030498576,2040,6251,36,100,1
1777924372.0290089,2026-05-04T21:52:52.029009,36.459,10030498576,2040,6251,36,100,1
1777924372.0418475,2026-05-04T21:52:52.041847,36.459,10030498576,2040,6251,36,100,1
1777924372.0544775,2026-05-04T21:52:52.054477,36.459,10030498576,2040,6251,36,100,1
1777924372.0671744,2026-05-04T21:52:52.067174,36.459,10030498576,2040,6251,36,100,1
1777924372.081048,2026-05-04T21:52:52.081048,36.459,10030502488,2040,6251,36,100,1
1777924372.0942943,2026-05-04T21:52:52.094294,36.459,10030502488,2040,6251,36,100,1
1777924372.107272,2026-05-04T21:52:52.107272,36.459,10030502488,2040,6251,36,100,1
1777924372.1261156,2026-05-04T21:52:52.126116,36.459,10030502488,2040,6251,36,100,1
1777924372.1459463,2026-05-04T21:52:52.145946,36.459,10030502488,2040,6251,36,100,1
1777924372.1656485,2026-05-04T21:52:52.165648,36.459,10030502488,2040,6251,36,100,1
1777924372.185861,2026-05-04T21:52:52.185861,36.459,10030506212,2040,6251,36,100,1
1777924372.211385,2026-05-04T21:52:52.211385,37.08,10030506212,2040,6251,36,100,1
1777924372.2321723,2026-05-04T21:52:52.232172,37.08,10030506212,2040,6251,36,100,1
1777924372.253125,2026-05-04T21:52:52.253125,37.08,10030506212,2040,6251,36,100,1
1777924372.273242,2026-05-04T21:52:52.273242,37.08,10030506212,2040,6251,36,100,1
1777924372.297174,2026-05-04T21:52:52.297174,37.044,10030509684,2040,6251,35,100,1
1777924372.3279817,2026-05-04T21:52:52.327982,37.044,10030509684,2040,6251,35,100,1
1777924372.347115,2026-05-04T21:52:52.347115,37.044,10030509684,2040,6251,35,100,1
1777924372.3703036,2026-05-04T21:52:52.370304,37.044,10030509684,2040,6251,35,100,1
1777924372.392812,2026-05-04T21:52:52.392812,37.053,10030513167,2040,6251,35,100,1
1777924372.411664,2026-05-04T21:52:52.411664,37.053,10030513167,2040,6251,35,100,1
1777924372.4347444,2026-05-04T21:52:52.434744,37.053,10030513167,2040,6251,35,100,1
1777924372.4549925,2026-05-04T21:52:52.454993,37.053,10030513167,2040,6251,35,100,1
1777924372.4759672,2026-05-04T21:52:52.475967,37.053,10030516678,2040,6251,35,100,1
1777924372.500965,2026-05-04T21:52:52.500965,37.201,10030516678,2040,6251,35,100,1
1777924372.528008,2026-05-04T21:52:52.528008,37.201,10030516678,2040,6251,35,100,1
1777924372.5495598,2026-05-04T21:52:52.549560,37.201,10030516678,2040,6251,35,100,1
1777924372.5712955,2026-05-04T21:52:52.571295,37.201,10030516678,2040,6251,35,100,1
1777924372.5910919,2026-05-04T21:52:52.591092,37.201,10030520158,2040,6251,35,100,1
1777924372.6082919,2026-05-04T21:52:52.608292,37.009,10030520158,2040,6251,35,100,0
1777924372.6273227,2026-05-04T21:52:52.627323,37.009,10030520158,2040,6251,35,100,0
1777924372.6511064,2026-05-04T21:52:52.651106,37.009,10030520158,2040,6251,35,100,0
1777924372.669104,2026-05-04T21:52:52.669104,37.009,10030520158,2040,6251,35,100,0
1777924372.6907392,2026-05-04T21:52:52.690739,37.009,10030523649,2040,6251,35,100,0
1777924372.7119768,2026-05-04T21:52:52.711977,36.495,10030523649,2040,6251,35,100,0
1777924372.7250133,2026-05-04T21:52:52.725013,36.495,10030523649,2040,6251,35,100,0
1777924372.7409678,2026-05-04T21:52:52.740968,36.495,10030523649,2040,6251,35,100,0
1777924372.7535903,2026-05-04T21:52:52.753590,36.495,10030523649,2040,6251,35,100,0
1777924372.7772555,2026-05-04T21:52:52.777256,36.495,10030527467,2040,6251,35,100,0
1777924372.7987645,2026-05-04T21:52:52.798764,36.082,10030527467,2040,6251,36,100,2
1777924372.8286705,2026-05-04T21:52:52.828671,36.082,10030527467,2040,6251,36,100,2
1777924372.851989,2026-05-04T21:52:52.851989,36.082,10030527467,2040,6251,36,100,2
1777924372.8731177,2026-05-04T21:52:52.873118,36.082,10030527467,2040,6251,36,100,2
1777924372.8859835,2026-05-04T21:52:52.885983,36.082,10030531107,2040,6251,36,100,2
1777924372.90099,2026-05-04T21:52:52.900990,36.925,10030531107,2040,6251,35,100,2
1777924372.9136643,2026-05-04T21:52:52.913664,36.925,10030531107,2040,6251,35,100,2
1777924372.927944,2026-05-04T21:52:52.927944,36.925,10030531107,2040,6251,35,100,2
1777924372.940994,2026-05-04T21:52:52.940994,36.925,10030531107,2040,6251,35,100,2
1777924372.9536269,2026-05-04T21:52:52.953627,36.925,10030531107,2040,6251,35,100,2
1777924372.9663074,2026-05-04T21:52:52.966307,36.925,10030531107,2040,6251,35,100,2
1777924372.9808648,2026-05-04T21:52:52.980865,36.925,10030535627,2040,6251,35,100,2
1777924372.9941533,2026-05-04T21:52:52.994153,38.066,10030535627,2040,6251,36,100,6
1777924373.0069132,2026-05-04T21:52:53.006913,38.066,10030535627,2040,6251,36,100,6
1777924373.0208855,2026-05-04T21:52:53.020885,38.066,10030535627,2040,6251,36,100,6
1777924373.0336258,2026-05-04T21:52:53.033626,38.066,10030535627,2040,6251,36,100,6
1777924373.0463045,2026-05-04T21:52:53.046304,38.066,10030535627,2040,6251,36,100,6
1777924373.0605724,2026-05-04T21:52:53.060572,38.066,10030535627,2040,6251,36,100,6
1777924373.0730534,2026-05-04T21:52:53.073053,38.066,10030535627,2040,6251,36,100,6
1777924373.0857446,2026-05-04T21:52:53.085745,38.066,10030538955,2040,6251,36,100,6
1777924373.100711,2026-05-04T21:52:53.100711,37.455,10030538955,2040,6251,35,100,6
1777924373.1132367,2026-05-04T21:52:53.113237,37.455,10030538955,2040,6251,35,100,6
1777924373.126878,2026-05-04T21:52:53.126878,37.455,10030538955,2040,6251,35,100,6
1777924373.1408021,2026-05-04T21:52:53.140802,37.455,10030538955,2040,6251,35,100,6
1777924373.153232,2026-05-04T21:52:53.153232,37.455,10030538955,2040,6251,35,100,6
1777924373.165828,2026-05-04T21:52:53.165828,37.455,10030538955,2040,6251,35,100,6
1777924373.1806164,2026-05-04T21:52:53.180616,37.455,10030542027,2040,6251,35,100,6
1777924373.1938853,2026-05-04T21:52:53.193885,36.532,10030542027,2040,6251,35,100,0
1777924373.2065425,2026-05-04T21:52:53.206542,36.532,10030542027,2040,6251,35,100,0
1777924373.2205827,2026-05-04T21:52:53.220583,36.532,10030542027,2040,6251,35,100,0
1777924373.233209,2026-05-04T21:52:53.233209,36.532,10030542027,2040,6251,35,100,0
1777924373.2458804,2026-05-04T21:52:53.245880,36.532,10030542027,2040,6251,35,100,0
1777924373.2604249,2026-05-04T21:52:53.260425,36.532,10030542027,2040,6251,35,100,0
1777924373.2730067,2026-05-04T21:52:53.273007,36.532,10030542027,2040,6251,35,100,0
1777924373.2856617,2026-05-04T21:52:53.285662,36.532,10030545157,2040,6251,35,100,0
1777924373.3008928,2026-05-04T21:52:53.300893,36.094,10030545157,2040,6251,35,100,0
1777924373.313476,2026-05-04T21:52:53.313476,36.094,10030545157,2040,6251,35,100,0
1777924373.326262,2026-05-04T21:52:53.326262,36.094,10030545157,2040,6251,35,100,0
1777924373.3405619,2026-05-04T21:52:53.340562,36.094,10030545157,2040,6251,35,100,0
1777924373.3531556,2026-05-04T21:52:53.353156,36.094,10030545157,2040,6251,35,100,0
1777924373.3658142,2026-05-04T21:52:53.365814,36.094,10030545157,2040,6251,35,100,0
1777924373.3804903,2026-05-04T21:52:53.380490,36.094,10030548272,2040,6251,35,100,0
1777924373.3938706,2026-05-04T21:52:53.393871,35.797,10030548272,2040,6251,35,100,0
1777924373.406476,2026-05-04T21:52:53.406476,35.797,10030548272,2040,6251,35,100,0
1777924373.42037,2026-05-04T21:52:53.420370,35.797,10030548272,2040,6251,35,100,0
1777924373.432797,2026-05-04T21:52:53.432797,35.797,10030548272,2040,6251,35,100,0
1777924373.4453442,2026-05-04T21:52:53.445344,35.797,10030548272,2040,6251,35,100,0
1777924373.4603717,2026-05-04T21:52:53.460372,35.797,10030548272,2040,6251,35,100,0
1777924373.4728982,2026-05-04T21:52:53.472898,35.797,10030548272,2040,6251,35,100,0
1777924373.485468,2026-05-04T21:52:53.485468,35.797,10030551387,2040,6251,35,100,0
1777924373.5005243,2026-05-04T21:52:53.500524,35.374,10030551387,2040,6251,35,100,0
1777924373.5128908,2026-05-04T21:52:53.512891,35.374,10030551387,2040,6251,35,100,0
1777924373.5254772,2026-05-04T21:52:53.525477,35.374,10030551387,2040,6251,35,100,0
1777924373.5406308,2026-05-04T21:52:53.540631,35.374,10030551387,2040,6251,35,100,0
1777924373.5531101,2026-05-04T21:52:53.553110,35.374,10030551387,2040,6251,35,100,0
1777924373.5656233,2026-05-04T21:52:53.565623,35.374,10030551387,2040,6251,35,100,0
1777924373.5806978,2026-05-04T21:52:53.580698,35.374,10030554510,2040,6251,35,100,0
1777924373.5938964,2026-05-04T21:52:53.593896,35.094,10030554510,2040,6251,35,100,0
1777924373.6065578,2026-05-04T21:52:53.606558,35.094,10030554510,2040,6251,35,100,0
1777924373.620404,2026-05-04T21:52:53.620404,35.094,10030554510,2040,6251,35,100,0
1777924373.632933,2026-05-04T21:52:53.632933,35.094,10030554510,2040,6251,35,100,0
1777924373.6454835,2026-05-04T21:52:53.645483,35.094,10030554510,2040,6251,35,100,0
1777924373.6603565,2026-05-04T21:52:53.660357,35.094,10030554510,2040,6251,35,100,0
1777924373.6728563,2026-05-04T21:52:53.672856,35.094,10030554510,2040,6251,35,100,0
1777924373.6854105,2026-05-04T21:52:53.685410,35.094,10030557646,2040,6251,35,100,0
1777924373.700602,2026-05-04T21:52:53.700602,34.759,10030557646,2040,6251,35,100,0
1777924373.7131882,2026-05-04T21:52:53.713188,34.759,10030557646,2040,6251,35,100,0
1777924373.7258873,2026-05-04T21:52:53.725887,34.759,10030557646,2040,6251,35,100,0
1777924373.7403426,2026-05-04T21:52:53.740343,34.759,10030557646,2040,6251,35,100,0
1777924373.7528677,2026-05-04T21:52:53.752868,34.759,10030557646,2040,6251,35,100,0
1777924373.7654834,2026-05-04T21:52:53.765483,34.759,10030557646,2040,6251,35,100,0
1777924373.7803934,2026-05-04T21:52:53.780393,34.759,10030560778,2040,6251,35,100,0
1777924373.7937665,2026-05-04T21:52:53.793766,34.476,10030560778,2040,6251,35,100,0
1777924373.806371,2026-05-04T21:52:53.806371,34.476,10030560778,2040,6251,35,100,0
1777924373.8203979,2026-05-04T21:52:53.820398,34.476,10030560778,2040,6251,35,100,0
1777924373.8328114,2026-05-04T21:52:53.832811,34.476,10030560778,2040,6251,35,100,0
1777924373.8453097,2026-05-04T21:52:53.845310,34.476,10030560778,2040,6251,35,100,0
1777924373.8605983,2026-05-04T21:52:53.860598,34.476,10030560778,2040,6251,35,100,0
1777924373.8729904,2026-05-04T21:52:53.872990,34.476,10030560778,2040,6251,35,100,0
1777924373.8854496,2026-05-04T21:52:53.885450,34.476,10030563900,2040,6251,35,100,0
1777924373.9004679,2026-05-04T21:52:53.900468,34.07,10030563900,2040,6251,35,100,0
1777924373.9129395,2026-05-04T21:52:53.912940,34.07,10030563900,2040,6251,35,100,0
1777924373.9256701,2026-05-04T21:52:53.925670,34.07,10030563900,2040,6251,35,100,0
1777924373.9404287,2026-05-04T21:52:53.940429,34.07,10030563900,2040,6251,35,100,0
1777924373.9529247,2026-05-04T21:52:53.952925,34.07,10030563900,2040,6251,35,100,0
1777924373.9654582,2026-05-04T21:52:53.965458,34.07,10030563900,2040,6251,35,100,0
1777924373.9803758,2026-05-04T21:52:53.980376,34.07,10030567033,2040,6251,35,100,0
1777924373.9936547,2026-05-04T21:52:53.993655,32.828,10030567033,2040,6251,35,100,0
1777924374.0062907,2026-05-04T21:52:54.006291,32.828,10030567033,2040,6251,35,100,0
1777924374.020385,2026-05-04T21:52:54.020385,32.828,10030567033,2040,6251,35,100,0
1777924374.032823,2026-05-04T21:52:54.032823,32.828,10030567033,2040,6251,35,100,0
1777924374.0452297,2026-05-04T21:52:54.045230,32.828,10030567033,2040,6251,35,100,0
1777924374.0602665,2026-05-04T21:52:54.060266,32.828,10030567033,2040,6251,35,100,0
1777924374.0728085,2026-05-04T21:52:54.072809,32.828,10030567033,2040,6251,35,100,0
1777924374.085401,2026-05-04T21:52:54.085401,32.828,10030570165,2040,6251,35,100,0
1777924374.1004446,2026-05-04T21:52:54.100445,31.358,10030570165,2040,6251,35,100,0
1777924374.1129937,2026-05-04T21:52:54.112994,31.358,10030570165,2040,6251,35,100,0
1777924374.1258132,2026-05-04T21:52:54.125813,31.358,10030570165,2040,6251,35,100,0
1777924374.1405303,2026-05-04T21:52:54.140530,31.358,10030570165,2040,6251,35,100,0
1777924374.152986,2026-05-04T21:52:54.152986,31.358,10030570165,2040,6251,35,100,0
1777924374.1656861,2026-05-04T21:52:54.165686,31.358,10030570165,2040,6251,35,100,0
1777924374.180213,2026-05-04T21:52:54.180213,31.358,10030573290,2040,6251,35,100,0
1777924374.193619,2026-05-04T21:52:54.193619,31.366,10030573290,2040,6251,35,100,0
1777924374.206524,2026-05-04T21:52:54.206524,31.366,10030573290,2040,6251,35,100,0
1777924374.2201412,2026-05-04T21:52:54.220141,31.366,10030573290,2040,6251,35,100,0
1777924374.2326071,2026-05-04T21:52:54.232607,31.366,10030573290,2040,6251,35,100,0
1777924374.2451215,2026-05-04T21:52:54.245121,31.366,10030573290,2040,6251,35,100,0
1777924374.260126,2026-05-04T21:52:54.260126,31.366,10030573290,2040,6251,35,100,0
1777924374.2723997,2026-05-04T21:52:54.272400,31.366,10030573290,2040,6251,35,100,0
1777924374.2849224,2026-05-04T21:52:54.284922,31.366,10030576386,2040,6251,35,100,0
1777924374.3003592,2026-05-04T21:52:54.300359,31.367,10030576386,2040,6251,35,100,0
1777924374.3197443,2026-05-04T21:52:54.319744,31.367,10030576386,2040,6251,35,100,0
1777924374.3438153,2026-05-04T21:52:54.343815,31.367,10030576386,2040,6251,35,100,0
1777924374.3635879,2026-05-04T21:52:54.363588,31.367,10030576386,2040,6251,35,100,0
1777924374.3825994,2026-05-04T21:52:54.382599,31.367,10030579804,2040,6251,35,100,0
1777924374.407341,2026-05-04T21:52:54.407341,31.675,10030579804,2040,6251,35,100,0
1777924374.424329,2026-05-04T21:52:54.424329,31.675,10030579804,2040,6251,35,100,0
1777924374.4437962,2026-05-04T21:52:54.443796,31.675,10030579804,2040,6251,35,100,0
1777924374.463025,2026-05-04T21:52:54.463025,31.675,10030579804,2040,6251,35,100,0
1777924374.483932,2026-05-04T21:52:54.483932,31.675,10030583315,2040,6251,35,100,0
1777924374.5041072,2026-05-04T21:52:54.504107,32.046,10030583315,2040,6251,35,100,0
1777924374.523314,2026-05-04T21:52:54.523314,32.046,10030583315,2040,6251,35,100,0
1777924374.5447783,2026-05-04T21:52:54.544778,32.046,10030583315,2040,6251,35,100,0
1777924374.5632453,2026-05-04T21:52:54.563245,32.046,10030583315,2040,6251,35,100,0
1777924374.5841823,2026-05-04T21:52:54.584182,32.046,10030586832,2040,6251,35,100,0
1777924374.6087217,2026-05-04T21:52:54.608722,32.43,10030586832,2040,6251,35,100,1
1777924374.6255653,2026-05-04T21:52:54.625565,32.43,10030586832,2040,6251,35,100,1
1777924374.6448941,2026-05-04T21:52:54.644894,32.43,10030586832,2040,6251,35,100,1
1777924374.6621463,2026-05-04T21:52:54.662146,32.43,10030586832,2040,6251,35,100,1
1777924374.6839557,2026-05-04T21:52:54.683956,32.43,10030590357,2040,6251,35,100,1
1777924374.7037663,2026-05-04T21:52:54.703766,32.748,10030590357,2040,6251,35,100,1
1777924374.7251055,2026-05-04T21:52:54.725106,32.748,10030590357,2040,6251,35,100,1
1777924374.7431695,2026-05-04T21:52:54.743170,32.748,10030590357,2040,6251,35,100,1
1777924374.762336,2026-05-04T21:52:54.762336,32.748,10030590357,2040,6251,35,100,1
1777924374.782061,2026-05-04T21:52:54.782061,32.748,10030593869,2040,6251,35,100,1
1777924374.8043256,2026-05-04T21:52:54.804326,33.098,10030593869,2040,6251,35,100,0
1777924374.8250525,2026-05-04T21:52:54.825052,33.098,10030593869,2040,6251,35,100,0
1777924374.8432584,2026-05-04T21:52:54.843258,33.098,10030593869,2040,6251,35,100,0
1777924374.8642728,2026-05-04T21:52:54.864273,33.098,10030593869,2040,6251,35,100,0
1777924374.883297,2026-05-04T21:52:54.883297,33.098,10030597375,2040,6251,35,100,0
1777924374.9039311,2026-05-04T21:52:54.903931,33.372,10030597375,2040,6251,35,100,0
1777924374.9253218,2026-05-04T21:52:54.925322,33.372,10030597375,2040,6251,35,100,0
1777924374.9401286,2026-05-04T21:52:54.940129,33.372,10030597375,2040,6251,35,100,0
1777924374.965112,2026-05-04T21:52:54.965112,33.372,10030597375,2040,6251,35,100,0
1777924374.9843678,2026-05-04T21:52:54.984368,33.372,10030600942,2040,6251,35,100,0
1777924375.0031059,2026-05-04T21:52:55.003106,33.739,10030600942,2040,6251,35,100,0
1777924375.0156357,2026-05-04T21:52:55.015636,33.739,10030600942,2040,6251,35,100,0
1777924375.0282676,2026-05-04T21:52:55.028268,33.739,10030600942,2040,6251,35,100,0
1777924375.0408328,2026-05-04T21:52:55.040833,33.739,10030600942,2040,6251,35,100,0
1777924375.0532484,2026-05-04T21:52:55.053248,33.739,10030600942,2040,6251,35,100,0
1777924375.065903,2026-05-04T21:52:55.065903,33.739,10030600942,2040,6251,35,100,0
1777924375.0799258,2026-05-04T21:52:55.079926,33.739,10030604430,2040,6251,35,100,0
1777924375.0933297,2026-05-04T21:52:55.093330,33.739,10030604430,2040,6251,35,100,0
1777924375.1058033,2026-05-04T21:52:55.105803,33.915,10030604430,2040,6251,36,100,0
1777924375.1202402,2026-05-04T21:52:55.120240,33.915,10030604430,2040,6251,36,100,0
1777924375.1327653,2026-05-04T21:52:55.132765,33.915,10030604430,2040,6251,36,100,0
1777924375.1453085,2026-05-04T21:52:55.145308,33.915,10030604430,2040,6251,36,100,0
1777924375.1599584,2026-05-04T21:52:55.159958,33.915,10030604430,2040,6251,36,100,0
1777924375.172515,2026-05-04T21:52:55.172515,33.915,10030604430,2040,6251,36,100,0
1777924375.1851234,2026-05-04T21:52:55.185123,33.915,10030607456,2040,6251,36,100,0
1777924375.202831,2026-05-04T21:52:55.202831,33.451,10030607456,2040,6251,35,63,1
1777924375.215331,2026-05-04T21:52:55.215331,33.451,10030607456,2040,6251,35,63,1
1777924375.227908,2026-05-04T21:52:55.227908,33.451,10030607456,2040,6251,35,63,1
1777924375.240505,2026-05-04T21:52:55.240505,33.451,10030607456,2040,6251,35,63,1
1777924375.252932,2026-05-04T21:52:55.252932,33.451,10030607456,2040,6251,35,63,1
1777924375.2655425,2026-05-04T21:52:55.265543,33.451,10030607456,2040,6251,35,63,1
1777924375.2798965,2026-05-04T21:52:55.279896,33.451,10030610302,2040,6251,35,63,1
1777924375.293281,2026-05-04T21:52:55.293281,33.451,10030610302,2040,6251,35,63,1
1777924375.305879,2026-05-04T21:52:55.305879,33.449,10030610302,2040,6251,35,63,1
1777924375.3199413,2026-05-04T21:52:55.319941,33.449,10030610302,2040,6251,35,63,1
1777924375.332614,2026-05-04T21:52:55.332614,33.449,10030610302,2040,6251,35,63,1
1777924375.3452225,2026-05-04T21:52:55.345222,33.449,10030610302,2040,6251,35,63,1
1777924375.3598964,2026-05-04T21:52:55.359896,33.449,10030610302,2040,6251,35,63,1
1777924375.3723042,2026-05-04T21:52:55.372304,33.449,10030610302,2040,6251,35,63,1
1777924375.384906,2026-05-04T21:52:55.384906,33.449,10030613134,2040,6251,35,63,1
1777924375.4017591,2026-05-04T21:52:55.401759,33.001,10030613134,2040,6251,34,13,2
1777924375.41437,2026-05-04T21:52:55.414370,33.001,10030613134,2040,6251,34,13,2
1777924375.427048,2026-05-04T21:52:55.427048,33.001,10030613134,2040,6251,34,13,2
1777924375.439959,2026-05-04T21:52:55.439959,33.001,10030613134,2040,6251,34,13,2
1777924375.4524405,2026-05-04T21:52:55.452441,33.001,10030613134,2040,6251,34,13,2
1777924375.4650347,2026-05-04T21:52:55.465035,33.001,10030613134,2040,6251,34,13,2
1777924375.4798274,2026-05-04T21:52:55.479827,33.001,10030615980,2040,6251,34,13,2
1777924375.4932344,2026-05-04T21:52:55.493234,33.001,10030615980,2040,6251,34,13,2
1777924375.5058272,2026-05-04T21:52:55.505827,32.165,10030615980,2040,6251,34,13,2
1777924375.5198526,2026-05-04T21:52:55.519853,32.165,10030615980,2040,6251,34,13,2
1777924375.5322506,2026-05-04T21:52:55.532251,32.165,10030615980,2040,6251,34,13,2
1777924375.5448062,2026-05-04T21:52:55.544806,32.165,10030615980,2040,6251,34,13,2
1777924375.5597732,2026-05-04T21:52:55.559773,32.165,10030615980,2040,6251,34,13,2
1777924375.5721772,2026-05-04T21:52:55.572177,32.165,10030615980,2040,6251,34,13,2
1777924375.5847163,2026-05-04T21:52:55.584716,32.165,10030618818,2040,6251,34,13,2
1777924375.6025255,2026-05-04T21:52:55.602525,31.823,10030618818,2040,6251,34,13,2
1777924375.6149366,2026-05-04T21:52:55.614937,31.823,10030618818,2040,6251,34,13,2
1777924375.6274343,2026-05-04T21:52:55.627434,31.823,10030618818,2040,6251,34,13,2
1777924375.6399279,2026-05-04T21:52:55.639928,31.823,10030618818,2040,6251,34,13,2
1777924375.6522412,2026-05-04T21:52:55.652241,31.823,10030618818,2040,6251,34,13,2
1777924375.664697,2026-05-04T21:52:55.664697,31.823,10030618818,2040,6251,34,13,2
1777924375.6799843,2026-05-04T21:52:55.679984,31.823,10030621760,2040,6251,34,13,2
1777924375.6930978,2026-05-04T21:52:55.693098,31.823,10030621760,2040,6251,34,13,2
1777924375.7057207,2026-05-04T21:52:55.705721,31.72,10030621760,2040,6251,34,13,2
1777924375.7198029,2026-05-04T21:52:55.719803,31.72,10030621760,2040,6251,34,13,2
1777924375.732243,2026-05-04T21:52:55.732243,31.72,10030621760,2040,6251,34,13,2
1777924375.7448063,2026-05-04T21:52:55.744806,31.72,10030621760,2040,6251,34,13,2
1777924375.7597597,2026-05-04T21:52:55.759760,31.72,10030621760,2040,6251,34,13,2
1777924375.7721906,2026-05-04T21:52:55.772191,31.72,10030621760,2040,6251,34,13,2
1777924375.7847683,2026-05-04T21:52:55.784768,31.72,10030625808,2040,6251,34,13,2
1777924375.8026955,2026-05-04T21:52:55.802696,32.551,10030625808,2040,6251,35,100,2
1777924375.8152652,2026-05-04T21:52:55.815265,32.551,10030625808,2040,6251,35,100,2
1777924375.8280363,2026-05-04T21:52:55.828036,32.551,10030625808,2040,6251,35,100,2
1777924375.8408046,2026-05-04T21:52:55.840805,32.551,10030625808,2040,6251,35,100,2
1777924375.8534,2026-05-04T21:52:55.853400,32.551,10030625808,2040,6251,35,100,2
1777924375.8660426,2026-05-04T21:52:55.866043,32.551,10030625808,2040,6251,35,100,2
1777924375.8798118,2026-05-04T21:52:55.879812,32.551,10030630190,2040,6251,35,100,2
1777924375.893219,2026-05-04T21:52:55.893219,32.551,10030630190,2040,6251,35,100,2
1777924375.90586,2026-05-04T21:52:55.905860,33.541,10030630190,2040,6251,36,100,2
1777924375.9197917,2026-05-04T21:52:55.919792,33.541,10030630190,2040,6251,36,100,2
1777924375.9322526,2026-05-04T21:52:55.932253,33.541,10030630190,2040,6251,36,100,2
1777924375.9448848,2026-05-04T21:52:55.944885,33.541,10030630190,2040,6251,36,100,2
1777924375.9599507,2026-05-04T21:52:55.959951,33.541,10030630190,2040,6251,36,100,2
1777924375.9724095,2026-05-04T21:52:55.972409,33.541,10030630190,2040,6251,36,100,2
1777924375.9850433,2026-05-04T21:52:55.985043,33.541,10030634640,2040,6251,36,100,2
1777924376.0026522,2026-05-04T21:52:56.002652,34.322,10030634640,2040,6251,36,100,5
1777924376.015367,2026-05-04T21:52:56.015367,34.322,10030634640,2040,6251,36,100,5
1777924376.0282838,2026-05-04T21:52:56.028284,34.322,10030634640,2040,6251,36,100,5
1777924376.0410416,2026-05-04T21:52:56.041042,34.322,10030634640,2040,6251,36,100,5
1777924376.0535984,2026-05-04T21:52:56.053598,34.322,10030634640,2040,6251,36,100,5
1777924376.0663726,2026-05-04T21:52:56.066373,34.322,10030634640,2040,6251,36,100,5
1777924376.079721,2026-05-04T21:52:56.079721,34.322,10030638871,2040,6251,36,100,5
1777924376.0931332,2026-05-04T21:52:56.093133,34.322,10030638871,2040,6251,36,100,5
1777924376.1058989,2026-05-04T21:52:56.105899,34.995,10030638871,2040,6251,36,100,5
1777924376.119689,2026-05-04T21:52:56.119689,34.995,10030638871,2040,6251,36,100,5
1777924376.1323452,2026-05-04T21:52:56.132345,34.995,10030638871,2040,6251,36,100,5
1777924376.1451223,2026-05-04T21:52:56.145122,34.995,10030638871,2040,6251,36,100,5
1777924376.1597097,2026-05-04T21:52:56.159710,34.995,10030638871,2040,6251,36,100,5
1777924376.1723745,2026-05-04T21:52:56.172374,34.995,10030638871,2040,6251,36,100,5
1777924376.185133,2026-05-04T21:52:56.185133,34.995,10030643082,2040,6251,36,100,5
1777924376.202733,2026-05-04T21:52:56.202733,36.038,10030643082,2040,6251,36,100,3
1777924376.2154298,2026-05-04T21:52:56.215430,36.038,10030643082,2040,6251,36,100,3
1777924376.228217,2026-05-04T21:52:56.228217,36.038,10030643082,2040,6251,36,100,3
1777924376.2408395,2026-05-04T21:52:56.240839,36.038,10030643082,2040,6251,36,100,3
1777924376.2535496,2026-05-04T21:52:56.253550,36.038,10030643082,2040,6251,36,100,3
1777924376.2663076,2026-05-04T21:52:56.266308,36.038,10030643082,2040,6251,36,100,3
1777924376.2796974,2026-05-04T21:52:56.279697,36.038,10030647315,2040,6251,36,100,3
1777924376.293002,2026-05-04T21:52:56.293002,36.038,10030647315,2040,6251,36,100,3
1777924376.3059244,2026-05-04T21:52:56.305924,37.291,10030647315,2040,6251,36,100,3
1777924376.3195474,2026-05-04T21:52:56.319547,37.291,10030647315,2040,6251,36,100,3
1777924376.3320646,2026-05-04T21:52:56.332065,37.291,10030647315,2040,6251,36,100,3
1777924376.3447595,2026-05-04T21:52:56.344759,37.291,10030647315,2040,6251,36,100,3
1777924376.3595505,2026-05-04T21:52:56.359550,37.291,10030647315,2040,6251,36,100,3
1777924376.372142,2026-05-04T21:52:56.372142,37.291,10030647315,2040,6251,36,100,3
1777924376.3847885,2026-05-04T21:52:56.384789,37.291,10030650672,2040,6251,36,100,3
1777924376.402549,2026-05-04T21:52:56.402549,37.568,10030650672,2040,6251,35,100,1
1777924376.4151585,2026-05-04T21:52:56.415159,37.568,10030650672,2040,6251,35,100,1
1777924376.427839,2026-05-04T21:52:56.427839,37.568,10030650672,2040,6251,35,100,1
1777924376.4404008,2026-05-04T21:52:56.440401,37.568,10030650672,2040,6251,35,100,1
1777924376.4530072,2026-05-04T21:52:56.453007,37.568,10030650672,2040,6251,35,100,1
1777924376.4656525,2026-05-04T21:52:56.465652,37.568,10030650672,2040,6251,35,100,1
1777924376.4795198,2026-05-04T21:52:56.479520,37.568,10030653835,2040,6251,35,100,1
1777924376.4929123,2026-05-04T21:52:56.492912,37.568,10030653835,2040,6251,35,100,1
1777924376.505471,2026-05-04T21:52:56.505471,37.881,10030653835,2040,6251,35,100,1
1777924376.5198286,2026-05-04T21:52:56.519829,37.881,10030653835,2040,6251,35,100,1
1777924376.532408,2026-05-04T21:52:56.532408,37.881,10030653835,2040,6251,35,100,1
1777924376.5449421,2026-05-04T21:52:56.544942,37.881,10030653835,2040,6251,35,100,1
1777924376.559543,2026-05-04T21:52:56.559543,37.881,10030653835,2040,6251,35,100,1
1777924376.5720263,2026-05-04T21:52:56.572026,37.881,10030653835,2040,6251,35,100,1
1777924376.5846312,2026-05-04T21:52:56.584631,37.881,10030657001,2040,6251,35,100,1
1777924376.6023846,2026-05-04T21:52:56.602385,38.176,10030657001,2040,6251,35,100,0
1777924376.6150203,2026-05-04T21:52:56.615020,38.176,10030657001,2040,6251,35,100,0
1777924376.627676,2026-05-04T21:52:56.627676,38.176,10030657001,2040,6251,35,100,0
1777924376.640251,2026-05-04T21:52:56.640251,38.176,10030657001,2040,6251,35,100,0
1777924376.6527576,2026-05-04T21:52:56.652758,38.176,10030657001,2040,6251,35,100,0
1777924376.665396,2026-05-04T21:52:56.665396,38.176,10030657001,2040,6251,35,100,0
1777924376.6794336,2026-05-04T21:52:56.679434,38.176,10030660170,2040,6251,35,100,0
1777924376.6928878,2026-05-04T21:52:56.692888,38.176,10030660170,2040,6251,35,100,0
1777924376.7055225,2026-05-04T21:52:56.705523,38.462,10030660170,2040,6251,35,100,0
1777924376.7195172,2026-05-04T21:52:56.719517,38.462,10030660170,2040,6251,35,100,0
1777924376.7320652,2026-05-04T21:52:56.732065,38.462,10030660170,2040,6251,35,100,0
1777924376.7447305,2026-05-04T21:52:56.744730,38.462,10030660170,2040,6251,35,100,0
1777924376.7593806,2026-05-04T21:52:56.759381,38.462,10030660170,2040,6251,35,100,0
1777924376.7719376,2026-05-04T21:52:56.771938,38.462,10030660170,2040,6251,35,100,0
1777924376.7845657,2026-05-04T21:52:56.784566,38.462,10030663331,2040,6251,35,100,0
1777924376.8013513,2026-05-04T21:52:56.801351,37.904,10030663331,2040,6251,35,100,0
1777924376.8140423,2026-05-04T21:52:56.814042,37.904,10030663331,2040,6251,35,100,0
1777924376.8265886,2026-05-04T21:52:56.826589,37.904,10030663331,2040,6251,35,100,0
1777924376.8395302,2026-05-04T21:52:56.839530,37.904,10030663331,2040,6251,35,100,0
1777924376.852154,2026-05-04T21:52:56.852154,37.904,10030663331,2040,6251,35,100,0
1777924376.8648486,2026-05-04T21:52:56.864849,37.904,10030663331,2040,6251,35,100,0
1777924376.879376,2026-05-04T21:52:56.879376,37.904,10030666487,2040,6251,35,100,0
1777924376.8927515,2026-05-04T21:52:56.892751,37.904,10030666487,2040,6251,35,100,0
1777924376.9054043,2026-05-04T21:52:56.905404,37.051,10030666487,2040,6251,35,100,0
1777924376.9194043,2026-05-04T21:52:56.919404,37.051,10030666487,2040,6251,35,100,0
1777924376.9318993,2026-05-04T21:52:56.931899,37.051,10030666487,2040,6251,35,100,0
1777924376.944571,2026-05-04T21:52:56.944571,37.051,10030666487,2040,6251,35,100,0
1777924376.9593465,2026-05-04T21:52:56.959347,37.051,10030666487,2040,6251,35,100,0
1777924376.971918,2026-05-04T21:52:56.971918,37.051,10030666487,2040,6251,35,100,0
1777924376.9846015,2026-05-04T21:52:56.984601,37.051,10030669637,2040,6251,35,100,0
1777924377.0020914,2026-05-04T21:52:57.002091,35.607,10030669637,2040,6251,35,100,0
1777924377.014685,2026-05-04T21:52:57.014685,35.607,10030669637,2040,6251,35,100,0
1777924377.0273354,2026-05-04T21:52:57.027335,35.607,10030669637,2040,6251,35,100,0
1777924377.039904,2026-05-04T21:52:57.039904,35.607,10030669637,2040,6251,35,100,0
1777924377.052428,2026-05-04T21:52:57.052428,35.607,10030669637,2040,6251,35,100,0
1777924377.0651238,2026-05-04T21:52:57.065124,35.607,10030669637,2040,6251,35,100,0
1777924377.0797296,2026-05-04T21:52:57.079730,35.607,10030672807,2040,6251,35,100,0
1777924377.0927854,2026-05-04T21:52:57.092785,35.607,10030672807,2040,6251,35,100,0
1777924377.1054306,2026-05-04T21:52:57.105431,34.66,10030672807,2040,6251,35,100,0
1777924377.119289,2026-05-04T21:52:57.119289,34.66,10030672807,2040,6251,35,100,0
1777924377.1318266,2026-05-04T21:52:57.131827,34.66,10030672807,2040,6251,35,100,0
1777924377.1445115,2026-05-04T21:52:57.144511,34.66,10030672807,2040,6251,35,100,0
1777924377.159274,2026-05-04T21:52:57.159274,34.66,10030672807,2040,6251,35,100,0
1777924377.1718025,2026-05-04T21:52:57.171803,34.66,10030672807,2040,6251,35,100,0
1777924377.1845198,2026-05-04T21:52:57.184520,34.66,10030675970,2040,6251,35,100,0
1777924377.2022529,2026-05-04T21:52:57.202253,33.664,10030675970,2040,6251,35,100,0
1777924377.214698,2026-05-04T21:52:57.214698,33.664,10030675970,2040,6251,35,100,0
1777924377.2273574,2026-05-04T21:52:57.227357,33.664,10030675970,2040,6251,35,100,0
1777924377.2398806,2026-05-04T21:52:57.239881,33.664,10030675970,2040,6251,35,100,0
1777924377.2522395,2026-05-04T21:52:57.252239,33.664,10030675970,2040,6251,35,100,0
1777924377.264851,2026-05-04T21:52:57.264851,33.664,10030675970,2040,6251,35,100,0
1777924377.279503,2026-05-04T21:52:57.279503,33.664,10030679141,2040,6251,35,100,0
1777924377.2925894,2026-05-04T21:52:57.292589,33.664,10030679141,2040,6251,35,100,0
1777924377.3052053,2026-05-04T21:52:57.305205,32.69,10030679141,2040,6251,35,100,0
1777924377.3193285,2026-05-04T21:52:57.319329,32.69,10030679141,2040,6251,35,100,0
1777924377.3318253,2026-05-04T21:52:57.331825,32.69,10030679141,2040,6251,35,100,0
1777924377.3444185,2026-05-04T21:52:57.344419,32.69,10030679141,2040,6251,35,100,0
1777924377.3595848,2026-05-04T21:52:57.359585,32.69,10030679141,2040,6251,35,100,0
1777924377.3721588,2026-05-04T21:52:57.372159,32.69,10030679141,2040,6251,35,100,0
1777924377.38475,2026-05-04T21:52:57.384750,32.69,10030682304,2040,6251,35,100,0
1777924377.402128,2026-05-04T21:52:57.402128,31.733,10030682304,2040,6251,35,100,0
1777924377.4147477,2026-05-04T21:52:57.414748,31.733,10030682304,2040,6251,35,100,0
1777924377.4272745,2026-05-04T21:52:57.427274,31.733,10030682304,2040,6251,35,100,0
1777924377.440025,2026-05-04T21:52:57.440025,31.733,10030682304,2040,6251,35,100,0
1777924377.4525666,2026-05-04T21:52:57.452567,31.733,10030682304,2040,6251,35,100,0
1777924377.4651034,2026-05-04T21:52:57.465103,31.733,10030682304,2040,6251,35,100,0
1777924377.4792688,2026-05-04T21:52:57.479269,31.733,10030685462,2040,6251,35,100,0
1777924377.4926147,2026-05-04T21:52:57.492615,31.733,10030685462,2040,6251,35,100,0
1777924377.5051599,2026-05-04T21:52:57.505160,31.733,10030685462,2040,6251,35,100,0
1777924377.5193746,2026-05-04T21:52:57.519375,31.733,10030685462,2040,6251,35,100,0
1777924377.5319226,2026-05-04T21:52:57.531923,31.733,10030685462,2040,6251,35,100,0
1777924377.5445383,2026-05-04T21:52:57.544538,31.733,10030685462,2040,6251,35,100,0
1777924377.5591884,2026-05-04T21:52:57.559188,31.733,10030685462,2040,6251,35,100,0
1777924377.5717442,2026-05-04T21:52:57.571744,31.733,10030685462,2040,6251,35,100,0
1777924377.5844126,2026-05-04T21:52:57.584413,31.733,10030688633,2040,6251,35,100,0
1777924377.602033,2026-05-04T21:52:57.602033,31.69,10030688633,2040,6251,35,100,0
1777924377.614641,2026-05-04T21:52:57.614641,31.69,10030688633,2040,6251,35,100,0
1777924377.6273365,2026-05-04T21:52:57.627337,31.69,10030688633,2040,6251,35,100,0
1777924377.6398962,2026-05-04T21:52:57.639896,31.69,10030688633,2040,6251,35,100,0
1777924377.652422,2026-05-04T21:52:57.652422,31.69,10030688633,2040,6251,35,100,0
1777924377.6650953,2026-05-04T21:52:57.665095,31.69,10030688633,2040,6251,35,100,0
1777924377.6791852,2026-05-04T21:52:57.679185,31.69,10030691802,2040,6251,35,100,0
1777924377.6927488,2026-05-04T21:52:57.692749,31.69,10030691802,2040,6251,35,100,0
1777924377.7056184,2026-05-04T21:52:57.705618,31.68,10030691802,2040,6251,35,100,0
1777924377.7191167,2026-05-04T21:52:57.719117,31.68,10030691802,2040,6251,35,100,0
1777924377.7317035,2026-05-04T21:52:57.731704,31.68,10030691802,2040,6251,35,100,0
1777924377.744342,2026-05-04T21:52:57.744342,31.68,10030691802,2040,6251,35,100,0
1777924377.7591248,2026-05-04T21:52:57.759125,31.68,10030691802,2040,6251,35,100,0
1777924377.771645,2026-05-04T21:52:57.771645,31.68,10030691802,2040,6251,35,100,0
1777924377.7842207,2026-05-04T21:52:57.784221,31.68,10030694950,2040,6251,35,100,0
1777924377.8020687,2026-05-04T21:52:57.802069,31.663,10030694950,2040,6251,35,100,0
1777924377.8147354,2026-05-04T21:52:57.814735,31.663,10030694950,2040,6251,35,100,0
1777924377.8273869,2026-05-04T21:52:57.827387,31.663,10030694950,2040,6251,35,100,0
1777924377.839969,2026-05-04T21:52:57.839969,31.663,10030694950,2040,6251,35,100,0
1777924377.8525448,2026-05-04T21:52:57.852545,31.663,10030694950,2040,6251,35,100,0
1777924377.8652499,2026-05-04T21:52:57.865250,31.663,10030694950,2040,6251,35,100,0
1777924377.8790433,2026-05-04T21:52:57.879043,31.663,10030698121,2040,6251,35,100,0
1777924377.8926282,2026-05-04T21:52:57.892628,31.663,10030698121,2040,6251,35,100,0
1777924377.9053533,2026-05-04T21:52:57.905353,31.689,10030698121,2040,6251,35,100,0
1777924377.9193122,2026-05-04T21:52:57.919312,31.689,10030698121,2040,6251,35,100,0
1777924377.9318197,2026-05-04T21:52:57.931820,31.689,10030698121,2040,6251,35,100,0
1777924377.9444926,2026-05-04T21:52:57.944493,31.689,10030698121,2040,6251,35,100,0
1777924377.9590883,2026-05-04T21:52:57.959088,31.689,10030698121,2040,6251,35,100,0
1777924377.971667,2026-05-04T21:52:57.971667,31.689,10030698121,2040,6251,35,100,0
1777924377.9842377,2026-05-04T21:52:57.984238,31.689,10030701271,2040,6251,35,100,0
1777924378.00173,2026-05-04T21:52:58.001730,31.67,10030701271,2040,6251,35,100,0
1777924378.014163,2026-05-04T21:52:58.014163,31.67,10030701271,2040,6251,35,100,0
1777924378.02674,2026-05-04T21:52:58.026740,31.67,10030701271,2040,6251,35,100,0
1777924378.0392163,2026-05-04T21:52:58.039216,31.67,10030701271,2040,6251,35,100,0
1777924378.0518212,2026-05-04T21:52:58.051821,31.67,10030701271,2040,6251,35,100,0
1777924378.0644727,2026-05-04T21:52:58.064473,31.67,10030701271,2040,6251,35,100,0
1777924378.0790386,2026-05-04T21:52:58.079039,31.67,10030704416,2040,6251,35,100,0
1777924378.0924842,2026-05-04T21:52:58.092484,31.67,10030704416,2040,6251,35,100,0
1777924378.1051655,2026-05-04T21:52:58.105165,31.713,10030704416,2040,6251,35,100,0
1777924378.118988,2026-05-04T21:52:58.118988,31.713,10030704416,2040,6251,35,100,0
1777924378.1314688,2026-05-04T21:52:58.131469,31.713,10030704416,2040,6251,35,100,0
1777924378.1440241,2026-05-04T21:52:58.144024,31.713,10030704416,2040,6251,35,100,0
1777924378.159001,2026-05-04T21:52:58.159001,31.713,10030704416,2040,6251,35,100,0
1777924378.1715739,2026-05-04T21:52:58.171574,31.713,10030704416,2040,6251,35,100,0
1777924378.1842618,2026-05-04T21:52:58.184262,31.713,10030707574,2040,6251,35,100,0
1777924378.1998525,2026-05-04T21:52:58.199852,31.704,10030707574,2040,6251,35,100,0
1777924378.2128837,2026-05-04T21:52:58.212884,31.704,10030707574,2040,6251,35,100,0
1777924378.2254682,2026-05-04T21:52:58.225468,31.704,10030707574,2040,6251,35,100,0
1777924378.2390275,2026-05-04T21:52:58.239028,31.704,10030707574,2040,6251,35,100,0
1777924378.2514513,2026-05-04T21:52:58.251451,31.704,10030707574,2040,6251,35,100,0
1777924378.2640731,2026-05-04T21:52:58.264073,31.704,10030707574,2040,6251,35,100,0
1777924378.2788796,2026-05-04T21:52:58.278880,31.704,10030710708,2040,6251,35,100,0
1777924378.2924027,2026-05-04T21:52:58.292403,31.704,10030710708,2040,6251,35,100,0
1777924378.3052077,2026-05-04T21:52:58.305208,31.686,10030710708,2040,6251,35,100,0
1777924378.3189485,2026-05-04T21:52:58.318949,31.686,10030710708,2040,6251,35,100,0
1777924378.3314834,2026-05-04T21:52:58.331483,31.686,10030710708,2040,6251,35,100,0
1777924378.3441815,2026-05-04T21:52:58.344182,31.686,10030710708,2040,6251,35,100,0
1777924378.3589191,2026-05-04T21:52:58.358919,31.686,10030710708,2040,6251,35,100,0
1777924378.3713932,2026-05-04T21:52:58.371393,31.686,10030710708,2040,6251,35,100,0
1777924378.3839908,2026-05-04T21:52:58.383991,31.686,10030713863,2040,6251,35,100,0
1777924378.4017978,2026-05-04T21:52:58.401798,31.677,10030713863,2040,6251,35,100,0
1777924378.4144163,2026-05-04T21:52:58.414416,31.677,10030713863,2040,6251,35,100,0
1777924378.4270158,2026-05-04T21:52:58.427016,31.677,10030713863,2040,6251,35,100,0
1777924378.439536,2026-05-04T21:52:58.439536,31.677,10030713863,2040,6251,35,100,0
1777924378.452005,2026-05-04T21:52:58.452005,31.677,10030713863,2040,6251,35,100,0
1777924378.4646468,2026-05-04T21:52:58.464647,31.677,10030713863,2040,6251,35,100,0
1777924378.4792438,2026-05-04T21:52:58.479244,31.677,10030717004,2040,6251,35,100,0
1777924378.492255,2026-05-04T21:52:58.492255,31.677,10030717004,2040,6251,35,100,0
1777924378.5047255,2026-05-04T21:52:58.504725,31.598,10030717004,2040,6251,35,100,0
1777924378.5188122,2026-05-04T21:52:58.518812,31.598,10030717004,2040,6251,35,100,0
1777924378.5310364,2026-05-04T21:52:58.531036,31.598,10030717004,2040,6251,35,100,0
1777924378.5434535,2026-05-04T21:52:58.543453,31.598,10030717004,2040,6251,35,100,0
1777924378.5587206,2026-05-04T21:52:58.558721,31.598,10030717004,2040,6251,35,100,0
1777924378.5710862,2026-05-04T21:52:58.571086,31.598,10030717004,2040,6251,35,100,0
1777924378.5836062,2026-05-04T21:52:58.583606,31.598,10030720079,2040,6251,35,100,0
1777924378.5993953,2026-05-04T21:52:58.599395,31.598,10030720079,2040,6251,35,100,0
1777924378.6116385,2026-05-04T21:52:58.611639,31.529,10030720079,2040,6251,35,100,0
1777924378.6241844,2026-05-04T21:52:58.624184,31.529,10030720079,2040,6251,35,100,0
1777924378.6387556,2026-05-04T21:52:58.638756,31.529,10030720079,2040,6251,35,100,0
1777924378.650986,2026-05-04T21:52:58.650986,31.529,10030720079,2040,6251,35,100,0
1777924378.6633747,2026-05-04T21:52:58.663375,31.529,10030720079,2040,6251,35,100,0
1777924378.6787605,2026-05-04T21:52:58.678761,31.529,10030720079,2040,6251,35,100,0
1777924378.6911092,2026-05-04T21:52:58.691109,31.529,10030723192,2040,6251,35,100,0
1777924378.7035089,2026-05-04T21:52:58.703509,31.458,10030723192,2040,6251,35,100,0
1777924378.7188344,2026-05-04T21:52:58.718834,31.458,10030723192,2040,6251,35,100,0
1777924378.7312214,2026-05-04T21:52:58.731221,31.458,10030723192,2040,6251,35,100,0
1777924378.7436125,2026-05-04T21:52:58.743613,31.458,10030723192,2040,6251,35,100,0
1777924378.758895,2026-05-04T21:52:58.758895,31.458,10030723192,2040,6251,35,100,0
1777924378.7711184,2026-05-04T21:52:58.771118,31.458,10030723192,2040,6251,35,100,0
1777924378.791018,2026-05-04T21:52:58.791018,31.458,10030726255,2040,6251,35,100,0
1777924378.8088498,2026-05-04T21:52:58.808850,31.615,10030726255,2040,6251,35,100,0
1777924378.833615,2026-05-04T21:52:58.833615,31.615,10030726255,2040,6251,35,100,0
1777924378.8539312,2026-05-04T21:52:58.853931,31.615,10030726255,2040,6251,35,100,0
1777924378.8731399,2026-05-04T21:52:58.873140,31.615,10030726255,2040,6251,35,100,0
1777924378.8929756,2026-05-04T21:52:58.892976,31.615,10030729767,2040,6251,35,100,0
1777924378.9118876,2026-05-04T21:52:58.911888,31.952,10030729767,2040,6251,35,100,0
1777924378.9306474,2026-05-04T21:52:58.930647,31.952,10030729767,2040,6251,35,100,0
1777924378.950289,2026-05-04T21:52:58.950289,31.952,10030729767,2040,6251,35,100,0
1777924378.9690588,2026-05-04T21:52:58.969059,31.952,10030729767,2040,6251,35,100,0
1777924378.9889295,2026-05-04T21:52:58.988930,31.952,10030733244,2040,6251,35,100,0
1777924379.0079155,2026-05-04T21:52:59.007915,32.259,10030733244,2040,6251,35,100,0
1777924379.033549,2026-05-04T21:52:59.033549,32.259,10030733244,2040,6251,35,100,0
1777924379.0541666,2026-05-04T21:52:59.054167,32.259,10030733244,2040,6251,35,100,0
1777924379.0737486,2026-05-04T21:52:59.073749,32.259,10030736779,2040,6251,35,100,0
1777924379.0969212,2026-05-04T21:52:59.096921,32.259,10030736779,2040,6251,35,100,0
1777924379.1157498,2026-05-04T21:52:59.115750,32.68,10030736779,2040,6251,35,100,0
1777924379.133758,2026-05-04T21:52:59.133758,32.68,10030736779,2040,6251,35,100,0
1777924379.1546612,2026-05-04T21:52:59.154661,32.68,10030736779,2040,6251,35,100,0
1777924379.171972,2026-05-04T21:52:59.171972,32.68,10030736779,2040,6251,35,100,0
1777924379.192872,2026-05-04T21:52:59.192872,32.68,10030740279,2040,6251,35,100,0
1777924379.2129102,2026-05-04T21:52:59.212910,32.911,10030740279,2040,6251,35,100,0
1777924379.2328756,2026-05-04T21:52:59.232876,32.911,10030740279,2040,6251,35,100,0
1777924379.2532969,2026-05-04T21:52:59.253297,32.911,10030740279,2040,6251,35,100,0
1777924379.2732272,2026-05-04T21:52:59.273227,32.911,10030740279,2040,6251,35,100,0
1777924379.2928824,2026-05-04T21:52:59.292882,32.911,10030743832,2040,6251,35,100,0
1777924379.311969,2026-05-04T21:52:59.311969,33.245,10030743832,2040,6251,35,100,0
1777924379.3344421,2026-05-04T21:52:59.334442,33.245,10030743832,2040,6251,35,100,0
1777924379.3533752,2026-05-04T21:52:59.353375,33.245,10030743832,2040,6251,35,100,0
1777924379.3740592,2026-05-04T21:52:59.374059,33.245,10030743832,2040,6251,35,100,0
1777924379.3937666,2026-05-04T21:52:59.393767,33.245,10030747373,2040,6251,35,100,0
1777924379.4113054,2026-05-04T21:52:59.411305,33.788,10030747373,2040,6251,35,100,0
1777924379.430143,2026-05-04T21:52:59.430143,33.788,10030747373,2040,6251,35,100,0
1777924379.4495482,2026-05-04T21:52:59.449548,33.788,10030747373,2040,6251,35,100,0
1777924379.4697733,2026-05-04T21:52:59.469773,33.788,10030747373,2040,6251,35,100,0
1777924379.48612,2026-05-04T21:52:59.486120,33.788,10030750829,2040,6251,35,100,0
1777924379.5042386,2026-05-04T21:52:59.504239,33.788,10030750829,2040,6251,35,100,0
1777924379.5258586,2026-05-04T21:52:59.525859,33.911,10030750829,2040,6251,35,100,0
1777924379.5464528,2026-05-04T21:52:59.546453,33.911,10030750829,2040,6251,35,100,0
1777924379.5651364,2026-05-04T21:52:59.565136,33.911,10030750829,2040,6251,35,100,0
1777924379.5849419,2026-05-04T21:52:59.584942,33.911,10030754340,2040,6251,35,100,0
1777924379.6065423,2026-05-04T21:52:59.606542,33.911,10030754340,2040,6251,35,100,0
1777924379.62811,2026-05-04T21:52:59.628110,34.266,10030754340,2040,6251,35,100,1
1777924379.6481276,2026-05-04T21:52:59.648128,34.266,10030754340,2040,6251,35,100,1
1777924379.6670892,2026-05-04T21:52:59.667089,34.266,10030754340,2040,6251,35,100,1
1777924379.6873302,2026-05-04T21:52:59.687330,34.266,10030757852,2040,6251,35,100,1
1777924379.7053125,2026-05-04T21:52:59.705312,34.266,10030757852,2040,6251,35,100,1
1777924379.7263165,2026-05-04T21:52:59.726316,34.675,10030757852,2040,6251,35,100,1
1777924379.7456396,2026-05-04T21:52:59.745640,34.675,10030757852,2040,6251,35,100,1
1777924379.76427,2026-05-04T21:52:59.764270,34.675,10030757852,2040,6251,35,100,1
1777924379.7821538,2026-05-04T21:52:59.782154,34.675,10030761367,2040,6251,35,100,1
1777924379.8055878,2026-05-04T21:52:59.805588,34.675,10030761367,2040,6251,35,100,1
1777924379.822386,2026-05-04T21:52:59.822386,35.082,10030761367,2040,6251,35,100,0
1777924379.846989,2026-05-04T21:52:59.846989,35.082,10030761367,2040,6251,35,100,0
1777924379.8686311,2026-05-04T21:52:59.868631,35.082,10030761367,2040,6251,35,100,0
1777924379.890024,2026-05-04T21:52:59.890024,35.082,10030764888,2040,6251,35,100,0
1777924379.9086504,2026-05-04T21:52:59.908650,35.082,10030764888,2040,6251,35,100,0
1777924379.9274566,2026-05-04T21:52:59.927457,35.229,10030764888,2040,6251,35,100,0
1777924379.9460056,2026-05-04T21:52:59.946006,35.229,10030764888,2040,6251,35,100,0
1777924379.9649823,2026-05-04T21:52:59.964982,35.229,10030764888,2040,6251,35,100,0
1777924379.984443,2026-05-04T21:52:59.984443,35.229,10030768408,2040,6251,35,100,0
1777924380.002993,2026-05-04T21:53:00.002993,35.229,10030768408,2040,6251,35,100,0
1777924380.0220256,2026-05-04T21:53:00.022026,35.236,10030768408,2040,6251,35,100,0
1777924380.041166,2026-05-04T21:53:00.041166,35.236,10030768408,2040,6251,35,100,0
1777924380.0610561,2026-05-04T21:53:00.061056,35.236,10030768408,2040,6251,35,100,0
1777924380.081471,2026-05-04T21:53:00.081471,35.236,10030771926,2040,6251,35,100,0
1777924380.1019328,2026-05-04T21:53:00.101933,35.236,10030771926,2040,6251,35,100,0
1777924380.1223524,2026-05-04T21:53:00.122352,35.245,10030771926,2040,6251,35,100,0
1777924380.142617,2026-05-04T21:53:00.142617,35.245,10030771926,2040,6251,35,100,0
1777924380.1615858,2026-05-04T21:53:00.161586,35.245,10030771926,2040,6251,35,100,0
1777924380.1795456,2026-05-04T21:53:00.179546,35.245,10030775441,2040,6251,35,100,0
1777924380.2033253,2026-05-04T21:53:00.203325,35.245,10030775441,2040,6251,35,100,0
1777924380.2231002,2026-05-04T21:53:00.223100,35.263,10030775441,2040,6251,35,100,1
1777924380.2422905,2026-05-04T21:53:00.242290,35.263,10030775441,2040,6251,35,100,1
1777924380.2636483,2026-05-04T21:53:00.263648,35.263,10030775441,2040,6251,35,100,1
1777924380.2822027,2026-05-04T21:53:00.282203,35.263,10030778960,2040,6251,35,100,1
1777924380.3024096,2026-05-04T21:53:00.302410,35.263,10030778960,2040,6251,35,100,1
1777924380.322692,2026-05-04T21:53:00.322692,35.252,10030778960,2040,6251,35,100,1
1777924380.3409653,2026-05-04T21:53:00.340965,35.252,10030778960,2040,6251,35,100,1
1777924380.361203,2026-05-04T21:53:00.361203,35.252,10030778960,2040,6251,35,100,1
1777924380.3821056,2026-05-04T21:53:00.382106,35.252,10030782472,2040,6251,35,100,1
1777924380.4027994,2026-05-04T21:53:00.402799,35.252,10030782472,2040,6251,35,100,1
1777924380.4226363,2026-05-04T21:53:00.422636,35.245,10030782472,2040,6251,35,100,1
1777924380.441244,2026-05-04T21:53:00.441244,35.245,10030782472,2040,6251,35,100,1
1777924380.4629552,2026-05-04T21:53:00.462955,35.245,10030782472,2040,6251,35,100,1
1777924380.4822109,2026-05-04T21:53:00.482211,35.245,10030785983,2040,6251,35,100,1
1777924380.5013301,2026-05-04T21:53:00.501330,35.245,10030785983,2040,6251,35,100,1
1777924380.5204277,2026-05-04T21:53:00.520428,35.245,10030785983,2040,6251,35,100,1
1777924380.5411344,2026-05-04T21:53:00.541134,35.272,10030785983,2040,6251,35,100,1
1777924380.5612543,2026-05-04T21:53:00.561254,35.272,10030785983,2040,6251,35,100,1
1777924380.5821433,2026-05-04T21:53:00.582143,35.272,10030789502,2040,6251,35,100,1
1777924380.6023777,2026-05-04T21:53:00.602378,35.272,10030789502,2040,6251,35,100,1
1777924380.621002,2026-05-04T21:53:00.621002,35.272,10030789502,2040,6251,35,100,1
1777924380.6414018,2026-05-04T21:53:00.641402,35.271,10030789502,2040,6251,35,100,1
1777924380.6556714,2026-05-04T21:53:00.655671,35.271,10030789502,2040,6251,35,100,1
1777924380.6729307,2026-05-04T21:53:00.672931,35.271,10030789502,2040,6251,35,100,1
1777924380.6925845,2026-05-04T21:53:00.692585,35.271,10030793034,2040,6251,35,100,1
1777924380.7095997,2026-05-04T21:53:00.709600,35.271,10030793034,2040,6251,35,100,1
1777924380.72703,2026-05-04T21:53:00.727030,35.282,10030793034,2040,6251,35,100,1
1777924380.7471905,2026-05-04T21:53:00.747190,35.282,10030793034,2040,6251,35,100,1
1777924380.7656558,2026-05-04T21:53:00.765656,35.282,10030793034,2040,6251,35,100,1
1777924380.7833092,2026-05-04T21:53:00.783309,35.282,10030796541,2040,6251,35,100,1
1777924380.798972,2026-05-04T21:53:00.798972,35.282,10030796541,2040,6251,35,100,1
1777924380.8170216,2026-05-04T21:53:00.817022,35.282,10030796541,2040,6251,35,100,1
1777924380.8365364,2026-05-04T21:53:00.836536,35.266,10030796541,2040,6251,35,100,1
1777924380.8492992,2026-05-04T21:53:00.849299,35.266,10030796541,2040,6251,35,100,1
1777924380.8619006,2026-05-04T21:53:00.861901,35.266,10030796541,2040,6251,35,100,1
1777924380.881728,2026-05-04T21:53:00.881728,35.266,10030800255,2040,6251,35,100,1
1777924380.9029927,2026-05-04T21:53:00.902993,35.266,10030800255,2040,6251,35,100,1
1777924380.9228826,2026-05-04T21:53:00.922883,35.266,10030800255,2040,6251,35,100,1
1777924380.9422188,2026-05-04T21:53:00.942219,35.337,10030800255,2040,6251,35,100,1
1777924380.958182,2026-05-04T21:53:00.958182,35.337,10030800255,2040,6251,35,100,1
1777924380.9707806,2026-05-04T21:53:00.970781,35.337,10030800255,2040,6251,35,100,1
1777924380.9833922,2026-05-04T21:53:00.983392,35.337,10030804036,2040,6251,35,100,1
1777924380.9991255,2026-05-04T21:53:00.999125,35.337,10030804036,2040,6251,35,100,1
1777924381.0115736,2026-05-04T21:53:01.011574,35.337,10030804036,2040,6251,35,100,1
1777924381.0254583,2026-05-04T21:53:01.025458,35.337,10030804036,2040,6251,35,100,1
1777924381.038279,2026-05-04T21:53:01.038279,35.962,10030804036,2040,6251,36,100,2
1777924381.0507953,2026-05-04T21:53:01.050795,35.962,10030804036,2040,6251,36,100,2
1777924381.0634212,2026-05-04T21:53:01.063421,35.962,10030804036,2040,6251,36,100,2
1777924381.0781407,2026-05-04T21:53:01.078141,35.962,10030808154,2040,6251,36,100,2
1777924381.091535,2026-05-04T21:53:01.091535,35.962,10030808154,2040,6251,36,100,2
1777924381.104216,2026-05-04T21:53:01.104216,35.962,10030808154,2040,6251,36,100,2
1777924381.1181307,2026-05-04T21:53:01.118131,35.962,10030808154,2040,6251,36,100,2
1777924381.1308262,2026-05-04T21:53:01.130826,35.962,10030808154,2040,6251,36,100,2
1777924381.1434422,2026-05-04T21:53:01.143442,36.618,10030808154,2040,6251,36,100,2
1777924381.1580558,2026-05-04T21:53:01.158056,36.618,10030808154,2040,6251,36,100,2
1777924381.170555,2026-05-04T21:53:01.170555,36.618,10030808154,2040,6251,36,100,2
1777924381.1832356,2026-05-04T21:53:01.183236,36.618,10030812734,2040,6251,36,100,2
1777924381.1988542,2026-05-04T21:53:01.198854,36.618,10030812734,2040,6251,36,100,2
1777924381.2115018,2026-05-04T21:53:01.211502,36.618,10030812734,2040,6251,36,100,2
1777924381.2242866,2026-05-04T21:53:01.224287,36.618,10030812734,2040,6251,36,100,2
1777924381.2382014,2026-05-04T21:53:01.238201,37.198,10030812734,2040,6251,36,100,7
1777924381.2509358,2026-05-04T21:53:01.250936,37.198,10030812734,2040,6251,36,100,7
1777924381.2637076,2026-05-04T21:53:01.263708,37.198,10030812734,2040,6251,36,100,7
1777924381.2783253,2026-05-04T21:53:01.278325,37.198,10030816969,2040,6251,36,100,7
1777924381.291485,2026-05-04T21:53:01.291485,37.198,10030816969,2040,6251,36,100,7
1777924381.3042417,2026-05-04T21:53:01.304242,37.198,10030816969,2040,6251,36,100,7
1777924381.3181064,2026-05-04T21:53:01.318106,37.198,10030816969,2040,6251,36,100,7
1777924381.330748,2026-05-04T21:53:01.330748,37.198,10030816969,2040,6251,36,100,7
1777924381.343509,2026-05-04T21:53:01.343509,38.122,10030816969,2040,6251,36,100,7
1777924381.3580396,2026-05-04T21:53:01.358040,38.122,10030816969,2040,6251,36,100,7
1777924381.3706934,2026-05-04T21:53:01.370693,38.122,10030816969,2040,6251,36,100,7
1777924381.3834822,2026-05-04T21:53:01.383482,38.122,10030821154,2040,6251,36,100,7
1777924381.3987598,2026-05-04T21:53:01.398760,38.122,10030821154,2040,6251,36,100,7
1777924381.4113834,2026-05-04T21:53:01.411383,38.122,10030821154,2040,6251,36,100,7
1777924381.424099,2026-05-04T21:53:01.424099,38.122,10030821154,2040,6251,36,100,7
1777924381.4380434,2026-05-04T21:53:01.438043,38.073,10030821154,2040,6251,35,100,3
1777924381.4506907,2026-05-04T21:53:01.450691,38.073,10030821154,2040,6251,35,100,3
1777924381.4633813,2026-05-04T21:53:01.463381,38.073,10030821154,2040,6251,35,100,3
1777924381.4779582,2026-05-04T21:53:01.477958,38.073,10030824370,2040,6251,35,100,3
1777924381.4914107,2026-05-04T21:53:01.491411,38.073,10030824370,2040,6251,35,100,3
1777924381.5040505,2026-05-04T21:53:01.504050,38.073,10030824370,2040,6251,35,100,3
1777924381.5180976,2026-05-04T21:53:01.518098,38.073,10030824370,2040,6251,35,100,3
1777924381.5307827,2026-05-04T21:53:01.530783,38.073,10030824370,2040,6251,35,100,3
1777924381.543364,2026-05-04T21:53:01.543364,37.953,10030824370,2040,6251,35,100,3
1777924381.5581255,2026-05-04T21:53:01.558125,37.953,10030824370,2040,6251,35,100,3
1777924381.5705705,2026-05-04T21:53:01.570570,37.953,10030824370,2040,6251,35,100,3
1777924381.5833719,2026-05-04T21:53:01.583372,37.953,10030827512,2040,6251,35,100,3
1777924381.598637,2026-05-04T21:53:01.598637,37.953,10030827512,2040,6251,35,100,3
1777924381.6112175,2026-05-04T21:53:01.611217,37.953,10030827512,2040,6251,35,100,3
1777924381.624016,2026-05-04T21:53:01.624016,37.953,10030827512,2040,6251,35,100,3
1777924381.6380405,2026-05-04T21:53:01.638041,37.378,10030827512,2040,6251,35,100,0
1777924381.6506433,2026-05-04T21:53:01.650643,37.378,10030827512,2040,6251,35,100,0
1777924381.6633384,2026-05-04T21:53:01.663338,37.378,10030827512,2040,6251,35,100,0
1777924381.677917,2026-05-04T21:53:01.677917,37.378,10030830663,2040,6251,35,100,0
1777924381.691301,2026-05-04T21:53:01.691301,37.378,10030830663,2040,6251,35,100,0
1777924381.7039707,2026-05-04T21:53:01.703971,37.378,10030830663,2040,6251,35,100,0
1777924381.717912,2026-05-04T21:53:01.717912,37.378,10030830663,2040,6251,35,100,0
1777924381.7304428,2026-05-04T21:53:01.730443,37.378,10030830663,2040,6251,35,100,0
1777924381.743099,2026-05-04T21:53:01.743099,37.234,10030830663,2040,6251,35,100,0
1777924381.7578795,2026-05-04T21:53:01.757879,37.234,10030830663,2040,6251,35,100,0
1777924381.7704132,2026-05-04T21:53:01.770413,37.234,10030830663,2040,6251,35,100,0
1777924381.7831845,2026-05-04T21:53:01.783185,37.234,10030833829,2040,6251,35,100,0
1777924381.798524,2026-05-04T21:53:01.798524,37.234,10030833829,2040,6251,35,100,0
1777924381.8110905,2026-05-04T21:53:01.811090,37.234,10030833829,2040,6251,35,100,0
1777924381.8236592,2026-05-04T21:53:01.823659,37.234,10030833829,2040,6251,35,100,0
1777924381.838279,2026-05-04T21:53:01.838279,36.759,10030833829,2040,6251,35,100,0
1777924381.8509269,2026-05-04T21:53:01.850927,36.759,10030833829,2040,6251,35,100,0
1777924381.8636098,2026-05-04T21:53:01.863610,36.759,10030833829,2040,6251,35,100,0
1777924381.8778307,2026-05-04T21:53:01.877831,36.759,10030836989,2040,6251,35,100,0
1777924381.891231,2026-05-04T21:53:01.891231,36.759,10030836989,2040,6251,35,100,0
1777924381.903947,2026-05-04T21:53:01.903947,36.759,10030836989,2040,6251,35,100,0
1777924381.9178183,2026-05-04T21:53:01.917818,36.759,10030836989,2040,6251,35,100,0
1777924381.9303381,2026-05-04T21:53:01.930338,36.759,10030836989,2040,6251,35,100,0
1777924381.9429865,2026-05-04T21:53:01.942986,36.459,10030836989,2040,6251,35,100,0
1777924381.9578767,2026-05-04T21:53:01.957877,36.459,10030836989,2040,6251,35,100,0
1777924381.9704487,2026-05-04T21:53:01.970449,36.459,10030836989,2040,6251,35,100,0
1777924381.9831219,2026-05-04T21:53:01.983122,36.459,10030840139,2040,6251,35,100,0
1777924381.9985192,2026-05-04T21:53:01.998519,36.459,10030840139,2040,6251,35,100,0
1777924382.0110366,2026-05-04T21:53:02.011037,36.459,10030840139,2040,6251,35,100,0
1777924382.0236444,2026-05-04T21:53:02.023644,36.459,10030840139,2040,6251,35,100,0
1777924382.03795,2026-05-04T21:53:02.037950,36.044,10030840139,2040,6251,35,100,0
1777924382.0505643,2026-05-04T21:53:02.050564,36.044,10030840139,2040,6251,35,100,0
1777924382.0632634,2026-05-04T21:53:02.063263,36.044,10030840139,2040,6251,35,100,0
1777924382.0777547,2026-05-04T21:53:02.077755,36.044,10030843302,2040,6251,35,100,0
1777924382.0911584,2026-05-04T21:53:02.091158,36.044,10030843302,2040,6251,35,100,0
1777924382.1038275,2026-05-04T21:53:02.103827,36.044,10030843302,2040,6251,35,100,0
1777924382.1180494,2026-05-04T21:53:02.118049,36.044,10030843302,2040,6251,35,100,0
1777924382.1306775,2026-05-04T21:53:02.130677,36.044,10030843302,2040,6251,35,100,0
1777924382.143345,2026-05-04T21:53:02.143345,35.092,10030843302,2040,6251,35,100,0
1777924382.1577795,2026-05-04T21:53:02.157779,35.092,10030843302,2040,6251,35,100,0
1777924382.170361,2026-05-04T21:53:02.170361,35.092,10030843302,2040,6251,35,100,0
1777924382.183052,2026-05-04T21:53:02.183052,35.092,10030846464,2040,6251,35,100,0
1777924382.2007878,2026-05-04T21:53:02.200788,35.092,10030846464,2040,6251,35,100,0
1777924382.213263,2026-05-04T21:53:02.213263,35.092,10030846464,2040,6251,35,100,0
1777924382.225911,2026-05-04T21:53:02.225911,35.092,10030846464,2040,6251,35,100,0
1777924382.2386184,2026-05-04T21:53:02.238618,34.218,10030846464,2040,6251,35,100,0
1777924382.2511234,2026-05-04T21:53:02.251123,34.218,10030846464,2040,6251,35,100,0
1777924382.2637975,2026-05-04T21:53:02.263798,34.218,10030846464,2040,6251,35,100,0
1777924382.277698,2026-05-04T21:53:02.277698,34.218,10030849626,2040,6251,35,100,0
1777924382.2910955,2026-05-04T21:53:02.291095,34.218,10030849626,2040,6251,35,100,0
1777924382.3036985,2026-05-04T21:53:02.303699,34.218,10030849626,2040,6251,35,100,0
1777924382.317655,2026-05-04T21:53:02.317655,34.218,10030849626,2040,6251,35,100,0
1777924382.3301368,2026-05-04T21:53:02.330137,34.218,10030849626,2040,6251,35,100,0
1777924382.342759,2026-05-04T21:53:02.342759,33.224,10030849626,2040,6251,35,100,0
1777924382.35762,2026-05-04T21:53:02.357620,33.224,10030849626,2040,6251,35,100,0
1777924382.3701952,2026-05-04T21:53:02.370195,33.224,10030849626,2040,6251,35,100,0
1777924382.382874,2026-05-04T21:53:02.382874,33.224,10030852791,2040,6251,35,100,0
1777924382.3996367,2026-05-04T21:53:02.399637,33.224,10030852791,2040,6251,35,100,0
1777924382.4123049,2026-05-04T21:53:02.412305,33.224,10030852791,2040,6251,35,100,0
1777924382.4249244,2026-05-04T21:53:02.424924,33.224,10030852791,2040,6251,35,100,0
1777924382.4377236,2026-05-04T21:53:02.437724,32.224,10030852791,2040,6251,35,100,0
1777924382.4504163,2026-05-04T21:53:02.450416,32.224,10030852791,2040,6251,35,100,0
1777924382.4631412,2026-05-04T21:53:02.463141,32.224,10030852791,2040,6251,35,100,0
1777924382.4775999,2026-05-04T21:53:02.477600,32.224,10030855950,2040,6251,35,100,0
1777924382.4911003,2026-05-04T21:53:02.491100,32.224,10030855950,2040,6251,35,100,0
1777924382.5037386,2026-05-04T21:53:02.503739,32.224,10030855950,2040,6251,35,100,0
1777924382.5176425,2026-05-04T21:53:02.517642,32.224,10030855950,2040,6251,35,100,0
1777924382.5301669,2026-05-04T21:53:02.530167,32.224,10030855950,2040,6251,35,100,0
1777924382.5428438,2026-05-04T21:53:02.542844,31.683,10030855950,2040,6251,35,100,0
1777924382.55766,2026-05-04T21:53:02.557660,31.683,10030855950,2040,6251,35,100,0
1777924382.570218,2026-05-04T21:53:02.570218,31.683,10030855950,2040,6251,35,100,0
1777924382.5828896,2026-05-04T21:53:02.582890,31.683,10030859098,2040,6251,35,100,0
1777924382.6004636,2026-05-04T21:53:02.600464,31.683,10030859098,2040,6251,35,100,0
1777924382.6129375,2026-05-04T21:53:02.612937,31.683,10030859098,2040,6251,35,100,0
1777924382.6255229,2026-05-04T21:53:02.625523,31.683,10030859098,2040,6251,35,100,0
1777924382.638007,2026-05-04T21:53:02.638007,31.69,10030859098,2040,6251,35,100,0
1777924382.650339,2026-05-04T21:53:02.650339,31.69,10030859098,2040,6251,35,100,0
1777924382.6630204,2026-05-04T21:53:02.663020,31.69,10030859098,2040,6251,35,100,0
1777924382.6779273,2026-05-04T21:53:02.677927,31.69,10030862242,2040,6251,35,100,0
1777924382.690974,2026-05-04T21:53:02.690974,31.69,10030862242,2040,6251,35,100,0
1777924382.7034738,2026-05-04T21:53:02.703474,31.69,10030862242,2040,6251,35,100,0
1777924382.7175574,2026-05-04T21:53:02.717557,31.69,10030862242,2040,6251,35,100,0
1777924382.729885,2026-05-04T21:53:02.729885,31.69,10030862242,2040,6251,35,100,0
1777924382.7423127,2026-05-04T21:53:02.742313,31.699,10030862242,2040,6251,35,100,0
1777924382.7574432,2026-05-04T21:53:02.757443,31.699,10030862242,2040,6251,35,100,0
1777924382.7697015,2026-05-04T21:53:02.769701,31.699,10030862242,2040,6251,35,100,0
1777924382.7821596,2026-05-04T21:53:02.782160,31.699,10030865353,2040,6251,35,100,0
1777924382.8005087,2026-05-04T21:53:02.800509,31.699,10030865353,2040,6251,35,100,0
1777924382.813001,2026-05-04T21:53:02.813001,31.699,10030865353,2040,6251,35,100,0
1777924382.8256567,2026-05-04T21:53:02.825657,31.699,10030865353,2040,6251,35,100,0
1777924382.8382838,2026-05-04T21:53:02.838284,31.655,10030865353,2040,6251,35,100,0
1777924382.8508627,2026-05-04T21:53:02.850863,31.655,10030865353,2040,6251,35,100,0
1777924382.8634942,2026-05-04T21:53:02.863494,31.655,10030865353,2040,6251,35,100,0
1777924382.8775105,2026-05-04T21:53:02.877511,31.655,10030868505,2040,6251,35,100,0
1777924382.8909304,2026-05-04T21:53:02.890930,31.655,10030868505,2040,6251,35,100,0
1777924382.9034755,2026-05-04T21:53:02.903476,31.655,10030868505,2040,6251,35,100,0
1777924382.917449,2026-05-04T21:53:02.917449,31.655,10030868505,2040,6251,35,100,0
1777924382.9299006,2026-05-04T21:53:02.929901,31.655,10030868505,2040,6251,35,100,0
1777924382.9424536,2026-05-04T21:53:02.942454,31.639,10030868505,2040,6251,35,100,0
1777924382.9576855,2026-05-04T21:53:02.957685,31.639,10030868505,2040,6251,35,100,0
1777924382.9701114,2026-05-04T21:53:02.970111,31.639,10030868505,2040,6251,35,100,0
1777924382.9827986,2026-05-04T21:53:02.982799,31.639,10030871639,2040,6251,35,100,0
1777924383.0002096,2026-05-04T21:53:03.000210,31.639,10030871639,2040,6251,35,100,0
1777924383.012633,2026-05-04T21:53:03.012633,31.639,10030871639,2040,6251,35,100,0
1777924383.0252268,2026-05-04T21:53:03.025227,31.639,10030871639,2040,6251,35,100,0
1777924383.0377095,2026-05-04T21:53:03.037709,31.641,10030871639,2040,6251,35,100,0
1777924383.0501318,2026-05-04T21:53:03.050132,31.641,10030871639,2040,6251,35,100,0
1777924383.0627303,2026-05-04T21:53:03.062730,31.641,10030871639,2040,6251,35,100,0
1777924383.0774581,2026-05-04T21:53:03.077458,31.641,10030874775,2040,6251,35,100,0
1777924383.0909193,2026-05-04T21:53:03.090919,31.641,10030874775,2040,6251,35,100,0
1777924383.1035724,2026-05-04T21:53:03.103572,31.641,10030874775,2040,6251,35,100,0
1777924383.117448,2026-05-04T21:53:03.117448,31.641,10030874775,2040,6251,35,100,0
1777924383.1299796,2026-05-04T21:53:03.129980,31.641,10030874775,2040,6251,35,100,0
1777924383.142593,2026-05-04T21:53:03.142593,31.623,10030874775,2040,6251,35,100,0
1777924383.1573977,2026-05-04T21:53:03.157398,31.623,10030874775,2040,6251,35,100,0
1777924383.169626,2026-05-04T21:53:03.169626,31.623,10030874775,2040,6251,35,100,0
1777924383.1819892,2026-05-04T21:53:03.181989,31.623,10030877899,2040,6251,35,100,0
1777924383.2001276,2026-05-04T21:53:03.200128,31.623,10030877899,2040,6251,35,100,0
1777924383.2124882,2026-05-04T21:53:03.212488,31.623,10030877899,2040,6251,35,100,0
1777924383.2248864,2026-05-04T21:53:03.224886,31.623,10030877899,2040,6251,35,100,0
1777924383.2376606,2026-05-04T21:53:03.237661,31.546,10030877899,2040,6251,35,100,0
1777924383.2499316,2026-05-04T21:53:03.249932,31.546,10030877899,2040,6251,35,100,0
1777924383.2623363,2026-05-04T21:53:03.262336,31.546,10030877899,2040,6251,35,100,0
1777924383.2773263,2026-05-04T21:53:03.277326,31.546,10030877899,2040,6251,35,100,0
1777924383.2896636,2026-05-04T21:53:03.289664,31.546,10030881015,2040,6251,35,100,0
1777924383.3021255,2026-05-04T21:53:03.302125,31.546,10030881015,2040,6251,35,100,0
1777924383.3172574,2026-05-04T21:53:03.317257,31.546,10030881015,2040,6251,35,100,0
1777924383.3296144,2026-05-04T21:53:03.329614,31.546,10030881015,2040,6251,35,100,0
1777924383.3468022,2026-05-04T21:53:03.346802,31.485,10030881015,2040,6251,35,100,0
1777924383.3672838,2026-05-04T21:53:03.367284,31.485,10030881015,2040,6251,35,100,0
1777924383.3875883,2026-05-04T21:53:03.387588,31.485,10030884210,2040,6251,35,100,0
1777924383.405896,2026-05-04T21:53:03.405896,31.485,10030884210,2040,6251,35,100,0
1777924383.425795,2026-05-04T21:53:03.425795,31.485,10030884210,2040,6251,35,100,0
1777924383.4448473,2026-05-04T21:53:03.444847,31.745,10030884210,2040,6251,35,100,0
1777924383.4626765,2026-05-04T21:53:03.462677,31.745,10030884210,2040,6251,35,100,0
1777924383.4832633,2026-05-04T21:53:03.483263,31.745,10030887711,2040,6251,35,100,0
1777924383.501603,2026-05-04T21:53:03.501603,31.745,10030887711,2040,6251,35,100,0
1777924383.520614,2026-05-04T21:53:03.520614,31.745,10030887711,2040,6251,35,100,0
1777924383.5395463,2026-05-04T21:53:03.539546,35.164,10030887711,2040,6251,35,100,0
1777924383.559881,2026-05-04T21:53:03.559881,32.063,10030887711,2040,6251,35,100,0
1777924383.581283,2026-05-04T21:53:03.581283,32.063,10030891229,2040,6251,35,100,0
1777924383.6058626,2026-05-04T21:53:03.605863,32.063,10030891229,2040,6251,35,100,0
1777924383.6264315,2026-05-04T21:53:03.626431,32.063,10030891229,2040,6251,35,100,0
1777924383.645064,2026-05-04T21:53:03.645064,32.398,10030891229,2040,6251,35,100,1
1777924383.6664622,2026-05-04T21:53:03.666462,32.398,10030891229,2040,6251,35,100,1
1777924383.6845207,2026-05-04T21:53:03.684521,32.398,10030894740,2040,6251,35,100,1
1777924383.7020416,2026-05-04T21:53:03.702042,32.398,10030894740,2040,6251,35,100,1
1777924383.7228594,2026-05-04T21:53:03.722859,32.398,10030894740,2040,6251,35,100,1
1777924383.7410018,2026-05-04T21:53:03.741002,32.732,10030894740,2040,6251,35,100,1
1777924383.7635348,2026-05-04T21:53:03.763535,32.732,10030894740,2040,6251,35,100,1
1777924383.7811065,2026-05-04T21:53:03.781106,32.732,10030898252,2040,6251,35,100,1
1777924383.8036306,2026-05-04T21:53:03.803631,32.732,10030898252,2040,6251,35,100,1
1777924383.8251057,2026-05-04T21:53:03.825106,32.732,10030898252,2040,6251,35,100,1
1777924383.842122,2026-05-04T21:53:03.842122,33.049,10030898252,2040,6251,35,100,1
1777924383.8610656,2026-05-04T21:53:03.861066,33.049,10030898252,2040,6251,35,100,1
1777924383.8802283,2026-05-04T21:53:03.880228,33.049,10030901771,2040,6251,35,100,1
1777924383.9003322,2026-05-04T21:53:03.900332,33.049,10030901771,2040,6251,35,100,1
1777924383.9211597,2026-05-04T21:53:03.921160,33.049,10030901771,2040,6251,35,100,1
1777924383.9423838,2026-05-04T21:53:03.942384,33.426,10030901771,2040,6251,35,100,1
1777924383.9608407,2026-05-04T21:53:03.960841,33.426,10030901771,2040,6251,35,100,1
1777924383.980845,2026-05-04T21:53:03.980845,33.426,10030905292,2040,6251,35,100,1
1777924384.0036426,2026-05-04T21:53:04.003643,33.426,10030905292,2040,6251,35,100,1
1777924384.0211415,2026-05-04T21:53:04.021142,33.426,10030905292,2040,6251,35,100,1
1777924384.0398526,2026-05-04T21:53:04.039853,33.426,10030905292,2040,6251,35,100,1
1777924384.0605645,2026-05-04T21:53:04.060565,33.734,10030905292,2040,6251,35,100,1
1777924384.0815191,2026-05-04T21:53:04.081519,33.734,10030908807,2040,6251,35,100,1
1777924384.0987005,2026-05-04T21:53:04.098701,33.734,10030908807,2040,6251,35,100,1
1777924384.119726,2026-05-04T21:53:04.119726,33.734,10030908807,2040,6251,35,100,1
1777924384.1410723,2026-05-04T21:53:04.141072,34.073,10030908807,2040,6251,35,100,1
1777924384.1643338,2026-05-04T21:53:04.164334,34.073,10030908807,2040,6251,35,100,1
1777924384.181811,2026-05-04T21:53:04.181811,34.073,10030912325,2040,6251,35,100,1
1777924384.2015882,2026-05-04T21:53:04.201588,34.073,10030912325,2040,6251,35,100,1
1777924384.2211604,2026-05-04T21:53:04.221160,34.073,10030912325,2040,6251,35,100,1
1777924384.2392583,2026-05-04T21:53:04.239258,34.073,10030912325,2040,6251,35,100,1
1777924384.2595534,2026-05-04T21:53:04.259553,34.394,10030912325,2040,6251,35,100,1
1777924384.2793498,2026-05-04T21:53:04.279350,34.394,10030915843,2040,6251,35,100,1
1777924384.2954922,2026-05-04T21:53:04.295492,34.394,10030915843,2040,6251,35,100,1
1777924384.3139477,2026-05-04T21:53:04.313948,34.394,10030915843,2040,6251,35,100,1
1777924384.3322043,2026-05-04T21:53:04.332204,34.394,10030915843,2040,6251,35,100,1
1777924384.3487785,2026-05-04T21:53:04.348778,34.794,10030915843,2040,6251,35,100,1
1777924384.3672218,2026-05-04T21:53:04.367222,34.794,10030915843,2040,6251,35,100,1
1777924384.3862305,2026-05-04T21:53:04.386230,34.794,10030919363,2040,6251,35,100,1
1777924384.405373,2026-05-04T21:53:04.405373,34.794,10030919363,2040,6251,35,100,1
1777924384.4241266,2026-05-04T21:53:04.424127,34.794,10030919363,2040,6251,35,100,1
1777924384.4441988,2026-05-04T21:53:04.444199,35.203,10030919363,2040,6251,35,100,1
1777924384.4624834,2026-05-04T21:53:04.462483,35.203,10030919363,2040,6251,35,100,1
1777924384.483853,2026-05-04T21:53:04.483853,35.203,10030922877,2040,6251,35,100,1
1777924384.5042942,2026-05-04T21:53:04.504294,35.203,10030922877,2040,6251,35,100,1
1777924384.5213473,2026-05-04T21:53:04.521347,35.203,10030922877,2040,6251,35,100,1
1777924384.540676,2026-05-04T21:53:04.540676,35.222,10030922877,2040,6251,35,100,1
1777924384.5533257,2026-05-04T21:53:04.553326,35.222,10030922877,2040,6251,35,100,1
1777924384.5660675,2026-05-04T21:53:04.566067,35.222,10030922877,2040,6251,35,100,1
1777924384.578813,2026-05-04T21:53:04.578813,35.222,10030926654,2040,6251,35,100,1
1777924384.5920424,2026-05-04T21:53:04.592042,35.222,10030926654,2040,6251,35,100,1
1777924384.6048357,2026-05-04T21:53:04.604836,35.222,10030926654,2040,6251,35,100,1
1777924384.6175632,2026-05-04T21:53:04.617563,35.222,10030926654,2040,6251,35,100,1
1777924384.630405,2026-05-04T21:53:04.630405,35.222,10030926654,2040,6251,35,100,1
1777924384.6481497,2026-05-04T21:53:04.648150,35.784,10030926654,2040,6251,36,100,2
1777924384.667211,2026-05-04T21:53:04.667211,35.784,10030926654,2040,6251,36,100,2
1777924384.6855645,2026-05-04T21:53:04.685565,35.784,10030930463,2040,6251,36,100,2
1777924384.7044091,2026-05-04T21:53:04.704409,35.784,10030930463,2040,6251,36,100,2
1777924384.7232926,2026-05-04T21:53:04.723293,35.784,10030930463,2040,6251,36,100,2
1777924384.737441,2026-05-04T21:53:04.737441,35.784,10030930463,2040,6251,36,100,2
1777924384.7544942,2026-05-04T21:53:04.754494,35.731,10030930463,2040,6251,35,100,2
1777924384.773975,2026-05-04T21:53:04.773975,35.731,10030930463,2040,6251,35,100,2
1777924384.7924244,2026-05-04T21:53:04.792424,35.731,10030934054,2040,6251,35,100,2
1777924384.8098485,2026-05-04T21:53:04.809849,35.731,10030934054,2040,6251,35,100,2
1777924384.8275728,2026-05-04T21:53:04.827573,35.731,10030934054,2040,6251,35,100,2
1777924384.8444674,2026-05-04T21:53:04.844467,35.731,10030934054,2040,6251,35,100,2
1777924384.8631,2026-05-04T21:53:04.863100,35.759,10030934054,2040,6251,35,100,1
1777924384.881424,2026-05-04T21:53:04.881424,35.759,10030937512,2040,6251,35,100,1
1777924384.900332,2026-05-04T21:53:04.900332,35.759,10030937512,2040,6251,35,100,1
1777924384.9202847,2026-05-04T21:53:04.920285,35.759,10030937512,2040,6251,35,100,1
1777924384.9411628,2026-05-04T21:53:04.941163,35.759,10030937512,2040,6251,35,100,1
1777924384.9601686,2026-05-04T21:53:04.960169,35.765,10030937512,2040,6251,35,100,1
1777924384.9727721,2026-05-04T21:53:04.972772,35.765,10030937512,2040,6251,35,100,1
1777924384.9854167,2026-05-04T21:53:04.985417,35.765,10030941149,2040,6251,35,100,1
1777924385.0039444,2026-05-04T21:53:05.003944,35.765,10030941149,2040,6251,35,100,1
1777924385.0222704,2026-05-04T21:53:05.022270,35.765,10030941149,2040,6251,35,100,1
1777924385.0389445,2026-05-04T21:53:05.038944,35.765,10030941149,2040,6251,35,100,1
1777924385.0514057,2026-05-04T21:53:05.051406,36.205,10030941149,2040,6251,35,100,1
1777924385.0642142,2026-05-04T21:53:05.064214,36.205,10030941149,2040,6251,35,100,1
1777924385.0768678,2026-05-04T21:53:05.076868,36.205,10030945011,2040,6251,35,100,1
1777924385.0901673,2026-05-04T21:53:05.090167,36.205,10030945011,2040,6251,35,100,1
1777924385.1027825,2026-05-04T21:53:05.102782,36.205,10030945011,2040,6251,35,100,1
1777924385.1169426,2026-05-04T21:53:05.116943,36.205,10030945011,2040,6251,35,100,1
1777924385.1296494,2026-05-04T21:53:05.129649,36.205,10030945011,2040,6251,35,100,1
1777924385.142321,2026-05-04T21:53:05.142321,36.205,10030945011,2040,6251,35,100,1
1777924385.1568656,2026-05-04T21:53:05.156866,36.934,10030945011,2040,6251,36,100,1
1777924385.169403,2026-05-04T21:53:05.169403,36.934,10030945011,2040,6251,36,100,1
1777924385.1820526,2026-05-04T21:53:05.182053,36.934,10030949478,2040,6251,36,100,1
1777924385.1991057,2026-05-04T21:53:05.199106,36.934,10030949478,2040,6251,36,100,1
1777924385.2118807,2026-05-04T21:53:05.211881,36.934,10030949478,2040,6251,36,100,1
1777924385.2245862,2026-05-04T21:53:05.224586,36.934,10030949478,2040,6251,36,100,1
1777924385.2372715,2026-05-04T21:53:05.237272,36.934,10030949478,2040,6251,36,100,1
1777924385.2498848,2026-05-04T21:53:05.249885,36.934,10030949478,2040,6251,36,100,1
1777924385.262625,2026-05-04T21:53:05.262625,37.506,10030949478,2040,6251,36,100,6
1777924385.2767785,2026-05-04T21:53:05.276778,37.506,10030953524,2040,6251,36,100,6
1777924385.2902002,2026-05-04T21:53:05.290200,37.506,10030953524,2040,6251,36,100,6
1777924385.3027465,2026-05-04T21:53:05.302747,37.506,10030953524,2040,6251,36,100,6
1777924385.3168607,2026-05-04T21:53:05.316861,37.506,10030953524,2040,6251,36,100,6
1777924385.329421,2026-05-04T21:53:05.329421,37.506,10030953524,2040,6251,36,100,6
1777924385.3419924,2026-05-04T21:53:05.341992,37.506,10030953524,2040,6251,36,100,6
1777924385.3568316,2026-05-04T21:53:05.356832,37.524,10030953524,2040,6251,35,100,6
1777924385.369352,2026-05-04T21:53:05.369352,37.524,10030953524,2040,6251,35,100,6
1777924385.3819675,2026-05-04T21:53:05.381968,37.524,10030956699,2040,6251,35,100,6
1777924385.3996894,2026-05-04T21:53:05.399689,37.524,10030956699,2040,6251,35,100,6
1777924385.4121664,2026-05-04T21:53:05.412166,37.524,10030956699,2040,6251,35,100,6
1777924385.424594,2026-05-04T21:53:05.424594,37.524,10030956699,2040,6251,35,100,6
1777924385.4372275,2026-05-04T21:53:05.437227,37.524,10030956699,2040,6251,35,100,6
1777924385.4495316,2026-05-04T21:53:05.449532,37.524,10030956699,2040,6251,35,100,6
1777924385.4621572,2026-05-04T21:53:05.462157,36.989,10030956699,2040,6251,35,100,0
1777924385.4770415,2026-05-04T21:53:05.477041,36.989,10030959836,2040,6251,35,100,0
1777924385.4901974,2026-05-04T21:53:05.490197,36.989,10030959836,2040,6251,35,100,0
1777924385.5027795,2026-05-04T21:53:05.502779,36.989,10030959836,2040,6251,35,100,0
1777924385.5167515,2026-05-04T21:53:05.516752,36.989,10030959836,2040,6251,35,100,0
1777924385.5292442,2026-05-04T21:53:05.529244,36.989,10030959836,2040,6251,35,100,0
1777924385.541822,2026-05-04T21:53:05.541822,36.989,10030959836,2040,6251,35,100,0
1777924385.5567908,2026-05-04T21:53:05.556791,36.797,10030959836,2040,6251,35,100,0
1777924385.5693078,2026-05-04T21:53:05.569308,36.797,10030959836,2040,6251,35,100,0
1777924385.581908,2026-05-04T21:53:05.581908,36.797,10030962989,2040,6251,35,100,0
1777924385.599848,2026-05-04T21:53:05.599848,36.797,10030962989,2040,6251,35,100,0
1777924385.6123064,2026-05-04T21:53:05.612306,36.797,10030962989,2040,6251,35,100,0
1777924385.6249132,2026-05-04T21:53:05.624913,36.797,10030962989,2040,6251,35,100,0
1777924385.637573,2026-05-04T21:53:05.637573,36.797,10030962989,2040,6251,35,100,0
1777924385.6499653,2026-05-04T21:53:05.649965,36.797,10030962989,2040,6251,35,100,0
1777924385.6626923,2026-05-04T21:53:05.662692,36.344,10030962989,2040,6251,35,100,0
1777924385.676807,2026-05-04T21:53:05.676807,36.344,10030966159,2040,6251,35,100,0
1777924385.6900015,2026-05-04T21:53:05.690001,36.344,10030966159,2040,6251,35,100,0
1777924385.702744,2026-05-04T21:53:05.702744,36.344,10030966159,2040,6251,35,100,0
1777924385.7167554,2026-05-04T21:53:05.716755,36.344,10030966159,2040,6251,35,100,0
1777924385.7291791,2026-05-04T21:53:05.729179,36.344,10030966159,2040,6251,35,100,0
1777924385.741785,2026-05-04T21:53:05.741785,36.344,10030966159,2040,6251,35,100,0
1777924385.7568889,2026-05-04T21:53:05.756889,35.541,10030966159,2040,6251,35,100,0
1777924385.7693496,2026-05-04T21:53:05.769350,35.541,10030966159,2040,6251,35,100,0
1777924385.7820382,2026-05-04T21:53:05.782038,35.541,10030969323,2040,6251,35,100,0
1777924385.7995963,2026-05-04T21:53:05.799596,35.541,10030969323,2040,6251,35,100,0
1777924385.8120255,2026-05-04T21:53:05.812026,35.541,10030969323,2040,6251,35,100,0
1777924385.8245459,2026-05-04T21:53:05.824546,35.541,10030969323,2040,6251,35,100,0
1777924385.8371599,2026-05-04T21:53:05.837160,35.541,10030969323,2040,6251,35,100,0
1777924385.8496304,2026-05-04T21:53:05.849630,35.541,10030969323,2040,6251,35,100,0
1777924385.8622577,2026-05-04T21:53:05.862258,35.184,10030969323,2040,6251,35,100,0
1777924385.8766978,2026-05-04T21:53:05.876698,35.184,10030972471,2040,6251,35,100,0
1777924385.889927,2026-05-04T21:53:05.889927,35.184,10030972471,2040,6251,35,100,0
1777924385.902448,2026-05-04T21:53:05.902448,35.184,10030972471,2040,6251,35,100,0
1777924385.916591,2026-05-04T21:53:05.916591,35.184,10030972471,2040,6251,35,100,0
1777924385.9290872,2026-05-04T21:53:05.929087,35.184,10030972471,2040,6251,35,100,0
1777924385.9416826,2026-05-04T21:53:05.941683,35.184,10030972471,2040,6251,35,100,0
1777924385.9565482,2026-05-04T21:53:05.956548,34.76,10030972471,2040,6251,35,100,0
1777924385.9690068,2026-05-04T21:53:05.969007,34.76,10030972471,2040,6251,35,100,0
1777924385.9817045,2026-05-04T21:53:05.981704,34.76,10030975622,2040,6251,35,100,0
1777924385.9994595,2026-05-04T21:53:05.999460,34.76,10030975622,2040,6251,35,100,0
1777924386.0118475,2026-05-04T21:53:06.011847,34.76,10030975622,2040,6251,35,100,0
1777924386.0244386,2026-05-04T21:53:06.024439,34.76,10030975622,2040,6251,35,100,0
1777924386.037074,2026-05-04T21:53:06.037074,34.76,10030975622,2040,6251,35,100,0
1777924386.0494807,2026-05-04T21:53:06.049481,34.76,10030975622,2040,6251,35,100,0
1777924386.0622313,2026-05-04T21:53:06.062231,34.473,10030975622,2040,6251,35,100,0
1777924386.0765736,2026-05-04T21:53:06.076574,34.473,10030978780,2040,6251,35,100,0
1777924386.0898595,2026-05-04T21:53:06.089859,34.473,10030978780,2040,6251,35,100,0
1777924386.1027558,2026-05-04T21:53:06.102756,34.473,10030978780,2040,6251,35,100,0
1777924386.1166294,2026-05-04T21:53:06.116629,34.473,10030978780,2040,6251,35,100,0
1777924386.1291335,2026-05-04T21:53:06.129133,34.473,10030978780,2040,6251,35,100,0
1777924386.1417572,2026-05-04T21:53:06.141757,34.473,10030978780,2040,6251,35,100,0
1777924386.1566231,2026-05-04T21:53:06.156623,33.68,10030978780,2040,6251,35,100,0
1777924386.169204,2026-05-04T21:53:06.169204,33.68,10030978780,2040,6251,35,100,0
1777924386.1818335,2026-05-04T21:53:06.181834,33.68,10030981960,2040,6251,35,100,0
1777924386.199495,2026-05-04T21:53:06.199495,33.68,10030981960,2040,6251,35,100,0
1777924386.2120183,2026-05-04T21:53:06.212018,33.68,10030981960,2040,6251,35,100,0
1777924386.2246082,2026-05-04T21:53:06.224608,33.68,10030981960,2040,6251,35,100,0
1777924386.2370734,2026-05-04T21:53:06.237073,33.68,10030981960,2040,6251,35,100,0
1777924386.24945,2026-05-04T21:53:06.249450,33.68,10030981960,2040,6251,35,100,0
1777924386.2620523,2026-05-04T21:53:06.262052,32.83,10030981960,2040,6251,35,100,0
1777924386.2765937,2026-05-04T21:53:06.276594,32.83,10030985124,2040,6251,35,100,0
1777924386.2898543,2026-05-04T21:53:06.289854,32.83,10030985124,2040,6251,35,100,0
1777924386.3024592,2026-05-04T21:53:06.302459,32.83,10030985124,2040,6251,35,100,0
1777924386.3167865,2026-05-04T21:53:06.316787,32.83,10030985124,2040,6251,35,100,0
1777924386.3293095,2026-05-04T21:53:06.329309,32.83,10030985124,2040,6251,35,100,0
1777924386.3419023,2026-05-04T21:53:06.341902,32.83,10030985124,2040,6251,35,100,0
1777924386.3565657,2026-05-04T21:53:06.356566,31.782,10030985124,2040,6251,35,100,0
1777924386.3691213,2026-05-04T21:53:06.369121,31.782,10030985124,2040,6251,35,100,0
1777924386.3816652,2026-05-04T21:53:06.381665,31.782,10030988295,2040,6251,35,100,0
1777924386.3993611,2026-05-04T21:53:06.399361,31.782,10030988295,2040,6251,35,100,0
1777924386.4118078,2026-05-04T21:53:06.411808,31.782,10030988295,2040,6251,35,100,0
1777924386.424291,2026-05-04T21:53:06.424291,31.782,10030988295,2040,6251,35,100,0
1777924386.43695,2026-05-04T21:53:06.436950,31.782,10030988295,2040,6251,35,100,0
1777924386.4494596,2026-05-04T21:53:06.449460,31.782,10030988295,2040,6251,35,100,0
1777924386.4621089,2026-05-04T21:53:06.462109,31.692,10030988295,2040,6251,35,100,0
1777924386.476363,2026-05-04T21:53:06.476363,31.692,10030991450,2040,6251,35,100,0
1777924386.489733,2026-05-04T21:53:06.489733,31.692,10030991450,2040,6251,35,100,0
1777924386.5021296,2026-05-04T21:53:06.502130,31.692,10030991450,2040,6251,35,100,0
1777924386.516365,2026-05-04T21:53:06.516365,31.692,10030991450,2040,6251,35,100,0
1777924386.5286095,2026-05-04T21:53:06.528610,31.692,10030991450,2040,6251,35,100,0
1777924386.5409966,2026-05-04T21:53:06.540997,31.692,10030991450,2040,6251,35,100,0
1777924386.5562818,2026-05-04T21:53:06.556282,31.638,10030991450,2040,6251,35,100,0
1777924386.5687191,2026-05-04T21:53:06.568719,31.638,10030991450,2040,6251,35,100,0
1777924386.5811214,2026-05-04T21:53:06.581121,31.638,10030994522,2040,6251,35,100,0
1777924386.5984147,2026-05-04T21:53:06.598415,31.638,10030994522,2040,6251,35,100,0
1777924386.611098,2026-05-04T21:53:06.611098,31.638,10030994522,2040,6251,35,100,0
1777924386.6236694,2026-05-04T21:53:06.623669,31.638,10030994522,2040,6251,35,100,0
1777924386.6364756,2026-05-04T21:53:06.636476,31.638,10030994522,2040,6251,35,100,0
1777924386.648859,2026-05-04T21:53:06.648859,31.638,10030994522,2040,6251,35,100,0
1777924386.6613321,2026-05-04T21:53:06.661332,31.57,10030994522,2040,6251,35,100,0
1777924386.6763928,2026-05-04T21:53:06.676393,31.57,10030997648,2040,6251,35,100,0
1777924386.689729,2026-05-04T21:53:06.689729,31.57,10030997648,2040,6251,35,100,0
1777924386.7021854,2026-05-04T21:53:06.702185,31.57,10030997648,2040,6251,35,100,0
1777924386.7162654,2026-05-04T21:53:06.716265,31.57,10030997648,2040,6251,35,100,0
1777924386.728512,2026-05-04T21:53:06.728512,31.57,10030997648,2040,6251,35,100,0
1777924386.7408924,2026-05-04T21:53:06.740892,31.57,10030997648,2040,6251,35,100,0
1777924386.7562401,2026-05-04T21:53:06.756240,31.536,10030997648,2040,6251,35,100,0
1777924386.76869,2026-05-04T21:53:06.768690,31.536,10030997648,2040,6251,35,100,0
1777924386.7811,2026-05-04T21:53:06.781100,31.536,10031000725,2040,6251,35,100,0
1777924386.7991993,2026-05-04T21:53:06.799199,31.536,10031000725,2040,6251,35,100,0
1777924386.8115976,2026-05-04T21:53:06.811598,31.536,10031000725,2040,6251,35,100,0
1777924386.829875,2026-05-04T21:53:06.829875,31.536,10031000725,2040,6251,35,100,0
1777924386.8548887,2026-05-04T21:53:06.854889,31.458,10031000725,2040,6251,35,100,0
1777924386.8752804,2026-05-04T21:53:06.875280,31.458,10031004085,2040,6251,35,100,0
1777924386.893684,2026-05-04T21:53:06.893684,31.458,10031004085,2040,6251,35,100,0
1777924386.9139142,2026-05-04T21:53:06.913914,31.458,10031004085,2040,6251,35,100,0
1777924386.9294171,2026-05-04T21:53:06.929417,31.458,10031004085,2040,6251,35,100,0
1777924386.9495883,2026-05-04T21:53:06.949588,31.458,10031004085,2040,6251,35,100,0
1777924386.9670725,2026-05-04T21:53:06.967072,31.773,10031004085,2040,6251,35,100,0
1777924386.9831324,2026-05-04T21:53:06.983132,31.773,10031007580,2040,6251,35,100,0
1777924387.0045469,2026-05-04T21:53:07.004547,31.773,10031007580,2040,6251,35,100,0
1777924387.0245082,2026-05-04T21:53:07.024508,31.773,10031007580,2040,6251,35,100,0
1777924387.0429282,2026-05-04T21:53:07.042928,31.773,10031007580,2040,6251,35,100,0
1777924387.0622077,2026-05-04T21:53:07.062208,32.11,10031007580,2040,6251,35,100,0
1777924387.085339,2026-05-04T21:53:07.085339,32.11,10031011097,2040,6251,35,100,0
1777924387.1036277,2026-05-04T21:53:07.103628,32.11,10031011097,2040,6251,35,100,0
1777924387.1219184,2026-05-04T21:53:07.121918,32.11,10031011097,2040,6251,35,100,0
1777924387.1418853,2026-05-04T21:53:07.141885,32.11,10031011097,2040,6251,35,100,0
1777924387.1600497,2026-05-04T21:53:07.160050,32.443,10031011097,2040,6251,35,100,0
1777924387.180847,2026-05-04T21:53:07.180847,32.443,10031014606,2040,6251,35,100,0
1777924387.2046936,2026-05-04T21:53:07.204694,32.443,10031014606,2040,6251,35,100,0
1777924387.2229443,2026-05-04T21:53:07.222944,32.443,10031014606,2040,6251,35,100,0
1777924387.2409906,2026-05-04T21:53:07.240991,32.443,10031014606,2040,6251,35,100,0
1777924387.2599516,2026-05-04T21:53:07.259952,32.443,10031014606,2040,6251,35,100,0
1777924387.2819083,2026-05-04T21:53:07.281908,32.779,10031018126,2040,6251,35,100,0
1777924387.301625,2026-05-04T21:53:07.301625,32.779,10031018126,2040,6251,35,100,0
1777924387.322192,2026-05-04T21:53:07.322192,32.779,10031018126,2040,6251,35,100,0
1777924387.3420675,2026-05-04T21:53:07.342067,32.779,10031018126,2040,6251,35,100,0
1777924387.361919,2026-05-04T21:53:07.361919,33.059,10031018126,2040,6251,35,100,0
1777924387.3851738,2026-05-04T21:53:07.385174,33.059,10031021639,2040,6251,35,100,0
1777924387.4044573,2026-05-04T21:53:07.404457,33.059,10031021639,2040,6251,35,100,0
1777924387.424642,2026-05-04T21:53:07.424642,33.059,10031021639,2040,6251,35,100,0
1777924387.44392,2026-05-04T21:53:07.443920,33.059,10031021639,2040,6251,35,100,0
1777924387.4639492,2026-05-04T21:53:07.463949,33.386,10031021639,2040,6251,35,100,1
1777924387.4827578,2026-05-04T21:53:07.482758,33.386,10031025148,2040,6251,35,100,1
1777924387.5009055,2026-05-04T21:53:07.500906,33.386,10031025148,2040,6251,35,100,1
1777924387.5200377,2026-05-04T21:53:07.520038,33.386,10031025148,2040,6251,35,100,1
1777924387.5404756,2026-05-04T21:53:07.540476,33.386,10031025148,2040,6251,35,100,1
1777924387.5590205,2026-05-04T21:53:07.559021,33.386,10031025148,2040,6251,35,100,1
1777924387.5789807,2026-05-04T21:53:07.578981,33.666,10031028663,2040,6251,35,100,1
1777924387.6042178,2026-05-04T21:53:07.604218,33.666,10031028663,2040,6251,35,100,1
1777924387.6256504,2026-05-04T21:53:07.625650,33.666,10031028663,2040,6251,35,100,1
1777924387.6434326,2026-05-04T21:53:07.643433,33.666,10031028663,2040,6251,35,100,1
1777924387.6642158,2026-05-04T21:53:07.664216,34.047,10031028663,2040,6251,35,100,1
1777924387.6865613,2026-05-04T21:53:07.686561,34.047,10031032172,2040,6251,35,100,1
1777924387.7063773,2026-05-04T21:53:07.706377,34.047,10031032172,2040,6251,35,100,1
1777924387.7253387,2026-05-04T21:53:07.725339,34.047,10031032172,2040,6251,35,100,1
1777924387.7439253,2026-05-04T21:53:07.743925,34.047,10031032172,2040,6251,35,100,1
1777924387.7626965,2026-05-04T21:53:07.762697,34.439,10031032172,2040,6251,35,100,1
1777924387.7841277,2026-05-04T21:53:07.784128,34.439,10031035681,2040,6251,35,100,1
1777924387.8015783,2026-05-04T21:53:07.801578,34.439,10031035681,2040,6251,35,100,1
1777924387.8226109,2026-05-04T21:53:07.822611,34.439,10031035681,2040,6251,35,100,1
1777924387.8429742,2026-05-04T21:53:07.842974,34.439,10031035681,2040,6251,35,100,1
1777924387.8640351,2026-05-04T21:53:07.864035,34.792,10031035681,2040,6251,35,100,0
1777924387.8865273,2026-05-04T21:53:07.886527,34.792,10031039194,2040,6251,35,100,0
1777924387.9054163,2026-05-04T21:53:07.905416,34.792,10031039194,2040,6251,35,100,0
1777924387.925217,2026-05-04T21:53:07.925217,34.792,10031039194,2040,6251,35,100,0
1777924387.9379268,2026-05-04T21:53:07.937927,34.792,10031039194,2040,6251,35,100,0
1777924387.9503849,2026-05-04T21:53:07.950385,34.792,10031039194,2040,6251,35,100,0
1777924387.9629815,2026-05-04T21:53:07.962981,35.183,10031039194,2040,6251,35,100,0
1777924387.97598,2026-05-04T21:53:07.975980,35.183,10031042994,2040,6251,35,100,0
1777924387.989312,2026-05-04T21:53:07.989312,35.183,10031042994,2040,6251,35,100,0
1777924388.0019517,2026-05-04T21:53:08.001952,35.183,10031042994,2040,6251,35,100,0
1777924388.0159898,2026-05-04T21:53:08.015990,35.183,10031042994,2040,6251,35,100,0
1777924388.0286293,2026-05-04T21:53:08.028629,35.183,10031042994,2040,6251,35,100,0
1777924388.0412276,2026-05-04T21:53:08.041228,35.183,10031042994,2040,6251,35,100,0
1777924388.0559049,2026-05-04T21:53:08.055905,35.183,10031042994,2040,6251,35,100,0
1777924388.068333,2026-05-04T21:53:08.068333,35.849,10031042994,2040,6251,36,100,2
1777924388.0809572,2026-05-04T21:53:08.080957,35.849,10031047093,2040,6251,36,100,2
1777924388.0960715,2026-05-04T21:53:08.096071,35.849,10031047093,2040,6251,36,100,2
1777924388.1085408,2026-05-04T21:53:08.108541,35.849,10031047093,2040,6251,36,100,2
1777924388.125769,2026-05-04T21:53:08.125769,35.849,10031047093,2040,6251,36,100,2
1777924388.1463194,2026-05-04T21:53:08.146319,35.849,10031047093,2040,6251,36,100,2
1777924388.1670895,2026-05-04T21:53:08.167089,36.326,10031047093,2040,6251,36,100,2
1777924388.1884656,2026-05-04T21:53:08.188466,36.326,10031050800,2040,6251,36,100,2
1777924388.207961,2026-05-04T21:53:08.207961,36.326,10031050800,2040,6251,36,100,2
1777924388.2301881,2026-05-04T21:53:08.230188,36.326,10031050800,2040,6251,36,100,2
1777924388.250457,2026-05-04T21:53:08.250457,36.326,10031050800,2040,6251,36,100,2
1777924388.2632604,2026-05-04T21:53:08.263260,36.31,10031050800,2040,6251,36,100,1
1777924388.2762604,2026-05-04T21:53:08.276260,36.31,10031054667,2040,6251,36,100,1
1777924388.2893577,2026-05-04T21:53:08.289358,36.31,10031054667,2040,6251,36,100,1
1777924388.3022134,2026-05-04T21:53:08.302213,36.31,10031054667,2040,6251,36,100,1
1777924388.3199751,2026-05-04T21:53:08.319975,36.31,10031054667,2040,6251,36,100,1
1777924388.3402038,2026-05-04T21:53:08.340204,36.31,10031054667,2040,6251,36,100,1
1777924388.3589776,2026-05-04T21:53:08.358978,36.31,10031054667,2040,6251,36,100,1
1777924388.3802993,2026-05-04T21:53:08.380299,37.576,10031058478,2040,6251,36,100,1
1777924388.3987944,2026-05-04T21:53:08.398794,37.576,10031058478,2040,6251,36,100,1
1777924388.4114046,2026-05-04T21:53:08.411405,37.576,10031058478,2040,6251,36,100,1
1777924388.4289849,2026-05-04T21:53:08.428985,37.576,10031058478,2040,6251,36,100,1
1777924388.4520981,2026-05-04T21:53:08.452098,37.576,10031058478,2040,6251,36,100,1
1777924388.4648855,2026-05-04T21:53:08.464885,37.55,10031058478,2040,6251,36,100,1
1777924388.488294,2026-05-04T21:53:08.488294,37.55,10031062334,2040,6251,36,100,1
1777924388.5097902,2026-05-04T21:53:08.509790,37.55,10031062334,2040,6251,36,100,1
1777924388.5291426,2026-05-04T21:53:08.529143,37.55,10031062334,2040,6251,36,100,1
1777924388.551305,2026-05-04T21:53:08.551305,37.55,10031062334,2040,6251,36,100,1
1777924388.5744662,2026-05-04T21:53:08.574466,37.594,10031065825,2040,6251,36,100,1
1777924388.604441,2026-05-04T21:53:08.604441,37.594,10031065825,2040,6251,36,100,1
1777924388.6267414,2026-05-04T21:53:08.626741,37.594,10031065825,2040,6251,36,100,1
1777924388.6475453,2026-05-04T21:53:08.647545,37.594,10031065825,2040,6251,36,100,1
1777924388.6658046,2026-05-04T21:53:08.665805,37.594,10031065825,2040,6251,36,100,1
1777924388.6882472,2026-05-04T21:53:08.688247,37.551,10031069321,2040,6251,35,100,0
1777924388.7057421,2026-05-04T21:53:08.705742,37.551,10031069321,2040,6251,35,100,0
1777924388.726846,2026-05-04T21:53:08.726846,37.551,10031069321,2040,6251,35,100,0
1777924388.7497804,2026-05-04T21:53:08.749780,37.551,10031069321,2040,6251,35,100,0
1777924388.7705674,2026-05-04T21:53:08.770567,37.558,10031069321,2040,6251,35,100,0
1777924388.78376,2026-05-04T21:53:08.783760,37.558,10031072905,2040,6251,35,100,0
1777924388.8069227,2026-05-04T21:53:08.806923,37.558,10031072905,2040,6251,35,100,0
1777924388.8303022,2026-05-04T21:53:08.830302,37.558,10031072905,2040,6251,35,100,0
1777924388.8484404,2026-05-04T21:53:08.848440,37.558,10031072905,2040,6251,35,100,0
1777924388.8687787,2026-05-04T21:53:08.868779,38.069,10031072905,2040,6251,35,100,0
1777924388.891573,2026-05-04T21:53:08.891573,38.069,10031076581,2040,6251,35,100,1
1777924388.9140081,2026-05-04T21:53:08.914008,38.069,10031076581,2040,6251,35,100,1
1777924388.931294,2026-05-04T21:53:08.931294,38.069,10031076581,2040,6251,35,100,1
1777924388.9550576,2026-05-04T21:53:08.955058,38.069,10031076581,2040,6251,35,100,1
1777924388.9828274,2026-05-04T21:53:08.982827,38.35,10031080080,2040,6251,35,100,1
1777924389.0028112,2026-05-04T21:53:09.002811,38.35,10031080080,2040,6251,35,100,1
1777924389.015634,2026-05-04T21:53:09.015634,38.35,10031080080,2040,6251,35,100,1
1777924389.028288,2026-05-04T21:53:09.028288,38.35,10031080080,2040,6251,35,100,1
1777924389.0410855,2026-05-04T21:53:09.041085,38.35,10031080080,2040,6251,35,100,1
1777924389.0556784,2026-05-04T21:53:09.055678,38.35,10031080080,2040,6251,35,100,1
1777924389.0683413,2026-05-04T21:53:09.068341,38.35,10031080080,2040,6251,35,100,1
1777924389.0810695,2026-05-04T21:53:09.081069,38.053,10031084375,2040,6251,36,100,1
1777924389.0958533,2026-05-04T21:53:09.095853,38.053,10031084375,2040,6251,36,100,1
1777924389.1084282,2026-05-04T21:53:09.108428,38.053,10031084375,2040,6251,36,100,1
1777924389.1224427,2026-05-04T21:53:09.122443,38.053,10031084375,2040,6251,36,100,1
1777924389.1358287,2026-05-04T21:53:09.135829,38.053,10031084375,2040,6251,36,100,1
1777924389.1483486,2026-05-04T21:53:09.148349,38.053,10031084375,2040,6251,36,100,1
1777924389.1610155,2026-05-04T21:53:09.161016,38.053,10031084375,2040,6251,36,100,1
1777924389.17556,2026-05-04T21:53:09.175560,38.197,10031087705,2040,6251,35,100,1
1777924389.1889899,2026-05-04T21:53:09.188990,38.197,10031087705,2040,6251,35,100,1
1777924389.2016642,2026-05-04T21:53:09.201664,38.197,10031087705,2040,6251,35,100,1
1777924389.2155907,2026-05-04T21:53:09.215591,38.197,10031087705,2040,6251,35,100,1
1777924389.228348,2026-05-04T21:53:09.228348,38.197,10031087705,2040,6251,35,100,1
1777924389.240994,2026-05-04T21:53:09.240994,38.197,10031087705,2040,6251,35,100,1
1777924389.2558541,2026-05-04T21:53:09.255854,38.197,10031087705,2040,6251,35,100,1
1777924389.268438,2026-05-04T21:53:09.268438,38.197,10031087705,2040,6251,35,100,1
1777924389.281108,2026-05-04T21:53:09.281108,37.493,10031090821,2040,6251,35,100,1
1777924389.2957234,2026-05-04T21:53:09.295723,37.493,10031090821,2040,6251,35,100,1
1777924389.3082697,2026-05-04T21:53:09.308270,37.493,10031090821,2040,6251,35,100,1
1777924389.3224761,2026-05-04T21:53:09.322476,37.493,10031090821,2040,6251,35,100,1
1777924389.3357632,2026-05-04T21:53:09.335763,37.493,10031090821,2040,6251,35,100,1
1777924389.3483698,2026-05-04T21:53:09.348370,37.493,10031090821,2040,6251,35,100,1
1777924389.361083,2026-05-04T21:53:09.361083,37.493,10031090821,2040,6251,35,100,1
1777924389.3754702,2026-05-04T21:53:09.375470,36.941,10031093957,2040,6251,35,100,1
1777924389.3888679,2026-05-04T21:53:09.388868,36.941,10031093957,2040,6251,35,100,1
1777924389.4013298,2026-05-04T21:53:09.401330,36.941,10031093957,2040,6251,35,100,1
1777924389.4155295,2026-05-04T21:53:09.415529,36.941,10031093957,2040,6251,35,100,1
1777924389.4280128,2026-05-04T21:53:09.428013,36.941,10031093957,2040,6251,35,100,1
1777924389.440671,2026-05-04T21:53:09.440671,36.941,10031093957,2040,6251,35,100,1
1777924389.4554708,2026-05-04T21:53:09.455471,36.941,10031093957,2040,6251,35,100,1
1777924389.4679306,2026-05-04T21:53:09.467931,36.941,10031093957,2040,6251,35,100,1
1777924389.4804995,2026-05-04T21:53:09.480500,35.329,10031097056,2040,6251,35,100,0
1777924389.4956782,2026-05-04T21:53:09.495678,35.329,10031097056,2040,6251,35,100,0
1777924389.5080743,2026-05-04T21:53:09.508074,35.329,10031097056,2040,6251,35,100,0
1777924389.5207517,2026-05-04T21:53:09.520752,35.329,10031097056,2040,6251,35,100,0
1777924389.535808,2026-05-04T21:53:09.535808,35.329,10031097056,2040,6251,35,100,0
1777924389.548288,2026-05-04T21:53:09.548288,35.329,10031097056,2040,6251,35,100,0
1777924389.5610154,2026-05-04T21:53:09.561015,35.329,10031097056,2040,6251,35,100,0
1777924389.5753877,2026-05-04T21:53:09.575388,34.913,10031100146,2040,6251,35,100,0
1777924389.5888977,2026-05-04T21:53:09.588898,34.913,10031100146,2040,6251,35,100,0
1777924389.6018271,2026-05-04T21:53:09.601827,34.913,10031100146,2040,6251,35,100,0
1777924389.6153808,2026-05-04T21:53:09.615381,34.913,10031100146,2040,6251,35,100,0
1777924389.6278844,2026-05-04T21:53:09.627884,34.913,10031100146,2040,6251,35,100,0
1777924389.6404676,2026-05-04T21:53:09.640468,34.913,10031100146,2040,6251,35,100,0
1777924389.6554039,2026-05-04T21:53:09.655404,34.913,10031100146,2040,6251,35,100,0
1777924389.6679447,2026-05-04T21:53:09.667945,34.913,10031100146,2040,6251,35,100,0
1777924389.6805358,2026-05-04T21:53:09.680536,34.48,10031103292,2040,6251,35,100,0
1777924389.6955793,2026-05-04T21:53:09.695579,34.48,10031103292,2040,6251,35,100,0
1777924389.7080266,2026-05-04T21:53:09.708027,34.48,10031103292,2040,6251,35,100,0
1777924389.7206976,2026-05-04T21:53:09.720698,34.48,10031103292,2040,6251,35,100,0
1777924389.735421,2026-05-04T21:53:09.735421,34.48,10031103292,2040,6251,35,100,0
1777924389.7478254,2026-05-04T21:53:09.747825,34.48,10031103292,2040,6251,35,100,0
1777924389.7604504,2026-05-04T21:53:09.760450,34.48,10031103292,2040,6251,35,100,0
1777924389.7754836,2026-05-04T21:53:09.775484,34.209,10031106420,2040,6251,35,100,0
1777924389.7888687,2026-05-04T21:53:09.788869,34.209,10031106420,2040,6251,35,100,0
1777924389.8015428,2026-05-04T21:53:09.801543,34.209,10031106420,2040,6251,35,100,0
1777924389.8156168,2026-05-04T21:53:09.815617,34.209,10031106420,2040,6251,35,100,0
1777924389.8281379,2026-05-04T21:53:09.828138,34.209,10031106420,2040,6251,35,100,0
1777924389.840767,2026-05-04T21:53:09.840767,34.209,10031106420,2040,6251,35,100,0
1777924389.8553057,2026-05-04T21:53:09.855306,34.209,10031106420,2040,6251,35,100,0
1777924389.867736,2026-05-04T21:53:09.867736,34.209,10031106420,2040,6251,35,100,0
1777924389.8802717,2026-05-04T21:53:09.880272,33.187,10031109545,2040,6251,35,100,0
1777924389.8955963,2026-05-04T21:53:09.895596,33.187,10031109545,2040,6251,35,100,0
1777924389.9080176,2026-05-04T21:53:09.908018,33.187,10031109545,2040,6251,35,100,0
1777924389.9208963,2026-05-04T21:53:09.920896,33.187,10031109545,2040,6251,35,100,0
1777924389.9353926,2026-05-04T21:53:09.935393,33.187,10031109545,2040,6251,35,100,0
1777924389.9476614,2026-05-04T21:53:09.947661,33.187,10031109545,2040,6251,35,100,0
1777924389.96025,2026-05-04T21:53:09.960250,33.187,10031109545,2040,6251,35,100,0
1777924389.9755416,2026-05-04T21:53:09.975542,33.007,10031112676,2040,6251,35,100,0
1777924389.9887974,2026-05-04T21:53:09.988797,33.007,10031112676,2040,6251,35,100,0
1777924390.001435,2026-05-04T21:53:10.001435,33.007,10031112676,2040,6251,35,100,0
1777924390.0152452,2026-05-04T21:53:10.015245,33.007,10031112676,2040,6251,35,100,0
1777924390.0276067,2026-05-04T21:53:10.027607,33.007,10031112676,2040,6251,35,100,0
1777924390.0402915,2026-05-04T21:53:10.040292,33.007,10031112676,2040,6251,35,100,0
1777924390.0552514,2026-05-04T21:53:10.055251,33.007,10031112676,2040,6251,35,100,0
1777924390.0677373,2026-05-04T21:53:10.067737,33.007,10031112676,2040,6251,35,100,0
1777924390.0803056,2026-05-04T21:53:10.080306,32.443,10031115806,2040,6251,35,100,0
1777924390.0956986,2026-05-04T21:53:10.095699,32.443,10031115806,2040,6251,35,100,0
1777924390.1081529,2026-05-04T21:53:10.108153,32.443,10031115806,2040,6251,35,100,0
1777924390.1208794,2026-05-04T21:53:10.120879,32.443,10031115806,2040,6251,35,100,0
1777924390.1353045,2026-05-04T21:53:10.135304,32.443,10031115806,2040,6251,35,100,0
1777924390.1477356,2026-05-04T21:53:10.147736,32.443,10031115806,2040,6251,35,100,0
1777924390.160315,2026-05-04T21:53:10.160315,32.443,10031115806,2040,6251,35,100,0
1777924390.17531,2026-05-04T21:53:10.175310,32.338,10031118885,2040,6251,35,100,0
1777924390.1886117,2026-05-04T21:53:10.188612,32.338,10031118885,2040,6251,35,100,0
1777924390.201197,2026-05-04T21:53:10.201197,32.338,10031118885,2040,6251,35,100,0
1777924390.2152243,2026-05-04T21:53:10.215224,32.338,10031118885,2040,6251,35,100,0
1777924390.2338173,2026-05-04T21:53:10.233817,32.338,10031118885,2040,6251,35,100,0
1777924390.2623234,2026-05-04T21:53:10.262323,32.338,10031118885,2040,6251,35,100,0
1777924390.2815802,2026-05-04T21:53:10.281580,31.197,10031122219,2040,6251,35,100,0
1777924390.3023474,2026-05-04T21:53:10.302347,31.197,10031122219,2040,6251,35,100,0
1777924390.322401,2026-05-04T21:53:10.322401,31.197,10031122219,2040,6251,35,100,0
1777924390.3413827,2026-05-04T21:53:10.341383,31.197,10031122219,2040,6251,35,100,0
1777924390.3600926,2026-05-04T21:53:10.360093,31.197,10031122219,2040,6251,35,100,0
1777924390.3793044,2026-05-04T21:53:10.379304,31.555,10031125742,2040,6251,35,100,0
1777924390.3999038,2026-05-04T21:53:10.399904,31.555,10031125742,2040,6251,35,100,0
1777924390.4183326,2026-05-04T21:53:10.418333,31.555,10031125742,2040,6251,35,100,0
1777924390.4376848,2026-05-04T21:53:10.437685,31.555,10031125742,2040,6251,35,100,0
1777924390.4569738,2026-05-04T21:53:10.456974,31.555,10031125742,2040,6251,35,100,0
1777924390.4792056,2026-05-04T21:53:10.479206,32.075,10031129306,2040,6251,35,100,1
1777924390.5007648,2026-05-04T21:53:10.500765,32.075,10031129306,2040,6251,35,100,1
1777924390.5177336,2026-05-04T21:53:10.517734,32.075,10031129306,2040,6251,35,100,1
1777924390.5369902,2026-05-04T21:53:10.536990,32.075,10031129306,2040,6251,35,100,1
1777924390.5584815,2026-05-04T21:53:10.558481,32.075,10031129306,2040,6251,35,100,1
1777924390.5783658,2026-05-04T21:53:10.578366,32.472,10031132818,2040,6251,35,100,1
1777924390.6005557,2026-05-04T21:53:10.600556,32.472,10031132818,2040,6251,35,100,1
1777924390.6175542,2026-05-04T21:53:10.617554,32.472,10031132818,2040,6251,35,100,1
1777924390.63923,2026-05-04T21:53:10.639230,32.472,10031132818,2040,6251,35,100,1
1777924390.658787,2026-05-04T21:53:10.658787,32.472,10031132818,2040,6251,35,100,1
1777924390.677678,2026-05-04T21:53:10.677678,32.876,10031136339,2040,6251,35,100,0
1777924390.6991928,2026-05-04T21:53:10.699193,32.876,10031136339,2040,6251,35,100,0
1777924390.7183502,2026-05-04T21:53:10.718350,32.876,10031136339,2040,6251,35,100,0
1777924390.7357717,2026-05-04T21:53:10.735772,32.876,10031136339,2040,6251,35,100,0
1777924390.7483594,2026-05-04T21:53:10.748359,32.876,10031136339,2040,6251,35,100,0
1777924390.7609465,2026-05-04T21:53:10.760947,32.876,10031136339,2040,6251,35,100,0
1777924390.7791922,2026-05-04T21:53:10.779192,33.238,10031140048,2040,6251,35,100,0
1777924390.8017516,2026-05-04T21:53:10.801752,33.238,10031140048,2040,6251,35,100,0
1777924390.8209622,2026-05-04T21:53:10.820962,33.238,10031140048,2040,6251,35,100,0
1777924390.839603,2026-05-04T21:53:10.839603,33.238,10031140048,2040,6251,35,100,0
1777924390.858685,2026-05-04T21:53:10.858685,33.238,10031140048,2040,6251,35,100,0
1777924390.878402,2026-05-04T21:53:10.878402,33.641,10031143569,2040,6251,35,100,1
1777924390.9014978,2026-05-04T21:53:10.901498,33.641,10031143569,2040,6251,35,100,1
1777924390.9188244,2026-05-04T21:53:10.918824,33.641,10031143569,2040,6251,35,100,1
1777924390.9353743,2026-05-04T21:53:10.935374,33.641,10031143569,2040,6251,35,100,1
1777924390.9538174,2026-05-04T21:53:10.953817,33.641,10031143569,2040,6251,35,100,1
1777924390.9715333,2026-05-04T21:53:10.971533,33.641,10031147159,2040,6251,35,100,1
1777924390.991043,2026-05-04T21:53:10.991043,34.644,10031147159,2040,6251,35,100,1
1777924391.0081248,2026-05-04T21:53:11.008125,34.644,10031147159,2040,6251,35,100,1
1777924391.0217495,2026-05-04T21:53:11.021749,34.644,10031147159,2040,6251,35,100,1
1777924391.0397768,2026-05-04T21:53:11.039777,34.644,10031147159,2040,6251,35,100,1
1777924391.0575044,2026-05-04T21:53:11.057504,34.644,10031147159,2040,6251,35,100,1
1777924391.0775893,2026-05-04T21:53:11.077589,34.644,10031150692,2040,6251,35,100,1
1777924391.1000717,2026-05-04T21:53:11.100072,34.742,10031150692,2040,6251,35,100,0
1777924391.1213825,2026-05-04T21:53:11.121382,34.742,10031150692,2040,6251,35,100,0
1777924391.1351347,2026-05-04T21:53:11.135135,34.742,10031150692,2040,6251,35,100,0
1777924391.147607,2026-05-04T21:53:11.147607,34.742,10031150692,2040,6251,35,100,0
1777924391.1602094,2026-05-04T21:53:11.160209,34.742,10031150692,2040,6251,35,100,0
1777924391.1749904,2026-05-04T21:53:11.174990,34.742,10031154599,2040,6251,35,100,0
1777924391.1883347,2026-05-04T21:53:11.188335,34.742,10031154599,2040,6251,35,100,0
1777924391.2009416,2026-05-04T21:53:11.200942,34.932,10031154599,2040,6251,36,100,0
1777924391.2151563,2026-05-04T21:53:11.215156,34.932,10031154599,2040,6251,36,100,0
1777924391.2276862,2026-05-04T21:53:11.227686,34.932,10031154599,2040,6251,36,100,0
1777924391.2403324,2026-05-04T21:53:11.240332,34.932,10031154599,2040,6251,36,100,0
1777924391.2549324,2026-05-04T21:53:11.254932,34.932,10031154599,2040,6251,36,100,0
1777924391.2674868,2026-05-04T21:53:11.267487,34.932,10031154599,2040,6251,36,100,0
1777924391.2801163,2026-05-04T21:53:11.280116,34.932,10031157740,2040,6251,36,100,0
1777924391.2951946,2026-05-04T21:53:11.295195,35.0,10031157740,2040,6251,35,100,0
1777924391.3077686,2026-05-04T21:53:11.307769,35.0,10031157740,2040,6251,35,100,0
1777924391.3205764,2026-05-04T21:53:11.320576,35.0,10031157740,2040,6251,35,100,0
1777924391.334901,2026-05-04T21:53:11.334901,35.0,10031157740,2040,6251,35,100,0
1777924391.347456,2026-05-04T21:53:11.347456,35.0,10031157740,2040,6251,35,100,0
1777924391.3601587,2026-05-04T21:53:11.360159,35.0,10031157740,2040,6251,35,100,0
1777924391.3748276,2026-05-04T21:53:11.374828,35.0,10031160833,2040,6251,35,100,0
1777924391.3883007,2026-05-04T21:53:11.388301,35.0,10031160833,2040,6251,35,100,0
1777924391.400872,2026-05-04T21:53:11.400872,34.371,10031160833,2040,6251,35,100,0
1777924391.4149506,2026-05-04T21:53:11.414951,34.371,10031160833,2040,6251,35,100,0
1777924391.4274552,2026-05-04T21:53:11.427455,34.371,10031160833,2040,6251,35,100,0
1777924391.4400227,2026-05-04T21:53:11.440023,34.371,10031160833,2040,6251,35,100,0
1777924391.454829,2026-05-04T21:53:11.454829,34.371,10031160833,2040,6251,35,100,0
1777924391.4672778,2026-05-04T21:53:11.467278,34.371,10031160833,2040,6251,35,100,0
1777924391.4797566,2026-05-04T21:53:11.479757,34.371,10031163915,2040,6251,35,100,0
1777924391.495421,2026-05-04T21:53:11.495421,34.05,10031163915,2040,6251,35,100,0
1777924391.5080292,2026-05-04T21:53:11.508029,34.05,10031163915,2040,6251,35,100,0
1777924391.520753,2026-05-04T21:53:11.520753,34.05,10031163915,2040,6251,35,100,0
1777924391.5349677,2026-05-04T21:53:11.534968,34.05,10031163915,2040,6251,35,100,0
1777924391.5475328,2026-05-04T21:53:11.547533,34.05,10031163915,2040,6251,35,100,0
1777924391.5600865,2026-05-04T21:53:11.560086,34.05,10031163915,2040,6251,35,100,0
1777924391.5748105,2026-05-04T21:53:11.574811,34.05,10031167009,2040,6251,35,100,0
1777924391.5882304,2026-05-04T21:53:11.588230,34.05,10031167009,2040,6251,35,100,0
1777924391.6008706,2026-05-04T21:53:11.600871,33.501,10031167009,2040,6251,35,100,0
1777924391.615035,2026-05-04T21:53:11.615035,33.501,10031167009,2040,6251,35,100,0
1777924391.6276746,2026-05-04T21:53:11.627675,33.501,10031167009,2040,6251,35,100,0
1777924391.6404798,2026-05-04T21:53:11.640480,33.501,10031167009,2040,6251,35,100,0
1777924391.654953,2026-05-04T21:53:11.654953,33.501,10031167009,2040,6251,35,100,0
1777924391.6675584,2026-05-04T21:53:11.667558,33.501,10031167009,2040,6251,35,100,0
1777924391.6803818,2026-05-04T21:53:11.680382,33.501,10031170064,2040,6251,35,100,0
1777924391.6950912,2026-05-04T21:53:11.695091,33.232,10031170064,2040,6251,35,50,4
1777924391.7078738,2026-05-04T21:53:11.707874,33.232,10031170064,2040,6251,35,50,4
1777924391.7222617,2026-05-04T21:53:11.722262,33.232,10031170064,2040,6251,35,50,4
1777924391.735033,2026-05-04T21:53:11.735033,33.232,10031170064,2040,6251,35,50,4
1777924391.7476413,2026-05-04T21:53:11.747641,33.232,10031170064,2040,6251,35,50,4
1777924391.7603803,2026-05-04T21:53:11.760380,33.232,10031170064,2040,6251,35,50,4
1777924391.7751205,2026-05-04T21:53:11.775120,33.232,10031173085,2040,6251,35,50,4
1777924391.7881777,2026-05-04T21:53:11.788178,33.232,10031173085,2040,6251,35,50,4
1777924391.8006654,2026-05-04T21:53:11.800665,32.486,10031173085,2040,6251,35,50,4
1777924391.8148081,2026-05-04T21:53:11.814808,32.486,10031173085,2040,6251,35,50,4
1777924391.8275123,2026-05-04T21:53:11.827512,32.486,10031173085,2040,6251,35,50,4
1777924391.8403149,2026-05-04T21:53:11.840315,32.486,10031173085,2040,6251,35,50,4
1777924391.8549538,2026-05-04T21:53:11.854954,32.486,10031173085,2040,6251,35,50,4
1777924391.8675547,2026-05-04T21:53:11.867555,32.486,10031173085,2040,6251,35,50,4
1777924391.8803337,2026-05-04T21:53:11.880334,32.486,10031177043,2040,6251,35,50,4
1777924391.8949795,2026-05-04T21:53:11.894979,33.249,10031177043,2040,6251,35,100,2
1777924391.9076662,2026-05-04T21:53:11.907666,33.249,10031177043,2040,6251,35,100,2
1777924391.920656,2026-05-04T21:53:11.920656,33.249,10031177043,2040,6251,35,100,2
1777924391.9348736,2026-05-04T21:53:11.934874,33.249,10031177043,2040,6251,35,100,2
1777924391.947529,2026-05-04T21:53:11.947529,33.249,10031177043,2040,6251,35,100,2
1777924391.960395,2026-05-04T21:53:11.960395,33.249,10031177043,2040,6251,35,100,2
1777924391.9749215,2026-05-04T21:53:11.974921,33.249,10031181326,2040,6251,35,100,2
1777924391.988234,2026-05-04T21:53:11.988234,33.249,10031181326,2040,6251,35,100,2
1777924392.0010548,2026-05-04T21:53:12.001055,34.357,10031181326,2040,6251,36,100,2
1777924392.0149684,2026-05-04T21:53:12.014968,34.357,10031181326,2040,6251,36,100,2
1777924392.0277936,2026-05-04T21:53:12.027794,34.357,10031181326,2040,6251,36,100,2
1777924392.0405722,2026-05-04T21:53:12.040572,34.357,10031181326,2040,6251,36,100,2
1777924392.0552044,2026-05-04T21:53:12.055204,34.357,10031181326,2040,6251,36,100,2
1777924392.0678077,2026-05-04T21:53:12.067808,34.357,10031181326,2040,6251,36,100,2
1777924392.0806055,2026-05-04T21:53:12.080606,34.357,10031185838,2040,6251,36,100,2
1777924392.0949764,2026-05-04T21:53:12.094976,34.957,10031185838,2040,6251,36,100,6
1777924392.1077242,2026-05-04T21:53:12.107724,34.957,10031185838,2040,6251,36,100,6
1777924392.1204607,2026-05-04T21:53:12.120461,34.957,10031185838,2040,6251,36,100,6
1777924392.1348517,2026-05-04T21:53:12.134852,34.957,10031185838,2040,6251,36,100,6
1777924392.1474512,2026-05-04T21:53:12.147451,34.957,10031185838,2040,6251,36,100,6
1777924392.1601222,2026-05-04T21:53:12.160122,34.957,10031185838,2040,6251,36,100,6
1777924392.1749356,2026-05-04T21:53:12.174936,34.957,10031190074,2040,6251,36,100,6
1777924392.1880474,2026-05-04T21:53:12.188047,34.957,10031190074,2040,6251,36,100,6
1777924392.2007327,2026-05-04T21:53:12.200733,35.571,10031190074,2040,6251,36,100,6
1777924392.2149422,2026-05-04T21:53:12.214942,35.571,10031190074,2040,6251,36,100,6
1777924392.2275996,2026-05-04T21:53:12.227600,35.571,10031190074,2040,6251,36,100,6
1777924392.2402835,2026-05-04T21:53:12.240283,35.571,10031190074,2040,6251,36,100,6
1777924392.2547505,2026-05-04T21:53:12.254750,35.571,10031190074,2040,6251,36,100,6
1777924392.2674015,2026-05-04T21:53:12.267401,35.571,10031190074,2040,6251,36,100,6
1777924392.2802036,2026-05-04T21:53:12.280204,35.571,10031194314,2040,6251,36,100,6
1777924392.294836,2026-05-04T21:53:12.294836,36.403,10031194314,2040,6251,36,100,4
1777924392.3075664,2026-05-04T21:53:12.307566,36.403,10031194314,2040,6251,36,100,4
1777924392.3204453,2026-05-04T21:53:12.320445,36.403,10031194314,2040,6251,36,100,4
1777924392.3352041,2026-05-04T21:53:12.335204,36.403,10031194314,2040,6251,36,100,4
1777924392.3478577,2026-05-04T21:53:12.347858,36.403,10031194314,2040,6251,36,100,4
1777924392.360635,2026-05-04T21:53:12.360635,36.403,10031194314,2040,6251,36,100,4
1777924392.3746352,2026-05-04T21:53:12.374635,36.403,10031198552,2040,6251,36,100,4
1777924392.3880403,2026-05-04T21:53:12.388040,36.403,10031198552,2040,6251,36,100,4
1777924392.401054,2026-05-04T21:53:12.401054,37.387,10031198552,2040,6251,36,100,4
1777924392.4145846,2026-05-04T21:53:12.414585,37.387,10031198552,2040,6251,36,100,4
1777924392.4271493,2026-05-04T21:53:12.427149,37.387,10031198552,2040,6251,36,100,4
1777924392.4398303,2026-05-04T21:53:12.439830,37.387,10031198552,2040,6251,36,100,4
1777924392.454609,2026-05-04T21:53:12.454609,37.387,10031198552,2040,6251,36,100,4
1777924392.4670906,2026-05-04T21:53:12.467091,37.387,10031198552,2040,6251,36,100,4
1777924392.4796956,2026-05-04T21:53:12.479696,37.387,10031202073,2040,6251,36,100,4
1777924392.494682,2026-05-04T21:53:12.494682,37.442,10031202073,2040,6251,36,100,1
1777924392.5073123,2026-05-04T21:53:12.507312,37.442,10031202073,2040,6251,36,100,1
1777924392.521384,2026-05-04T21:53:12.521384,37.442,10031202073,2040,6251,36,100,1
1777924392.534785,2026-05-04T21:53:12.534785,37.442,10031202073,2040,6251,36,100,1
1777924392.5473318,2026-05-04T21:53:12.547332,37.442,10031202073,2040,6251,36,100,1
1777924392.5599694,2026-05-04T21:53:12.559969,37.442,10031202073,2040,6251,36,100,1
1777924392.5746453,2026-05-04T21:53:12.574645,37.442,10031205215,2040,6251,36,100,1
1777924392.5879722,2026-05-04T21:53:12.587972,37.442,10031205215,2040,6251,36,100,1
1777924392.6006854,2026-05-04T21:53:12.600685,37.537,10031205215,2040,6251,35,100,1
1777924392.614738,2026-05-04T21:53:12.614738,37.537,10031205215,2040,6251,35,100,1
1777924392.627275,2026-05-04T21:53:12.627275,37.537,10031205215,2040,6251,35,100,1
1777924392.6399834,2026-05-04T21:53:12.639983,37.537,10031205215,2040,6251,35,100,1
1777924392.6545393,2026-05-04T21:53:12.654539,37.537,10031205215,2040,6251,35,100,1
1777924392.6670911,2026-05-04T21:53:12.667091,37.537,10031205215,2040,6251,35,100,1
1777924392.6797764,2026-05-04T21:53:12.679776,37.537,10031208377,2040,6251,35,100,1
1777924392.6946757,2026-05-04T21:53:12.694676,37.61,10031208377,2040,6251,35,100,0
1777924392.7072988,2026-05-04T21:53:12.707299,37.61,10031208377,2040,6251,35,100,0
1777924392.7201636,2026-05-04T21:53:12.720164,37.61,10031208377,2040,6251,35,100,0
1777924392.7345405,2026-05-04T21:53:12.734540,37.61,10031208377,2040,6251,35,100,0
1777924392.7471175,2026-05-04T21:53:12.747118,37.61,10031208377,2040,6251,35,100,0
1777924392.7597883,2026-05-04T21:53:12.759788,37.61,10031208377,2040,6251,35,100,0
1777924392.77444,2026-05-04T21:53:12.774440,37.61,10031211533,2040,6251,35,100,0
1777924392.787827,2026-05-04T21:53:12.787827,37.61,10031211533,2040,6251,35,100,0
1777924392.8005333,2026-05-04T21:53:12.800533,37.705,10031211533,2040,6251,35,100,0
1777924392.8144329,2026-05-04T21:53:12.814433,37.705,10031211533,2040,6251,35,100,0
1777924392.8269846,2026-05-04T21:53:12.826985,37.705,10031211533,2040,6251,35,100,0
1777924392.8396597,2026-05-04T21:53:12.839660,37.705,10031211533,2040,6251,35,100,0
1777924392.8544266,2026-05-04T21:53:12.854427,37.705,10031211533,2040,6251,35,100,0
1777924392.8669367,2026-05-04T21:53:12.866937,37.705,10031211533,2040,6251,35,100,0
1777924392.879557,2026-05-04T21:53:12.879557,37.705,10031214694,2040,6251,35,100,0
1777924392.8948355,2026-05-04T21:53:12.894835,37.822,10031214694,2040,6251,35,100,0
1777924392.907424,2026-05-04T21:53:12.907424,37.822,10031214694,2040,6251,35,100,0
1777924392.9201298,2026-05-04T21:53:12.920130,37.822,10031214694,2040,6251,35,100,0
1777924392.934437,2026-05-04T21:53:12.934437,37.822,10031214694,2040,6251,35,100,0
1777924392.9469898,2026-05-04T21:53:12.946990,37.822,10031214694,2040,6251,35,100,0
1777924392.959706,2026-05-04T21:53:12.959706,37.822,10031214694,2040,6251,35,100,0
1777924392.9743817,2026-05-04T21:53:12.974382,37.822,10031217848,2040,6251,35,100,0
1777924392.9877996,2026-05-04T21:53:12.987800,37.822,10031217848,2040,6251,35,100,0
1777924393.0004542,2026-05-04T21:53:13.000454,36.978,10031217848,2040,6251,35,100,0
1777924393.0143797,2026-05-04T21:53:13.014380,36.978,10031217848,2040,6251,35,100,0
1777924393.026929,2026-05-04T21:53:13.026929,36.978,10031217848,2040,6251,35,100,0
1777924393.0395591,2026-05-04T21:53:13.039559,36.978,10031217848,2040,6251,35,100,0
1777924393.0544283,2026-05-04T21:53:13.054428,36.978,10031217848,2040,6251,35,100,0
1777924393.0669699,2026-05-04T21:53:13.066970,36.978,10031217848,2040,6251,35,100,0
1777924393.0796163,2026-05-04T21:53:13.079616,36.978,10031221008,2040,6251,35,100,0
1777924393.0945213,2026-05-04T21:53:13.094521,35.549,10031221008,2040,6251,35,100,0
1777924393.1071157,2026-05-04T21:53:13.107116,35.549,10031221008,2040,6251,35,100,0
1777924393.1198616,2026-05-04T21:53:13.119862,35.549,10031221008,2040,6251,35,100,0
1777924393.1344686,2026-05-04T21:53:13.134469,35.549,10031221008,2040,6251,35,100,0
1777924393.1470525,2026-05-04T21:53:13.147053,35.549,10031221008,2040,6251,35,100,0
1777924393.1597373,2026-05-04T21:53:13.159737,35.549,10031221008,2040,6251,35,100,0
1777924393.174571,2026-05-04T21:53:13.174571,35.549,10031224171,2040,6251,35,100,0
1777924393.1877365,2026-05-04T21:53:13.187737,35.549,10031224171,2040,6251,35,100,0
1777924393.2003064,2026-05-04T21:53:13.200306,34.586,10031224171,2040,6251,35,100,0
1777924393.2143154,2026-05-04T21:53:13.214315,34.586,10031224171,2040,6251,35,100,0
1777924393.2269065,2026-05-04T21:53:13.226907,34.586,10031224171,2040,6251,35,100,0
1777924393.239496,2026-05-04T21:53:13.239496,34.586,10031224171,2040,6251,35,100,0
1777924393.2544138,2026-05-04T21:53:13.254414,34.586,10031224171,2040,6251,35,100,0
1777924393.2670393,2026-05-04T21:53:13.267039,34.586,10031224171,2040,6251,35,100,0
1777924393.2796683,2026-05-04T21:53:13.279668,34.586,10031227345,2040,6251,35,100,0
1777924393.2945087,2026-05-04T21:53:13.294509,33.615,10031227345,2040,6251,35,100,0
1777924393.30714,2026-05-04T21:53:13.307140,33.615,10031227345,2040,6251,35,100,0
1777924393.3199966,2026-05-04T21:53:13.319997,33.615,10031227345,2040,6251,35,100,0
1777924393.3342946,2026-05-04T21:53:13.334295,33.615,10031227345,2040,6251,35,100,0
1777924393.3468783,2026-05-04T21:53:13.346878,33.615,10031227345,2040,6251,35,100,0
1777924393.3595724,2026-05-04T21:53:13.359572,33.615,10031227345,2040,6251,35,100,0
1777924393.3742592,2026-05-04T21:53:13.374259,33.615,10031230516,2040,6251,35,100,0
1777924393.3876948,2026-05-04T21:53:13.387695,33.615,10031230516,2040,6251,35,100,0
1777924393.4003315,2026-05-04T21:53:13.400331,32.629,10031230516,2040,6251,35,100,0
1777924393.4142833,2026-05-04T21:53:13.414283,32.629,10031230516,2040,6251,35,100,0
1777924393.4267979,2026-05-04T21:53:13.426798,32.629,10031230516,2040,6251,35,100,0
1777924393.4394543,2026-05-04T21:53:13.439454,32.629,10031230516,2040,6251,35,100,0
1777924393.4544933,2026-05-04T21:53:13.454493,32.629,10031230516,2040,6251,35,100,0
1777924393.4670286,2026-05-04T21:53:13.467029,32.629,10031230516,2040,6251,35,100,0
1777924393.4797378,2026-05-04T21:53:13.479738,32.629,10031233672,2040,6251,35,100,0
1777924393.494397,2026-05-04T21:53:13.494397,31.654,10031233672,2040,6251,35,100,0
1777924393.5069911,2026-05-04T21:53:13.506991,31.654,10031233672,2040,6251,35,100,0
1777924393.5198429,2026-05-04T21:53:13.519843,31.654,10031233672,2040,6251,35,100,0
1777924393.5343242,2026-05-04T21:53:13.534324,31.654,10031233672,2040,6251,35,100,0
1777924393.5468254,2026-05-04T21:53:13.546825,31.654,10031233672,2040,6251,35,100,0
1777924393.5594554,2026-05-04T21:53:13.559455,31.654,10031233672,2040,6251,35,100,0
1777924393.5742214,2026-05-04T21:53:13.574221,31.654,10031236824,2040,6251,35,100,0
1777924393.5876045,2026-05-04T21:53:13.587605,31.654,10031236824,2040,6251,35,100,0
1777924393.600336,2026-05-04T21:53:13.600336,31.689,10031236824,2040,6251,35,100,0
1777924393.614155,2026-05-04T21:53:13.614155,31.689,10031236824,2040,6251,35,100,0
1777924393.6266954,2026-05-04T21:53:13.626695,31.689,10031236824,2040,6251,35,100,0
1777924393.63936,2026-05-04T21:53:13.639360,31.689,10031236824,2040,6251,35,100,0
1777924393.6542153,2026-05-04T21:53:13.654215,31.689,10031236824,2040,6251,35,100,0
1777924393.666743,2026-05-04T21:53:13.666743,31.689,10031236824,2040,6251,35,100,0
1777924393.6793928,2026-05-04T21:53:13.679393,31.689,10031239981,2040,6251,35,100,0
1777924393.6943376,2026-05-04T21:53:13.694338,31.654,10031239981,2040,6251,35,100,0
1777924393.7069929,2026-05-04T21:53:13.706993,31.654,10031239981,2040,6251,35,100,0
1777924393.7198608,2026-05-04T21:53:13.719861,31.654,10031239981,2040,6251,35,100,0
1777924393.734473,2026-05-04T21:53:13.734473,31.654,10031239981,2040,6251,35,100,0
1777924393.747021,2026-05-04T21:53:13.747021,31.654,10031239981,2040,6251,35,100,0
1777924393.75969,2026-05-04T21:53:13.759690,31.654,10031239981,2040,6251,35,100,0
1777924393.7741926,2026-05-04T21:53:13.774193,31.654,10031243142,2040,6251,35,100,0
1777924393.787629,2026-05-04T21:53:13.787629,31.654,10031243142,2040,6251,35,100,0
1777924393.800426,2026-05-04T21:53:13.800426,31.652,10031243142,2040,6251,35,100,0
1777924393.814118,2026-05-04T21:53:13.814118,31.652,10031243142,2040,6251,35,100,0
1777924393.82657,2026-05-04T21:53:13.826570,31.652,10031243142,2040,6251,35,100,0
1777924393.8390713,2026-05-04T21:53:13.839071,31.652,10031243142,2040,6251,35,100,0
1777924393.8540487,2026-05-04T21:53:13.854049,31.652,10031243142,2040,6251,35,100,0
1777924393.8665383,2026-05-04T21:53:13.866538,31.652,10031243142,2040,6251,35,100,0
1777924393.8792198,2026-05-04T21:53:13.879220,31.652,10031246286,2040,6251,35,100,0
1777924393.894299,2026-05-04T21:53:13.894299,31.67,10031246286,2040,6251,35,100,0
1777924393.9069138,2026-05-04T21:53:13.906914,31.67,10031246286,2040,6251,35,100,0
1777924393.9197972,2026-05-04T21:53:13.919797,31.67,10031246286,2040,6251,35,100,0
1777924393.9341695,2026-05-04T21:53:13.934170,31.67,10031246286,2040,6251,35,100,0
1777924393.9466934,2026-05-04T21:53:13.946693,31.67,10031246286,2040,6251,35,100,0
1777924393.9593198,2026-05-04T21:53:13.959320,31.67,10031246286,2040,6251,35,100,0
1777924393.974041,2026-05-04T21:53:13.974041,31.67,10031249442,2040,6251,35,100,0
1777924393.9875114,2026-05-04T21:53:13.987511,31.67,10031249442,2040,6251,35,100,0
1777924394.0001101,2026-05-04T21:53:14.000110,31.652,10031249442,2040,6251,35,100,0
1777924394.014328,2026-05-04T21:53:14.014328,31.652,10031249442,2040,6251,35,100,0
1777924394.026943,2026-05-04T21:53:14.026943,31.652,10031249442,2040,6251,35,100,0
1777924394.0396035,2026-05-04T21:53:14.039603,31.652,10031249442,2040,6251,35,100,0
1777924394.0540366,2026-05-04T21:53:14.054037,31.652,10031249442,2040,6251,35,100,0
1777924394.0666523,2026-05-04T21:53:14.066652,31.652,10031249442,2040,6251,35,100,0
1777924394.0793226,2026-05-04T21:53:14.079323,31.652,10031252601,2040,6251,35,100,0
1777924394.0942671,2026-05-04T21:53:14.094267,31.669,10031252601,2040,6251,35,100,0
1777924394.1068106,2026-05-04T21:53:14.106811,31.669,10031252601,2040,6251,35,100,0
1777924394.1195061,2026-05-04T21:53:14.119506,31.669,10031252601,2040,6251,35,100,0
1777924394.1341107,2026-05-04T21:53:14.134111,31.669,10031252601,2040,6251,35,100,0
1777924394.146679,2026-05-04T21:53:14.146679,31.669,10031252601,2040,6251,35,100,0
1777924394.1593316,2026-05-04T21:53:14.159332,31.669,10031252601,2040,6251,35,100,0
1777924394.1739814,2026-05-04T21:53:14.173981,31.669,10031255750,2040,6251,35,100,0
1777924394.1874342,2026-05-04T21:53:14.187434,31.669,10031255750,2040,6251,35,100,0
1777924394.1999981,2026-05-04T21:53:14.199998,31.651,10031255750,2040,6251,35,100,0
1777924394.2140586,2026-05-04T21:53:14.214059,31.651,10031255750,2040,6251,35,100,0
1777924394.226648,2026-05-04T21:53:14.226648,31.651,10031255750,2040,6251,35,100,0
1777924394.239303,2026-05-04T21:53:14.239303,31.651,10031255750,2040,6251,35,100,0
1777924394.2540329,2026-05-04T21:53:14.254033,31.651,10031255750,2040,6251,35,100,0
1777924394.2666135,2026-05-04T21:53:14.266613,31.651,10031255750,2040,6251,35,100,0
1777924394.2791247,2026-05-04T21:53:14.279125,31.651,10031258896,2040,6251,35,100,0
1777924394.2943797,2026-05-04T21:53:14.294380,31.652,10031258896,2040,6251,35,100,0
1777924394.306988,2026-05-04T21:53:14.306988,31.652,10031258896,2040,6251,35,100,0
1777924394.31972,2026-05-04T21:53:14.319720,31.652,10031258896,2040,6251,35,100,0
1777924394.3341253,2026-05-04T21:53:14.334125,31.652,10031258896,2040,6251,35,100,0
1777924394.3466258,2026-05-04T21:53:14.346626,31.652,10031258896,2040,6251,35,100,0
1777924394.3592057,2026-05-04T21:53:14.359206,31.652,10031258896,2040,6251,35,100,0
1777924394.3739946,2026-05-04T21:53:14.373995,31.652,10031262040,2040,6251,35,100,0
1777924394.3874023,2026-05-04T21:53:14.387402,31.652,10031262040,2040,6251,35,100,0
1777924394.4000354,2026-05-04T21:53:14.400035,31.634,10031262040,2040,6251,35,100,0
1777924394.4139452,2026-05-04T21:53:14.413945,31.634,10031262040,2040,6251,35,100,0
1777924394.4265473,2026-05-04T21:53:14.426547,31.634,10031262040,2040,6251,35,100,0
1777924394.439113,2026-05-04T21:53:14.439113,31.634,10031262040,2040,6251,35,100,0
1777924394.453931,2026-05-04T21:53:14.453931,31.634,10031262040,2040,6251,35,100,0
1777924394.4665153,2026-05-04T21:53:14.466515,31.634,10031262040,2040,6251,35,100,0
1777924394.4792736,2026-05-04T21:53:14.479274,31.634,10031265201,2040,6251,35,100,0
1777924394.494126,2026-05-04T21:53:14.494126,31.634,10031265201,2040,6251,35,100,0
1777924394.5067856,2026-05-04T21:53:14.506786,31.634,10031265201,2040,6251,35,100,0
1777924394.5196776,2026-05-04T21:53:14.519678,31.634,10031265201,2040,6251,35,100,0
1777924394.5339975,2026-05-04T21:53:14.533998,31.634,10031265201,2040,6251,35,100,0
1777924394.546579,2026-05-04T21:53:14.546579,31.634,10031265201,2040,6251,35,100,0
1777924394.559266,2026-05-04T21:53:14.559266,31.634,10031265201,2040,6251,35,100,0
1777924394.5741105,2026-05-04T21:53:14.574111,31.634,10031268361,2040,6251,35,100,0
1777924394.5872703,2026-05-04T21:53:14.587270,31.634,10031268361,2040,6251,35,100,0
1777924394.5998514,2026-05-04T21:53:14.599851,31.607,10031268361,2040,6251,35,100,0
1777924394.613846,2026-05-04T21:53:14.613846,31.607,10031268361,2040,6251,35,100,0
1777924394.62612,2026-05-04T21:53:14.626120,31.607,10031268361,2040,6251,35,100,0
1777924394.6386151,2026-05-04T21:53:14.638615,31.607,10031268361,2040,6251,35,100,0
1777924394.6537933,2026-05-04T21:53:14.653793,31.607,10031268361,2040,6251,35,100,0
1777924394.6662498,2026-05-04T21:53:14.666250,31.607,10031268361,2040,6251,35,100,0
1777924394.6787803,2026-05-04T21:53:14.678780,31.607,10031271440,2040,6251,35,100,0
1777924394.694094,2026-05-04T21:53:14.694094,31.528,10031271440,2040,6251,35,100,0
1777924394.7065573,2026-05-04T21:53:14.706557,31.528,10031271440,2040,6251,35,100,0
1777924394.719282,2026-05-04T21:53:14.719282,31.528,10031271440,2040,6251,35,100,0
1777924394.7339141,2026-05-04T21:53:14.733914,31.528,10031271440,2040,6251,35,100,0
1777924394.7463522,2026-05-04T21:53:14.746352,31.528,10031271440,2040,6251,35,100,0
1777924394.7589154,2026-05-04T21:53:14.758915,31.528,10031271440,2040,6251,35,100,0
1777924394.7739146,2026-05-04T21:53:14.773915,31.528,10031274513,2040,6251,35,100,0
1777924394.7871535,2026-05-04T21:53:14.787153,31.528,10031274513,2040,6251,35,100,0
1777924394.7997255,2026-05-04T21:53:14.799726,31.457,10031274513,2040,6251,35,100,0
1777924394.8138752,2026-05-04T21:53:14.813875,31.457,10031274513,2040,6251,35,100,0
1777924394.8263097,2026-05-04T21:53:14.826310,31.457,10031274513,2040,6251,35,100,0
1777924394.8388593,2026-05-04T21:53:14.838859,31.457,10031274513,2040,6251,35,100,0
1777924394.8590207,2026-05-04T21:53:14.859021,31.457,10031274513,2040,6251,35,100,0
1777924394.8781261,2026-05-04T21:53:14.878126,31.457,10031277731,2040,6251,35,100,0
1777924394.8983335,2026-05-04T21:53:14.898334,31.746,10031277731,2040,6251,35,100,0
1777924394.918029,2026-05-04T21:53:14.918029,31.746,10031277731,2040,6251,35,100,0
1777924394.9368842,2026-05-04T21:53:14.936884,31.746,10031277731,2040,6251,35,100,0
1777924394.9589708,2026-05-04T21:53:14.958971,31.746,10031277731,2040,6251,35,100,0
1777924394.9764416,2026-05-04T21:53:14.976442,31.746,10031281237,2040,6251,35,100,0
1777924395.0005755,2026-05-04T21:53:15.000576,32.045,10031281237,2040,6251,35,100,0
1777924395.0182252,2026-05-04T21:53:15.018225,32.045,10031281237,2040,6251,35,100,0
1777924395.0385506,2026-05-04T21:53:15.038551,32.045,10031281237,2040,6251,35,100,0
1777924395.060349,2026-05-04T21:53:15.060349,32.045,10031281237,2040,6251,35,100,0
1777924395.081382,2026-05-04T21:53:15.081382,32.045,10031284744,2040,6251,35,100,0
1777924395.101492,2026-05-04T21:53:15.101492,32.38,10031284744,2040,6251,35,100,0
1777924395.1216187,2026-05-04T21:53:15.121619,32.38,10031284744,2040,6251,35,100,0
1777924395.1415546,2026-05-04T21:53:15.141555,32.38,10031284744,2040,6251,35,100,0
1777924395.1601038,2026-05-04T21:53:15.160104,32.38,10031284744,2040,6251,35,100,0
1777924395.176268,2026-05-04T21:53:15.176268,32.38,10031288261,2040,6251,35,100,0
1777924395.20081,2026-05-04T21:53:15.200810,32.688,10031288261,2040,6251,35,100,0
1777924395.2201061,2026-05-04T21:53:15.220106,32.688,10031288261,2040,6251,35,100,0
1777924395.2381036,2026-05-04T21:53:15.238104,32.688,10031288261,2040,6251,35,100,0
1777924395.2583425,2026-05-04T21:53:15.258343,32.688,10031288261,2040,6251,35,100,0
1777924395.2788184,2026-05-04T21:53:15.278818,32.688,10031291777,2040,6251,35,100,0
1777924395.2988644,2026-05-04T21:53:15.298864,33.023,10031291777,2040,6251,35,100,0
1777924395.3213127,2026-05-04T21:53:15.321313,33.023,10031291777,2040,6251,35,100,0
1777924395.3393676,2026-05-04T21:53:15.339368,33.023,10031291777,2040,6251,35,100,0
1777924395.3556285,2026-05-04T21:53:15.355628,33.023,10031291777,2040,6251,35,100,0
1777924395.3782847,2026-05-04T21:53:15.378285,33.023,10031295287,2040,6251,35,100,0
1777924395.3986819,2026-05-04T21:53:15.398682,33.365,10031295287,2040,6251,35,100,0
1777924395.4191356,2026-05-04T21:53:15.419136,33.365,10031295287,2040,6251,35,100,0
1777924395.4385715,2026-05-04T21:53:15.438571,33.365,10031295287,2040,6251,35,100,0
1777924395.4599984,2026-05-04T21:53:15.459998,33.365,10031295287,2040,6251,35,100,0
1777924395.4799824,2026-05-04T21:53:15.479982,33.365,10031298807,2040,6251,35,100,0
1777924395.5011337,2026-05-04T21:53:15.501134,33.701,10031298807,2040,6251,35,100,1
1777924395.5222123,2026-05-04T21:53:15.522212,33.701,10031298807,2040,6251,35,100,1
1777924395.5401077,2026-05-04T21:53:15.540108,33.701,10031298807,2040,6251,35,100,1
1777924395.5579739,2026-05-04T21:53:15.557974,33.701,10031298807,2040,6251,35,100,1
1777924395.5784392,2026-05-04T21:53:15.578439,33.701,10031302325,2040,6251,35,100,1
1777924395.601985,2026-05-04T21:53:15.601985,34.025,10031302325,2040,6251,35,100,1
1777924395.6246364,2026-05-04T21:53:15.624636,34.025,10031302325,2040,6251,35,100,1
1777924395.6436648,2026-05-04T21:53:15.643665,34.025,10031302325,2040,6251,35,100,1
1777924395.6635513,2026-05-04T21:53:15.663551,34.025,10031302325,2040,6251,35,100,1
1777924395.6835144,2026-05-04T21:53:15.683514,34.025,10031305849,2040,6251,35,100,1
1777924395.7024834,2026-05-04T21:53:15.702483,34.397,10031305849,2040,6251,35,100,1
1777924395.722905,2026-05-04T21:53:15.722905,34.397,10031305849,2040,6251,35,100,1
1777924395.7440646,2026-05-04T21:53:15.744065,34.397,10031305849,2040,6251,35,100,1
1777924395.7634878,2026-05-04T21:53:15.763488,34.397,10031305849,2040,6251,35,100,1
1777924395.783904,2026-05-04T21:53:15.783904,34.397,10031309369,2040,6251,35,100,1
1777924395.8021314,2026-05-04T21:53:15.802131,34.799,10031309369,2040,6251,35,100,1
1777924395.8229854,2026-05-04T21:53:15.822985,34.799,10031309369,2040,6251,35,100,1
1777924395.842546,2026-05-04T21:53:15.842546,34.799,10031309369,2040,6251,35,100,1
1777924395.8610892,2026-05-04T21:53:15.861089,34.799,10031309369,2040,6251,35,100,1
1777924395.8796241,2026-05-04T21:53:15.879624,34.799,10031312879,2040,6251,35,100,1
1777924395.8983896,2026-05-04T21:53:15.898390,35.199,10031312879,2040,6251,35,100,1
1777924395.923649,2026-05-04T21:53:15.923649,35.199,10031312879,2040,6251,35,100,1
1777924395.9421394,2026-05-04T21:53:15.942139,35.199,10031312879,2040,6251,35,100,1
1777924395.9610643,2026-05-04T21:53:15.961064,35.199,10031312879,2040,6251,35,100,1
1777924395.9812107,2026-05-04T21:53:15.981211,35.199,10031316391,2040,6251,35,100,1
1777924396.0020468,2026-05-04T21:53:16.002047,35.225,10031316391,2040,6251,35,100,1
1777924396.0225627,2026-05-04T21:53:16.022563,35.225,10031316391,2040,6251,35,100,1
1777924396.0413566,2026-05-04T21:53:16.041357,35.225,10031316391,2040,6251,35,100,1
1777924396.0638728,2026-05-04T21:53:16.063873,35.225,10031316391,2040,6251,35,100,1
1777924396.084732,2026-05-04T21:53:16.084732,35.225,10031319901,2040,6251,35,100,1
1777924396.1026013,2026-05-04T21:53:16.102601,35.234,10031319901,2040,6251,35,100,0
1777924396.1229656,2026-05-04T21:53:16.122966,35.234,10031319901,2040,6251,35,100,0
1777924396.1404073,2026-05-04T21:53:16.140407,35.234,10031319901,2040,6251,35,100,0
1777924396.1587722,2026-05-04T21:53:16.158772,35.234,10031319901,2040,6251,35,100,0
1777924396.1762123,2026-05-04T21:53:16.176212,35.234,10031323416,2040,6251,35,100,0
1777924396.1983109,2026-05-04T21:53:16.198311,35.243,10031323416,2040,6251,35,100,0
1777924396.2165608,2026-05-04T21:53:16.216561,35.243,10031323416,2040,6251,35,100,0
1777924396.2370007,2026-05-04T21:53:16.237001,35.243,10031323416,2040,6251,35,100,0
1777924396.256952,2026-05-04T21:53:16.256952,35.243,10031323416,2040,6251,35,100,0
1777924396.2753544,2026-05-04T21:53:16.275354,35.243,10031326960,2040,6251,35,100,0
1777924396.2981954,2026-05-04T21:53:16.298195,35.243,10031326960,2040,6251,35,100,1
1777924396.3207695,2026-05-04T21:53:16.320770,35.243,10031326960,2040,6251,35,100,1
1777924396.337961,2026-05-04T21:53:16.337961,35.243,10031326960,2040,6251,35,100,1
1777924396.3571007,2026-05-04T21:53:16.357101,35.243,10031326960,2040,6251,35,100,1
1777924396.3769438,2026-05-04T21:53:16.376944,35.243,10031330471,2040,6251,35,100,1
1777924396.3995268,2026-05-04T21:53:16.399527,35.252,10031330471,2040,6251,35,100,1
1777924396.4233088,2026-05-04T21:53:16.423309,35.252,10031330471,2040,6251,35,100,1
1777924396.4417095,2026-05-04T21:53:16.441710,35.252,10031330471,2040,6251,35,100,1
1777924396.4589126,2026-05-04T21:53:16.458913,35.252,10031330471,2040,6251,35,100,1
1777924396.4788587,2026-05-04T21:53:16.478859,35.252,10031333989,2040,6251,35,100,1
1777924396.497888,2026-05-04T21:53:16.497888,35.243,10031333989,2040,6251,35,100,1
1777924396.5163743,2026-05-04T21:53:16.516374,35.243,10031333989,2040,6251,35,100,1
1777924396.5372553,2026-05-04T21:53:16.537255,35.243,10031333989,2040,6251,35,100,1
1777924396.5565286,2026-05-04T21:53:16.556529,35.243,10031333989,2040,6251,35,100,1
1777924396.5779028,2026-05-04T21:53:16.577903,35.243,10031337503,2040,6251,35,100,1
1777924396.5981178,2026-05-04T21:53:16.598118,35.243,10031337503,2040,6251,35,100,1
1777924396.6162312,2026-05-04T21:53:16.616231,35.243,10031337503,2040,6251,35,100,1
1777924396.6379905,2026-05-04T21:53:16.637990,35.243,10031337503,2040,6251,35,100,1
1777924396.6570091,2026-05-04T21:53:16.657009,35.243,10031337503,2040,6251,35,100,1
1777924396.6759005,2026-05-04T21:53:16.675900,35.243,10031341023,2040,6251,35,100,1
1777924396.6962507,2026-05-04T21:53:16.696251,35.243,10031341023,2040,6251,35,100,1
1777924396.7164466,2026-05-04T21:53:16.716447,35.234,10031341023,2040,6251,35,100,1
1777924396.7363834,2026-05-04T21:53:16.736383,35.234,10031341023,2040,6251,35,100,1
1777924396.7565114,2026-05-04T21:53:16.756511,35.234,10031341023,2040,6251,35,100,1
1777924396.7746367,2026-05-04T21:53:16.774637,35.234,10031344539,2040,6251,35,100,1
1777924396.7983656,2026-05-04T21:53:16.798366,35.216,10031344539,2040,6251,35,100,1
1777924396.8222904,2026-05-04T21:53:16.822290,35.216,10031344539,2040,6251,35,100,1
1777924396.839869,2026-05-04T21:53:16.839869,35.216,10031344539,2040,6251,35,100,1
1777924396.8588014,2026-05-04T21:53:16.858801,35.216,10031344539,2040,6251,35,100,1
1777924396.8768287,2026-05-04T21:53:16.876829,35.216,10031348080,2040,6251,35,100,1
1777924396.8894901,2026-05-04T21:53:16.889490,35.216,10031348080,2040,6251,35,100,1
1777924396.9021013,2026-05-04T21:53:16.902101,35.497,10031348080,2040,6251,35,100,1
1777924396.9147563,2026-05-04T21:53:16.914756,35.497,10031348080,2040,6251,35,100,1
1777924396.9272041,2026-05-04T21:53:16.927204,35.497,10031348080,2040,6251,35,100,1
1777924396.9397678,2026-05-04T21:53:16.939768,35.497,10031348080,2040,6251,35,100,1
1777924396.9534185,2026-05-04T21:53:16.953418,35.497,10031348080,2040,6251,35,100,1
1777924396.9714987,2026-05-04T21:53:16.971499,35.497,10031352062,2040,6251,35,100,1
1777924396.991205,2026-05-04T21:53:16.991205,35.497,10031352062,2040,6251,35,100,1
1777924397.0130665,2026-05-04T21:53:17.013067,35.542,10031352062,2040,6251,36,100,1
1777924397.0324833,2026-05-04T21:53:17.032483,35.542,10031352062,2040,6251,36,100,1
1777924397.0511906,2026-05-04T21:53:17.051191,35.542,10031352062,2040,6251,36,100,1
1777924397.0641053,2026-05-04T21:53:17.064105,35.542,10031352062,2040,6251,36,100,1
1777924397.076863,2026-05-04T21:53:17.076863,35.542,10031355695,2040,6251,36,100,1
1777924397.089731,2026-05-04T21:53:17.089731,35.542,10031355695,2040,6251,36,100,1
1777924397.102356,2026-05-04T21:53:17.102356,35.542,10031355695,2040,6251,36,100,1
1777924397.114923,2026-05-04T21:53:17.114923,36.016,10031355695,2040,6251,35,100,1
1777924397.1275735,2026-05-04T21:53:17.127573,36.016,10031355695,2040,6251,35,100,1
1777924397.1402056,2026-05-04T21:53:17.140206,36.016,10031355695,2040,6251,35,100,1
1777924397.153113,2026-05-04T21:53:17.153113,36.016,10031355695,2040,6251,35,100,1
1777924397.1655598,2026-05-04T21:53:17.165560,36.016,10031355695,2040,6251,35,100,1
1777924397.1781862,2026-05-04T21:53:17.178186,36.016,10031359913,2040,6251,35,100,1
1777924397.1938307,2026-05-04T21:53:17.193831,36.016,10031359913,2040,6251,35,100,1
1777924397.206311,2026-05-04T21:53:17.206311,37.078,10031359913,2040,6251,36,100,1
1777924397.2190077,2026-05-04T21:53:17.219008,37.078,10031359913,2040,6251,36,100,1
1777924397.2334886,2026-05-04T21:53:17.233489,37.078,10031359913,2040,6251,36,100,1
1777924397.2459815,2026-05-04T21:53:17.245981,37.078,10031359913,2040,6251,36,100,1
1777924397.2587419,2026-05-04T21:53:17.258742,37.078,10031359913,2040,6251,36,100,1
1777924397.273178,2026-05-04T21:53:17.273178,37.078,10031364430,2040,6251,36,100,1
1777924397.2864957,2026-05-04T21:53:17.286496,37.078,10031364430,2040,6251,36,100,1
1777924397.2993848,2026-05-04T21:53:17.299385,37.078,10031364430,2040,6251,36,100,1
1777924397.3130844,2026-05-04T21:53:17.313084,37.95,10031364430,2040,6251,36,100,6
1777924397.3256505,2026-05-04T21:53:17.325650,37.95,10031364430,2040,6251,36,100,6
1777924397.3383121,2026-05-04T21:53:17.338312,37.95,10031364430,2040,6251,36,100,6
1777924397.3533483,2026-05-04T21:53:17.353348,37.95,10031364430,2040,6251,36,100,6
1777924397.3659759,2026-05-04T21:53:17.365976,37.95,10031364430,2040,6251,36,100,6
1777924397.3786323,2026-05-04T21:53:17.378632,37.95,10031368672,2040,6251,36,100,6
1777924397.393788,2026-05-04T21:53:17.393788,37.95,10031368672,2040,6251,36,100,6
1777924397.4064417,2026-05-04T21:53:17.406442,38.369,10031368672,2040,6251,36,100,6
1777924397.4191608,2026-05-04T21:53:17.419161,38.369,10031368672,2040,6251,36,100,6
1777924397.4332552,2026-05-04T21:53:17.433255,38.369,10031368672,2040,6251,36,100,6
1777924397.4458985,2026-05-04T21:53:17.445899,38.369,10031368672,2040,6251,36,100,6
1777924397.458499,2026-05-04T21:53:17.458499,38.369,10031368672,2040,6251,36,100,6
1777924397.4731028,2026-05-04T21:53:17.473103,38.369,10031372623,2040,6251,36,100,6
1777924397.486468,2026-05-04T21:53:17.486468,38.369,10031372623,2040,6251,36,100,6
1777924397.4991431,2026-05-04T21:53:17.499143,38.369,10031372623,2040,6251,36,100,6
1777924397.5132363,2026-05-04T21:53:17.513236,38.393,10031372623,2040,6251,36,100,2
1777924397.5257304,2026-05-04T21:53:17.525730,38.393,10031372623,2040,6251,36,100,2
1777924397.53817,2026-05-04T21:53:17.538170,38.393,10031372623,2040,6251,36,100,2
1777924397.553116,2026-05-04T21:53:17.553116,38.393,10031372623,2040,6251,36,100,2
1777924397.5656812,2026-05-04T21:53:17.565681,38.393,10031372623,2040,6251,36,100,2
1777924397.578213,2026-05-04T21:53:17.578213,38.393,10031375762,2040,6251,36,100,2
1777924397.5958679,2026-05-04T21:53:17.595868,38.393,10031375762,2040,6251,36,100,2
1777924397.6084,2026-05-04T21:53:17.608400,37.754,10031375762,2040,6251,35,100,2
1777924397.6209579,2026-05-04T21:53:17.620958,37.754,10031375762,2040,6251,35,100,2
1777924397.6335065,2026-05-04T21:53:17.633507,37.754,10031375762,2040,6251,35,100,2
1777924397.6459565,2026-05-04T21:53:17.645957,37.754,10031375762,2040,6251,35,100,2
1777924397.6585038,2026-05-04T21:53:17.658504,37.754,10031375762,2040,6251,35,100,2
1777924397.6729298,2026-05-04T21:53:17.672930,37.754,10031378891,2040,6251,35,100,2
1777924397.6863267,2026-05-04T21:53:17.686327,37.754,10031378891,2040,6251,35,100,2
1777924397.6989303,2026-05-04T21:53:17.698930,37.754,10031378891,2040,6251,35,100,2
1777924397.7129283,2026-05-04T21:53:17.712928,37.638,10031378891,2040,6251,35,100,0
1777924397.7255301,2026-05-04T21:53:17.725530,37.638,10031378891,2040,6251,35,100,0
1777924397.7382143,2026-05-04T21:53:17.738214,37.638,10031378891,2040,6251,35,100,0
1777924397.7529185,2026-05-04T21:53:17.752918,37.638,10031378891,2040,6251,35,100,0
1777924397.7654374,2026-05-04T21:53:17.765437,37.638,10031378891,2040,6251,35,100,0
1777924397.7781792,2026-05-04T21:53:17.778179,37.638,10031382064,2040,6251,35,100,0
1777924397.794967,2026-05-04T21:53:17.794967,37.638,10031382064,2040,6251,35,100,0
1777924397.8075993,2026-05-04T21:53:17.807599,37.108,10031382064,2040,6251,35,100,0
1777924397.8203385,2026-05-04T21:53:17.820338,37.108,10031382064,2040,6251,35,100,0
1777924397.832918,2026-05-04T21:53:17.832918,37.108,10031382064,2040,6251,35,100,0
1777924397.8453772,2026-05-04T21:53:17.845377,37.108,10031382064,2040,6251,35,100,0
1777924397.8581033,2026-05-04T21:53:17.858103,37.108,10031382064,2040,6251,35,100,0
1777924397.8728585,2026-05-04T21:53:17.872859,37.108,10031385225,2040,6251,35,100,0
1777924397.8862846,2026-05-04T21:53:17.886285,37.108,10031385225,2040,6251,35,100,0
1777924397.8989851,2026-05-04T21:53:17.898985,37.108,10031385225,2040,6251,35,100,0
1777924397.912885,2026-05-04T21:53:17.912885,36.641,10031385225,2040,6251,35,100,0
1777924397.925446,2026-05-04T21:53:17.925446,36.641,10031385225,2040,6251,35,100,0
1777924397.9379883,2026-05-04T21:53:17.937988,36.641,10031385225,2040,6251,35,100,0
1777924397.952816,2026-05-04T21:53:17.952816,36.641,10031385225,2040,6251,35,100,0
1777924397.9652698,2026-05-04T21:53:17.965270,36.641,10031385225,2040,6251,35,100,0
1777924397.9778047,2026-05-04T21:53:17.977805,36.641,10031388387,2040,6251,35,100,0
1777924397.9956973,2026-05-04T21:53:17.995697,36.641,10031388387,2040,6251,35,100,0
1777924398.008228,2026-05-04T21:53:18.008228,36.194,10031388387,2040,6251,35,100,0
1777924398.02088,2026-05-04T21:53:18.020880,36.194,10031388387,2040,6251,35,100,0
1777924398.0334363,2026-05-04T21:53:18.033436,36.194,10031388387,2040,6251,35,100,0
1777924398.0459561,2026-05-04T21:53:18.045956,36.194,10031388387,2040,6251,35,100,0
1777924398.0586126,2026-05-04T21:53:18.058613,36.194,10031388387,2040,6251,35,100,0
1777924398.073135,2026-05-04T21:53:18.073135,36.194,10031391552,2040,6251,35,100,0
1777924398.0861547,2026-05-04T21:53:18.086155,36.194,10031391552,2040,6251,35,100,0
1777924398.0988348,2026-05-04T21:53:18.098835,36.194,10031391552,2040,6251,35,100,0
1777924398.1127114,2026-05-04T21:53:18.112711,35.385,10031391552,2040,6251,35,100,0
1777924398.125111,2026-05-04T21:53:18.125111,35.385,10031391552,2040,6251,35,100,0
1777924398.1376753,2026-05-04T21:53:18.137675,35.385,10031391552,2040,6251,35,100,0
1777924398.1528013,2026-05-04T21:53:18.152801,35.385,10031391552,2040,6251,35,100,0
1777924398.1653519,2026-05-04T21:53:18.165352,35.385,10031391552,2040,6251,35,100,0
1777924398.1780322,2026-05-04T21:53:18.178032,35.385,10031394708,2040,6251,35,100,0
1777924398.1957343,2026-05-04T21:53:18.195734,35.385,10031394708,2040,6251,35,100,0
1777924398.208287,2026-05-04T21:53:18.208287,35.06,10031394708,2040,6251,35,100,0
1777924398.2209983,2026-05-04T21:53:18.220998,35.06,10031394708,2040,6251,35,100,0
1777924398.2335236,2026-05-04T21:53:18.233524,35.06,10031394708,2040,6251,35,100,0
1777924398.2460387,2026-05-04T21:53:18.246039,35.06,10031394708,2040,6251,35,100,0
1777924398.2587116,2026-05-04T21:53:18.258712,35.06,10031394708,2040,6251,35,100,0
1777924398.2728293,2026-05-04T21:53:18.272829,35.06,10031397876,2040,6251,35,100,0
1777924398.2862232,2026-05-04T21:53:18.286223,35.06,10031397876,2040,6251,35,100,0
1777924398.2988946,2026-05-04T21:53:18.298895,35.06,10031397876,2040,6251,35,100,0
1777924398.3127325,2026-05-04T21:53:18.312732,33.688,10031397876,2040,6251,35,100,0
1777924398.3252587,2026-05-04T21:53:18.325259,33.688,10031397876,2040,6251,35,100,0
1777924398.3378036,2026-05-04T21:53:18.337804,33.688,10031397876,2040,6251,35,100,0
1777924398.3529828,2026-05-04T21:53:18.352983,33.688,10031397876,2040,6251,35,100,0
1777924398.3655293,2026-05-04T21:53:18.365529,33.688,10031397876,2040,6251,35,100,0
1777924398.3782065,2026-05-04T21:53:18.378206,33.688,10031401020,2040,6251,35,100,0
1777924398.3955636,2026-05-04T21:53:18.395564,33.688,10031401020,2040,6251,35,100,0
1777924398.4081218,2026-05-04T21:53:18.408122,32.715,10031401020,2040,6251,35,100,0
1777924398.420885,2026-05-04T21:53:18.420885,32.715,10031401020,2040,6251,35,100,0
1777924398.4334872,2026-05-04T21:53:18.433487,32.715,10031401020,2040,6251,35,100,0
1777924398.4460409,2026-05-04T21:53:18.446041,32.715,10031401020,2040,6251,35,100,0
1777924398.4587145,2026-05-04T21:53:18.458714,32.715,10031401020,2040,6251,35,100,0
1777924398.4727042,2026-05-04T21:53:18.472704,32.715,10031404187,2040,6251,35,100,0
1777924398.486124,2026-05-04T21:53:18.486124,32.715,10031404187,2040,6251,35,100,0
1777924398.4987857,2026-05-04T21:53:18.498786,32.715,10031404187,2040,6251,35,100,0
1777924398.512677,2026-05-04T21:53:18.512677,31.723,10031404187,2040,6251,35,100,0
1777924398.5253334,2026-05-04T21:53:18.525333,31.723,10031404187,2040,6251,35,100,0
1777924398.5380054,2026-05-04T21:53:18.538005,31.723,10031404187,2040,6251,35,100,0
1777924398.5526352,2026-05-04T21:53:18.552635,31.723,10031404187,2040,6251,35,100,0
1777924398.5651689,2026-05-04T21:53:18.565169,31.723,10031404187,2040,6251,35,100,0
1777924398.5778296,2026-05-04T21:53:18.577830,31.723,10031407338,2040,6251,35,100,0
1777924398.595495,2026-05-04T21:53:18.595495,31.723,10031407338,2040,6251,35,100,0
1777924398.6079507,2026-05-04T21:53:18.607951,31.66,10031407338,2040,6251,35,100,0
1777924398.6206598,2026-05-04T21:53:18.620660,31.66,10031407338,2040,6251,35,100,0
1777924398.6332471,2026-05-04T21:53:18.633247,31.66,10031407338,2040,6251,35,100,0
1777924398.6458066,2026-05-04T21:53:18.645807,31.66,10031407338,2040,6251,35,100,0
1777924398.6584382,2026-05-04T21:53:18.658438,31.66,10031407338,2040,6251,35,100,0
1777924398.6726446,2026-05-04T21:53:18.672645,31.66,10031410475,2040,6251,35,100,0
1777924398.686042,2026-05-04T21:53:18.686042,31.66,10031410475,2040,6251,35,100,0
1777924398.6989539,2026-05-04T21:53:18.698954,31.66,10031410475,2040,6251,35,100,0
1777924398.7125492,2026-05-04T21:53:18.712549,31.686,10031410475,2040,6251,35,100,0
1777924398.7252288,2026-05-04T21:53:18.725229,31.686,10031410475,2040,6251,35,100,0
1777924398.7378597,2026-05-04T21:53:18.737860,31.686,10031410475,2040,6251,35,100,0
1777924398.7525988,2026-05-04T21:53:18.752599,31.686,10031410475,2040,6251,35,100,0
1777924398.7651215,2026-05-04T21:53:18.765121,31.686,10031410475,2040,6251,35,100,0
1777924398.7777789,2026-05-04T21:53:18.777779,31.686,10031413637,2040,6251,35,100,0
1777924398.7955794,2026-05-04T21:53:18.795579,31.686,10031413637,2040,6251,35,100,0
1777924398.8080993,2026-05-04T21:53:18.808099,31.697,10031413637,2040,6251,35,100,0
1777924398.8208873,2026-05-04T21:53:18.820887,31.697,10031413637,2040,6251,35,100,0
1777924398.8334935,2026-05-04T21:53:18.833493,31.697,10031413637,2040,6251,35,100,0
1777924398.8459063,2026-05-04T21:53:18.845906,31.697,10031413637,2040,6251,35,100,0
1777924398.8585129,2026-05-04T21:53:18.858513,31.697,10031413637,2040,6251,35,100,0
1777924398.872547,2026-05-04T21:53:18.872547,31.697,10031416783,2040,6251,35,100,0
1777924398.8859491,2026-05-04T21:53:18.885949,31.697,10031416783,2040,6251,35,100,0
1777924398.8984845,2026-05-04T21:53:18.898484,31.697,10031416783,2040,6251,35,100,0
1777924398.9129043,2026-05-04T21:53:18.912904,31.663,10031416783,2040,6251,35,100,0
1777924398.925442,2026-05-04T21:53:18.925442,31.663,10031416783,2040,6251,35,100,0
1777924398.9380102,2026-05-04T21:53:18.938010,31.663,10031416783,2040,6251,35,100,0
1777924398.9525738,2026-05-04T21:53:18.952574,31.663,10031416783,2040,6251,35,100,0
1777924398.9649792,2026-05-04T21:53:18.964979,31.663,10031416783,2040,6251,35,100,0
1777924398.9774864,2026-05-04T21:53:18.977486,31.663,10031419917,2040,6251,35,100,0
1777924398.9955947,2026-05-04T21:53:18.995595,31.663,10031419917,2040,6251,35,100,0
1777924399.0081215,2026-05-04T21:53:19.008121,31.627,10031419917,2040,6251,35,100,0
1777924399.020794,2026-05-04T21:53:19.020794,31.627,10031419917,2040,6251,35,100,0
1777924399.0333302,2026-05-04T21:53:19.033330,31.627,10031419917,2040,6251,35,100,0
1777924399.045742,2026-05-04T21:53:19.045742,31.627,10031419917,2040,6251,35,100,0
1777924399.058253,2026-05-04T21:53:19.058253,31.627,10031419917,2040,6251,35,100,0
1777924399.0724585,2026-05-04T21:53:19.072459,31.627,10031423055,2040,6251,35,100,0
1777924399.0859113,2026-05-04T21:53:19.085911,31.627,10031423055,2040,6251,35,100,0
1777924399.0986307,2026-05-04T21:53:19.098631,31.627,10031423055,2040,6251,35,100,0
1777924399.112487,2026-05-04T21:53:19.112487,31.619,10031423055,2040,6251,35,100,0
1777924399.1251004,2026-05-04T21:53:19.125100,31.619,10031423055,2040,6251,35,100,0
1777924399.1377485,2026-05-04T21:53:19.137748,31.619,10031423055,2040,6251,35,100,0
1777924399.152469,2026-05-04T21:53:19.152469,31.619,10031423055,2040,6251,35,100,0
1777924399.1650748,2026-05-04T21:53:19.165075,31.619,10031423055,2040,6251,35,100,0
1777924399.177718,2026-05-04T21:53:19.177718,31.619,10031426208,2040,6251,35,100,0
1777924399.1946886,2026-05-04T21:53:19.194689,31.619,10031426208,2040,6251,35,100,0
1777924399.2071717,2026-05-04T21:53:19.207172,31.592,10031426208,2040,6251,35,100,0
1777924399.2196543,2026-05-04T21:53:19.219654,31.592,10031426208,2040,6251,35,100,0
1777924399.2324777,2026-05-04T21:53:19.232478,31.592,10031426208,2040,6251,35,100,0
1777924399.2446976,2026-05-04T21:53:19.244698,31.592,10031426208,2040,6251,35,100,0
1777924399.2570739,2026-05-04T21:53:19.257074,31.592,10031426208,2040,6251,35,100,0
1777924399.2722867,2026-05-04T21:53:19.272287,31.592,10031426208,2040,6251,35,100,0
1777924399.284679,2026-05-04T21:53:19.284679,31.592,10031429337,2040,6251,35,100,0
1777924399.2970479,2026-05-04T21:53:19.297048,31.592,10031429337,2040,6251,35,100,0
1777924399.3123388,2026-05-04T21:53:19.312339,31.503,10031429337,2040,6251,35,100,0
1777924399.32477,2026-05-04T21:53:19.324770,31.503,10031429337,2040,6251,35,100,0
1777924399.3371923,2026-05-04T21:53:19.337192,31.503,10031429337,2040,6251,35,100,0
1777924399.3523602,2026-05-04T21:53:19.352360,31.503,10031429337,2040,6251,35,100,0
1777924399.3647256,2026-05-04T21:53:19.364726,31.503,10031429337,2040,6251,35,100,0
1777924399.3771698,2026-05-04T21:53:19.377170,31.503,10031432367,2040,6251,35,100,0
1777924399.3952146,2026-05-04T21:53:19.395215,31.503,10031432367,2040,6251,35,100,0
1777924399.4075756,2026-05-04T21:53:19.407576,31.406,10031432367,2040,6251,35,100,0
1777924399.4265866,2026-05-04T21:53:19.426587,31.406,10031432367,2040,6251,35,100,0
1777924399.4481807,2026-05-04T21:53:19.448181,31.406,10031432367,2040,6251,35,100,0
1777924399.4674015,2026-05-04T21:53:19.467402,31.406,10031432367,2040,6251,35,100,0
1777924399.4855647,2026-05-04T21:53:19.485565,31.406,10031435714,2040,6251,35,100,0
1777924399.5053291,2026-05-04T21:53:19.505329,31.406,10031435714,2040,6251,35,100,0
1777924399.5236182,2026-05-04T21:53:19.523618,31.732,10031435714,2040,6251,35,100,0
1777924399.541624,2026-05-04T21:53:19.541624,31.732,10031435714,2040,6251,35,100,0
1777924399.5597618,2026-05-04T21:53:19.559762,31.732,10031435714,2040,6251,35,100,0
1777924399.5760205,2026-05-04T21:53:19.576020,31.732,10031439230,2040,6251,35,100,0
1777924399.6016881,2026-05-04T21:53:19.601688,31.732,10031439230,2040,6251,35,100,0
1777924399.61846,2026-05-04T21:53:19.618460,32.075,10031439230,2040,6251,35,100,0
1777924399.634566,2026-05-04T21:53:19.634566,32.075,10031439230,2040,6251,35,100,0
1777924399.6545935,2026-05-04T21:53:19.654593,32.075,10031439230,2040,6251,35,100,0
1777924399.6753652,2026-05-04T21:53:19.675365,32.075,10031442754,2040,6251,35,100,0
1777924399.6963577,2026-05-04T21:53:19.696358,32.075,10031442754,2040,6251,35,100,0
1777924399.717594,2026-05-04T21:53:19.717594,32.409,10031442754,2040,6251,35,100,1
1777924399.7366662,2026-05-04T21:53:19.736666,32.409,10031442754,2040,6251,35,100,1
1777924399.7574897,2026-05-04T21:53:19.757490,32.409,10031442754,2040,6251,35,100,1
1777924399.7761254,2026-05-04T21:53:19.776125,32.409,10031446272,2040,6251,35,100,1
1777924399.8002625,2026-05-04T21:53:19.800262,32.409,10031446272,2040,6251,35,100,1
1777924399.8169742,2026-05-04T21:53:19.816974,32.736,10031446272,2040,6251,35,100,1
1777924399.8363976,2026-05-04T21:53:19.836398,32.736,10031446272,2040,6251,35,100,1
1777924399.8557508,2026-05-04T21:53:19.855751,32.736,10031446272,2040,6251,35,100,1
1777924399.8753333,2026-05-04T21:53:19.875333,32.736,10031449788,2040,6251,35,100,1
1777924399.8968022,2026-05-04T21:53:19.896802,32.736,10031449788,2040,6251,35,100,1
1777924399.915611,2026-05-04T21:53:19.915611,33.069,10031449788,2040,6251,35,100,1
1777924399.9353514,2026-05-04T21:53:19.935351,33.069,10031449788,2040,6251,35,100,1
1777924399.957719,2026-05-04T21:53:19.957719,33.069,10031449788,2040,6251,35,100,1
1777924399.9766698,2026-05-04T21:53:19.976670,33.069,10031453313,2040,6251,35,100,1
1777924399.9998715,2026-05-04T21:53:19.999871,33.069,10031453313,2040,6251,35,100,1
1777924400.0181422,2026-05-04T21:53:20.018142,33.423,10031453313,2040,6251,35,100,1
1777924400.0357952,2026-05-04T21:53:20.035795,33.423,10031453313,2040,6251,35,100,1
1777924400.0544477,2026-05-04T21:53:20.054448,33.423,10031453313,2040,6251,35,100,1
1777924400.0746574,2026-05-04T21:53:20.074657,33.423,10031456834,2040,6251,35,100,1
1777924400.0944169,2026-05-04T21:53:20.094417,33.423,10031456834,2040,6251,35,100,1
1777924400.1142287,2026-05-04T21:53:20.114229,33.773,10031456834,2040,6251,35,100,1
1777924400.1368852,2026-05-04T21:53:20.136885,33.773,10031456834,2040,6251,35,100,1
1777924400.154296,2026-05-04T21:53:20.154296,33.773,10031456834,2040,6251,35,100,1
1777924400.174731,2026-05-04T21:53:20.174731,33.773,10031460351,2040,6251,35,100,1
1777924400.199501,2026-05-04T21:53:20.199501,33.773,10031460351,2040,6251,35,100,1
1777924400.217319,2026-05-04T21:53:20.217319,34.11,10031460351,2040,6251,35,100,1
1777924400.2365348,2026-05-04T21:53:20.236535,34.11,10031460351,2040,6251,35,100,1
1777924400.2573297,2026-05-04T21:53:20.257330,34.11,10031460351,2040,6251,35,100,1
1777924400.2762966,2026-05-04T21:53:20.276297,34.11,10031463860,2040,6251,35,100,1
1777924400.2959423,2026-05-04T21:53:20.295942,34.11,10031463860,2040,6251,35,100,1
1777924400.316203,2026-05-04T21:53:20.316203,34.433,10031463860,2040,6251,35,100,1
1777924400.3357823,2026-05-04T21:53:20.335782,34.433,10031463860,2040,6251,35,100,1
1777924400.3541698,2026-05-04T21:53:20.354170,34.433,10031463860,2040,6251,35,100,1
1777924400.3763335,2026-05-04T21:53:20.376333,34.433,10031467374,2040,6251,35,100,1
1777924400.39484,2026-05-04T21:53:20.394840,34.433,10031467374,2040,6251,35,100,1
1777924400.4137218,2026-05-04T21:53:20.413722,34.841,10031467374,2040,6251,35,100,1
1777924400.4364257,2026-05-04T21:53:20.436426,34.841,10031467374,2040,6251,35,100,1
1777924400.4555326,2026-05-04T21:53:20.455533,34.841,10031467374,2040,6251,35,100,1
1777924400.4744418,2026-05-04T21:53:20.474442,34.841,10031470904,2040,6251,35,100,1
1777924400.4952552,2026-05-04T21:53:20.495255,34.841,10031470904,2040,6251,35,100,1
1777924400.5142264,2026-05-04T21:53:20.514226,35.243,10031470904,2040,6251,35,100,1
1777924400.5349908,2026-05-04T21:53:20.534991,35.243,10031470904,2040,6251,35,100,1
1777924400.5556507,2026-05-04T21:53:20.555651,35.243,10031470904,2040,6251,35,100,1
1777924400.5766623,2026-05-04T21:53:20.576662,35.243,10031474420,2040,6251,35,100,1
1777924400.5989017,2026-05-04T21:53:20.598902,35.243,10031474420,2040,6251,35,100,1
1777924400.6151454,2026-05-04T21:53:20.615145,35.252,10031474420,2040,6251,35,100,1
1777924400.6278005,2026-05-04T21:53:20.627800,35.252,10031474420,2040,6251,35,100,1
1777924400.640544,2026-05-04T21:53:20.640544,35.252,10031474420,2040,6251,35,100,1
1777924400.6532745,2026-05-04T21:53:20.653275,35.252,10031474420,2040,6251,35,100,1
1777924400.6658633,2026-05-04T21:53:20.665863,35.252,10031474420,2040,6251,35,100,1
1777924400.6787648,2026-05-04T21:53:20.678765,35.252,10031478329,2040,6251,35,100,1
1777924400.6957316,2026-05-04T21:53:20.695732,35.252,10031478329,2040,6251,35,100,1
1777924400.7083216,2026-05-04T21:53:20.708322,35.252,10031478329,2040,6251,35,100,1
1777924400.7211063,2026-05-04T21:53:20.721106,35.762,10031478329,2040,6251,36,100,2
1777924400.7383263,2026-05-04T21:53:20.738326,35.762,10031478329,2040,6251,36,100,2
1777924400.7545846,2026-05-04T21:53:20.754585,35.762,10031478329,2040,6251,36,100,2
1777924400.7758396,2026-05-04T21:53:20.775840,35.762,10031482004,2040,6251,36,100,2
1777924400.7996142,2026-05-04T21:53:20.799614,35.762,10031482004,2040,6251,36,100,2
1777924400.8186605,2026-05-04T21:53:20.818660,35.692,10031482004,2040,6251,36,100,2
1777924400.832463,2026-05-04T21:53:20.832463,35.692,10031482004,2040,6251,36,100,2
1777924400.850447,2026-05-04T21:53:20.850447,35.692,10031482004,2040,6251,36,100,2
1777924400.867102,2026-05-04T21:53:20.867102,35.692,10031482004,2040,6251,36,100,2
1777924400.886217,2026-05-04T21:53:20.886217,35.692,10031485561,2040,6251,36,100,2
1777924400.9072852,2026-05-04T21:53:20.907285,35.692,10031485561,2040,6251,36,100,2
1777924400.9251578,2026-05-04T21:53:20.925158,35.665,10031485561,2040,6251,35,100,1
1777924400.9434512,2026-05-04T21:53:20.943451,35.665,10031485561,2040,6251,35,100,1
1777924400.9631243,2026-05-04T21:53:20.963124,35.665,10031485561,2040,6251,35,100,1
1777924400.9820898,2026-05-04T21:53:20.982090,35.665,10031489048,2040,6251,35,100,1
1777924401.000778,2026-05-04T21:53:21.000778,35.665,10031489048,2040,6251,35,100,1
1777924401.02051,2026-05-04T21:53:21.020510,35.665,10031489048,2040,6251,35,100,1
1777924401.0398502,2026-05-04T21:53:21.039850,35.665,10031489048,2040,6251,35,100,1
1777924401.059044,2026-05-04T21:53:21.059044,35.665,10031489048,2040,6251,35,100,1
1777924401.077666,2026-05-04T21:53:21.077666,35.665,10031492604,2040,6251,35,100,1
1777924401.092254,2026-05-04T21:53:21.092254,35.665,10031492604,2040,6251,35,100,1
1777924401.1048696,2026-05-04T21:53:21.104870,35.665,10031492604,2040,6251,35,100,1
1777924401.1191368,2026-05-04T21:53:21.119137,35.858,10031492604,2040,6251,35,100,1
1777924401.1321335,2026-05-04T21:53:21.132133,35.858,10031492604,2040,6251,35,100,1
1777924401.144755,2026-05-04T21:53:21.144755,35.858,10031492604,2040,6251,35,100,1
1777924401.1575058,2026-05-04T21:53:21.157506,35.858,10031492604,2040,6251,35,100,1
1777924401.171919,2026-05-04T21:53:21.171919,35.858,10031496648,2040,6251,35,100,1
1777924401.1853786,2026-05-04T21:53:21.185379,35.858,10031496648,2040,6251,35,100,1
1777924401.1982212,2026-05-04T21:53:21.198221,35.858,10031496648,2040,6251,35,100,1
1777924401.2119403,2026-05-04T21:53:21.211940,35.858,10031496648,2040,6251,35,100,1
1777924401.2248263,2026-05-04T21:53:21.224826,36.608,10031496648,2040,6251,36,100,1
1777924401.2377465,2026-05-04T21:53:21.237746,36.608,10031496648,2040,6251,36,100,1
1777924401.2518837,2026-05-04T21:53:21.251884,36.608,10031496648,2040,6251,36,100,1
1777924401.2645056,2026-05-04T21:53:21.264506,36.608,10031496648,2040,6251,36,100,1
1777924401.27715,2026-05-04T21:53:21.277150,36.608,10031501125,2040,6251,36,100,1
1777924401.292323,2026-05-04T21:53:21.292323,36.608,10031501125,2040,6251,36,100,1
1777924401.3049371,2026-05-04T21:53:21.304937,36.608,10031501125,2040,6251,36,100,1
1777924401.3176098,2026-05-04T21:53:21.317610,37.156,10031501125,2040,6251,36,100,6
1777924401.3319612,2026-05-04T21:53:21.331961,37.156,10031501125,2040,6251,36,100,6
1777924401.3445177,2026-05-04T21:53:21.344518,37.156,10031501125,2040,6251,36,100,6
1777924401.3571079,2026-05-04T21:53:21.357108,37.156,10031501125,2040,6251,36,100,6
1777924401.3718817,2026-05-04T21:53:21.371882,37.156,10031504944,2040,6251,36,100,6
1777924401.3851972,2026-05-04T21:53:21.385197,37.156,10031504944,2040,6251,36,100,6
1777924401.3977764,2026-05-04T21:53:21.397776,37.156,10031504944,2040,6251,36,100,6
1777924401.4117968,2026-05-04T21:53:21.411797,37.156,10031504944,2040,6251,36,100,6
1777924401.4241972,2026-05-04T21:53:21.424197,37.032,10031504944,2040,6251,36,100,6
1777924401.4367363,2026-05-04T21:53:21.436736,37.032,10031504944,2040,6251,36,100,6
1777924401.4518197,2026-05-04T21:53:21.451820,37.032,10031504944,2040,6251,36,100,6
1777924401.4642441,2026-05-04T21:53:21.464244,37.032,10031504944,2040,6251,36,100,6
1777924401.4769423,2026-05-04T21:53:21.476942,37.032,10031508097,2040,6251,36,100,6
1777924401.4920704,2026-05-04T21:53:21.492070,37.032,10031508097,2040,6251,36,100,6
1777924401.5044878,2026-05-04T21:53:21.504488,37.032,10031508097,2040,6251,36,100,6
1777924401.5184276,2026-05-04T21:53:21.518428,36.55,10031508097,2040,6251,35,100,0
1777924401.5320997,2026-05-04T21:53:21.532100,36.55,10031508097,2040,6251,35,100,0
1777924401.5445356,2026-05-04T21:53:21.544536,36.55,10031508097,2040,6251,35,100,0
1777924401.5572429,2026-05-04T21:53:21.557243,36.55,10031508097,2040,6251,35,100,0
1777924401.5720387,2026-05-04T21:53:21.572039,36.55,10031511263,2040,6251,35,100,0
1777924401.5850747,2026-05-04T21:53:21.585075,36.55,10031511263,2040,6251,35,100,0
1777924401.597674,2026-05-04T21:53:21.597674,36.55,10031511263,2040,6251,35,100,0
1777924401.6117556,2026-05-04T21:53:21.611756,36.55,10031511263,2040,6251,35,100,0
1777924401.624224,2026-05-04T21:53:21.624224,36.385,10031511263,2040,6251,35,100,0
1777924401.636885,2026-05-04T21:53:21.636885,36.385,10031511263,2040,6251,35,100,0
1777924401.6518369,2026-05-04T21:53:21.651837,36.385,10031511263,2040,6251,35,100,0
1777924401.6641386,2026-05-04T21:53:21.664139,36.385,10031511263,2040,6251,35,100,0
1777924401.6768694,2026-05-04T21:53:21.676869,36.385,10031514439,2040,6251,35,100,0
1777924401.6919053,2026-05-04T21:53:21.691905,36.385,10031514439,2040,6251,35,100,0
1777924401.7042313,2026-05-04T21:53:21.704231,36.385,10031514439,2040,6251,35,100,0
1777924401.7170029,2026-05-04T21:53:21.717003,36.005,10031514439,2040,6251,35,100,0
1777924401.7317424,2026-05-04T21:53:21.731742,36.005,10031514439,2040,6251,35,100,0
1777924401.7441463,2026-05-04T21:53:21.744146,36.005,10031514439,2040,6251,35,100,0
1777924401.7568417,2026-05-04T21:53:21.756842,36.005,10031514439,2040,6251,35,100,0
1777924401.7717638,2026-05-04T21:53:21.771764,36.005,10031517613,2040,6251,35,100,0
1777924401.7850661,2026-05-04T21:53:21.785066,36.005,10031517613,2040,6251,35,100,0
1777924401.7976377,2026-05-04T21:53:21.797638,36.005,10031517613,2040,6251,35,100,0
1777924401.8117516,2026-05-04T21:53:21.811752,36.005,10031517613,2040,6251,35,100,0
1777924401.8242624,2026-05-04T21:53:21.824262,35.235,10031517613,2040,6251,35,100,0
1777924401.836858,2026-05-04T21:53:21.836858,35.235,10031517613,2040,6251,35,100,0
1777924401.852049,2026-05-04T21:53:21.852049,35.235,10031517613,2040,6251,35,100,0
1777924401.864598,2026-05-04T21:53:21.864598,35.235,10031517613,2040,6251,35,100,0
1777924401.8771343,2026-05-04T21:53:21.877134,35.235,10031520801,2040,6251,35,100,0
1777924401.8919284,2026-05-04T21:53:21.891928,35.235,10031520801,2040,6251,35,100,0
1777924401.9044518,2026-05-04T21:53:21.904452,35.235,10031520801,2040,6251,35,100,0
1777924401.9171753,2026-05-04T21:53:21.917175,34.923,10031520801,2040,6251,35,100,0
1777924401.9317346,2026-05-04T21:53:21.931735,34.923,10031520801,2040,6251,35,100,0
1777924401.9442213,2026-05-04T21:53:21.944221,34.923,10031520801,2040,6251,35,100,0
1777924401.9566839,2026-05-04T21:53:21.956684,34.923,10031520801,2040,6251,35,100,0
1777924401.9716501,2026-05-04T21:53:21.971650,34.923,10031523971,2040,6251,35,100,0
1777924401.9849467,2026-05-04T21:53:21.984947,34.923,10031523971,2040,6251,35,100,0
1777924401.997552,2026-05-04T21:53:21.997552,34.923,10031523971,2040,6251,35,100,0
1777924402.0116773,2026-05-04T21:53:22.011677,34.923,10031523971,2040,6251,35,100,0
1777924402.0241947,2026-05-04T21:53:22.024195,34.568,10031523971,2040,6251,35,100,0
1777924402.0368416,2026-05-04T21:53:22.036842,34.568,10031523971,2040,6251,35,100,0
1777924402.051672,2026-05-04T21:53:22.051672,34.568,10031523971,2040,6251,35,100,0
1777924402.0642138,2026-05-04T21:53:22.064214,34.568,10031523971,2040,6251,35,100,0
1777924402.076733,2026-05-04T21:53:22.076733,34.568,10031527145,2040,6251,35,100,0
1777924402.0917938,2026-05-04T21:53:22.091794,34.568,10031527145,2040,6251,35,100,0
1777924402.1042905,2026-05-04T21:53:22.104290,34.568,10031527145,2040,6251,35,100,0
1777924402.1169045,2026-05-04T21:53:22.116904,34.325,10031527145,2040,6251,35,100,0
1777924402.1319156,2026-05-04T21:53:22.131916,34.325,10031527145,2040,6251,35,100,0
1777924402.1444864,2026-05-04T21:53:22.144486,34.325,10031527145,2040,6251,35,100,0
1777924402.1570387,2026-05-04T21:53:22.157039,34.325,10031527145,2040,6251,35,100,0
1777924402.1716285,2026-05-04T21:53:22.171628,34.325,10031530320,2040,6251,35,100,0
1777924402.1849887,2026-05-04T21:53:22.184989,34.325,10031530320,2040,6251,35,100,0
1777924402.1977274,2026-05-04T21:53:22.197727,34.325,10031530320,2040,6251,35,100,0
1777924402.2116373,2026-05-04T21:53:22.211637,34.325,10031530320,2040,6251,35,100,0
1777924402.2241013,2026-05-04T21:53:22.224101,33.868,10031530320,2040,6251,35,100,0
1777924402.2367566,2026-05-04T21:53:22.236757,33.868,10031530320,2040,6251,35,100,0
1777924402.2516513,2026-05-04T21:53:22.251651,33.868,10031530320,2040,6251,35,100,0
1777924402.2640898,2026-05-04T21:53:22.264090,33.868,10031530320,2040,6251,35,100,0
1777924402.2766216,2026-05-04T21:53:22.276622,33.868,10031533485,2040,6251,35,100,0
1777924402.2916768,2026-05-04T21:53:22.291677,33.868,10031533485,2040,6251,35,100,0
1777924402.3041275,2026-05-04T21:53:22.304127,33.868,10031533485,2040,6251,35,100,0
1777924402.3169894,2026-05-04T21:53:22.316989,32.904,10031533485,2040,6251,35,100,0
1777924402.3316152,2026-05-04T21:53:22.331615,32.904,10031533485,2040,6251,35,100,0
1777924402.3441129,2026-05-04T21:53:22.344113,32.904,10031533485,2040,6251,35,100,0
1777924402.3567002,2026-05-04T21:53:22.356700,32.904,10031533485,2040,6251,35,100,0
1777924402.371554,2026-05-04T21:53:22.371554,32.904,10031536657,2040,6251,35,100,0
1777924402.3847857,2026-05-04T21:53:22.384786,32.904,10031536657,2040,6251,35,100,0
1777924402.3974726,2026-05-04T21:53:22.397473,32.904,10031536657,2040,6251,35,100,0
1777924402.4117043,2026-05-04T21:53:22.411704,32.904,10031536657,2040,6251,35,100,0
1777924402.4241037,2026-05-04T21:53:22.424104,31.92,10031536657,2040,6251,35,100,0
1777924402.4368587,2026-05-04T21:53:22.436859,31.92,10031536657,2040,6251,35,100,0
1777924402.4515347,2026-05-04T21:53:22.451535,31.92,10031536657,2040,6251,35,100,0
1777924402.4639056,2026-05-04T21:53:22.463906,31.92,10031536657,2040,6251,35,100,0
1777924402.476494,2026-05-04T21:53:22.476494,31.92,10031539826,2040,6251,35,100,0
1777924402.4915662,2026-05-04T21:53:22.491566,31.92,10031539826,2040,6251,35,100,0
1777924402.5038676,2026-05-04T21:53:22.503868,31.92,10031539826,2040,6251,35,100,0
1777924402.516722,2026-05-04T21:53:22.516722,31.885,10031539826,2040,6251,35,100,0
1777924402.531552,2026-05-04T21:53:22.531552,31.885,10031539826,2040,6251,35,100,0
1777924402.5439548,2026-05-04T21:53:22.543955,31.885,10031539826,2040,6251,35,100,0
1777924402.5565343,2026-05-04T21:53:22.556534,31.885,10031539826,2040,6251,35,100,0
1777924402.571465,2026-05-04T21:53:22.571465,31.885,10031542992,2040,6251,35,100,0
1777924402.5847187,2026-05-04T21:53:22.584719,31.885,10031542992,2040,6251,35,100,0
1777924402.597364,2026-05-04T21:53:22.597364,31.885,10031542992,2040,6251,35,100,0
1777924402.6113725,2026-05-04T21:53:22.611372,31.885,10031542992,2040,6251,35,100,0
1777924402.6237607,2026-05-04T21:53:22.623761,31.893,10031542992,2040,6251,35,100,0
1777924402.6364124,2026-05-04T21:53:22.636412,31.893,10031542992,2040,6251,35,100,0
1777924402.6513467,2026-05-04T21:53:22.651347,31.893,10031542992,2040,6251,35,100,0
1777924402.6637647,2026-05-04T21:53:22.663765,31.893,10031542992,2040,6251,35,100,0
1777924402.67644,2026-05-04T21:53:22.676440,31.893,10031546092,2040,6251,35,100,0
1777924402.691826,2026-05-04T21:53:22.691826,31.893,10031546092,2040,6251,35,100,0
1777924402.7042422,2026-05-04T21:53:22.704242,31.893,10031546092,2040,6251,35,100,0
1777924402.7169943,2026-05-04T21:53:22.716994,31.77,10031546092,2040,6251,35,100,0
1777924402.731406,2026-05-04T21:53:22.731406,31.77,10031546092,2040,6251,35,100,0
1777924402.7438192,2026-05-04T21:53:22.743819,31.77,10031546092,2040,6251,35,100,0
1777924402.756385,2026-05-04T21:53:22.756385,31.77,10031546092,2040,6251,35,100,0
1777924402.771361,2026-05-04T21:53:22.771361,31.77,10031549177,2040,6251,35,100,0
1777924402.7847025,2026-05-04T21:53:22.784703,31.77,10031549177,2040,6251,35,100,0
1777924402.7972565,2026-05-04T21:53:22.797256,31.77,10031549177,2040,6251,35,100,0
1777924402.8113174,2026-05-04T21:53:22.811317,31.77,10031549177,2040,6251,35,100,0
1777924402.8237739,2026-05-04T21:53:22.823774,31.673,10031549177,2040,6251,35,100,0
1777924402.8364,2026-05-04T21:53:22.836400,31.673,10031549177,2040,6251,35,100,0
1777924402.8513374,2026-05-04T21:53:22.851337,31.673,10031549177,2040,6251,35,100,0
1777924402.863737,2026-05-04T21:53:22.863737,31.673,10031549177,2040,6251,35,100,0
1777924402.8764217,2026-05-04T21:53:22.876422,31.673,10031552287,2040,6251,35,100,0
1777924402.8915002,2026-05-04T21:53:22.891500,31.673,10031552287,2040,6251,35,100,0
1777924402.9128087,2026-05-04T21:53:22.912809,31.673,10031552287,2040,6251,35,100,0
1777924402.938172,2026-05-04T21:53:22.938172,31.585,10031552287,2040,6251,35,100,0
1777924402.9586105,2026-05-04T21:53:22.958611,31.585,10031552287,2040,6251,35,100,0
1777924402.9764843,2026-05-04T21:53:22.976484,31.585,10031555695,2040,6251,35,100,0
1777924402.9978557,2026-05-04T21:53:22.997856,31.585,10031555695,2040,6251,35,100,0
1777924403.0158,2026-05-04T21:53:23.015800,31.585,10031555695,2040,6251,35,100,0
1777924403.0363445,2026-05-04T21:53:23.036345,31.893,10031555695,2040,6251,35,100,0
1777924403.0549,2026-05-04T21:53:23.054900,31.893,10031555695,2040,6251,35,100,0
1777924403.0748513,2026-05-04T21:53:23.074851,31.893,10031559211,2040,6251,35,100,0
1777924403.0969265,2026-05-04T21:53:23.096926,31.893,10031559211,2040,6251,35,100,0
1777924403.1188679,2026-05-04T21:53:23.118868,31.893,10031559211,2040,6251,35,100,0
1777924403.1382728,2026-05-04T21:53:23.138273,32.21,10031559211,2040,6251,35,100,0
1777924403.156062,2026-05-04T21:53:23.156062,32.21,10031559211,2040,6251,35,100,0
1777924403.1742346,2026-05-04T21:53:23.174235,32.21,10031562721,2040,6251,35,100,0
1777924403.19905,2026-05-04T21:53:23.199050,32.21,10031562721,2040,6251,35,100,0
1777924403.2172036,2026-05-04T21:53:23.217204,32.21,10031562721,2040,6251,35,100,0
1777924403.2378302,2026-05-04T21:53:23.237830,32.517,10031562721,2040,6251,35,100,0
1777924403.2578294,2026-05-04T21:53:23.257829,32.517,10031562721,2040,6251,35,100,0
1777924403.2769475,2026-05-04T21:53:23.276947,32.517,10031566241,2040,6251,35,100,0
1777924403.295084,2026-05-04T21:53:23.295084,32.517,10031566241,2040,6251,35,100,0
1777924403.3143904,2026-05-04T21:53:23.314390,32.517,10031566241,2040,6251,35,100,0
1777924403.3358314,2026-05-04T21:53:23.335831,32.781,10031566241,2040,6251,35,100,1
1777924403.3594327,2026-05-04T21:53:23.359433,32.781,10031566241,2040,6251,35,100,1
1777924403.378735,2026-05-04T21:53:23.378735,32.781,10031569759,2040,6251,35,100,1
1777924403.39756,2026-05-04T21:53:23.397560,32.781,10031569759,2040,6251,35,100,1
1777924403.414584,2026-05-04T21:53:23.414584,32.781,10031569759,2040,6251,35,100,1
1777924403.43511,2026-05-04T21:53:23.435110,33.105,10031569759,2040,6251,35,100,1
1777924403.4595065,2026-05-04T21:53:23.459507,33.105,10031569759,2040,6251,35,100,1
1777924403.4785383,2026-05-04T21:53:23.478538,33.105,10031573272,2040,6251,35,100,1
1777924403.4981716,2026-05-04T21:53:23.498172,33.105,10031573272,2040,6251,35,100,1
1777924403.518431,2026-05-04T21:53:23.518431,33.105,10031573272,2040,6251,35,100,1
1777924403.538599,2026-05-04T21:53:23.538599,33.415,10031573272,2040,6251,35,100,0
1777924403.5563438,2026-05-04T21:53:23.556344,33.415,10031573272,2040,6251,35,100,0
1777924403.5756114,2026-05-04T21:53:23.575611,33.415,10031576783,2040,6251,35,100,0
1777924403.5959103,2026-05-04T21:53:23.595910,33.415,10031576783,2040,6251,35,100,0
1777924403.6156123,2026-05-04T21:53:23.615612,33.415,10031576783,2040,6251,35,100,0
1777924403.6355996,2026-05-04T21:53:23.635600,33.747,10031576783,2040,6251,35,100,0
1777924403.658101,2026-05-04T21:53:23.658101,33.747,10031576783,2040,6251,35,100,0
1777924403.677784,2026-05-04T21:53:23.677784,33.747,10031580292,2040,6251,35,100,0
1777924403.6967554,2026-05-04T21:53:23.696755,33.747,10031580292,2040,6251,35,100,0
1777924403.7159927,2026-05-04T21:53:23.715993,33.747,10031580292,2040,6251,35,100,0
1777924403.7363174,2026-05-04T21:53:23.736317,34.057,10031580292,2040,6251,35,100,1
1777924403.7607818,2026-05-04T21:53:23.760782,34.057,10031580292,2040,6251,35,100,1
1777924403.7812383,2026-05-04T21:53:23.781238,34.057,10031583812,2040,6251,35,100,1
1777924403.8025181,2026-05-04T21:53:23.802518,34.057,10031583812,2040,6251,35,100,1
1777924403.8210976,2026-05-04T21:53:23.821098,34.057,10031583812,2040,6251,35,100,1
1777924403.8376644,2026-05-04T21:53:23.837664,34.451,10031583812,2040,6251,35,100,1
1777924403.8595223,2026-05-04T21:53:23.859522,34.451,10031583812,2040,6251,35,100,1
1777924403.8794951,2026-05-04T21:53:23.879495,34.451,10031587329,2040,6251,35,100,1
1777924403.8990574,2026-05-04T21:53:23.899057,34.451,10031587329,2040,6251,35,100,1
1777924403.9182734,2026-05-04T21:53:23.918273,34.451,10031587329,2040,6251,35,100,1
1777924403.9373684,2026-05-04T21:53:23.937368,34.832,10031587329,2040,6251,35,100,0
1777924403.9614735,2026-05-04T21:53:23.961473,34.832,10031587329,2040,6251,35,100,0
1777924403.9815483,2026-05-04T21:53:23.981548,34.832,10031590844,2040,6251,35,100,0
1777924404.0007262,2026-05-04T21:53:24.000726,34.832,10031590844,2040,6251,35,100,0
1777924404.017103,2026-05-04T21:53:24.017103,34.832,10031590844,2040,6251,35,100,0
1777924404.031095,2026-05-04T21:53:24.031095,35.234,10031590844,2040,6251,36,100,0
1777924404.0438597,2026-05-04T21:53:24.043860,35.234,10031590844,2040,6251,36,100,0
1777924404.056677,2026-05-04T21:53:24.056677,35.234,10031590844,2040,6251,36,100,0
1777924404.0711122,2026-05-04T21:53:24.071112,35.234,10031594738,2040,6251,36,100,0
1777924404.0843978,2026-05-04T21:53:24.084398,35.234,10031594738,2040,6251,36,100,0
1777924404.0971732,2026-05-04T21:53:24.097173,35.234,10031594738,2040,6251,36,100,0
1777924404.1111264,2026-05-04T21:53:24.111126,35.234,10031594738,2040,6251,36,100,0
1777924404.123989,2026-05-04T21:53:24.123989,35.234,10031594738,2040,6251,36,100,0
1777924404.136805,2026-05-04T21:53:24.136805,35.854,10031594738,2040,6251,36,100,3
1777924404.1510086,2026-05-04T21:53:24.151009,35.854,10031594738,2040,6251,36,100,3
1777924404.1636162,2026-05-04T21:53:24.163616,35.854,10031594738,2040,6251,36,100,3
1777924404.176399,2026-05-04T21:53:24.176399,35.854,10031598829,2040,6251,36,100,3
1777924404.1917005,2026-05-04T21:53:24.191700,35.854,10031598829,2040,6251,36,100,3
1777924404.2146397,2026-05-04T21:53:24.214640,35.854,10031598829,2040,6251,36,100,3
1777924404.2355897,2026-05-04T21:53:24.235590,36.306,10031598829,2040,6251,36,100,3
1777924404.2582889,2026-05-04T21:53:24.258289,36.306,10031598829,2040,6251,36,100,3
1777924404.2774303,2026-05-04T21:53:24.277430,36.306,10031602442,2040,6251,36,100,3
1777924404.2959068,2026-05-04T21:53:24.295907,36.306,10031602442,2040,6251,36,100,3
1777924404.3149903,2026-05-04T21:53:24.314990,36.306,10031602442,2040,6251,36,100,3
1777924404.332333,2026-05-04T21:53:24.332333,36.289,10031602442,2040,6251,36,100,1
1777924404.345039,2026-05-04T21:53:24.345039,36.289,10031602442,2040,6251,36,100,1
1777924404.3576772,2026-05-04T21:53:24.357677,36.289,10031602442,2040,6251,36,100,1
1777924404.3713827,2026-05-04T21:53:24.371383,36.289,10031606446,2040,6251,36,100,1
1777924404.388438,2026-05-04T21:53:24.388438,36.289,10031606446,2040,6251,36,100,1
1777924404.4131823,2026-05-04T21:53:24.413182,36.289,10031606446,2040,6251,36,100,1
1777924404.4345717,2026-05-04T21:53:24.434572,37.471,10031606446,2040,6251,36,100,1
1777924404.4558544,2026-05-04T21:53:24.455854,37.471,10031606446,2040,6251,36,100,1
1777924404.4709673,2026-05-04T21:53:24.470967,37.471,10031610164,2040,6251,36,100,1
1777924404.484247,2026-05-04T21:53:24.484247,37.471,10031610164,2040,6251,36,100,1
1777924404.505985,2026-05-04T21:53:24.505985,37.471,10031610164,2040,6251,36,100,1
1777924404.5240173,2026-05-04T21:53:24.524017,37.471,10031610164,2040,6251,36,100,1
1777924404.5426552,2026-05-04T21:53:24.542655,38.126,10031610164,2040,6251,36,100,1
1777924404.5554802,2026-05-04T21:53:24.555480,38.126,10031610164,2040,6251,36,100,1
1777924404.5752923,2026-05-04T21:53:24.575292,38.126,10031613916,2040,6251,36,100,1
1777924404.5989897,2026-05-04T21:53:24.598990,38.126,10031613916,2040,6251,36,100,1
1777924404.6221213,2026-05-04T21:53:24.622121,38.126,10031613916,2040,6251,36,100,1
1777924404.6440415,2026-05-04T21:53:24.644042,37.963,10031613916,2040,6251,36,100,1
1777924404.6671567,2026-05-04T21:53:24.667157,37.963,10031617453,2040,6251,36,100,1
1777924404.69052,2026-05-04T21:53:24.690520,37.963,10031617453,2040,6251,36,100,1
1777924404.7152061,2026-05-04T21:53:24.715206,37.963,10031617453,2040,6251,36,100,1
1777924404.7369533,2026-05-04T21:53:24.736953,37.963,10031617453,2040,6251,36,100,1
1777924404.7600672,2026-05-04T21:53:24.760067,38.258,10031617453,2040,6251,35,100,1
1777924404.7807348,2026-05-04T21:53:24.780735,38.258,10031620957,2040,6251,35,100,1
1777924404.793528,2026-05-04T21:53:24.793528,38.258,10031620957,2040,6251,35,100,1
1777924404.8060215,2026-05-04T21:53:24.806021,38.258,10031620957,2040,6251,35,100,1
1777924404.829903,2026-05-04T21:53:24.829903,38.258,10031620957,2040,6251,35,100,1
1777924404.8483303,2026-05-04T21:53:24.848330,37.946,10031620957,2040,6251,36,100,1
1777924404.8758054,2026-05-04T21:53:24.875805,37.946,10031624605,2040,6251,36,100,1
1777924404.896937,2026-05-04T21:53:24.896937,37.946,10031624605,2040,6251,36,100,1
1777924404.9107585,2026-05-04T21:53:24.910758,37.946,10031624605,2040,6251,36,100,1
1777924404.929104,2026-05-04T21:53:24.929104,37.946,10031624605,2040,6251,36,100,1
1777924404.9504213,2026-05-04T21:53:24.950421,37.919,10031624605,2040,6251,36,100,1
1777924404.9768643,2026-05-04T21:53:24.976864,37.919,10031628283,2040,6251,36,100,1
1777924404.9939709,2026-05-04T21:53:24.993971,37.919,10031628283,2040,6251,36,100,1
1777924405.0162327,2026-05-04T21:53:25.016233,37.919,10031628283,2040,6251,36,100,1
1777924405.0373857,2026-05-04T21:53:25.037386,37.919,10031628283,2040,6251,36,100,1
1777924405.058496,2026-05-04T21:53:25.058496,37.91,10031628283,2040,6251,35,100,1
1777924405.0712483,2026-05-04T21:53:25.071248,37.91,10031631936,2040,6251,35,100,1
1777924405.084217,2026-05-04T21:53:25.084217,37.91,10031631936,2040,6251,35,100,1
1777924405.0969934,2026-05-04T21:53:25.096993,37.91,10031631936,2040,6251,35,100,1
1777924405.1107242,2026-05-04T21:53:25.110724,37.91,10031631936,2040,6251,35,100,1
1777924405.1233618,2026-05-04T21:53:25.123362,37.91,10031631936,2040,6251,35,100,1
1777924405.1360886,2026-05-04T21:53:25.136089,37.91,10031631936,2040,6251,35,100,1
1777924405.1505935,2026-05-04T21:53:25.150594,38.668,10031631936,2040,6251,36,100,2
1777924405.1632395,2026-05-04T21:53:25.163239,38.668,10031631936,2040,6251,36,100,2
1777924405.1758728,2026-05-04T21:53:25.175873,38.668,10031636097,2040,6251,36,100,2
1777924405.191274,2026-05-04T21:53:25.191274,38.668,10031636097,2040,6251,36,100,2
1777924405.203747,2026-05-04T21:53:25.203747,38.668,10031636097,2040,6251,36,100,2
1777924405.2179005,2026-05-04T21:53:25.217901,38.668,10031636097,2040,6251,36,100,2
1777924405.2307663,2026-05-04T21:53:25.230766,38.668,10031636097,2040,6251,36,100,2
1777924405.24331,2026-05-04T21:53:25.243310,38.668,10031636097,2040,6251,36,100,2
1777924405.2559993,2026-05-04T21:53:25.255999,37.844,10031636097,2040,6251,35,100,2
1777924405.2706017,2026-05-04T21:53:25.270602,37.844,10031639229,2040,6251,35,100,2
1777924405.2839592,2026-05-04T21:53:25.283959,37.844,10031639229,2040,6251,35,100,2
1777924405.2965634,2026-05-04T21:53:25.296563,37.844,10031639229,2040,6251,35,100,2
1777924405.3105454,2026-05-04T21:53:25.310545,37.844,10031639229,2040,6251,35,100,2
1777924405.3232303,2026-05-04T21:53:25.323230,37.844,10031639229,2040,6251,35,100,2
1777924405.33583,2026-05-04T21:53:25.335830,37.844,10031639229,2040,6251,35,100,2
1777924405.3507872,2026-05-04T21:53:25.350787,37.132,10031639229,2040,6251,35,100,0
1777924405.3633776,2026-05-04T21:53:25.363378,37.132,10031639229,2040,6251,35,100,0
1777924405.375878,2026-05-04T21:53:25.375878,37.132,10031642325,2040,6251,35,100,0
1777924405.3912034,2026-05-04T21:53:25.391203,37.132,10031642325,2040,6251,35,100,0
1777924405.4037895,2026-05-04T21:53:25.403790,37.132,10031642325,2040,6251,35,100,0
1777924405.4178889,2026-05-04T21:53:25.417889,37.132,10031642325,2040,6251,35,100,0
1777924405.4307513,2026-05-04T21:53:25.430751,37.132,10031642325,2040,6251,35,100,0
1777924405.443292,2026-05-04T21:53:25.443292,37.132,10031642325,2040,6251,35,100,0
1777924405.4557805,2026-05-04T21:53:25.455781,36.588,10031642325,2040,6251,35,100,0
1777924405.4705515,2026-05-04T21:53:25.470551,36.588,10031645446,2040,6251,35,100,0
1777924405.4838297,2026-05-04T21:53:25.483830,36.588,10031645446,2040,6251,35,100,0
1777924405.4964266,2026-05-04T21:53:25.496427,36.588,10031645446,2040,6251,35,100,0
1777924405.510575,2026-05-04T21:53:25.510575,36.588,10031645446,2040,6251,35,100,0
1777924405.5229812,2026-05-04T21:53:25.522981,36.588,10031645446,2040,6251,35,100,0
1777924405.5354276,2026-05-04T21:53:25.535428,36.588,10031645446,2040,6251,35,100,0
1777924405.5503483,2026-05-04T21:53:25.550348,35.214,10031645446,2040,6251,35,100,0
1777924405.562838,2026-05-04T21:53:25.562838,35.214,10031645446,2040,6251,35,100,0
1777924405.575409,2026-05-04T21:53:25.575409,35.214,10031648508,2040,6251,35,100,0
1777924405.5911188,2026-05-04T21:53:25.591119,35.214,10031648508,2040,6251,35,100,0
1777924405.603704,2026-05-04T21:53:25.603704,35.214,10031648508,2040,6251,35,100,0
1777924405.6164162,2026-05-04T21:53:25.616416,35.214,10031648508,2040,6251,35,100,0
1777924405.6308448,2026-05-04T21:53:25.630845,35.214,10031648508,2040,6251,35,100,0
1777924405.6433313,2026-05-04T21:53:25.643331,35.214,10031648508,2040,6251,35,100,0
1777924405.6558826,2026-05-04T21:53:25.655883,34.207,10031648508,2040,6251,35,100,0
1777924405.670388,2026-05-04T21:53:25.670388,34.207,10031651628,2040,6251,35,100,0
1777924405.6838143,2026-05-04T21:53:25.683814,34.207,10031651628,2040,6251,35,100,0
1777924405.6966562,2026-05-04T21:53:25.696656,34.207,10031651628,2040,6251,35,100,0
1777924405.710402,2026-05-04T21:53:25.710402,34.207,10031651628,2040,6251,35,100,0
1777924405.722942,2026-05-04T21:53:25.722942,34.207,10031651628,2040,6251,35,100,0
1777924405.7355227,2026-05-04T21:53:25.735523,34.207,10031651628,2040,6251,35,100,0
1777924405.7504566,2026-05-04T21:53:25.750457,33.741,10031651628,2040,6251,35,100,0
1777924405.7630446,2026-05-04T21:53:25.763045,33.741,10031651628,2040,6251,35,100,0
1777924405.775716,2026-05-04T21:53:25.775716,33.741,10031654750,2040,6251,35,100,0
1777924405.7910497,2026-05-04T21:53:25.791050,33.741,10031654750,2040,6251,35,100,0
1777924405.8035924,2026-05-04T21:53:25.803592,33.741,10031654750,2040,6251,35,100,0
1777924405.8161204,2026-05-04T21:53:25.816120,33.741,10031654750,2040,6251,35,100,0
1777924405.8304272,2026-05-04T21:53:25.830427,33.741,10031654750,2040,6251,35,100,0
1777924405.8428838,2026-05-04T21:53:25.842884,33.741,10031654750,2040,6251,35,100,0
1777924405.8555615,2026-05-04T21:53:25.855561,33.38,10031654750,2040,6251,35,100,0
1777924405.8704119,2026-05-04T21:53:25.870412,33.38,10031657889,2040,6251,35,100,0
1777924405.8837314,2026-05-04T21:53:25.883731,33.38,10031657889,2040,6251,35,100,0
1777924405.896283,2026-05-04T21:53:25.896283,33.38,10031657889,2040,6251,35,100,0
1777924405.9107492,2026-05-04T21:53:25.910749,33.38,10031657889,2040,6251,35,100,0
1777924405.9232616,2026-05-04T21:53:25.923262,33.38,10031657889,2040,6251,35,100,0
1777924405.9358156,2026-05-04T21:53:25.935816,33.38,10031657889,2040,6251,35,100,0
1777924405.950489,2026-05-04T21:53:25.950489,32.883,10031657889,2040,6251,35,100,0
1777924405.96295,2026-05-04T21:53:25.962950,32.883,10031657889,2040,6251,35,100,0
1777924405.9755578,2026-05-04T21:53:25.975558,32.883,10031661001,2040,6251,35,100,0
1777924405.9910264,2026-05-04T21:53:25.991026,32.883,10031661001,2040,6251,35,100,0
1777924406.0033734,2026-05-04T21:53:26.003373,32.883,10031661001,2040,6251,35,100,0
1777924406.0161662,2026-05-04T21:53:26.016166,32.883,10031661001,2040,6251,35,100,0
1777924406.0305004,2026-05-04T21:53:26.030500,32.883,10031661001,2040,6251,35,100,0
1777924406.043043,2026-05-04T21:53:26.043043,32.883,10031661001,2040,6251,35,100,0
1777924406.0556002,2026-05-04T21:53:26.055600,32.739,10031661001,2040,6251,35,100,0
1777924406.070409,2026-05-04T21:53:26.070409,32.739,10031664135,2040,6251,35,100,0
1777924406.0836847,2026-05-04T21:53:26.083685,32.739,10031664135,2040,6251,35,100,0
1777924406.0962536,2026-05-04T21:53:26.096254,32.739,10031664135,2040,6251,35,100,0
1777924406.1103542,2026-05-04T21:53:26.110354,32.739,10031664135,2040,6251,35,100,0
1777924406.122766,2026-05-04T21:53:26.122766,32.739,10031664135,2040,6251,35,100,0
1777924406.1353195,2026-05-04T21:53:26.135319,32.739,10031664135,2040,6251,35,100,0
1777924406.1503677,2026-05-04T21:53:26.150368,32.395,10031664135,2040,6251,35,100,0
1777924406.162929,2026-05-04T21:53:26.162929,32.395,10031664135,2040,6251,35,100,0
1777924406.175543,2026-05-04T21:53:26.175543,32.395,10031667284,2040,6251,35,100,0
1777924406.1912813,2026-05-04T21:53:26.191281,32.395,10031667284,2040,6251,35,100,0
1777924406.203766,2026-05-04T21:53:26.203766,32.395,10031667284,2040,6251,35,100,0
1777924406.2162993,2026-05-04T21:53:26.216299,32.395,10031667284,2040,6251,35,100,0
1777924406.2303333,2026-05-04T21:53:26.230333,32.395,10031667284,2040,6251,35,100,0
1777924406.242664,2026-05-04T21:53:26.242664,32.395,10031667284,2040,6251,35,100,0
1777924406.255111,2026-05-04T21:53:26.255111,31.297,10031667284,2040,6251,35,100,0
1777924406.2702546,2026-05-04T21:53:26.270255,31.297,10031670367,2040,6251,35,100,0
1777924406.283685,2026-05-04T21:53:26.283685,31.297,10031670367,2040,6251,35,100,0
1777924406.2962606,2026-05-04T21:53:26.296261,31.297,10031670367,2040,6251,35,100,0
1777924406.310276,2026-05-04T21:53:26.310276,31.297,10031670367,2040,6251,35,100,0
1777924406.3314745,2026-05-04T21:53:26.331475,31.297,10031670367,2040,6251,35,100,0
1777924406.3574455,2026-05-04T21:53:26.357445,31.158,10031670367,2040,6251,35,100,0
1777924406.378945,2026-05-04T21:53:26.378945,31.158,10031673684,2040,6251,35,100,0
1777924406.3977823,2026-05-04T21:53:26.397782,31.158,10031673684,2040,6251,35,100,0
1777924406.4181564,2026-05-04T21:53:26.418156,31.158,10031673684,2040,6251,35,100,0
1777924406.4379137,2026-05-04T21:53:26.437914,31.158,10031673684,2040,6251,35,100,0
1777924406.4588976,2026-05-04T21:53:26.458898,31.516,10031673684,2040,6251,35,100,0
1777924406.4775946,2026-05-04T21:53:26.477595,31.516,10031677190,2040,6251,35,100,0
1777924406.4957535,2026-05-04T21:53:26.495754,31.516,10031677190,2040,6251,35,100,0
1777924406.5142558,2026-05-04T21:53:26.514256,31.516,10031677190,2040,6251,35,100,0
1777924406.533709,2026-05-04T21:53:26.533709,31.516,10031677190,2040,6251,35,100,0
1777924406.5542097,2026-05-04T21:53:26.554210,31.903,10031677190,2040,6251,35,100,0
1777924406.5734327,2026-05-04T21:53:26.573433,31.903,10031680709,2040,6251,35,100,0
1777924406.5976658,2026-05-04T21:53:26.597666,31.903,10031680709,2040,6251,35,100,0
1777924406.6152651,2026-05-04T21:53:26.615265,31.903,10031680709,2040,6251,35,100,0
1777924406.635462,2026-05-04T21:53:26.635462,31.903,10031680709,2040,6251,35,100,0
1777924406.6534028,2026-05-04T21:53:26.653403,32.291,10031680709,2040,6251,35,100,0
1777924406.675097,2026-05-04T21:53:26.675097,32.291,10031684224,2040,6251,35,100,0
1777924406.6922073,2026-05-04T21:53:26.692207,32.291,10031684224,2040,6251,35,100,0
1777924406.7120962,2026-05-04T21:53:26.712096,32.291,10031684224,2040,6251,35,100,0
1777924406.7331793,2026-05-04T21:53:26.733179,32.291,10031684224,2040,6251,35,100,0
1777924406.7507827,2026-05-04T21:53:26.750783,32.291,10031684224,2040,6251,35,100,0
1777924406.7719269,2026-05-04T21:53:26.771927,32.713,10031687790,2040,6251,35,100,0
1777924406.7906885,2026-05-04T21:53:26.790689,32.713,10031687790,2040,6251,35,100,0
1777924406.8124423,2026-05-04T21:53:26.812442,32.713,10031687790,2040,6251,35,100,0
1777924406.8321593,2026-05-04T21:53:26.832159,32.713,10031687790,2040,6251,35,100,0
1777924406.8447807,2026-05-04T21:53:26.844781,32.713,10031687790,2040,6251,35,100,0
1777924406.8575468,2026-05-04T21:53:26.857547,33.135,10031687790,2040,6251,35,100,0
1777924406.873905,2026-05-04T21:53:26.873905,33.135,10031691537,2040,6251,35,100,0
1777924406.8941898,2026-05-04T21:53:26.894190,33.135,10031691537,2040,6251,35,100,0
1777924406.9136753,2026-05-04T21:53:26.913675,33.135,10031691537,2040,6251,35,100,0
1777924406.9333498,2026-05-04T21:53:26.933350,33.135,10031691537,2040,6251,35,100,0
1777924406.9506555,2026-05-04T21:53:26.950655,33.135,10031691537,2040,6251,35,100,0
1777924406.9742188,2026-05-04T21:53:26.974219,33.652,10031695123,2040,6251,35,100,2
1777924406.9981434,2026-05-04T21:53:26.998143,33.652,10031695123,2040,6251,35,100,2
1777924407.0168366,2026-05-04T21:53:27.016837,33.652,10031695123,2040,6251,35,100,2
1777924407.0338612,2026-05-04T21:53:27.033861,33.652,10031695123,2040,6251,35,100,2
1777924407.0532396,2026-05-04T21:53:27.053240,34.051,10031695123,2040,6251,35,100,2
1777924407.0760145,2026-05-04T21:53:27.076015,34.051,10031698642,2040,6251,35,100,2
1777924407.0944626,2026-05-04T21:53:27.094463,34.051,10031698642,2040,6251,35,100,2
1777924407.1139152,2026-05-04T21:53:27.113915,34.051,10031698642,2040,6251,35,100,2
1777924407.1325564,2026-05-04T21:53:27.132556,34.051,10031698642,2040,6251,35,100,2
1777924407.1535616,2026-05-04T21:53:27.153562,34.478,10031698642,2040,6251,35,100,1
1777924407.1750498,2026-05-04T21:53:27.175050,34.478,10031702177,2040,6251,35,100,1
1777924407.1962054,2026-05-04T21:53:27.196205,34.478,10031702177,2040,6251,35,100,1
1777924407.2149725,2026-05-04T21:53:27.214972,34.478,10031702177,2040,6251,35,100,1
1777924407.2301934,2026-05-04T21:53:27.230193,34.478,10031702177,2040,6251,35,100,1
1777924407.242856,2026-05-04T21:53:27.242856,34.478,10031702177,2040,6251,35,100,1
1777924407.2556329,2026-05-04T21:53:27.255633,34.902,10031702177,2040,6251,35,100,1
1777924407.2700114,2026-05-04T21:53:27.270011,34.902,10031706114,2040,6251,35,100,1
1777924407.2833035,2026-05-04T21:53:27.283303,34.902,10031706114,2040,6251,35,100,1
1777924407.295959,2026-05-04T21:53:27.295959,34.902,10031706114,2040,6251,35,100,1
1777924407.3101776,2026-05-04T21:53:27.310178,34.902,10031706114,2040,6251,35,100,1
1777924407.3227043,2026-05-04T21:53:27.322704,34.902,10031706114,2040,6251,35,100,1
1777924407.3353488,2026-05-04T21:53:27.335349,34.902,10031706114,2040,6251,35,100,1
1777924407.34991,2026-05-04T21:53:27.349910,35.171,10031706114,2040,6251,35,100,3
1777924407.3623788,2026-05-04T21:53:27.362379,35.171,10031706114,2040,6251,35,100,3
1777924407.3750713,2026-05-04T21:53:27.375071,35.171,10031709269,2040,6251,35,100,3
1777924407.3930905,2026-05-04T21:53:27.393090,35.171,10031709269,2040,6251,35,100,3
1777924407.4056218,2026-05-04T21:53:27.405622,35.171,10031709269,2040,6251,35,100,3
1777924407.418313,2026-05-04T21:53:27.418313,35.171,10031709269,2040,6251,35,100,3
1777924407.4309425,2026-05-04T21:53:27.430943,35.171,10031709269,2040,6251,35,100,3
1777924407.4432771,2026-05-04T21:53:27.443277,35.171,10031709269,2040,6251,35,100,3
1777924407.4559007,2026-05-04T21:53:27.455901,35.214,10031709269,2040,6251,35,100,3
1777924407.4698317,2026-05-04T21:53:27.469832,35.214,10031712363,2040,6251,35,100,3
1777924407.4833148,2026-05-04T21:53:27.483315,35.214,10031712363,2040,6251,35,100,3
1777924407.4959562,2026-05-04T21:53:27.495956,35.214,10031712363,2040,6251,35,100,3
1777924407.5099237,2026-05-04T21:53:27.509924,35.214,10031712363,2040,6251,35,100,3
1777924407.5223439,2026-05-04T21:53:27.522344,35.214,10031712363,2040,6251,35,100,3
1777924407.5349045,2026-05-04T21:53:27.534904,35.214,10031712363,2040,6251,35,100,3
1777924407.549746,2026-05-04T21:53:27.549746,35.214,10031712363,2040,6251,34,100,0
1777924407.5682864,2026-05-04T21:53:27.568286,34.789,10031712363,2040,6251,35,100,0
1777924407.5810926,2026-05-04T21:53:27.581093,34.789,10031715461,2040,6251,35,100,0
1777924407.5937014,2026-05-04T21:53:27.593701,34.789,10031715461,2040,6251,35,100,0
1777924407.6098204,2026-05-04T21:53:27.609820,34.789,10031715461,2040,6251,35,100,0
1777924407.6223497,2026-05-04T21:53:27.622350,34.789,10031715461,2040,6251,35,100,0
1777924407.634963,2026-05-04T21:53:27.634963,34.789,10031715461,2040,6251,35,100,0
1777924407.649847,2026-05-04T21:53:27.649847,34.789,10031715461,2040,6251,35,100,0
1777924407.6623456,2026-05-04T21:53:27.662346,34.491,10031715461,2040,6251,35,100,0
1777924407.6749067,2026-05-04T21:53:27.674907,34.491,10031718542,2040,6251,35,100,0
1777924407.689911,2026-05-04T21:53:27.689911,34.491,10031718542,2040,6251,35,100,0
1777924407.7024965,2026-05-04T21:53:27.702497,34.491,10031718542,2040,6251,35,100,0
1777924407.7152612,2026-05-04T21:53:27.715261,34.491,10031718542,2040,6251,35,100,0
1777924407.7302566,2026-05-04T21:53:27.730257,34.491,10031718542,2040,6251,35,100,0
1777924407.7428958,2026-05-04T21:53:27.742896,34.491,10031718542,2040,6251,35,100,0
1777924407.755702,2026-05-04T21:53:27.755702,34.095,10031718542,2040,6251,35,100,0
1777924407.7699242,2026-05-04T21:53:27.769924,34.095,10031721598,2040,6251,35,100,0
1777924407.7832787,2026-05-04T21:53:27.783279,34.095,10031721598,2040,6251,35,100,0
1777924407.7963512,2026-05-04T21:53:27.796351,34.095,10031721598,2040,6251,35,100,0
1777924407.8099248,2026-05-04T21:53:27.809925,34.095,10031721598,2040,6251,35,100,0
1777924407.822758,2026-05-04T21:53:27.822758,34.095,10031721598,2040,6251,35,100,0
1777924407.8355508,2026-05-04T21:53:27.835551,34.095,10031721598,2040,6251,35,100,0
1777924407.8498847,2026-05-04T21:53:27.849885,34.095,10031721598,2040,6251,34,100,0
1777924407.8668373,2026-05-04T21:53:27.866837,33.484,10031721598,2040,6251,35,100,0
1777924407.8795252,2026-05-04T21:53:27.879525,33.484,10031724617,2040,6251,35,100,0
1777924407.892191,2026-05-04T21:53:27.892191,33.484,10031724617,2040,6251,35,100,0
1777924407.9045005,2026-05-04T21:53:27.904500,33.484,10031724617,2040,6251,35,100,0
1777924407.9172244,2026-05-04T21:53:27.917224,33.484,10031724617,2040,6251,35,100,0
1777924407.9299645,2026-05-04T21:53:27.929965,33.484,10031724617,2040,6251,35,100,0
1777924407.9425428,2026-05-04T21:53:27.942543,33.484,10031724617,2040,6251,35,100,0
1777924407.9553404,2026-05-04T21:53:27.955340,33.19,10031724617,2040,6251,35,38,5
1777924407.9698677,2026-05-04T21:53:27.969868,33.19,10031728505,2040,6251,35,38,5
1777924407.9832423,2026-05-04T21:53:27.983242,33.19,10031728505,2040,6251,35,38,5
1777924407.9959996,2026-05-04T21:53:27.996000,33.19,10031728505,2040,6251,35,38,5
1777924408.0101063,2026-05-04T21:53:28.010106,33.19,10031728505,2040,6251,35,38,5
1777924408.0227375,2026-05-04T21:53:28.022738,33.19,10031728505,2040,6251,35,38,5
1777924408.0355456,2026-05-04T21:53:28.035546,33.19,10031728505,2040,6251,35,38,5
1777924408.0498784,2026-05-04T21:53:28.049878,33.19,10031728505,2040,6251,36,38,5
1777924408.062582,2026-05-04T21:53:28.062582,33.321,10031728505,2040,6251,36,38,5
1777924408.0753868,2026-05-04T21:53:28.075387,33.321,10031732732,2040,6251,36,38,5
1777924408.0900671,2026-05-04T21:53:28.090067,33.321,10031732732,2040,6251,36,38,5
1777924408.1027253,2026-05-04T21:53:28.102725,33.321,10031732732,2040,6251,36,38,5
1777924408.1155655,2026-05-04T21:53:28.115566,33.321,10031732732,2040,6251,36,38,5
1777924408.1299546,2026-05-04T21:53:28.129955,33.321,10031732732,2040,6251,36,38,5
1777924408.142582,2026-05-04T21:53:28.142582,33.321,10031732732,2040,6251,36,38,5
1777924408.155387,2026-05-04T21:53:28.155387,34.573,10031732732,2040,6251,36,100,4
1777924408.1698353,2026-05-04T21:53:28.169835,34.573,10031737298,2040,6251,36,100,4
1777924408.183158,2026-05-04T21:53:28.183158,34.573,10031737298,2040,6251,36,100,4
1777924408.1959486,2026-05-04T21:53:28.195949,34.573,10031737298,2040,6251,36,100,4
1777924408.209793,2026-05-04T21:53:28.209793,34.573,10031737298,2040,6251,36,100,4
1777924408.2223432,2026-05-04T21:53:28.222343,34.573,10031737298,2040,6251,36,100,4
1777924408.2351134,2026-05-04T21:53:28.235113,34.573,10031737298,2040,6251,36,100,4
1777924408.2497184,2026-05-04T21:53:28.249718,34.573,10031737298,2040,6251,36,100,4
1777924408.262215,2026-05-04T21:53:28.262215,35.045,10031737298,2040,6251,36,100,4
1777924408.2749531,2026-05-04T21:53:28.274953,35.045,10031741513,2040,6251,36,100,4
1777924408.290113,2026-05-04T21:53:28.290113,35.045,10031741513,2040,6251,36,100,4
1777924408.3027647,2026-05-04T21:53:28.302765,35.045,10031741513,2040,6251,36,100,4
1777924408.3155272,2026-05-04T21:53:28.315527,35.045,10031741513,2040,6251,36,100,4
1777924408.3297749,2026-05-04T21:53:28.329775,35.045,10031741513,2040,6251,36,100,4
1777924408.3424165,2026-05-04T21:53:28.342417,35.045,10031741513,2040,6251,36,100,4
1777924408.3552132,2026-05-04T21:53:28.355213,35.725,10031741513,2040,6251,36,100,3
1777924408.3696792,2026-05-04T21:53:28.369679,35.725,10031745727,2040,6251,36,100,3
1777924408.3831081,2026-05-04T21:53:28.383108,35.725,10031745727,2040,6251,36,100,3
1777924408.395864,2026-05-04T21:53:28.395864,35.725,10031745727,2040,6251,36,100,3
1777924408.409809,2026-05-04T21:53:28.409809,35.725,10031745727,2040,6251,36,100,3
1777924408.4224133,2026-05-04T21:53:28.422413,35.725,10031745727,2040,6251,36,100,3
1777924408.4350863,2026-05-04T21:53:28.435086,35.725,10031745727,2040,6251,36,100,3
1777924408.4496787,2026-05-04T21:53:28.449679,35.725,10031745727,2040,6250,36,100,3
1777924408.462944,2026-05-04T21:53:28.462944,36.954,10031745727,2040,6251,36,100,3
1777924408.4756858,2026-05-04T21:53:28.475686,36.954,10031749973,2040,6251,36,100,3
1777924408.4898188,2026-05-04T21:53:28.489819,36.954,10031749973,2040,6251,36,100,3
1777924408.5024538,2026-05-04T21:53:28.502454,36.954,10031749973,2040,6251,36,100,3
1777924408.5153434,2026-05-04T21:53:28.515343,36.954,10031749973,2040,6251,36,100,3
1777924408.5296829,2026-05-04T21:53:28.529683,36.954,10031749973,2040,6251,36,100,3
1777924408.5421977,2026-05-04T21:53:28.542198,36.954,10031749973,2040,6251,36,100,3
1777924408.5548372,2026-05-04T21:53:28.554837,37.445,10031749973,2040,6251,36,100,4
1777924408.5698376,2026-05-04T21:53:28.569838,37.445,10031753579,2040,6251,36,100,4
1777924408.583004,2026-05-04T21:53:28.583004,37.445,10031753579,2040,6251,36,100,4
1777924408.5957694,2026-05-04T21:53:28.595769,37.445,10031753579,2040,6251,36,100,4
1777924408.6095607,2026-05-04T21:53:28.609561,37.445,10031753579,2040,6251,36,100,4
1777924408.6222959,2026-05-04T21:53:28.622296,37.445,10031753579,2040,6251,36,100,4
1777924408.6349711,2026-05-04T21:53:28.634971,37.445,10031753579,2040,6251,36,100,4
1777924408.649467,2026-05-04T21:53:28.649467,37.445,10031753579,2040,6251,36,100,4
1777924408.6619573,2026-05-04T21:53:28.661957,38.093,10031753579,2040,6251,35,100,4
1777924408.6745129,2026-05-04T21:53:28.674513,38.093,10031756745,2040,6251,35,100,4
1777924408.6897318,2026-05-04T21:53:28.689732,38.093,10031756745,2040,6251,35,100,4
1777924408.7022996,2026-05-04T21:53:28.702300,38.093,10031756745,2040,6251,35,100,4
1777924408.7151012,2026-05-04T21:53:28.715101,38.093,10031756745,2040,6251,35,100,4
1777924408.7296245,2026-05-04T21:53:28.729625,38.093,10031756745,2040,6251,35,100,4
1777924408.7421567,2026-05-04T21:53:28.742157,38.093,10031756745,2040,6251,35,100,4
1777924408.7547681,2026-05-04T21:53:28.754768,37.516,10031756745,2040,6251,35,100,0
1777924408.7695298,2026-05-04T21:53:28.769530,37.516,10031759907,2040,6251,35,100,0
1777924408.7829053,2026-05-04T21:53:28.782905,37.516,10031759907,2040,6251,35,100,0
1777924408.7955463,2026-05-04T21:53:28.795546,37.516,10031759907,2040,6251,35,100,0
1777924408.809537,2026-05-04T21:53:28.809537,37.516,10031759907,2040,6251,35,100,0
1777924408.8220959,2026-05-04T21:53:28.822096,37.516,10031759907,2040,6251,35,100,0
1777924408.8347545,2026-05-04T21:53:28.834754,37.516,10031759907,2040,6251,35,100,0
1777924408.8496995,2026-05-04T21:53:28.849699,37.516,10031759907,2040,6251,35,100,0
1777924408.862253,2026-05-04T21:53:28.862253,37.59,10031759907,2040,6251,35,100,0
1777924408.8749046,2026-05-04T21:53:28.874905,37.59,10031763073,2040,6251,35,100,0
1777924408.8896334,2026-05-04T21:53:28.889633,37.59,10031763073,2040,6251,35,100,0
1777924408.902043,2026-05-04T21:53:28.902043,37.59,10031763073,2040,6251,35,100,0
1777924408.9146795,2026-05-04T21:53:28.914680,37.59,10031763073,2040,6251,35,100,0
1777924408.9295077,2026-05-04T21:53:28.929508,37.59,10031763073,2040,6251,35,100,0
1777924408.942051,2026-05-04T21:53:28.942051,37.59,10031763073,2040,6251,35,100,0
1777924408.9547148,2026-05-04T21:53:28.954715,37.672,10031763073,2040,6251,35,100,0
1777924408.9694679,2026-05-04T21:53:28.969468,37.672,10031766223,2040,6251,35,100,0
1777924408.9828475,2026-05-04T21:53:28.982847,37.672,10031766223,2040,6251,35,100,0
1777924408.9955633,2026-05-04T21:53:28.995563,37.672,10031766223,2040,6251,35,100,0
1777924409.0094543,2026-05-04T21:53:29.009454,37.672,10031766223,2040,6251,35,100,0
1777924409.0220373,2026-05-04T21:53:29.022037,37.672,10031766223,2040,6251,35,100,0
1777924409.0346715,2026-05-04T21:53:29.034672,37.672,10031766223,2040,6251,35,100,0
1777924409.0493906,2026-05-04T21:53:29.049391,37.672,10031766223,2040,6251,35,100,0
1777924409.0619586,2026-05-04T21:53:29.061959,37.82,10031766223,2040,6251,35,100,0
1777924409.0746686,2026-05-04T21:53:29.074669,37.82,10031769384,2040,6251,35,100,0
1777924409.0896096,2026-05-04T21:53:29.089610,37.82,10031769384,2040,6251,35,100,0
1777924409.1021304,2026-05-04T21:53:29.102130,37.82,10031769384,2040,6251,35,100,0
1777924409.1149585,2026-05-04T21:53:29.114959,37.82,10031769384,2040,6251,35,100,0
1777924409.1296563,2026-05-04T21:53:29.129656,37.82,10031769384,2040,6251,35,100,0
1777924409.1422017,2026-05-04T21:53:29.142202,37.82,10031769384,2040,6251,35,100,0
1777924409.1549284,2026-05-04T21:53:29.154928,36.968,10031769384,2040,6251,35,100,0
1777924409.1693196,2026-05-04T21:53:29.169320,36.968,10031772546,2040,6251,35,100,0
1777924409.182784,2026-05-04T21:53:29.182784,36.968,10031772546,2040,6251,35,100,0
1777924409.1955156,2026-05-04T21:53:29.195516,36.968,10031772546,2040,6251,35,100,0
1777924409.2092326,2026-05-04T21:53:29.209233,36.968,10031772546,2040,6251,35,100,0
1777924409.2217994,2026-05-04T21:53:29.221799,36.968,10031772546,2040,6251,35,100,0
1777924409.2344916,2026-05-04T21:53:29.234492,36.968,10031772546,2040,6251,35,100,0
1777924409.249344,2026-05-04T21:53:29.249344,36.968,10031772546,2040,6251,35,100,0
1777924409.2618632,2026-05-04T21:53:29.261863,35.56,10031772546,2040,6251,35,100,0
1777924409.2744277,2026-05-04T21:53:29.274428,35.56,10031775695,2040,6251,35,100,0
1777924409.2894554,2026-05-04T21:53:29.289455,35.56,10031775695,2040,6251,35,100,0
1777924409.3018816,2026-05-04T21:53:29.301882,35.56,10031775695,2040,6251,35,100,0
1777924409.3146222,2026-05-04T21:53:29.314622,35.56,10031775695,2040,6251,35,100,0
1777924409.3294117,2026-05-04T21:53:29.329412,35.56,10031775695,2040,6251,35,100,0
1777924409.3419797,2026-05-04T21:53:29.341980,35.56,10031775695,2040,6251,35,100,0
1777924409.3546793,2026-05-04T21:53:29.354679,34.59,10031775695,2040,6251,35,100,0
1777924409.3693326,2026-05-04T21:53:29.369333,34.59,10031778842,2040,6251,35,100,0
1777924409.3827288,2026-05-04T21:53:29.382729,34.59,10031778842,2040,6251,35,100,0
1777924409.395367,2026-05-04T21:53:29.395367,34.59,10031778842,2040,6251,35,100,0
1777924409.4095037,2026-05-04T21:53:29.409504,34.59,10031778842,2040,6251,35,100,0
1777924409.421953,2026-05-04T21:53:29.421953,34.59,10031778842,2040,6251,35,100,0
1777924409.434648,2026-05-04T21:53:29.434648,34.59,10031778842,2040,6251,35,100,0
1777924409.4492807,2026-05-04T21:53:29.449281,34.59,10031778842,2040,6251,35,100,0
1777924409.4618425,2026-05-04T21:53:29.461843,33.603,10031778842,2040,6251,35,100,0
1777924409.4745398,2026-05-04T21:53:29.474540,33.603,10031782014,2040,6251,35,100,0
1777924409.4894726,2026-05-04T21:53:29.489473,33.603,10031782014,2040,6251,35,100,0
1777924409.5020988,2026-05-04T21:53:29.502099,33.603,10031782014,2040,6251,35,100,0
1777924409.5149794,2026-05-04T21:53:29.514979,33.603,10031782014,2040,6251,35,100,0
1777924409.5293937,2026-05-04T21:53:29.529394,33.603,10031782014,2040,6251,35,100,0
1777924409.5419989,2026-05-04T21:53:29.541999,33.603,10031782014,2040,6251,35,100,0
1777924409.5546978,2026-05-04T21:53:29.554698,32.647,10031782014,2040,6251,35,100,0
1777924409.5691884,2026-05-04T21:53:29.569188,32.647,10031785180,2040,6251,35,100,0
1777924409.5827057,2026-05-04T21:53:29.582706,32.647,10031785180,2040,6251,35,100,0
1777924409.5953813,2026-05-04T21:53:29.595381,32.647,10031785180,2040,6251,35,100,0
1777924409.6146896,2026-05-04T21:53:29.614690,32.647,10031785180,2040,6251,35,100,0
1777924409.6292818,2026-05-04T21:53:29.629282,32.647,10031785180,2040,6251,35,100,0
1777924409.6418095,2026-05-04T21:53:29.641809,32.647,10031785180,2040,6251,35,100,0
1777924409.6544244,2026-05-04T21:53:29.654424,31.689,10031785180,2040,6251,35,100,0
1777924409.6692104,2026-05-04T21:53:29.669210,31.689,10031788324,2040,6251,35,100,0
1777924409.6825984,2026-05-04T21:53:29.682598,31.689,10031788324,2040,6251,35,100,0
1777924409.6953363,2026-05-04T21:53:29.695336,31.689,10031788324,2040,6251,35,100,0
1777924409.709192,2026-05-04T21:53:29.709192,31.689,10031788324,2040,6251,35,100,0
1777924409.721695,2026-05-04T21:53:29.721695,31.689,10031788324,2040,6251,35,100,0
1777924409.7344053,2026-05-04T21:53:29.734405,31.689,10031788324,2040,6251,35,100,0
1777924409.7491736,2026-05-04T21:53:29.749174,31.689,10031788324,2040,6251,35,100,0
1777924409.7617247,2026-05-04T21:53:29.761725,31.7,10031788324,2040,6251,35,100,0
1777924409.7743933,2026-05-04T21:53:29.774393,31.7,10031791482,2040,6251,35,100,0
1777924409.7919881,2026-05-04T21:53:29.791988,31.7,10031791482,2040,6251,35,100,0
1777924409.804496,2026-05-04T21:53:29.804496,31.7,10031791482,2040,6251,35,100,0
1777924409.8171244,2026-05-04T21:53:29.817124,31.7,10031791482,2040,6251,35,100,0
1777924409.8296049,2026-05-04T21:53:29.829605,31.7,10031791482,2040,6251,35,100,0
1777924409.8421319,2026-05-04T21:53:29.842132,31.7,10031791482,2040,6251,35,100,0
1777924409.854782,2026-05-04T21:53:29.854782,31.672,10031791482,2040,6251,35,100,0
1777924409.86919,2026-05-04T21:53:29.869190,31.672,10031794632,2040,6251,35,100,0
1777924409.8825743,2026-05-04T21:53:29.882574,31.672,10031794632,2040,6251,35,100,0
1777924409.8954847,2026-05-04T21:53:29.895485,31.672,10031794632,2040,6251,35,100,0
1777924409.9091206,2026-05-04T21:53:29.909121,31.672,10031794632,2040,6251,35,100,0
1777924409.9216774,2026-05-04T21:53:29.921677,31.672,10031794632,2040,6251,35,100,0
1777924409.93426,2026-05-04T21:53:29.934260,31.672,10031794632,2040,6251,35,100,0
1777924409.9491472,2026-05-04T21:53:29.949147,31.672,10031794632,2040,6251,35,100,0
1777924409.961692,2026-05-04T21:53:29.961692,31.691,10031794632,2040,6251,35,100,0
1777924409.9743972,2026-05-04T21:53:29.974397,31.691,10031797800,2040,6251,35,100,0
1777924409.9920466,2026-05-04T21:53:29.992047,31.691,10031797800,2040,6251,35,100,0
1777924410.0045836,2026-05-04T21:53:30.004584,31.691,10031797800,2040,6251,35,100,0
1777924410.0173175,2026-05-04T21:53:30.017318,31.691,10031797800,2040,6251,35,100,0
1777924410.0298984,2026-05-04T21:53:30.029898,31.691,10031797800,2040,6251,35,100,0
1777924410.0423234,2026-05-04T21:53:30.042323,31.691,10031797800,2040,6251,35,100,0
1777924410.0549994,2026-05-04T21:53:30.054999,31.69,10031797800,2040,6251,35,100,0
1777924410.069113,2026-05-04T21:53:30.069113,31.69,10031800950,2040,6251,35,100,0
1777924410.0825186,2026-05-04T21:53:30.082519,31.69,10031800950,2040,6251,35,100,0
1777924410.095182,2026-05-04T21:53:30.095182,31.69,10031800950,2040,6251,35,100,0
1777924410.1093757,2026-05-04T21:53:30.109376,31.69,10031800950,2040,6251,35,100,0
1777924410.1218004,2026-05-04T21:53:30.121800,31.69,10031800950,2040,6251,35,100,0
1777924410.1345065,2026-05-04T21:53:30.134506,31.69,10031800950,2040,6251,35,100,0
1777924410.1490054,2026-05-04T21:53:30.149005,31.69,10031800950,2040,6251,35,100,0
1777924410.1613867,2026-05-04T21:53:30.161387,31.661,10031800950,2040,6251,35,100,0
1777924410.1740506,2026-05-04T21:53:30.174051,31.661,10031804103,2040,6251,35,100,0
1777924410.1921089,2026-05-04T21:53:30.192109,31.661,10031804103,2040,6251,35,100,0
1777924410.2047021,2026-05-04T21:53:30.204702,31.661,10031804103,2040,6251,35,100,0
1777924410.2173748,2026-05-04T21:53:30.217375,31.661,10031804103,2040,6251,35,100,0
1777924410.229942,2026-05-04T21:53:30.229942,31.661,10031804103,2040,6251,35,100,0
1777924410.2424755,2026-05-04T21:53:30.242476,31.661,10031804103,2040,6251,35,100,0
1777924410.2551877,2026-05-04T21:53:30.255188,31.663,10031804103,2040,6251,35,100,0
1777924410.269107,2026-05-04T21:53:30.269107,31.663,10031807264,2040,6251,35,100,0
1777924410.282478,2026-05-04T21:53:30.282478,31.663,10031807264,2040,6251,35,100,0
1777924410.2951343,2026-05-04T21:53:30.295134,31.663,10031807264,2040,6251,35,100,0
1777924410.309007,2026-05-04T21:53:30.309007,31.663,10031807264,2040,6251,35,100,0
1777924410.321577,2026-05-04T21:53:30.321577,31.663,10031807264,2040,6251,35,100,0
1777924410.3342593,2026-05-04T21:53:30.334259,31.663,10031807264,2040,6251,35,100,0
1777924410.3490222,2026-05-04T21:53:30.349022,31.663,10031807264,2040,6251,35,100,0
1777924410.3616197,2026-05-04T21:53:30.361620,31.7,10031807264,2040,6251,35,100,0
1777924410.3743443,2026-05-04T21:53:30.374344,31.7,10031810438,2040,6251,35,100,0
1777924410.3908994,2026-05-04T21:53:30.390899,31.7,10031810438,2040,6251,35,100,0
1777924410.403627,2026-05-04T21:53:30.403627,31.7,10031810438,2040,6251,35,100,0
1777924410.4163105,2026-05-04T21:53:30.416311,31.7,10031810438,2040,6251,35,100,0
1777924410.42904,2026-05-04T21:53:30.429040,31.7,10031810438,2040,6251,35,100,0
1777924410.441534,2026-05-04T21:53:30.441534,31.7,10031810438,2040,6251,35,100,0
1777924410.4542863,2026-05-04T21:53:30.454286,31.698,10031810438,2040,6251,35,100,0
1777924410.4689279,2026-05-04T21:53:30.468928,31.698,10031813591,2040,6251,35,100,0
1777924410.4824317,2026-05-04T21:53:30.482432,31.698,10031813591,2040,6251,35,100,0
1777924410.4950957,2026-05-04T21:53:30.495096,31.698,10031813591,2040,6251,35,100,0
1777924410.508924,2026-05-04T21:53:30.508924,31.698,10031813591,2040,6251,35,100,0
1777924410.5213957,2026-05-04T21:53:30.521396,31.698,10031813591,2040,6251,35,100,0
1777924410.5339735,2026-05-04T21:53:30.533973,31.698,10031813591,2040,6251,35,100,0
1777924410.5490108,2026-05-04T21:53:30.549011,31.698,10031813591,2040,6251,35,100,0
1777924410.5615413,2026-05-04T21:53:30.561541,31.661,10031813591,2040,6251,35,100,0
1777924410.5741744,2026-05-04T21:53:30.574174,31.661,10031816731,2040,6251,35,100,0
1777924410.5917687,2026-05-04T21:53:30.591769,31.661,10031816731,2040,6251,35,100,0
1777924410.6042984,2026-05-04T21:53:30.604298,31.661,10031816731,2040,6251,35,100,0
1777924410.6169162,2026-05-04T21:53:30.616916,31.661,10031816731,2040,6251,35,100,0
1777924410.6295369,2026-05-04T21:53:30.629537,31.661,10031816731,2040,6251,35,100,0
1777924410.6421049,2026-05-04T21:53:30.642105,31.661,10031816731,2040,6251,35,100,0
1777924410.6547391,2026-05-04T21:53:30.654739,31.663,10031816731,2040,6251,35,100,0
1777924410.669138,2026-05-04T21:53:30.669138,31.663,10031819879,2040,6251,35,100,0
1777924410.6823401,2026-05-04T21:53:30.682340,31.663,10031819879,2040,6251,35,100,0
1777924410.6950264,2026-05-04T21:53:30.695026,31.663,10031819879,2040,6251,35,100,0
1777924410.7088425,2026-05-04T21:53:30.708843,31.663,10031819879,2040,6251,35,100,0
1777924410.7213151,2026-05-04T21:53:30.721315,31.663,10031819879,2040,6251,35,100,0
1777924410.7338877,2026-05-04T21:53:30.733888,31.663,10031819879,2040,6251,35,100,0
1777924410.7488513,2026-05-04T21:53:30.748851,31.663,10031819879,2040,6251,35,100,0
1777924410.7612767,2026-05-04T21:53:30.761277,31.663,10031819879,2040,6251,35,100,0
1777924410.7739565,2026-05-04T21:53:30.773957,31.663,10031822989,2040,6251,35,100,0
1777924410.7917798,2026-05-04T21:53:30.791780,31.663,10031822989,2040,6251,35,100,0
1777924410.80414,2026-05-04T21:53:30.804140,31.663,10031822989,2040,6251,35,100,0
1777924410.8166783,2026-05-04T21:53:30.816678,31.663,10031822989,2040,6251,35,100,0
1777924410.829239,2026-05-04T21:53:30.829239,31.663,10031822989,2040,6251,35,100,0
1777924410.8416245,2026-05-04T21:53:30.841624,31.663,10031822989,2040,6251,35,100,0
1777924410.8542278,2026-05-04T21:53:30.854228,31.593,10031822989,2040,6251,35,100,0
1777924410.8689098,2026-05-04T21:53:30.868910,31.593,10031826061,2040,6251,35,100,0
1777924410.8821669,2026-05-04T21:53:30.882167,31.593,10031826061,2040,6251,35,100,0
1777924410.8947482,2026-05-04T21:53:30.894748,31.593,10031826061,2040,6251,35,100,0
1777924410.9088469,2026-05-04T21:53:30.908847,31.593,10031826061,2040,6251,35,100,0
1777924410.9212508,2026-05-04T21:53:30.921251,31.593,10031826061,2040,6251,35,100,0
1777924410.9383805,2026-05-04T21:53:30.938380,31.593,10031826061,2040,6251,35,100,0
1777924410.9566698,2026-05-04T21:53:30.956670,31.539,10031826061,2040,6251,35,100,0
1777924410.9805677,2026-05-04T21:53:30.980568,31.539,10031829318,2040,6251,35,100,0
1777924411.001549,2026-05-04T21:53:31.001549,31.539,10031829318,2040,6251,35,100,0
1777924411.0200953,2026-05-04T21:53:31.020095,31.539,10031829318,2040,6251,35,100,0
1777924411.039903,2026-05-04T21:53:31.039903,31.539,10031829318,2040,6251,35,100,0
1777924411.0602129,2026-05-04T21:53:31.060213,31.809,10031829318,2040,6251,35,100,0
1777924411.0791905,2026-05-04T21:53:31.079190,31.809,10031832820,2040,6251,35,100,0
1777924411.0977695,2026-05-04T21:53:31.097769,31.809,10031832820,2040,6251,35,100,0
1777924411.1178153,2026-05-04T21:53:31.117815,31.809,10031832820,2040,6251,35,100,0
1777924411.136326,2026-05-04T21:53:31.136326,31.809,10031832820,2040,6251,35,100,0
1777924411.1544006,2026-05-04T21:53:31.154401,31.809,10031832820,2040,6251,35,100,0
1777924411.1765418,2026-05-04T21:53:31.176542,32.134,10031836338,2040,6251,35,100,0
1777924411.1968186,2026-05-04T21:53:31.196819,32.134,10031836338,2040,6251,35,100,0
1777924411.217016,2026-05-04T21:53:31.217016,32.134,10031836338,2040,6251,35,100,0
1777924411.2358718,2026-05-04T21:53:31.235872,32.134,10031836338,2040,6251,35,100,0
1777924411.2538521,2026-05-04T21:53:31.253852,32.134,10031836338,2040,6251,35,100,0
1777924411.2743766,2026-05-04T21:53:31.274377,32.469,10031839852,2040,6251,35,100,0
1777924411.291833,2026-05-04T21:53:31.291833,32.469,10031839852,2040,6251,35,100,0
1777924411.3128176,2026-05-04T21:53:31.312818,32.469,10031839852,2040,6251,35,100,0
1777924411.332748,2026-05-04T21:53:31.332748,32.469,10031839852,2040,6251,35,100,0
1777924411.354165,2026-05-04T21:53:31.354165,32.469,10031839852,2040,6251,35,100,0
1777924411.3750339,2026-05-04T21:53:31.375034,32.794,10031843372,2040,6251,35,100,1
1777924411.397554,2026-05-04T21:53:31.397554,32.794,10031843372,2040,6251,35,100,1
1777924411.4192522,2026-05-04T21:53:31.419252,32.794,10031843372,2040,6251,35,100,1
1777924411.4385464,2026-05-04T21:53:31.438546,32.794,10031843372,2040,6251,35,100,1
1777924411.4580255,2026-05-04T21:53:31.458025,33.103,10031843372,2040,6251,35,100,1
1777924411.483638,2026-05-04T21:53:31.483638,33.103,10031846895,2040,6251,35,100,1
1777924411.5024972,2026-05-04T21:53:31.502497,33.103,10031846895,2040,6251,35,100,1
1777924411.5222323,2026-05-04T21:53:31.522232,33.103,10031846895,2040,6251,35,100,1
1777924411.5404522,2026-05-04T21:53:31.540452,33.103,10031846895,2040,6251,35,100,1
1777924411.560139,2026-05-04T21:53:31.560139,33.436,10031846895,2040,6251,35,100,1
1777924411.5846634,2026-05-04T21:53:31.584663,33.436,10031850421,2040,6251,35,100,1
1777924411.606118,2026-05-04T21:53:31.606118,33.436,10031850421,2040,6251,35,100,1
1777924411.6268368,2026-05-04T21:53:31.626837,33.436,10031850421,2040,6251,35,100,1
1777924411.644911,2026-05-04T21:53:31.644911,33.436,10031850421,2040,6251,35,100,1
1777924411.6643162,2026-05-04T21:53:31.664316,33.772,10031850421,2040,6251,35,100,1
1777924411.683439,2026-05-04T21:53:31.683439,33.772,10031853967,2040,6251,35,100,1
1777924411.7030659,2026-05-04T21:53:31.703066,33.772,10031853967,2040,6251,35,100,1
1777924411.7227118,2026-05-04T21:53:31.722712,33.772,10031853967,2040,6251,35,100,1
1777924411.7404137,2026-05-04T21:53:31.740414,33.772,10031853967,2040,6251,35,100,1
1777924411.7614448,2026-05-04T21:53:31.761445,34.097,10031853967,2040,6251,35,100,0
1777924411.7826324,2026-05-04T21:53:31.782632,34.097,10031857459,2040,6251,35,100,0
1777924411.8000374,2026-05-04T21:53:31.800037,34.097,10031857459,2040,6251,35,100,0
1777924411.8195028,2026-05-04T21:53:31.819503,34.097,10031857459,2040,6251,35,100,0
1777924411.8411512,2026-05-04T21:53:31.841151,34.097,10031857459,2040,6251,35,100,0
1777924411.8643878,2026-05-04T21:53:31.864388,34.424,10031860971,2040,6251,35,100,0
1777924411.8869452,2026-05-04T21:53:31.886945,34.424,10031860971,2040,6251,35,100,0
1777924411.9065373,2026-05-04T21:53:31.906537,34.424,10031860971,2040,6251,35,100,0
1777924411.9260259,2026-05-04T21:53:31.926026,34.424,10031860971,2040,6251,35,100,0
1777924411.9454575,2026-05-04T21:53:31.945457,34.424,10031860971,2040,6251,35,100,0
1777924411.9649553,2026-05-04T21:53:31.964955,34.834,10031864488,2040,6251,35,100,1
1777924411.9864714,2026-05-04T21:53:31.986471,34.834,10031864488,2040,6251,35,100,1
1777924412.0057235,2026-05-04T21:53:32.005723,34.834,10031864488,2040,6251,35,100,1
1777924412.023169,2026-05-04T21:53:32.023169,34.834,10031864488,2040,6251,35,100,1
1777924412.0432673,2026-05-04T21:53:32.043267,34.834,10031864488,2040,6251,35,100,1
1777924412.0647418,2026-05-04T21:53:32.064742,35.28,10031864488,2040,6251,35,100,1
1777924412.0830343,2026-05-04T21:53:32.083034,35.28,10031868037,2040,6251,35,100,1
1777924412.1038442,2026-05-04T21:53:32.103844,35.28,10031868037,2040,6251,35,100,1
1777924412.1222327,2026-05-04T21:53:32.122233,35.28,10031868037,2040,6251,35,100,1
1777924412.140541,2026-05-04T21:53:32.140541,35.28,10031868037,2040,6251,35,100,1
1777924412.1613953,2026-05-04T21:53:32.161395,35.27,10031868037,2040,6251,35,100,0
1777924412.1842947,2026-05-04T21:53:32.184295,35.27,10031871562,2040,6251,35,100,0
1777924412.2022843,2026-05-04T21:53:32.202284,35.27,10031871562,2040,6251,35,100,0
1777924412.220753,2026-05-04T21:53:32.220753,35.27,10031871562,2040,6251,35,100,0
1777924412.2401948,2026-05-04T21:53:32.240195,35.27,10031871562,2040,6251,35,100,0
1777924412.2594798,2026-05-04T21:53:32.259480,35.27,10031871562,2040,6251,35,100,0
1777924412.280799,2026-05-04T21:53:32.280799,35.27,10031875019,2040,6251,35,100,0
1777924412.298879,2026-05-04T21:53:32.298879,35.27,10031875019,2040,6251,35,100,0
1777924412.317003,2026-05-04T21:53:32.317003,35.27,10031875019,2040,6251,35,100,0
1777924412.3351717,2026-05-04T21:53:32.335172,35.27,10031875019,2040,6251,35,100,0
1777924412.3521998,2026-05-04T21:53:32.352200,35.27,10031875019,2040,6251,35,100,0
1777924412.3714473,2026-05-04T21:53:32.371447,35.269,10031878526,2040,6251,35,100,1
1777924412.3923738,2026-05-04T21:53:32.392374,35.269,10031878526,2040,6251,35,100,1
1777924412.4117918,2026-05-04T21:53:32.411792,35.269,10031878526,2040,6251,35,100,1
1777924412.4310489,2026-05-04T21:53:32.431049,35.269,10031878526,2040,6251,35,100,1
1777924412.45159,2026-05-04T21:53:32.451590,35.269,10031878526,2040,6251,35,100,1
1777924412.4718933,2026-05-04T21:53:32.471893,35.278,10031882046,2040,6251,35,100,1
1777924412.491074,2026-05-04T21:53:32.491074,35.278,10031882046,2040,6251,35,100,1
1777924412.5137293,2026-05-04T21:53:32.513729,35.278,10031882046,2040,6251,35,100,1
1777924412.5324037,2026-05-04T21:53:32.532404,35.278,10031882046,2040,6251,35,100,1
1777924412.5509374,2026-05-04T21:53:32.550937,35.278,10031882046,2040,6251,35,100,1
1777924412.5711744,2026-05-04T21:53:32.571174,35.296,10031885589,2040,6251,35,100,1
1777924412.5931175,2026-05-04T21:53:32.593117,35.296,10031885589,2040,6251,35,100,1
1777924412.6126373,2026-05-04T21:53:32.612637,35.296,10031885589,2040,6251,35,100,1
1777924412.6318274,2026-05-04T21:53:32.631827,35.296,10031885589,2040,6251,35,100,1
1777924412.6529577,2026-05-04T21:53:32.652958,35.296,10031885589,2040,6251,35,100,1
1777924412.6716506,2026-05-04T21:53:32.671651,35.287,10031889103,2040,6251,35,100,1
1777924412.692215,2026-05-04T21:53:32.692215,35.287,10031889103,2040,6251,35,100,1
1777924412.7135837,2026-05-04T21:53:32.713584,35.287,10031889103,2040,6251,35,100,1
1777924412.7284086,2026-05-04T21:53:32.728409,35.287,10031889103,2040,6251,35,100,1
1777924412.7408667,2026-05-04T21:53:32.740867,35.287,10031889103,2040,6251,35,100,1
1777924412.758894,2026-05-04T21:53:32.758894,35.287,10031889103,2040,6251,35,100,1
1777924412.7789614,2026-05-04T21:53:32.778961,35.287,10031892750,2040,6251,35,100,1
1777924412.800356,2026-05-04T21:53:32.800356,35.287,10031892750,2040,6251,35,100,1
1777924412.8187504,2026-05-04T21:53:32.818750,35.287,10031892750,2040,6251,35,100,1
1777924412.8386586,2026-05-04T21:53:32.838659,35.287,10031892750,2040,6251,35,100,1
1777924412.8587205,2026-05-04T21:53:32.858721,35.287,10031892750,2040,6251,35,100,1
1777924412.8786025,2026-05-04T21:53:32.878603,35.296,10031896274,2040,6251,35,100,1
1777924412.8972445,2026-05-04T21:53:32.897244,35.296,10031896274,2040,6251,35,100,1
1777924412.9156127,2026-05-04T21:53:32.915613,35.296,10031896274,2040,6251,35,100,1
1777924412.9339058,2026-05-04T21:53:32.933906,35.296,10031896274,2040,6251,35,100,1
1777924412.953004,2026-05-04T21:53:32.953004,35.296,10031896274,2040,6251,35,100,1
1777924412.9707272,2026-05-04T21:53:32.970727,35.296,10031899785,2040,6251,35,100,1
1777924412.9908807,2026-05-04T21:53:32.990881,35.287,10031899785,2040,6251,35,100,1
1777924413.0035655,2026-05-04T21:53:33.003566,35.287,10031899785,2040,6251,35,100,1
1777924413.0163336,2026-05-04T21:53:33.016334,35.287,10031899785,2040,6251,35,100,1
1777924413.0290716,2026-05-04T21:53:33.029072,35.287,10031899785,2040,6251,35,100,1
1777924413.041694,2026-05-04T21:53:33.041694,35.287,10031899785,2040,6251,35,100,1
1777924413.059385,2026-05-04T21:53:33.059385,35.287,10031899785,2040,6251,35,100,1
1777924413.0792766,2026-05-04T21:53:33.079277,35.305,10031903606,2040,6251,36,100,1
1777924413.0967247,2026-05-04T21:53:33.096725,35.305,10031903606,2040,6251,36,100,1
1777924413.1150105,2026-05-04T21:53:33.115010,35.305,10031903606,2040,6251,36,100,1
1777924413.1305904,2026-05-04T21:53:33.130590,35.305,10031903606,2040,6251,36,100,1
1777924413.143049,2026-05-04T21:53:33.143049,35.305,10031903606,2040,6251,36,100,1
1777924413.1556559,2026-05-04T21:53:33.155656,35.305,10031903606,2040,6251,36,100,1
1777924413.1682734,2026-05-04T21:53:33.168273,35.305,10031907374,2040,6251,36,100,1
1777924413.181508,2026-05-04T21:53:33.181508,35.305,10031907374,2040,6251,35,100,2
1777924413.194126,2026-05-04T21:53:33.194126,35.305,10031907374,2040,6251,35,100,2
1777924413.2081108,2026-05-04T21:53:33.208111,35.305,10031907374,2040,6251,35,100,2
1777924413.2207663,2026-05-04T21:53:33.220766,35.305,10031907374,2040,6251,35,100,2
1777924413.233376,2026-05-04T21:53:33.233376,35.305,10031907374,2040,6251,35,100,2
1777924413.2481332,2026-05-04T21:53:33.248133,35.305,10031907374,2040,6251,35,100,2
1777924413.2605958,2026-05-04T21:53:33.260596,35.305,10031907374,2040,6251,35,100,2
1777924413.2732284,2026-05-04T21:53:33.273228,36.906,10031911652,2040,6251,36,100,2
1777924413.2883515,2026-05-04T21:53:33.288352,36.906,10031911652,2040,6251,36,100,2
1777924413.300816,2026-05-04T21:53:33.300816,36.906,10031911652,2040,6251,36,100,2
1777924413.3135924,2026-05-04T21:53:33.313592,36.906,10031911652,2040,6251,36,100,2
1777924413.3284822,2026-05-04T21:53:33.328482,36.906,10031911652,2040,6251,36,100,2
1777924413.340941,2026-05-04T21:53:33.340941,36.906,10031911652,2040,6251,36,100,2
1777924413.3535168,2026-05-04T21:53:33.353517,36.906,10031911652,2040,6251,36,100,2
1777924413.3680704,2026-05-04T21:53:33.368070,36.906,10031916060,2040,6251,36,100,2
1777924413.3814306,2026-05-04T21:53:33.381431,36.906,10031916060,2040,6251,36,100,5
1777924413.3944964,2026-05-04T21:53:33.394496,36.906,10031916060,2040,6251,36,100,5
1777924413.4080303,2026-05-04T21:53:33.408030,36.906,10031916060,2040,6251,36,100,5
1777924413.4207013,2026-05-04T21:53:33.420701,36.906,10031916060,2040,6251,36,100,5
1777924413.433413,2026-05-04T21:53:33.433413,36.906,10031916060,2040,6251,36,100,5
1777924413.4481003,2026-05-04T21:53:33.448100,36.906,10031916060,2040,6251,36,100,5
1777924413.4607399,2026-05-04T21:53:33.460740,36.906,10031916060,2040,6251,36,100,5
1777924413.4734867,2026-05-04T21:53:33.473487,38.097,10031920278,2040,6251,36,100,5
1777924413.488271,2026-05-04T21:53:33.488271,38.097,10031920278,2040,6251,36,100,5
1777924413.5009584,2026-05-04T21:53:33.500958,38.097,10031920278,2040,6251,36,100,5
1777924413.5138576,2026-05-04T21:53:33.513858,38.097,10031920278,2040,6251,36,100,5
1777924413.528263,2026-05-04T21:53:33.528263,38.097,10031920278,2040,6251,36,100,5
1777924413.540895,2026-05-04T21:53:33.540895,38.097,10031920278,2040,6251,36,100,5
1777924413.5535412,2026-05-04T21:53:33.553541,38.097,10031920278,2040,6251,36,100,5
1777924413.567942,2026-05-04T21:53:33.567942,38.097,10031924097,2040,6251,36,100,5
1777924413.5813951,2026-05-04T21:53:33.581395,38.097,10031924097,2040,6251,36,100,3
1777924413.5941284,2026-05-04T21:53:33.594128,38.097,10031924097,2040,6251,36,100,3
1777924413.608139,2026-05-04T21:53:33.608139,38.097,10031924097,2040,6251,36,100,3
1777924413.6208935,2026-05-04T21:53:33.620893,38.097,10031924097,2040,6251,36,100,3
1777924413.6335793,2026-05-04T21:53:33.633579,38.097,10031924097,2040,6251,36,100,3
1777924413.647973,2026-05-04T21:53:33.647973,38.097,10031924097,2040,6251,36,100,3
1777924413.6604788,2026-05-04T21:53:33.660479,38.097,10031924097,2040,6251,36,100,3
1777924413.6730115,2026-05-04T21:53:33.673012,37.412,10031927239,2040,6251,35,100,3
1777924413.6881955,2026-05-04T21:53:33.688195,37.412,10031927239,2040,6251,35,100,3
1777924413.7007368,2026-05-04T21:53:33.700737,37.412,10031927239,2040,6251,35,100,3
1777924413.713578,2026-05-04T21:53:33.713578,37.412,10031927239,2040,6251,35,100,3
1777924413.727991,2026-05-04T21:53:33.727991,37.412,10031927239,2040,6251,35,100,3
1777924413.7404811,2026-05-04T21:53:33.740481,37.412,10031927239,2040,6251,35,100,3
1777924413.7529714,2026-05-04T21:53:33.752971,37.412,10031927239,2040,6251,35,100,3
1777924413.7679026,2026-05-04T21:53:33.767903,37.412,10031930383,2040,6251,35,100,3
1777924413.7813296,2026-05-04T21:53:33.781330,37.412,10031930383,2040,6251,35,100,0
1777924413.7939215,2026-05-04T21:53:33.793921,37.412,10031930383,2040,6251,35,100,0
1777924413.8079603,2026-05-04T21:53:33.807960,37.412,10031930383,2040,6251,35,100,0
1777924413.8204427,2026-05-04T21:53:33.820443,37.412,10031930383,2040,6251,35,100,0
1777924413.8330429,2026-05-04T21:53:33.833043,37.412,10031930383,2040,6251,35,100,0
1777924413.8478875,2026-05-04T21:53:33.847888,37.412,10031930383,2040,6251,35,100,0
1777924413.8604035,2026-05-04T21:53:33.860404,37.412,10031930383,2040,6251,35,100,0
1777924413.872996,2026-05-04T21:53:33.872996,36.734,10031933526,2040,6251,35,100,0
1777924413.8884313,2026-05-04T21:53:33.888431,36.734,10031933526,2040,6251,35,100,0
1777924413.9010155,2026-05-04T21:53:33.901016,36.734,10031933526,2040,6251,35,100,0
1777924413.9137087,2026-05-04T21:53:33.913709,36.734,10031933526,2040,6251,35,100,0
1777924413.9279795,2026-05-04T21:53:33.927979,36.734,10031933526,2040,6251,35,100,0
1777924413.9406235,2026-05-04T21:53:33.940624,36.734,10031933526,2040,6251,35,100,0
1777924413.953321,2026-05-04T21:53:33.953321,36.734,10031933526,2040,6251,35,100,0
1777924413.9678428,2026-05-04T21:53:33.967843,36.734,10031936686,2040,6251,35,100,0
1777924413.9812677,2026-05-04T21:53:33.981268,36.734,10031936686,2040,6251,35,100,0
1777924413.9940436,2026-05-04T21:53:33.994044,36.734,10031936686,2040,6251,35,100,0
1777924414.0077832,2026-05-04T21:53:34.007783,36.734,10031936686,2040,6251,35,100,0
1777924414.0202916,2026-05-04T21:53:34.020292,36.734,10031936686,2040,6251,35,100,0
1777924414.032891,2026-05-04T21:53:34.032891,36.734,10031936686,2040,6251,35,100,0
1777924414.0478103,2026-05-04T21:53:34.047810,36.734,10031936686,2040,6251,35,100,0
1777924414.060285,2026-05-04T21:53:34.060285,36.734,10031936686,2040,6251,35,100,0
1777924414.0727916,2026-05-04T21:53:34.072792,36.066,10031939857,2040,6251,35,100,0
1777924414.087949,2026-05-04T21:53:34.087949,36.066,10031939857,2040,6251,35,100,0
1777924414.1004834,2026-05-04T21:53:34.100483,36.066,10031939857,2040,6251,35,100,0
1777924414.113209,2026-05-04T21:53:34.113209,36.066,10031939857,2040,6251,35,100,0
1777924414.1278784,2026-05-04T21:53:34.127878,36.066,10031939857,2040,6251,35,100,0
1777924414.1404386,2026-05-04T21:53:34.140439,36.066,10031939857,2040,6251,35,100,0
1777924414.1530848,2026-05-04T21:53:34.153085,36.066,10031939857,2040,6251,35,100,0
1777924414.1679902,2026-05-04T21:53:34.167990,36.066,10031943010,2040,6251,35,100,0
1777924414.1812458,2026-05-04T21:53:34.181246,35.701,10031943010,2040,6251,35,100,0
1777924414.1940339,2026-05-04T21:53:34.194034,35.701,10031943010,2040,6251,35,100,0
1777924414.2077253,2026-05-04T21:53:34.207725,35.701,10031943010,2040,6251,35,100,0
1777924414.2202837,2026-05-04T21:53:34.220284,35.701,10031943010,2040,6251,35,100,0
1777924414.2328954,2026-05-04T21:53:34.232895,35.701,10031943010,2040,6251,35,100,0
1777924414.2477474,2026-05-04T21:53:34.247747,35.701,10031943010,2040,6251,35,100,0
1777924414.260161,2026-05-04T21:53:34.260161,35.701,10031943010,2040,6251,35,100,0
1777924414.2727525,2026-05-04T21:53:34.272753,34.892,10031946168,2040,6251,35,100,0
1777924414.288056,2026-05-04T21:53:34.288056,34.892,10031946168,2040,6251,35,100,0
1777924414.300586,2026-05-04T21:53:34.300586,34.892,10031946168,2040,6251,35,100,0
1777924414.3135045,2026-05-04T21:53:34.313504,34.892,10031946168,2040,6251,35,100,0
1777924414.327802,2026-05-04T21:53:34.327802,34.892,10031946168,2040,6251,35,100,0
1777924414.3403382,2026-05-04T21:53:34.340338,34.892,10031946168,2040,6251,35,100,0
1777924414.3529844,2026-05-04T21:53:34.352984,34.892,10031946168,2040,6251,35,100,0
1777924414.3677278,2026-05-04T21:53:34.367728,34.892,10031949331,2040,6251,35,100,0
1777924414.3811576,2026-05-04T21:53:34.381158,33.469,10031949331,2040,6251,35,100,0
1777924414.393912,2026-05-04T21:53:34.393912,33.469,10031949331,2040,6251,35,100,0
1777924414.4077194,2026-05-04T21:53:34.407719,33.469,10031949331,2040,6251,35,100,0
1777924414.4202013,2026-05-04T21:53:34.420201,33.469,10031949331,2040,6251,35,100,0
1777924414.4328895,2026-05-04T21:53:34.432889,33.469,10031949331,2040,6251,35,100,0
1777924414.4479825,2026-05-04T21:53:34.447983,33.469,10031949331,2040,6251,35,100,0
1777924414.460521,2026-05-04T21:53:34.460521,33.469,10031949331,2040,6251,35,100,0
1777924414.4732077,2026-05-04T21:53:34.473208,32.611,10031952492,2040,6251,35,100,0
1777924414.487855,2026-05-04T21:53:34.487855,32.611,10031952492,2040,6251,35,100,0
1777924414.5004084,2026-05-04T21:53:34.500408,32.611,10031952492,2040,6251,35,100,0
1777924414.5132203,2026-05-04T21:53:34.513220,32.611,10031952492,2040,6251,35,100,0
1777924414.52779,2026-05-04T21:53:34.527790,32.611,10031952492,2040,6251,35,100,0
1777924414.5403297,2026-05-04T21:53:34.540330,32.611,10031952492,2040,6251,35,100,0
1777924414.5529747,2026-05-04T21:53:34.552975,32.611,10031952492,2040,6251,35,100,0
1777924414.5676053,2026-05-04T21:53:34.567605,32.611,10031955667,2040,6251,35,100,0
1777924414.5811632,2026-05-04T21:53:34.581163,31.653,10031955667,2040,6251,35,100,0
1777924414.5939455,2026-05-04T21:53:34.593946,31.653,10031955667,2040,6251,35,100,0
1777924414.6076887,2026-05-04T21:53:34.607689,31.653,10031955667,2040,6251,35,100,0
1777924414.6201315,2026-05-04T21:53:34.620131,31.653,10031955667,2040,6251,35,100,0
1777924414.6326628,2026-05-04T21:53:34.632663,31.653,10031955667,2040,6251,35,100,0
1777924414.6477187,2026-05-04T21:53:34.647719,31.653,10031955667,2040,6251,35,100,0
1777924414.6603084,2026-05-04T21:53:34.660308,31.653,10031955667,2040,6251,35,100,0
1777924414.672857,2026-05-04T21:53:34.672857,31.643,10031958820,2040,6251,35,100,0
1777924414.6878407,2026-05-04T21:53:34.687841,31.643,10031958820,2040,6251,35,100,0
1777924414.7004044,2026-05-04T21:53:34.700404,31.643,10031958820,2040,6251,35,100,0
1777924414.7132804,2026-05-04T21:53:34.713280,31.643,10031958820,2040,6251,35,100,0
1777924414.7279732,2026-05-04T21:53:34.727973,31.643,10031958820,2040,6251,35,100,0
1777924414.74052,2026-05-04T21:53:34.740520,31.643,10031958820,2040,6251,35,100,0
1777924414.7531838,2026-05-04T21:53:34.753184,31.643,10031958820,2040,6251,35,100,0
1777924414.7676535,2026-05-04T21:53:34.767653,31.643,10031961968,2040,6251,35,100,0
1777924414.7809453,2026-05-04T21:53:34.780945,31.669,10031961968,2040,6251,35,100,0
1777924414.7939603,2026-05-04T21:53:34.793960,31.669,10031961968,2040,6251,35,100,0
1777924414.8077095,2026-05-04T21:53:34.807709,31.669,10031961968,2040,6251,35,100,0
1777924414.8201716,2026-05-04T21:53:34.820172,31.669,10031961968,2040,6251,35,100,0
1777924414.8326411,2026-05-04T21:53:34.832641,31.669,10031961968,2040,6251,35,100,0
1777924414.8476956,2026-05-04T21:53:34.847696,31.669,10031961968,2040,6251,35,100,0
1777924414.8602347,2026-05-04T21:53:34.860235,31.669,10031961968,2040,6251,35,100,0
1777924414.872753,2026-05-04T21:53:34.872753,31.678,10031965120,2040,6251,35,100,0
1777924414.887962,2026-05-04T21:53:34.887962,31.678,10031965120,2040,6251,35,100,0
1777924414.900504,2026-05-04T21:53:34.900504,31.678,10031965120,2040,6251,35,100,0
1777924414.9132512,2026-05-04T21:53:34.913251,31.678,10031965120,2040,6251,35,100,0
1777924414.9276586,2026-05-04T21:53:34.927659,31.678,10031965120,2040,6251,35,100,0
1777924414.9401855,2026-05-04T21:53:34.940186,31.678,10031965120,2040,6251,35,100,0
1777924414.9527636,2026-05-04T21:53:34.952764,31.678,10031965120,2040,6251,35,100,0
1777924414.9677525,2026-05-04T21:53:34.967752,31.678,10031968284,2040,6251,35,100,0
1777924414.9809794,2026-05-04T21:53:34.980979,31.687,10031968284,2040,6251,35,100,0
1777924414.9936323,2026-05-04T21:53:34.993632,31.687,10031968284,2040,6251,35,100,0
1777924415.007849,2026-05-04T21:53:35.007849,31.687,10031968284,2040,6251,35,100,0
1777924415.0204241,2026-05-04T21:53:35.020424,31.687,10031968284,2040,6251,35,100,0
1777924415.0329604,2026-05-04T21:53:35.032960,31.687,10031968284,2040,6251,35,100,0
1777924415.0476277,2026-05-04T21:53:35.047628,31.687,10031968284,2040,6251,35,100,0
1777924415.0602765,2026-05-04T21:53:35.060277,31.687,10031968284,2040,6251,35,100,0
1777924415.072868,2026-05-04T21:53:35.072868,31.687,10031971464,2040,6251,35,100,0
1777924415.0878584,2026-05-04T21:53:35.087858,31.687,10031971464,2040,6251,35,100,0
1777924415.1003473,2026-05-04T21:53:35.100347,31.687,10031971464,2040,6251,35,100,0
1777924415.1130748,2026-05-04T21:53:35.113075,31.687,10031971464,2040,6251,35,100,0
1777924415.127627,2026-05-04T21:53:35.127627,31.687,10031971464,2040,6251,35,100,0
1777924415.1400547,2026-05-04T21:53:35.140055,31.687,10031971464,2040,6251,35,100,0
1777924415.1526346,2026-05-04T21:53:35.152635,31.687,10031971464,2040,6251,35,100,0
1777924415.1676955,2026-05-04T21:53:35.167696,31.687,10031974604,2040,6251,35,100,0
1777924415.180893,2026-05-04T21:53:35.180893,31.704,10031974604,2040,6251,35,100,0
1777924415.1936138,2026-05-04T21:53:35.193614,31.704,10031974604,2040,6251,35,100,0
1777924415.2074347,2026-05-04T21:53:35.207435,31.704,10031974604,2040,6251,35,100,0
1777924415.2198548,2026-05-04T21:53:35.219855,31.704,10031974604,2040,6251,35,100,0
1777924415.2325354,2026-05-04T21:53:35.232535,31.704,10031974604,2040,6251,35,100,0
1777924415.2474444,2026-05-04T21:53:35.247444,31.704,10031974604,2040,6251,35,100,0
1777924415.2597907,2026-05-04T21:53:35.259791,31.704,10031974604,2040,6251,35,100,0
1777924415.2724276,2026-05-04T21:53:35.272428,31.705,10031977746,2040,6251,35,100,0
1777924415.2879272,2026-05-04T21:53:35.287927,31.705,10031977746,2040,6251,35,100,0
1777924415.300323,2026-05-04T21:53:35.300323,31.705,10031977746,2040,6251,35,100,0
1777924415.312896,2026-05-04T21:53:35.312896,31.705,10031977746,2040,6251,35,100,0
1777924415.327478,2026-05-04T21:53:35.327478,31.705,10031977746,2040,6251,35,100,0
1777924415.3398516,2026-05-04T21:53:35.339852,31.705,10031977746,2040,6251,35,100,0
1777924415.3523788,2026-05-04T21:53:35.352379,31.705,10031977746,2040,6251,35,100,0
1777924415.367359,2026-05-04T21:53:35.367359,31.705,10031977746,2040,6251,35,100,0
1777924415.3797195,2026-05-04T21:53:35.379719,31.598,10031980891,2040,6251,35,100,0
1777924415.392192,2026-05-04T21:53:35.392192,31.598,10031980891,2040,6251,35,100,0
1777924415.4072978,2026-05-04T21:53:35.407298,31.598,10031980891,2040,6251,35,100,0
1777924415.4195344,2026-05-04T21:53:35.419534,31.598,10031980891,2040,6251,35,100,0
1777924415.4319015,2026-05-04T21:53:35.431901,31.598,10031980891,2040,6251,35,100,0
1777924415.4472795,2026-05-04T21:53:35.447279,31.598,10031980891,2040,6251,35,100,0
1777924415.459653,2026-05-04T21:53:35.459653,31.598,10031980891,2040,6251,35,100,0
1777924415.4720368,2026-05-04T21:53:35.472037,31.537,10031983921,2040,6251,35,100,0
1777924415.4875016,2026-05-04T21:53:35.487502,31.537,10031983921,2040,6251,35,100,0
1777924415.4999132,2026-05-04T21:53:35.499913,31.537,10031983921,2040,6251,35,100,0
1777924415.5124,2026-05-04T21:53:35.512400,31.537,10031983921,2040,6251,35,100,0
1777924415.5273862,2026-05-04T21:53:35.527386,31.537,10031983921,2040,6251,35,100,0
1777924415.5396185,2026-05-04T21:53:35.539618,31.537,10031983921,2040,6251,35,100,0
1777924415.5606964,2026-05-04T21:53:35.560696,31.537,10031983921,2040,6251,35,100,0
1777924415.5785468,2026-05-04T21:53:35.578547,31.766,10031987116,2040,6251,35,100,0
1777924415.6023457,2026-05-04T21:53:35.602346,31.766,10031987116,2040,6251,35,100,0
1777924415.6230683,2026-05-04T21:53:35.623068,31.766,10031987116,2040,6251,35,100,0
1777924415.6433406,2026-05-04T21:53:35.643341,31.766,10031987116,2040,6251,35,100,0
1777924415.6614633,2026-05-04T21:53:35.661463,31.766,10031987116,2040,6251,35,100,0
1777924415.67902,2026-05-04T21:53:35.679020,32.101,10031990622,2040,6251,35,100,0
1777924415.698871,2026-05-04T21:53:35.698871,32.101,10031990622,2040,6251,35,100,0
1777924415.7173147,2026-05-04T21:53:35.717315,32.101,10031990622,2040,6251,35,100,0
1777924415.7387319,2026-05-04T21:53:35.738732,32.101,10031990622,2040,6251,35,100,0
1777924415.758485,2026-05-04T21:53:35.758485,32.101,10031990622,2040,6251,35,100,0
1777924415.7774212,2026-05-04T21:53:35.777421,32.436,10031994141,2040,6251,35,100,0
1777924415.798069,2026-05-04T21:53:35.798069,32.436,10031994141,2040,6251,35,100,0
1777924415.8166287,2026-05-04T21:53:35.816629,32.436,10031994141,2040,6251,35,100,0
1777924415.8323953,2026-05-04T21:53:35.832395,32.436,10031994141,2040,6251,35,100,0
1777924415.8504121,2026-05-04T21:53:35.850412,32.436,10031994141,2040,6251,35,100,0
1777924415.8713284,2026-05-04T21:53:35.871328,32.436,10031997660,2040,6251,35,100,0
1777924415.8896308,2026-05-04T21:53:35.889631,32.754,10031997660,2040,6251,35,100,0
1777924415.909374,2026-05-04T21:53:35.909374,32.754,10031997660,2040,6251,35,100,0
1777924415.9302003,2026-05-04T21:53:35.930200,32.754,10031997660,2040,6251,35,100,0
1777924415.951149,2026-05-04T21:53:35.951149,32.754,10031997660,2040,6251,35,100,0
1777924415.9712524,2026-05-04T21:53:35.971252,32.754,10032001177,2040,6251,35,100,0
1777924415.9933887,2026-05-04T21:53:35.993389,33.096,10032001177,2040,6251,35,100,1
1777924416.0126925,2026-05-04T21:53:36.012692,33.096,10032001177,2040,6251,35,100,1
1777924416.0300744,2026-05-04T21:53:36.030074,33.096,10032001177,2040,6251,35,100,1
1777924416.0515153,2026-05-04T21:53:36.051515,33.096,10032001177,2040,6251,35,100,1
1777924416.06944,2026-05-04T21:53:36.069440,33.096,10032004696,2040,6251,35,100,1
1777924416.0906835,2026-05-04T21:53:36.090683,33.414,10032004696,2040,6251,35,100,1
1777924416.1128924,2026-05-04T21:53:36.112892,33.414,10032004696,2040,6251,35,100,1
1777924416.1316288,2026-05-04T21:53:36.131629,33.414,10032004696,2040,6251,35,100,1
1777924416.151106,2026-05-04T21:53:36.151106,33.414,10032004696,2040,6251,35,100,1
1777924416.1717968,2026-05-04T21:53:36.171797,33.414,10032008214,2040,6251,35,100,1
1777924416.1939988,2026-05-04T21:53:36.193999,33.738,10032008214,2040,6251,35,100,1
1777924416.2106435,2026-05-04T21:53:36.210644,33.738,10032008214,2040,6251,35,100,1
1777924416.2309077,2026-05-04T21:53:36.230908,33.738,10032008214,2040,6251,35,100,1
1777924416.2525015,2026-05-04T21:53:36.252501,33.738,10032008214,2040,6251,35,100,1
1777924416.272377,2026-05-04T21:53:36.272377,33.738,10032011732,2040,6251,35,100,1
1777924416.2920508,2026-05-04T21:53:36.292051,34.056,10032011732,2040,6251,35,100,1
1777924416.3117263,2026-05-04T21:53:36.311726,34.056,10032011732,2040,6251,35,100,1
1777924416.3307295,2026-05-04T21:53:36.330729,34.056,10032011732,2040,6251,35,100,1
1777924416.34891,2026-05-04T21:53:36.348910,34.056,10032011732,2040,6251,35,100,1
1777924416.36523,2026-05-04T21:53:36.365230,34.056,10032015254,2040,6251,35,100,1
1777924416.3830519,2026-05-04T21:53:36.383052,34.056,10032015254,2040,6251,35,100,1
1777924416.401402,2026-05-04T21:53:36.401402,34.769,10032015254,2040,6251,35,100,1
1777924416.4218469,2026-05-04T21:53:36.421847,34.769,10032015254,2040,6251,35,100,1
1777924416.4399185,2026-05-04T21:53:36.439919,34.769,10032015254,2040,6251,35,100,1
1777924416.4560874,2026-05-04T21:53:36.456087,34.769,10032015254,2040,6251,35,100,1
1777924416.4742057,2026-05-04T21:53:36.474206,34.769,10032018767,2040,6251,35,100,1
1777924416.49187,2026-05-04T21:53:36.491870,34.769,10032018767,2040,6251,35,100,1
1777924416.5130122,2026-05-04T21:53:36.513012,34.804,10032018767,2040,6251,35,100,1
1777924416.5312057,2026-05-04T21:53:36.531206,34.804,10032018767,2040,6251,35,100,1
1777924416.5494041,2026-05-04T21:53:36.549404,34.804,10032018767,2040,6251,35,100,1
1777924416.571231,2026-05-04T21:53:36.571231,34.804,10032022281,2040,6251,35,100,1
1777924416.592735,2026-05-04T21:53:36.592735,34.804,10032022281,2040,6251,35,100,1
1777924416.6119273,2026-05-04T21:53:36.611927,35.197,10032022281,2040,6251,35,100,1
1777924416.6307695,2026-05-04T21:53:36.630769,35.197,10032022281,2040,6251,35,100,1
1777924416.6509323,2026-05-04T21:53:36.650932,35.197,10032022281,2040,6251,35,100,1
1777924416.6690087,2026-05-04T21:53:36.669009,35.197,10032025791,2040,6251,35,100,1
1777924416.690727,2026-05-04T21:53:36.690727,35.197,10032025791,2040,6251,35,100,1
1777924416.711047,2026-05-04T21:53:36.711047,35.241,10032025791,2040,6251,35,100,1
1777924416.730161,2026-05-04T21:53:36.730161,35.241,10032025791,2040,6251,35,100,1
1777924416.747396,2026-05-04T21:53:36.747396,35.241,10032025791,2040,6251,35,100,1
1777924416.7600024,2026-05-04T21:53:36.760002,35.241,10032025791,2040,6251,35,100,1
1777924416.7728376,2026-05-04T21:53:36.772838,35.241,10032029465,2040,6251,35,100,1
1777924416.7878318,2026-05-04T21:53:36.787832,35.241,10032029465,2040,6251,35,100,1
1777924416.8102117,2026-05-04T21:53:36.810212,35.732,10032029465,2040,6251,35,100,1
1777924416.8317668,2026-05-04T21:53:36.831767,35.732,10032029465,2040,6251,35,100,1
1777924416.847001,2026-05-04T21:53:36.847001,35.732,10032029465,2040,6251,35,100,1
1777924416.8594522,2026-05-04T21:53:36.859452,35.732,10032029465,2040,6251,35,100,1
1777924416.8783274,2026-05-04T21:53:36.878327,35.732,10032033265,2040,6251,35,100,1
1777924416.8975666,2026-05-04T21:53:36.897567,35.732,10032033265,2040,6251,35,100,1
1777924416.9166539,2026-05-04T21:53:36.916654,35.801,10032033265,2040,6251,35,100,1
1777924416.9351497,2026-05-04T21:53:36.935150,35.801,10032033265,2040,6251,35,100,1
1777924416.9512982,2026-05-04T21:53:36.951298,35.801,10032033265,2040,6251,35,100,1
1777924416.9698474,2026-05-04T21:53:36.969847,35.801,10032036749,2040,6251,35,100,1
1777924416.989238,2026-05-04T21:53:36.989238,35.801,10032036749,2040,6251,35,100,1
1777924417.0113006,2026-05-04T21:53:37.011301,35.774,10032036749,2040,6251,35,100,0
1777924417.0318372,2026-05-04T21:53:37.031837,35.774,10032036749,2040,6251,35,100,0
1777924417.0469663,2026-05-04T21:53:37.046966,35.774,10032036749,2040,6251,35,100,0
1777924417.0643249,2026-05-04T21:53:37.064325,35.774,10032040380,2040,6251,35,100,0
1777924417.0826857,2026-05-04T21:53:37.082686,35.774,10032040380,2040,6251,35,100,0
1777924417.1000047,2026-05-04T21:53:37.100005,35.774,10032040380,2040,6251,35,100,0
1777924417.1175547,2026-05-04T21:53:37.117555,35.865,10032040380,2040,6251,35,100,0
1777924417.1323433,2026-05-04T21:53:37.132343,35.865,10032040380,2040,6251,35,100,0
1777924417.1509392,2026-05-04T21:53:37.150939,35.865,10032040380,2040,6251,35,100,0
1777924417.1686397,2026-05-04T21:53:37.168640,35.865,10032043978,2040,6251,35,100,0
1777924417.1910374,2026-05-04T21:53:37.191037,35.865,10032043978,2040,6251,35,100,0
1777924417.2083368,2026-05-04T21:53:37.208337,35.865,10032043978,2040,6251,35,100,0
1777924417.22695,2026-05-04T21:53:37.226950,35.828,10032043978,2040,6251,35,100,1
1777924417.2396586,2026-05-04T21:53:37.239659,35.828,10032043978,2040,6251,35,100,1
1777924417.2524326,2026-05-04T21:53:37.252433,35.828,10032043978,2040,6251,35,100,1
1777924417.2669516,2026-05-04T21:53:37.266952,35.828,10032047803,2040,6251,35,100,1
1777924417.2803593,2026-05-04T21:53:37.280359,35.828,10032047803,2040,6251,35,100,1
1777924417.2931335,2026-05-04T21:53:37.293133,35.828,10032047803,2040,6251,35,100,1
1777924417.3068743,2026-05-04T21:53:37.306874,35.828,10032047803,2040,6251,35,100,1
1777924417.3197813,2026-05-04T21:53:37.319781,36.468,10032047803,2040,6251,35,100,1
1777924417.3326192,2026-05-04T21:53:37.332619,36.468,10032047803,2040,6251,35,100,1
1777924417.3470104,2026-05-04T21:53:37.347010,36.468,10032047803,2040,6251,35,100,1
1777924417.359645,2026-05-04T21:53:37.359645,36.468,10032047803,2040,6251,35,100,1
1777924417.3724678,2026-05-04T21:53:37.372468,36.468,10032052234,2040,6251,35,100,1
1777924417.3878164,2026-05-04T21:53:37.387816,36.468,10032052234,2040,6251,35,100,1
1777924417.4003587,2026-05-04T21:53:37.400359,36.468,10032052234,2040,6251,35,100,1
1777924417.4141963,2026-05-04T21:53:37.414196,37.236,10032052234,2040,6251,36,100,6
1777924417.4270852,2026-05-04T21:53:37.427085,37.236,10032052234,2040,6251,36,100,6
1777924417.43961,2026-05-04T21:53:37.439610,37.236,10032052234,2040,6251,36,100,6
1777924417.4523964,2026-05-04T21:53:37.452396,37.236,10032052234,2040,6251,36,100,6
1777924417.4668214,2026-05-04T21:53:37.466821,37.236,10032056406,2040,6251,36,100,6
1777924417.4802337,2026-05-04T21:53:37.480234,37.236,10032056406,2040,6251,36,100,6
1777924417.4928148,2026-05-04T21:53:37.492815,37.236,10032056406,2040,6251,36,100,6
1777924417.5068107,2026-05-04T21:53:37.506811,37.236,10032056406,2040,6251,36,100,6
1777924417.5193112,2026-05-04T21:53:37.519311,37.511,10032056406,2040,6251,36,100,6
1777924417.5319393,2026-05-04T21:53:37.531939,37.511,10032056406,2040,6251,36,100,6
1777924417.5467944,2026-05-04T21:53:37.546794,37.511,10032056406,2040,6251,36,100,6
1777924417.5593877,2026-05-04T21:53:37.559388,37.511,10032056406,2040,6251,36,100,6
1777924417.5719469,2026-05-04T21:53:37.571947,37.511,10032059622,2040,6251,36,100,6
1777924417.5874708,2026-05-04T21:53:37.587471,37.511,10032059622,2040,6251,36,100,6
1777924417.6000268,2026-05-04T21:53:37.600027,37.511,10032059622,2040,6251,36,100,6
1777924417.6139703,2026-05-04T21:53:37.613970,36.995,10032059622,2040,6251,35,100,0
1777924417.6271489,2026-05-04T21:53:37.627149,36.995,10032059622,2040,6251,35,100,0
1777924417.639675,2026-05-04T21:53:37.639675,36.995,10032059622,2040,6251,35,100,0
1777924417.6522763,2026-05-04T21:53:37.652276,36.995,10032059622,2040,6251,35,100,0
1777924417.667001,2026-05-04T21:53:37.667001,36.995,10032062800,2040,6251,35,100,0
1777924417.6801112,2026-05-04T21:53:37.680111,36.995,10032062800,2040,6251,35,100,0
1777924417.6926262,2026-05-04T21:53:37.692626,36.995,10032062800,2040,6251,35,100,0
1777924417.7067134,2026-05-04T21:53:37.706713,36.995,10032062800,2040,6251,35,100,0
1777924417.7192702,2026-05-04T21:53:37.719270,36.825,10032062800,2040,6251,35,100,0
1777924417.731967,2026-05-04T21:53:37.731967,36.825,10032062800,2040,6251,35,100,0
1777924417.7466724,2026-05-04T21:53:37.746672,36.825,10032062800,2040,6251,35,100,0
1777924417.7592158,2026-05-04T21:53:37.759216,36.825,10032062800,2040,6251,35,100,0
1777924417.7717693,2026-05-04T21:53:37.771769,36.825,10032065958,2040,6251,35,100,0
1777924417.7874506,2026-05-04T21:53:37.787451,36.825,10032065958,2040,6251,35,100,0
1777924417.8000216,2026-05-04T21:53:37.800022,36.825,10032065958,2040,6251,35,100,0
1777924417.8125622,2026-05-04T21:53:37.812562,36.371,10032065958,2040,6251,35,100,0
1777924417.8269331,2026-05-04T21:53:37.826933,36.371,10032065958,2040,6251,35,100,0
1777924417.8394637,2026-05-04T21:53:37.839464,36.371,10032065958,2040,6251,35,100,0
1777924417.851957,2026-05-04T21:53:37.851957,36.371,10032065958,2040,6251,35,100,0
1777924417.866686,2026-05-04T21:53:37.866686,36.371,10032069117,2040,6251,35,100,0
1777924417.8799903,2026-05-04T21:53:37.879990,36.371,10032069117,2040,6251,35,100,0
1777924417.8926704,2026-05-04T21:53:37.892670,36.371,10032069117,2040,6251,35,100,0
1777924417.9066668,2026-05-04T21:53:37.906667,36.371,10032069117,2040,6251,35,100,0
1777924417.9192421,2026-05-04T21:53:37.919242,35.475,10032069117,2040,6251,35,100,0
1777924417.931968,2026-05-04T21:53:37.931968,35.475,10032069117,2040,6251,35,100,0
1777924417.946902,2026-05-04T21:53:37.946902,35.475,10032069117,2040,6251,35,100,0
1777924417.9594684,2026-05-04T21:53:37.959468,35.475,10032069117,2040,6251,35,100,0
1777924417.9721205,2026-05-04T21:53:37.972121,35.475,10032072285,2040,6251,35,100,0
1777924417.987272,2026-05-04T21:53:37.987272,35.475,10032072285,2040,6251,35,100,0
1777924417.9998965,2026-05-04T21:53:37.999897,35.475,10032072285,2040,6251,35,100,0
1777924418.0124738,2026-05-04T21:53:38.012474,35.142,10032072285,2040,6251,35,100,0
1777924418.0266635,2026-05-04T21:53:38.026664,35.142,10032072285,2040,6251,35,100,0
1777924418.0392668,2026-05-04T21:53:38.039267,35.142,10032072285,2040,6251,35,100,0
1777924418.0519307,2026-05-04T21:53:38.051931,35.142,10032072285,2040,6251,35,100,0
1777924418.066631,2026-05-04T21:53:38.066631,35.142,10032075460,2040,6251,35,100,0
1777924418.0799844,2026-05-04T21:53:38.079984,35.142,10032075460,2040,6251,35,100,0
1777924418.0925875,2026-05-04T21:53:38.092587,35.142,10032075460,2040,6251,35,100,0
1777924418.1065507,2026-05-04T21:53:38.106551,35.142,10032075460,2040,6251,35,100,0
1777924418.1191423,2026-05-04T21:53:38.119142,34.84,10032075460,2040,6251,35,100,0
1777924418.1318674,2026-05-04T21:53:38.131867,34.84,10032075460,2040,6251,35,100,0
1777924418.1465685,2026-05-04T21:53:38.146569,34.84,10032075460,2040,6251,35,100,0
1777924418.1590624,2026-05-04T21:53:38.159062,34.84,10032075460,2040,6251,35,100,0
1777924418.1716082,2026-05-04T21:53:38.171608,34.84,10032078632,2040,6251,35,100,0
1777924418.189323,2026-05-04T21:53:38.189323,34.84,10032078632,2040,6251,35,100,0
1777924418.201931,2026-05-04T21:53:38.201931,34.84,10032078632,2040,6251,35,100,0
1777924418.2145147,2026-05-04T21:53:38.214515,34.472,10032078632,2040,6251,35,100,0
1777924418.2272222,2026-05-04T21:53:38.227222,34.472,10032078632,2040,6251,35,100,0
1777924418.2397668,2026-05-04T21:53:38.239767,34.472,10032078632,2040,6251,35,100,0
1777924418.2523654,2026-05-04T21:53:38.252365,34.472,10032078632,2040,6251,35,100,0
1777924418.2666137,2026-05-04T21:53:38.266614,34.472,10032081813,2040,6251,35,100,0
1777924418.2799728,2026-05-04T21:53:38.279973,34.472,10032081813,2040,6251,35,100,0
1777924418.2928436,2026-05-04T21:53:38.292844,34.472,10032081813,2040,6251,35,100,0
1777924418.30651,2026-05-04T21:53:38.306510,34.472,10032081813,2040,6251,35,100,0
1777924418.3189483,2026-05-04T21:53:38.318948,34.155,10032081813,2040,6251,35,100,0
1777924418.331479,2026-05-04T21:53:38.331479,34.155,10032081813,2040,6251,35,100,0
1777924418.3465872,2026-05-04T21:53:38.346587,34.155,10032081813,2040,6251,35,100,0
1777924418.3590243,2026-05-04T21:53:38.359024,34.155,10032081813,2040,6251,35,100,0
1777924418.3714921,2026-05-04T21:53:38.371492,34.155,10032084969,2040,6251,35,100,0
1777924418.3893752,2026-05-04T21:53:38.389375,34.155,10032084969,2040,6251,35,100,0
1777924418.4019048,2026-05-04T21:53:38.401905,34.155,10032084969,2040,6251,35,100,0
1777924418.4145155,2026-05-04T21:53:38.414515,33.29,10032084969,2040,6251,35,100,0
1777924418.42734,2026-05-04T21:53:38.427340,33.29,10032084969,2040,6251,35,100,0
1777924418.439724,2026-05-04T21:53:38.439724,33.29,10032084969,2040,6251,35,100,0
1777924418.452324,2026-05-04T21:53:38.452324,33.29,10032084969,2040,6251,35,100,0
1777924418.4665604,2026-05-04T21:53:38.466560,33.29,10032088135,2040,6251,35,100,0
1777924418.4798317,2026-05-04T21:53:38.479832,33.29,10032088135,2040,6251,35,100,0
1777924418.4924202,2026-05-04T21:53:38.492420,33.29,10032088135,2040,6251,35,100,0
1777924418.5068514,2026-05-04T21:53:38.506851,33.29,10032088135,2040,6251,35,100,0
1777924418.519412,2026-05-04T21:53:38.519412,32.125,10032088135,2040,6251,35,100,0
1777924418.5320394,2026-05-04T21:53:38.532039,32.125,10032088135,2040,6251,35,100,0
1777924418.5464752,2026-05-04T21:53:38.546475,32.125,10032088135,2040,6251,35,100,0
1777924418.5589244,2026-05-04T21:53:38.558924,32.125,10032088135,2040,6251,35,100,0
1777924418.5715559,2026-05-04T21:53:38.571556,32.125,10032091323,2040,6251,35,100,0
1777924418.5894115,2026-05-04T21:53:38.589411,32.125,10032091323,2040,6251,35,100,0
1777924418.601865,2026-05-04T21:53:38.601865,32.125,10032091323,2040,6251,35,100,0
1777924418.614307,2026-05-04T21:53:38.614307,31.734,10032091323,2040,6251,35,100,0
1777924418.6269164,2026-05-04T21:53:38.626916,31.734,10032091323,2040,6251,35,100,0
1777924418.6393604,2026-05-04T21:53:38.639360,31.734,10032091323,2040,6251,35,100,0
1777924418.65194,2026-05-04T21:53:38.651940,31.734,10032091323,2040,6251,35,100,0
1777924418.6664038,2026-05-04T21:53:38.666404,31.734,10032094472,2040,6251,35,100,0
1777924418.6797993,2026-05-04T21:53:38.679799,31.734,10032094472,2040,6251,35,100,0
1777924418.69233,2026-05-04T21:53:38.692330,31.734,10032094472,2040,6251,35,100,0
1777924418.706302,2026-05-04T21:53:38.706302,31.734,10032094472,2040,6251,35,100,0
1777924418.718552,2026-05-04T21:53:38.718552,31.671,10032094472,2040,6251,35,100,0
1777924418.731024,2026-05-04T21:53:38.731024,31.671,10032094472,2040,6251,35,100,0
1777924418.7462356,2026-05-04T21:53:38.746236,31.671,10032094472,2040,6251,35,100,0
1777924418.7586074,2026-05-04T21:53:38.758607,31.671,10032094472,2040,6251,35,100,0
1777924418.7710278,2026-05-04T21:53:38.771028,31.671,10032097554,2040,6251,35,100,0
1777924418.788098,2026-05-04T21:53:38.788098,31.671,10032097554,2040,6251,35,100,0
1777924418.8007827,2026-05-04T21:53:38.800783,31.671,10032097554,2040,6251,35,100,0
1777924418.8133054,2026-05-04T21:53:38.813305,31.601,10032097554,2040,6251,35,100,0
1777924418.8264902,2026-05-04T21:53:38.826490,31.601,10032097554,2040,6251,35,100,0
1777924418.8389363,2026-05-04T21:53:38.838936,31.601,10032097554,2040,6251,35,100,0
1777924418.8515701,2026-05-04T21:53:38.851570,31.601,10032097554,2040,6251,35,100,0
1777924418.8663135,2026-05-04T21:53:38.866313,31.601,10032100682,2040,6251,35,100,0
1777924418.8797493,2026-05-04T21:53:38.879749,31.601,10032100682,2040,6251,35,100,0
1777924418.892388,2026-05-04T21:53:38.892388,31.601,10032100682,2040,6251,35,100,0
1777924418.906349,2026-05-04T21:53:38.906349,31.601,10032100682,2040,6251,35,100,0
1777924418.9187438,2026-05-04T21:53:38.918744,31.593,10032100682,2040,6251,35,100,0
1777924418.9313838,2026-05-04T21:53:38.931384,31.593,10032100682,2040,6251,35,100,0
1777924418.9462957,2026-05-04T21:53:38.946296,31.593,10032100682,2040,6251,35,100,0
1777924418.9587123,2026-05-04T21:53:38.958712,31.593,10032100682,2040,6251,35,100,0
1777924418.9713042,2026-05-04T21:53:38.971304,31.593,10032103796,2040,6251,35,100,0
1777924418.989014,2026-05-04T21:53:38.989014,31.593,10032103796,2040,6251,35,100,0
1777924419.0014052,2026-05-04T21:53:39.001405,31.593,10032103796,2040,6251,35,100,0
1777924419.0139174,2026-05-04T21:53:39.013917,31.54,10032103796,2040,6251,35,100,0
1777924419.0265346,2026-05-04T21:53:39.026535,31.54,10032103796,2040,6251,35,100,0
1777924419.0517726,2026-05-04T21:53:39.051773,31.54,10032103796,2040,6251,35,100,0
1777924419.072685,2026-05-04T21:53:39.072685,31.54,10032107020,2040,6251,35,100,0
1777924419.0918887,2026-05-04T21:53:39.091889,31.54,10032107020,2040,6251,35,100,0
1777924419.1075993,2026-05-04T21:53:39.107599,31.54,10032107020,2040,6251,35,100,0
1777924419.1307127,2026-05-04T21:53:39.130713,31.786,10032107020,2040,6251,35,100,0
1777924419.1493766,2026-05-04T21:53:39.149377,31.786,10032107020,2040,6251,35,100,0
1777924419.1702774,2026-05-04T21:53:39.170277,31.786,10032110511,2040,6251,35,100,0
1777924419.195679,2026-05-04T21:53:39.195679,31.786,10032110511,2040,6251,35,100,0
1777924419.21532,2026-05-04T21:53:39.215320,31.786,10032110511,2040,6251,35,100,0
1777924419.2329664,2026-05-04T21:53:39.232966,32.112,10032110511,2040,6251,35,100,0
1777924419.252403,2026-05-04T21:53:39.252403,32.112,10032110511,2040,6251,35,100,0
1777924419.273806,2026-05-04T21:53:39.273806,32.112,10032114028,2040,6251,35,100,0
1777924419.2941208,2026-05-04T21:53:39.294121,32.112,10032114028,2040,6251,35,100,0
1777924419.3136957,2026-05-04T21:53:39.313696,32.112,10032114028,2040,6251,35,100,0
1777924419.334067,2026-05-04T21:53:39.334067,32.429,10032114028,2040,6251,35,100,0
1777924419.3537996,2026-05-04T21:53:39.353800,32.429,10032114028,2040,6251,35,100,0
1777924419.3736029,2026-05-04T21:53:39.373603,32.429,10032117540,2040,6251,35,100,0
1777924419.3928518,2026-05-04T21:53:39.392852,32.429,10032117540,2040,6251,35,100,0
1777924419.4099686,2026-05-04T21:53:39.409969,32.429,10032117540,2040,6251,35,100,0
1777924419.4298215,2026-05-04T21:53:39.429821,32.728,10032117540,2040,6251,35,100,0
1777924419.4506633,2026-05-04T21:53:39.450663,32.728,10032117540,2040,6251,35,100,0
1777924419.4707258,2026-05-04T21:53:39.470726,32.728,10032121062,2040,6251,35,100,0
1777924419.4903839,2026-05-04T21:53:39.490384,32.728,10032121062,2040,6251,35,100,0
1777924419.5096323,2026-05-04T21:53:39.509632,32.728,10032121062,2040,6251,35,100,0
1777924419.5291185,2026-05-04T21:53:39.529119,33.079,10032121062,2040,6251,35,100,0
1777924419.554954,2026-05-04T21:53:39.554954,33.079,10032121062,2040,6251,35,100,0
1777924419.57165,2026-05-04T21:53:39.571650,33.079,10032124583,2040,6251,35,100,0
1777924419.592376,2026-05-04T21:53:39.592376,33.079,10032124583,2040,6251,35,100,0
1777924419.6120696,2026-05-04T21:53:39.612070,33.079,10032124583,2040,6251,35,100,0
1777924419.630069,2026-05-04T21:53:39.630069,33.37,10032124583,2040,6251,35,100,1
1777924419.6496272,2026-05-04T21:53:39.649627,33.37,10032124583,2040,6251,35,100,1
1777924419.670824,2026-05-04T21:53:39.670824,33.37,10032128105,2040,6251,35,100,1
1777924419.6905837,2026-05-04T21:53:39.690584,33.37,10032128105,2040,6251,35,100,1
1777924419.7116563,2026-05-04T21:53:39.711656,33.37,10032128105,2040,6251,35,100,1
1777924419.732732,2026-05-04T21:53:39.732732,33.686,10032128105,2040,6251,35,100,1
1777924419.7529526,2026-05-04T21:53:39.752953,33.686,10032128105,2040,6251,35,100,1
1777924419.7719355,2026-05-04T21:53:39.771935,33.686,10032131624,2040,6251,35,100,1
1777924419.7911031,2026-05-04T21:53:39.791103,33.686,10032131624,2040,6251,35,100,1
1777924419.8114097,2026-05-04T21:53:39.811410,33.686,10032131624,2040,6251,35,100,1
1777924419.8324711,2026-05-04T21:53:39.832471,34.067,10032131624,2040,6251,35,100,1
1777924419.8548505,2026-05-04T21:53:39.854851,34.067,10032131624,2040,6251,35,100,1
1777924419.8746223,2026-05-04T21:53:39.874622,34.067,10032135134,2040,6251,35,100,1
1777924419.8943443,2026-05-04T21:53:39.894344,34.067,10032135134,2040,6251,35,100,1
1777924419.9151013,2026-05-04T21:53:39.915101,34.067,10032135134,2040,6251,35,100,1
1777924419.9353178,2026-05-04T21:53:39.935318,34.45,10032135134,2040,6251,35,100,1
1777924419.9529085,2026-05-04T21:53:39.952909,34.45,10032135134,2040,6251,35,100,1
1777924419.9722426,2026-05-04T21:53:39.972243,34.45,10032138645,2040,6251,35,100,1
1777924419.9924586,2026-05-04T21:53:39.992459,34.45,10032138645,2040,6251,35,100,1
1777924420.0118196,2026-05-04T21:53:40.011820,34.45,10032138645,2040,6251,35,100,1
1777924420.0310562,2026-05-04T21:53:40.031056,34.769,10032138645,2040,6251,35,100,0
1777924420.0533023,2026-05-04T21:53:40.053302,34.769,10032138645,2040,6251,35,100,0
1777924420.073211,2026-05-04T21:53:40.073211,34.769,10032142158,2040,6251,35,100,0
1777924420.0907161,2026-05-04T21:53:40.090716,34.769,10032142158,2040,6251,35,100,0
1777924420.1110263,2026-05-04T21:53:40.111026,34.769,10032142158,2040,6251,35,100,0
1777924420.132531,2026-05-04T21:53:40.132531,35.151,10032142158,2040,6251,35,100,0
1777924420.1544504,2026-05-04T21:53:40.154450,35.151,10032142158,2040,6251,35,100,0
1777924420.167221,2026-05-04T21:53:40.167221,35.151,10032145766,2040,6251,35,100,0
1777924420.179829,2026-05-04T21:53:40.179829,35.151,10032145766,2040,6251,35,100,0
1777924420.1925652,2026-05-04T21:53:40.192565,35.151,10032145766,2040,6251,35,100,0
1777924420.2060091,2026-05-04T21:53:40.206009,35.151,10032145766,2040,6251,35,100,0
1777924420.218839,2026-05-04T21:53:40.218839,35.151,10032145766,2040,6251,35,100,0
1777924420.231623,2026-05-04T21:53:40.231623,35.766,10032145766,2040,6251,36,100,1
1777924420.2460465,2026-05-04T21:53:40.246047,35.766,10032145766,2040,6251,36,100,1
1777924420.2586854,2026-05-04T21:53:40.258685,35.766,10032145766,2040,6251,36,100,1
1777924420.2714136,2026-05-04T21:53:40.271414,35.766,10032149847,2040,6251,36,100,1
1777924420.286261,2026-05-04T21:53:40.286261,35.766,10032149847,2040,6251,36,100,1
1777924420.2988877,2026-05-04T21:53:40.298888,35.766,10032149847,2040,6251,36,100,1
1777924420.3131666,2026-05-04T21:53:40.313167,35.766,10032149847,2040,6251,36,100,1
1777924420.32641,2026-05-04T21:53:40.326410,36.225,10032149847,2040,6251,36,100,1
1777924420.3496685,2026-05-04T21:53:40.349669,36.225,10032149847,2040,6251,36,100,1
1777924420.3696086,2026-05-04T21:53:40.369609,36.225,10032153719,2040,6251,36,100,1
1777924420.390551,2026-05-04T21:53:40.390551,36.225,10032153719,2040,6251,36,100,1
1777924420.4086957,2026-05-04T21:53:40.408696,36.225,10032153719,2040,6251,36,100,1
1777924420.4296582,2026-05-04T21:53:40.429658,36.225,10032153719,2040,6251,36,100,2
1777924420.4534404,2026-05-04T21:53:40.453440,36.225,10032153719,2040,6251,36,100,2
1777924420.4698272,2026-05-04T21:53:40.469827,36.225,10032157281,2040,6251,36,100,2
1777924420.4860952,2026-05-04T21:53:40.486095,36.225,10032157281,2040,6251,36,100,2
1777924420.498793,2026-05-04T21:53:40.498793,36.225,10032157281,2040,6251,36,100,2
1777924420.5128748,2026-05-04T21:53:40.512875,36.225,10032157281,2040,6251,36,100,2
1777924420.528732,2026-05-04T21:53:40.528732,36.225,10032157281,2040,6251,36,100,2
1777924420.5499902,2026-05-04T21:53:40.549990,36.76,10032157281,2040,6251,36,100,2
1777924420.5710201,2026-05-04T21:53:40.571020,36.76,10032161338,2040,6251,36,100,2
1777924420.5866234,2026-05-04T21:53:40.586623,36.76,10032161338,2040,6251,36,100,2
1777924420.599193,2026-05-04T21:53:40.599193,36.76,10032161338,2040,6251,36,100,2
1777924420.6155837,2026-05-04T21:53:40.615584,36.76,10032161338,2040,6251,36,100,2
1777924420.6371746,2026-05-04T21:53:40.637175,36.919,10032161338,2040,6251,36,100,3
1777924420.6567385,2026-05-04T21:53:40.656739,36.919,10032161338,2040,6251,36,100,3
1777924420.679389,2026-05-04T21:53:40.679389,36.919,10032165083,2040,6251,36,100,3
1777924420.6921692,2026-05-04T21:53:40.692169,36.919,10032165083,2040,6251,36,100,3
1777924420.705823,2026-05-04T21:53:40.705823,36.919,10032165083,2040,6251,36,100,3
1777924420.7188213,2026-05-04T21:53:40.718821,36.919,10032165083,2040,6251,36,100,3
1777924420.7430573,2026-05-04T21:53:40.743057,36.954,10032165083,2040,6251,36,100,3
1777924420.7708075,2026-05-04T21:53:40.770808,36.954,10032168820,2040,6251,36,100,3
1777924420.790441,2026-05-04T21:53:40.790441,36.954,10032168820,2040,6251,36,100,3
1777924420.8113482,2026-05-04T21:53:40.811348,36.954,10032168820,2040,6251,36,100,3
1777924420.8318343,2026-05-04T21:53:40.831834,36.954,10032168820,2040,6251,36,100,3
1777924420.855168,2026-05-04T21:53:40.855168,36.91,10032168820,2040,6251,35,100,1
1777924420.8768313,2026-05-04T21:53:40.876831,36.91,10032172322,2040,6251,35,100,1
1777924420.898636,2026-05-04T21:53:40.898636,36.91,10032172322,2040,6251,35,100,1
1777924420.9178543,2026-05-04T21:53:40.917854,36.91,10032172322,2040,6251,35,100,1
1777924420.9374657,2026-05-04T21:53:40.937466,36.91,10032172322,2040,6251,35,100,1
1777924420.9586532,2026-05-04T21:53:40.958653,36.927,10032172322,2040,6251,35,100,1
1777924420.9816346,2026-05-04T21:53:40.981635,36.927,10032175858,2040,6251,35,100,1
1777924420.994273,2026-05-04T21:53:40.994273,36.927,10032175858,2040,6251,35,100,1
1777924421.0171862,2026-05-04T21:53:41.017186,36.927,10032175858,2040,6251,35,100,1
1777924421.036889,2026-05-04T21:53:41.036889,36.927,10032175858,2040,6251,35,100,1
1777924421.0575528,2026-05-04T21:53:41.057553,37.095,10032175858,2040,6251,35,100,0
1777924421.0846465,2026-05-04T21:53:41.084646,37.095,10032179511,2040,6251,35,100,0
1777924421.1043198,2026-05-04T21:53:41.104320,37.095,10032179511,2040,6251,35,100,0
1777924421.1276784,2026-05-04T21:53:41.127678,37.095,10032179511,2040,6251,35,100,0
1777924421.1508315,2026-05-04T21:53:41.150831,37.057,10032179511,2040,6251,35,100,0
1777924421.1719074,2026-05-04T21:53:41.171907,37.057,10032183060,2040,6251,35,100,0
1777924421.191254,2026-05-04T21:53:41.191254,37.057,10032183060,2040,6251,35,100,0
1777924421.213882,2026-05-04T21:53:41.213882,37.057,10032183060,2040,6251,35,100,0
1777924421.2266753,2026-05-04T21:53:41.226675,37.057,10032183060,2040,6251,35,100,0
1777924421.239213,2026-05-04T21:53:41.239213,37.057,10032183060,2040,6251,35,100,0
1777924421.2519767,2026-05-04T21:53:41.251977,37.059,10032183060,2040,6251,35,100,1
1777924421.2658482,2026-05-04T21:53:41.265848,37.059,10032187145,2040,6251,35,100,1
1777924421.279086,2026-05-04T21:53:41.279086,37.059,10032187145,2040,6251,35,100,1
1777924421.2917256,2026-05-04T21:53:41.291726,37.059,10032187145,2040,6251,35,100,1
1777924421.3060174,2026-05-04T21:53:41.306017,37.059,10032187145,2040,6251,35,100,1
1777924421.3188186,2026-05-04T21:53:41.318819,37.059,10032187145,2040,6251,35,100,1
1777924421.3314035,2026-05-04T21:53:41.331403,37.059,10032187145,2040,6251,35,100,1
1777924421.3457055,2026-05-04T21:53:41.345706,37.059,10032187145,2040,6251,35,100,1
1777924421.358194,2026-05-04T21:53:41.358194,37.274,10032187145,2040,6251,36,100,1
1777924421.3707664,2026-05-04T21:53:41.370766,37.274,10032190716,2040,6251,36,100,1
1777924421.3862734,2026-05-04T21:53:41.386273,37.274,10032190716,2040,6251,36,100,1
1777924421.3986275,2026-05-04T21:53:41.398628,37.274,10032190716,2040,6251,36,100,1
1777924421.4126413,2026-05-04T21:53:41.412641,37.274,10032190716,2040,6251,36,100,1
1777924421.425777,2026-05-04T21:53:41.425777,37.274,10032190716,2040,6251,36,100,1
1777924421.43821,2026-05-04T21:53:41.438210,37.274,10032190716,2040,6251,36,100,1
1777924421.4507382,2026-05-04T21:53:41.450738,36.71,10032190716,2040,6251,35,100,1
1777924421.4656084,2026-05-04T21:53:41.465608,36.71,10032193827,2040,6251,35,100,1
1777924421.4789042,2026-05-04T21:53:41.478904,36.71,10032193827,2040,6251,35,100,1
1777924421.4915664,2026-05-04T21:53:41.491566,36.71,10032193827,2040,6251,35,100,1
1777924421.5055606,2026-05-04T21:53:41.505561,36.71,10032193827,2040,6251,35,100,1
1777924421.5184402,2026-05-04T21:53:41.518440,36.71,10032193827,2040,6251,35,100,1
1777924421.53106,2026-05-04T21:53:41.531060,36.71,10032193827,2040,6251,35,100,1
1777924421.545481,2026-05-04T21:53:41.545481,36.71,10032193827,2040,6251,35,100,1
1777924421.5579941,2026-05-04T21:53:41.557994,35.865,10032193827,2040,6251,35,100,1
1777924421.570651,2026-05-04T21:53:41.570651,35.865,10032196937,2040,6251,35,100,1
1777924421.5865753,2026-05-04T21:53:41.586575,35.865,10032196937,2040,6251,35,100,1
1777924421.5990915,2026-05-04T21:53:41.599092,35.865,10032196937,2040,6251,35,100,1
1777924421.6116498,2026-05-04T21:53:41.611650,35.865,10032196937,2040,6251,35,100,1
1777924421.625611,2026-05-04T21:53:41.625611,35.865,10032196937,2040,6251,35,100,1
1777924421.6380227,2026-05-04T21:53:41.638023,35.865,10032196937,2040,6251,35,100,1
1777924421.6506274,2026-05-04T21:53:41.650627,35.427,10032196937,2040,6251,35,100,0
1777924421.6654766,2026-05-04T21:53:41.665477,35.427,10032200032,2040,6251,35,100,0
1777924421.6788967,2026-05-04T21:53:41.678897,35.427,10032200032,2040,6251,35,100,0
1777924421.6914587,2026-05-04T21:53:41.691459,35.427,10032200032,2040,6251,35,100,0
1777924421.7054207,2026-05-04T21:53:41.705421,35.427,10032200032,2040,6251,35,100,0
1777924421.7178385,2026-05-04T21:53:41.717839,35.427,10032200032,2040,6251,35,100,0
1777924421.7305944,2026-05-04T21:53:41.730594,35.427,10032200032,2040,6251,35,100,0
1777924421.7454727,2026-05-04T21:53:41.745473,35.427,10032200032,2040,6251,35,100,0
1777924421.7578835,2026-05-04T21:53:41.757884,34.76,10032200032,2040,6251,35,100,0
1777924421.770554,2026-05-04T21:53:41.770554,34.76,10032203133,2040,6251,35,100,0
1777924421.7861338,2026-05-04T21:53:41.786134,34.76,10032203133,2040,6251,35,100,0
1777924421.7985902,2026-05-04T21:53:41.798590,34.76,10032203133,2040,6251,35,100,0
1777924421.8112907,2026-05-04T21:53:41.811291,34.76,10032203133,2040,6251,35,100,0
1777924421.8255439,2026-05-04T21:53:41.825544,34.76,10032203133,2040,6251,35,100,0
1777924421.8380709,2026-05-04T21:53:41.838071,34.76,10032203133,2040,6251,35,100,0
1777924421.850633,2026-05-04T21:53:41.850633,34.448,10032203133,2040,6251,35,100,0
1777924421.8657253,2026-05-04T21:53:41.865725,34.448,10032206271,2040,6251,35,100,0
1777924421.878802,2026-05-04T21:53:41.878802,34.448,10032206271,2040,6251,35,100,0
1777924421.891483,2026-05-04T21:53:41.891483,34.448,10032206271,2040,6251,35,100,0
1777924421.905343,2026-05-04T21:53:41.905343,34.448,10032206271,2040,6251,35,100,0
1777924421.9177752,2026-05-04T21:53:41.917775,34.448,10032206271,2040,6251,35,100,0
1777924421.9303088,2026-05-04T21:53:41.930309,34.448,10032206271,2040,6251,35,100,0
1777924421.9453135,2026-05-04T21:53:41.945313,34.448,10032206271,2040,6251,35,100,0
1777924421.9577465,2026-05-04T21:53:41.957747,34.016,10032206271,2040,6251,35,100,0
1777924421.9704196,2026-05-04T21:53:41.970420,34.016,10032209393,2040,6251,35,100,0
1777924421.9860258,2026-05-04T21:53:41.986026,34.016,10032209393,2040,6251,35,100,0
1777924421.998567,2026-05-04T21:53:41.998567,34.016,10032209393,2040,6251,35,100,0
1777924422.0112448,2026-05-04T21:53:42.011245,34.016,10032209393,2040,6251,35,100,0
1777924422.0254707,2026-05-04T21:53:42.025471,34.016,10032209393,2040,6251,35,100,0
1777924422.0380468,2026-05-04T21:53:42.038047,34.016,10032209393,2040,6251,35,100,0
1777924422.0506365,2026-05-04T21:53:42.050637,33.727,10032209393,2040,6251,35,100,0
1777924422.0653613,2026-05-04T21:53:42.065361,33.727,10032212520,2040,6251,35,100,0
1777924422.0787728,2026-05-04T21:53:42.078773,33.727,10032212520,2040,6251,35,100,0
1777924422.091408,2026-05-04T21:53:42.091408,33.727,10032212520,2040,6251,35,100,0
1777924422.1053522,2026-05-04T21:53:42.105352,33.727,10032212520,2040,6251,35,100,0
1777924422.1178606,2026-05-04T21:53:42.117861,33.727,10032212520,2040,6251,35,100,0
1777924422.130496,2026-05-04T21:53:42.130496,33.727,10032212520,2040,6251,35,100,0
1777924422.1455288,2026-05-04T21:53:42.145529,33.727,10032212520,2040,6251,35,100,0
1777924422.157964,2026-05-04T21:53:42.157964,33.408,10032212520,2040,6251,35,100,0
1777924422.170636,2026-05-04T21:53:42.170636,33.408,10032215650,2040,6251,35,100,0
1777924422.1859603,2026-05-04T21:53:42.185960,33.408,10032215650,2040,6251,35,100,0
1777924422.1985052,2026-05-04T21:53:42.198505,33.408,10032215650,2040,6251,35,100,0
1777924422.211295,2026-05-04T21:53:42.211295,33.408,10032215650,2040,6251,35,100,0
1777924422.2254076,2026-05-04T21:53:42.225408,33.408,10032215650,2040,6251,35,100,0
1777924422.2376826,2026-05-04T21:53:42.237683,33.408,10032215650,2040,6251,35,100,0
1777924422.250226,2026-05-04T21:53:42.250226,33.11,10032215650,2040,6251,35,100,0
1777924422.2653935,2026-05-04T21:53:42.265393,33.11,10032218785,2040,6251,35,100,0
1777924422.2786827,2026-05-04T21:53:42.278683,33.11,10032218785,2040,6251,35,100,0
1777924422.2912085,2026-05-04T21:53:42.291209,33.11,10032218785,2040,6251,35,100,0
1777924422.3052278,2026-05-04T21:53:42.305228,33.11,10032218785,2040,6251,35,100,0
1777924422.3176463,2026-05-04T21:53:42.317646,33.11,10032218785,2040,6251,35,100,0
1777924422.3301356,2026-05-04T21:53:42.330136,33.11,10032218785,2040,6251,35,100,0
1777924422.3451152,2026-05-04T21:53:42.345115,33.11,10032218785,2040,6251,35,100,0
1777924422.357485,2026-05-04T21:53:42.357485,32.594,10032218785,2040,6251,35,100,0
1777924422.3699565,2026-05-04T21:53:42.369956,32.594,10032221884,2040,6251,35,100,0
1777924422.3858151,2026-05-04T21:53:42.385815,32.594,10032221884,2040,6251,35,100,0
1777924422.3982036,2026-05-04T21:53:42.398204,32.594,10032221884,2040,6251,35,100,0
1777924422.4108577,2026-05-04T21:53:42.410858,32.594,10032221884,2040,6251,35,100,0
1777924422.4254827,2026-05-04T21:53:42.425483,32.594,10032221884,2040,6251,35,100,0
1777924422.443036,2026-05-04T21:53:42.443036,32.594,10032221884,2040,6251,35,100,0
1777924422.4650667,2026-05-04T21:53:42.465067,31.151,10032225136,2040,6251,35,100,0
1777924422.4882905,2026-05-04T21:53:42.488291,31.151,10032225136,2040,6251,35,100,0
1777924422.5092192,2026-05-04T21:53:42.509219,31.151,10032225136,2040,6251,35,100,0
1777924422.5303624,2026-05-04T21:53:42.530362,31.151,10032225136,2040,6251,35,100,0
1777924422.5507426,2026-05-04T21:53:42.550743,31.151,10032225136,2040,6251,35,100,0
1777924422.5706458,2026-05-04T21:53:42.570646,31.485,10032228618,2040,6251,35,100,0
1777924422.5907545,2026-05-04T21:53:42.590755,31.485,10032228618,2040,6251,35,100,0
1777924422.610791,2026-05-04T21:53:42.610791,31.485,10032228618,2040,6251,35,100,0
1777924422.631152,2026-05-04T21:53:42.631152,31.485,10032228618,2040,6251,35,100,0
1777924422.6493528,2026-05-04T21:53:42.649353,31.485,10032228618,2040,6251,35,100,0
1777924422.668587,2026-05-04T21:53:42.668587,31.845,10032232133,2040,6251,35,100,0
1777924422.6881635,2026-05-04T21:53:42.688164,31.845,10032232133,2040,6251,35,100,0
1777924422.7088733,2026-05-04T21:53:42.708873,31.845,10032232133,2040,6251,35,100,0
1777924422.727463,2026-05-04T21:53:42.727463,31.845,10032232133,2040,6251,35,100,0
1777924422.7422364,2026-05-04T21:53:42.742236,31.845,10032232133,2040,6251,35,100,0
1777924422.7587748,2026-05-04T21:53:42.758775,31.845,10032232133,2040,6251,35,100,0
1777924422.7754815,2026-05-04T21:53:42.775481,32.23,10032235655,2040,6251,35,100,0
1777924422.791567,2026-05-04T21:53:42.791567,32.23,10032235655,2040,6251,35,100,0
1777924422.8086934,2026-05-04T21:53:42.808693,32.23,10032235655,2040,6251,35,100,0
1777924422.8275707,2026-05-04T21:53:42.827571,32.23,10032235655,2040,6251,35,100,0
1777924422.849018,2026-05-04T21:53:42.849018,32.23,10032235655,2040,6251,35,100,0
1777924422.8684444,2026-05-04T21:53:42.868444,32.628,10032239165,2040,6251,35,100,1
1777924422.8866532,2026-05-04T21:53:42.886653,32.628,10032239165,2040,6251,35,100,1
1777924422.908591,2026-05-04T21:53:42.908591,32.628,10032239165,2040,6251,35,100,1
1777924422.9293807,2026-05-04T21:53:42.929381,32.628,10032239165,2040,6251,35,100,1
1777924422.9483192,2026-05-04T21:53:42.948319,32.628,10032239165,2040,6251,35,100,1
1777924422.9608924,2026-05-04T21:53:42.960892,32.628,10032239165,2040,6251,35,100,1
1777924422.973643,2026-05-04T21:53:42.973643,32.987,10032242889,2040,6251,35,100,1
1777924422.9909563,2026-05-04T21:53:42.990956,32.987,10032242889,2040,6251,35,100,1
1777924423.0087588,2026-05-04T21:53:43.008759,32.987,10032242889,2040,6251,35,100,1
1777924423.0277193,2026-05-04T21:53:43.027719,32.987,10032242889,2040,6251,35,100,1
1777924423.0478613,2026-05-04T21:53:43.047861,32.987,10032242889,2040,6251,35,100,1
1777924423.0680466,2026-05-04T21:53:43.068047,41.048,10032246509,2040,6251,35,100,1
1777924423.0883083,2026-05-04T21:53:43.088308,33.858,10032246509,2040,6251,35,100,0
1777924423.1082375,2026-05-04T21:53:43.108238,33.858,10032246509,2040,6251,35,100,0
1777924423.1309922,2026-05-04T21:53:43.130992,33.858,10032246509,2040,6251,35,100,0
1777924423.1508915,2026-05-04T21:53:43.150892,33.858,10032246509,2040,6251,35,100,0
1777924423.1681955,2026-05-04T21:53:43.168195,33.858,10032250012,2040,6251,35,100,0
1777924423.189439,2026-05-04T21:53:43.189439,34.571,10032250012,2040,6251,35,100,0
1777924423.2080622,2026-05-04T21:53:43.208062,34.571,10032250012,2040,6251,35,100,0
1777924423.228198,2026-05-04T21:53:43.228198,34.571,10032250012,2040,6251,35,100,0
1777924423.2476501,2026-05-04T21:53:43.247650,34.571,10032250012,2040,6251,35,100,0
1777924423.2690113,2026-05-04T21:53:43.269011,34.571,10032253588,2040,6251,35,100,0
1777924423.2894142,2026-05-04T21:53:43.289414,34.571,10032253588,2040,6251,35,100,0
1777924423.3091037,2026-05-04T21:53:43.309104,34.571,10032253588,2040,6251,35,100,0
1777924423.3289905,2026-05-04T21:53:43.328990,34.571,10032253588,2040,6251,35,100,0
1777924423.3450487,2026-05-04T21:53:43.345049,34.571,10032253588,2040,6251,35,100,0
1777924423.3577635,2026-05-04T21:53:43.357764,34.571,10032253588,2040,6251,35,100,0
1777924423.3705986,2026-05-04T21:53:43.370599,34.972,10032257457,2040,6251,35,100,0
1777924423.3879616,2026-05-04T21:53:43.387962,34.972,10032257457,2040,6251,35,100,0
1777924423.4004211,2026-05-04T21:53:43.400421,34.972,10032257457,2040,6251,35,100,0
1777924423.4130676,2026-05-04T21:53:43.413068,34.972,10032257457,2040,6251,35,100,0
1777924423.4256272,2026-05-04T21:53:43.425627,34.972,10032257457,2040,6251,35,100,0
1777924423.4381144,2026-05-04T21:53:43.438114,34.972,10032257457,2040,6251,35,100,0
1777924423.450632,2026-05-04T21:53:43.450632,34.972,10032257457,2040,6251,35,100,0
1777924423.4649363,2026-05-04T21:53:43.464936,34.972,10032260779,2040,6251,35,100,0
1777924423.478339,2026-05-04T21:53:43.478339,36.311,10032260779,2040,6251,35,100,3
1777924423.4909828,2026-05-04T21:53:43.490983,36.311,10032260779,2040,6251,35,100,3
1777924423.5048523,2026-05-04T21:53:43.504852,36.311,10032260779,2040,6251,35,100,3
1777924423.5173407,2026-05-04T21:53:43.517341,36.311,10032260779,2040,6251,35,100,3
1777924423.5299966,2026-05-04T21:53:43.529997,36.311,10032260779,2040,6251,35,100,3
1777924423.545124,2026-05-04T21:53:43.545124,36.311,10032260779,2040,6251,35,100,3
1777924423.5576577,2026-05-04T21:53:43.557658,36.311,10032260779,2040,6251,35,100,3
1777924423.57035,2026-05-04T21:53:43.570350,36.025,10032263875,2040,6251,35,100,3
1777924423.587674,2026-05-04T21:53:43.587674,36.025,10032263875,2040,6251,35,100,3
1777924423.600186,2026-05-04T21:53:43.600186,36.025,10032263875,2040,6251,35,100,3
1777924423.6128585,2026-05-04T21:53:43.612859,36.025,10032263875,2040,6251,35,100,3
1777924423.6254108,2026-05-04T21:53:43.625411,36.025,10032263875,2040,6251,35,100,3
1777924423.6379647,2026-05-04T21:53:43.637965,36.025,10032263875,2040,6251,35,100,3
1777924423.65064,2026-05-04T21:53:43.650640,36.025,10032263875,2040,6251,35,100,3
1777924423.6648827,2026-05-04T21:53:43.664883,36.025,10032266984,2040,6251,35,100,3
1777924423.6782389,2026-05-04T21:53:43.678239,36.025,10032266984,2040,6251,35,100,0
1777924423.690989,2026-05-04T21:53:43.690989,36.025,10032266984,2040,6251,35,100,0
1777924423.7048965,2026-05-04T21:53:43.704896,36.025,10032266984,2040,6251,35,100,0
1777924423.717411,2026-05-04T21:53:43.717411,36.025,10032266984,2040,6251,35,100,0
1777924423.7300503,2026-05-04T21:53:43.730050,36.025,10032266984,2040,6251,35,100,0
1777924423.7447703,2026-05-04T21:53:43.744770,36.025,10032266984,2040,6251,35,100,0
1777924423.7571704,2026-05-04T21:53:43.757170,36.025,10032266984,2040,6251,35,100,0
1777924423.7697551,2026-05-04T21:53:43.769755,35.306,10032270082,2040,6251,35,100,0
1777924423.7876604,2026-05-04T21:53:43.787660,35.306,10032270082,2040,6251,35,100,0
1777924423.80019,2026-05-04T21:53:43.800190,35.306,10032270082,2040,6251,35,100,0
1777924423.8128428,2026-05-04T21:53:43.812843,35.306,10032270082,2040,6251,35,100,0
1777924423.825255,2026-05-04T21:53:43.825255,35.306,10032270082,2040,6251,35,100,0
1777924423.8375885,2026-05-04T21:53:43.837589,35.306,10032270082,2040,6251,35,100,0
1777924423.8502412,2026-05-04T21:53:43.850241,35.306,10032270082,2040,6251,35,100,0
1777924423.8647726,2026-05-04T21:53:43.864773,35.306,10032273093,2040,6251,35,100,0
1777924423.8781934,2026-05-04T21:53:43.878193,35.306,10032273093,2040,6251,35,100,0
1777924423.8911138,2026-05-04T21:53:43.891114,35.306,10032273093,2040,6251,35,100,0
1777924423.9047527,2026-05-04T21:53:43.904753,35.306,10032273093,2040,6251,35,100,0
1777924423.9173524,2026-05-04T21:53:43.917352,35.306,10032273093,2040,6251,35,100,0
1777924423.9299624,2026-05-04T21:53:43.929962,35.306,10032273093,2040,6251,35,100,0
1777924423.944747,2026-05-04T21:53:43.944747,35.306,10032273093,2040,6251,35,100,0
1777924423.964976,2026-05-04T21:53:43.964976,35.306,10032275854,2040,6251,35,100,0
1777924423.978178,2026-05-04T21:53:43.978178,34.646,10032275854,2040,6251,35,100,0
1777924423.9908018,2026-05-04T21:53:43.990802,34.646,10032275854,2040,6251,35,100,0
1777924424.00475,2026-05-04T21:53:44.004750,34.646,10032275854,2040,6251,35,100,0
1777924424.0173342,2026-05-04T21:53:44.017334,34.646,10032275854,2040,6251,35,100,0
1777924424.0298843,2026-05-04T21:53:44.029884,34.646,10032275854,2040,6251,35,100,0
1777924424.044741,2026-05-04T21:53:44.044741,34.646,10032275854,2040,6251,35,100,0
1777924424.0571373,2026-05-04T21:53:44.057137,34.646,10032275854,2040,6251,35,100,0
1777924424.071351,2026-05-04T21:53:44.071351,33.437,10032278744,2040,6251,35,5,0
1777924424.0849543,2026-05-04T21:53:44.084954,33.437,10032278744,2040,6251,35,5,0
1777924424.0974681,2026-05-04T21:53:44.097468,33.437,10032278744,2040,6251,35,5,0
1777924424.1103415,2026-05-04T21:53:44.110342,33.437,10032278744,2040,6251,35,5,0
1777924424.1248379,2026-05-04T21:53:44.124838,33.437,10032278744,2040,6251,35,5,0
1777924424.1373804,2026-05-04T21:53:44.137380,33.437,10032278744,2040,6251,35,5,0
1777924424.1500657,2026-05-04T21:53:44.150066,33.437,10032278744,2040,6251,35,5,0
1777924424.1648061,2026-05-04T21:53:44.164806,33.437,10032282394,2040,6251,35,5,0
1777924424.1781442,2026-05-04T21:53:44.178144,33.437,10032282394,2040,6251,35,5,0
1777924424.190964,2026-05-04T21:53:44.190964,33.437,10032282394,2040,6251,35,5,0
1777924424.20481,2026-05-04T21:53:44.204810,33.437,10032282394,2040,6251,35,5,0
1777924424.2172983,2026-05-04T21:53:44.217298,33.437,10032282394,2040,6251,35,5,0
1777924424.2299602,2026-05-04T21:53:44.229960,33.437,10032282394,2040,6251,35,5,0
1777924424.2450736,2026-05-04T21:53:44.245074,33.437,10032282394,2040,6251,35,5,0
1777924424.2575762,2026-05-04T21:53:44.257576,33.437,10032282394,2040,6251,35,5,0
1777924424.270293,2026-05-04T21:53:44.270293,33.796,10032286073,2040,6251,35,100,24
1777924424.2849948,2026-05-04T21:53:44.284995,33.796,10032286073,2040,6251,35,100,24
1777924424.2974951,2026-05-04T21:53:44.297495,33.796,10032286073,2040,6251,35,100,24
1777924424.3103824,2026-05-04T21:53:44.310382,33.796,10032286073,2040,6251,35,100,24
1777924424.3247392,2026-05-04T21:53:44.324739,33.796,10032286073,2040,6251,35,100,24
1777924424.3372123,2026-05-04T21:53:44.337212,33.796,10032286073,2040,6251,35,100,24
1777924424.351152,2026-05-04T21:53:44.351152,33.796,10032286073,2040,6251,35,100,24
1777924424.3647616,2026-05-04T21:53:44.364762,33.796,10032289750,2040,6251,35,100,24
1777924424.378056,2026-05-04T21:53:44.378056,33.796,10032289750,2040,6251,35,100,24
1777924424.390875,2026-05-04T21:53:44.390875,33.796,10032289750,2040,6251,35,100,24
1777924424.4046917,2026-05-04T21:53:44.404692,33.796,10032289750,2040,6251,35,100,24
1777924424.417165,2026-05-04T21:53:44.417165,33.796,10032289750,2040,6251,35,100,24
1777924424.4296982,2026-05-04T21:53:44.429698,33.796,10032289750,2040,6251,35,100,24
1777924424.4444687,2026-05-04T21:53:44.444469,33.796,10032289750,2040,6251,35,100,24
1777924424.4650838,2026-05-04T21:53:44.465084,33.796,10032292999,2040,6251,35,100,23
1777924424.4846604,2026-05-04T21:53:44.484660,32.337,10032292999,2040,6251,35,100,23
1777924424.4978569,2026-05-04T21:53:44.497857,32.337,10032292999,2040,6251,35,100,23
1777924424.5138087,2026-05-04T21:53:44.513809,32.337,10032292999,2040,6251,35,100,23
1777924424.5567508,2026-05-04T21:53:44.556751,32.337,10032292999,2040,6251,35,100,23
1777924424.5727522,2026-05-04T21:53:44.572752,32.136,10032295892,2040,6251,35,100,23
1777924424.5875387,2026-05-04T21:53:44.587539,32.136,10032295892,2040,6251,35,100,23
1777924424.5998368,2026-05-04T21:53:44.599837,32.136,10032295892,2040,6251,35,100,23
1777924424.6165175,2026-05-04T21:53:44.616518,32.136,10032295892,2040,6251,35,100,23
1777924424.6292093,2026-05-04T21:53:44.629209,32.136,10032295892,2040,6251,35,100,23
1777924424.6444478,2026-05-04T21:53:44.644448,32.136,10032298661,2040,6251,35,100,23
1777924424.6795251,2026-05-04T21:53:44.679525,31.809,10032298661,2040,6251,34,8,2
1777924424.692208,2026-05-04T21:53:44.692208,31.809,10032298661,2040,6251,34,8,2
1777924424.7046592,2026-05-04T21:53:44.704659,31.809,10032298661,2040,6251,34,8,2
1777924424.716899,2026-05-04T21:53:44.716899,31.809,10032298661,2040,6251,34,8,2
